Codice Ripartizione geografica;Codice Regione;Codice Provincia (Storico);Codice Provincia/Uts;Codice Comune (alfanumerico);Codice Comune (numerico);Comune;Comune (dizione straniera);Sigla automobilistica;Capoluogo di Provincia/Uts;Capoluogo di Regione;Popolazione legale;Anno Censimento;Superficie (Kmq);Anno (Superficie);Popolazione residente;Anno (Popolazione residente)
1463;2023;2596;2023
7393;2023;3686;2023
3316;2023;472;2023
7397;2023;1617;2023
8741;2023;6315;2023
6311;2023;246;2023
9193;2023;16587;2023
4859;2023;2001;2023
3090;2023;467;2023
8781;2023;806;2023
1666;2023;1073;2023
2173;2023;12191;2023
9528;2023;1242;2023
0859;2023;784;2023
0065;2023;3061;2023
5064;2023;504;2023
4046;2023;3728;2023
7105;2023;101;2023
0289;2023;3110;2023
8027;2023;1562;2023
2030;2023;2978;2023
9864;2023;554;2023
7366;2023;17416;2023
5987;2023;3323;2023
0820;2023;536;2023
2237;2023;2118;2023
1093;2023;11719;2023
9647;2023;586;2023
4190;2023;3468;2023
3713;2023;768;2023
9616;2023;2213;2023
9191;2023;3072;2023
3900;2023;8698;2023
7583;2023;4601;2023
1350;2023;390;2023
9471;2023;444;2023
5702;2023;8429;2023
3591;2023;1499;2023
5597;2023;1485;2023
6868;2023;1315;2023
4760;2023;1116;2023
0591;2023;1595;2023
0661;2023;5667;2023
0973;2023;6208;2023
2313;2023;3319;2023
4924;2023;7334;2023
1313;2023;5884;2023
0864;2023;1305;2023
1318;2023;1188;2023
8499;2023;5618;2023
9504;2023;269;2023
1953;2023;2589;2023
0319;2023;624;2023
4077;2023;2015;2023
5370;2023;884;2023
2591;2023;724;2023
6791;2023;9125;2023
7163;2023;28086;2023
1238;2023;1890;2023
1726;2023;1510;2023
3141;2023;3021;2023
5512;2023;13765;2023
5245;2023;1780;2023
2795;2023;2197;2023
7063;2023;9792;2023
3756;2023;397;2023
1346;2023;6491;2023
3286;2023;2315;2023
9599;2023;5419;2023
1596;2023;1759;2023
0516;2023;1007;2023
8164;2023;153;2023
7006;2023;886;2023
4479;2023;335;2023
6132;2023;1517;2023
0224;2023;1979;2023
1967;2023;35831;2023
1187;2023;227;2023
7550;2023;859;2023
9167;2023;1516;2023
2027;2023;26118;2023
1638;2023;368;2023
9344;2023;245;2023
1965;2023;340;2023
7329;2023;18093;2023
6871;2023;200;2023
8788;2023;1466;2023
5724;2023;3265;2023
1075;2023;48031;2023
3321;2023;331;2023
5895;2023;585;2023
1129;2023;4437;2023
4917;2023;3039;2023
2387;2023;427;2023
8709;2023;912;2023
7335;2023;7829;2023
3083;2023;9488;2023
5394;2023;9012;2023
5473;2023;244;2023
8499;2023;5006;2023
8931;2023;2163;2023
4091;2023;475;2023
0396;2023;2653;2023
3457;2023;729;2023
6429;2023;2230;2023
5002;2023;3162;2023
8186;2023;270;2023
9482;2023;1592;2023
1488;2023;2836;2023
4018;2023;538;2023
5108;2023;9254;2023
4442;2023;1100;2023
3830;2023;594;2023
7379;2023;16301;2023
8199;2023;4091;2023
9872;2023;661;2023
0935;2023;201;2023
3296;2023;990;2023
1375;2023;36696;2023
7505;2023;46;2023
0293;2023;690;2023
7718;2023;364;2023
5042;2023;443;2023
1076;2023;22427;2023
0354;2023;1764;2023
7929;2023;8724;2023
2876;2023;4953;2023
2901;2023;1405;2023
9192;2023;16232;2023
6752;2023;158;2023
9365;2023;1746;2023
3912;2023;455;2023
5175;2023;1309;2023
7157;2023;1714;2023
2095;2023;1078;2023
1914;2023;1141;2023
7414;2023;7111;2023
0398;2023;502;2023
2585;2023;552;2023
1404;2023;1177;2023
3132;2023;423;2023
2599;2023;1286;2023
2587;2023;57;2023
0703;2023;3712;2023
6942;2023;683;2023
3281;2023;4285;2023
5438;2023;810;2023
6384;2023;1299;2023
0872;2023;724;2023
0825;2023;404;2023
3331;2023;611;2023
6554;2023;319;2023
5444;2023;55751;2023
5006;2023;49;2023
6568;2023;706;2023
4681;2023;970;2023
3567;2023;3310;2023
9036;2023;5057;2023
3897;2023;838;2023
4898;2023;835;2023
6222;2023;46006;2023
0484;2023;106;2023
3530;2023;6705;2023
0743;2023;273;2023
6422;2023;7688;2023
5543;2023;518;2023
3030;2023;1445;2023
2081;2023;22975;2023
1541;2023;742;2023
4886;2023;1154;2023
5771;2023;919;2023
7859;2023;3256;2023
4058;2023;1196;2023
0819;2023;833;2023
8885;2023;1970;2023
6886;2023;419;2023
4056;2023;1166;2023
5399;2023;3588;2023
1482;2023;4001;2023
0905;2023;3077;2023
7080;2023;502;2023
3937;2023;557;2023
0041;2023;736;2023
3498;2023;588;2023
4634;2023;15476;2023
7185;2023;2785;2023
3375;2023;35431;2023
8153;2023;8400;2023
6488;2023;3757;2023
1458;2023;17952;2023
9033;2023;3266;2023
0347;2023;1274;2023
6190;2023;10173;2023
5611;2023;968;2023
0611;2023;2989;2023
4477;2023;1130;2023
2018;2023;740;2023
6097;2023;257;2023
8460;2023;1891;2023
4785;2023;222;2023
5051;2023;1259;2023
2419;2023;696;2023
8802;2023;459;2023
0379;2023;333;2023
9560;2023;330;2023
7884;2023;980;2023
6657;2023;1746;2023
6001;2023;52;2023
8333;2023;1145;2023
1076;2023;20195;2023
8330;2023;4754;2023
5839;2023;2494;2023
2460;2023;12374;2023
8733;2023;1547;2023
5000;2023;46799;2023
5773;2023;3083;2023
1910;2023;1716;2023
7040;2023;1984;2023
2106;2023;2665;2023
2688;2023;315;2023
6878;2023;1911;2023
4078;2023;217;2023
3733;2023;756;2023
0649;2023;5100;2023
9371;2023;2428;2023
1003;2023;806;2023
9520;2023;1835;2023
3197;2023;619;2023
1034;2023;455;2023
6752;2023;71;2023
4329;2023;1509;2023
2315;2023;6089;2023
9068;2023;4027;2023
3808;2023;361;2023
3037;2023;503;2023
9795;2023;4832;2023
6512;2023;3674;2023
8619;2023;1735;2023
8867;2023;3260;2023
4051;2023;2481;2023
7367;2023;974;2023
6130;2023;3260;2023
7933;2023;804;2023
3443;2023;10257;2023
5489;2023;18527;2023
4441;2023;1453;2023
1243;2023;236;2023
1226;2023;3149;2023
5783;2023;1881;2023
5720;2023;3652;2023
3684;2023;4538;2023
7947;2023;4101;2023
1984;2023;10478;2023
2773;2023;227;2023
3112;2023;1015;2023
6768;2023;3200;2023
0309;2023;791;2023
3557;2023;1418;2023
9159;2023;901;2023
0579;2023;469;2023
3902;2023;45693;2023
2614;2023;1509;2023
6786;2023;927;2023
2140;2023;249;2023
4686;2023;6047;2023
9880;2023;5898;2023
6750;2023;746;2023
0547;2023;851199;2023
8239;2023;2996;2023
4545;2023;613;2023
0981;2023;4628;2023
4058;2023;3749;2023
3600;2023;306;2023
4544;2023;510;2023
3476;2023;10600;2023
9669;2023;173;2023
5378;2023;192;2023
2293;2023;1372;2023
5262;2023;3970;2023
1197;2023;960;2023
0792;2023;780;2023
9095;2023;2953;2023
8553;2023;96;2023
5578;2023;844;2023
0929;2023;1415;2023
1436;2023;839;2023
4469;2023;32071;2023
4607;2023;4830;2023
9434;2023;1326;2023
0691;2023;749;2023
6453;2023;262;2023
9677;2023;463;2023
1543;2023;5010;2023
7862;2023;4591;2023
0307;2023;1211;2023
4088;2023;3543;2023
7067;2023;2808;2023
4096;2023;995;2023
6867;2023;1927;2023
2930;2023;1057;2023
4231;2023;3855;2023
8766;2023;4362;2023
6327;2023;15323;2023
0573;2023;1155;2023
0748;2023;1179;2023
6818;2023;530;2023
1122;2023;1104;2023
4806;2023;15141;2023
9827;2023;8432;2023
7614;2023;7298;2023
8310;2023;1229;2023
6268;2023;1016;2023
1714;2023;694;2023
7809;2023;312;2023
5650;2023;2519;2023
3102;2023;839;2023
3155;2023;1364;2023
7885;2023;115;2023
8080;2023;214;2023
8059;2023;1859;2023
8706;2023;166;2023
5697;2023;2180;2023
0898;2023;12053;2023
2954;2023;2232;2023
0767;2023;866;2023
1364;2023;226;2023
8002;2023;75;2023
1088;2023;1076;2023
0218;2023;1083;2023
1058;2023;752;2023
2050;2023;219;2023
6044;2023;264;2023
5379;2023;47;2023
3436;2023;4254;2023
3882;2023;223;2023
2231;2023;74;2023
9678;2023;764;2023
8563;2023;248;2023
2234;2023;7516;2023
0163;2023;351;2023
4768;2023;1096;2023
1401;2023;183;2023
2425;2023;1037;2023
7627;2023;492;2023
6666;2023;7526;2023
5030;2023;807;2023
8819;2023;324;2023
0876;2023;324;2023
6440;2023;483;2023
9703;2023;772;2023
5740;2023;535;2023
9917;2023;4215;2023
6670;2023;762;2023
9178;2023;98;2023
1818;2023;1369;2023
7159;2023;714;2023
4959;2023;784;2023
5271;2023;232;2023
9396;2023;1096;2023
2949;2023;325;2023
3518;2023;1284;2023
6903;2023;139;2023
5977;2023;188;2023
1781;2023;533;2023
5389;2023;734;2023
1560;2023;3766;2023
9026;2023;386;2023
2703;2023;68;2023
2705;2023;133;2023
4090;2023;445;2023
9151;2023;2228;2023
4754;2023;560;2023
8379;2023;163;2023
2677;2023;893;2023
1875;2023;208;2023
7766;2023;94;2023
5980;2023;3790;2023
6403;2023;1584;2023
1290;2023;8058;2023
5335;2023;372;2023
2547;2023;364;2023
9050;2023;4718;2023
3141;2023;1179;2023
2491;2023;664;2023
6058;2023;6659;2023
7509;2023;3288;2023
4267;2023;1835;2023
9738;2023;6856;2023
7747;2023;45643;2023
5109;2023;371;2023
5825;2023;1507;2023
2573;2023;158;2023
3257;2023;140;2023
2796;2023;937;2023
5362;2023;1551;2023
9965;2023;851;2023
5153;2023;2077;2023
1698;2023;13730;2023
4928;2023;715;2023
1788;2023;9441;2023
4537;2023;1338;2023
6080;2023;1156;2023
4826;2023;1309;2023
3043;2023;1140;2023
0915;2023;1997;2023
2544;2023;21243;2023
3812;2023;5167;2023
7479;2023;2785;2023
7563;2023;1136;2023
3213;2023;2482;2023
9852;2023;10730;2023
6556;2023;2467;2023
0407;2023;1011;2023
5310;2023;896;2023
4893;2023;1516;2023
4845;2023;862;2023
7917;2023;335;2023
6413;2023;9840;2023
4854;2023;385;2023
8334;2023;1137;2023
3261;2023;1272;2023
6335;2023;6775;2023
1617;2023;541;2023
4493;2023;1250;2023
1035;2023;1563;2023
5067;2023;2574;2023
9346;2023;1445;2023
2522;2023;2507;2023
2145;2023;2016;2023
1702;2023;2609;2023
3663;2023;15681;2023
0494;2023;1410;2023
7697;2023;1764;2023
6439;2023;3412;2023
5821;2023;5529;2023
5209;2023;1314;2023
3336;2023;4319;2023
3717;2023;4277;2023
2833;2023;527;2023
5807;2023;2153;2023
6586;2023;1633;2023
8541;2023;211;2023
7880;2023;1576;2023
8639;2023;1102;2023
5353;2023;2355;2023
7187;2023;1215;2023
5209;2023;810;2023
5907;2023;2397;2023
2650;2023;1841;2023
3421;2023;827;2023
0499;2023;102187;2023
7945;2023;14210;2023
9352;2023;2208;2023
6500;2023;1114;2023
2272;2023;2148;2023
1338;2023;870;2023
0708;2023;1305;2023
7659;2023;794;2023
8648;2023;1353;2023
2967;2023;2120;2023
1259;2023;1830;2023
8525;2023;998;2023
9757;2023;3702;2023
6907;2023;5616;2023
5098;2023;2992;2023
4507;2023;702;2023
8993;2023;1984;2023
5352;2023;545;2023
7544;2023;1369;2023
3718;2023;719;2023
9144;2023;1110;2023
3270;2023;2676;2023
4632;2023;449;2023
2410;2023;852;2023
2225;2023;20839;2023
0122;2023;960;2023
7680;2023;4971;2023
7798;2023;2031;2023
2938;2023;854;2023
4635;2023;522;2023
1871;2023;5250;2023
5278;2023;159;2023
9173;2023;213;2023
5852;2023;31146;2023
5899;2023;215;2023
4616;2023;151;2023
2592;2023;80;2023
9174;2023;195;2023
9491;2023;961;2023
2494;2023;5818;2023
3263;2023;1061;2023
7636;2023;607;2023
9913;2023;7412;2023
7095;2023;618;2023
0007;2023;627;2023
1195;2023;215;2023
6863;2023;3498;2023
0700;2023;96;2023
0030;2023;346;2023
9673;2023;3657;2023
4389;2023;453;2023
1118;2023;53;2023
8633;2023;4244;2023
2409;2023;98;2023
4778;2023;369;2023
3398;2023;12563;2023
5405;2023;170;2023
5453;2023;652;2023
9483;2023;9653;2023
5299;2023;29730;2023
2376;2023;310;2023
1796;2023;41;2023
1240;2023;264;2023
0638;2023;991;2023
7645;2023;10143;2023
6377;2023;555;2023
8653;2023;5492;2023
4476;2023;76;2023
5018;2023;83;2023
6760;2023;6773;2023
3283;2023;3015;2023
3043;2023;1132;2023
8380;2023;4411;2023
4192;2023;164;2023
8063;2023;1438;2023
1148;2023;2240;2023
9514;2023;139;2023
1301;2023;1374;2023
8586;2023;292;2023
8029;2023;893;2023
5394;2023;269;2023
3070;2023;55;2023
2621;2023;104;2023
7202;2023;654;2023
6340;2023;751;2023
5228;2023;441;2023
4378;2023;673;2023
5948;2023;5343;2023
1053;2023;89;2023
4850;2023;6937;2023
0487;2023;1997;2023
1423;2023;387;2023
2230;2023;5165;2023
5960;2023;2262;2023
1656;2023;5884;2023
5352;2023;9552;2023
0188;2023;3667;2023
1219;2023;190;2023
9034;2023;78;2023
1509;2023;793;2023
0872;2023;2139;2023
9875;2023;2149;2023
5401;2023;868;2023
3423;2023;3317;2023
1183;2023;351;2023
0529;2023;148;2023
6690;2023;55914;2023
3063;2023;1858;2023
5432;2023;3562;2023
6828;2023;4587;2023
9575;2023;7022;2023
2196;2023;78;2023
7314;2023;760;2023
9305;2023;1942;2023
4417;2023;1699;2023
0298;2023;490;2023
6666;2023;298;2023
1431;2023;24190;2023
1437;2023;746;2023
6433;2023;1610;2023
0106;2023;257;2023
9691;2023;582;2023
7412;2023;350;2023
2811;2023;2834;2023
7225;2023;2564;2023
9699;2023;249;2023
6769;2023;128;2023
9106;2023;2235;2023
8082;2023;1956;2023
4460;2023;3546;2023
4042;2023;66;2023
0784;2023;70;2023
7123;2023;1406;2023
1658;2023;2639;2023
8291;2023;435;2023
2005;2023;708;2023
2197;2023;844;2023
7390;2023;194;2023
8103;2023;1342;2023
2287;2023;191;2023
6562;2023;45;2023
5002;2023;2153;2023
2204;2023;2161;2023
0309;2023;1256;2023
7345;2023;3777;2023
9870;2023;3348;2023
3762;2023;1412;2023
1258;2023;58;2023
0258;2023;219;2023
2806;2023;781;2023
9057;2023;299;2023
0682;2023;219;2023
5111;2023;268;2023
3495;2023;587;2023
4382;2023;1269;2023
6797;2023;81;2023
9114;2023;1323;2023
9903;2023;574;2023
0516;2023;22011;2023
9330;2023;575;2023
2744;2023;1919;2023
8196;2023;4681;2023
5797;2023;535;2023
8402;2023;873;2023
6271;2023;713;2023
4303;2023;474;2023
1041;2023;233;2023
2210;2023;532;2023
6997;2023;1604;2023
9363;2023;222;2023
2359;2023;2349;2023
9929;2023;4083;2023
1919;2023;2008;2023
6758;2023;849;2023
3282;2023;928;2023
1824;2023;3486;2023
3027;2023;3236;2023
9261;2023;358;2023
5183;2023;325;2023
7070;2023;934;2023
6853;2023;942;2023
8083;2023;378;2023
3588;2023;86;2023
4931;2023;1471;2023
0874;2023;89;2023
2695;2023;2613;2023
6798;2023;581;2023
5116;2023;252;2023
4249;2023;178;2023
8934;2023;253;2023
2156;2023;106;2023
9187;2023;5498;2023
5694;2023;298;2023
3102;2023;2094;2023
6214;2023;2762;2023
1857;2023;68;2023
0348;2023;1442;2023
3043;2023;980;2023
4774;2023;3314;2023
3146;2023;1121;2023
9229;2023;178;2023
2934;2023;238;2023
3851;2023;179;2023
8132;2023;501;2023
0304;2023;2075;2023
3754;2023;627;2023
3615;2023;395;2023
0558;2023;9647;2023
4701;2023;4180;2023
8436;2023;1035;2023
3520;2023;104;2023
8367;2023;95;2023
4212;2023;91;2023
0038;2023;2121;2023
8104;2023;482;2023
2988;2023;1531;2023
0151;2023;121;2023
4023;2023;1575;2023
6107;2023;2111;2023
2406;2023;742;2023
1492;2023;2597;2023
5077;2023;157;2023
3529;2023;1579;2023
5849;2023;411;2023
9004;2023;970;2023
9166;2023;825;2023
5091;2023;361;2023
7295;2023;465;2023
0460;2023;152;2023
3255;2023;1160;2023
6961;2023;718;2023
9307;2023;17525;2023
1391;2023;83;2023
9068;2023;1004;2023
8454;2023;148;2023
2617;2023;414;2023
5040;2023;3055;2023
7089;2023;2257;2023
1120;2023;1855;2023
4543;2023;2391;2023
0759;2023;2903;2023
1837;2023;3756;2023
1141;2023;1330;2023
7878;2023;21774;2023
3878;2023;172;2023
4980;2023;2100;2023
3908;2023;495;2023
8995;2023;321;2023
6011;2023;485;2023
6849;2023;308;2023
4153;2023;6274;2023
0936;2023;2671;2023
0957;2023;110;2023
2017;2023;2186;2023
1828;2023;182;2023
5376;2023;542;2023
3900;2023;720;2023
8226;2023;47;2023
5956;2023;758;2023
5253;2023;283;2023
3367;2023;2252;2023
3126;2023;923;2023
1017;2023;795;2023
9560;2023;101;2023
3938;2023;1331;2023
1571;2023;567;2023
0563;2023;1080;2023
1320;2023;6439;2023
0688;2023;2352;2023
7363;2023;3148;2023
9416;2023;2685;2023
7322;2023;2869;2023
2878;2023;5969;2023
7885;2023;737;2023
4958;2023;1578;2023
1693;2023;576;2023
0671;2023;378;2023
0901;2023;494;2023
4485;2023;1542;2023
5399;2023;502;2023
8608;2023;955;2023
4123;2023;570;2023
3147;2023;73401;2023
4341;2023;387;2023
0628;2023;1122;2023
2796;2023;306;2023
3426;2023;407;2023
9007;2023;304;2023
7622;2023;805;2023
1603;2023;2523;2023
7887;2023;1677;2023
2930;2023;1212;2023
7151;2023;1117;2023
8876;2023;396;2023
4325;2023;10031;2023
7297;2023;956;2023
0565;2023;305;2023
6482;2023;587;2023
8390;2023;552;2023
5649;2023;3664;2023
3373;2023;1101;2023
8616;2023;579;2023
0884;2023;2603;2023
2882;2023;289;2023
0656;2023;140;2023
1639;2023;1868;2023
5499;2023;824;2023
2040;2023;690;2023
6065;2023;3092;2023
6277;2023;353;2023
8477;2023;716;2023
5928;2023;427;2023
9385;2023;211;2023
6674;2023;586;2023
7778;2023;341;2023
4171;2023;254;2023
5045;2023;405;2023
7326;2023;1195;2023
0491;2023;300;2023
5225;2023;1436;2023
0824;2023;201;2023
0231;2023;320;2023
4766;2023;256;2023
3220;2023;589;2023
4253;2023;527;2023
3987;2023;506;2023
9431;2023;5646;2023
7531;2023;432;2023
9251;2023;1079;2023
9271;2023;1481;2023
1176;2023;474;2023
2168;2023;725;2023
8883;2023;510;2023
4722;2023;556;2023
7037;2023;2021;2023
5026;2023;1970;2023
8216;2023;296;2023
3423;2023;219;2023
9286;2023;390;2023
1551;2023;511;2023
9591;2023;192;2023
4302;2023;945;2023
2321;2023;2058;2023
1104;2023;985;2023
2062;2023;840;2023
4206;2023;2771;2023
3288;2023;861;2023
8551;2023;842;2023
5377;2023;314;2023
4970;2023;943;2023
6348;2023;706;2023
1408;2023;1258;2023
4191;2023;2332;2023
0975;2023;1036;2023
3635;2023;10063;2023
6168;2023;67;2023
0261;2023;447;2023
5629;2023;440;2023
0013;2023;508;2023
0821;2023;216;2023
0243;2023;577;2023
9995;2023;1902;2023
8707;2023;155;2023
2054;2023;1543;2023
8350;2023;725;2023
4135;2023;358;2023
1823;2023;438;2023
5632;2023;923;2023
9829;2023;367;2023
8379;2023;335;2023
9110;2023;1316;2023
8661;2023;8054;2023
1477;2023;93;2023
2095;2023;678;2023
6838;2023;994;2023
8690;2023;1162;2023
3426;2023;520;2023
3286;2023;97;2023
4474;2023;240;2023
6806;2023;544;2023
2847;2023;129;2023
1208;2023;1710;2023
7831;2023;735;2023
7598;2023;258;2023
0381;2023;2430;2023
1652;2023;587;2023
9865;2023;232;2023
6222;2023;839;2023
6529;2023;793;2023
8715;2023;2934;2023
9470;2023;5496;2023
1268;2023;387;2023
2863;2023;539;2023
8627;2023;1486;2023
0003;2023;399;2023
2966;2023;18972;2023
2298;2023;302;2023
7210;2023;91854;2023
1593;2023;686;2023
2127;2023;670;2023
3278;2023;394;2023
1270;2023;359;2023
2435;2023;6297;2023
2375;2023;253;2023
6194;2023;1227;2023
0526;2023;2024;2023
7123;2023;1566;2023
3258;2023;500;2023
4394;2023;676;2023
8874;2023;159;2023
5930;2023;1708;2023
3975;2023;1916;2023
6034;2023;548;2023
7357;2023;1351;2023
5880;2023;2204;2023
6141;2023;1038;2023
0237;2023;324;2023
5285;2023;408;2023
6333;2023;456;2023
2494;2023;465;2023
4375;2023;737;2023
0617;2023;447;2023
4663;2023;1761;2023
0525;2023;1120;2023
7893;2023;320;2023
4834;2023;432;2023
3393;2023;875;2023
2555;2023;82;2023
9234;2023;492;2023
3413;2023;710;2023
9646;2023;1169;2023
0105;2023;351;2023
2099;2023;32220;2023
9868;2023;972;2023
0373;2023;121;2023
0924;2023;2788;2023
7720;2023;853;2023
2090;2023;85;2023
4829;2023;407;2023
1281;2023;4441;2023
6600;2023;128;2023
9770;2023;1814;2023
5910;2023;452;2023
5776;2023;1423;2023
1106;2023;617;2023
4215;2023;4849;2023
4872;2023;385;2023
4466;2023;258;2023
5526;2023;456;2023
4427;2023;372;2023
7470;2023;295;2023
3008;2023;1290;2023
2961;2023;435;2023
6115;2023;931;2023
8996;2023;313;2023
3874;2023;1021;2023
4620;2023;165;2023
2764;2023;177;2023
8486;2023;566;2023
0136;2023;2089;2023
6162;2023;305;2023
7515;2023;512;2023
2861;2023;426;2023
4310;2023;461;2023
4598;2023;1362;2023
9336;2023;635;2023
0431;2023;1874;2023
5337;2023;1600;2023
7683;2023;1021;2023
1544;2023;794;2023
7166;2023;617;2023
0432;2023;4389;2023
4494;2023;707;2023
3843;2023;277;2023
0802;2023;231;2023
9430;2023;468;2023
8022;2023;282;2023
5481;2023;653;2023
5357;2023;799;2023
0350;2023;78;2023
2320;2023;1273;2023
7374;2023;1191;2023
1997;2023;179;2023
2358;2023;1213;2023
5044;2023;2004;2023
7529;2023;581;2023
6940;2023;918;2023
5400;2023;200;2023
5183;2023;191;2023
0329;2023;152;2023
6176;2023;558;2023
7473;2023;234;2023
3757;2023;208;2023
7240;2023;586;2023
4868;2023;277;2023
5981;2023;507;2023
4513;2023;271;2023
8515;2023;307;2023
7090;2023;1272;2023
9524;2023;396;2023
2196;2023;678;2023
2943;2023;605;2023
3099;2023;1271;2023
1949;2023;27313;2023
4629;2023;1213;2023
5460;2023;406;2023
5707;2023;227;2023
6908;2023;109;2023
0996;2023;388;2023
5434;2023;563;2023
3721;2023;10816;2023
3668;2023;1213;2023
1836;2023;1352;2023
4198;2023;186;2023
7377;2023;510;2023
5365;2023;589;2023
2811;2023;1264;2023
3546;2023;1164;2023
9973;2023;878;2023
4426;2023;304;2023
7043;2023;3479;2023
9178;2023;1324;2023
9675;2023;495;2023
6498;2023;324;2023
0285;2023;982;2023
0867;2023;295;2023
1764;2023;4519;2023
9723;2023;495;2023
0071;2023;1907;2023
1646;2023;1334;2023
7334;2023;1462;2023
5150;2023;607;2023
0518;2023;1366;2023
0734;2023;395;2023
5892;2023;117;2023
4613;2023;1401;2023
1543;2023;220;2023
2796;2023;1425;2023
5754;2023;331;2023
9150;2023;3842;2023
5707;2023;519;2023
1153;2023;1221;2023
6916;2023;4017;2023
8925;2023;550;2023
7063;2023;364;2023
7430;2023;374;2023
8531;2023;1098;2023
8425;2023;496;2023
9473;2023;5890;2023
3196;2023;1174;2023
1680;2023;1890;2023
5538;2023;1598;2023
9533;2023;195;2023
8539;2023;903;2023
9541;2023;371;2023
9146;2023;2282;2023
2889;2023;1956;2023
2113;2023;1478;2023
0350;2023;581;2023
2660;2023;881;2023
7959;2023;821;2023
1813;2023;1314;2023
8665;2023;26436;2023
6032;2023;267;2023
2193;2023;647;2023
4945;2023;18084;2023
2936;2023;976;2023
7257;2023;952;2023
6455;2023;2038;2023
3072;2023;3068;2023
4926;2023;484;2023
4416;2023;858;2023
8686;2023;292;2023
5563;2023;1714;2023
0672;2023;655;2023
5616;2023;1180;2023
4833;2023;1137;2023
2458;2023;127;2023
1828;2023;652;2023
1590;2023;1793;2023
7844;2023;1602;2023
0951;2023;1296;2023
9640;2023;209;2023
8126;2023;565;2023
3922;2023;33098;2023
8405;2023;1232;2023
3596;2023;806;2023
6166;2023;303;2023
4208;2023;1369;2023
2435;2023;2096;2023
0315;2023;102;2023
0904;2023;222;2023
5436;2023;953;2023
2569;2023;814;2023
9864;2023;740;2023
1589;2023;546;2023
5416;2023;869;2023
5283;2023;108;2023
7924;2023;726;2023
4323;2023;369;2023
8619;2023;2423;2023
6811;2023;4346;2023
0366;2023;1310;2023
6058;2023;2602;2023
9756;2023;2391;2023
2542;2023;505;2023
2330;2023;225;2023
5692;2023;481;2023
1198;2023;1769;2023
7086;2023;432;2023
8795;2023;418;2023
9833;2023;1687;2023
2939;2023;3375;2023
5155;2023;320;2023
6469;2023;760;2023
6384;2023;1159;2023
0381;2023;653;2023
6742;2023;381;2023
5840;2023;1290;2023
0120;2023;714;2023
9366;2023;99;2023
9427;2023;2032;2023
6666;2023;776;2023
5455;2023;412;2023
7597;2023;1748;2023
6277;2023;2057;2023
3588;2023;2950;2023
4824;2023;165;2023
5598;2023;202;2023
2661;2023;451;2023
3265;2023;1501;2023
5584;2023;170;2023
7533;2023;778;2023
9217;2023;3541;2023
4019;2023;955;2023
0249;2023;4127;2023
8333;2023;76;2023
3385;2023;163;2023
6410;2023;1014;2023
7362;2023;3468;2023
3871;2023;368;2023
3775;2023;1331;2023
4576;2023;334;2023
4206;2023;194;2023
1772;2023;3292;2023
8770;2023;331;2023
5722;2023;4456;2023
2904;2023;4787;2023
4583;2023;557;2023
4757;2023;186;2023
4468;2023;588;2023
2072;2023;154;2023
1501;2023;2179;2023
3547;2023;1283;2023
3870;2023;2508;2023
7979;2023;1276;2023
6268;2023;359;2023
9364;2023;611;2023
0601;2023;138;2023
0925;2023;120;2023
1429;2023;328;2023
1378;2023;1075;2023
3196;2023;378;2023
6993;2023;10213;2023
9386;2023;403;2023
4357;2023;814;2023
9485;2023;5611;2023
4708;2023;244;2023
8606;2023;1268;2023
9282;2023;248;2023
7925;2023;1078;2023
5948;2023;1076;2023
8570;2023;257;2023
5069;2023;599;2023
0917;2023;510;2023
3931;2023;1203;2023
8800;2023;630;2023
5547;2023;173;2023
5196;2023;783;2023
3343;2023;693;2023
1124;2023;2236;2023
6615;2023;5552;2023
9131;2023;1094;2023
2846;2023;2155;2023
7953;2023;1267;2023
4686;2023;42490;2023
3465;2023;675;2023
8969;2023;308;2023
6911;2023;161;2023
0473;2023;647;2023
0261;2023;111;2023
8375;2023;190;2023
4996;2023;3167;2023
2994;2023;805;2023
2246;2023;414;2023
5053;2023;1309;2023
2305;2023;739;2023
3803;2023;849;2023
3126;2023;2343;2023
2113;2023;569;2023
8027;2023;482;2023
8563;2023;562;2023
3675;2023;310;2023
0729;2023;2780;2023
2848;2023;284;2023
8800;2023;2958;2023
3071;2023;1237;2023
3475;2023;1209;2023
0067;2023;52992;2023
7084;2023;2006;2023
8705;2023;278;2023
4660;2023;975;2023
3633;2023;13729;2023
9254;2023;220;2023
6059;2023;400;2023
8807;2023;1210;2023
7219;2023;6776;2023
1512;2023;345;2023
8308;2023;22934;2023
4645;2023;255;2023
5156;2023;447;2023
9658;2023;518;2023
2553;2023;10051;2023
5893;2023;23575;2023
2457;2023;5153;2023
6771;2023;9597;2023
2964;2023;1920;2023
8219;2023;7262;2023
0930;2023;554;2023
2733;2023;526;2023
7933;2023;752;2023
6898;2023;1046;2023
3521;2023;2529;2023
4033;2023;4603;2023
7664;2023;2098;2023
4709;2023;327;2023
4025;2023;12767;2023
6033;2023;1697;2023
7437;2023;1434;2023
4004;2023;5291;2023
2297;2023;740;2023
7043;2023;324;2023
1434;2023;127;2023
5613;2023;4817;2023
9616;2023;3325;2023
1526;2023;5345;2023
2726;2023;2132;2023
4066;2023;1037;2023
8144;2023;1794;2023
7297;2023;219;2023
5308;2023;11046;2023
0552;2023;1371;2023
2237;2023;1013;2023
7021;2023;396;2023
7741;2023;1698;2023
5303;2023;10749;2023
5718;2023;968;2023
7301;2023;1065;2023
8506;2023;104;2023
9576;2023;3257;2023
2984;2023;509;2023
2211;2023;729;2023
1768;2023;163;2023
6682;2023;2450;2023
2263;2023;218;2023
3130;2023;917;2023
6586;2023;1698;2023
1736;2023;434;2023
3321;2023;852;2023
4449;2023;732;2023
8442;2023;8284;2023
6454;2023;624;2023
9456;2023;797;2023
9355;2023;6858;2023
5972;2023;533;2023
7066;2023;749;2023
6552;2023;1687;2023
3740;2023;58674;2023
0195;2023;3397;2023
6807;2023;2967;2023
7756;2023;848;2023
2868;2023;184;2023
9652;2023;2715;2023
4467;2023;2526;2023
1688;2023;648;2023
8939;2023;7997;2023
0095;2023;12523;2023
9150;2023;340;2023
7619;2023;788;2023
8677;2023;2787;2023
8070;2023;284;2023
3050;2023;11150;2023
9316;2023;2558;2023
2765;2023;2522;2023
4232;2023;4342;2023
5133;2023;1811;2023
1058;2023;5082;2023
0076;2023;4930;2023
7401;2023;2822;2023
9074;2023;6463;2023
4612;2023;3736;2023
8218;2023;6732;2023
0657;2023;3065;2023
7496;2023;1565;2023
6931;2023;3588;2023
2802;2023;27398;2023
2878;2023;2251;2023
7230;2023;8408;2023
0873;2023;5701;2023
0024;2023;255;2023
7248;2023;534;2023
5251;2023;1824;2023
2541;2023;67;2023
6164;2023;427;2023
1628;2023;223;2023
6542;2023;562422;2023
8758;2023;92;2023
9667;2023;1390;2023
8679;2023;12342;2023
7098;2023;2439;2023
7183;2023;394;2023
5078;2023;1418;2023
4412;2023;3310;2023
9336;2023;2522;2023
6496;2023;1533;2023
2723;2023;3538;2023
3085;2023;2404;2023
6111;2023;2514;2023
6787;2023;201;2023
7246;2023;2003;2023
5213;2023;2123;2023
2561;2023;885;2023
9885;2023;489;2023
5565;2023;2401;2023
5310;2023;358;2023
9310;2023;113;2023
6304;2023;29455;2023
7864;2023;9345;2023
7191;2023;860;2023
1114;2023;4177;2023
8079;2023;59;2023
5928;2023;2509;2023
0858;2023;466;2023
5747;2023;2666;2023
0549;2023;8437;2023
9016;2023;5568;2023
7734;2023;983;2023
7000;2023;2997;2023
2065;2023;7581;2023
6243;2023;17269;2023
0661;2023;3983;2023
5370;2023;451;2023
0146;2023;2241;2023
0783;2023;584;2023
6332;2023;2140;2023
6707;2023;751;2023
4256;2023;377;2023
7878;2023;2384;2023
1935;2023;4283;2023
5379;2023;10181;2023
9449;2023;2241;2023
5663;2023;7457;2023
1896;2023;782;2023
3369;2023;881;2023
9013;2023;1282;2023
7544;2023;1053;2023
7917;2023;483;2023
8631;2023;465;2023
0171;2023;8253;2023
0857;2023;1288;2023
2704;2023;6099;2023
2600;2023;563;2023
5856;2023;92696;2023
0126;2023;9346;2023
8144;2023;5100;2023
4275;2023;589;2023
9434;2023;1318;2023
8558;2023;8117;2023
7462;2023;527;2023
6576;2023;3257;2023
7634;2023;3596;2023
2920;2023;1313;2023
6636;2023;646;2023
8525;2023;10116;2023
5435;2023;21786;2023
7758;2023;1263;2023
5883;2023;1761;2023
3024;2023;708;2023
3679;2023;7172;2023
7008;2023;469;2023
8282;2023;385;2023
8863;2023;5132;2023
7259;2023;5361;2023
1265;2023;9853;2023
5059;2023;4723;2023
5062;2023;4616;2023
1722;2023;771;2023
9405;2023;1667;2023
5636;2023;655;2023
4320;2023;2511;2023
4769;2023;5467;2023
9453;2023;8758;2023
5211;2023;3175;2023
0299;2023;4281;2023
0385;2023;2260;2023
8685;2023;3117;2023
1820;2023;1730;2023
9484;2023;1209;2023
3964;2023;772;2023
0848;2023;1308;2023
6200;2023;922;2023
9058;2023;1180;2023
5046;2023;3118;2023
6597;2023;83372;2023
2718;2023;2177;2023
2636;2023;7806;2023
1334;2023;4783;2023
1274;2023;2547;2023
4198;2023;14739;2023
2222;2023;6612;2023
5453;2023;18247;2023
7494;2023;4835;2023
5879;2023;2758;2023
3257;2023;1365;2023
0454;2023;3582;2023
9090;2023;5627;2023
3236;2023;21298;2023
9999;2023;657;2023
9206;2023;13899;2023
9824;2023;573;2023
7509;2023;1331;2023
8104;2023;1836;2023
9003;2023;7463;2023
7590;2023;5010;2023
3195;2023;5696;2023
0039;2023;787;2023
1335;2023;10429;2023
1074;2023;3833;2023
9838;2023;1985;2023
8056;2023;4622;2023
6874;2023;1177;2023
5386;2023;2804;2023
5510;2023;792;2023
4407;2023;637;2023
1837;2023;3544;2023
5438;2023;3100;2023
0591;2023;2885;2023
8542;2023;154;2023
4882;2023;3340;2023
9589;2023;1664;2023
0249;2023;3070;2023
4152;2023;1433;2023
4939;2023;154;2023
6812;2023;12471;2023
6342;2023;6654;2023
5059;2023;681;2023
9848;2023;52963;2023
2748;2023;1022;2023
0021;2023;9140;2023
8412;2023;4615;2023
6742;2023;2838;2023
7868;2023;10872;2023
6820;2023;3721;2023
4363;2023;2620;2023
1580;2023;4820;2023
4805;2023;8132;2023
6957;2023;2179;2023
0205;2023;1226;2023
4339;2023;1064;2023
3656;2023;10360;2023
9091;2023;5269;2023
8742;2023;5164;2023
4421;2023;5686;2023
5300;2023;8372;2023
1891;2023;3562;2023
8299;2023;5081;2023
2578;2023;11330;2023
7099;2023;1186;2023
9338;2023;14176;2023
0713;2023;1338;2023
0011;2023;16537;2023
4904;2023;3568;2023
8464;2023;8114;2023
8580;2023;305;2023
8082;2023;291;2023
4817;2023;1806;2023
9560;2023;1733;2023
0593;2023;1514;2023
5407;2023;1932;2023
6024;2023;4299;2023
2357;2023;4881;2023
7614;2023;4338;2023
2066;2023;12751;2023
9148;2023;7997;2023
7246;2023;831;2023
3374;2023;2860;2023
3581;2023;2274;2023
4844;2023;918;2023
7630;2023;1234;2023
4390;2023;2994;2023
0203;2023;16104;2023
0575;2023;38556;2023
0378;2023;10957;2023
0257;2023;4010;2023
9314;2023;5407;2023
5050;2023;17794;2023
7456;2023;6012;2023
6311;2023;3603;2023
6947;2023;2484;2023
4984;2023;18955;2023
5967;2023;3891;2023
0613;2023;233;2023
7362;2023;10869;2023
4185;2023;1580;2023
3172;2023;2490;2023
8393;2023;78818;2023
0849;2023;7421;2023
8788;2023;5958;2023
7338;2023;7337;2023
7832;2023;8587;2023
2626;2023;5173;2023
6057;2023;590;2023
2207;2023;1435;2023
9564;2023;2353;2023
2455;2023;2666;2023
5807;2023;3661;2023
3792;2023;6396;2023
9506;2023;4250;2023
8386;2023;2758;2023
9921;2023;1369;2023
5833;2023;4823;2023
2450;2023;1697;2023
7689;2023;7715;2023
1121;2023;671;2023
6314;2023;5136;2023
5106;2023;3504;2023
7157;2023;588;2023
5854;2023;341;2023
8086;2023;2824;2023
1195;2023;4842;2023
6704;2023;1767;2023
5601;2023;303;2023
4718;2023;1048;2023
1608;2023;6453;2023
8501;2023;2203;2023
9720;2023;317;2023
0345;2023;1596;2023
7733;2023;4000;2023
1783;2023;7319;2023
1486;2023;7952;2023
5169;2023;488;2023
6757;2023;1757;2023
2534;2023;40002;2023
1053;2023;5129;2023
7174;2023;5440;2023
9442;2023;1117;2023
9866;2023;2950;2023
1718;2023;4407;2023
7329;2023;3215;2023
2069;2023;6607;2023
8896;2023;1667;2023
2299;2023;5042;2023
5074;2023;3296;2023
9722;2023;1259;2023
6220;2023;915;2023
9748;2023;170;2023
5479;2023;592;2023
1833;2023;9388;2023
2813;2023;6317;2023
6263;2023;2161;2023
9034;2023;541;2023
6119;2023;434;2023
1193;2023;83586;2023
1917;2023;847;2023
1382;2023;697;2023
9305;2023;3415;2023
6466;2023;235;2023
6082;2023;646;2023
2764;2023;1409;2023
0436;2023;3168;2023
4878;2023;237;2023
8017;2023;16236;2023
9373;2023;2541;2023
5230;2023;1093;2023
1414;2023;4860;2023
3603;2023;3256;2023
9561;2023;4931;2023
2966;2023;10011;2023
7378;2023;659;2023
1790;2023;1059;2023
8171;2023;2843;2023
8991;2023;1287;2023
5458;2023;578;2023
9053;2023;5747;2023
9235;2023;9247;2023
1961;2023;858;2023
6825;2023;550;2023
8412;2023;2532;2023
5255;2023;457;2023
7039;2023;1923;2023
5636;2023;3879;2023
3036;2023;5908;2023
1337;2023;164;2023
0129;2023;4325;2023
4770;2023;9969;2023
6045;2023;1952;2023
1614;2023;2769;2023
6778;2023;5496;2023
8489;2023;2578;2023
9357;2023;9695;2023
0815;2023;687;2023
8027;2023;25387;2023
2884;2023;3132;2023
7701;2023;3027;2023
2814;2023;4057;2023
8973;2023;1523;2023
7270;2023;2345;2023
2232;2023;5410;2023
0152;2023;200;2023
5169;2023;2534;2023
7031;2023;8734;2023
7055;2023;942;2023
0301;2023;1138;2023
9210;2023;2892;2023
9517;2023;11985;2023
6968;2023;2355;2023
4607;2023;2637;2023
5747;2023;199;2023
7955;2023;1083;2023
5334;2023;240;2023
9040;2023;822;2023
0749;2023;660;2023
8112;2023;238;2023
3802;2023;4248;2023
6399;2023;4888;2023
2991;2023;961;2023
2026;2023;1310;2023
0752;2023;306;2023
5209;2023;1291;2023
0864;2023;1653;2023
5679;2023;7996;2023
5316;2023;6297;2023
7337;2023;465;2023
5076;2023;956;2023
7797;2023;7718;2023
9930;2023;262;2023
1171;2023;881;2023
7869;2023;3165;2023
4371;2023;1225;2023
7425;2023;648;2023
2943;2023;600;2023
8880;2023;5629;2023
5288;2023;1063;2023
9091;2023;239;2023
2823;2023;9809;2023
7844;2023;5190;2023
6474;2023;2629;2023
1320;2023;2611;2023
6115;2023;166;2023
7405;2023;1426;2023
8606;2023;202;2023
1517;2023;3140;2023
0078;2023;728;2023
7470;2023;4158;2023
8577;2023;7839;2023
5952;2023;185;2023
7866;2023;1681;2023
8689;2023;4074;2023
0589;2023;3591;2023
5814;2023;5529;2023
4154;2023;4981;2023
9508;2023;3149;2023
6566;2023;3747;2023
6232;2023;4677;2023
9606;2023;297;2023
3463;2023;2998;2023
7750;2023;590;2023
3652;2023;1468;2023
1438;2023;3217;2023
2216;2023;114;2023
5949;2023;4047;2023
1064;2023;1262;2023
4363;2023;3939;2023
7158;2023;2017;2023
9724;2023;1049;2023
4884;2023;947;2023
2724;2023;1343;2023
0700;2023;606;2023
0381;2023;1575;2023
4206;2023;421;2023
6946;2023;798;2023
7744;2023;7249;2023
5976;2023;2281;2023
7567;2023;2434;2023
0707;2023;350;2023
1360;2023;1108;2023
7887;2023;1296;2023
9900;2023;5541;2023
7335;2023;514;2023
4380;2023;3315;2023
2392;2023;3793;2023
7990;2023;504;2023
8986;2023;764;2023
6407;2023;551;2023
4264;2023;165;2023
7929;2023;1974;2023
9155;2023;4294;2023
1235;2023;1630;2023
6543;2023;516;2023
1649;2023;1256;2023
2928;2023;6807;2023
4605;2023;617;2023
7844;2023;753;2023
3245;2023;1024;2023
4294;2023;933;2023
1453;2023;1849;2023
9710;2023;2948;2023
8161;2023;12279;2023
7438;2023;1898;2023
2997;2023;35;2023
8048;2023;1442;2023
7998;2023;2054;2023
2533;2023;1901;2023
8988;2023;1820;2023
7264;2023;2193;2023
5842;2023;666;2023
9381;2023;2923;2023
0003;2023;287;2023
8249;2023;572;2023
7953;2023;2887;2023
8502;2023;368;2023
5234;2023;484;2023
4525;2023;3863;2023
8693;2023;21297;2023
6849;2023;83;2023
0508;2023;4599;2023
2651;2023;207;2023
3175;2023;4541;2023
3744;2023;8821;2023
2796;2023;729;2023
1463;2023;609;2023
3666;2023;2867;2023
0135;2023;2037;2023
7228;2023;4177;2023
5707;2023;3565;2023
9883;2023;2459;2023
7085;2023;827;2023
3775;2023;1079;2023
4054;2023;201;2023
5223;2023;955;2023
7393;2023;2994;2023
7777;2023;32602;2023
9818;2023;4715;2023
4210;2023;6808;2023
5849;2023;19515;2023
3585;2023;12431;2023
0521;2023;9224;2023
3841;2023;17161;2023
5915;2023;3678;2023
4923;2023;7931;2023
5901;2023;3831;2023
1619;2023;2939;2023
7424;2023;2059;2023
8715;2023;7087;2023
6535;2023;4079;2023
0991;2023;36323;2023
3825;2023;26282;2023
9348;2023;2454;2023
0057;2023;26618;2023
8321;2023;4680;2023
5751;2023;8329;2023
9872;2023;14037;2023
8772;2023;1207;2023
2274;2023;7210;2023
2538;2023;12574;2023
2435;2023;4138;2023
3712;2023;15740;2023
3248;2023;3952;2023
5951;2023;5642;2023
5697;2023;19459;2023
1469;2023;13909;2023
3175;2023;1914;2023
1728;2023;10811;2023
3101;2023;34863;2023
9632;2023;5184;2023
1211;2023;15021;2023
9495;2023;23350;2023
7681;2023;14300;2023
7240;2023;74741;2023
6765;2023;5112;2023
4029;2023;47006;2023
1644;2023;2039;2023
6867;2023;18911;2023
4733;2023;20556;2023
0674;2023;20693;2023
3660;2023;34542;2023
9253;2023;8079;2023
4585;2023;4689;2023
0817;2023;18919;2023
6355;2023;6380;2023
4790;2023;3097;2023
2650;2023;9347;2023
9162;2023;26913;2023
7542;2023;8788;2023
5799;2023;21214;2023
4633;2023;3171;2023
1012;2023;1634;2023
1348;2023;8446;2023
1607;2023;11314;2023
0401;2023;9133;2023
8710;2023;26327;2023
6972;2023;60397;2023
4067;2023;4064;2023
6104;2023;10332;2023
9919;2023;24597;2023
2300;2023;9518;2023
2082;2023;6303;2023
3866;2023;3823;2023
9542;2023;12220;2023
9986;2023;17940;2023
8205;2023;18386;2023
6399;2023;4232;2023
8450;2023;1371499;2023
0234;2023;1010;2023
5128;2023;8190;2023
2430;2023;16891;2023
8762;2023;643;2023
4619;2023;20096;2023
7629;2023;4541;2023
6168;2023;14340;2023
9834;2023;4318;2023
9510;2023;1418;2023
1139;2023;47435;2023
6924;2023;5792;2023
3077;2023;28142;2023
8211;2023;11116;2023
0025;2023;11734;2023
2213;2023;24393;2023
6627;2023;8972;2023
9138;2023;15713;2023
0918;2023;36677;2023
7850;2023;8357;2023
2940;2023;6688;2023
1394;2023;8623;2023
0744;2023;7300;2023
0299;2023;14230;2023
2410;2023;50848;2023
9280;2023;4781;2023
7849;2023;6810;2023
0731;2023;4646;2023
7627;2023;5704;2023
2435;2023;41336;2023
5504;2023;7344;2023
8132;2023;32221;2023
1680;2023;6732;2023
9043;2023;39690;2023
9663;2023;5011;2023
4807;2023;8321;2023
2358;2023;4444;2023
7527;2023;12820;2023
3217;2023;37051;2023
5991;2023;21471;2023
6989;2023;78495;2023
4237;2023;7403;2023
7192;2023;19901;2023
6760;2023;14071;2023
4271;2023;5383;2023
7661;2023;21585;2023
0531;2023;12107;2023
9957;2023;3778;2023
9836;2023;5830;2023
5192;2023;7138;2023
0535;2023;9364;2023
0632;2023;9581;2023
5438;2023;3413;2023
5527;2023;9240;2023
7420;2023;16793;2023
1334;2023;9244;2023
6502;2023;3860;2023
6048;2023;6709;2023
5480;2023;6225;2023
5630;2023;5358;2023
7721;2023;11803;2023
7367;2023;5910;2023
6054;2023;2161;2023
2249;2023;807;2023
3529;2023;8247;2023
8066;2023;17492;2023
0002;2023;5491;2023
6065;2023;6543;2023
7304;2023;5500;2023
6844;2023;13495;2023
2753;2023;2349;2023
7269;2023;3264;2023
3472;2023;4949;2023
4366;2023;3308;2023
3077;2023;2741;2023
6932;2023;178;2023
4839;2023;580;2023
2922;2023;7600;2023
2893;2023;357;2023
5492;2023;4489;2023
9806;2023;694;2023
0711;2023;4235;2023
0744;2023;2026;2023
2679;2023;722;2023
1447;2023;2455;2023
2430;2023;120157;2023
8641;2023;1397;2023
6704;2023;617;2023
2008;2023;74;2023
5909;2023;6680;2023
2082;2023;6253;2023
1510;2023;10466;2023
4677;2023;6612;2023
8306;2023;1196;2023
1050;2023;970;2023
7728;2023;5084;2023
4652;2023;714;2023
1865;2023;631;2023
5325;2023;8598;2023
1391;2023;7979;2023
1106;2023;6154;2023
2180;2023;129;2023
9946;2023;5641;2023
0832;2023;6207;2023
6685;2023;5491;2023
3335;2023;8340;2023
7241;2023;4444;2023
9439;2023;551;2023
2052;2023;4275;2023
6788;2023;1214;2023
7848;2023;8243;2023
7837;2023;3042;2023
3882;2023;16332;2023
8209;2023;4891;2023
1535;2023;282;2023
5891;2023;4661;2023
1132;2023;3791;2023
1745;2023;4069;2023
6219;2023;3036;2023
6773;2023;104;2023
1527;2023;10389;2023
7066;2023;2786;2023
5000;2023;3284;2023
5891;2023;1207;2023
6516;2023;2869;2023
0244;2023;1690;2023
9726;2023;2527;2023
6165;2023;3904;2023
5990;2023;4073;2023
0467;2023;1648;2023
5455;2023;3407;2023
8848;2023;6168;2023
8160;2023;6215;2023
3074;2023;5678;2023
7279;2023;5025;2023
1901;2023;8600;2023
6270;2023;1093;2023
5186;2023;11105;2023
7483;2023;1619;2023
4452;2023;4438;2023
5017;2023;916;2023
3489;2023;1978;2023
2228;2023;3431;2023
2120;2023;562;2023
6664;2023;8788;2023
9435;2023;4344;2023
4135;2023;3530;2023
6874;2023;7525;2023
4071;2023;204;2023
8076;2023;23614;2023
5581;2023;882;2023
0666;2023;3435;2023
1452;2023;1980;2023
7927;2023;8012;2023
0407;2023;1353;2023
4232;2023;3052;2023
2877;2023;1141;2023
0593;2023;2933;2023
7970;2023;4872;2023
9291;2023;565;2023
1427;2023;152;2023
8683;2023;3098;2023
0447;2023;3406;2023
2798;2023;209;2023
1344;2023;964;2023
0232;2023;5156;2023
1267;2023;1447;2023
1961;2023;884;2023
4229;2023;4923;2023
5881;2023;6165;2023
6975;2023;5161;2023
4980;2023;6557;2023
0000;2023;1476;2023
7411;2023;6528;2023
0720;2023;1138;2023
7773;2023;913;2023
9409;2023;7546;2023
8327;2023;172;2023
0586;2023;588;2023
1560;2023;4144;2023
6909;2023;4330;2023
7382;2023;555;2023
5315;2023;3718;2023
7894;2023;825;2023
9248;2023;5006;2023
0469;2023;2893;2023
4846;2023;901;2023
0689;2023;4171;2023
6576;2023;6946;2023
0512;2023;10964;2023
8382;2023;163;2023
1053;2023;2976;2023
3564;2023;207;2023
7535;2023;1146;2023
8156;2023;3213;2023
5662;2023;2488;2023
9227;2023;2966;2023
4645;2023;4386;2023
6470;2023;7262;2023
2349;2023;11209;2023
9033;2023;473;2023
8917;2023;952;2023
3238;2023;136;2023
6637;2023;557;2023
7820;2023;938;2023
0406;2023;1634;2023
0963;2023;133;2023
1822;2023;5180;2023
5856;2023;12702;2023
2349;2023;2131;2023
0866;2023;3941;2023
9601;2023;4555;2023
7933;2023;5714;2023
2794;2023;2680;2023
8186;2023;340;2023
6000;2023;5909;2023
4798;2023;1699;2023
7381;2023;1440;2023
5451;2023;993;2023
7653;2023;1185;2023
2379;2023;392;2023
1521;2023;85;2023
2861;2023;1547;2023
5898;2023;1695;2023
4455;2023;6701;2023
5806;2023;11877;2023
3774;2023;3255;2023
0976;2023;4914;2023
1982;2023;4526;2023
9555;2023;1868;2023
6248;2023;1054;2023
2819;2023;4770;2023
1143;2023;1706;2023
0614;2023;5885;2023
2137;2023;1259;2023
5213;2023;851;2023
8103;2023;3813;2023
3832;2023;20739;2023
3866;2023;432;2023
0676;2023;922;2023
0303;2023;907;2023
5338;2023;4121;2023
0263;2023;4578;2023
2466;2023;5882;2023
9535;2023;4645;2023
8036;2023;516;2023
6625;2023;6848;2023
6892;2023;9930;2023
9692;2023;1112;2023
8461;2023;2360;2023
5279;2023;1995;2023
5534;2023;25566;2023
3384;2023;2057;2023
7680;2023;1790;2023
9446;2023;717;2023
2463;2023;8847;2023
0234;2023;4372;2023
9977;2023;5309;2023
9736;2023;991;2023
6107;2023;5656;2023
3738;2023;13663;2023
8250;2023;1121;2023
5411;2023;3775;2023
1255;2023;521;2023
1707;2023;1935;2023
3026;2023;5038;2023
1331;2023;8014;2023
4787;2023;8729;2023
9668;2023;2255;2023
6902;2023;2568;2023
6241;2023;1118;2023
5138;2023;9902;2023
2199;2023;31074;2023
4155;2023;10823;2023
3454;2023;1304;2023
7781;2023;10058;2023
8895;2023;945;2023
8404;2023;4349;2023
8905;2023;568;2023
7641;2023;126;2023
2302;2023;202;2023
8976;2023;236;2023
2918;2023;200;2023
8162;2023;7662;2023
3495;2023;8136;2023
6945;2023;4347;2023
4483;2023;1107;2023
7562;2023;1329;2023
3098;2023;571;2023
9824;2023;4607;2023
4861;2023;6471;2023
6029;2023;6579;2023
1594;2023;1772;2023
0421;2023;8143;2023
0008;2023;1436;2023
4317;2023;2690;2023
9523;2023;8668;2023
2123;2023;8582;2023
2969;2023;894;2023
3232;2023;685;2023
2505;2023;297;2023
7996;2023;2350;2023
2277;2023;1975;2023
4334;2023;3899;2023
4375;2023;4119;2023
5463;2023;1550;2023
2895;2023;7151;2023
5546;2023;1638;2023
7168;2023;2281;2023
8313;2023;438;2023
5601;2023;2295;2023
0192;2023;3621;2023
5696;2023;3498;2023
3456;2023;12437;2023
1984;2023;3781;2023
3363;2023;2323;2023
4918;2023;1141;2023
4204;2023;2319;2023
4435;2023;12207;2023
5925;2023;2738;2023
4633;2023;1482;2023
9148;2023;2460;2023
8064;2023;3756;2023
2870;2023;1299;2023
5298;2023;5520;2023
4198;2023;9079;2023
4960;2023;2440;2023
4824;2023;10722;2023
9887;2023;2003;2023
4114;2023;7319;2023
3802;2023;1731;2023
3568;2023;690;2023
9346;2023;4627;2023
3504;2023;198259;2023
8968;2023;750;2023
3081;2023;2190;2023
2958;2023;13017;2023
7369;2023;3689;2023
8271;2023;8380;2023
1075;2023;2303;2023
9465;2023;336;2023
9676;2023;4814;2023
6009;2023;9379;2023
8419;2023;12986;2023
2047;2023;8372;2023
1396;2023;6929;2023
5282;2023;10886;2023
1950;2023;11709;2023
3362;2023;1638;2023
6321;2023;7713;2023
3414;2023;10796;2023
0830;2023;1109;2023
5461;2023;4845;2023
5525;2023;693;2023
3012;2023;1768;2023
4688;2023;802;2023
9591;2023;19347;2023
9310;2023;1485;2023
7129;2023;535;2023
3067;2023;2677;2023
0465;2023;8827;2023
2701;2023;4436;2023
4749;2023;1994;2023
7876;2023;7607;2023
4369;2023;4150;2023
0745;2023;15661;2023
9733;2023;7176;2023
6046;2023;1908;2023
2959;2023;1440;2023
0712;2023;15748;2023
3209;2023;5656;2023
2622;2023;29255;2023
9029;2023;4386;2023
2398;2023;8770;2023
3061;2023;5058;2023
0159;2023;2022;2023
8367;2023;8744;2023
5862;2023;4567;2023
3932;2023;2617;2023
6562;2023;11396;2023
7514;2023;2668;2023
7959;2023;12332;2023
8400;2023;18473;2023
3812;2023;2110;2023
2837;2023;5020;2023
0890;2023;16601;2023
8902;2023;1871;2023
6657;2023;346;2023
9347;2023;129;2023
4195;2023;8967;2023
3283;2023;4072;2023
8235;2023;496;2023
4516;2023;14405;2023
0261;2023;1108;2023
4987;2023;1636;2023
4335;2023;3798;2023
1952;2023;16974;2023
4707;2023;563;2023
2553;2023;626;2023
7425;2023;356;2023
7179;2023;21556;2023
0958;2023;1503;2023
1108;2023;102;2023
5281;2023;3477;2023
8941;2023;1926;2023
4568;2023;2978;2023
6294;2023;5368;2023
8838;2023;13448;2023
7392;2023;4163;2023
0348;2023;655;2023
9308;2023;3099;2023
7266;2023;12682;2023
4914;2023;1726;2023
6530;2023;2646;2023
0259;2023;516;2023
6051;2023;1611;2023
8908;2023;4598;2023
6612;2023;26170;2023
5181;2023;5063;2023
5067;2023;779;2023
0779;2023;2692;2023
2115;2023;10615;2023
1574;2023;1964;2023
4576;2023;3900;2023
3116;2023;4759;2023
5439;2023;1888;2023
0333;2023;4117;2023
8482;2023;3151;2023
7797;2023;953;2023
8683;2023;12425;2023
9376;2023;2506;2023
2899;2023;14854;2023
8578;2023;1442;2023
8091;2023;4871;2023
6080;2023;3673;2023
8656;2023;167;2023
0034;2023;2192;2023
0394;2023;20219;2023
1812;2023;4987;2023
1537;2023;571;2023
3910;2023;6876;2023
6135;2023;2723;2023
8176;2023;4418;2023
9152;2023;553;2023
1258;2023;571;2023
4893;2023;1452;2023
9448;2023;4766;2023
2274;2023;7894;2023
2010;2023;2477;2023
1195;2023;2736;2023
2734;2023;3703;2023
6432;2023;5184;2023
4261;2023;1751;2023
2070;2023;7019;2023
0862;2023;6999;2023
3264;2023;3579;2023
1623;2023;2813;2023
4524;2023;1460;2023
9892;2023;6872;2023
1597;2023;7088;2023
8506;2023;860;2023
9716;2023;3465;2023
4528;2023;6240;2023
4624;2023;3425;2023
2064;2023;13472;2023
1323;2023;4905;2023
8594;2023;9917;2023
8208;2023;4327;2023
3738;2023;9296;2023
0941;2023;19417;2023
8455;2023;5921;2023
4472;2023;4043;2023
5868;2023;3278;2023
3048;2023;10385;2023
2166;2023;3447;2023
5358;2023;2659;2023
2532;2023;4694;2023
6791;2023;13224;2023
2678;2023;784;2023
4711;2023;1370;2023
5718;2023;1425;2023
4273;2023;3085;2023
2480;2023;8290;2023
7734;2023;1929;2023
8920;2023;1189;2023
4397;2023;1936;2023
8075;2023;1204;2023
2570;2023;1141;2023
8569;2023;1158;2023
4392;2023;6449;2023
1704;2023;7661;2023
7360;2023;13840;2023
6815;2023;2088;2023
1018;2023;5512;2023
7332;2023;524;2023
6802;2023;3782;2023
8575;2023;1408;2023
1205;2023;162;2023
7595;2023;8074;2023
0634;2023;3808;2023
9639;2023;4116;2023
1472;2023;1480;2023
2195;2023;10700;2023
8650;2023;1369;2023
1012;2023;5856;2023
2649;2023;628;2023
2237;2023;1976;2023
2213;2023;8369;2023
6813;2023;1025;2023
3021;2023;4774;2023
3442;2023;803;2023
3279;2023;545;2023
4488;2023;3624;2023
4869;2023;1501;2023
0572;2023;409;2023
6641;2023;626;2023
7124;2023;883;2023
3380;2023;1797;2023
4999;2023;943;2023
1427;2023;669;2023
6868;2023;6400;2023
8581;2023;2880;2023
8813;2023;2710;2023
8095;2023;1253;2023
1044;2023;398;2023
6391;2023;958;2023
9287;2023;2672;2023
8363;2023;638;2023
1444;2023;476;2023
8103;2023;706;2023
6947;2023;3434;2023
8467;2023;9772;2023
9838;2023;108;2023
4432;2023;1349;2023
9194;2023;1480;2023
8147;2023;1288;2023
7807;2023;1433;2023
6302;2023;463;2023
4950;2023;852;2023
8047;2023;2295;2023
6885;2023;9039;2023
7354;2023;6750;2023
2772;2023;717;2023
6618;2023;6461;2023
7910;2023;989;2023
7445;2023;1056;2023
2142;2023;504;2023
2590;2023;6677;2023
1244;2023;249;2023
5978;2023;2295;2023
3786;2023;191;2023
5598;2023;672;2023
8048;2023;5517;2023
4109;2023;1122;2023
3883;2023;3992;2023
8758;2023;1294;2023
0509;2023;5341;2023
9551;2023;921;2023
8061;2023;1560;2023
3400;2023;1727;2023
8709;2023;754;2023
3727;2023;955;2023
8242;2023;356;2023
5863;2023;344;2023
9949;2023;5038;2023
5666;2023;4582;2023
1708;2023;1064;2023
2479;2023;823;2023
8247;2023;359;2023
1754;2023;1098;2023
2313;2023;162;2023
7762;2023;193;2023
7031;2023;9730;2023
1759;2023;9574;2023
4113;2023;1434;2023
7225;2023;5343;2023
6103;2023;3272;2023
4207;2023;167;2023
3437;2023;2711;2023
2159;2023;4271;2023
6414;2023;1463;2023
5871;2023;6521;2023
8199;2023;373;2023
3416;2023;1177;2023
1660;2023;2795;2023
7457;2023;125;2023
3587;2023;2036;2023
8206;2023;2419;2023
2531;2023;1778;2023
1758;2023;2427;2023
2895;2023;1703;2023
8941;2023;6068;2023
1383;2023;339;2023
0204;2023;1053;2023
0643;2023;458;2023
5105;2023;1372;2023
5559;2023;3843;2023
0650;2023;836;2023
7412;2023;1443;2023
4035;2023;498;2023
4046;2023;412;2023
9744;2023;251;2023
1925;2023;634;2023
4934;2023;1609;2023
2990;2023;600;2023
9695;2023;15471;2023
0763;2023;275;2023
3810;2023;697;2023
9101;2023;158;2023
9793;2023;1070;2023
8063;2023;1827;2023
1018;2023;322;2023
3012;2023;1849;2023
2096;2023;71297;2023
2008;2023;760;2023
1529;2023;820;2023
1058;2023;1748;2023
3964;2023;2601;2023
3069;2023;1667;2023
0903;2023;686;2023
9573;2023;754;2023
4798;2023;1469;2023
1597;2023;394;2023
4149;2023;999;2023
6676;2023;1507;2023
9155;2023;5094;2023
5407;2023;5861;2023
8918;2023;511;2023
4965;2023;45;2023
7642;2023;232;2023
3646;2023;704;2023
7174;2023;541;2023
0510;2023;1583;2023
5524;2023;541;2023
4128;2023;809;2023
5044;2023;437;2023
4309;2023;607;2023
2686;2023;3975;2023
4522;2023;987;2023
2907;2023;6388;2023
3323;2023;5122;2023
4208;2023;1824;2023
5911;2023;1563;2023
5572;2023;1043;2023
9010;2023;436;2023
4738;2023;2261;2023
4973;2023;801;2023
8928;2023;576;2023
5420;2023;1498;2023
5740;2023;854;2023
7208;2023;198;2023
6713;2023;624;2023
7879;2023;6674;2023
8725;2023;1142;2023
2314;2023;552;2023
8350;2023;11459;2023
8480;2023;569;2023
2281;2023;1588;2023
6598;2023;505;2023
4933;2023;917;2023
0091;2023;332;2023
4628;2023;2470;2023
5018;2023;3541;2023
6271;2023;808;2023
0775;2023;4448;2023
8312;2023;2437;2023
4982;2023;3666;2023
1549;2023;999;2023
6827;2023;556;2023
8539;2023;187;2023
2356;2023;2123;2023
1863;2023;1465;2023
6149;2023;3030;2023
1722;2023;88;2023
1961;2023;3468;2023
7086;2023;362;2023
4403;2023;1174;2023
1425;2023;6749;2023
3639;2023;62515;2023
8781;2023;62;2023
6086;2023;755;2023
7675;2023;3367;2023
4894;2023;1579;2023
4413;2023;38976;2023
7731;2023;122;2023
4013;2023;891;2023
5292;2023;1686;2023
5828;2023;983;2023
4037;2023;491;2023
3614;2023;386;2023
1914;2023;1657;2023
7365;2023;3100;2023
8217;2023;810;2023
0865;2023;2540;2023
2468;2023;1015;2023
2160;2023;1144;2023
0775;2023;3894;2023
1983;2023;1969;2023
1210;2023;620;2023
3878;2023;4977;2023
9007;2023;1460;2023
1424;2023;586;2023
6995;2023;1159;2023
9506;2023;1253;2023
6407;2023;652;2023
8362;2023;2139;2023
1471;2023;541;2023
1977;2023;404;2023
4543;2023;2295;2023
8750;2023;3727;2023
1934;2023;1817;2023
5180;2023;1135;2023
6570;2023;511;2023
4019;2023;1792;2023
5302;2023;15145;2023
2823;2023;1678;2023
7894;2023;544;2023
7877;2023;499;2023
0773;2023;9298;2023
8908;2023;5619;2023
7572;2023;311;2023
9178;2023;476;2023
1934;2023;2280;2023
9628;2023;916;2023
3599;2023;1134;2023
8527;2023;1055;2023
1755;2023;1331;2023
1284;2023;1532;2023
5100;2023;33933;2023
4899;2023;70675;2023
7578;2023;1720;2023
9377;2023;618;2023
7740;2023;402;2023
9906;2023;281;2023
5924;2023;3750;2023
1938;2023;1196;2023
6429;2023;994;2023
7074;2023;855;2023
1013;2023;1889;2023
5732;2023;1115;2023
7203;2023;1323;2023
2763;2023;622;2023
2582;2023;1489;2023
2896;2023;1691;2023
2261;2023;2658;2023
4655;2023;1073;2023
1916;2023;1962;2023
7617;2023;2776;2023
8226;2023;1756;2023
9199;2023;2005;2023
3428;2023;2260;2023
3942;2023;2441;2023
1531;2023;694;2023
4676;2023;792;2023
5835;2023;5948;2023
1537;2023;900;2023
4887;2023;2772;2023
9619;2023;1307;2023
8208;2023;3804;2023
2953;2023;8905;2023
6370;2023;3267;2023
5434;2023;1524;2023
0167;2023;555;2023
7631;2023;2535;2023
7288;2023;1107;2023
4372;2023;1227;2023
8500;2023;1633;2023
0610;2023;6235;2023
5737;2023;1429;2023
8622;2023;921;2023
5485;2023;1733;2023
9564;2023;1054;2023
7793;2023;3443;2023
9739;2023;547;2023
3332;2023;1833;2023
4013;2023;8251;2023
9942;2023;2264;2023
0470;2023;3220;2023
3647;2023;1132;2023
9264;2023;2075;2023
6817;2023;1256;2023
2144;2023;1912;2023
3799;2023;381;2023
0761;2023;1286;2023
7202;2023;502;2023
3093;2023;3465;2023
4938;2023;3219;2023
4254;2023;931;2023
3202;2023;7532;2023
5681;2023;9063;2023
9595;2023;3039;2023
2121;2023;1431;2023
1073;2023;601;2023
0195;2023;7003;2023
1949;2023;1437;2023
9819;2023;443;2023
7692;2023;472;2023
1654;2023;408;2023
2287;2023;2146;2023
2227;2023;578;2023
9179;2023;2854;2023
0610;2023;1652;2023
1516;2023;3523;2023
6926;2023;4617;2023
4366;2023;3930;2023
1205;2023;454;2023
2425;2023;333;2023
6906;2023;4013;2023
0145;2023;2692;2023
4815;2023;9876;2023
2030;2023;5929;2023
8219;2023;4029;2023
8747;2023;4332;2023
6957;2023;2206;2023
8495;2023;2587;2023
0225;2023;1482;2023
3420;2023;3297;2023
5692;2023;4650;2023
4042;2023;12763;2023
3394;2023;5172;2023
0226;2023;23815;2023
8740;2023;3734;2023
6112;2023;2532;2023
6487;2023;1048;2023
4705;2023;14675;2023
5407;2023;3253;2023
9992;2023;3025;2023
4870;2023;2092;2023
8766;2023;10022;2023
8827;2023;8698;2023
4138;2023;6014;2023
2002;2023;1384;2023
8077;2023;49044;2023
7890;2023;6393;2023
9126;2023;823;2023
0330;2023;7646;2023
7287;2023;4203;2023
8487;2023;5400;2023
0189;2023;4806;2023
7894;2023;2417;2023
8313;2023;6663;2023
5686;2023;6866;2023
6013;2023;1726;2023
2865;2023;6511;2023
5585;2023;1702;2023
7194;2023;2342;2023
4412;2023;16653;2023
3786;2023;1029;2023
4333;2023;5272;2023
0927;2023;1213;2023
5452;2023;2368;2023
6868;2023;5171;2023
4333;2023;6886;2023
9799;2023;8751;2023
2700;2023;4097;2023
9406;2023;6683;2023
9778;2023;1514;2023
5351;2023;11836;2023
3957;2023;1254;2023
9392;2023;1583;2023
9551;2023;1090;2023
8282;2023;7087;2023
2023;2023;1422;2023
0833;2023;2579;2023
2723;2023;2034;2023
0989;2023;21146;2023
8407;2023;19841;2023
8432;2023;2130;2023
3933;2023;7221;2023
9869;2023;15074;2023
1686;2023;5351;2023
4948;2023;1868;2023
6883;2023;1620;2023
8912;2023;1053;2023
0640;2023;391;2023
4501;2023;15002;2023
3952;2023;798;2023
0705;2023;3568;2023
5112;2023;1745;2023
2909;2023;106357;2023
2214;2023;696;2023
2918;2023;2368;2023
6986;2023;23002;2023
5395;2023;2757;2023
9974;2023;17124;2023
6344;2023;389;2023
1303;2023;8181;2023
3857;2023;2726;2023
9799;2023;5740;2023
7910;2023;2382;2023
9499;2023;7019;2023
6240;2023;1547;2023
6801;2023;3037;2023
2891;2023;5200;2023
6107;2023;3444;2023
2677;2023;2229;2023
9990;2023;681;2023
8358;2023;1441;2023
6474;2023;2379;2023
2803;2023;3428;2023
5693;2023;5527;2023
1315;2023;3144;2023
9434;2023;3676;2023
7720;2023;1101;2023
3811;2023;2555;2023
6146;2023;3225;2023
9137;2023;1778;2023
2188;2023;932;2023
7063;2023;5263;2023
6721;2023;4984;2023
4720;2023;2808;2023
1083;2023;18468;2023
1238;2023;12595;2023
2234;2023;4118;2023
8849;2023;318;2023
4127;2023;1592;2023
8641;2023;1336;2023
4250;2023;5301;2023
2264;2023;3182;2023
8631;2023;2868;2023
7956;2023;840;2023
9538;2023;1734;2023
3397;2023;41404;2023
4363;2023;2906;2023
5102;2023;1728;2023
5283;2023;2026;2023
2398;2023;2097;2023
1127;2023;6102;2023
9599;2023;3413;2023
0956;2023;2085;2023
4934;2023;4087;2023
7880;2023;3863;2023
1564;2023;4777;2023
4090;2023;3954;2023
3499;2023;1709;2023
8660;2023;756;2023
3282;2023;219;2023
6921;2023;2021;2023
0018;2023;3869;2023
3565;2023;509;2023
3685;2023;249;2023
2837;2023;4646;2023
6035;2023;2949;2023
3603;2023;8147;2023
9426;2023;1364;2023
8232;2023;3207;2023
6182;2023;1291;2023
1250;2023;3802;2023
8468;2023;3337;2023
8369;2023;3011;2023
7802;2023;3647;2023
4600;2023;3902;2023
9429;2023;1748;2023
2383;2023;3307;2023
1725;2023;1538;2023
9231;2023;2022;2023
2703;2023;7215;2023
1304;2023;3049;2023
7870;2023;1386;2023
2399;2023;2630;2023
8367;2023;1243;2023
4314;2023;1859;2023
1716;2023;6358;2023
7177;2023;1873;2023
6215;2023;1146;2023
1613;2023;1800;2023
5686;2023;4904;2023
4242;2023;3380;2023
1250;2023;2015;2023
1955;2023;1025;2023
6182;2023;2497;2023
5625;2023;1050;2023
2665;2023;954;2023
1175;2023;2913;2023
6638;2023;1111;2023
0593;2023;3238;2023
1206;2023;3091;2023
8880;2023;5977;2023
1340;2023;2322;2023
8180;2023;3349;2023
3417;2023;5047;2023
0089;2023;996;2023
0325;2023;1622;2023
9500;2023;1892;2023
9647;2023;6960;2023
5844;2023;3083;2023
9177;2023;1420;2023
6313;2023;787;2023
8549;2023;8819;2023
9373;2023;1512;2023
9749;2023;3278;2023
3783;2023;1189;2023
2175;2023;17754;2023
8884;2023;4132;2023
0711;2023;5215;2023
4595;2023;1491;2023
9118;2023;2799;2023
7109;2023;462;2023
6741;2023;1505;2023
4527;2023;397;2023
1849;2023;645;2023
3634;2023;7067;2023
7400;2023;4121;2023
0139;2023;244;2023
6070;2023;695;2023
3946;2023;1395;2023
8086;2023;1112;2023
4130;2023;3964;2023
1988;2023;2041;2023
0233;2023;700;2023
0231;2023;1512;2023
6823;2023;1458;2023
0175;2023;1878;2023
8188;2023;594;2023
1224;2023;923;2023
8202;2023;511;2023
1005;2023;225;2023
5591;2023;2320;2023
8342;2023;1156;2023
1442;2023;1081;2023
3755;2023;3987;2023
4848;2023;1121;2023
0280;2023;578;2023
2299;2023;3070;2023
3771;2023;234;2023
7972;2023;728;2023
2966;2023;350;2023
4975;2023;292;2023
5719;2023;4209;2023
1656;2023;7309;2023
0249;2023;1010;2023
9893;2023;689;2023
1451;2023;406;2023
6440;2023;1249;2023
3367;2023;597;2023
9535;2023;5064;2023
1295;2023;933;2023
2822;2023;1055;2023
9427;2023;464;2023
6255;2023;3165;2023
2241;2023;1341;2023
6807;2023;352;2023
0977;2023;408;2023
8137;2023;2512;2023
3865;2023;740;2023
3811;2023;2023;2023
7294;2023;1178;2023
0919;2023;2804;2023
3124;2023;1200;2023
4362;2023;9152;2023
8282;2023;8253;2023
2178;2023;769;2023
3727;2023;865;2023
1971;2023;267;2023
5277;2023;2260;2023
0322;2023;138;2023
6281;2023;601;2023
3497;2023;875;2023
8455;2023;1585;2023
3529;2023;5505;2023
8790;2023;7647;2023
5944;2023;2580;2023
1158;2023;1132;2023
4832;2023;10208;2023
3845;2023;2768;2023
6147;2023;2072;2023
4887;2023;1352;2023
9654;2023;1162;2023
7474;2023;810;2023
2486;2023;832;2023
6480;2023;158;2023
2114;2023;815;2023
2085;2023;1003;2023
3021;2023;1800;2023
3606;2023;798;2023
9782;2023;397;2023
3035;2023;21672;2023
2336;2023;653;2023
3210;2023;3078;2023
2286;2023;2451;2023
9648;2023;4543;2023
7873;2023;1373;2023
7247;2023;17857;2023
1278;2023;1496;2023
0832;2023;2944;2023
0031;2023;451;2023
2973;2023;485;2023
4145;2023;1637;2023
9842;2023;40077;2023
5801;2023;416;2023
8539;2023;786;2023
0617;2023;177;2023
9020;2023;543;2023
9962;2023;4103;2023
3639;2023;1117;2023
8749;2023;920;2023
1898;2023;790;2023
9966;2023;1361;2023
7120;2023;1356;2023
8086;2023;363;2023
7446;2023;717;2023
8221;2023;782;2023
0599;2023;1259;2023
2001;2023;1258;2023
4708;2023;718;2023
1457;2023;1176;2023
9317;2023;4482;2023
3313;2023;583;2023
7472;2023;1912;2023
7162;2023;620;2023
1146;2023;1063;2023
3010;2023;2031;2023
5662;2023;705;2023
5888;2023;643;2023
5452;2023;2996;2023
4463;2023;3654;2023
2845;2023;1281;2023
1927;2023;692;2023
6988;2023;1474;2023
8398;2023;118504;2023
3283;2023;470;2023
8635;2023;1393;2023
6344;2023;1789;2023
9514;2023;198;2023
1287;2023;3881;2023
7401;2023;3118;2023
7466;2023;1784;2023
1134;2023;2958;2023
3723;2023;5387;2023
0483;2023;6927;2023
9123;2023;1570;2023
0826;2023;1148;2023
5329;2023;2116;2023
6809;2023;1450;2023
5471;2023;1631;2023
0028;2023;5110;2023
9642;2023;549;2023
7122;2023;1934;2023
6200;2023;726;2023
8202;2023;3277;2023
1055;2023;2352;2023
4691;2023;1403;2023
9404;2023;2991;2023
7133;2023;1823;2023
0490;2023;5113;2023
7573;2023;2943;2023
4868;2023;1386;2023
4462;2023;5256;2023
1318;2023;4682;2023
8222;2023;3632;2023
5772;2023;3099;2023
2288;2023;2557;2023
5887;2023;3599;2023
1494;2023;2651;2023
8814;2023;2443;2023
2533;2023;5254;2023
4706;2023;2513;2023
8657;2023;6426;2023
9382;2023;2644;2023
3219;2023;6916;2023
4475;2023;3379;2023
2007;2023;1790;2023
9947;2023;2022;2023
9664;2023;1379;2023
7986;2023;3541;2023
2728;2023;16166;2023
9839;2023;1342;2023
5828;2023;2433;2023
2257;2023;20867;2023
2693;2023;7011;2023
3785;2023;8039;2023
3173;2023;8695;2023
6028;2023;5610;2023
7993;2023;3534;2023
7317;2023;12074;2023
4299;2023;13230;2023
9091;2023;6103;2023
2707;2023;1492;2023
2946;2023;16897;2023
0569;2023;2669;2023
8338;2023;8436;2023
8966;2023;8704;2023
9137;2023;1070;2023
7440;2023;3967;2023
9499;2023;2528;2023
0985;2023;1910;2023
9689;2023;837;2023
8896;2023;271;2023
2113;2023;4188;2023
3692;2023;4115;2023
6541;2023;5179;2023
4895;2023;10694;2023
0030;2023;5148;2023
8295;2023;11720;2023
6775;2023;3264;2023
6510;2023;8643;2023
1465;2023;6893;2023
2725;2023;25651;2023
2777;2023;3590;2023
6221;2023;3106;2023
7079;2023;2554;2023
6504;2023;4584;2023
0626;2023;4301;2023
4704;2023;8940;2023
8517;2023;8145;2023
4501;2023;16503;2023
7780;2023;8308;2023
1355;2023;3872;2023
7256;2023;10364;2023
6104;2023;1205;2023
0015;2023;3029;2023
7213;2023;17538;2023
2598;2023;10987;2023
5282;2023;7404;2023
3894;2023;2472;2023
4272;2023;2274;2023
1485;2023;3765;2023
8144;2023;6029;2023
6464;2023;2600;2023
1596;2023;1620;2023
5736;2023;2107;2023
6952;2023;3791;2023
7920;2023;21422;2023
4033;2023;4850;2023
0111;2023;25307;2023
5055;2023;4181;2023
7085;2023;16411;2023
2375;2023;596;2023
1170;2023;3074;2023
2310;2023;13004;2023
4999;2023;11926;2023
4277;2023;2602;2023
2390;2023;1470;2023
3327;2023;900;2023
7207;2023;7171;2023
8235;2023;14450;2023
1199;2023;17585;2023
5346;2023;2920;2023
5271;2023;2178;2023
2913;2023;2905;2023
3646;2023;5067;2023
9456;2023;2728;2023
9591;2023;16050;2023
9017;2023;778;2023
8971;2023;255298;2023
8799;2023;5144;2023
1820;2023;2503;2023
7626;2023;10322;2023
9869;2023;5860;2023
3351;2023;32928;2023
8718;2023;15696;2023
0994;2023;4869;2023
6955;2023;1402;2023
2108;2023;1997;2023
1423;2023;1564;2023
7237;2023;11808;2023
0861;2023;2164;2023
5485;2023;7662;2023
3951;2023;3037;2023
1902;2023;25532;2023
9160;2023;6240;2023
0656;2023;844;2023
0587;2023;42405;2023
8421;2023;6502;2023
7609;2023;8366;2023
5675;2023;6738;2023
4405;2023;3134;2023
1551;2023;4037;2023
8631;2023;11336;2023
6570;2023;2523;2023
4782;2023;1284;2023
0208;2023;11140;2023
0400;2023;1668;2023
7388;2023;3466;2023
3771;2023;3665;2023
7230;2023;15264;2023
6202;2023;2833;2023
4370;2023;6113;2023
6041;2023;12543;2023
7113;2023;2519;2023
2634;2023;3106;2023
5599;2023;11672;2023
1320;2023;7611;2023
5283;2023;11178;2023
2014;2023;1216;2023
0176;2023;13596;2023
6032;2023;1520;2023
1747;2023;3710;2023
2088;2023;657;2023
8664;2023;2339;2023
9965;2023;3443;2023
9502;2023;845;2023
0202;2023;4330;2023
0136;2023;3878;2023
4790;2023;10321;2023
2372;2023;127;2023
7971;2023;178;2023
7740;2023;5480;2023
4233;2023;15976;2023
5639;2023;3540;2023
5281;2023;14723;2023
7254;2023;9283;2023
5245;2023;14024;2023
4751;2023;6325;2023
5401;2023;23622;2023
4203;2023;4916;2023
7485;2023;2824;2023
4127;2023;3354;2023
5736;2023;1804;2023
4385;2023;2791;2023
2415;2023;9078;2023
2945;2023;3040;2023
4309;2023;7544;2023
3508;2023;3078;2023
0933;2023;1231;2023
1511;2023;4888;2023
8794;2023;9105;2023
0845;2023;3011;2023
5922;2023;666;2023
0133;2023;2194;2023
9030;2023;8249;2023
6152;2023;4251;2023
6354;2023;563;2023
8406;2023;3153;2023
2718;2023;2743;2023
4874;2023;5811;2023
1484;2023;5891;2023
1458;2023;4152;2023
3597;2023;14216;2023
3246;2023;14631;2023
5956;2023;8255;2023
2505;2023;634;2023
1161;2023;1014;2023
9909;2023;8295;2023
1080;2023;1512;2023
2085;2023;5599;2023
1264;2023;3542;2023
8528;2023;5286;2023
9223;2023;6779;2023
0124;2023;2618;2023
2059;2023;38752;2023
8119;2023;1806;2023
8979;2023;4137;2023
6614;2023;7427;2023
9505;2023;13012;2023
7034;2023;23888;2023
9407;2023;512;2023
7397;2023;5841;2023
6733;2023;11762;2023
9571;2023;8655;2023
2157;2023;25780;2023
9487;2023;1168;2023
3449;2023;3059;2023
9041;2023;2246;2023
5165;2023;110299;2023
2246;2023;1878;2023
7880;2023;5971;2023
6449;2023;6552;2023
9709;2023;1336;2023
0440;2023;827;2023
7300;2023;6900;2023
8442;2023;3058;2023
4855;2023;6233;2023
3682;2023;4841;2023
4044;2023;5911;2023
1913;2023;4555;2023
7425;2023;4048;2023
5210;2023;2737;2023
7144;2023;1095;2023
7611;2023;2164;2023
5582;2023;3047;2023
2211;2023;35546;2023
7552;2023;822;2023
5070;2023;1838;2023
1305;2023;1218;2023
0892;2023;3944;2023
9711;2023;1246;2023
5866;2023;321;2023
3388;2023;346;2023
0911;2023;2060;2023
8102;2023;5529;2023
9544;2023;432;2023
3574;2023;2230;2023
7950;2023;1776;2023
7877;2023;20489;2023
6181;2023;3012;2023
9549;2023;1057;2023
4732;2023;521;2023
3521;2023;2605;2023
6722;2023;1061;2023
1203;2023;5397;2023
0053;2023;1234;2023
3488;2023;551;2023
4043;2023;1247;2023
7824;2023;267;2023
0553;2023;4321;2023
9440;2023;361;2023
1711;2023;3571;2023
1404;2023;7920;2023
3037;2023;601;2023
2883;2023;1142;2023
1176;2023;1562;2023
1594;2023;384;2023
1270;2023;1472;2023
9234;2023;6579;2023
1807;2023;598;2023
6203;2023;2320;2023
6156;2023;1933;2023
2029;2023;10135;2023
3267;2023;498;2023
5288;2023;2321;2023
8581;2023;3137;2023
7922;2023;359;2023
5415;2023;1326;2023
0588;2023;1717;2023
2774;2023;1279;2023
9989;2023;456;2023
6394;2023;1846;2023
0661;2023;1340;2023
8766;2023;819;2023
4693;2023;807;2023
3319;2023;190;2023
9144;2023;3088;2023
3615;2023;5012;2023
3405;2023;6601;2023
6512;2023;2778;2023
6917;2023;13475;2023
9388;2023;7077;2023
2981;2023;4475;2023
3668;2023;8969;2023
1389;2023;5931;2023
7782;2023;7665;2023
1117;2023;7853;2023
1011;2023;4629;2023
8602;2023;11252;2023
9182;2023;13101;2023
4065;2023;11423;2023
7916;2023;2331;2023
6090;2023;33057;2023
1318;2023;7007;2023
9731;2023;2931;2023
1776;2023;3791;2023
9234;2023;3629;2023
8997;2023;3374;2023
8120;2023;2465;2023
7507;2023;5237;2023
5678;2023;5030;2023
3933;2023;34471;2023
2491;2023;6862;2023
5268;2023;6196;2023
5509;2023;5990;2023
3322;2023;8540;2023
0814;2023;3614;2023
3528;2023;5707;2023
5967;2023;6026;2023
7230;2023;2742;2023
7773;2023;5910;2023
1877;2023;5115;2023
3420;2023;5995;2023
0881;2023;4007;2023
4776;2023;9106;2023
2503;2023;9300;2023
0942;2023;4970;2023
7180;2023;9455;2023
8571;2023;5117;2023
7522;2023;9196;2023
3791;2023;2984;2023
8836;2023;3098;2023
2565;2023;27903;2023
2613;2023;4450;2023
4547;2023;1296;2023
9883;2023;31309;2023
7611;2023;4443;2023
7573;2023;2815;2023
7773;2023;10686;2023
9728;2023;6570;2023
3532;2023;20160;2023
8230;2023;4543;2023
7065;2023;3799;2023
0826;2023;22137;2023
3164;2023;7356;2023
0375;2023;11563;2023
4359;2023;8296;2023
2843;2023;13005;2023
0803;2023;741;2023
1102;2023;2294;2023
9266;2023;5100;2023
0246;2023;16773;2023
0993;2023;10039;2023
0350;2023;1708;2023
8911;2023;9401;2023
7927;2023;2108;2023
6437;2023;10926;2023
7761;2023;14612;2023
5509;2023;6525;2023
5044;2023;12705;2023
8168;2023;6818;2023
2636;2023;5110;2023
9825;2023;4876;2023
9207;2023;9133;2023
4882;2023;9853;2023
9661;2023;7286;2023
0133;2023;2968;2023
2275;2023;1813;2023
1442;2023;6077;2023
9333;2023;10501;2023
6847;2023;12328;2023
0817;2023;11718;2023
9060;2023;4160;2023
4946;2023;10713;2023
5281;2023;85322;2023
8941;2023;9955;2023
1591;2023;6772;2023
8489;2023;16595;2023
4260;2023;3645;2023
6239;2023;17571;2023
8021;2023;27210;2023
8220;2023;10055;2023
4961;2023;1732;2023
0604;2023;11629;2023
3384;2023;6657;2023
9339;2023;3808;2023
5908;2023;7195;2023
6148;2023;10720;2023
2991;2023;13001;2023
7905;2023;11115;2023
4374;2023;12823;2023
1039;2023;6203;2023
4467;2023;47581;2023
3198;2023;3203;2023
1113;2023;2750;2023
8348;2023;10252;2023
2839;2023;14947;2023
3753;2023;11943;2023
3103;2023;8512;2023
6401;2023;4196;2023
1041;2023;5731;2023
1822;2023;7058;2023
4882;2023;2706;2023
9423;2023;26937;2023
5477;2023;17689;2023
1697;2023;21329;2023
6120;2023;6162;2023
1083;2023;37613;2023
6766;2023;27078;2023
9537;2023;11419;2023
6976;2023;16169;2023
9960;2023;6970;2023
0735;2023;12206;2023
3110;2023;24398;2023
2150;2023;4741;2023
3290;2023;8068;2023
1835;2023;12792;2023
9025;2023;41848;2023
0050;2023;11376;2023
9683;2023;17386;2023
9667;2023;12743;2023
2873;2023;19068;2023
9761;2023;27676;2023
8155;2023;7544;2023
4429;2023;2250;2023
9979;2023;4794;2023
3949;2023;250290;2023
8658;2023;9849;2023
1263;2023;13266;2023
4081;2023;20433;2023
8041;2023;3138;2023
1552;2023;27119;2023
6650;2023;4159;2023
5158;2023;1796;2023
3439;2023;2062;2023
6454;2023;4814;2023
9770;2023;3376;2023
4194;2023;3078;2023
5865;2023;571;2023
2291;2023;3785;2023
6614;2023;2372;2023
3924;2023;9002;2023
7798;2023;3427;2023
5471;2023;7132;2023
9250;2023;15798;2023
7182;2023;15081;2023
2242;2023;2599;2023
1246;2023;11858;2023
1597;2023;5600;2023
2681;2023;2193;2023
8081;2023;1458;2023
6829;2023;7421;2023
2785;2023;4587;2023
3152;2023;4630;2023
5042;2023;5354;2023
1745;2023;1446;2023
7048;2023;5579;2023
7568;2023;1907;2023
6612;2023;20038;2023
0799;2023;6272;2023
2862;2023;10012;2023
3258;2023;5160;2023
7290;2023;7165;2023
8074;2023;15933;2023
5888;2023;8069;2023
9540;2023;7119;2023
2006;2023;4280;2023
7097;2023;4308;2023
1030;2023;4474;2023
4733;2023;1889;2023
9137;2023;9530;2023
1553;2023;8219;2023
1158;2023;7711;2023
0732;2023;3069;2023
5822;2023;9242;2023
7649;2023;1784;2023
2509;2023;6094;2023
2476;2023;1796;2023
3457;2023;2557;2023
2180;2023;11838;2023
5709;2023;17153;2023
0279;2023;9025;2023
3701;2023;11477;2023
0779;2023;11390;2023
4782;2023;5564;2023
0257;2023;207502;2023
1797;2023;3761;2023
4889;2023;1228;2023
9329;2023;11109;2023
6247;2023;9475;2023
7250;2023;20246;2023
8440;2023;3384;2023
8488;2023;2422;2023
8729;2023;3662;2023
5210;2023;13185;2023
4761;2023;3408;2023
6862;2023;4886;2023
5126;2023;16982;2023
7990;2023;4948;2023
8580;2023;10088;2023
3460;2023;6412;2023
1222;2023;13244;2023
9003;2023;4134;2023
3063;2023;3010;2023
9677;2023;7131;2023
9648;2023;7289;2023
9164;2023;2519;2023
9186;2023;1899;2023
5443;2023;10539;2023
5169;2023;22866;2023
1428;2023;6733;2023
8106;2023;4122;2023
2007;2023;8929;2023
8125;2023;2678;2023
0306;2023;8133;2023
8542;2023;6029;2023
6561;2023;12989;2023
2264;2023;4202;2023
0220;2023;2009;2023
4120;2023;4795;2023
2474;2023;1683;2023
0825;2023;872;2023
9160;2023;13175;2023
3229;2023;23288;2023
3484;2023;5623;2023
0063;2023;2079;2023
9549;2023;10561;2023
2329;2023;6159;2023
3663;2023;3248;2023
5645;2023;8980;2023
1706;2023;7048;2023
3885;2023;18556;2023
3418;2023;3866;2023
9278;2023;2559;2023
5342;2023;10225;2023
3581;2023;1209;2023
9675;2023;2370;2023
1227;2023;1406;2023
8474;2023;683;2023
6472;2023;2539;2023
3743;2023;820;2023
1292;2023;1543;2023
8405;2023;3985;2023
9133;2023;2566;2023
6176;2023;1550;2023
1697;2023;3401;2023
5469;2023;2228;2023
0651;2023;2457;2023
8550;2023;1762;2023
0737;2023;2163;2023
5396;2023;3887;2023
9766;2023;1322;2023
9626;2023;2444;2023
9896;2023;968;2023
3701;2023;1444;2023
4205;2023;2063;2023
2053;2023;1108;2023
0548;2023;11470;2023
8435;2023;3199;2023
6875;2023;3290;2023
5809;2023;1676;2023
3261;2023;12064;2023
4869;2023;1388;2023
4543;2023;1430;2023
5061;2023;1081;2023
4117;2023;3605;2023
5312;2023;2217;2023
7808;2023;8880;2023
4409;2023;6175;2023
7778;2023;50090;2023
1558;2023;1029;2023
8258;2023;1054;2023
0456;2023;3732;2023
0220;2023;3091;2023
6784;2023;7874;2023
0778;2023;2572;2023
0740;2023;4661;2023
1512;2023;1132;2023
7513;2023;1967;2023
0499;2023;892;2023
1786;2023;13755;2023
3473;2023;2121;2023
2610;2023;844;2023
6274;2023;891;2023
4395;2023;3152;2023
7697;2023;2022;2023
2209;2023;2878;2023
2372;2023;1641;2023
2331;2023;3461;2023
0277;2023;5161;2023
0520;2023;2344;2023
0085;2023;1792;2023
9043;2023;698;2023
5057;2023;6333;2023
7768;2023;3926;2023
3179;2023;1528;2023
9324;2023;7864;2023
2260;2023;2634;2023
6784;2023;2793;2023
8328;2023;3672;2023
4345;2023;954;2023
7819;2023;640;2023
1667;2023;13680;2023
2128;2023;703;2023
1976;2023;594;2023
6356;2023;10780;2023
2019;2023;15920;2023
7506;2023;2177;2023
4141;2023;424;2023
6215;2023;3143;2023
6983;2023;2012;2023
6031;2023;2237;2023
3682;2023;150;2023
0083;2023;101;2023
7602;2023;1261;2023
7805;2023;2754;2023
1865;2023;5982;2023
3419;2023;1086;2023
7484;2023;501;2023
6555;2023;914;2023
5942;2023;530;2023
0573;2023;10514;2023
8169;2023;4530;2023
1058;2023;297;2023
7996;2023;13226;2023
7577;2023;649;2023
3380;2023;3605;2023
7131;2023;6901;2023
0467;2023;597;2023
3400;2023;2245;2023
2752;2023;5741;2023
2094;2023;895;2023
0426;2023;6333;2023
8428;2023;1689;2023
6770;2023;6861;2023
3672;2023;2519;2023
4340;2023;1615;2023
7659;2023;1602;2023
5915;2023;483;2023
0529;2023;4799;2023
7760;2023;2401;2023
2909;2023;2352;2023
8947;2023;2622;2023
4039;2023;2783;2023
9040;2023;1727;2023
9332;2023;5080;2023
5500;2023;2824;2023
2769;2023;5352;2023
7487;2023;1952;2023
4141;2023;9241;2023
2410;2023;2338;2023
3360;2023;5468;2023
9831;2023;2360;2023
6592;2023;1284;2023
0541;2023;2470;2023
4131;2023;5416;2023
3697;2023;6864;2023
9085;2023;3533;2023
7205;2023;825;2023
2275;2023;1426;2023
8849;2023;3921;2023
4727;2023;249;2023
2339;2023;702;2023
6760;2023;831;2023
0272;2023;2831;2023
4796;2023;509;2023
5974;2023;437;2023
3320;2023;4631;2023
9873;2023;6013;2023
3121;2023;917;2023
3611;2023;266;2023
7702;2023;374;2023
5657;2023;2366;2023
3966;2023;1923;2023
4634;2023;2787;2023
7795;2023;7922;2023
9372;2023;7280;2023
0602;2023;6024;2023
9138;2023;1019;2023
9787;2023;2084;2023
6031;2023;2298;2023
9224;2023;1220;2023
5704;2023;1664;2023
4911;2023;390;2023
1649;2023;354;2023
4216;2023;3684;2023
1146;2023;861;2023
6913;2023;284;2023
7456;2023;1225;2023
4413;2023;567;2023
0497;2023;3825;2023
4196;2023;8845;2023
3540;2023;3942;2023
3442;2023;14625;2023
3598;2023;2708;2023
6225;2023;9776;2023
9904;2023;2037;2023
6220;2023;2590;2023
8493;2023;2088;2023
3221;2023;1715;2023
6830;2023;7554;2023
4600;2023;1539;2023
1924;2023;98304;2023
9185;2023;2647;2023
5509;2023;1933;2023
3306;2023;847;2023
9946;2023;2125;2023
5391;2023;830;2023
2113;2023;535;2023
9390;2023;1689;2023
0193;2023;1106;2023
7536;2023;6250;2023
0629;2023;1313;2023
7991;2023;6293;2023
5839;2023;677;2023
3201;2023;1618;2023
0849;2023;7148;2023
0519;2023;1330;2023
8765;2023;295;2023
2510;2023;1675;2023
9241;2023;2979;2023
2683;2023;33608;2023
2200;2023;6428;2023
2022;2023;7596;2023
5914;2023;1447;2023
3594;2023;947;2023
6567;2023;30059;2023
5654;2023;718;2023
2050;2023;1516;2023
4985;2023;3568;2023
1085;2023;11833;2023
9395;2023;2124;2023
8968;2023;6023;2023
6308;2023;735;2023
4013;2023;1485;2023
0280;2023;1940;2023
9760;2023;1707;2023
8163;2023;7148;2023
1749;2023;2780;2023
0533;2023;1607;2023
3380;2023;8224;2023
6096;2023;841;2023
9145;2023;12834;2023
2205;2023;5678;2023
4031;2023;1976;2023
0934;2023;198843;2023
1450;2023;2008;2023
2693;2023;4728;2023
9470;2023;932;2023
3707;2023;2646;2023
5215;2023;3412;2023
2165;2023;8227;2023
4791;2023;6003;2023
9357;2023;2418;2023
9805;2023;4767;2023
0763;2023;7717;2023
7482;2023;4664;2023
0397;2023;14139;2023
0518;2023;5336;2023
8180;2023;123;2023
6896;2023;843;2023
3088;2023;519;2023
4719;2023;4640;2023
3548;2023;1036;2023
4950;2023;1115;2023
7690;2023;14943;2023
4766;2023;2141;2023
0994;2023;5700;2023
6030;2023;4573;2023
3301;2023;2157;2023
3976;2023;3928;2023
3300;2023;5170;2023
9337;2023;862;2023
9494;2023;430;2023
2281;2023;102887;2023
2762;2023;2178;2023
6069;2023;578;2023
3354;2023;9086;2023
9148;2023;4672;2023
8482;2023;6628;2023
8291;2023;7121;2023
1736;2023;12286;2023
1939;2023;5559;2023
3456;2023;764;2023
2585;2023;2931;2023
0123;2023;2205;2023
5661;2023;2014;2023
0366;2023;4162;2023
5646;2023;1655;2023
1270;2023;72;2023
7755;2023;2480;2023
8644;2023;2934;2023
1035;2023;2079;2023
8940;2023;1981;2023
5557;2023;3122;2023
7045;2023;1968;2023
0043;2023;632;2023
4879;2023;6748;2023
5911;2023;6821;2023
3543;2023;2107;2023
8310;2023;14774;2023
4061;2023;9080;2023
5319;2023;1047;2023
6975;2023;1755;2023
3458;2023;9155;2023
1168;2023;27265;2023
9753;2023;7097;2023
0046;2023;5466;2023
5225;2023;5981;2023
8424;2023;10889;2023
4851;2023;5124;2023
7682;2023;10755;2023
0417;2023;825;2023
2016;2023;11252;2023
9563;2023;3455;2023
1728;2023;13306;2023
8014;2023;1011;2023
5978;2023;198121;2023
0786;2023;968;2023
4590;2023;2947;2023
7549;2023;5949;2023
4988;2023;20310;2023
7094;2023;5872;2023
1352;2023;1681;2023
3862;2023;4751;2023
6961;2023;1152;2023
3865;2023;2164;2023
4780;2023;888;2023
1470;2023;7743;2023
8600;2023;9664;2023
6414;2023;536;2023
9214;2023;2567;2023
0644;2023;1131;2023
7144;2023;7901;2023
5038;2023;3120;2023
9713;2023;12989;2023
8885;2023;8887;2023
9393;2023;9583;2023
5530;2023;3227;2023
1621;2023;10221;2023
0943;2023;5314;2023
0376;2023;5575;2023
5956;2023;10720;2023
3928;2023;5538;2023
6234;2023;5351;2023
5670;2023;3901;2023
7066;2023;18973;2023
8037;2023;4555;2023
0581;2023;15241;2023
0143;2023;8599;2023
6802;2023;10345;2023
9944;2023;9873;2023
0823;2023;3759;2023
5095;2023;25159;2023
6332;2023;6788;2023
1447;2023;5716;2023
6439;2023;6281;2023
9209;2023;14627;2023
5198;2023;8555;2023
3868;2023;10464;2023
1064;2023;13247;2023
5507;2023;7111;2023
3057;2023;13238;2023
6627;2023;9243;2023
6804;2023;171207;2023
5617;2023;6050;2023
1703;2023;3992;2023
1943;2023;14764;2023
7172;2023;8237;2023
2935;2023;6134;2023
2332;2023;11379;2023
0477;2023;25853;2023
2538;2023;4173;2023
3728;2023;1779;2023
8178;2023;4384;2023
9714;2023;3417;2023
0776;2023;3519;2023
1728;2023;3898;2023
4662;2023;4237;2023
8736;2023;10261;2023
6891;2023;8538;2023
7072;2023;3296;2023
5385;2023;72523;2023
5599;2023;33364;2023
4404;2023;15058;2023
7830;2023;11078;2023
7720;2023;7182;2023
9448;2023;8327;2023
9058;2023;2980;2023
1255;2023;15142;2023
2318;2023;16754;2023
1349;2023;1174;2023
7584;2023;34478;2023
4569;2023;1723;2023
2961;2023;4174;2023
9071;2023;2640;2023
5809;2023;17278;2023
4191;2023;5283;2023
9960;2023;6416;2023
0466;2023;24395;2023
1730;2023;184597;2023
2214;2023;943;2023
2769;2023;2111;2023
0046;2023;3307;2023
3198;2023;16110;2023
8102;2023;10165;2023
4110;2023;2030;2023
7303;2023;18268;2023
5345;2023;2147;2023
7389;2023;1579;2023
6652;2023;3809;2023
5303;2023;6307;2023
9129;2023;669;2023
3099;2023;6583;2023
6637;2023;10827;2023
0583;2023;3487;2023
5570;2023;6165;2023
4033;2023;40996;2023
5782;2023;9595;2023
9603;2023;8813;2023
4710;2023;2411;2023
9282;2023;15579;2023
7916;2023;12945;2023
8614;2023;25999;2023
3646;2023;4702;2023
5868;2023;12347;2023
1032;2023;9647;2023
4839;2023;7129;2023
1052;2023;5777;2023
8561;2023;390098;2023
2729;2023;3187;2023
1845;2023;18365;2023
7517;2023;13690;2023
5978;2023;1863;2023
3334;2023;35373;2023
0288;2023;3382;2023
2605;2023;1905;2023
5915;2023;1214;2023
3257;2023;3322;2023
6086;2023;4506;2023
0705;2023;6626;2023
9007;2023;18496;2023
4146;2023;20694;2023
7332;2023;16357;2023
7610;2023;5462;2023
7525;2023;13981;2023
2317;2023;6544;2023
5573;2023;1912;2023
6697;2023;4835;2023
1539;2023;5629;2023
3693;2023;12915;2023
4023;2023;3928;2023
0201;2023;69332;2023
4469;2023;2204;2023
4056;2023;4510;2023
8156;2023;9208;2023
5261;2023;6871;2023
1058;2023;16720;2023
0666;2023;8949;2023
8402;2023;15709;2023
2812;2023;3873;2023
2554;2023;6110;2023
6852;2023;10813;2023
0081;2023;6414;2023
4524;2023;4576;2023
9470;2023;14063;2023
1290;2023;17746;2023
9368;2023;7326;2023
6368;2023;8413;2023
4677;2023;4216;2023
4331;2023;9503;2023
4108;2023;27960;2023
7242;2023;32699;2023
8564;2023;12929;2023
7916;2023;7351;2023
4489;2023;14868;2023
9400;2023;7645;2023
7471;2023;19369;2023
1144;2023;31925;2023
6227;2023;7050;2023
5436;2023;21110;2023
7529;2023;13918;2023
7415;2023;35391;2023
2746;2023;11037;2023
7434;2023;22054;2023
0042;2023;15739;2023
5220;2023;129391;2023
3382;2023;2618;2023
4368;2023;4662;2023
7071;2023;2299;2023
2985;2023;6417;2023
3408;2023;5583;2023
7201;2023;9760;2023
6429;2023;11996;2023
1214;2023;7658;2023
0638;2023;3581;2023
8514;2023;3436;2023
1817;2023;8461;2023
4436;2023;10142;2023
8218;2023;7425;2023
0586;2023;6986;2023
7901;2023;11557;2023
5792;2023;16480;2023
9578;2023;2393;2023
3189;2023;7172;2023
4136;2023;2504;2023
3735;2023;9550;2023
3397;2023;28964;2023
2475;2023;9637;2023
1391;2023;7367;2023
7571;2023;58843;2023
5496;2023;8159;2023
0120;2023;32225;2023
2143;2023;10746;2023
6748;2023;156304;2023
2583;2023;5785;2023
2592;2023;12285;2023
3992;2023;2852;2023
0382;2023;4406;2023
4993;2023;5579;2023
2533;2023;11089;2023
2328;2023;2884;2023
9503;2023;6449;2023
4613;2023;96066;2023
2471;2023;26008;2023
9290;2023;3643;2023
9703;2023;1560;2023
1968;2023;117050;2023
4589;2023;13075;2023
1287;2023;2502;2023
7714;2023;10816;2023
1262;2023;9416;2023
5760;2023;7270;2023
0775;2023;9967;2023
3304;2023;6837;2023
1628;2023;4297;2023
2571;2023;1686;2023
0512;2023;757;2023
3884;2023;6284;2023
5565;2023;688;2023
5580;2023;1784;2023
5261;2023;3453;2023
3269;2023;12295;2023
8627;2023;4003;2023
7182;2023;3337;2023
2773;2023;17997;2023
4291;2023;3159;2023
1989;2023;1120;2023
8824;2023;1741;2023
6846;2023;4166;2023
1087;2023;1692;2023
2897;2023;745;2023
2215;2023;522;2023
4576;2023;7949;2023
2457;2023;1979;2023
9389;2023;1722;2023
2029;2023;8052;2023
3081;2023;59992;2023
7022;2023;8240;2023
8771;2023;9057;2023
6300;2023;851;2023
3673;2023;294;2023
0741;2023;1216;2023
9675;2023;5471;2023
5257;2023;4893;2023
3024;2023;546;2023
0143;2023;1427;2023
0743;2023;1896;2023
3533;2023;1321;2023
9455;2023;1045;2023
2059;2023;2091;2023
6353;2023;3627;2023
4475;2023;14325;2023
2469;2023;2739;2023
2355;2023;585;2023
0064;2023;2475;2023
9678;2023;1125;2023
5829;2023;7086;2023
3340;2023;2811;2023
3607;2023;646;2023
3954;2023;5765;2023
0061;2023;95392;2023
2713;2023;2809;2023
9011;2023;2021;2023
2885;2023;577;2023
1975;2023;1811;2023
8860;2023;4573;2023
7980;2023;3183;2023
3367;2023;3883;2023
8743;2023;1468;2023
8010;2023;881;2023
4065;2023;831;2023
0639;2023;7934;2023
5329;2023;6891;2023
4901;2023;13819;2023
5512;2023;15005;2023
1678;2023;12319;2023
3655;2023;5226;2023
5480;2023;4908;2023
8901;2023;4629;2023
1260;2023;99377;2023
3311;2023;4190;2023
0386;2023;1264;2023
4501;2023;2075;2023
0041;2023;7064;2023
8916;2023;2492;2023
0264;2023;4926;2023
4065;2023;18451;2023
9198;2023;1550;2023
3181;2023;3557;2023
9129;2023;3379;2023
6020;2023;14260;2023
2787;2023;4751;2023
4029;2023;4383;2023
0792;2023;28791;2023
9277;2023;25685;2023
2015;2023;8855;2023
1543;2023;1668;2023
9032;2023;39301;2023
8954;2023;12978;2023
4922;2023;5982;2023
2775;2023;984;2023
6644;2023;3240;2023
3854;2023;1839;2023
3106;2023;9788;2023
5901;2023;2974;2023
8136;2023;6684;2023
4605;2023;1813;2023
9595;2023;3764;2023
6305;2023;2088;2023
7377;2023;34774;2023
2517;2023;6264;2023
0164;2023;3076;2023
3629;2023;697;2023
9832;2023;4586;2023
4061;2023;1813;2023
7778;2023;2008;2023
1118;2023;893;2023
2869;2023;3943;2023
2275;2023;6808;2023
9945;2023;44090;2023
5430;2023;3560;2023
3330;2023;2548;2023
6924;2023;4089;2023
4964;2023;2112;2023
2557;2023;7586;2023
7792;2023;2027;2023
6722;2023;4078;2023
0545;2023;1851;2023
8647;2023;147;2023
2218;2023;1603;2023
8821;2023;6041;2023
8058;2023;472;2023
8463;2023;4360;2023
6731;2023;221;2023
5803;2023;437;2023
1969;2023;9556;2023
1219;2023;41965;2023
1987;2023;1157;2023
9643;2023;14658;2023
9090;2023;1897;2023
4799;2023;606;2023
2169;2023;1260;2023
0501;2023;519;2023
2234;2023;718;2023
5783;2023;2133;2023
5263;2023;40538;2023
1000;2023;9081;2023
2582;2023;4311;2023
3569;2023;6761;2023
5079;2023;103;2023
8779;2023;7395;2023
9412;2023;3312;2023
6715;2023;3358;2023
0369;2023;7464;2023
4669;2023;685;2023
5803;2023;9792;2023
9085;2023;800;2023
0835;2023;928;2023
6459;2023;1825;2023
7979;2023;1225;2023
4522;2023;957;2023
0308;2023;218;2023
5473;2023;6216;2023
3020;2023;12466;2023
5947;2023;15470;2023
4424;2023;20673;2023
1694;2023;801;2023
0195;2023;3055;2023
2547;2023;11826;2023
3837;2023;1259;2023
1659;2023;3053;2023
5370;2023;445;2023
6468;2023;886;2023
9874;2023;1036;2023
1181;2023;17719;2023
5356;2023;9033;2023
8633;2023;2391;2023
2948;2023;360;2023
4154;2023;952;2023
6127;2023;893;2023
3914;2023;2453;2023
0458;2023;3621;2023
1943;2023;1635;2023
1833;2023;955;2023
0203;2023;45448;2023
2382;2023;981;2023
9762;2023;8431;2023
7952;2023;2540;2023
0833;2023;2233;2023
9391;2023;3628;2023
3954;2023;2911;2023
1061;2023;853;2023
4326;2023;5388;2023
8569;2023;8746;2023
3072;2023;1104;2023
0970;2023;15851;2023
1726;2023;2207;2023
3195;2023;1591;2023
4334;2023;4444;2023
9518;2023;1848;2023
9333;2023;457;2023
2074;2023;1959;2023
4639;2023;399;2023
7925;2023;533;2023
3745;2023;13043;2023
4354;2023;4617;2023
6977;2023;158;2023
2773;2023;4141;2023
6319;2023;1840;2023
4373;2023;789;2023
4718;2023;47045;2023
5824;2023;7164;2023
2096;2023;1884;2023
9874;2023;10671;2023
9351;2023;1658;2023
3427;2023;59757;2023
5421;2023;931;2023
8313;2023;666;2023
7784;2023;2164;2023
1126;2023;7034;2023
3948;2023;4601;2023
6777;2023;4729;2023
8248;2023;65992;2023
7091;2023;10038;2023
5051;2023;2293;2023
1036;2023;2104;2023
5158;2023;6862;2023
4507;2023;1912;2023
3196;2023;4651;2023
6188;2023;919;2023
5992;2023;15952;2023
7065;2023;5576;2023
4641;2023;9462;2023
2028;2023;6677;2023
6917;2023;31864;2023
0914;2023;2005;2023
1777;2023;46402;2023
0810;2023;503;2023
4825;2023;5622;2023
5253;2023;1705;2023
9404;2023;5053;2023
1867;2023;6777;2023
8593;2023;551;2023
0402;2023;3608;2023
7593;2023;89234;2023
2456;2023;21865;2023
2846;2023;1778;2023
3297;2023;988;2023
6300;2023;4435;2023
5448;2023;3282;2023
0296;2023;2084;2023
2685;2023;22788;2023
7545;2023;2221;2023
8894;2023;8840;2023
1567;2023;1328;2023
4677;2023;12435;2023
6398;2023;2903;2023
2192;2023;787;2023
7261;2023;60755;2023
5731;2023;1470;2023
7899;2023;1170;2023
5469;2023;705;2023
2943;2023;1001;2023
6951;2023;17969;2023
0642;2023;8725;2023
2497;2023;7401;2023
9688;2023;6280;2023
0324;2023;3263;2023
0119;2023;7766;2023
6013;2023;20827;2023
1173;2023;10568;2023
6865;2023;21106;2023
1247;2023;19276;2023
6668;2023;9123;2023
5022;2023;89054;2023
5225;2023;8791;2023
9465;2023;26972;2023
2393;2023;1426;2023
9900;2023;11802;2023
8500;2023;5646;2023
2511;2023;4495;2023
9918;2023;1814;2023
7256;2023;7585;2023
0991;2023;25041;2023
3250;2023;10968;2023
3627;2023;18276;2023
8222;2023;18086;2023
7407;2023;47639;2023
9167;2023;7822;2023
3438;2023;17262;2023
3049;2023;10727;2023
2749;2023;15604;2023
6319;2023;5534;2023
4216;2023;49113;2023
1928;2023;13813;2023
3077;2023;362613;2023
9593;2023;4422;2023
1763;2023;22869;2023
2314;2023;4851;2023
3743;2023;13357;2023
7145;2023;14346;2023
8990;2023;19712;2023
2885;2023;1826;2023
0525;2023;2881;2023
7585;2023;3470;2023
6576;2023;14296;2023
8817;2023;13186;2023
1027;2023;1081;2023
5604;2023;7841;2023
3984;2023;20171;2023
6457;2023;16536;2023
1439;2023;8552;2023
8796;2023;7058;2023
8277;2023;16428;2023
1988;2023;1040;2023
6923;2023;49384;2023
8110;2023;48997;2023
7991;2023;19013;2023
9411;2023;5224;2023
8611;2023;8082;2023
1848;2023;14578;2023
9011;2023;23197;2023
8099;2023;11957;2023
9906;2023;11932;2023
6136;2023;3201;2023
2763;2023;12402;2023
7874;2023;4683;2023
5608;2023;3925;2023
3647;2023;371;2023
3150;2023;8699;2023
6364;2023;28061;2023
9895;2023;16410;2023
0718;2023;153418;2023
4509;2023;2047;2023
8582;2023;1876;2023
7445;2023;32509;2023
3389;2023;3632;2023
2796;2023;11845;2023
8274;2023;30033;2023
2756;2023;6415;2023
7469;2023;472;2023
3810;2023;2932;2023
5304;2023;3384;2023
4899;2023;8653;2023
0256;2023;5520;2023
1051;2023;6312;2023
8907;2023;12804;2023
7250;2023;6361;2023
3589;2023;1079;2023
6061;2023;44800;2023
2476;2023;13625;2023
5736;2023;1846;2023
0166;2023;2083;2023
9917;2023;1321;2023
4247;2023;3620;2023
6101;2023;1185;2023
6648;2023;1281;2023
9497;2023;1688;2023
1517;2023;2176;2023
0741;2023;794;2023
1735;2023;11235;2023
6218;2023;639;2023
6440;2023;4548;2023
5368;2023;4684;2023
1558;2023;89117;2023
8434;2023;5280;2023
8828;2023;15570;2023
0346;2023;29695;2023
9606;2023;1623;2023
9402;2023;30749;2023
5825;2023;27786;2023
7885;2023;14754;2023
6217;2023;1610;2023
0351;2023;13358;2023
2831;2023;4369;2023
7196;2023;11839;2023
8682;2023;8567;2023
6378;2023;9470;2023
3978;2023;12202;2023
4399;2023;5431;2023
9192;2023;5399;2023
7538;2023;96330;2023
7166;2023;957;2023
5123;2023;11904;2023
6464;2023;9931;2023
5561;2023;5236;2023
5302;2023;1340;2023
6284;2023;2911;2023
2701;2023;2454;2023
4628;2023;2128;2023
4255;2023;12865;2023
8681;2023;9492;2023
8936;2023;835;2023
3214;2023;1856;2023
3260;2023;8715;2023
7358;2023;20997;2023
7826;2023;9043;2023
8694;2023;5867;2023
9309;2023;3416;2023
6945;2023;3452;2023
9430;2023;509;2023
4158;2023;1710;2023
8061;2023;8527;2023
6334;2023;24250;2023
3016;2023;837;2023
0867;2023;2971;2023
0817;2023;5799;2023
4497;2023;16469;2023
1930;2023;15120;2023
2297;2023;1171;2023
8418;2023;6340;2023
8868;2023;988;2023
5312;2023;12011;2023
9910;2023;9767;2023
2260;2023;5409;2023
5358;2023;6338;2023
9933;2023;6128;2023
6437;2023;6801;2023
8436;2023;2984;2023
7041;2023;3721;2023
7346;2023;2616;2023
1072;2023;8940;2023
5388;2023;2114;2023
5447;2023;2488;2023
5614;2023;6990;2023
5667;2023;1707;2023
0704;2023;8116;2023
0350;2023;21486;2023
8832;2023;2504;2023
5402;2023;13173;2023
8139;2023;9934;2023
8566;2023;9039;2023
5004;2023;1649;2023
6247;2023;2474;2023
6263;2023;3867;2023
8668;2023;1966;2023
5922;2023;28205;2023
4149;2023;1445;2023
9750;2023;1048;2023
5264;2023;965;2023
0208;2023;5107;2023
1434;2023;1444;2023
5686;2023;7476;2023
2351;2023;2587;2023
8432;2023;4542;2023
5061;2023;52833;2023
6758;2023;12029;2023
5794;2023;9885;2023
3390;2023;6969;2023
9492;2023;1155;2023
3936;2023;5605;2023
2541;2023;4227;2023
2520;2023;2325;2023
3488;2023;3753;2023
7697;2023;4771;2023
2308;2023;1292;2023
2777;2023;7105;2023
5519;2023;2421;2023
9000;2023;2915;2023
1606;2023;20307;2023
0818;2023;8301;2023
4591;2023;81482;2023
8934;2023;1294;2023
8853;2023;3272;2023
4983;2023;7023;2023
4428;2023;8174;2023
4768;2023;11783;2023
2049;2023;1176;2023
8751;2023;14149;2023
9592;2023;3545;2023
8586;2023;919;2023
4635;2023;8736;2023
4512;2023;2493;2023
5602;2023;4309;2023
3210;2023;3744;2023
4286;2023;998;2023
5585;2023;3032;2023
6925;2023;1278;2023
6533;2023;978;2023
1954;2023;27507;2023
5988;2023;21292;2023
0747;2023;4256;2023
2220;2023;4743;2023
7616;2023;2323;2023
8093;2023;4171;2023
8333;2023;2966;2023
4414;2023;3043;2023
2651;2023;15136;2023
7826;2023;970;2023
5286;2023;3372;2023
9422;2023;7399;2023
3122;2023;38100;2023
5633;2023;3302;2023
7240;2023;21619;2023
0597;2023;1046;2023
5594;2023;9486;2023
6556;2023;55265;2023
3901;2023;2611;2023
4281;2023;1869;2023
4751;2023;3663;2023
6236;2023;5616;2023
2828;2023;14255;2023
7677;2023;30388;2023
1819;2023;610;2023
7334;2023;14652;2023
5282;2023;17988;2023
4082;2023;3604;2023
9491;2023;1412;2023
5123;2023;5326;2023
1649;2023;552;2023
5284;2023;1084;2023
0942;2023;1541;2023
1640;2023;5530;2023
5670;2023;4497;2023
9058;2023;940;2023
2571;2023;5293;2023
3320;2023;5691;2023
6326;2023;162099;2023
0721;2023;3347;2023
4151;2023;1973;2023
0939;2023;91;2023
0198;2023;698;2023
9787;2023;11092;2023
5485;2023;484;2023
1498;2023;1244;2023
8493;2023;435;2023
8382;2023;964;2023
4742;2023;2308;2023
6443;2023;8270;2023
1366;2023;36149;2023
8556;2023;15572;2023
6463;2023;6598;2023
1852;2023;7959;2023
8847;2023;3732;2023
8311;2023;16254;2023
3024;2023;3226;2023
2211;2023;327;2023
5735;2023;1282;2023
6057;2023;4391;2023
6124;2023;1691;2023
8952;2023;1345;2023
4965;2023;11518;2023
0320;2023;2526;2023
5120;2023;1974;2023
5685;2023;2555;2023
0060;2023;1671;2023
1436;2023;1989;2023
2156;2023;2648;2023
5501;2023;2580;2023
5861;2023;1777;2023
6187;2023;1547;2023
0881;2023;1830;2023
3808;2023;1728;2023
8297;2023;1404;2023
4281;2023;4780;2023
2172;2023;1493;2023
0869;2023;1285;2023
0590;2023;1114;2023
0978;2023;1361;2023
9832;2023;17861;2023
2685;2023;19319;2023
4115;2023;1676;2023
0911;2023;477;2023
0033;2023;1016;2023
5678;2023;204;2023
6035;2023;1848;2023
8956;2023;4690;2023
4519;2023;2161;2023
1554;2023;4604;2023
4261;2023;106436;2023
3386;2023;2347;2023
6022;2023;5273;2023
8706;2023;820;2023
8084;2023;3327;2023
5635;2023;986;2023
5458;2023;4629;2023
1676;2023;1286;2023
9141;2023;2892;2023
5723;2023;3671;2023
6448;2023;1692;2023
6323;2023;909;2023
8478;2023;2915;2023
0376;2023;5009;2023
2907;2023;1663;2023
9683;2023;6354;2023
5769;2023;5162;2023
4109;2023;1947;2023
9151;2023;2411;2023
8891;2023;2301;2023
8238;2023;1298;2023
1949;2023;1075;2023
2210;2023;15143;2023
9554;2023;1450;2023
0307;2023;3550;2023
7860;2023;8217;2023
6785;2023;1995;2023
3751;2023;1382;2023
1734;2023;2563;2023
8083;2023;1241;2023
1023;2023;2090;2023
4200;2023;2387;2023
9434;2023;2096;2023
4295;2023;763;2023
6905;2023;854;2023
5405;2023;3207;2023
0462;2023;8689;2023
9301;2023;13008;2023
2375;2023;1854;2023
6835;2023;4759;2023
7096;2023;9467;2023
5076;2023;890;2023
3109;2023;3699;2023
5590;2023;9087;2023
6050;2023;1998;2023
0138;2023;530;2023
5258;2023;8429;2023
2792;2023;1223;2023
7350;2023;2017;2023
5355;2023;7909;2023
9412;2023;6738;2023
6282;2023;15953;2023
7310;2023;288;2023
6814;2023;8189;2023
4947;2023;2789;2023
4534;2023;2397;2023
9622;2023;3985;2023
3071;2023;2142;2023
7711;2023;13351;2023
5272;2023;4293;2023
2267;2023;66188;2023
1430;2023;5256;2023
3429;2023;516;2023
3849;2023;2208;2023
9043;2023;2292;2023
9761;2023;208;2023
6446;2023;631;2023
9481;2023;573;2023
8042;2023;4198;2023
2929;2023;913;2023
6240;2023;2439;2023
6212;2023;1663;2023
5461;2023;670;2023
3087;2023;1190;2023
4912;2023;271;2023
8422;2023;996;2023
2697;2023;1186;2023
2532;2023;6411;2023
6602;2023;388;2023
3697;2023;382;2023
3718;2023;367;2023
6126;2023;125;2023
9475;2023;1589;2023
7551;2023;455;2023
3896;2023;277;2023
9260;2023;572;2023
5447;2023;3665;2023
6914;2023;530;2023
9624;2023;13843;2023
6180;2023;1169;2023
6853;2023;3229;2023
3898;2023;754;2023
8535;2023;1465;2023
7424;2023;354;2023
0155;2023;2085;2023
3338;2023;516;2023
1623;2023;3459;2023
0838;2023;57;2023
8517;2023;112;2023
8922;2023;512;2023
7472;2023;392;2023
6814;2023;801;2023
0398;2023;1154;2023
5865;2023;267;2023
7570;2023;647;2023
9405;2023;4066;2023
7311;2023;340;2023
6446;2023;195;2023
6887;2023;392;2023
3138;2023;157;2023
7728;2023;1824;2023
9304;2023;1025;2023
3815;2023;1965;2023
9813;2023;1275;2023
3948;2023;6124;2023
9469;2023;2790;2023
4555;2023;2560;2023
6696;2023;547;2023
0132;2023;554;2023
9787;2023;310;2023
4550;2023;45286;2023
7898;2023;1137;2023
7231;2023;542;2023
5551;2023;779;2023
5958;2023;477;2023
3944;2023;3227;2023
7281;2023;1135;2023
3838;2023;2178;2023
9797;2023;1366;2023
3292;2023;1071;2023
7914;2023;1285;2023
3048;2023;1220;2023
5099;2023;237;2023
1849;2023;233;2023
7527;2023;160;2023
1123;2023;1404;2023
4997;2023;1684;2023
8183;2023;39773;2023
1596;2023;3734;2023
2726;2023;19062;2023
2155;2023;850;2023
8596;2023;59633;2023
3109;2023;1222;2023
5904;2023;17971;2023
1991;2023;1361;2023
8063;2023;13654;2023
7795;2023;2626;2023
0603;2023;18490;2023
4932;2023;412;2023
9379;2023;10935;2023
9173;2023;4174;2023
3730;2023;364;2023
5070;2023;10855;2023
3617;2023;318;2023
2892;2023;3995;2023
3793;2023;608;2023
1853;2023;8615;2023
8029;2023;7026;2023
5654;2023;8617;2023
2891;2023;844;2023
8792;2023;10816;2023
0754;2023;1073;2023
7431;2023;464;2023
5096;2023;37973;2023
8473;2023;1253;2023
3668;2023;583;2023
4949;2023;51697;2023
7493;2023;2011;2023
9893;2023;20454;2023
5485;2023;4223;2023
1860;2023;16455;2023
6583;2023;453;2023
3340;2023;13790;2023
4881;2023;22805;2023
8776;2023;6505;2023
0431;2023;1872;2023
0650;2023;5711;2023
9012;2023;22674;2023
1242;2023;1143;2023
1895;2023;655;2023
4007;2023;20356;2023
8452;2023;88992;2023
4509;2023;320;2023
7531;2023;6427;2023
8039;2023;12892;2023
9849;2023;887;2023
5174;2023;1375;2023
7166;2023;904;2023
9991;2023;7739;2023
6536;2023;770;2023
3793;2023;7008;2023
1809;2023;46404;2023
0667;2023;2936;2023
2684;2023;22605;2023
5552;2023;11757;2023
8416;2023;1144;2023
1398;2023;2021;2023
4257;2023;5137;2023
1246;2023;8582;2023
7720;2023;41125;2023
3929;2023;1910;2023
5872;2023;2442;2023
0842;2023;8476;2023
3971;2023;1323;2023
3250;2023;1870;2023
0959;2023;1906;2023
9235;2023;48237;2023
1597;2023;6353;2023
0154;2023;22138;2023
8028;2023;12988;2023
7577;2023;221;2023
9200;2023;732;2023
7591;2023;2208;2023
5174;2023;64451;2023
5197;2023;1245;2023
5123;2023;10417;2023
5387;2023;10083;2023
3842;2023;754;2023
8371;2023;171;2023
0854;2023;360;2023
7158;2023;17648;2023
4072;2023;243;2023
2646;2023;12023;2023
5724;2023;912;2023
3501;2023;634;2023
1875;2023;2751747;2023
5015;2023;1229;2023
4271;2023;7403;2023
3046;2023;828;2023
4660;2023;1422;2023
5287;2023;2762;2023
1885;2023;18446;2023
3566;2023;4982;2023
9166;2023;3435;2023
6619;2023;3035;2023
1597;2023;172;2023
8581;2023;8976;2023
2314;2023;8524;2023
2069;2023;55061;2023
2752;2023;4718;2023
7793;2023;1090;2023
9953;2023;5807;2023
9396;2023;232;2023
7182;2023;272;2023
9132;2023;15697;2023
2664;2023;52862;2023
9435;2023;3533;2023
5375;2023;152;2023
0274;2023;18645;2023
4892;2023;13176;2023
1791;2023;40855;2023
1308;2023;50292;2023
0045;2023;38670;2023
6431;2023;16223;2023
0926;2023;82481;2023
9273;2023;32719;2023
0823;2023;74470;2023
4002;2023;1433;2023
3827;2023;566;2023
7045;2023;4065;2023
1570;2023;36213;2023
3113;2023;10379;2023
0776;2023;39760;2023
4278;2023;36883;2023
5578;2023;19300;2023
1194;2023;10431;2023
0155;2023;127859;2023
2423;2023;4081;2023
1331;2023;2940;2023
3073;2023;20389;2023
2194;2023;6042;2023
2215;2023;3679;2023
1024;2023;15080;2023
2399;2023;3311;2023
9807;2023;13775;2023
3661;2023;1141;2023
4927;2023;4139;2023
1656;2023;1081;2023
5035;2023;1051;2023
8065;2023;19431;2023
7296;2023;10146;2023
6104;2023;6843;2023
9962;2023;9994;2023
4711;2023;23753;2023
8187;2023;7367;2023
5040;2023;3042;2023
7401;2023;2856;2023
9161;2023;44684;2023
8307;2023;689;2023
3174;2023;258;2023
4662;2023;1821;2023
9574;2023;27605;2023
7134;2023;2484;2023
7258;2023;4082;2023
8136;2023;20627;2023
2368;2023;4916;2023
5217;2023;5390;2023
2884;2023;2199;2023
2121;2023;6614;2023
8754;2023;4117;2023
6376;2023;2405;2023
0535;2023;676;2023
1727;2023;8302;2023
7935;2023;2642;2023
4272;2023;1609;2023
3769;2023;525;2023
2708;2023;2422;2023
4151;2023;35091;2023
3207;2023;3176;2023
8819;2023;846;2023
9047;2023;3784;2023
4500;2023;4418;2023
0387;2023;22207;2023
0302;2023;8050;2023
4090;2023;7782;2023
5176;2023;1783;2023
6785;2023;879;2023
9886;2023;615;2023
3838;2023;1514;2023
5646;2023;3573;2023
7328;2023;513;2023
9996;2023;20048;2023
0688;2023;535;2023
9774;2023;10079;2023
1086;2023;2684;2023
1479;2023;1225;2023
8442;2023;43305;2023
8358;2023;1951;2023
7389;2023;1182;2023
5120;2023;2295;2023
3729;2023;1506;2023
9877;2023;10645;2023
7143;2023;11983;2023
5609;2023;3164;2023
6363;2023;7877;2023
1606;2023;1284;2023
3618;2023;3061;2023
8889;2023;1390;2023
1468;2023;1098;2023
9312;2023;2625;2023
3345;2023;6297;2023
3811;2023;4331;2023
4095;2023;2403;2023
6809;2023;3878;2023
8006;2023;12198;2023
8043;2023;1027;2023
6133;2023;5031;2023
5828;2023;872;2023
3317;2023;6754;2023
2138;2023;297;2023
6342;2023;1860;2023
7054;2023;2959;2023
7104;2023;3055;2023
0256;2023;872;2023
1068;2023;1265;2023
0186;2023;1811;2023
1030;2023;5654;2023
5977;2023;1180;2023
5043;2023;2360;2023
3937;2023;2954;2023
6770;2023;718;2023
2311;2023;2361;2023
1788;2023;24811;2023
5678;2023;2274;2023
5901;2023;4600;2023
6444;2023;285;2023
9925;2023;1297;2023
0598;2023;4675;2023
3217;2023;1720;2023
6404;2023;1611;2023
2762;2023;2395;2023
5375;2023;895;2023
6558;2023;1391;2023
6562;2023;19543;2023
2083;2023;717;2023
8420;2023;2068;2023
0343;2023;1142;2023
7672;2023;2472;2023
0988;2023;1598;2023
8595;2023;296;2023
0556;2023;1165;2023
3171;2023;7389;2023
1268;2023;4450;2023
0079;2023;5362;2023
8517;2023;49544;2023
4331;2023;2014;2023
7783;2023;5998;2023
6782;2023;1756;2023
0404;2023;5127;2023
9577;2023;5379;2023
0171;2023;1962;2023
3014;2023;5706;2023
4364;2023;10029;2023
3862;2023;1420;2023
6030;2023;17773;2023
3159;2023;7077;2023
2291;2023;7086;2023
3569;2023;12890;2023
5127;2023;21497;2023
5584;2023;9519;2023
9225;2023;8260;2023
0689;2023;72699;2023
4785;2023;1441;2023
4013;2023;1034;2023
7728;2023;1367;2023
3439;2023;3585;2023
8506;2023;29524;2023
2077;2023;4723;2023
7370;2023;9644;2023
6509;2023;363;2023
4670;2023;1151;2023
6894;2023;6644;2023
7840;2023;1929;2023
7114;2023;749;2023
6742;2023;1459;2023
9244;2023;4616;2023
8580;2023;8922;2023
1289;2023;454;2023
1132;2023;2029;2023
9275;2023;622;2023
4234;2023;3242;2023
0500;2023;6731;2023
9776;2023;12900;2023
5889;2023;628;2023
5891;2023;1068;2023
5573;2023;16239;2023
6148;2023;10029;2023
6723;2023;36768;2023
2352;2023;38292;2023
3040;2023;1946;2023
0952;2023;3004;2023
1040;2023;28616;2023
8339;2023;27397;2023
6084;2023;12691;2023
0206;2023;2871;2023
4954;2023;2057;2023
4292;2023;10068;2023
9339;2023;4457;2023
4929;2023;2801;2023
3783;2023;5732;2023
1708;2023;1523;2023
9126;2023;7722;2023
2092;2023;1348;2023
7444;2023;1372;2023
8895;2023;1620;2023
6402;2023;1162;2023
2196;2023;7621;2023
4796;2023;2216;2023
5317;2023;3007;2023
0384;2023;3157;2023
7121;2023;820;2023
0055;2023;430;2023
1506;2023;1690;2023
1902;2023;13298;2023
1790;2023;16821;2023
4990;2023;870;2023
6099;2023;14903;2023
7267;2023;22071;2023
7173;2023;806;2023
1312;2023;1950;2023
7852;2023;12157;2023
8350;2023;14312;2023
9201;2023;32122;2023
7297;2023;2540;2023
9668;2023;5785;2023
5226;2023;2073;2023
2007;2023;15139;2023
1950;2023;20209;2023
7652;2023;7189;2023
2119;2023;8785;2023
4301;2023;11147;2023
6991;2023;14962;2023
3939;2023;742;2023
6551;2023;20512;2023
5233;2023;6323;2023
4196;2023;750;2023
9013;2023;2624;2023
5471;2023;7407;2023
8249;2023;12658;2023
9697;2023;7696;2023
7200;2023;3372;2023
7931;2023;8240;2023
0480;2023;7021;2023
6866;2023;6455;2023
9202;2023;8057;2023
2218;2023;2640;2023
0380;2023;5251;2023
1195;2023;2467;2023
9610;2023;1992;2023
6568;2023;734;2023
8169;2023;2062;2023
8725;2023;56048;2023
4626;2023;1373;2023
9401;2023;1969;2023
0788;2023;1528;2023
3060;2023;2504;2023
5858;2023;975;2023
8038;2023;1661;2023
3397;2023;1179;2023
3975;2023;772;2023
2546;2023;1334;2023
7794;2023;1146;2023
4357;2023;2392;2023
5729;2023;962;2023
7176;2023;1891;2023
8035;2023;3180;2023
3530;2023;3579;2023
6637;2023;2122;2023
2750;2023;2156;2023
8585;2023;3737;2023
0522;2023;2652;2023
9049;2023;2066;2023
9892;2023;3279;2023
7656;2023;3109;2023
3090;2023;1327;2023
4545;2023;1202;2023
5737;2023;940;2023
4921;2023;1658;2023
8164;2023;2013;2023
7870;2023;388;2023
0975;2023;4512;2023
3810;2023;4204;2023
5907;2023;1691;2023
2035;2023;3997;2023
1637;2023;1434;2023
9381;2023;1295;2023
5073;2023;12997;2023
3315;2023;4496;2023
2987;2023;3584;2023
7490;2023;2219;2023
7989;2023;1986;2023
9780;2023;1955;2023
8328;2023;1434;2023
1537;2023;1840;2023
8130;2023;497;2023
2535;2023;2882;2023
9153;2023;2404;2023
0289;2023;2003;2023
7611;2023;1298;2023
6384;2023;1093;2023
6632;2023;4314;2023
3387;2023;9696;2023
7653;2023;2723;2023
9464;2023;2897;2023
8833;2023;2112;2023
2955;2023;1894;2023
3043;2023;686;2023
1870;2023;2941;2023
1839;2023;1142;2023
0421;2023;825;2023
2020;2023;3454;2023
3108;2023;3861;2023
2410;2023;859;2023
3786;2023;10223;2023
0097;2023;4029;2023
2448;2023;616;2023
1266;2023;3444;2023
9987;2023;7648;2023
4911;2023;1470;2023
1549;2023;3209;2023
9905;2023;2749;2023
7986;2023;461;2023
7117;2023;58507;2023
9149;2023;61713;2023
8316;2023;7744;2023
3581;2023;6821;2023
7535;2023;31938;2023
5169;2023;25195;2023
9793;2023;10002;2023
3999;2023;25933;2023
4897;2023;9860;2023
6161;2023;15891;2023
2212;2023;36024;2023
9831;2023;12466;2023
3276;2023;5020;2023
0631;2023;6771;2023
6107;2023;2449;2023
1983;2023;21514;2023
8354;2023;46876;2023
3842;2023;3021;2023
8550;2023;7568;2023
2108;2023;13069;2023
6091;2023;18225;2023
5932;2023;3641;2023
0996;2023;73814;2023
9852;2023;62471;2023
9214;2023;7794;2023
2278;2023;16877;2023
3311;2023;12359;2023
7406;2023;6887;2023
4494;2023;1704;2023
2191;2023;11747;2023
0712;2023;17477;2023
3882;2023;28595;2023
0417;2023;15367;2023
7069;2023;124209;2023
6424;2023;27830;2023
8769;2023;17185;2023
1376;2023;19600;2023
0837;2023;4505;2023
0191;2023;6070;2023
7109;2023;1467;2023
6058;2023;57740;2023
2623;2023;7938;2023
5752;2023;29302;2023
0450;2023;14169;2023
7798;2023;36334;2023
2512;2023;7781;2023
7043;2023;11861;2023
2446;2023;35069;2023
2423;2023;913704;2023
1855;2023;33843;2023
0227;2023;23325;2023
6708;2023;16254;2023
3471;2023;12288;2023
5394;2023;5868;2023
2007;2023;22408;2023
0156;2023;12723;2023
7093;2023;39803;2023
4308;2023;23800;2023
6361;2023;51901;2023
8367;2023;76255;2023
2597;2023;10040;2023
4345;2023;24651;2023
1586;2023;41330;2023
9170;2023;49790;2023
3315;2023;6573;2023
0143;2023;12111;2023
0748;2023;42096;2023
1713;2023;30400;2023
9480;2023;3371;2023
6365;2023;8633;2023
1492;2023;8593;2023
7405;2023;26202;2023
9134;2023;32409;2023
9318;2023;18963;2023
3696;2023;6590;2023
8775;2023;15929;2023
4791;2023;6221;2023
4499;2023;3077;2023
6664;2023;33557;2023
9955;2023;15302;2023
6518;2023;9028;2023
4648;2023;17298;2023
5892;2023;40036;2023
6675;2023;80069;2023
2070;2023;3367;2023
3662;2023;20263;2023
8730;2023;31482;2023
9035;2023;4140;2023
2162;2023;25664;2023
9788;2023;11731;2023
2619;2023;8501;2023
0420;2023;4985;2023
8723;2023;3995;2023
0831;2023;3873;2023
6485;2023;1666;2023
1439;2023;1435;2023
7365;2023;20889;2023
5679;2023;10344;2023
3890;2023;7486;2023
5611;2023;52121;2023
8043;2023;3026;2023
2951;2023;4386;2023
1573;2023;3532;2023
7774;2023;2216;2023
8104;2023;286;2023
3340;2023;2144;2023
0503;2023;4188;2023
3488;2023;1103;2023
2827;2023;3234;2023
4916;2023;2216;2023
7239;2023;1264;2023
0937;2023;1554;2023
0746;2023;955;2023
3663;2023;1050;2023
6888;2023;1741;2023
1700;2023;1481;2023
3430;2023;8648;2023
7261;2023;2555;2023
6074;2023;464;2023
6023;2023;2073;2023
3106;2023;2917;2023
6339;2023;1266;2023
4378;2023;1830;2023
5501;2023;2487;2023
7042;2023;2867;2023
3896;2023;5219;2023
0394;2023;3424;2023
3349;2023;3207;2023
2576;2023;584;2023
1147;2023;7638;2023
1256;2023;1823;2023
8730;2023;1501;2023
0823;2023;2032;2023
2465;2023;1439;2023
2944;2023;3288;2023
5111;2023;5924;2023
0681;2023;1068;2023
7453;2023;3029;2023
7195;2023;1632;2023
6840;2023;1780;2023
9159;2023;11568;2023
9585;2023;6694;2023
3787;2023;338;2023
0056;2023;3287;2023
2940;2023;3060;2023
9575;2023;11429;2023
4461;2023;2132;2023
2383;2023;1192;2023
9536;2023;7285;2023
0089;2023;2604;2023
6348;2023;5058;2023
5637;2023;698;2023
4121;2023;1114;2023
4535;2023;1573;2023
2983;2023;5169;2023
6004;2023;3829;2023
6879;2023;1986;2023
6255;2023;1703;2023
2188;2023;629;2023
4254;2023;2110;2023
1398;2023;295;2023
2415;2023;1918;2023
7281;2023;1424;2023
9910;2023;2679;2023
8428;2023;3588;2023
9311;2023;1865;2023
9083;2023;1767;2023
4553;2023;2350;2023
4116;2023;772;2023
8084;2023;3410;2023
9594;2023;731;2023
5865;2023;1106;2023
9153;2023;4796;2023
4659;2023;2409;2023
8989;2023;768;2023
5377;2023;1476;2023
1929;2023;1481;2023
9333;2023;1359;2023
0424;2023;1402;2023
4602;2023;717;2023
7449;2023;697;2023
1046;2023;3777;2023
4343;2023;1158;2023
7802;2023;2052;2023
4780;2023;1028;2023
1053;2023;1015;2023
0250;2023;718;2023
4994;2023;6753;2023
1867;2023;2842;2023
2136;2023;12021;2023
1035;2023;525;2023
6968;2023;3596;2023
6733;2023;2756;2023
3678;2023;1487;2023
7651;2023;1463;2023
4115;2023;2122;2023
2062;2023;1462;2023
5685;2023;1959;2023
0415;2023;1222;2023
2199;2023;474;2023
4209;2023;826;2023
9642;2023;779;2023
9136;2023;2487;2023
7054;2023;1223;2023
1566;2023;2282;2023
0366;2023;892;2023
9992;2023;1468;2023
4183;2023;2922;2023
2142;2023;935;2023
1410;2023;19381;2023
4968;2023;2517;2023
7893;2023;21378;2023
2303;2023;6305;2023
8222;2023;931;2023
4816;2023;7010;2023
7142;2023;4626;2023
7655;2023;34095;2023
7339;2023;1298;2023
4464;2023;5777;2023
0053;2023;2362;2023
1222;2023;792;2023
6828;2023;2149;2023
9298;2023;16894;2023
8588;2023;49496;2023
7466;2023;678;2023
4087;2023;5301;2023
9180;2023;4516;2023
5398;2023;2430;2023
4305;2023;2500;2023
9092;2023;1395;2023
0078;2023;6836;2023
3034;2023;16834;2023
1530;2023;318;2023
7503;2023;936;2023
5471;2023;22390;2023
8235;2023;1025;2023
5704;2023;1262;2023
7270;2023;5358;2023
5545;2023;1873;2023
6341;2023;1404;2023
4484;2023;8676;2023
0592;2023;2829;2023
0636;2023;563;2023
5850;2023;13723;2023
2937;2023;2201;2023
4074;2023;1285;2023
5311;2023;50223;2023
6165;2023;1708;2023
8519;2023;4961;2023
4579;2023;2214;2023
9973;2023;1941;2023
3734;2023;1176;2023
1580;2023;3405;2023
1743;2023;646;2023
7461;2023;759;2023
9342;2023;3164;2023
7318;2023;2481;2023
9663;2023;493;2023
6631;2023;521;2023
5826;2023;37581;2023
5340;2023;1156;2023
6875;2023;14110;2023
8934;2023;680;2023
8506;2023;1069;2023
0750;2023;4942;2023
6124;2023;11515;2023
9883;2023;1077;2023
7006;2023;1301;2023
3653;2023;961;2023
7442;2023;1241;2023
4538;2023;1244;2023
2220;2023;698;2023
6765;2023;1309;2023
2416;2023;1007;2023
2958;2023;563;2023
7074;2023;5311;2023
3331;2023;21508;2023
6669;2023;2590;2023
1887;2023;1813;2023
4423;2023;1678;2023
2997;2023;2563;2023
8816;2023;11106;2023
1614;2023;12289;2023
1659;2023;546;2023
6911;2023;1412;2023
2218;2023;6240;2023
1939;2023;594;2023
9446;2023;43752;2023
6625;2023;23592;2023
7132;2023;2334;2023
2425;2023;2288;2023
7239;2023;6568;2023
6215;2023;3605;2023
1007;2023;1643;2023
5503;2023;955;2023
6115;2023;579;2023
1136;2023;4872;2023
9764;2023;34005;2023
2981;2023;3721;2023
0374;2023;10888;2023
8138;2023;1808;2023
9994;2023;801;2023
1585;2023;655;2023
4697;2023;991;2023
7653;2023;1117;2023
4195;2023;2424;2023
0821;2023;5098;2023
3233;2023;2135;2023
1890;2023;26439;2023
7015;2023;3729;2023
2432;2023;1974;2023
7360;2023;1969;2023
0409;2023;1094;2023
9350;2023;2368;2023
9303;2023;1058;2023
1579;2023;6884;2023
5566;2023;1568;2023
3133;2023;8688;2023
5882;2023;1271;2023
6697;2023;370;2023
1813;2023;596;2023
6883;2023;770;2023
6570;2023;431;2023
6932;2023;12199;2023
7850;2023;1762;2023
1191;2023;126715;2023
5966;2023;483;2023
3872;2023;6593;2023
1221;2023;3604;2023
0526;2023;3892;2023
0237;2023;2629;2023
1894;2023;10207;2023
2868;2023;844;2023
0544;2023;536;2023
5134;2023;1645;2023
9586;2023;1590;2023
4643;2023;3239;2023
6091;2023;489;2023
1435;2023;2644;2023
2451;2023;8765;2023
9191;2023;388;2023
1563;2023;10926;2023
7443;2023;2355;2023
2947;2023;6390;2023
0006;2023;30734;2023
7561;2023;4664;2023
8701;2023;47887;2023
8627;2023;1508;2023
2295;2023;268;2023
0330;2023;3690;2023
0424;2023;1137;2023
5692;2023;9382;2023
1133;2023;3063;2023
5173;2023;630;2023
2800;2023;774;2023
8655;2023;7077;2023
4617;2023;1877;2023
0131;2023;1193;2023
0338;2023;1950;2023
2177;2023;476;2023
8259;2023;4153;2023
4361;2023;1558;2023
6021;2023;229;2023
3214;2023;7951;2023
7850;2023;1529;2023
5828;2023;3214;2023
5252;2023;7080;2023
0220;2023;13300;2023
2232;2023;256;2023
5165;2023;1374;2023
9501;2023;913;2023
4329;2023;308;2023
9252;2023;1099;2023
0845;2023;40842;2023
8419;2023;3253;2023
5883;2023;631;2023
4864;2023;1655;2023
1068;2023;704;2023
5929;2023;214;2023
1210;2023;1008;2023
3147;2023;1107;2023
4433;2023;125;2023
9040;2023;747;2023
7244;2023;457;2023
9029;2023;882;2023
6995;2023;215;2023
6574;2023;824;2023
9627;2023;4730;2023
6391;2023;623;2023
6151;2023;201;2023
5707;2023;576;2023
7863;2023;78;2023
7951;2023;4974;2023
0313;2023;400;2023
8838;2023;292;2023
4297;2023;6598;2023
1003;2023;1042;2023
3195;2023;120;2023
2942;2023;820;2023
7991;2023;10195;2023
1648;2023;1538;2023
3455;2023;947;2023
4906;2023;294;2023
4520;2023;3010;2023
6044;2023;211;2023
9435;2023;782;2023
0193;2023;1070;2023
2092;2023;198;2023
9499;2023;957;2023
6438;2023;351;2023
8595;2023;286;2023
7053;2023;658;2023
1491;2023;225;2023
4037;2023;1710;2023
2377;2023;516;2023
1068;2023;1942;2023
9067;2023;69717;2023
4693;2023;1531;2023
8647;2023;5923;2023
4420;2023;824;2023
9177;2023;3466;2023
5332;2023;1337;2023
2078;2023;344;2023
4085;2023;2195;2023
2700;2023;1302;2023
0036;2023;569;2023
6037;2023;1098;2023
8978;2023;434;2023
9041;2023;377;2023
3563;2023;1271;2023
1660;2023;386;2023
9991;2023;1733;2023
3767;2023;1170;2023
5874;2023;1085;2023
1547;2023;639;2023
1585;2023;2056;2023
7943;2023;3670;2023
0623;2023;1086;2023
8485;2023;1280;2023
4355;2023;4299;2023
4578;2023;1010;2023
6543;2023;447;2023
6736;2023;7019;2023
5962;2023;847;2023
9925;2023;2618;2023
0009;2023;645;2023
3069;2023;588;2023
1068;2023;855;2023
6186;2023;506;2023
5451;2023;1353;2023
9609;2023;178;2023
9100;2023;1485;2023
7609;2023;3703;2023
0984;2023;98;2023
4918;2023;1948;2023
2122;2023;650;2023
8131;2023;1068;2023
9441;2023;365;2023
6988;2023;110;2023
0391;2023;2072;2023
6767;2023;1697;2023
3541;2023;540;2023
0036;2023;3789;2023
3822;2023;2674;2023
3409;2023;300;2023
9277;2023;21960;2023
4574;2023;6427;2023
6548;2023;258;2023
9606;2023;2749;2023
4430;2023;5790;2023
1994;2023;503;2023
9897;2023;88;2023
2153;2023;489;2023
7330;2023;826;2023
5246;2023;608;2023
1944;2023;819;2023
5364;2023;13097;2023
9192;2023;1871;2023
1360;2023;732;2023
1814;2023;9935;2023
8534;2023;2314;2023
0441;2023;6835;2023
8746;2023;1678;2023
4239;2023;6536;2023
7371;2023;1769;2023
1590;2023;424;2023
1757;2023;7248;2023
6808;2023;944;2023
6850;2023;1992;2023
7941;2023;1314;2023
9395;2023;2208;2023
3628;2023;1438;2023
7369;2023;4575;2023
0130;2023;2077;2023
6330;2023;3669;2023
8144;2023;2213;2023
1135;2023;5077;2023
9439;2023;572;2023
3021;2023;1059;2023
7723;2023;262;2023
0793;2023;23510;2023
0449;2023;4436;2023
5937;2023;929;2023
5649;2023;7418;2023
7269;2023;3547;2023
4474;2023;9135;2023
0112;2023;5362;2023
1502;2023;6304;2023
0982;2023;1658;2023
4851;2023;207;2023
1126;2023;14687;2023
7982;2023;454;2023
2598;2023;25617;2023
3617;2023;9790;2023
2025;2023;5132;2023
5962;2023;15455;2023
8387;2023;51630;2023
2172;2023;1460;2023
3802;2023;2413;2023
0202;2023;11870;2023
1359;2023;1217;2023
7532;2023;845;2023
6267;2023;16359;2023
4014;2023;357;2023
5275;2023;3325;2023
9583;2023;1004;2023
9862;2023;249;2023
9117;2023;2265;2023
4127;2023;4053;2023
9893;2023;1766;2023
0818;2023;521;2023
5744;2023;712;2023
0254;2023;1240;2023
8177;2023;10980;2023
9994;2023;14886;2023
8798;2023;1124;2023
0960;2023;1572;2023
9847;2023;6013;2023
7324;2023;213;2023
9615;2023;1336;2023
3097;2023;1630;2023
4720;2023;1328;2023
0704;2023;2666;2023
4993;2023;7050;2023
2626;2023;6744;2023
5012;2023;843;2023
6647;2023;53493;2023
2565;2023;3072;2023
7621;2023;1692;2023
1943;2023;11094;2023
4163;2023;118461;2023
3464;2023;447;2023
0484;2023;8527;2023
5580;2023;1264;2023
7710;2023;435;2023
0394;2023;4674;2023
0563;2023;867;2023
7943;2023;4047;2023
8033;2023;259;2023
4183;2023;252;2023
3972;2023;1813;2023
3407;2023;3468;2023
8863;2023;496;2023
0138;2023;19066;2023
6677;2023;2375;2023
9177;2023;2846;2023
1122;2023;800;2023
3297;2023;378;2023
1817;2023;543;2023
3301;2023;3031;2023
5442;2023;1941;2023
3916;2023;1065;2023
7152;2023;1048;2023
9762;2023;10319;2023
2605;2023;708;2023
5091;2023;356;2023
0774;2023;4923;2023
3819;2023;87;2023
9124;2023;1237;2023
8539;2023;498;2023
5676;2023;541;2023
5381;2023;1177;2023
6687;2023;812;2023
0034;2023;5715;2023
0004;2023;2973;2023
0349;2023;5119;2023
8862;2023;4256;2023
0721;2023;285;2023
9829;2023;1465;2023
6763;2023;784;2023
5670;2023;48532;2023
4613;2023;284;2023
7214;2023;763;2023
2953;2023;153;2023
0465;2023;440;2023
2341;2023;2618;2023
3922;2023;4790;2023
8476;2023;314;2023
9623;2023;1982;2023
6920;2023;1272;2023
5327;2023;832;2023
1196;2023;6227;2023
0895;2023;257;2023
1305;2023;25543;2023
1486;2023;905;2023
4882;2023;1621;2023
9897;2023;800;2023
5604;2023;273;2023
4701;2023;1172;2023
6462;2023;2445;2023
8874;2023;1126;2023
5006;2023;8273;2023
5631;2023;417;2023
3710;2023;1048;2023
9603;2023;33915;2023
6164;2023;650;2023
1285;2023;314;2023
1795;2023;643;2023
7343;2023;4622;2023
4634;2023;808;2023
2862;2023;107;2023
2680;2023;69;2023
9986;2023;596;2023
2122;2023;2338;2023
1033;2023;2429;2023
4460;2023;3639;2023
9714;2023;22099;2023
7798;2023;4155;2023
6299;2023;1220;2023
7760;2023;815;2023
1930;2023;944;2023
0200;2023;207;2023
0312;2023;399;2023
4826;2023;1481;2023
9207;2023;967;2023
9487;2023;777;2023
1680;2023;2068;2023
1232;2023;868;2023
4453;2023;691;2023
3124;2023;1158;2023
1629;2023;3879;2023
2116;2023;1574;2023
6962;2023;2307;2023
0060;2023;1032;2023
0066;2023;1161;2023
8107;2023;97;2023
2305;2023;166;2023
2693;2023;854;2023
6722;2023;137;2023
7311;2023;14451;2023
4080;2023;842;2023
6889;2023;19776;2023
7078;2023;1996;2023
8274;2023;2253;2023
9959;2023;5185;2023
2545;2023;2941;2023
5688;2023;651;2023
8984;2023;290;2023
9591;2023;3884;2023
1052;2023;2899;2023
5279;2023;1644;2023
2887;2023;668;2023
6762;2023;4211;2023
1143;2023;1121;2023
8588;2023;1711;2023
4377;2023;334;2023
2726;2023;1494;2023
3679;2023;40874;2023
1284;2023;878;2023
7324;2023;2148;2023
2299;2023;1111;2023
3671;2023;128;2023
0991;2023;116;2023
5993;2023;558;2023
9947;2023;2464;2023
6298;2023;7535;2023
2796;2023;1195;2023
8102;2023;1158;2023
1111;2023;47418;2023
7010;2023;580;2023
7217;2023;2425;2023
4253;2023;846;2023
5639;2023;7854;2023
2764;2023;1849;2023
0649;2023;444;2023
2235;2023;235;2023
5442;2023;421;2023
6196;2023;1148;2023
9572;2023;864;2023
9107;2023;3616;2023
7935;2023;640;2023
8933;2023;308;2023
6946;2023;738;2023
9051;2023;1648;2023
4681;2023;393;2023
7727;2023;3330;2023
3337;2023;1153;2023
6825;2023;1277;2023
7548;2023;752;2023
5261;2023;942;2023
7156;2023;689;2023
9461;2023;4880;2023
7729;2023;1590;2023
7653;2023;6324;2023
2662;2023;672;2023
5628;2023;632;2023
8724;2023;400;2023
7322;2023;470;2023
5053;2023;1091;2023
4211;2023;1044;2023
4272;2023;2036;2023
2000;2023;145;2023
2140;2023;464;2023
6236;2023;976;2023
9190;2023;1227;2023
5674;2023;1352;2023
7631;2023;289;2023
2928;2023;283;2023
2217;2023;6235;2023
6629;2023;350;2023
8400;2023;516;2023
8848;2023;1699;2023
8179;2023;1498;2023
4504;2023;3511;2023
5154;2023;1033;2023
2809;2023;1234;2023
0789;2023;205;2023
1136;2023;2314;2023
0324;2023;101;2023
0393;2023;4792;2023
9604;2023;430;2023
8276;2023;3004;2023
0440;2023;608;2023
7400;2023;1120;2023
2595;2023;633;2023
8460;2023;134;2023
3719;2023;544;2023
0533;2023;1372;2023
4484;2023;506;2023
0508;2023;981;2023
0477;2023;975;2023
6521;2023;4475;2023
3299;2023;823;2023
2841;2023;456;2023
3671;2023;3915;2023
8688;2023;299;2023
2451;2023;1521;2023
3707;2023;1817;2023
8338;2023;1175;2023
9697;2023;581;2023
9425;2023;31957;2023
7317;2023;700;2023
0581;2023;1221;2023
6983;2023;4351;2023
5162;2023;776;2023
6494;2023;2400;2023
4776;2023;3371;2023
7358;2023;2204;2023
7468;2023;857;2023
0140;2023;1069;2023
5021;2023;12513;2023
6700;2023;5774;2023
6446;2023;2628;2023
9297;2023;2903;2023
8179;2023;6587;2023
8083;2023;2497;2023
0021;2023;6948;2023
7114;2023;791;2023
0492;2023;3772;2023
3610;2023;1366;2023
9322;2023;1659;2023
4736;2023;2011;2023
7854;2023;1182;2023
4860;2023;1286;2023
4172;2023;1347;2023
4130;2023;148;2023
9176;2023;57066;2023
5172;2023;1490;2023
8520;2023;3494;2023
0981;2023;613;2023
2543;2023;145652;2023
4745;2023;4110;2023
1943;2023;494;2023
2258;2023;6246;2023
7869;2023;30723;2023
7950;2023;53722;2023
4861;2023;5918;2023
4104;2023;942;2023
1492;2023;11239;2023
9411;2023;630;2023
0055;2023;2499;2023
2375;2023;16645;2023
7042;2023;682;2023
3846;2023;4296;2023
6453;2023;2457;2023
8825;2023;2486;2023
3967;2023;1789;2023
4650;2023;1650;2023
5157;2023;3338;2023
0513;2023;994;2023
9689;2023;26314;2023
1972;2023;12469;2023
6248;2023;860;2023
3573;2023;13618;2023
1609;2023;5397;2023
3048;2023;49287;2023
1328;2023;1793;2023
3327;2023;3615;2023
8637;2023;5785;2023
8121;2023;5329;2023
0083;2023;16471;2023
2451;2023;6602;2023
0362;2023;7290;2023
2698;2023;13296;2023
9970;2023;366;2023
3471;2023;1517;2023
5653;2023;3063;2023
7454;2023;3289;2023
0244;2023;19826;2023
8140;2023;16473;2023
8230;2023;10177;2023
3698;2023;70093;2023
5569;2023;316226;2023
6537;2023;2151;2023
9452;2023;11743;2023
3367;2023;53103;2023
9815;2023;11333;2023
1051;2023;15174;2023
4318;2023;19208;2023
1971;2023;15083;2023
1287;2023;19675;2023
9107;2023;5810;2023
4208;2023;25827;2023
2780;2023;46985;2023
9351;2023;26502;2023
2848;2023;19260;2023
7183;2023;42341;2023
3013;2023;12078;2023
1788;2023;13896;2023
2363;2023;36162;2023
9421;2023;24334;2023
1111;2023;57305;2023
8626;2023;47857;2023
5967;2023;18221;2023
7926;2023;25912;2023
7123;2023;20475;2023
4435;2023;1271;2023
0967;2023;17463;2023
1540;2023;25851;2023
8522;2023;18219;2023
8251;2023;24350;2023
2339;2023;5966;2023
7931;2023;9515;2023
8516;2023;25721;2023
2295;2023;26013;2023
3507;2023;8000;2023
1384;2023;25866;2023
3995;2023;13002;2023
9787;2023;17215;2023
1708;2023;6194;2023
9347;2023;6530;2023
3890;2023;16073;2023
3006;2023;13031;2023
0646;2023;3392;2023
4128;2023;4952;2023
5984;2023;21818;2023
1223;2023;30472;2023
1732;2023;14761;2023
3299;2023;8227;2023
1780;2023;9528;2023
4419;2023;29810;2023
7193;2023;46849;2023
0754;2023;5235;2023
9938;2023;31966;2023
7461;2023;5281;2023
4329;2023;3512;2023
8487;2023;2295;2023
9608;2023;15228;2023
8616;2023;7543;2023
9867;2023;15724;2023
5281;2023;11202;2023
1454;2023;1758;2023
5597;2023;14062;2023
1944;2023;8874;2023
5686;2023;15262;2023
7250;2023;187025;2023
9321;2023;4110;2023
3201;2023;12787;2023
3038;2023;82298;2023
6405;2023;16943;2023
0198;2023;18636;2023
8386;2023;6023;2023
1686;2023;11095;2023
6284;2023;8173;2023
8010;2023;38724;2023
9372;2023;34759;2023
3819;2023;13461;2023
0503;2023;26077;2023
6671;2023;14455;2023
5602;2023;29942;2023
0442;2023;6154;2023
5342;2023;6079;2023
6776;2023;9130;2023
9740;2023;13013;2023
0762;2023;17931;2023
4555;2023;5280;2023
7649;2023;10094;2023
1455;2023;8973;2023
6929;2023;6038;2023
7893;2023;5670;2023
5298;2023;6419;2023
7130;2023;4501;2023
5803;2023;8863;2023
5439;2023;3899;2023
7447;2023;1743;2023
7501;2023;2623;2023
1808;2023;6698;2023
8789;2023;9740;2023
3481;2023;1576;2023
7072;2023;2263;2023
2401;2023;11653;2023
9858;2023;3630;2023
7273;2023;19151;2023
9451;2023;2732;2023
6246;2023;3639;2023
7775;2023;5098;2023
6543;2023;12931;2023
7891;2023;5554;2023
5316;2023;22969;2023
4134;2023;5598;2023
1123;2023;5119;2023
3579;2023;3839;2023
8072;2023;8657;2023
4238;2023;2803;2023
6150;2023;4863;2023
6465;2023;25485;2023
0701;2023;14884;2023
2324;2023;19139;2023
2665;2023;1127;2023
0433;2023;1953;2023
0295;2023;5321;2023
5758;2023;94250;2023
7040;2023;8581;2023
5031;2023;13476;2023
4163;2023;11759;2023
6630;2023;13367;2023
2472;2023;8485;2023
4923;2023;1567;2023
6287;2023;10875;2023
3337;2023;9999;2023
5487;2023;6632;2023
1038;2023;2089;2023
7989;2023;3229;2023
1285;2023;3438;2023
7102;2023;13236;2023
5283;2023;2603;2023
5715;2023;3030;2023
7675;2023;4655;2023
2740;2023;30748;2023
3020;2023;4872;2023
1262;2023;2100;2023
0405;2023;7482;2023
2252;2023;2179;2023
1974;2023;5612;2023
9723;2023;1356;2023
0919;2023;8676;2023
6901;2023;1652;2023
9584;2023;5811;2023
2907;2023;10702;2023
7266;2023;9305;2023
8722;2023;7732;2023
0792;2023;4571;2023
0222;2023;1475;2023
0888;2023;7887;2023
5772;2023;5413;2023
6393;2023;5571;2023
1977;2023;3369;2023
8398;2023;2827;2023
3304;2023;6614;2023
7760;2023;1818;2023
3306;2023;3863;2023
4552;2023;5131;2023
0953;2023;4540;2023
4246;2023;3431;2023
1621;2023;13379;2023
7645;2023;2115;2023
4055;2023;4118;2023
9883;2023;1512;2023
6574;2023;14603;2023
6797;2023;11242;2023
1319;2023;11449;2023
7103;2023;2799;2023
7435;2023;13783;2023
3294;2023;16990;2023
5013;2023;5054;2023
4105;2023;11970;2023
4580;2023;4317;2023
3081;2023;13237;2023
1948;2023;6646;2023
9545;2023;1838;2023
7757;2023;1941;2023
5708;2023;2348;2023
1612;2023;6463;2023
0594;2023;9241;2023
1894;2023;1269;2023
6422;2023;2074;2023
8747;2023;1309;2023
0954;2023;1504;2023
9765;2023;547;2023
4620;2023;3632;2023
4804;2023;10555;2023
1516;2023;1692;2023
0546;2023;1163;2023
6030;2023;2469;2023
7494;2023;2569;2023
7262;2023;4666;2023
9331;2023;3853;2023
8776;2023;774;2023
3938;2023;1774;2023
0061;2023;355;2023
4740;2023;704;2023
4985;2023;1131;2023
5290;2023;500;2023
2235;2023;215;2023
8984;2023;807;2023
9630;2023;1911;2023
9786;2023;703;2023
9081;2023;704;2023
7742;2023;1148;2023
4521;2023;862;2023
7438;2023;513;2023
0174;2023;1722;2023
3392;2023;2283;2023
6440;2023;1267;2023
0762;2023;570;2023
8087;2023;2687;2023
3055;2023;1795;2023
8176;2023;3875;2023
6307;2023;786;2023
9252;2023;5183;2023
6494;2023;1538;2023
6795;2023;526;2023
0661;2023;4989;2023
6582;2023;4016;2023
7074;2023;1563;2023
6270;2023;11771;2023
6568;2023;12922;2023
8430;2023;4609;2023
9654;2023;3775;2023
0116;2023;5668;2023
8173;2023;1454;2023
1825;2023;17031;2023
3407;2023;480;2023
5525;2023;3526;2023
1334;2023;1372;2023
8705;2023;1057;2023
1831;2023;4897;2023
4925;2023;1374;2023
7094;2023;739;2023
8779;2023;3524;2023
9102;2023;4360;2023
8358;2023;1648;2023
5089;2023;5612;2023
0977;2023;3818;2023
7025;2023;870;2023
2350;2023;6811;2023
4318;2023;64070;2023
2771;2023;4137;2023
5067;2023;841;2023
5194;2023;12446;2023
4848;2023;1565;2023
5846;2023;2513;2023
7351;2023;1288;2023
9216;2023;3147;2023
4508;2023;3236;2023
6216;2023;974;2023
3938;2023;1138;2023
0711;2023;914;2023
2479;2023;601;2023
6989;2023;2533;2023
3893;2023;643;2023
1583;2023;1373;2023
1051;2023;1290;2023
0963;2023;5955;2023
6860;2023;1422;2023
4313;2023;725;2023
9008;2023;2262;2023
8371;2023;986;2023
3049;2023;6463;2023
1821;2023;1296;2023
2982;2023;509;2023
0697;2023;1006;2023
2665;2023;7053;2023
6832;2023;2933;2023
6443;2023;2876;2023
1889;2023;2148;2023
9965;2023;581;2023
3628;2023;1831;2023
3885;2023;10795;2023
2428;2023;2650;2023
8269;2023;2659;2023
6975;2023;3208;2023
3184;2023;671;2023
7358;2023;2993;2023
3667;2023;1602;2023
4081;2023;859;2023
2369;2023;11912;2023
6912;2023;655;2023
9042;2023;273;2023
6307;2023;1055;2023
0417;2023;592;2023
1083;2023;7922;2023
6109;2023;940;2023
9256;2023;850;2023
6299;2023;4655;2023
1504;2023;1985;2023
4550;2023;4364;2023
0808;2023;59652;2023
8385;2023;2358;2023
9955;2023;6612;2023
7967;2023;9252;2023
7400;2023;6810;2023
1845;2023;345;2023
9225;2023;16864;2023
6487;2023;17738;2023
6666;2023;3767;2023
5377;2023;2404;2023
4371;2023;2486;2023
2579;2023;1010;2023
0579;2023;1233;2023
1428;2023;3523;2023
1606;2023;4710;2023
9301;2023;4748;2023
1984;2023;1314;2023
1265;2023;7491;2023
7052;2023;959;2023
3815;2023;1748;2023
6272;2023;18548;2023
5058;2023;1374;2023
2952;2023;742;2023
6686;2023;1109;2023
1110;2023;352;2023
5603;2023;687;2023
7069;2023;3993;2023
3551;2023;13829;2023
9177;2023;2671;2023
4229;2023;2345;2023
9720;2023;1698;2023
5533;2023;900;2023
0738;2023;9032;2023
3198;2023;1174;2023
2241;2023;9480;2023
8188;2023;1050;2023
7879;2023;2551;2023
5944;2023;1992;2023
5739;2023;1252;2023
9643;2023;1087;2023
6457;2023;1435;2023
3673;2023;610;2023
7969;2023;7525;2023
4296;2023;3106;2023
2731;2023;195;2023
0818;2023;16432;2023
0868;2023;2688;2023
5571;2023;9177;2023
0563;2023;220;2023
6318;2023;20673;2023
7467;2023;2517;2023
8584;2023;481;2023
9628;2023;2140;2023
3177;2023;2905;2023
0861;2023;787;2023
8954;2023;1217;2023
1398;2023;9356;2023
6188;2023;809;2023
9838;2023;1207;2023
5789;2023;1111;2023
8606;2023;63701;2023
6973;2023;986;2023
0760;2023;9679;2023
1919;2023;4996;2023
3725;2023;4054;2023
6618;2023;930;2023
6744;2023;3343;2023
2516;2023;1478;2023
1646;2023;1106;2023
7008;2023;1817;2023
0382;2023;3168;2023
0158;2023;2769;2023
1135;2023;1874;2023
6862;2023;7790;2023
7085;2023;1518;2023
7503;2023;2189;2023
4029;2023;1775;2023
9545;2023;2298;2023
0811;2023;1692;2023
3365;2023;769;2023
2095;2023;868;2023
9328;2023;3728;2023
2096;2023;2886;2023
2541;2023;2548;2023
6500;2023;2133;2023
6003;2023;8735;2023
7814;2023;1123;2023
9158;2023;717;2023
2375;2023;1617;2023
3121;2023;2423;2023
2730;2023;1910;2023
0425;2023;3348;2023
3220;2023;3023;2023
8104;2023;978;2023
6848;2023;9004;2023
1556;2023;1457;2023
6698;2023;20111;2023
9137;2023;1542;2023
2519;2023;3826;2023
8806;2023;2573;2023
5827;2023;1073;2023
0461;2023;309;2023
6014;2023;1828;2023
4127;2023;1090;2023
7393;2023;972;2023
6664;2023;310;2023
9131;2023;14809;2023
2168;2023;604;2023
6170;2023;1980;2023
2015;2023;1329;2023
6552;2023;730;2023
3317;2023;1330;2023
2391;2023;1156;2023
8071;2023;1004;2023
4098;2023;639;2023
5949;2023;6379;2023
2810;2023;36662;2023
1612;2023;3165;2023
8773;2023;6772;2023
6841;2023;5172;2023
4913;2023;4124;2023
6769;2023;1872;2023
1240;2023;956;2023
6823;2023;2971;2023
6715;2023;916;2023
5715;2023;1367;2023
5718;2023;558;2023
8737;2023;3009;2023
3969;2023;1076;2023
9596;2023;2475;2023
5054;2023;1215;2023
6833;2023;1308;2023
5285;2023;15710;2023
6282;2023;511;2023
9373;2023;3080;2023
0439;2023;6911;2023
4949;2023;6862;2023
8985;2023;948;2023
6941;2023;1974;2023
8441;2023;466;2023
3442;2023;3364;2023
5465;2023;1872;2023
3426;2023;1114;2023
1160;2023;1132;2023
6248;2023;1672;2023
4117;2023;5074;2023
2170;2023;2132;2023
5644;2023;1748;2023
4163;2023;1969;2023
1544;2023;3360;2023
4966;2023;779;2023
5441;2023;11301;2023
4634;2023;1108;2023
5118;2023;529;2023
2633;2023;6553;2023
2874;2023;4240;2023
2778;2023;1825;2023
4562;2023;4541;2023
1208;2023;575;2023
1941;2023;4277;2023
2055;2023;5948;2023
7681;2023;8627;2023
5337;2023;1001;2023
6418;2023;2592;2023
8819;2023;5490;2023
0838;2023;2599;2023
9546;2023;9410;2023
6165;2023;74268;2023
6366;2023;779;2023
8830;2023;1642;2023
9327;2023;785;2023
8679;2023;614;2023
8789;2023;423;2023
2608;2023;2827;2023
2193;2023;1229;2023
3904;2023;7226;2023
5057;2023;4984;2023
0500;2023;1702;2023
1189;2023;1794;2023
4125;2023;1335;2023
7825;2023;84109;2023
9153;2023;515;2023
9582;2023;350;2023
3687;2023;1052;2023
8314;2023;5105;2023
2845;2023;851;2023
3399;2023;1308;2023
0099;2023;1825;2023
8203;2023;4749;2023
6474;2023;6454;2023
0326;2023;5657;2023
8302;2023;2847;2023
2963;2023;3873;2023
3812;2023;1956;2023
8532;2023;548;2023
0371;2023;423;2023
7817;2023;1869;2023
5464;2023;2956;2023
0790;2023;5434;2023
1457;2023;5245;2023
2518;2023;4118;2023
5032;2023;1469;2023
2035;2023;528;2023
9401;2023;1076;2023
3343;2023;4493;2023
6831;2023;369;2023
9053;2023;2173;2023
8983;2023;822;2023
8431;2023;948;2023
9398;2023;699;2023
7498;2023;1852;2023
8392;2023;5747;2023
2960;2023;797;2023
2253;2023;4713;2023
1687;2023;490;2023
3840;2023;1025;2023
3827;2023;1844;2023
8991;2023;1002;2023
1276;2023;2348;2023
6499;2023;2547;2023
8398;2023;1943;2023
3199;2023;695;2023
8919;2023;1409;2023
4529;2023;3801;2023
7228;2023;1493;2023
4907;2023;1409;2023
6992;2023;1922;2023
4154;2023;1672;2023
1646;2023;1576;2023
1744;2023;3391;2023
8091;2023;475;2023
4483;2023;7702;2023
6487;2023;2901;2023
2972;2023;4196;2023
3494;2023;3268;2023
7354;2023;4712;2023
2790;2023;735;2023
8377;2023;8569;2023
4964;2023;2784;2023
2796;2023;1452;2023
2969;2023;3577;2023
1255;2023;2384;2023
3056;2023;2502;2023
2624;2023;3536;2023
3698;2023;946;2023
8782;2023;1443;2023
3295;2023;1394;2023
3773;2023;67246;2023
8784;2023;2701;2023
4873;2023;456;2023
1676;2023;2019;2023
9064;2023;1178;2023
8306;2023;4841;2023
0186;2023;929;2023
8213;2023;9238;2023
7159;2023;2481;2023
0775;2023;4241;2023
3447;2023;1166;2023
9429;2023;423;2023
0991;2023;8677;2023
4243;2023;4067;2023
0492;2023;3235;2023
7073;2023;1013;2023
9648;2023;748;2023
4288;2023;782;2023
0091;2023;4471;2023
9518;2023;420;2023
2971;2023;688;2023
4622;2023;451;2023
2657;2023;1285;2023
1625;2023;2100;2023
5450;2023;670;2023
7624;2023;6704;2023
2344;2023;522;2023
9508;2023;6242;2023
9828;2023;9632;2023
2846;2023;4550;2023
3736;2023;753;2023
3800;2023;3056;2023
5555;2023;1518;2023
1425;2023;733;2023
5876;2023;840;2023
3402;2023;1444;2023
9871;2023;2313;2023
7187;2023;1606;2023
1055;2023;19280;2023
0707;2023;6840;2023
9745;2023;2844;2023
1905;2023;335;2023
6905;2023;4602;2023
7745;2023;11815;2023
0708;2023;2426;2023
1840;2023;6307;2023
5190;2023;1308;2023
3363;2023;491;2023
4033;2023;805;2023
5330;2023;4858;2023
4037;2023;10453;2023
4469;2023;2199;2023
8039;2023;3272;2023
4504;2023;5575;2023
4121;2023;5522;2023
8739;2023;4725;2023
6406;2023;1903;2023
0527;2023;18117;2023
5690;2023;487;2023
5104;2023;1023;2023
8735;2023;3747;2023
7700;2023;9877;2023
9980;2023;1019;2023
9578;2023;169679;2023
3070;2023;1785;2023
2227;2023;7669;2023
8564;2023;317;2023
9406;2023;6131;2023
9207;2023;932;2023
5573;2023;14419;2023
2183;2023;699;2023
4003;2023;2949;2023
5661;2023;408;2023
5001;2023;2159;2023
3444;2023;3390;2023
0778;2023;985;2023
3582;2023;480;2023
6366;2023;1516;2023
4089;2023;736;2023
1995;2023;556;2023
9924;2023;316;2023
8794;2023;3685;2023
9978;2023;1316;2023
7967;2023;1029;2023
5296;2023;790;2023
0698;2023;4517;2023
8458;2023;2457;2023
0609;2023;785;2023
8883;2023;17558;2023
2146;2023;1862;2023
3086;2023;174;2023
7785;2023;1172;2023
1080;2023;2337;2023
5446;2023;14763;2023
1204;2023;430;2023
1240;2023;2016;2023
1054;2023;12775;2023
0574;2023;4338;2023
8931;2023;44659;2023
8092;2023;2745;2023
8615;2023;6066;2023
8349;2023;11340;2023
3490;2023;14691;2023
7014;2023;29281;2023
9122;2023;5258;2023
3371;2023;26010;2023
3472;2023;4512;2023
5737;2023;3676;2023
5120;2023;79835;2023
7563;2023;50029;2023
0023;2023;10635;2023
2435;2023;7268;2023
7261;2023;9788;2023
4570;2023;1292;2023
4156;2023;1552;2023
4204;2023;9942;2023
9762;2023;4753;2023
1263;2023;4804;2023
6116;2023;55229;2023
9642;2023;11395;2023
1030;2023;1768;2023
2786;2023;7927;2023
5346;2023;8491;2023
9748;2023;3241;2023
6975;2023;1793;2023
6806;2023;1043;2023
7716;2023;8837;2023
4356;2023;9775;2023
8356;2023;53010;2023
4992;2023;6283;2023
4710;2023;1848;2023
2934;2023;10839;2023
9696;2023;4061;2023
6251;2023;4126;2023
4102;2023;1153;2023
0240;2023;7148;2023
2310;2023;7625;2023
9460;2023;3430;2023
4561;2023;435;2023
5115;2023;7759;2023
6993;2023;1123;2023
7206;2023;2936;2023
1204;2023;11334;2023
5877;2023;40254;2023
7859;2023;8018;2023
9185;2023;11690;2023
1963;2023;2974;2023
0401;2023;2779;2023
0593;2023;976;2023
2827;2023;13861;2023
8343;2023;4866;2023
5502;2023;2475;2023
4206;2023;3354;2023
1606;2023;11948;2023
1648;2023;3654;2023
4759;2023;1473;2023
4546;2023;10279;2023
5295;2023;12823;2023
4635;2023;5997;2023
3464;2023;1684;2023
8842;2023;2245;2023
1411;2023;1668;2023
2019;2023;1032;2023
1661;2023;848;2023
9969;2023;1283;2023
5681;2023;7031;2023
3265;2023;3706;2023
4914;2023;6115;2023
2221;2023;6054;2023
2542;2023;2578;2023
4887;2023;28939;2023
1799;2023;38726;2023
8912;2023;5670;2023
0755;2023;2893;2023
0957;2023;1765;2023
6676;2023;630427;2023
0578;2023;30678;2023
1025;2023;2905;2023
3441;2023;2412;2023
9167;2023;5321;2023
6583;2023;2860;2023
9571;2023;2829;2023
0362;2023;4130;2023
7171;2023;1305;2023
5665;2023;2177;2023
8520;2023;4886;2023
7815;2023;8010;2023
3652;2023;1315;2023
7414;2023;993;2023
5993;2023;11042;2023
1930;2023;2492;2023
9021;2023;369;2023
7619;2023;24865;2023
8453;2023;12982;2023
5422;2023;4384;2023
1261;2023;10644;2023
1958;2023;3106;2023
2123;2023;1309;2023
7793;2023;3124;2023
9003;2023;1768;2023
9479;2023;2389;2023
7976;2023;19521;2023
6441;2023;3104;2023
6956;2023;590;2023
9813;2023;859;2023
9345;2023;1654;2023
9386;2023;632;2023
2744;2023;2318;2023
6345;2023;795;2023
1442;2023;39817;2023
0686;2023;635;2023
6900;2023;5748;2023
1665;2023;2816;2023
6025;2023;13111;2023
7644;2023;4361;2023
2808;2023;3001;2023
6218;2023;718;2023
7780;2023;1328;2023
4281;2023;2815;2023
8280;2023;1071;2023
0695;2023;2266;2023
9304;2023;2115;2023
2787;2023;481;2023
3460;2023;2812;2023
6565;2023;1283;2023
6937;2023;1283;2023
3312;2023;468;2023
2116;2023;1083;2023
1889;2023;847;2023
7263;2023;3533;2023
9981;2023;561;2023
9133;2023;3193;2023
5543;2023;4178;2023
6504;2023;3088;2023
3108;2023;2206;2023
9083;2023;323;2023
3606;2023;9363;2023
4917;2023;6767;2023
0475;2023;1453;2023
3838;2023;1555;2023
9835;2023;1479;2023
7941;2023;677;2023
7241;2023;2910;2023
3863;2023;1566;2023
9925;2023;725;2023
1281;2023;12676;2023
1098;2023;1290;2023
7444;2023;1004;2023
7094;2023;608;2023
8536;2023;493;2023
6942;2023;1390;2023
8504;2023;2309;2023
1243;2023;217959;2023
8562;2023;30028;2023
5355;2023;1147;2023
2691;2023;873;2023
4678;2023;4308;2023
5996;2023;686;2023
2609;2023;2442;2023
3624;2023;520;2023
3768;2023;1373;2023
8009;2023;2065;2023
3089;2023;790;2023
5768;2023;654;2023
7385;2023;3419;2023
4154;2023;3520;2023
1782;2023;1131;2023
4349;2023;2174;2023
2454;2023;5962;2023
4793;2023;1116;2023
1180;2023;12680;2023
6165;2023;1239;2023
9823;2023;3794;2023
2017;2023;834;2023
1165;2023;716;2023
1681;2023;178;2023
9059;2023;4062;2023
1324;2023;1004;2023
1510;2023;561;2023
5448;2023;1948;2023
1449;2023;6584;2023
8472;2023;6694;2023
6292;2023;3222;2023
1407;2023;1818;2023
6951;2023;2588;2023
8183;2023;2601;2023
9964;2023;1119;2023
1635;2023;861;2023
2327;2023;11939;2023
1691;2023;1547;2023
6739;2023;4373;2023
8018;2023;856;2023
3860;2023;2717;2023
1175;2023;9265;2023
9741;2023;1248;2023
9182;2023;4349;2023
2614;2023;3675;2023
0754;2023;1727;2023
7618;2023;1845;2023
0268;2023;2465;2023
5286;2023;4654;2023
1350;2023;10498;2023
1289;2023;7289;2023
5007;2023;5630;2023
6669;2023;746;2023
0826;2023;2540;2023
2644;2023;875;2023
6032;2023;1255;2023
5170;2023;3965;2023
2642;2023;7924;2023
2666;2023;7222;2023
9641;2023;5485;2023
9916;2023;4507;2023
5678;2023;55367;2023
2427;2023;2399;2023
7673;2023;8682;2023
5723;2023;3120;2023
2308;2023;2474;2023
8900;2023;1143;2023
0869;2023;3144;2023
3153;2023;1980;2023
4520;2023;5837;2023
3275;2023;9018;2023
8597;2023;34394;2023
9810;2023;7217;2023
0751;2023;2592;2023
0507;2023;3273;2023
0817;2023;3040;2023
8896;2023;836;2023
6216;2023;31515;2023
9759;2023;5141;2023
1419;2023;1059;2023
0976;2023;6522;2023
8890;2023;34290;2023
6322;2023;1697;2023
5493;2023;11834;2023
4066;2023;2357;2023
9092;2023;2654;2023
4874;2023;6971;2023
0699;2023;21369;2023
3826;2023;15600;2023
1004;2023;7484;2023
2993;2023;11877;2023
5006;2023;10284;2023
3692;2023;4395;2023
4633;2023;17802;2023
3716;2023;5301;2023
6679;2023;2836;2023
5595;2023;7480;2023
1674;2023;2176;2023
2751;2023;5961;2023
5211;2023;1170;2023
5156;2023;3998;2023
7163;2023;38749;2023
0958;2023;4149;2023
6290;2023;1321;2023
6335;2023;855;2023
9464;2023;478;2023
4693;2023;4118;2023
2466;2023;58343;2023
1130;2023;2599;2023
3987;2023;3871;2023
1337;2023;70856;2023
0703;2023;1553;2023
5891;2023;10819;2023
6267;2023;2670;2023
5332;2023;1360;2023
4248;2023;9915;2023
8172;2023;24885;2023
2733;2023;1720;2023
9951;2023;10409;2023
7745;2023;20668;2023
8140;2023;4572;2023
9381;2023;5456;2023
7566;2023;6363;2023
5836;2023;1156;2023
3739;2023;3061;2023
8179;2023;1391;2023
0806;2023;7632;2023
7760;2023;4208;2023
1497;2023;4776;2023
7119;2023;11664;2023
1181;2023;4029;2023
2249;2023;4454;2023
1942;2023;5011;2023
0460;2023;1857;2023
7427;2023;25332;2023
2368;2023;3201;2023
3928;2023;12191;2023
5060;2023;12594;2023
8245;2023;2833;2023
5375;2023;20619;2023
1098;2023;6315;2023
2926;2023;6626;2023
1390;2023;675;2023
2777;2023;8405;2023
4134;2023;6846;2023
8919;2023;4288;2023
7242;2023;3558;2023
7542;2023;17755;2023
5078;2023;27740;2023
4502;2023;50505;2023
3334;2023;18079;2023
2209;2023;33781;2023
3266;2023;28177;2023
2752;2023;22962;2023
8570;2023;18222;2023
4414;2023;5118;2023
3734;2023;35610;2023
5540;2023;5185;2023
2096;2023;4256;2023
9020;2023;2889;2023
8180;2023;298680;2023
1635;2023;9034;2023
3544;2023;26508;2023
0662;2023;12353;2023
1355;2023;25317;2023
4452;2023;2755;2023
2466;2023;5055;2023
9571;2023;3567;2023
8460;2023;14401;2023
3060;2023;32103;2023
4747;2023;6747;2023
6714;2023;1023;2023
2675;2023;4418;2023
3010;2023;4233;2023
6705;2023;48878;2023
6999;2023;12072;2023
6505;2023;7587;2023
7851;2023;15654;2023
6803;2023;44954;2023
2393;2023;15161;2023
5433;2023;3905;2023
3860;2023;2783;2023
4331;2023;10188;2023
6135;2023;10151;2023
2561;2023;13983;2023
6313;2023;2445;2023
8497;2023;24022;2023
6193;2023;11483;2023
8123;2023;2846;2023
2727;2023;8349;2023
1191;2023;9270;2023
8594;2023;1520;2023
2767;2023;7563;2023
0259;2023;8424;2023
3093;2023;16042;2023
1561;2023;11313;2023
4903;2023;19397;2023
5142;2023;7850;2023
0944;2023;8922;2023
7509;2023;5674;2023
8651;2023;9384;2023
7834;2023;3982;2023
7007;2023;3763;2023
5279;2023;4217;2023
4682;2023;10400;2023
3741;2023;7981;2023
4008;2023;30086;2023
6293;2023;2908;2023
6602;2023;16350;2023
3770;2023;53485;2023
5504;2023;2750;2023
4176;2023;18903;2023
7060;2023;73736;2023
0887;2023;11175;2023
7257;2023;26813;2023
4933;2023;64649;2023
4896;2023;34703;2023
5923;2023;30563;2023
8310;2023;1720;2023
0510;2023;944;2023
0629;2023;6513;2023
9118;2023;17065;2023
6155;2023;720;2023
8976;2023;2259;2023
4775;2023;21243;2023
2007;2023;11661;2023
7790;2023;21450;2023
4816;2023;13183;2023
2175;2023;24412;2023
9825;2023;21840;2023
5340;2023;8053;2023
4685;2023;20562;2023
8378;2023;116247;2023
0203;2023;7528;2023
3296;2023;8142;2023
0988;2023;3817;2023
9533;2023;11233;2023
3045;2023;1411;2023
9891;2023;1776;2023
9134;2023;42281;2023
8902;2023;560;2023
1886;2023;716;2023
9678;2023;13436;2023
2510;2023;515;2023
4461;2023;1664;2023
8770;2023;2584;2023
7940;2023;375;2023
8442;2023;910;2023
4624;2023;3293;2023
7202;2023;3126;2023
8973;2023;709;2023
7583;2023;242;2023
7156;2023;654;2023
8380;2023;3542;2023
8314;2023;804;2023
6697;2023;459;2023
1572;2023;834;2023
8371;2023;3785;2023
0464;2023;586;2023
3433;2023;5625;2023
2462;2023;393;2023
6119;2023;1526;2023
3907;2023;1267;2023
1704;2023;753;2023
4031;2023;366;2023
0607;2023;1445;2023
0662;2023;477;2023
2067;2023;730;2023
6868;2023;462;2023
4580;2023;7937;2023
8494;2023;822;2023
7393;2023;10582;2023
0695;2023;1802;2023
5852;2023;2375;2023
6433;2023;528;2023
9592;2023;459;2023
3859;2023;103;2023
5859;2023;2348;2023
8547;2023;1698;2023
2256;2023;814;2023
8937;2023;725;2023
9465;2023;1286;2023
3751;2023;2588;2023
4091;2023;61481;2023
4653;2023;4208;2023
6110;2023;2970;2023
0310;2023;2791;2023
0898;2023;5438;2023
1278;2023;9762;2023
3942;2023;585;2023
5855;2023;4113;2023
8780;2023;2827;2023
8804;2023;2243;2023
2683;2023;4242;2023
7024;2023;21041;2023
7714;2023;2339;2023
1003;2023;665;2023
5952;2023;476;2023
3216;2023;1177;2023
5900;2023;5044;2023
0768;2023;121085;2023
5059;2023;1223;2023
5827;2023;125;2023
3396;2023;6856;2023
4486;2023;765;2023
0106;2023;14374;2023
8172;2023;13133;2023
2445;2023;2715;2023
2377;2023;2342;2023
5067;2023;874;2023
1298;2023;2351;2023
1853;2023;1431;2023
8063;2023;2842;2023
7366;2023;4187;2023
6814;2023;2074;2023
4479;2023;4314;2023
4298;2023;2217;2023
3308;2023;1838;2023
4089;2023;1595;2023
6439;2023;2375;2023
4386;2023;3741;2023
6931;2023;1427;2023
8772;2023;608;2023
4588;2023;1303;2023
3113;2023;688;2023
0727;2023;1529;2023
9873;2023;2089;2023
3266;2023;5504;2023
1263;2023;5113;2023
5753;2023;1217;2023
8809;2023;2215;2023
9218;2023;978;2023
8084;2023;741;2023
6535;2023;3823;2023
8975;2023;3402;2023
1021;2023;548;2023
3276;2023;490;2023
2819;2023;2547;2023
4345;2023;2317;2023
6754;2023;1930;2023
3271;2023;1248;2023
4979;2023;2042;2023
5840;2023;8320;2023
4099;2023;562;2023
7345;2023;551;2023
2662;2023;3620;2023
4343;2023;658;2023
5442;2023;1260;2023
5299;2023;2365;2023
0588;2023;2451;2023
1612;2023;1366;2023
9928;2023;1971;2023
2988;2023;2208;2023
3988;2023;2947;2023
2570;2023;5024;2023
1145;2023;447;2023
3857;2023;1303;2023
1496;2023;489;2023
1061;2023;1491;2023
9268;2023;2116;2023
7146;2023;1242;2023
7635;2023;9166;2023
8294;2023;2389;2023
8038;2023;1579;2023
7315;2023;274;2023
0589;2023;33622;2023
7372;2023;6530;2023
2372;2023;1154;2023
8209;2023;756;2023
9997;2023;353;2023
1842;2023;718;2023
6735;2023;852;2023
4318;2023;2664;2023
5958;2023;3905;2023
9767;2023;6833;2023
1765;2023;1862;2023
8335;2023;1002;2023
4462;2023;2098;2023
6759;2023;224;2023
8137;2023;701;2023
0707;2023;2173;2023
8471;2023;1481;2023
7448;2023;1717;2023
0651;2023;3024;2023
7148;2023;1492;2023
9347;2023;1946;2023
5657;2023;1593;2023
6394;2023;11189;2023
0512;2023;1462;2023
6728;2023;957;2023
6756;2023;3862;2023
8005;2023;588;2023
3157;2023;431;2023
0143;2023;1757;2023
2608;2023;2730;2023
3651;2023;11000;2023
9805;2023;1056;2023
4172;2023;1361;2023
6350;2023;1071;2023
3230;2023;445;2023
3508;2023;2911;2023
5612;2023;1973;2023
7001;2023;300;2023
1730;2023;25762;2023
8236;2023;147411;2023
5348;2023;23130;2023
7153;2023;8385;2023
3685;2023;7934;2023
0695;2023;7122;2023
5263;2023;68509;2023
9203;2023;5008;2023
7060;2023;28437;2023
2630;2023;20792;2023
2950;2023;6963;2023
9254;2023;17279;2023
7061;2023;8892;2023
8846;2023;2159;2023
9312;2023;12831;2023
0543;2023;9521;2023
4300;2023;18827;2023
9502;2023;245;2023
3112;2023;1295;2023
2794;2023;9008;2023
3374;2023;15767;2023
4106;2023;227;2023
1198;2023;9277;2023
3583;2023;2521;2023
7936;2023;6226;2023
4657;2023;8258;2023
4811;2023;827;2023
5962;2023;1496;2023
4463;2023;5054;2023
8491;2023;349;2023
9013;2023;874;2023
3079;2023;373;2023
3377;2023;17818;2023
0179;2023;2746;2023
4172;2023;362;2023
2629;2023;1467;2023
7653;2023;11821;2023
4017;2023;12900;2023
9871;2023;593;2023
4596;2023;11490;2023
5906;2023;1496;2023
8804;2023;4221;2023
5330;2023;2681;2023
5945;2023;7859;2023
9508;2023;1519;2023
6883;2023;3109;2023
5339;2023;14925;2023
2130;2023;52147;2023
9612;2023;8309;2023
2091;2023;3467;2023
9257;2023;5801;2023
7407;2023;20030;2023
1525;2023;4538;2023
9790;2023;1475;2023
7577;2023;4272;2023
8716;2023;15215;2023
7045;2023;2185;2023
6726;2023;6311;2023
8756;2023;11778;2023
1432;2023;267;2023
5471;2023;335;2023
3791;2023;1827;2023
7144;2023;721;2023
6768;2023;1329;2023
5352;2023;8352;2023
5858;2023;1640;2023
6750;2023;3960;2023
5139;2023;352;2023
8489;2023;4602;2023
8009;2023;621;2023
3167;2023;626;2023
6380;2023;713;2023
5447;2023;774;2023
5626;2023;1242;2023
4292;2023;1017;2023
8083;2023;305;2023
7064;2023;1516;2023
3894;2023;131;2023
9784;2023;433;2023
1987;2023;93;2023
7896;2023;1120;2023
8538;2023;198;2023
4723;2023;874;2023
2496;2023;1265;2023
4295;2023;162;2023
8761;2023;567;2023
5615;2023;632;2023
1728;2023;1792;2023
8862;2023;2781;2023
1501;2023;20684;2023
3727;2023;626;2023
7115;2023;1028;2023
3511;2023;1626;2023
1461;2023;934;2023
4490;2023;2282;2023
0188;2023;477;2023
2123;2023;2121;2023
9625;2023;1477;2023
7337;2023;788;2023
8320;2023;229;2023
5840;2023;446;2023
4436;2023;598;2023
4825;2023;301;2023
7363;2023;559;2023
6596;2023;2172;2023
2126;2023;958;2023
6624;2023;817;2023
6049;2023;472;2023
3408;2023;1063;2023
9456;2023;408;2023
9289;2023;1339;2023
1965;2023;662;2023
5896;2023;317;2023
0760;2023;281;2023
9353;2023;584;2023
3179;2023;682;2023
3823;2023;2129;2023
7034;2023;592;2023
3861;2023;10768;2023
8467;2023;2567;2023
2049;2023;382;2023
8828;2023;229;2023
4525;2023;1257;2023
3603;2023;349;2023
8353;2023;3733;2023
5296;2023;760;2023
3626;2023;329;2023
3435;2023;300;2023
5741;2023;80;2023
0967;2023;1210;2023
5115;2023;553;2023
2197;2023;612;2023
7239;2023;122;2023
4118;2023;1533;2023
5887;2023;156;2023
0266;2023;1131;2023
4022;2023;8831;2023
6696;2023;2446;2023
4817;2023;815;2023
4598;2023;4121;2023
8205;2023;427;2023
4583;2023;676;2023
6423;2023;796;2023
2348;2023;4559;2023
6805;2023;1000;2023
6689;2023;1395;2023
0637;2023;402;2023
9856;2023;3869;2023
1966;2023;643;2023
5455;2023;1640;2023
0138;2023;607;2023
1808;2023;1121;2023
5716;2023;425;2023
9654;2023;1660;2023
8763;2023;309;2023
4698;2023;1103;2023
7060;2023;30287;2023
3276;2023;1501;2023
8159;2023;270;2023
8471;2023;2105;2023
3156;2023;220;2023
1088;2023;2010;2023
4582;2023;586;2023
2826;2023;2708;2023
3573;2023;2451;2023
2878;2023;4601;2023
0563;2023;325;2023
7954;2023;2197;2023
4951;2023;2408;2023
4943;2023;1384;2023
4525;2023;1934;2023
7978;2023;1620;2023
0629;2023;386;2023
6305;2023;153;2023
1728;2023;866;2023
3564;2023;752;2023
3786;2023;293;2023
8198;2023;2100;2023
7507;2023;494;2023
0046;2023;228;2023
8588;2023;2253;2023
3403;2023;334;2023
0942;2023;126;2023
9697;2023;9633;2023
7998;2023;921;2023
4949;2023;1011;2023
8464;2023;452;2023
2389;2023;2669;2023
0595;2023;694;2023
6096;2023;297;2023
6996;2023;1448;2023
6512;2023;267;2023
8091;2023;1127;2023
5608;2023;980;2023
9312;2023;350;2023
1806;2023;302;2023
2425;2023;121;2023
5458;2023;7398;2023
8743;2023;398;2023
7511;2023;1645;2023
0740;2023;604;2023
4744;2023;175;2023
1596;2023;443;2023
7227;2023;188;2023
4625;2023;980;2023
8487;2023;248;2023
7830;2023;300;2023
8870;2023;3006;2023
3752;2023;1148;2023
6885;2023;42850;2023
8452;2023;913;2023
3450;2023;860;2023
4543;2023;1916;2023
5574;2023;143;2023
2001;2023;309;2023
8025;2023;1106;2023
1210;2023;7245;2023
5954;2023;187;2023
8609;2023;376;2023
9024;2023;788;2023
6252;2023;3492;2023
9873;2023;2753;2023
7819;2023;1632;2023
7337;2023;13891;2023
6006;2023;1365;2023
6494;2023;477;2023
0686;2023;688;2023
7415;2023;532;2023
5050;2023;3813;2023
2560;2023;101;2023
1389;2023;1431;2023
5558;2023;344;2023
6095;2023;560;2023
0730;2023;1902;2023
3092;2023;476;2023
6678;2023;542;2023
5026;2023;3603;2023
3910;2023;1299;2023
0973;2023;572;2023
5683;2023;934;2023
0645;2023;3759;2023
1504;2023;2578;2023
2973;2023;1449;2023
5912;2023;472;2023
7505;2023;170;2023
2170;2023;1984;2023
0519;2023;3661;2023
3050;2023;1109;2023
2497;2023;2269;2023
1846;2023;1997;2023
8492;2023;1421;2023
6510;2023;825;2023
0230;2023;97;2023
6114;2023;1556;2023
0298;2023;539;2023
5155;2023;1835;2023
2158;2023;2573;2023
7379;2023;1267;2023
0676;2023;733;2023
7187;2023;939;2023
2354;2023;902;2023
9799;2023;256;2023
3144;2023;2352;2023
7708;2023;199;2023
6769;2023;2360;2023
6654;2023;199;2023
2574;2023;836;2023
4058;2023;470;2023
5998;2023;1170;2023
3977;2023;7573;2023
6991;2023;307;2023
8734;2023;175;2023
2602;2023;1340;2023
9495;2023;376;2023
4739;2023;1136;2023
6136;2023;961;2023
7753;2023;2600;2023
2052;2023;500;2023
4159;2023;2040;2023
1378;2023;10044;2023
5965;2023;3187;2023
2860;2023;2868;2023
9795;2023;2280;2023
9990;2023;4187;2023
5630;2023;2362;2023
6195;2023;5039;2023
3496;2023;1265;2023
0271;2023;3420;2023
8240;2023;3251;2023
9537;2023;4419;2023
1213;2023;2910;2023
5889;2023;5411;2023
1002;2023;13635;2023
7853;2023;1392;2023
7127;2023;836;2023
6588;2023;13286;2023
5476;2023;4425;2023
7243;2023;541;2023
5941;2023;2619;2023
7537;2023;3845;2023
6953;2023;2350;2023
2768;2023;3707;2023
0640;2023;8155;2023
3179;2023;1823;2023
7688;2023;1150;2023
5861;2023;4772;2023
8068;2023;264;2023
8932;2023;1663;2023
1833;2023;1730;2023
6954;2023;2559;2023
2583;2023;2555;2023
6556;2023;329;2023
4193;2023;1185;2023
1717;2023;674;2023
0526;2023;755;2023
6478;2023;8413;2023
4701;2023;2523;2023
4578;2023;2594;2023
1445;2023;2482;2023
0331;2023;1944;2023
2832;2023;47125;2023
2384;2023;2155;2023
9135;2023;5020;2023
8564;2023;4172;2023
3310;2023;9900;2023
5859;2023;392;2023
0564;2023;14882;2023
4914;2023;8903;2023
4294;2023;495;2023
1235;2023;3517;2023
0584;2023;1823;2023
7993;2023;2681;2023
6539;2023;4123;2023
6172;2023;33;2023
5035;2023;3578;2023
9487;2023;9127;2023
0908;2023;6284;2023
0003;2023;6921;2023
6963;2023;1171;2023
4888;2023;4712;2023
5631;2023;3878;2023
1968;2023;317;2023
9972;2023;137;2023
7839;2023;1972;2023
6837;2023;841;2023
0927;2023;2165;2023
6354;2023;2169;2023
4254;2023;2274;2023
7004;2023;6324;2023
8920;2023;2991;2023
8344;2023;2113;2023
2060;2023;2348;2023
2846;2023;2774;2023
1084;2023;144;2023
6338;2023;1741;2023
7516;2023;594;2023
2463;2023;3360;2023
4959;2023;11284;2023
5679;2023;681;2023
1064;2023;2695;2023
5971;2023;2067;2023
4652;2023;5452;2023
7847;2023;4644;2023
9218;2023;486;2023
1986;2023;273;2023
8317;2023;1063;2023
1347;2023;1744;2023
6411;2023;4361;2023
5034;2023;2466;2023
0835;2023;2738;2023
7504;2023;2988;2023
7138;2023;3179;2023
6088;2023;15630;2023
0042;2023;1444;2023
6783;2023;3071;2023
3232;2023;1531;2023
9782;2023;4503;2023
0384;2023;3045;2023
0980;2023;2128;2023
0688;2023;2233;2023
8697;2023;15684;2023
8023;2023;2341;2023
7000;2023;2841;2023
9387;2023;1134;2023
5317;2023;197;2023
6788;2023;1536;2023
0319;2023;2188;2023
3971;2023;2256;2023
0109;2023;1319;2023
9211;2023;2616;2023
4374;2023;2660;2023
3712;2023;2500;2023
4211;2023;45158;2023
4167;2023;7684;2023
7451;2023;61;2023
2473;2023;1375;2023
8333;2023;3034;2023
2142;2023;1763;2023
4767;2023;4461;2023
3856;2023;452;2023
7302;2023;1688;2023
6043;2023;2236;2023
5790;2023;5821;2023
7831;2023;2034;2023
4968;2023;1991;2023
5250;2023;1415;2023
2652;2023;1753;2023
3750;2023;2657;2023
9656;2023;1879;2023
1109;2023;3776;2023
5620;2023;3381;2023
0412;2023;13408;2023
5296;2023;1839;2023
7459;2023;1998;2023
0155;2023;1805;2023
8222;2023;3789;2023
8206;2023;3440;2023
0686;2023;5969;2023
2568;2023;937;2023
3773;2023;1518;2023
0146;2023;1750;2023
4986;2023;1870;2023
8825;2023;7422;2023
8696;2023;1440;2023
2355;2023;19453;2023
2313;2023;16579;2023
7666;2023;10455;2023
8499;2023;1148;2023
3449;2023;14162;2023
8402;2023;1344;2023
3217;2023;2313;2023
9373;2023;981;2023
4400;2023;7183;2023
5207;2023;34465;2023
8217;2023;150046;2023
2645;2023;3153;2023
6959;2023;5795;2023
3734;2023;9410;2023
0584;2023;22228;2023
3020;2023;10058;2023
6771;2023;364;2023
2754;2023;799;2023
8382;2023;6990;2023
8034;2023;2640;2023
1360;2023;2815;2023
7409;2023;1960;2023
5887;2023;1064;2023
7351;2023;5144;2023
3481;2023;6880;2023
8116;2023;1046;2023
0784;2023;1362;2023
6225;2023;3131;2023
4289;2023;14618;2023
6959;2023;19134;2023
9936;2023;9917;2023
6019;2023;197088;2023
0367;2023;9884;2023
3767;2023;6149;2023
3108;2023;1943;2023
3762;2023;1537;2023
7253;2023;521;2023
6721;2023;2263;2023
0631;2023;886;2023
9654;2023;1031;2023
0205;2023;2444;2023
7534;2023;14127;2023
2011;2023;5179;2023
8574;2023;58478;2023
3814;2023;2762;2023
6986;2023;9305;2023
6561;2023;17679;2023
6570;2023;3221;2023
7897;2023;5777;2023
4827;2023;947;2023
3482;2023;8568;2023
8878;2023;3125;2023
9244;2023;5315;2023
9108;2023;1902;2023
8518;2023;687;2023
3116;2023;1885;2023
9214;2023;1029;2023
2595;2023;2837;2023
5786;2023;6170;2023
3549;2023;726;2023
6322;2023;1558;2023
2495;2023;1830;2023
3219;2023;1259;2023
9060;2023;3640;2023
6895;2023;668;2023
1225;2023;954;2023
9692;2023;2928;2023
4627;2023;1082;2023
4721;2023;1756;2023
5935;2023;2136;2023
0032;2023;1931;2023
5039;2023;5022;2023
8392;2023;1741;2023
8975;2023;1332;2023
6320;2023;1810;2023
7009;2023;1605;2023
2255;2023;1943;2023
8113;2023;4581;2023
6697;2023;1668;2023
1520;2023;3215;2023
9325;2023;2126;2023
6265;2023;6292;2023
4087;2023;618;2023
3652;2023;1467;2023
3028;2023;1055;2023
1617;2023;6493;2023
9290;2023;1287;2023
7586;2023;8773;2023
7002;2023;967;2023
5057;2023;805;2023
5117;2023;5014;2023
8427;2023;4282;2023
3368;2023;3853;2023
7892;2023;2031;2023
5346;2023;2499;2023
3959;2023;1203;2023
6586;2023;2764;2023
5729;2023;6292;2023
8330;2023;921;2023
5926;2023;1091;2023
4369;2023;2299;2023
6458;2023;791;2023
4238;2023;1372;2023
1799;2023;2296;2023
6323;2023;5797;2023
6403;2023;793;2023
2029;2023;935;2023
5301;2023;31038;2023
3751;2023;642;2023
7157;2023;1752;2023
4549;2023;1837;2023
1815;2023;398;2023
6568;2023;377;2023
5995;2023;1970;2023
6124;2023;242;2023
1563;2023;102;2023
2736;2023;872;2023
4660;2023;444;2023
1004;2023;4604;2023
5046;2023;772;2023
1292;2023;479;2023
5514;2023;1407;2023
9947;2023;191;2023
2235;2023;793;2023
0675;2023;600;2023
9645;2023;1577;2023
4202;2023;916;2023
5341;2023;5043;2023
2566;2023;175;2023
5227;2023;3350;2023
1858;2023;292;2023
6548;2023;610;2023
2572;2023;689;2023
2171;2023;794;2023
7743;2023;4491;2023
6747;2023;1436;2023
8912;2023;17723;2023
6083;2023;1046;2023
6476;2023;434;2023
8972;2023;185;2023
6209;2023;2246;2023
5781;2023;1063;2023
2126;2023;7566;2023
2846;2023;175;2023
9219;2023;94;2023
1532;2023;209;2023
5683;2023;505;2023
4115;2023;359;2023
1763;2023;1337;2023
3539;2023;1449;2023
0549;2023;110;2023
9952;2023;2149;2023
1749;2023;363;2023
1491;2023;1258;2023
1708;2023;369;2023
8004;2023;827;2023
4390;2023;833;2023
3724;2023;14256;2023
9196;2023;3310;2023
3658;2023;1095;2023
5655;2023;1459;2023
6722;2023;2408;2023
9133;2023;775;2023
9026;2023;550;2023
1629;2023;1846;2023
3948;2023;235;2023
3736;2023;377;2023
1530;2023;718;2023
6751;2023;1254;2023
7051;2023;1303;2023
3594;2023;4650;2023
7687;2023;739;2023
9006;2023;398;2023
6010;2023;177;2023
7352;2023;1648;2023
8886;2023;1155;2023
7343;2023;382;2023
7666;2023;1945;2023
4932;2023;30024;2023
3805;2023;1186;2023
7333;2023;6238;2023
3834;2023;277;2023
6245;2023;1690;2023
0832;2023;290;2023
1742;2023;453;2023
2176;2023;15663;2023
4677;2023;2057;2023
8631;2023;6712;2023
2455;2023;17852;2023
7560;2023;6896;2023
5372;2023;7467;2023
9345;2023;11559;2023
7574;2023;15445;2023
8949;2023;12336;2023
9447;2023;16844;2023
6127;2023;6126;2023
4119;2023;35237;2023
4318;2023;4269;2023
6337;2023;2114;2023
9166;2023;17922;2023
4703;2023;7820;2023
3928;2023;7494;2023
0781;2023;6661;2023
4892;2023;39541;2023
9549;2023;8492;2023
5081;2023;15978;2023
5060;2023;3201;2023
7673;2023;41570;2023
2807;2023;26242;2023
3139;2023;7680;2023
1171;2023;8351;2023
2859;2023;34993;2023
2957;2023;46699;2023
1828;2023;7565;2023
3083;2023;23534;2023
3184;2023;4476;2023
1093;2023;5708;2023
0874;2023;122883;2023
4761;2023;23680;2023
8455;2023;23160;2023
8753;2023;5388;2023
8877;2023;3981;2023
9685;2023;3690;2023
0462;2023;45010;2023
4021;2023;24023;2023
2628;2023;8323;2023
2016;2023;4504;2023
3379;2023;8729;2023
7507;2023;10611;2023
8480;2023;13876;2023
9794;2023;7436;2023
5553;2023;4170;2023
5185;2023;9154;2023
8648;2023;14243;2023
7175;2023;25925;2023
8186;2023;6872;2023
0384;2023;5102;2023
8153;2023;10904;2023
9779;2023;15823;2023
1222;2023;4801;2023
0288;2023;3573;2023
4940;2023;3239;2023
5319;2023;562;2023
2310;2023;1898;2023
6124;2023;3139;2023
6982;2023;35842;2023
2041;2023;901;2023
2618;2023;3214;2023
9249;2023;1149;2023
9294;2023;1418;2023
7793;2023;869;2023
7625;2023;590;2023
3534;2023;1539;2023
9920;2023;366;2023
6156;2023;1037;2023
5337;2023;727;2023
4458;2023;6281;2023
4182;2023;12441;2023
2142;2023;350;2023
6262;2023;694;2023
9216;2023;314;2023
2352;2023;2002;2023
4509;2023;2198;2023
7181;2023;7844;2023
1669;2023;399;2023
9490;2023;679;2023
3789;2023;885;2023
3504;2023;522;2023
0749;2023;738;2023
8664;2023;2856;2023
0023;2023;2149;2023
2637;2023;1624;2023
8509;2023;15615;2023
1489;2023;25860;2023
6456;2023;1919;2023
1790;2023;1140;2023
5171;2023;16469;2023
4918;2023;2173;2023
2924;2023;327;2023
9329;2023;1803;2023
8825;2023;96941;2023
4477;2023;92365;2023
2714;2023;53536;2023
9318;2023;27701;2023
8948;2023;11154;2023
4059;2023;8050;2023
2303;2023;13625;2023
0045;2023;5894;2023
5067;2023;54948;2023
7656;2023;13715;2023
4373;2023;5658;2023
7539;2023;399;2023
6243;2023;719;2023
2269;2023;1099;2023
4781;2023;1135;2023
3569;2023;1026;2023
8513;2023;2617;2023
1503;2023;2821;2023
5410;2023;25971;2023
1587;2023;5919;2023
9298;2023;1707;2023
8265;2023;755;2023
7744;2023;4170;2023
3039;2023;9382;2023
2736;2023;1642;2023
5918;2023;5801;2023
3083;2023;1959;2023
0354;2023;2055;2023
7599;2023;539;2023
7430;2023;560;2023
2007;2023;2631;2023
1109;2023;1504;2023
8706;2023;744;2023
5157;2023;299;2023
1776;2023;1101;2023
6224;2023;728;2023
8284;2023;1136;2023
4368;2023;1914;2023
5982;2023;439;2023
0535;2023;4557;2023
1874;2023;6090;2023
8013;2023;894;2023
5101;2023;2460;2023
6685;2023;10856;2023
2296;2023;24908;2023
8364;2023;2443;2023
0430;2023;205;2023
5859;2023;1597;2023
0144;2023;1968;2023
6861;2023;1198;2023
7866;2023;4718;2023
6580;2023;5085;2023
2740;2023;1498;2023
8743;2023;3035;2023
8108;2023;815;2023
7616;2023;1126;2023
1794;2023;2328;2023
6720;2023;2017;2023
5921;2023;1420;2023
5934;2023;1956;2023
6260;2023;875;2023
4253;2023;2438;2023
1390;2023;546;2023
4952;2023;1301;2023
9677;2023;1102;2023
8945;2023;771;2023
6224;2023;4792;2023
6102;2023;802;2023
0391;2023;4757;2023
1592;2023;1528;2023
8218;2023;1095;2023
3963;2023;7959;2023
4258;2023;5621;2023
3169;2023;727;2023
2204;2023;8488;2023
6384;2023;3418;2023
2288;2023;8070;2023
4834;2023;3094;2023
1631;2023;1665;2023
6996;2023;2642;2023
0162;2023;10601;2023
2268;2023;3777;2023
6919;2023;1099;2023
3934;2023;1278;2023
2888;2023;4793;2023
7278;2023;2645;2023
8411;2023;8504;2023
7817;2023;4506;2023
1827;2023;605;2023
8041;2023;125;2023
2050;2023;1146;2023
7880;2023;774;2023
0196;2023;559;2023
8446;2023;3529;2023
3586;2023;1015;2023
3870;2023;1834;2023
7943;2023;1873;2023
1982;2023;1080;2023
6205;2023;3220;2023
0025;2023;988;2023
5701;2023;916;2023
6021;2023;375;2023
8212;2023;4017;2023
7613;2023;475;2023
7511;2023;1783;2023
4761;2023;13117;2023
5295;2023;2418;2023
3873;2023;3326;2023
4495;2023;1007;2023
9327;2023;655;2023
4872;2023;1163;2023
4281;2023;1006;2023
3947;2023;4438;2023
3596;2023;938;2023
1781;2023;3721;2023
8137;2023;6600;2023
1943;2023;2616;2023
