Codice Ripartizione geografica;Codice Regione;Codice Provincia/Uts;Codice Comune (alfanumerico);Codice Comune (numerico);Comune;Comune (dizione straniera);Sigla automobilistica;Capoluogo di Provincia/Uts;Capoluogo di Regione;Popolazione legale;Anno Censimento;Superficie (Kmq);Anno (Superficie);Popolazione residente;Anno (Popolazione residente)
1462;2006;2662;2006
7393;2006;3666;2006
3315;2006;467;2006
7314;2006;1661;2006
3796;2006;691;2006
8756;2006;6157;2006
6261;2006;252;2006
9193;2006;16781;2006
4860;2006;1936;2006
3085;2006;488;2006
8782;2006;835;2006
1668;2006;1026;2006
2172;2006;11825;2006
9605;2006;1326;2006
0859;2006;808;2006
0063;2006;3042;2006
5064;2006;501;2006
4054;2006;3603;2006
7105;2006;105;2006
0289;2006;3367;2006
8027;2006;1544;2006
2029;2006;3017;2006
9864;2006;614;2006
7343;2006;18104;2006
5979;2006;3186;2006
0819;2006;587;2006
2234;2006;2073;2006
3261;2006;13563;2006
9648;2006;510;2006
4189;2006;3665;2006
3712;2006;801;2006
9617;2006;2330;2006
9191;2006;2991;2006
2914;2006;7874;2006
7585;2006;4131;2006
1350;2006;478;2006
9504;2006;485;2006
5701;2006;8234;2006
3592;2006;1638;2006
5838;2006;1473;2006
6868;2006;1392;2006
4760;2006;1312;2006
0643;2006;1453;2006
1004;2006;6575;2006
0973;2006;6487;2006
2312;2006;3589;2006
4925;2006;7268;2006
1314;2006;6179;2006
0864;2006;1364;2006
1317;2006;1273;2006
8499;2006;5567;2006
9505;2006;305;2006
1953;2006;2404;2006
0319;2006;560;2006
4066;2006;2006;2006
5371;2006;1046;2006
2578;2006;763;2006
6894;2006;8855;2006
7149;2006;26454;2006
1250;2006;1787;2006
1726;2006;1437;2006
3137;2006;2724;2006
7115;2006;16980;2006
4732;2006;1627;2006
2796;2006;1982;2006
7063;2006;9483;2006
3756;2006;444;2006
1346;2006;5979;2006
3285;2006;2324;2006
9591;2006;5410;2006
1595;2006;1885;2006
0516;2006;1027;2006
8139;2006;161;2006
7001;2006;966;2006
4478;2006;336;2006
5698;2006;1658;2006
0221;2006;2200;2006
1975;2006;34431;2006
1189;2006;237;2006
7549;2006;991;2006
9165;2006;1562;2006
2378;2006;23591;2006
1638;2006;367;2006
9345;2006;132;2006
1962;2006;394;2006
7329;2006;18431;2006
6872;2006;198;2006
8788;2006;1528;2006
5727;2006;3054;2006
0993;2006;49264;2006
3321;2006;319;2006
5894;2006;632;2006
1131;2006;4594;2006
4914;2006;3273;2006
2384;2006;560;2006
8709;2006;1004;2006
7335;2006;7598;2006
3133;2006;9984;2006
5395;2006;8243;2006
5474;2006;277;2006
8499;2006;4850;2006
8929;2006;2405;2006
4091;2006;596;2006
0415;2006;2684;2006
3457;2006;862;2006
6427;2006;2198;2006
5075;2006;3740;2006
8185;2006;293;2006
9482;2006;1642;2006
1488;2006;2869;2006
4018;2006;538;2006
5108;2006;9426;2006
4442;2006;1312;2006
3833;2006;660;2006
7376;2006;15565;2006
8200;2006;2699;2006
9870;2006;760;2006
0935;2006;198;2006
3296;2006;1010;2006
1321;2006;37041;2006
7506;2006;55;2006
0292;2006;720;2006
7716;2006;388;2006
5042;2006;434;2006
1075;2006;23853;2006
0353;2006;1570;2006
7825;2006;7200;2006
2876;2006;5187;2006
2900;2006;1493;2006
4355;2006;13091;2006
6753;2006;209;2006
9366;2006;2025;2006
3912;2006;473;2006
5162;2006;1694;2006
7158;2006;1617;2006
2096;2006;1057;2006
1914;2006;1062;2006
8835;2006;400;2006
7414;2006;7926;2006
0398;2006;507;2006
2585;2006;566;2006
1404;2006;1153;2006
3129;2006;508;2006
2593;2006;1349;2006
2587;2006;71;2006
0706;2006;3999;2006
6942;2006;731;2006
3424;2006;4096;2006
5439;2006;915;2006
6383;2006;1148;2006
4420;2006;109;2006
0871;2006;888;2006
0825;2006;388;2006
3332;2006;673;2006
6554;2006;383;2006
5288;2006;54513;2006
5007;2006;45;2006
6567;2006;479;2006
4681;2006;897;2006
3567;2006;3413;2006
9036;2006;5413;2006
3896;2006;868;2006
4895;2006;794;2006
5625;2006;47997;2006
0453;2006;186;2006
3531;2006;6591;2006
0743;2006;328;2006
6422;2006;7798;2006
5542;2006;546;2006
3030;2006;1420;2006
2079;2006;21798;2006
1541;2006;824;2006
4885;2006;1120;2006
5770;2006;824;2006
7857;2006;2946;2006
4058;2006;1205;2006
0819;2006;827;2006
8878;2006;1972;2006
6886;2006;466;2006
4056;2006;966;2006
5400;2006;3804;2006
5680;2006;250;2006
1730;2006;3775;2006
0906;2006;3439;2006
7080;2006;588;2006
1830;2006;764;2006
0041;2006;752;2006
3498;2006;631;2006
4634;2006;12326;2006
7183;2006;2986;2006
3376;2006;34120;2006
8196;2006;8364;2006
6488;2006;3525;2006
1459;2006;17284;2006
9034;2006;3235;2006
0343;2006;1320;2006
6186;2006;9442;2006
5611;2006;1105;2006
0609;2006;3753;2006
4476;2006;1016;2006
2017;2006;628;2006
6092;2006;292;2006
8455;2006;1829;2006
4785;2006;229;2006
5052;2006;1260;2006
2419;2006;803;2006
8803;2006;590;2006
0380;2006;330;2006
9559;2006;349;2006
7868;2006;1058;2006
6658;2006;1588;2006
6002;2006;85;2006
8334;2006;1038;2006
1075;2006;18183;2006
8318;2006;3890;2006
5714;2006;2641;2006
2461;2006;11967;2006
8733;2006;1575;2006
4998;2006;48820;2006
5756;2006;3026;2006
1912;2006;1716;2006
7039;2006;1995;2006
2107;2006;2928;2006
2664;2006;340;2006
6877;2006;1718;2006
4075;2006;267;2006
3732;2006;910;2006
0650;2006;3966;2006
9371;2006;2318;2006
1002;2006;795;2006
9519;2006;1729;2006
3197;2006;532;2006
1034;2006;551;2006
8859;2006;74;2006
4329;2006;1545;2006
2318;2006;5356;2006
9070;2006;3661;2006
3809;2006;390;2006
3037;2006;535;2006
9796;2006;4555;2006
6513;2006;3698;2006
8617;2006;1889;2006
8866;2006;2708;2006
4049;2006;2520;2006
7219;2006;1022;2006
6132;2006;3157;2006
7933;2006;866;2006
3442;2006;8147;2006
5517;2006;18617;2006
4446;2006;1476;2006
1243;2006;277;2006
1520;2006;2994;2006
5766;2006;1901;2006
5719;2006;3419;2006
3682;2006;4688;2006
7945;2006;4157;2006
1984;2006;10268;2006
2772;2006;223;2006
3112;2006;1168;2006
6768;2006;3231;2006
0308;2006;768;2006
3557;2006;1520;2006
9158;2006;888;2006
0578;2006;510;2006
3659;2006;46940;2006
2590;2006;1556;2006
6785;2006;1147;2006
2140;2006;268;2006
4686;2006;6152;2006
9879;2006;6620;2006
6751;2006;800;2006
0095;2006;875609;2006
8238;2006;2485;2006
4545;2006;583;2006
0981;2006;4489;2006
4059;2006;3624;2006
2448;2006;142;2006
3592;2006;353;2006
4544;2006;560;2006
3475;2006;11071;2006
9669;2006;179;2006
5375;2006;240;2006
2292;2006;1435;2006
5252;2006;3760;2006
1200;2006;892;2006
0792;2006;760;2006
9094;2006;3146;2006
8469;2006;130;2006
5579;2006;813;2006
0927;2006;1535;2006
1435;2006;962;2006
4424;2006;34476;2006
4882;2006;4742;2006
9431;2006;1457;2006
0690;2006;858;2006
6454;2006;227;2006
9337;2006;903;2006
9677;2006;529;2006
1543;2006;5175;2006
7854;2006;4757;2006
0306;2006;1050;2006
4088;2006;3039;2006
7080;2006;2965;2006
4091;2006;1003;2006
6868;2006;2027;2006
2927;2006;1196;2006
4228;2006;4207;2006
8767;2006;4785;2006
6940;2006;13355;2006
0574;2006;1166;2006
0748;2006;1386;2006
6817;2006;522;2006
1119;2006;1175;2006
4629;2006;13908;2006
9827;2006;8365;2006
0366;2006;435;2006
7804;2006;344;2006
5650;2006;2628;2006
3101;2006;1014;2006
3156;2006;1379;2006
7885;2006;105;2006
8079;2006;287;2006
8058;2006;2070;2006
8706;2006;244;2006
5707;2006;2560;2006
0901;2006;13425;2006
2949;2006;2308;2006
2305;2006;182;2006
0776;2006;958;2006
1364;2006;238;2006
8004;2006;76;2006
1088;2006;1083;2006
0330;2006;1132;2006
1062;2006;927;2006
2050;2006;262;2006
6044;2006;342;2006
0488;2006;875;2006
5380;2006;54;2006
3078;2006;4526;2006
3878;2006;277;2006
2234;2006;137;2006
9676;2006;833;2006
8563;2006;290;2006
2233;2006;7969;2006
0162;2006;430;2006
4768;2006;1109;2006
1403;2006;248;2006
2424;2006;1255;2006
7629;2006;562;2006
6659;2006;8370;2006
5030;2006;868;2006
8817;2006;401;2006
0875;2006;343;2006
6440;2006;510;2006
9701;2006;913;2006
5740;2006;555;2006
0280;2006;4428;2006
6672;2006;823;2006
9178;2006;102;2006
1818;2006;1445;2006
7139;2006;880;2006
5035;2006;697;2006
5270;2006;212;2006
9396;2006;1329;2006
2949;2006;316;2006
3506;2006;1209;2006
6903;2006;125;2006
5976;2006;210;2006
1781;2006;563;2006
5389;2006;625;2006
1561;2006;4254;2006
8910;2006;463;2006
2700;2006;80;2006
0226;2006;65;2006
3032;2006;148;2006
2702;2006;130;2006
1298;2006;243;2006
4089;2006;438;2006
9160;2006;2512;2006
4754;2006;601;2006
8379;2006;192;2006
2681;2006;1008;2006
8536;2006;66;2006
1875;2006;253;2006
7766;2006;121;2006
5981;2006;4036;2006
6327;2006;1758;2006
1294;2006;9113;2006
5335;2006;390;2006
2544;2006;429;2006
9053;2006;5095;2006
3140;2006;1250;2006
2491;2006;634;2006
6054;2006;7668;2006
7508;2006;3518;2006
4259;2006;2271;2006
1193;2006;7391;2006
7747;2006;45380;2006
5109;2006;487;2006
5822;2006;1599;2006
2573;2006;168;2006
5364;2006;1408;2006
9965;2006;871;2006
5153;2006;2229;2006
1699;2006;14172;2006
4928;2006;903;2006
1786;2006;8828;2006
4536;2006;1077;2006
6080;2006;1228;2006
5097;2006;1258;2006
3043;2006;1097;2006
0912;2006;1995;2006
2699;2006;20477;2006
3928;2006;4508;2006
7479;2006;2880;2006
7562;2006;1188;2006
3214;2006;2473;2006
9857;2006;10410;2006
6557;2006;2548;2006
0407;2006;1001;2006
5310;2006;896;2006
4909;2006;1512;2006
4849;2006;862;2006
7918;2006;302;2006
6412;2006;9582;2006
4855;2006;420;2006
8335;2006;1325;2006
3261;2006;1250;2006
6390;2006;6719;2006
1618;2006;487;2006
4493;2006;1125;2006
1035;2006;1517;2006
5068;2006;2441;2006
0977;2006;1345;2006
2522;2006;2554;2006
2146;2006;2095;2006
1702;2006;2655;2006
3693;2006;14520;2006
0493;2006;1095;2006
7542;2006;1764;2006
2884;2006;3307;2006
6442;2006;3619;2006
5821;2006;5790;2006
5183;2006;1338;2006
3337;2006;4816;2006
3718;2006;4136;2006
2834;2006;591;2006
5806;2006;2390;2006
6587;2006;1756;2006
8541;2006;280;2006
7880;2006;1574;2006
8639;2006;1101;2006
5349;2006;2452;2006
7187;2006;1062;2006
5211;2006;958;2006
5907;2006;2635;2006
2650;2006;1785;2006
3421;2006;770;2006
0495;2006;101176;2006
7944;2006;12648;2006
9351;2006;1959;2006
6500;2006;1189;2006
2271;2006;1795;2006
1018;2006;1121;2006
0713;2006;1308;2006
7660;2006;812;2006
8653;2006;1549;2006
2965;2006;1939;2006
1260;2006;1953;2006
8526;2006;890;2006
9764;2006;3989;2006
6909;2006;4603;2006
5426;2006;3104;2006
4512;2006;726;2006
8991;2006;1816;2006
5352;2006;578;2006
7543;2006;1491;2006
3719;2006;764;2006
9139;2006;1013;2006
3271;2006;2795;2006
4631;2006;473;2006
2378;2006;880;2006
2233;2006;18469;2006
0122;2006;1025;2006
5929;2006;4761;2006
8717;2006;1760;2006
7788;2006;2087;2006
2939;2006;873;2006
4632;2006;628;2006
5276;2006;173;2006
9173;2006;269;2006
5855;2006;30082;2006
5899;2006;262;2006
4547;2006;123;2006
2591;2006;106;2006
9174;2006;183;2006
9487;2006;1000;2006
2505;2006;5711;2006
3257;2006;1082;2006
7637;2006;658;2006
9923;2006;7617;2006
6892;2006;712;2006
0005;2006;655;2006
1195;2006;242;2006
6865;2006;2972;2006
0700;2006;157;2006
0030;2006;385;2006
0657;2006;3467;2006
4389;2006;484;2006
1118;2006;78;2006
7956;2006;3328;2006
2409;2006;134;2006
4778;2006;392;2006
3396;2006;11723;2006
5405;2006;209;2006
5453;2006;677;2006
9483;2006;9614;2006
5298;2006;28724;2006
2376;2006;312;2006
1797;2006;65;2006
1240;2006;319;2006
0639;2006;1120;2006
8440;2006;9677;2006
6378;2006;695;2006
6114;2006;229;2006
8655;2006;5498;2006
4476;2006;92;2006
5011;2006;119;2006
7246;2006;6607;2006
3287;2006;2876;2006
3047;2006;1121;2006
8380;2006;4228;2006
4192;2006;187;2006
8066;2006;1356;2006
1148;2006;1994;2006
9513;2006;203;2006
3404;2006;284;2006
1301;2006;1215;2006
8576;2006;374;2006
8028;2006;889;2006
5178;2006;342;2006
3070;2006;93;2006
2617;2006;139;2006
7202;2006;664;2006
6345;2006;845;2006
5227;2006;524;2006
4378;2006;611;2006
5946;2006;5212;2006
1052;2006;120;2006
4856;2006;6490;2006
0496;2006;2104;2006
1423;2006;482;2006
2414;2006;4537;2006
5961;2006;1999;2006
0744;2006;5772;2006
5350;2006;7849;2006
0188;2006;3724;2006
1219;2006;185;2006
9034;2006;90;2006
1508;2006;861;2006
0879;2006;2023;2006
9874;2006;2481;2006
5398;2006;1051;2006
3423;2006;3259;2006
1183;2006;396;2006
0529;2006;190;2006
6705;2006;53400;2006
3063;2006;2005;2006
5432;2006;3196;2006
6134;2006;4732;2006
9575;2006;7103;2006
2196;2006;105;2006
7314;2006;833;2006
9305;2006;1951;2006
5112;2006;1697;2006
0300;2006;449;2006
6666;2006;367;2006
2369;2006;24236;2006
1437;2006;832;2006
6433;2006;1494;2006
0106;2006;293;2006
9691;2006;506;2006
7412;2006;394;2006
2876;2006;3455;2006
7224;2006;2395;2006
9699;2006;348;2006
6768;2006;191;2006
9107;2006;2037;2006
8082;2006;1843;2006
4457;2006;3149;2006
4042;2006;80;2006
0629;2006;91;2006
7124;2006;1320;2006
1690;2006;2710;2006
8291;2006;522;2006
2005;2006;754;2006
2539;2006;862;2006
7390;2006;230;2006
8104;2006;1591;2006
2287;2006;233;2006
6562;2006;79;2006
5000;2006;1783;2006
2204;2006;2174;2006
0310;2006;1311;2006
7344;2006;3491;2006
9869;2006;2803;2006
3762;2006;1358;2006
1258;2006;91;2006
0258;2006;320;2006
2806;2006;752;2006
9056;2006;335;2006
0682;2006;298;2006
5111;2006;303;2006
4335;2006;610;2006
4386;2006;1268;2006
6796;2006;111;2006
9114;2006;1227;2006
9903;2006;613;2006
9818;2006;21881;2006
9330;2006;757;2006
2745;2006;1978;2006
8203;2006;4545;2006
5843;2006;589;2006
8403;2006;903;2006
6271;2006;713;2006
4303;2006;503;2006
1041;2006;226;2006
2211;2006;570;2006
6999;2006;1640;2006
9363;2006;283;2006
2358;2006;2070;2006
9934;2006;4271;2006
1919;2006;2014;2006
6758;2006;831;2006
3282;2006;935;2006
1826;2006;3375;2006
3029;2006;3045;2006
9261;2006;428;2006
5183;2006;416;2006
7070;2006;1041;2006
7055;2006;996;2006
8083;2006;449;2006
3592;2006;101;2006
4950;2006;1876;2006
0873;2006;78;2006
2693;2006;2950;2006
6797;2006;580;2006
4039;2006;375;2006
4249;2006;253;2006
8932;2006;311;2006
2140;2006;129;2006
9187;2006;5326;2006
5693;2006;346;2006
3102;2006;2069;2006
6214;2006;2807;2006
1856;2006;92;2006
0347;2006;1187;2006
3043;2006;1001;2006
4774;2006;2915;2006
3146;2006;1200;2006
9229;2006;208;2006
2934;2006;273;2006
3851;2006;193;2006
0088;2006;521;2006
0306;2006;1932;2006
3739;2006;775;2006
3615;2006;494;2006
0562;2006;9881;2006
4700;2006;4221;2006
8436;2006;1069;2006
3520;2006;140;2006
8367;2006;166;2006
4212;2006;81;2006
0038;2006;2368;2006
8104;2006;545;2006
2988;2006;1499;2006
0152;2006;145;2006
4025;2006;1645;2006
6108;2006;2087;2006
2407;2006;737;2006
1492;2006;2812;2006
5076;2006;189;2006
3531;2006;1521;2006
5849;2006;399;2006
9004;2006;984;2006
9166;2006;952;2006
5091;2006;353;2006
5052;2006;513;2006
0742;2006;185;2006
3254;2006;1426;2006
6960;2006;727;2006
5902;2006;16342;2006
1392;2006;82;2006
9069;2006;1106;2006
8454;2006;192;2006
2618;2006;472;2006
5040;2006;2655;2006
7088;2006;2668;2006
1069;2006;2057;2006
4544;2006;2244;2006
0758;2006;2655;2006
5721;2006;4009;2006
1142;2006;1320;2006
7876;2006;20485;2006
3878;2006;221;2006
4979;2006;1973;2006
3908;2006;544;2006
8995;2006;348;2006
6012;2006;498;2006
6848;2006;387;2006
4155;2006;6134;2006
0935;2006;2802;2006
0956;2006;106;2006
2013;2006;2038;2006
1829;2006;221;2006
6453;2006;521;2006
3901;2006;716;2006
8226;2006;70;2006
5956;2006;799;2006
5253;2006;343;2006
1439;2006;2082;2006
3126;2006;966;2006
1017;2006;810;2006
9559;2006;152;2006
9200;2006;60;2006
4094;2006;1580;2006
1540;2006;525;2006
0563;2006;1285;2006
1320;2006;6346;2006
0688;2006;2120;2006
7363;2006;3175;2006
9415;2006;2179;2006
7324;2006;2886;2006
3523;2006;5602;2006
7884;2006;783;2006
4958;2006;1464;2006
1692;2006;722;2006
0672;2006;442;2006
0900;2006;554;2006
4484;2006;1661;2006
5399;2006;506;2006
8608;2006;1006;2006
4124;2006;626;2006
3734;2006;72376;2006
4341;2006;410;2006
0660;2006;992;2006
2796;2006;333;2006
3430;2006;447;2006
9008;2006;370;2006
7621;2006;880;2006
1608;2006;2337;2006
7884;2006;1689;2006
2931;2006;1407;2006
7149;2006;1316;2006
8923;2006;492;2006
4326;2006;10229;2006
7214;2006;915;2006
0565;2006;311;2006
6480;2006;662;2006
8391;2006;650;2006
5648;2006;3761;2006
3374;2006;1329;2006
8622;2006;641;2006
0881;2006;2794;2006
2882;2006;302;2006
0662;2006;181;2006
1785;2006;1915;2006
5499;2006;907;2006
2039;2006;797;2006
6068;2006;3160;2006
6273;2006;386;2006
8477;2006;680;2006
5928;2006;459;2006
9383;2006;260;2006
6529;2006;610;2006
7779;2006;408;2006
4170;2006;240;2006
5045;2006;477;2006
7326;2006;1264;2006
0489;2006;309;2006
5226;2006;1590;2006
0824;2006;214;2006
0231;2006;306;2006
4766;2006;273;2006
3333;2006;645;2006
4254;2006;574;2006
3986;2006;500;2006
9433;2006;5862;2006
7086;2006;534;2006
9251;2006;921;2006
9270;2006;1573;2006
1300;2006;570;2006
2168;2006;758;2006
8846;2006;598;2006
4721;2006;654;2006
7037;2006;2121;2006
5026;2006;2131;2006
8219;2006;359;2006
3739;2006;309;2006
9251;2006;399;2006
1551;2006;429;2006
4357;2006;241;2006
3971;2006;1157;2006
2321;2006;2339;2006
1103;2006;1015;2006
2057;2006;968;2006
4210;2006;3311;2006
3291;2006;881;2006
8550;2006;983;2006
5373;2006;379;2006
4969;2006;994;2006
6348;2006;716;2006
1408;2006;1385;2006
4191;2006;2176;2006
1185;2006;1243;2006
4053;2006;211;2006
3631;2006;10112;2006
6170;2006;98;2006
0260;2006;452;2006
5630;2006;558;2006
0013;2006;616;2006
0820;2006;226;2006
0690;2006;726;2006
0036;2006;1990;2006
8582;2006;205;2006
0961;2006;1643;2006
7729;2006;827;2006
4172;2006;385;2006
1805;2006;536;2006
5631;2006;934;2006
5057;2006;469;2006
8377;2006;364;2006
9109;2006;1413;2006
8656;2006;8166;2006
1477;2006;126;2006
2094;2006;723;2006
6838;2006;1081;2006
8691;2006;1196;2006
3426;2006;627;2006
3277;2006;162;2006
4471;2006;292;2006
6804;2006;564;2006
2800;2006;162;2006
1173;2006;1733;2006
8030;2006;937;2006
5952;2006;214;2006
7599;2006;291;2006
0383;2006;2318;2006
1655;2006;721;2006
9754;2006;284;2006
7135;2006;991;2006
6530;2006;852;2006
8798;2006;3159;2006
9480;2006;5228;2006
1268;2006;412;2006
2863;2006;677;2006
8624;2006;1754;2006
2967;2006;19872;2006
2298;2006;326;2006
5659;2006;88369;2006
1455;2006;788;2006
2135;2006;778;2006
1382;2006;1049;2006
3280;2006;486;2006
1269;2006;398;2006
9166;2006;5867;2006
2375;2006;299;2006
6197;2006;1457;2006
0526;2006;2010;2006
7128;2006;1768;2006
3258;2006;449;2006
4397;2006;757;2006
8874;2006;161;2006
5936;2006;1891;2006
3977;2006;1972;2006
6034;2006;627;2006
7230;2006;1394;2006
5297;2006;2564;2006
6136;2006;1190;2006
0235;2006;347;2006
5293;2006;479;2006
6326;2006;569;2006
2493;2006;545;2006
4376;2006;796;2006
0619;2006;542;2006
4663;2006;1861;2006
0526;2006;1043;2006
7892;2006;317;2006
4833;2006;373;2006
3394;2006;931;2006
2551;2006;112;2006
0154;2006;476;2006
3413;2006;739;2006
1637;2006;1020;2006
0104;2006;384;2006
2099;2006;35102;2006
9850;2006;917;2006
0373;2006;142;2006
8466;2006;1869;2006
0925;2006;3017;2006
7721;2006;916;2006
2089;2006;96;2006
4827;2006;389;2006
1282;2006;4533;2006
6600;2006;163;2006
9770;2006;2009;2006
5844;2006;517;2006
5776;2006;1550;2006
1106;2006;680;2006
4214;2006;5558;2006
4873;2006;422;2006
4466;2006;314;2006
5524;2006;536;2006
4427;2006;491;2006
7470;2006;348;2006
3008;2006;1607;2006
3002;2006;469;2006
6117;2006;1013;2006
8996;2006;370;2006
3874;2006;1027;2006
2191;2006;354;2006
4621;2006;192;2006
2762;2006;241;2006
8547;2006;781;2006
0138;2006;2430;2006
6148;2006;353;2006
7515;2006;479;2006
2861;2006;476;2006
4310;2006;535;2006
5649;2006;1429;2006
9336;2006;732;2006
0573;2006;1953;2006
5332;2006;1679;2006
7684;2006;1224;2006
1542;2006;813;2006
7165;2006;720;2006
2797;2006;154;2006
2764;2006;4523;2006
4494;2006;696;2006
3863;2006;368;2006
0802;2006;323;2006
9428;2006;520;2006
8021;2006;311;2006
5485;2006;779;2006
5358;2006;843;2006
8759;2006;1208;2006
0350;2006;116;2006
2319;2006;1499;2006
7375;2006;1247;2006
1998;2006;192;2006
2357;2006;1362;2006
5040;2006;2197;2006
7527;2006;681;2006
6941;2006;1137;2006
5408;2006;223;2006
5184;2006;244;2006
0326;2006;190;2006
6176;2006;619;2006
7473;2006;317;2006
3756;2006;319;2006
7241;2006;694;2006
4867;2006;368;2006
5982;2006;586;2006
4513;2006;333;2006
8515;2006;374;2006
7049;2006;1537;2006
9523;2006;443;2006
2197;2006;707;2006
2943;2006;694;2006
3104;2006;1506;2006
1948;2006;27609;2006
4629;2006;1386;2006
4278;2006;533;2006
5707;2006;270;2006
6908;2006;142;2006
0996;2006;439;2006
5434;2006;722;2006
3723;2006;11628;2006
3665;2006;1262;2006
1834;2006;1561;2006
4198;2006;249;2006
7376;2006;648;2006
5365;2006;772;2006
2811;2006;1127;2006
4645;2006;1270;2006
9973;2006;924;2006
6455;2006;763;2006
4427;2006;400;2006
7049;2006;3859;2006
9177;2006;1536;2006
9679;2006;712;2006
6495;2006;412;2006
0281;2006;1186;2006
0840;2006;383;2006
1766;2006;4768;2006
9724;2006;548;2006
0071;2006;2043;2006
1651;2006;1366;2006
7338;2006;1715;2006
5153;2006;673;2006
0516;2006;1456;2006
0734;2006;399;2006
5887;2006;187;2006
4612;2006;1496;2006
1543;2006;223;2006
2799;2006;1702;2006
5754;2006;434;2006
9156;2006;4192;2006
5706;2006;607;2006
1156;2006;1305;2006
6916;2006;4584;2006
8925;2006;603;2006
7065;2006;438;2006
7430;2006;434;2006
8532;2006;1202;2006
8426;2006;617;2006
9488;2006;6070;2006
3194;2006;1256;2006
1681;2006;1852;2006
5538;2006;1670;2006
9533;2006;225;2006
8545;2006;1175;2006
9542;2006;321;2006
9132;2006;2251;2006
2889;2006;2019;2006
2111;2006;1544;2006
0350;2006;586;2006
2664;2006;859;2006
7960;2006;888;2006
0894;2006;1432;2006
8666;2006;25761;2006
6032;2006;268;2006
2192;2006;677;2006
3854;2006;20154;2006
2934;2006;1074;2006
7258;2006;1106;2006
6455;2006;2233;2006
3073;2006;3084;2006
6091;2006;518;2006
4744;2006;977;2006
8689;2006;346;2006
5563;2006;1811;2006
0672;2006;755;2006
5618;2006;1191;2006
4829;2006;1200;2006
2458;2006;172;2006
1827;2006;753;2006
9640;2006;251;2006
8080;2006;594;2006
3923;2006;34197;2006
8405;2006;1302;2006
3596;2006;871;2006
6166;2006;439;2006
4208;2006;1361;2006
2436;2006;1925;2006
0314;2006;141;2006
0905;2006;240;2006
5133;2006;992;2006
2621;2006;831;2006
9864;2006;737;2006
1589;2006;607;2006
5415;2006;968;2006
5283;2006;92;2006
7924;2006;680;2006
4401;2006;410;2006
8619;2006;2367;2006
6811;2006;4808;2006
0426;2006;1445;2006
6059;2006;2901;2006
9801;2006;2685;2006
2542;2006;423;2006
2330;2006;220;2006
5692;2006;496;2006
1159;2006;1727;2006
7128;2006;449;2006
1716;2006;468;2006
9833;2006;1423;2006
3034;2006;3031;2006
5174;2006;310;2006
6500;2006;815;2006
6384;2006;1167;2006
0381;2006;616;2006
3781;2006;401;2006
6103;2006;1394;2006
0120;2006;829;2006
9365;2006;272;2006
9427;2006;1929;2006
6666;2006;796;2006
5491;2006;490;2006
7597;2006;1809;2006
6277;2006;2050;2006
3544;2006;2756;2006
4825;2006;157;2006
5598;2006;212;2006
2673;2006;477;2006
3295;2006;1461;2006
5619;2006;181;2006
7533;2006;780;2006
9214;2006;3944;2006
4018;2006;952;2006
0520;2006;3435;2006
8306;2006;128;2006
3385;2006;204;2006
6410;2006;987;2006
7364;2006;3247;2006
3872;2006;378;2006
3858;2006;1230;2006
4576;2006;334;2006
4207;2006;222;2006
1772;2006;2831;2006
8769;2006;372;2006
5721;2006;4803;2006
2810;2006;4668;2006
4629;2006;556;2006
4757;2006;183;2006
4468;2006;617;2006
2147;2006;177;2006
1501;2006;2202;2006
3546;2006;1310;2006
3607;2006;2639;2006
7980;2006;1234;2006
6268;2006;441;2006
9364;2006;586;2006
0628;2006;196;2006
0925;2006;121;2006
1429;2006;352;2006
1000;2006;1243;2006
3196;2006;292;2006
6456;2006;10499;2006
9399;2006;446;2006
4357;2006;878;2006
9447;2006;5390;2006
4709;2006;314;2006
2910;2006;175;2006
8605;2006;1130;2006
9282;2006;366;2006
7924;2006;1253;2006
5850;2006;1150;2006
8569;2006;284;2006
5068;2006;579;2006
0919;2006;490;2006
3931;2006;1255;2006
8809;2006;568;2006
5548;2006;281;2006
5190;2006;804;2006
3343;2006;679;2006
1136;2006;2085;2006
6729;2006;6159;2006
9118;2006;1044;2006
2846;2006;2026;2006
7953;2006;1316;2006
3823;2006;40471;2006
3465;2006;716;2006
8968;2006;283;2006
6911;2006;224;2006
0473;2006;680;2006
7127;2006;358;2006
0261;2006;127;2006
8375;2006;257;2006
4462;2006;3486;2006
2994;2006;923;2006
2246;2006;589;2006
5045;2006;1407;2006
2304;2006;878;2006
3802;2006;839;2006
3127;2006;2272;2006
2099;2006;629;2006
8026;2006;505;2006
8563;2006;546;2006
3683;2006;402;2006
0712;2006;2801;2006
2848;2006;260;2006
8532;2006;3139;2006
3071;2006;1239;2006
2886;2006;1479;2006
9578;2006;53286;2006
6886;2006;2181;2006
8705;2006;322;2006
4660;2006;879;2006
3583;2006;13488;2006
9254;2006;206;2006
6060;2006;405;2006
8808;2006;1268;2006
6815;2006;7092;2006
1513;2006;440;2006
7256;2006;24434;2006
4645;2006;289;2006
5157;2006;463;2006
2440;2006;10876;2006
5752;2006;23289;2006
2458;2006;5622;2006
6771;2006;10722;2006
2966;2006;2157;2006
7987;2006;7265;2006
0930;2006;602;2006
2733;2006;594;2006
7924;2006;675;2006
6899;2006;1206;2006
3521;2006;2285;2006
3910;2006;5263;2006
7326;2006;2331;2006
4709;2006;458;2006
4026;2006;13344;2006
6034;2006;1517;2006
7456;2006;1596;2006
4005;2006;5698;2006
4707;2006;798;2006
7042;2006;298;2006
1432;2006;195;2006
5606;2006;5440;2006
9617;2006;3655;2006
1527;2006;5640;2006
2726;2006;1803;2006
4065;2006;1070;2006
8152;2006;1988;2006
7277;2006;246;2006
5253;2006;11779;2006
0314;2006;1211;2006
2237;2006;926;2006
7021;2006;459;2006
7242;2006;2054;2006
4313;2006;11112;2006
5718;2006;806;2006
7301;2006;1284;2006
8506;2006;139;2006
9575;2006;3330;2006
2979;2006;540;2006
2226;2006;874;2006
1779;2006;224;2006
6683;2006;2930;2006
1897;2006;223;2006
3129;2006;852;2006
4541;2006;1408;2006
1735;2006;500;2006
3321;2006;976;2006
4461;2006;830;2006
8780;2006;8751;2006
6453;2006;621;2006
9456;2006;856;2006
9184;2006;7228;2006
5972;2006;585;2006
7067;2006;705;2006
6560;2006;1946;2006
2710;2006;60445;2006
0198;2006;3925;2006
6807;2006;3012;2006
8062;2006;831;2006
2868;2006;232;2006
9651;2006;2378;2006
4468;2006;2402;2006
1688;2006;818;2006
7846;2006;8215;2006
9616;2006;13536;2006
9151;2006;394;2006
7617;2006;777;2006
8914;2006;2211;2006
8072;2006;352;2006
2972;2006;11449;2006
9322;2006;2327;2006
2766;2006;2707;2006
4242;2006;4573;2006
5133;2006;2081;2006
0618;2006;5867;2006
0653;2006;5616;2006
7402;2006;3042;2006
9059;2006;7432;2006
4580;2006;3420;2006
8222;2006;6494;2006
0656;2006;3180;2006
7499;2006;1664;2006
6951;2006;3883;2006
2310;2006;27655;2006
2837;2006;2544;2006
7229;2006;9121;2006
0821;2006;5388;2006
0024;2006;264;2006
7249;2006;596;2006
5252;2006;1850;2006
2539;2006;120;2006
6165;2006;461;2006
1627;2006;288;2006
9072;2006;602492;2006
8714;2006;159;2006
9693;2006;1519;2006
8763;2006;13049;2006
7100;2006;2240;2006
7183;2006;511;2006
5078;2006;1553;2006
4412;2006;3928;2006
9341;2006;2656;2006
6498;2006;1461;2006
2743;2006;3614;2006
2716;2006;2636;2006
6107;2006;2828;2006
6787;2006;253;2006
7247;2006;2015;2006
5215;2006;2296;2006
2369;2006;1043;2006
9885;2006;569;2006
5565;2006;2492;2006
5311;2006;519;2006
9310;2006;171;2006
6136;2006;29707;2006
7715;2006;10240;2006
7189;2006;1190;2006
1128;2006;4488;2006
8080;2006;86;2006
5932;2006;2942;2006
0827;2006;559;2006
5747;2006;2556;2006
0448;2006;10172;2006
9016;2006;5875;2006
7704;2006;1254;2006
7441;2006;3170;2006
2045;2006;7882;2006
6163;2006;18426;2006
0661;2006;4365;2006
5371;2006;607;2006
0146;2006;2282;2006
1384;2006;591;2006
6331;2006;2371;2006
6706;2006;777;2006
4259;2006;479;2006
7940;2006;2542;2006
1733;2006;4517;2006
5379;2006;10083;2006
9450;2006;2282;2006
5662;2006;7599;2006
1896;2006;971;2006
3368;2006;998;2006
9014;2006;1232;2006
7545;2006;1191;2006
7916;2006;643;2006
8633;2006;512;2006
0171;2006;8047;2006
0856;2006;1458;2006
2703;2006;5929;2006
2599;2006;721;2006
3922;2006;91814;2006
0078;2006;10628;2006
8140;2006;5595;2006
4273;2006;694;2006
9431;2006;1572;2006
8558;2006;8566;2006
7461;2006;639;2006
1382;2006;3919;2006
7633;2006;3378;2006
2664;2006;1745;2006
6636;2006;843;2006
8524;2006;8361;2006
5146;2006;20792;2006
7759;2006;1514;2006
5883;2006;2201;2006
2985;2006;994;2006
3713;2006;7296;2006
7008;2006;518;2006
7953;2006;414;2006
8821;2006;4935;2006
7261;2006;5670;2006
1519;2006;9767;2006
5059;2006;4745;2006
5062;2006;4238;2006
1722;2006;760;2006
9232;2006;1711;2006
5157;2006;1503;2006
5636;2006;633;2006
4320;2006;2464;2006
4769;2006;5213;2006
0169;2006;8766;2006
5653;2006;3189;2006
0300;2006;4218;2006
0382;2006;2033;2006
8461;2006;3288;2006
2924;2006;764;2006
1820;2006;1716;2006
9547;2006;1033;2006
3508;2006;864;2006
1189;2006;1231;2006
6200;2006;1017;2006
9058;2006;1124;2006
5128;2006;3136;2006
6598;2006;78367;2006
2718;2006;1770;2006
7280;2006;1664;2006
2635;2006;7697;2006
1414;2006;4584;2006
1269;2006;2616;2006
4234;2006;13178;2006
2131;2006;5970;2006
4002;2006;13957;2006
7494;2006;4737;2006
5879;2006;2582;2006
3228;2006;1312;2006
0381;2006;3933;2006
9092;2006;5527;2006
3442;2006;20873;2006
9547;2006;638;2006
9300;2006;14502;2006
9821;2006;558;2006
7509;2006;1249;2006
7907;2006;2047;2006
9003;2006;7926;2006
7590;2006;5255;2006
3176;2006;5106;2006
0035;2006;811;2006
1336;2006;9326;2006
1074;2006;3872;2006
9838;2006;1972;2006
8440;2006;4693;2006
6874;2006;1113;2006
5554;2006;2600;2006
5510;2006;770;2006
4407;2006;590;2006
1837;2006;3373;2006
5438;2006;3041;2006
0591;2006;2763;2006
8543;2006;190;2006
5272;2006;3285;2006
9590;2006;1603;2006
0684;2006;2820;2006
3987;2006;1346;2006
4905;2006;163;2006
6809;2006;11187;2006
6579;2006;6698;2006
5265;2006;642;2006
9787;2006;48926;2006
2312;2006;855;2006
9434;2006;9372;2006
8643;2006;4606;2006
6747;2006;2713;2006
7868;2006;9766;2006
6600;2006;3715;2006
4363;2006;2490;2006
1580;2006;5059;2006
4806;2006;8007;2006
6957;2006;2098;2006
0456;2006;1211;2006
4338;2006;947;2006
3478;2006;10196;2006
9097;2006;4884;2006
8742;2006;5032;2006
4421;2006;5347;2006
5306;2006;8959;2006
1698;2006;3373;2006
8367;2006;4646;2006
2406;2006;11847;2006
7041;2006;1225;2006
0057;2006;14212;2006
0683;2006;1354;2006
2782;2006;1991;2006
7726;2006;1330;2006
0116;2006;15980;2006
4904;2006;3367;2006
8464;2006;6434;2006
8580;2006;288;2006
8082;2006;298;2006
4816;2006;1808;2006
8832;2006;1378;2006
1012;2006;1343;2006
5105;2006;1849;2006
6025;2006;4301;2006
2356;2006;4631;2006
7451;2006;4414;2006
2065;2006;11666;2006
9147;2006;6887;2006
7246;2006;884;2006
5175;2006;644;2006
4711;2006;261;2006
3374;2006;2993;2006
3750;2006;2440;2006
4481;2006;962;2006
7630;2006;1221;2006
4389;2006;2986;2006
0139;2006;15981;2006
0575;2006;37415;2006
0379;2006;10454;2006
0347;2006;4204;2006
9318;2006;5572;2006
5053;2006;16295;2006
7498;2006;6128;2006
6311;2006;3557;2006
6351;2006;2301;2006
4775;2006;16727;2006
5968;2006;3685;2006
0620;2006;283;2006
7363;2006;10001;2006
4185;2006;1514;2006
3321;2006;2278;2006
8657;2006;81459;2006
0848;2006;7230;2006
2078;2006;300;2006
8789;2006;6213;2006
7338;2006;6746;2006
7832;2006;8837;2006
2627;2006;5301;2006
6058;2006;482;2006
2206;2006;1428;2006
3792;2006;6087;2006
9506;2006;3930;2006
8386;2006;2489;2006
9921;2006;1129;2006
5896;2006;4995;2006
2401;2006;1626;2006
8076;2006;7352;2006
1121;2006;657;2006
6231;2006;4643;2006
5106;2006;3506;2006
7081;2006;596;2006
6808;2006;3005;2006
5853;2006;322;2006
8047;2006;2466;2006
1194;2006;4412;2006
6705;2006;1544;2006
5601;2006;274;2006
4718;2006;1267;2006
1737;2006;5743;2006
8334;2006;1950;2006
9720;2006;450;2006
0252;2006;1760;2006
7733;2006;3607;2006
1784;2006;7209;2006
1931;2006;7089;2006
5169;2006;409;2006
5295;2006;2038;2006
6757;2006;2212;2006
2534;2006;36830;2006
1053;2006;5012;2006
7176;2006;5465;2006
9442;2006;1205;2006
9237;2006;2850;2006
1719;2006;4085;2006
7329;2006;2936;2006
1514;2006;6027;2006
9963;2006;409;2006
8896;2006;1732;2006
2221;2006;4690;2006
5073;2006;2833;2006
9723;2006;1344;2006
6220;2006;843;2006
4466;2006;856;2006
6881;2006;2815;2006
9748;2006;273;2006
5479;2006;566;2006
1831;2006;8793;2006
2813;2006;7129;2006
6263;2006;2026;2006
3781;2006;681;2006
9034;2006;549;2006
6171;2006;550;2006
1169;2006;80396;2006
5288;2006;1192;2006
1917;2006;790;2006
1382;2006;741;2006
9305;2006;3237;2006
6466;2006;260;2006
6082;2006;592;2006
2764;2006;1478;2006
0436;2006;3477;2006
4878;2006;268;2006
9512;2006;1139;2006
8017;2006;16817;2006
9372;2006;2698;2006
5230;2006;1260;2006
1414;2006;3745;2006
3603;2006;2892;2006
9561;2006;4971;2006
2395;2006;8957;2006
7547;2006;926;2006
1256;2006;964;2006
4830;2006;239;2006
4163;2006;2183;2006
8250;2006;2920;2006
8991;2006;1295;2006
8403;2006;2717;2006
5458;2006;683;2006
9052;2006;5457;2006
9873;2006;8455;2006
1961;2006;992;2006
6825;2006;519;2006
8360;2006;2231;2006
0408;2006;1395;2006
5331;2006;438;2006
9352;2006;1833;2006
7039;2006;2094;2006
5636;2006;2967;2006
2977;2006;5786;2006
1337;2006;204;2006
0364;2006;4135;2006
4770;2006;8464;2006
6045;2006;1614;2006
1613;2006;2567;2006
6988;2006;5037;2006
8854;2006;2242;2006
9255;2006;10033;2006
0815;2006;591;2006
8027;2006;22366;2006
2885;2006;3421;2006
7701;2006;3215;2006
2814;2006;4016;2006
3255;2006;993;2006
8974;2006;1761;2006
7270;2006;2075;2006
2230;2006;4447;2006
0152;2006;256;2006
5169;2006;2585;2006
6815;2006;7596;2006
7055;2006;1030;2006
0301;2006;1315;2006
9209;2006;2986;2006
9644;2006;11127;2006
6880;2006;2204;2006
4607;2006;2690;2006
3421;2006;987;2006
2138;2006;1763;2006
5747;2006;224;2006
9935;2006;956;2006
7955;2006;1011;2006
5334;2006;293;2006
9040;2006;849;2006
0749;2006;865;2006
8112;2006;271;2006
3802;2006;4208;2006
6400;2006;4424;2006
2991;2006;932;2006
2026;2006;1314;2006
9165;2006;412;2006
0752;2006;291;2006
5208;2006;1117;2006
0864;2006;1654;2006
5680;2006;7026;2006
5316;2006;5813;2006
7342;2006;621;2006
5077;2006;1076;2006
2137;2006;1667;2006
0917;2006;4345;2006
9930;2006;376;2006
1171;2006;928;2006
7868;2006;3157;2006
0937;2006;2504;2006
2332;2006;1177;2006
7425;2006;662;2006
2943;2006;653;2006
9054;2006;5658;2006
5288;2006;1244;2006
8070;2006;1318;2006
9091;2006;233;2006
2824;2006;8636;2006
7844;2006;4152;2006
6474;2006;2635;2006
1320;2006;2657;2006
6115;2006;196;2006
7405;2006;1624;2006
8606;2006;284;2006
1517;2006;2627;2006
0078;2006;728;2006
7469;2006;3875;2006
8680;2006;7212;2006
5952;2006;214;2006
7866;2006;1772;2006
3743;2006;383;2006
3462;2006;3150;2006
7750;2006;558;2006
3652;2006;1635;2006
1442;2006;3265;2006
2215;2006;153;2006
5948;2006;4355;2006
1065;2006;1289;2006
4214;2006;4064;2006
7070;2006;2078;2006
9723;2006;1007;2006
4884;2006;1082;2006
3122;2006;1556;2006
0700;2006;717;2006
0329;2006;1536;2006
4204;2006;473;2006
6854;2006;741;2006
7709;2006;7188;2006
5975;2006;2690;2006
7567;2006;2525;2006
0707;2006;378;2006
1361;2006;1089;2006
8352;2006;1470;2006
9901;2006;5251;2006
7335;2006;390;2006
5560;2006;3059;2006
4967;2006;3347;2006
7991;2006;547;2006
8975;2006;857;2006
5951;2006;657;2006
4263;2006;218;2006
4131;2006;1828;2006
9158;2006;4797;2006
1233;2006;1631;2006
6544;2006;555;2006
1650;2006;1431;2006
2927;2006;5490;2006
4605;2006;653;2006
7844;2006;693;2006
3244;2006;1086;2006
4294;2006;1005;2006
4612;2006;38;2006
1455;2006;1691;2006
9738;2006;3053;2006
4021;2006;11612;2006
7437;2006;1757;2006
2997;2006;38;2006
6867;2006;1265;2006
7998;2006;2323;2006
2534;2006;1939;2006
8988;2006;1852;2006
7265;2006;2288;2006
5844;2006;623;2006
7578;2006;2765;2006
0003;2006;289;2006
8248;2006;541;2006
8974;2006;2958;2006
8501;2006;465;2006
5235;2006;466;2006
4525;2006;4409;2006
8748;2006;21661;2006
6849;2006;105;2006
0512;2006;4610;2006
2737;2006;231;2006
3175;2006;4764;2006
3744;2006;9032;2006
2368;2006;881;2006
1463;2006;593;2006
3756;2006;2371;2006
0134;2006;2042;2006
7227;2006;4029;2006
5706;2006;3440;2006
0275;2006;2720;2006
7085;2006;934;2006
3774;2006;1093;2006
4053;2006;236;2006
5223;2006;1102;2006
7393;2006;2965;2006
7777;2006;29702;2006
2281;2006;14336;2006
4676;2006;2072;2006
9817;2006;4523;2006
8631;2006;5911;2006
4210;2006;6055;2006
2455;2006;17043;2006
5634;2006;19311;2006
3619;2006;10699;2006
0520;2006;7892;2006
3841;2006;16317;2006
7559;2006;6535;2006
5856;2006;3420;2006
4922;2006;8063;2006
5903;2006;3780;2006
5372;2006;6930;2006
9338;2006;9293;2006
1613;2006;3000;2006
7027;2006;14756;2006
7426;2006;1923;2006
8948;2006;11496;2006
8715;2006;7223;2006
6528;2006;4330;2006
1393;2006;36703;2006
9334;2006;15618;2006
3825;2006;26034;2006
6082;2006;5773;2006
4122;2006;32689;2006
9489;2006;2023;2006
0036;2006;25955;2006
4332;2006;4269;2006
8322;2006;4554;2006
7763;2006;5240;2006
5863;2006;8496;2006
9836;2006;12973;2006
7272;2006;1103;2006
1802;2006;6085;2006
5652;2006;2053;2006
2532;2006;12129;2006
0386;2006;5122;2006
8894;2006;17560;2006
4702;2006;7469;2006
2564;2006;3100;2006
3859;2006;13609;2006
2971;2006;3608;2006
5951;2006;5246;2006
6010;2006;17767;2006
2096;2006;12511;2006
3175;2006;1799;2006
1724;2006;10547;2006
3932;2006;6408;2006
0780;2006;6049;2006
2207;2006;28754;2006
0224;2006;4759;2006
1073;2006;14251;2006
9388;2006;23204;2006
5134;2006;34937;2006
7681;2006;13024;2006
7241;2006;71324;2006
6764;2006;3542;2006
9549;2006;7951;2006
3961;2006;47124;2006
1644;2006;1980;2006
4875;2006;14471;2006
6868;2006;15835;2006
4735;2006;18846;2006
0674;2006;20282;2006
8153;2006;9616;2006
4858;2006;2284;2006
3573;2006;32658;2006
9242;2006;7895;2006
4585;2006;3437;2006
0817;2006;18896;2006
6354;2006;5219;2006
7563;2006;37962;2006
4795;2006;2791;2006
2559;2006;8615;2006
9951;2006;27075;2006
7593;2006;7201;2006
2803;2006;23069;2006
5801;2006;18313;2006
4596;2006;2681;2006
1012;2006;1678;2006
1348;2006;8513;2006
2054;2006;9507;2006
0401;2006;7644;2006
9333;2006;24303;2006
3149;2006;7226;2006
6501;2006;55438;2006
9773;2006;14942;2006
1856;2006;7160;2006
2850;2006;32751;2006
4067;2006;3720;2006
2958;2006;38486;2006
4645;2006;8918;2006
1826;2006;6914;2006
9911;2006;23116;2006
2300;2006;8713;2006
2083;2006;5699;2006
3852;2006;2906;2006
3083;2006;22568;2006
0824;2006;11795;2006
9985;2006;16030;2006
8205;2006;18102;2006
6397;2006;3664;2006
3185;2006;3601;2006
6706;2006;1253215;2006
1093;2006;4706;2006
0966;2006;119885;2006
0014;2006;1166;2006
5128;2006;7309;2006
4764;2006;22384;2006
2583;2006;17299;2006
8760;2006;653;2006
8580;2006;22396;2006
4620;2006;20057;2006
8582;2006;3665;2006
6385;2006;13146;2006
8844;2006;3848;2006
9835;2006;3941;2006
9731;2006;1337;2006
1049;2006;46294;2006
6200;2006;5637;2006
2925;2006;24953;2006
8208;2006;10336;2006
9782;2006;10063;2006
2212;2006;21457;2006
6624;2006;9040;2006
9138;2006;15117;2006
0936;2006;32924;2006
7848;2006;8135;2006
1648;2006;4095;2006
1394;2006;7728;2006
0744;2006;6113;2006
9065;2006;3944;2006
0299;2006;13404;2006
2430;2006;49180;2006
9267;2006;4764;2006
7842;2006;6509;2006
0738;2006;4290;2006
1611;2006;2990;2006
9685;2006;3245;2006
6816;2006;5190;2006
2429;2006;39302;2006
5050;2006;7485;2006
8762;2006;31993;2006
2001;2006;6470;2006
8285;2006;34137;2006
9662;2006;4107;2006
5010;2006;8155;2006
2354;2006;3920;2006
7529;2006;10862;2006
4880;2006;32892;2006
5956;2006;20224;2006
0449;2006;40606;2006
6996;2006;78649;2006
4264;2006;6962;2006
7190;2006;18424;2006
4024;2006;20386;2006
6760;2006;13232;2006
2630;2006;7558;2006
2018;2006;3670;2006
4356;2006;4288;2006
7662;2006;18840;2006
0534;2006;11986;2006
9378;2006;2671;2006
3930;2006;8156;2006
9837;2006;5312;2006
5188;2006;7568;2006
7508;2006;9338;2006
0499;2006;8190;2006
1545;2006;7103;2006
8480;2006;12565;2006
9793;2006;7727;2006
5554;2006;4444;2006
5334;2006;8953;2006
3090;2006;3680;2006
6542;2006;2724;2006
5517;2006;8315;2006
8647;2006;13374;2006
7166;2006;25425;2006
7483;2006;14191;2006
1334;2006;8923;2006
6505;2006;4030;2006
4278;2006;1165;2006
5779;2006;6320;2006
5513;2006;6117;2006
5630;2006;5246;2006
7607;2006;10630;2006
6055;2006;2065;2006
2249;2006;826;2006
3527;2006;7479;2006
8094;2006;17666;2006
0154;2006;5830;2006
6065;2006;5543;2006
7305;2006;5808;2006
6709;2006;13017;2006
2949;2006;2278;2006
7270;2006;2815;2006
3472;2006;4587;2006
4369;2006;3689;2006
3077;2006;2760;2006
6932;2006;191;2006
4898;2006;535;2006
3078;2006;7417;2006
2892;2006;444;2006
5491;2006;4038;2006
9806;2006;626;2006
0745;2006;4254;2006
0807;2006;1686;2006
2680;2006;733;2006
1447;2006;2421;2006
1066;2006;113241;2006
8641;2006;1237;2006
6704;2006;543;2006
2008;2006;96;2006
5912;2006;4944;2006
2082;2006;5071;2006
1510;2006;7406;2006
4678;2006;6194;2006
8306;2006;1102;2006
0906;2006;990;2006
7727;2006;5057;2006
4653;2006;787;2006
1864;2006;760;2006
5358;2006;7718;2006
1319;2006;7643;2006
2698;2006;4241;2006
1106;2006;5311;2006
1425;2006;118;2006
9947;2006;4750;2006
0832;2006;5469;2006
6677;2006;5049;2006
3336;2006;8061;2006
7239;2006;3789;2006
9440;2006;629;2006
2162;2006;4036;2006
6789;2006;1283;2006
7811;2006;7356;2006
7838;2006;3056;2006
3883;2006;15044;2006
8209;2006;4151;2006
1535;2006;374;2006
5891;2006;4436;2006
1132;2006;3755;2006
1746;2006;3641;2006
6219;2006;3352;2006
6773;2006;120;2006
1527;2006;9404;2006
7066;2006;2818;2006
5001;2006;3410;2006
5891;2006;1401;2006
6516;2006;2114;2006
0244;2006;1499;2006
9724;2006;2472;2006
6167;2006;3141;2006
5992;2006;4093;2006
0705;2006;1594;2006
5456;2006;2878;2006
8847;2006;5368;2006
8160;2006;6016;2006
3074;2006;5344;2006
7280;2006;5054;2006
1901;2006;8629;2006
6268;2006;1156;2006
5187;2006;10057;2006
7485;2006;1623;2006
4452;2006;3659;2006
5017;2006;982;2006
3490;2006;1792;2006
2228;2006;3133;2006
2120;2006;630;2006
6740;2006;8665;2006
9435;2006;3793;2006
4135;2006;2917;2006
7049;2006;7525;2006
4071;2006;281;2006
8075;2006;22290;2006
5582;2006;1005;2006
0715;2006;3354;2006
1452;2006;1727;2006
7815;2006;7517;2006
0407;2006;1149;2006
4232;2006;3075;2006
2877;2006;1164;2006
0600;2006;3107;2006
7969;2006;3863;2006
9290;2006;692;2006
1428;2006;210;2006
8683;2006;3153;2006
0447;2006;3019;2006
2797;2006;237;2006
1342;2006;1050;2006
0319;2006;5744;2006
1267;2006;1470;2006
1962;2006;938;2006
4134;2006;4999;2006
1680;2006;388;2006
5881;2006;5345;2006
6976;2006;4890;2006
5201;2006;5878;2006
0001;2006;1718;2006
7413;2006;5992;2006
0692;2006;1244;2006
7773;2006;852;2006
9408;2006;6899;2006
8327;2006;200;2006
0586;2006;704;2006
1559;2006;4106;2006
6909;2006;4733;2006
7383;2006;658;2006
5315;2006;3613;2006
7896;2006;815;2006
9170;2006;5337;2006
0469;2006;2297;2006
4846;2006;781;2006
0689;2006;3810;2006
6702;2006;5925;2006
0512;2006;9300;2006
8383;2006;211;2006
1053;2006;3024;2006
3564;2006;194;2006
7535;2006;1137;2006
8156;2006;2786;2006
5627;2006;2578;2006
9226;2006;2638;2006
4646;2006;4335;2006
6417;2006;7259;2006
2348;2006;11223;2006
6274;2006;522;2006
8919;2006;1038;2006
3262;2006;187;2006
6636;2006;716;2006
7820;2006;782;2006
0766;2006;1720;2006
0963;2006;181;2006
1822;2006;5114;2006
5856;2006;11172;2006
2349;2006;1998;2006
0901;2006;3604;2006
9624;2006;3747;2006
7937;2006;5494;2006
2793;2006;2841;2006
8187;2006;381;2006
5999;2006;5391;2006
4799;2006;1807;2006
7022;2006;1426;2006
5451;2006;1057;2006
7653;2006;1212;2006
2378;2006;450;2006
4280;2006;91;2006
2861;2006;1446;2006
5898;2006;1962;2006
4816;2006;6773;2006
5512;2006;10582;2006
3776;2006;3214;2006
0976;2006;4748;2006
1983;2006;4396;2006
9556;2006;1899;2006
6248;2006;1172;2006
2817;2006;4763;2006
1151;2006;1587;2006
0748;2006;5970;2006
2202;2006;1210;2006
5213;2006;842;2006
8106;2006;3716;2006
3831;2006;17092;2006
3866;2006;461;2006
0675;2006;692;2006
0302;2006;878;2006
5339;2006;3753;2006
0260;2006;5128;2006
2465;2006;4991;2006
9533;2006;4954;2006
8036;2006;612;2006
0515;2006;3447;2006
6622;2006;5904;2006
6891;2006;9148;2006
9693;2006;1300;2006
8461;2006;2542;2006
5279;2006;2012;2006
5290;2006;22279;2006
3384;2006;2179;2006
7570;2006;1589;2006
9447;2006;678;2006
2123;2006;8662;2006
0350;2006;3887;2006
0217;2006;5275;2006
9670;2006;976;2006
6107;2006;5187;2006
3737;2006;11763;2006
8250;2006;1066;2006
5411;2006;3776;2006
1257;2006;622;2006
1707;2006;2209;2006
3025;2006;4607;2006
1225;2006;6681;2006
4838;2006;8118;2006
6904;2006;2179;2006
6241;2006;1072;2006
5138;2006;8825;2006
2198;2006;27460;2006
4874;2006;9778;2006
3451;2006;1355;2006
7782;2006;8949;2006
8899;2006;1170;2006
8028;2006;3574;2006
8905;2006;599;2006
7640;2006;150;2006
2302;2006;216;2006
3797;2006;411;2006
8975;2006;318;2006
2916;2006;231;2006
8218;2006;7308;2006
3439;2006;7473;2006
6945;2006;4764;2006
4483;2006;1092;2006
7561;2006;1173;2006
3097;2006;615;2006
9822;2006;4448;2006
4954;2006;6833;2006
6029;2006;6289;2006
1595;2006;1990;2006
0419;2006;6984;2006
0010;2006;1519;2006
4317;2006;2491;2006
9523;2006;7262;2006
2123;2006;9074;2006
2970;2006;976;2006
3232;2006;757;2006
2506;2006;275;2006
8484;2006;2267;2006
1788;2006;1895;2006
5464;2006;1532;2006
2895;2006;6922;2006
5546;2006;1825;2006
7523;2006;2392;2006
8313;2006;470;2006
5601;2006;2605;2006
0191;2006;3404;2006
5695;2006;2546;2006
3457;2006;12036;2006
2121;2006;3905;2006
3363;2006;2364;2006
4918;2006;1137;2006
4204;2006;2100;2006
4434;2006;10787;2006
5925;2006;2289;2006
4633;2006;1769;2006
9148;2006;2279;2006
5442;2006;3590;2006
2870;2006;1498;2006
5299;2006;5240;2006
4199;2006;8648;2006
4960;2006;2742;2006
4824;2006;10391;2006
9887;2006;2308;2006
4114;2006;7478;2006
3801;2006;1411;2006
3567;2006;671;2006
9301;2006;4950;2006
3338;2006;188998;2006
8968;2006;687;2006
3082;2006;1911;2006
2958;2006;11986;2006
7369;2006;3244;2006
8272;2006;7955;2006
1074;2006;2462;2006
9465;2006;413;2006
9676;2006;4245;2006
6009;2006;8748;2006
8417;2006;11738;2006
1737;2006;7346;2006
1396;2006;6193;2006
4999;2006;9375;2006
2325;2006;10477;2006
3362;2006;1922;2006
6321;2006;6437;2006
3415;2006;10562;2006
0830;2006;1256;2006
5461;2006;4916;2006
5525;2006;631;2006
2989;2006;1951;2006
4642;2006;995;2006
9592;2006;17881;2006
9309;2006;1678;2006
7130;2006;590;2006
3068;2006;2648;2006
0465;2006;7812;2006
2698;2006;4769;2006
4749;2006;2361;2006
7875;2006;7354;2006
4370;2006;3351;2006
0748;2006;13814;2006
9733;2006;6798;2006
6046;2006;2049;2006
2960;2006;1204;2006
0712;2006;14584;2006
3209;2006;4975;2006
2625;2006;25627;2006
9031;2006;4377;2006
2398;2006;7788;2006
3061;2006;5069;2006
0159;2006;2141;2006
8367;2006;7867;2006
5861;2006;4776;2006
3928;2006;2654;2006
6562;2006;11331;2006
7532;2006;3031;2006
7959;2006;11005;2006
8026;2006;17322;2006
3811;2006;2128;2006
2837;2006;5148;2006
0891;2006;15983;2006
8933;2006;1879;2006
6657;2006;421;2006
9347;2006;145;2006
4195;2006;8905;2006
3283;2006;3782;2006
8235;2006;643;2006
4516;2006;13720;2006
0239;2006;1094;2006
4987;2006;1740;2006
4335;2006;3440;2006
1954;2006;14422;2006
4707;2006;636;2006
2553;2006;561;2006
7425;2006;380;2006
7179;2006;23709;2006
0958;2006;1491;2006
1125;2006;172;2006
5281;2006;3033;2006
8941;2006;2073;2006
4567;2006;3255;2006
6274;2006;4466;2006
8839;2006;12959;2006
7392;2006;4353;2006
0348;2006;712;2006
9306;2006;3178;2006
7265;2006;10556;2006
4888;2006;1706;2006
6521;2006;2197;2006
0259;2006;570;2006
6051;2006;1781;2006
8908;2006;4153;2006
6613;2006;21426;2006
5181;2006;4639;2006
5067;2006;791;2006
0780;2006;2272;2006
2115;2006;10844;2006
1574;2006;1868;2006
4579;2006;3769;2006
3116;2006;4089;2006
5439;2006;1991;2006
0333;2006;4091;2006
8481;2006;3215;2006
7797;2006;954;2006
8683;2006;11853;2006
9376;2006;2432;2006
2902;2006;12500;2006
8578;2006;1469;2006
8085;2006;3996;2006
6080;2006;3594;2006
8656;2006;227;2006
0034;2006;1869;2006
0393;2006;18633;2006
1816;2006;4128;2006
1537;2006;676;2006
3907;2006;6765;2006
6134;2006;2810;2006
8177;2006;4163;2006
9152;2006;631;2006
1258;2006;703;2006
4894;2006;1637;2006
9450;2006;4026;2006
2274;2006;7987;2006
2011;2006;2744;2006
1195;2006;2457;2006
2734;2006;3656;2006
6432;2006;5075;2006
4051;2006;1793;2006
2070;2006;6894;2006
0859;2006;6500;2006
3278;2006;3449;2006
1622;2006;2824;2006
4524;2006;1565;2006
2623;2006;394;2006
9888;2006;6176;2006
1597;2006;6405;2006
8506;2006;963;2006
9716;2006;3038;2006
4527;2006;6201;2006
4624;2006;3287;2006
2063;2006;12842;2006
1323;2006;4336;2006
8906;2006;8078;2006
8207;2006;4377;2006
4184;2006;8835;2006
0941;2006;16108;2006
8454;2006;5145;2006
4472;2006;3607;2006
5869;2006;3358;2006
3045;2006;10132;2006
2156;2006;3246;2006
5028;2006;2018;2006
2531;2006;4054;2006
6790;2006;12553;2006
2669;2006;1085;2006
4711;2006;1515;2006
5719;2006;1604;2006
4273;2006;3040;2006
2462;2006;7283;2006
7734;2006;1634;2006
8920;2006;1260;2006
4396;2006;1756;2006
8075;2006;1496;2006
2585;2006;1021;2006
8545;2006;1307;2006
4393;2006;5795;2006
1714;2006;7533;2006
7358;2006;12366;2006
6938;2006;2128;2006
1019;2006;5302;2006
7332;2006;574;2006
6802;2006;3645;2006
8574;2006;1235;2006
1237;2006;226;2006
7595;2006;8012;2006
0635;2006;3988;2006
9638;2006;4403;2006
1472;2006;1409;2006
2195;2006;10841;2006
8650;2006;1290;2006
1011;2006;5449;2006
2649;2006;763;2006
2237;2006;1833;2006
2214;2006;7802;2006
6815;2006;1118;2006
3021;2006;4553;2006
3442;2006;900;2006
7558;2006;212;2006
3279;2006;501;2006
4487;2006;2718;2006
4849;2006;1628;2006
0572;2006;426;2006
6624;2006;658;2006
7453;2006;846;2006
3380;2006;1696;2006
7079;2006;187;2006
4914;2006;1009;2006
1426;2006;358;2006
6977;2006;5988;2006
8636;2006;2692;2006
8364;2006;2559;2006
8094;2006;1370;2006
1043;2006;420;2006
6391;2006;1094;2006
9286;2006;2211;2006
8351;2006;630;2006
1504;2006;774;2006
8102;2006;866;2006
6894;2006;3404;2006
0078;2006;9161;2006
9837;2006;134;2006
4926;2006;854;2006
8967;2006;1625;2006
8097;2006;128;2006
8099;2006;1407;2006
7807;2006;1491;2006
6302;2006;495;2006
4774;2006;837;2006
8049;2006;2581;2006
7359;2006;7830;2006
7338;2006;6536;2006
2679;2006;754;2006
6617;2006;6536;2006
7809;2006;1053;2006
7444;2006;1041;2006
2141;2006;673;2006
2591;2006;6206;2006
1232;2006;277;2006
5977;2006;1474;2006
3786;2006;211;2006
5598;2006;792;2006
8579;2006;3681;2006
4109;2006;1173;2006
4120;2006;3591;2006
8349;2006;1415;2006
0512;2006;5369;2006
9552;2006;991;2006
8096;2006;1657;2006
3401;2006;1575;2006
8710;2006;774;2006
1138;2006;767;2006
0907;2006;2102;2006
4393;2006;1094;2006
8242;2006;383;2006
6095;2006;449;2006
0766;2006;3334;2006
5665;2006;4488;2006
1708;2006;1120;2006
2478;2006;838;2006
8364;2006;404;2006
1744;2006;1288;2006
2313;2006;261;2006
7761;2006;290;2006
7030;2006;9525;2006
1760;2006;9491;2006
9957;2006;356;2006
4113;2006;1228;2006
7503;2006;4373;2006
6127;2006;2999;2006
4203;2006;222;2006
3452;2006;2558;2006
2160;2006;4449;2006
6414;2006;1113;2006
7000;2006;5248;2006
8212;2006;469;2006
3416;2006;1281;2006
1659;2006;2273;2006
7457;2006;149;2006
3585;2006;2420;2006
8204;2006;2272;2006
2533;2006;1580;2006
1177;2006;2349;2006
2895;2006;1300;2006
8943;2006;6954;2006
1371;2006;436;2006
0203;2006;1160;2006
0508;2006;503;2006
5106;2006;1474;2006
5559;2006;3433;2006
0651;2006;941;2006
7416;2006;1724;2006
4035;2006;573;2006
4139;2006;402;2006
9744;2006;320;2006
1883;2006;737;2006
4933;2006;1781;2006
2990;2006;737;2006
9694;2006;14807;2006
0764;2006;370;2006
3810;2006;810;2006
9101;2006;169;2006
9792;2006;1151;2006
8066;2006;2043;2006
1018;2006;332;2006
3011;2006;1924;2006
2541;2006;69133;2006
2072;2006;860;2006
1530;2006;925;2006
1053;2006;2160;2006
3960;2006;2705;2006
3078;2006;1625;2006
0903;2006;687;2006
9573;2006;870;2006
4798;2006;1485;2006
1588;2006;473;2006
4616;2006;1027;2006
6677;2006;1257;2006
9155;2006;4792;2006
5408;2006;6129;2006
8679;2006;557;2006
4966;2006;87;2006
7641;2006;243;2006
3647;2006;478;2006
7133;2006;806;2006
0510;2006;997;2006
5530;2006;678;2006
4116;2006;973;2006
4420;2006;767;2006
5512;2006;488;2006
4293;2006;766;2006
2686;2006;3717;2006
4521;2006;1210;2006
2907;2006;5263;2006
3323;2006;5930;2006
4207;2006;1943;2006
5912;2006;1641;2006
5572;2006;644;2006
8988;2006;579;2006
4715;2006;2526;2006
4973;2006;837;2006
8928;2006;551;2006
5419;2006;1818;2006
5741;2006;943;2006
7208;2006;256;2006
6711;2006;717;2006
7879;2006;5574;2006
8724;2006;1107;2006
2314;2006;584;2006
7819;2006;11058;2006
8479;2006;696;2006
2280;2006;1587;2006
6600;2006;614;2006
4934;2006;890;2006
9980;2006;356;2006
4385;2006;2221;2006
5020;2006;3176;2006
6271;2006;841;2006
0437;2006;3779;2006
8312;2006;1470;2006
4982;2006;3660;2006
1548;2006;932;2006
6826;2006;694;2006
8538;2006;218;2006
2357;2006;2190;2006
1612;2006;1408;2006
9834;2006;325;2006
6122;2006;3421;2006
1723;2006;121;2006
1961;2006;2841;2006
7086;2006;350;2006
4404;2006;1316;2006
1425;2006;5582;2006
3639;2006;57619;2006
8781;2006;83;2006
6085;2006;775;2006
7786;2006;2882;2006
4896;2006;1300;2006
4422;2006;38396;2006
7722;2006;130;2006
3999;2006;1096;2006
5293;2006;1484;2006
5828;2006;1185;2006
4037;2006;487;2006
3613;2006;461;2006
1915;2006;1413;2006
7500;2006;3020;2006
2161;2006;1246;2006
0775;2006;3417;2006
1983;2006;1964;2006
1210;2006;662;2006
3878;2006;4590;2006
9008;2006;1258;2006
1424;2006;599;2006
1071;2006;533;2006
6996;2006;1269;2006
9506;2006;1339;2006
6407;2006;721;2006
8381;2006;1928;2006
1471;2006;590;2006
1977;2006;472;2006
4543;2006;2382;2006
8750;2006;4055;2006
1935;2006;1793;2006
5180;2006;1170;2006
6570;2006;538;2006
4018;2006;1624;2006
5341;2006;14420;2006
2823;2006;1677;2006
7893;2006;610;2006
7877;2006;435;2006
0774;2006;9353;2006
8999;2006;5260;2006
7571;2006;338;2006
9178;2006;571;2006
1934;2006;1913;2006
9629;2006;886;2006
3600;2006;1187;2006
8526;2006;1093;2006
4080;2006;1379;2006
1284;2006;1669;2006
5182;2006;32842;2006
4818;2006;69867;2006
7577;2006;1316;2006
9370;2006;624;2006
7740;2006;424;2006
9906;2006;371;2006
6525;2006;3663;2006
7212;2006;509;2006
1938;2006;1020;2006
6431;2006;1092;2006
7072;2006;959;2006
1013;2006;1922;2006
5732;2006;1107;2006
7178;2006;1087;2006
2763;2006;635;2006
2582;2006;1368;2006
2896;2006;1922;2006
2234;2006;2832;2006
4655;2006;1262;2006
1916;2006;1942;2006
7616;2006;3001;2006
8225;2006;1278;2006
9196;2006;1489;2006
3428;2006;2169;2006
3944;2006;2387;2006
1532;2006;911;2006
4664;2006;973;2006
5835;2006;5746;2006
1541;2006;959;2006
4890;2006;2963;2006
9619;2006;1449;2006
8208;2006;3817;2006
2953;2006;8503;2006
6081;2006;3212;2006
5434;2006;1525;2006
0166;2006;710;2006
9694;2006;3783;2006
7631;2006;2468;2006
7288;2006;1092;2006
4355;2006;1304;2006
8500;2006;1548;2006
0610;2006;6707;2006
4015;2006;1371;2006
8622;2006;892;2006
5383;2006;1543;2006
9563;2006;1017;2006
7794;2006;3277;2006
9739;2006;477;2006
3332;2006;1969;2006
4011;2006;7504;2006
9631;2006;2305;2006
0470;2006;2793;2006
3647;2006;1132;2006
9264;2006;2129;2006
6828;2006;1469;2006
2144;2006;1744;2006
3799;2006;510;2006
0761;2006;1526;2006
7202;2006;616;2006
3092;2006;3366;2006
4937;2006;2993;2006
4254;2006;1043;2006
3201;2006;7763;2006
5681;2006;9002;2006
9595;2006;3148;2006
2090;2006;1629;2006
1073;2006;616;2006
0196;2006;6705;2006
2009;2006;1465;2006
9819;2006;460;2006
7693;2006;392;2006
1654;2006;510;2006
1215;2006;1817;2006
2196;2006;735;2006
9180;2006;2637;2006
0610;2006;1678;2006
1516;2006;3841;2006
6926;2006;4466;2006
4365;2006;3806;2006
1205;2006;603;2006
2425;2006;444;2006
0142;2006;3002;2006
4815;2006;9753;2006
2218;2006;5584;2006
0067;2006;2066;2006
0690;2006;3452;2006
0661;2006;922;2006
8219;2006;4025;2006
8664;2006;4519;2006
4259;2006;1347;2006
6958;2006;2170;2006
8495;2006;2510;2006
0306;2006;1560;2006
3399;2006;2722;2006
5751;2006;4557;2006
4042;2006;10896;2006
3392;2006;4945;2006
0224;2006;20409;2006
9096;2006;3784;2006
3082;2006;2570;2006
6487;2006;1174;2006
1670;2006;13538;2006
5305;2006;3357;2006
7729;2006;1525;2006
0314;2006;2766;2006
4871;2006;2417;2006
2204;2006;9936;2006
9966;2006;8831;2006
3783;2006;5711;2006
2002;2006;1740;2006
8062;2006;46898;2006
7890;2006;6952;2006
9126;2006;675;2006
0156;2006;7447;2006
7286;2006;3511;2006
8334;2006;5796;2006
0160;2006;4751;2006
7898;2006;2382;2006
8339;2006;6844;2006
5687;2006;7074;2006
7324;2006;1004;2006
5877;2006;1707;2006
2586;2006;6454;2006
5518;2006;1681;2006
7187;2006;2168;2006
4430;2006;14958;2006
3788;2006;1189;2006
4355;2006;5872;2006
0358;2006;1405;2006
1481;2006;2510;2006
5452;2006;2684;2006
6105;2006;5280;2006
4216;2006;7036;2006
9847;2006;8177;2006
2701;2006;4331;2006
9405;2006;7524;2006
9671;2006;1773;2006
5304;2006;8653;2006
3852;2006;1215;2006
9393;2006;1822;2006
9551;2006;1244;2006
0443;2006;6391;2006
2015;2006;1715;2006
0834;2006;2595;2006
2712;2006;2259;2006
8966;2006;19135;2006
8411;2006;18035;2006
2882;2006;2059;2006
8397;2006;2102;2006
2024;2006;10510;2006
4845;2006;7012;2006
5642;2006;1688;2006
8331;2006;914;2006
0459;2006;379;2006
8938;2006;13398;2006
3240;2006;718;2006
1045;2006;3209;2006
6036;2006;1563;2006
1919;2006;98514;2006
1364;2006;651;2006
1440;2006;2043;2006
5765;2006;19683;2006
4802;2006;2536;2006
0587;2006;14450;2006
6620;2006;358;2006
6218;2006;7438;2006
3939;2006;2615;2006
0238;2006;5037;2006
7990;2006;2341;2006
1405;2006;6304;2006
7048;2006;1380;2006
7318;2006;2681;2006
0177;2006;5018;2006
5323;2006;3303;2006
1621;2006;2194;2006
0147;2006;616;2006
8833;2006;1254;2006
4115;2006;2428;2006
1891;2006;3282;2006
6161;2006;4725;2006
0870;2006;2449;2006
9202;2006;3213;2006
7661;2006;935;2006
2975;2006;2479;2006
5692;2006;3091;2006
9811;2006;1554;2006
2416;2006;869;2006
6231;2006;5084;2006
5937;2006;4377;2006
2737;2006;2466;2006
2114;2006;15996;2006
9142;2006;10701;2006
2586;2006;3827;2006
9038;2006;368;2006
3816;2006;1490;2006
8880;2006;1232;2006
4751;2006;4993;2006
2918;2006;2820;2006
8067;2006;2334;2006
8689;2006;881;2006
1192;2006;1530;2006
4986;2006;35501;2006
5542;2006;2667;2006
5522;2006;1533;2006
3774;2006;2194;2006
1965;2006;1650;2006
2569;2006;5265;2006
2859;2006;2674;2006
9595;2006;1888;2006
6846;2006;3733;2006
8163;2006;3383;2006
1710;2006;4554;2006
4018;2006;3340;2006
3951;2006;1385;2006
8555;2006;616;2006
3031;2006;208;2006
6269;2006;1626;2006
9030;2006;3311;2006
2454;2006;604;2006
3788;2006;279;2006
9478;2006;4249;2006
4705;2006;2813;2006
3640;2006;7166;2006
9928;2006;1235;2006
6500;2006;2726;2006
6357;2006;1161;2006
2044;2006;3348;2006
9557;2006;3145;2006
9165;2006;2880;2006
9627;2006;3448;2006
3362;2006;3536;2006
0272;2006;1732;2006
1274;2006;3025;2006
3091;2006;1573;2006
9080;2006;1836;2006
2586;2006;6763;2006
0264;2006;2775;2006
6841;2006;1469;2006
3162;2006;2584;2006
6073;2006;1389;2006
4033;2006;1927;2006
1451;2006;5926;2006
7006;2006;1843;2006
7111;2006;1266;2006
3421;2006;1710;2006
6350;2006;3939;2006
3835;2006;3241;2006
0589;2006;1817;2006
1711;2006;960;2006
6736;2006;2362;2006
6864;2006;968;2006
2975;2006;987;2006
2137;2006;2937;2006
8330;2006;986;2006
9881;2006;2937;2006
9410;2006;2761;2006
7911;2006;5716;2006
1114;2006;2160;2006
6058;2006;3201;2006
4021;2006;3978;2006
9626;2006;900;2006
2043;2006;1433;2006
0499;2006;1872;2006
1378;2006;5922;2006
8931;2006;2676;2006
9188;2006;1269;2006
7227;2006;829;2006
8562;2006;8350;2006
9643;2006;1474;2006
9704;2006;3030;2006
8495;2006;213;2006
3783;2006;1002;2006
2176;2006;15929;2006
8973;2006;4065;2006
0710;2006;4744;2006
4595;2006;1417;2006
7805;2006;289;2006
9369;2006;2164;2006
7339;2006;584;2006
7110;2006;442;2006
5358;2006;1176;2006
6740;2006;1560;2006
4527;2006;403;2006
3152;2006;348;2006
6493;2006;678;2006
1751;2006;643;2006
3570;2006;6642;2006
7002;2006;800;2006
8896;2006;595;2006
1411;2006;3778;2006
0138;2006;267;2006
1671;2006;740;2006
4579;2006;151;2006
6070;2006;626;2006
4078;2006;362;2006
8753;2006;1369;2006
3945;2006;1238;2006
8087;2006;1055;2006
4132;2006;3011;2006
1988;2006;1343;2006
0233;2006;717;2006
2778;2006;1470;2006
6839;2006;1636;2006
0102;2006;1836;2006
8188;2006;602;2006
5698;2006;982;2006
1224;2006;928;2006
8202;2006;510;2006
1004;2006;240;2006
8717;2006;627;2006
5588;2006;2216;2006
8276;2006;1383;2006
1431;2006;974;2006
3757;2006;3848;2006
4843;2006;997;2006
0280;2006;587;2006
2265;2006;2824;2006
3770;2006;240;2006
9628;2006;1843;2006
2251;2006;606;2006
5139;2006;421;2006
8070;2006;608;2006
2940;2006;374;2006
4976;2006;311;2006
6663;2006;3691;2006
1656;2006;6810;2006
2112;2006;727;2006
0249;2006;976;2006
3468;2006;800;2006
7370;2006;1523;2006
6375;2006;1603;2006
9892;2006;647;2006
6736;2006;575;2006
5107;2006;658;2006
1451;2006;430;2006
4701;2006;584;2006
1571;2006;238;2006
2634;2006;1199;2006
7723;2006;1207;2006
1145;2006;241;2006
5070;2006;441;2006
3367;2006;502;2006
9534;2006;3849;2006
6804;2006;587;2006
1293;2006;916;2006
4267;2006;825;2006
2822;2006;1050;2006
1495;2006;551;2006
9425;2006;462;2006
5765;2006;521;2006
6321;2006;3165;2006
6288;2006;1454;2006
2241;2006;1276;2006
6807;2006;340;2006
1251;2006;325;2006
8129;2006;2487;2006
3866;2006;747;2006
2578;2006;150;2006
3737;2006;2322;2006
7253;2006;471;2006
7271;2006;1193;2006
0919;2006;2514;2006
0786;2006;295;2006
4283;2006;188;2006
0549;2006;1290;2006
3161;2006;1124;2006
1781;2006;8250;2006
8283;2006;6988;2006
1428;2006;498;2006
2178;2006;906;2006
5775;2006;1538;2006
3726;2006;798;2006
1935;2006;289;2006
5277;2006;2178;2006
7283;2006;399;2006
0322;2006;116;2006
6281;2006;478;2006
3498;2006;871;2006
8409;2006;1646;2006
3530;2006;4883;2006
8790;2006;6427;2006
5916;2006;2598;2006
3273;2006;1573;2006
1156;2006;1121;2006
7605;2006;844;2006
2072;2006;257;2006
0838;2006;8904;2006
3814;2006;2544;2006
3042;2006;626;2006
8915;2006;1355;2006
6147;2006;1888;2006
4887;2006;1320;2006
9653;2006;913;2006
7464;2006;801;2006
2485;2006;785;2006
6050;2006;657;2006
6481;2006;188;2006
2113;2006;748;2006
2084;2006;1010;2006
3048;2006;1895;2006
3606;2006;783;2006
9782;2006;375;2006
3284;2006;18779;2006
8289;2006;1404;2006
9573;2006;607;2006
2335;2006;739;2006
3210;2006;3034;2006
2285;2006;2294;2006
9706;2006;1922;2006
8478;2006;353;2006
9648;2006;4433;2006
3732;2006;397;2006
8519;2006;216;2006
7873;2006;1411;2006
9063;2006;781;2006
3578;2006;1252;2006
7213;2006;15174;2006
4449;2006;587;2006
1279;2006;1312;2006
0833;2006;2680;2006
0030;2006;391;2006
7900;2006;1466;2006
2973;2006;382;2006
4144;2006;1597;2006
9843;2006;35117;2006
5800;2006;423;2006
8538;2006;847;2006
0575;2006;215;2006
9020;2006;517;2006
4054;2006;1156;2006
3158;2006;2563;2006
3639;2006;1008;2006
8749;2006;932;2006
1898;2006;724;2006
9965;2006;1343;2006
7121;2006;1549;2006
8085;2006;311;2006
9186;2006;1257;2006
2839;2006;470;2006
7417;2006;692;2006
8220;2006;930;2006
2522;2006;556;2006
0586;2006;1212;2006
2000;2006;1230;2006
4709;2006;717;2006
1459;2006;1109;2006
9221;2006;4584;2006
3312;2006;517;2006
1754;2006;1432;2006
3136;2006;2805;2006
5406;2006;1887;2006
7473;2006;1876;2006
7162;2006;628;2006
1147;2006;972;2006
3011;2006;1916;2006
0464;2006;1611;2006
5661;2006;765;2006
3449;2006;324;2006
5887;2006;599;2006
5452;2006;2752;2006
8220;2006;1039;2006
1797;2006;720;2006
4464;2006;3578;2006
2845;2006;1255;2006
3885;2006;1448;2006
1927;2006;693;2006
7025;2006;1361;2006
5785;2006;2098;2006
8748;2006;110173;2006
6056;2006;676;2006
2870;2006;2335;2006
1374;2006;230;2006
3284;2006;534;2006
8673;2006;1392;2006
0686;2006;803;2006
2836;2006;1081;2006
6412;2006;1887;2006
2081;2006;692;2006
8035;2006;2083;2006
9514;2006;132;2006
8501;2006;1118;2006
8181;2006;2084;2006
5177;2006;472;2006
3126;2006;962;2006
1287;2006;3458;2006
0385;2006;858;2006
7401;2006;2916;2006
6859;2006;1608;2006
7466;2006;1625;2006
3048;2006;358;2006
8813;2006;2188;2006
2532;2006;5214;2006
4707;2006;1895;2006
7377;2006;5959;2006
9381;2006;2572;2006
3252;2006;6334;2006
4475;2006;2873;2006
2005;2006;1785;2006
9947;2006;1989;2006
9666;2006;1401;2006
7947;2006;3538;2006
2727;2006;14618;2006
9786;2006;1366;2006
5832;2006;2511;2006
2259;2006;18846;2006
2692;2006;6417;2006
3727;2006;6358;2006
3173;2006;7665;2006
6006;2006;6050;2006
9017;2006;4099;2006
7243;2006;11243;2006
4283;2006;10914;2006
9093;2006;4828;2006
2710;2006;1442;2006
2950;2006;15678;2006
0620;2006;2327;2006
8123;2006;8411;2006
8968;2006;7726;2006
9135;2006;1034;2006
7441;2006;3454;2006
9479;2006;2411;2006
1024;2006;1669;2006
9638;2006;791;2006
8895;2006;186;2006
2113;2006;3997;2006
3694;2006;3789;2006
6603;2006;5555;2006
4866;2006;10606;2006
0029;2006;5125;2006
8295;2006;11186;2006
6777;2006;3115;2006
6371;2006;6829;2006
1487;2006;6326;2006
2724;2006;24786;2006
2792;2006;3527;2006
6220;2006;3085;2006
7080;2006;2060;2006
6508;2006;4599;2006
0624;2006;4363;2006
4704;2006;8209;2006
8497;2006;5874;2006
4219;2006;16792;2006
7779;2006;8217;2006
1335;2006;3117;2006
7257;2006;8223;2006
6103;2006;1186;2006
0015;2006;2617;2006
7259;2006;14985;2006
2605;2006;9115;2006
5284;2006;7079;2006
3894;2006;2460;2006
4271;2006;2058;2006
1486;2006;3526;2006
8143;2006;6003;2006
6461;2006;2695;2006
1597;2006;1537;2006
5476;2006;2083;2006
6955;2006;3781;2006
7923;2006;18887;2006
4033;2006;5064;2006
0107;2006;22640;2006
5055;2006;4038;2006
7507;2006;13329;2006
2399;2006;563;2006
1170;2006;2884;2006
2357;2006;12745;2006
4999;2006;10851;2006
4247;2006;2515;2006
2390;2006;1347;2006
3352;2006;984;2006
7205;2006;6674;2006
8267;2006;14060;2006
1450;2006;15786;2006
5401;2006;3096;2006
5271;2006;2303;2006
2919;2006;2721;2006
3481;2006;4858;2006
9430;2006;2647;2006
9617;2006;12924;2006
9017;2006;790;2006
9132;2006;255151;2006
8803;2006;4150;2006
1820;2006;2679;2006
7626;2006;8078;2006
9886;2006;5601;2006
3406;2006;31221;2006
8687;2006;13409;2006
2271;2006;4738;2006
6952;2006;1346;2006
2104;2006;2125;2006
1451;2006;1561;2006
7234;2006;10972;2006
0823;2006;2355;2006
5682;2006;7763;2006
3952;2006;3410;2006
1801;2006;25219;2006
9478;2006;6499;2006
0656;2006;955;2006
4513;2006;4267;2006
0619;2006;41950;2006
8006;2006;6228;2006
7608;2006;8501;2006
5675;2006;6499;2006
4405;2006;2983;2006
1555;2006;3502;2006
8845;2006;10785;2006
7110;2006;2678;2006
4723;2006;1328;2006
0208;2006;9458;2006
0402;2006;1747;2006
6523;2006;855;2006
7387;2006;3530;2006
3773;2006;3642;2006
7394;2006;13503;2006
6203;2006;2746;2006
4364;2006;6067;2006
6142;2006;12515;2006
7093;2006;2636;2006
7905;2006;1034;2006
2166;2006;3461;2006
8538;2006;2235;2006
5597;2006;11662;2006
1320;2006;6292;2006
5389;2006;10836;2006
2052;2006;1528;2006
0164;2006;13645;2006
6059;2006;1886;2006
1746;2006;3950;2006
2088;2006;735;2006
8665;2006;2402;2006
9964;2006;3238;2006
9503;2006;834;2006
3690;2006;1888;2006
3030;2006;4279;2006
0137;2006;3635;2006
4789;2006;8784;2006
2335;2006;140;2006
7928;2006;240;2006
7740;2006;5518;2006
4419;2006;15118;2006
5640;2006;3740;2006
3375;2006;2889;2006
5230;2006;13856;2006
7101;2006;9439;2006
5289;2006;13435;2006
9572;2006;3398;2006
4433;2006;2645;2006
4752;2006;6228;2006
5400;2006;22811;2006
4203;2006;4851;2006
7485;2006;2901;2006
6436;2006;3237;2006
0598;2006;1829;2006
4385;2006;2207;2006
3147;2006;9198;2006
2945;2006;3150;2006
0343;2006;1798;2006
4308;2006;7480;2006
3508;2006;2558;2006
0933;2006;1083;2006
1513;2006;4972;2006
8795;2006;8695;2006
0846;2006;3165;2006
5914;2006;774;2006
0235;2006;1972;2006
9066;2006;8109;2006
6154;2006;4405;2006
6338;2006;645;2006
8407;2006;3029;2006
2548;2006;2673;2006
3965;2006;5363;2006
1490;2006;6949;2006
1258;2006;4072;2006
3490;2006;14379;2006
3153;2006;13363;2006
5969;2006;7355;2006
2499;2006;606;2006
1161;2006;1055;2006
9908;2006;8237;2006
4751;2006;1163;2006
1135;2006;1770;2006
1081;2006;1583;2006
2082;2006;5639;2006
1282;2006;3644;2006
8595;2006;5369;2006
9223;2006;6046;2006
0019;2006;2561;2006
2041;2006;38515;2006
8118;2006;1901;2006
8975;2006;4332;2006
6616;2006;6318;2006
9343;2006;11857;2006
7211;2006;21881;2006
9407;2006;600;2006
7397;2006;5896;2006
6734;2006;11413;2006
9575;2006;8256;2006
2163;2006;27034;2006
9490;2006;1415;2006
3406;2006;3556;2006
8111;2006;1940;2006
9041;2006;2391;2006
5254;2006;112709;2006
2249;2006;1998;2006
7801;2006;5957;2006
6562;2006;6521;2006
9709;2006;1356;2006
0441;2006;852;2006
7230;2006;6582;2006
7411;2006;4212;2006
5210;2006;2934;2006
7145;2006;1361;2006
7629;2006;2661;2006
6479;2006;3624;2006
2211;2006;35485;2006
7551;2006;845;2006
5069;2006;2320;2006
3761;2006;1694;2006
1306;2006;1441;2006
0942;2006;4162;2006
9711;2006;1496;2006
5866;2006;440;2006
3382;2006;410;2006
1527;2006;2375;2006
8104;2006;6050;2006
9544;2006;525;2006
3557;2006;2714;2006
8034;2006;2125;2006
2988;2006;2724;2006
7502;2006;20121;2006
6181;2006;3417;2006
9588;2006;1218;2006
8511;2006;2656;2006
4784;2006;791;2006
3610;2006;3246;2006
6722;2006;1201;2006
4869;2006;3010;2006
1203;2006;4753;2006
0106;2006;1423;2006
9839;2006;4059;2006
3438;2006;611;2006
4044;2006;1602;2006
2410;2006;6141;2006
7803;2006;387;2006
0553;2006;4438;2006
9414;2006;356;2006
0170;2006;2017;2006
1719;2006;3998;2006
1401;2006;8394;2006
0163;2006;2363;2006
2213;2006;2542;2006
3095;2006;657;2006
2930;2006;1352;2006
1176;2006;1633;2006
1594;2006;414;2006
1268;2006;1777;2006
9234;2006;6486;2006
1806;2006;747;2006
6205;2006;2759;2006
6156;2006;1812;2006
0616;2006;1334;2006
2028;2006;9319;2006
3266;2006;535;2006
5689;2006;2623;2006
8581;2006;3215;2006
7910;2006;421;2006
5434;2006;1619;2006
0570;2006;1848;2006
2793;2006;1477;2006
9638;2006;4689;2006
9988;2006;558;2006
6393;2006;2137;2006
6932;2006;909;2006
0657;2006;1590;2006
8767;2006;909;2006
4693;2006;1015;2006
8003;2006;1074;2006
3319;2006;271;2006
9467;2006;6540;2006
2724;2006;4073;2006
3666;2006;8637;2006
1390;2006;5511;2006
7607;2006;7481;2006
0885;2006;7592;2006
0860;2006;4505;2006
8826;2006;10793;2006
9182;2006;11907;2006
4259;2006;10660;2006
7916;2006;2115;2006
6091;2006;32677;2006
1316;2006;6831;2006
9730;2006;2955;2006
1773;2006;3593;2006
9234;2006;3543;2006
8955;2006;3454;2006
8120;2006;2645;2006
7508;2006;5197;2006
5797;2006;5037;2006
3830;2006;35114;2006
2400;2006;7039;2006
5336;2006;5923;2006
8100;2006;4655;2006
5682;2006;5777;2006
3399;2006;8571;2006
0814;2006;3943;2006
3531;2006;5741;2006
5967;2006;5794;2006
7315;2006;3141;2006
7793;2006;6241;2006
1875;2006;5040;2006
3420;2006;6047;2006
0877;2006;4074;2006
4725;2006;8653;2006
2502;2006;8583;2006
0957;2006;4632;2006
7706;2006;9160;2006
8540;2006;4833;2006
7699;2006;8994;2006
3754;2006;2887;2006
8836;2006;3628;2006
2562;2006;27621;2006
2614;2006;3884;2006
4548;2006;1475;2006
0066;2006;29652;2006
7458;2006;4005;2006
7573;2006;2798;2006
7775;2006;10321;2006
9728;2006;5972;2006
3534;2006;19351;2006
8269;2006;4352;2006
7066;2006;3875;2006
5284;2006;2072;2006
0890;2006;20580;2006
2931;2006;7288;2006
0228;2006;11804;2006
4354;2006;7690;2006
2704;2006;11354;2006
0808;2006;837;2006
1102;2006;2213;2006
9146;2006;4811;2006
1036;2006;16343;2006
0402;2006;9400;2006
0349;2006;1776;2006
8912;2006;8584;2006
7927;2006;2176;2006
6438;2006;10474;2006
7761;2006;13480;2006
5512;2006;6382;2006
5047;2006;12405;2006
8167;2006;6504;2006
2585;2006;5226;2006
9825;2006;4907;2006
8094;2006;8365;2006
5057;2006;9529;2006
9659;2006;7196;2006
0152;2006;3191;2006
2274;2006;2052;2006
1513;2006;6329;2006
9531;2006;9783;2006
7251;2006;10865;2006
0979;2006;11635;2006
9061;2006;4615;2006
4945;2006;10032;2006
5787;2006;80524;2006
8943;2006;10743;2006
1591;2006;6867;2006
8489;2006;15674;2006
4258;2006;3644;2006
5337;2006;17674;2006
8023;2006;29142;2006
8222;2006;9527;2006
4961;2006;1759;2006
0637;2006;9843;2006
9341;2006;3841;2006
6009;2006;6813;2006
6147;2006;9804;2006
2990;2006;12130;2006
8344;2006;11769;2006
4373;2006;15151;2006
1037;2006;5641;2006
8022;2006;50576;2006
3147;2006;3241;2006
1116;2006;3269;2006
8350;2006;10681;2006
2839;2006;14533;2006
4536;2006;12675;2006
3103;2006;6728;2006
6401;2006;4264;2006
1039;2006;5932;2006
1823;2006;6310;2006
4840;2006;2750;2006
3959;2006;23434;2006
5176;2006;13710;2006
1755;2006;20184;2006
6122;2006;6419;2006
1379;2006;37486;2006
6301;2006;25950;2006
8684;2006;10833;2006
6898;2006;15238;2006
9962;2006;6250;2006
0705;2006;10772;2006
3110;2006;25056;2006
2155;2006;4473;2006
3288;2006;7619;2006
1835;2006;11963;2006
8768;2006;38622;2006
4043;2006;11687;2006
0509;2006;16287;2006
9665;2006;12559;2006
2872;2006;18849;2006
9521;2006;24900;2006
8155;2006;7371;2006
4413;2006;2235;2006
9986;2006;4542;2006
0199;2006;264494;2006
8657;2006;9108;2006
7134;2006;12703;2006
4379;2006;18878;2006
7852;2006;3288;2006
1907;2006;20334;2006
5705;2006;4721;2006
5158;2006;1866;2006
3439;2006;2096;2006
6428;2006;4449;2006
9418;2006;3742;2006
4195;2006;3091;2006
5865;2006;741;2006
2290;2006;4173;2006
6708;2006;2549;2006
3940;2006;7836;2006
7799;2006;3230;2006
5470;2006;6769;2006
2404;2006;15550;2006
7146;2006;12694;2006
2243;2006;2653;2006
1244;2006;11575;2006
1599;2006;5616;2006
2680;2006;2471;2006
8080;2006;1654;2006
6277;2006;7506;2006
2785;2006;4364;2006
3152;2006;4823;2006
5043;2006;5586;2006
1747;2006;1664;2006
7049;2006;5553;2006
7569;2006;2086;2006
6785;2006;19712;2006
0181;2006;6081;2006
2860;2006;9729;2006
3254;2006;5603;2006
7289;2006;6854;2006
8074;2006;16803;2006
6111;2006;7769;2006
9539;2006;6932;2006
2007;2006;4343;2006
7096;2006;3873;2006
1597;2006;4337;2006
4734;2006;1894;2006
9138;2006;8052;2006
1539;2006;7239;2006
1159;2006;6662;2006
0731;2006;3173;2006
5822;2006;8631;2006
7647;2006;1811;2006
2228;2006;5350;2006
7090;2006;1968;2006
2475;2006;2026;2006
3457;2006;2965;2006
1899;2006;10018;2006
5708;2006;17476;2006
0275;2006;9479;2006
3701;2006;10643;2006
0707;2006;9632;2006
4782;2006;5748;2006
9913;2006;205391;2006
1798;2006;3860;2006
4890;2006;1391;2006
9330;2006;10905;2006
6450;2006;9046;2006
7342;2006;18054;2006
8441;2006;2770;2006
8489;2006;2432;2006
8861;2006;3927;2006
5514;2006;13116;2006
6155;2006;3625;2006
6862;2006;4320;2006
5191;2006;14372;2006
9042;2006;4675;2006
7354;2006;2719;2006
8580;2006;9104;2006
3500;2006;6070;2006
1225;2006;12455;2006
8972;2006;4486;2006
3063;2006;2817;2006
9676;2006;6944;2006
7262;2006;2299;2006
9649;2006;7146;2006
9164;2006;1962;2006
9186;2006;2232;2006
5443;2006;9583;2006
3179;2006;21673;2006
1430;2006;7071;2006
8104;2006;4498;2006
2976;2006;8509;2006
8126;2006;2453;2006
0202;2006;7607;2006
8544;2006;6060;2006
6561;2006;11853;2006
2264;2006;4357;2006
0220;2006;2152;2006
3921;2006;3867;2006
2475;2006;1640;2006
0826;2006;965;2006
6619;2006;12495;2006
2625;2006;20812;2006
3484;2006;5320;2006
0063;2006;2429;2006
9403;2006;8940;2006
2258;2006;5405;2006
3664;2006;3390;2006
5644;2006;8636;2006
3883;2006;20411;2006
6257;2006;4775;2006
9278;2006;2909;2006
3784;2006;10671;2006
1221;2006;1450;2006
9692;2006;2621;2006
1226;2006;1350;2006
8464;2006;810;2006
6428;2006;2868;2006
5908;2006;927;2006
9938;2006;1705;2006
8401;2006;4418;2006
9128;2006;3035;2006
6175;2006;1859;2006
1701;2006;3889;2006
5469;2006;2627;2006
0651;2006;2818;2006
8512;2006;2131;2006
0394;2006;2717;2006
5664;2006;4154;2006
9767;2006;1557;2006
9323;2006;2736;2006
9708;2006;1132;2006
3702;2006;1608;2006
4214;2006;2304;2006
2027;2006;1163;2006
9928;2006;12171;2006
8436;2006;3785;2006
6761;2006;3611;2006
5785;2006;1957;2006
3220;2006;10858;2006
4846;2006;1702;2006
4542;2006;1678;2006
5588;2006;1276;2006
4101;2006;4240;2006
5315;2006;1762;2006
8780;2006;10323;2006
6938;2006;6428;2006
8042;2006;50108;2006
1589;2006;1209;2006
8712;2006;1201;2006
0454;2006;4033;2006
1383;2006;3177;2006
6775;2006;8412;2006
1880;2006;3039;2006
0739;2006;5270;2006
1513;2006;1150;2006
7259;2006;2196;2006
0496;2006;1055;2006
7667;2006;14429;2006
3473;2006;2228;2006
2611;2006;824;2006
6275;2006;1102;2006
9075;2006;3480;2006
7698;2006;2314;2006
2209;2006;2952;2006
2372;2006;1919;2006
2330;2006;3555;2006
0448;2006;5224;2006
1343;2006;2557;2006
0085;2006;1913;2006
9043;2006;804;2006
5056;2006;6709;2006
7768;2006;4028;2006
3179;2006;1687;2006
9325;2006;7428;2006
9782;2006;726;2006
2261;2006;2753;2006
6785;2006;2934;2006
8328;2006;3786;2006
4345;2006;1114;2006
7819;2006;748;2006
1668;2006;12810;2006
2086;2006;679;2006
1977;2006;768;2006
6458;2006;11388;2006
2141;2006;15109;2006
7505;2006;2148;2006
4140;2006;599;2006
6215;2006;3377;2006
7701;2006;2272;2006
5407;2006;2409;2006
3683;2006;229;2006
0083;2006;173;2006
7602;2006;1386;2006
7805;2006;3020;2006
1865;2006;6218;2006
2433;2006;4705;2006
3236;2006;1190;2006
7487;2006;686;2006
6626;2006;1076;2006
5943;2006;705;2006
0573;2006;11009;2006
8169;2006;4694;2006
1058;2006;430;2006
7854;2006;12866;2006
7578;2006;816;2006
2556;2006;3907;2006
7062;2006;6284;2006
8449;2006;201;2006
0467;2006;759;2006
3398;2006;2338;2006
2752;2006;6015;2006
2110;2006;1012;2006
0425;2006;6745;2006
8033;2006;2021;2006
6770;2006;5806;2006
2113;2006;2757;2006
4341;2006;1950;2006
7658;2006;1605;2006
5915;2006;573;2006
0528;2006;5111;2006
7760;2006;2278;2006
2909;2006;2714;2006
8947;2006;2860;2006
4040;2006;3000;2006
9039;2006;2131;2006
9331;2006;4859;2006
5500;2006;3038;2006
2965;2006;5249;2006
7488;2006;2494;2006
4140;2006;8919;2006
2423;2006;2865;2006
3360;2006;5659;2006
9831;2006;2598;2006
6625;2006;1632;2006
0541;2006;2713;2006
4131;2006;5460;2006
3697;2006;6746;2006
9087;2006;3318;2006
7205;2006;1007;2006
2302;2006;1481;2006
8487;2006;4109;2006
4728;2006;294;2006
2346;2006;877;2006
6760;2006;1134;2006
0271;2006;3030;2006
4796;2006;598;2006
5973;2006;484;2006
3320;2006;5014;2006
0235;2006;5905;2006
3121;2006;1188;2006
3611;2006;338;2006
7703;2006;578;2006
5920;2006;2388;2006
8155;2006;4338;2006
3967;2006;2008;2006
4669;2006;2962;2006
7795;2006;8005;2006
9373;2006;7555;2006
0645;2006;5865;2006
9436;2006;1204;2006
9685;2006;2235;2006
6031;2006;2432;2006
9224;2006;1329;2006
5705;2006;1639;2006
4910;2006;419;2006
1649;2006;550;2006
5307;2006;3882;2006
1145;2006;947;2006
6615;2006;430;2006
7456;2006;1385;2006
4414;2006;710;2006
0497;2006;4178;2006
0411;2006;460;2006
4198;2006;9015;2006
3559;2006;4970;2006
3657;2006;13692;2006
9381;2006;2046;2006
3598;2006;2865;2006
6226;2006;10521;2006
9904;2006;2273;2006
6221;2006;3066;2006
8492;2006;2417;2006
7390;2006;643;2006
3221;2006;1769;2006
6830;2006;7626;2006
4599;2006;1675;2006
1708;2006;95972;2006
9180;2006;2922;2006
5509;2006;2277;2006
3306;2006;932;2006
9947;2006;2247;2006
5522;2006;1413;2006
5195;2006;756;2006
2113;2006;634;2006
9391;2006;1937;2006
3200;2006;1724;2006
0850;2006;7653;2006
0526;2006;1437;2006
8765;2006;396;2006
2509;2006;1775;2006
9242;2006;2974;2006
2626;2006;35510;2006
2200;2006;6476;2006
8541;2006;8569;2006
5915;2006;1592;2006
3593;2006;936;2006
7267;2006;27261;2006
5653;2006;749;2006
2050;2006;1694;2006
4983;2006;3705;2006
1084;2006;11763;2006
9396;2006;2210;2006
8862;2006;6351;2006
6311;2006;821;2006
4014;2006;1496;2006
0280;2006;1894;2006
9817;2006;1751;2006
6605;2006;6841;2006
1790;2006;2608;2006
0535;2006;1630;2006
3130;2006;8692;2006
6094;2006;837;2006
8518;2006;13280;2006
2239;2006;5990;2006
3996;2006;2081;2006
9997;2006;204190;2006
1450;2006;1964;2006
2695;2006;4791;2006
9471;2006;1002;2006
3705;2006;3139;2006
5262;2006;3686;2006
2167;2006;7163;2006
4792;2006;5792;2006
9418;2006;2426;2006
1686;2006;320;2006
9833;2006;4713;2006
0763;2006;7331;2006
7485;2006;4570;2006
0451;2006;12948;2006
0524;2006;5351;2006
8170;2006;182;2006
6896;2006;1019;2006
3052;2006;762;2006
4718;2006;4395;2006
3548;2006;1629;2006
4990;2006;1683;2006
7690;2006;13984;2006
4768;2006;1948;2006
0994;2006;4704;2006
6120;2006;4100;2006
3300;2006;2409;2006
3974;2006;4227;2006
3361;2006;5392;2006
9336;2006;1223;2006
9250;2006;2372;2006
9571;2006;637;2006
7680;2006;821;2006
2346;2006;97583;2006
2849;2006;2284;2006
6068;2006;698;2006
3354;2006;8469;2006
9148;2006;4861;2006
8481;2006;5818;2006
8291;2006;6344;2006
1844;2006;10410;2006
1940;2006;5634;2006
3456;2006;960;2006
2598;2006;2803;2006
0121;2006;2057;2006
5659;2006;2344;2006
0366;2006;4001;2006
5628;2006;1877;2006
1220;2006;110;2006
7783;2006;2657;2006
1034;2006;2393;2006
8940;2006;2473;2006
5556;2006;3701;2006
7046;2006;2313;2006
0043;2006;821;2006
4879;2006;7043;2006
5911;2006;6888;2006
3542;2006;1942;2006
8310;2006;12899;2006
4058;2006;8707;2006
5320;2006;1087;2006
6973;2006;2128;2006
3458;2006;7867;2006
1166;2006;23979;2006
9754;2006;6520;2006
0045;2006;5482;2006
5224;2006;5991;2006
8424;2006;9161;2006
4850;2006;4286;2006
6128;2006;10090;2006
6364;2006;2969;2006
0415;2006;1089;2006
2015;2006;9910;2006
9563;2006;3739;2006
1728;2006;11415;2006
8016;2006;1272;2006
5979;2006;170748;2006
2339;2006;1207;2006
8900;2006;1485;2006
4623;2006;3107;2006
7549;2006;4989;2006
4989;2006;19184;2006
7094;2006;5336;2006
6405;2006;4082;2006
1352;2006;1908;2006
3863;2006;4658;2006
3326;2006;9305;2006
6961;2006;1216;2006
3864;2006;2082;2006
4779;2006;1205;2006
1470;2006;7167;2006
8602;2006;8679;2006
0776;2006;3372;2006
6414;2006;628;2006
9214;2006;2584;2006
0644;2006;1380;2006
6095;2006;1950;2006
8882;2006;8230;2006
9380;2006;9007;2006
5530;2006;3321;2006
1617;2006;9078;2006
0967;2006;4963;2006
0374;2006;5149;2006
4065;2006;1298;2006
5938;2006;9872;2006
3929;2006;5281;2006
6215;2006;4803;2006
5670;2006;4259;2006
7072;2006;17430;2006
8037;2006;4462;2006
0580;2006;14146;2006
0143;2006;8463;2006
6802;2006;10418;2006
0140;2006;9448;2006
0823;2006;3561;2006
8166;2006;1001;2006
5109;2006;22819;2006
6331;2006;6208;2006
1447;2006;5609;2006
6522;2006;6506;2006
9252;2006;14511;2006
6463;2006;965;2006
6124;2006;8738;2006
3867;2006;9790;2006
1064;2006;13061;2006
5507;2006;6893;2006
3054;2006;12504;2006
3061;2006;1380;2006
6605;2006;9059;2006
6650;2006;153809;2006
5618;2006;5749;2006
1697;2006;3937;2006
1955;2006;13628;2006
7176;2006;7340;2006
2932;2006;5552;2006
2317;2006;10411;2006
0477;2006;23620;2006
2538;2006;4431;2006
3728;2006;1989;2006
8178;2006;4188;2006
9712;2006;3340;2006
0792;2006;3984;2006
4662;2006;3747;2006
8736;2006;8815;2006
6891;2006;8071;2006
7071;2006;3086;2006
5407;2006;64242;2006
5111;2006;28539;2006
4211;2006;13085;2006
7494;2006;10517;2006
7719;2006;7075;2006
9637;2006;8821;2006
9086;2006;3002;2006
1257;2006;15319;2006
2741;2006;16473;2006
1401;2006;1314;2006
4536;2006;31751;2006
4588;2006;2092;2006
2960;2006;4102;2006
9070;2006;3004;2006
5808;2006;16387;2006
4655;2006;4119;2006
9959;2006;6037;2006
0836;2006;23034;2006
1907;2006;178154;2006
2213;2006;945;2006
2770;2006;2290;2006
0046;2006;3358;2006
3200;2006;14055;2006
8224;2006;11029;2006
4110;2006;2396;2006
7304;2006;16413;2006
5329;2006;2232;2006
7388;2006;1818;2006
5481;2006;3636;2006
5303;2006;6085;2006
9129;2006;739;2006
3098;2006;5699;2006
6636;2006;10591;2006
0582;2006;3754;2006
5570;2006;5203;2006
6472;2006;40677;2006
5537;2006;8977;2006
0778;2006;7806;2006
4711;2006;2640;2006
9282;2006;14478;2006
8449;2006;11369;2006
8613;2006;22903;2006
3646;2006;4758;2006
5961;2006;11526;2006
1032;2006;9340;2006
4835;2006;6080;2006
9855;2006;6317;2006
1059;2006;4763;2006
8567;2006;366325;2006
2729;2006;3221;2006
1849;2006;16412;2006
7514;2006;12698;2006
6025;2006;2121;2006
3333;2006;33948;2006
0408;2006;3249;2006
2605;2006;1989;2006
4651;2006;1255;2006
3224;2006;3311;2006
6222;2006;3877;2006
0705;2006;6130;2006
2379;2006;4670;2006
9004;2006;16484;2006
4148;2006;19783;2006
7335;2006;13767;2006
7577;2006;5907;2006
4976;2006;8764;2006
7526;2006;12791;2006
2317;2006;5992;2006
5571;2006;1863;2006
6696;2006;5182;2006
1535;2006;5662;2006
6887;2006;2208;2006
3692;2006;9539;2006
4024;2006;4063;2006
0214;2006;66089;2006
4499;2006;2307;2006
4056;2006;4467;2006
8160;2006;8118;2006
5263;2006;6449;2006
0922;2006;15258;2006
0660;2006;8524;2006
8402;2006;15009;2006
2750;2006;3853;2006
2528;2006;5504;2006
6857;2006;10824;2006
5675;2006;5042;2006
0081;2006;5927;2006
4513;2006;4399;2006
9471;2006;11745;2006
1289;2006;16569;2006
9370;2006;6887;2006
9262;2006;4728;2006
6371;2006;7730;2006
4634;2006;4562;2006
4325;2006;7304;2006
4106;2006;25555;2006
7240;2006;30158;2006
8561;2006;11060;2006
7917;2006;6621;2006
4485;2006;14335;2006
8431;2006;2918;2006
9401;2006;7273;2006
7471;2006;16754;2006
6633;2006;22105;2006
6328;2006;5571;2006
7618;2006;15315;2006
7415;2006;32553;2006
0719;2006;12745;2006
1224;2006;21974;2006
0051;2006;17543;2006
1548;2006;131987;2006
4347;2006;2871;2006
3382;2006;3160;2006
4368;2006;4552;2006
7068;2006;2348;2006
2715;2006;3780;2006
2906;2006;7283;2006
4716;2006;3707;2006
2452;2006;3403;2006
3405;2006;6617;2006
2297;2006;8614;2006
6429;2006;12050;2006
1978;2006;3536;2006
7894;2006;6703;2006
0155;2006;6836;2006
3280;2006;3925;2006
6244;2006;4664;2006
1668;2006;4011;2006
3751;2006;2353;2006
7904;2006;11997;2006
5792;2006;16128;2006
9578;2006;1930;2006
3336;2006;7678;2006
5001;2006;2799;2006
3734;2006;9007;2006
2737;2006;27399;2006
1994;2006;9408;2006
1390;2006;7057;2006
7525;2006;55304;2006
5495;2006;8096;2006
0548;2006;31752;2006
2479;2006;9627;2006
3976;2006;146271;2006
2582;2006;5553;2006
2639;2006;11044;2006
3707;2006;2498;2006
0383;2006;4352;2006
5143;2006;6074;2006
2402;2006;9722;2006
2325;2006;2343;2006
9501;2006;6310;2006
4132;2006;93720;2006
1691;2006;23472;2006
9279;2006;3652;2006
9702;2006;1732;2006
1974;2006;112993;2006
4588;2006;12455;2006
1294;2006;2499;2006
7738;2006;9862;2006
1380;2006;7691;2006
6261;2006;6364;2006
0703;2006;9740;2006
3352;2006;6559;2006
1613;2006;4812;2006
2600;2006;1652;2006
0420;2006;822;2006
3883;2006;6386;2006
5528;2006;834;2006
5580;2006;2131;2006
5310;2006;3132;2006
2861;2006;10394;2006
8676;2006;4266;2006
7145;2006;3599;2006
3027;2006;16460;2006
4263;2006;3042;2006
1952;2006;1320;2006
8860;2006;1955;2006
6846;2006;4356;2006
0969;2006;2095;2006
6379;2006;1552;2006
2569;2006;946;2006
2911;2006;768;2006
2126;2006;667;2006
4583;2006;8879;2006
2496;2006;2547;2006
9405;2006;1626;2006
2029;2006;7376;2006
6693;2006;487;2006
8393;2006;5990;2006
6672;2006;61092;2006
7023;2006;8403;2006
8757;2006;9749;2006
6301;2006;1033;2006
3672;2006;322;2006
0738;2006;1366;2006
9334;2006;5628;2006
5254;2006;4099;2006
3025;2006;670;2006
0145;2006;1381;2006
0743;2006;2020;2006
2754;2006;827;2006
3482;2006;1499;2006
9454;2006;1113;2006
2061;2006;1987;2006
6356;2006;3950;2006
8220;2006;11698;2006
2469;2006;2683;2006
2354;2006;657;2006
0451;2006;1553;2006
8116;2006;1289;2006
0064;2006;2775;2006
9679;2006;1198;2006
5642;2006;6111;2006
3124;2006;2479;2006
2874;2006;2535;2006
8359;2006;7128;2006
7946;2006;2279;2006
3609;2006;765;2006
7983;2006;3160;2006
3960;2006;6781;2006
7650;2006;90616;2006
2714;2006;2826;2006
9152;2006;988;2006
9008;2006;2025;2006
2885;2006;730;2006
1974;2006;2051;2006
9853;2006;6021;2006
8859;2006;4632;2006
3992;2006;1366;2006
1388;2006;2979;2006
7981;2006;3435;2006
7437;2006;2389;2006
7291;2006;7981;2006
3376;2006;4038;2006
8758;2006;1592;2006
9072;2006;3433;2006
0786;2006;1306;2006
7994;2006;1153;2006
8708;2006;2335;2006
5867;2006;1139;2006
4058;2006;866;2006
0661;2006;6763;2006
5330;2006;6772;2006
4920;2006;15316;2006
8897;2006;4430;2006
9182;2006;100957;2006
3310;2006;5180;2006
0388;2006;1491;2006
4501;2006;2318;2006
0038;2006;6937;2006
8914;2006;2044;2006
0471;2006;4060;2006
5313;2006;1031;2006
3910;2006;18187;2006
9201;2006;1705;2006
3182;2006;3401;2006
9130;2006;3785;2006
6020;2006;14538;2006
2789;2006;5156;2006
4029;2006;4966;2006
0875;2006;30799;2006
7471;2006;27682;2006
2017;2006;9523;2006
1541;2006;1994;2006
9032;2006;39923;2006
8956;2006;11917;2006
4922;2006;5975;2006
2775;2006;1091;2006
6645;2006;3089;2006
3854;2006;2145;2006
3095;2006;9739;2006
5729;2006;1991;2006
5693;2006;2855;2006
8135;2006;6271;2006
4607;2006;1877;2006
9348;2006;3616;2006
6306;2006;1866;2006
7380;2006;31236;2006
2517;2006;6322;2006
0164;2006;3523;2006
3629;2006;751;2006
9833;2006;3574;2006
1979;2006;3990;2006
4060;2006;1887;2006
7778;2006;1979;2006
1118;2006;884;2006
2869;2006;4103;2006
2340;2006;7719;2006
7674;2006;43445;2006
5430;2006;3619;2006
3331;2006;3045;2006
6767;2006;3543;2006
4964;2006;2309;2006
8108;2006;127;2006
7793;2006;2444;2006
6721;2006;4119;2006
0544;2006;1692;2006
8643;2006;178;2006
2217;2006;1805;2006
8822;2006;7010;2006
8058;2006;607;2006
8464;2006;4833;2006
6594;2006;349;2006
5802;2006;574;2006
1968;2006;10406;2006
0661;2006;39383;2006
1987;2006;1261;2006
9648;2006;14553;2006
9097;2006;2164;2006
6696;2006;594;2006
3977;2006;236;2006
2165;2006;1592;2006
0499;2006;644;2006
2233;2006;910;2006
5783;2006;2498;2006
5238;2006;41816;2006
1001;2006;10220;2006
2583;2006;4863;2006
3565;2006;6915;2006
5077;2006;156;2006
8781;2006;5773;2006
9416;2006;3481;2006
6712;2006;3448;2006
0371;2006;7606;2006
4664;2006;798;2006
5807;2006;9793;2006
9085;2006;945;2006
0834;2006;1233;2006
6459;2006;2068;2006
2147;2006;885;2006
7972;2006;1392;2006
4519;2006;1195;2006
0307;2006;306;2006
5498;2006;6262;2006
2491;2006;10867;2006
5519;2006;15261;2006
4575;2006;21059;2006
1693;2006;817;2006
0195;2006;3835;2006
2549;2006;13086;2006
3837;2006;1492;2006
1649;2006;3390;2006
5375;2006;447;2006
6468;2006;991;2006
9784;2006;1122;2006
1182;2006;19590;2006
5351;2006;9585;2006
8634;2006;2780;2006
2952;2006;435;2006
4246;2006;1206;2006
3927;2006;3251;2006
0623;2006;3612;2006
9725;2006;2813;2006
4940;2006;3845;2006
1937;2006;2026;2006
2174;2006;1425;2006
0182;2006;51059;2006
5319;2006;650;2006
2113;2006;1885;2006
2382;2006;1269;2006
9771;2006;7899;2006
7948;2006;3016;2006
0833;2006;2192;2006
9389;2006;3350;2006
3951;2006;3167;2006
9508;2006;1031;2006
3368;2006;5183;2006
6123;2006;3330;2006
5319;2006;36955;2006
8574;2006;9338;2006
3070;2006;1543;2006
2041;2006;976;2006
9946;2006;15042;2006
2619;2006;3300;2006
9249;2006;1160;2006
9293;2006;1304;2006
1722;2006;2496;2006
7276;2006;962;2006
3038;2006;1622;2006
7625;2006;723;2006
4336;2006;4299;2006
9405;2006;2300;2006
4055;2006;1753;2006
9335;2006;559;2006
9920;2006;518;2006
2074;2006;2231;2006
6157;2006;1297;2006
4640;2006;624;2006
5337;2006;861;2006
4458;2006;6763;2006
4183;2006;13060;2006
2142;2006;433;2006
6263;2006;940;2006
7918;2006;691;2006
3742;2006;10896;2006
9216;2006;407;2006
2352;2006;2410;2006
4509;2006;2608;2006
7156;2006;8109;2006
1669;2006;505;2006
9488;2006;788;2006
3789;2006;1052;2006
3504;2006;614;2006
6024;2006;5329;2006
0748;2006;812;2006
6977;2006;218;2006
8469;2006;2210;2006
0023;2006;2462;2006
2677;2006;1644;2006
7934;2006;15871;2006
1256;2006;24222;2006
6456;2006;1919;2006
2781;2006;4335;2006
6318;2006;2183;2006
4370;2006;971;2006
4051;2006;46494;2006
1789;2006;1487;2006
5172;2006;16141;2006
4919;2006;2379;2006
2925;2006;400;2006
5831;2006;6709;2006
9329;2006;2100;2006
2092;2006;2226;2006
9874;2006;10680;2006
9352;2006;1961;2006
9229;2006;64580;2006
5395;2006;1073;2006
8289;2006;768;2006
7785;2006;2381;2006
1820;2006;8791;2006
6259;2006;4816;2006
6776;2006;4936;2006
8433;2006;68377;2006
7508;2006;10188;2006
5050;2006;2570;2006
1034;2006;2042;2006
4730;2006;7921;2006
4509;2006;2071;2006
3196;2006;4691;2006
6618;2006;1285;2006
5748;2006;13255;2006
7063;2006;6531;2006
4659;2006;10013;2006
2029;2006;7298;2006
4239;2006;30909;2006
0913;2006;2328;2006
9157;2006;44003;2006
0811;2006;631;2006
4821;2006;5978;2006
5217;2006;1878;2006
9410;2006;5062;2006
1950;2006;529;2006
8802;2006;7914;2006
8595;2006;658;2006
0403;2006;3856;2006
0979;2006;494;2006
8073;2006;83652;2006
2742;2006;22050;2006
2820;2006;2370;2006
3299;2006;1171;2006
6716;2006;4470;2006
5478;2006;3787;2006
0295;2006;2502;2006
6091;2006;24366;2006
7543;2006;2417;2006
0716;2006;8131;2006
1568;2006;1419;2006
5504;2006;13200;2006
1929;2006;751;2006
0817;2006;3316;2006
2191;2006;1030;2006
3520;2006;361;2006
4193;2006;62495;2006
5653;2006;1808;2006
7895;2006;1366;2006
9916;2006;695;2006
6800;2006;15846;2006
0363;2006;8611;2006
9324;2006;1621;2006
2518;2006;7439;2006
9667;2006;6014;2006
0435;2006;3120;2006
0156;2006;7642;2006
6165;2006;20333;2006
1306;2006;10519;2006
6718;2006;20083;2006
1790;2006;18723;2006
6846;2006;9553;2006
2003;2006;87248;2006
3367;2006;1819;2006
5341;2006;8428;2006
9127;2006;24116;2006
2496;2006;1695;2006
6121;2006;6928;2006
0534;2006;11080;2006
7962;2006;5195;2006
1958;2006;4400;2006
0982;2006;25436;2006
2870;2006;10336;2006
0091;2006;4097;2006
3628;2006;17255;2006
9870;2006;15569;2006
7597;2006;40302;2006
9166;2006;6692;2006
4365;2006;17568;2006
3183;2006;10090;2006
2748;2006;15943;2006
6319;2006;5386;2006
2087;2006;45640;2006
1921;2006;13830;2006
5025;2006;16634;2006
3181;2006;356420;2006
9950;2006;4898;2006
1871;2006;22007;2006
1453;2006;4820;2006
3743;2006;13846;2006
7185;2006;14520;2006
3960;2006;5958;2006
8991;2006;18511;2006
2885;2006;1860;2006
0518;2006;3390;2006
7534;2006;3694;2006
6715;2006;12542;2006
9719;2006;12684;2006
1064;2006;1229;2006
5603;2006;7534;2006
3984;2006;20557;2006
6819;2006;15244;2006
1438;2006;8254;2006
8797;2006;7398;2006
8317;2006;16863;2006
2059;2006;1270;2006
5688;2006;4043;2006
6943;2006;49283;2006
2412;2006;7478;2006
7812;2006;46885;2006
8083;2006;17379;2006
0298;2006;7319;2006
9411;2006;5099;2006
8610;2006;7938;2006
1848;2006;14055;2006
6799;2006;3154;2006
2822;2006;12931;2006
7877;2006;4387;2006
5606;2006;3645;2006
3267;2006;370;2006
3312;2006;8570;2006
5193;2006;27306;2006
9607;2006;16108;2006
9832;2006;157890;2006
4508;2006;2226;2006
8590;2006;1938;2006
8830;2006;34146;2006
3301;2006;3585;2006
4807;2006;11784;2006
8950;2006;2189;2006
6232;2006;1190;2006
8177;2006;31654;2006
1943;2006;6819;2006
7469;2006;551;2006
4670;2006;2992;2006
4826;2006;6918;2006
9901;2006;5725;2006
1652;2006;6233;2006
9113;2006;9944;2006
6900;2006;5568;2006
2885;2006;1000;2006
5436;2006;3697;2006
6236;2006;41072;2006
3167;2006;12055;2006
5196;2006;1914;2006
0157;2006;2361;2006
9916;2006;1590;2006
1072;2006;4080;2006
4313;2006;3296;2006
6140;2006;1264;2006
6579;2006;1369;2006
8542;2006;8788;2006
3259;2006;1194;2006
8574;2006;1879;2006
2359;2006;1781;2006
0930;2006;780;2006
2191;2006;10604;2006
6218;2006;603;2006
7062;2006;4559;2006
5160;2006;4864;2006
1798;2006;86456;2006
7025;2006;6095;2006
6847;2006;13967;2006
1841;2006;26795;2006
8395;2006;1478;2006
7682;2006;30891;2006
5023;2006;27350;2006
7925;2006;12838;2006
6216;2006;1593;2006
0355;2006;11556;2006
2830;2006;4230;2006
5827;2006;12043;2006
8835;2006;8230;2006
8409;2006;11071;2006
9192;2006;5863;2006
6897;2006;95014;2006
8360;2006;1185;2006
5121;2006;12160;2006
4651;2006;9780;2006
5561;2006;5229;2006
5301;2006;1646;2006
6283;2006;3294;2006
6002;2006;2933;2006
2701;2006;2802;2006
4628;2006;2105;2006
5814;2006;12796;2006
8681;2006;8963;2006
8936;2006;989;2006
3156;2006;2190;2006
1840;2006;9075;2006
9583;2006;22361;2006
7645;2006;8816;2006
0499;2006;3458;2006
4947;2006;5727;2006
8055;2006;3421;2006
7544;2006;3086;2006
9430;2006;582;2006
4157;2006;1845;2006
8718;2006;8423;2006
6641;2006;23061;2006
3016;2006;834;2006
5191;2006;3288;2006
3573;2006;5852;2006
0947;2006;3291;2006
0728;2006;6026;2006
4296;2006;3108;2006
4242;2006;16913;2006
1931;2006;15940;2006
1229;2006;1477;2006
7884;2006;2977;2006
8418;2006;6108;2006
8867;2006;1174;2006
9313;2006;11914;2006
9933;2006;6657;2006
6869;2006;7032;2006
8436;2006;3205;2006
6888;2006;3465;2006
7990;2006;2808;2006
9871;2006;8319;2006
6621;2006;2485;2006
5721;2006;2980;2006
5843;2006;7114;2006
6160;2006;1960;2006
1472;2006;8877;2006
0598;2006;20309;2006
8831;2006;2599;2006
8497;2006;5138;2006
3149;2006;14205;2006
7349;2006;8439;2006
9127;2006;7635;2006
5004;2006;1530;2006
6080;2006;2267;2006
6260;2006;4166;2006
9553;2006;2121;2006
5535;2006;28414;2006
4149;2006;1731;2006
0962;2006;1203;2006
5683;2006;1015;2006
0357;2006;5019;2006
1415;2006;1713;2006
5944;2006;7637;2006
4580;2006;918;2006
1182;2006;2625;2006
8062;2006;4705;2006
5774;2006;52828;2006
6603;2006;12314;2006
6041;2006;9110;2006
2429;2006;7506;2006
9755;2006;1411;2006
2541;2006;4203;2006
2591;2006;2458;2006
3607;2006;3958;2006
7664;2006;4587;2006
2319;2006;1662;2006
3280;2006;7364;2006
5518;2006;2614;2006
9001;2006;3002;2006
0182;2006;21549;2006
9382;2006;8573;2006
2486;2006;76316;2006
0115;2006;1436;2006
7728;2006;3695;2006
5051;2006;7174;2006
4428;2006;8779;2006
4002;2006;12574;2006
2049;2006;1213;2006
7973;2006;14698;2006
9578;2006;4023;2006
8586;2006;1193;2006
4661;2006;9282;2006
4512;2006;2813;2006
5236;2006;4407;2006
2874;2006;3454;2006
4320;2006;982;2006
5664;2006;3742;2006
5875;2006;1288;2006
6534;2006;1215;2006
1913;2006;26359;2006
6014;2006;20082;2006
0747;2006;4017;2006
2225;2006;4977;2006
7615;2006;2454;2006
8087;2006;4126;2006
8456;2006;3249;2006
4414;2006;3120;2006
2853;2006;14892;2006
7824;2006;1160;2006
5286;2006;3263;2006
9515;2006;7425;2006
3289;2006;39085;2006
6742;2006;3273;2006
7230;2006;17910;2006
0578;2006;1320;2006
5096;2006;8703;2006
6641;2006;54092;2006
3865;2006;2693;2006
4281;2006;1765;2006
4751;2006;3630;2006
6236;2006;6251;2006
2781;2006;15554;2006
7676;2006;32207;2006
1822;2006;660;2006
7327;2006;13497;2006
4887;2006;17556;2006
4082;2006;3782;2006
0046;2006;1671;2006
5123;2006;5635;2006
1554;2006;640;2006
5287;2006;1238;2006
0941;2006;1613;2006
1640;2006;6066;2006
5597;2006;4947;2006
9058;2006;994;2006
9686;2006;5571;2006
3320;2006;5399;2006
5012;2006;156885;2006
4633;2006;3689;2006
4190;2006;2329;2006
0939;2006;159;2006
0182;2006;802;2006
9823;2006;10897;2006
5485;2006;595;2006
1428;2006;1523;2006
8493;2006;472;2006
8315;2006;1200;2006
4737;2006;2499;2006
6445;2006;8532;2006
1366;2006;38091;2006
8002;2006;16704;2006
6581;2006;6000;2006
1853;2006;8106;2006
8852;2006;3776;2006
8297;2006;15895;2006
3024;2006;3512;2006
2212;2006;425;2006
5734;2006;1474;2006
6057;2006;4853;2006
6122;2006;1847;2006
8952;2006;1531;2006
4964;2006;11512;2006
0359;2006;2721;2006
5120;2006;1729;2006
5686;2006;2716;2006
7841;2006;1827;2006
1424;2006;2177;2006
2156;2006;3008;2006
5505;2006;2772;2006
5861;2006;1920;2006
6187;2006;1721;2006
0882;2006;1884;2006
3808;2006;1887;2006
8297;2006;1597;2006
4282;2006;5006;2006
2172;2006;1734;2006
0869;2006;1273;2006
0591;2006;1202;2006
0978;2006;1623;2006
9836;2006;20184;2006
2658;2006;20834;2006
5297;2006;1859;2006
0911;2006;593;2006
0033;2006;1074;2006
5676;2006;293;2006
6029;2006;1921;2006
8956;2006;4631;2006
4517;2006;2345;2006
1632;2006;4749;2006
4298;2006;106896;2006
3387;2006;2447;2006
6054;2006;5784;2006
8706;2006;882;2006
8088;2006;3711;2006
5635;2006;981;2006
5459;2006;4569;2006
1676;2006;1230;2006
9142;2006;3194;2006
5744;2006;4162;2006
6447;2006;1666;2006
6322;2006;878;2006
8477;2006;3145;2006
0374;2006;5070;2006
2907;2006;1783;2006
9683;2006;6023;2006
5769;2006;5309;2006
4110;2006;2029;2006
9150;2006;2401;2006
8891;2006;2287;2006
8237;2006;1380;2006
1950;2006;1294;2006
2211;2006;15648;2006
9558;2006;1667;2006
0306;2006;3586;2006
7859;2006;7570;2006
6785;2006;2111;2006
3737;2006;1720;2006
1734;2006;2896;2006
8083;2006;1490;2006
1023;2006;2266;2006
4203;2006;2860;2006
9421;2006;2421;2006
4293;2006;1001;2006
6924;2006;966;2006
5404;2006;3542;2006
6168;2006;8113;2006
9300;2006;13085;2006
1400;2006;1956;2006
6834;2006;3072;2006
7096;2006;8596;2006
5055;2006;1118;2006
3110;2006;3525;2006
5591;2006;8080;2006
6051;2006;2225;2006
0051;2006;624;2006
5258;2006;8110;2006
2792;2006;1188;2006
7346;2006;2140;2006
5355;2006;8472;2006
9412;2006;5887;2006
3305;2006;15883;2006
7309;2006;406;2006
6910;2006;7846;2006
4944;2006;2963;2006
4516;2006;2573;2006
9623;2006;4057;2006
3071;2006;2284;2006
7710;2006;12891;2006
5289;2006;4742;2006
2267;2006;59751;2006
1430;2006;4156;2006
3306;2006;690;2006
3852;2006;2712;2006
9030;2006;2767;2006
9761;2006;276;2006
6446;2006;643;2006
9409;2006;673;2006
8182;2006;4501;2006
2929;2006;993;2006
6240;2006;2809;2006
6212;2006;1691;2006
5461;2006;705;2006
3087;2006;1147;2006
4912;2006;288;2006
8422;2006;967;2006
2697;2006;1212;2006
2532;2006;6819;2006
6506;2006;478;2006
3665;2006;470;2006
3718;2006;359;2006
6126;2006;198;2006
9475;2006;1595;2006
7540;2006;501;2006
3896;2006;351;2006
9223;2006;750;2006
5447;2006;3356;2006
6889;2006;523;2006
9624;2006;11626;2006
6211;2006;1571;2006
6853;2006;2752;2006
3898;2006;681;2006
8523;2006;1485;2006
7404;2006;370;2006
0180;2006;2605;2006
3338;2006;639;2006
2258;2006;3808;2006
0838;2006;111;2006
8517;2006;149;2006
8922;2006;567;2006
7472;2006;392;2006
7224;2006;978;2006
0398;2006;1238;2006
5865;2006;322;2006
7570;2006;766;2006
9405;2006;3952;2006
7279;2006;373;2006
6424;2006;270;2006
6888;2006;442;2006
3138;2006;193;2006
7761;2006;2381;2006
9304;2006;1307;2006
3815;2006;2116;2006
9813;2006;1302;2006
3948;2006;5639;2006
9469;2006;2638;2006
4995;2006;2201;2006
6696;2006;570;2006
0132;2006;795;2006
9787;2006;374;2006
4530;2006;45583;2006
7902;2006;1318;2006
7231;2006;612;2006
5551;2006;838;2006
5958;2006;543;2006
3505;2006;2851;2006
7281;2006;1095;2006
3838;2006;1949;2006
9796;2006;1329;2006
3291;2006;937;2006
7914;2006;1320;2006
3047;2006;1253;2006
5095;2006;249;2006
1839;2006;274;2006
7526;2006;236;2006
1123;2006;1587;2006
4997;2006;1669;2006
6399;2006;36782;2006
1659;2006;4121;2006
2338;2006;16794;2006
2154;2006;937;2006
6490;2006;44714;2006
3109;2006;1439;2006
5918;2006;17941;2006
1985;2006;1602;2006
7970;2006;12652;2006
7794;2006;3017;2006
0602;2006;16368;2006
4966;2006;483;2006
9371;2006;9892;2006
9174;2006;3583;2006
3730;2006;373;2006
5071;2006;7285;2006
3617;2006;322;2006
2891;2006;4777;2006
3793;2006;787;2006
1894;2006;8376;2006
8029;2006;7016;2006
5653;2006;7763;2006
2923;2006;833;2006
8793;2006;9912;2006
0752;2006;1095;2006
7448;2006;478;2006
3187;2006;32235;2006
8474;2006;1304;2006
3668;2006;628;2006
3770;2006;51257;2006
7493;2006;1534;2006
9854;2006;20891;2006
5491;2006;3502;2006
1861;2006;10228;2006
6584;2006;532;2006
1449;2006;10934;2006
4749;2006;20182;2006
6994;2006;5161;2006
0431;2006;1938;2006
0651;2006;5698;2006
8998;2006;22790;2006
1242;2006;1211;2006
1896;2006;758;2006
4028;2006;19317;2006
4716;2006;75726;2006
4509;2006;425;2006
7531;2006;5066;2006
7632;2006;11643;2006
9850;2006;917;2006
5174;2006;1446;2006
7166;2006;862;2006
9991;2006;6242;2006
6535;2006;792;2006
3561;2006;5976;2006
1913;2006;35328;2006
0667;2006;2534;2006
2684;2006;18733;2006
5712;2006;9687;2006
8416;2006;1397;2006
1399;2006;1992;2006
4257;2006;4998;2006
1250;2006;8507;2006
9352;2006;36637;2006
3928;2006;1912;2006
5872;2006;2528;2006
0842;2006;7453;2006
3969;2006;1314;2006
3249;2006;1897;2006
0960;2006;1621;2006
6413;2006;41719;2006
1598;2006;6591;2006
0164;2006;18760;2006
8028;2006;11497;2006
7577;2006;234;2006
9201;2006;728;2006
7449;2006;2262;2006
5727;2006;50980;2006
5195;2006;1051;2006
4305;2006;7707;2006
5617;2006;8185;2006
3835;2006;747;2006
8373;2006;223;2006
0854;2006;380;2006
7161;2006;14175;2006
4072;2006;307;2006
2646;2006;10821;2006
5724;2006;989;2006
3502;2006;766;2006
3371;2006;2586029;2006
5016;2006;1429;2006
4283;2006;6234;2006
3047;2006;914;2006
4501;2006;1476;2006
5287;2006;2526;2006
9058;2006;16075;2006
3567;2006;3673;2006
8935;2006;3603;2006
6619;2006;3348;2006
1595;2006;174;2006
8619;2006;9125;2006
2313;2006;9047;2006
6439;2006;51211;2006
2670;2006;5007;2006
7793;2006;1029;2006
9863;2006;5210;2006
9371;2006;339;2006
7180;2006;304;2006
9132;2006;13413;2006
2312;2006;50072;2006
9435;2006;3822;2006
5367;2006;208;2006
0352;2006;14979;2006
5343;2006;11472;2006
9515;2006;35167;2006
0869;2006;36938;2006
9981;2006;36668;2006
6431;2006;11793;2006
8908;2006;58717;2006
9405;2006;26577;2006
1088;2006;61858;2006
4003;2006;1637;2006
3827;2006;680;2006
7045;2006;4438;2006
1569;2006;33451;2006
3114;2006;10661;2006
9130;2006;34123;2006
1690;2006;36017;2006
1985;2006;21002;2006
0971;2006;9509;2006
6174;2006;112967;2006
2423;2006;4147;2006
1331;2006;2988;2006
1345;2006;18723;2006
1013;2006;6044;2006
2215;2006;3895;2006
1023;2006;13527;2006
1563;2006;3185;2006
9808;2006;13419;2006
3661;2006;1265;2006
4927;2006;4382;2006
1656;2006;1067;2006
5036;2006;1169;2006
3721;2006;17574;2006
6307;2006;8268;2006
6104;2006;6702;2006
9962;2006;7300;2006
4710;2006;22437;2006
8186;2006;7130;2006
4897;2006;3270;2006
7401;2006;2930;2006
5876;2006;40545;2006
7454;2006;689;2006
3188;2006;286;2006
4662;2006;1885;2006
9544;2006;27772;2006
7097;2006;2967;2006
7257;2006;4324;2006
8136;2006;20312;2006
2368;2006;5336;2006
5217;2006;5874;2006
2942;2006;2419;2006
2398;2006;7635;2006
8889;2006;4431;2006
6376;2006;2578;2006
0535;2006;789;2006
1885;2006;8926;2006
7934;2006;2762;2006
4235;2006;1814;2006
3769;2006;665;2006
2708;2006;3071;2006
4194;2006;32965;2006
3207;2006;3502;2006
8819;2006;893;2006
9148;2006;3865;2006
4500;2006;4930;2006
0552;2006;22638;2006
0302;2006;8495;2006
4090;2006;7390;2006
5176;2006;1809;2006
6784;2006;955;2006
9886;2006;814;2006
3837;2006;1674;2006
5646;2006;4024;2006
7328;2006;588;2006
9996;2006;20505;2006
0805;2006;551;2006
9774;2006;9204;2006
1111;2006;3056;2006
1479;2006;1336;2006
8443;2006;47724;2006
8358;2006;2198;2006
7370;2006;1241;2006
5444;2006;2337;2006
3725;2006;1676;2006
0140;2006;12125;2006
7118;2006;12844;2006
5710;2006;3148;2006
6362;2006;7873;2006
1606;2006;1591;2006
3072;2006;3045;2006
8803;2006;1576;2006
1464;2006;1244;2006
9312;2006;3129;2006
3244;2006;5101;2006
3812;2006;4683;2006
4058;2006;2528;2006
6809;2006;4461;2006
8006;2006;13165;2006
8043;2006;1226;2006
6133;2006;5376;2006
5828;2006;994;2006
3317;2006;7440;2006
2138;2006;399;2006
6287;2006;2157;2006
7054;2006;3151;2006
7104;2006;3466;2006
0266;2006;999;2006
1081;2006;1570;2006
0189;2006;1937;2006
1030;2006;6228;2006
5978;2006;1571;2006
5003;2006;2697;2006
3937;2006;3005;2006
6802;2006;844;2006
2210;2006;2589;2006
1176;2006;26185;2006
5679;2006;2600;2006
5901;2006;4874;2006
6444;2006;549;2006
9926;2006;1351;2006
0598;2006;4433;2006
3218;2006;1889;2006
6404;2006;1588;2006
2762;2006;2974;2006
5375;2006;1006;2006
6558;2006;1773;2006
6432;2006;20352;2006
2083;2006;850;2006
8354;2006;2240;2006
0226;2006;1270;2006
7672;2006;2664;2006
0989;2006;1765;2006
8618;2006;418;2006
0556;2006;1421;2006
3172;2006;7357;2006
1268;2006;4886;2006
0079;2006;5323;2006
8485;2006;52672;2006
4328;2006;2328;2006
7783;2006;5382;2006
6782;2006;1764;2006
0404;2006;5790;2006
9577;2006;5885;2006
0171;2006;1791;2006
3014;2006;5201;2006
4646;2006;8855;2006
3895;2006;1701;2006
6030;2006;19094;2006
3160;2006;6673;2006
2291;2006;8011;2006
3570;2006;14780;2006
4855;2006;20242;2006
5584;2006;10033;2006
9044;2006;8339;2006
0685;2006;77042;2006
0496;2006;1632;2006
3231;2006;1165;2006
7738;2006;1518;2006
3439;2006;4044;2006
9503;2006;21450;2006
2077;2006;5158;2006
7400;2006;7870;2006
6503;2006;485;2006
4670;2006;1368;2006
6894;2006;7083;2006
7843;2006;2152;2006
7113;2006;862;2006
6781;2006;1512;2006
9244;2006;4936;2006
8580;2006;8532;2006
1338;2006;726;2006
1131;2006;2319;2006
9275;2006;652;2006
4234;2006;3621;2006
0500;2006;6942;2006
9776;2006;9716;2006
5919;2006;796;2006
5891;2006;1202;2006
5573;2006;13741;2006
6330;2006;10458;2006
6723;2006;38953;2006
2069;2006;40109;2006
3040;2006;2474;2006
0960;2006;3289;2006
7166;2006;25451;2006
8339;2006;18386;2006
6084;2006;10671;2006
0206;2006;2638;2006
4954;2006;2488;2006
4292;2006;11562;2006
9339;2006;4567;2006
4929;2006;3051;2006
3783;2006;6498;2006
2451;2006;1572;2006
9126;2006;7919;2006
2092;2006;1558;2006
7437;2006;1678;2006
8922;2006;1773;2006
6402;2006;1403;2006
2195;2006;7312;2006
4795;2006;2464;2006
5286;2006;3517;2006
0384;2006;3691;2006
7120;2006;950;2006
0055;2006;538;2006
1507;2006;1876;2006
2174;2006;13139;2006
1790;2006;17201;2006
5033;2006;1014;2006
6099;2006;12405;2006
7121;2006;20048;2006
7191;2006;1005;2006
1312;2006;1951;2006
7852;2006;11759;2006
8351;2006;13965;2006
9201;2006;32238;2006
7297;2006;2668;2006
9668;2006;4683;2006
5227;2006;2423;2006
2007;2006;13919;2006
1747;2006;22722;2006
7653;2006;7350;2006
2119;2006;7254;2006
4301;2006;12827;2006
6990;2006;12723;2006
3939;2006;1021;2006
6551;2006;16144;2006
5233;2006;6346;2006
4196;2006;1053;2006
9014;2006;2757;2006
5469;2006;5649;2006
8249;2006;10493;2006
9697;2006;5794;2006
7200;2006;3761;2006
7939;2006;7583;2006
0481;2006;6567;2006
7016;2006;6137;2006
8972;2006;7970;2006
2218;2006;2895;2006
0381;2006;5703;2006
1195;2006;2737;2006
9610;2006;1950;2006
6568;2006;846;2006
8169;2006;2663;2006
8340;2006;62005;2006
4626;2006;1481;2006
9401;2006;1971;2006
0788;2006;1898;2006
3059;2006;2415;2006
5858;2006;1108;2006
8038;2006;1519;2006
3398;2006;1482;2006
3966;2006;1013;2006
2586;2006;1606;2006
7795;2006;1428;2006
4357;2006;2663;2006
5788;2006;1589;2006
7176;2006;2162;2006
8035;2006;3479;2006
3530;2006;4176;2006
6637;2006;2611;2006
2751;2006;2757;2006
8594;2006;4221;2006
1964;2006;2714;2006
9049;2006;2136;2006
9892;2006;3838;2006
7656;2006;3542;2006
3075;2006;1515;2006
4545;2006;1146;2006
5738;2006;1193;2006
4921;2006;1901;2006
8164;2006;2545;2006
7871;2006;544;2006
0975;2006;5432;2006
3809;2006;3841;2006
8753;2006;1899;2006
2035;2006;4116;2006
1636;2006;1816;2006
9367;2006;1718;2006
5073;2006;13262;2006
3315;2006;5154;2006
2987;2006;4172;2006
7490;2006;2595;2006
7988;2006;2064;2006
0009;2006;1860;2006
8327;2006;1517;2006
1537;2006;2136;2006
8130;2006;631;2006
2535;2006;3109;2006
9153;2006;2624;2006
0289;2006;2420;2006
7611;2006;1406;2006
6384;2006;1345;2006
6761;2006;5360;2006
3386;2006;9820;2006
7653;2006;3134;2006
9590;2006;3274;2006
8833;2006;2317;2006
2955;2006;2261;2006
3043;2006;894;2006
1870;2006;3683;2006
1840;2006;1251;2006
0421;2006;880;2006
2242;2006;3368;2006
3108;2006;4022;2006
2430;2006;1019;2006
3786;2006;11347;2006
0134;2006;4298;2006
2466;2006;670;2006
1266;2006;4021;2006
9987;2006;6334;2006
4911;2006;1581;2006
1549;2006;3553;2006
9905;2006;3019;2006
7986;2006;609;2006
7117;2006;52557;2006
9116;2006;63810;2006
8316;2006;7339;2006
4666;2006;6352;2006
7061;2006;37053;2006
4675;2006;27130;2006
9609;2006;9439;2006
3465;2006;27385;2006
5305;2006;10597;2006
6905;2006;15663;2006
2212;2006;37354;2006
0051;2006;12295;2006
3276;2006;5417;2006
0628;2006;7111;2006
6495;2006;2144;2006
2082;2006;21332;2006
8106;2006;49732;2006
3844;2006;3305;2006
8488;2006;8044;2006
1880;2006;13324;2006
5268;2006;19087;2006
5932;2006;3820;2006
1306;2006;80631;2006
8134;2006;66322;2006
8110;2006;6873;2006
2293;2006;19173;2006
3311;2006;12554;2006
7406;2006;6790;2006
4493;2006;1799;2006
2191;2006;12706;2006
0814;2006;15746;2006
3698;2006;31451;2006
0503;2006;15846;2006
6226;2006;108144;2006
6389;2006;29735;2006
8802;2006;18225;2006
1402;2006;18567;2006
0768;2006;4548;2006
0191;2006;6028;2006
7109;2006;1710;2006
6414;2006;58657;2006
2685;2006;7084;2006
5697;2006;30250;2006
8362;2006;13485;2006
8121;2006;36967;2006
2511;2006;7910;2006
7043;2006;13119;2006
2471;2006;33331;2006
9545;2006;971251;2006
1853;2006;33244;2006
0216;2006;23111;2006
6707;2006;14631;2006
3354;2006;12882;2006
5394;2006;6011;2006
2000;2006;20572;2006
0140;2006;13626;2006
7555;2006;40155;2006
4222;2006;25566;2006
6048;2006;57233;2006
4369;2006;82066;2006
2559;2006;10543;2006
4250;2006;25224;2006
1555;2006;38626;2006
8941;2006;55382;2006
3315;2006;7317;2006
0144;2006;10743;2006
1055;2006;48343;2006
1724;2006;26540;2006
9480;2006;3435;2006
6170;2006;9559;2006
1482;2006;8899;2006
7540;2006;28234;2006
9047;2006;32628;2006
9318;2006;19178;2006
3734;2006;5940;2006
8774;2006;15077;2006
5003;2006;5433;2006
4432;2006;3144;2006
6436;2006;34296;2006
9556;2006;16900;2006
6517;2006;7864;2006
4994;2006;17071;2006
5396;2006;46916;2006
6328;2006;88454;2006
2070;2006;3664;2006
3794;2006;20527;2006
8811;2006;28865;2006
9036;2006;4594;2006
2021;2006;22560;2006
9790;2006;11306;2006
2131;2006;9200;2006
0716;2006;5900;2006
8723;2006;3728;2006
0831;2006;4267;2006
6485;2006;2133;2006
1483;2006;1974;2006
7390;2006;23146;2006
5931;2006;11125;2006
3890;2006;7725;2006
5500;2006;54954;2006
8043;2006;3311;2006
2951;2006;4681;2006
1573;2006;4070;2006
7775;2006;2536;2006
8073;2006;395;2006
3340;2006;2639;2006
0621;2006;5344;2006
3488;2006;1106;2006
2827;2006;3705;2006
4879;2006;2374;2006
7239;2006;1613;2006
0937;2006;1999;2006
0746;2006;986;2006
3663;2006;1175;2006
6888;2006;2237;2006
1700;2006;1711;2006
3430;2006;10179;2006
7261;2006;2478;2006
6074;2006;587;2006
6024;2006;2462;2006
3106;2006;2969;2006
6327;2006;1453;2006
3990;2006;1785;2006
5501;2006;3307;2006
7042;2006;3418;2006
3895;2006;5308;2006
0394;2006;4100;2006
3349;2006;3669;2006
2631;2006;817;2006
1148;2006;8306;2006
1256;2006;1943;2006
8730;2006;1900;2006
0921;2006;2826;2006
2956;2006;1678;2006
2933;2006;3684;2006
5111;2006;6412;2006
0681;2006;1233;2006
7454;2006;3253;2006
7195;2006;1726;2006
6840;2006;1968;2006
9019;2006;12426;2006
9585;2006;8130;2006
3734;2006;538;2006
0056;2006;4069;2006
2488;2006;3468;2006
9725;2006;10331;2006
4461;2006;2314;2006
2382;2006;1440;2006
9536;2006;7879;2006
0089;2006;3055;2006
6309;2006;5335;2006
5569;2006;888;2006
6654;2006;10204;2006
4756;2006;8484;2006
4120;2006;1341;2006
4535;2006;1720;2006
2983;2006;5218;2006
6005;2006;4426;2006
6764;2006;1806;2006
6255;2006;1856;2006
2187;2006;674;2006
4254;2006;2635;2006
1398;2006;368;2006
2415;2006;2471;2006
7281;2006;1573;2006
9911;2006;2883;2006
8428;2006;3495;2006
9311;2006;1863;2006
9083;2006;2378;2006
4554;2006;2350;2006
4116;2006;873;2006
8085;2006;3463;2006
9594;2006;831;2006
5865;2006;1241;2006
9153;2006;4743;2006
4659;2006;2570;2006
8989;2006;858;2006
5378;2006;1514;2006
1930;2006;1820;2006
9333;2006;1539;2006
0383;2006;1825;2006
4602;2006;892;2006
7449;2006;750;2006
1046;2006;4379;2006
4343;2006;1415;2006
7802;2006;2194;2006
4761;2006;1231;2006
1039;2006;1405;2006
0250;2006;987;2006
4994;2006;7330;2006
1867;2006;2797;2006
2135;2006;12002;2006
1034;2006;586;2006
6968;2006;3527;2006
6733;2006;3222;2006
3678;2006;1613;2006
7662;2006;1626;2006
4115;2006;2594;2006
2061;2006;1576;2006
5685;2006;2256;2006
0416;2006;1375;2006
2199;2006;586;2006
0025;2006;1151;2006
9641;2006;905;2006
9136;2006;2952;2006
1252;2006;1462;2006
1566;2006;2580;2006
0366;2006;994;2006
9992;2006;1922;2006
4183;2006;4025;2006
2100;2006;1313;2006
4968;2006;2896;2006
7664;2006;20061;2006
2302;2006;6317;2006
8222;2006;1122;2006
4817;2006;6762;2006
7001;2006;5437;2006
7655;2006;30988;2006
7339;2006;1707;2006
4528;2006;5605;2006
0048;2006;2307;2006
1206;2006;967;2006
6829;2006;2404;2006
9298;2006;16309;2006
8494;2006;50490;2006
7467;2006;900;2006
4087;2006;5428;2006
9179;2006;5496;2006
5398;2006;2672;2006
4328;2006;2885;2006
9093;2006;1523;2006
5769;2006;7009;2006
3034;2006;15560;2006
1530;2006;536;2006
7503;2006;1142;2006
0263;2006;20966;2006
8221;2006;1227;2006
5691;2006;1499;2006
7095;2006;4760;2006
5545;2006;2015;2006
6340;2006;1971;2006
4332;2006;7868;2006
0593;2006;2412;2006
0629;2006;667;2006
5851;2006;13307;2006
2937;2006;2792;2006
4074;2006;1267;2006
5311;2006;53409;2006
6166;2006;2015;2006
7508;2006;4971;2006
4579;2006;2564;2006
9681;2006;2387;2006
3734;2006;1307;2006
1577;2006;3813;2006
1281;2006;743;2006
7461;2006;913;2006
9342;2006;3253;2006
7318;2006;2531;2006
9664;2006;697;2006
6631;2006;589;2006
5727;2006;37000;2006
5341;2006;1313;2006
6874;2006;13015;2006
8817;2006;837;2006
8506;2006;1283;2006
0750;2006;4935;2006
6125;2006;11613;2006
9883;2006;1385;2006
7006;2006;1155;2006
3430;2006;1053;2006
7442;2006;1102;2006
4538;2006;1841;2006
2220;2006;912;2006
6759;2006;1506;2006
2415;2006;1077;2006
2958;2006;821;2006
6714;2006;5663;2006
3331;2006;21037;2006
6624;2006;2904;2006
1887;2006;1936;2006
4423;2006;2223;2006
2510;2006;2497;2006
8816;2006;9242;2006
1614;2006;12010;2006
1659;2006;602;2006
6911;2006;1671;2006
2247;2006;6974;2006
1938;2006;729;2006
9354;2006;46154;2006
6624;2006;23985;2006
7132;2006;2118;2006
2426;2006;2266;2006
7239;2006;6678;2006
6214;2006;3900;2006
1008;2006;1549;2006
5503;2006;1257;2006
6115;2006;736;2006
1160;2006;5454;2006
9190;2006;34575;2006
2980;2006;4046;2006
0374;2006;10343;2006
8138;2006;1796;2006
9994;2006;1033;2006
1584;2006;712;2006
4697;2006;1204;2006
7654;2006;1565;2006
2380;2006;2867;2006
0802;2006;5332;2006
1653;2006;2526;2006
1891;2006;23998;2006
6531;2006;3918;2006
2433;2006;2288;2006
6706;2006;2014;2006
0409;2006;921;2006
9350;2006;2506;2006
9221;2006;1290;2006
1579;2006;7423;2006
5575;2006;1752;2006
3133;2006;9270;2006
5882;2006;1755;2006
6679;2006;383;2006
1812;2006;875;2006
6883;2006;882;2006
6570;2006;633;2006
2843;2006;12624;2006
7851;2006;1979;2006
8518;2006;136092;2006
5936;2006;639;2006
3872;2006;6645;2006
9015;2006;3835;2006
0518;2006;4550;2006
0237;2006;2509;2006
1713;2006;9738;2006
2807;2006;966;2006
0544;2006;709;2006
5135;2006;1672;2006
9585;2006;1761;2006
3605;2006;3127;2006
6091;2006;761;2006
1433;2006;2743;2006
3297;2006;8709;2006
9173;2006;493;2006
1563;2006;9836;2006
7442;2006;2805;2006
1985;2006;7063;2006
0006;2006;31462;2006
7560;2006;5091;2006
8948;2006;49685;2006
8627;2006;1518;2006
2296;2006;373;2006
0330;2006;3811;2006
0424;2006;1420;2006
5692;2006;10284;2006
1133;2006;3412;2006
5173;2006;829;2006
2800;2006;1024;2006
2711;2006;8047;2006
4617;2006;1716;2006
0132;2006;1236;2006
0329;2006;2314;2006
2161;2006;558;2006
8260;2006;4090;2006
4361;2006;1691;2006
6021;2006;380;2006
3214;2006;8806;2006
7850;2006;1801;2006
5427;2006;3109;2006
5175;2006;8410;2006
0220;2006;12795;2006
2231;2006;393;2006
5166;2006;1456;2006
9550;2006;812;2006
4330;2006;397;2006
9283;2006;1213;2006
0844;2006;39937;2006
8519;2006;3694;2006
5883;2006;655;2006
4866;2006;1777;2006
1085;2006;763;2006
5930;2006;330;2006
1209;2006;1095;2006
3194;2006;1379;2006
4431;2006;175;2006
9029;2006;887;2006
7260;2006;695;2006
9013;2006;1073;2006
6989;2006;261;2006
6574;2006;945;2006
9597;2006;5336;2006
6392;2006;666;2006
6152;2006;264;2006
5744;2006;536;2006
7866;2006;90;2006
7974;2006;5283;2006
0314;2006;477;2006
8839;2006;354;2006
4488;2006;5782;2006
0985;2006;1100;2006
3193;2006;182;2006
2943;2006;1138;2006
7993;2006;11003;2006
1647;2006;1752;2006
3454;2006;1057;2006
4897;2006;327;2006
4473;2006;3383;2006
6043;2006;279;2006
9434;2006;995;2006
0194;2006;1412;2006
2093;2006;265;2006
9500;2006;1035;2006
6437;2006;449;2006
8595;2006;418;2006
7066;2006;692;2006
1491;2006;331;2006
4034;2006;2263;2006
2376;2006;603;2006
1065;2006;2054;2006
9049;2006;70925;2006
4692;2006;1726;2006
8646;2006;5835;2006
4411;2006;976;2006
9094;2006;3815;2006
5330;2006;1546;2006
2077;2006;433;2006
4114;2006;2723;2006
2798;2006;1522;2006
0037;2006;621;2006
6036;2006;1061;2006
8979;2006;583;2006
9041;2006;463;2006
3594;2006;1058;2006
1663;2006;729;2006
9992;2006;1952;2006
3769;2006;1258;2006
5870;2006;1284;2006
1546;2006;757;2006
1670;2006;2162;2006
7946;2006;4390;2006
0627;2006;1200;2006
8482;2006;1324;2006
4356;2006;3329;2006
4565;2006;1030;2006
6545;2006;531;2006
6735;2006;7864;2006
5962;2006;1067;2006
9925;2006;2985;2006
0010;2006;716;2006
3068;2006;701;2006
1002;2006;750;2006
6186;2006;471;2006
5454;2006;1566;2006
9611;2006;186;2006
9078;2006;1664;2006
7609;2006;3963;2006
0984;2006;134;2006
4917;2006;1732;2006
2122;2006;564;2006
8114;2006;1288;2006
9441;2006;408;2006
6989;2006;129;2006
0364;2006;2523;2006
6763;2006;2059;2006
3524;2006;610;2006
0024;2006;2899;2006
3816;2006;2689;2006
3409;2006;440;2006
9274;2006;25042;2006
4575;2006;6776;2006
6549;2006;341;2006
9561;2006;2986;2006
4430;2006;6058;2006
1994;2006;626;2006
9897;2006;180;2006
2152;2006;432;2006
7407;2006;952;2006
5243;2006;640;2006
1945;2006;957;2006
5965;2006;11299;2006
9198;2006;1917;2006
1359;2006;920;2006
1813;2006;11178;2006
8534;2006;2499;2006
0438;2006;7370;2006
8746;2006;2146;2006
4243;2006;7453;2006
7370;2006;1870;2006
1590;2006;541;2006
1758;2006;7236;2006
6807;2006;1262;2006
6850;2006;2386;2006
7942;2006;1632;2006
9393;2006;2663;2006
3629;2006;1907;2006
7366;2006;5326;2006
0132;2006;2256;2006
6322;2006;3465;2006
8131;2006;2464;2006
1134;2006;4164;2006
9438;2006;783;2006
3029;2006;1529;2006
7720;2006;367;2006
0022;2006;22333;2006
0451;2006;4952;2006
5937;2006;1155;2006
5650;2006;8005;2006
7268;2006;3436;2006
4475;2006;8755;2006
0112;2006;4907;2006
1503;2006;6836;2006
0981;2006;1671;2006
4853;2006;297;2006
1093;2006;13955;2006
7984;2006;622;2006
2666;2006;23997;2006
3619;2006;9373;2006
2024;2006;5349;2006
6259;2006;15127;2006
8397;2006;52940;2006
2171;2006;1664;2006
3803;2006;2750;2006
9730;2006;8950;2006
1357;2006;1476;2006
7566;2006;1179;2006
6581;2006;15505;2006
4015;2006;435;2006
5271;2006;3653;2006
9582;2006;1182;2006
9864;2006;369;2006
9116;2006;2861;2006
4127;2006;3847;2006
9893;2006;2091;2006
0820;2006;722;2006
5745;2006;895;2006
0255;2006;1459;2006
8181;2006;9860;2006
0216;2006;13426;2006
8796;2006;1341;2006
0955;2006;2000;2006
9837;2006;5626;2006
7325;2006;303;2006
9611;2006;1653;2006
3095;2006;1766;2006
4722;2006;1681;2006
0704;2006;3103;2006
4992;2006;7631;2006
2629;2006;6344;2006
5008;2006;1075;2006
5743;2006;45314;2006
2571;2006;3227;2006
7619;2006;1845;2006
1938;2006;12670;2006
3622;2006;118547;2006
3462;2006;541;2006
0483;2006;7905;2006
5578;2006;1352;2006
7711;2006;551;2006
0403;2006;5554;2006
0562;2006;1009;2006
7944;2006;3215;2006
8039;2006;304;2006
4191;2006;311;2006
3975;2006;1912;2006
3410;2006;3981;2006
8876;2006;596;2006
0140;2006;17126;2006
6672;2006;2778;2006
9178;2006;3146;2006
1123;2006;857;2006
3297;2006;437;2006
1822;2006;798;2006
3302;2006;2649;2006
5443;2006;2307;2006
3917;2006;1272;2006
7168;2006;1205;2006
9760;2006;10472;2006
2605;2006;919;2006
5066;2006;401;2006
0774;2006;4978;2006
3819;2006;123;2006
9125;2006;1476;2006
8540;2006;727;2006
5643;2006;732;2006
5382;2006;1424;2006
6686;2006;1075;2006
0150;2006;6395;2006
0003;2006;3091;2006
0348;2006;5860;2006
8862;2006;3995;2006
0706;2006;453;2006
9854;2006;2039;2006
6780;2006;1029;2006
5667;2006;52680;2006
4612;2006;404;2006
7215;2006;945;2006
2952;2006;284;2006
0466;2006;548;2006
2342;2006;3036;2006
3910;2006;4626;2006
8472;2006;411;2006
9639;2006;1904;2006
6920;2006;1597;2006
5326;2006;1071;2006
1405;2006;5888;2006
0892;2006;433;2006
0890;2006;23194;2006
1473;2006;1092;2006
4882;2006;1956;2006
9899;2006;1178;2006
5592;2006;376;2006
4704;2006;1622;2006
6462;2006;3015;2006
8874;2006;1327;2006
5007;2006;9502;2006
5630;2006;463;2006
3712;2006;1459;2006
9367;2006;36146;2006
6155;2006;730;2006
1288;2006;402;2006
1795;2006;767;2006
7343;2006;4573;2006
4635;2006;1015;2006
2860;2006;164;2006
2680;2006;93;2006
9988;2006;819;2006
2123;2006;2538;2006
1033;2006;2180;2006
4460;2006;4079;2006
8748;2006;23282;2006
7796;2006;4502;2006
6285;2006;1453;2006
7780;2006;1065;2006
1930;2006;1146;2006
0201;2006;350;2006
0312;2006;525;2006
4826;2006;1641;2006
9215;2006;1131;2006
9473;2006;958;2006
1679;2006;2342;2006
1258;2006;1087;2006
4451;2006;901;2006
2985;2006;1456;2006
1630;2006;4070;2006
2198;2006;1884;2006
6994;2006;2357;2006
0059;2006;1383;2006
0066;2006;1544;2006
8107;2006;134;2006
2314;2006;309;2006
2691;2006;1109;2006
6714;2006;252;2006
7311;2006;11072;2006
4080;2006;1002;2006
6994;2006;18031;2006
7078;2006;1797;2006
8274;2006;2430;2006
0004;2006;5047;2006
2546;2006;3596;2006
5706;2006;1164;2006
8990;2006;482;2006
9592;2006;4248;2006
1177;2006;3136;2006
5280;2006;1960;2006
2887;2006;1071;2006
6763;2006;3961;2006
1148;2006;1498;2006
8822;2006;1477;2006
4397;2006;511;2006
2727;2006;1773;2006
3451;2006;37153;2006
1285;2006;1017;2006
7323;2006;2435;2006
2301;2006;1419;2006
3673;2006;141;2006
0991;2006;168;2006
5994;2006;747;2006
9948;2006;2675;2006
6291;2006;8102;2006
2797;2006;1757;2006
8100;2006;1421;2006
1117;2006;49932;2006
6986;2006;617;2006
7216;2006;2443;2006
4253;2006;978;2006
6792;2006;6721;2006
2766;2006;2303;2006
0650;2006;566;2006
2234;2006;369;2006
5442;2006;654;2006
6192;2006;1784;2006
9573;2006;1092;2006
9074;2006;4059;2006
7934;2006;719;2006
8931;2006;586;2006
6946;2006;795;2006
9089;2006;2275;2006
4682;2006;466;2006
7725;2006;3265;2006
3232;2006;1573;2006
6806;2006;1608;2006
7549;2006;817;2006
5262;2006;1164;2006
7148;2006;803;2006
9461;2006;5373;2006
7729;2006;1863;2006
7654;2006;7187;2006
2663;2006;893;2006
5626;2006;815;2006
8725;2006;590;2006
7288;2006;684;2006
5076;2006;1291;2006
4209;2006;1092;2006
4271;2006;1919;2006
2000;2006;173;2006
2140;2006;645;2006
6234;2006;1189;2006
9189;2006;1498;2006
5679;2006;1737;2006
7629;2006;443;2006
2909;2006;476;2006
3143;2006;6567;2006
6630;2006;486;2006
8402;2006;690;2006
8848;2006;1385;2006
8180;2006;1911;2006
4006;2006;3586;2006
5151;2006;1249;2006
2809;2006;1506;2006
0790;2006;245;2006
1133;2006;2582;2006
0324;2006;140;2006
0357;2006;5596;2006
9604;2006;613;2006
8271;2006;2803;2006
0445;2006;921;2006
7348;2006;1268;2006
2695;2006;668;2006
8460;2006;238;2006
3717;2006;726;2006
0823;2006;1279;2006
4484;2006;668;2006
0509;2006;1078;2006
0482;2006;1139;2006
6525;2006;4869;2006
3294;2006;781;2006
2836;2006;459;2006
3656;2006;4857;2006
8688;2006;354;2006
2474;2006;2093;2006
3689;2006;2085;2006
8338;2006;1427;2006
9697;2006;885;2006
6342;2006;31161;2006
7316;2006;819;2006
0582;2006;1469;2006
7013;2006;5078;2006
5110;2006;1065;2006
6495;2006;2872;2006
4777;2006;3019;2006
7358;2006;2564;2006
7439;2006;1069;2006
0115;2006;2039;2006
5018;2006;13482;2006
6659;2006;6312;2006
6445;2006;2941;2006
9296;2006;3726;2006
8365;2006;8262;2006
8068;2006;2725;2006
0009;2006;5857;2006
7074;2006;1099;2006
0494;2006;4465;2006
3631;2006;1855;2006
9320;2006;2029;2006
4735;2006;1952;2006
7861;2006;1393;2006
4839;2006;1599;2006
4215;2006;1808;2006
4134;2006;191;2006
9166;2006;58273;2006
5121;2006;1749;2006
8518;2006;3996;2006
0933;2006;676;2006
2566;2006;153665;2006
4612;2006;4366;2006
1780;2006;428;2006
1530;2006;6254;2006
7874;2006;34625;2006
5385;2006;57182;2006
6980;2006;12680;2006
4798;2006;6475;2006
4110;2006;1189;2006
1262;2006;13394;2006
9409;2006;900;2006
0111;2006;3096;2006
2363;2006;17788;2006
7028;2006;900;2006
3899;2006;4287;2006
6447;2006;2807;2006
8824;2006;2805;2006
3969;2006;2185;2006
4523;2006;1984;2006
4475;2006;3684;2006
0557;2006;1232;2006
2295;2006;14387;2006
8797;2006;26432;2006
1945;2006;14912;2006
6222;2006;1217;2006
3583;2006;16386;2006
1599;2006;5931;2006
3054;2006;55465;2006
1368;2006;2181;2006
3592;2006;4018;2006
8631;2006;4782;2006
8123;2006;4964;2006
0124;2006;16956;2006
7661;2006;14406;2006
2461;2006;7277;2006
0817;2006;7919;2006
1883;2006;13526;2006
9910;2006;541;2006
3470;2006;1858;2006
5672;2006;2579;2006
7455;2006;3147;2006
0240;2006;21497;2006
8140;2006;16937;2006
8228;2006;10964;2006
3698;2006;67934;2006
8809;2006;97982;2006
3866;2006;318506;2006
3518;2006;93045;2006
6534;2006;2010;2006
2434;2006;53828;2006
9455;2006;10941;2006
3373;2006;56478;2006
9814;2006;10447;2006
9318;2006;31138;2006
1383;2006;14938;2006
4316;2006;17649;2006
1980;2006;13014;2006
1283;2006;18753;2006
9108;2006;5300;2006
4205;2006;24606;2006
3438;2006;46675;2006
9365;2006;27676;2006
2978;2006;20456;2006
7093;2006;43391;2006
3018;2006;12939;2006
1847;2006;13969;2006
4083;2006;9771;2006
2430;2006;37492;2006
9395;2006;26412;2006
9735;2006;59916;2006
8895;2006;48473;2006
5995;2006;19476;2006
7924;2006;24840;2006
7127;2006;21551;2006
4440;2006;1473;2006
0856;2006;17155;2006
1539;2006;27759;2006
8524;2006;18054;2006
8250;2006;25868;2006
2338;2006;6848;2006
7932;2006;9637;2006
8496;2006;26446;2006
0061;2006;7078;2006
2299;2006;27363;2006
3505;2006;8767;2006
4127;2006;54571;2006
1053;2006;27382;2006
4004;2006;11473;2006
9785;2006;18481;2006
1713;2006;7117;2006
9348;2006;6250;2006
3131;2006;17290;2006
3008;2006;13279;2006
0639;2006;3522;2006
4123;2006;5523;2006
4860;2006;22374;2006
1218;2006;32598;2006
1633;2006;15006;2006
3285;2006;7281;2006
1773;2006;10235;2006
4088;2006;31705;2006
7197;2006;49019;2006
0687;2006;5452;2006
9936;2006;31538;2006
7458;2006;5257;2006
4326;2006;4219;2006
8487;2006;2364;2006
9598;2006;16434;2006
8622;2006;7862;2006
9626;2006;15750;2006
2689;2006;10485;2006
8385;2006;1807;2006
5594;2006;15937;2006
1945;2006;9062;2006
5688;2006;16584;2006
2499;2006;201619;2006
9250;2006;4249;2006
3199;2006;14624;2006
6281;2006;89018;2006
6181;2006;15588;2006
0197;2006;20549;2006
8391;2006;6812;2006
1692;2006;11936;2006
6282;2006;8909;2006
7138;2006;38642;2006
9382;2006;36655;2006
3816;2006;15222;2006
0523;2006;27353;2006
6670;2006;15285;2006
5568;2006;32560;2006
0438;2006;7060;2006
5347;2006;6271;2006
6771;2006;10515;2006
9404;2006;14736;2006
0790;2006;19798;2006
3365;2006;5156;2006
7635;2006;10638;2006
1454;2006;8910;2006
6992;2006;4975;2006
6922;2006;6567;2006
7894;2006;5305;2006
5298;2006;6423;2006
7115;2006;5127;2006
5803;2006;9775;2006
5614;2006;3712;2006
7446;2006;1884;2006
7498;2006;2958;2006
1805;2006;7405;2006
8784;2006;10937;2006
3483;2006;1762;2006
7075;2006;2606;2006
2407;2006;12259;2006
9867;2006;3878;2006
7274;2006;20400;2006
9451;2006;3090;2006
6247;2006;4111;2006
7690;2006;5376;2006
7252;2006;11477;2006
7891;2006;6600;2006
5310;2006;23600;2006
4131;2006;5769;2006
1202;2006;5745;2006
3572;2006;4220;2006
8067;2006;9087;2006
4239;2006;3193;2006
5982;2006;5496;2006
6471;2006;27684;2006
0766;2006;15906;2006
2142;2006;20928;2006
2664;2006;1216;2006
0434;2006;1805;2006
0292;2006;6004;2006
9964;2006;89842;2006
8051;2006;8240;2006
5021;2006;14053;2006
3456;2006;10831;2006
6639;2006;15113;2006
2479;2006;9586;2006
4921;2006;1786;2006
6288;2006;11664;2006
3098;2006;9591;2006
5488;2006;7451;2006
1027;2006;2212;2006
7990;2006;3663;2006
1286;2006;3886;2006
7430;2006;13781;2006
5283;2006;2754;2006
5676;2006;3518;2006
7672;2006;5173;2006
2404;2006;31193;2006
3020;2006;5653;2006
1266;2006;2559;2006
0767;2006;8305;2006
2249;2006;2471;2006
1936;2006;5545;2006
9724;2006;1589;2006
0919;2006;9447;2006
6891;2006;1744;2006
9595;2006;6092;2006
3605;2006;5608;2006
2879;2006;10657;2006
7266;2006;9739;2006
8722;2006;8847;2006
0704;2006;4613;2006
0223;2006;1452;2006
0888;2006;7992;2006
5773;2006;5851;2006
6434;2006;6028;2006
1975;2006;3675;2006
8241;2006;3124;2006
3303;2006;6938;2006
7759;2006;1966;2006
3312;2006;4119;2006
4549;2006;5579;2006
0952;2006;4995;2006
4247;2006;3826;2006
7841;2006;15007;2006
7645;2006;2542;2006
4053;2006;4439;2006
9883;2006;1717;2006
7833;2006;13967;2006
6796;2006;12586;2006
1310;2006;12740;2006
7107;2006;2898;2006
4333;2006;14581;2006
3298;2006;17766;2006
5014;2006;5245;2006
3962;2006;11510;2006
4580;2006;4302;2006
3084;2006;14320;2006
2747;2006;7531;2006
9545;2006;2100;2006
7748;2006;2183;2006
5637;2006;2523;2006
1329;2006;5166;2006
1891;2006;1676;2006
6428;2006;2686;2006
8730;2006;1549;2006
0960;2006;1838;2006
9759;2006;719;2006
4764;2006;3853;2006
4799;2006;12020;2006
1560;2006;1955;2006
0536;2006;1477;2006
6026;2006;2728;2006
1248;2006;3017;2006
7108;2006;5329;2006
9393;2006;4159;2006
8791;2006;913;2006
3933;2006;2030;2006
0062;2006;502;2006
4752;2006;909;2006
4987;2006;1531;2006
5287;2006;765;2006
2226;2006;353;2006
8974;2006;1143;2006
9704;2006;2222;2006
9720;2006;913;2006
9082;2006;917;2006
7744;2006;1609;2006
4522;2006;1277;2006
7381;2006;796;2006
0174;2006;2042;2006
3385;2006;2745;2006
6443;2006;1532;2006
0762;2006;678;2006
8094;2006;3122;2006
3050;2006;2358;2006
8176;2006;4324;2006
6309;2006;951;2006
9244;2006;6070;2006
6493;2006;1789;2006
6795;2006;642;2006
1534;2006;5908;2006
6584;2006;4961;2006
7081;2006;2108;2006
6261;2006;13537;2006
6602;2006;13420;2006
8330;2006;5239;2006
9669;2006;4607;2006
0118;2006;5108;2006
8172;2006;1836;2006
2237;2006;16793;2006
3406;2006;587;2006
5514;2006;4383;2006
1319;2006;1806;2006
8710;2006;1448;2006
1881;2006;5843;2006
2283;2006;1551;2006
7095;2006;1069;2006
8777;2006;3972;2006
9104;2006;5060;2006
8447;2006;2071;2006
5078;2006;6141;2006
0983;2006;4393;2006
7016;2006;1162;2006
2322;2006;6056;2006
4348;2006;67871;2006
8736;2006;4514;2006
5035;2006;1203;2006
5134;2006;13402;2006
4850;2006;1735;2006
7704;2006;2916;2006
7347;2006;1717;2006
9264;2006;3716;2006
4492;2006;3610;2006
6183;2006;1171;2006
3938;2006;1553;2006
0710;2006;1251;2006
2479;2006;847;2006
6984;2006;3587;2006
3892;2006;883;2006
1587;2006;1776;2006
1004;2006;1453;2006
0966;2006;6463;2006
6866;2006;1413;2006
4316;2006;877;2006
9003;2006;2365;2006
8366;2006;1179;2006
3055;2006;7279;2006
1820;2006;1682;2006
2984;2006;711;2006
0724;2006;1409;2006
2644;2006;6782;2006
6824;2006;3514;2006
6401;2006;3238;2006
1865;2006;2379;2006
9967;2006;737;2006
3645;2006;2209;2006
3884;2006;12051;2006
2497;2006;3005;2006
8277;2006;3323;2006
6975;2006;3123;2006
3182;2006;730;2006
7333;2006;3552;2006
3673;2006;2104;2006
4079;2006;1229;2006
2064;2006;12208;2006
6911;2006;835;2006
9044;2006;399;2006
6094;2006;1471;2006
0416;2006;812;2006
1084;2006;9179;2006
6111;2006;1172;2006
9259;2006;1074;2006
6294;2006;5546;2006
1508;2006;2462;2006
4602;2006;5350;2006
0939;2006;58372;2006
8387;2006;2595;2006
9960;2006;7778;2006
8072;2006;10020;2006
7501;2006;6500;2006
1843;2006;552;2006
6698;2006;17567;2006
6567;2006;15360;2006
6667;2006;4405;2006
7164;2006;2974;2006
4368;2006;3001;2006
2582;2006;1408;2006
0583;2006;1900;2006
1430;2006;5121;2006
1610;2006;5892;2006
9300;2006;5171;2006
2189;2006;1702;2006
1781;2006;6948;2006
7052;2006;1236;2006
4537;2006;1998;2006
6274;2006;21355;2006
5059;2006;2132;2006
2952;2006;843;2006
6690;2006;1623;2006
1106;2006;627;2006
5604;2006;789;2006
7159;2006;4425;2006
4560;2006;13686;2006
9084;2006;3011;2006
4229;2006;2938;2006
9782;2006;2118;2006
5532;2006;974;2006
0850;2006;9113;2006
3200;2006;1454;2006
1967;2006;10256;2006
8185;2006;1716;2006
8466;2006;3230;2006
5945;2006;2427;2006
5740;2006;1268;2006
9643;2006;1333;2006
6457;2006;2079;2006
3666;2006;819;2006
8228;2006;8340;2006
4296;2006;3562;2006
2733;2006;249;2006
9445;2006;2535;2006
0676;2006;17128;2006
9477;2006;3069;2006
5571;2006;10096;2006
0613;2006;443;2006
6358;2006;22520;2006
7468;2006;2871;2006
8584;2006;521;2006
9617;2006;2642;2006
3177;2006;3281;2006
0861;2006;946;2006
8954;2006;1443;2006
1417;2006;10313;2006
6187;2006;1071;2006
9840;2006;1322;2006
5793;2006;1360;2006
6399;2006;37632;2006
8606;2006;69722;2006
6974;2006;1156;2006
1022;2006;8664;2006
2068;2006;5096;2006
3725;2006;4373;2006
6617;2006;978;2006
6743;2006;4069;2006
2708;2006;1409;2006
1646;2006;1050;2006
7008;2006;2356;2006
0600;2006;3149;2006
0161;2006;2982;2006
1137;2006;2353;2006
7961;2006;8058;2006
7085;2006;1813;2006
7482;2006;2387;2006
4629;2006;1793;2006
9546;2006;2854;2006
0808;2006;2137;2006
3336;2006;905;2006
2096;2006;971;2006
9328;2006;4257;2006
2379;2006;2243;2006
2542;2006;3977;2006
6500;2006;2869;2006
6003;2006;9855;2006
7812;2006;1267;2006
9158;2006;851;2006
2373;2006;1835;2006
3158;2006;2980;2006
2731;2006;1776;2006
0425;2006;3028;2006
3222;2006;2755;2006
8110;2006;995;2006
6846;2006;8903;2006
1555;2006;1681;2006
6698;2006;17098;2006
8744;2006;2055;2006
2533;2006;4794;2006
8770;2006;3538;2006
5830;2006;1395;2006
0460;2006;499;2006
6014;2006;2680;2006
4127;2006;1408;2006
7394;2006;1166;2006
6663;2006;370;2006
8807;2006;16666;2006
2168;2006;916;2006
6176;2006;2300;2006
2016;2006;1344;2006
8673;2006;2056;2006
6546;2006;922;2006
3317;2006;1456;2006
2390;2006;1410;2006
8163;2006;1201;2006
4092;2006;881;2006
5918;2006;6506;2006
4201;2006;34067;2006
0291;2006;3285;2006
8772;2006;7232;2006
6841;2006;5950;2006
4913;2006;4329;2006
6600;2006;1799;2006
9126;2006;35542;2006
1240;2006;1231;2006
6823;2006;3051;2006
6715;2006;1163;2006
5715;2006;1678;2006
5719;2006;639;2006
8737;2006;3747;2006
3970;2006;1628;2006
9596;2006;2731;2006
5092;2006;1426;2006
6832;2006;1649;2006
5285;2006;18163;2006
6283;2006;858;2006
9284;2006;3461;2006
1183;2006;6005;2006
4949;2006;7408;2006
8985;2006;1254;2006
6934;2006;1538;2006
8441;2006;568;2006
3442;2006;3691;2006
5466;2006;2265;2006
3426;2006;1322;2006
1160;2006;1300;2006
6249;2006;2079;2006
4204;2006;5065;2006
2170;2006;2918;2006
5644;2006;1530;2006
4163;2006;2113;2006
1502;2006;4186;2006
4967;2006;1227;2006
5554;2006;9785;2006
4635;2006;1409;2006
5118;2006;731;2006
2734;2006;1050;2006
2636;2006;7088;2006
2874;2006;4652;2006
2200;2006;2086;2006
2778;2006;2267;2006
4561;2006;5123;2006
1208;2006;939;2006
2217;2006;4664;2006
2182;2006;5891;2006
7168;2006;8871;2006
6494;2006;2772;2006
5337;2006;1230;2006
6418;2006;3350;2006
7330;2006;4975;2006
0838;2006;2025;2006
6368;2006;1043;2006
8829;2006;1946;2006
9328;2006;899;2006
8676;2006;880;2006
8792;2006;556;2006
0666;2006;3246;2006
5570;2006;1378;2006
3744;2006;7234;2006
4779;2006;4714;2006
0502;2006;2056;2006
1190;2006;2491;2006
4125;2006;1675;2006
7223;2006;92557;2006
9153;2006;632;2006
9582;2006;429;2006
3688;2006;1206;2006
8247;2006;6539;2006
2845;2006;1027;2006
3399;2006;1553;2006
0100;2006;2289;2006
8062;2006;3859;2006
5252;2006;6718;2006
0251;2006;5318;2006
8301;2006;3323;2006
0411;2006;3792;2006
3812;2006;2076;2006
8533;2006;630;2006
0371;2006;544;2006
7817;2006;2185;2006
5464;2006;3313;2006
0791;2006;6346;2006
1937;2006;3940;2006
2659;2006;4934;2006
5552;2006;1567;2006
2035;2006;716;2006
9402;2006;1253;2006
3341;2006;4363;2006
6834;2006;487;2006
9053;2006;2149;2006
8982;2006;970;2006
8432;2006;1292;2006
9398;2006;820;2006
7399;2006;1375;2006
8499;2006;4423;2006
2959;2006;871;2006
5792;2006;4670;2006
1687;2006;628;2006
3841;2006;1275;2006
3828;2006;2227;2006
8991;2006;1225;2006
7869;2006;2691;2006
6500;2006;2361;2006
8396;2006;2283;2006
3199;2006;552;2006
8918;2006;1776;2006
4530;2006;4209;2006
7228;2006;1876;2006
4844;2006;1218;2006
6942;2006;2160;2006
4332;2006;2230;2006
1712;2006;1888;2006
1559;2006;3209;2006
8091;2006;559;2006
4550;2006;6156;2006
6486;2006;3368;2006
2973;2006;4913;2006
3494;2006;2645;2006
7437;2006;4130;2006
2789;2006;915;2006
7924;2006;9429;2006
4957;2006;3258;2006
2796;2006;1674;2006
3260;2006;3343;2006
1084;2006;2381;2006
3058;2006;2639;2006
2624;2006;4024;2006
3697;2006;1197;2006
8782;2006;1939;2006
3295;2006;1807;2006
4255;2006;69637;2006
8961;2006;3340;2006
4872;2006;669;2006
1679;2006;2279;2006
9063;2006;1423;2006
7748;2006;4693;2006
0186;2006;1192;2006
8528;2006;10855;2006
7159;2006;2426;2006
9844;2006;4165;2006
3448;2006;1508;2006
9429;2006;470;2006
0561;2006;8298;2006
4995;2006;3940;2006
1371;2006;3774;2006
7427;2006;1298;2006
9648;2006;1049;2006
4105;2006;754;2006
0092;2006;4208;2006
9521;2006;357;2006
2971;2006;877;2006
4621;2006;590;2006
2657;2006;2073;2006
1624;2006;2430;2006
5414;2006;774;2006
7562;2006;7365;2006
2343;2006;634;2006
9509;2006;6425;2006
9827;2006;10320;2006
2945;2006;5119;2006
3736;2006;924;2006
3800;2006;3488;2006
5555;2006;1803;2006
1061;2006;818;2006
5876;2006;1089;2006
3403;2006;1938;2006
9874;2006;2860;2006
7186;2006;2074;2006
8668;2006;18116;2006
0708;2006;6848;2006
9745;2006;3359;2006
1905;2006;432;2006
6907;2006;5320;2006
7538;2006;12584;2006
0708;2006;3172;2006
1551;2006;6504;2006
5190;2006;1597;2006
3362;2006;576;2006
4033;2006;1030;2006
5328;2006;4948;2006
4083;2006;10856;2006
4469;2006;2685;2006
7332;2006;3413;2006
4508;2006;6455;2006
4757;2006;6245;2006
8739;2006;5434;2006
6163;2006;2476;2006
1210;2006;19196;2006
5690;2006;704;2006
5105;2006;1341;2006
8735;2006;3738;2006
7699;2006;11065;2006
9980;2006;1281;2006
0362;2006;180313;2006
2369;2006;1725;2006
2229;2006;7732;2006
8565;2006;667;2006
8197;2006;6590;2006
9207;2006;1323;2006
5572;2006;14568;2006
2181;2006;970;2006
4002;2006;3356;2006
5662;2006;565;2006
5201;2006;2905;2006
3446;2006;4156;2006
0777;2006;1455;2006
3583;2006;580;2006
6363;2006;1895;2006
4089;2006;1019;2006
1995;2006;702;2006
9925;2006;364;2006
8795;2006;3975;2006
9996;2006;1337;2006
7968;2006;1311;2006
5297;2006;1009;2006
1308;2006;5127;2006
8540;2006;3149;2006
0617;2006;917;2006
8595;2006;17092;2006
2146;2006;2255;2006
3086;2006;316;2006
7650;2006;1423;2006
1082;2006;2768;2006
5444;2006;15400;2006
1204;2006;528;2006
1240;2006;2244;2006
1747;2006;13232;2006
1980;2006;4329;2006
8932;2006;44616;2006
8093;2006;3134;2006
8636;2006;7299;2006
8321;2006;11166;2006
3203;2006;14685;2006
7570;2006;30879;2006
9007;2006;5154;2006
3517;2006;28261;2006
3149;2006;4326;2006
5738;2006;4474;2006
2581;2006;80479;2006
6329;2006;50991;2006
0074;2006;11281;2006
5311;2006;7418;2006
7263;2006;11291;2006
4571;2006;1658;2006
4154;2006;1773;2006
4210;2006;11242;2006
9436;2006;5182;2006
1187;2006;4112;2006
1193;2006;69068;2006
9625;2006;11751;2006
1009;2006;2264;2006
2764;2006;7665;2006
9748;2006;3978;2006
6975;2006;2287;2006
6806;2006;1335;2006
7839;2006;6295;2006
4356;2006;9897;2006
8351;2006;54005;2006
8343;2006;5934;2006
4710;2006;1996;2006
2934;2006;10592;2006
9696;2006;5028;2006
6253;2006;3802;2006
4101;2006;1549;2006
0237;2006;6622;2006
2312;2006;8436;2006
9460;2006;4331;2006
4560;2006;592;2006
5060;2006;6191;2006
5164;2006;1389;2006
7206;2006;3602;2006
1204;2006;10635;2006
5940;2006;31273;2006
7859;2006;9266;2006
9185;2006;10211;2006
1964;2006;3694;2006
0400;2006;3271;2006
0592;2006;1017;2006
2409;2006;14041;2006
8343;2006;5308;2006
5503;2006;3150;2006
4206;2006;3950;2006
1617;2006;11060;2006
1646;2006;4139;2006
4760;2006;1973;2006
6439;2006;11289;2006
5295;2006;10693;2006
4634;2006;7266;2006
3466;2006;1988;2006
8844;2006;2135;2006
1410;2006;2188;2006
9850;2006;1111;2006
1661;2006;1033;2006
9969;2006;1766;2006
5663;2006;6879;2006
3267;2006;3360;2006
4318;2006;7144;2006
4268;2006;6864;2006
2666;2006;2985;2006
4886;2006;26051;2006
1685;2006;35315;2006
8912;2006;6237;2006
0755;2006;3666;2006
0959;2006;2284;2006
5900;2006;669017;2006
6497;2006;31206;2006
1025;2006;3540;2006
3441;2006;3147;2006
9165;2006;5907;2006
6583;2006;3815;2006
9291;2006;3095;2006
0363;2006;5325;2006
7170;2006;1598;2006
5662;2006;2686;2006
8522;2006;5288;2006
7814;2006;8546;2006
3653;2006;1995;2006
7415;2006;1007;2006
5995;2006;10115;2006
1931;2006;2771;2006
9024;2006;485;2006
1922;2006;26649;2006
8463;2006;11202;2006
5421;2006;3957;2006
6815;2006;9291;2006
1922;2006;3006;2006
2407;2006;1319;2006
7793;2006;3931;2006
9001;2006;2152;2006
0076;2006;2965;2006
8004;2006;19454;2006
6441;2006;3391;2006
6956;2006;682;2006
9812;2006;1336;2006
9346;2006;2277;2006
9386;2006;858;2006
2744;2006;2545;2006
6346;2006;1065;2006
1418;2006;41028;2006
0685;2006;701;2006
6646;2006;5668;2006
1664;2006;3422;2006
4276;2006;13051;2006
7645;2006;4349;2006
2587;2006;3595;2006
6219;2006;1023;2006
7781;2006;1443;2006
4281;2006;3413;2006
8280;2006;1085;2006
0694;2006;2757;2006
9304;2006;2608;2006
1324;2006;498;2006
3367;2006;2909;2006
6563;2006;1678;2006
6937;2006;1596;2006
3311;2006;561;2006
2116;2006;1151;2006
1890;2006;911;2006
7262;2006;4180;2006
9981;2006;845;2006
9132;2006;3297;2006
5543;2006;3529;2006
6505;2006;2867;2006
3107;2006;2973;2006
9083;2006;384;2006
2904;2006;9222;2006
4823;2006;7184;2006
0474;2006;1535;2006
3838;2006;1898;2006
9835;2006;1684;2006
7899;2006;669;2006
7241;2006;2653;2006
3864;2006;1815;2006
9924;2006;924;2006
7212;2006;11081;2006
1099;2006;1637;2006
7352;2006;876;2006
7094;2006;894;2006
8536;2006;657;2006
6942;2006;1612;2006
8503;2006;2249;2006
7508;2006;245872;2006
7023;2006;32490;2006
5356;2006;1352;2006
2692;2006;1081;2006
4678;2006;5248;2006
5996;2006;783;2006
2599;2006;3008;2006
3623;2006;736;2006
3769;2006;1731;2006
8009;2006;2569;2006
3090;2006;830;2006
5764;2006;901;2006
7368;2006;4249;2006
4154;2006;3666;2006
1783;2006;1558;2006
4347;2006;2104;2006
1757;2006;6131;2006
4792;2006;1225;2006
0766;2006;13299;2006
6164;2006;1475;2006
9687;2006;3863;2006
2019;2006;1276;2006
1173;2006;841;2006
1681;2006;238;2006
9060;2006;4116;2006
1325;2006;1178;2006
1510;2006;788;2006
5448;2006;2309;2006
1231;2006;6489;2006
0502;2006;7080;2006
6292;2006;4236;2006
1406;2006;2084;2006
6798;2006;2991;2006
8183;2006;3248;2006
9964;2006;1525;2006
1634;2006;1159;2006
9764;2006;13004;2006
1676;2006;1346;2006
6740;2006;4723;2006
7814;2006;847;2006
3859;2006;3499;2006
1175;2006;9011;2006
9740;2006;1506;2006
9173;2006;4525;2006
2623;2006;4016;2006
0755;2006;1706;2006
7618;2006;2434;2006
0269;2006;2840;2006
5246;2006;5210;2006
1332;2006;10959;2006
1260;2006;7056;2006
5008;2006;7052;2006
6669;2006;970;2006
0737;2006;3212;2006
2643;2006;1209;2006
6016;2006;1308;2006
5170;2006;3792;2006
2458;2006;9029;2006
2280;2006;6802;2006
9304;2006;5528;2006
9268;2006;3942;2006
3170;2006;56950;2006
2395;2006;3280;2006
7015;2006;9670;2006
5732;2006;4106;2006
2308;2006;2925;2006
8901;2006;1389;2006
0870;2006;4167;2006
3156;2006;2146;2006
4530;2006;6272;2006
3276;2006;10414;2006
8595;2006;32892;2006
9815;2006;8606;2006
0752;2006;3177;2006
1638;2006;4295;2006
0815;2006;3660;2006
8900;2006;990;2006
8745;2006;32195;2006
9760;2006;6009;2006
1421;2006;1221;2006
2217;2006;6087;2006
6783;2006;38343;2006
6320;2006;2013;2006
5780;2006;12848;2006
4124;2006;2607;2006
9092;2006;3066;2006
4873;2006;8545;2006
0626;2006;23334;2006
2257;2006;16552;2006
1009;2006;8977;2006
2987;2006;13164;2006
5006;2006;13142;2006
3693;2006;4402;2006
5210;2006;19519;2006
3715;2006;6301;2006
6663;2006;3693;2006
5594;2006;8072;2006
1674;2006;2793;2006
2752;2006;6581;2006
5212;2006;1584;2006
5183;2006;5129;2006
6678;2006;40613;2006
9909;2006;4782;2006
6292;2006;1457;2006
6333;2006;1094;2006
9465;2006;630;2006
5439;2006;5120;2006
2465;2006;61126;2006
1131;2006;3354;2006
3988;2006;4389;2006
0669;2006;74900;2006
0705;2006;2144;2006
5893;2006;12438;2006
6266;2006;3317;2006
5331;2006;1700;2006
4247;2006;11233;2006
8172;2006;27091;2006
2732;2006;2311;2006
9953;2006;11778;2006
7746;2006;23149;2006
8140;2006;5854;2006
9382;2006;6390;2006
7565;2006;7374;2006
5836;2006;1555;2006
3738;2006;3714;2006
8177;2006;1801;2006
0808;2006;8483;2006
7759;2006;5291;2006
1499;2006;5314;2006
7120;2006;13539;2006
1179;2006;4719;2006
2247;2006;4985;2006
1946;2006;5727;2006
0465;2006;2255;2006
7438;2006;28229;2006
2367;2006;3723;2006
3917;2006;14023;2006
5057;2006;14748;2006
8244;2006;2874;2006
5375;2006;21458;2006
1099;2006;7319;2006
2924;2006;7652;2006
1389;2006;900;2006
2777;2006;9798;2006
4134;2006;8375;2006
8921;2006;5437;2006
7242;2006;2809;2006
7058;2006;18230;2006
5344;2006;28134;2006
4288;2006;51690;2006
3333;2006;16823;2006
2208;2006;36016;2006
3264;2006;23174;2006
2753;2006;23365;2006
7257;2006;18937;2006
4172;2006;5338;2006
3734;2006;38437;2006
5540;2006;3664;2006
2097;2006;4775;2006
9021;2006;3424;2006
8974;2006;303519;2006
1599;2006;9596;2006
3224;2006;26748;2006
0164;2006;13105;2006
1500;2006;27849;2006
4453;2006;3194;2006
2466;2006;5375;2006
9571;2006;4019;2006
8462;2006;12619;2006
2795;2006;27544;2006
4748;2006;7957;2006
6713;2006;1035;2006
3176;2006;5319;2006
3009;2006;5477;2006
6782;2006;46542;2006
7064;2006;11058;2006
6505;2006;6836;2006
7851;2006;16277;2006
6802;2006;47818;2006
2334;2006;11735;2006
5431;2006;3838;2006
3861;2006;3297;2006
4330;2006;10585;2006
6137;2006;11167;2006
2459;2006;14674;2006
6313;2006;2921;2006
8477;2006;21318;2006
6490;2006;11113;2006
8123;2006;4016;2006
2721;2006;6495;2006
1248;2006;9936;2006
8595;2006;1689;2006
2767;2006;6848;2006
0258;2006;8163;2006
3092;2006;17253;2006
1562;2006;9592;2006
5170;2006;21356;2006
5218;2006;7522;2006
0944;2006;7527;2006
7508;2006;6774;2006
8654;2006;8805;2006
7833;2006;3703;2006
8317;2006;3603;2006
5280;2006;3407;2006
4684;2006;8236;2006
3740;2006;8008;2006
4008;2006;29346;2006
6296;2006;3239;2006
7530;2006;14763;2006
3699;2006;53534;2006
5500;2006;3360;2006
3764;2006;18478;2006
6595;2006;70639;2006
0850;2006;9458;2006
7215;2006;25833;2006
4725;2006;58642;2006
1579;2006;34809;2006
5914;2006;31423;2006
8310;2006;2235;2006
0509;2006;1144;2006
0628;2006;7311;2006
9090;2006;17424;2006
6156;2006;852;2006
8976;2006;2651;2006
4772;2006;21804;2006
2007;2006;12743;2006
7816;2006;24462;2006
4173;2006;12668;2006
9842;2006;23402;2006
9828;2006;21566;2006
5343;2006;9017;2006
4685;2006;20947;2006
7755;2006;122174;2006
0204;2006;7422;2006
3296;2006;9005;2006
0908;2006;3630;2006
9227;2006;12034;2006
3921;2006;40088;2006
8902;2006;738;2006
1886;2006;829;2006
2509;2006;637;2006
4459;2006;2078;2006
7940;2006;464;2006
8442;2006;1077;2006
5394;2006;3703;2006
7440;2006;3855;2006
7583;2006;300;2006
7144;2006;766;2006
8314;2006;1116;2006
6697;2006;595;2006
0769;2006;1001;2006
0464;2006;611;2006
3435;2006;5644;2006
2502;2006;469;2006
6115;2006;1812;2006
3908;2006;1317;2006
1704;2006;941;2006
4001;2006;453;2006
0608;2006;1541;2006
0662;2006;623;2006
1904;2006;1016;2006
6868;2006;584;2006
4578;2006;8922;2006
8495;2006;991;2006
6162;2006;703;2006
9593;2006;570;2006
3859;2006;141;2006
8547;2006;2045;2006
2256;2006;774;2006
8937;2006;944;2006
9467;2006;1518;2006
3749;2006;2975;2006
4655;2006;3263;2006
0311;2006;3387;2006
0898;2006;5768;2006
1281;2006;11052;2006
3942;2006;768;2006
8777;2006;3390;2006
8803;2006;2464;2006
2684;2006;4675;2006
4119;2006;21759;2006
7985;2006;2814;2006
1002;2006;741;2006
5952;2006;608;2006
0335;2006;124151;2006
5057;2006;1396;2006
5828;2006;199;2006
3396;2006;7286;2006
4487;2006;978;2006
0107;2006;13916;2006
2444;2006;3071;2006
2377;2006;2121;2006
5029;2006;1004;2006
1853;2006;1650;2006
8063;2006;3081;2006
7367;2006;4000;2006
6815;2006;2498;2006
9538;2006;3927;2006
4089;2006;1664;2006
8773;2006;573;2006
9702;2006;1434;2006
3115;2006;782;2006
0432;2006;1346;2006
5753;2006;1433;2006
9218;2006;1278;2006
8083;2006;916;2006
1022;2006;698;2006
3276;2006;562;2006
3678;2006;3219;2006
4346;2006;3057;2006
6755;2006;2262;2006
3269;2006;1505;2006
4978;2006;2623;2006
5326;2006;8380;2006
4099;2006;731;2006
2661;2006;4267;2006
4344;2006;941;2006
5299;2006;2447;2006
0588;2006;2827;2006
2988;2006;2295;2006
1146;2006;595;2006
1494;2006;540;2006
4435;2006;2058;2006
7146;2006;1583;2006
7633;2006;10789;2006
8294;2006;2568;2006
8037;2006;1999;2006
7317;2006;354;2006
0589;2006;36633;2006
7375;2006;7506;2006
2372;2006;1438;2006
8209;2006;971;2006
9700;2006;441;2006
1843;2006;758;2006
6733;2006;944;2006
4318;2006;3077;2006
5958;2006;4509;2006
9956;2006;6313;2006
1765;2006;2218;2006
8336;2006;1352;2006
4462;2006;2756;2006
6759;2006;281;2006
0708;2006;2455;2006
8474;2006;1686;2006
7667;2006;2604;2006
7149;2006;1819;2006
9346;2006;2311;2006
5657;2006;1867;2006
3784;2006;11285;2006
0512;2006;1859;2006
8005;2006;770;2006
3156;2006;533;2006
0143;2006;2214;2006
5030;2006;2765;2006
7000;2006;401;2006
7539;2006;550;2006
1723;2006;25885;2006
6243;2006;957;2006
2270;2006;1082;2006
8518;2006;2947;2006
0476;2006;156402;2006
4887;2006;22895;2006
7167;2006;7299;2006
7736;2006;4079;2006
3042;2006;8550;2006
1361;2006;1652;2006
3086;2006;2093;2006
6223;2006;932;2006
5982;2006;536;2006
8014;2006;1033;2006
5101;2006;2874;2006
0146;2006;2389;2006
3689;2006;7107;2006
7868;2006;4548;2006
5067;2006;5010;2006
1794;2006;2635;2006
6258;2006;951;2006
9677;2006;1179;2006
9158;2006;7016;2006
4104;2006;69571;2006
1591;2006;1731;2006
6242;2006;1342;2006
5145;2006;927;2006
2412;2006;7234;2006
1629;2006;1887;2006
6381;2006;3876;2006
8293;2006;5286;2006
6740;2006;28692;2006
3934;2006;1474;2006
2889;2006;4548;2006
7060;2006;2375;2006
2850;2006;18175;2006
2939;2006;6129;2006
5926;2006;4136;2006
3587;2006;1326;2006
9078;2006;16162;2006
3871;2006;2098;2006
7937;2006;1804;2006
1982;2006;1174;2006
1839;2006;3849;2006
8211;2006;3970;2006
7064;2006;7027;2006
7509;2006;1999;2006
3074;2006;4903;2006
3593;2006;1208;2006
8870;2006;1863;2006
9709;2006;3248;2006
7935;2006;6932;2006
4453;2006;2160;2006
9317;2006;11952;2006
8876;2006;1386;2006
6260;2006;8763;2006
4332;2006;20911;2006
0356;2006;2379;2006
7596;2006;638;2006
7428;2006;797;2006
1777;2006;1375;2006
8361;2006;2950;2006
8991;2006;980;2006
7617;2006;1411;2006
6722;2006;2339;2006
5932;2006;2605;2006
6103;2006;968;2006
1826;2006;729;2006
7880;2006;916;2006
4495;2006;1199;2006
3061;2006;306;2006
3112;2006;1318;2006
1070;2006;1748;2006
3483;2006;8882;2006
4264;2006;14456;2006
4116;2006;290;2006
1182;2006;8620;2006
3578;2006;2401;2006
7940;2006;6499;2006
4660;2006;8274;2006
6012;2006;934;2006
5962;2006;1584;2006
4498;2006;5041;2006
8462;2006;433;2006
9063;2006;1123;2006
1878;2006;391;2006
3865;2006;18097;2006
0184;2006;2655;2006
4295;2006;418;2006
2629;2006;1602;2006
7365;2006;10891;2006
4014;2006;10619;2006
9870;2006;691;2006
1037;2006;11722;2006
5906;2006;1689;2006
8802;2006;4680;2006
5337;2006;2881;2006
6234;2006;7569;2006
9508;2006;1602;2006
6882;2006;3177;2006
4693;2006;14764;2006
1263;2006;49984;2006
9588;2006;7863;2006
2083;2006;3166;2006
8550;2006;5327;2006
7401;2006;19457;2006
1525;2006;4382;2006
9790;2006;1425;2006
7785;2006;4085;2006
8809;2006;14278;2006
7045;2006;2187;2006
6793;2006;5885;2006
8756;2006;11671;2006
1433;2006;383;2006
5471;2006;470;2006
3790;2006;1797;2006
5680;2006;2144;2006
7145;2006;878;2006
6768;2006;1328;2006
5245;2006;8452;2006
5859;2006;1601;2006
5139;2006;464;2006
8523;2006;5541;2006
8007;2006;797;2006
3130;2006;850;2006
6382;2006;745;2006
5447;2006;1035;2006
5623;2006;1495;2006
4291;2006;1243;2006
8025;2006;356;2006
7065;2006;1662;2006
3894;2006;156;2006
9783;2006;566;2006
1987;2006;129;2006
7896;2006;1411;2006
8538;2006;270;2006
4721;2006;947;2006
2497;2006;1381;2006
4281;2006;237;2006
8745;2006;740;2006
5617;2006;792;2006
1728;2006;1981;2006
8861;2006;3268;2006
1500;2006;21524;2006
3702;2006;707;2006
7117;2006;917;2006
3513;2006;1916;2006
1461;2006;1074;2006
4490;2006;2477;2006
0190;2006;562;2006
2086;2006;2363;2006
9626;2006;1465;2006
7338;2006;923;2006
8301;2006;329;2006
5839;2006;488;2006
4436;2006;905;2006
4776;2006;345;2006
7327;2006;856;2006
6578;2006;2251;2006
2027;2006;1145;2006
6577;2006;1035;2006
6050;2006;600;2006
3408;2006;1081;2006
9461;2006;567;2006
9289;2006;1330;2006
1965;2006;667;2006
5904;2006;381;2006
0758;2006;289;2006
9354;2006;838;2006
3181;2006;831;2006
3164;2006;2573;2006
7012;2006;774;2006
4514;2006;11262;2006
8469;2006;2896;2006
2051;2006;500;2006
8673;2006;286;2006
4520;2006;1594;2006
3605;2006;382;2006
9625;2006;3954;2006
5296;2006;1043;2006
3723;2006;479;2006
3433;2006;401;2006
5735;2006;99;2006
0966;2006;1282;2006
5116;2006;752;2006
2197;2006;729;2006
7239;2006;144;2006
4117;2006;1640;2006
5886;2006;172;2006
0265;2006;1541;2006
2533;2006;8852;2006
5970;2006;3005;2006
4817;2006;1017;2006
4597;2006;4608;2006
8204;2006;533;2006
4582;2006;832;2006
6424;2006;949;2006
2347;2006;5009;2006
6807;2006;1158;2006
6691;2006;1660;2006
0619;2006;455;2006
9861;2006;4602;2006
1972;2006;849;2006
5005;2006;1826;2006
0141;2006;753;2006
1807;2006;1194;2006
5715;2006;516;2006
9654;2006;1695;2006
8665;2006;353;2006
4698;2006;1265;2006
5686;2006;31905;2006
3275;2006;1423;2006
8161;2006;330;2006
8471;2006;2413;2006
3156;2006;291;2006
1092;2006;2128;2006
4581;2006;765;2006
2826;2006;3342;2006
3569;2006;2842;2006
2190;2006;4729;2006
0500;2006;425;2006
7953;2006;2551;2006
4748;2006;2455;2006
4676;2006;1655;2006
4524;2006;2320;2006
8526;2006;1931;2006
0628;2006;525;2006
6128;2006;183;2006
1726;2006;1007;2006
3563;2006;850;2006
3786;2006;379;2006
8199;2006;2260;2006
7513;2006;564;2006
0044;2006;236;2006
8590;2006;2516;2006
3402;2006;454;2006
0943;2006;179;2006
8006;2006;10314;2006
7998;2006;987;2006
5844;2006;1256;2006
8465;2006;608;2006
2387;2006;3033;2006
0735;2006;889;2006
6098;2006;327;2006
7002;2006;1758;2006
6510;2006;352;2006
8094;2006;1160;2006
5607;2006;1214;2006
9310;2006;363;2006
1807;2006;319;2006
2425;2006;138;2006
0157;2006;8018;2006
8744;2006;462;2006
7929;2006;942;2006
7513;2006;2163;2006
0198;2006;625;2006
4744;2006;187;2006
1593;2006;582;2006
7228;2006;200;2006
4624;2006;1216;2006
8487;2006;265;2006
7827;2006;323;2006
8860;2006;3437;2006
3890;2006;1110;2006
6881;2006;45219;2006
8452;2006;1027;2006
3451;2006;909;2006
4533;2006;2151;2006
5570;2006;134;2006
2001;2006;398;2006
8025;2006;1214;2006
5139;2006;177;2006
1209;2006;8033;2006
5955;2006;233;2006
8608;2006;477;2006
9021;2006;864;2006
6248;2006;3625;2006
5719;2006;680;2006
9876;2006;2828;2006
7819;2006;2232;2006
7338;2006;14870;2006
6006;2006;1737;2006
0096;2006;339;2006
6492;2006;481;2006
0694;2006;741;2006
7415;2006;494;2006
4984;2006;3908;2006
2559;2006;133;2006
1379;2006;1640;2006
7653;2006;2515;2006
5560;2006;393;2006
6095;2006;520;2006
0733;2006;2232;2006
3092;2006;588;2006
6678;2006;639;2006
5025;2006;3951;2006
3909;2006;1515;2006
0974;2006;644;2006
5683;2006;993;2006
0645;2006;3948;2006
1503;2006;2929;2006
1575;2006;1566;2006
5913;2006;531;2006
7503;2006;196;2006
2158;2006;2250;2006
0519;2006;3945;2006
3050;2006;1500;2006
2497;2006;2718;2006
1802;2006;2428;2006
8441;2006;1377;2006
0284;2006;222;2006
8493;2006;1500;2006
6512;2006;911;2006
0230;2006;98;2006
6090;2006;1763;2006
0298;2006;632;2006
5152;2006;2057;2006
2223;2006;2893;2006
6629;2006;138;2006
1400;2006;107;2006
3313;2006;813;2006
7376;2006;1340;2006
0670;2006;788;2006
7187;2006;1220;2006
2355;2006;963;2006
9799;2006;283;2006
3143;2006;2587;2006
7712;2006;195;2006
4752;2006;6419;2006
6768;2006;2541;2006
6653;2006;229;2006
1045;2006;3868;2006
2572;2006;1132;2006
4058;2006;631;2006
5859;2006;1179;2006
3978;2006;8521;2006
6991;2006;391;2006
8731;2006;194;2006
2610;2006;1442;2006
9495;2006;423;2006
4736;2006;1302;2006
6136;2006;1138;2006
2316;2006;1700;2006
6703;2006;3202;2006
2859;2006;2869;2006
9795;2006;2175;2006
0399;2006;3762;2006
5617;2006;2594;2006
6195;2006;4981;2006
3496;2006;1288;2006
2278;2006;3269;2006
8240;2006;3302;2006
9535;2006;4736;2006
1176;2006;2808;2006
5889;2006;4480;2006
1002;2006;13764;2006
7876;2006;1446;2006
7127;2006;852;2006
6640;2006;12305;2006
5476;2006;4381;2006
7952;2006;497;2006
5941;2006;2331;2006
7396;2006;3866;2006
6954;2006;2290;2006
2704;2006;3924;2006
0639;2006;6994;2006
3179;2006;1649;2006
7688;2006;1324;2006
6179;2006;4543;2006
8068;2006;271;2006
8932;2006;1728;2006
1833;2006;1278;2006
6954;2006;2754;2006
2583;2006;2109;2006
6556;2006;352;2006
4193;2006;1229;2006
2020;2006;772;2006
0526;2006;753;2006
5957;2006;8579;2006
4965;2006;2329;2006
3058;2006;2558;2006
1445;2006;2344;2006
8887;2006;1717;2006
6052;2006;140;2006
1349;2006;46317;2006
2384;2006;2128;2006
9135;2006;4294;2006
8946;2006;4244;2006
3308;2006;10447;2006
5859;2006;381;2006
0635;2006;14381;2006
5188;2006;7992;2006
3584;2006;494;2006
1193;2006;3365;2006
0584;2006;2033;2006
7993;2006;2454;2006
6244;2006;4167;2006
7121;2006;41;2006
5135;2006;3521;2006
0149;2006;8252;2006
0882;2006;5906;2006
9960;2006;7027;2006
6963;2006;1200;2006
4959;2006;4616;2006
5630;2006;3804;2006
1969;2006;406;2006
9972;2006;146;2006
7839;2006;1871;2006
1470;2006;1608;2006
6837;2006;919;2006
0983;2006;2122;2006
6353;2006;2281;2006
5698;2006;2073;2006
7003;2006;5645;2006
8249;2006;3110;2006
6175;2006;2816;2006
8617;2006;2183;2006
1969;2006;2329;2006
2862;2006;2906;2006
1085;2006;149;2006
6290;2006;1575;2006
7516;2006;514;2006
9668;2006;1873;2006
7080;2006;211;2006
2464;2006;3236;2006
5977;2006;11167;2006
5679;2006;861;2006
7993;2006;320;2006
1158;2006;2819;2006
8153;2006;2784;2006
6500;2006;2644;2006
6085;2006;296;2006
6049;2006;1813;2006
1986;2006;280;2006
8317;2006;1151;2006
1303;2006;1510;2006
6411;2006;4034;2006
5038;2006;1931;2006
0835;2006;2551;2006
7725;2006;624;2006
7505;2006;2428;2006
7143;2006;2987;2006
6122;2006;14548;2006
0012;2006;1739;2006
6783;2006;2877;2006
3194;2006;1693;2006
9782;2006;4784;2006
0381;2006;2111;2006
0970;2006;911;2006
0980;2006;2300;2006
0680;2006;1805;2006
8695;2006;15093;2006
8023;2006;1862;2006
6998;2006;2792;2006
9356;2006;1200;2006
5317;2006;233;2006
6782;2006;1568;2006
0319;2006;1838;2006
3971;2006;1878;2006
0104;2006;1001;2006
9260;2006;2620;2006
4371;2006;2655;2006
3711;2006;2589;2006
3786;2006;41672;2006
4503;2006;7231;2006
7452;2006;62;2006
2472;2006;1416;2006
8337;2006;3218;2006
2024;2006;1295;2006
4767;2006;3406;2006
3856;2006;467;2006
7302;2006;1556;2006
5209;2006;1775;2006
5791;2006;5437;2006
7829;2006;1978;2006
4968;2006;1741;2006
5250;2006;1454;2006
2653;2006;1568;2006
3749;2006;2490;2006
9657;2006;1750;2006
1484;2006;3590;2006
5565;2006;3394;2006
0529;2006;12675;2006
5310;2006;1884;2006
7459;2006;1997;2006
0123;2006;2040;2006
8189;2006;3346;2006
8206;2006;2892;2006
0688;2006;5678;2006
2567;2006;884;2006
3773;2006;1407;2006
0034;2006;1551;2006
4986;2006;1598;2006
8823;2006;6348;2006
1694;2006;17541;2006
1953;2006;16405;2006
7664;2006;9281;2006
8500;2006;1280;2006
3450;2006;11176;2006
8400;2006;1475;2006
0985;2006;2378;2006
3225;2006;2030;2006
9351;2006;992;2006
2491;2006;2753;2006
4400;2006;6446;2006
7700;2006;3222;2006
5057;2006;34441;2006
7001;2006;134894;2006
2632;2006;2777;2006
6957;2006;4068;2006
3722;2006;8471;2006
0048;2006;20124;2006
9694;2006;1412;2006
2979;2006;9501;2006
6672;2006;2979;2006
4275;2006;13208;2006
7726;2006;17982;2006
9995;2006;9391;2006
3093;2006;185140;2006
1380;2006;9717;2006
3723;2006;5983;2006
3109;2006;2359;2006
3762;2006;1748;2006
7254;2006;779;2006
6721;2006;2920;2006
0630;2006;1145;2006
9655;2006;1272;2006
0449;2006;3368;2006
6808;2006;14433;2006
2012;2006;5479;2006
9948;2006;59448;2006
4250;2006;3264;2006
6858;2006;9896;2006
6439;2006;14679;2006
6315;2006;3327;2006
7896;2006;6729;2006
4827;2006;1465;2006
3481;2006;9337;2006
8880;2006;3466;2006
9243;2006;5556;2006
9108;2006;2277;2006
8517;2006;1007;2006
3117;2006;2251;2006
9213;2006;1465;2006
2596;2006;3235;2006
5577;2006;6246;2006
3549;2006;957;2006
6322;2006;2146;2006
2495;2006;2668;2006
3219;2006;1659;2006
9223;2006;3984;2006
6890;2006;703;2006
1226;2006;1132;2006
9691;2006;3463;2006
4627;2006;1304;2006
4448;2006;3025;2006
5938;2006;2188;2006
0030;2006;2497;2006
5038;2006;5779;2006
8395;2006;1875;2006
8975;2006;1404;2006
6319;2006;2026;2006
7009;2006;1672;2006
2254;2006;2386;2006
8113;2006;3183;2006
6692;2006;2124;2006
1519;2006;3637;2006
9325;2006;2292;2006
6532;2006;6979;2006
4089;2006;861;2006
3653;2006;1863;2006
3028;2006;1431;2006
2468;2006;6629;2006
9491;2006;1376;2006
8878;2006;8813;2006
7004;2006;1273;2006
5057;2006;1163;2006
5378;2006;4563;2006
8427;2006;4659;2006
3367;2006;4537;2006
7892;2006;2273;2006
5345;2006;2334;2006
3959;2006;1496;2006
6586;2006;3251;2006
5725;2006;6997;2006
8328;2006;1028;2006
5926;2006;1365;2006
4369;2006;2736;2006
6462;2006;817;2006
4236;2006;1557;2006
1798;2006;2522;2006
6604;2006;6780;2006
6406;2006;717;2006
2027;2006;1139;2006
5709;2006;33694;2006
3751;2006;832;2006
7735;2006;1829;2006
4549;2006;2083;2006
1815;2006;519;2006
6569;2006;441;2006
5995;2006;2040;2006
6127;2006;294;2006
1563;2006;101;2006
2735;2006;938;2006
4656;2006;547;2006
1003;2006;4795;2006
5046;2006;747;2006
1278;2006;546;2006
5515;2006;1397;2006
8775;2006;265;2006
2233;2006;635;2006
0676;2006;728;2006
9645;2006;1571;2006
4189;2006;1063;2006
5335;2006;5045;2006
2565;2006;176;2006
5227;2006;3462;2006
0681;2006;260;2006
1858;2006;360;2006
6546;2006;642;2006
2573;2006;538;2006
2167;2006;765;2006
8738;2006;4719;2006
5753;2006;1438;2006
7884;2006;121;2006
0084;2006;18236;2006
6091;2006;967;2006
3176;2006;187;2006
6467;2006;442;2006
8976;2006;204;2006
6517;2006;2375;2006
5785;2006;945;2006
2127;2006;7555;2006
2848;2006;268;2006
9219;2006;109;2006
1531;2006;270;2006
5680;2006;651;2006
4114;2006;465;2006
1763;2006;1436;2006
3537;2006;1494;2006
0549;2006;153;2006
0343;2006;2118;2006
1750;2006;421;2006
1483;2006;1206;2006
1708;2006;463;2006
7997;2006;878;2006
4381;2006;939;2006
3719;2006;15941;2006
9194;2006;3224;2006
3658;2006;1169;2006
5656;2006;1613;2006
6720;2006;2688;2006
8796;2006;793;2006
9024;2006;607;2006
1628;2006;2087;2006
3882;2006;287;2006
3804;2006;439;2006
1522;2006;788;2006
6756;2006;1281;2006
7054;2006;1270;2006
4182;2006;176;2006
3614;2006;4979;2006
7687;2006;750;2006
9006;2006;393;2006
6013;2006;256;2006
7344;2006;1711;2006
8894;2006;1271;2006
7344;2006;453;2006
7665;2006;2180;2006
4531;2006;30431;2006
6649;2006;188;2006
3806;2006;1216;2006
7333;2006;6861;2006
3834;2006;255;2006
6245;2006;1739;2006
3048;2006;1629;2006
1899;2006;1157;2006
9893;2006;1922;2006
8504;2006;11394;2006
3026;2006;1845;2006
8768;2006;2896;2006
8974;2006;827;2006
8381;2006;4040;2006
2783;2006;4456;2006
8371;2006;4514;2006
4286;2006;2242;2006
0131;2006;11223;2006
5196;2006;2701;2006
0697;2006;1862;2006
5852;2006;2609;2006
8221;2006;2526;2006
6356;2006;49050;2006
6107;2006;3625;2006
9962;2006;2123;2006
4411;2006;3795;2006
6928;2006;1610;2006
2846;2006;4768;2006
5988;2006;4046;2006
2468;2006;2019;2006
8178;2006;13972;2006
0007;2006;2081;2006
4861;2006;2602;2006
4258;2006;3863;2006
8969;2006;3843;2006
3889;2006;1635;2006
6497;2006;571;2006
4900;2006;1618;2006
1614;2006;1052;2006
1320;2006;2267;2006
4050;2006;3301;2006
1689;2006;5672;2006
3735;2006;1247;2006
8669;2006;2164;2006
8139;2006;883;2006
7449;2006;2221;2006
2050;2006;1488;2006
6730;2006;1081;2006
6500;2006;3750;2006
2849;2006;10290;2006
9804;2006;1108;2006
4109;2006;1574;2006
6349;2006;1362;2006
3230;2006;668;2006
3509;2006;3521;2006
1175;2006;6755;2006
3994;2006;1370;2006
8264;2006;919;2006
1114;2006;1661;2006
5149;2006;372;2006
8295;2006;1383;2006
1870;2006;6870;2006
6655;2006;12474;2006
0416;2006;260;2006
5853;2006;1810;2006
4236;2006;2984;2006
1381;2006;688;2006
0433;2006;5328;2006
3983;2006;9181;2006
2252;2006;8553;2006
2295;2006;4248;2006
6918;2006;1336;2006
8383;2006;9378;2006
7843;2006;5104;2006
7683;2006;166;2006
0203;2006;755;2006
5856;2006;1135;2006
6009;2006;472;2006
7603;2006;567;2006
4751;2006;14552;2006
5293;2006;2925;2006
9328;2006;698;2006
5900;2006;1464;2006
3317;2006;1132;2006
0598;2006;2840;2006
5414;2006;29749;2006
1012;2006;6384;2006
5920;2006;6488;2006
1819;2006;3047;2006
4365;2006;2095;2006
0555;2006;5171;2006
2300;2006;27860;2006
6862;2006;1412;2006
2739;2006;1498;2006
8746;2006;3387;2006
5918;2006;1689;2006
4952;2006;1455;2006
8947;2006;856;2006
0902;2006;5335;2006
3709;2006;6120;2006
4840;2006;3711;2006
6787;2006;2672;2006
8946;2006;11739;2006
0025;2006;1115;2006
3875;2006;3716;2006
4283;2006;1094;2006
