Codice Ripartizione geografica;Codice Regione;Codice Provincia/Uts;Codice Comune (alfanumerico);Codice Comune (numerico);Comune;Comune (dizione straniera);Sigla automobilistica;Capoluogo di Provincia/Uts;Capoluogo di Regione;Popolazione legale;Anno Censimento;Superficie (Kmq);Anno (Superficie);Popolazione residente;Anno (Popolazione residente)
1462;2002;2538;2002
7393;2002;3544;2002
3315;2002;468;2002
7314;2002;1673;2002
3796;2002;616;2002
8756;2002;5679;2002
6261;2002;284;2002
9193;2002;16695;2002
4860;2002;1742;2002
3085;2002;470;2002
8782;2002;790;2002
1668;2002;901;2002
2172;2002;11171;2002
9605;2002;1294;2002
0859;2002;813;2002
0063;2002;3057;2002
5064;2002;523;2002
4054;2002;3326;2002
7105;2002;101;2002
0289;2002;3390;2002
8027;2002;1508;2002
2029;2002;3010;2002
9864;2002;589;2002
7343;2002;18412;2002
5979;2002;2908;2002
0819;2002;594;2002
2234;2002;1997;2002
3261;2002;12909;2002
9648;2002;487;2002
4189;2002;3629;2002
3712;2002;797;2002
9617;2002;2233;2002
9191;2002;2922;2002
2914;2002;7505;2002
7585;2002;4010;2002
1350;2002;468;2002
9504;2002;444;2002
5701;2002;7422;2002
3592;2002;1663;2002
5838;2002;1344;2002
6868;2002;1320;2002
4760;2002;1337;2002
0643;2002;1374;2002
1004;2002;6430;2002
0973;2002;6479;2002
2312;2002;3506;2002
4925;2002;7153;2002
1314;2002;5783;2002
0864;2002;1279;2002
1317;2002;1291;2002
8499;2002;5197;2002
9505;2002;277;2002
1953;2002;2121;2002
0319;2002;557;2002
4066;2002;1912;2002
5371;2002;1025;2002
2578;2002;765;2002
6894;2002;8663;2002
7149;2002;25075;2002
1250;2002;1792;2002
1726;2002;1450;2002
3137;2002;2701;2002
7115;2002;16073;2002
4732;2002;1480;2002
2796;2002;1849;2002
7063;2002;9059;2002
3756;2002;438;2002
1346;2002;5496;2002
3285;2002;2308;2002
9591;2002;5290;2002
1595;2002;1817;2002
0516;2002;1029;2002
8139;2002;164;2002
7001;2002;1068;2002
4478;2002;375;2002
5698;2002;1698;2002
0221;2002;2203;2002
1975;2002;32998;2002
1189;2002;238;2002
7549;2002;987;2002
9165;2002;1590;2002
2378;2002;23590;2002
1638;2002;351;2002
9345;2002;364;2002
1962;2002;351;2002
7329;2002;18212;2002
6872;2002;168;2002
8788;2002;1484;2002
5727;2002;2934;2002
0993;2002;46945;2002
3321;2002;313;2002
5894;2002;623;2002
1131;2002;4363;2002
4914;2002;3199;2002
2384;2002;549;2002
8709;2002;930;2002
7335;2002;6973;2002
3133;2002;10017;2002
5395;2002;8231;2002
5474;2002;292;2002
8499;2002;4386;2002
8929;2002;2349;2002
4091;2002;608;2002
0415;2002;2569;2002
3457;2002;903;2002
6427;2002;2153;2002
5075;2002;3703;2002
8185;2002;288;2002
9482;2002;1616;2002
1488;2002;2749;2002
4018;2002;541;2002
5108;2002;9102;2002
4442;2002;1254;2002
3833;2002;677;2002
7376;2002;14608;2002
8200;2002;2219;2002
9870;2002;720;2002
0935;2002;221;2002
3296;2002;1007;2002
1321;2002;38383;2002
7506;2002;62;2002
0292;2002;649;2002
7716;2002;408;2002
5042;2002;391;2002
1075;2002;23512;2002
0353;2002;1393;2002
7825;2002;6496;2002
2876;2002;5173;2002
2900;2002;1439;2002
4355;2002;11981;2002
6753;2002;218;2002
9366;2002;1928;2002
3912;2002;482;2002
5162;2002;1766;2002
7158;2002;1515;2002
2096;2002;1007;2002
1914;2002;1011;2002
8835;2002;334;2002
7414;2002;7803;2002
0398;2002;495;2002
2585;2002;535;2002
1404;2002;1146;2002
3129;2002;498;2002
2593;2002;1248;2002
2587;2002;71;2002
0706;2002;3961;2002
6942;2002;715;2002
3424;2002;3979;2002
5439;2002;924;2002
6383;2002;1198;2002
4420;2002;111;2002
0871;2002;902;2002
0825;2002;389;2002
3332;2002;681;2002
6554;2002;397;2002
5288;2002;53364;2002
5007;2002;44;2002
6567;2002;578;2002
4681;2002;883;2002
3567;2002;3449;2002
9036;2002;5298;2002
3896;2002;855;2002
4895;2002;770;2002
5625;2002;47780;2002
0453;2002;202;2002
3531;2002;6329;2002
0743;2002;341;2002
6422;2002;7777;2002
5542;2002;555;2002
3030;2002;1333;2002
2079;2002;21689;2002
1541;2002;788;2002
4885;2002;996;2002
5770;2002;744;2002
7857;2002;2699;2002
4058;2002;1156;2002
0819;2002;776;2002
8878;2002;1923;2002
6886;2002;471;2002
4056;2002;899;2002
5400;2002;3778;2002
5680;2002;243;2002
1730;2002;3725;2002
0906;2002;3667;2002
7080;2002;558;2002
1830;2002;753;2002
0041;2002;707;2002
3498;2002;594;2002
4634;2002;11244;2002
7183;2002;2947;2002
3376;2002;33523;2002
8196;2002;8279;2002
6488;2002;3293;2002
1459;2002;16358;2002
9034;2002;3117;2002
0343;2002;1261;2002
6186;2002;9024;2002
5611;2002;1111;2002
0609;2002;3788;2002
4476;2002;947;2002
2017;2002;453;2002
6092;2002;327;2002
8455;2002;1829;2002
4785;2002;261;2002
5052;2002;1260;2002
2419;2002;760;2002
8803;2002;606;2002
0380;2002;326;2002
9559;2002;387;2002
7868;2002;1042;2002
6658;2002;1454;2002
6002;2002;85;2002
8334;2002;977;2002
1075;2002;17707;2002
8318;2002;3868;2002
5714;2002;2655;2002
2461;2002;11859;2002
8733;2002;1442;2002
4998;2002;49645;2002
5756;2002;3048;2002
1912;2002;1648;2002
7039;2002;1973;2002
2107;2002;2908;2002
2664;2002;377;2002
6877;2002;1634;2002
4075;2002;267;2002
3732;2002;945;2002
0650;2002;3641;2002
9371;2002;2102;2002
1002;2002;766;2002
9519;2002;1687;2002
3197;2002;481;2002
1034;2002;507;2002
8859;2002;73;2002
4329;2002;1514;2002
2318;2002;5176;2002
9070;2002;3548;2002
3809;2002;366;2002
3037;2002;454;2002
9796;2002;4384;2002
6513;2002;3712;2002
8617;2002;1876;2002
8866;2002;2613;2002
4049;2002;2471;2002
7219;2002;986;2002
6132;2002;3114;2002
7933;2002;802;2002
3442;2002;7272;2002
5517;2002;17941;2002
4446;2002;1501;2002
1243;2002;283;2002
1520;2002;2871;2002
5766;2002;1817;2002
5719;2002;3385;2002
3682;2002;4292;2002
7945;2002;4074;2002
1984;2002;10262;2002
2772;2002;186;2002
3112;2002;1011;2002
6768;2002;3075;2002
0308;2002;747;2002
3557;2002;1463;2002
9158;2002;819;2002
0578;2002;504;2002
3659;2002;46919;2002
2590;2002;1570;2002
6785;2002;1145;2002
2140;2002;263;2002
4686;2002;6021;2002
9879;2002;6535;2002
6751;2002;828;2002
0095;2002;864753;2002
8238;2002;2401;2002
4545;2002;610;2002
0981;2002;4555;2002
4059;2002;3363;2002
2448;2002;146;2002
3592;2002;373;2002
4544;2002;548;2002
3475;2002;10702;2002
9669;2002;198;2002
5375;2002;249;2002
2292;2002;1353;2002
5252;2002;3578;2002
1200;2002;770;2002
0792;2002;732;2002
9094;2002;3118;2002
8469;2002;126;2002
5579;2002;713;2002
0927;2002;1432;2002
1435;2002;976;2002
4424;2002;35409;2002
4882;2002;4504;2002
9431;2002;1472;2002
0690;2002;866;2002
6454;2002;241;2002
9337;2002;882;2002
9677;2002;534;2002
1543;2002;5061;2002
7854;2002;4762;2002
0306;2002;1004;2002
4088;2002;2826;2002
7080;2002;2792;2002
4091;2002;970;2002
6868;2002;2049;2002
2927;2002;1212;2002
4228;2002;4208;2002
8767;2002;4651;2002
6940;2002;13461;2002
0574;2002;1080;2002
0748;2002;1397;2002
6817;2002;524;2002
1119;2002;1199;2002
4629;2002;13154;2002
9827;2002;7170;2002
0366;2002;441;2002
7804;2002;330;2002
5650;2002;2596;2002
3101;2002;1042;2002
3156;2002;1402;2002
7885;2002;100;2002
8079;2002;263;2002
8058;2002;2045;2002
8706;2002;267;2002
5707;2002;2590;2002
0901;2002;13812;2002
2949;2002;2181;2002
2305;2002;192;2002
0776;2002;939;2002
1364;2002;224;2002
8004;2002;76;2002
1088;2002;1078;2002
0330;2002;1026;2002
1062;2002;948;2002
2050;2002;258;2002
6044;2002;344;2002
0488;2002;909;2002
5380;2002;53;2002
3078;2002;4522;2002
3878;2002;259;2002
2234;2002;108;2002
9676;2002;854;2002
8563;2002;275;2002
2233;2002;7512;2002
0162;2002;432;2002
4768;2002;1048;2002
1403;2002;247;2002
2424;2002;1234;2002
7629;2002;558;2002
6659;2002;8532;2002
5030;2002;838;2002
8817;2002;395;2002
0875;2002;350;2002
6440;2002;520;2002
9701;2002;951;2002
5740;2002;552;2002
0280;2002;4327;2002
6672;2002;794;2002
9178;2002;104;2002
1818;2002;1459;2002
7139;2002;841;2002
5035;2002;634;2002
5270;2002;230;2002
9396;2002;1305;2002
2949;2002;331;2002
3506;2002;1113;2002
6903;2002;118;2002
5976;2002;197;2002
1781;2002;586;2002
5389;2002;584;2002
1561;2002;4244;2002
8910;2002;429;2002
2700;2002;73;2002
0226;2002;71;2002
3032;2002;159;2002
2702;2002;139;2002
1298;2002;234;2002
4089;2002;404;2002
9160;2002;2467;2002
4754;2002;633;2002
8379;2002;189;2002
2681;2002;1025;2002
8536;2002;93;2002
1875;2002;237;2002
7766;2002;129;2002
5981;2002;4088;2002
6327;2002;1807;2002
1294;2002;9270;2002
5335;2002;376;2002
2544;2002;435;2002
9053;2002;5021;2002
3140;2002;1192;2002
2491;2002;634;2002
6054;2002;7647;2002
7508;2002;3473;2002
4259;2002;2309;2002
1193;2002;7264;2002
7747;2002;44985;2002
5109;2002;527;2002
5822;2002;1628;2002
2573;2002;141;2002
5364;2002;1253;2002
9965;2002;878;2002
5153;2002;2170;2002
1699;2002;14231;2002
4928;2002;931;2002
1786;2002;8514;2002
4536;2002;1089;2002
6080;2002;1213;2002
5097;2002;1177;2002
3043;2002;1023;2002
0912;2002;1872;2002
2699;2002;19504;2002
3928;2002;3964;2002
7479;2002;2684;2002
7562;2002;1165;2002
3214;2002;2412;2002
9857;2002;9809;2002
6557;2002;2560;2002
0407;2002;842;2002
5310;2002;873;2002
4909;2002;1450;2002
4849;2002;815;2002
7918;2002;257;2002
6412;2002;8824;2002
4855;2002;411;2002
8335;2002;1320;2002
3261;2002;1249;2002
6390;2002;6699;2002
1618;2002;412;2002
4493;2002;982;2002
1035;2002;1422;2002
5068;2002;2250;2002
0977;2002;1262;2002
2522;2002;2474;2002
2146;2002;2081;2002
1702;2002;2571;2002
3693;2002;13644;2002
0493;2002;972;2002
7542;2002;1681;2002
2884;2002;3215;2002
6442;2002;3671;2002
5821;2002;5964;2002
5183;2002;1228;2002
3337;2002;4765;2002
3718;2002;3696;2002
2834;2002;583;2002
5806;2002;2416;2002
6587;2002;1700;2002
8541;2002;271;2002
7880;2002;1454;2002
8639;2002;1093;2002
5349;2002;2375;2002
7187;2002;966;2002
5211;2002;957;2002
5907;2002;2684;2002
2650;2002;1621;2002
3421;2002;718;2002
0495;2002;100511;2002
7944;2002;12187;2002
9351;2002;1816;2002
6500;2002;1144;2002
2271;2002;1571;2002
1018;2002;1174;2002
0713;2002;1301;2002
7660;2002;798;2002
8653;2002;1490;2002
2965;2002;1785;2002
1260;2002;1965;2002
8526;2002;863;2002
9764;2002;4190;2002
6909;2002;4259;2002
5426;2002;3080;2002
4512;2002;741;2002
8991;2002;1753;2002
5352;2002;577;2002
7543;2002;1458;2002
3719;2002;738;2002
9139;2002;887;2002
3271;2002;2811;2002
4631;2002;464;2002
2378;2002;855;2002
2233;2002;17246;2002
0122;2002;943;2002
5929;2002;4456;2002
8717;2002;1615;2002
7788;2002;2090;2002
2939;2002;855;2002
4632;2002;606;2002
5276;2002;192;2002
9173;2002;255;2002
5855;2002;29707;2002
5899;2002;260;2002
4547;2002;114;2002
2591;2002;105;2002
9174;2002;168;2002
9487;2002;1021;2002
2505;2002;5463;2002
3257;2002;1096;2002
7637;2002;651;2002
9923;2002;7306;2002
6892;2002;675;2002
0005;2002;639;2002
1195;2002;265;2002
6865;2002;2766;2002
0700;2002;175;2002
0030;2002;373;2002
0657;2002;3317;2002
4389;2002;451;2002
1118;2002;78;2002
7956;2002;3060;2002
2409;2002;133;2002
4778;2002;367;2002
3396;2002;11301;2002
5405;2002;218;2002
5453;2002;697;2002
9483;2002;9309;2002
5298;2002;28272;2002
2376;2002;306;2002
1797;2002;60;2002
1240;2002;363;2002
0639;2002;1128;2002
8440;2002;9484;2002
6378;2002;719;2002
6114;2002;227;2002
8655;2002;5254;2002
4476;2002;95;2002
5011;2002;125;2002
7246;2002;6333;2002
3287;2002;2707;2002
3047;2002;1059;2002
8380;2002;4028;2002
4192;2002;176;2002
8066;2002;1372;2002
1148;2002;1752;2002
9513;2002;227;2002
3404;2002;246;2002
1301;2002;1175;2002
8576;2002;371;2002
8028;2002;871;2002
5178;2002;341;2002
3070;2002;109;2002
2617;2002;116;2002
7202;2002;648;2002
6345;2002;882;2002
5227;2002;530;2002
4378;2002;569;2002
5946;2002;5096;2002
1052;2002;114;2002
4856;2002;6294;2002
0496;2002;2051;2002
1423;2002;459;2002
2414;2002;4279;2002
5961;2002;1893;2002
0744;2002;5765;2002
5350;2002;7361;2002
0188;2002;3677;2002
1219;2002;194;2002
9034;2002;95;2002
1508;2002;837;2002
0879;2002;1926;2002
9874;2002;2512;2002
5398;2002;1064;2002
3423;2002;3112;2002
1183;2002;409;2002
0529;2002;206;2002
6705;2002;52658;2002
3063;2002;2021;2002
5432;2002;3040;2002
6134;2002;4590;2002
9575;2002;6955;2002
2196;2002;113;2002
7314;2002;830;2002
9305;2002;1877;2002
5112;2002;1750;2002
0300;2002;404;2002
6666;2002;383;2002
2369;2002;23866;2002
1437;2002;856;2002
6433;2002;1458;2002
0106;2002;308;2002
9691;2002;468;2002
7412;2002;361;2002
2876;2002;3489;2002
7224;2002;2354;2002
9699;2002;383;2002
6768;2002;189;2002
9107;2002;1941;2002
8082;2002;1846;2002
4457;2002;3050;2002
4042;2002;84;2002
0629;2002;102;2002
7124;2002;1315;2002
1690;2002;2613;2002
8291;2002;519;2002
2005;2002;695;2002
2539;2002;843;2002
7390;2002;256;2002
8104;2002;1548;2002
2287;2002;251;2002
6562;2002;67;2002
5000;2002;1673;2002
2204;2002;2110;2002
0310;2002;1371;2002
7344;2002;3342;2002
9869;2002;2739;2002
3762;2002;1296;2002
1258;2002;101;2002
0258;2002;307;2002
2806;2002;695;2002
9056;2002;374;2002
0682;2002;300;2002
5111;2002;317;2002
4335;2002;628;2002
4386;2002;1201;2002
6796;2002;117;2002
9114;2002;1193;2002
9903;2002;525;2002
9818;2002;21955;2002
9330;2002;771;2002
2745;2002;1914;2002
8203;2002;4359;2002
5843;2002;603;2002
8403;2002;882;2002
6271;2002;729;2002
4303;2002;483;2002
1041;2002;225;2002
2211;2002;595;2002
6999;2002;1598;2002
9363;2002;304;2002
2358;2002;1936;2002
9934;2002;4124;2002
1919;2002;1979;2002
6758;2002;858;2002
3282;2002;915;2002
1826;2002;3316;2002
3029;2002;2936;2002
9261;2002;428;2002
5183;2002;420;2002
7070;2002;999;2002
7055;2002;966;2002
8083;2002;457;2002
3592;2002;96;2002
4950;2002;1921;2002
0873;2002;79;2002
2693;2002;3079;2002
6797;2002;562;2002
4039;2002;401;2002
4249;2002;240;2002
8932;2002;325;2002
2140;2002;128;2002
9187;2002;5275;2002
5693;2002;370;2002
3102;2002;1871;2002
6214;2002;2755;2002
1856;2002;106;2002
0347;2002;1074;2002
3043;2002;960;2002
4774;2002;2781;2002
3146;2002;1145;2002
9229;2002;198;2002
2934;2002;319;2002
3851;2002;209;2002
0088;2002;439;2002
0306;2002;1954;2002
3739;2002;802;2002
3615;2002;495;2002
0562;2002;9777;2002
4700;2002;4208;2002
8436;2002;1027;2002
3520;2002;152;2002
8367;2002;165;2002
4212;2002;86;2002
0038;2002;2316;2002
8104;2002;549;2002
2988;2002;1470;2002
0152;2002;150;2002
4025;2002;1608;2002
6108;2002;2061;2002
2407;2002;691;2002
1492;2002;2765;2002
5076;2002;190;2002
3531;2002;1359;2002
5849;2002;365;2002
9004;2002;954;2002
9166;2002;932;2002
5091;2002;327;2002
5052;2002;503;2002
0742;2002;194;2002
3254;2002;1488;2002
6960;2002;689;2002
5902;2002;15802;2002
1392;2002;92;2002
9069;2002;1139;2002
8454;2002;193;2002
2618;2002;474;2002
5040;2002;2503;2002
7088;2002;2628;2002
1069;2002;2049;2002
4544;2002;2117;2002
0758;2002;2570;2002
5721;2002;4021;2002
1142;2002;1249;2002
7876;2002;20009;2002
3878;2002;210;2002
4979;2002;1911;2002
3908;2002;510;2002
8995;2002;343;2002
6012;2002;471;2002
6848;2002;386;2002
4155;2002;5815;2002
0935;2002;2666;2002
0956;2002;104;2002
2013;2002;1966;2002
1829;2002;212;2002
6453;2002;521;2002
3901;2002;671;2002
8226;2002;67;2002
5956;2002;758;2002
5253;2002;350;2002
1439;2002;2012;2002
3126;2002;970;2002
1017;2002;788;2002
9559;2002;161;2002
9200;2002;56;2002
4094;2002;1524;2002
1540;2002;512;2002
0563;2002;1312;2002
1320;2002;6259;2002
0688;2002;2091;2002
7363;2002;3073;2002
9415;2002;2075;2002
7324;2002;2899;2002
3523;2002;5456;2002
7884;2002;795;2002
4958;2002;1406;2002
1692;2002;749;2002
0672;2002;466;2002
0900;2002;572;2002
4484;2002;1677;2002
5399;2002;448;2002
8608;2002;988;2002
4124;2002;624;2002
3734;2002;71366;2002
4341;2002;386;2002
0660;2002;999;2002
2796;2002;331;2002
3430;2002;412;2002
9008;2002;373;2002
7621;2002;915;2002
1608;2002;2037;2002
7884;2002;1557;2002
2931;2002;1421;2002
7149;2002;1270;2002
8923;2002;508;2002
4326;2002;10191;2002
7214;2002;836;2002
0565;2002;311;2002
6480;2002;660;2002
8391;2002;602;2002
5648;2002;3633;2002
3374;2002;1211;2002
8622;2002;655;2002
0881;2002;2679;2002
2882;2002;295;2002
0662;2002;168;2002
1785;2002;1794;2002
5499;2002;922;2002
2039;2002;781;2002
6068;2002;3041;2002
6273;2002;392;2002
8477;2002;595;2002
5928;2002;452;2002
8123;2002;241;2002
6529;2002;592;2002
7779;2002;432;2002
4170;2002;251;2002
5045;2002;477;2002
7326;2002;1259;2002
0489;2002;313;2002
5226;2002;1542;2002
0824;2002;172;2002
0231;2002;286;2002
4766;2002;278;2002
3333;2002;615;2002
4254;2002;550;2002
3986;2002;487;2002
9433;2002;5899;2002
7086;2002;499;2002
9251;2002;937;2002
9270;2002;1532;2002
1300;2002;541;2002
2168;2002;700;2002
8846;2002;622;2002
4721;2002;650;2002
7037;2002;2061;2002
5026;2002;2055;2002
8219;2002;383;2002
3739;2002;301;2002
9251;2002;371;2002
1551;2002;428;2002
4357;2002;265;2002
3971;2002;1153;2002
2321;2002;2225;2002
1103;2002;927;2002
2057;2002;971;2002
4210;2002;3288;2002
3291;2002;788;2002
8550;2002;968;2002
5373;2002;364;2002
4969;2002;928;2002
6348;2002;682;2002
1408;2002;1383;2002
4191;2002;2086;2002
1185;2002;1216;2002
4053;2002;232;2002
3631;2002;9947;2002
6170;2002;105;2002
0260;2002;453;2002
5630;2002;541;2002
0013;2002;583;2002
0820;2002;239;2002
1950;2002;663;2002
0036;2002;1973;2002
8582;2002;192;2002
0961;2002;1569;2002
7729;2002;883;2002
4172;2002;379;2002
1805;2002;538;2002
5631;2002;949;2002
5057;2002;507;2002
8377;2002;400;2002
9109;2002;1404;2002
8656;2002;7737;2002
1477;2002;133;2002
2094;2002;717;2002
6838;2002;1045;2002
8691;2002;1081;2002
3426;2002;613;2002
3277;2002;162;2002
4471;2002;279;2002
6804;2002;563;2002
2800;2002;142;2002
1173;2002;1602;2002
8030;2002;890;2002
5952;2002;188;2002
7599;2002;292;2002
0383;2002;2147;2002
1655;2002;694;2002
9754;2002;249;2002
7135;2002;1007;2002
6530;2002;811;2002
8798;2002;3002;2002
9480;2002;4782;2002
1268;2002;381;2002
2863;2002;689;2002
8624;2002;1743;2002
2967;2002;19349;2002
2298;2002;356;2002
5659;2002;85431;2002
1455;2002;785;2002
2135;2002;788;2002
1382;2002;1022;2002
3280;2002;490;2002
1269;2002;390;2002
9166;2002;5779;2002
2375;2002;289;2002
6197;2002;1452;2002
0526;2002;1921;2002
7128;2002;1783;2002
3258;2002;417;2002
4397;2002;760;2002
8874;2002;158;2002
5936;2002;1748;2002
3977;2002;1971;2002
6034;2002;611;2002
7230;2002;1369;2002
5297;2002;2460;2002
6136;2002;1150;2002
0235;2002;305;2002
5293;2002;495;2002
6326;2002;638;2002
2493;2002;543;2002
4376;2002;758;2002
0619;2002;543;2002
4663;2002;1849;2002
0526;2002;949;2002
7892;2002;321;2002
4833;2002;411;2002
3394;2002;919;2002
2551;2002;122;2002
0154;2002;452;2002
3413;2002;795;2002
1637;2002;897;2002
0104;2002;370;2002
2099;2002;35231;2002
9850;2002;890;2002
0373;2002;150;2002
8466;2002;1840;2002
0925;2002;3023;2002
7721;2002;868;2002
2089;2002;96;2002
4827;2002;406;2002
1282;2002;4282;2002
6600;2002;145;2002
9770;2002;1872;2002
5844;2002;490;2002
5776;2002;1444;2002
1106;2002;654;2002
4214;2002;5659;2002
4873;2002;402;2002
4466;2002;300;2002
5524;2002;514;2002
4427;2002;438;2002
7470;2002;337;2002
3008;2002;1612;2002
3002;2002;413;2002
6117;2002;1009;2002
8996;2002;343;2002
3874;2002;999;2002
2191;2002;356;2002
4621;2002;213;2002
2762;2002;249;2002
8547;2002;824;2002
0138;2002;2391;2002
6148;2002;324;2002
7515;2002;466;2002
2861;2002;461;2002
4310;2002;541;2002
5649;2002;1475;2002
9336;2002;709;2002
0573;2002;1884;2002
5332;2002;1692;2002
7684;2002;1242;2002
1542;2002;761;2002
7165;2002;678;2002
2797;2002;124;2002
2764;2002;4545;2002
4494;2002;715;2002
3863;2002;360;2002
0802;2002;301;2002
9428;2002;546;2002
8021;2002;296;2002
5485;2002;765;2002
5358;2002;811;2002
8759;2002;1203;2002
0350;2002;121;2002
2319;2002;1443;2002
7375;2002;1168;2002
1998;2002;191;2002
2357;2002;1393;2002
5040;2002;2045;2002
7527;2002;715;2002
6941;2002;1085;2002
5408;2002;225;2002
5184;2002;240;2002
0326;2002;202;2002
6176;2002;634;2002
7473;2002;324;2002
3756;2002;310;2002
7241;2002;671;2002
4867;2002;337;2002
5982;2002;578;2002
4513;2002;297;2002
8515;2002;349;2002
7049;2002;1580;2002
9523;2002;460;2002
2197;2002;713;2002
2943;2002;699;2002
3104;2002;1508;2002
1948;2002;27209;2002
4629;2002;1364;2002
4278;2002;537;2002
5707;2002;270;2002
6908;2002;139;2002
0996;2002;419;2002
5434;2002;673;2002
3723;2002;11533;2002
3665;2002;1267;2002
1834;2002;1522;2002
4198;2002;243;2002
7376;2002;664;2002
5365;2002;712;2002
2811;2002;1002;2002
4645;2002;1312;2002
9973;2002;928;2002
6455;2002;764;2002
4427;2002;423;2002
7049;2002;3749;2002
9177;2002;1547;2002
9679;2002;718;2002
6495;2002;387;2002
0281;2002;1215;2002
0840;2002;397;2002
1766;2002;4782;2002
9724;2002;534;2002
0071;2002;2057;2002
1651;2002;1289;2002
7338;2002;1708;2002
5153;2002;683;2002
0516;2002;1410;2002
0734;2002;372;2002
5887;2002;169;2002
4612;2002;1347;2002
1543;2002;222;2002
2799;2002;1669;2002
5754;2002;466;2002
9156;2002;4213;2002
5706;2002;562;2002
1156;2002;1292;2002
6916;2002;4631;2002
8925;2002;556;2002
7065;2002;423;2002
7430;2002;439;2002
8532;2002;1140;2002
8426;2002;630;2002
9488;2002;5837;2002
3194;2002;1299;2002
1681;2002;1862;2002
5538;2002;1710;2002
9533;2002;221;2002
8545;2002;1209;2002
9542;2002;304;2002
9132;2002;2140;2002
2889;2002;1975;2002
2111;2002;1444;2002
0350;2002;594;2002
2664;2002;808;2002
7960;2002;844;2002
0894;2002;1379;2002
8666;2002;25174;2002
6032;2002;266;2002
2192;2002;659;2002
3854;2002;20111;2002
2934;2002;1068;2002
7258;2002;1116;2002
6455;2002;2055;2002
3073;2002;2859;2002
6091;2002;498;2002
4744;2002;922;2002
8689;2002;327;2002
5563;2002;1723;2002
0672;2002;755;2002
5618;2002;1153;2002
4829;2002;1210;2002
2458;2002;166;2002
1827;2002;772;2002
9640;2002;239;2002
8080;2002;591;2002
3923;2002;33968;2002
8405;2002;1259;2002
3596;2002;855;2002
6166;2002;321;2002
4208;2002;1292;2002
2436;2002;1852;2002
0314;2002;138;2002
0905;2002;241;2002
5133;2002;946;2002
2621;2002;877;2002
9864;2002;697;2002
1589;2002;589;2002
5415;2002;944;2002
5283;2002;88;2002
7924;2002;650;2002
4401;2002;437;2002
8619;2002;2255;2002
6811;2002;4788;2002
0426;2002;1468;2002
6059;2002;2895;2002
9801;2002;2649;2002
2542;2002;384;2002
2330;2002;217;2002
5692;2002;453;2002
1159;2002;1602;2002
7128;2002;416;2002
1716;2002;471;2002
9833;2002;1276;2002
3034;2002;2786;2002
5174;2002;290;2002
6500;2002;785;2002
6384;2002;1154;2002
0381;2002;544;2002
3781;2002;386;2002
6103;2002;1357;2002
0120;2002;740;2002
9365;2002;139;2002
9427;2002;1856;2002
6666;2002;717;2002
5491;2002;471;2002
7597;2002;1752;2002
6277;2002;1895;2002
3544;2002;2588;2002
4825;2002;158;2002
5598;2002;207;2002
2673;2002;482;2002
3295;2002;1380;2002
5619;2002;197;2002
7533;2002;730;2002
9214;2002;3893;2002
4018;2002;971;2002
0520;2002;3168;2002
8306;2002;123;2002
3385;2002;205;2002
6410;2002;880;2002
7364;2002;3005;2002
3872;2002;355;2002
3858;2002;1178;2002
4576;2002;327;2002
4207;2002;186;2002
1772;2002;2683;2002
8769;2002;380;2002
5721;2002;4707;2002
2810;2002;4245;2002
4629;2002;496;2002
4757;2002;191;2002
4468;2002;605;2002
2147;2002;185;2002
1501;2002;2148;2002
3546;2002;1276;2002
3607;2002;2587;2002
7980;2002;1117;2002
6268;2002;447;2002
9364;2002;591;2002
0628;2002;200;2002
0925;2002;124;2002
1429;2002;352;2002
1000;2002;1266;2002
3196;2002;273;2002
6456;2002;10312;2002
9399;2002;491;2002
4357;2002;846;2002
9447;2002;5151;2002
4709;2002;299;2002
2910;2002;181;2002
8605;2002;1083;2002
9282;2002;362;2002
7924;2002;1280;2002
5850;2002;1181;2002
8569;2002;239;2002
5068;2002;602;2002
0919;2002;480;2002
3931;2002;1135;2002
8809;2002;519;2002
5548;2002;277;2002
5190;2002;738;2002
3343;2002;594;2002
1136;2002;1918;2002
6729;2002;6108;2002
9118;2002;1038;2002
2846;2002;1944;2002
7953;2002;1179;2002
3823;2002;39495;2002
3465;2002;654;2002
8968;2002;283;2002
6911;2002;228;2002
0473;2002;706;2002
7127;2002;389;2002
0261;2002;146;2002
8375;2002;234;2002
4462;2002;3320;2002
2994;2002;868;2002
2246;2002;563;2002
5045;2002;1361;2002
2304;2002;919;2002
3802;2002;800;2002
3127;2002;2053;2002
2099;2002;646;2002
8026;2002;486;2002
8563;2002;536;2002
3683;2002;393;2002
0712;2002;2748;2002
2848;2002;252;2002
8532;2002;3042;2002
3071;2002;1176;2002
2886;2002;1397;2002
9578;2002;51170;2002
6886;2002;2099;2002
8705;2002;345;2002
4660;2002;805;2002
3583;2002;12878;2002
9254;2002;225;2002
6060;2002;403;2002
8808;2002;1101;2002
6815;2002;7072;2002
1513;2002;433;2002
7256;2002;24519;2002
4645;2002;289;2002
5157;2002;444;2002
2440;2002;10573;2002
5752;2002;22799;2002
2458;2002;5688;2002
6771;2002;10848;2002
2966;2002;2164;2002
7987;2002;6872;2002
0930;2002;584;2002
2733;2002;543;2002
7924;2002;614;2002
6899;2002;1171;2002
3521;2002;2092;2002
3910;2002;5115;2002
7326;2002;2108;2002
4709;2002;452;2002
4026;2002;13304;2002
6034;2002;1456;2002
7456;2002;1601;2002
4005;2002;5647;2002
4707;2002;772;2002
7042;2002;291;2002
1432;2002;188;2002
5606;2002;5348;2002
9617;2002;3735;2002
1527;2002;5381;2002
2726;2002;1607;2002
4065;2002;1033;2002
8152;2002;1935;2002
7277;2002;229;2002
5253;2002;11823;2002
0314;2002;1055;2002
2237;2002;892;2002
7021;2002;415;2002
7242;2002;2146;2002
4313;2002;10659;2002
5718;2002;726;2002
7301;2002;1297;2002
8506;2002;140;2002
9575;2002;3261;2002
2979;2002;551;2002
2226;2002;864;2002
1779;2002;226;2002
6683;2002;2921;2002
1897;2002;217;2002
3129;2002;810;2002
4541;2002;1096;2002
1735;2002;459;2002
3321;2002;943;2002
4461;2002;825;2002
8780;2002;8699;2002
6453;2002;566;2002
9456;2002;848;2002
9184;2002;7058;2002
5972;2002;549;2002
7067;2002;693;2002
6560;2002;1780;2002
2710;2002;60077;2002
0198;2002;3753;2002
6807;2002;2934;2002
8062;2002;750;2002
2868;2002;214;2002
9651;2002;2133;2002
4468;2002;2215;2002
1688;2002;835;2002
7846;2002;8030;2002
9616;2002;13495;2002
9151;2002;425;2002
7617;2002;677;2002
8914;2002;2039;2002
8072;2002;300;2002
2972;2002;11490;2002
9322;2002;2155;2002
2766;2002;2641;2002
4242;2002;4575;2002
5133;2002;2004;2002
0618;2002;5962;2002
0653;2002;5593;2002
7402;2002;3130;2002
9059;2002;7529;2002
4580;2002;3301;2002
8222;2002;6068;2002
0656;2002;3090;2002
7499;2002;1531;2002
6951;2002;3761;2002
2310;2002;27421;2002
2837;2002;2476;2002
7229;2002;9049;2002
0821;2002;5269;2002
0024;2002;241;2002
7249;2002;589;2002
5252;2002;1802;2002
2539;2002;120;2002
6165;2002;476;2002
1627;2002;326;2002
9072;2002;606064;2002
8714;2002;150;2002
9693;2002;1493;2002
8763;2002;12999;2002
7100;2002;2224;2002
7183;2002;493;2002
5078;2002;1479;2002
4412;2002;4060;2002
9341;2002;2646;2002
6498;2002;1334;2002
2743;2002;3551;2002
2716;2002;2603;2002
6107;2002;2773;2002
6787;2002;264;2002
7247;2002;1976;2002
5215;2002;2344;2002
2369;2002;929;2002
9885;2002;592;2002
5565;2002;2520;2002
5311;2002;538;2002
9310;2002;160;2002
6136;2002;29305;2002
7715;2002;10238;2002
7189;2002;1222;2002
1128;2002;4457;2002
8080;2002;90;2002
5932;2002;2987;2002
0827;2002;555;2002
5747;2002;2398;2002
0448;2002;10288;2002
9016;2002;5918;2002
7704;2002;1222;2002
7441;2002;3158;2002
2045;2002;7868;2002
6163;2002;18851;2002
0661;2002;4269;2002
5371;2002;624;2002
0146;2002;2149;2002
1384;2002;530;2002
6331;2002;2231;2002
6706;2002;739;2002
4259;2002;493;2002
7940;2002;2485;2002
1733;2002;4493;2002
5379;2002;9856;2002
9450;2002;2216;2002
5662;2002;7341;2002
1896;2002;978;2002
3368;2002;1010;2002
9014;2002;1195;2002
7545;2002;1181;2002
7916;2002;635;2002
8633;2002;535;2002
0171;2002;7841;2002
0856;2002;1478;2002
2703;2002;5607;2002
2599;2002;743;2002
3922;2002;90987;2002
0078;2002;10839;2002
8140;2002;5616;2002
4273;2002;663;2002
9431;2002;1571;2002
8558;2002;8406;2002
7461;2002;656;2002
1382;2002;4074;2002
7633;2002;3393;2002
2664;2002;1793;2002
6636;2002;854;2002
8524;2002;8407;2002
5146;2002;19972;2002
7759;2002;1544;2002
5883;2002;2278;2002
2985;2002;1066;2002
3713;2002;7348;2002
7008;2002;515;2002
7953;2002;380;2002
8821;2002;4890;2002
7261;2002;5522;2002
1519;2002;9558;2002
5059;2002;4596;2002
5062;2002;3846;2002
1722;2002;695;2002
9232;2002;1679;2002
5157;2002;1260;2002
5636;2002;616;2002
4320;2002;2363;2002
4769;2002;4872;2002
0169;2002;8364;2002
5653;2002;3115;2002
0300;2002;3878;2002
0382;2002;2032;2002
8461;2002;3202;2002
2924;2002;723;2002
1820;2002;1657;2002
9547;2002;973;2002
3508;2002;845;2002
1189;2002;1099;2002
6200;2002;964;2002
9058;2002;1075;2002
5128;2002;3210;2002
6598;2002;75943;2002
2718;2002;1809;2002
7280;2002;1588;2002
2635;2002;7367;2002
1414;2002;4411;2002
1269;2002;2612;2002
4234;2002;12117;2002
2131;2002;5752;2002
4002;2002;12202;2002
7494;2002;4625;2002
5879;2002;2419;2002
3228;2002;1228;2002
0381;2002;4029;2002
9092;2002;5092;2002
3442;2002;20664;2002
9547;2002;570;2002
9300;2002;14537;2002
9821;2002;516;2002
7509;2002;1268;2002
7907;2002;1955;2002
9003;2002;7702;2002
7590;2002;4938;2002
3176;2002;4839;2002
0035;2002;808;2002
1336;2002;8782;2002
1074;2002;3722;2002
9838;2002;1973;2002
8440;2002;4634;2002
6874;2002;966;2002
5554;2002;2389;2002
5510;2002;784;2002
4407;2002;592;2002
1837;2002;3125;2002
5438;2002;2812;2002
0591;2002;2608;2002
8543;2002;200;2002
5272;2002;3033;2002
9590;2002;1547;2002
0684;2002;2645;2002
3987;2002;1364;2002
4905;2002;166;2002
6809;2002;10396;2002
6579;2002;6371;2002
5265;2002;602;2002
9787;2002;47328;2002
2312;2002;860;2002
9434;2002;9456;2002
8643;2002;4502;2002
6747;2002;2644;2002
7868;2002;9017;2002
6600;2002;3661;2002
4363;2002;2469;2002
1580;2002;4877;2002
4806;2002;7547;2002
6957;2002;1908;2002
0456;2002;1204;2002
4338;2002;844;2002
3478;2002;9791;2002
9097;2002;4754;2002
8742;2002;4760;2002
4421;2002;5301;2002
5306;2002;8779;2002
1698;2002;2897;2002
8367;2002;4120;2002
2406;2002;11678;2002
7041;2002;979;2002
0057;2002;14147;2002
0683;2002;1404;2002
2782;2002;2005;2002
7726;2002;1152;2002
0116;2002;15423;2002
4904;2002;3247;2002
8464;2002;6034;2002
8580;2002;286;2002
8082;2002;279;2002
4816;2002;1720;2002
8832;2002;1255;2002
1012;2002;1224;2002
5105;2002;1746;2002
6025;2002;4165;2002
2356;2002;4237;2002
7451;2002;4365;2002
2065;2002;11087;2002
9147;2002;6424;2002
7246;2002;805;2002
5175;2002;505;2002
4711;2002;255;2002
3374;2002;3017;2002
3750;2002;2384;2002
4481;2002;885;2002
7630;2002;1147;2002
4389;2002;2916;2002
0139;2002;15442;2002
0575;2002;36858;2002
0379;2002;9848;2002
0347;2002;3993;2002
9318;2002;5647;2002
5053;2002;16123;2002
7498;2002;5908;2002
6311;2002;3230;2002
6351;2002;2240;2002
4775;2002;15989;2002
5968;2002;3311;2002
0620;2002;263;2002
7363;2002;9594;2002
4185;2002;1477;2002
3321;2002;2150;2002
8657;2002;80216;2002
0848;2002;7019;2002
2078;2002;330;2002
8789;2002;5845;2002
7338;2002;6874;2002
7832;2002;8449;2002
2627;2002;4991;2002
6058;2002;427;2002
2206;2002;1291;2002
3792;2002;6010;2002
9506;2002;4017;2002
8386;2002;2245;2002
9921;2002;1126;2002
5896;2002;4632;2002
2401;2002;1617;2002
8076;2002;7036;2002
1121;2002;638;2002
6231;2002;4445;2002
5106;2002;3225;2002
7081;2002;522;2002
6808;2002;2958;2002
5853;2002;330;2002
8047;2002;2350;2002
1194;2002;4309;2002
6705;2002;1506;2002
5601;2002;253;2002
4718;2002;1261;2002
1737;2002;5162;2002
8334;2002;1830;2002
9720;2002;441;2002
0252;2002;1733;2002
7733;2002;3072;2002
1784;2002;6827;2002
1931;2002;6680;2002
5169;2002;377;2002
5295;2002;1894;2002
6757;2002;2240;2002
2534;2002;35138;2002
1053;2002;4958;2002
7176;2002;4961;2002
9442;2002;1208;2002
9237;2002;2660;2002
1719;2002;3856;2002
7329;2002;2727;2002
1514;2002;5433;2002
9963;2002;383;2002
8896;2002;1742;2002
2221;2002;4464;2002
5073;2002;2427;2002
9723;2002;1315;2002
6220;2002;772;2002
4466;2002;774;2002
6881;2002;2748;2002
9748;2002;306;2002
5479;2002;519;2002
1831;2002;8674;2002
2813;2002;6935;2002
6263;2002;1980;2002
3781;2002;653;2002
9034;2002;522;2002
6171;2002;560;2002
1169;2002;78774;2002
5288;2002;1179;2002
1917;2002;748;2002
1382;2002;758;2002
9305;2002;3193;2002
6466;2002;267;2002
6082;2002;529;2002
2764;2002;1441;2002
0436;2002;3493;2002
4878;2002;300;2002
9512;2002;1021;2002
8017;2002;16601;2002
9372;2002;2489;2002
5230;2002;1207;2002
1414;2002;3462;2002
3603;2002;2585;2002
9561;2002;4651;2002
2395;2002;8359;2002
7547;2002;1026;2002
1256;2002;912;2002
4830;2002;257;2002
4163;2002;2077;2002
8250;2002;2918;2002
8991;2002;1255;2002
8403;2002;2611;2002
5458;2002;677;2002
9052;2002;5148;2002
9873;2002;7875;2002
1961;2002;888;2002
6825;2002;473;2002
8360;2002;2243;2002
0408;2002;1306;2002
5331;2002;391;2002
9352;2002;1817;2002
7039;2002;2056;2002
5636;2002;2351;2002
2977;2002;5547;2002
1337;2002;201;2002
0364;2002;3913;2002
4770;2002;7928;2002
6045;2002;1486;2002
1613;2002;2417;2002
6988;2002;4753;2002
8854;2002;2061;2002
9255;2002;9836;2002
0815;2002;511;2002
8027;2002;20598;2002
2885;2002;3496;2002
7701;2002;3125;2002
2814;2002;3659;2002
3255;2002;980;2002
8974;2002;1791;2002
7270;2002;1962;2002
2230;2002;4349;2002
0152;2002;287;2002
5169;2002;2533;2002
6815;2002;7002;2002
7055;2002;1052;2002
0301;2002;1272;2002
9209;2002;2927;2002
9644;2002;10541;2002
6880;2002;2157;2002
4607;2002;2435;2002
3421;2002;932;2002
2138;2002;1549;2002
5747;2002;195;2002
9935;2002;899;2002
7955;2002;1021;2002
5334;2002;299;2002
9040;2002;811;2002
0749;2002;873;2002
8112;2002;265;2002
3802;2002;4075;2002
6400;2002;4148;2002
2991;2002;941;2002
2026;2002;1180;2002
9165;2002;400;2002
0752;2002;269;2002
5208;2002;1051;2002
0864;2002;1508;2002
5680;2002;6491;2002
5316;2002;5511;2002
7342;2002;599;2002
5077;2002;1118;2002
2137;2002;1510;2002
0917;2002;4248;2002
9930;2002;409;2002
0667;2002;751;2002
7199;2002;1089;2002
1171;2002;936;2002
7868;2002;2874;2002
0937;2002;2262;2002
2332;2002;1189;2002
7425;2002;657;2002
2943;2002;685;2002
9054;2002;5382;2002
5288;2002;1224;2002
8070;2002;1302;2002
9091;2002;214;2002
2824;2002;7862;2002
7844;2002;3917;2002
6474;2002;2463;2002
1320;2002;2608;2002
6115;2002;210;2002
7405;2002;1707;2002
8606;2002;260;2002
1517;2002;2355;2002
0078;2002;715;2002
7469;2002;3855;2002
8680;2002;6664;2002
5952;2002;204;2002
3743;2002;415;2002
3462;2002;3102;2002
7750;2002;565;2002
3652;2002;1584;2002
1442;2002;3123;2002
2215;2002;148;2002
5948;2002;4200;2002
1065;2002;1207;2002
4214;2002;4071;2002
7070;2002;2063;2002
9723;2002;961;2002
4884;2002;1066;2002
3122;2002;1567;2002
0700;2002;688;2002
0329;2002;1540;2002
4204;2002;480;2002
6854;2002;693;2002
7709;2002;7231;2002
5975;2002;2768;2002
7567;2002;2506;2002
0707;2002;345;2002
1361;2002;1042;2002
8352;2002;1461;2002
9901;2002;5164;2002
7335;2002;356;2002
5560;2002;2983;2002
4967;2002;3195;2002
7991;2002;542;2002
8975;2002;883;2002
5951;2002;665;2002
4263;2002;237;2002
4131;2002;1735;2002
9158;2002;4803;2002
1233;2002;1657;2002
6544;2002;595;2002
1650;2002;1448;2002
2927;2002;5097;2002
4605;2002;640;2002
7844;2002;687;2002
3244;2002;1052;2002
4294;2002;977;2002
4612;2002;43;2002
1455;2002;1650;2002
9738;2002;2927;2002
4021;2002;11170;2002
7437;2002;1680;2002
2997;2002;40;2002
6867;2002;1199;2002
7998;2002;2306;2002
2534;2002;1908;2002
8988;2002;1820;2002
7265;2002;2226;2002
5844;2002;597;2002
7578;2002;2725;2002
0003;2002;295;2002
8248;2002;544;2002
8974;2002;2845;2002
8501;2002;461;2002
5235;2002;463;2002
4525;2002;4466;2002
8748;2002;21448;2002
6849;2002;113;2002
0512;2002;4596;2002
2737;2002;238;2002
3175;2002;4741;2002
3744;2002;9094;2002
2368;2002;895;2002
1463;2002;573;2002
3756;2002;2229;2002
0134;2002;1966;2002
7227;2002;3957;2002
5706;2002;3283;2002
0275;2002;2743;2002
7085;2002;977;2002
3774;2002;1109;2002
4053;2002;235;2002
5223;2002;1111;2002
7393;2002;2967;2002
7777;2002;28016;2002
2281;2002;12891;2002
4676;2002;1988;2002
9817;2002;4211;2002
8631;2002;5387;2002
4210;2002;5516;2002
2455;2002;16764;2002
5634;2002;18777;2002
3528;2002;9947;2002
0520;2002;7588;2002
3841;2002;15871;2002
7559;2002;5944;2002
5856;2002;2867;2002
4922;2002;8433;2002
5903;2002;3517;2002
5372;2002;6428;2002
9338;2002;8399;2002
1613;2002;2981;2002
7027;2002;14249;2002
7426;2002;1747;2002
8948;2002;11147;2002
8715;2002;7047;2002
6528;2002;4285;2002
1393;2002;36882;2002
9334;2002;13605;2002
3825;2002;27000;2002
6082;2002;5645;2002
4122;2002;31701;2002
9489;2002;1571;2002
0036;2002;25202;2002
4332;2002;4212;2002
8322;2002;4257;2002
7763;2002;4750;2002
5863;2002;8554;2002
9836;2002;12599;2002
7272;2002;1027;2002
1802;2002;5010;2002
5652;2002;1746;2002
2532;2002;11860;2002
0386;2002;4758;2002
8894;2002;16517;2002
4702;2002;7334;2002
2564;2002;2423;2002
3859;2002;12830;2002
2971;2002;3647;2002
5951;2002;4733;2002
6010;2002;16658;2002
2096;2002;12344;2002
3175;2002;1612;2002
1724;2002;10024;2002
3932;2002;6215;2002
0780;2002;5531;2002
2207;2002;27349;2002
0224;2002;4286;2002
1073;2002;13940;2002
9388;2002;23521;2002
5134;2002;33483;2002
7681;2002;12439;2002
7241;2002;71276;2002
6764;2002;3279;2002
9549;2002;7654;2002
3961;2002;47924;2002
1644;2002;1967;2002
4875;2002;14305;2002
6868;2002;13851;2002
4735;2002;17967;2002
0674;2002;19970;2002
8153;2002;9325;2002
4858;2002;1878;2002
3573;2002;33253;2002
9242;2002;7567;2002
4585;2002;3166;2002
0817;2002;19543;2002
6354;2002;4573;2002
7563;2002;35398;2002
4790;2002;2354;2002
2559;2002;8145;2002
9951;2002;27449;2002
7593;2002;5785;2002
2803;2002;22113;2002
5801;2002;18071;2002
4596;2002;2101;2002
1012;2002;1319;2002
1348;2002;8296;2002
2054;2002;8983;2002
0401;2002;7341;2002
9333;2002;23852;2002
3149;2002;6533;2002
6501;2002;53790;2002
9773;2002;14419;2002
1856;2002;6566;2002
2850;2002;31439;2002
4067;2002;3406;2002
2958;2002;35117;2002
4645;2002;8295;2002
1826;2002;6554;2002
9911;2002;22898;2002
2300;2002;7896;2002
2061;2002;5287;2002
3852;2002;2500;2002
3083;2002;21372;2002
0824;2002;10676;2002
9985;2002;15708;2002
8205;2002;18507;2002
6397;2002;3467;2002
3185;2002;3550;2002
6706;2002;1244653;2002
1093;2002;4295;2002
0966;2002;120225;2002
0014;2002;1183;2002
5128;2002;6381;2002
4764;2002;21518;2002
2583;2002;16929;2002
8760;2002;647;2002
8580;2002;22166;2002
4620;2002;19902;2002
8582;2002;3076;2002
6385;2002;13161;2002
8844;2002;3513;2002
9857;2002;3825;2002
9731;2002;1335;2002
1049;2002;45260;2002
6200;2002;5205;2002
2925;2002;24064;2002
8210;2002;10223;2002
9782;2002;10349;2002
2212;2002;20286;2002
6624;2002;8341;2002
9138;2002;15683;2002
0936;2002;32202;2002
7848;2002;7904;2002
1648;2002;3650;2002
1394;2002;7353;2002
0744;2002;5935;2002
9065;2002;3745;2002
0299;2002;13146;2002
2430;2002;50243;2002
9267;2002;4389;2002
7842;2002;6231;2002
0738;2002;4297;2002
1611;2002;2401;2002
9685;2002;3137;2002
6816;2002;4863;2002
2429;2002;36837;2002
5050;2002;7281;2002
8762;2002;32403;2002
2001;2002;6195;2002
8285;2002;31695;2002
9662;2002;3817;2002
5010;2002;7810;2002
2354;2002;3581;2002
7620;2002;10384;2002
4880;2002;32838;2002
5956;2002;19181;2002
0449;2002;39218;2002
6996;2002;78142;2002
4264;2002;5738;2002
7190;2002;17156;2002
4024;2002;18833;2002
6760;2002;12290;2002
2630;2002;7041;2002
2018;2002;3286;2002
4356;2002;3869;2002
7662;2002;18182;2002
0534;2002;11719;2002
9374;2002;2288;2002
3930;2002;7806;2002
9837;2002;4394;2002
5188;2002;7234;2002
7508;2002;8833;2002
0499;2002;7157;2002
1545;2002;6645;2002
8480;2002;12616;2002
9793;2002;7583;2002
5554;2002;4311;2002
5334;2002;8847;2002
3090;2002;3377;2002
6542;2002;2433;2002
5517;2002;7949;2002
8647;2002;12973;2002
7166;2002;25426;2002
7483;2002;13769;2002
1334;2002;7550;2002
6505;2002;4113;2002
4278;2002;1124;2002
5779;2002;5429;2002
5513;2002;6108;2002
5630;2002;4966;2002
7607;2002;10505;2002
6055;2002;1948;2002
2249;2002;810;2002
3527;2002;6888;2002
8094;2002;16608;2002
0154;2002;5736;2002
6065;2002;5203;2002
7305;2002;5797;2002
6709;2002;12242;2002
2949;2002;2241;2002
7270;2002;2406;2002
3472;2002;4277;2002
4369;2002;3707;2002
3077;2002;2367;2002
6932;2002;201;2002
4898;2002;497;2002
3078;2002;6932;2002
2892;2002;475;2002
5491;2002;3729;2002
9806;2002;607;2002
0745;2002;4018;2002
0807;2002;1564;2002
2680;2002;717;2002
1447;2002;2387;2002
1066;2002;112150;2002
8641;2002;1173;2002
6704;2002;530;2002
2008;2002;96;2002
5912;2002;4335;2002
2082;2002;4331;2002
1510;2002;6402;2002
4678;2002;5597;2002
8306;2002;969;2002
0906;2002;990;2002
7727;2002;4589;2002
4653;2002;767;2002
1864;2002;764;2002
5358;2002;7215;2002
1319;2002;6864;2002
2841;2002;4278;2002
1106;2002;4790;2002
1425;2002;95;2002
9947;2002;4336;2002
0832;2002;4875;2002
6677;2002;4796;2002
3336;2002;8001;2002
7239;2002;3432;2002
9440;2002;597;2002
2162;2002;3721;2002
6789;2002;1197;2002
7811;2002;7313;2002
7838;2002;2876;2002
3883;2002;14224;2002
8209;2002;3464;2002
1535;2002;383;2002
5891;2002;4253;2002
1132;2002;3522;2002
1746;2002;3444;2002
6219;2002;3395;2002
6773;2002;109;2002
1527;2002;9042;2002
7066;2002;2555;2002
5001;2002;3311;2002
5891;2002;1437;2002
6516;2002;1733;2002
0244;2002;1410;2002
9724;2002;2109;2002
6167;2002;2760;2002
5992;2002;4004;2002
0705;2002;1424;2002
5456;2002;2693;2002
8847;2002;5078;2002
8160;2002;5731;2002
3074;2002;4944;2002
7280;2002;4920;2002
1901;2002;8272;2002
6268;2002;1146;2002
5187;2002;9541;2002
7485;2002;1677;2002
4452;2002;3133;2002
5017;2002;928;2002
3490;2002;1684;2002
2228;2002;2886;2002
2120;2002;640;2002
6740;2002;8561;2002
9435;2002;3256;2002
4135;2002;2332;2002
7049;2002;7204;2002
4071;2002;302;2002
8075;2002;21674;2002
5582;2002;1018;2002
0715;2002;3162;2002
1452;2002;1515;2002
7815;2002;6960;2002
0407;2002;1183;2002
4232;2002;2707;2002
2877;2002;1136;2002
0600;2002;2984;2002
7969;2002;3649;2002
9290;2002;703;2002
1428;2002;211;2002
8683;2002;2888;2002
0447;2002;2793;2002
2797;2002;226;2002
1342;2002;1099;2002
0319;2002;5612;2002
1267;2002;1321;2002
1962;2002;917;2002
4134;2002;4992;2002
1680;2002;382;2002
5881;2002;4779;2002
6976;2002;4750;2002
5201;2002;5129;2002
0001;2002;1766;2002
7413;2002;5506;2002
0692;2002;1255;2002
7773;2002;759;2002
9408;2002;6382;2002
8327;2002;193;2002
0586;2002;642;2002
1559;2002;3986;2002
6909;2002;4946;2002
7383;2002;698;2002
5315;2002;3286;2002
7896;2002;741;2002
9170;2002;5469;2002
0469;2002;2105;2002
4846;2002;731;2002
0689;2002;3240;2002
6702;2002;5702;2002
0512;2002;8665;2002
8383;2002;226;2002
1053;2002;2652;2002
3564;2002;205;2002
7535;2002;972;2002
8156;2002;2418;2002
5627;2002;2303;2002
9226;2002;2563;2002
4646;2002;3979;2002
6417;2002;7078;2002
2348;2002;11110;2002
6274;2002;530;2002
8919;2002;1117;2002
3262;2002;197;2002
6636;2002;723;2002
7820;2002;751;2002
0766;2002;1591;2002
0963;2002;208;2002
1822;2002;4095;2002
5856;2002;10714;2002
2349;2002;1939;2002
0901;2002;3435;2002
9624;2002;3585;2002
7937;2002;5070;2002
2793;2002;2728;2002
8187;2002;363;2002
5999;2002;5205;2002
4799;2002;1740;2002
7022;2002;1387;2002
5451;2002;938;2002
7653;2002;1193;2002
2378;2002;472;2002
4280;2002;97;2002
2861;2002;1261;2002
5898;2002;2016;2002
4816;2002;6880;2002
5512;2002;9637;2002
3776;2002;2967;2002
0976;2002;4339;2002
1983;2002;4198;2002
9556;2002;1802;2002
6248;2002;1035;2002
2817;2002;4552;2002
1151;2002;1482;2002
0748;2002;5875;2002
2202;2002;1108;2002
5213;2002;853;2002
8106;2002;3355;2002
3831;2002;15716;2002
3866;2002;491;2002
0675;2002;642;2002
0302;2002;868;2002
5339;2002;3458;2002
0260;2002;5065;2002
2465;2002;4586;2002
9533;2002;4983;2002
8036;2002;631;2002
0515;2002;3261;2002
6622;2002;5703;2002
6891;2002;8771;2002
9693;2002;1288;2002
8400;2002;2440;2002
5279;2002;2004;2002
5290;2002;20655;2002
3384;2002;2191;2002
7570;2002;1515;2002
9447;2002;632;2002
2123;2002;8356;2002
0350;2002;3434;2002
0217;2002;5002;2002
9670;2002;871;2002
6107;2002;4561;2002
3737;2002;10481;2002
8250;2002;956;2002
5411;2002;3391;2002
1257;2002;571;2002
1707;2002;2267;2002
3025;2002;4348;2002
1225;2002;5327;2002
4838;2002;7837;2002
6904;2002;2088;2002
6241;2002;1058;2002
5138;2002;8423;2002
2198;2002;26185;2002
4874;2002;8857;2002
3451;2002;1274;2002
7782;2002;8532;2002
8899;2002;1187;2002
8028;2002;3607;2002
8905;2002;627;2002
7640;2002;147;2002
2302;2002;235;2002
3797;2002;418;2002
8975;2002;325;2002
2916;2002;262;2002
8218;2002;6775;2002
3439;2002;6715;2002
6945;2002;4666;2002
4483;2002;1057;2002
7561;2002;994;2002
3097;2002;646;2002
9822;2002;4276;2002
4954;2002;6695;2002
6029;2002;5925;2002
1595;2002;1771;2002
0419;2002;6519;2002
0010;2002;1530;2002
4317;2002;2335;2002
9523;2002;7069;2002
2041;2002;8978;2002
2970;2002;937;2002
3232;2002;696;2002
2506;2002;275;2002
8484;2002;2105;2002
1788;2002;1443;2002
3163;2002;1474;2002
2895;2002;6503;2002
5546;2002;1874;2002
7523;2002;2392;2002
8313;2002;449;2002
5601;2002;2530;2002
0191;2002;3145;2002
5695;2002;2042;2002
3457;2002;11486;2002
2121;2002;3870;2002
3363;2002;2240;2002
4918;2002;1143;2002
4204;2002;1879;2002
4434;2002;9471;2002
5925;2002;1937;2002
4633;2002;1841;2002
9148;2002;2220;2002
5442;2002;3542;2002
2870;2002;1417;2002
5299;2002;4708;2002
4199;2002;7984;2002
4960;2002;2738;2002
4824;2002;9767;2002
9887;2002;2297;2002
4114;2002;7405;2002
3801;2002;1130;2002
3567;2002;616;2002
9301;2002;4944;2002
3338;2002;187331;2002
8968;2002;593;2002
3082;2002;1693;2002
2958;2002;11079;2002
7369;2002;2671;2002
8272;2002;7528;2002
1074;2002;2433;2002
9465;2002;436;2002
9676;2002;3970;2002
6009;2002;8419;2002
8417;2002;10521;2002
1737;2002;6832;2002
1396;2002;5523;2002
4999;2002;8502;2002
2325;2002;9576;2002
3362;2002;1909;2002
6321;2002;5846;2002
3415;2002;9999;2002
0830;2002;1263;2002
5461;2002;4745;2002
5525;2002;665;2002
2989;2002;1893;2002
4642;2002;1007;2002
9592;2002;17354;2002
9309;2002;1596;2002
7130;2002;588;2002
3068;2002;2653;2002
0465;2002;7266;2002
2698;2002;4438;2002
4749;2002;2379;2002
7875;2002;6630;2002
4370;2002;2872;2002
0748;2002;12893;2002
9733;2002;6337;2002
6046;2002;1999;2002
2960;2002;1064;2002
0712;2002;13639;2002
3209;2002;4315;2002
2625;2002;24067;2002
9031;2002;4313;2002
2398;2002;6923;2002
3061;2002;4783;2002
0159;2002;1933;2002
8367;2002;7445;2002
5861;2002;4614;2002
3928;2002;2564;2002
6562;2002;11063;2002
7532;2002;3047;2002
7959;2002;10265;2002
8026;2002;15855;2002
3811;2002;1912;2002
2837;2002;4900;2002
0891;2002;14806;2002
8933;2002;1742;2002
6657;2002;440;2002
9347;2002;157;2002
4195;2002;8544;2002
3283;2002;3577;2002
8235;2002;664;2002
4516;2002;12847;2002
0239;2002;1029;2002
4987;2002;1759;2002
4335;2002;2928;2002
1954;2002;12587;2002
4707;2002;572;2002
2553;2002;510;2002
7425;2002;403;2002
7179;2002;23855;2002
0958;2002;1274;2002
1125;2002;182;2002
5281;2002;2554;2002
8941;2002;2112;2002
4567;2002;3289;2002
6274;2002;3874;2002
8839;2002;12708;2002
7392;2002;4149;2002
0348;2002;726;2002
9306;2002;3060;2002
7265;2002;9716;2002
4888;2002;1549;2002
6521;2002;1767;2002
0259;2002;585;2002
6051;2002;1763;2002
8908;2002;3779;2002
6613;2002;19767;2002
5181;2002;4169;2002
5067;2002;777;2002
0780;2002;2036;2002
2115;2002;10576;2002
1574;2002;1847;2002
4579;2002;3534;2002
3116;2002;3777;2002
5439;2002;1932;2002
0333;2002;3475;2002
8481;2002;3030;2002
7797;2002;928;2002
8683;2002;11229;2002
9376;2002;2310;2002
2902;2002;11579;2002
8578;2002;1424;2002
8085;2002;3608;2002
6080;2002;3421;2002
8656;2002;238;2002
0034;2002;1738;2002
0393;2002;17424;2002
1816;2002;3515;2002
1537;2002;671;2002
3907;2002;6070;2002
6134;2002;2626;2002
8177;2002;3906;2002
9152;2002;620;2002
1258;2002;699;2002
4894;2002;1605;2002
9450;2002;3859;2002
2274;2002;7735;2002
2011;2002;2543;2002
1195;2002;2155;2002
2734;2002;3449;2002
6432;2002;4199;2002
4051;2002;1849;2002
2070;2002;6534;2002
0859;2002;6381;2002
3278;2002;2986;2002
1622;2002;2695;2002
4524;2002;1510;2002
2623;2002;372;2002
9888;2002;5409;2002
1597;2002;5958;2002
8506;2002;932;2002
9716;2002;2850;2002
4527;2002;5907;2002
6925;2002;3052;2002
2063;2002;12444;2002
1323;2002;3781;2002
8906;2002;7754;2002
8207;2002;4268;2002
4184;2002;7794;2002
0941;2002;14526;2002
8454;2002;4667;2002
4472;2002;3287;2002
5869;2002;3222;2002
3045;2002;9998;2002
2156;2002;3012;2002
5028;2002;1569;2002
2531;2002;3413;2002
6790;2002;11883;2002
2669;2002;1132;2002
4711;2002;1509;2002
5719;2002;1588;2002
4273;2002;2929;2002
2462;2002;6629;2002
7734;2002;1565;2002
8920;2002;1215;2002
4396;2002;1523;2002
8075;2002;1360;2002
2585;2002;1014;2002
8545;2002;1264;2002
4393;2002;5175;2002
1714;2002;7227;2002
7358;2002;11213;2002
6938;2002;1953;2002
1019;2002;4884;2002
7332;2002;580;2002
6802;2002;3285;2002
8574;2002;1187;2002
1237;2002;277;2002
7595;2002;7683;2002
0635;2002;3823;2002
9638;2002;4299;2002
1472;2002;1422;2002
2195;2002;9967;2002
8650;2002;1242;2002
1011;2002;4859;2002
2649;2002;752;2002
2237;2002;1703;2002
2214;2002;7501;2002
6815;2002;1157;2002
3021;2002;4213;2002
3442;2002;798;2002
7558;2002;210;2002
3279;2002;501;2002
4487;2002;2265;2002
4849;2002;1576;2002
0572;2002;420;2002
6624;2002;638;2002
7453;2002;847;2002
3380;2002;1529;2002
7079;2002;201;2002
4914;2002;904;2002
1426;2002;350;2002
6977;2002;5451;2002
8636;2002;2385;2002
8364;2002;1769;2002
8094;2002;1382;2002
1043;2002;424;2002
6391;2002;1079;2002
9286;2002;1743;2002
8351;2002;607;2002
1504;2002;884;2002
8102;2002;930;2002
8309;2002;3160;2002
0078;2002;9161;2002
9837;2002;126;2002
4926;2002;774;2002
8967;2002;1607;2002
8097;2002;133;2002
8099;2002;1374;2002
7807;2002;1306;2002
6302;2002;411;2002
4774;2002;829;2002
8049;2002;2531;2002
7359;2002;7325;2002
7338;2002;5941;2002
2679;2002;754;2002
6617;2002;6300;2002
7809;2002;1002;2002
7444;2002;972;2002
2141;2002;631;2002
2591;2002;5408;2002
1232;2002;256;2002
5977;2002;1185;2002
3786;2002;223;2002
5598;2002;764;2002
8579;2002;3377;2002
4109;2002;1192;2002
4120;2002;3297;2002
8349;2002;1332;2002
0512;2002;5016;2002
9552;2002;920;2002
8096;2002;1621;2002
4577;2002;1389;2002
8710;2002;793;2002
1138;2002;720;2002
0907;2002;1893;2002
4393;2002;1074;2002
8242;2002;376;2002
6095;2002;429;2002
0766;2002;2272;2002
5665;2002;4229;2002
1708;2002;1097;2002
2478;2002;847;2002
8364;2002;399;2002
1744;2002;1296;2002
2313;2002;233;2002
7761;2002;267;2002
7030;2002;8529;2002
1760;2002;9278;2002
9957;2002;345;2002
4113;2002;911;2002
7503;2002;3948;2002
6127;2002;2824;2002
4203;2002;229;2002
3452;2002;2316;2002
2160;2002;4179;2002
6414;2002;1074;2002
7000;2002;4227;2002
8212;2002;439;2002
3416;2002;1230;2002
1659;2002;2178;2002
7457;2002;150;2002
3585;2002;2368;2002
8204;2002;2179;2002
2533;2002;1411;2002
1177;2002;1946;2002
2895;2002;1035;2002
8943;2002;6894;2002
1371;2002;474;2002
0203;2002;1158;2002
0508;2002;526;2002
5106;2002;1459;2002
5559;2002;3207;2002
0651;2002;944;2002
7416;2002;1671;2002
4035;2002;553;2002
4139;2002;380;2002
9744;2002;315;2002
1883;2002;700;2002
4933;2002;1693;2002
2990;2002;718;2002
9694;2002;14177;2002
0764;2002;376;2002
3810;2002;810;2002
9101;2002;208;2002
9792;2002;1171;2002
8066;2002;2028;2002
1018;2002;316;2002
3011;2002;1711;2002
2680;2002;71154;2002
2072;2002;853;2002
1530;2002;926;2002
1053;2002;2171;2002
3960;2002;2597;2002
3078;2002;1568;2002
0903;2002;614;2002
9573;2002;833;2002
4798;2002;1379;2002
0134;2002;480;2002
4616;2002;1020;2002
6677;2002;1215;2002
9155;2002;4546;2002
5408;2002;6106;2002
8679;2002;555;2002
4966;2002;110;2002
7641;2002;242;2002
3647;2002;202;2002
7133;2002;871;2002
0510;2002;667;2002
5530;2002;691;2002
4116;2002;963;2002
4420;2002;792;2002
5512;2002;430;2002
4293;2002;740;2002
2547;2002;3424;2002
4521;2002;1202;2002
2907;2002;5048;2002
3323;2002;5846;2002
4207;2002;1864;2002
5912;2002;1603;2002
5572;2002;394;2002
8988;2002;603;2002
4715;2002;2515;2002
4973;2002;814;2002
8928;2002;529;2002
5419;2002;1899;2002
5741;2002;863;2002
7208;2002;241;2002
6711;2002;710;2002
7879;2002;5342;2002
8724;2002;1043;2002
2314;2002;521;2002
7819;2002;10682;2002
8479;2002;713;2002
2280;2002;1538;2002
6600;2002;565;2002
4934;2002;563;2002
9980;2002;355;2002
4385;2002;1990;2002
5020;2002;2730;2002
6271;2002;822;2002
0476;2002;3540;2002
8312;2002;1216;2002
4982;2002;3468;2002
1548;2002;647;2002
6826;2002;679;2002
8538;2002;239;2002
2357;2002;2227;2002
1612;2002;1356;2002
9834;2002;340;2002
6122;2002;3498;2002
1723;2002;117;2002
1961;2002;2323;2002
7086;2002;311;2002
4404;2002;1306;2002
1425;2002;4446;2002
3639;2002;57159;2002
8781;2002;75;2002
6085;2002;698;2002
7786;2002;2716;2002
3720;2002;1121;2002
4422;2002;38177;2002
7722;2002;139;2002
3999;2002;1149;2002
5293;2002;1186;2002
5828;2002;1164;2002
4037;2002;447;2002
3613;2002;456;2002
1915;2002;1198;2002
7500;2002;2944;2002
2161;2002;1239;2002
0775;2002;3069;2002
1983;2002;1927;2002
1210;2002;668;2002
3878;2002;4572;2002
9008;2002;1133;2002
1424;2002;587;2002
1071;2002;542;2002
6996;2002;1238;2002
9506;2002;1232;2002
6407;2002;638;2002
8381;2002;1679;2002
1471;2002;566;2002
1977;2002;440;2002
4543;2002;2208;2002
8750;2002;4096;2002
1935;2002;1623;2002
5180;2002;1081;2002
6570;2002;592;2002
4018;2002;1402;2002
5341;2002;13867;2002
2823;2002;1655;2002
7893;2002;592;2002
7877;2002;403;2002
0774;2002;8881;2002
8999;2002;4968;2002
7571;2002;361;2002
9178;2002;603;2002
1934;2002;1732;2002
9629;2002;870;2002
3600;2002;1266;2002
8526;2002;1010;2002
4080;2002;1374;2002
1284;2002;1659;2002
5182;2002;32738;2002
4818;2002;70826;2002
7577;2002;1192;2002
9370;2002;670;2002
7740;2002;393;2002
9906;2002;378;2002
6525;2002;3543;2002
7212;2002;542;2002
1938;2002;856;2002
6431;2002;1154;2002
7072;2002;983;2002
1013;2002;1648;2002
5732;2002;1093;2002
7178;2002;890;2002
2763;2002;619;2002
2582;2002;1310;2002
2896;2002;1906;2002
2234;2002;2797;2002
4655;2002;1238;2002
1916;2002;1741;2002
7616;2002;2933;2002
8225;2002;1194;2002
9196;2002;1296;2002
3428;2002;1959;2002
3944;2002;2193;2002
1532;2002;817;2002
4664;2002;958;2002
5835;2002;5646;2002
1541;2002;930;2002
4890;2002;3043;2002
9619;2002;1489;2002
8208;2002;3673;2002
2953;2002;7869;2002
6081;2002;2756;2002
5434;2002;1475;2002
0166;2002;740;2002
9694;2002;3503;2002
7631;2002;2385;2002
7288;2002;954;2002
4355;2002;1197;2002
8500;2002;1439;2002
0610;2002;6767;2002
4015;2002;1256;2002
8622;2002;745;2002
5383;2002;1293;2002
9563;2002;977;2002
7794;2002;3107;2002
9739;2002;455;2002
3332;2002;1935;2002
4011;2002;7036;2002
9631;2002;2253;2002
0470;2002;2554;2002
3647;2002;969;2002
9264;2002;2040;2002
6828;2002;1491;2002
2144;2002;1570;2002
3799;2002;477;2002
0761;2002;1561;2002
7202;2002;639;2002
3092;2002;3068;2002
4937;2002;2827;2002
4254;2002;991;2002
3201;2002;7432;2002
5681;2002;8638;2002
9595;2002;3237;2002
2090;2002;1565;2002
1073;2002;665;2002
0196;2002;6006;2002
2009;2002;1447;2002
9819;2002;429;2002
7693;2002;288;2002
1654;2002;511;2002
1215;2002;1833;2002
2196;2002;712;2002
9180;2002;2414;2002
0610;2002;1691;2002
1516;2002;3718;2002
6926;2002;4069;2002
4365;2002;3656;2002
1205;2002;631;2002
2425;2002;442;2002
0142;2002;2942;2002
4815;2002;9574;2002
2218;2002;5491;2002
0067;2002;1701;2002
0690;2002;3319;2002
0661;2002;882;2002
8219;2002;4051;2002
8664;2002;4513;2002
4259;2002;1354;2002
6958;2002;2179;2002
8495;2002;2254;2002
0306;2002;1507;2002
3399;2002;2600;2002
5751;2002;4209;2002
4042;2002;10119;2002
3392;2002;4840;2002
0224;2002;18846;2002
9096;2002;3728;2002
3082;2002;2515;2002
6487;2002;1177;2002
1670;2002;12497;2002
5305;2002;3164;2002
7729;2002;1622;2002
0314;2002;2608;2002
4871;2002;2411;2002
2204;2002;9686;2002
9966;2002;8232;2002
3783;2002;5283;2002
2002;2002;1775;2002
8062;2002;47488;2002
7890;2002;6998;2002
9126;2002;600;2002
0156;2002;7231;2002
7286;2002;3352;2002
8334;2002;5712;2002
0160;2002;4560;2002
7898;2002;2076;2002
8339;2002;7080;2002
5687;2002;6711;2002
7324;2002;861;2002
5877;2002;1644;2002
2586;2002;6326;2002
5518;2002;1590;2002
7187;2002;1938;2002
4430;2002;14026;2002
3788;2002;1239;2002
4355;2002;5796;2002
0358;2002;1386;2002
1481;2002;2485;2002
5452;2002;2774;2002
6105;2002;5020;2002
4216;2002;6662;2002
9847;2002;7730;2002
2701;2002;4301;2002
9405;2002;7534;2002
9671;2002;1707;2002
5304;2002;7700;2002
3852;2002;1192;2002
9393;2002;1853;2002
9551;2002;1257;2002
0443;2002;6438;2002
2015;2002;1741;2002
0834;2002;2309;2002
2712;2002;2238;2002
8966;2002;17678;2002
8411;2002;16935;2002
2882;2002;2033;2002
8397;2002;2079;2002
2024;2002;10230;2002
4845;2002;6715;2002
5642;2002;1645;2002
8331;2002;829;2002
0459;2002;383;2002
8938;2002;12814;2002
3240;2002;724;2002
1045;2002;3051;2002
6036;2002;1547;2002
1919;2002;95428;2002
1364;2002;630;2002
1440;2002;2075;2002
5765;2002;18436;2002
4802;2002;2286;2002
0587;2002;13689;2002
6620;2002;316;2002
6218;2002;6994;2002
3939;2002;2532;2002
0238;2002;4884;2002
7990;2002;2320;2002
1405;2002;6031;2002
7048;2002;1250;2002
7318;2002;2653;2002
0177;2002;4704;2002
5323;2002;3123;2002
1621;2002;2094;2002
0147;2002;600;2002
8833;2002;1271;2002
4115;2002;2359;2002
1891;2002;3288;2002
6161;2002;4429;2002
0870;2002;2267;2002
9202;2002;3049;2002
7661;2002;916;2002
2975;2002;2426;2002
5692;2002;2919;2002
9811;2002;1419;2002
2416;2002;867;2002
6231;2002;4888;2002
5937;2002;4137;2002
2737;2002;2325;2002
2114;2002;15215;2002
9142;2002;9861;2002
2586;2002;3740;2002
9038;2002;356;2002
3816;2002;1474;2002
8880;2002;1200;2002
4751;2002;4866;2002
2918;2002;2701;2002
8067;2002;2195;2002
8689;2002;889;2002
1192;2002;1453;2002
4986;2002;33914;2002
5542;2002;2568;2002
5522;2002;1506;2002
3774;2002;2195;2002
1965;2002;1601;2002
2569;2002;5107;2002
2859;2002;2485;2002
9595;2002;1844;2002
6846;2002;3627;2002
8163;2002;3087;2002
1710;2002;4502;2002
4018;2002;3251;2002
3951;2002;1319;2002
8555;2002;560;2002
3031;2002;191;2002
6269;2002;1533;2002
9030;2002;3175;2002
2454;2002;622;2002
3788;2002;284;2002
9478;2002;4003;2002
4705;2002;2740;2002
3640;2002;7026;2002
9928;2002;1192;2002
6500;2002;2647;2002
6357;2002;1146;2002
2044;2002;2950;2002
9557;2002;3103;2002
9165;2002;2755;2002
9627;2002;3416;2002
3362;2002;3469;2002
0272;2002;1692;2002
1274;2002;2868;2002
3091;2002;1608;2002
9080;2002;1778;2002
2586;2002;6639;2002
0264;2002;2697;2002
6841;2002;1470;2002
3162;2002;2558;2002
6073;2002;1415;2002
4033;2002;1902;2002
1451;2002;5751;2002
7006;2002;1865;2002
7111;2002;1319;2002
3421;2002;1605;2002
6350;2002;3683;2002
3835;2002;3212;2002
0589;2002;1821;2002
1711;2002;897;2002
6736;2002;2366;2002
6864;2002;993;2002
2975;2002;940;2002
2137;2002;2994;2002
8330;2002;840;2002
9881;2002;2825;2002
9410;2002;2582;2002
7911;2002;5556;2002
1114;2002;2101;2002
6058;2002;3157;2002
4021;2002;3592;2002
9626;2002;892;2002
2043;2002;1324;2002
0499;2002;1842;2002
1378;2002;5835;2002
8931;2002;2591;2002
9188;2002;1235;2002
7227;2002;794;2002
8562;2002;7494;2002
9643;2002;1446;2002
9704;2002;2917;2002
8495;2002;213;2002
3783;2002;1006;2002
2176;2002;14737;2002
8973;2002;4009;2002
0710;2002;4522;2002
4595;2002;1387;2002
7805;2002;296;2002
9369;2002;1848;2002
7339;2002;583;2002
7110;2002;434;2002
5358;2002;1088;2002
6740;2002;1540;2002
4527;2002;385;2002
3152;2002;319;2002
6493;2002;668;2002
1751;2002;661;2002
3570;2002;6265;2002
7002;2002;702;2002
8896;2002;583;2002
1411;2002;3671;2002
0138;2002;289;2002
1671;2002;733;2002
4579;2002;145;2002
6070;2002;596;2002
4078;2002;360;2002
8753;2002;1295;2002
3945;2002;1142;2002
8087;2002;1041;2002
4132;2002;2825;2002
1988;2002;1166;2002
0233;2002;744;2002
2778;2002;1436;2002
6839;2002;1641;2002
0102;2002;1844;2002
8188;2002;592;2002
5698;2002;953;2002
1224;2002;929;2002
8202;2002;494;2002
1004;2002;241;2002
8717;2002;631;2002
5588;2002;2108;2002
8276;2002;1418;2002
1431;2002;898;2002
3757;2002;3616;2002
4843;2002;912;2002
0280;2002;483;2002
2265;2002;2796;2002
3770;2002;230;2002
9628;2002;1748;2002
2251;2002;576;2002
5139;2002;423;2002
8070;2002;575;2002
2940;2002;394;2002
4976;2002;301;2002
6663;2002;3185;2002
1656;2002;6483;2002
2112;2002;693;2002
0249;2002;914;2002
3468;2002;775;2002
7370;2002;1512;2002
6375;2002;1542;2002
9892;2002;601;2002
6736;2002;558;2002
5107;2002;660;2002
1451;2002;434;2002
4701;2002;586;2002
1571;2002;225;2002
2634;2002;1135;2002
7723;2002;1167;2002
1145;2002;226;2002
5070;2002;424;2002
3367;2002;453;2002
9534;2002;3423;2002
6804;2002;551;2002
1293;2002;922;2002
4267;2002;810;2002
2822;2002;1038;2002
1495;2002;561;2002
9425;2002;445;2002
5765;2002;505;2002
6321;2002;3061;2002
6288;2002;1446;2002
2241;2002;1190;2002
6807;2002;353;2002
1251;2002;388;2002
8129;2002;2422;2002
3866;2002;701;2002
2578;2002;143;2002
3737;2002;2344;2002
7253;2002;455;2002
7271;2002;1166;2002
0919;2002;2480;2002
0786;2002;283;2002
4283;2002;182;2002
0549;2002;1217;2002
3161;2002;1088;2002
1781;2002;7717;2002
8283;2002;6477;2002
1428;2002;470;2002
2178;2002;872;2002
5775;2002;1384;2002
3726;2002;728;2002
1935;2002;292;2002
5277;2002;2172;2002
7283;2002;356;2002
0322;2002;104;2002
6281;2002;449;2002
3498;2002;849;2002
8409;2002;1648;2002
3530;2002;4687;2002
8790;2002;6047;2002
5916;2002;2617;2002
3273;2002;1478;2002
1156;2002;1110;2002
7605;2002;767;2002
2072;2002;312;2002
0838;2002;8556;2002
3814;2002;2330;2002
3042;2002;596;2002
8915;2002;1218;2002
6147;2002;1670;2002
4887;2002;1300;2002
9653;2002;881;2002
7464;2002;805;2002
2485;2002;768;2002
6050;2002;577;2002
6481;2002;183;2002
2113;2002;683;2002
2084;2002;1056;2002
3048;2002;1811;2002
3606;2002;799;2002
9782;2002;367;2002
3284;2002;17181;2002
8289;2002;1407;2002
9573;2002;576;2002
2335;2002;772;2002
3210;2002;3050;2002
2285;2002;2151;2002
9706;2002;1808;2002
8478;2002;367;2002
9648;2002;4311;2002
3732;2002;397;2002
8519;2002;204;2002
7873;2002;1442;2002
9063;2002;766;2002
3578;2002;1217;2002
7213;2002;15001;2002
4449;2002;593;2002
1279;2002;1296;2002
0833;2002;2463;2002
0030;2002;385;2002
7900;2002;1433;2002
2973;2002;369;2002
4144;2002;1499;2002
9843;2002;33500;2002
5800;2002;431;2002
8538;2002;820;2002
0575;2002;203;2002
9020;2002;515;2002
4054;2002;1114;2002
3158;2002;2480;2002
3639;2002;914;2002
8749;2002;927;2002
1898;2002;677;2002
9965;2002;1259;2002
7121;2002;1444;2002
8085;2002;276;2002
9186;2002;1225;2002
2839;2002;449;2002
7417;2002;666;2002
8220;2002;926;2002
2522;2002;548;2002
0586;2002;1138;2002
2000;2002;1216;2002
4709;2002;695;2002
1459;2002;1071;2002
9221;2002;4454;2002
3312;2002;452;2002
1754;2002;1451;2002
3136;2002;2582;2002
5406;2002;1834;2002
7473;2002;1886;2002
7162;2002;622;2002
1147;2002;885;2002
3011;2002;1774;2002
0464;2002;1497;2002
5661;2002;747;2002
3449;2002;323;2002
5887;2002;549;2002
5452;2002;2636;2002
8220;2002;1007;2002
1797;2002;689;2002
4464;2002;3464;2002
2845;2002;1196;2002
3885;2002;1390;2002
1927;2002;681;2002
7025;2002;1263;2002
5785;2002;1949;2002
8748;2002;105801;2002
6056;2002;664;2002
2870;2002;2246;2002
1374;2002;228;2002
3284;2002;544;2002
8673;2002;1375;2002
0686;2002;807;2002
2836;2002;1061;2002
6412;2002;1869;2002
2081;2002;705;2002
8035;2002;1975;2002
9514;2002;108;2002
8501;2002;1068;2002
8181;2002;1926;2002
5177;2002;425;2002
3126;2002;837;2002
1287;2002;3181;2002
0385;2002;812;2002
7401;2002;2822;2002
6859;2002;1625;2002
7466;2002;1571;2002
3048;2002;355;2002
8813;2002;2010;2002
2532;2002;4957;2002
4707;2002;1846;2002
7377;2002;5377;2002
9381;2002;2383;2002
3252;2002;6314;2002
4475;2002;2626;2002
2005;2002;1732;2002
9947;2002;1935;2002
9666;2002;1358;2002
7947;2002;3242;2002
2727;2002;13502;2002
9786;2002;1318;2002
5832;2002;2364;2002
2259;2002;17318;2002
2692;2002;5926;2002
3727;2002;5789;2002
3173;2002;7489;2002
6006;2002;5899;2002
9017;2002;4103;2002
7243;2002;10386;2002
4283;2002;8877;2002
9093;2002;4303;2002
2710;2002;1324;2002
2950;2002;15317;2002
0620;2002;2134;2002
8123;2002;8020;2002
8968;2002;7017;2002
9135;2002;1043;2002
7441;2002;3160;2002
9479;2002;2298;2002
1024;2002;1606;2002
9638;2002;784;2002
8895;2002;202;2002
2113;2002;3868;2002
3694;2002;3632;2002
6603;2002;5521;2002
4866;2002;10088;2002
0029;2002;4959;2002
8295;2002;10681;2002
6777;2002;2940;2002
6371;2002;5955;2002
1487;2002;6072;2002
2724;2002;24286;2002
2792;2002;3437;2002
6220;2002;2924;2002
7080;2002;1885;2002
6508;2002;4609;2002
0624;2002;4267;2002
4704;2002;7221;2002
8497;2002;5035;2002
4219;2002;16250;2002
7779;2002;8025;2002
1335;2002;2909;2002
7257;2002;7747;2002
6103;2002;1139;2002
0015;2002;2347;2002
7259;2002;12948;2002
2605;2002;8589;2002
5284;2002;6758;2002
3894;2002;2421;2002
4271;2002;2030;2002
1486;2002;3420;2002
8143;2002;5672;2002
6461;2002;2631;2002
1597;2002;1402;2002
5476;2002;2097;2002
6955;2002;3768;2002
7923;2002;17903;2002
4033;2002;4999;2002
0107;2002;21362;2002
5055;2002;4008;2002
7507;2002;13174;2002
2399;2002;577;2002
1170;2002;2845;2002
2357;2002;12499;2002
4999;2002;9951;2002
4247;2002;2452;2002
2390;2002;1271;2002
3352;2002;1000;2002
7205;2002;6614;2002
8267;2002;13279;2002
1450;2002;14402;2002
5401;2002;2964;2002
5271;2002;2392;2002
2919;2002;2648;2002
3481;2002;4844;2002
9430;2002;2451;2002
9617;2002;11180;2002
9017;2002;786;2002
9132;2002;253787;2002
8803;2002;3794;2002
1820;2002;2660;2002
7626;2002;6786;2002
9886;2002;5393;2002
3406;2002;29871;2002
8687;2002;12341;2002
2271;2002;4345;2002
6952;2002;1227;2002
2104;2002;2039;2002
1451;2002;1330;2002
7234;2002;9778;2002
0823;2002;2334;2002
5682;2002;7216;2002
3952;2002;3371;2002
1801;2002;23652;2002
9478;2002;6542;2002
0656;2002;897;2002
4513;2002;4082;2002
0619;2002;40907;2002
8006;2002;5642;2002
7608;2002;8018;2002
5675;2002;6243;2002
4405;2002;2824;2002
1555;2002;3024;2002
8845;2002;10353;2002
7110;2002;2606;2002
4723;2002;1296;2002
0208;2002;8634;2002
0402;2002;1744;2002
6523;2002;844;2002
7387;2002;3424;2002
3773;2002;3549;2002
7394;2002;12743;2002
6203;2002;2582;2002
4364;2002;5610;2002
6142;2002;12334;2002
7093;2002;2590;2002
7905;2002;1028;2002
2166;2002;3435;2002
8538;2002;2230;2002
5597;2002;10780;2002
1320;2002;5771;2002
5389;2002;10644;2002
2052;2002;1523;2002
0164;2002;13191;2002
6059;2002;2007;2002
1746;2002;3857;2002
2088;2002;724;2002
8665;2002;2348;2002
9964;2002;3179;2002
9503;2002;782;2002
3690;2002;1734;2002
3030;2002;4295;2002
0137;2002;3387;2002
4789;2002;8100;2002
2335;2002;130;2002
7928;2002;242;2002
7740;2002;5439;2002
4419;2002;14250;2002
5640;2002;3706;2002
3375;2002;2895;2002
5230;2002;12559;2002
7101;2002;9039;2002
5289;2002;12975;2002
9572;2002;3185;2002
4433;2002;2461;2002
4752;2002;5785;2002
5400;2002;21471;2002
4203;2002;4689;2002
7485;2002;2785;2002
6436;2002;3113;2002
0598;2002;1731;2002
4385;2002;2037;2002
3147;2002;8802;2002
2945;2002;2932;2002
0343;2002;1672;2002
4308;2002;6838;2002
3508;2002;2358;2002
0933;2002;1007;2002
1513;2002;4931;2002
8795;2002;8331;2002
0846;2002;3123;2002
5914;2002;806;2002
0235;2002;1846;2002
9066;2002;7863;2002
6154;2002;4278;2002
6338;2002;714;2002
8407;2002;2910;2002
2548;2002;2607;2002
3965;2002;4768;2002
1490;2002;7199;2002
1258;2002;3829;2002
3490;2002;14100;2002
3153;2002;12698;2002
5969;2002;6706;2002
2499;2002;564;2002
1161;2002;1022;2002
9908;2002;7937;2002
4751;2002;1110;2002
1135;2002;1808;2002
1081;2002;1489;2002
2082;2002;5325;2002
1282;2002;3476;2002
8595;2002;5167;2002
9223;2002;5627;2002
0019;2002;2349;2002
2041;2002;37795;2002
8118;2002;1749;2002
8975;2002;4223;2002
6616;2002;5720;2002
9343;2002;10594;2002
7211;2002;20859;2002
9407;2002;620;2002
7397;2002;5551;2002
6734;2002;11170;2002
9575;2002;7932;2002
2163;2002;27064;2002
9490;2002;1490;2002
3406;2002;3590;2002
8111;2002;1980;2002
9041;2002;2347;2002
5254;2002;108246;2002
2249;2002;1862;2002
7801;2002;5492;2002
6562;2002;6227;2002
9709;2002;1282;2002
0441;2002;859;2002
7230;2002;6202;2002
7411;2002;4284;2002
5210;2002;2843;2002
7145;2002;1405;2002
7629;2002;2749;2002
6479;2002;3648;2002
2211;2002;35126;2002
7551;2002;782;2002
5069;2002;2406;2002
3761;2002;1732;2002
1306;2002;1488;2002
0942;2002;4090;2002
9711;2002;1544;2002
5866;2002;467;2002
3382;2002;402;2002
1527;2002;2425;2002
8104;2002;6068;2002
9544;2002;544;2002
3557;2002;2718;2002
8034;2002;2209;2002
2988;2002;2748;2002
7502;2002;19486;2002
6181;2002;3379;2002
9588;2002;1248;2002
8511;2002;2874;2002
4784;2002;886;2002
3610;2002;3399;2002
6722;2002;1187;2002
4869;2002;2990;2002
1203;2002;4534;2002
0106;2002;1414;2002
9839;2002;4120;2002
3438;2002;593;2002
4044;2002;1622;2002
2410;2002;6234;2002
7803;2002;380;2002
0553;2002;4424;2002
9414;2002;351;2002
0170;2002;2030;2002
1719;2002;3896;2002
1401;2002;7970;2002
0163;2002;2353;2002
2213;2002;2432;2002
3095;2002;676;2002
2930;2002;1421;2002
1176;2002;1617;2002
1594;2002;432;2002
1268;2002;1815;2002
9234;2002;6421;2002
1806;2002;781;2002
6205;2002;2859;2002
6156;2002;1732;2002
0616;2002;1351;2002
2028;2002;8852;2002
3266;2002;564;2002
5689;2002;2578;2002
8581;2002;3200;2002
7910;2002;424;2002
5434;2002;1687;2002
0570;2002;1804;2002
2793;2002;1536;2002
9638;2002;4457;2002
9988;2002;546;2002
6393;2002;2020;2002
6932;2002;882;2002
0657;2002;1619;2002
8767;2002;946;2002
4693;2002;991;2002
8003;2002;1138;2002
3319;2002;304;2002
9467;2002;6168;2002
2724;2002;3545;2002
3666;2002;7817;2002
1390;2002;4977;2002
7607;2002;6635;2002
0885;2002;7019;2002
0860;2002;4364;2002
8826;2002;10086;2002
9182;2002;10183;2002
4259;2002;9318;2002
7916;2002;1967;2002
6091;2002;31877;2002
1316;2002;6369;2002
9730;2002;2778;2002
1773;2002;3197;2002
9234;2002;3215;2002
8955;2002;3388;2002
8120;2002;2572;2002
7508;2002;5082;2002
5797;2002;4667;2002
3830;2002;35241;2002
2400;2002;6518;2002
5336;2002;5863;2002
8100;2002;4318;2002
5682;2002;5743;2002
3399;2002;7993;2002
0814;2002;3802;2002
3531;2002;5500;2002
5967;2002;5432;2002
7315;2002;2911;2002
7793;2002;6169;2002
1875;2002;4458;2002
3420;2002;5957;2002
0877;2002;3993;2002
4725;2002;7754;2002
2502;2002;7964;2002
0957;2002;4189;2002
7706;2002;8014;2002
8540;2002;4835;2002
7699;2002;8031;2002
3754;2002;2695;2002
8836;2002;3497;2002
2562;2002;26350;2002
2614;2002;3572;2002
4548;2002;1420;2002
0066;2002;28011;2002
7458;2002;3841;2002
7573;2002;2664;2002
7775;2002;9686;2002
9728;2002;6342;2002
3534;2002;17734;2002
8269;2002;4082;2002
7066;2002;3646;2002
5284;2002;2031;2002
0890;2002;18749;2002
2931;2002;7163;2002
0228;2002;10945;2002
4354;2002;7210;2002
2704;2002;10211;2002
0808;2002;756;2002
1102;2002;2058;2002
9146;2002;4286;2002
1036;2002;15037;2002
0402;2002;9282;2002
0349;2002;1798;2002
8912;2002;7636;2002
7927;2002;2159;2002
6438;2002;9847;2002
7761;2002;12077;2002
5512;2002;5742;2002
5047;2002;11383;2002
8167;2002;6215;2002
2585;2002;4930;2002
9825;2002;4553;2002
8094;2002;7417;2002
5057;2002;8974;2002
9659;2002;6660;2002
0152;2002;3038;2002
2274;2002;2012;2002
1513;2002;5910;2002
9531;2002;9420;2002
7251;2002;9454;2002
0979;2002;10945;2002
9061;2002;4624;2002
4945;2002;9186;2002
5787;2002;80705;2002
8943;2002;10625;2002
1591;2002;6606;2002
8489;2002;14082;2002
4258;2002;3470;2002
5337;2002;17162;2002
8023;2002;29206;2002
8222;2002;9066;2002
4961;2002;1719;2002
0637;2002;8695;2002
9341;2002;3555;2002
6009;2002;6404;2002
6147;2002;9218;2002
2990;2002;11251;2002
8344;2002;11449;2002
4373;2002;15459;2002
1037;2002;5168;2002
8022;2002;51563;2002
3147;2002;3149;2002
1116;2002;3267;2002
8350;2002;10558;2002
2839;2002;14339;2002
4536;2002;12596;2002
3103;2002;5969;2002
6401;2002;4130;2002
1039;2002;5844;2002
1823;2002;5955;2002
4840;2002;2684;2002
3959;2002;22829;2002
5176;2002;12327;2002
1755;2002;19491;2002
6122;2002;6193;2002
1379;2002;35700;2002
6301;2002;26005;2002
8684;2002;10364;2002
6898;2002;15082;2002
9962;2002;6062;2002
0705;2002;9303;2002
3110;2002;24630;2002
2155;2002;4111;2002
3288;2002;7397;2002
1835;2002;11680;2002
8768;2002;35770;2002
4043;2002;11498;2002
0509;2002;13975;2002
9665;2002;11893;2002
2872;2002;17675;2002
9521;2002;24439;2002
8155;2002;7082;2002
4413;2002;1970;2002
9986;2002;4403;2002
0199;2002;268852;2002
8657;2002;8263;2002
7134;2002;11987;2002
4379;2002;18237;2002
7852;2002;3213;2002
1907;2002;19163;2002
5705;2002;4717;2002
5158;2002;1855;2002
3439;2002;2032;2002
6428;2002;4129;2002
9418;2002;3859;2002
4195;2002;3129;2002
5865;2002;775;2002
2290;2002;4085;2002
6708;2002;2542;2002
3940;2002;7105;2002
7799;2002;3163;2002
5470;2002;6283;2002
2404;2002;14926;2002
7146;2002;11555;2002
2243;2002;2242;2002
1244;2002;10879;2002
1599;2002;5347;2002
2680;2002;2451;2002
8080;2002;1528;2002
6277;2002;7107;2002
2785;2002;4128;2002
3152;2002;4843;2002
5043;2002;5541;2002
1747;2002;1683;2002
7049;2002;4784;2002
7569;2002;2053;2002
6785;2002;18883;2002
0181;2002;5617;2002
2860;2002;9044;2002
3254;2002;5339;2002
7289;2002;6518;2002
8074;2002;16722;2002
6111;2002;7508;2002
9539;2002;6641;2002
2007;2002;4229;2002
7096;2002;3521;2002
1597;2002;3837;2002
4734;2002;1676;2002
9138;2002;7014;2002
1539;2002;6934;2002
1159;2002;5932;2002
0731;2002;3113;2002
5822;2002;7957;2002
7647;2002;1786;2002
2228;2002;4937;2002
7090;2002;1828;2002
2475;2002;1999;2002
3457;2002;2991;2002
1899;2002;8671;2002
5708;2002;17444;2002
0275;2002;9315;2002
3701;2002;10430;2002
0707;2002;8260;2002
4782;2002;5522;2002
9913;2002;204533;2002
1798;2002;3697;2002
4890;2002;1407;2002
9330;2002;10667;2002
6450;2002;8715;2002
7342;2002;17651;2002
8441;2002;2381;2002
8489;2002;2411;2002
8861;2002;3794;2002
5514;2002;12313;2002
6155;2002;3447;2002
6862;2002;4139;2002
5191;2002;13784;2002
9042;2002;4459;2002
7354;2002;2626;2002
8580;2002;8004;2002
3500;2002;5830;2002
1225;2002;11642;2002
8972;2002;4378;2002
3063;2002;2537;2002
9676;2002;6497;2002
7262;2002;2255;2002
9649;2002;6801;2002
9164;2002;1805;2002
9186;2002;2224;2002
5443;2002;9063;2002
3179;2002;19914;2002
1430;2002;7064;2002
8104;2002;4414;2002
2976;2002;8280;2002
8126;2002;2223;2002
0202;2002;6974;2002
8544;2002;5949;2002
6561;2002;11117;2002
2264;2002;4121;2002
0220;2002;2206;2002
3921;2002;3061;2002
2475;2002;1572;2002
0826;2002;915;2002
6619;2002;11874;2002
2625;2002;19805;2002
3484;2002;5084;2002
0063;2002;2379;2002
9403;2002;8021;2002
2258;2002;4878;2002
3664;2002;3425;2002
5644;2002;8205;2002
3883;2002;20676;2002
6257;2002;4854;2002
9278;2002;2846;2002
3784;2002;10433;2002
1221;2002;1407;2002
9692;2002;2633;2002
1226;2002;1322;2002
8464;2002;859;2002
6428;2002;2836;2002
5908;2002;933;2002
9938;2002;1732;2002
8401;2002;4285;2002
9128;2002;3047;2002
6175;2002;1857;2002
1701;2002;3925;2002
5469;2002;2624;2002
0651;2002;2946;2002
8512;2002;2078;2002
0394;2002;2755;2002
5664;2002;4176;2002
9767;2002;1589;2002
9323;2002;2753;2002
9708;2002;1131;2002
3702;2002;1619;2002
4214;2002;2243;2002
2027;2002;1151;2002
9928;2002;12071;2002
8436;2002;3769;2002
6761;2002;3616;2002
5785;2002;1946;2002
3220;2002;10105;2002
4846;2002;1695;2002
4542;2002;1725;2002
5588;2002;1309;2002
4101;2002;4003;2002
5315;2002;1506;2002
8780;2002;10561;2002
6938;2002;6174;2002
8042;2002;49966;2002
1589;2002;1259;2002
8712;2002;1188;2002
0454;2002;3869;2002
1383;2002;3074;2002
6775;2002;8357;2002
1880;2002;3109;2002
0739;2002;5275;2002
1513;2002;1191;2002
7259;2002;2203;2002
0496;2002;1048;2002
7667;2002;14327;2002
3473;2002;2192;2002
2611;2002;789;2002
6275;2002;1165;2002
9075;2002;3437;2002
7698;2002;2270;2002
2209;2002;2968;2002
2372;2002;1869;2002
2330;2002;3447;2002
0448;2002;4939;2002
1343;2002;2558;2002
0085;2002;1833;2002
9043;2002;789;2002
5056;2002;6772;2002
7768;2002;3852;2002
3179;2002;1719;2002
9325;2002;7235;2002
9782;2002;714;2002
2261;2002;2791;2002
6785;2002;2912;2002
8328;2002;3711;2002
4345;2002;1095;2002
7819;2002;776;2002
1668;2002;12482;2002
2086;2002;647;2002
1977;2002;808;2002
6458;2002;11298;2002
2141;2002;14592;2002
7505;2002;2135;2002
4140;2002;604;2002
6215;2002;3307;2002
7701;2002;2230;2002
5407;2002;2355;2002
3683;2002;254;2002
0083;2002;179;2002
7602;2002;1330;2002
7805;2002;3099;2002
1865;2002;6066;2002
2433;2002;4298;2002
3236;2002;1221;2002
7487;2002;722;2002
6626;2002;1107;2002
5943;2002;712;2002
0573;2002;11026;2002
8169;2002;4628;2002
1058;2002;468;2002
7854;2002;12179;2002
7578;2002;856;2002
2556;2002;3850;2002
7062;2002;6052;2002
8449;2002;200;2002
0467;2002;771;2002
3989;2002;2330;2002
2752;2002;5950;2002
2110;2002;1031;2002
0425;2002;6802;2002
8033;2002;2077;2002
6770;2002;5381;2002
2113;2002;2752;2002
4341;2002;2064;2002
7658;2002;1585;2002
5915;2002;550;2002
0528;2002;4909;2002
7760;2002;2184;2002
2909;2002;2688;2002
8947;2002;2836;2002
4040;2002;2932;2002
9039;2002;2209;2002
9331;2002;4673;2002
5500;2002;3033;2002
2965;2002;5349;2002
7488;2002;2581;2002
4140;2002;8704;2002
2423;2002;2903;2002
3360;2002;5508;2002
9831;2002;2558;2002
6625;2002;1714;2002
0541;2002;2700;2002
4131;2002;5331;2002
3697;2002;6418;2002
9087;2002;3019;2002
7205;2002;1044;2002
2302;2002;1516;2002
8487;2002;4051;2002
4728;2002;297;2002
2346;2002;890;2002
6760;2002;1177;2002
0271;2002;3018;2002
4796;2002;626;2002
5973;2002;482;2002
3320;2002;4750;2002
0235;2002;5599;2002
3121;2002;1269;2002
3611;2002;359;2002
7703;2002;615;2002
5920;2002;2291;2002
8155;2002;4061;2002
3967;2002;1999;2002
4669;2002;2949;2002
7795;2002;7914;2002
9373;2002;7337;2002
0645;2002;5724;2002
9436;2002;1213;2002
9685;2002;2170;2002
6031;2002;2383;2002
9224;2002;1311;2002
5705;2002;1626;2002
4910;2002;406;2002
1649;2002;664;2002
5307;2002;3876;2002
1145;2002;1021;2002
6615;2002;446;2002
7456;2002;1397;2002
4414;2002;715;2002
0497;2002;4145;2002
0411;2002;455;2002
3607;2002;8763;2002
3559;2002;5048;2002
3657;2002;12681;2002
9381;2002;1998;2002
3598;2002;2742;2002
6226;2002;10577;2002
9904;2002;2283;2002
6221;2002;3178;2002
8492;2002;2502;2002
7390;2002;646;2002
3221;2002;1762;2002
6830;2002;7374;2002
4599;2002;1706;2002
1708;2002;95347;2002
9180;2002;2923;2002
5509;2002;2319;2002
3306;2002;923;2002
9947;2002;2196;2002
5522;2002;1360;2002
5195;2002;688;2002
2113;2002;636;2002
9391;2002;1947;2002
3200;2002;1601;2002
0850;2002;7538;2002
0526;2002;1404;2002
8765;2002;421;2002
2509;2002;1721;2002
9242;2002;2702;2002
2626;2002;35598;2002
2200;2002;6566;2002
8541;2002;8740;2002
5915;2002;1496;2002
3593;2002;929;2002
7267;2002;26560;2002
5653;2002;708;2002
2050;2002;1649;2002
4983;2002;3636;2002
1084;2002;11231;2002
9396;2002;2145;2002
8862;2002;5976;2002
6311;2002;817;2002
4014;2002;1409;2002
0280;2002;1864;2002
9817;2002;1729;2002
6605;2002;6695;2002
1790;2002;2488;2002
0535;2002;1571;2002
3130;2002;8728;2002
6094;2002;839;2002
8518;2002;13269;2002
2239;2002;5903;2002
3996;2002;2156;2002
9997;2002;209366;2002
1450;2002;2001;2002
2695;2002;4734;2002
9471;2002;950;2002
3705;2002;3170;2002
5262;2002;3771;2002
2167;2002;6974;2002
4792;2002;5465;2002
9418;2002;2363;2002
1686;2002;298;2002
9833;2002;4470;2002
0763;2002;6935;2002
7485;2002;4491;2002
0451;2002;11992;2002
0524;2002;4880;2002
8170;2002;220;2002
6896;2002;1052;2002
3052;2002;816;2002
4718;2002;4205;2002
3548;2002;1833;2002
4990;2002;1930;2002
7690;2002;13473;2002
4768;2002;1760;2002
0994;2002;3854;2002
6120;2002;3562;2002
3300;2002;2349;2002
3974;2002;4182;2002
3361;2002;5230;2002
9336;2002;1311;2002
9250;2002;2392;2002
9571;2002;711;2002
7680;2002;892;2002
2346;2002;95880;2002
2849;2002;2242;2002
6068;2002;697;2002
3354;2002;7657;2002
9148;2002;4870;2002
8481;2002;5298;2002
8291;2002;5672;2002
1844;2002;9124;2002
1940;2002;5343;2002
3456;2002;973;2002
2598;2002;2625;2002
0121;2002;1982;2002
5659;2002;2470;2002
0366;2002;3646;2002
5628;2002;1914;2002
1220;2002;134;2002
7783;2002;2690;2002
1034;2002;2257;2002
8940;2002;2645;2002
5556;2002;3797;2002
7046;2002;2418;2002
0043;2002;890;2002
4879;2002;7098;2002
5911;2002;6875;2002
3542;2002;1857;2002
8310;2002;12021;2002
4058;2002;8170;2002
5320;2002;1082;2002
6973;2002;2208;2002
3458;2002;7410;2002
1166;2002;23356;2002
9754;2002;6354;2002
0045;2002;5113;2002
5224;2002;5987;2002
8424;2002;8500;2002
4850;2002;3834;2002
6128;2002;9233;2002
6364;2002;2937;2002
0415;2002;1199;2002
2015;2002;9012;2002
9563;2002;3754;2002
1728;2002;10831;2002
8016;2002;1337;2002
5979;2002;164666;2002
2339;2002;1247;2002
8900;2002;1491;2002
4623;2002;3134;2002
7549;2002;4655;2002
4989;2002;18099;2002
7094;2002;5053;2002
6405;2002;3952;2002
1352;2002;1932;2002
3863;2002;4347;2002
3326;2002;8940;2002
6961;2002;1273;2002
3864;2002;2164;2002
4779;2002;1273;2002
1470;2002;6133;2002
8602;2002;8074;2002
0776;2002;3127;2002
6414;2002;644;2002
9214;2002;2321;2002
0644;2002;1519;2002
6095;2002;1995;2002
8882;2002;7869;2002
9380;2002;8350;2002
5530;2002;3279;2002
1617;2002;7949;2002
0967;2002;4689;2002
0374;2002;4970;2002
4065;2002;1351;2002
5938;2002;8327;2002
3929;2002;4971;2002
6215;2002;4573;2002
5670;2002;4111;2002
7072;2002;14694;2002
8037;2002;4394;2002
0580;2002;12234;2002
0143;2002;8070;2002
6802;2002;10124;2002
0140;2002;9015;2002
0823;2002;3389;2002
8166;2002;997;2002
5109;2002;20628;2002
6331;2002;5609;2002
1447;2002;5436;2002
6522;2002;6333;2002
9252;2002;13981;2002
6463;2002;991;2002
6124;2002;8682;2002
3867;2002;9026;2002
1064;2002;12072;2002
5507;2002;6520;2002
3054;2002;11643;2002
3061;2002;1455;2002
6605;2002;8649;2002
6650;2002;143425;2002
5618;2002;5397;2002
1697;2002;3691;2002
1955;2002;12169;2002
7176;2002;6683;2002
2932;2002;5259;2002
2317;2002;9937;2002
0477;2002;22935;2002
2538;2002;4308;2002
3728;2002;2008;2002
8178;2002;3865;2002
9712;2002;3125;2002
0792;2002;4137;2002
4662;2002;3365;2002
8736;2002;7805;2002
6891;2002;7898;2002
7071;2002;3066;2002
5407;2002;61914;2002
5111;2002;25868;2002
4211;2002;12220;2002
7494;2002;9828;2002
7719;2002;6800;2002
9637;2002;8466;2002
9086;2002;2881;2002
1257;2002;15245;2002
2741;2002;16093;2002
1401;2002;1341;2002
4536;2002;30261;2002
4588;2002;2135;2002
2960;2002;3889;2002
9070;2002;3069;2002
5808;2002;15939;2002
4655;2002;3774;2002
9959;2002;5733;2002
0836;2002;22243;2002
1907;2002;177036;2002
2213;2002;919;2002
2770;2002;2328;2002
0046;2002;3168;2002
3200;2002;12906;2002
8224;2002;10505;2002
4110;2002;2459;2002
7304;2002;15360;2002
5329;2002;2142;2002
7388;2002;1885;2002
5481;2002;3549;2002
5303;2002;5514;2002
9129;2002;744;2002
3098;2002;5416;2002
6636;2002;10171;2002
0582;2002;3590;2002
5570;2002;4644;2002
6472;2002;40161;2002
5537;2002;8436;2002
0778;2002;7160;2002
4711;2002;2665;2002
9282;2002;13501;2002
8449;2002;11033;2002
8613;2002;21668;2002
3646;2002;4568;2002
5961;2002;10542;2002
1032;2002;9137;2002
4835;2002;5707;2002
9855;2002;6135;2002
1059;2002;4614;2002
8567;2002;368226;2002
2729;2002;3146;2002
1849;2002;15569;2002
2429;2002;11710;2002
6025;2002;2136;2002
3333;2002;33212;2002
0408;2002;2990;2002
2605;2002;1908;2002
4651;2002;1225;2002
3224;2002;3219;2002
6222;2002;3550;2002
0705;2002;5203;2002
2379;2002;4092;2002
9004;2002;16119;2002
4148;2002;19299;2002
7335;2002;13584;2002
7577;2002;6030;2002
4976;2002;8079;2002
7526;2002;12027;2002
2317;2002;5739;2002
5571;2002;1872;2002
6696;2002;4800;2002
1535;2002;5248;2002
6887;2002;2107;2002
3692;2002;8797;2002
4024;2002;3871;2002
0214;2002;64817;2002
4499;2002;2263;2002
4056;2002;4279;2002
8160;2002;7423;2002
5263;2002;6323;2002
0922;2002;14014;2002
0660;2002;7822;2002
8402;2002;14026;2002
1172;2002;3673;2002
2528;2002;5257;2002
6857;2002;10501;2002
5675;2002;4617;2002
0081;2002;5444;2002
4513;2002;4257;2002
9471;2002;10551;2002
1289;2002;16485;2002
9370;2002;6637;2002
9262;2002;4667;2002
1456;2002;6696;2002
6213;2002;4391;2002
4325;2002;6286;2002
4106;2002;24215;2002
7240;2002;29594;2002
8561;2002;10224;2002
7917;2002;6110;2002
4485;2002;13865;2002
8431;2002;2517;2002
9401;2002;7017;2002
7471;2002;15975;2002
6633;2002;21653;2002
6328;2002;5771;2002
7618;2002;15567;2002
7415;2002;29700;2002
0719;2002;12980;2002
1224;2002;20513;2002
0051;2002;17967;2002
1548;2002;130705;2002
4347;2002;2832;2002
3382;2002;3288;2002
4368;2002;4416;2002
7068;2002;2331;2002
2715;2002;3818;2002
2906;2002;7461;2002
4716;2002;3698;2002
2452;2002;3374;2002
3405;2002;6869;2002
2297;2002;7710;2002
6429;2002;11889;2002
1978;2002;3738;2002
7894;2002;6226;2002
0155;2002;6556;2002
3280;2002;3951;2002
6244;2002;4745;2002
1668;2002;4039;2002
3751;2002;2310;2002
7904;2002;11785;2002
5792;2002;16068;2002
9578;2002;1753;2002
3336;2002;7615;2002
5001;2002;2802;2002
3734;2002;8316;2002
2737;2002;26153;2002
1994;2002;8923;2002
1390;2002;6858;2002
7525;2002;53920;2002
5495;2002;7586;2002
0548;2002;31714;2002
2479;2002;8662;2002
3976;2002;136630;2002
2582;2002;5362;2002
2639;2002;10558;2002
3707;2002;2194;2002
0383;2002;4237;2002
5143;2002;6112;2002
2402;2002;9358;2002
2325;2002;2104;2002
9501;2002;6096;2002
4132;2002;91628;2002
1691;2002;21945;2002
9279;2002;3777;2002
9702;2002;1633;2002
1974;2002;109167;2002
4588;2002;11588;2002
1294;2002;2339;2002
7738;2002;9446;2002
1380;2002;6877;2002
6261;2002;5668;2002
0703;2002;9460;2002
3352;2002;6245;2002
1613;2002;4748;2002
2600;2002;1597;2002
0420;2002;846;2002
3883;2002;6217;2002
5528;2002;892;2002
5580;2002;2114;2002
5310;2002;2866;2002
2861;2002;9743;2002
8676;2002;4277;2002
7145;2002;3666;2002
3027;2002;15172;2002
4263;2002;2924;2002
1952;2002;1315;2002
8860;2002;1997;2002
6846;2002;4242;2002
0969;2002;2122;2002
6379;2002;1461;2002
2569;2002;980;2002
2911;2002;720;2002
2126;2002;672;2002
4583;2002;9010;2002
2496;2002;2568;2002
9405;2002;1660;2002
2029;2002;6640;2002
6693;2002;513;2002
8393;2002;5349;2002
6672;2002;57939;2002
7023;2002;7706;2002
8757;2002;9662;2002
6301;2002;1036;2002
3672;2002;355;2002
0738;2002;1334;2002
9334;2002;5418;2002
5254;2002;3502;2002
3025;2002;640;2002
0145;2002;1241;2002
0743;2002;1998;2002
2754;2002;825;2002
3482;2002;1460;2002
9454;2002;1040;2002
2061;2002;1833;2002
6356;2002;3835;2002
8220;2002;11231;2002
2469;2002;2448;2002
2354;2002;674;2002
0451;2002;1331;2002
8116;2002;1276;2002
0064;2002;2628;2002
9679;2002;1173;2002
5642;2002;5548;2002
3124;2002;2159;2002
2874;2002;2262;2002
8359;2002;6746;2002
7946;2002;2253;2002
3609;2002;768;2002
7983;2002;3154;2002
3960;2002;6789;2002
7650;2002;90816;2002
2714;2002;2493;2002
9152;2002;970;2002
9008;2002;1983;2002
2885;2002;700;2002
1974;2002;2067;2002
9853;2002;5204;2002
8859;2002;4220;2002
3992;2002;1319;2002
1388;2002;2748;2002
7981;2002;3363;2002
7437;2002;2377;2002
7291;2002;7206;2002
3376;2002;3940;2002
8758;2002;1517;2002
9072;2002;3455;2002
0786;2002;1243;2002
7994;2002;1167;2002
8708;2002;2258;2002
5867;2002;1123;2002
4058;2002;827;2002
0661;2002;5020;2002
5330;2002;6727;2002
4920;2002;15302;2002
8897;2002;4228;2002
9182;2002;100830;2002
3310;2002;5295;2002
0388;2002;1465;2002
4501;2002;2209;2002
0038;2002;6521;2002
8914;2002;1740;2002
0471;2002;3736;2002
5313;2002;989;2002
3910;2002;17211;2002
9201;2002;1702;2002
3182;2002;3251;2002
9130;2002;3368;2002
6020;2002;14130;2002
2789;2002;5120;2002
4029;2002;4746;2002
0875;2002;30220;2002
7471;2002;28274;2002
2017;2002;9318;2002
1541;2002;1985;2002
9032;2002;39167;2002
8956;2002;11333;2002
4922;2002;5834;2002
2775;2002;989;2002
6645;2002;2749;2002
3854;2002;2157;2002
3095;2002;9154;2002
5729;2002;1624;2002
5693;2002;2525;2002
8135;2002;5694;2002
4607;2002;1795;2002
9348;2002;3364;2002
6306;2002;1746;2002
7380;2002;29623;2002
2517;2002;6048;2002
0164;2002;3533;2002
3629;2002;764;2002
9833;2002;3095;2002
1979;2002;3640;2002
4060;2002;1764;2002
7778;2002;1917;2002
1118;2002;828;2002
2869;2002;3998;2002
2340;2002;7575;2002
7674;2002;42060;2002
5430;2002;3470;2002
3331;2002;3004;2002
6767;2002;3342;2002
4964;2002;2272;2002
8108;2002;137;2002
7793;2002;2430;2002
6721;2002;3912;2002
0544;2002;1645;2002
8643;2002;164;2002
2217;2002;1765;2002
8822;2002;6876;2002
8058;2002;595;2002
8464;2002;4617;2002
6594;2002;361;2002
5802;2002;574;2002
1968;2002;10221;2002
0661;2002;38713;2002
1987;2002;1234;2002
9648;2002;13847;2002
9097;2002;2114;2002
6696;2002;599;2002
3977;2002;249;2002
2165;2002;1629;2002
0499;2002;677;2002
2233;2002;914;2002
5783;2002;2505;2002
5238;2002;41071;2002
1001;2002;10185;2002
2583;2002;4869;2002
3565;2002;6702;2002
5077;2002;166;2002
8781;2002;5246;2002
9416;2002;3321;2002
6712;2002;3221;2002
0371;2002;7461;2002
4664;2002;814;2002
5807;2002;9275;2002
9085;2002;928;2002
0834;2002;1274;2002
6459;2002;2036;2002
2147;2002;876;2002
7972;2002;1378;2002
4519;2002;1233;2002
0307;2002;296;2002
5498;2002;5899;2002
2491;2002;9718;2002
5519;2002;14719;2002
4575;2002;20285;2002
1693;2002;782;2002
0195;2002;3838;2002
2549;2002;12885;2002
3837;2002;1497;2002
1649;2002;3335;2002
5375;2002;464;2002
6468;2002;927;2002
9784;2002;1114;2002
1182;2002;18831;2002
5351;2002;9508;2002
8634;2002;2787;2002
2952;2002;423;2002
4246;2002;1184;2002
3927;2002;3304;2002
0623;2002;3462;2002
9725;2002;2420;2002
4940;2002;3951;2002
1937;2002;1989;2002
2174;2002;1435;2002
0182;2002;51145;2002
5319;2002;648;2002
2113;2002;1806;2002
2382;2002;1279;2002
9771;2002;7356;2002
7948;2002;3041;2002
0833;2002;2051;2002
9389;2002;3216;2002
3951;2002;3112;2002
9508;2002;1038;2002
3368;2002;5067;2002
6123;2002;3202;2002
5319;2002;35850;2002
8574;2002;8993;2002
3070;2002;1570;2002
2041;2002;969;2002
9946;2002;14412;2002
2619;2002;3195;2002
9249;2002;1158;2002
9293;2002;1208;2002
1722;2002;2376;2002
7276;2002;971;2002
3038;2002;1562;2002
7625;2002;746;2002
4336;2002;4042;2002
9405;2002;2321;2002
4055;2002;1776;2002
9335;2002;565;2002
9920;2002;511;2002
2074;2002;2217;2002
6157;2002;1303;2002
4640;2002;612;2002
5337;2002;868;2002
4458;2002;6671;2002
4183;2002;12893;2002
2142;2002;443;2002
6263;2002;942;2002
7918;2002;674;2002
3742;2002;10512;2002
9216;2002;386;2002
2352;2002;2389;2002
4509;2002;2571;2002
7156;2002;7853;2002
1669;2002;523;2002
9488;2002;795;2002
3789;2002;1032;2002
3504;2002;617;2002
6024;2002;5350;2002
0748;2002;822;2002
6977;2002;220;2002
8469;2002;2001;2002
0023;2002;2546;2002
2677;2002;1585;2002
7934;2002;15990;2002
1256;2002;23005;2002
6456;2002;1916;2002
2781;2002;4374;2002
6318;2002;2203;2002
4370;2002;1006;2002
4051;2002;45411;2002
1789;2002;1521;2002
5172;2002;15436;2002
4919;2002;2353;2002
2925;2002;413;2002
5831;2002;5997;2002
9329;2002;2129;2002
2092;2002;2266;2002
9874;2002;10131;2002
9352;2002;2006;2002
9229;2002;64904;2002
1546;2002;1225;2002
8289;2002;795;2002
7785;2002;2458;2002
5669;2002;9129;2002
6259;2002;4485;2002
6776;2002;4831;2002
8433;2002;67024;2002
7508;2002;9971;2002
5050;2002;2586;2002
1034;2002;1874;2002
4730;2002;8143;2002
4509;2002;2058;2002
3196;2002;4567;2002
6618;2002;1369;2002
5748;2002;11494;2002
7063;2002;6567;2002
4659;2002;10002;2002
2029;2002;7329;2002
4239;2002;30301;2002
0913;2002;2382;2002
9157;2002;42473;2002
0811;2002;651;2002
4821;2002;6009;2002
5217;2002;1882;2002
9410;2002;4856;2002
1950;2002;522;2002
8802;2002;8381;2002
8595;2002;661;2002
0403;2002;3843;2002
0979;2002;522;2002
8073;2002;82167;2002
2742;2002;20726;2002
2820;2002;2489;2002
3299;2002;1174;2002
6716;2002;4387;2002
5478;2002;3740;2002
0295;2002;2550;2002
6091;2002;24229;2002
7543;2002;2373;2002
0716;2002;7301;2002
1568;2002;1432;2002
5504;2002;12743;2002
1929;2002;779;2002
0817;2002;3396;2002
2191;2002;1103;2002
3520;2002;377;2002
4193;2002;61484;2002
5653;2002;1783;2002
7895;2002;1395;2002
9916;2002;701;2002
6800;2002;14872;2002
0363;2002;8188;2002
9324;2002;1687;2002
2518;2002;6854;2002
9667;2002;6013;2002
0435;2002;2897;2002
0156;2002;7259;2002
6165;2002;19942;2002
1306;2002;10136;2002
6718;2002;20038;2002
1790;2002;17794;2002
6846;2002;9229;2002
2003;2002;84465;2002
3367;2002;1875;2002
5341;2002;7760;2002
9127;2002;23045;2002
2496;2002;1644;2002
6121;2002;7074;2002
0534;2002;10438;2002
7962;2002;4738;2002
1958;2002;4003;2002
0982;2002;25066;2002
2870;2002;9658;2002
0091;2002;3945;2002
3628;2002;16112;2002
9870;2002;15012;2002
7597;2002;38028;2002
9166;2002;6059;2002
4365;2002;17190;2002
3183;2002;9725;2002
2748;2002;15798;2002
6319;2002;5043;2002
2087;2002;44460;2002
1921;2002;14072;2002
5025;2002;16450;2002
3181;2002;354478;2002
9950;2002;4782;2002
1871;2002;21230;2002
1453;2002;4731;2002
3743;2002;12982;2002
7185;2002;14576;2002
3960;2002;5627;2002
8991;2002;18005;2002
2885;2002;1739;2002
0518;2002;3543;2002
7534;2002;3471;2002
6715;2002;11516;2002
9719;2002;11532;2002
1064;2002;1295;2002
5603;2002;7296;2002
3984;2002;20606;2002
6819;2002;14367;2002
1438;2002;7672;2002
8797;2002;6756;2002
8317;2002;16736;2002
2059;2002;1199;2002
5688;2002;3728;2002
6943;2002;50127;2002
2412;2002;7062;2002
7812;2002;46242;2002
8083;2002;15913;2002
0298;2002;7175;2002
9411;2002;4940;2002
8610;2002;7371;2002
1848;2002;13836;2002
6799;2002;3137;2002
2822;2002;12477;2002
7877;2002;4202;2002
5606;2002;3170;2002
3267;2002;342;2002
3312;2002;8256;2002
5193;2002;26553;2002
9607;2002;15880;2002
9832;2002;156501;2002
4508;2002;2173;2002
8590;2002;1880;2002
8830;2002;33851;2002
3301;2002;3276;2002
4807;2002;11572;2002
8950;2002;2181;2002
6232;2002;982;2002
8177;2002;30830;2002
1943;2002;6584;2002
7469;2002;529;2002
4670;2002;2895;2002
4826;2002;6280;2002
9901;2002;5512;2002
1652;2002;5901;2002
9113;2002;8818;2002
6900;2002;5107;2002
2885;2002;1010;2002
5436;2002;3547;2002
6236;2002;38545;2002
3167;2002;11536;2002
5196;2002;1833;2002
0157;2002;2439;2002
9916;2002;1560;2002
1072;2002;3899;2002
4313;2002;3161;2002
6140;2002;1047;2002
6579;2002;1345;2002
8542;2002;7990;2002
3259;2002;1132;2002
8574;2002;2000;2002
2359;2002;1505;2002
0930;2002;705;2002
2191;2002;9773;2002
6218;2002;628;2002
7062;2002;4528;2002
5160;2002;4844;2002
1798;2002;88809;2002
7025;2002;6184;2002
6847;2002;12672;2002
1841;2002;25242;2002
8395;2002;1341;2002
7682;2002;30538;2002
5023;2002;26445;2002
7925;2002;12477;2002
6216;2002;1472;2002
0355;2002;10869;2002
2830;2002;3984;2002
5827;2002;11526;2002
8835;2002;7917;2002
8409;2002;11226;2002
9192;2002;5819;2002
6897;2002;92213;2002
8360;2002;1202;2002
5121;2002;11600;2002
4651;2002;9478;2002
5561;2002;4883;2002
5301;2002;1644;2002
6283;2002;3356;2002
6002;2002;2756;2002
2701;2002;2859;2002
4628;2002;2040;2002
5814;2002;12075;2002
8681;2002;8020;2002
8936;2002;970;2002
3156;2002;2235;2002
1840;2002;8684;2002
9583;2002;22017;2002
7645;2002;8464;2002
0499;2002;3459;2002
4947;2002;5248;2002
8055;2002;3469;2002
7544;2002;2852;2002
9430;2002;579;2002
4157;2002;1871;2002
8718;2002;8217;2002
6641;2002;22337;2002
3016;2002;848;2002
5191;2002;3099;2002
3573;2002;5504;2002
0947;2002;3311;2002
0728;2002;5875;2002
4296;2002;3101;2002
4242;2002;16905;2002
1931;2002;15694;2002
1229;2002;1464;2002
7884;2002;3031;2002
8418;2002;5576;2002
8867;2002;1167;2002
9313;2002;11416;2002
9933;2002;6784;2002
6869;2002;6562;2002
8436;2002;3141;2002
6888;2002;2998;2002
7990;2002;2718;2002
9871;2002;7615;2002
6621;2002;2548;2002
5721;2002;2884;2002
5843;2002;6984;2002
6160;2002;1920;2002
1472;2002;8673;2002
0598;2002;19769;2002
8831;2002;2502;2002
8497;2002;5092;2002
3149;2002;13874;2002
7349;2002;7999;2002
9127;2002;7303;2002
5004;2002;1426;2002
6080;2002;1994;2002
6260;2002;4144;2002
9553;2002;2215;2002
5535;2002;27446;2002
4149;2002;1688;2002
0962;2002;1217;2002
5683;2002;995;2002
0357;2002;4866;2002
1415;2002;1745;2002
5944;2002;7143;2002
4580;2002;906;2002
1182;2002;2482;2002
8062;2002;4577;2002
5774;2002;52707;2002
6603;2002;11894;2002
6041;2002;8443;2002
2429;2002;7069;2002
9755;2002;1440;2002
2541;2002;4095;2002
2591;2002;2435;2002
3607;2002;3815;2002
7664;2002;4401;2002
2319;2002;1788;2002
3280;2002;7272;2002
5518;2002;2631;2002
9001;2002;3062;2002
0182;2002;21165;2002
9382;2002;8295;2002
2486;2002;71391;2002
0115;2002;1369;2002
7728;2002;3693;2002
5051;2002;6874;2002
4428;2002;8799;2002
4002;2002;12329;2002
2049;2002;1231;2002
7973;2002;14624;2002
9578;2002;4142;2002
8586;2002;1210;2002
4661;2002;9225;2002
4512;2002;2769;2002
5236;2002;4443;2002
2874;2002;3211;2002
4320;2002;938;2002
5664;2002;3847;2002
5875;2002;1233;2002
6534;2002;1303;2002
1913;2002;25538;2002
6014;2002;18474;2002
0747;2002;3868;2002
2225;2002;4828;2002
7615;2002;2400;2002
8087;2002;3956;2002
8456;2002;3257;2002
4414;2002;3074;2002
2853;2002;14417;2002
7824;2002;1129;2002
5286;2002;3182;2002
9515;2002;7206;2002
3289;2002;38208;2002
6742;2002;2919;2002
7230;2002;15594;2002
0578;2002;1311;2002
5096;2002;8120;2002
6641;2002;51639;2002
3865;2002;2436;2002
4281;2002;1723;2002
4751;2002;3416;2002
6236;2002;6045;2002
2781;2002;15145;2002
7676;2002;31743;2002
1822;2002;657;2002
7327;2002;12504;2002
4887;2002;16571;2002
4082;2002;3531;2002
0046;2002;1613;2002
5123;2002;5603;2002
1554;2002;656;2002
5287;2002;1240;2002
0941;2002;1588;2002
1640;2002;5951;2002
5597;2002;4869;2002
9058;2002;972;2002
9686;2002;5351;2002
3320;2002;5078;2002
5012;2002;150978;2002
4633;2002;3665;2002
4190;2002;2330;2002
0939;2002;164;2002
0182;2002;803;2002
9823;2002;10402;2002
5485;2002;553;2002
1428;2002;1480;2002
8493;2002;454;2002
8315;2002;1221;2002
4737;2002;2521;2002
6445;2002;8359;2002
1366;2002;37823;2002
8002;2002;16735;2002
6581;2002;5504;2002
1853;2002;7830;2002
8852;2002;3624;2002
8297;2002;15263;2002
3024;2002;3487;2002
2212;2002;430;2002
5734;2002;1376;2002
6057;2002;4655;2002
6122;2002;1833;2002
8952;2002;1510;2002
4964;2002;11220;2002
0359;2002;2708;2002
5120;2002;1714;2002
5686;2002;2685;2002
7841;2002;1834;2002
1424;2002;2152;2002
2156;2002;3007;2002
5505;2002;2700;2002
5861;2002;1896;2002
6187;2002;1716;2002
0882;2002;1802;2002
3808;2002;1815;2002
8297;2002;1597;2002
4282;2002;4612;2002
2172;2002;1762;2002
0869;2002;1297;2002
0591;2002;1235;2002
0978;2002;1619;2002
9836;2002;20094;2002
2658;2002;20641;2002
5297;2002;1847;2002
0911;2002;591;2002
0033;2002;1050;2002
5676;2002;269;2002
6029;2002;1792;2002
8956;2002;4539;2002
4517;2002;2329;2002
1632;2002;4501;2002
4298;2002;104706;2002
3387;2002;2394;2002
6054;2002;5815;2002
8706;2002;849;2002
8088;2002;3642;2002
5635;2002;984;2002
5459;2002;4322;2002
1676;2002;1171;2002
9142;2002;3178;2002
5744;2002;4124;2002
6447;2002;1607;2002
6322;2002;861;2002
8477;2002;3134;2002
0374;2002;5055;2002
2907;2002;1713;2002
9683;2002;5673;2002
5769;2002;5223;2002
4110;2002;1938;2002
9150;2002;2158;2002
8891;2002;2254;2002
8237;2002;1355;2002
1950;2002;1267;2002
2211;2002;15239;2002
9558;2002;1699;2002
0306;2002;3377;2002
7859;2002;6789;2002
6785;2002;1767;2002
3737;2002;1711;2002
1734;2002;2780;2002
8083;2002;1507;2002
1023;2002;2275;2002
4203;2002;2932;2002
9421;2002;2448;2002
4293;2002;1026;2002
6924;2002;933;2002
5404;2002;3415;2002
6168;2002;7714;2002
9300;2002;12770;2002
1400;2002;1930;2002
6834;2002;2395;2002
7096;2002;7936;2002
5055;2002;1150;2002
3110;2002;3056;2002
5591;2002;7902;2002
6051;2002;2247;2002
0051;2002;612;2002
5258;2002;7601;2002
2792;2002;1144;2002
7346;2002;2112;2002
5355;2002;8272;2002
9412;2002;5208;2002
3305;2002;15362;2002
7309;2002;416;2002
6910;2002;7729;2002
4944;2002;2922;2002
4516;2002;2520;2002
9623;2002;3943;2002
3071;2002;2145;2002
7710;2002;12063;2002
5289;2002;4678;2002
2267;2002;59117;2002
1430;2002;3311;2002
3306;2002;716;2002
3852;2002;2802;2002
9030;2002;2811;2002
9761;2002;283;2002
6446;2002;622;2002
9409;2002;722;2002
8182;2002;4541;2002
2929;2002;950;2002
6240;2002;2856;2002
6212;2002;1621;2002
5461;2002;682;2002
3087;2002;1093;2002
4912;2002;258;2002
8422;2002;942;2002
2697;2002;1239;2002
2532;2002;6536;2002
6506;2002;465;2002
3665;2002;498;2002
3718;2002;386;2002
6126;2002;173;2002
9475;2002;1501;2002
7540;2002;499;2002
3896;2002;358;2002
9223;2002;699;2002
5447;2002;3385;2002
6889;2002;552;2002
9624;2002;11048;2002
6211;2002;1549;2002
6853;2002;2526;2002
3898;2002;633;2002
8523;2002;1472;2002
7404;2002;347;2002
0180;2002;2659;2002
3338;2002;672;2002
2258;2002;3714;2002
0838;2002;122;2002
8517;2002;151;2002
8922;2002;544;2002
7472;2002;379;2002
7224;2002;906;2002
0398;2002;1226;2002
5865;2002;341;2002
7570;2002;733;2002
9405;2002;3709;2002
7279;2002;365;2002
6424;2002;232;2002
6888;2002;436;2002
3138;2002;190;2002
7761;2002;2496;2002
9304;2002;1334;2002
3815;2002;2099;2002
9813;2002;1218;2002
3948;2002;5212;2002
9469;2002;2550;2002
4995;2002;2057;2002
6696;2002;519;2002
0132;2002;820;2002
9787;2002;403;2002
4530;2002;44334;2002
7902;2002;1268;2002
7231;2002;626;2002
5551;2002;836;2002
5958;2002;556;2002
3505;2002;2577;2002
7281;2002;1003;2002
3838;2002;1775;2002
9796;2002;1266;2002
3291;2002;912;2002
7914;2002;1221;2002
3047;2002;1197;2002
5095;2002;256;2002
1839;2002;238;2002
7526;2002;266;2002
1123;2002;1633;2002
4997;2002;1604;2002
6399;2002;34253;2002
1659;2002;4149;2002
2338;2002;14833;2002
2154;2002;894;2002
6490;2002;38592;2002
3109;2002;1372;2002
5918;2002;17787;2002
1985;2002;1543;2002
7970;2002;11929;2002
7794;2002;3002;2002
0602;2002;13885;2002
4966;2002;502;2002
9371;2002;8932;2002
9174;2002;3344;2002
3730;2002;366;2002
5071;2002;5889;2002
3617;2002;320;2002
2891;2002;4889;2002
3793;2002;779;2002
1894;2002;8126;2002
8029;2002;6553;2002
5653;2002;7261;2002
2923;2002;715;2002
8793;2002;9646;2002
0752;2002;1050;2002
7448;2002;478;2002
3187;2002;27938;2002
8474;2002;1176;2002
3668;2002;646;2002
3770;2002;50106;2002
7493;2002;1542;2002
9854;2002;20663;2002
5491;2002;3371;2002
1861;2002;8199;2002
6584;2002;492;2002
1449;2002;9616;2002
4749;2002;19554;2002
6994;2002;4737;2002
0431;2002;1778;2002
0651;2002;5337;2002
8998;2002;22288;2002
1242;2002;1205;2002
1896;2002;748;2002
4028;2002;17880;2002
4716;2002;69500;2002
4509;2002;480;2002
7531;2002;3947;2002
7632;2002;10238;2002
9850;2002;944;2002
5174;2002;1313;2002
7166;2002;814;2002
9991;2002;6001;2002
6535;2002;779;2002
3561;2002;5499;2002
1913;2002;33437;2002
0667;2002;2540;2002
2684;2002;16807;2002
5712;2002;8570;2002
8416;2002;1362;2002
1399;2002;1942;2002
4257;2002;4889;2002
1250;2002;8255;2002
9352;2002;34470;2002
3928;2002;1867;2002
5872;2002;2374;2002
0842;2002;6993;2002
3969;2002;1248;2002
3249;2002;1789;2002
0960;2002;1426;2002
6413;2002;37124;2002
1598;2002;6394;2002
0164;2002;17359;2002
8028;2002;10809;2002
7577;2002;218;2002
9201;2002;737;2002
7449;2002;2170;2002
5727;2002;43854;2002
5195;2002;1010;2002
4305;2002;6601;2002
5617;2002;7060;2002
3835;2002;765;2002
8373;2002;244;2002
0854;2002;354;2002
7161;2002;13299;2002
4072;2002;295;2002
2646;2002;10254;2002
5724;2002;1003;2002
3502;2002;802;2002
3371;2002;2544815;2002
5016;2002;1368;2002
4283;2002;5749;2002
3047;2002;891;2002
4501;2002;1462;2002
5287;2002;2371;2002
9058;2002;15314;2002
3567;2002;3169;2002
8935;2002;3563;2002
6619;2002;3283;2002
1595;2002;162;2002
8619;2002;8865;2002
2313;2002;8998;2002
6439;2002;49271;2002
2670;2002;4952;2002
7793;2002;940;2002
9863;2002;4887;2002
9371;2002;379;2002
7180;2002;295;2002
9132;2002;12469;2002
2312;2002;48509;2002
9435;2002;3748;2002
5367;2002;228;2002
0352;2002;13164;2002
5343;2002;10519;2002
9515;2002;31408;2002
0869;2002;29340;2002
9981;2002;36027;2002
6431;2002;10083;2002
8908;2002;51471;2002
9405;2002;23200;2002
1088;2002;57056;2002
4003;2002;1655;2002
3827;2002;721;2002
7045;2002;4485;2002
1569;2002;32678;2002
3114;2002;10545;2002
9130;2002;31694;2002
1690;2002;35056;2002
1985;2002;21057;2002
0971;2002;8835;2002
6174;2002;108804;2002
2423;2002;4132;2002
1331;2002;3020;2002
1345;2002;17915;2002
1013;2002;6020;2002
2215;2002;3831;2002
1023;2002;13095;2002
1563;2002;3153;2002
9808;2002;13139;2002
3661;2002;1235;2002
4927;2002;4385;2002
1656;2002;1090;2002
5036;2002;1194;2002
3721;2002;16408;2002
6307;2002;8071;2002
6104;2002;6605;2002
9962;2002;6694;2002
4710;2002;21984;2002
8186;2002;7099;2002
4897;2002;3141;2002
7401;2002;2720;2002
5876;2002;37374;2002
7454;2002;651;2002
3188;2002;297;2002
4662;2002;1850;2002
9544;2002;27120;2002
7097;2002;3026;2002
7257;2002;4247;2002
8136;2002;19259;2002
2368;2002;5383;2002
5217;2002;5991;2002
2942;2002;2429;2002
2398;2002;7601;2002
8889;2002;4521;2002
6376;2002;2551;2002
0535;2002;770;2002
1885;2002;8900;2002
7934;2002;2678;2002
4235;2002;1779;2002
3769;2002;675;2002
2708;2002;3164;2002
4194;2002;32855;2002
3207;2002;3584;2002
8819;2002;886;2002
9148;2002;3760;2002
4500;2002;5039;2002
0552;2002;22365;2002
0302;2002;8234;2002
4090;2002;7118;2002
5176;2002;1843;2002
6784;2002;941;2002
9886;2002;832;2002
3837;2002;1739;2002
5646;2002;4089;2002
7328;2002;604;2002
9996;2002;20131;2002
0805;2002;571;2002
9774;2002;8829;2002
1111;2002;3175;2002
1479;2002;1311;2002
8443;2002;48337;2002
8358;2002;2140;2002
7370;2002;1232;2002
5444;2002;2244;2002
3725;2002;1642;2002
0140;2002;12184;2002
7118;2002;12749;2002
5710;2002;3057;2002
6362;2002;7684;2002
1606;2002;1661;2002
3072;2002;2951;2002
8803;2002;1569;2002
1464;2002;1196;2002
9312;2002;3132;2002
3244;2002;4515;2002
3812;2002;4653;2002
4058;2002;2454;2002
6809;2002;4437;2002
8006;2002;13218;2002
8043;2002;1242;2002
6133;2002;5309;2002
5828;2002;1032;2002
3317;2002;7449;2002
2138;2002;364;2002
6287;2002;2190;2002
7054;2002;3113;2002
7104;2002;3573;2002
0266;2002;979;2002
1081;2002;1593;2002
0189;2002;1928;2002
1030;2002;6284;2002
5978;2002;1615;2002
5003;2002;2679;2002
3937;2002;2972;2002
6802;2002;852;2002
2210;2002;2591;2002
1176;2002;25992;2002
5679;2002;2505;2002
5901;2002;4774;2002
6444;2002;574;2002
9926;2002;1269;2002
0598;2002;4366;2002
3218;2002;1815;2002
6404;2002;1465;2002
2762;2002;3079;2002
5375;2002;1037;2002
6558;2002;1817;2002
6432;2002;19870;2002
2083;2002;814;2002
8354;2002;2173;2002
0226;2002;1251;2002
7672;2002;2657;2002
0989;2002;1782;2002
8618;2002;418;2002
0556;2002;1425;2002
3172;2002;7207;2002
1268;2002;4908;2002
0079;2002;5154;2002
8485;2002;53143;2002
4328;2002;2287;2002
7783;2002;5006;2002
6782;2002;1771;2002
0404;2002;5821;2002
9577;2002;5843;2002
0171;2002;1763;2002
3014;2002;5087;2002
4646;2002;7531;2002
3895;2002;1667;2002
6030;2002;19108;2002
3160;2002;6497;2002
2291;2002;8147;2002
3570;2002;14556;2002
4855;2002;19729;2002
5584;2002;9602;2002
9044;2002;7953;2002
0685;2002;75339;2002
0496;2002;1648;2002
3231;2002;1198;2002
7738;2002;1477;2002
3439;2002;3971;2002
9503;2002;18576;2002
2077;2002;5110;2002
7400;2002;7582;2002
6503;2002;524;2002
4670;2002;1384;2002
6894;2002;6981;2002
7843;2002;2074;2002
7113;2002;831;2002
6781;2002;1442;2002
9244;2002;4856;2002
8580;2002;8588;2002
1338;2002;738;2002
1131;2002;2370;2002
9275;2002;648;2002
4234;2002;3654;2002
0500;2002;6816;2002
9776;2002;8966;2002
5919;2002;779;2002
5891;2002;1207;2002
5573;2002;13140;2002
6330;2002;10089;2002
6723;2002;37661;2002
2069;2002;40140;2002
3040;2002;3066;2002
0960;2002;3313;2002
7166;2002;23972;2002
8339;2002;13572;2002
6084;2002;10438;2002
0206;2002;2462;2002
4954;2002;2472;2002
4292;2002;11442;2002
9339;2002;4481;2002
4929;2002;3032;2002
3783;2002;6497;2002
2451;2002;1827;2002
9126;2002;6903;2002
2092;2002;1701;2002
7437;2002;1711;2002
8922;2002;1673;2002
6402;2002;1381;2002
2195;2002;7170;2002
4795;2002;2518;2002
5286;2002;3692;2002
0384;2002;3755;2002
7120;2002;1023;2002
0055;2002;516;2002
1507;2002;1883;2002
2174;2002;12525;2002
1790;2002;16740;2002
5033;2002;1038;2002
6099;2002;11674;2002
7121;2002;18846;2002
7191;2002;1008;2002
1312;2002;1923;2002
7852;2002;10269;2002
8351;2002;13574;2002
9201;2002;31037;2002
7297;2002;2651;2002
9668;2002;4385;2002
5227;2002;2399;2002
2007;2002;13462;2002
1747;2002;22652;2002
7653;2002;7253;2002
2119;2002;6827;2002
4301;2002;12988;2002
6990;2002;10000;2002
3939;2002;1067;2002
6551;2002;14417;2002
5233;2002;6298;2002
4196;2002;1116;2002
9014;2002;2596;2002
5469;2002;5595;2002
8249;2002;10305;2002
9697;2002;5434;2002
7200;2002;3846;2002
7939;2002;7231;2002
0481;2002;6617;2002
7016;2002;5918;2002
8972;2002;7687;2002
2218;2002;2753;2002
0381;2002;5674;2002
1195;2002;2746;2002
9610;2002;1912;2002
6568;2002;886;2002
8169;2002;2780;2002
8340;2002;61587;2002
4626;2002;1442;2002
9401;2002;1887;2002
0788;2002;1900;2002
3059;2002;2350;2002
5858;2002;1115;2002
8038;2002;1511;2002
3398;2002;1549;2002
3966;2002;1058;2002
2586;2002;1675;2002
7795;2002;1444;2002
4357;2002;2613;2002
5788;2002;1766;2002
7176;2002;2196;2002
8035;2002;3409;2002
3530;2002;4165;2002
6637;2002;2641;2002
2751;2002;3044;2002
8594;2002;4353;2002
1964;2002;2646;2002
9049;2002;2070;2002
9892;2002;3894;2002
7656;2002;3456;2002
3075;2002;1558;2002
4545;2002;1112;2002
5738;2002;1189;2002
4921;2002;1955;2002
8164;2002;2687;2002
7871;2002;586;2002
0975;2002;5604;2002
3809;2002;3676;2002
8753;2002;1860;2002
2035;2002;4074;2002
1636;2002;1922;2002
9367;2002;1784;2002
5073;2002;12984;2002
3315;2002;5118;2002
2987;2002;4268;2002
7490;2002;2619;2002
7988;2002;2011;2002
0009;2002;1758;2002
8327;2002;1491;2002
1537;2002;2173;2002
8130;2002;660;2002
2535;2002;3044;2002
9153;2002;2570;2002
0289;2002;2516;2002
7611;2002;1437;2002
6384;2002;1351;2002
6761;2002;5624;2002
3386;2002;9624;2002
7653;2002;3257;2002
9590;2002;3153;2002
8833;2002;2323;2002
2955;2002;2261;2002
3043;2002;885;2002
1870;2002;3730;2002
1840;2002;1208;2002
0421;2002;824;2002
2242;2002;3244;2002
3108;2002;3751;2002
2430;2002;1032;2002
3786;2002;11514;2002
0134;2002;4192;2002
2466;2002;654;2002
1266;2002;4106;2002
9987;2002;5885;2002
4911;2002;1588;2002
1549;2002;3521;2002
9905;2002;3013;2002
7986;2002;659;2002
7117;2002;46842;2002
9116;2002;62490;2002
8316;2002;7307;2002
4666;2002;5971;2002
7061;2002;38253;2002
4675;2002;26589;2002
9609;2002;8721;2002
3465;2002;27714;2002
5305;2002;10659;2002
6905;2002;15262;2002
2212;2002;37122;2002
0051;2002;12236;2002
3276;2002;5269;2002
0628;2002;7044;2002
6495;2002;2023;2002
2082;2002;20734;2002
8106;2002;48541;2002
3844;2002;3247;2002
8488;2002;7498;2002
1880;2002;12708;2002
5268;2002;19988;2002
5932;2002;3700;2002
1306;2002;81766;2002
8134;2002;66627;2002
8110;2002;6740;2002
2293;2002;19072;2002
3311;2002;12445;2002
7406;2002;6829;2002
4493;2002;1805;2002
2191;2002;12243;2002
0814;2002;14683;2002
3698;2002;32471;2002
0503;2002;15521;2002
6226;2002;99936;2002
6389;2002;29514;2002
8802;2002;18586;2002
1402;2002;18286;2002
0768;2002;4376;2002
0191;2002;5704;2002
7109;2002;1828;2002
6414;2002;58140;2002
2685;2002;6442;2002
5697;2002;30156;2002
8362;2002;13021;2002
8121;2002;35111;2002
2511;2002;7764;2002
7043;2002;12956;2002
2471;2002;30841;2002
9545;2002;998398;2002
1853;2002;32839;2002
0216;2002;22703;2002
6707;2002;14468;2002
3354;2002;12816;2002
5394;2002;5877;2002
2000;2002;19680;2002
0140;2002;13424;2002
7555;2002;40191;2002
4222;2002;25612;2002
6048;2002;59492;2002
4369;2002;79591;2002
2559;2002;10539;2002
4250;2002;24782;2002
1555;2002;36793;2002
8941;2002;56445;2002
3315;2002;7235;2002
0144;2002;10197;2002
1055;2002;50332;2002
1724;2002;25220;2002
9480;2002;3383;2002
6170;2002;9797;2002
1482;2002;8632;2002
7540;2002;28092;2002
9047;2002;31559;2002
9318;2002;18372;2002
3734;2002;5644;2002
8774;2002;14647;2002
5003;2002;4957;2002
4432;2002;3076;2002
6436;2002;33352;2002
9556;2002;16564;2002
6517;2002;7481;2002
4994;2002;16077;2002
5396;2002;47573;2002
6328;2002;89783;2002
2070;2002;3250;2002
3794;2002;20163;2002
8811;2002;26193;2002
9036;2002;4648;2002
2021;2002;21839;2002
9790;2002;10945;2002
2131;2002;9142;2002
0716;2002;5937;2002
8723;2002;3290;2002
0831;2002;4202;2002
6485;2002;2269;2002
1483;2002;2075;2002
7390;2002;23433;2002
5931;2002;11168;2002
3890;2002;7637;2002
5500;2002;53043;2002
8043;2002;3367;2002
2951;2002;4656;2002
1573;2002;4333;2002
7775;2002;2551;2002
8073;2002;407;2002
3340;2002;2857;2002
0621;2002;5765;2002
3488;2002;1074;2002
2827;2002;3768;2002
4879;2002;2340;2002
7239;2002;1676;2002
0937;2002;2055;2002
0746;2002;932;2002
3663;2002;1197;2002
6888;2002;2484;2002
1700;2002;1713;2002
3430;2002;10126;2002
7261;2002;2348;2002
6074;2002;599;2002
6024;2002;2484;2002
3106;2002;2869;2002
6327;2002;1455;2002
3990;2002;1592;2002
5501;2002;3339;2002
7042;2002;3441;2002
3895;2002;5133;2002
0394;2002;4149;2002
3349;2002;3824;2002
2631;2002;916;2002
1148;2002;8269;2002
1256;2002;1853;2002
8730;2002;1996;2002
0921;2002;2965;2002
2956;2002;1707;2002
2933;2002;3669;2002
5111;2002;6183;2002
0681;2002;1302;2002
7454;2002;3081;2002
7195;2002;1618;2002
6840;2002;1995;2002
9019;2002;11899;2002
9585;2002;8257;2002
3734;2002;566;2002
0056;2002;4248;2002
2488;2002;3388;2002
9725;2002;9018;2002
4461;2002;2288;2002
2382;2002;1457;2002
9536;2002;7803;2002
0089;2002;3091;2002
6309;2002;5351;2002
5569;2002;920;2002
6654;2002;9646;2002
4756;2002;8076;2002
4120;2002;1391;2002
4535;2002;1672;2002
2983;2002;4897;2002
6005;2002;4375;2002
6764;2002;1671;2002
6255;2002;1753;2002
2187;2002;687;2002
4254;2002;2652;2002
1398;2002;377;2002
2415;2002;2565;2002
7281;2002;1615;2002
9911;2002;2963;2002
8428;2002;3286;2002
9311;2002;1580;2002
9083;2002;2955;2002
4554;2002;2341;2002
4116;2002;886;2002
8085;2002;3361;2002
9594;2002;777;2002
5865;2002;1234;2002
9153;2002;4680;2002
4659;2002;2333;2002
8989;2002;862;2002
5378;2002;1448;2002
1930;2002;1877;2002
9333;2002;1520;2002
0383;2002;1908;2002
4602;2002;897;2002
7449;2002;737;2002
1046;2002;4244;2002
4343;2002;1433;2002
7802;2002;1966;2002
4761;2002;1310;2002
1039;2002;1420;2002
0250;2002;933;2002
4994;2002;7130;2002
1867;2002;2456;2002
2135;2002;11893;2002
1034;2002;573;2002
6968;2002;3264;2002
6733;2002;3283;2002
3678;2002;1581;2002
7662;2002;1553;2002
4115;2002;2726;2002
2061;2002;1540;2002
5685;2002;2216;2002
0416;2002;1361;2002
2199;2002;645;2002
0025;2002;1265;2002
9641;2002;933;2002
9136;2002;3049;2002
1252;2002;1485;2002
1566;2002;2545;2002
0366;2002;974;2002
9992;2002;1977;2002
4183;2002;4195;2002
2100;2002;1393;2002
4968;2002;2984;2002
7664;2002;19860;2002
2302;2002;6290;2002
8222;2002;1126;2002
4817;2002;6654;2002
7001;2002;5499;2002
7655;2002;29848;2002
7339;2002;1789;2002
4528;2002;5394;2002
0048;2002;2272;2002
1206;2002;944;2002
6829;2002;2424;2002
9298;2002;15270;2002
8494;2002;50318;2002
7467;2002;989;2002
4087;2002;5262;2002
9179;2002;5576;2002
5398;2002;2581;2002
4328;2002;3010;2002
9093;2002;1393;2002
5769;2002;6902;2002
3034;2002;15352;2002
1530;2002;544;2002
7503;2002;1124;2002
0263;2002;20141;2002
8221;2002;1288;2002
5691;2002;1655;2002
7095;2002;4590;2002
5545;2002;2018;2002
6340;2002;2123;2002
4332;2002;7788;2002
0593;2002;2269;2002
0629;2002;982;2002
5851;2002;12884;2002
2937;2002;2963;2002
4074;2002;1225;2002
5311;2002;52479;2002
6166;2002;2033;2002
7508;2002;4841;2002
4579;2002;2508;2002
9681;2002;2393;2002
3734;2002;1326;2002
1577;2002;3825;2002
1281;2002;692;2002
7461;2002;920;2002
9342;2002;3162;2002
7318;2002;2482;2002
9664;2002;741;2002
6631;2002;624;2002
5727;2002;35760;2002
5341;2002;1361;2002
6874;2002;12577;2002
8817;2002;821;2002
8506;2002;1295;2002
0750;2002;4222;2002
6125;2002;11084;2002
9883;2002;1452;2002
7006;2002;1113;2002
3430;2002;999;2002
7442;2002;1106;2002
4538;2002;1940;2002
2220;2002;927;2002
6759;2002;1546;2002
2415;2002;1064;2002
2958;2002;905;2002
6714;2002;5734;2002
3331;2002;20439;2002
6624;2002;2972;2002
1887;2002;1819;2002
4423;2002;2186;2002
2510;2002;2495;2002
8816;2002;8208;2002
1614;2002;11650;2002
1659;2002;610;2002
6911;2002;1686;2002
2247;2002;7174;2002
1938;2002;747;2002
9354;2002;46340;2002
6624;2002;23915;2002
7132;2002;2038;2002
2426;2002;2195;2002
7239;2002;6410;2002
6214;2002;3932;2002
1008;2002;1564;2002
5503;2002;1276;2002
6115;2002;759;2002
1160;2002;5383;2002
9190;2002;32658;2002
2980;2002;4079;2002
0374;2002;10236;2002
8138;2002;1830;2002
9994;2002;1082;2002
1584;2002;715;2002
4697;2002;1218;2002
7654;2002;1733;2002
2380;2002;2989;2002
0802;2002;5313;2002
1653;2002;2448;2002
1891;2002;22753;2002
6531;2002;3905;2002
2433;2002;2312;2002
6706;2002;1927;2002
0409;2002;843;2002
9350;2002;2500;2002
9221;2002;1327;2002
1579;2002;7494;2002
5575;2002;1777;2002
3133;2002;9356;2002
5882;2002;2187;2002
6679;2002;403;2002
1812;2002;959;2002
6883;2002;914;2002
6570;2002;683;2002
2843;2002;12636;2002
7851;2002;2053;2002
8518;2002;138334;2002
5936;2002;669;2002
3872;2002;6098;2002
9015;2002;3729;2002
0518;2002;4617;2002
0237;2002;2200;2002
1713;2002;9426;2002
2807;2002;1007;2002
0544;2002;729;2002
5135;2002;1644;2002
9585;2002;1844;2002
3605;2002;3340;2002
6091;2002;791;2002
1433;2002;2732;2002
3297;2002;8497;2002
9173;2002;559;2002
1563;2002;9392;2002
7442;2002;2981;2002
1985;2002;6957;2002
0006;2002;31032;2002
7560;2002;5111;2002
8948;2002;47513;2002
8627;2002;1496;2002
2296;2002;384;2002
0330;2002;3812;2002
0424;2002;1432;2002
5692;2002;10154;2002
1133;2002;3492;2002
5173;2002;853;2002
2800;2002;1079;2002
2711;2002;8159;2002
4617;2002;1562;2002
0132;2002;1236;2002
0329;2002;2376;2002
2161;2002;582;2002
8260;2002;3927;2002
4361;2002;1719;2002
6021;2002;401;2002
3214;2002;8771;2002
7850;2002;1769;2002
5427;2002;3064;2002
5175;2002;8543;2002
0220;2002;12673;2002
2231;2002;391;2002
5166;2002;1473;2002
9550;2002;733;2002
4330;2002;412;2002
9283;2002;1247;2002
0844;2002;38321;2002
8519;2002;3690;2002
5883;2002;639;2002
4866;2002;1773;2002
1085;2002;780;2002
5930;2002;335;2002
1209;2002;1081;2002
3194;2002;1479;2002
4431;2002;148;2002
9029;2002;919;2002
7260;2002;673;2002
9013;2002;1044;2002
6989;2002;255;2002
6574;2002;955;2002
9597;2002;5433;2002
6392;2002;675;2002
6152;2002;267;2002
5744;2002;527;2002
7866;2002;97;2002
7974;2002;5081;2002
0314;2002;503;2002
8839;2002;381;2002
4488;2002;5645;2002
0985;2002;1059;2002
3193;2002;193;2002
2943;2002;1222;2002
7993;2002;10904;2002
1647;2002;1621;2002
3454;2002;1067;2002
4897;2002;290;2002
4473;2002;3336;2002
6043;2002;292;2002
9434;2002;1037;2002
0194;2002;1489;2002
2093;2002;261;2002
9500;2002;997;2002
6437;2002;440;2002
8595;2002;441;2002
7066;2002;506;2002
1491;2002;314;2002
4034;2002;2254;2002
2376;2002;634;2002
1065;2002;1881;2002
9049;2002;69264;2002
4692;2002;1719;2002
8646;2002;5610;2002
4411;2002;933;2002
9094;2002;3555;2002
5330;2002;1505;2002
2077;2002;447;2002
4114;2002;2902;2002
2798;2002;1521;2002
0037;2002;635;2002
6036;2002;1029;2002
8979;2002;610;2002
9041;2002;469;2002
3594;2002;972;2002
1663;2002;785;2002
9992;2002;1945;2002
3769;2002;1233;2002
5870;2002;1280;2002
1546;2002;727;2002
1670;2002;2121;2002
7946;2002;4447;2002
0627;2002;1198;2002
8482;2002;1247;2002
4356;2002;3118;2002
4565;2002;993;2002
6545;2002;548;2002
6735;2002;7776;2002
5962;2002;1085;2002
9925;2002;2974;2002
0010;2002;685;2002
3068;2002;739;2002
1002;2002;532;2002
6186;2002;454;2002
5454;2002;1455;2002
9611;2002;190;2002
9078;2002;1618;2002
7609;2002;4000;2002
0984;2002;147;2002
4917;2002;1630;2002
2122;2002;562;2002
8114;2002;1327;2002
9441;2002;434;2002
6989;2002;124;2002
0364;2002;2534;2002
6763;2002;2089;2002
3524;2002;599;2002
0024;2002;2791;2002
3816;2002;2550;2002
3409;2002;467;2002
9274;2002;25262;2002
4575;2002;6555;2002
6549;2002;384;2002
9561;2002;2925;2002
4430;2002;5955;2002
1994;2002;640;2002
9897;2002;204;2002
2152;2002;430;2002
7407;2002;997;2002
5243;2002;614;2002
1945;2002;990;2002
5965;2002;10444;2002
9198;2002;1801;2002
1359;2002;965;2002
1813;2002;11252;2002
8534;2002;2389;2002
0438;2002;6984;2002
8746;2002;2177;2002
4243;2002;7233;2002
7370;2002;1849;2002
1590;2002;555;2002
1758;2002;6714;2002
6807;2002;1323;2002
6850;2002;2528;2002
7942;2002;1632;2002
9393;2002;2728;2002
3629;2002;1966;2002
7366;2002;5333;2002
0132;2002;2234;2002
6322;2002;3337;2002
8131;2002;2479;2002
1134;2002;3787;2002
9438;2002;819;2002
3029;2002;1541;2002
7720;2002;394;2002
0022;2002;21497;2002
0451;2002;4870;2002
5937;2002;1171;2002
5650;2002;7976;2002
7268;2002;3363;2002
4475;2002;8346;2002
0112;2002;4508;2002
1503;2002;6801;2002
0981;2002;1744;2002
4853;2002;307;2002
1093;2002;13232;2002
7984;2002;664;2002
2666;2002;23143;2002
3619;2002;8931;2002
2024;2002;5269;2002
6259;2002;14587;2002
8397;2002;51274;2002
2171;2002;1678;2002
3803;2002;2670;2002
9730;2002;7963;2002
1357;2002;1491;2002
7566;2002;1258;2002
6581;2002;13881;2002
4015;2002;422;2002
5271;2002;3741;2002
9582;2002;1275;2002
9864;2002;418;2002
9116;2002;2955;2002
4127;2002;3751;2002
9893;2002;2105;2002
0820;2002;723;2002
5745;2002;883;2002
0255;2002;1522;2002
8181;2002;9233;2002
0216;2002;12258;2002
8796;2002;1376;2002
0955;2002;2029;2002
9837;2002;5427;2002
7325;2002;292;2002
9611;2002;1645;2002
3095;2002;1758;2002
4722;2002;1753;2002
0704;2002;3069;2002
4992;2002;7628;2002
2629;2002;5823;2002
5008;2002;1110;2002
5743;2002;41574;2002
2571;2002;3179;2002
7619;2002;1703;2002
1938;2002;12556;2002
3622;2002;116575;2002
3462;2002;540;2002
0483;2002;7590;2002
5578;2002;1351;2002
7711;2002;597;2002
0403;2002;5555;2002
0562;2002;1006;2002
7944;2002;3108;2002
8039;2002;304;2002
4191;2002;368;2002
3975;2002;1954;2002
3410;2002;3992;2002
8876;2002;616;2002
0140;2002;15804;2002
6672;2002;2790;2002
9178;2002;3094;2002
1123;2002;845;2002
3297;2002;462;2002
1822;2002;869;2002
3302;2002;2593;2002
5443;2002;2334;2002
3917;2002;1342;2002
7168;2002;1248;2002
9760;2002;10393;2002
2605;2002;951;2002
5066;2002;445;2002
0774;2002;4932;2002
3819;2002;123;2002
9125;2002;1516;2002
8540;2002;758;2002
5643;2002;775;2002
5382;2002;1392;2002
6686;2002;1086;2002
0150;2002;6456;2002
0003;2002;2940;2002
0348;2002;5947;2002
8862;2002;3934;2002
0706;2002;472;2002
9854;2002;2158;2002
6780;2002;1080;2002
5667;2002;52517;2002
4612;2002;422;2002
7215;2002;969;2002
2952;2002;271;2002
0466;2002;598;2002
2342;2002;3040;2002
3910;2002;4497;2002
8472;2002;412;2002
9639;2002;1954;2002
6920;2002;1642;2002
5326;2002;1113;2002
1405;2002;5426;2002
0892;2002;440;2002
0890;2002;23214;2002
1473;2002;1083;2002
4882;2002;1940;2002
9899;2002;1280;2002
5592;2002;390;2002
4704;2002;1688;2002
6462;2002;3066;2002
8874;2002;1329;2002
5007;2002;9570;2002
5630;2002;500;2002
3712;2002;1460;2002
9367;2002;35998;2002
6155;2002;776;2002
1288;2002;413;2002
1795;2002;792;2002
7343;2002;4529;2002
4635;2002;1111;2002
2860;2002;189;2002
2680;2002;111;2002
9988;2002;928;2002
2123;2002;2429;2002
1033;2002;2136;2002
4460;2002;4060;2002
8748;2002;22693;2002
7796;2002;4439;2002
6285;2002;1495;2002
7780;2002;1143;2002
1930;2002;1150;2002
0201;2002;339;2002
0312;2002;561;2002
4826;2002;1660;2002
9215;2002;1162;2002
9473;2002;963;2002
1679;2002;2329;2002
1258;2002;1113;2002
4451;2002;921;2002
2985;2002;1444;2002
1630;2002;3909;2002
2198;2002;1942;2002
6994;2002;2326;2002
0059;2002;1414;2002
0066;2002;1632;2002
8107;2002;152;2002
2314;2002;335;2002
2691;2002;1180;2002
6714;2002;282;2002
7311;2002;10212;2002
4080;2002;990;2002
6994;2002;17393;2002
7078;2002;1721;2002
8274;2002;2445;2002
0004;2002;4948;2002
2546;2002;3672;2002
5706;2002;1369;2002
8990;2002;522;2002
9592;2002;4212;2002
1177;2002;3076;2002
5280;2002;1958;2002
2887;2002;1147;2002
6763;2002;3774;2002
1148;2002;1548;2002
8822;2002;1253;2002
4397;2002;544;2002
2727;2002;1760;2002
3451;2002;35610;2002
1285;2002;1055;2002
7323;2002;2457;2002
2301;2002;1473;2002
3673;2002;147;2002
0991;2002;153;2002
5994;2002;768;2002
9948;2002;2663;2002
6291;2002;8279;2002
2797;2002;1844;2002
8100;2002;1416;2002
1117;2002;50854;2002
6986;2002;602;2002
7216;2002;2103;2002
4253;2002;1058;2002
6792;2002;6409;2002
2766;2002;2405;2002
0650;2002;631;2002
2234;2002;407;2002
5442;2002;658;2002
6192;2002;1876;2002
9573;2002;1112;2002
9074;2002;4199;2002
7934;2002;719;2002
8931;2002;666;2002
6946;2002;808;2002
9089;2002;2412;2002
4682;2002;491;2002
7725;2002;3240;2002
3232;2002;1618;2002
6806;2002;1724;2002
7549;2002;860;2002
5262;2002;1176;2002
7148;2002;782;2002
9461;2002;5239;2002
7729;2002;1899;2002
7654;2002;7026;2002
2663;2002;914;2002
5626;2002;925;2002
8725;2002;642;2002
7288;2002;721;2002
5076;2002;1324;2002
4209;2002;1075;2002
4271;2002;1821;2002
2000;2002;186;2002
2140;2002;679;2002
6234;2002;1240;2002
9189;2002;1574;2002
5679;2002;1836;2002
7629;2002;473;2002
2909;2002;488;2002
3143;2002;6698;2002
6630;2002;547;2002
8402;2002;754;2002
8848;2002;1296;2002
8180;2002;1953;2002
4006;2002;3429;2002
5151;2002;1267;2002
2809;2002;1587;2002
0790;2002;251;2002
1133;2002;2535;2002
0324;2002;166;2002
0357;2002;5685;2002
9604;2002;661;2002
8271;2002;2616;2002
0445;2002;970;2002
7348;2002;1307;2002
2695;2002;652;2002
8460;2002;271;2002
3717;2002;766;2002
0823;2002;1098;2002
4484;2002;659;2002
0509;2002;1083;2002
0482;2002;1141;2002
6525;2002;4821;2002
3294;2002;725;2002
2836;2002;435;2002
3656;2002;4933;2002
8688;2002;383;2002
2474;2002;2229;2002
3689;2002;2144;2002
8338;2002;1447;2002
9697;2002;977;2002
6342;2002;30520;2002
7316;2002;888;2002
0582;2002;1562;2002
7013;2002;5275;2002
5110;2002;1107;2002
6495;2002;3032;2002
4777;2002;2803;2002
7358;2002;2694;2002
7439;2002;1132;2002
0115;2002;2175;2002
5018;2002;13680;2002
6659;2002;6309;2002
6445;2002;3072;2002
9296;2002;3917;2002
8365;2002;8566;2002
8068;2002;2783;2002
0009;2002;5853;2002
7074;2002;1291;2002
0494;2002;4682;2002
3631;2002;1929;2002
9320;2002;2138;2002
4735;2002;1941;2002
7861;2002;1460;2002
4839;2002;1726;2002
4215;2002;1999;2002
4134;2002;189;2002
9166;2002;57342;2002
5121;2002;1766;2002
8518;2002;4067;2002
0933;2002;753;2002
2566;2002;154949;2002
4612;2002;4527;2002
1780;2002;399;2002
1530;2002;6215;2002
7874;2002;35138;2002
5385;2002;57468;2002
6980;2002;12631;2002
4798;2002;6378;2002
4110;2002;1366;2002
1262;2002;13826;2002
9409;2002;921;2002
0111;2002;3285;2002
4616;2002;17746;2002
7028;2002;946;2002
3899;2002;4308;2002
6447;2002;2938;2002
8824;2002;2868;2002
3969;2002;2306;2002
4523;2002;2027;2002
4475;2002;3753;2002
0557;2002;1352;2002
2295;2002;14402;2002
8797;2002;26241;2002
1945;2002;15599;2002
6222;2002;1471;2002
3583;2002;17792;2002
1599;2002;6042;2002
3054;2002;55823;2002
1368;2002;2303;2002
3592;2002;4238;2002
8631;2002;4749;2002
8123;2002;5031;2002
0124;2002;16979;2002
7661;2002;14397;2002
2461;2002;7404;2002
0817;2002;8044;2002
1883;2002;13453;2002
9910;2002;585;2002
3470;2002;1964;2002
3420;2002;2581;2002
7455;2002;2988;2002
0240;2002;21563;2002
8140;2002;16366;2002
8228;2002;10895;2002
3698;2002;64986;2002
8809;2002;96245;2002
3866;2002;316505;2002
3518;2002;92321;2002
6534;2002;1882;2002
2434;2002;52053;2002
9455;2002;10189;2002
3373;2002;56958;2002
9814;2002;10057;2002
9318;2002;31335;2002
1383;2002;14494;2002
4316;2002;16858;2002
1980;2002;12136;2002
1283;2002;18202;2002
9108;2002;4846;2002
4205;2002;24145;2002
3438;2002;45349;2002
9365;2002;27606;2002
2978;2002;20395;2002
7093;2002;42357;2002
3018;2002;12569;2002
1847;2002;13956;2002
4083;2002;10081;2002
2430;2002;36023;2002
9395;2002;26053;2002
9735;2002;61857;2002
8895;2002;46966;2002
5995;2002;19516;2002
7924;2002;23921;2002
7127;2002;20999;2002
4440;2002;1486;2002
0856;2002;16525;2002
1539;2002;28085;2002
8524;2002;17662;2002
8250;2002;25751;2002
2338;2002;6915;2002
7932;2002;9439;2002
8496;2002;26170;2002
0061;2002;7294;2002
2299;2002;27480;2002
3505;2002;8834;2002
4127;2002;53592;2002
1053;2002;26704;2002
4004;2002;11352;2002
9785;2002;17403;2002
1713;2002;7181;2002
9348;2002;6037;2002
3131;2002;17407;2002
3008;2002;13110;2002
0639;2002;3526;2002
4123;2002;5624;2002
4860;2002;22200;2002
1218;2002;31970;2002
1633;2002;14941;2002
3285;2002;6024;2002
1773;2002;10101;2002
4088;2002;31663;2002
7197;2002;48863;2002
0687;2002;5429;2002
9936;2002;31013;2002
7458;2002;5173;2002
4326;2002;4283;2002
8487;2002;2400;2002
9598;2002;16585;2002
8622;2002;7549;2002
9626;2002;15797;2002
2689;2002;10377;2002
8385;2002;1761;2002
5594;2002;15754;2002
1945;2002;8887;2002
5688;2002;16298;2002
2499;2002;201564;2002
9250;2002;4098;2002
3199;2002;14557;2002
6281;2002;88805;2002
6181;2002;15032;2002
0197;2002;20927;2002
8391;2002;6772;2002
1692;2002;12052;2002
6282;2002;8753;2002
7138;2002;38921;2002
9382;2002;36311;2002
3816;2002;15347;2002
0523;2002;27492;2002
6670;2002;15188;2002
5568;2002;32800;2002
0438;2002;7132;2002
5347;2002;6247;2002
6771;2002;10562;2002
9404;2002;14946;2002
0790;2002;19947;2002
3365;2002;5083;2002
7635;2002;10488;2002
1454;2002;8693;2002
6992;2002;4743;2002
6922;2002;6568;2002
7894;2002;5060;2002
5298;2002;6079;2002
7115;2002;5119;2002
5803;2002;9636;2002
5614;2002;3491;2002
7446;2002;1856;2002
7498;2002;3014;2002
1805;2002;7318;2002
8784;2002;11184;2002
3483;2002;1738;2002
7075;2002;2803;2002
2407;2002;12155;2002
9867;2002;3835;2002
7274;2002;20441;2002
9451;2002;3072;2002
6247;2002;4139;2002
7690;2002;5410;2002
7252;2002;10796;2002
7891;2002;6665;2002
5310;2002;22494;2002
4136;2002;5684;2002
1202;2002;5770;2002
3572;2002;4149;2002
8073;2002;9052;2002
4239;2002;3268;2002
5982;2002;5618;2002
6232;2002;27936;2002
0766;2002;15884;2002
2142;2002;20376;2002
2664;2002;1271;2002
0434;2002;1804;2002
0292;2002;6130;2002
9964;2002;85076;2002
8051;2002;7960;2002
5021;2002;13942;2002
3456;2002;10210;2002
6639;2002;15275;2002
2479;2002;9535;2002
4921;2002;1760;2002
6288;2002;11613;2002
3098;2002;9421;2002
5488;2002;7464;2002
1027;2002;2173;2002
7990;2002;3741;2002
1286;2002;3952;2002
7430;2002;13666;2002
5283;2002;2789;2002
5676;2002;3508;2002
7672;2002;5257;2002
2404;2002;30473;2002
3020;2002;5845;2002
1266;2002;2620;2002
0767;2002;8395;2002
2249;2002;2521;2002
1936;2002;5344;2002
9724;2002;1594;2002
0919;2002;9470;2002
6891;2002;1724;2002
9595;2002;6040;2002
3605;2002;5665;2002
2879;2002;10425;2002
7266;2002;9553;2002
8722;2002;8869;2002
0704;2002;4502;2002
0223;2002;1450;2002
0888;2002;7413;2002
5773;2002;5737;2002
6434;2002;6136;2002
1975;2002;3719;2002
8241;2002;3083;2002
3303;2002;6734;2002
7759;2002;1903;2002
3541;2002;4030;2002
4549;2002;5519;2002
0952;2002;4994;2002
4247;2002;3803;2002
7841;2002;15268;2002
7645;2002;2656;2002
4053;2002;4569;2002
9883;2002;1796;2002
7833;2002;12945;2002
6796;2002;12504;2002
1310;2002;12551;2002
7107;2002;2878;2002
4333;2002;14218;2002
3298;2002;17501;2002
5014;2002;5297;2002
3962;2002;10976;2002
4580;2002;4330;2002
3084;2002;14113;2002
2747;2002;7516;2002
9545;2002;2210;2002
7748;2002;2212;2002
5637;2002;2576;2002
1329;2002;4593;2002
1891;2002;1777;2002
6428;2002;2968;2002
8730;2002;1575;2002
0960;2002;1934;2002
9759;2002;781;2002
4764;2002;3772;2002
4799;2002;11981;2002
1560;2002;1990;2002
0536;2002;1499;2002
6026;2002;2783;2002
1248;2002;3238;2002
7108;2002;5428;2002
9393;2002;4097;2002
8791;2002;888;2002
3933;2002;2176;2002
0062;2002;560;2002
4752;2002;976;2002
4987;2002;1589;2002
5287;2002;841;2002
2226;2002;397;2002
8974;2002;1227;2002
9704;2002;2345;2002
9720;2002;976;2002
9082;2002;951;2002
7744;2002;1693;2002
4522;2002;1406;2002
7381;2002;829;2002
0174;2002;2111;2002
3385;2002;2985;2002
6443;2002;1608;2002
0762;2002;719;2002
8094;2002;3287;2002
3050;2002;2503;2002
8176;2002;4366;2002
6309;2002;985;2002
9244;2002;6081;2002
6493;2002;1818;2002
6795;2002;749;2002
1534;2002;6076;2002
6584;2002;5241;2002
7081;2002;2198;2002
6261;2002;13757;2002
6602;2002;13271;2002
8330;2002;5260;2002
9669;2002;5070;2002
0118;2002;4790;2002
8172;2002;1846;2002
2237;2002;16270;2002
3406;2002;602;2002
5514;2002;4571;2002
1319;2002;1957;2002
8710;2002;1538;2002
1881;2002;6044;2002
2283;2002;1557;2002
7095;2002;1164;2002
8777;2002;3986;2002
9104;2002;5142;2002
8447;2002;2157;2002
5078;2002;6184;2002
0983;2002;4512;2002
7016;2002;1275;2002
2322;2002;5582;2002
4348;2002;68712;2002
8736;2002;4646;2002
5035;2002;1214;2002
5134;2002;13430;2002
4850;2002;1746;2002
7704;2002;2976;2002
7347;2002;1735;2002
9264;2002;3871;2002
4492;2002;3676;2002
6183;2002;1241;2002
3938;2002;1630;2002
0710;2002;1287;2002
2479;2002;881;2002
6984;2002;3802;2002
3892;2002;933;2002
1587;2002;1888;2002
1004;2002;1468;2002
0966;2002;6583;2002
6866;2002;1343;2002
4316;2002;777;2002
9003;2002;2376;2002
8366;2002;1241;2002
3055;2002;7247;2002
1820;2002;1776;2002
2984;2002;726;2002
0724;2002;1488;2002
2644;2002;6467;2002
6824;2002;3613;2002
6401;2002;3266;2002
1865;2002;2412;2002
9967;2002;782;2002
3645;2002;2198;2002
3884;2002;12168;2002
2497;2002;3110;2002
8277;2002;3437;2002
6975;2002;3162;2002
3182;2002;719;2002
7333;2002;4015;2002
3673;2002;2383;2002
4079;2002;1259;2002
2064;2002;11970;2002
6911;2002;872;2002
9044;2002;431;2002
6094;2002;1514;2002
0416;2002;797;2002
1084;2002;9283;2002
6111;2002;1194;2002
9259;2002;1163;2002
6294;2002;5720;2002
1508;2002;2586;2002
4602;2002;5605;2002
0939;2002;57937;2002
8387;2002;2603;2002
9960;2002;7917;2002
8072;2002;10069;2002
7501;2002;6471;2002
1843;2002;578;2002
6698;2002;17689;2002
6567;2002;15107;2002
6667;2002;4420;2002
7164;2002;3194;2002
4368;2002;3082;2002
2582;2002;1475;2002
0583;2002;2206;2002
1430;2002;5499;2002
1610;2002;6229;2002
9300;2002;5470;2002
2189;2002;1794;2002
1781;2002;6771;2002
7052;2002;1288;2002
4537;2002;2049;2002
6274;2002;21803;2002
5059;2002;2381;2002
2952;2002;890;2002
6690;2002;1748;2002
1106;2002;726;2002
5604;2002;787;2002
7159;2002;4514;2002
4560;2002;13278;2002
9084;2002;3093;2002
4229;2002;2840;2002
9782;2002;3013;2002
5532;2002;942;2002
0850;2002;8972;2002
3200;2002;1504;2002
1967;2002;10872;2002
8185;2002;1856;2002
8466;2002;3328;2002
5945;2002;2498;2002
5740;2002;1217;2002
9643;2002;1388;2002
6457;2002;2467;2002
3666;2002;861;2002
8228;2002;8338;2002
4296;2002;3545;2002
2733;2002;349;2002
9445;2002;2477;2002
0676;2002;17414;2002
9477;2002;3016;2002
5571;2002;10045;2002
0613;2002;473;2002
6358;2002;22436;2002
7468;2002;3139;2002
8584;2002;525;2002
9617;2002;2838;2002
3177;2002;3273;2002
0861;2002;994;2002
8954;2002;1428;2002
1417;2002;10319;2002
6187;2002;1128;2002
9840;2002;1368;2002
5793;2002;1406;2002
6399;2002;38274;2002
8606;2002;72194;2002
6974;2002;1252;2002
1022;2002;8575;2002
2068;2002;5074;2002
3725;2002;4232;2002
6617;2002;933;2002
6743;2002;4152;2002
2708;2002;1425;2002
1646;2002;1003;2002
7008;2002;2430;2002
0600;2002;3334;2002
0161;2002;3052;2002
1137;2002;2447;2002
7961;2002;8278;2002
7085;2002;1862;2002
7482;2002;2397;2002
4629;2002;1587;2002
9546;2002;3021;2002
0808;2002;2251;2002
3336;2002;888;2002
2096;2002;995;2002
9328;2002;4205;2002
2379;2002;2346;2002
2542;2002;4278;2002
6500;2002;3080;2002
6003;2002;10447;2002
7812;2002;1312;2002
9158;2002;868;2002
2373;2002;2015;2002
3158;2002;3068;2002
2731;2002;1725;2002
0425;2002;2608;2002
3222;2002;2360;2002
8110;2002;1037;2002
6846;2002;8194;2002
1555;2002;1732;2002
6698;2002;17277;2002
8744;2002;2133;2002
2533;2002;4932;2002
8770;2002;3681;2002
5830;2002;1512;2002
0460;2002;534;2002
6014;2002;2905;2002
4127;2002;1502;2002
7394;2002;1911;2002
6663;2002;377;2002
8807;2002;17029;2002
2168;2002;992;2002
6176;2002;2308;2002
2016;2002;1365;2002
8673;2002;2116;2002
6546;2002;957;2002
3317;2002;1397;2002
2390;2002;1463;2002
8163;2002;1233;2002
4092;2002;940;2002
5918;2002;6310;2002
4201;2002;34360;2002
0291;2002;3350;2002
8772;2002;7688;2002
6841;2002;5861;2002
4913;2002;4426;2002
6600;2002;1736;2002
9126;2002;35600;2002
1240;2002;1248;2002
6823;2002;2838;2002
6715;2002;1258;2002
5715;2002;1654;2002
5719;2002;670;2002
8737;2002;3901;2002
3970;2002;1698;2002
9596;2002;2584;2002
5092;2002;1374;2002
6832;2002;1706;2002
5285;2002;18573;2002
6283;2002;900;2002
9284;2002;3447;2002
1183;2002;5913;2002
4949;2002;7555;2002
8985;2002;1277;2002
6934;2002;1428;2002
8441;2002;620;2002
3442;2002;3724;2002
5466;2002;2271;2002
3426;2002;1370;2002
1160;2002;1285;2002
6249;2002;2179;2002
4204;2002;4857;2002
2170;2002;3080;2002
5644;2002;1431;2002
4163;2002;2045;2002
1502;2002;4280;2002
4967;2002;1338;2002
5554;2002;9995;2002
4635;2002;1523;2002
5118;2002;835;2002
2734;2002;1048;2002
2636;2002;7013;2002
2874;2002;4816;2002
2200;2002;2045;2002
2778;2002;2307;2002
4561;2002;5182;2002
1208;2002;1064;2002
2217;2002;4937;2002
2182;2002;5894;2002
7168;2002;9000;2002
6494;2002;2676;2002
5337;2002;1317;2002
6418;2002;3430;2002
7330;2002;4754;2002
0838;2002;1830;2002
6368;2002;1075;2002
8829;2002;2011;2002
9328;2002;887;2002
8676;2002;952;2002
8792;2002;558;2002
0666;2002;3373;2002
5570;2002;1446;2002
3744;2002;7095;2002
4779;2002;4554;2002
0502;2002;2030;2002
1190;2002;2604;2002
4125;2002;1761;2002
7223;2002;94783;2002
9153;2002;637;2002
9582;2002;477;2002
3688;2002;1310;2002
8247;2002;7072;2002
2845;2002;1036;2002
3399;2002;1634;2002
0100;2002;2404;2002
8062;2002;3391;2002
5252;2002;6642;2002
0251;2002;5209;2002
8301;2002;3442;2002
0411;2002;3649;2002
3812;2002;2097;2002
8533;2002;644;2002
0371;2002;576;2002
7817;2002;2168;2002
5464;2002;3569;2002
0791;2002;6399;2002
1937;2002;3833;2002
2659;2002;5282;2002
5552;2002;1583;2002
2035;2002;806;2002
9402;2002;1305;2002
3341;2002;4310;2002
6834;2002;541;2002
9053;2002;2184;2002
8982;2002;1026;2002
8432;2002;1379;2002
9398;2002;904;2002
7399;2002;1339;2002
8499;2002;4412;2002
2959;2002;856;2002
5792;2002;4710;2002
1687;2002;623;2002
3841;2002;1418;2002
3828;2002;2205;2002
8991;2002;1285;2002
7869;2002;2881;2002
6500;2002;2325;2002
8396;2002;2397;2002
3199;2002;584;2002
8918;2002;1834;2002
4530;2002;4211;2002
7228;2002;1920;2002
4844;2002;1126;2002
6942;2002;2266;2002
4332;2002;2308;2002
1712;2002;1963;2002
1559;2002;3106;2002
8091;2002;580;2002
4550;2002;5811;2002
6486;2002;3544;2002
2973;2002;5135;2002
3494;2002;2380;2002
7437;2002;3824;2002
2789;2002;927;2002
7924;2002;9915;2002
4957;2002;3447;2002
2796;2002;1614;2002
3260;2002;3204;2002
1084;2002;2312;2002
3058;2002;2653;2002
2624;2002;4074;2002
3697;2002;1339;2002
8782;2002;2384;2002
3295;2002;1873;2002
4255;2002;70330;2002
8961;2002;3439;2002
4872;2002;672;2002
1679;2002;2349;2002
9063;2002;1442;2002
7748;2002;4801;2002
0186;2002;1274;2002
8528;2002;11131;2002
7159;2002;2402;2002
9844;2002;4047;2002
3448;2002;1578;2002
9429;2002;454;2002
0561;2002;8305;2002
4995;2002;3928;2002
1371;2002;3861;2002
7427;2002;1363;2002
9648;2002;1131;2002
4105;2002;716;2002
0092;2002;4134;2002
9521;2002;397;2002
2971;2002;934;2002
4621;2002;612;2002
2657;2002;2279;2002
1624;2002;2456;2002
5414;2002;758;2002
7562;2002;7656;2002
2343;2002;666;2002
9509;2002;6428;2002
9827;2002;10604;2002
2945;2002;5016;2002
3736;2002;986;2002
3800;2002;3553;2002
5555;2002;1859;2002
1061;2002;840;2002
5876;2002;1181;2002
3403;2002;2202;2002
9874;2002;2946;2002
7186;2002;2181;2002
8668;2002;17795;2002
0708;2002;7027;2002
9745;2002;3538;2002
1905;2002;469;2002
6907;2002;5543;2002
7538;2002;12958;2002
0708;2002;3351;2002
1551;2002;6391;2002
5190;2002;1677;2002
3362;2002;583;2002
4033;2002;1035;2002
5328;2002;4981;2002
4083;2002;10455;2002
4469;2002;2792;2002
7332;2002;3452;2002
4508;2002;6790;2002
4757;2002;6450;2002
8739;2002;5469;2002
6163;2002;2614;2002
1210;2002;19331;2002
5690;2002;775;2002
5105;2002;1449;2002
8735;2002;3795;2002
7699;2002;11457;2002
9980;2002;1278;2002
0362;2002;179947;2002
2369;2002;1625;2002
2229;2002;7623;2002
8565;2002;762;2002
8197;2002;6694;2002
9207;2002;1342;2002
5572;2002;14930;2002
2181;2002;1067;2002
4002;2002;3317;2002
5662;2002;597;2002
5201;2002;3222;2002
3446;2002;4103;2002
0777;2002;1673;2002
3583;2002;608;2002
6363;2002;1993;2002
4089;2002;1078;2002
1995;2002;726;2002
9925;2002;438;2002
8795;2002;4055;2002
9996;2002;1359;2002
7968;2002;1411;2002
5297;2002;1029;2002
1308;2002;5165;2002
8540;2002;3289;2002
0617;2002;931;2002
8595;2002;16768;2002
2146;2002;2310;2002
3086;2002;372;2002
7650;2002;1352;2002
1082;2002;2799;2002
5444;2002;15645;2002
1204;2002;543;2002
1240;2002;2317;2002
1747;2002;13156;2002
1980;2002;4313;2002
8932;2002;43916;2002
8093;2002;3196;2002
8636;2002;7417;2002
8321;2002;11245;2002
3203;2002;14565;2002
7570;2002;30638;2002
9007;2002;4837;2002
3517;2002;28833;2002
3149;2002;4171;2002
5738;2002;4627;2002
2581;2002;78390;2002
6329;2002;50438;2002
0074;2002;10960;2002
5311;2002;7256;2002
7263;2002;11388;2002
4571;2002;1745;2002
4154;2002;1815;2002
4210;2002;11465;2002
9436;2002;5108;2002
1187;2002;3888;2002
1193;2002;68772;2002
9625;2002;11369;2002
1009;2002;2392;2002
2764;2002;7461;2002
9748;2002;4159;2002
6975;2002;2437;2002
6806;2002;1359;2002
7839;2002;5360;2002
4356;2002;9454;2002
8351;2002;51709;2002
8343;2002;5637;2002
4710;2002;2002;2002
2934;2002;10259;2002
9696;2002;5173;2002
6253;2002;3495;2002
4101;2002;1708;2002
0237;2002;6315;2002
2312;2002;8538;2002
9460;2002;4500;2002
4560;2002;594;2002
5060;2002;5766;2002
5164;2002;1374;2002
7206;2002;3732;2002
1204;2002;10270;2002
5940;2002;26028;2002
7859;2002;9586;2002
9185;2002;9104;2002
1964;2002;3796;2002
0400;2002;3374;2002
0592;2002;984;2002
2409;2002;13848;2002
8343;2002;5385;2002
5503;2002;3237;2002
4206;2002;3971;2002
1617;2002;10407;2002
1646;2002;4205;2002
4760;2002;1975;2002
6439;2002;11409;2002
5295;2002;9556;2002
4634;2002;7500;2002
3466;2002;2055;2002
8844;2002;1937;2002
1410;2002;2288;2002
9850;2002;1119;2002
1661;2002;1064;2002
9969;2002;1890;2002
5663;2002;6451;2002
3267;2002;3183;2002
4318;2002;7323;2002
4268;2002;6922;2002
2666;2002;3041;2002
4886;2002;23644;2002
1685;2002;32443;2002
8912;2002;6161;2002
0755;2002;3826;2002
0959;2002;2501;2002
5900;2002;683691;2002
6497;2002;30927;2002
1025;2002;3654;2002
3441;2002;3287;2002
9165;2002;6194;2002
6583;2002;4079;2002
9291;2002;3117;2002
0363;2002;5633;2002
7170;2002;1734;2002
5662;2002;2825;2002
8522;2002;5051;2002
7814;2002;8336;2002
3653;2002;2121;2002
7415;2002;860;2002
5995;2002;9552;2002
1931;2002;2745;2002
9024;2002;511;2002
1922;2002;26791;2002
8463;2002;10718;2002
5421;2002;3628;2002
6815;2002;8418;2002
1922;2002;2840;2002
2407;2002;1349;2002
7793;2002;4076;2002
9001;2002;2182;2002
0076;2002;3009;2002
8004;2002;18625;2002
6441;2002;3328;2002
6956;2002;696;2002
9812;2002;1248;2002
9346;2002;2457;2002
9386;2002;931;2002
2744;2002;2596;2002
6346;2002;1102;2002
1418;2002;41193;2002
0685;2002;732;2002
6646;2002;5577;2002
1664;2002;3509;2002
4276;2002;12730;2002
7645;2002;4051;2002
2587;2002;3584;2002
6219;2002;1137;2002
7781;2002;1537;2002
4281;2002;3507;2002
8280;2002;1133;2002
0694;2002;2886;2002
9304;2002;2791;2002
1324;2002;528;2002
3367;2002;2866;2002
6563;2002;1771;2002
6937;2002;1641;2002
3311;2002;595;2002
2116;2002;1181;2002
1890;2002;857;2002
7262;2002;4279;2002
9981;2002;933;2002
9132;2002;3275;2002
5543;2002;3437;2002
6505;2002;2746;2002
3107;2002;3064;2002
9083;2002;411;2002
2904;2002;9244;2002
4823;2002;7272;2002
0474;2002;1581;2002
3838;2002;1998;2002
9835;2002;1696;2002
7899;2002;642;2002
7241;2002;2484;2002
3864;2002;1905;2002
9924;2002;958;2002
7212;2002;10576;2002
1099;2002;1636;2002
7352;2002;854;2002
7094;2002;933;2002
8536;2002;739;2002
6942;2002;1692;2002
8503;2002;2167;2002
7508;2002;249766;2002
7023;2002;32062;2002
5356;2002;1413;2002
2692;2002;1104;2002
4678;2002;5487;2002
5996;2002;796;2002
2599;2002;3095;2002
3623;2002;768;2002
3769;2002;1782;2002
8009;2002;2791;2002
3090;2002;878;2002
5764;2002;954;2002
7368;2002;4493;2002
4154;2002;3635;2002
1783;2002;1696;2002
4347;2002;2034;2002
1757;2002;6112;2002
4792;2002;1213;2002
0766;2002;13037;2002
6164;2002;1501;2002
9687;2002;3776;2002
2019;2002;1383;2002
1173;2002;928;2002
1681;2002;244;2002
9060;2002;4065;2002
1325;2002;1180;2002
1510;2002;822;2002
5448;2002;2327;2002
1231;2002;6363;2002
0502;2002;6987;2002
6292;2002;4518;2002
1406;2002;2193;2002
6798;2002;3072;2002
8183;2002;3431;2002
9964;2002;1652;2002
1634;2002;1182;2002
9764;2002;12832;2002
1676;2002;1356;2002
6740;2002;4685;2002
7814;2002;803;2002
3859;2002;3774;2002
1175;2002;8949;2002
9740;2002;1532;2002
9173;2002;4563;2002
2623;2002;4078;2002
0755;2002;1675;2002
7618;2002;2552;2002
0269;2002;2973;2002
5246;2002;5199;2002
1332;2002;10709;2002
1260;2002;6575;2002
5008;2002;7417;2002
6669;2002;1032;2002
0737;2002;3336;2002
2643;2002;1332;2002
6016;2002;1202;2002
5170;2002;3779;2002
2458;2002;8618;2002
2280;2002;6567;2002
9304;2002;5425;2002
9268;2002;3724;2002
3170;2002;55015;2002
2395;2002;3611;2002
7015;2002;10018;2002
5732;2002;4178;2002
2308;2002;3130;2002
8901;2002;1500;2002
0870;2002;4391;2002
3156;2002;2173;2002
4530;2002;6364;2002
3276;2002;10967;2002
8595;2002;31846;2002
9815;2002;8765;2002
0752;2002;3212;2002
1638;2002;4920;2002
0815;2002;3999;2002
8900;2002;952;2002
8745;2002;31281;2002
9760;2002;6143;2002
1421;2002;1250;2002
2217;2002;5928;2002
6783;2002;37840;2002
6320;2002;2063;2002
5780;2002;12807;2002
4124;2002;2695;2002
9092;2002;3088;2002
4873;2002;8761;2002
0626;2002;21866;2002
2257;2002;16138;2002
1009;2002;10042;2002
2987;2002;13315;2002
5006;2002;13898;2002
3693;2002;4492;2002
5210;2002;19972;2002
3715;2002;6198;2002
6663;2002;3697;2002
5594;2002;8177;2002
1674;2002;3017;2002
2752;2002;6557;2002
5212;2002;1686;2002
5183;2002;5350;2002
6678;2002;40401;2002
9909;2002;4689;2002
6292;2002;1504;2002
6333;2002;1175;2002
9465;2002;665;2002
5439;2002;5254;2002
2465;2002;61202;2002
1131;2002;3594;2002
3988;2002;4342;2002
0669;2002;72889;2002
0705;2002;2295;2002
5893;2002;12612;2002
6266;2002;3414;2002
5331;2002;1741;2002
4247;2002;11445;2002
8172;2002;27510;2002
2732;2002;2443;2002
9953;2002;11798;2002
7746;2002;23153;2002
8140;2002;6012;2002
9382;2002;6395;2002
7565;2002;7706;2002
5836;2002;1623;2002
3738;2002;3824;2002
8177;2002;1893;2002
0808;2002;8303;2002
7759;2002;5844;2002
1499;2002;5403;2002
7120;2002;13170;2002
1179;2002;4774;2002
2247;2002;4861;2002
1946;2002;5848;2002
0465;2002;2387;2002
7438;2002;28833;2002
2367;2002;3767;2002
3917;2002;14138;2002
5057;2002;14795;2002
8244;2002;3014;2002
5375;2002;21019;2002
1099;2002;7318;2002
2924;2002;7772;2002
1389;2002;957;2002
2777;2002;10027;2002
4134;2002;8553;2002
8921;2002;5651;2002
7242;2002;2571;2002
7058;2002;18246;2002
5344;2002;27274;2002
4288;2002;50430;2002
3333;2002;15770;2002
2208;2002;34771;2002
3264;2002;21004;2002
2753;2002;22646;2002
7257;2002;18535;2002
4172;2002;5193;2002
3734;2002;37624;2002
5540;2002;3054;2002
2097;2002;4772;2002
9021;2002;3648;2002
8974;2002;308841;2002
1599;2002;9670;2002
3224;2002;26418;2002
0164;2002;13275;2002
1500;2002;27307;2002
4453;2002;3146;2002
2466;2002;5426;2002
9571;2002;4039;2002
8462;2002;11371;2002
2795;2002;25374;2002
4748;2002;8089;2002
6713;2002;1070;2002
3176;2002;5520;2002
3009;2002;6394;2002
6782;2002;44436;2002
7064;2002;10201;2002
6505;2002;6323;2002
7851;2002;16485;2002
6802;2002;46623;2002
2334;2002;10434;2002
5431;2002;3688;2002
3861;2002;3479;2002
4330;2002;10472;2002
6137;2002;11204;2002
2459;2002;14120;2002
6313;2002;2957;2002
8477;2002;20472;2002
6490;2002;10332;2002
8123;2002;4637;2002
2721;2002;6034;2002
1248;2002;10418;2002
8595;2002;1648;2002
2767;2002;6749;2002
0258;2002;7964;2002
3092;2002;17042;2002
1562;2002;8509;2002
5170;2002;20872;2002
5218;2002;7315;2002
0944;2002;6743;2002
7508;2002;7003;2002
8654;2002;8247;2002
7833;2002;3676;2002
8317;2002;3563;2002
5280;2002;3081;2002
4684;2002;8051;2002
3740;2002;8093;2002
4008;2002;29035;2002
6296;2002;3342;2002
7530;2002;14427;2002
3699;2002;52795;2002
5500;2002;3384;2002
3764;2002;18051;2002
6595;2002;69162;2002
0850;2002;8585;2002
7215;2002;25432;2002
4725;2002;55615;2002
1579;2002;33968;2002
5914;2002;31332;2002
8310;2002;2302;2002
0509;2002;1175;2002
0628;2002;7514;2002
9090;2002;16991;2002
6156;2002;886;2002
8976;2002;2747;2002
4772;2002;20850;2002
2007;2002;12868;2002
7816;2002;24719;2002
4173;2002;12345;2002
9842;2002;23085;2002
9828;2002;21346;2002
5343;2002;9028;2002
4685;2002;20367;2002
7755;2002;122631;2002
0204;2002;7211;2002
3296;2002;9086;2002
0908;2002;3558;2002
9227;2002;11877;2002
3046;2002;1672;2002
9892;2002;1946;2002
3923;2002;38898;2002
8902;2002;801;2002
1886;2002;828;2002
8505;2002;10945;2002
2509;2002;666;2002
4460;2002;2143;2002
8768;2002;3086;2002
7940;2002;492;2002
8442;2002;1111;2002
5393;2002;3775;2002
7440;2002;4038;2002
8974;2002;883;2002
7583;2002;320;2002
7144;2002;785;2002
8381;2002;4108;2002
8314;2002;1169;2002
6697;2002;625;2002
0769;2002;1050;2002
8371;2002;4619;2002
0464;2002;607;2002
3436;2002;5469;2002
2502;2002;506;2002
6116;2002;1877;2002
3907;2002;1298;2002
1704;2002;963;2002
4001;2002;476;2002
0608;2002;1588;2002
0662;2002;673;2002
1904;2002;1088;2002
6868;2002;584;2002
4578;2002;9005;2002
8495;2002;1012;2002
0131;2002;11428;2002
0697;2002;1797;2002
5852;2002;2660;2002
6162;2002;789;2002
9593;2002;611;2002
3858;2002;129;2002
8220;2002;2486;2002
8547;2002;2098;2002
2256;2002;764;2002
8938;2002;1010;2002
9467;2002;1566;2002
3750;2002;2971;2002
6360;2002;45977;2002
4655;2002;2903;2002
6109;2002;3719;2002
0310;2002;3498;2002
0898;2002;5675;2002
1281;2002;11272;2002
3941;2002;820;2002
4411;2002;3591;2002
8777;2002;3504;2002
8803;2002;2486;2002
2684;2002;4751;2002
4120;2002;21130;2002
7985;2002;2964;2002
1002;2002;714;2002
5952;2002;613;2002
1899;2002;1111;2002
2847;2002;4423;2002
0333;2002;121379;2002
5057;2002;1431;2002
5828;2002;228;2002
3396;2002;7318;2002
4487;2002;982;2002
0106;2002;13199;2002
8177;2002;13975;2002
2444;2002;3147;2002
2376;2002;1922;2002
5029;2002;1008;2002
0008;2002;2024;2002
1853;2002;1666;2002
8063;2002;3044;2002
7367;2002;3757;2002
6815;2002;2560;2002
9539;2002;3709;2002
2469;2002;1979;2002
3026;2002;1840;2002
4089;2002;1700;2002
4286;2002;1958;2002
5195;2002;2249;2002
6928;2002;1619;2002
8773;2002;576;2002
9702;2002;1423;2002
3115;2002;805;2002
0430;2002;1157;2002
9960;2002;2096;2002
5753;2002;1480;2002
4858;2002;2685;2002
9218;2002;1302;2002
8081;2002;965;2002
4258;2002;3825;2002
8972;2002;3860;2002
1022;2002;742;2002
3276;2002;580;2002
3678;2002;3447;2002
4346;2002;3229;2002
6755;2002;2331;2002
3269;2002;1513;2002
0155;2002;7917;2002
2786;2002;4033;2002
4978;2002;2801;2002
5328;2002;8204;2002
4099;2002;746;2002
6497;2002;554;2002
0356;2002;2485;2002
7597;2002;681;2002
7428;2002;832;2002
8744;2002;493;2002
2661;2002;4362;2002
4345;2002;973;2002
4900;2002;1661;2002
5299;2002;2371;2002
0587;2002;2940;2002
7929;2002;985;2002
1777;2002;1458;2002
1613;2002;993;2002
1320;2002;2277;2002
2988;2002;2302;2002
8361;2002;3016;2002
4051;2002;3317;2002
7513;2002;2269;2002
1688;2002;5795;2002
1146;2002;637;2002
3736;2002;1321;2002
1494;2002;543;2002
4437;2002;2161;2002
8669;2002;2114;2002
7146;2002;1658;2002
7633;2002;11072;2002
0198;2002;610;2002
8294;2002;2592;2002
8037;2002;2041;2002
4744;2002;188;2002
1594;2002;627;2002
7317;2002;364;2002
0589;2002;36769;2002
8991;2002;1026;2002
7617;2002;1439;2002
6722;2002;2396;2002
7374;2002;7625;2002
2372;2002;1519;2002
8209;2002;1024;2002
9700;2002;463;2002
1843;2002;777;2002
6733;2002;952;2002
4319;2002;3142;2002
5958;2002;4508;2002
9957;2002;5899;2002
1765;2002;2280;2002
5932;2002;2708;2002
8335;2002;1424;2002
4462;2002;2989;2002
6759;2002;280;2002
8141;2002;910;2002
0708;2002;2497;2002
8474;2002;1712;2002
7449;2002;2328;2002
7668;2002;2410;2002
6103;2002;1042;2002
7228;2002;202;2002
5989;2002;3252;2002
7148;2002;1874;2002
1826;2002;721;2002
2049;2002;1556;2002
7880;2002;988;2002
9345;2002;2359;2002
5657;2002;1942;2002
3784;2002;11006;2002
0512;2002;1931;2002
4624;2002;1225;2002
6731;2002;1103;2002
6501;2002;3693;2002
8006;2002;789;2002
3156;2002;580;2002
8487;2002;268;2002
0143;2002;2362;2002
5027;2002;2733;2002
2849;2002;10112;2002
9803;2002;1120;2002
4109;2002;1592;2002
6349;2002;1403;2002
3230;2002;741;2002
3510;2002;3646;2002
4494;2002;1212;2002
3890;2002;1493;2002
7001;2002;400;2002
1174;2002;6982;2002
7539;2002;582;2002
1723;2002;24393;2002
6242;2002;956;2002
2269;2002;1069;2002
3994;2002;1433;2002
3317;2002;1158;2002
8517;2002;2959;2002
0473;2002;161970;2002
0598;2002;2748;2002
4887;2002;21791;2002
5415;2002;30366;2002
1012;2002;6461;2002
8264;2002;991;2002
7167;2002;6885;2002
7736;2002;4043;2002
3042;2002;8046;2002
1360;2002;1511;2002
5920;2002;6510;2002
3087;2002;2114;2002
1819;2002;3113;2002
1114;2002;1703;2002
5148;2002;378;2002
6223;2002;967;2002
8295;2002;1408;2002
4365;2002;2095;2002
5982;2002;550;2002
0555;2002;5170;2002
1869;2002;6947;2002
8014;2002;1076;2002
5101;2002;2955;2002
6654;2002;12697;2002
2299;2002;28165;2002
0416;2002;270;2002
5853;2002;1843;2002
0145;2002;2456;2002
3687;2002;6772;2002
7868;2002;4527;2002
5067;2002;4746;2002
2739;2002;1471;2002
8745;2002;3328;2002
1794;2002;2710;2002
5918;2002;1690;2002
6259;2002;994;2002
4236;2002;2994;2002
1381;2002;720;2002
4953;2002;1471;2002
9677;2002;1225;2002
0900;2002;5397;2002
9157;2002;6657;2002
4104;2002;68296;2002
0433;2002;5310;2002
1591;2002;1747;2002
6243;2002;1393;2002
3983;2002;9339;2002
3709;2002;6054;2002
2252;2002;8529;2002
5145;2002;962;2002
2412;2002;6866;2002
4840;2002;3774;2002
1629;2002;1889;2002
6787;2002;2563;2002
8947;2002;11719;2002
6382;2002;3895;2002
2294;2002;4335;2002
8293;2002;5287;2002
6918;2002;1359;2002
6740;2002;27829;2002
3934;2002;1532;2002
2889;2002;4363;2002
7060;2002;2301;2002
8383;2002;9521;2002
7843;2002;5124;2002
2850;2002;15789;2002
2940;2002;5982;2002
7682;2002;168;2002
0203;2002;793;2002
5927;2002;4158;2002
3587;2002;1360;2002
9079;2002;15449;2002
3871;2002;2160;2002
7937;2002;1626;2002
1982;2002;1176;2002
1839;2002;3955;2002
0025;2002;1128;2002
5857;2002;1158;2002
6009;2002;523;2002
8211;2002;3786;2002
7603;2002;608;2002
7065;2002;6739;2002
7510;2002;1986;2002
4750;2002;14712;2002
5293;2002;2958;2002
3875;2002;3711;2002
9328;2002;692;2002
5900;2002;1485;2002
3075;2002;4896;2002
3595;2002;1335;2002
8870;2002;1801;2002
9709;2002;2919;2002
7934;2002;7083;2002
4454;2002;1986;2002
6861;2002;1466;2002
4283;2002;1109;2002
9316;2002;11173;2002
8875;2002;1323;2002
8946;2002;837;2002
6260;2002;8111;2002
4332;2002;20803;2002
3061;2002;312;2002
3112;2002;1260;2002
1070;2002;1627;2002
3483;2002;8394;2002
4264;2002;13096;2002
4116;2002;311;2002
1182;2002;8148;2002
3578;2002;2209;2002
7940;2002;6321;2002
4660;2002;8244;2002
6012;2002;907;2002
5962;2002;1454;2002
4498;2002;4628;2002
8462;2002;459;2002
9063;2002;1191;2002
1878;2002;418;2002
3865;2002;17171;2002
0184;2002;2517;2002
4295;2002;424;2002
2629;2002;1537;2002
7365;2002;10339;2002
4134;2002;9617;2002
9870;2002;655;2002
1037;2002;11717;2002
5906;2002;1734;2002
8802;2002;4676;2002
5337;2002;2781;2002
6234;2002;7426;2002
9508;2002;1630;2002
6882;2002;3132;2002
4693;2002;13848;2002
1263;2002;49711;2002
9588;2002;7104;2002
2083;2002;2690;2002
8430;2002;4915;2002
7401;2002;18719;2002
1525;2002;4326;2002
9790;2002;1367;2002
7785;2002;3870;2002
8809;2002;13447;2002
7045;2002;2175;2002
6793;2002;5450;2002
8756;2002;11262;2002
1433;2002;399;2002
5471;2002;429;2002
3790;2002;1782;2002
5680;2002;1961;2002
7145;2002;911;2002
6768;2002;1295;2002
5245;2002;8405;2002
5859;2002;1418;2002
5139;2002;461;2002
8523;2002;5834;2002
8007;2002;864;2002
3130;2002;914;2002
6382;2002;743;2002
5447;2002;1120;2002
5623;2002;1517;2002
4291;2002;1264;2002
8025;2002;361;2002
7065;2002;1658;2002
3894;2002;155;2002
9783;2002;573;2002
1987;2002;134;2002
7896;2002;1448;2002
8538;2002;272;2002
4721;2002;935;2002
2497;2002;1375;2002
4281;2002;262;2002
8745;2002;741;2002
5617;2002;844;2002
1728;2002;1992;2002
8861;2002;3388;2002
1500;2002;21248;2002
3702;2002;708;2002
7117;2002;898;2002
3513;2002;1939;2002
1461;2002;1057;2002
4490;2002;2461;2002
0190;2002;596;2002
2086;2002;2391;2002
9626;2002;1365;2002
7338;2002;970;2002
8301;2002;373;2002
5839;2002;424;2002
4436;2002;947;2002
4776;2002;335;2002
7327;2002;935;2002
6578;2002;2221;2002
2027;2002;1136;2002
6577;2002;1065;2002
6050;2002;643;2002
3408;2002;1085;2002
9461;2002;643;2002
9289;2002;1325;2002
1965;2002;656;2002
5904;2002;406;2002
0758;2002;281;2002
9354;2002;952;2002
3181;2002;917;2002
3164;2002;2895;2002
7012;2002;814;2002
4514;2002;11325;2002
8469;2002;2850;2002
2051;2002;523;2002
8673;2002;295;2002
4520;2002;1620;2002
3604;2002;397;2002
9624;2002;3950;2002
5296;2002;1134;2002
3723;2002;480;2002
3433;2002;422;2002
5735;2002;101;2002
0966;2002;1243;2002
5116;2002;829;2002
2197;2002;699;2002
7239;2002;150;2002
4117;2002;1669;2002
5886;2002;172;2002
0266;2002;1601;2002
2533;2002;8704;2002
5970;2002;3057;2002
4817;2002;1057;2002
4597;2002;4604;2002
8205;2002;561;2002
4582;2002;901;2002
6423;2002;966;2002
2346;2002;4965;2002
6808;2002;1178;2002
6691;2002;1695;2002
0619;2002;500;2002
9861;2002;4718;2002
1972;2002;892;2002
5004;2002;1741;2002
0142;2002;777;2002
1807;2002;1216;2002
5715;2002;565;2002
9653;2002;1631;2002
8665;2002;389;2002
4698;2002;1256;2002
5688;2002;31430;2002
3275;2002;1343;2002
8160;2002;348;2002
8471;2002;2484;2002
3156;2002;303;2002
1092;2002;2124;2002
4581;2002;824;2002
2826;2002;3472;2002
3569;2002;2894;2002
2188;2002;4431;2002
0500;2002;455;2002
7954;2002;2637;2002
4748;2002;2399;2002
4676;2002;1712;2002
4524;2002;2405;2002
8526;2002;1988;2002
0628;2002;556;2002
6128;2002;180;2002
1726;2002;1002;2002
3563;2002;847;2002
3786;2002;395;2002
8199;2002;2144;2002
7513;2002;577;2002
0045;2002;239;2002
8590;2002;2482;2002
3402;2002;489;2002
0943;2002;192;2002
8006;2002;10195;2002
7998;2002;983;2002
5843;2002;1276;2002
8464;2002;632;2002
2388;2002;3096;2002
0735;2002;926;2002
6098;2002;322;2002
7002;2002;1786;2002
6511;2002;384;2002
8094;2002;1173;2002
5607;2002;1144;2002
9310;2002;366;2002
1807;2002;314;2002
2425;2002;141;2002
7827;2002;305;2002
8860;2002;3562;2002
3890;2002;1180;2002
6881;2002;45691;2002
8452;2002;1057;2002
3451;2002;877;2002
4533;2002;2115;2002
5570;2002;135;2002
2001;2002;416;2002
8025;2002;1188;2002
5139;2002;179;2002
1209;2002;7846;2002
5955;2002;211;2002
8608;2002;444;2002
9021;2002;816;2002
6248;2002;3618;2002
5719;2002;668;2002
9876;2002;2805;2002
7819;2002;2356;2002
7338;2002;15215;2002
6006;2002;1844;2002
0096;2002;351;2002
6492;2002;465;2002
0694;2002;726;2002
7415;2002;451;2002
4984;2002;3894;2002
2559;2002;120;2002
1379;2002;1607;2002
7653;2002;2465;2002
5560;2002;382;2002
6095;2002;564;2002
0733;2002;2308;2002
3092;2002;648;2002
6678;2002;618;2002
5025;2002;4025;2002
3909;2002;1435;2002
0974;2002;687;2002
5683;2002;1021;2002
0645;2002;3917;2002
1503;2002;2931;2002
1575;2002;1581;2002
5913;2002;539;2002
7503;2002;175;2002
2158;2002;2216;2002
0519;2002;3787;2002
3050;2002;1492;2002
2497;2002;2754;2002
1802;2002;2433;2002
8441;2002;1268;2002
0284;2002;230;2002
8493;2002;1531;2002
6512;2002;879;2002
0230;2002;94;2002
6090;2002;1693;2002
0298;2002;591;2002
5152;2002;2014;2002
2223;2002;2772;2002
6629;2002;137;2002
1400;2002;96;2002
3313;2002;852;2002
7376;2002;1319;2002
0670;2002;772;2002
7187;2002;1227;2002
2355;2002;919;2002
9799;2002;319;2002
3143;2002;2675;2002
7712;2002;203;2002
4752;2002;6771;2002
6768;2002;2546;2002
6653;2002;249;2002
1045;2002;3942;2002
2572;2002;1151;2002
4058;2002;646;2002
5859;2002;1135;2002
3978;2002;8368;2002
6991;2002;384;2002
8731;2002;192;2002
2610;2002;1421;2002
9495;2002;409;2002
4736;2002;1263;2002
6136;2002;1101;2002
2316;2002;1774;2002
6703;2002;3146;2002
2859;2002;2642;2002
9795;2002;1963;2002
0399;2002;3447;2002
5617;2002;2474;2002
6195;2002;4853;2002
3496;2002;1303;2002
2278;2002;3384;2002
8298;2002;3147;2002
9535;2002;4169;2002
1176;2002;2724;2002
5889;2002;4083;2002
1002;2002;13852;2002
7876;2002;1480;2002
7127;2002;888;2002
6640;2002;12079;2002
5476;2002;4166;2002
7952;2002;479;2002
5941;2002;2231;2002
7396;2002;3632;2002
6895;2002;2254;2002
2704;2002;3857;2002
0639;2002;6417;2002
3179;2002;1526;2002
7688;2002;1246;2002
6179;2002;4473;2002
8068;2002;259;2002
8932;2002;1546;2002
1833;2002;1074;2002
6954;2002;2778;2002
2583;2002;2098;2002
6556;2002;357;2002
4193;2002;1126;2002
2020;2002;734;2002
0526;2002;776;2002
5957;2002;8569;2002
4965;2002;2172;2002
3058;2002;2565;2002
1445;2002;1992;2002
8887;2002;1633;2002
6052;2002;136;2002
1349;2002;45649;2002
2384;2002;2041;2002
9135;2002;4089;2002
8946;2002;4164;2002
3308;2002;10120;2002
5859;2002;379;2002
0635;2002;14129;2002
5188;2002;7397;2002
3584;2002;497;2002
1193;2002;3144;2002
0584;2002;1980;2002
7993;2002;2455;2002
6244;2002;4168;2002
7121;2002;34;2002
5135;2002;3328;2002
0149;2002;8035;2002
0882;2002;5820;2002
9960;2002;6722;2002
6963;2002;1161;2002
4959;2002;4363;2002
5630;2002;3407;2002
1969;2002;442;2002
9972;2002;146;2002
7839;2002;1757;2002
1470;2002;1575;2002
6837;2002;893;2002
0983;2002;2030;2002
6353;2002;2271;2002
5698;2002;1949;2002
7003;2002;5104;2002
8249;2002;2699;2002
6175;2002;2569;2002
8617;2002;2016;2002
1969;2002;2221;2002
2862;2002;2682;2002
1085;2002;168;2002
6290;2002;1581;2002
7516;2002;485;2002
9668;2002;1744;2002
7080;2002;238;2002
2464;2002;3106;2002
5977;2002;10899;2002
5679;2002;861;2002
7993;2002;318;2002
1158;2002;2725;2002
8153;2002;2303;2002
6500;2002;2686;2002
6085;2002;283;2002
6049;2002;1760;2002
1986;2002;268;2002
8317;2002;1145;2002
1303;2002;1049;2002
6411;2002;3754;2002
5038;2002;1687;2002
0835;2002;2408;2002
7725;2002;595;2002
7505;2002;2007;2002
7138;2002;2558;2002
6122;2002;14059;2002
0012;2002;1717;2002
6783;2002;2359;2002
3194;2002;1727;2002
9782;2002;4767;2002
0381;2002;1738;2002
0970;2002;878;2002
0980;2002;2051;2002
0677;2002;1597;2002
8695;2002;14586;2002
8023;2002;1502;2002
6998;2002;2555;2002
9356;2002;1210;2002
5317;2002;203;2002
6782;2002;1534;2002
0319;2002;1612;2002
3971;2002;1770;2002
0109;2002;700;2002
9260;2002;2534;2002
4371;2002;2627;2002
3711;2002;2498;2002
3786;2002;41078;2002
4503;2002;7016;2002
7452;2002;68;2002
2472;2002;1174;2002
8337;2002;3284;2002
2024;2002;1148;2002
4767;2002;3219;2002
3856;2002;462;2002
7302;2002;1271;2002
5212;2002;1524;2002
5802;2002;4909;2002
7829;2002;1911;2002
4968;2002;1630;2002
5250;2002;1216;2002
2653;2002;1370;2002
3749;2002;2279;2002
9657;2002;1656;2002
1484;2002;3466;2002
5565;2002;3210;2002
0529;2002;12197;2002
5310;2002;1802;2002
7459;2002;1776;2002
0123;2002;2000;2002
8189;2002;3255;2002
8206;2002;2408;2002
0684;2002;5160;2002
2567;2002;728;2002
3773;2002;1266;2002
0034;2002;1254;2002
4986;2002;1366;2002
8824;2002;5605;2002
1694;2002;15958;2002
1953;2002;15804;2002
7664;2002;8887;2002
8500;2002;1073;2002
3450;2002;10352;2002
8400;2002;1475;2002
0985;2002;1969;2002
3225;2002;1762;2002
9351;2002;933;2002
2491;2002;2174;2002
4400;2002;6092;2002
7700;2002;2952;2002
5057;2002;33975;2002
7001;2002;129152;2002
2632;2002;2549;2002
6957;2002;3201;2002
3722;2002;7868;2002
0048;2002;19326;2002
9694;2002;1211;2002
2979;2002;8959;2002
6672;2002;2855;2002
4275;2002;12229;2002
7726;2002;17658;2002
9995;2002;8771;2002
3093;2002;174792;2002
1380;2002;9185;2002
3723;2002;5612;2002
3109;2002;2454;2002
3762;2002;1783;2002
7254;2002;846;2002
6721;2002;3062;2002
0630;2002;1226;2002
9655;2002;1325;2002
0449;2002;3517;2002
6808;2002;14070;2002
2012;2002;5461;2002
9948;2002;59811;2002
4250;2002;3299;2002
6858;2002;10627;2002
6439;2002;14386;2002
6315;2002;3254;2002
7896;2002;6986;2002
4827;2002;1567;2002
3481;2002;9557;2002
8880;2002;3393;2002
9243;2002;5550;2002
9108;2002;2392;2002
8517;2002;1059;2002
3117;2002;2320;2002
9213;2002;1548;2002
2596;2002;3174;2002
5577;2002;6135;2002
3549;2002;954;2002
6322;2002;2320;2002
2495;2002;2967;2002
3219;2002;1719;2002
9223;2002;4086;2002
6890;2002;733;2002
1226;2002;1181;2002
9691;2002;3620;2002
4627;2002;1279;2002
4448;2002;3504;2002
5938;2002;2198;2002
0030;2002;2695;2002
5038;2002;6187;2002
8395;2002;1831;2002
8975;2002;1390;2002
6319;2002;2237;2002
7009;2002;1680;2002
2254;2002;2450;2002
8113;2002;2704;2002
6692;2002;2271;2002
1519;2002;3628;2002
9325;2002;2261;2002
6532;2002;7117;2002
4089;2002;889;2002
3653;2002;1961;2002
3028;2002;1483;2002
2468;2002;6696;2002
9491;2002;1340;2002
8878;2002;8655;2002
7004;2002;1351;2002
5057;2002;1263;2002
5378;2002;4438;2002
8427;2002;4696;2002
3367;2002;4619;2002
7892;2002;2313;2002
5345;2002;2326;2002
3959;2002;1576;2002
6586;2002;3275;2002
5725;2002;7101;2002
8328;2002;1054;2002
5926;2002;1442;2002
4369;2002;3016;2002
6462;2002;830;2002
4236;2002;1614;2002
1798;2002;2463;2002
6604;2002;6860;2002
6406;2002;735;2002
2027;2002;1215;2002
5709;2002;33750;2002
3751;2002;868;2002
7735;2002;1768;2002
4549;2002;2186;2002
1815;2002;543;2002
6569;2002;437;2002
5995;2002;1992;2002
6127;2002;296;2002
1563;2002;111;2002
2735;2002;951;2002
4656;2002;570;2002
1003;2002;4565;2002
5046;2002;642;2002
1278;2002;514;2002
5515;2002;1362;2002
8775;2002;293;2002
2233;2002;566;2002
0676;2002;757;2002
9645;2002;1539;2002
4189;2002;1045;2002
5335;2002;4995;2002
2565;2002;172;2002
5227;2002;3313;2002
0681;2002;291;2002
1858;2002;386;2002
6546;2002;590;2002
2573;2002;543;2002
2167;2002;728;2002
8738;2002;4747;2002
5753;2002;1475;2002
7884;2002;120;2002
0084;2002;18354;2002
6091;2002;958;2002
3176;2002;221;2002
6467;2002;446;2002
8976;2002;213;2002
6517;2002;2342;2002
5785;2002;812;2002
2127;2002;7556;2002
2848;2002;308;2002
9219;2002;121;2002
1531;2002;283;2002
5680;2002;635;2002
4114;2002;422;2002
1763;2002;1485;2002
3537;2002;1438;2002
0549;2002;167;2002
0343;2002;2042;2002
1750;2002;399;2002
1483;2002;1214;2002
1708;2002;444;2002
7997;2002;874;2002
4381;2002;843;2002
3719;2002;15529;2002
9194;2002;3259;2002
3658;2002;1209;2002
5656;2002;1645;2002
6720;2002;2700;2002
8796;2002;777;2002
9024;2002;594;2002
1628;2002;2070;2002
3882;2002;317;2002
3804;2002;435;2002
1522;2002;794;2002
6756;2002;1165;2002
7054;2002;1203;2002
4182;2002;184;2002
3614;2002;4827;2002
7687;2002;749;2002
9006;2002;369;2002
6013;2002;250;2002
7344;2002;1705;2002
8894;2002;1258;2002
7344;2002;512;2002
7665;2002;2195;2002
4531;2002;29948;2002
6649;2002;202;2002
3806;2002;1109;2002
7333;2002;6875;2002
3834;2002;248;2002
6245;2002;1699;2002
