Codice Ripartizione geografica;Codice Regione;Codice Provincia/Uts;Codice Comune (alfanumerico);Codice Comune (numerico);Comune;Comune (dizione straniera);Sigla automobilistica;Capoluogo di Provincia/Uts;Capoluogo di Regione;Popolazione legale;Anno Censimento;Superficie (Kmq);Anno (Superficie);Popolazione residente;Anno (Popolazione residente)
1462;2014;2701;2014
7393;2014;3798;2014
3315;2014;465;2014
7314;2014;1754;2014
3796;2014;717;2014
8756;2014;6387;2014
6261;2014;279;2014
9193;2014;17370;2014
4860;2014;2016;2014
3085;2014;520;2014
8782;2014;891;2014
1668;2014;1063;2014
2172;2014;12445;2014
9605;2014;1340;2014
0859;2014;787;2014
0063;2014;3196;2014
5064;2014;553;2014
4054;2014;3742;2014
7105;2014;116;2014
0289;2014;3247;2014
8027;2014;1597;2014
2030;2014;3213;2014
9864;2014;580;2014
7343;2014;18213;2014
5979;2014;3452;2014
0819;2014;555;2014
2234;2014;2157;2014
3261;2014;13424;2014
9648;2014;563;2014
4189;2014;3677;2014
3712;2014;807;2014
9617;2014;2253;2014
9190;2014;3128;2014
2914;2014;8609;2014
7585;2014;4644;2014
1350;2014;445;2014
9504;2014;477;2014
5701;2014;8529;2014
3592;2014;1652;2014
5598;2014;1556;2014
6868;2014;1456;2014
4760;2014;1208;2014
0591;2014;1638;2014
0661;2014;6099;2014
0973;2014;6397;2014
2312;2014;3475;2014
4925;2014;7604;2014
1314;2014;6143;2014
0863;2014;1364;2014
1318;2014;1273;2014
8499;2014;5693;2014
9505;2014;284;2014
1953;2014;2574;2014
0319;2014;560;2014
4078;2014;2067;2014
5371;2014;935;2014
2579;2014;773;2014
6790;2014;9186;2014
7148;2014;28890;2014
1250;2014;1918;2014
1726;2014;1460;2014
3136;2014;3035;2014
7115;2014;18828;2014
4732;2014;1787;2014
2796;2014;2240;2014
7063;2014;9987;2014
3756;2014;426;2014
1345;2014;6480;2014
3285;2014;2340;2014
9591;2014;5565;2014
1595;2014;1815;2014
0516;2014;1062;2014
8147;2014;162;2014
7001;2014;1002;2014
4478;2014;360;2014
6134;2014;1706;2014
0221;2014;2128;2014
1975;2014;36526;2014
1189;2014;209;2014
7549;2014;947;2014
9165;2014;1646;2014
2378;2014;26595;2014
1638;2014;388;2014
9345;2014;255;2014
1962;2014;348;2014
7329;2014;18855;2014
6872;2014;219;2014
8788;2014;1576;2014
5727;2014;3220;2014
0993;2014;49865;2014
3321;2014;324;2014
5894;2014;609;2014
1131;2014;4598;2014
4914;2014;3242;2014
2384;2014;530;2014
8709;2014;1012;2014
7335;2014;7898;2014
3134;2014;9980;2014
5395;2014;8644;2014
5474;2014;266;2014
8499;2014;5158;2014
8931;2014;2320;2014
4091;2014;544;2014
0415;2014;2673;2014
3457;2014;823;2014
6427;2014;2375;2014
5003;2014;3474;2014
8185;2014;273;2014
9482;2014;1663;2014
1488;2014;2917;2014
4018;2014;578;2014
5108;2014;9391;2014
4442;2014;1196;2014
3833;2014;641;2014
7376;2014;16463;2014
8199;2014;3959;2014
9870;2014;692;2014
0935;2014;204;2014
3296;2014;1013;2014
1321;2014;37600;2014
7506;2014;50;2014
0292;2014;743;2014
7716;2014;397;2014
5042;2014;408;2014
1075;2014;23512;2014
0353;2014;1806;2014
7929;2014;8925;2014
2876;2014;5078;2014
2900;2014;1485;2014
4355;2014;16066;2014
6753;2014;177;2014
9366;2014;1960;2014
3912;2014;436;2014
5173;2014;1547;2014
7158;2014;1754;2014
2096;2014;1039;2014
1914;2014;1196;2014
8835;2014;382;2014
7414;2014;7505;2014
0398;2014;523;2014
2585;2014;565;2014
1404;2014;1222;2014
3129;2014;448;2014
2593;2014;1390;2014
2587;2014;55;2014
0706;2014;3906;2014
6942;2014;687;2014
3424;2014;4186;2014
5439;2014;857;2014
6383;2014;1244;2014
4420;2014;85;2014
0871;2014;806;2014
0825;2014;423;2014
3332;2014;657;2014
6554;2014;361;2014
5288;2014;57054;2014
5007;2014;37;2014
6567;2014;742;2014
4681;2014;1017;2014
3567;2014;3427;2014
9036;2014;5378;2014
3896;2014;888;2014
4895;2014;810;2014
5627;2014;48013;2014
0481;2014;150;2014
3530;2014;6992;2014
0743;2014;299;2014
6422;2014;8077;2014
5542;2014;537;2014
3030;2014;1506;2014
2078;2014;23287;2014
1541;2014;820;2014
4885;2014;1140;2014
5771;2014;945;2014
7857;2014;3287;2014
4058;2014;1214;2014
0819;2014;825;2014
8878;2014;1974;2014
6886;2014;448;2014
4056;2014;1121;2014
5400;2014;3941;2014
5680;2014;213;2014
1730;2014;3978;2014
0906;2014;3356;2014
7080;2014;554;2014
1830;2014;663;2014
0041;2014;777;2014
3498;2014;610;2014
4634;2014;14847;2014
7183;2014;3019;2014
3376;2014;35429;2014
8196;2014;8398;2014
6488;2014;3795;2014
1459;2014;18460;2014
9034;2014;3440;2014
0343;2014;1408;2014
6186;2014;10484;2014
5611;2014;1046;2014
0609;2014;3562;2014
4476;2014;1087;2014
2017;2014;760;2014
6092;2014;246;2014
8455;2014;1977;2014
4785;2014;263;2014
5052;2014;1258;2014
2419;2014;764;2014
8803;2014;557;2014
0380;2014;329;2014
9559;2014;370;2014
7879;2014;1027;2014
6658;2014;1816;2014
6002;2014;57;2014
8334;2014;1160;2014
1076;2014;19744;2014
8318;2014;4636;2014
5838;2014;2697;2014
2459;2014;12392;2014
8733;2014;1598;2014
4998;2014;48359;2014
5756;2014;3071;2014
1912;2014;1710;2014
7039;2014;1990;2014
2106;2014;2736;2014
2686;2014;316;2014
6877;2014;1852;2014
4075;2014;260;2014
3732;2014;882;2014
0650;2014;4802;2014
9371;2014;2445;2014
1002;2014;759;2014
9519;2014;1886;2014
3198;2014;589;2014
1034;2014;504;2014
8859;2014;74;2014
4330;2014;1610;2014
2318;2014;5967;2014
9068;2014;4045;2014
3809;2014;391;2014
3037;2014;568;2014
9796;2014;4980;2014
6513;2014;3776;2014
8616;2014;1890;2014
8866;2014;3155;2014
4049;2014;2666;2014
7366;2014;1035;2014
6132;2014;3403;2014
7933;2014;856;2014
3442;2014;10114;2014
5517;2014;19117;2014
4446;2014;1471;2014
1243;2014;278;2014
1520;2014;3170;2014
5766;2014;1938;2014
5719;2014;3582;2014
3683;2014;4789;2014
7945;2014;4398;2014
1983;2014;10753;2014
2772;2014;250;2014
3112;2014;1121;2014
6768;2014;3345;2014
0308;2014;839;2014
3557;2014;1492;2014
9158;2014;927;2014
0578;2014;485;2014
3660;2014;48244;2014
2604;2014;1571;2014
6785;2014;1009;2014
2140;2014;280;2014
4686;2014;6326;2014
9879;2014;6551;2014
6751;2014;793;2014
0091;2014;884710;2014
8238;2014;2892;2014
4545;2014;608;2014
0981;2014;4560;2014
4059;2014;3885;2014
2462;2014;119;2014
3597;2014;338;2014
4544;2014;533;2014
3475;2014;11026;2014
9669;2014;197;2014
5375;2014;208;2014
2292;2014;1435;2014
5253;2014;3878;2014
1200;2014;934;2014
0792;2014;782;2014
9094;2014;3168;2014
8527;2014;111;2014
5579;2014;812;2014
0929;2014;1484;2014
1435;2014;943;2014
4424;2014;34076;2014
4882;2014;4988;2014
9431;2014;1446;2014
0691;2014;808;2014
6453;2014;270;2014
9363;2014;847;2014
9677;2014;529;2014
1543;2014;5223;2014
7854;2014;4774;2014
0306;2014;1201;2014
4088;2014;3504;2014
7067;2014;2917;2014
4091;2014;1006;2014
6868;2014;2065;2014
2927;2014;1129;2014
4228;2014;4106;2014
8767;2014;4763;2014
6941;2014;14561;2014
0573;2014;1176;2014
0748;2014;1304;2014
6817;2014;518;2014
1119;2014;1079;2014
4629;2014;15389;2014
9827;2014;8915;2014
0383;2014;403;2014
7804;2014;327;2014
5650;2014;2747;2014
3101;2014;902;2014
3156;2014;1428;2014
7885;2014;115;2014
8079;2014;228;2014
8058;2014;1981;2014
8706;2014;206;2014
5707;2014;2511;2014
0901;2014;12977;2014
2949;2014;2222;2014
2305;2014;188;2014
0776;2014;872;2014
1364;2014;236;2014
8004;2014;79;2014
1087;2014;1024;2014
0218;2014;1116;2014
1062;2014;853;2014
2050;2014;247;2014
6044;2014;313;2014
0488;2014;824;2014
5380;2014;49;2014
3078;2014;4561;2014
3878;2014;262;2014
2234;2014;95;2014
9676;2014;802;2014
8563;2014;258;2014
2233;2014;7882;2014
0162;2014;412;2014
4768;2014;1064;2014
1403;2014;200;2014
2424;2014;1201;2014
7629;2014;518;2014
6659;2014;8103;2014
5030;2014;890;2014
8817;2014;354;2014
0875;2014;341;2014
6440;2014;544;2014
9701;2014;862;2014
5740;2014;542;2014
0280;2014;4478;2014
6672;2014;842;2014
9178;2014;96;2014
1818;2014;1432;2014
7150;2014;806;2014
5035;2014;803;2014
5270;2014;252;2014
9396;2014;1230;2014
2949;2014;335;2014
3517;2014;1332;2014
6903;2014;141;2014
5976;2014;205;2014
1782;2014;575;2014
5388;2014;710;2014
1560;2014;4181;2014
9022;2014;401;2014
2698;2014;76;2014
0226;2014;60;2014
3032;2014;111;2014
2702;2014;134;2014
1321;2014;265;2014
4089;2014;482;2014
9160;2014;2398;2014
4754;2014;576;2014
8379;2014;182;2014
2681;2014;983;2014
8536;2014;58;2014
1875;2014;222;2014
7766;2014;121;2014
5982;2014;4113;2014
6327;2014;1726;2014
1294;2014;8524;2014
5335;2014;386;2014
2544;2014;386;2014
9053;2014;5101;2014
3140;2014;1230;2014
2491;2014;727;2014
6054;2014;7278;2014
7508;2014;3540;2014
4259;2014;2065;2014
1193;2014;7320;2014
7743;2014;46714;2014
5109;2014;447;2014
5822;2014;1587;2014
2573;2014;170;2014
5364;2014;1560;2014
9965;2014;858;2014
5154;2014;2170;2014
1698;2014;14074;2014
4928;2014;833;2014
1786;2014;9773;2014
4536;2014;1320;2014
6080;2014;1276;2014
5097;2014;1321;2014
3043;2014;1179;2014
0913;2014;2104;2014
2699;2014;21575;2014
3738;2014;5076;2014
7479;2014;2992;2014
7562;2014;1214;2014
3213;2014;2579;2014
9850;2014;10978;2014
6557;2014;2563;2014
0407;2014;998;2014
5310;2014;927;2014
4901;2014;1544;2014
4849;2014;873;2014
7918;2014;338;2014
6411;2014;9987;2014
4855;2014;397;2014
8335;2014;1233;2014
3261;2014;1327;2014
6332;2014;6826;2014
1618;2014;428;2014
4493;2014;1232;2014
1035;2014;1614;2014
5068;2014;2624;2014
0977;2014;1486;2014
2522;2014;2564;2014
2147;2014;2089;2014
1702;2014;2673;2014
3662;2014;15468;2014
0494;2014;1414;2014
7542;2014;1864;2014
2884;2014;3342;2014
6442;2014;3668;2014
5821;2014;5519;2014
5208;2014;1426;2014
3337;2014;4591;2014
3717;2014;4435;2014
2834;2014;568;2014
5806;2014;2248;2014
6587;2014;1717;2014
8541;2014;235;2014
7879;2014;1555;2014
8639;2014;1102;2014
5349;2014;2513;2014
7187;2014;1256;2014
5210;2014;840;2014
5907;2014;2585;2014
2651;2014;1871;2014
3421;2014;783;2014
0492;2014;103572;2014
7943;2014;13898;2014
9351;2014;2025;2014
6500;2014;1117;2014
2272;2014;2161;2014
1345;2014;1012;2014
0713;2014;1389;2014
7659;2014;798;2014
8653;2014;1487;2014
2966;2014;2232;2014
1260;2014;1917;2014
8526;2014;951;2014
9764;2014;4036;2014
6906;2014;5553;2014
5099;2014;3074;2014
4512;2014;718;2014
8992;2014;1943;2014
5352;2014;577;2014
7543;2014;1447;2014
3719;2014;757;2014
9144;2014;1087;2014
3271;2014;2826;2014
4632;2014;490;2014
2408;2014;881;2014
2224;2014;20430;2014
0123;2014;1030;2014
6120;2014;4994;2014
8717;2014;1898;2014
7798;2014;2066;2014
2939;2014;873;2014
4636;2014;549;2014
5276;2014;175;2014
9173;2014;257;2014
5853;2014;31324;2014
5899;2014;248;2014
4616;2014;121;2014
2591;2014;78;2014
9174;2014;205;2014
9490;2014;1045;2014
2505;2014;6126;2014
3257;2014;1098;2014
7637;2014;676;2014
9923;2014;7712;2014
6892;2014;753;2014
0006;2014;678;2014
1195;2014;222;2014
6865;2014;3402;2014
0700;2014;120;2014
0030;2014;362;2014
9673;2014;3712;2014
4389;2014;470;2014
1118;2014;69;2014
8445;2014;4040;2014
2409;2014;95;2014
4778;2014;391;2014
3397;2014;12519;2014
5405;2014;183;2014
5453;2014;703;2014
9483;2014;9858;2014
5298;2014;29684;2014
2376;2014;332;2014
1796;2014;38;2014
1240;2014;286;2014
0639;2014;1114;2014
8443;2014;10175;2014
6378;2014;641;2014
6114;2014;205;2014
8655;2014;5596;2014
4476;2014;80;2014
5018;2014;101;2014
6759;2014;6842;2014
3287;2014;3042;2014
3047;2014;1159;2014
8380;2014;4526;2014
4192;2014;184;2014
8066;2014;1472;2014
1148;2014;2172;2014
9513;2014;167;2014
3404;2014;290;2014
1301;2014;1375;2014
8584;2014;334;2014
8028;2014;943;2014
5178;2014;323;2014
3070;2014;70;2014
2621;2014;145;2014
7202;2014;717;2014
6345;2014;898;2014
5227;2014;487;2014
4378;2014;649;2014
5946;2014;5525;2014
1052;2014;103;2014
4848;2014;6932;2014
0496;2014;2104;2014
1423;2014;442;2014
2419;2014;5039;2014
5961;2014;2196;2014
1656;2014;5778;2014
5351;2014;9067;2014
0188;2014;3672;2014
1219;2014;191;2014
9034;2014;84;2014
1508;2014;844;2014
0878;2014;2151;2014
9874;2014;2353;2014
5398;2014;982;2014
3423;2014;3372;2014
1183;2014;414;2014
0529;2014;169;2014
6691;2014;55946;2014
3063;2014;2010;2014
5432;2014;3588;2014
6829;2014;4859;2014
9574;2014;7089;2014
2196;2014;92;2014
7314;2014;786;2014
9305;2014;2087;2014
4418;2014;1741;2014
0300;2014;511;2014
6666;2014;328;2014
1434;2014;24879;2014
1437;2014;804;2014
6433;2014;1540;2014
0106;2014;280;2014
9691;2014;591;2014
7412;2014;391;2014
2810;2014;3316;2014
7224;2014;2637;2014
9699;2014;316;2014
6769;2014;151;2014
9108;2014;2243;2014
8082;2014;2013;2014
4459;2014;3521;2014
4042;2014;77;2014
0784;2014;77;2014
7124;2014;1434;2014
1658;2014;2744;2014
8291;2014;495;2014
2004;2014;782;2014
2414;2014;803;2014
7390;2014;237;2014
8104;2014;1481;2014
2287;2014;211;2014
6562;2014;62;2014
5000;2014;2140;2014
2204;2014;2262;2014
0310;2014;1314;2014
7345;2014;3758;2014
9869;2014;3148;2014
3762;2014;1443;2014
1258;2014;65;2014
0258;2014;246;2014
2806;2014;737;2014
9056;2014;308;2014
0682;2014;237;2014
5111;2014;271;2014
3498;2014;617;2014
4382;2014;1311;2014
6796;2014;97;2014
9114;2014;1356;2014
9903;2014;597;2014
0516;2014;22561;2014
9330;2014;650;2014
2745;2014;2105;2014
8203;2014;4741;2014
5797;2014;586;2014
8403;2014;874;2014
6271;2014;754;2014
4303;2014;536;2014
1041;2014;239;2014
2211;2014;528;2014
6999;2014;1649;2014
9363;2014;300;2014
2358;2014;2300;2014
9934;2014;4155;2014
1919;2014;2099;2014
6758;2014;852;2014
3282;2014;962;2014
1826;2014;3434;2014
3028;2014;3394;2014
9261;2014;391;2014
5183;2014;375;2014
7070;2014;1091;2014
7055;2014;993;2014
8083;2014;438;2014
3592;2014;78;2014
4931;2014;1615;2014
0873;2014;76;2014
2693;2014;2831;2014
6797;2014;590;2014
5115;2014;307;2014
4249;2014;217;2014
8932;2014;296;2014
2155;2014;120;2014
9186;2014;5590;2014
5691;2014;349;2014
3103;2014;2265;2014
6214;2014;2794;2014
1856;2014;84;2014
0347;2014;1321;2014
3043;2014;996;2014
4774;2014;3375;2014
3146;2014;1173;2014
9229;2014;174;2014
2934;2014;261;2014
3851;2014;169;2014
0092;2014;563;2014
0306;2014;1990;2014
3754;2014;700;2014
3615;2014;475;2014
0562;2014;10083;2014
4700;2014;4238;2014
8436;2014;1098;2014
3520;2014;115;2014
8368;2014;120;2014
4212;2014;90;2014
0038;2014;2342;2014
8104;2014;505;2014
2989;2014;1589;2014
0152;2014;142;2014
4023;2014;1687;2014
6105;2014;2081;2014
2407;2014;758;2014
1492;2014;2790;2014
5076;2014;173;2014
3530;2014;1584;2014
5849;2014;386;2014
9004;2014;986;2014
9166;2014;913;2014
5091;2014;373;2014
5052;2014;540;2014
0742;2014;188;2014
3254;2014;1325;2014
6960;2014;698;2014
5902;2014;16995;2014
1392;2014;93;2014
9069;2014;1017;2014
8454;2014;185;2014
2618;2014;447;2014
5040;2014;3024;2014
7088;2014;2441;2014
1119;2014;2044;2014
4544;2014;2426;2014
0758;2014;2743;2014
5722;2014;4022;2014
1142;2014;1403;2014
7876;2014;21274;2014
3878;2014;202;2014
4979;2014;2182;2014
3908;2014;564;2014
8995;2014;328;2014
6012;2014;540;2014
6848;2014;374;2014
4155;2014;6405;2014
0935;2014;2816;2014
0956;2014;103;2014
2016;2014;2121;2014
1829;2014;204;2014
5376;2014;499;2014
3901;2014;728;2014
8226;2014;56;2014
5956;2014;797;2014
5253;2014;340;2014
3367;2014;2274;2014
3126;2014;938;2014
1017;2014;781;2014
9559;2014;112;2014
9200;2014;53;2014
3938;2014;1464;2014
1571;2014;563;2014
0563;2014;1170;2014
1320;2014;6427;2014
0688;2014;2260;2014
7363;2014;3136;2014
9417;2014;2601;2014
7324;2014;2999;2014
2878;2014;5879;2014
7884;2014;765;2014
4958;2014;1561;2014
1692;2014;667;2014
0672;2014;404;2014
0900;2014;548;2014
4485;2014;1686;2014
5399;2014;558;2014
8608;2014;1002;2014
4124;2014;632;2014
3113;2014;76023;2014
4341;2014;411;2014
0660;2014;1134;2014
2796;2014;353;2014
3430;2014;409;2014
9008;2014;330;2014
7621;2014;896;2014
1608;2014;2630;2014
7884;2014;1794;2014
2931;2014;1320;2014
7149;2014;1282;2014
8923;2014;472;2014
4326;2014;10558;2014
7214;2014;973;2014
0565;2014;294;2014
6480;2014;646;2014
8391;2014;620;2014
5648;2014;3796;2014
3374;2014;1268;2014
8622;2014;618;2014
0881;2014;2776;2014
2882;2014;309;2014
0662;2014;193;2014
1785;2014;1896;2014
5499;2014;895;2014
2039;2014;746;2014
6068;2014;3262;2014
6273;2014;397;2014
8477;2014;726;2014
5928;2014;489;2014
9384;2014;234;2014
6529;2014;624;2014
7779;2014;419;2014
4170;2014;226;2014
5045;2014;439;2014
7326;2014;1281;2014
0489;2014;312;2014
5226;2014;1524;2014
0824;2014;227;2014
0231;2014;331;2014
4766;2014;280;2014
3333;2014;653;2014
4254;2014;552;2014
3987;2014;526;2014
9432;2014;5971;2014
7531;2014;477;2014
9251;2014;1038;2014
9270;2014;1594;2014
1300;2014;572;2014
2168;2014;732;2014
8883;2014;632;2014
4721;2014;630;2014
7037;2014;2333;2014
5026;2014;2109;2014
8219;2014;336;2014
3739;2014;287;2014
9251;2014;396;2014
1551;2014;489;2014
9588;2014;233;2014
3971;2014;1116;2014
2321;2014;2293;2014
1104;2014;986;2014
2057;2014;970;2014
4210;2014;3093;2014
3291;2014;884;2014
8550;2014;952;2014
5373;2014;337;2014
4970;2014;948;2014
6348;2014;767;2014
1408;2014;1292;2014
4192;2014;2359;2014
0976;2014;1140;2014
4053;2014;196;2014
3632;2014;10494;2014
6170;2014;80;2014
0260;2014;456;2014
5630;2014;498;2014
0013;2014;597;2014
0820;2014;229;2014
0244;2014;629;2014
0036;2014;1985;2014
8582;2014;185;2014
2049;2014;1632;2014
8350;2014;783;2014
4171;2014;388;2014
1805;2014;491;2014
5631;2014;957;2014
9827;2014;410;2014
8377;2014;346;2014
9109;2014;1440;2014
8656;2014;8390;2014
1477;2014;126;2014
2094;2014;680;2014
6838;2014;1034;2014
8691;2014;1224;2014
3426;2014;558;2014
3285;2014;125;2014
4471;2014;279;2014
6804;2014;566;2014
2800;2014;153;2014
1173;2014;1706;2014
7833;2014;874;2014
5952;2014;226;2014
7599;2014;274;2014
0383;2014;2512;2014
1655;2014;620;2014
9754;2014;248;2014
6219;2014;914;2014
6530;2014;870;2014
8798;2014;3128;2014
9480;2014;5716;2014
1268;2014;400;2014
2863;2014;623;2014
8624;2014;1678;2014
2967;2014;20302;2014
2298;2014;324;2014
5657;2014;93060;2014
1588;2014;735;2014
2135;2014;760;2014
1382;2014;934;2014
3280;2014;485;2014
1269;2014;413;2014
2434;2014;6329;2014
2375;2014;302;2014
6197;2014;1368;2014
0526;2014;2111;2014
7122;2014;1744;2014
3258;2014;535;2014
4397;2014;758;2014
8874;2014;163;2014
5936;2014;1951;2014
3977;2014;1985;2014
6034;2014;597;2014
7230;2014;1444;2014
5297;2014;2463;2014
6133;2014;1242;2014
0235;2014;324;2014
5285;2014;467;2014
6332;2014;556;2014
2493;2014;536;2014
4376;2014;805;2014
0619;2014;526;2014
4663;2014;1931;2014
0526;2014;1130;2014
7892;2014;347;2014
4833;2014;437;2014
3394;2014;998;2014
2555;2014;84;2014
9232;2014;512;2014
3412;2014;766;2014
1635;2014;1225;2014
0104;2014;389;2014
2097;2014;34705;2014
9866;2014;991;2014
0373;2014;124;2014
8466;2014;1801;2014
0925;2014;2969;2014
7721;2014;947;2014
2089;2014;90;2014
4828;2014;425;2014
1283;2014;4589;2014
6600;2014;148;2014
9770;2014;2062;2014
5908;2014;482;2014
5776;2014;1564;2014
1107;2014;672;2014
4213;2014;5366;2014
4872;2014;419;2014
4466;2014;292;2014
5524;2014;505;2014
4427;2014;440;2014
7470;2014;324;2014
3008;2014;1469;2014
3002;2014;452;2014
6117;2014;992;2014
8996;2014;359;2014
3874;2014;1094;2014
2191;2014;342;2014
4621;2014;180;2014
2763;2014;199;2014
8484;2014;655;2014
0138;2014;2366;2014
6161;2014;346;2014
7515;2014;550;2014
2861;2014;438;2014
4310;2014;518;2014
5609;2014;1475;2014
9336;2014;766;2014
0575;2014;1977;2014
5333;2014;1666;2014
7684;2014;1182;2014
1543;2014;855;2014
7165;2014;716;2014
2797;2014;181;2014
0432;2014;4619;2014
4494;2014;716;2014
3842;2014;338;2014
0802;2014;271;2014
9429;2014;512;2014
8021;2014;311;2014
5483;2014;725;2014
5358;2014;886;2014
8759;2014;1143;2014
0350;2014;84;2014
2319;2014;1424;2014
7375;2014;1323;2014
1998;2014;184;2014
2357;2014;1379;2014
5040;2014;2266;2014
7527;2014;636;2014
6941;2014;1043;2014
5400;2014;231;2014
5185;2014;227;2014
0329;2014;163;2014
6176;2014;602;2014
7473;2014;295;2014
3756;2014;271;2014
7241;2014;693;2014
4867;2014;317;2014
5982;2014;568;2014
4513;2014;326;2014
8515;2014;340;2014
7049;2014;1441;2014
9524;2014;414;2014
2197;2014;734;2014
2943;2014;695;2014
3104;2014;1438;2014
1948;2014;28193;2014
4629;2014;1343;2014
4279;2014;451;2014
5707;2014;267;2014
6908;2014;123;2014
0996;2014;411;2014
5434;2014;648;2014
3724;2014;11532;2014
3665;2014;1258;2014
1834;2014;1465;2014
4198;2014;242;2014
7376;2014;560;2014
5365;2014;709;2014
2811;2014;1318;2014
3546;2014;1272;2014
9973;2014;934;2014
6455;2014;853;2014
4427;2014;363;2014
7041;2014;3713;2014
9177;2014;1516;2014
9679;2014;595;2014
6495;2014;364;2014
0281;2014;1047;2014
0866;2014;335;2014
1765;2014;4743;2014
9724;2014;536;2014
0071;2014;2068;2014
1651;2014;1424;2014
7338;2014;1674;2014
5153;2014;682;2014
0516;2014;1434;2014
0734;2014;396;2014
5892;2014;133;2014
4612;2014;1498;2014
1543;2014;206;2014
2799;2014;1583;2014
5754;2014;366;2014
9156;2014;4178;2014
5706;2014;605;2014
1156;2014;1286;2014
6916;2014;4349;2014
8925;2014;585;2014
7065;2014;434;2014
7430;2014;409;2014
8532;2014;1162;2014
8425;2014;571;2014
9488;2014;6204;2014
3195;2014;1269;2014
1681;2014;2001;2014
5538;2014;1595;2014
9533;2014;221;2014
8544;2014;1077;2014
9542;2014;358;2014
9132;2014;2477;2014
2889;2014;2034;2014
2111;2014;1607;2014
0350;2014;667;2014
2664;2014;944;2014
7960;2014;903;2014
0894;2014;1393;2014
8666;2014;27581;2014
6032;2014;286;2014
2191;2014;655;2014
4945;2014;19341;2014
2936;2014;1023;2014
7258;2014;1021;2014
6455;2014;2198;2014
3072;2014;3207;2014
6091;2014;494;2014
4744;2014;966;2014
8688;2014;321;2014
5563;2014;1856;2014
0672;2014;717;2014
5617;2014;1187;2014
4833;2014;1264;2014
2458;2014;155;2014
1828;2014;744;2014
9640;2014;234;2014
8080;2014;636;2014
3923;2014;34521;2014
8405;2014;1286;2014
3596;2014;894;2014
6166;2014;320;2014
4208;2014;1423;2014
2436;2014;2088;2014
0315;2014;122;2014
0905;2014;242;2014
5133;2014;1045;2014
2621;2014;912;2014
9864;2014;760;2014
1589;2014;591;2014
5416;2014;927;2014
5283;2014;100;2014
7924;2014;712;2014
4352;2014;392;2014
8619;2014;2462;2014
6811;2014;4844;2014
0372;2014;1457;2014
6059;2014;2816;2014
9770;2014;2585;2014
2542;2014;516;2014
2330;2014;234;2014
5692;2014;521;2014
1198;2014;1778;2014
7089;2014;453;2014
1712;2014;463;2014
9833;2014;1640;2014
3034;2014;3373;2014
5161;2014;305;2014
6471;2014;814;2014
6384;2014;1161;2014
0381;2014;685;2014
3779;2014;435;2014
6103;2014;1405;2014
0120;2014;741;2014
9365;2014;108;2014
9427;2014;2097;2014
6666;2014;782;2014
5463;2014;473;2014
7597;2014;1813;2014
6277;2014;2095;2014
3544;2014;3011;2014
4825;2014;154;2014
5598;2014;216;2014
2665;2014;488;2014
3295;2014;1583;2014
5599;2014;183;2014
7533;2014;817;2014
9224;2014;3888;2014
4018;2014;1062;2014
0520;2014;3988;2014
8333;2014;91;2014
3385;2014;198;2014
6410;2014;1028;2014
7364;2014;3423;2014
3872;2014;391;2014
3820;2014;1390;2014
4576;2014;317;2014
4206;2014;205;2014
1772;2014;3165;2014
8770;2014;342;2014
5721;2014;4680;2014
2810;2014;4936;2014
4629;2014;566;2014
4757;2014;199;2014
4468;2014;659;2014
2088;2014;167;2014
1501;2014;2248;2014
3546;2014;1318;2014
3607;2014;2697;2014
7979;2014;1301;2014
6268;2014;410;2014
9364;2014;588;2014
0601;2014;170;2014
0925;2014;111;2014
1429;2014;343;2014
0999;2014;1158;2014
3196;2014;319;2014
6456;2014;10291;2014
9387;2014;470;2014
4357;2014;873;2014
9447;2014;5588;2014
4708;2014;285;2014
2910;2014;171;2014
8606;2014;1237;2014
9282;2014;296;2014
7924;2014;1253;2014
5850;2014;1174;2014
8570;2014;275;2014
5068;2014;608;2014
0918;2014;573;2014
3930;2014;1267;2014
8809;2014;616;2014
5548;2014;226;2014
5190;2014;829;2014
3343;2014;682;2014
1136;2014;2246;2014
6729;2014;5992;2014
9117;2014;1159;2014
2846;2014;2077;2014
7953;2014;1423;2014
3823;2014;42326;2014
3465;2014;671;2014
8969;2014;274;2014
6912;2014;204;2014
0472;2014;613;2014
7127;2014;366;2014
0261;2014;114;2014
8375;2014;227;2014
4462;2014;3318;2014
2994;2014;856;2014
2246;2014;526;2014
5045;2014;1357;2014
2305;2014;846;2014
3802;2014;836;2014
3128;2014;2361;2014
2114;2014;642;2014
8026;2014;486;2014
8563;2014;565;2014
3683;2014;374;2014
0712;2014;2875;2014
2848;2014;277;2014
8533;2014;3094;2014
3070;2014;1328;2014
2886;2014;1326;2014
9577;2014;54129;2014
6886;2014;2215;2014
8705;2014;327;2014
4660;2014;988;2014
3583;2014;14282;2014
9254;2014;221;2014
6060;2014;373;2014
8808;2014;1309;2014
6815;2014;6932;2014
1513;2014;416;2014
7257;2014;24455;2014
4645;2014;304;2014
5157;2014;458;2014
2476;2014;10918;2014
5751;2014;23924;2014
2457;2014;5492;2014
6771;2014;10295;2014
2964;2014;2121;2014
7987;2014;7518;2014
0930;2014;677;2014
2733;2014;579;2014
7933;2014;752;2014
6899;2014;1147;2014
3522;2014;2467;2014
3910;2014;4992;2014
7326;2014;2220;2014
4709;2014;390;2014
4026;2014;13153;2014
6034;2014;1725;2014
7437;2014;1504;2014
4005;2014;5607;2014
2297;2014;731;2014
7042;2014;339;2014
1434;2014;158;2014
5606;2014;5288;2014
9617;2014;3620;2014
1527;2014;5598;2014
2727;2014;2069;2014
4065;2014;1118;2014
8145;2014;2003;2014
7298;2014;257;2014
5254;2014;11695;2014
0315;2014;1209;2014
2237;2014;962;2014
7021;2014;446;2014
7242;2014;1820;2014
4774;2014;11511;2014
5718;2014;996;2014
7301;2014;1164;2014
8507;2014;111;2014
9575;2014;3421;2014
2980;2014;522;2014
2213;2014;858;2014
1769;2014;212;2014
6682;2014;2768;2014
2263;2014;223;2014
3130;2014;885;2014
6586;2014;1596;2014
1736;2014;455;2014
3321;2014;943;2014
4451;2014;809;2014
8781;2014;8865;2014
6454;2014;656;2014
9456;2014;845;2014
9186;2014;7306;2014
5971;2014;566;2014
7066;2014;764;2014
6560;2014;1836;2014
3174;2014;60970;2014
0198;2014;3813;2014
6807;2014;3037;2014
8062;2014;834;2014
2868;2014;211;2014
9652;2014;2675;2014
4467;2014;2582;2014
1689;2014;728;2014
7846;2014;8341;2014
9963;2014;13303;2014
9150;2014;394;2014
7616;2014;811;2014
8914;2014;2696;2014
8070;2014;305;2014
2972;2014;11565;2014
9322;2014;2577;2014
2765;2014;2734;2014
4242;2014;4390;2014
5133;2014;2085;2014
0618;2014;5612;2014
0652;2014;5329;2014
7401;2014;2984;2014
9059;2014;7138;2014
4579;2014;3727;2014
8222;2014;6716;2014
0656;2014;3153;2014
7498;2014;1606;2014
6952;2014;3921;2014
2310;2014;27434;2014
2837;2014;2509;2014
7228;2014;9209;2014
0821;2014;5668;2014
0024;2014;289;2014
7248;2014;553;2014
5252;2014;1884;2014
2540;2014;85;2014
6164;2014;477;2014
1628;2014;274;2014
2876;2014;584649;2014
8760;2014;98;2014
9672;2014;1523;2014
8763;2014;12675;2014
7099;2014;2418;2014
7184;2014;453;2014
5078;2014;1547;2014
4412;2014;3719;2014
9335;2014;2782;2014
6498;2014;1596;2014
2743;2014;3693;2014
2718;2014;2635;2014
6107;2014;2855;2014
6787;2014;230;2014
7246;2014;2062;2014
5214;2014;2274;2014
2369;2014;938;2014
9884;2014;576;2014
5565;2014;2537;2014
5311;2014;422;2014
9310;2014;154;2014
6210;2014;29887;2014
7716;2014;9812;2014
7190;2014;1035;2014
1115;2014;4473;2014
8079;2014;65;2014
5932;2014;2852;2014
0858;2014;574;2014
5747;2014;2704;2014
0436;2014;9471;2014
9016;2014;5952;2014
7734;2014;1141;2014
7440;2014;3236;2014
2045;2014;7922;2014
6163;2014;18480;2014
0661;2014;4241;2014
5372;2014;556;2014
0146;2014;2370;2014
1383;2014;599;2014
6332;2014;2376;2014
6707;2014;807;2014
4257;2014;422;2014
7878;2014;2471;2014
1732;2014;4412;2014
5379;2014;10435;2014
9450;2014;2421;2014
5663;2014;7818;2014
1896;2014;904;2014
3369;2014;948;2014
9013;2014;1290;2014
7544;2014;1141;2014
7917;2014;550;2014
8632;2014;507;2014
0170;2014;8435;2014
0856;2014;1415;2014
2703;2014;6461;2014
2599;2014;651;2014
3951;2014;93482;2014
0078;2014;10049;2014
8140;2014;5521;2014
4274;2014;643;2014
9431;2014;1485;2014
8558;2014;8378;2014
7462;2014;591;2014
6646;2014;3639;2014
7634;2014;3662;2014
2663;2014;1584;2014
6636;2014;718;2014
8524;2014;9220;2014
5374;2014;21920;2014
7758;2014;1396;2014
5884;2014;2043;2014
2984;2014;861;2014
3684;2014;7333;2014
7008;2014;526;2014
7953;2014;381;2014
8821;2014;5325;2014
7261;2014;5604;2014
1264;2014;9868;2014
5059;2014;4956;2014
5062;2014;4648;2014
1722;2014;796;2014
9232;2014;1659;2014
5157;2014;1582;2014
5636;2014;671;2014
4320;2014;2568;2014
4769;2014;5493;2014
9454;2014;9139;2014
5209;2014;3399;2014
0300;2014;4340;2014
0386;2014;2146;2014
8686;2014;3292;2014
2924;2014;858;2014
1820;2014;1800;2014
9542;2014;1193;2014
3963;2014;852;2014
1189;2014;1269;2014
6200;2014;998;2014
9058;2014;1233;2014
5045;2014;3098;2014
6597;2014;82087;2014
2718;2014;2091;2014
7280;2014;1815;2014
2635;2014;7874;2014
1334;2014;4674;2014
1270;2014;2560;2014
4198;2014;14598;2014
2131;2014;6635;2014
5453;2014;17321;2014
7494;2014;4926;2014
5879;2014;2695;2014
3228;2014;1331;2014
0454;2014;3822;2014
9092;2014;5731;2014
3442;2014;21543;2014
9547;2014;667;2014
9206;2014;14297;2014
9824;2014;581;2014
7509;2014;1300;2014
7887;2014;1975;2014
9003;2014;7725;2014
7590;2014;5203;2014
3176;2014;5814;2014
0039;2014;816;2014
1336;2014;10144;2014
1074;2014;4018;2014
9838;2014;1955;2014
8056;2014;4729;2014
6874;2014;1117;2014
5493;2014;2763;2014
5510;2014;804;2014
4407;2014;604;2014
1837;2014;3624;2014
5438;2014;3109;2014
0591;2014;2962;2014
8543;2014;176;2014
5272;2014;3415;2014
9590;2014;1661;2014
0249;2014;3131;2014
3987;2014;1470;2014
4905;2014;137;2014
6809;2014;12265;2014
6579;2014;6873;2014
5265;2014;691;2014
9823;2014;53092;2014
2748;2014;988;2014
0086;2014;9295;2014
8411;2014;4620;2014
6747;2014;2884;2014
7868;2014;10723;2014
6598;2014;3834;2014
4364;2014;2704;2014
1580;2014;5056;2014
4805;2014;8487;2014
6957;2014;2243;2014
0456;2014;1269;2014
4338;2014;1100;2014
3655;2014;10266;2014
9092;2014;5316;2014
8742;2014;5199;2014
4421;2014;5489;2014
5301;2014;8871;2014
1894;2014;3835;2014
8367;2014;4883;2014
2406;2014;11853;2014
7099;2014;1283;2014
0057;2014;14848;2014
0713;2014;1321;2014
7726;2014;1300;2014
0012;2014;16822;2014
4904;2014;3432;2014
8464;2014;7648;2014
8580;2014;332;2014
8082;2014;299;2014
4816;2014;1852;2014
8831;2014;1467;2014
1012;2014;1499;2014
5406;2014;1989;2014
6025;2014;4259;2014
2356;2014;5041;2014
7451;2014;4245;2014
2066;2014;12417;2014
9149;2014;7676;2014
7246;2014;860;2014
5175;2014;801;2014
3374;2014;2958;2014
3739;2014;2351;2014
4481;2014;902;2014
7632;2014;1305;2014
4390;2014;3032;2014
0140;2014;15984;2014
0575;2014;39139;2014
0379;2014;11059;2014
0347;2014;4197;2014
9318;2014;5557;2014
5053;2014;17435;2014
7498;2014;6198;2014
6311;2014;3701;2014
6798;2014;2533;2014
4775;2014;18459;2014
5968;2014;4068;2014
0619;2014;246;2014
7362;2014;10527;2014
4185;2014;1589;2014
3321;2014;2464;2014
8393;2014;80520;2014
0848;2014;7324;2014
8788;2014;6129;2014
7338;2014;7211;2014
7832;2014;8871;2014
2627;2014;5244;2014
6059;2014;574;2014
2206;2014;1521;2014
9571;2014;2529;2014
3792;2014;6443;2014
9506;2014;4218;2014
8386;2014;2722;2014
9921;2014;1213;2014
5847;2014;5030;2014
2450;2014;1780;2014
8076;2014;7736;2014
1121;2014;695;2014
5822;2014;4995;2014
5106;2014;3648;2014
7157;2014;601;2014
5854;2014;319;2014
8047;2014;2724;2014
1194;2014;4758;2014
6705;2014;1520;2014
5601;2014;269;2014
4718;2014;1182;2014
1737;2014;6451;2014
8311;2014;2138;2014
9720;2014;359;2014
0251;2014;1752;2014
7733;2014;3896;2014
1784;2014;7524;2014
1615;2014;7862;2014
5169;2014;470;2014
5295;2014;2037;2014
6757;2014;2040;2014
2534;2014;39699;2014
1053;2014;5106;2014
7175;2014;5609;2014
9442;2014;1192;2014
9237;2014;2866;2014
1719;2014;4448;2014
7329;2014;3090;2014
1945;2014;6373;2014
9962;2014;461;2014
8896;2014;1710;2014
2221;2014;4907;2014
5073;2014;3282;2014
9723;2014;1296;2014
6220;2014;927;2014
4466;2014;1147;2014
6881;2014;2939;2014
9748;2014;225;2014
5479;2014;533;2014
1831;2014;9200;2014
2813;2014;6671;2014
6263;2014;2113;2014
9034;2014;543;2014
6171;2014;514;2014
1412;2014;85567;2014
1917;2014;835;2014
1382;2014;725;2014
9305;2014;3504;2014
6466;2014;228;2014
6082;2014;605;2014
2764;2014;1474;2014
0436;2014;3430;2014
4878;2014;266;2014
8017;2014;16567;2014
9373;2014;2684;2014
5230;2014;1220;2014
1414;2014;4589;2014
3603;2014;3186;2014
9561;2014;5241;2014
2710;2014;9778;2014
7547;2014;807;2014
1792;2014;1026;2014
8250;2014;2802;2014
8991;2014;1315;2014
5458;2014;650;2014
9053;2014;5781;2014
9865;2014;9087;2014
1961;2014;894;2014
6825;2014;510;2014
8360;2014;2472;2014
0408;2014;1446;2014
5255;2014;483;2014
7039;2014;2076;2014
5636;2014;3938;2014
2977;2014;5825;2014
1337;2014;183;2014
0364;2014;4313;2014
4770;2014;9547;2014
6045;2014;1886;2014
1613;2014;2720;2014
6988;2014;5376;2014
8854;2014;2568;2014
9358;2014;9785;2014
0815;2014;673;2014
8027;2014;23924;2014
2884;2014;3337;2014
7701;2014;3166;2014
2814;2014;4177;2014
8973;2014;1604;2014
7270;2014;2315;2014
2231;2014;5013;2014
0152;2014;241;2014
5169;2014;2600;2014
6815;2014;8668;2014
7055;2014;990;2014
0301;2014;1249;2014
9210;2014;2912;2014
9644;2014;11483;2014
6880;2014;2358;2014
4607;2014;2782;2014
5747;2014;157;2014
9935;2014;1004;2014
7955;2014;1068;2014
5334;2014;265;2014
9040;2014;848;2014
0749;2014;747;2014
8112;2014;258;2014
3802;2014;4373;2014
6399;2014;4831;2014
2991;2014;917;2014
2026;2014;1336;2014
9165;2014;448;2014
0752;2014;313;2014
5208;2014;1290;2014
0864;2014;1723;2014
5679;2014;7775;2014
5316;2014;6158;2014
7342;2014;572;2014
5076;2014;1015;2014
2137;2014;1745;2014
0916;2014;4596;2014
9930;2014;323;2014
1171;2014;857;2014
7868;2014;3185;2014
0937;2014;2568;2014
4370;2014;1267;2014
7425;2014;620;2014
2943;2014;623;2014
8815;2014;5732;2014
5288;2014;1178;2014
9091;2014;234;2014
2824;2014;9262;2014
7844;2014;4775;2014
6474;2014;2700;2014
1320;2014;2638;2014
6115;2014;173;2014
7405;2014;1592;2014
8606;2014;243;2014
1517;2014;2951;2014
0078;2014;760;2014
7469;2014;4062;2014
8576;2014;7982;2014
5952;2014;211;2014
7866;2014;1753;2014
8520;2014;4253;2014
0589;2014;3794;2014
5814;2014;5402;2014
4097;2014;5151;2014
9604;2014;323;2014
3464;2014;3124;2014
7750;2014;563;2014
3652;2014;1584;2014
1442;2014;3257;2014
2215;2014;124;2014
5949;2014;4213;2014
1065;2014;1305;2014
4364;2014;4111;2014
7070;2014;2066;2014
9723;2014;1063;2014
4884;2014;997;2014
3122;2014;1428;2014
0700;2014;628;2014
0329;2014;1551;2014
4204;2014;473;2014
6946;2014;785;2014
7742;2014;7361;2014
5975;2014;2527;2014
7567;2014;2505;2014
0707;2014;371;2014
1361;2014;1123;2014
8352;2014;1429;2014
9902;2014;5457;2014
7335;2014;443;2014
4380;2014;3194;2014
2392;2014;3638;2014
7990;2014;567;2014
8975;2014;830;2014
5950;2014;582;2014
4263;2014;172;2014
3316;2014;1890;2014
9158;2014;4523;2014
1233;2014;1623;2014
6544;2014;551;2014
1650;2014;1364;2014
2927;2014;6390;2014
4606;2014;670;2014
7844;2014;764;2014
3245;2014;1048;2014
4294;2014;970;2014
4612;2014;46;2014
1455;2014;1798;2014
9738;2014;3071;2014
8160;2014;12058;2014
7437;2014;1869;2014
2997;2014;37;2014
8047;2014;1353;2014
7998;2014;2286;2014
2534;2014;1910;2014
8988;2014;1894;2014
7265;2014;2336;2014
5844;2014;670;2014
9382;2014;2967;2014
0003;2014;300;2014
8248;2014;573;2014
7953;2014;2867;2014
8501;2014;381;2014
5233;2014;502;2014
4525;2014;4173;2014
8748;2014;21756;2014
6849;2014;99;2014
0512;2014;4702;2014
2736;2014;194;2014
3175;2014;4594;2014
3745;2014;9120;2014
2368;2014;795;2014
1463;2014;628;2014
3664;2014;2672;2014
0134;2014;2031;2014
7227;2014;4115;2014
5706;2014;3564;2014
9861;2014;2637;2014
7085;2014;922;2014
3774;2014;1121;2014
4053;2014;219;2014
5223;2014;1005;2014
7393;2014;3007;2014
7776;2014;32150;2014
9817;2014;4684;2014
4210;2014;6633;2014
5634;2014;19341;2014
3585;2014;11906;2014
0523;2014;8668;2014
3842;2014;17295;2014
5856;2014;3652;2014
4922;2014;7533;2014
5903;2014;3861;2014
1619;2014;3056;2014
7426;2014;2082;2014
8715;2014;7216;2014
6536;2014;4120;2014
1225;2014;35236;2014
3824;2014;26186;2014
9490;2014;2394;2014
0056;2014;26939;2014
8322;2014;4752;2014
5863;2014;8600;2014
9872;2014;13790;2014
7272;2014;1190;2014
1802;2014;6754;2014
2538;2014;12438;2014
2436;2014;4090;2014
3860;2014;14825;2014
3249;2014;4049;2014
5951;2014;5478;2014
6010;2014;18581;2014
2095;2014;13621;2014
3175;2014;1890;2014
1729;2014;11206;2014
2206;2014;32709;2014
9631;2014;5047;2014
1212;2014;15269;2014
9388;2014;23743;2014
7681;2014;14157;2014
7241;2014;74174;2014
6764;2014;4784;2014
4021;2014;47266;2014
1644;2014;2060;2014
6867;2014;18094;2014
4734;2014;20312;2014
0674;2014;19995;2014
3556;2014;34505;2014
9253;2014;8231;2014
4585;2014;3821;2014
0817;2014;18651;2014
6355;2014;6284;2014
4790;2014;3083;2014
2559;2014;9013;2014
9131;2014;26934;2014
7593;2014;8861;2014
5801;2014;19867;2014
4595;2014;3035;2014
1012;2014;1654;2014
1348;2014;8594;2014
2054;2014;11057;2014
0401;2014;8883;2014
8701;2014;25446;2014
6970;2014;59608;2014
4068;2014;4108;2014
6103;2014;10074;2014
9920;2014;23389;2014
2300;2014;9283;2014
2083;2014;6258;2014
3852;2014;3472;2014
9547;2014;12047;2014
9985;2014;17518;2014
8204;2014;18461;2014
6397;2014;4086;2014
6783;2014;1339812;2014
0014;2014;1160;2014
5128;2014;7710;2014
2430;2014;17261;2014
8763;2014;684;2014
4619;2014;20053;2014
8582;2014;4405;2014
6385;2014;13507;2014
9834;2014;4294;2014
9731;2014;1527;2014
1139;2014;47401;2014
6921;2014;5909;2014
3077;2014;27689;2014
8211;2014;11297;2014
9782;2014;10817;2014
2212;2014;23167;2014
6624;2014;9123;2014
9138;2014;15598;2014
0937;2014;36498;2014
7848;2014;8323;2014
1648;2014;6002;2014
1394;2014;8299;2014
0744;2014;7079;2014
0299;2014;14233;2014
2431;2014;50249;2014
9280;2014;4864;2014
7849;2014;6830;2014
0728;2014;4629;2014
6816;2014;5564;2014
2433;2014;41987;2014
5504;2014;7361;2014
8731;2014;31806;2014
1680;2014;6906;2014
8676;2014;37831;2014
9662;2014;5012;2014
4807;2014;8367;2014
2355;2014;4291;2014
7527;2014;11796;2014
4936;2014;34702;2014
5991;2014;21616;2014
6992;2014;80879;2014
4236;2014;7411;2014
7192;2014;19895;2014
6760;2014;14018;2014
4356;2014;5070;2014
7662;2014;20708;2014
0534;2014;12024;2014
9957;2014;3535;2014
9838;2014;6022;2014
5193;2014;7298;2014
0535;2014;9133;2014
1545;2014;8641;2014
3090;2014;3955;2014
6541;2014;3301;2014
5527;2014;9215;2014
7367;2014;16997;2014
1334;2014;8929;2014
6505;2014;3903;2014
4278;2014;1713;2014
5779;2014;6765;2014
5480;2014;6223;2014
5630;2014;5424;2014
7721;2014;11600;2014
6055;2014;2193;2014
2249;2014;854;2014
3528;2014;8195;2014
8094;2014;18167;2014
0003;2014;5653;2014
6064;2014;6174;2014
7305;2014;5795;2014
6844;2014;13549;2014
2756;2014;2381;2014
7270;2014;3206;2014
3472;2014;4781;2014
4369;2014;3558;2014
3077;2014;2695;2014
6932;2014;191;2014
4898;2014;536;2014
2922;2014;7629;2014
2892;2014;413;2014
5491;2014;4283;2014
9806;2014;709;2014
0711;2014;4370;2014
0744;2014;1889;2014
2680;2014;769;2014
1447;2014;2463;2014
1515;2014;117526;2014
8641;2014;1341;2014
6704;2014;633;2014
2008;2014;76;2014
5910;2014;6051;2014
2082;2014;6007;2014
1510;2014;9393;2014
4678;2014;6694;2014
8306;2014;1148;2014
0906;2014;977;2014
7727;2014;5122;2014
4653;2014;735;2014
1864;2014;726;2014
5359;2014;8586;2014
1390;2014;7885;2014
1106;2014;6016;2014
1408;2014;116;2014
9947;2014;5560;2014
0832;2014;5887;2014
6678;2014;5359;2014
3336;2014;8260;2014
7240;2014;4200;2014
9440;2014;618;2014
2052;2014;4347;2014
6789;2014;1244;2014
7811;2014;7964;2014
7838;2014;3092;2014
3883;2014;16041;2014
8209;2014;4619;2014
1535;2014;341;2014
5891;2014;4637;2014
1131;2014;4032;2014
1746;2014;4051;2014
6219;2014;3312;2014
6773;2014;109;2014
1528;2014;10028;2014
7066;2014;2950;2014
5001;2014;3432;2014
5891;2014;1383;2014
6516;2014;2630;2014
0244;2014;1654;2014
9724;2014;2531;2014
6167;2014;3668;2014
5992;2014;4289;2014
0705;2014;1641;2014
5456;2014;3290;2014
8847;2014;5949;2014
8160;2014;6320;2014
3074;2014;5784;2014
7280;2014;5206;2014
1901;2014;8564;2014
6268;2014;1148;2014
5187;2014;11001;2014
7485;2014;1677;2014
4452;2014;4252;2014
5017;2014;968;2014
3490;2014;1981;2014
2228;2014;3339;2014
2120;2014;598;2014
6664;2014;9304;2014
9435;2014;4003;2014
4135;2014;3546;2014
7049;2014;7692;2014
4071;2014;247;2014
8075;2014;23241;2014
5582;2014;952;2014
0690;2014;3521;2014
1452;2014;1966;2014
7926;2014;7887;2014
0407;2014;1306;2014
4233;2014;3182;2014
2877;2014;1137;2014
0601;2014;3021;2014
7970;2014;4595;2014
9290;2014;657;2014
1428;2014;196;2014
8683;2014;3128;2014
0448;2014;3439;2014
2797;2014;220;2014
1342;2014;1021;2014
0319;2014;5458;2014
1267;2014;1506;2014
1962;2014;916;2014
4134;2014;5116;2014
5881;2014;6153;2014
6976;2014;5167;2014
5200;2014;6567;2014
0000;2014;1623;2014
7413;2014;6453;2014
0692;2014;1230;2014
7773;2014;898;2014
9408;2014;7299;2014
8327;2014;193;2014
0586;2014;663;2014
1560;2014;4229;2014
6909;2014;4580;2014
7383;2014;627;2014
5314;2014;3822;2014
7896;2014;832;2014
9247;2014;5323;2014
0469;2014;2750;2014
4846;2014;909;2014
0689;2014;3971;2014
6573;2014;6793;2014
0512;2014;10331;2014
8383;2014;174;2014
1053;2014;2975;2014
3564;2014;222;2014
7535;2014;1138;2014
8156;2014;3215;2014
5662;2014;2558;2014
9226;2014;2936;2014
4646;2014;4627;2014
6417;2014;7536;2014
2348;2014;11663;2014
9033;2014;500;2014
8919;2014;1036;2014
3262;2014;171;2014
6636;2014;623;2014
7820;2014;870;2014
0417;2014;1787;2014
0963;2014;159;2014
1822;2014;5159;2014
5856;2014;12253;2014
2349;2014;2065;2014
0866;2014;4054;2014
9600;2014;4517;2014
7937;2014;5830;2014
2794;2014;2764;2014
8187;2014;376;2014
5999;2014;6076;2014
4799;2014;1864;2014
7022;2014;1491;2014
5451;2014;1106;2014
7653;2014;1227;2014
2379;2014;414;2014
1521;2014;84;2014
2861;2014;1608;2014
5898;2014;1816;2014
4769;2014;6823;2014
5861;2014;11462;2014
3776;2014;3263;2014
0976;2014;5007;2014
1982;2014;4689;2014
9556;2014;1820;2014
6248;2014;1143;2014
2818;2014;4948;2014
1151;2014;1725;2014
0613;2014;6021;2014
2137;2014;1216;2014
5213;2014;882;2014
8105;2014;3938;2014
3831;2014;19708;2014
3866;2014;435;2014
0675;2014;752;2014
0302;2014;930;2014
5339;2014;4091;2014
0260;2014;4917;2014
2465;2014;5496;2014
9533;2014;4898;2014
8036;2014;554;2014
6621;2014;6589;2014
6892;2014;10090;2014
9693;2014;1213;2014
8461;2014;2445;2014
5279;2014;1993;2014
5348;2014;24974;2014
3384;2014;2130;2014
7570;2014;1778;2014
9447;2014;735;2014
2515;2014;9134;2014
0233;2014;4359;2014
0243;2014;5452;2014
9736;2014;1015;2014
6107;2014;5681;2014
3738;2014;12990;2014
8250;2014;1081;2014
5411;2014;3817;2014
1257;2014;594;2014
1708;2014;2126;2014
3026;2014;5052;2014
1331;2014;8005;2014
4836;2014;8705;2014
6902;2014;2410;2014
6241;2014;1077;2014
5138;2014;9804;2014
2198;2014;29339;2014
4874;2014;10548;2014
3454;2014;1406;2014
7781;2014;9721;2014
8899;2014;1068;2014
7966;2014;4222;2014
8905;2014;600;2014
7640;2014;138;2014
2302;2014;203;2014
8975;2014;287;2014
2916;2014;208;2014
8218;2014;7618;2014
3439;2014;7994;2014
6945;2014;4760;2014
4483;2014;1136;2014
7561;2014;1322;2014
3097;2014;597;2014
9822;2014;4764;2014
4860;2014;6764;2014
6029;2014;6603;2014
1595;2014;1929;2014
0419;2014;7835;2014
0010;2014;1481;2014
4317;2014;2755;2014
9523;2014;8556;2014
2123;2014;9067;2014
2970;2014;999;2014
3232;2014;687;2014
2506;2014;312;2014
7995;2014;2358;2014
2277;2014;2038;2014
4334;2014;3926;2014
4376;2014;4441;2014
5463;2014;1625;2014
2895;2014;7121;2014
5546;2014;1826;2014
7523;2014;2527;2014
8313;2014;482;2014
5601;2014;2455;2014
0191;2014;3650;2014
5695;2014;3109;2014
3457;2014;12740;2014
1983;2014;3935;2014
3363;2014;2328;2014
4918;2014;1211;2014
4204;2014;2308;2014
4434;2014;12157;2014
5925;2014;2719;2014
4633;2014;1694;2014
9148;2014;2475;2014
5442;2014;3532;2014
2870;2014;1415;2014
5299;2014;5485;2014
4199;2014;9165;2014
4960;2014;2611;2014
4824;2014;10936;2014
9887;2014;2254;2014
4114;2014;7426;2014
3802;2014;1644;2014
3567;2014;651;2014
9347;2014;4921;2014
3337;2014;193118;2014
8968;2014;719;2014
3082;2014;2130;2014
2958;2014;12758;2014
7369;2014;3464;2014
8271;2014;8618;2014
1074;2014;2483;2014
9465;2014;366;2014
9676;2014;4670;2014
6009;2014;9349;2014
8418;2014;12902;2014
2048;2014;8283;2014
1396;2014;6628;2014
5285;2014;11002;2014
1950;2014;11344;2014
3362;2014;1808;2014
6321;2014;7035;2014
3415;2014;10959;2014
0830;2014;1229;2014
5461;2014;4954;2014
5525;2014;661;2014
3011;2014;1916;2014
4688;2014;902;2014
9592;2014;18679;2014
9309;2014;1595;2014
7130;2014;544;2014
3068;2014;2694;2014
0465;2014;8768;2014
2698;2014;4653;2014
4749;2014;2142;2014
7875;2014;7650;2014
4370;2014;3786;2014
0748;2014;15232;2014
9733;2014;7246;2014
6046;2014;1985;2014
2960;2014;1423;2014
0712;2014;15628;2014
3209;2014;5645;2014
2622;2014;28008;2014
9031;2014;4576;2014
2398;2014;8505;2014
3061;2014;5323;2014
0159;2014;2098;2014
8367;2014;8710;2014
5861;2014;4654;2014
3930;2014;2648;2014
6562;2014;11740;2014
7514;2014;2909;2014
7959;2014;12019;2014
8401;2014;18939;2014
3811;2014;2148;2014
2837;2014;5147;2014
0891;2014;16670;2014
8902;2014;1996;2014
6657;2014;394;2014
9347;2014;128;2014
4194;2014;9173;2014
3283;2014;4108;2014
8235;2014;565;2014
4516;2014;14326;2014
0259;2014;1186;2014
4987;2014;1690;2014
4335;2014;3794;2014
1954;2014;16047;2014
4707;2014;591;2014
2553;2014;591;2014
7425;2014;424;2014
7179;2014;22849;2014
0958;2014;1467;2014
1109;2014;143;2014
5281;2014;3447;2014
8941;2014;2045;2014
4567;2014;3316;2014
6294;2014;5225;2014
8839;2014;12937;2014
7392;2014;4404;2014
0348;2014;690;2014
9307;2014;3255;2014
7265;2014;12145;2014
4888;2014;1772;2014
6529;2014;2464;2014
0259;2014;548;2014
6051;2014;1760;2014
8908;2014;4516;2014
6613;2014;24914;2014
5181;2014;5183;2014
5067;2014;795;2014
0780;2014;2633;2014
2115;2014;10937;2014
1574;2014;2007;2014
4576;2014;3948;2014
3116;2014;4628;2014
5439;2014;2018;2014
0333;2014;4150;2014
8482;2014;3193;2014
7797;2014;1001;2014
8684;2014;12540;2014
9376;2014;2533;2014
2903;2014;14150;2014
8578;2014;1463;2014
8091;2014;4410;2014
6080;2014;3757;2014
8656;2014;183;2014
0034;2014;2164;2014
0393;2014;19983;2014
1816;2014;4641;2014
1537;2014;624;2014
3907;2014;7121;2014
6134;2014;2768;2014
8177;2014;4502;2014
9152;2014;575;2014
1258;2014;661;2014
4894;2014;1524;2014
9450;2014;4591;2014
2273;2014;8051;2014
2011;2014;2588;2014
1195;2014;2540;2014
2734;2014;3855;2014
6432;2014;5279;2014
4260;2014;1768;2014
2070;2014;7097;2014
0859;2014;6936;2014
3264;2014;3474;2014
1622;2014;2959;2014
4524;2014;1518;2014
2623;2014;384;2014
9892;2014;6885;2014
1597;2014;7306;2014
8506;2014;918;2014
9716;2014;3378;2014
4527;2014;6312;2014
4624;2014;3342;2014
2064;2014;13296;2014
1322;2014;4889;2014
8593;2014;9410;2014
8207;2014;4497;2014
3899;2014;9487;2014
0941;2014;18781;2014
8454;2014;5794;2014
4472;2014;3906;2014
5869;2014;3384;2014
3048;2014;10581;2014
2166;2014;3390;2014
5028;2014;2505;2014
2531;2014;4637;2014
6790;2014;13502;2014
2677;2014;925;2014
4711;2014;1487;2014
5719;2014;1531;2014
4273;2014;3062;2014
2480;2014;7868;2014
7734;2014;1826;2014
8920;2014;1259;2014
4396;2014;1955;2014
8075;2014;1336;2014
2570;2014;1107;2014
8569;2014;1273;2014
4393;2014;6486;2014
1706;2014;8029;2014
7358;2014;13788;2014
6815;2014;2125;2014
1018;2014;5388;2014
7332;2014;559;2014
6801;2014;3942;2014
8574;2014;1440;2014
1204;2014;192;2014
7595;2014;8211;2014
0635;2014;3839;2014
9638;2014;4448;2014
1472;2014;1469;2014
2195;2014;10805;2014
8650;2014;1456;2014
1011;2014;5689;2014
2649;2014;691;2014
2237;2014;2034;2014
2214;2014;8162;2014
6815;2014;1088;2014
3021;2014;4714;2014
3442;2014;872;2014
7570;2014;253;2014
3279;2014;578;2014
4488;2014;3514;2014
4871;2014;1605;2014
0572;2014;390;2014
6641;2014;676;2014
7124;2014;897;2014
3380;2014;1735;2014
5000;2014;1067;2014
1426;2014;671;2014
6867;2014;6220;2014
8636;2014;2876;2014
8364;2014;2712;2014
8094;2014;1369;2014
1043;2014;429;2014
6391;2014;1037;2014
9286;2014;2638;2014
8363;2014;639;2014
1441;2014;613;2014
8137;2014;811;2014
6873;2014;3555;2014
8467;2014;9299;2014
9837;2014;129;2014
6864;2014;991;2014
8967;2014;1565;2014
8094;2014;107;2014
8147;2014;1354;2014
7807;2014;1575;2014
6302;2014;456;2014
4774;2014;898;2014
8050;2014;2507;2014
7359;2014;8605;2014
7358;2014;7030;2014
2772;2014;719;2014
6617;2014;6803;2014
7724;2014;1016;2014
7444;2014;1169;2014
2141;2014;599;2014
2590;2014;6731;2014
1244;2014;248;2014
5977;2014;2099;2014
3786;2014;194;2014
5598;2014;758;2014
8579;2014;5269;2014
4109;2014;1239;2014
3884;2014;3981;2014
8757;2014;1359;2014
0511;2014;5614;2014
9551;2014;1028;2014
8065;2014;1666;2014
3401;2014;1696;2014
8710;2014;807;2014
0907;2014;2126;2014
3728;2014;1052;2014
8242;2014;360;2014
6095;2014;355;2014
0854;2014;4865;2014
5665;2014;4661;2014
1708;2014;1165;2014
2478;2014;882;2014
8248;2014;396;2014
1753;2014;1206;2014
2313;2014;213;2014
7761;2014;223;2014
7030;2014;9981;2014
1760;2014;9762;2014
9957;2014;357;2014
4113;2014;1402;2014
7226;2014;5135;2014
6103;2014;3183;2014
4207;2014;200;2014
3439;2014;2750;2014
2160;2014;4579;2014
6414;2014;1474;2014
5872;2014;6211;2014
8206;2014;405;2014
3416;2014;1215;2014
1660;2014;2777;2014
7457;2014;123;2014
3585;2014;2228;2014
8204;2014;2437;2014
2532;2014;1692;2014
1177;2014;2470;2014
2895;2014;1656;2014
8944;2014;6700;2014
1384;2014;363;2014
0204;2014;1111;2014
0642;2014;498;2014
5106;2014;1462;2014
5559;2014;3869;2014
0651;2014;893;2014
7416;2014;1624;2014
4035;2014;528;2014
4046;2014;395;2014
9744;2014;299;2014
1925;2014;676;2014
4933;2014;1724;2014
2991;2014;653;2014
9694;2014;15358;2014
0764;2014;344;2014
3810;2014;740;2014
9101;2014;197;2014
9793;2014;1117;2014
8064;2014;1930;2014
1018;2014;319;2014
3012;2014;1950;2014
2453;2014;70783;2014
2007;2014;873;2014
1530;2014;877;2014
1059;2014;2083;2014
3963;2014;2697;2014
3078;2014;1722;2014
0903;2014;729;2014
9572;2014;822;2014
4798;2014;1538;2014
1597;2014;426;2014
4149;2014;1067;2014
6677;2014;1571;2014
9155;2014;5293;2014
5407;2014;5982;2014
9345;2014;565;2014
4966;2014;78;2014
7641;2014;246;2014
3647;2014;648;2014
7174;2014;692;2014
0510;2014;1560;2014
5525;2014;596;2014
4128;2014;887;2014
4541;2014;742;2014
5045;2014;508;2014
4309;2014;675;2014
2687;2014;3881;2014
4521;2014;1131;2014
2906;2014;5976;2014
3323;2014;5443;2014
4207;2014;2000;2014
5912;2014;1643;2014
5572;2014;958;2014
9011;2014;503;2014
4738;2014;2421;2014
4973;2014;816;2014
8927;2014;584;2014
5419;2014;1652;2014
5741;2014;945;2014
7208;2014;226;2014
6711;2014;673;2014
7879;2014;5926;2014
8724;2014;1132;2014
2314;2014;621;2014
8352;2014;11673;2014
8480;2014;623;2014
2281;2014;1694;2014
6600;2014;590;2014
4934;2014;977;2014
0091;2014;338;2014
4385;2014;2394;2014
5019;2014;3521;2014
6271;2014;843;2014
0449;2014;4470;2014
8312;2014;2155;2014
4982;2014;3823;2014
1549;2014;1053;2014
6826;2014;636;2014
8538;2014;221;2014
2357;2014;2214;2014
1611;2014;1494;2014
9834;2014;298;2014
6150;2014;3316;2014
1723;2014;100;2014
1961;2014;3231;2014
7086;2014;396;2014
4404;2014;1283;2014
1425;2014;6167;2014
3639;2014;62631;2014
8781;2014;75;2014
6085;2014;781;2014
7674;2014;3424;2014
4896;2014;1562;2014
4415;2014;39006;2014
7730;2014;136;2014
4013;2014;976;2014
5293;2014;1747;2014
5828;2014;1067;2014
4037;2014;473;2014
3614;2014;438;2014
1915;2014;1726;2014
7366;2014;3282;2014
8218;2014;857;2014
2161;2014;1188;2014
0775;2014;3897;2014
1983;2014;2086;2014
1210;2014;674;2014
3878;2014;4765;2014
9007;2014;1520;2014
1424;2014;630;2014
1071;2014;428;2014
6997;2014;1205;2014
9506;2014;1281;2014
6407;2014;679;2014
8381;2014;2167;2014
1471;2014;573;2014
1977;2014;429;2014
4543;2014;2408;2014
8750;2014;3916;2014
1935;2014;1924;2014
5180;2014;1192;2014
6570;2014;572;2014
4019;2014;1782;2014
5301;2014;15375;2014
2823;2014;1658;2014
7893;2014;583;2014
7876;2014;467;2014
0774;2014;9482;2014
8909;2014;5756;2014
7571;2014;341;2014
9178;2014;535;2014
1934;2014;2295;2014
9629;2014;978;2014
3599;2014;1293;2014
8526;2014;1057;2014
4080;2014;1404;2014
1284;2014;1642;2014
5182;2014;33943;2014
4916;2014;70608;2014
7577;2014;1764;2014
9377;2014;664;2014
7740;2014;458;2014
9906;2014;301;2014
6525;2014;3887;2014
7212;2014;551;2014
1938;2014;1225;2014
6430;2014;1081;2014
7072;2014;879;2014
1013;2014;2016;2014
5732;2014;1253;2014
7187;2014;1292;2014
2764;2014;637;2014
2582;2014;1460;2014
2897;2014;1820;2014
2261;2014;2777;2014
4655;2014;1194;2014
1916;2014;2020;2014
7616;2014;2916;2014
8226;2014;1667;2014
9198;2014;2045;2014
3428;2014;2314;2014
3943;2014;2539;2014
1532;2014;819;2014
4676;2014;956;2014
5835;2014;5981;2014
1541;2014;984;2014
4890;2014;2958;2014
9619;2014;1461;2014
8208;2014;3844;2014
2953;2014;8913;2014
6076;2014;3426;2014
5434;2014;1563;2014
0166;2014;660;2014
9694;2014;3568;2014
7631;2014;2566;2014
7288;2014;1177;2014
4371;2014;1324;2014
8500;2014;1611;2014
0610;2014;6580;2014
4015;2014;1479;2014
8622;2014;947;2014
5383;2014;1748;2014
9564;2014;1018;2014
7794;2014;3432;2014
9739;2014;529;2014
3332;2014;2010;2014
4011;2014;7970;2014
9631;2014;2415;2014
0470;2014;3031;2014
3647;2014;1173;2014
9264;2014;2179;2014
6817;2014;1370;2014
2144;2014;1911;2014
3799;2014;444;2014
0761;2014;1420;2014
7202;2014;576;2014
3092;2014;3626;2014
4937;2014;3153;2014
4254;2014;967;2014
3201;2014;7733;2014
5680;2014;8975;2014
9595;2014;3249;2014
2122;2014;1537;2014
1073;2014;611;2014
0196;2014;6875;2014
1949;2014;1564;2014
9819;2014;447;2014
7693;2014;474;2014
1654;2014;466;2014
1215;2014;1763;2014
2227;2014;632;2014
9179;2014;2896;2014
0610;2014;1742;2014
1516;2014;3815;2014
6926;2014;4582;2014
4365;2014;3910;2014
1205;2014;534;2014
2425;2014;402;2014
0142;2014;2965;2014
4814;2014;10182;2014
2032;2014;5925;2014
9955;2014;2122;2014
0666;2014;801;2014
8219;2014;4188;2014
8665;2014;4517;2014
4282;2014;1313;2014
6958;2014;2283;2014
8495;2014;2654;2014
0306;2014;1488;2014
3420;2014;3223;2014
5780;2014;4749;2014
4042;2014;12478;2014
3392;2014;5203;2014
0224;2014;23000;2014
9097;2014;3879;2014
3082;2014;2698;2014
6487;2014;1141;2014
4705;2014;14909;2014
5363;2014;3485;2014
7742;2014;1403;2014
0314;2014;2975;2014
4871;2014;2386;2014
2204;2014;10346;2014
8828;2014;9050;2014
3782;2014;6170;2014
2002;2014;1603;2014
8062;2014;47957;2014
7889;2014;6632;2014
9126;2014;734;2014
0156;2014;7815;2014
7286;2014;4084;2014
8488;2014;5654;2014
0185;2014;4840;2014
7898;2014;2566;2014
8312;2014;6857;2014
5686;2014;7191;2014
7324;2014;1068;2014
5877;2014;1745;2014
2867;2014;6570;2014
5587;2014;1692;2014
7200;2014;2351;2014
4430;2014;16258;2014
3788;2014;1201;2014
4336;2014;5703;2014
0358;2014;1314;2014
1481;2014;2531;2014
5452;2014;2542;2014
6105;2014;5392;2014
4333;2014;7170;2014
9802;2014;8569;2014
2701;2014;4301;2014
9405;2014;7363;2014
9779;2014;1684;2014
5304;2014;9529;2014
3962;2014;1242;2014
9393;2014;1748;2014
9551;2014;1161;2014
0541;2014;6180;2014
2024;2014;1538;2014
0834;2014;2576;2014
2721;2014;2118;2014
0987;2014;21085;2014
8408;2014;19644;2014
2882;2014;2034;2014
8432;2014;2226;2014
4845;2014;7390;2014
9866;2014;14580;2014
6899;2014;1692;2014
8912;2014;1035;2014
0641;2014;389;2014
4501;2014;14637;2014
3952;2014;769;2014
0703;2014;3476;2014
5112;2014;1682;2014
2910;2014;105921;2014
2130;2014;653;2014
2919;2014;2140;2014
6986;2014;21326;2014
5395;2014;2690;2014
9974;2014;16006;2014
6344;2014;412;2014
0442;2014;7803;2014
3854;2014;2658;2014
9801;2014;5320;2014
7910;2014;2333;2014
8970;2014;6725;2014
6239;2014;1500;2014
6801;2014;2782;2014
2890;2014;5085;2014
6107;2014;3369;2014
2676;2014;2210;2014
9990;2014;640;2014
8358;2014;1361;2014
6475;2014;2391;2014
3018;2014;3348;2014
5693;2014;5175;2014
1315;2014;2778;2014
9578;2014;3503;2014
7720;2014;976;2014
3811;2014;2601;2014
6146;2014;3222;2014
9136;2014;1713;2014
2189;2014;889;2014
7048;2014;5193;2014
6837;2014;4998;2014
5250;2014;2654;2014
1083;2014;17597;2014
1238;2014;11617;2014
2235;2014;3961;2014
8848;2014;337;2014
4127;2014;1522;2014
8641;2014;1300;2014
4250;2014;5096;2014
2279;2014;2958;2014
8631;2014;2595;2014
7992;2014;881;2014
9539;2014;1668;2014
3399;2014;39253;2014
4364;2014;2868;2014
5102;2014;1618;2014
5284;2014;2118;2014
2399;2014;1908;2014
1127;2014;5742;2014
9599;2014;3030;2014
0956;2014;1946;2014
4933;2014;3903;2014
7880;2014;3573;2014
1564;2014;4755;2014
3974;2014;3646;2014
3640;2014;1512;2014
8660;2014;703;2014
3282;2014;202;2014
6921;2014;1843;2014
0018;2014;3429;2014
3567;2014;574;2014
3685;2014;267;2014
2838;2014;4429;2014
5728;2014;2852;2014
3601;2014;7716;2014
9426;2014;1351;2014
8233;2014;3078;2014
6182;2014;1201;2014
1250;2014;3701;2014
8468;2014;3327;2014
8368;2014;3075;2014
0273;2014;3591;2014
4599;2014;3862;2014
9429;2014;1716;2014
9913;2014;3181;2014
1725;2014;1565;2014
9231;2014;1970;2014
2703;2014;7016;2014
1303;2014;2882;2014
7871;2014;1465;2014
2399;2014;2638;2014
8369;2014;1283;2014
4290;2014;1913;2014
1716;2014;5949;2014
7177;2014;1796;2014
6216;2014;1159;2014
1614;2014;1735;2014
5685;2014;4291;2014
4389;2014;3314;2014
1250;2014;1895;2014
1810;2014;975;2014
6182;2014;2439;2014
5608;2014;1049;2014
2665;2014;956;2014
1174;2014;2865;2014
7358;2014;1061;2014
0760;2014;3118;2014
1207;2014;2905;2014
8882;2014;5968;2014
1339;2014;2295;2014
8179;2014;3287;2014
3417;2014;4451;2014
0090;2014;942;2014
0325;2014;1532;2014
9501;2014;1973;2014
9648;2014;6823;2014
5844;2014;2792;2014
9177;2014;1355;2014
6313;2014;780;2014
8550;2014;8907;2014
9642;2014;1542;2014
9704;2014;3084;2014
8495;2014;252;2014
3783;2014;1066;2014
2175;2014;17375;2014
8883;2014;4155;2014
0709;2014;5041;2014
4595;2014;1482;2014
7805;2014;281;2014
9369;2014;2632;2014
7110;2014;422;2014
6740;2014;1589;2014
4527;2014;402;2014
3152;2014;327;2014
6493;2014;705;2014
1849;2014;676;2014
3633;2014;6959;2014
7003;2014;841;2014
8896;2014;574;2014
7401;2014;4068;2014
0139;2014;260;2014
1671;2014;730;2014
4579;2014;125;2014
6070;2014;664;2014
4079;2014;337;2014
8754;2014;1565;2014
3945;2014;1401;2014
8086;2014;1115;2014
4132;2014;3570;2014
1988;2014;1800;2014
0233;2014;729;2014
0230;2014;1477;2014
6823;2014;1547;2014
0177;2014;1934;2014
8188;2014;597;2014
5701;2014;1098;2014
1224;2014;978;2014
8202;2014;518;2014
1004;2014;247;2014
8716;2014;637;2014
5589;2014;2283;2014
8343;2014;1240;2014
1441;2014;1052;2014
3757;2014;4076;2014
4842;2014;1050;2014
0280;2014;518;2014
2265;2014;2994;2014
3770;2014;259;2014
9628;2014;1801;2014
2251;2014;625;2014
5139;2014;432;2014
8070;2014;730;2014
2967;2014;367;2014
4976;2014;314;2014
6663;2014;3991;2014
1656;2014;6927;2014
2112;2014;730;2014
0249;2014;1009;2014
7405;2014;1514;2014
6375;2014;1647;2014
9892;2014;684;2014
5477;2014;595;2014
5107;2014;653;2014
1451;2014;433;2014
4545;2014;598;2014
1571;2014;266;2014
6440;2014;1303;2014
7723;2014;1293;2014
1145;2014;263;2014
5070;2014;427;2014
3367;2014;550;2014
9534;2014;4900;2014
6804;2014;611;2014
1293;2014;912;2014
4267;2014;839;2014
2822;2014;1134;2014
1495;2014;463;2014
9425;2014;477;2014
5766;2014;523;2014
6258;2014;3209;2014
6288;2014;1413;2014
2241;2014;1355;2014
6807;2014;333;2014
1251;2014;378;2014
8129;2014;2521;2014
3866;2014;733;2014
2578;2014;143;2014
3809;2014;2240;2014
7253;2014;445;2014
7294;2014;1165;2014
0920;2014;2707;2014
0786;2014;329;2014
4283;2014;229;2014
0549;2014;1372;2014
3125;2014;1133;2014
1781;2014;8883;2014
8282;2014;7834;2014
1428;2014;560;2014
2178;2014;873;2014
3726;2014;880;2014
1971;2014;275;2014
5277;2014;2182;2014
7284;2014;472;2014
0322;2014;126;2014
6281;2014;574;2014
3498;2014;899;2014
8455;2014;1647;2014
3530;2014;5435;2014
8790;2014;7082;2014
5944;2014;2700;2014
1156;2014;1141;2014
7605;2014;912;2014
2072;2014;244;2014
4834;2014;9794;2014
3842;2014;2835;2014
3042;2014;595;2014
8915;2014;1402;2014
6147;2014;2015;2014
4887;2014;1427;2014
9653;2014;1066;2014
7474;2014;819;2014
2486;2014;861;2014
6047;2014;801;2014
6481;2014;178;2014
2112;2014;818;2014
2084;2014;991;2014
3024;2014;1864;2014
3606;2014;797;2014
9782;2014;411;2014
3284;2014;21144;2014
8289;2014;1268;2014
2335;2014;678;2014
3210;2014;3128;2014
2285;2014;2480;2014
9722;2014;2279;2014
8478;2014;328;2014
9648;2014;4535;2014
3732;2014;415;2014
8519;2014;190;2014
7874;2014;1384;2014
9063;2014;805;2014
3578;2014;1235;2014
7248;2014;16896;2014
4449;2014;621;2014
1279;2014;1389;2014
0833;2014;2874;2014
0030;2014;437;2014
7900;2014;1454;2014
2973;2014;427;2014
4144;2014;1581;2014
9842;2014;39023;2014
5800;2014;425;2014
8540;2014;813;2014
0617;2014;188;2014
9020;2014;565;2014
4053;2014;1169;2014
3158;2014;3039;2014
3639;2014;1121;2014
8749;2014;926;2014
1898;2014;773;2014
9965;2014;1430;2014
7121;2014;1518;2014
8085;2014;336;2014
9194;2014;1286;2014
2839;2014;509;2014
7447;2014;738;2014
8220;2014;841;2014
2522;2014;578;2014
0600;2014;1284;2014
2000;2014;1271;2014
4709;2014;717;2014
1459;2014;1174;2014
9318;2014;4717;2014
3312;2014;553;2014
1754;2014;1448;2014
3135;2014;3001;2014
5406;2014;1916;2014
7474;2014;2010;2014
7162;2014;589;2014
1147;2014;995;2014
3011;2014;2056;2014
0463;2014;2035;2014
5662;2014;737;2014
3449;2014;321;2014
5888;2014;632;2014
5452;2014;2934;2014
4464;2014;3613;2014
2845;2014;1364;2014
3986;2014;1526;2014
1927;2014;701;2014
6989;2014;1403;2014
5815;2014;2142;2014
8748;2014;117404;2014
6056;2014;737;2014
2870;2014;2440;2014
1374;2014;214;2014
3284;2014;521;2014
8636;2014;1377;2014
0686;2014;865;2014
2836;2014;1207;2014
6345;2014;1921;2014
2080;2014;746;2014
8037;2014;2210;2014
9514;2014;166;2014
8501;2014;1245;2014
8181;2014;2303;2014
5177;2014;501;2014
3140;2014;969;2014
1287;2014;3772;2014
0385;2014;999;2014
7401;2014;3149;2014
6859;2014;1736;2014
7467;2014;1688;2014
3048;2014;355;2014
1133;2014;2972;2014
3723;2014;5436;2014
8814;2014;2313;2014
2532;2014;5271;2014
4706;2014;2253;2014
8657;2014;6186;2014
9382;2014;2629;2014
3221;2014;7003;2014
4474;2014;3088;2014
2007;2014;1775;2014
9947;2014;2025;2014
9664;2014;1446;2014
7987;2014;3602;2014
2729;2014;15848;2014
9838;2014;1411;2014
5829;2014;2463;2014
2258;2014;19904;2014
2692;2014;6986;2014
3727;2014;7748;2014
3173;2014;8340;2014
6028;2014;5811;2014
7978;2014;3800;2014
7241;2014;11766;2014
4290;2014;12931;2014
9092;2014;5730;2014
2708;2014;1550;2014
2947;2014;16477;2014
0567;2014;2468;2014
8339;2014;8695;2014
8968;2014;8507;2014
9136;2014;1074;2014
7441;2014;3682;2014
9499;2014;2600;2014
1025;2014;1831;2014
9690;2014;766;2014
8895;2014;224;2014
2113;2014;4147;2014
3691;2014;4036;2014
6542;2014;5380;2014
4866;2014;10768;2014
0029;2014;5290;2014
8295;2014;11567;2014
6774;2014;3272;2014
6372;2014;8363;2014
1465;2014;6942;2014
2725;2014;25009;2014
2779;2014;3717;2014
6220;2014;3145;2014
7080;2014;2539;2014
6505;2014;4640;2014
0625;2014;4326;2014
4705;2014;8768;2014
8517;2014;7445;2014
4219;2014;17097;2014
7778;2014;8638;2014
1355;2014;3670;2014
7257;2014;9792;2014
6103;2014;1252;2014
0015;2014;3104;2014
7259;2014;16972;2014
2606;2014;10314;2014
5283;2014;7088;2014
3894;2014;2515;2014
4271;2014;2193;2014
1485;2014;3808;2014
8144;2014;6056;2014
6466;2014;2755;2014
1597;2014;1578;2014
5476;2014;2145;2014
6954;2014;3770;2014
7920;2014;21042;2014
4033;2014;5111;2014
0108;2014;24763;2014
5055;2014;4111;2014
7507;2014;14800;2014
2398;2014;582;2014
1169;2014;3053;2014
2358;2014;12849;2014
4999;2014;11666;2014
4279;2014;2570;2014
2389;2014;1346;2014
3327;2014;930;2014
7206;2014;7061;2014
8265;2014;14777;2014
1449;2014;17565;2014
5347;2014;3065;2014
5271;2014;2227;2014
2913;2014;3018;2014
3481;2014;4918;2014
9416;2014;2763;2014
9590;2014;14818;2014
9017;2014;782;2014
9134;2014;257950;2014
8801;2014;4871;2014
1820;2014;2602;2014
7626;2014;9955;2014
9886;2014;5898;2014
3407;2014;33213;2014
8687;2014;14899;2014
0992;2014;4941;2014
6954;2014;1412;2014
2106;2014;2084;2014
1452;2014;1670;2014
7234;2014;12046;2014
0861;2014;2224;2014
5682;2014;7795;2014
3952;2014;3229;2014
1902;2014;25748;2014
9335;2014;6450;2014
0656;2014;861;2014
4513;2014;4567;2014
0617;2014;43219;2014
8367;2014;6530;2014
7608;2014;8732;2014
5675;2014;6702;2014
4405;2014;3194;2014
1551;2014;3936;2014
8845;2014;11260;2014
7111;2014;2577;2014
4722;2014;1324;2014
0209;2014;11085;2014
0401;2014;1738;2014
6523;2014;819;2014
7389;2014;3606;2014
3770;2014;3795;2014
7395;2014;14523;2014
6202;2014;2940;2014
4369;2014;6118;2014
6040;2014;12916;2014
7093;2014;2617;2014
7913;2014;930;2014
2167;2014;3272;2014
8538;2014;2177;2014
5599;2014;12063;2014
1320;2014;7380;2014
5285;2014;11213;2014
2015;2014;1371;2014
0095;2014;13940;2014
6032;2014;1711;2014
1748;2014;3832;2014
2089;2014;698;2014
8665;2014;2385;2014
9966;2014;3379;2014
9503;2014;828;2014
3690;2014;1866;2014
0202;2014;4261;2014
0136;2014;3780;2014
4789;2014;10140;2014
2370;2014;126;2014
7970;2014;218;2014
7741;2014;5652;2014
4205;2014;16115;2014
5640;2014;3717;2014
3374;2014;2698;2014
5281;2014;14886;2014
7254;2014;9589;2014
5289;2014;13933;2014
9571;2014;3535;2014
4433;2014;2598;2014
4752;2014;6542;2014
5401;2014;23337;2014
4203;2014;5022;2014
7485;2014;2915;2014
4127;2014;3362;2014
5735;2014;1809;2014
4385;2014;2787;2014
2417;2014;9050;2014
2946;2014;3203;2014
0344;2014;1787;2014
4308;2014;7620;2014
3508;2014;3083;2014
0933;2014;1153;2014
1511;2014;5080;2014
8794;2014;9006;2014
0844;2014;3099;2014
5920;2014;783;2014
0235;2014;2171;2014
9065;2014;8296;2014
6152;2014;4361;2014
6354;2014;574;2014
8406;2014;3083;2014
2548;2014;2778;2014
3964;2014;5770;2014
1484;2014;6460;2014
1257;2014;4366;2014
3495;2014;14496;2014
3153;2014;14432;2014
5966;2014;8072;2014
2505;2014;661;2014
1160;2014;1034;2014
9910;2014;8359;2014
4751;2014;1193;2014
1136;2014;1687;2014
1081;2014;1636;2014
2085;2014;5822;2014
1264;2014;3610;2014
8528;2014;5273;2014
9223;2014;6804;2014
0019;2014;2620;2014
2059;2014;39362;2014
8119;2014;1936;2014
8975;2014;4382;2014
6614;2014;7343;2014
9344;2014;12761;2014
7031;2014;24066;2014
9407;2014;542;2014
7397;2014;5925;2014
6733;2014;11821;2014
9571;2014;8705;2014
2157;2014;26218;2014
9487;2014;1305;2014
3448;2014;3245;2014
8110;2014;1807;2014
9041;2014;2436;2014
5798;2014;112543;2014
2250;2014;1927;2014
7881;2014;6157;2014
6450;2014;6672;2014
9709;2014;1371;2014
0441;2014;786;2014
7301;2014;6834;2014
7425;2014;4174;2014
5210;2014;2847;2014
7145;2014;1233;2014
7612;2014;2366;2014
5522;2014;3406;2014
2211;2014;35538;2014
7552;2014;771;2014
5069;2014;2112;2014
1305;2014;1314;2014
0893;2014;4036;2014
9711;2014;1416;2014
5866;2014;410;2014
3388;2014;375;2014
0918;2014;2251;2014
8033;2014;5901;2014
9544;2014;495;2014
3570;2014;2476;2014
7950;2014;1990;2014
2989;2014;2632;2014
7878;2014;20505;2014
6181;2014;3238;2014
9550;2014;1136;2014
8511;2014;2304;2014
4729;2014;674;2014
3520;2014;2912;2014
6721;2014;1125;2014
4870;2014;3010;2014
1203;2014;5186;2014
0052;2014;1342;2014
3486;2014;551;2014
4042;2014;1424;2014
2409;2014;5989;2014
7816;2014;293;2014
0553;2014;4515;2014
9431;2014;374;2014
0256;2014;1884;2014
1701;2014;3801;2014
1400;2014;8388;2014
0163;2014;2516;2014
3040;2014;652;2014
2883;2014;1294;2014
1176;2014;1612;2014
1594;2014;401;2014
1269;2014;1625;2014
9234;2014;6825;2014
1806;2014;672;2014
6204;2014;2621;2014
6156;2014;1871;2014
0628;2014;1332;2014
2029;2014;10014;2014
3266;2014;518;2014
5288;2014;2493;2014
8581;2014;3133;2014
7922;2014;401;2014
5416;2014;1446;2014
0587;2014;1771;2014
2770;2014;1398;2014
9637;2014;4846;2014
9989;2014;502;2014
6394;2014;1994;2014
0659;2014;1462;2014
8767;2014;854;2014
4694;2014;883;2014
8003;2014;907;2014
3319;2014;226;2014
9145;2014;3231;2014
3607;2014;5344;2014
9467;2014;6811;2014
2724;2014;4443;2014
3668;2014;9091;2014
1390;2014;5965;2014
7608;2014;7813;2014
0885;2014;7978;2014
0891;2014;4705;2014
8826;2014;11174;2014
9182;2014;12809;2014
4217;2014;11264;2014
7916;2014;2240;2014
6090;2014;33236;2014
1318;2014;7230;2014
9730;2014;2958;2014
1773;2014;3891;2014
9235;2014;3670;2014
8957;2014;3434;2014
8120;2014;2705;2014
7507;2014;5289;2014
5797;2014;5198;2014
3983;2014;34726;2014
2483;2014;7041;2014
5101;2014;6253;2014
8100;2014;4444;2014
5683;2014;6027;2014
3399;2014;9021;2014
0814;2014;3919;2014
3529;2014;5803;2014
5967;2014;5903;2014
7229;2014;3048;2014
7778;2014;6084;2014
1877;2014;5168;2014
3420;2014;6029;2014
0883;2014;4194;2014
4776;2014;9264;2014
2505;2014;9202;2014
0947;2014;4994;2014
7706;2014;9605;2014
8539;2014;5130;2014
7696;2014;9301;2014
3788;2014;2893;2014
8836;2014;3358;2014
2562;2014;27651;2014
2613;2014;4226;2014
4548;2014;1399;2014
0063;2014;31179;2014
7610;2014;4481;2014
7573;2014;2724;2014
7775;2014;10799;2014
9727;2014;6802;2014
3532;2014;20277;2014
8269;2014;4469;2014
7066;2014;3878;2014
5285;2014;2176;2014
0890;2014;21745;2014
3165;2014;7452;2014
0228;2014;12050;2014
4357;2014;8358;2014
2704;2014;12475;2014
0807;2014;762;2014
1102;2014;2139;2014
9146;2014;5195;2014
1084;2014;16907;2014
0403;2014;9773;2014
0349;2014;1767;2014
8911;2014;9483;2014
7927;2014;2224;2014
6437;2014;11022;2014
7762;2014;14258;2014
5510;2014;6683;2014
5044;2014;12966;2014
8168;2014;6994;2014
2525;2014;5314;2014
9825;2014;4821;2014
8098;2014;9138;2014
4963;2014;10106;2014
9661;2014;7310;2014
0133;2014;3093;2014
2274;2014;1909;2014
1512;2014;6231;2014
9531;2014;10050;2014
7247;2014;12012;2014
0980;2014;11863;2014
9059;2014;4430;2014
4946;2014;10761;2014
5781;2014;83648;2014
8942;2014;10502;2014
1591;2014;6991;2014
8489;2014;16667;2014
4259;2014;3794;2014
5337;2014;17833;2014
8023;2014;28269;2014
8222;2014;10159;2014
4961;2014;1781;2014
0637;2014;11241;2014
9339;2014;4000;2014
5910;2014;7152;2014
6146;2014;10490;2014
2990;2014;13165;2014
8340;2014;11758;2014
4375;2014;14347;2014
1039;2014;6184;2014
9113;2014;49439;2014
3196;2014;3283;2014
1112;2014;2985;2014
8349;2014;10405;2014
2840;2014;15049;2014
4535;2014;12497;2014
3104;2014;8026;2014
6402;2014;4168;2014
1041;2014;6091;2014
1823;2014;6950;2014
4881;2014;2823;2014
3967;2014;25710;2014
5472;2014;17238;2014
1706;2014;21425;2014
6120;2014;6445;2014
1344;2014;38684;2014
6303;2014;26869;2014
8684;2014;11576;2014
6898;2014;15891;2014
9961;2014;6970;2014
0674;2014;12234;2014
3109;2014;25126;2014
2151;2014;4652;2014
3286;2014;8244;2014
1836;2014;12756;2014
8769;2014;41703;2014
4092;2014;11981;2014
0510;2014;17649;2014
9666;2014;12906;2014
2872;2014;18755;2014
9588;2014;27418;2014
8154;2014;7680;2014
4427;2014;2303;2014
9981;2014;4741;2014
8927;2014;262970;2014
8657;2014;9977;2014
7138;2014;13530;2014
4081;2014;19719;2014
8041;2014;3393;2014
1553;2014;25123;2014
6650;2014;4502;2014
5158;2014;1860;2014
3439;2014;2188;2014
6428;2014;4739;2014
9770;2014;3624;2014
4195;2014;3182;2014
5865;2014;672;2014
2291;2014;3905;2014
6614;2014;2591;2014
3938;2014;8678;2014
7798;2014;3495;2014
5470;2014;6991;2014
9249;2014;16253;2014
7182;2014;14548;2014
2241;2014;2676;2014
1245;2014;12156;2014
1599;2014;5742;2014
2680;2014;2429;2014
8081;2014;1583;2014
6815;2014;7612;2014
2785;2014;4640;2014
3152;2014;4853;2014
5043;2014;5423;2014
1745;2014;1565;2014
7049;2014;5658;2014
7569;2014;2008;2014
6783;2014;20041;2014
0181;2014;6506;2014
2861;2014;10221;2014
3257;2014;5374;2014
7290;2014;7264;2014
8074;2014;16447;2014
6111;2014;8215;2014
9542;2014;7061;2014
2007;2014;4436;2014
7096;2014;4316;2014
1029;2014;4723;2014
4734;2014;2031;2014
9138;2014;8716;2014
1553;2014;7818;2014
1159;2014;7580;2014
0731;2014;3152;2014
5821;2014;9078;2014
7649;2014;1818;2014
2228;2014;6024;2014
7090;2014;1926;2014
2476;2014;1999;2014
3456;2014;2757;2014
2180;2014;11298;2014
5708;2014;17671;2014
0279;2014;9239;2014
3700;2014;11214;2014
0781;2014;11207;2014
4782;2014;5800;2014
0257;2014;209959;2014
1797;2014;3848;2014
4889;2014;1332;2014
9328;2014;11247;2014
6247;2014;9517;2014
7342;2014;19539;2014
8439;2014;3291;2014
8489;2014;2479;2014
8862;2014;3898;2014
5210;2014;13477;2014
4761;2014;3624;2014
6862;2014;4909;2014
5124;2014;16055;2014
7992;2014;4964;2014
7353;2014;2757;2014
8582;2014;10212;2014
3502;2014;6294;2014
1222;2014;13084;2014
9003;2014;4504;2014
3064;2014;3030;2014
9675;2014;7194;2014
7262;2014;2306;2014
9648;2014;7251;2014
9164;2014;2463;2014
9186;2014;2100;2014
5443;2014;10233;2014
5168;2014;22786;2014
1429;2014;7048;2014
8106;2014;4165;2014
2006;2014;9001;2014
8125;2014;2718;2014
0202;2014;8314;2014
8543;2014;6116;2014
6561;2014;12710;2014
2263;2014;4456;2014
0220;2014;2163;2014
4121;2014;4651;2014
2473;2014;1806;2014
0825;2014;925;2014
9160;2014;12974;2014
3229;2014;22607;2014
3484;2014;5526;2014
0063;2014;2227;2014
9549;2014;10067;2014
2262;2014;6131;2014
3663;2014;3389;2014
5644;2014;9051;2014
3883;2014;19847;2014
6097;2014;4374;2014
9278;2014;2785;2014
5341;2014;10517;2014
3580;2014;1340;2014
9675;2014;2577;2014
1227;2014;1506;2014
8475;2014;765;2014
6473;2014;2790;2014
3743;2014;980;2014
1291;2014;1629;2014
8404;2014;4243;2014
9133;2014;2842;2014
6176;2014;1723;2014
1699;2014;3659;2014
5470;2014;2462;2014
0651;2014;2657;2014
8550;2014;1908;2014
0738;2014;2481;2014
5396;2014;4179;2014
9767;2014;1466;2014
9677;2014;2716;2014
9896;2014;1069;2014
3701;2014;1555;2014
4203;2014;2165;2014
2052;2014;1173;2014
0601;2014;11916;2014
8436;2014;3540;2014
6764;2014;3515;2014
5809;2014;1817;2014
3261;2014;11789;2014
4869;2014;1576;2014
4544;2014;1602;2014
5061;2014;1201;2014
4116;2014;4040;2014
5313;2014;2210;2014
8764;2014;9931;2014
6930;2014;6465;2014
8039;2014;51349;2014
1558;2014;1188;2014
8257;2014;1147;2014
0456;2014;3994;2014
0221;2014;3316;2014
6785;2014;8296;2014
0778;2014;2819;2014
0740;2014;5168;2014
1513;2014;1187;2014
7258;2014;2068;2014
0497;2014;963;2014
7666;2014;14552;2014
3473;2014;2283;2014
2611;2014;833;2014
6275;2014;1011;2014
4382;2014;3358;2014
7698;2014;2185;2014
2209;2014;2851;2014
2372;2014;1822;2014
2330;2014;3538;2014
0285;2014;5379;2014
0704;2014;2504;2014
0085;2014;1916;2014
9043;2014;757;2014
5056;2014;6576;2014
7768;2014;4131;2014
3179;2014;1638;2014
9325;2014;7756;2014
2261;2014;2825;2014
6785;2014;2939;2014
8328;2014;3836;2014
4345;2014;1067;2014
7819;2014;678;2014
1668;2014;13776;2014
2086;2014;640;2014
1977;2014;693;2014
6458;2014;11340;2014
2188;2014;16001;2014
7505;2014;2258;2014
4140;2014;530;2014
6215;2014;3260;2014
7963;2014;2211;2014
5407;2014;2340;2014
3683;2014;180;2014
0083;2014;120;2014
7602;2014;1355;2014
7805;2014;3016;2014
1864;2014;6209;2014
2424;2014;5096;2014
3236;2014;1173;2014
7485;2014;601;2014
6557;2014;1014;2014
5943;2014;606;2014
0573;2014;11120;2014
8169;2014;4807;2014
1058;2014;348;2014
7963;2014;13605;2014
7578;2014;746;2014
3195;2014;3793;2014
7064;2014;6839;2014
8449;2014;116;2014
0467;2014;669;2014
3404;2014;2352;2014
2752;2014;5946;2014
2110;2014;952;2014
0425;2014;6417;2014
8033;2014;1871;2014
6770;2014;6957;2014
2228;2014;2661;2014
4341;2014;1753;2014
7658;2014;1702;2014
5915;2014;542;2014
0528;2014;4987;2014
7760;2014;2464;2014
2909;2014;2561;2014
8948;2014;2774;2014
4040;2014;2924;2014
9039;2014;1969;2014
9331;2014;5029;2014
5500;2014;2993;2014
2965;2014;5455;2014
7487;2014;2277;2014
4140;2014;9477;2014
2423;2014;2662;2014
3360;2014;5623;2014
9831;2014;2566;2014
6625;2014;1461;2014
0541;2014;2618;2014
4131;2014;5470;2014
3697;2014;6994;2014
9086;2014;3591;2014
7207;2014;904;2014
2302;2014;1510;2014
8850;2014;4162;2014
4728;2014;248;2014
2345;2014;775;2014
6760;2014;966;2014
0271;2014;2933;2014
4796;2014;550;2014
5973;2014;472;2014
3320;2014;5021;2014
9872;2014;6259;2014
3121;2014;1047;2014
3611;2014;311;2014
7703;2014;458;2014
5658;2014;2457;2014
3968;2014;2114;2014
4635;2014;2940;2014
7795;2014;8084;2014
9373;2014;7604;2014
0645;2014;6225;2014
9138;2014;1139;2014
9685;2014;2222;2014
6031;2014;2373;2014
9224;2014;1293;2014
5705;2014;1695;2014
4911;2014;418;2014
1649;2014;420;2014
5307;2014;3921;2014
1145;2014;917;2014
6913;2014;368;2014
7456;2014;1347;2014
4414;2014;650;2014
0497;2014;4050;2014
4193;2014;9065;2014
3559;2014;4420;2014
3441;2014;14847;2014
3598;2014;2873;2014
6226;2014;10521;2014
9904;2014;2139;2014
6221;2014;2913;2014
8492;2014;2234;2014
7390;2014;613;2014
3221;2014;1698;2014
6830;2014;7592;2014
4599;2014;1630;2014
1924;2014;99676;2014
9183;2014;2866;2014
5509;2014;2138;2014
3306;2014;869;2014
9947;2014;2292;2014
5566;2014;1370;2014
5195;2014;802;2014
2113;2014;591;2014
9391;2014;1805;2014
0193;2014;1176;2014
7536;2014;6346;2014
3200;2014;1729;2014
0850;2014;7406;2014
0526;2014;1418;2014
8765;2014;368;2014
2510;2014;1708;2014
9241;2014;2997;2014
2626;2014;34747;2014
2200;2014;6508;2014
3235;2014;8291;2014
5915;2014;1561;2014
3593;2014;969;2014
7274;2014;27795;2014
5654;2014;762;2014
2051;2014;1607;2014
4983;2014;3730;2014
1084;2014;11948;2014
9395;2014;2185;2014
8903;2014;6242;2014
6311;2014;799;2014
4013;2014;1585;2014
0280;2014;2034;2014
9815;2014;1719;2014
6605;2014;7225;2014
1749;2014;2857;2014
0535;2014;1714;2014
3135;2014;8585;2014
6103;2014;864;2014
8518;2014;13139;2014
2218;2014;5801;2014
4024;2014;2070;2014
1039;2014;202244;2014
1450;2014;2069;2014
2695;2014;4761;2014
9471;2014;1021;2014
3705;2014;2860;2014
5214;2014;3637;2014
2167;2014;7815;2014
4792;2014;6121;2014
9357;2014;2522;2014
1702;2014;261;2014
9806;2014;4754;2014
0763;2014;7614;2014
7485;2014;4719;2014
0397;2014;13847;2014
0518;2014;5517;2014
8180;2014;135;2014
6896;2014;898;2014
3089;2014;608;2014
4718;2014;4627;2014
3548;2014;1353;2014
4949;2014;1357;2014
7690;2014;15184;2014
4768;2014;2082;2014
0994;2014;5624;2014
6120;2014;4534;2014
3300;2014;2317;2014
3974;2014;4164;2014
3298;2014;5266;2014
9336;2014;1064;2014
9205;2014;2205;2014
9494;2014;549;2014
7648;2014;742;2014
2281;2014;102101;2014
2849;2014;2225;2014
6068;2014;647;2014
3354;2014;9172;2014
9148;2014;4821;2014
8481;2014;6483;2014
8291;2014;7032;2014
1646;2014;12096;2014
1940;2014;5821;2014
3456;2014;913;2014
2585;2014;2929;2014
0121;2014;2068;2014
5658;2014;2167;2014
0366;2014;4295;2014
5647;2014;1853;2014
1270;2014;81;2014
7755;2014;2538;2014
1033;2014;2167;2014
8940;2014;2240;2014
5556;2014;3538;2014
7046;2014;2099;2014
0043;2014;767;2014
4879;2014;7058;2014
5911;2014;7099;2014
3542;2014;2116;2014
8310;2014;14292;2014
4061;2014;9047;2014
5320;2014;1134;2014
6975;2014;1963;2014
3458;2014;8793;2014
1166;2014;26522;2014
9754;2014;6978;2014
0045;2014;5492;2014
5224;2014;6153;2014
8424;2014;10203;2014
4850;2014;5010;2014
7682;2014;10906;2014
6387;2014;3305;2014
0416;2014;944;2014
2015;2014;10759;2014
9563;2014;3708;2014
1728;2014;12931;2014
8016;2014;1139;2014
5979;2014;189696;2014
0786;2014;1082;2014
8930;2014;1433;2014
4590;2014;3051;2014
7549;2014;5565;2014
4989;2014;19394;2014
7094;2014;5659;2014
1352;2014;1791;2014
3863;2014;4799;2014
3325;2014;9514;2014
6961;2014;1167;2014
3864;2014;2127;2014
4779;2014;1023;2014
1470;2014;7588;2014
8602;2014;9447;2014
6414;2014;549;2014
9214;2014;2685;2014
0644;2014;1262;2014
6108;2014;1810;2014
7144;2014;7887;2014
8883;2014;8883;2014
9392;2014;9709;2014
5530;2014;3381;2014
1622;2014;10198;2014
0943;2014;5247;2014
0376;2014;5632;2014
4065;2014;1282;2014
5957;2014;10529;2014
3929;2014;5583;2014
6234;2014;5125;2014
5670;2014;4105;2014
7068;2014;19061;2014
8037;2014;4500;2014
0580;2014;15123;2014
0143;2014;8413;2014
6802;2014;10521;2014
9945;2014;9791;2014
0823;2014;3885;2014
8176;2014;941;2014
5093;2014;25881;2014
6332;2014;6782;2014
1447;2014;5898;2014
6438;2014;6573;2014
9206;2014;14925;2014
6440;2014;840;2014
5245;2014;9318;2014
3868;2014;10570;2014
1064;2014;13597;2014
5507;2014;7118;2014
3056;2014;13121;2014
3044;2014;1258;2014
6623;2014;9099;2014
6805;2014;168710;2014
5618;2014;6288;2014
1703;2014;4131;2014
1941;2014;14853;2014
7176;2014;8029;2014
2932;2014;6085;2014
2331;2014;11160;2014
0478;2014;25322;2014
2538;2014;4460;2014
3728;2014;1874;2014
8178;2014;4295;2014
9712;2014;3417;2014
0773;2014;3793;2014
4662;2014;4176;2014
8735;2014;10089;2014
6891;2014;8712;2014
7072;2014;3151;2014
5407;2014;70654;2014
5111;2014;32521;2014
4407;2014;14770;2014
7830;2014;11274;2014
7719;2014;7068;2014
9448;2014;8681;2014
9056;2014;2996;2014
1257;2014;15674;2014
2317;2014;17149;2014
1349;2014;1287;2014
7584;2014;34252;2014
4568;2014;1932;2014
2960;2014;3977;2014
9070;2014;2784;2014
5808;2014;17078;2014
4654;2014;5015;2014
9959;2014;6290;2014
0459;2014;23901;2014
1730;2014;184863;2014
2213;2014;974;2014
2770;2014;2229;2014
0046;2014;3368;2014
3200;2014;15714;2014
8080;2014;10110;2014
4110;2014;2226;2014
7304;2014;17487;2014
5344;2014;2243;2014
7389;2014;1702;2014
6652;2014;3747;2014
5303;2014;6186;2014
9129;2014;755;2014
3097;2014;6415;2014
6636;2014;10955;2014
0582;2014;3594;2014
5570;2014;5841;2014
4032;2014;40449;2014
5540;2014;9280;2014
9602;2014;8196;2014
4711;2014;2510;2014
9283;2014;15391;2014
7918;2014;12470;2014
8613;2014;25205;2014
3646;2014;4881;2014
5961;2014;12239;2014
1033;2014;9795;2014
4839;2014;6884;2014
1055;2014;5543;2014
8566;2014;385190;2014
2729;2014;3292;2014
1849;2014;18279;2014
7517;2014;13313;2014
5976;2014;1943;2014
3334;2014;35951;2014
0283;2014;3435;2014
2605;2014;1899;2014
5914;2014;1212;2014
3257;2014;3459;2014
6088;2014;4484;2014
0706;2014;6522;2014
9004;2014;17999;2014
4147;2014;20740;2014
7333;2014;14770;2014
7611;2014;5761;2014
7526;2014;13375;2014
2317;2014;6582;2014
5572;2014;1989;2014
6697;2014;4877;2014
1536;2014;5410;2014
6962;2014;2224;2014
3693;2014;11553;2014
4024;2014;3892;2014
0213;2014;69647;2014
4470;2014;2241;2014
4056;2014;4320;2014
8163;2014;8948;2014
5263;2014;6775;2014
1056;2014;16816;2014
0663;2014;8744;2014
8402;2014;15919;2014
2812;2014;3771;2014
2554;2014;6001;2014
6857;2014;11020;2014
0081;2014;6365;2014
4513;2014;4736;2014
9471;2014;13527;2014
1290;2014;17398;2014
9368;2014;6959;2014
9262;2014;4796;2014
6367;2014;8350;2014
4675;2014;4331;2014
4326;2014;8527;2014
4106;2014;27735;2014
7241;2014;31855;2014
8561;2014;12070;2014
7917;2014;7279;2014
4485;2014;14572;2014
9401;2014;7666;2014
7472;2014;18646;2014
1313;2014;30472;2014
6630;2014;21812;2014
6292;2014;4930;2014
7530;2014;14733;2014
7415;2014;35613;2014
0084;2014;12179;2014
1224;2014;22607;2014
0042;2014;16633;2014
1396;2014;133747;2014
4345;2014;2813;2014
3382;2014;2996;2014
4368;2014;4955;2014
7071;2014;2365;2014
2986;2014;7028;2014
2452;2014;3290;2014
3408;2014;6300;2014
2322;2014;9902;2014
6429;2014;12078;2014
1926;2014;3274;2014
7894;2014;6889;2014
0182;2014;7674;2014
3268;2014;3788;2014
6241;2014;4532;2014
1713;2014;3810;2014
1817;2014;9345;2014
7905;2014;12101;2014
5793;2014;16801;2014
9578;2014;2430;2014
3190;2014;7666;2014
4135;2014;2684;2014
3734;2014;9598;2014
2725;2014;28909;2014
1994;2014;9895;2014
1390;2014;7445;2014
7569;2014;58165;2014
5496;2014;8242;2014
0548;2014;32149;2014
2479;2014;10552;2014
8119;2014;158581;2014
2582;2014;5754;2014
2594;2014;12089;2014
3707;2014;2897;2014
0383;2014;4466;2014
5005;2014;6116;2014
2533;2014;11114;2014
2325;2014;2839;2014
9501;2014;6442;2014
4614;2014;96684;2014
1634;2014;26099;2014
9290;2014;3781;2014
9702;2014;1658;2014
1972;2014;117871;2014
4588;2014;13197;2014
1294;2014;2521;2014
7713;2014;10454;2014
1380;2014;9191;2014
5760;2014;7040;2014
0775;2014;10026;2014
3304;2014;6965;2014
1628;2014;4643;2014
2571;2014;1712;2014
0511;2014;777;2014
3883;2014;6365;2014
5567;2014;805;2014
5580;2014;1941;2014
5260;2014;3394;2014
2873;2014;11508;2014
8602;2014;4167;2014
7182;2014;3525;2014
3027;2014;17740;2014
4291;2014;3219;2014
1988;2014;1248;2014
8823;2014;1915;2014
6846;2014;4465;2014
1077;2014;1924;2014
6385;2014;1591;2014
2566;2014;977;2014
2898;2014;753;2014
2216;2014;622;2014
4575;2014;8798;2014
2457;2014;2286;2014
9389;2014;1685;2014
2029;2014;8013;2014
8362;2014;62056;2014
7022;2014;8644;2014
8757;2014;9706;2014
6300;2014;982;2014
3673;2014;299;2014
0741;2014;1319;2014
9349;2014;5815;2014
5257;2014;4854;2014
3024;2014;590;2014
0143;2014;1522;2014
0743;2014;2020;2014
3532;2014;1396;2014
9454;2014;1095;2014
2059;2014;2147;2014
6355;2014;3867;2014
8218;2014;13058;2014
2470;2014;2716;2014
2355;2014;682;2014
0431;2014;1728;2014
8116;2014;1123;2014
0064;2014;2683;2014
9678;2014;1112;2014
5650;2014;6809;2014
3123;2014;2903;2014
2874;2014;2819;2014
7944;2014;2057;2014
3607;2014;690;2014
3954;2014;6408;2014
7685;2014;94189;2014
2713;2014;2823;2014
9153;2014;1034;2014
9011;2014;2151;2014
2885;2014;667;2014
1975;2014;2079;2014
9853;2014;6876;2014
8860;2014;4805;2014
3992;2014;1395;2014
7980;2014;3431;2014
3367;2014;4157;2014
8757;2014;1589;2014
9073;2014;3471;2014
0784;2014;1443;2014
8009;2014;1048;2014
8703;2014;2630;2014
4065;2014;859;2014
0639;2014;8031;2014
5329;2014;7062;2014
4923;2014;15094;2014
5691;2014;14921;2014
8901;2014;4936;2014
8683;2014;100458;2014
3310;2014;4720;2014
0386;2014;1352;2014
4501;2014;2285;2014
0041;2014;7395;2014
8916;2014;2544;2014
0471;2014;4948;2014
3901;2014;18731;2014
9198;2014;1687;2014
3181;2014;3587;2014
9129;2014;3788;2014
6020;2014;14967;2014
2789;2014;5051;2014
4029;2014;4753;2014
0776;2014;31373;2014
8158;2014;26622;2014
2015;2014;9638;2014
1543;2014;1829;2014
9032;2014;40113;2014
8954;2014;12825;2014
4923;2014;6256;2014
2775;2014;1065;2014
6644;2014;3454;2014
3854;2014;2042;2014
3095;2014;10039;2014
5694;2014;2991;2014
8135;2014;6950;2014
4605;2014;1933;2014
9349;2014;3719;2014
6305;2014;1935;2014
7377;2014;34768;2014
2517;2014;6846;2014
0164;2014;3358;2014
3629;2014;708;2014
9832;2014;4540;2014
4061;2014;2002;2014
7778;2014;2080;2014
1118;2014;935;2014
2869;2014;4220;2014
2273;2014;7327;2014
7689;2014;44719;2014
5430;2014;3750;2014
3330;2014;2883;2014
6769;2014;4009;2014
4964;2014;2270;2014
3019;2014;7710;2014
8109;2014;122;2014
7792;2014;2293;2014
6722;2014;4241;2014
0545;2014;1851;2014
8647;2014;156;2014
2218;2014;1841;2014
8821;2014;6999;2014
8058;2014;570;2014
8463;2014;4676;2014
6713;2014;293;2014
5803;2014;521;2014
1969;2014;10411;2014
0658;2014;41516;2014
1987;2014;1276;2014
9643;2014;15429;2014
9090;2014;2074;2014
6690;2014;565;2014
3981;2014;201;2014
2168;2014;1457;2014
0501;2014;624;2014
2234;2014;823;2014
5783;2014;2419;2014
5263;2014;42699;2014
1000;2014;10053;2014
2582;2014;4715;2014
3569;2014;7192;2014
5079;2014;151;2014
8779;2014;7020;2014
9412;2014;3542;2014
6715;2014;3552;2014
0369;2014;8128;2014
4669;2014;758;2014
5803;2014;10229;2014
9085;2014;920;2014
0835;2014;1121;2014
6459;2014;1984;2014
2146;2014;875;2014
7979;2014;1467;2014
4522;2014;1205;2014
0308;2014;272;2014
5473;2014;6663;2014
2489;2014;12214;2014
5522;2014;15986;2014
4588;2014;21339;2014
1694;2014;873;2014
0195;2014;3571;2014
2547;2014;12813;2014
3837;2014;1469;2014
1659;2014;3273;2014
5370;2014;433;2014
6468;2014;964;2014
9871;2014;1093;2014
1181;2014;20227;2014
5356;2014;9502;2014
8633;2014;2644;2014
2948;2014;441;2014
4148;2014;1148;2014
3914;2014;2994;2014
0624;2014;3878;2014
1943;2014;1806;2014
1821;2014;1230;2014
0203;2014;49551;2014
2382;2014;1109;2014
9762;2014;8666;2014
7952;2014;2869;2014
0833;2014;2430;2014
9390;2014;3712;2014
3954;2014;3159;2014
9507;2014;1006;2014
3366;2014;5407;2014
8568;2014;9250;2014
3072;2014;1359;2014
9947;2014;15916;2014
1726;2014;2423;2014
3038;2014;1681;2014
4334;2014;4615;2014
9400;2014;2157;2014
9333;2014;503;2014
2074;2014;2140;2014
4639;2014;531;2014
7926;2014;638;2014
3736;2014;12770;2014
6025;2014;5094;2014
6977;2014;194;2014
2773;2014;4347;2014
6319;2014;2054;2014
4373;2014;896;2014
4053;2014;47378;2014
5824;2014;7263;2014
2096;2014;2111;2014
9874;2014;11217;2014
9351;2014;1879;2014
2778;2014;63732;2014
5412;2014;1000;2014
8314;2014;746;2014
7783;2014;2367;2014
1155;2014;8088;2014
3949;2014;4906;2014
6777;2014;4915;2014
8397;2014;69363;2014
7091;2014;10388;2014
5051;2014;2468;2014
1035;2014;2183;2014
5158;2014;7503;2014
4507;2014;2080;2014
3197;2014;4843;2014
6187;2014;1119;2014
5991;2014;15480;2014
7064;2014;6251;2014
4641;2014;10110;2014
2028;2014;7154;2014
3877;2014;32436;2014
0912;2014;2207;2014
1777;2014;46015;2014
0810;2014;574;2014
4824;2014;5967;2014
5253;2014;1852;2014
9404;2014;5241;2014
8827;2014;7529;2014
8594;2014;602;2014
0403;2014;3859;2014
0980;2014;462;2014
7334;2014;88496;2014
2379;2014;22378;2014
2823;2014;2122;2014
3297;2014;1084;2014
6300;2014;4444;2014
5479;2014;3574;2014
0295;2014;2418;2014
6686;2014;24035;2014
7546;2014;2419;2014
8894;2014;8866;2014
1567;2014;1454;2014
4678;2014;13211;2014
1969;2014;658;2014
1265;2014;3218;2014
2192;2014;966;2014
5275;2014;62431;2014
5731;2014;1668;2014
7900;2014;1361;2014
5469;2014;790;2014
9968;2014;646;2014
6792;2014;17463;2014
0642;2014;8823;2014
9950;2014;1507;2014
2518;2014;7543;2014
9667;2014;6434;2014
0435;2014;3155;2014
0119;2014;7983;2014
6232;2014;21354;2014
1174;2014;10792;2014
6864;2014;19977;2014
1246;2014;19627;2014
6668;2014;9345;2014
3969;2014;90090;2014
9124;2014;1730;2014
5227;2014;8810;2014
9127;2014;26027;2014
2396;2014;1672;2014
8150;2014;6502;2014
0349;2014;11616;2014
8501;2014;5658;2014
2510;2014;4513;2014
0913;2014;25597;2014
2846;2014;10760;2014
9607;2014;4379;2014
3627;2014;18131;2014
9699;2014;17436;2014
7516;2014;45164;2014
9167;2014;7624;2014
3437;2014;17652;2014
3050;2014;10996;2014
2749;2014;16021;2014
6319;2014;5535;2014
4217;2014;48250;2014
1928;2014;13939;2014
3156;2014;376841;2014
9594;2014;4795;2014
1757;2014;23478;2014
2314;2014;4840;2014
3743;2014;13909;2014
7144;2014;14523;2014
8991;2014;19864;2014
2885;2014;1857;2014
0525;2014;3168;2014
7585;2014;3730;2014
6575;2014;14008;2014
8777;2014;13426;2014
1026;2014;1174;2014
5602;2014;7674;2014
3984;2014;20636;2014
6458;2014;16311;2014
1439;2014;8630;2014
8797;2014;7432;2014
8317;2014;17103;2014
1989;2014;1189;2014
6923;2014;50831;2014
8110;2014;48498;2014
8084;2014;18956;2014
0298;2014;7797;2014
9411;2014;5025;2014
8610;2014;8131;2014
1848;2014;14672;2014
9012;2014;23673;2014
8099;2014;12159;2014
6114;2014;3135;2014
2760;2014;13254;2014
7876;2014;4779;2014
5606;2014;4003;2014
3267;2014;415;2014
3149;2014;8769;2014
4945;2014;28088;2014
9895;2014;16742;2014
7138;2014;159509;2014
4509;2014;2213;2014
8590;2014;1945;2014
8069;2014;34269;2014
3301;2014;3812;2014
4808;2014;11961;2014
8950;2014;2214;2014
6232;2014;1180;2014
6514;2014;31473;2014
1539;2014;6957;2014
7469;2014;536;2014
3809;2014;3120;2014
4899;2014;8102;2014
0257;2014;5835;2014
1051;2014;6460;2014
8907;2014;12248;2014
7250;2014;6402;2014
3589;2014;1116;2014
6061;2014;44945;2014
2483;2014;13340;2014
5735;2014;2065;2014
0162;2014;2268;2014
9916;2014;1425;2014
4313;2014;3721;2014
6101;2014;1247;2014
6651;2014;1379;2014
9495;2014;1778;2014
1518;2014;2178;2014
0741;2014;768;2014
1734;2014;11257;2014
6218;2014;643;2014
6440;2014;4622;2014
5368;2014;4843;2014
0690;2014;89215;2014
8437;2014;5884;2014
8828;2014;15635;2014
0346;2014;29023;2014
9604;2014;1641;2014
9400;2014;31443;2014
5828;2014;27952;2014
7885;2014;14572;2014
6216;2014;1717;2014
0351;2014;13163;2014
2830;2014;4633;2014
5491;2014;12248;2014
8681;2014;8617;2014
6378;2014;10691;2014
3978;2014;12531;2014
4332;2014;5455;2014
9192;2014;5677;2014
7537;2014;99330;2014
7171;2014;1061;2014
5122;2014;12221;2014
6157;2014;10129;2014
5561;2014;5488;2014
5302;2014;1455;2014
6283;2014;3181;2014
2702;2014;2751;2014
4628;2014;2196;2014
4256;2014;13329;2014
8681;2014;9660;2014
8936;2014;902;2014
3216;2014;2080;2014
3260;2014;9065;2014
7316;2014;22483;2014
7826;2014;9628;2014
0377;2014;3522;2014
5219;2014;5827;2014
9309;2014;3650;2014
6944;2014;3500;2014
9430;2014;557;2014
4156;2014;1791;2014
8062;2014;8796;2014
6641;2014;24196;2014
3016;2014;871;2014
4980;2014;3174;2014
0867;2014;3193;2014
0817;2014;6232;2014
4497;2014;17130;2014
1928;2014;15884;2014
2296;2014;1368;2014
8418;2014;6304;2014
8867;2014;1075;2014
8786;2014;12391;2014
9910;2014;9707;2014
2261;2014;5902;2014
9933;2014;6507;2014
6315;2014;7106;2014
8436;2014;3265;2014
7041;2014;3933;2014
7990;2014;2895;2014
1077;2014;9095;2014
5389;2014;2398;2014
5433;2014;2784;2014
5614;2014;7108;2014
5667;2014;1927;2014
0687;2014;8721;2014
0349;2014;21659;2014
8832;2014;2765;2014
8918;2014;5123;2014
5399;2014;14209;2014
7309;2014;9697;2014
8556;2014;8984;2014
5005;2014;1562;2014
6246;2014;2406;2014
6264;2014;4259;2014
8667;2014;2135;2014
6019;2014;29041;2014
4148;2014;1655;2014
9750;2014;1149;2014
5264;2014;919;2014
0208;2014;5235;2014
1425;2014;1622;2014
5687;2014;7875;2014
5018;2014;876;2014
2351;2014;2711;2014
8432;2014;4711;2014
5306;2014;53988;2014
6758;2014;12760;2014
5768;2014;10142;2014
3390;2014;7398;2014
9492;2014;1292;2014
2541;2014;4305;2014
2885;2014;2418;2014
3488;2014;4071;2014
7697;2014;4676;2014
2308;2014;1518;2014
1009;2014;7308;2014
5518;2014;2641;2014
9001;2014;3181;2014
0491;2014;21933;2014
0818;2014;8693;2014
5252;2014;81758;2014
0114;2014;1434;2014
8568;2014;3638;2014
4982;2014;7404;2014
4428;2014;8501;2014
4004;2014;12589;2014
2049;2014;1224;2014
8069;2014;14892;2014
9591;2014;3880;2014
8586;2014;1081;2014
4636;2014;9264;2014
4512;2014;2621;2014
5600;2014;4515;2014
2265;2014;3793;2014
4287;2014;945;2014
5585;2014;3463;2014
6929;2014;1365;2014
6534;2014;1081;2014
1913;2014;27969;2014
6014;2014;21764;2014
0747;2014;4321;2014
2226;2014;5120;2014
7616;2014;2475;2014
8087;2014;4321;2014
8336;2014;3233;2014
4414;2014;3269;2014
2661;2014;15425;2014
7826;2014;1082;2014
5288;2014;3522;2014
9444;2014;7758;2014
3170;2014;39804;2014
6742;2014;3422;2014
7230;2014;21081;2014
0597;2014;1231;2014
5096;2014;9524;2014
6560;2014;56595;2014
3910;2014;2804;2014
4281;2014;1847;2014
4751;2014;3792;2014
6236;2014;6229;2014
2833;2014;15261;2014
7677;2014;32456;2014
1821;2014;630;2014
7327;2014;14874;2014
4887;2014;18760;2014
4082;2014;3741;2014
9491;2014;1613;2014
5123;2014;5693;2014
1650;2014;604;2014
5288;2014;1190;2014
0941;2014;1676;2014
1641;2014;5845;2014
5700;2014;4926;2014
9058;2014;971;2014
2582;2014;5667;2014
3321;2014;5706;2014
5012;2014;164227;2014
1737;2014;3706;2014
4153;2014;2096;2014
0939;2014;128;2014
0201;2014;739;2014
9788;2014;11272;2014
5485;2014;569;2014
1501;2014;1410;2014
8493;2014;482;2014
8384;2014;1118;2014
4743;2014;2426;2014
6445;2014;8711;2014
1366;2014;38412;2014
8556;2014;16618;2014
6581;2014;6647;2014
1853;2014;8479;2014
8849;2014;3837;2014
8295;2014;16533;2014
3024;2014;3401;2014
2211;2014;375;2014
5734;2014;1432;2014
6058;2014;4786;2014
6127;2014;1802;2014
8952;2014;1458;2014
4964;2014;11741;2014
0320;2014;2778;2014
5120;2014;2049;2014
5686;2014;2773;2014
7778;2014;1842;2014
1444;2014;2159;2014
2156;2014;2981;2014
5504;2014;2871;2014
5861;2014;1924;2014
6187;2014;1692;2014
0882;2014;1944;2014
3808;2014;1853;2014
8297;2014;1513;2014
4282;2014;5083;2014
2172;2014;1672;2014
0869;2014;1259;2014
0591;2014;1236;2014
0978;2014;1507;2014
9836;2014;19739;2014
2704;2014;20856;2014
5303;2014;1897;2014
0911;2014;565;2014
0033;2014;1096;2014
5678;2014;236;2014
6040;2014;2023;2014
8956;2014;5033;2014
4518;2014;2236;2014
1557;2014;4889;2014
4261;2014;111383;2014
3387;2014;2593;2014
6022;2014;5518;2014
8706;2014;880;2014
8081;2014;3630;2014
5635;2014;1073;2014
5457;2014;4969;2014
1676;2014;1343;2014
9142;2014;3296;2014
5714;2014;4064;2014
6448;2014;1813;2014
6322;2014;913;2014
8477;2014;3063;2014
0375;2014;5274;2014
2907;2014;1732;2014
9683;2014;6666;2014
5769;2014;5396;2014
4110;2014;1992;2014
9151;2014;2612;2014
8891;2014;2367;2014
8237;2014;1353;2014
1950;2014;1199;2014
2211;2014;16015;2014
9552;2014;1637;2014
0306;2014;3828;2014
7859;2014;8378;2014
6785;2014;2136;2014
3752;2014;1543;2014
1735;2014;2931;2014
8083;2014;1373;2014
1023;2014;2291;2014
4200;2014;2708;2014
9432;2014;2373;2014
4294;2014;854;2014
6891;2014;907;2014
5404;2014;3490;2014
6215;2014;8968;2014
9300;2014;13462;2014
1400;2014;2077;2014
6834;2014;4233;2014
7096;2014;9484;2014
5077;2014;1006;2014
3110;2014;3773;2014
5589;2014;9135;2014
6051;2014;2107;2014
0138;2014;558;2014
5258;2014;8576;2014
2792;2014;1340;2014
7350;2014;2094;2014
5355;2014;8430;2014
9413;2014;6698;2014
3305;2014;16524;2014
7309;2014;324;2014
6910;2014;8273;2014
4947;2014;2872;2014
4516;2014;2605;2014
9623;2014;4094;2014
3071;2014;2275;2014
7710;2014;13612;2014
5289;2014;4725;2014
2267;2014;65244;2014
1430;2014;5196;2014
3430;2014;665;2014
3849;2014;2624;2014
9041;2014;2613;2014
9761;2014;241;2014
6446;2014;666;2014
9485;2014;630;2014
8039;2014;4523;2014
2929;2014;992;2014
6240;2014;2738;2014
6212;2014;1702;2014
5461;2014;740;2014
3087;2014;1248;2014
4912;2014;289;2014
8422;2014;1065;2014
2697;2014;1289;2014
2532;2014;6849;2014
6601;2014;481;2014
3698;2014;443;2014
3718;2014;382;2014
6126;2014;200;2014
9475;2014;1600;2014
7551;2014;540;2014
3896;2014;300;2014
9256;2014;625;2014
5447;2014;3686;2014
6915;2014;563;2014
9624;2014;13344;2014
6180;2014;1411;2014
6853;2014;3064;2014
3898;2014;726;2014
8535;2014;1573;2014
7424;2014;394;2014
0152;2014;2416;2014
3338;2014;604;2014
2262;2014;3795;2014
0838;2014;75;2014
8517;2014;121;2014
8922;2014;536;2014
7472;2014;394;2014
7264;2014;883;2014
0398;2014;1226;2014
5865;2014;300;2014
7570;2014;724;2014
9405;2014;4256;2014
7311;2014;365;2014
6446;2014;250;2014
6887;2014;419;2014
3138;2014;182;2014
7727;2014;2111;2014
9304;2014;1178;2014
3815;2014;2107;2014
9813;2014;1341;2014
3948;2014;6172;2014
9469;2014;2842;2014
4995;2014;2555;2014
6696;2014;590;2014
0132;2014;684;2014
9787;2014;366;2014
4550;2014;47308;2014
7897;2014;1271;2014
7231;2014;550;2014
5551;2014;825;2014
5958;2014;565;2014
3505;2014;3078;2014
7281;2014;1104;2014
3837;2014;2336;2014
9796;2014;1391;2014
3292;2014;1080;2014
7914;2014;1331;2014
3048;2014;1245;2014
5099;2014;244;2014
1848;2014;258;2014
7527;2014;193;2014
1123;2014;1557;2014
4997;2014;1759;2014
8082;2014;40412;2014
1659;2014;4011;2014
2338;2014;18994;2014
2155;2014;917;2014
6586;2014;52433;2014
3109;2014;1358;2014
5919;2014;18755;2014
1991;2014;1612;2014
7970;2014;14147;2014
7794;2014;2894;2014
0603;2014;19298;2014
4932;2014;447;2014
9371;2014;11407;2014
9174;2014;4278;2014
3730;2014;356;2014
5069;2014;10353;2014
3617;2014;330;2014
2892;2014;4552;2014
3793;2014;773;2014
1906;2014;8980;2014
8029;2014;7379;2014
5654;2014;8285;2014
2923;2014;897;2014
8793;2014;10966;2014
0754;2014;1124;2014
7432;2014;478;2014
3187;2014;36427;2014
8473;2014;1357;2014
3668;2014;599;2014
7376;2014;52362;2014
7493;2014;1994;2014
9893;2014;21439;2014
5491;2014;4156;2014
1862;2014;14734;2014
6584;2014;465;2014
1449;2014;12655;2014
4759;2014;21796;2014
6995;2014;6124;2014
0431;2014;1916;2014
0650;2014;6041;2014
9002;2014;23668;2014
1242;2014;1293;2014
1895;2014;744;2014
3960;2014;19895;2014
4718;2014;84732;2014
4509;2014;367;2014
7531;2014;6251;2014
7630;2014;13434;2014
9850;2014;1036;2014
5174;2014;1470;2014
7166;2014;915;2014
9991;2014;7571;2014
6536;2014;798;2014
3560;2014;7157;2014
1913;2014;41877;2014
0667;2014;3124;2014
2684;2014;22522;2014
5711;2014;11741;2014
8416;2014;1347;2014
1398;2014;2166;2014
4257;2014;5319;2014
1250;2014;8559;2014
9352;2014;40414;2014
3928;2014;2005;2014
5872;2014;2636;2014
0841;2014;8392;2014
3969;2014;1474;2014
3249;2014;1911;2014
0960;2014;1927;2014
6278;2014;47119;2014
1597;2014;6676;2014
0165;2014;21596;2014
8028;2014;12806;2014
7577;2014;282;2014
9200;2014;757;2014
7449;2014;2374;2014
5727;2014;60658;2014
5196;2014;1138;2014
4305;2014;10299;2014
5618;2014;10152;2014
3841;2014;782;2014
8371;2014;196;2014
0854;2014;370;2014
7161;2014;16377;2014
4072;2014;266;2014
2646;2014;11564;2014
5724;2014;980;2014
3501;2014;757;2014
3895;2014;2776835;2014
5016;2014;1370;2014
4283;2014;7233;2014
3046;2014;945;2014
4501;2014;1534;2014
5287;2014;2952;2014
9057;2014;18310;2014
3566;2014;4902;2014
8935;2014;3688;2014
6619;2014;3239;2014
1597;2014;179;2014
8581;2014;9230;2014
2313;2014;8945;2014
6440;2014;54918;2014
2671;2014;5224;2014
7793;2014;1082;2014
9862;2014;5583;2014
9396;2014;292;2014
7183;2014;281;2014
9131;2014;15449;2014
2667;2014;53316;2014
9435;2014;3997;2014
5375;2014;171;2014
0351;2014;17377;2014
4985;2014;13365;2014
9515;2014;39359;2014
0684;2014;47523;2014
9981;2014;38020;2014
6431;2014;14783;2014
8908;2014;74067;2014
9404;2014;31337;2014
1230;2014;71115;2014
4003;2014;1593;2014
3826;2014;621;2014
7046;2014;4489;2014
1568;2014;36340;2014
3114;2014;11024;2014
9130;2014;38690;2014
1642;2014;37593;2014
2033;2014;20777;2014
0970;2014;10461;2014
6174;2014;123150;2014
2423;2014;4149;2014
1331;2014;3050;2014
1345;2014;19903;2014
1013;2014;6293;2014
2214;2014;3998;2014
1023;2014;14697;2014
1563;2014;3233;2014
9808;2014;14204;2014
3662;2014;1202;2014
4927;2014;4656;2014
1656;2014;1150;2014
5035;2014;1160;2014
3721;2014;19622;2014
6307;2014;9348;2014
6104;2014;6901;2014
9962;2014;9731;2014
4710;2014;24313;2014
8186;2014;7416;2014
4897;2014;3373;2014
7401;2014;2976;2014
5876;2014;44543;2014
7454;2014;722;2014
3174;2014;256;2014
4662;2014;1938;2014
9573;2014;28659;2014
7134;2014;2719;2014
7258;2014;4362;2014
8135;2014;21460;2014
2368;2014;5238;2014
5217;2014;5787;2014
2884;2014;2348;2014
2398;2014;7246;2014
8889;2014;4345;2014
6376;2014;2619;2014
0535;2014;758;2014
1885;2014;8804;2014
7934;2014;2760;2014
4273;2014;1756;2014
3769;2014;569;2014
2708;2014;2765;2014
4187;2014;34930;2014
3207;2014;3501;2014
8819;2014;882;2014
9148;2014;3975;2014
4500;2014;4823;2014
0610;2014;23194;2014
0302;2014;8695;2014
4090;2014;7923;2014
5176;2014;1882;2014
6784;2014;975;2014
9886;2014;707;2014
3838;2014;1644;2014
5646;2014;3846;2014
7328;2014;554;2014
9996;2014;20892;2014
0689;2014;559;2014
9774;2014;10117;2014
1111;2014;2955;2014
1479;2014;1298;2014
8443;2014;46106;2014
8358;2014;2110;2014
7370;2014;1237;2014
5444;2014;2401;2014
3728;2014;1627;2014
0140;2014;11688;2014
7118;2014;12930;2014
5710;2014;3242;2014
6362;2014;8260;2014
1606;2014;1474;2014
3072;2014;3206;2014
8889;2014;1551;2014
1469;2014;1196;2014
9312;2014;2948;2014
3244;2014;6295;2014
3812;2014;4686;2014
4058;2014;2540;2014
6809;2014;4225;2014
8006;2014;13137;2014
8043;2014;1160;2014
6134;2014;5230;2014
5828;2014;953;2014
3317;2014;7322;2014
2138;2014;361;2014
6342;2014;2123;2014
7054;2014;3180;2014
7104;2014;3379;2014
0257;2014;1005;2014
1068;2014;1520;2014
0186;2014;1922;2014
1030;2014;6263;2014
5978;2014;1392;2014
5042;2014;2616;2014
3938;2014;3063;2014
6770;2014;736;2014
2210;2014;2632;2014
1249;2014;26011;2014
5679;2014;2495;2014
5901;2014;4905;2014
6444;2014;429;2014
9926;2014;1375;2014
0598;2014;4662;2014
3218;2014;1794;2014
6404;2014;1672;2014
2762;2014;2672;2014
5375;2014;970;2014
6558;2014;1580;2014
6404;2014;20458;2014
2083;2014;785;2014
8421;2014;2222;2014
0226;2014;1233;2014
7672;2014;2655;2014
0989;2014;1683;2014
8595;2014;352;2014
0556;2014;1397;2014
3172;2014;7555;2014
1268;2014;4839;2014
0079;2014;5338;2014
8518;2014;52621;2014
4328;2014;2193;2014
7783;2014;5974;2014
6782;2014;1802;2014
0404;2014;5600;2014
9577;2014;5715;2014
0171;2014;1913;2014
3014;2014;5630;2014
4356;2014;9965;2014
3864;2014;1541;2014
6030;2014;18776;2014
3159;2014;7119;2014
2291;2014;7338;2014
3569;2014;13639;2014
5127;2014;21291;2014
5584;2014;10230;2014
9044;2014;8633;2014
0685;2014;76040;2014
4785;2014;1608;2014
3231;2014;1173;2014
7729;2014;1510;2014
3439;2014;3871;2014
9413;2014;24409;2014
2077;2014;5043;2014
7370;2014;8732;2014
6508;2014;404;2014
4670;2014;1266;2014
6894;2014;7073;2014
7843;2014;2128;2014
7113;2014;841;2014
6781;2014;1513;2014
9244;2014;4876;2014
8580;2014;8912;2014
1290;2014;606;2014
1131;2014;2156;2014
9275;2014;645;2014
4234;2014;3636;2014
0500;2014;7033;2014
9776;2014;11419;2014
5888;2014;707;2014
5891;2014;1147;2014
5573;2014;15231;2014
6330;2014;10568;2014
6723;2014;38842;2014
2360;2014;39772;2014
3040;2014;2253;2014
0952;2014;3214;2014
7257;2014;28063;2014
8339;2014;26911;2014
6084;2014;11309;2014
0206;2014;3047;2014
4954;2014;2327;2014
4291;2014;11285;2014
9339;2014;4678;2014
4929;2014;3005;2014
3783;2014;6065;2014
2451;2014;1693;2014
9126;2014;7727;2014
2092;2014;1510;2014
7444;2014;1568;2014
8895;2014;1770;2014
6402;2014;1313;2014
2195;2014;7737;2014
4795;2014;2340;2014
5320;2014;3268;2014
0384;2014;3520;2014
7120;2014;870;2014
0055;2014;475;2014
1506;2014;1817;2014
1901;2014;13559;2014
1790;2014;17435;2014
4989;2014;1010;2014
6099;2014;13705;2014
7271;2014;22119;2014
7174;2014;914;2014
1312;2014;1973;2014
7852;2014;12195;2014
8351;2014;14270;2014
9201;2014;32697;2014
7297;2014;2743;2014
9668;2014;5547;2014
5227;2014;2274;2014
2007;2014;14259;2014
1870;2014;21853;2014
7652;2014;7476;2014
2119;2014;8411;2014
4301;2014;12415;2014
6991;2014;14055;2014
3939;2014;922;2014
6551;2014;18859;2014
5233;2014;6570;2014
4196;2014;906;2014
9014;2014;2758;2014
5469;2014;6974;2014
8249;2014;11826;2014
9698;2014;7426;2014
7200;2014;3708;2014
7814;2014;7814;2014
0481;2014;6885;2014
6867;2014;6517;2014
8972;2014;8161;2014
2218;2014;2830;2014
0381;2014;5703;2014
1195;2014;2658;2014
9610;2014;2016;2014
6568;2014;772;2014
8169;2014;2457;2014
8340;2014;60184;2014
4626;2014;1459;2014
9402;2014;2081;2014
0788;2014;1764;2014
3059;2014;2660;2014
5858;2014;1060;2014
8038;2014;1535;2014
3398;2014;1389;2014
3975;2014;933;2014
2547;2014;1486;2014
7795;2014;1272;2014
4357;2014;2606;2014
5730;2014;1263;2014
7176;2014;2078;2014
8035;2014;3415;2014
3530;2014;3958;2014
6637;2014;2436;2014
2750;2014;2438;2014
8586;2014;4134;2014
0522;2014;2740;2014
9049;2014;2233;2014
9892;2014;3685;2014
7656;2014;3427;2014
3090;2014;1414;2014
4545;2014;1236;2014
5738;2014;1080;2014
4921;2014;1870;2014
8164;2014;2343;2014
7871;2014;475;2014
0975;2014;5059;2014
3809;2014;4110;2014
5907;2014;1919;2014
2035;2014;4060;2014
1636;2014;1629;2014
9380;2014;1568;2014
5073;2014;13394;2014
3315;2014;4947;2014
2987;2014;3996;2014
7490;2014;2449;2014
7988;2014;2102;2014
0010;2014;2033;2014
8327;2014;1608;2014
1537;2014;1993;2014
8130;2014;551;2014
2535;2014;3120;2014
9153;2014;2574;2014
0289;2014;2184;2014
7611;2014;1377;2014
6384;2014;1218;2014
6623;2014;4885;2014
3386;2014;9889;2014
7653;2014;3010;2014
9590;2014;3111;2014
8833;2014;2263;2014
2955;2014;2147;2014
3043;2014;815;2014
1870;2014;3412;2014
1840;2014;1242;2014
0421;2014;909;2014
2242;2014;3737;2014
3108;2014;4025;2014
2410;2014;936;2014
3786;2014;11208;2014
0134;2014;4365;2014
2448;2014;645;2014
1266;2014;3854;2014
9987;2014;7436;2014
4911;2014;1540;2014
1549;2014;3430;2014
9905;2014;2955;2014
7986;2014;607;2014
7117;2014;58674;2014
9106;2014;63675;2014
8316;2014;7550;2014
4666;2014;6873;2014
7310;2014;34943;2014
4675;2014;26597;2014
9609;2014;10231;2014
3981;2014;27854;2014
5305;2014;10305;2014
6161;2014;16289;2014
2212;2014;37682;2014
9831;2014;12662;2014
3276;2014;5337;2014
0628;2014;7102;2014
6495;2014;2404;2014
1983;2014;22056;2014
8354;2014;49317;2014
3842;2014;3308;2014
8488;2014;8358;2014
1823;2014;13930;2014
5267;2014;18499;2014
5932;2014;3884;2014
1384;2014;77051;2014
8099;2014;65625;2014
9214;2014;7759;2014
2290;2014;18473;2014
3311;2014;12611;2014
7406;2014;7250;2014
4494;2014;1829;2014
2191;2014;12384;2014
0814;2014;17406;2014
3882;2014;29796;2014
0417;2014;16051;2014
6321;2014;117539;2014
6424;2014;29277;2014
8769;2014;17947;2014
1402;2014;19125;2014
0768;2014;4818;2014
0191;2014;6189;2014
7109;2014;1620;2014
6525;2014;58450;2014
2623;2014;7694;2014
5752;2014;29818;2014
8362;2014;14049;2014
7992;2014;37024;2014
2511;2014;8016;2014
7043;2014;12968;2014
2636;2014;34507;2014
9441;2014;963521;2014
1853;2014;33911;2014
0227;2014;23654;2014
6708;2014;15014;2014
3354;2014;13121;2014
5394;2014;5947;2014
2007;2014;21862;2014
0156;2014;13505;2014
7093;2014;39827;2014
4303;2014;25444;2014
6013;2014;54901;2014
4339;2014;81163;2014
2559;2014;10339;2014
4345;2014;25139;2014
1590;2014;39754;2014
8936;2014;53493;2014
3315;2014;7099;2014
0144;2014;11585;2014
1538;2014;45207;2014
1713;2014;28713;2014
9480;2014;3522;2014
6395;2014;9227;2014
1482;2014;9086;2014
7405;2014;27791;2014
9133;2014;33695;2014
9318;2014;19716;2014
3696;2014;6488;2014
8775;2014;15804;2014
4791;2014;5884;2014
4432;2014;3176;2014
6664;2014;34751;2014
9556;2014;16631;2014
6518;2014;8353;2014
4648;2014;18221;2014
5080;2014;42290;2014
6611;2014;85422;2014
2070;2014;3751;2014
3794;2014;20822;2014
8729;2014;30854;2014
9036;2014;4463;2014
2063;2014;23397;2014
9788;2014;11772;2014
2131;2014;9059;2014
0421;2014;5420;2014
8723;2014;4036;2014
0831;2014;4263;2014
6485;2014;1955;2014
1450;2014;1719;2014
7365;2014;22571;2014
5931;2014;10974;2014
3890;2014;7900;2014
5500;2014;54996;2014
8043;2014;3250;2014
2951;2014;4703;2014
1573;2014;3847;2014
7774;2014;2495;2014
8104;2014;336;2014
3340;2014;2427;2014
0517;2014;4738;2014
3488;2014;1157;2014
2828;2014;3503;2014
4879;2014;2406;2014
7239;2014;1439;2014
0937;2014;1861;2014
0746;2014;984;2014
3663;2014;1139;2014
6888;2014;2049;2014
1700;2014;1632;2014
3430;2014;9622;2014
7261;2014;2622;2014
6074;2014;502;2014
6024;2014;2295;2014
3106;2014;3043;2014
6343;2014;1390;2014
3990;2014;1854;2014
5501;2014;2905;2014
7042;2014;3206;2014
3896;2014;5483;2014
0394;2014;3853;2014
3349;2014;3558;2014
2633;2014;711;2014
1148;2014;8189;2014
1256;2014;1888;2014
8729;2014;1739;2014
0825;2014;2437;2014
2465;2014;1577;2014
2934;2014;3498;2014
5111;2014;6216;2014
0681;2014;1216;2014
7453;2014;3140;2014
7196;2014;1724;2014
6840;2014;1927;2014
9169;2014;12234;2014
9585;2014;7672;2014
3786;2014;427;2014
0056;2014;3797;2014
2940;2014;3342;2014
9575;2014;11761;2014
4461;2014;2252;2014
2382;2014;1352;2014
9536;2014;7815;2014
0089;2014;2883;2014
6348;2014;5333;2014
5660;2014;784;2014
4120;2014;1303;2014
4535;2014;1654;2014
2983;2014;5331;2014
6004;2014;4152;2014
6764;2014;2100;2014
6255;2014;1836;2014
2187;2014;668;2014
4254;2014;2415;2014
1398;2014;312;2014
2415;2014;2313;2014
7281;2014;1555;2014
9911;2014;2940;2014
8428;2014;3795;2014
9311;2014;1873;2014
9082;2014;2024;2014
4554;2014;2350;2014
4116;2014;859;2014
8084;2014;3608;2014
9594;2014;790;2014
5865;2014;1198;2014
9153;2014;4832;2014
4659;2014;2537;2014
8989;2014;771;2014
5378;2014;1573;2014
1929;2014;1660;2014
9333;2014;1422;2014
0432;2014;1560;2014
4602;2014;821;2014
7449;2014;736;2014
1046;2014;4099;2014
4343;2014;1319;2014
7802;2014;2211;2014
4722;2014;1149;2014
1053;2014;1255;2014
0250;2014;902;2014
4994;2014;7017;2014
1867;2014;3022;2014
2135;2014;12466;2014
1034;2014;582;2014
6968;2014;3684;2014
6733;2014;3067;2014
3678;2014;1645;2014
7662;2014;1563;2014
4115;2014;2402;2014
2061;2014;1503;2014
5685;2014;2170;2014
0416;2014;1370;2014
2199;2014;545;2014
0025;2014;999;2014
9641;2014;892;2014
9136;2014;2768;2014
1237;2014;1408;2014
1566;2014;2484;2014
0366;2014;986;2014
9992;2014;1715;2014
4183;2014;3525;2014
2142;2014;1128;2014
1409;2014;19418;2014
4968;2014;2797;2014
7665;2014;21246;2014
2302;2014;6489;2014
8222;2014;1033;2014
4817;2014;7041;2014
7001;2014;5128;2014
7655;2014;33357;2014
7339;2014;1549;2014
4528;2014;5791;2014
0072;2014;2313;2014
1206;2014;860;2014
6828;2014;2376;2014
9298;2014;16886;2014
8494;2014;50629;2014
7467;2014;799;2014
4087;2014;5517;2014
9179;2014;5112;2014
5398;2014;2557;2014
4297;2014;2778;2014
9092;2014;1533;2014
5768;2014;6960;2014
3035;2014;16378;2014
1530;2014;442;2014
7503;2014;1060;2014
0263;2014;23091;2014
8232;2014;1172;2014
5703;2014;1439;2014
7096;2014;5243;2014
5545;2014;1986;2014
6340;2014;1759;2014
4332;2014;8758;2014
0593;2014;2712;2014
0638;2014;616;2014
5851;2014;13511;2014
2937;2014;2500;2014
4074;2014;1407;2014
5311;2014;53136;2014
6166;2014;1942;2014
7508;2014;5172;2014
4579;2014;2441;2014
9681;2014;2200;2014
3734;2014;1228;2014
1580;2014;3643;2014
1281;2014;694;2014
7461;2014;873;2014
9342;2014;3376;2014
7318;2014;2536;2014
9663;2014;592;2014
6631;2014;587;2014
5727;2014;39455;2014
5341;2014;1315;2014
6874;2014;13807;2014
8817;2014;809;2014
8506;2014;1215;2014
0750;2014;5248;2014
6125;2014;12014;2014
9883;2014;1297;2014
7006;2014;1263;2014
3430;2014;1027;2014
7442;2014;1197;2014
4538;2014;1604;2014
2220;2014;820;2014
6766;2014;1457;2014
2415;2014;1094;2014
2957;2014;703;2014
6714;2014;5573;2014
3331;2014;22185;2014
6624;2014;2776;2014
1887;2014;1856;2014
4423;2014;2085;2014
2510;2014;2636;2014
8816;2014;10620;2014
1614;2014;12690;2014
1659;2014;550;2014
6911;2014;1562;2014
2217;2014;6779;2014
1938;2014;681;2014
9447;2014;46091;2014
6625;2014;24221;2014
7132;2014;2311;2014
2426;2014;2264;2014
7239;2014;6831;2014
6214;2014;3855;2014
1008;2014;1635;2014
5503;2014;1099;2014
6115;2014;668;2014
1141;2014;5312;2014
9763;2014;35391;2014
2980;2014;4049;2014
0374;2014;10869;2014
8138;2014;1777;2014
9994;2014;967;2014
1585;2014;692;2014
4697;2014;1164;2014
7654;2014;1343;2014
2380;2014;2670;2014
0811;2014;5285;2014
1653;2014;2386;2014
1891;2014;25849;2014
6531;2014;3947;2014
2433;2014;2187;2014
6706;2014;2050;2014
0409;2014;1036;2014
9350;2014;2518;2014
9286;2014;1169;2014
1579;2014;7266;2014
5575;2014;1737;2014
3133;2014;9142;2014
5882;2014;1591;2014
6700;2014;376;2014
1813;2014;798;2014
6883;2014;857;2014
6570;2014;510;2014
6928;2014;12445;2014
7851;2014;1982;2014
8517;2014;134732;2014
5976;2014;576;2014
3872;2014;6607;2014
9015;2014;3777;2014
0525;2014;4334;2014
0237;2014;2659;2014
1894;2014;10451;2014
2807;2014;930;2014
0544;2014;609;2014
5134;2014;1726;2014
9585;2014;1725;2014
3605;2014;3193;2014
6091;2014;636;2014
1435;2014;2785;2014
2451;2014;8912;2014
9193;2014;449;2014
1563;2014;10912;2014
7442;2014;2636;2014
2001;2014;6792;2014
0006;2014;31247;2014
7559;2014;5040;2014
8723;2014;50485;2014
8627;2014;1539;2014
2296;2014;325;2014
0330;2014;4020;2014
0424;2014;1366;2014
5692;2014;10016;2014
1133;2014;3331;2014
5173;2014;755;2014
2800;2014;887;2014
8655;2014;8009;2014
4617;2014;1841;2014
0132;2014;1278;2014
0329;2014;2159;2014
2173;2014;525;2014
8260;2014;4130;2014
4361;2014;1656;2014
6021;2014;259;2014
3214;2014;8622;2014
7850;2014;1688;2014
5428;2014;3243;2014
5175;2014;7934;2014
0220;2014;13489;2014
2232;2014;347;2014
5166;2014;1454;2014
9500;2014;896;2014
4329;2014;346;2014
9252;2014;1203;2014
0845;2014;42063;2014
8420;2014;3544;2014
5883;2014;749;2014
4864;2014;1866;2014
1069;2014;713;2014
5929;2014;232;2014
1210;2014;1136;2014
3144;2014;1419;2014
4433;2014;126;2014
9040;2014;836;2014
7245;2014;564;2014
9030;2014;983;2014
6995;2014;269;2014
6574;2014;884;2014
9626;2014;5264;2014
6391;2014;699;2014
6151;2014;229;2014
5707;2014;540;2014
7863;2014;85;2014
7935;2014;5413;2014
0313;2014;428;2014
8838;2014;304;2014
4298;2014;6497;2014
1005;2014;1125;2014
3194;2014;157;2014
2942;2014;1012;2014
7991;2014;10956;2014
1647;2014;1648;2014
3454;2014;992;2014
4906;2014;302;2014
4518;2014;3284;2014
6044;2014;249;2014
9435;2014;905;2014
0194;2014;1262;2014
2092;2014;236;2014
9499;2014;1071;2014
6437;2014;420;2014
8595;2014;376;2014
7066;2014;714;2014
1490;2014;249;2014
4035;2014;2016;2014
2376;2014;589;2014
1068;2014;2115;2014
9064;2014;70371;2014
4694;2014;1700;2014
8647;2014;5954;2014
4425;2014;1056;2014
9185;2014;3747;2014
5331;2014;1487;2014
2078;2014;398;2014
4084;2014;2641;2014
2701;2014;1484;2014
0036;2014;581;2014
6036;2014;1165;2014
8978;2014;505;2014
9042;2014;421;2014
3576;2014;1254;2014
1661;2014;542;2014
9993;2014;1892;2014
3767;2014;1237;2014
5874;2014;1195;2014
1547;2014;704;2014
1585;2014;2230;2014
7943;2014;4104;2014
0623;2014;1175;2014
8484;2014;1383;2014
4355;2014;4125;2014
4565;2014;1133;2014
6544;2014;490;2014
6736;2014;7596;2014
5962;2014;944;2014
9925;2014;2812;2014
0009;2014;689;2014
3068;2014;685;2014
1067;2014;861;2014
6186;2014;502;2014
5452;2014;1527;2014
9610;2014;193;2014
9100;2014;1608;2014
7609;2014;3904;2014
0984;2014;114;2014
4918;2014;1829;2014
2122;2014;679;2014
8133;2014;1202;2014
9441;2014;401;2014
6988;2014;116;2014
0389;2014;2360;2014
6765;2014;1908;2014
3541;2014;575;2014
0036;2014;3710;2014
3815;2014;2832;2014
3410;2014;366;2014
9278;2014;24769;2014
4574;2014;6914;2014
6548;2014;321;2014
9607;2014;3161;2014
4430;2014;6234;2014
1994;2014;559;2014
9897;2014;127;2014
2153;2014;436;2014
7329;2014;919;2014
5246;2014;663;2014
1945;2014;879;2014
5964;2014;12289;2014
9192;2014;1877;2014
1360;2014;835;2014
1814;2014;10797;2014
8534;2014;2440;2014
0440;2014;7154;2014
8746;2014;1981;2014
4239;2014;7151;2014
7371;2014;1963;2014
1590;2014;509;2014
1757;2014;7492;2014
6808;2014;1159;2014
6851;2014;2340;2014
7942;2014;1548;2014
9394;2014;2515;2014
3628;2014;1690;2014
7369;2014;5156;2014
0131;2014;2225;2014
6331;2014;3720;2014
8145;2014;2444;2014
1135;2014;5022;2014
9429;2014;655;2014
3022;2014;1308;2014
7722;2014;299;2014
0024;2014;23692;2014
0450;2014;4757;2014
5937;2014;1051;2014
5649;2014;8246;2014
7269;2014;3677;2014
4475;2014;9278;2014
0112;2014;5172;2014
1502;2014;6793;2014
0982;2014;1710;2014
4851;2014;285;2014
1092;2014;14846;2014
7982;2014;540;2014
2664;2014;25415;2014
3618;2014;9858;2014
2024;2014;5336;2014
6259;2014;15509;2014
8396;2014;55043;2014
2171;2014;1626;2014
3803;2014;2667;2014
9731;2014;11277;2014
1359;2014;1396;2014
7532;2014;1003;2014
6579;2014;15928;2014
4014;2014;396;2014
5275;2014;3505;2014
9583;2014;1116;2014
9862;2014;305;2014
9116;2014;2570;2014
4127;2014;4026;2014
9893;2014;1993;2014
0819;2014;669;2014
5745;2014;852;2014
0253;2014;1401;2014
8178;2014;10741;2014
0216;2014;14846;2014
8798;2014;1269;2014
0959;2014;1835;2014
9847;2014;5976;2014
7324;2014;270;2014
9615;2014;1542;2014
3097;2014;1712;2014
4721;2014;1551;2014
0704;2014;2979;2014
4993;2014;7527;2014
2626;2014;7005;2014
5012;2014;989;2014
5815;2014;52807;2014
2564;2014;3223;2014
7621;2014;1833;2014
1943;2014;12414;2014
3332;2014;121600;2014
3464;2014;512;2014
0484;2014;8527;2014
5580;2014;1372;2014
7710;2014;499;2014
0393;2014;5229;2014
0563;2014;973;2014
7943;2014;3935;2014
8034;2014;320;2014
4182;2014;280;2014
3973;2014;1933;2014
3407;2014;3787;2014
8874;2014;577;2014
0138;2014;19108;2014
6676;2014;2688;2014
9177;2014;3161;2014
1122;2014;874;2014
3297;2014;389;2014
1818;2014;714;2014
3302;2014;2984;2014
5443;2014;2223;2014
3915;2014;1154;2014
7167;2014;1153;2014
9761;2014;10700;2014
2605;2014;813;2014
5091;2014;366;2014
0774;2014;5289;2014
3819;2014;92;2014
9124;2014;1405;2014
8539;2014;627;2014
5642;2014;615;2014
5381;2014;1336;2014
6687;2014;954;2014
0149;2014;6200;2014
0004;2014;3137;2014
0350;2014;5782;2014
8861;2014;4324;2014
0721;2014;389;2014
9829;2014;1827;2014
6778;2014;925;2014
5668;2014;51988;2014
4613;2014;359;2014
7214;2014;860;2014
2952;2014;202;2014
0465;2014;528;2014
2341;2014;2926;2014
3922;2014;4832;2014
8476;2014;364;2014
9639;2014;1923;2014
6920;2014;1451;2014
5328;2014;1001;2014
1407;2014;6283;2014
0895;2014;343;2014
1125;2014;24590;2014
1486;2014;987;2014
4882;2014;1793;2014
9896;2014;1012;2014
5604;2014;326;2014
4701;2014;1498;2014
6462;2014;2867;2014
8874;2014;1268;2014
5009;2014;9102;2014
5631;2014;429;2014
3710;2014;1304;2014
9494;2014;35557;2014
6165;2014;698;2014
1285;2014;369;2014
1795;2014;714;2014
7343;2014;4901;2014
4634;2014;987;2014
2862;2014;137;2014
2680;2014;86;2014
9986;2014;710;2014
2122;2014;2501;2014
1032;2014;2401;2014
4460;2014;4017;2014
8737;2014;23334;2014
7797;2014;4392;2014
6299;2014;1394;2014
7780;2014;944;2014
1930;2014;1021;2014
0200;2014;289;2014
0312;2014;496;2014
4826;2014;1645;2014
9206;2014;1177;2014
9473;2014;880;2014
1680;2014;2275;2014
1259;2014;963;2014
4453;2014;833;2014
2985;2014;1335;2014
1629;2014;4068;2014
2198;2014;1733;2014
6995;2014;2343;2014
0060;2014;1270;2014
0066;2014;1377;2014
8107;2014;101;2014
2305;2014;248;2014
2693;2014;1007;2014
6722;2014;196;2014
7311;2014;13662;2014
4080;2014;943;2014
6996;2014;19750;2014
7079;2014;2008;2014
8273;2014;2468;2014
0004;2014;5379;2014
2545;2014;3291;2014
5688;2014;885;2014
8984;2014;380;2014
9591;2014;4056;2014
1175;2014;3021;2014
5279;2014;1841;2014
2887;2014;852;2014
6762;2014;4232;2014
1143;2014;1365;2014
8695;2014;1624;2014
4377;2014;424;2014
2727;2014;1675;2014
3449;2014;40413;2014
1285;2014;971;2014
7324;2014;2417;2014
2298;2014;1343;2014
3672;2014;131;2014
0991;2014;135;2014
5993;2014;666;2014
9947;2014;2685;2014
6298;2014;7983;2014
2796;2014;1428;2014
8102;2014;1309;2014
1117;2014;48715;2014
7010;2014;659;2014
7217;2014;2608;2014
4253;2014;851;2014
6760;2014;7410;2014
2764;2014;2150;2014
0649;2014;575;2014
2235;2014;321;2014
5442;2014;545;2014
6196;2014;1533;2014
9572;2014;970;2014
9107;2014;3781;2014
7935;2014;687;2014
8933;2014;397;2014
6946;2014;806;2014
9050;2014;1960;2014
4681;2014;428;2014
7727;2014;3275;2014
3337;2014;1361;2014
6825;2014;1496;2014
7548;2014;818;2014
5261;2014;1057;2014
7156;2014;792;2014
9461;2014;5387;2014
7729;2014;1746;2014
7652;2014;6906;2014
2662;2014;773;2014
5628;2014;696;2014
8724;2014;513;2014
7323;2014;589;2014
5053;2014;1203;2014
4211;2014;1118;2014
4272;2014;2160;2014
1999;2014;174;2014
2140;2014;534;2014
6236;2014;1100;2014
9190;2014;1358;2014
5674;2014;1591;2014
7631;2014;373;2014
2928;2014;418;2014
3125;2014;6755;2014
6629;2014;440;2014
8400;2014;622;2014
8849;2014;1694;2014
8179;2014;1767;2014
4006;2014;3654;2014
5154;2014;1188;2014
2809;2014;1369;2014
0789;2014;217;2014
1136;2014;2560;2014
0324;2014;121;2014
0393;2014;5317;2014
9604;2014;513;2014
8270;2014;3165;2014
0439;2014;758;2014
7399;2014;1182;2014
2595;2014;690;2014
8460;2014;197;2014
3719;2014;656;2014
0822;2014;1415;2014
4484;2014;599;2014
0508;2014;1032;2014
0477;2014;1054;2014
6520;2014;4778;2014
3299;2014;873;2014
2841;2014;469;2014
3670;2014;4519;2014
8688;2014;350;2014
2452;2014;1846;2014
3707;2014;1958;2014
8338;2014;1353;2014
9697;2014;742;2014
6345;2014;33250;2014
7316;2014;803;2014
0582;2014;1412;2014
6983;2014;4738;2014
5163;2014;938;2014
6494;2014;2704;2014
4776;2014;3306;2014
7359;2014;2379;2014
7469;2014;987;2014
0140;2014;1447;2014
5024;2014;13394;2014
6715;2014;6259;2014
6444;2014;2814;2014
9297;2014;3375;2014
8365;2014;7340;2014
8096;2014;2662;2014
0017;2014;6484;2014
7114;2014;1029;2014
0494;2014;4263;2014
3611;2014;1584;2014
9321;2014;1872;2014
4736;2014;2153;2014
7854;2014;1309;2014
4861;2014;1459;2014
4171;2014;1641;2014
4132;2014;167;2014
9196;2014;57611;2014
5173;2014;1692;2014
8521;2014;3849;2014
0981;2014;640;2014
2545;2014;151523;2014
4608;2014;4408;2014
1780;2014;467;2014
1534;2014;6365;2014
7870;2014;33831;2014
5377;2014;57175;2014
4796;2014;6366;2014
4107;2014;1035;2014
1273;2014;12798;2014
9412;2014;745;2014
0056;2014;2779;2014
2381;2014;17735;2014
7043;2014;828;2014
3895;2014;4479;2014
6453;2014;2748;2014
8824;2014;2753;2014
3968;2014;2118;2014
4654;2014;1871;2014
4471;2014;3645;2014
0521;2014;1095;2014
8788;2014;27147;2014
1973;2014;13973;2014
6249;2014;1015;2014
3574;2014;15538;2014
1604;2014;5836;2014
3046;2014;53374;2014
1326;2014;2008;2014
3541;2014;4003;2014
8629;2014;5623;2014
8122;2014;5350;2014
0084;2014;17320;2014
2450;2014;7252;2014
0822;2014;7715;2014
1885;2014;13887;2014
9970;2014;456;2014
3471;2014;1730;2014
5651;2014;2765;2014
7458;2014;3388;2014
0242;2014;20812;2014
8139;2014;17181;2014
8232;2014;10796;2014
3700;2014;70137;2014
4097;2014;318031;2014
6537;2014;2208;2014
9452;2014;12098;2014
3365;2014;54848;2014
9815;2014;11318;2014
1052;2014;15659;2014
4318;2014;19792;2014
1974;2014;14633;2014
1282;2014;19570;2014
9108;2014;5806;2014
4204;2014;26022;2014
3426;2014;48244;2014
9351;2014;27863;2014
2824;2014;20272;2014
7214;2014;43717;2014
3018;2014;12941;2014
1791;2014;14233;2014
2364;2014;38539;2014
9399;2014;25850;2014
9733;2014;59553;2014
8253;2014;49004;2014
5967;2014;19234;2014
7925;2014;26086;2014
7126;2014;21698;2014
4436;2014;1388;2014
0865;2014;17925;2014
1539;2014;26747;2014
8522;2014;18576;2014
8254;2014;25523;2014
2339;2014;6586;2014
7931;2014;9835;2014
8521;2014;26686;2014
2294;2014;27052;2014
3502;2014;8575;2014
1386;2014;27170;2014
3998;2014;13236;2014
9786;2014;18017;2014
1707;2014;6835;2014
9347;2014;7065;2014
3148;2014;17036;2014
3004;2014;13739;2014
0642;2014;3599;2014
4128;2014;5279;2014
5030;2014;22549;2014
1219;2014;32207;2014
1716;2014;15240;2014
3135;2014;8071;2014
1769;2014;10107;2014
4069;2014;31430;2014
7194;2014;49103;2014
0687;2014;5422;2014
9935;2014;32686;2014
7460;2014;5611;2014
4326;2014;4006;2014
8486;2014;2420;2014
9603;2014;16043;2014
8616;2014;7818;2014
9641;2014;16086;2014
2690;2014;11407;2014
1453;2014;1798;2014
5598;2014;15468;2014
1944;2014;9267;2014
5686;2014;16306;2014
8582;2014;197486;2014
9252;2014;4239;2014
3200;2014;14077;2014
0135;2014;88270;2014
6192;2014;16539;2014
0201;2014;20183;2014
8384;2014;6705;2014
1688;2014;11685;2014
6284;2014;8813;2014
7854;2014;39470;2014
9378;2014;36659;2014
3820;2014;14728;2014
0505;2014;27161;2014
6667;2014;15400;2014
5577;2014;31772;2014
0443;2014;6772;2014
5343;2014;6389;2014
6779;2014;10118;2014
9393;2014;14041;2014
0790;2014;19357;2014
3366;2014;5425;2014
7645;2014;10610;2014
1455;2014;9241;2014
6990;2014;4805;2014
6923;2014;6417;2014
7894;2014;5725;2014
5298;2014;6764;2014
7116;2014;4893;2014
5803;2014;9566;2014
5612;2014;4061;2014
7446;2014;1852;2014
7498;2014;2811;2014
1807;2014;7190;2014
8786;2014;10510;2014
3484;2014;1721;2014
7074;2014;2507;2014
2405;2014;12126;2014
9866;2014;3853;2014
7274;2014;20279;2014
9451;2014;2952;2014
6246;2014;3899;2014
7689;2014;5332;2014
6543;2014;12548;2014
7891;2014;6178;2014
5317;2014;24349;2014
4134;2014;5866;2014
1202;2014;5525;2014
3571;2014;4183;2014
8074;2014;9108;2014
4238;2014;3004;2014
5981;2014;5253;2014
6466;2014;26847;2014
0682;2014;15653;2014
2188;2014;20780;2014
2665;2014;1237;2014
0433;2014;1957;2014
0291;2014;5839;2014
0291;2014;94897;2014
8041;2014;8586;2014
5030;2014;14210;2014
4162;2014;11714;2014
6639;2014;14453;2014
2478;2014;9233;2014
4921;2014;1681;2014
6286;2014;11627;2014
3099;2014;9876;2014
5488;2014;7140;2014
1026;2014;2219;2014
7990;2014;3589;2014
1285;2014;3672;2014
7428;2014;14019;2014
5283;2014;2671;2014
5676;2014;3368;2014
7671;2014;5020;2014
2643;2014;31682;2014
3019;2014;5401;2014
1267;2014;2334;2014
0457;2014;8087;2014
2252;2014;2327;2014
1936;2014;5687;2014
9724;2014;1525;2014
0919;2014;9222;2014
6891;2014;1687;2014
9594;2014;6076;2014
3605;2014;5438;2014
2878;2014;11004;2014
7265;2014;9756;2014
8721;2014;8411;2014
0704;2014;4697;2014
0223;2014;1456;2014
0889;2014;8274;2014
5772;2014;5778;2014
6390;2014;5909;2014
1977;2014;3553;2014
8239;2014;2988;2014
3303;2014;6981;2014
7759;2014;1891;2014
3306;2014;4018;2014
4551;2014;5527;2014
0953;2014;4796;2014
4246;2014;3738;2014
7842;2014;14168;2014
7645;2014;2355;2014
4054;2014;4508;2014
9883;2014;1671;2014
7829;2014;14926;2014
6797;2014;11917;2014
1311;2014;12282;2014
7107;2014;2848;2014
4330;2014;14597;2014
3296;2014;17540;2014
5014;2014;5246;2014
3960;2014;12497;2014
4580;2014;4459;2014
3085;2014;14295;2014
2746;2014;7202;2014
9545;2014;2030;2014
7747;2014;2041;2014
5637;2014;2444;2014
1153;2014;5978;2014
1894;2014;1535;2014
6422;2014;2433;2014
8735;2014;1438;2014
0954;2014;1727;2014
9765;2014;650;2014
4769;2014;3823;2014
4804;2014;11600;2014
1526;2014;1843;2014
0544;2014;1355;2014
6030;2014;2670;2014
1247;2014;2851;2014
7113;2014;5198;2014
9325;2014;4062;2014
8776;2014;898;2014
3938;2014;1926;2014
0061;2014;401;2014
4751;2014;818;2014
4985;2014;1358;2014
5290;2014;648;2014
2232;2014;291;2014
8983;2014;969;2014
9630;2014;2170;2014
9788;2014;826;2014
9081;2014;822;2014
7742;2014;1415;2014
4521;2014;1087;2014
7426;2014;678;2014
0175;2014;1892;2014
3392;2014;2524;2014
6440;2014;1440;2014
0762;2014;604;2014
8087;2014;2984;2014
3055;2014;2124;2014
8176;2014;4273;2014
6307;2014;880;2014
9252;2014;5767;2014
6494;2014;1724;2014
6795;2014;556;2014
0670;2014;5530;2014
6582;2014;4612;2014
7074;2014;1858;2014
6271;2014;12964;2014
6546;2014;13567;2014
8354;2014;5152;2014
9652;2014;4199;2014
0116;2014;5523;2014
8173;2014;1705;2014
2060;2014;17596;2014
3407;2014;572;2014
5528;2014;4074;2014
1330;2014;1662;2014
8705;2014;1264;2014
1840;2014;5412;2014
4925;2014;1493;2014
7094;2014;904;2014
8779;2014;3803;2014
9102;2014;4934;2014
8342;2014;1950;2014
5089;2014;5966;2014
0977;2014;4159;2014
7025;2014;1046;2014
2350;2014;6829;2014
4318;2014;66751;2014
8734;2014;4384;2014
5060;2014;977;2014
5181;2014;13082;2014
4848;2014;1819;2014
5848;2014;2792;2014
7351;2014;1581;2014
9226;2014;3525;2014
4508;2014;3569;2014
6210;2014;1088;2014
3938;2014;1396;2014
0711;2014;1095;2014
2479;2014;747;2014
6989;2014;3043;2014
3893;2014;809;2014
1583;2014;1597;2014
1067;2014;1429;2014
0963;2014;6546;2014
6860;2014;1383;2014
4313;2014;799;2014
9008;2014;2385;2014
8373;2014;1137;2014
3049;2014;7116;2014
1821;2014;1489;2014
2982;2014;636;2014
0690;2014;1226;2014
2665;2014;7304;2014
6832;2014;3251;2014
6436;2014;3098;2014
1885;2014;2314;2014
9965;2014;684;2014
3628;2014;2077;2014
3885;2014;11871;2014
2410;2014;2846;2014
8270;2014;3046;2014
6975;2014;3277;2014
3184;2014;735;2014
7355;2014;3385;2014
3668;2014;1878;2014
4081;2014;1017;2014
1966;2014;12290;2014
6912;2014;777;2014
9042;2014;365;2014
6099;2014;1262;2014
0417;2014;726;2014
1083;2014;8772;2014
6109;2014;1089;2014
9256;2014;1017;2014
6299;2014;5254;2014
1502;2014;2310;2014
4530;2014;4974;2014
0810;2014;60434;2014
8385;2014;2523;2014
9956;2014;7281;2014
7987;2014;9965;2014
7498;2014;6686;2014
1844;2014;457;2014
6684;2014;17437;2014
6564;2014;16974;2014
6666;2014;4168;2014
7161;2014;2664;2014
4371;2014;2850;2014
2579;2014;1233;2014
0579;2014;1557;2014
1428;2014;4423;2014
1606;2014;5421;2014
9300;2014;5055;2014
2192;2014;1575;2014
1780;2014;7479;2014
7052;2014;1132;2014
4536;2014;1868;2014
6273;2014;20967;2014
5059;2014;1744;2014
2952;2014;817;2014
6690;2014;1364;2014
1120;2014;476;2014
5604;2014;707;2014
7159;2014;4382;2014
4560;2014;13911;2014
9084;2014;2969;2014
4229;2014;2819;2014
9782;2014;1971;2014
5532;2014;929;2014
0850;2014;9267;2014
3199;2014;1300;2014
1967;2014;10169;2014
8185;2014;1357;2014
8466;2014;2868;2014
5945;2014;2285;2014
5740;2014;1314;2014
9642;2014;1272;2014
6457;2014;1844;2014
3671;2014;763;2014
8228;2014;8376;2014
4296;2014;3354;2014
2733;2014;261;2014
9445;2014;2551;2014
0676;2014;17568;2014
0869;2014;2867;2014
5571;2014;9936;2014
0574;2014;309;2014
6354;2014;22309;2014
7468;2014;2839;2014
8584;2014;497;2014
9632;2014;2407;2014
3177;2014;3205;2014
0861;2014;853;2014
8954;2014;1340;2014
1416;2014;10046;2014
6187;2014;915;2014
9840;2014;1289;2014
5793;2014;1260;2014
6399;2014;39782;2014
8605;2014;67353;2014
6973;2014;1106;2014
1022;2014;9672;2014
2068;2014;5255;2014
3725;2014;4404;2014
6617;2014;940;2014
6743;2014;3891;2014
2708;2014;1374;2014
1646;2014;1154;2014
7008;2014;2154;2014
0600;2014;3013;2014
0161;2014;2916;2014
1137;2014;2180;2014
7961;2014;8087;2014
7085;2014;1687;2014
7482;2014;2236;2014
4629;2014;1852;2014
9546;2014;2594;2014
0811;2014;1970;2014
3359;2014;853;2014
2096;2014;947;2014
9328;2014;4015;2014
2379;2014;2268;2014
2541;2014;3229;2014
6500;2014;2502;2014
6003;2014;9459;2014
7812;2014;1254;2014
9158;2014;788;2014
2373;2014;1814;2014
3158;2014;2881;2014
2730;2014;1860;2014
0425;2014;3543;2014
3222;2014;3157;2014
8110;2014;980;2014
6846;2014;9317;2014
1555;2014;1623;2014
6698;2014;19746;2014
8744;2014;1905;2014
2522;2014;4678;2014
8798;2014;3068;2014
5829;2014;1244;2014
0460;2014;403;2014
6014;2014;2273;2014
4127;2014;1279;2014
7394;2014;1091;2014
6663;2014;351;2014
8807;2014;16178;2014
2168;2014;740;2014
6176;2014;2208;2014
2016;2014;1380;2014
8673;2014;1912;2014
6546;2014;859;2014
3317;2014;1434;2014
2390;2014;1329;2014
8163;2014;1147;2014
4092;2014;774;2014
5918;2014;6694;2014
2809;2014;34730;2014
0290;2014;3323;2014
8772;2014;7117;2014
6841;2014;5650;2014
4913;2014;4331;2014
6600;2014;1918;2014
9125;2014;36241;2014
1240;2014;1139;2014
6823;2014;3146;2014
6715;2014;1048;2014
5715;2014;1548;2014
5719;2014;612;2014
8737;2014;3627;2014
3970;2014;1401;2014
9596;2014;2698;2014
5092;2014;1331;2014
6832;2014;1463;2014
5284;2014;17415;2014
6282;2014;656;2014
9284;2014;3387;2014
1183;2014;5947;2014
4949;2014;7324;2014
8985;2014;1119;2014
6934;2014;1855;2014
8441;2014;494;2014
3442;2014;3674;2014
5465;2014;2152;2014
3426;2014;1243;2014
1160;2014;1262;2014
6249;2014;1892;2014
4204;2014;4892;2014
2169;2014;2678;2014
5644;2014;1701;2014
4163;2014;2145;2014
1501;2014;3882;2014
4966;2014;1047;2014
5554;2014;10802;2014
4634;2014;1227;2014
5118;2014;484;2014
2734;2014;989;2014
2636;2014;6989;2014
2874;2014;4479;2014
2200;2014;2078;2014
2778;2014;2055;2014
4561;2014;4969;2014
1208;2014;828;2014
2216;2014;4569;2014
2150;2014;6076;2014
7168;2014;8960;2014
6494;2014;2634;2014
5337;2014;1150;2014
6418;2014;3072;2014
7330;2014;5336;2014
0838;2014;2541;2014
6368;2014;950;2014
8829;2014;1828;2014
9328;2014;823;2014
8675;2014;771;2014
8792;2014;529;2014
0665;2014;3128;2014
5570;2014;1361;2014
3744;2014;7476;2014
4779;2014;5135;2014
0502;2014;1907;2014
1190;2014;2211;2014
4125;2014;1512;2014
7223;2014;89372;2014
9153;2014;567;2014
9582;2014;405;2014
3688;2014;1224;2014
8247;2014;5804;2014
2845;2014;979;2014
3399;2014;1382;2014
0099;2014;2126;2014
8062;2014;4574;2014
5252;2014;6743;2014
0251;2014;5551;2014
8301;2014;3152;2014
0411;2014;3923;2014
3812;2014;2064;2014
8533;2014;605;2014
0372;2014;506;2014
7817;2014;2079;2014
5464;2014;3421;2014
0791;2014;6002;2014
1937;2014;4732;2014
2658;2014;4532;2014
5552;2014;1620;2014
2035;2014;626;2014
9401;2014;1266;2014
3341;2014;4451;2014
6834;2014;435;2014
9053;2014;2272;2014
8982;2014;887;2014
8432;2014;1115;2014
9398;2014;775;2014
7399;2014;1658;2014
8499;2014;5128;2014
2959;2014;859;2014
5793;2014;4708;2014
1687;2014;541;2014
3841;2014;1222;2014
3828;2014;2142;2014
8991;2014;1132;2014
7869;2014;2654;2014
6500;2014;2567;2014
8396;2014;2179;2014
3199;2014;738;2014
8918;2014;1596;2014
4530;2014;4212;2014
7227;2014;1711;2014
4844;2014;1357;2014
6942;2014;2094;2014
4332;2014;1967;2014
1712;2014;1809;2014
1558;2014;3442;2014
8090;2014;533;2014
4550;2014;7327;2014
6486;2014;3178;2014
2973;2014;4642;2014
3494;2014;3124;2014
7436;2014;4642;2014
2790;2014;803;2014
7924;2014;8911;2014
4957;2014;3061;2014
2796;2014;1577;2014
3260;2014;3575;2014
1084;2014;2412;2014
3058;2014;2723;2014
2624;2014;3872;2014
3698;2014;1052;2014
8782;2014;1763;2014
3295;2014;1676;2014
4255;2014;69664;2014
8961;2014;3129;2014
4872;2014;565;2014
1679;2014;2226;2014
9063;2014;1332;2014
7748;2014;4887;2014
0185;2014;1059;2014
8528;2014;10314;2014
7159;2014;2542;2014
9844;2014;4150;2014
3448;2014;1358;2014
9429;2014;469;2014
0561;2014;8883;2014
4995;2014;4188;2014
1371;2014;3596;2014
7427;2014;1139;2014
9648;2014;932;2014
4105;2014;721;2014
0092;2014;4477;2014
9521;2014;407;2014
2971;2014;758;2014
4621;2014;542;2014
2657;2014;1689;2014
1623;2014;2353;2014
5414;2014;769;2014
7562;2014;7022;2014
2342;2014;570;2014
9509;2014;6553;2014
9827;2014;10341;2014
2945;2014;4983;2014
3736;2014;877;2014
3800;2014;3340;2014
5555;2014;1709;2014
1061;2014;717;2014
5876;2014;1063;2014
3403;2014;1714;2014
9874;2014;2691;2014
7186;2014;1905;2014
8668;2014;19332;2014
0708;2014;7069;2014
9745;2014;3131;2014
1905;2014;408;2014
6906;2014;5183;2014
7538;2014;12474;2014
0708;2014;2890;2014
1551;2014;6523;2014
5190;2014;1528;2014
3362;2014;561;2014
4033;2014;947;2014
5328;2014;5010;2014
4083;2014;11261;2014
4469;2014;2581;2014
7333;2014;3398;2014
4508;2014;6103;2014
4757;2014;6096;2014
8739;2014;5325;2014
6163;2014;2306;2014
1210;2014;18782;2014
5690;2014;579;2014
5105;2014;1187;2014
8735;2014;3766;2014
7699;2014;10452;2014
9980;2014;1213;2014
0361;2014;180614;2014
2369;2014;2027;2014
2229;2014;7848;2014
8565;2014;487;2014
8198;2014;6410;2014
9207;2014;1109;2014
5572;2014;14574;2014
2181;2014;806;2014
4002;2014;3057;2014
5662;2014;487;2014
5201;2014;2580;2014
3446;2014;3866;2014
0777;2014;1165;2014
3583;2014;532;2014
6363;2014;1753;2014
4089;2014;949;2014
1995;2014;616;2014
9925;2014;339;2014
8795;2014;4125;2014
9996;2014;1356;2014
7968;2014;1215;2014
5297;2014;936;2014
1308;2014;4973;2014
8540;2014;2765;2014
0617;2014;869;2014
8595;2014;17221;2014
2146;2014;2104;2014
3085;2014;255;2014
7650;2014;1367;2014
1081;2014;2594;2014
5444;2014;15431;2014
1204;2014;522;2014
1240;2014;2197;2014
1747;2014;13612;2014
1980;2014;4366;2014
8932;2014;45515;2014
8093;2014;2976;2014
8616;2014;6842;2014
8321;2014;11719;2014
3202;2014;14982;2014
7569;2014;31592;2014
9007;2014;5554;2014
3374;2014;27828;2014
3149;2014;4213;2014
5738;2014;4165;2014
2581;2014;82034;2014
6328;2014;51243;2014
0074;2014;11428;2014
5311;2014;7669;2014
7263;2014;10743;2014
4571;2014;1503;2014
4154;2014;1733;2014
4210;2014;10533;2014
9436;2014;5028;2014
1187;2014;4577;2014
1336;2014;68739;2014
9625;2014;12183;2014
1029;2014;2061;2014
2764;2014;7953;2014
9748;2014;3687;2014
6975;2014;2098;2014
6806;2014;1242;2014
7839;2014;8065;2014
4356;2014;10266;2014
8358;2014;55586;2014
4298;2014;6456;2014
4710;2014;2031;2014
2934;2014;11259;2014
9696;2014;4673;2014
6253;2014;4150;2014
4101;2014;1442;2014
0237;2014;7408;2014
2312;2014;8227;2014
9459;2014;4044;2014
4560;2014;511;2014
5060;2014;7342;2014
6994;2014;1320;2014
7206;2014;3421;2014
1204;2014;11201;2014
5940;2014;37860;2014
7859;2014;9015;2014
9185;2014;11494;2014
1964;2014;3449;2014
0400;2014;3146;2014
0592;2014;1048;2014
2409;2014;14291;2014
8343;2014;5340;2014
5503;2014;2909;2014
4206;2014;3782;2014
1617;2014;12294;2014
1646;2014;4020;2014
4759;2014;1802;2014
4546;2014;11260;2014
5295;2014;12535;2014
4634;2014;6923;2014
3465;2014;1962;2014
8844;2014;2321;2014
1410;2014;1975;2014
9851;2014;1199;2014
1661;2014;974;2014
9969;2014;1533;2014
5663;2014;7351;2014
3266;2014;3542;2014
4318;2014;6793;2014
4268;2014;6633;2014
2666;2014;2964;2014
4886;2014;28711;2014
1798;2014;38494;2014
8912;2014;6337;2014
0755;2014;3421;2014
0959;2014;2163;2014
5878;2014;661091;2014
0579;2014;31889;2014
1025;2014;3378;2014
3440;2014;2865;2014
9165;2014;6215;2014
6583;2014;3469;2014
9291;2014;2999;2014
0363;2014;4921;2014
7170;2014;1497;2014
5663;2014;2581;2014
8522;2014;5409;2014
7814;2014;8621;2014
3653;2014;1743;2014
7414;2014;997;2014
5987;2014;11202;2014
1931;2014;2775;2014
9024;2014;437;2014
6885;2014;26385;2014
8463;2014;11988;2014
5421;2014;4324;2014
0772;2014;10403;2014
1885;2014;3193;2014
2407;2014;1377;2014
7793;2014;3607;2014
9001;2014;1972;2014
0076;2014;2877;2014
7977;2014;20173;2014
6441;2014;3331;2014
6956;2014;608;2014
9813;2014;1037;2014
9346;2014;2015;2014
9386;2014;782;2014
2744;2014;2575;2014
6346;2014;911;2014
1418;2014;41498;2014
0685;2014;625;2014
6646;2014;5881;2014
1664;2014;3165;2014
4275;2014;13232;2014
7645;2014;4576;2014
2587;2014;3371;2014
6218;2014;874;2014
7781;2014;1308;2014
4282;2014;3151;2014
8280;2014;1100;2014
0694;2014;2521;2014
9304;2014;2431;2014
1324;2014;492;2014
3367;2014;2791;2014
6563;2014;1490;2014
6938;2014;1437;2014
3311;2014;485;2014
2116;2014;1031;2014
1890;2014;892;2014
7262;2014;3951;2014
9981;2014;728;2014
9132;2014;3388;2014
5543;2014;3765;2014
6505;2014;3209;2014
3108;2014;2660;2014
9083;2014;364;2014
2904;2014;9491;2014
4823;2014;7148;2014
0474;2014;1496;2014
3838;2014;1790;2014
9835;2014;1665;2014
7899;2014;688;2014
7241;2014;2836;2014
3863;2014;1699;2014
9924;2014;864;2014
7212;2014;12273;2014
1099;2014;1482;2014
7352;2014;978;2014
7094;2014;738;2014
8536;2014;624;2014
6942;2014;1537;2014
8503;2014;2405;2014
7621;2014;238193;2014
7022;2014;31497;2014
5356;2014;1322;2014
2692;2014;990;2014
4678;2014;4806;2014
5996;2014;715;2014
2599;2014;2816;2014
3623;2014;605;2014
3769;2014;1625;2014
8008;2014;2301;2014
3090;2014;855;2014
5764;2014;758;2014
7367;2014;3819;2014
4154;2014;3645;2014
1783;2014;1378;2014
4348;2014;2174;2014
1757;2014;6293;2014
4792;2014;1192;2014
0766;2014;13378;2014
6164;2014;1373;2014
9687;2014;3974;2014
2019;2014;1054;2014
1173;2014;816;2014
1681;2014;211;2014
9060;2014;4113;2014
1325;2014;1141;2014
1511;2014;674;2014
5448;2014;2033;2014
1231;2014;6638;2014
0502;2014;7155;2014
6292;2014;3731;2014
1407;2014;2032;2014
6798;2014;2887;2014
8183;2014;2957;2014
9963;2014;1309;2014
1634;2014;998;2014
9764;2014;12925;2014
1676;2014;1521;2014
6740;2014;4681;2014
7814;2014;929;2014
3859;2014;3137;2014
1175;2014;9278;2014
9740;2014;1419;2014
9173;2014;4596;2014
2623;2014;4026;2014
0755;2014;1736;2014
7618;2014;2168;2014
0270;2014;2712;2014
5246;2014;5074;2014
1331;2014;10981;2014
1260;2014;7411;2014
5008;2014;6492;2014
6669;2014;889;2014
0737;2014;2981;2014
2643;2014;1070;2014
6016;2014;1344;2014
5170;2014;3907;2014
2458;2014;8604;2014
2280;2014;7393;2014
9304;2014;5748;2014
9268;2014;4350;2014
3165;2014;59583;2014
2395;2014;3007;2014
7015;2014;9474;2014
5732;2014;3800;2014
2307;2014;2711;2014
8901;2014;1350;2014
0870;2014;3721;2014
3155;2014;2106;2014
4530;2014;6370;2014
3276;2014;10258;2014
8595;2014;35144;2014
9816;2014;8323;2014
0752;2014;2941;2014
1638;2014;3786;2014
0815;2014;3472;2014
8900;2014;938;2014
8750;2014;32658;2014
9760;2014;5768;2014
1421;2014;1253;2014
2217;2014;6523;2014
6783;2014;37844;2014
6320;2014;1832;2014
5780;2014;12634;2014
4124;2014;2523;2014
9092;2014;2990;2014
4873;2014;7884;2014
0626;2014;23183;2014
2257;2014;17194;2014
1009;2014;8579;2014
2987;2014;12832;2014
5006;2014;11859;2014
3693;2014;4497;2014
5210;2014;19117;2014
3715;2014;5952;2014
6663;2014;3326;2014
5594;2014;8042;2014
1674;2014;2544;2014
2752;2014;6408;2014
5212;2014;1385;2014
5183;2014;4744;2014
6678;2014;40651;2014
9909;2014;4479;2014
6292;2014;1432;2014
6333;2014;959;2014
9464;2014;567;2014
5438;2014;4785;2014
2465;2014;62103;2014
1130;2014;3140;2014
3988;2014;4338;2014
0669;2014;76161;2014
0705;2014;1920;2014
5893;2014;12093;2014
6266;2014;3041;2014
5331;2014;1607;2014
4247;2014;10781;2014
8171;2014;27699;2014
2733;2014;2067;2014
9953;2014;11600;2014
7746;2014;22891;2014
8139;2014;5439;2014
9382;2014;6086;2014
7565;2014;7104;2014
5836;2014;1425;2014
3738;2014;3510;2014
8177;2014;1656;2014
0807;2014;8323;2014
7759;2014;4847;2014
1499;2014;5217;2014
7120;2014;13369;2014
1179;2014;4570;2014
2247;2014;4881;2014
1946;2014;5498;2014
0465;2014;2074;2014
7437;2014;27876;2014
2367;2014;3608;2014
3917;2014;13550;2014
5057;2014;14038;2014
8245;2014;3011;2014
5376;2014;21649;2014
1099;2014;7048;2014
2924;2014;7252;2014
1390;2014;810;2014
2777;2014;9428;2014
4134;2014;7876;2014
8920;2014;4997;2014
7242;2014;3514;2014
7058;2014;18233;2014
5219;2014;29017;2014
4413;2014;52622;2014
3333;2014;17810;2014
2208;2014;35805;2014
3264;2014;27687;2014
2753;2014;23778;2014
8569;2014;19151;2014
4172;2014;5227;2014
3735;2014;38381;2014
5540;2014;4784;2014
2097;2014;4728;2014
9022;2014;3272;2014
8952;2014;298765;2014
1599;2014;9557;2014
3544;2014;27478;2014
0163;2014;13150;2014
1486;2014;26430;2014
4453;2014;3021;2014
2466;2014;5409;2014
9571;2014;3950;2014
8462;2014;13984;2014
3066;2014;30979;2014
4748;2014;7533;2014
6713;2014;1087;2014
3175;2014;5174;2014
3009;2014;4900;2014
6868;2014;49469;2014
6999;2014;12029;2014
6505;2014;7347;2014
7851;2014;16626;2014
6802;2014;48304;2014
2394;2014;14047;2014
5431;2014;4048;2014
3861;2014;3166;2014
4331;2014;10753;2014
6137;2014;10966;2014
2139;2014;14633;2014
6313;2014;2687;2014
8496;2014;22547;2014
6490;2014;11850;2014
8122;2014;3245;2014
2721;2014;7474;2014
1180;2014;9487;2014
8595;2014;1609;2014
2767;2014;7501;2014
0259;2014;8474;2014
3092;2014;17021;2014
1562;2014;10815;2014
4902;2014;20742;2014
5218;2014;7854;2014
0944;2014;8392;2014
7508;2014;6286;2014
8653;2014;9528;2014
7833;2014;4042;2014
7004;2014;3700;2014
5280;2014;3843;2014
4684;2014;10490;2014
3740;2014;8218;2014
4008;2014;30216;2014
6296;2014;3093;2014
7530;2014;15819;2014
3698;2014;54455;2014
5500;2014;3075;2014
3764;2014;19392;2014
6595;2014;72276;2014
0850;2014;10561;2014
7215;2014;26596;2014
4725;2014;62955;2014
1579;2014;36007;2014
5914;2014;31612;2014
8310;2014;2013;2014
0509;2014;1077;2014
0628;2014;7114;2014
9089;2014;17578;2014
6155;2014;803;2014
8976;2014;2522;2014
4772;2014;22522;2014
2007;2014;12790;2014
7816;2014;23839;2014
4172;2014;13554;2014
9841;2014;23625;2014
9828;2014;21762;2014
5343;2014;8853;2014
4685;2014;21302;2014
7754;2014;122120;2014
0204;2014;7928;2014
3295;2014;8767;2014
0908;2014;3836;2014
9227;2014;12184;2014
4113;2014;42080;2014
8902;2014;671;2014
1886;2014;774;2014
2509;2014;587;2014
4460;2014;1906;2014
7940;2014;418;2014
8441;2014;988;2014
5393;2014;3580;2014
7440;2014;3525;2014
7583;2014;288;2014
7144;2014;712;2014
8314;2014;1005;2014
6697;2014;528;2014
0770;2014;945;2014
0464;2014;653;2014
3436;2014;5781;2014
2502;2014;445;2014
6116;2014;1672;2014
3907;2014;1336;2014
1704;2014;863;2014
4001;2014;407;2014
0608;2014;1535;2014
0662;2014;568;2014
1904;2014;902;2014
6867;2014;540;2014
4578;2014;8768;2014
8495;2014;937;2014
6434;2014;634;2014
9593;2014;535;2014
3858;2014;114;2014
8547;2014;1925;2014
2256;2014;831;2014
8938;2014;839;2014
9467;2014;1407;2014
3750;2014;2788;2014
4655;2014;4221;2014
0310;2014;3106;2014
0898;2014;5859;2014
1279;2014;10766;2014
3942;2014;642;2014
8777;2014;3155;2014
8803;2014;2393;2014
2684;2014;4586;2014
5108;2014;22408;2014
7714;2014;2684;2014
1002;2014;740;2014
5953;2014;560;2014
0333;2014;126633;2014
5057;2014;1350;2014
5828;2014;171;2014
3396;2014;7371;2014
4487;2014;894;2014
0106;2014;14557;2014
2444;2014;3032;2014
2376;2014;2371;2014
5029;2014;982;2014
1853;2014;1553;2014
8063;2014;2995;2014
7367;2014;4422;2014
6815;2014;2309;2014
9539;2014;4170;2014
4089;2014;1722;2014
8773;2014;586;2014
9701;2014;1437;2014
3115;2014;768;2014
0430;2014;1551;2014
5753;2014;1295;2014
9218;2014;1187;2014
8081;2014;835;2014
1022;2014;642;2014
3275;2014;553;2014
3679;2014;2925;2014
4346;2014;2698;2014
6755;2014;2189;2014
3270;2014;1362;2014
4978;2014;2419;2014
5328;2014;8571;2014
4099;2014;633;2014
2661;2014;3991;2014
4345;2014;832;2014
5300;2014;2488;2014
0587;2014;2709;2014
2988;2014;2356;2014
1146;2014;538;2014
1494;2014;522;2014
4437;2014;1765;2014
7146;2014;1425;2014
7633;2014;10285;2014
8294;2014;2553;2014
8037;2014;1852;2014
7317;2014;324;2014
0590;2014;36358;2014
7374;2014;7213;2014
2372;2014;1319;2014
8209;2014;881;2014
9700;2014;378;2014
1843;2014;760;2014
6734;2014;911;2014
4318;2014;2908;2014
5957;2014;4276;2014
9957;2014;6958;2014
1765;2014;2077;2014
8335;2014;1207;2014
4462;2014;2441;2014
6759;2014;249;2014
0708;2014;2356;2014
8474;2014;1629;2014
7669;2014;2922;2014
7148;2014;1717;2014
9345;2014;2199;2014
5657;2014;1766;2014
3784;2014;11564;2014
0512;2014;1731;2014
8006;2014;674;2014
3156;2014;516;2014
0143;2014;2018;2014
5027;2014;2915;2014
7001;2014;355;2014
7539;2014;486;2014
1723;2014;26694;2014
6242;2014;837;2014
2269;2014;1126;2014
8516;2014;2833;2014
5839;2014;151959;2014
4888;2014;23343;2014
7167;2014;8117;2014
7736;2014;4428;2014
3042;2014;9749;2014
1360;2014;1710;2014
3087;2014;2095;2014
6223;2014;856;2014
5982;2014;500;2014
8014;2014;1013;2014
5101;2014;2701;2014
0144;2014;2225;2014
3687;2014;7774;2014
7868;2014;4572;2014
5065;2014;5254;2014
1794;2014;2591;2014
6259;2014;965;2014
9677;2014;1185;2014
9157;2014;7268;2014
4102;2014;70210;2014
1592;2014;1709;2014
6243;2014;1255;2014
5145;2014;803;2014
2413;2014;8237;2014
1629;2014;1809;2014
6382;2014;3731;2014
8293;2014;5239;2014
6857;2014;29175;2014
3934;2014;1387;2014
2889;2014;4830;2014
7060;2014;2657;2014
2851;2014;20424;2014
2940;2014;6688;2014
8443;2014;3912;2014
3587;2014;1225;2014
9080;2014;16906;2014
3871;2014;2037;2014
7937;2014;1931;2014
1982;2014;1127;2014
1839;2014;3680;2014
8211;2014;4186;2014
7065;2014;8382;2014
7509;2014;1937;2014
3074;2014;4837;2014
3596;2014;1073;2014
8870;2014;2097;2014
9708;2014;3608;2014
7935;2014;6900;2014
1937;2014;2478;2014
9315;2014;13029;2014
8877;2014;1616;2014
0545;2014;9267;2014
4217;2014;20106;2014
0356;2014;2205;2014
7598;2014;612;2014
7428;2014;685;2014
1778;2014;1262;2014
8361;2014;2792;2014
8991;2014;912;2014
7617;2014;1301;2014
6723;2014;2190;2014
5932;2014;2321;2014
6103;2014;953;2014
1826;2014;666;2014
7880;2014;864;2014
4494;2014;1109;2014
9502;2014;266;2014
3112;2014;1304;2014
1070;2014;1785;2014
3483;2014;9028;2014
3378;2014;15651;2014
4107;2014;249;2014
1193;2014;9346;2014
3582;2014;2566;2014
7946;2014;6455;2014
4660;2014;8623;2014
4812;2014;908;2014
5962;2014;1560;2014
4461;2014;5133;2014
8511;2014;403;2014
9013;2014;968;2014
3078;2014;388;2014
3393;2014;18058;2014
0182;2014;2742;2014
4192;2014;388;2014
2629;2014;1599;2014
7555;2014;11582;2014
4018;2014;12006;2014
9870;2014;618;2014
4596;2014;11719;2014
5906;2014;1578;2014
8802;2014;4441;2014
5331;2014;2805;2014
5945;2014;7659;2014
9508;2014;1549;2014
6887;2014;3133;2014
5333;2014;15272;2014
2114;2014;51258;2014
9602;2014;8470;2014
2091;2014;3444;2014
8565;2014;5957;2014
7407;2014;19844;2014
1525;2014;4573;2014
9790;2014;1506;2014
7586;2014;4390;2014
8809;2014;15111;2014
7045;2014;2213;2014
6729;2014;6317;2014
8756;2014;11963;2014
1433;2014;338;2014
5471;2014;407;2014
3790;2014;1785;2014
5680;2014;2225;2014
7145;2014;783;2014
6768;2014;1376;2014
5349;2014;8531;2014
5859;2014;1730;2014
5139;2014;432;2014
8489;2014;5161;2014
8009;2014;734;2014
3167;2014;770;2014
6380;2014;753;2014
5447;2014;917;2014
5624;2014;1378;2014
4292;2014;1193;2014
8083;2014;357;2014
7064;2014;1673;2014
3894;2014;156;2014
9784;2014;542;2014
1987;2014;128;2014
7896;2014;1297;2014
8538;2014;245;2014
4723;2014;954;2014
2497;2014;1367;2014
4296;2014;199;2014
8761;2014;651;2014
5616;2014;672;2014
1728;2014;1936;2014
8862;2014;3179;2014
1501;2014;21784;2014
3726;2014;696;2014
7115;2014;1012;2014
3511;2014;1812;2014
1461;2014;1044;2014
4490;2014;2465;2014
0189;2014;555;2014
2123;2014;2200;2014
9625;2014;1603;2014
7337;2014;867;2014
8320;2014;290;2014
5840;2014;463;2014
4436;2014;771;2014
4825;2014;340;2014
7364;2014;728;2014
6597;2014;2377;2014
2126;2014;1111;2014
6623;2014;943;2014
6049;2014;554;2014
3409;2014;1100;2014
9457;2014;527;2014
9289;2014;1460;2014
1965;2014;659;2014
5895;2014;369;2014
0760;2014;275;2014
9353;2014;703;2014
3179;2014;728;2014
3166;2014;2416;2014
7037;2014;714;2014
4518;2014;11229;2014
8469;2014;2789;2014
2051;2014;459;2014
8673;2014;271;2014
4520;2014;1462;2014
3604;2014;357;2014
9623;2014;4014;2014
5295;2014;902;2014
3723;2014;400;2014
3433;2014;342;2014
5735;2014;87;2014
0966;2014;1322;2014
5116;2014;670;2014
2197;2014;693;2014
7239;2014;151;2014
4117;2014;1602;2014
5886;2014;157;2014
0266;2014;1346;2014
2534;2014;9228;2014
5970;2014;2714;2014
4817;2014;914;2014
4597;2014;4490;2014
8205;2014;495;2014
4582;2014;775;2014
6423;2014;943;2014
2346;2014;4865;2014
6808;2014;1108;2014
6691;2014;1577;2014
0619;2014;453;2014
9861;2014;4245;2014
1972;2014;746;2014
5004;2014;1812;2014
0142;2014;677;2014
1807;2014;1225;2014
5715;2014;501;2014
9653;2014;1810;2014
8665;2014;358;2014
4698;2014;1241;2014
5723;2014;31154;2014
3276;2014;1497;2014
8160;2014;318;2014
8471;2014;2255;2014
3157;2014;261;2014
1091;2014;2142;2014
4581;2014;673;2014
2826;2014;3103;2014
3569;2014;2733;2014
2151;2014;4876;2014
0500;2014;353;2014
7954;2014;2416;2014
4749;2014;2514;2014
4676;2014;1534;2014
4524;2014;2170;2014
8527;2014;1790;2014
0628;2014;453;2014
6128;2014;182;2014
1726;2014;941;2014
3563;2014;831;2014
3786;2014;335;2014
8199;2014;2260;2014
7514;2014;517;2014
0044;2014;221;2014
8589;2014;2431;2014
3402;2014;391;2014
0943;2014;165;2014
8006;2014;10280;2014
7998;2014;992;2014
5843;2014;1178;2014
8464;2014;565;2014
2388;2014;2903;2014
0735;2014;803;2014
6098;2014;316;2014
7001;2014;1667;2014
6511;2014;327;2014
8094;2014;1151;2014
5607;2014;1090;2014
9310;2014;370;2014
1807;2014;309;2014
2425;2014;122;2014
0155;2014;7941;2014
8744;2014;465;2014
7929;2014;844;2014
7513;2014;1921;2014
0198;2014;663;2014
4744;2014;171;2014
1594;2014;516;2014
7228;2014;196;2014
4624;2014;1133;2014
8487;2014;259;2014
7826;2014;350;2014
8868;2014;3344;2014
3890;2014;1174;2014
6883;2014;44830;2014
8452;2014;943;2014
3451;2014;897;2014
4533;2014;2059;2014
5573;2014;136;2014
2001;2014;368;2014
8025;2014;1172;2014
5139;2014;162;2014
1210;2014;7714;2014
5955;2014;192;2014
8608;2014;443;2014
9021;2014;842;2014
6248;2014;3506;2014
5718;2014;649;2014
9876;2014;2902;2014
7819;2014;1899;2014
7338;2014;14698;2014
6006;2014;1564;2014
0096;2014;336;2014
6492;2014;465;2014
0694;2014;693;2014
7415;2014;504;2014
4984;2014;3834;2014
2559;2014;127;2014
1389;2014;1574;2014
7653;2014;2421;2014
5560;2014;412;2014
6095;2014;543;2014
0732;2014;2149;2014
3092;2014;535;2014
6678;2014;652;2014
5025;2014;3919;2014
3909;2014;1432;2014
0973;2014;626;2014
5683;2014;1030;2014
0645;2014;4010;2014
1503;2014;2822;2014
1575;2014;1419;2014
5913;2014;518;2014
7505;2014;190;2014
2169;2014;2129;2014
0519;2014;3895;2014
3050;2014;1314;2014
2497;2014;2492;2014
1846;2014;2222;2014
8442;2014;1437;2014
0284;2014;215;2014
8493;2014;1530;2014
6512;2014;895;2014
0230;2014;93;2014
6112;2014;1638;2014
0298;2014;590;2014
5152;2014;2020;2014
2224;2014;2766;2014
6629;2014;142;2014
1400;2014;98;2014
3313;2014;731;2014
7379;2014;1385;2014
0670;2014;763;2014
7187;2014;1092;2014
2354;2014;939;2014
9799;2014;281;2014
3143;2014;2563;2014
7712;2014;215;2014
4709;2014;5847;2014
6768;2014;2466;2014
6653;2014;230;2014
1045;2014;3475;2014
2572;2014;1063;2014
4058;2014;511;2014
5859;2014;1279;2014
3978;2014;7970;2014
6991;2014;369;2014
8731;2014;195;2014
2610;2014;1424;2014
9495;2014;406;2014
4736;2014;1231;2014
6137;2014;1099;2014
2316;2014;1568;2014
6724;2014;3234;2014
2859;2014;2882;2014
9795;2014;2344;2014
0377;2014;4088;2014
5617;2014;2463;2014
6195;2014;5120;2014
3496;2014;1312;2014
2278;2014;3276;2014
8240;2014;3489;2014
9534;2014;4629;2014
1176;2014;2941;2014
5889;2014;5243;2014
1002;2014;14030;2014
7853;2014;1482;2014
7127;2014;833;2014
6640;2014;12826;2014
5476;2014;4473;2014
7243;2014;483;2014
5941;2014;2569;2014
7419;2014;3829;2014
6953;2014;2400;2014
2704;2014;3926;2014
0639;2014;7685;2014
3179;2014;1719;2014
7688;2014;1213;2014
6179;2014;4795;2014
8068;2014;252;2014
8932;2014;1777;2014
1833;2014;1482;2014
6954;2014;2668;2014
2583;2014;2431;2014
6556;2014;312;2014
4193;2014;1228;2014
2005;2014;726;2014
0526;2014;774;2014
6446;2014;8565;2014
4965;2014;2446;2014
3023;2014;2687;2014
1445;2014;2413;2014
0331;2014;1993;2014
6052;2014;125;2014
1348;2014;48011;2014
2384;2014;2167;2014
9135;2014;4937;2014
8954;2014;4279;2014
3309;2014;10405;2014
5859;2014;377;2014
0634;2014;14594;2014
5189;2014;8741;2014
4294;2014;479;2014
1193;2014;3554;2014
0584;2014;1963;2014
7993;2014;2597;2014
6072;2014;4233;2014
7102;2014;38;2014
5135;2014;3679;2014
9575;2014;8788;2014
0910;2014;6320;2014
0004;2014;7108;2014
6963;2014;1193;2014
4936;2014;4841;2014
5630;2014;3929;2014
1968;2014;377;2014
9972;2014;139;2014
7839;2014;2016;2014
2143;2014;1805;2014
6837;2014;1011;2014
1001;2014;2154;2014
6353;2014;2290;2014
4254;2014;2247;2014
7003;2014;6244;2014
8248;2014;3192;2014
5704;2014;2917;2014
8344;2014;2201;2014
2057;2014;2407;2014
2907;2014;2857;2014
1084;2014;145;2014
6290;2014;1745;2014
7516;2014;552;2014
9668;2014;2070;2014
7081;2014;171;2014
2463;2014;3452;2014
5992;2014;11741;2014
5679;2014;798;2014
7993;2014;317;2014
1157;2014;2829;2014
6085;2014;306;2014
6049;2014;2107;2014
4653;2014;5746;2014
1986;2014;301;2014
8317;2014;1158;2014
1303;2014;1772;2014
6411;2014;4478;2014
5038;2014;2345;2014
0835;2014;2679;2014
7726;2014;678;2014
7506;2014;3003;2014
7138;2014;3125;2014
6122;2014;15072;2014
0043;2014;1611;2014
6782;2014;3063;2014
3232;2014;1625;2014
9782;2014;4703;2014
0381;2014;2669;2014
0970;2014;824;2014
0980;2014;2244;2014
0688;2014;2189;2014
8695;2014;15644;2014
8023;2014;2221;2014
6998;2014;2940;2014
9361;2014;1201;2014
5317;2014;217;2014
6782;2014;1564;2014
0319;2014;2228;2014
3971;2014;2314;2014
0109;2014;1252;2014
9213;2014;2675;2014
4374;2014;2692;2014
3711;2014;2588;2014
3786;2014;44002;2014
4503;2014;7462;2014
7452;2014;65;2014
2472;2014;1429;2014
8334;2014;3187;2014
2024;2014;1670;2014
4767;2014;4471;2014
3856;2014;471;2014
7302;2014;1794;2014
5212;2014;2309;2014
5790;2014;5742;2014
7830;2014;2063;2014
4968;2014;1837;2014
5250;2014;1429;2014
2653;2014;1748;2014
3749;2014;2640;2014
9657;2014;1845;2014
1484;2014;3649;2014
5620;2014;3495;2014
0529;2014;13066;2014
5321;2014;1938;2014
7459;2014;2021;2014
0154;2014;1899;2014
8190;2014;3799;2014
8206;2014;3303;2014
0684;2014;6079;2014
2567;2014;895;2014
3773;2014;1554;2014
0146;2014;1670;2014
4986;2014;1813;2014
8824;2014;7217;2014
1698;2014;19282;2014
1953;2014;17022;2014
7666;2014;10340;2014
8499;2014;1155;2014
3450;2014;12881;2014
8400;2014;1417;2014
0985;2014;3455;2014
3216;2014;2257;2014
9373;2014;1039;2014
2495;2014;3302;2014
4400;2014;6964;2014
5208;2014;35009;2014
7915;2014;146021;2014
2646;2014;3117;2014
6958;2014;5548;2014
3734;2014;9351;2014
0587;2014;21726;2014
3019;2014;10013;2014
6767;2014;434;2014
2755;2014;853;2014
8381;2014;7197;2014
8034;2014;2948;2014
1360;2014;3011;2014
7408;2014;2160;2014
5887;2014;1109;2014
7351;2014;5105;2014
6654;2014;3136;2014
4275;2014;14398;2014
7758;2014;18311;2014
9995;2014;9917;2014
3521;2014;190994;2014
1066;2014;9842;2014
3768;2014;5990;2014
3109;2014;2276;2014
3762;2014;1646;2014
7254;2014;664;2014
6721;2014;2727;2014
0630;2014;1050;2014
9655;2014;1152;2014
0449;2014;2933;2014
6808;2014;14963;2014
2012;2014;5444;2014
9947;2014;59552;2014
4250;2014;3156;2014
6858;2014;10469;2014
6438;2014;17438;2014
6315;2014;3512;2014
7896;2014;6544;2014
4826;2014;1244;2014
3481;2014;9203;2014
8880;2014;3367;2014
9243;2014;5639;2014
9108;2014;2173;2014
8517;2014;834;2014
3117;2014;2168;2014
9212;2014;1272;2014
2595;2014;3209;2014
5577;2014;6565;2014
3549;2014;881;2014
6322;2014;1888;2014
2495;2014;2382;2014
3219;2014;1428;2014
9223;2014;3905;2014
6890;2014;656;2014
1225;2014;1021;2014
9691;2014;3264;2014
4627;2014;1221;2014
4447;2014;2225;2014
5938;2014;2061;2014
0030;2014;2237;2014
5038;2014;5439;2014
8395;2014;1840;2014
8975;2014;1422;2014
6319;2014;1952;2014
7009;2014;1658;2014
2254;2014;2276;2014
8113;2014;4149;2014
6692;2014;1930;2014
1519;2014;3529;2014
9325;2014;2162;2014
6532;2014;6741;2014
4089;2014;753;2014
3653;2014;1718;2014
3029;2014;1311;2014
2468;2014;6292;2014
9491;2014;1292;2014
8879;2014;9133;2014
7004;2014;1166;2014
5057;2014;1031;2014
5378;2014;4785;2014
8427;2014;4612;2014
3367;2014;4325;2014
7892;2014;2183;2014
5345;2014;2499;2014
3959;2014;1339;2014
6586;2014;3046;2014
5725;2014;6771;2014
8328;2014;982;2014
5926;2014;1181;2014
4369;2014;2424;2014
6462;2014;832;2014
4235;2014;1448;2014
1798;2014;2569;2014
6604;2014;6472;2014
6406;2014;702;2014
2027;2014;1077;2014
5709;2014;32703;2014
3751;2014;763;2014
7735;2014;1765;2014
4549;2014;2012;2014
1815;2014;436;2014
6569;2014;442;2014
5995;2014;2006;2014
6126;2014;250;2014
1563;2014;109;2014
2735;2014;907;2014
4656;2014;473;2014
1002;2014;4969;2014
5046;2014;742;2014
1292;2014;538;2014
5514;2014;1465;2014
9948;2014;223;2014
2233;2014;714;2014
0676;2014;659;2014
9645;2014;1691;2014
4193;2014;973;2014
5335;2014;5188;2014
2565;2014;182;2014
5227;2014;3434;2014
0681;2014;261;2014
1858;2014;333;2014
6545;2014;594;2014
2573;2014;643;2014
2167;2014;724;2014
8738;2014;4637;2014
5753;2014;1419;2014
7884;2014;100;2014
8911;2014;18174;2014
6091;2014;995;2014
3176;2014;137;2014
6467;2014;442;2014
8976;2014;190;2014
6546;2014;2411;2014
5784;2014;972;2014
2127;2014;7836;2014
2848;2014;230;2014
9219;2014;111;2014
1531;2014;250;2014
5680;2014;566;2014
4114;2014;393;2014
1763;2014;1472;2014
3537;2014;1564;2014
0549;2014;129;2014
9947;2014;2216;2014
1750;2014;370;2014
1483;2014;1256;2014
1708;2014;419;2014
7997;2014;899;2014
4390;2014;878;2014
3719;2014;15350;2014
9194;2014;3437;2014
3658;2014;1142;2014
5656;2014;1524;2014
6720;2014;2605;2014
8796;2014;762;2014
9024;2014;578;2014
1628;2014;2080;2014
3948;2014;266;2014
3739;2014;393;2014
1522;2014;773;2014
6756;2014;1352;2014
7054;2014;1263;2014
4181;2014;156;2014
3592;2014;4878;2014
7687;2014;774;2014
9006;2014;401;2014
6013;2014;193;2014
7344;2014;1661;2014
8893;2014;1270;2014
7344;2014;416;2014
7665;2014;2078;2014
4934;2014;30790;2014
6649;2014;160;2014
3806;2014;1194;2014
7332;2014;6715;2014
3834;2014;259;2014
6245;2014;1748;2014
3046;2014;1569;2014
1899;2014;1197;2014
9892;2014;1896;2014
8505;2014;12904;2014
3026;2014;1863;2014
8768;2014;2814;2014
8973;2014;790;2014
8381;2014;3897;2014
2785;2014;5113;2014
8371;2014;4171;2014
4285;2014;2380;2014
0129;2014;11163;2014
5196;2014;3375;2014
0697;2014;1891;2014
5852;2014;2594;2014
8220;2014;2470;2014
6361;2014;57556;2014
6111;2014;3349;2014
9960;2014;2136;2014
4411;2014;4139;2014
6928;2014;1564;2014
2847;2014;5127;2014
5989;2014;4764;2014
2468;2014;2283;2014
8176;2014;14212;2014
0008;2014;2219;2014
4860;2014;2485;2014
4258;2014;4008;2014
8973;2014;3659;2014
3890;2014;1834;2014
6497;2014;564;2014
4900;2014;1474;2014
1613;2014;1279;2014
1320;2014;2166;2014
4051;2014;3203;2014
1687;2014;5431;2014
3735;2014;1271;2014
8669;2014;2214;2014
8140;2014;818;2014
7449;2014;1970;2014
2049;2014;1338;2014
6731;2014;1055;2014
6501;2014;3881;2014
2850;2014;11033;2014
9802;2014;1121;2014
4109;2014;1491;2014
6349;2014;1274;2014
3230;2014;574;2014
3510;2014;3313;2014
1174;2014;6439;2014
3994;2014;1293;2014
8264;2014;861;2014
1114;2014;1660;2014
5149;2014;345;2014
8295;2014;1257;2014
1869;2014;6673;2014
6654;2014;12095;2014
0416;2014;249;2014
5853;2014;1735;2014
4236;2014;2837;2014
1381;2014;652;2014
0434;2014;5200;2014
3983;2014;8755;2014
2252;2014;8527;2014
2294;2014;4115;2014
6918;2014;1219;2014
8383;2014;9149;2014
7842;2014;4927;2014
7682;2014;141;2014
0203;2014;658;2014
5857;2014;1033;2014
6009;2014;440;2014
7603;2014;559;2014
4750;2014;14089;2014
5293;2014;2779;2014
9328;2014;637;2014
5900;2014;1379;2014
3317;2014;1074;2014
0599;2014;2897;2014
5415;2014;28456;2014
1010;2014;6142;2014
5920;2014;6274;2014
1820;2014;2946;2014
4364;2014;2101;2014
0554;2014;5035;2014
2299;2014;27138;2014
6861;2014;1313;2014
2739;2014;1562;2014
8744;2014;3271;2014
5918;2014;1606;2014
4953;2014;1464;2014
8946;2014;871;2014
0899;2014;5223;2014
3709;2014;6053;2014
4841;2014;3496;2014
6787;2014;2728;2014
8946;2014;11303;2014
0024;2014;1093;2014
3876;2014;3654;2014
4283;2014;1079;2014
2176;2014;15192;2014
4676;2014;2067;2014
8631;2014;6238;2014
2455;2014;17723;2014
7560;2014;6884;2014
5372;2014;7298;2014
9338;2014;10754;2014
7578;2014;15436;2014
8948;2014;11956;2014
9323;2014;16951;2014
6128;2014;6007;2014
4121;2014;34058;2014
4317;2014;4278;2014
6337;2014;2011;2014
9166;2014;17553;2014
4702;2014;7342;2014
3932;2014;7257;2014
0780;2014;6553;2014
5157;2014;37682;2014
9549;2014;8465;2014
5081;2014;15561;2014
5060;2014;2852;2014
7540;2014;41474;2014
2805;2014;25449;2014
3149;2014;7763;2014
1171;2014;8382;2014
2860;2014;34985;2014
2958;2014;45275;2014
1826;2014;7247;2014
3083;2014;23233;2014
3185;2014;4289;2014
1093;2014;5378;2014
0867;2014;122393;2014
4764;2014;23356;2014
8456;2014;22939;2014
8844;2014;4903;2014
8878;2014;4100;2014
9685;2014;3405;2014
0449;2014;44356;2014
4024;2014;23038;2014
2630;2014;8331;2014
2018;2014;4161;2014
3378;2014;8741;2014
7508;2014;10245;2014
8480;2014;13084;2014
9793;2014;7423;2014
5554;2014;4488;2014
5184;2014;9234;2014
8648;2014;13860;2014
7181;2014;25683;2014
7763;2014;6700;2014
0384;2014;5273;2014
8153;2014;10690;2014
9772;2014;15706;2014
1611;2014;4363;2014
9725;2014;3359;2014
4940;2014;3649;2014
5319;2014;663;2014
2112;2014;1964;2014
6124;2014;3344;2014
5320;2014;37494;2014
2041;2014;986;2014
2618;2014;3356;2014
9249;2014;1177;2014
9294;2014;1434;2014
7274;2014;985;2014
7625;2014;666;2014
4054;2014;1693;2014
9920;2014;435;2014
6156;2014;1196;2014
5337;2014;847;2014
4458;2014;6947;2014
4183;2014;13004;2014
2142;2014;398;2014
6262;2014;790;2014
9216;2014;383;2014
2351;2014;2272;2014
4509;2014;2520;2014
7156;2014;8298;2014
1670;2014;440;2014
9490;2014;757;2014
3789;2014;1015;2014
3504;2014;614;2014
0749;2014;794;2014
8470;2014;2796;2014
0023;2014;2374;2014
2677;2014;1702;2014
7932;2014;15967;2014
1256;2014;25915;2014
6456;2014;2148;2014
1790;2014;1362;2014
5172;2014;17204;2014
4918;2014;2350;2014
2924;2014;377;2014
9329;2014;2083;2014
8821;2014;100236;2014
3513;2014;94538;2014
2439;2014;55126;2014
9317;2014;30494;2014
6977;2014;12012;2014
4065;2014;9181;2014
2298;2014;14692;2014
0052;2014;6668;2014
4118;2014;56144;2014
7657;2014;14613;2014
