Codice Ripartizione geografica;Codice Regione;Codice Provincia/Uts;Codice Comune (alfanumerico);Codice Comune (numerico);Comune;Comune (dizione straniera);Sigla automobilistica;Capoluogo di Provincia/Uts;Capoluogo di Regione;Popolazione legale;Anno Censimento;Superficie (Kmq);Anno (Superficie);Popolazione residente;Anno (Popolazione residente)
1;1;1;1001;1001;Agliè;;TO;0;0;2574.0;2001;13,1462;2009;2622;2009
1;1;1;1002;1002;Airasca;;TO;0;0;3554.0;2001;15,7393;2009;3786;2009
1;1;1;1003;1003;Ala di Stura;;TO;0;0;479.0;2001;46,3315;2009;457;2009
1;1;1;1004;1004;Albiano d'Ivrea;;TO;0;0;1696.0;2001;11,7314;2009;1734;2009
1;1;1;1005;1005;Alice Superiore;;TO;0;0;616.0;2001;7,3796;2009;711;2009
1;1;1;1006;1006;Almese;;TO;0;0;5658.0;2001;17,8756;2009;6314;2009
1;1;1;1007;1007;Alpette;;TO;0;0;300.0;2001;5,6261;2009;267;2009
1;1;1;1008;1008;Alpignano;;TO;0;0;16648.0;2001;11,9193;2009;17054;2009
1;1;1;1009;1009;Andezeno;;TO;0;0;1705.0;2001;7,4860;2009;2002;2009
1;1;1;1010;1010;Andrate;;TO;0;0;476.0;2001;9,3085;2009;519;2009
1;1;1;1011;1011;Angrogna;;TO;0;0;777.0;2001;38,8782;2009;888;2009
1;1;1;1012;1012;Arignano;;TO;0;0;898.0;2001;8,1668;2009;1028;2009
1;1;1;1013;1013;Avigliana;;TO;0;0;11070.0;2001;23,2172;2009;12105;2009
1;1;1;1014;1014;Azeglio;;TO;0;0;1274.0;2001;9,9605;2009;1364;2009
1;1;1;1015;1015;Bairo;;TO;0;0;788.0;2001;7,0859;2009;823;2009
1;1;1;1016;1016;Balangero;;TO;0;0;3048.0;2001;13,0063;2009;3148;2009
1;1;1;1017;1017;Baldissero Canavese;;TO;0;0;513.0;2001;4,5064;2009;518;2009
1;1;1;1018;1018;Baldissero Torinese;;TO;0;0;3244.0;2001;15,4054;2009;3737;2009
1;1;1;1019;1019;Balme;;TO;0;0;101.0;2001;62,7105;2009;101;2009
1;1;1;1020;1020;Banchette;;TO;0;0;3427.0;2001;2,0289;2009;3344;2009
1;1;1;1021;1021;Barbania;;TO;0;0;1479.0;2001;12,8027;2009;1588;2009
1;1;1;1022;1022;Bardonecchia;;TO;0;0;3038.0;2001;132,2029;2009;3189;2009
1;1;1;1023;1023;Barone Canavese;;TO;0;0;588.0;2001;3,9864;2009;608;2009
1;1;1;1024;1024;Beinasco;;TO;0;0;18198.0;2001;6,7343;2009;18146;2009
1;1;1;1025;1025;Bibiana;;TO;0;0;2856.0;2001;18,5979;2009;3382;2009
1;1;1;1026;1026;Bobbio Pellice;;TO;0;0;598.0;2001;94,0819;2009;583;2009
1;1;1;1027;1027;Bollengo;;TO;0;0;1997.0;2001;14,2234;2009;2076;2009
1;1;1;1028;1028;Borgaro Torinese;;TO;0;0;12757.0;2001;14,3261;2009;13548;2009
1;1;1;1029;1029;Borgiallo;;TO;0;0;496.0;2001;6,9648;2009;549;2009
1;1;1;1030;1030;Borgofranco d'Ivrea;;TO;0;0;3631.0;2001;13,4189;2009;3716;2009
1;1;1;1031;1031;Borgomasino;;TO;0;0;784.0;2001;12,3712;2009;838;2009
1;1;1;1032;1032;Borgone Susa;;TO;0;0;2227.0;2001;4,9617;2009;2369;2009
1;1;1;1033;1033;Bosconero;;TO;0;0;2927.0;2001;10,9191;2009;3103;2009
1;1;1;1034;1034;Brandizzo;;TO;0;0;7430.0;2001;6,2914;2009;8154;2009
1;1;1;1035;1035;Bricherasio;;TO;0;0;4020.0;2001;22,7585;2009;4357;2009
1;1;1;1036;1036;Brosso;;TO;0;0;474.0;2001;11,1350;2009;482;2009
1;1;1;1037;1037;Brozolo;;TO;0;0;435.0;2001;8,9504;2009;482;2009
1;1;1;1038;1038;Bruino;;TO;0;0;7308.0;2001;5,5701;2009;8483;2009
1;1;1;1039;1039;Brusasco;;TO;0;0;1664.0;2001;14,3592;2009;1730;2009
1;1;1;1040;1040;Bruzolo;;TO;0;0;1337.0;2001;12,5838;2009;1527;2009
1;1;1;1041;1041;Buriasco;;TO;0;0;1304.0;2001;14,6868;2009;1409;2009
1;1;1;1042;1042;Burolo;;TO;0;0;1349.0;2001;5,4760;2009;1276;2009
1;1;1;1043;1043;Busano;;TO;0;0;1367.0;2001;5,0643;2009;1537;2009
1;1;1;1044;1044;Bussoleno;;TO;0;0;6457.0;2001;37,1004;2009;6513;2009
1;1;1;1045;1045;Buttigliera Alta;;TO;0;0;6541.0;2001;8,0973;2009;6486;2009
1;1;1;1046;1046;Cafasse;;TO;0;0;3516.0;2001;10,2312;2009;3559;2009
1;1;1;1047;1047;Caluso;;TO;0;0;7132.0;2001;39,4925;2009;7490;2009
1;1;1;1048;1048;Cambiano;;TO;0;0;5799.0;2001;14,1314;2009;6310;2009
1;1;1;1049;1049;Campiglione Fenile;;TO;0;0;1284.0;2001;11,0864;2009;1397;2009
1;1;1;1050;1050;Candia Canavese;;TO;0;0;1302.0;2001;9,1317;2009;1293;2009
1;1;1;1051;1051;Candiolo;;TO;0;0;5113.0;2001;11,8499;2009;5618;2009
1;1;1;1052;1052;Canischio;;TO;0;0;274.0;2001;11,9505;2009;322;2009
1;1;1;1053;1053;Cantalupa;;TO;0;0;2073.0;2001;11,1953;2009;2536;2009
1;1;1;1054;1054;Cantoira;;TO;0;0;544.0;2001;23,0319;2009;557;2009
1;1;1;1055;1055;Caprie;;TO;0;0;1883.0;2001;16,4066;2009;2125;2009
1;1;1;1056;1056;Caravino;;TO;0;0;1008.0;2001;11,5371;2009;1018;2009
1;1;1;1057;1057;Carema;;TO;0;0;770.0;2001;10,2578;2009;768;2009
1;1;1;1058;1058;Carignano;;TO;0;0;8647.0;2001;50,6894;2009;9169;2009
1;1;1;1059;1059;Carmagnola;;TO;0;0;24911.0;2001;95,7149;2009;28103;2009
1;1;1;1060;1060;Casalborgone;;TO;0;0;1704.0;2001;20,1250;2009;1829;2009
1;1;1;1061;1061;Cascinette d'Ivrea;;TO;0;0;1449.0;2001;2,1726;2009;1473;2009
1;1;1;1062;1062;Caselette;;TO;0;0;2643.0;2001;14,3137;2009;2850;2009
1;1;1;1063;1063;Caselle Torinese;;TO;0;0;15857.0;2001;28,7115;2009;17865;2009
1;1;1;1064;1064;Castagneto Po;;TO;0;0;1425.0;2001;11,4732;2009;1760;2009
1;1;1;1065;1065;Castagnole Piemonte;;TO;0;0;1875.0;2001;17,2796;2009;2177;2009
1;1;1;1066;1066;Castellamonte;;TO;0;0;8979.0;2001;38,7063;2009;9972;2009
1;1;1;1067;1067;Castelnuovo Nigra;;TO;0;0;440.0;2001;28,3756;2009;432;2009
1;1;1;1068;1068;Castiglione Torinese;;TO;0;0;5480.0;2001;14,1346;2009;6295;2009
1;1;1;1069;1069;Cavagnolo;;TO;0;0;2281.0;2001;12,3285;2009;2382;2009
1;1;1;1070;1070;Cavour;;TO;0;0;5283.0;2001;48,9591;2009;5567;2009
1;1;1;1071;1071;Cercenasco;;TO;0;0;1774.0;2001;13,1595;2009;1848;2009
1;1;1;1072;1072;Ceres;;TO;0;0;1030.0;2001;28,0516;2009;1085;2009
1;1;1;1073;1073;Ceresole Reale;;TO;0;0;160.0;2001;99,8139;2009;172;2009
1;1;1;1074;1074;Cesana Torinese;;TO;0;0;956.0;2001;121,7001;2009;950;2009
1;1;1;1075;1075;Chialamberto;;TO;0;0;362.0;2001;35,4478;2009;347;2009
1;1;1;1076;1076;Chianocco;;TO;0;0;1690.0;2001;18,5698;2009;1670;2009
1;1;1;1077;1077;Chiaverano;;TO;0;0;2198.0;2001;12,0221;2009;2175;2009
1;1;1;1078;1078;Chieri;;TO;0;0;32868.0;2001;54,1975;2009;35791;2009
1;1;1;1079;1079;Chiesanuova;;TO;0;0;199.0;2001;4,1189;2009;226;2009
1;1;1;1080;1080;Chiomonte;;TO;0;0;1011.0;2001;26,7549;2009;972;2009
1;1;1;1081;1081;Chiusa di San Michele;;TO;0;0;1602.0;2001;5,9165;2009;1689;2009
1;1;1;1082;1082;Chivasso;;TO;0;0;23648.0;2001;51,2378;2009;25697;2009
1;1;1;1083;1083;Ciconio;;TO;0;0;345.0;2001;3,1638;2009;365;2009
1;1;1;1084;1084;Cintano;;TO;0;0;244.0;2001;4,9345;2009;191;2009
1;1;1;1085;1085;Cinzano;;TO;0;0;331.0;2001;6,1962;2009;385;2009
1;1;1;1086;1086;Ciriè;;TO;0;0;18188.0;2001;17,7329;2009;18691;2009
1;1;1;1087;1087;Claviere;;TO;0;0;163.0;2001;2,6872;2009;197;2009
1;1;1;1088;1088;Coassolo Torinese;;TO;0;0;1470.0;2001;27,8788;2009;1563;2009
1;1;1;1089;1089;Coazze;;TO;0;0;2889.0;2001;56,5727;2009;3255;2009
1;1;1;1090;1090;Collegno;;TO;0;0;46641.0;2001;18,0993;2009;49734;2009
1;1;1;1091;1091;Colleretto Castelnuovo;;TO;0;0;316.0;2001;6,3321;2009;348;2009
1;1;1;1092;1092;Colleretto Giacosa;;TO;0;0;627.0;2001;4,5894;2009;618;2009
1;1;1;1093;1093;Condove;;TO;0;0;4380.0;2001;71,1131;2009;4673;2009
1;1;1;1094;1094;Corio;;TO;0;0;3163.0;2001;41,4914;2009;3354;2009
1;1;1;1095;1095;Cossano Canavese;;TO;0;0;550.0;2001;3,2384;2009;547;2009
1;1;1;1096;1096;Cuceglio;;TO;0;0;925.0;2001;6,8709;2009;988;2009
1;1;1;1097;1097;Cumiana;;TO;0;0;6846.0;2001;60,7335;2009;7837;2009
1;1;1;1098;1098;Cuorgnè;;TO;0;0;10032.0;2001;19,3133;2009;10121;2009
1;1;1;1099;1099;Druento;;TO;0;0;8235.0;2001;27,5395;2009;8435;2009
1;1;1;1100;1100;Exilles;;TO;0;0;284.0;2001;46,5474;2009;260;2009
1;1;1;1101;1101;Favria;;TO;0;0;4324.0;2001;14,8499;2009;5221;2009
1;1;1;1102;1102;Feletto;;TO;0;0;2344.0;2001;7,8929;2009;2348;2009
1;1;1;1103;1103;Fenestrelle;;TO;0;0;615.0;2001;49,4091;2009;568;2009
1;1;1;1104;1104;Fiano;;TO;0;0;2558.0;2001;12,0415;2009;2760;2009
1;1;1;1105;1105;Fiorano Canavese;;TO;0;0;868.0;2001;4,3457;2009;892;2009
1;1;1;1106;1106;Foglizzo;;TO;0;0;2183.0;2001;15,6427;2009;2319;2009
1;1;1;1107;1107;Forno Canavese;;TO;0;0;3716.0;2001;16,5075;2009;3669;2009
1;1;1;1108;1108;Frassinetto;;TO;0;0;287.0;2001;24,8185;2009;281;2009
1;1;1;1109;1109;Front;;TO;0;0;1628.0;2001;10,9482;2009;1740;2009
1;1;1;1110;1110;Frossasco;;TO;0;0;2707.0;2001;20,1488;2009;2867;2009
1;1;1;1111;1111;Garzigliana;;TO;0;0;544.0;2001;7,4018;2009;563;2009
1;1;1;1112;1112;Gassino Torinese;;TO;0;0;9015.0;2001;20,5108;2009;9461;2009
1;1;1;1113;1113;Germagnano;;TO;0;0;1294.0;2001;14,4442;2009;1299;2009
1;1;1;1114;1114;Giaglione;;TO;0;0;692.0;2001;33,3833;2009;657;2009
1;1;1;1115;1115;Giaveno;;TO;0;0;14554.0;2001;71,7376;2009;16438;2009
1;1;1;1116;1116;Givoletto;;TO;0;0;2188.0;2001;12,8200;2009;3306;2009
1;1;1;1117;1117;Gravere;;TO;0;0;682.0;2001;18,9870;2009;746;2009
1;1;1;1118;1118;Groscavallo;;TO;0;0;214.0;2001;92,0935;2009;191;2009
1;1;1;1119;1119;Grosso;;TO;0;0;988.0;2001;4,3296;2009;1048;2009
1;1;1;1120;1120;Grugliasco;;TO;0;0;38725.0;2001;13,1321;2009;37294;2009
1;1;1;1121;1121;Ingria;;TO;0;0;61.0;2001;14,7506;2009;51;2009
1;1;1;1122;1122;Inverso Pinasca;;TO;0;0;659.0;2001;8,0292;2009;738;2009
1;1;1;1123;1123;Isolabella;;TO;0;0;398.0;2001;4,7716;2009;399;2009
1;1;1;1124;1124;Issiglio;;TO;0;0;402.0;2001;5,5042;2009;422;2009
1;1;1;1125;1125;Ivrea;;TO;0;0;23536.0;2001;30,1075;2009;24042;2009
1;1;1;1126;1126;La Cassa;;TO;0;0;1326.0;2001;12,0353;2009;1788;2009
1;1;1;1127;1127;La Loggia;;TO;0;0;6485.0;2001;12,7825;2009;8125;2009
1;1;1;1128;1128;Lanzo Torinese;;TO;0;0;5141.0;2001;10,2876;2009;5271;2009
1;1;1;1129;1129;Lauriano;;TO;0;0;1398.0;2001;14,2900;2009;1553;2009
1;1;1;1130;1130;Leini;;TO;0;0;11946.0;2001;32,4355;2009;14958;2009
1;1;1;1131;1131;Lemie;;TO;0;0;218.0;2001;45,6753;2009;187;2009
1;1;1;1132;1132;Lessolo;;TO;0;0;1956.0;2001;7,9366;2009;2026;2009
1;1;1;1133;1133;Levone;;TO;0;0;491.0;2001;5,3912;2009;467;2009
1;1;1;1134;1134;Locana;;TO;0;0;1806.0;2001;132,5162;2009;1665;2009
1;1;1;1135;1135;Lombardore;;TO;0;0;1511.0;2001;12,7158;2009;1651;2009
1;1;1;1136;1136;Lombriasco;;TO;0;0;1004.0;2001;7,2096;2009;1072;2009
1;1;1;1137;1137;Loranzè;;TO;0;0;1003.0;2001;4,1914;2009;1098;2009
1;1;1;1138;1138;Lugnacco;;TO;0;0;338.0;2001;4,8835;2009;391;2009
1;1;1;1139;1139;Luserna San Giovanni;;TO;0;0;7866.0;2001;17,7414;2009;7746;2009
1;1;1;1140;1140;Lusernetta;;TO;0;0;496.0;2001;7,0398;2009;523;2009
1;1;1;1141;1141;Lusigliè;;TO;0;0;536.0;2001;5,2585;2009;561;2009
1;1;1;1142;1142;Macello;;TO;0;0;1153.0;2001;14,1404;2009;1254;2009
1;1;1;1143;1143;Maglione;;TO;0;0;488.0;2001;6,3129;2009;494;2009
1;1;1;1144;1144;Marentino;;TO;0;0;1190.0;2001;11,2593;2009;1450;2009
1;1;1;1145;1145;Massello;;TO;0;0;74.0;2001;38,2587;2009;59;2009
1;1;1;1146;1146;Mathi;;TO;0;0;3970.0;2001;7,0706;2009;3983;2009
1;1;1;1147;1147;Mattie;;TO;0;0;702.0;2001;28,6942;2009;741;2009
1;1;1;1148;1148;Mazzè;;TO;0;0;3973.0;2001;27,3424;2009;4195;2009
1;1;1;1149;1149;Meana di Susa;;TO;0;0;921.0;2001;16,5439;2009;913;2009
1;1;1;1150;1150;Mercenasco;;TO;0;0;1186.0;2001;12,6383;2009;1223;2009
1;1;1;1151;1151;Meugliano;;TO;0;0;109.0;2001;4,4420;2009;107;2009
1;1;1;1152;1152;Mezzenile;;TO;0;0;900.0;2001;29,0871;2009;854;2009
1;1;1;1153;1153;Mombello di Torino;;TO;0;0;395.0;2001;4,0825;2009;395;2009
1;1;1;1154;1154;Mompantero;;TO;0;0;668.0;2001;30,3332;2009;679;2009
1;1;1;1155;1155;Monastero di Lanzo;;TO;0;0;428.0;2001;17,6554;2009;392;2009
1;1;1;1156;1156;Moncalieri;;TO;0;0;53350.0;2001;47,5288;2009;56714;2009
1;1;1;1157;1157;Moncenisio;;TO;0;0;46.0;2001;4,5007;2009;41;2009
1;1;1;1158;1158;Montaldo Torinese;;TO;0;0;589.0;2001;4,6567;2009;640;2009
1;1;1;1159;1159;Montalenghe;;TO;0;0;890.0;2001;6,4681;2009;989;2009
1;1;1;1160;1160;Montalto Dora;;TO;0;0;3465.0;2001;7,3567;2009;3526;2009
1;1;1;1161;1161;Montanaro;;TO;0;0;5274.0;2001;20,9036;2009;5430;2009
1;1;1;1162;1162;Monteu da Po;;TO;0;0;828.0;2001;7,3896;2009;871;2009
1;1;1;1163;1163;Moriondo Torinese;;TO;0;0;763.0;2001;6,4895;2009;810;2009
1;1;1;1164;1164;Nichelino;;TO;0;0;47791.0;2001;20,5625;2009;48583;2009
1;1;1;1165;1165;Noasca;;TO;0;0;202.0;2001;78,0453;2009;183;2009
1;1;1;1166;1166;Nole;;TO;0;0;6242.0;2001;11,3531;2009;6859;2009
1;1;1;1167;1167;Nomaglio;;TO;0;0;333.0;2001;3,0743;2009;322;2009
1;1;1;1168;1168;;;TO;0;0;7761.0;2001;24,6422;2009;7859;2009
1;1;1;1169;1169;Novalesa;;TO;0;0;549.0;2001;28,5542;2009;578;2009
1;1;1;1170;1170;Oglianico;;TO;0;0;1291.0;2001;6,3030;2009;1444;2009
1;1;1;1171;1171;Orbassano;;TO;0;0;21581.0;2001;22,2079;2009;22095;2009
1;1;1;1172;1172;Orio Canavese;;TO;0;0;781.0;2001;7,1541;2009;839;2009
1;1;1;1173;1173;Osasco;;TO;0;0;944.0;2001;5,4885;2009;1133;2009
1;1;1;1174;1174;Osasio;;TO;0;0;738.0;2001;4,5770;2009;899;2009
1;1;1;1175;1175;Oulx;;TO;0;0;2657.0;2001;99,7857;2009;3176;2009
1;1;1;1176;1176;Ozegna;;TO;0;0;1172.0;2001;5,4058;2009;1228;2009
1;1;1;1177;1177;Palazzo Canavese;;TO;0;0;782.0;2001;5,0819;2009;852;2009
1;1;1;1178;1178;Pancalieri;;TO;0;0;1884.0;2001;15,8878;2009;1959;2009
1;1;1;1179;1179;Parella;;TO;0;0;473.0;2001;2,6886;2009;492;2009
1;1;1;1180;1180;Pavarolo;;TO;0;0;920.0;2001;4,4056;2009;1117;2009
1;1;1;1181;1181;Pavone Canavese;;TO;0;0;3776.0;2001;11,5400;2009;3846;2009
1;1;1;1182;1182;Pecco;;TO;0;0;224.0;2001;1,5680;2009;228;2009
1;1;1;1183;1183;Pecetto Torinese;;TO;0;0;3690.0;2001;9,1730;2009;3875;2009
1;1;1;1184;1184;Perosa Argentina;;TO;0;0;3731.0;2001;26,0906;2009;3416;2009
1;1;1;1185;1185;Perosa Canavese;;TO;0;0;559.0;2001;4,7080;2009;567;2009
1;1;1;1186;1186;Perrero;;TO;0;0;773.0;2001;63,1830;2009;743;2009
1;1;1;1187;1187;Pertusio;;TO;0;0;699.0;2001;4,0041;2009;787;2009
1;1;1;1188;1188;Pessinetto;;TO;0;0;607.0;2001;5,3498;2009;636;2009
1;1;1;1189;1189;Pianezza;;TO;0;0;11236.0;2001;16,4634;2009;13824;2009
1;1;1;1190;1190;Pinasca;;TO;0;0;2952.0;2001;34,7183;2009;3081;2009
1;1;1;1191;1191;Pinerolo;;TO;0;0;33494.0;2001;50,3376;2009;35366;2009
1;1;1;1192;1192;Pino Torinese;;TO;0;0;8234.0;2001;21,8196;2009;8518;2009
1;1;1;1193;1193;Piobesi Torinese;;TO;0;0;3232.0;2001;19,6488;2009;3641;2009
1;1;1;1194;1194;Piossasco;;TO;0;0;16138.0;2001;40,1459;2009;18125;2009
1;1;1;1195;1195;Piscina;;TO;0;0;3146.0;2001;9,9034;2009;3406;2009
1;1;1;1196;1196;Piverone;;TO;0;0;1262.0;2001;11,0343;2009;1355;2009
1;1;1;1197;1197;Poirino;;TO;0;0;8962.0;2001;75,6186;2009;10179;2009
1;1;1;1198;1198;Pomaretto;;TO;0;0;1084.0;2001;8,5611;2009;1111;2009
1;1;1;1199;1199;Pont Canavese;;TO;0;0;3778.0;2001;19,0609;2009;3759;2009
1;1;1;1200;1200;Porte;;TO;0;0;940.0;2001;4,4476;2009;1100;2009
1;1;1;1201;1201;Pragelato;;TO;0;0;448.0;2001;89,2017;2009;764;2009
1;1;1;1202;1202;Prali;;TO;0;0;312.0;2001;72,6092;2009;273;2009
1;1;1;1203;1203;Pralormo;;TO;0;0;1801.0;2001;29,8455;2009;1896;2009
1;1;1;1204;1204;Pramollo;;TO;0;0;258.0;2001;22,4785;2009;243;2009
1;1;1;1205;1205;Prarostino;;TO;0;0;1224.0;2001;10,5052;2009;1284;2009
1;1;1;1206;1206;Prascorsano;;TO;0;0;756.0;2001;6,2419;2009;797;2009
1;1;1;1207;1207;Pratiglione;;TO;0;0;601.0;2001;7,8803;2009;586;2009
1;1;1;1208;1208;Quagliuzzo;;TO;0;0;321.0;2001;2,0380;2009;336;2009
1;1;1;1209;1209;Quassolo;;TO;0;0;403.0;2001;3,9559;2009;368;2009
1;1;1;1210;1210;Quincinetto;;TO;0;0;1080.0;2001;17,7868;2009;1077;2009
1;1;1;1211;1211;Reano;;TO;0;0;1437.0;2001;6,6658;2009;1666;2009
1;1;1;1212;1212;Ribordone;;TO;0;0;84.0;2001;43,6002;2009;78;2009
1;1;1;1213;1213;Rivalba;;TO;0;0;966.0;2001;10,8334;2009;1128;2009
1;1;1;1214;1214;Rivalta di Torino;;TO;0;0;17565.0;2001;25,1075;2009;19064;2009
1;1;1;1215;1215;Riva presso Chieri;;TO;0;0;3833.0;2001;35,8318;2009;4075;2009
1;1;1;1216;1216;Rivara;;TO;0;0;2687.0;2001;12,5714;2009;2750;2009
1;1;1;1217;1217;Rivarolo Canavese;;TO;0;0;11976.0;2001;32,2461;2009;12337;2009
1;1;1;1218;1218;Rivarossa;;TO;0;0;1427.0;2001;10,8733;2009;1661;2009
1;1;1;1219;1219;Rivoli;;TO;0;0;49792.0;2001;29,4998;2009;49035;2009
1;1;1;1220;1220;Robassomero;;TO;0;0;3028.0;2001;8,5756;2009;3024;2009
1;1;1;1221;1221;Rocca Canavese;;TO;0;0;1635.0;2001;14,1912;2009;1780;2009
1;1;1;1222;1222;Roletto;;TO;0;0;1994.0;2001;9,7039;2009;2046;2009
1;1;1;1223;1223;Romano Canavese;;TO;0;0;2943.0;2001;11,2107;2009;2969;2009
1;1;1;1224;1224;Ronco Canavese;;TO;0;0;377.0;2001;96,2664;2009;319;2009
1;1;1;1225;1225;Rondissone;;TO;0;0;1655.0;2001;10,6877;2009;1830;2009
1;1;1;1226;1226;Rorà;;TO;0;0;259.0;2001;12,4075;2009;260;2009
1;1;1;1227;1227;Roure;;TO;0;0;966.0;2001;59,3732;2009;903;2009
1;1;1;1228;1228;Rosta;;TO;0;0;3626.0;2001;9,0650;2009;4539;2009
1;1;1;1229;1229;Rubiana;;TO;0;0;2048.0;2001;26,9371;2009;2442;2009
1;1;1;1230;1230;Rueglio;;TO;0;0;779.0;2001;15,1002;2009;776;2009
1;1;1;1231;1231;Salassa;;TO;0;0;1671.0;2001;4,9519;2009;1777;2009
1;1;1;1232;1232;Salbertrand;;TO;0;0;466.0;2001;38,3197;2009;557;2009
1;1;1;1233;1233;Salerano Canavese;;TO;0;0;532.0;2001;2,1034;2009;544;2009
1;1;1;1234;1234;Salza di Pinerolo;;TO;0;0;78.0;2001;15,8859;2009;82;2009
1;1;1;1235;1235;Samone;;TO;0;0;1473.0;2001;2,4329;2009;1654;2009
1;1;1;1236;1236;San Benigno Canavese;;TO;0;0;5154.0;2001;22,2318;2009;5565;2009
1;1;1;1237;1237;San Carlo Canavese;;TO;0;0;3548.0;2001;20,9070;2009;3907;2009
1;1;1;1238;1238;San Colombano Belmonte;;TO;0;0;361.0;2001;3,3809;2009;376;2009
1;1;1;1239;1239;San Didero;;TO;0;0;430.0;2001;3,3037;2009;566;2009
1;1;1;1240;1240;San Francesco al Campo;;TO;0;0;4351.0;2001;14,9796;2009;4770;2009
1;1;1;1241;1241;Sangano;;TO;0;0;3705.0;2001;6,6513;2009;3777;2009
1;1;1;1242;1242;San Germano Chisone;;TO;0;0;1842.0;2001;15,8617;2009;1826;2009
1;1;1;1243;1243;San Gillio;;TO;0;0;2606.0;2001;8,8866;2009;3027;2009
1;1;1;1244;1244;San Giorgio Canavese;;TO;0;0;2396.0;2001;20,4049;2009;2696;2009
1;1;1;1245;1245;San Giorio di Susa;;TO;0;0;949.0;2001;19,7219;2009;1070;2009
1;1;1;1246;1246;San Giusto Canavese;;TO;0;0;3080.0;2001;9,6132;2009;3381;2009
1;1;1;1247;1247;San Martino Canavese;;TO;0;0;772.0;2001;9,7933;2009;868;2009
1;1;1;1248;1248;San Maurizio Canavese;;TO;0;0;7259.0;2001;17,3442;2009;9389;2009
1;1;1;1249;1249;San Mauro Torinese;;TO;0;0;17817.0;2001;12,5517;2009;19214;2009
1;1;1;1250;1250;San Pietro Val Lemina;;TO;0;0;1477.0;2001;12,4446;2009;1461;2009
1;1;1;1251;1251;San Ponso;;TO;0;0;265.0;2001;2,1243;2009;274;2009
1;1;1;1252;1252;San Raffaele Cimena;;TO;0;0;2815.0;2001;11,1520;2009;3092;2009
1;1;1;1253;1253;San Sebastiano da Po;;TO;0;0;1791.0;2001;16,5766;2009;1917;2009
1;1;1;1254;1254;San Secondo di Pinerolo;;TO;0;0;3379.0;2001;12,5719;2009;3578;2009
1;1;1;1255;1255;Sant'Ambrogio di Torino;;TO;0;0;4275.0;2001;8,3682;2009;4836;2009
1;1;1;1256;1256;Sant'Antonino di Susa;;TO;0;0;4023.0;2001;9,7945;2009;4317;2009
1;1;1;1257;1257;Santena;;TO;0;0;10189.0;2001;16,1984;2009;10549;2009
1;1;1;1258;1258;Sauze di Cesana;;TO;0;0;186.0;2001;78,2772;2009;245;2009
1;1;1;1259;1259;Sauze d'Oulx;;TO;0;0;984.0;2001;17,3112;2009;1165;2009
1;1;1;1260;1260;Scalenghe;;TO;0;0;3072.0;2001;31,6768;2009;3345;2009
1;1;1;1261;1261;Scarmagno;;TO;0;0;740.0;2001;8,0308;2009;788;2009
1;1;1;1262;1262;Sciolze;;TO;0;0;1437.0;2001;11,3557;2009;1494;2009
1;1;1;1263;1263;Sestriere;;TO;0;0;838.0;2001;25,9158;2009;872;2009
1;1;1;1264;1264;Settimo Rottaro;;TO;0;0;517.0;2001;6,0578;2009;530;2009
1;1;1;1265;1265;Settimo Torinese;;TO;0;0;46982.0;2001;32,3659;2009;47228;2009
1;1;1;1266;1266;Settimo Vittone;;TO;0;0;1585.0;2001;23,2590;2009;1535;2009
1;1;1;1267;1267;Sparone;;TO;0;0;1174.0;2001;29,6785;2009;1146;2009
1;1;1;1268;1268;Strambinello;;TO;0;0;258.0;2001;2,2140;2009;269;2009
1;1;1;1269;1269;Strambino;;TO;0;0;6035.0;2001;22,4686;2009;6339;2009
1;1;1;1270;1270;Susa;;TO;0;0;6577.0;2001;10,9879;2009;6727;2009
1;1;1;1271;1271;Tavagnasco;;TO;0;0;820.0;2001;8,6751;2009;778;2009
1;1;1;1272;1272;Torino;;TO;1;1;865263.0;2001;130,0095;2009;890102;2009
1;1;1;1273;1273;Torrazza Piemonte;;TO;0;0;2373.0;2001;9,8238;2009;2675;2009
1;1;1;1274;1274;Torre Canavese;;TO;0;0;628.0;2001;5,4545;2009;585;2009
1;1;1;1275;1275;Torre Pellice;;TO;0;0;4570.0;2001;21,0981;2009;4604;2009
1;1;1;1276;1276;Trana;;TO;0;0;3343.0;2001;16,4059;2009;3832;2009
1;1;1;1277;1277;Trausella;;TO;0;0;139.0;2001;12,2448;2009;136;2009
1;1;1;1278;1278;Traversella;;TO;0;0;386.0;2001;39,3592;2009;350;2009
1;1;1;1279;1279;Traves;;TO;0;0;545.0;2001;10,4544;2009;565;2009
1;1;1;1280;1280;Trofarello;;TO;0;0;10352.0;2001;12,3475;2009;11038;2009
1;1;1;1281;1281;Usseaux;;TO;0;0;204.0;2001;37,9669;2009;185;2009
1;1;1;1282;1282;Usseglio;;TO;0;0;256.0;2001;98,5375;2009;225;2009
1;1;1;1283;1283;Vaie;;TO;0;0;1351.0;2001;7,2292;2009;1495;2009
1;1;1;1284;1284;Val della Torre;;TO;0;0;3529.0;2001;36,5252;2009;3811;2009
1;1;1;1285;1285;Valgioie;;TO;0;0;728.0;2001;9,1200;2009;935;2009
1;1;1;1286;1286;Vallo Torinese;;TO;0;0;734.0;2001;6,0792;2009;769;2009
1;1;1;1287;1287;Valperga;;TO;0;0;3144.0;2001;11,9094;2009;3228;2009
1;1;1;1288;1288;Valprato Soana;;TO;0;0;127.0;2001;71,8469;2009;121;2009
1;1;1;1289;1289;Varisella;;TO;0;0;690.0;2001;22,5579;2009;830;2009
1;1;1;1290;1290;Vauda Canavese;;TO;0;0;1410.0;2001;7,0927;2009;1502;2009
1;1;1;1291;1291;Venaus;;TO;0;0;976.0;2001;19,1435;2009;967;2009
1;1;1;1292;1292;Venaria Reale;;TO;0;0;35660.0;2001;20,4424;2009;34407;2009
1;1;1;1293;1293;Verolengo;;TO;0;0;4469.0;2001;29,4882;2009;4948;2009
1;1;1;1294;1294;Verrua Savoia;;TO;0;0;1477.0;2001;31,9431;2009;1439;2009
1;1;1;1295;1295;Vestignè;;TO;0;0;861.0;2001;12,0690;2009;841;2009
1;1;1;1296;1296;Vialfrè;;TO;0;0;229.0;2001;4,6454;2009;257;2009
1;1;1;1297;1297;Vico Canavese;;TO;0;0;902.0;2001;32,9337;2009;908;2009
1;1;1;1298;1298;Vidracco;;TO;0;0;522.0;2001;2,9677;2009;549;2009
1;1;1;1299;1299;Vigone;;TO;0;0;5051.0;2001;41,1543;2009;5287;2009
1;1;1;1300;1300;Villafranca Piemonte;;TO;0;0;4795.0;2001;50,7854;2009;4870;2009
1;1;1;1301;1301;Villanova Canavese;;TO;0;0;1010.0;2001;4,0306;2009;1082;2009
1;1;1;1302;1302;Villarbasse;;TO;0;0;2814.0;2001;10,4088;2009;3193;2009
1;1;1;1303;1303;Villar Dora;;TO;0;0;2718.0;2001;5,7080;2009;3028;2009
1;1;1;1304;1304;Villareggia;;TO;0;0;963.0;2001;11,4091;2009;1012;2009
1;1;1;1305;1305;Villar Focchiardo;;TO;0;0;2037.0;2001;25,6868;2009;2048;2009
1;1;1;1306;1306;Villar Pellice;;TO;0;0;1187.0;2001;60,2927;2009;1147;2009
1;1;1;1307;1307;Villar Perosa;;TO;0;0;4170.0;2001;11,4228;2009;4173;2009
1;1;1;1308;1308;Villastellone;;TO;0;0;4641.0;2001;19,8767;2009;4839;2009
1;1;1;1309;1309;Vinovo;;TO;0;0;13425.0;2001;17,6940;2009;13890;2009
1;1;1;1310;1310;Virle Piemonte;;TO;0;0;1065.0;2001;14,0574;2009;1206;2009
1;1;1;1311;1311;Vische;;TO;0;0;1417.0;2001;17,0748;2009;1356;2009
1;1;1;1312;1312;Vistrorio;;TO;0;0;496.0;2001;4,6817;2009;525;2009
1;1;1;1313;1313;Viù;;TO;0;0;1225.0;2001;84,1119;2009;1159;2009
1;1;1;1314;1314;Volpiano;;TO;0;0;12991.0;2001;32,4629;2009;14827;2009
1;1;1;1315;1315;Volvera;;TO;0;0;6966.0;2001;20,9827;2009;8623;2009
1;1;2;2002;2002;Alagna Valsesia;;VC;0;0;457.0;2001;72,0366;2009;429;2009
1;1;2;2003;2003;Albano Vercellese;;VC;0;0;339.0;2001;13,7804;2009;346;2009
1;1;2;2004;2004;Alice Castello;;VC;0;0;2603.0;2001;24,5650;2009;2694;2009
1;1;2;2006;2006;Arborio;;VC;0;0;1033.0;2001;23,3101;2009;937;2009
1;1;2;2007;2007;Asigliano Vercellese;;VC;0;0;1417.0;2001;26,3156;2009;1397;2009
1;1;2;2008;2008;Balmuccia;;VC;0;0;100.0;2001;9,7885;2009;96;2009
1;1;2;2009;2009;Balocco;;VC;0;0;262.0;2001;16,8079;2009;244;2009
1;1;2;2011;2011;Bianzè;;VC;0;0;2038.0;2001;41,8058;2009;2071;2009
1;1;2;2014;2014;Boccioleto;;VC;0;0;277.0;2001;33,8706;2009;224;2009
1;1;2;2015;2015;Borgo d'Ale;;VC;0;0;2565.0;2001;39,5707;2009;2599;2009
1;1;2;2016;2016;Borgosesia;;VC;0;0;13926.0;2001;41,0901;2009;13216;2009
1;1;2;2017;2017;Borgo Vercelli;;VC;0;0;2158.0;2001;19,2949;2009;2371;2009
1;1;2;2019;2019;Breia;;VC;0;0;191.0;2001;7,2305;2009;184;2009
1;1;2;2021;2021;Buronzo;;VC;0;0;951.0;2001;25,0776;2009;959;2009
1;1;2;2025;2025;Campertogno;;VC;0;0;228.0;2001;34,1364;2009;236;2009
1;1;2;2029;2029;Carcoforo;;VC;0;0;73.0;2001;22,8004;2009;79;2009
1;1;2;2030;2030;Caresana;;VC;0;0;1068.0;2001;24,1088;2009;1070;2009
1;1;2;2031;2031;Caresanablot;;VC;0;0;988.0;2001;11,0330;2009;1148;2009
1;1;2;2032;2032;Carisio;;VC;0;0;956.0;2001;30,1062;2009;916;2009
1;1;2;2033;2033;Casanova Elvo;;VC;0;0;246.0;2001;16,2050;2009;274;2009
1;1;2;2035;2035;San Giacomo Vercellese;;VC;0;0;356.0;2001;9,6044;2009;339;2009
1;1;2;2038;2038;Cellio;;VC;0;0;903.0;2001;10,0488;2009;886;2009
1;1;2;2041;2041;Cervatto;;VC;0;0;49.0;2001;9,5380;2009;50;2009
1;1;2;2042;2042;Cigliano;;VC;0;0;4523.0;2001;25,3078;2009;4565;2009
1;1;2;2043;2043;Civiasco;;VC;0;0;257.0;2001;7,3878;2009;273;2009
1;1;2;2045;2045;Collobiano;;VC;0;0;114.0;2001;9,2234;2009;122;2009
1;1;2;2047;2047;Costanzana;;VC;0;0;873.0;2001;20,9676;2009;819;2009
1;1;2;2048;2048;Cravagliana;;VC;0;0;276.0;2001;34,8563;2009;281;2009
1;1;2;2049;2049;Crescentino;;VC;0;0;7609.0;2001;48,2233;2009;8141;2009
1;1;2;2052;2052;Crova;;VC;0;0;429.0;2001;14,0162;2009;413;2009
1;1;2;2054;2054;Desana;;VC;0;0;1040.0;2001;16,4768;2009;1100;2009
1;1;2;2057;2057;Fobello;;VC;0;0;249.0;2001;28,1403;2009;230;2009
1;1;2;2058;2058;Fontanetto Po;;VC;0;0;1233.0;2001;23,2424;2009;1224;2009
1;1;2;2059;2059;Formigliana;;VC;0;0;561.0;2001;16,7629;2009;558;2009
1;1;2;2061;2061;Gattinara;;VC;0;0;8612.0;2001;33,6659;2009;8279;2009
1;1;2;2062;2062;Ghislarengo;;VC;0;0;833.0;2001;12,5030;2009;897;2009
1;1;2;2065;2065;Greggio;;VC;0;0;375.0;2001;11,8817;2009;401;2009
1;1;2;2066;2066;Guardabosone;;VC;0;0;339.0;2001;6,0875;2009;343;2009
1;1;2;2067;2067;Lamporo;;VC;0;0;522.0;2001;9,6440;2009;530;2009
1;1;2;2068;2068;Lenta;;VC;0;0;931.0;2001;18,9701;2009;919;2009
1;1;2;2070;2070;Lignana;;VC;0;0;543.0;2001;22,5740;2009;582;2009
1;1;2;2071;2071;Livorno Ferraris;;VC;0;0;4320.0;2001;58,0280;2009;4513;2009
1;1;2;2072;2072;Lozzolo;;VC;0;0;816.0;2001;6,6672;2009;827;2009
1;1;2;2078;2078;Mollia;;VC;0;0;100.0;2001;13,9178;2009;112;2009
1;1;2;2079;2079;Moncrivello;;VC;0;0;1477.0;2001;20,1818;2009;1516;2009
1;1;2;2082;2082;Motta de' Conti;;VC;0;0;851.0;2001;11,7139;2009;825;2009
1;1;2;2088;2088;Olcenengo;;VC;0;0;607.0;2001;16,5035;2009;745;2009
1;1;2;2089;2089;Oldenico;;VC;0;0;254.0;2001;6,5270;2009;260;2009
1;1;2;2090;2090;Palazzolo Vercellese;;VC;0;0;1328.0;2001;13,9396;2009;1304;2009
1;1;2;2091;2091;Pertengo;;VC;0;0;338.0;2001;8,2949;2009;332;2009
1;1;2;2093;2093;Pezzana;;VC;0;0;1129.0;2001;17,3506;2009;1311;2009
1;1;2;2096;2096;Pila;;VC;0;0;114.0;2001;8,6903;2009;140;2009
1;1;2;2097;2097;Piode;;VC;0;0;197.0;2001;13,5976;2009;197;2009
1;1;2;2102;2102;Postua;;VC;0;0;594.0;2001;16,1781;2009;586;2009
1;1;2;2104;2104;Prarolo;;VC;0;0;589.0;2001;11,5389;2009;674;2009
1;1;2;2107;2107;Quarona;;VC;0;0;4252.0;2001;16,1561;2009;4262;2009
1;1;2;2108;2108;Quinto Vercellese;;VC;0;0;418.0;2001;10,8910;2009;431;2009
1;1;2;2110;2110;Rassa;;VC;0;0;71.0;2001;43,2700;2009;77;2009
1;1;2;2111;2111;Rima San Giuseppe;;VC;0;0;76.0;2001;36,0226;2009;65;2009
1;1;2;2112;2112;Rimasco;;VC;0;0;154.0;2001;24,3032;2009;118;2009
1;1;2;2113;2113;Rimella;;VC;0;0;142.0;2001;26,2702;2009;132;2009
1;1;2;2114;2114;Riva Valdobbia;;VC;0;0;230.0;2001;61,1298;2009;249;2009
1;1;2;2115;2115;Rive;;VC;0;0;417.0;2001;9,4089;2009;465;2009
1;1;2;2116;2116;Roasio;;VC;0;0;2462.0;2001;27,9160;2009;2495;2009
1;1;2;2118;2118;Ronsecco;;VC;0;0;616.0;2001;24,4754;2009;616;2009
1;1;2;2121;2121;Rossa;;VC;0;0;185.0;2001;11,8379;2009;196;2009
1;1;2;2122;2122;Rovasenda;;VC;0;0;1010.0;2001;29,2681;2009;1015;2009
1;1;2;2123;2123;Sabbia;;VC;0;0;93.0;2001;14,8536;2009;61;2009
1;1;2;2126;2126;Salasco;;VC;0;0;251.0;2001;12,1875;2009;236;2009
1;1;2;2127;2127;Sali Vercellese;;VC;0;0;131.0;2001;8,7766;2009;119;2009
1;1;2;2128;2128;Saluggia;;VC;0;0;4074.0;2001;31,5981;2009;4183;2009
1;1;2;2131;2131;San Germano Vercellese;;VC;0;0;1811.0;2001;30,6327;2009;1771;2009
1;1;2;2133;2133;Santhià;;VC;0;0;9253.0;2001;53,1294;2009;9019;2009
1;1;2;2134;2134;Scopa;;VC;0;0;369.0;2001;22,5335;2009;408;2009
1;1;2;2135;2135;Scopello;;VC;0;0;442.0;2001;18,2544;2009;416;2009
1;1;2;2137;2137;Serravalle Sesia;;VC;0;0;5008.0;2001;20,9053;2009;5187;2009
1;1;2;2142;2142;Stroppiana;;VC;0;0;1200.0;2001;18,3140;2009;1240;2009
1;1;2;2147;2147;Tricerro;;VC;0;0;621.0;2001;12,2491;2009;676;2009
1;1;2;2148;2148;Trino;;VC;0;0;7605.0;2001;70,6054;2009;7615;2009
1;1;2;2150;2150;Tronzano Vercellese;;VC;0;0;3519.0;2001;44,7508;2009;3591;2009
1;1;2;2152;2152;Valduggia;;VC;0;0;2363.0;2001;28,4259;2009;2180;2009
1;1;2;2156;2156;Varallo;;VC;0;0;7397.0;2001;88,1193;2009;7555;2009
1;1;2;2158;2158;Vercelli;;VC;1;0;45132.0;2001;79,7747;2009;46198;2009
1;1;2;2163;2163;Villarboit;;VC;0;0;547.0;2001;25,5109;2009;490;2009
1;1;2;2164;2164;Villata;;VC;0;0;1624.0;2001;14,5822;2009;1610;2009
1;1;2;2166;2166;Vocca;;VC;0;0;139.0;2001;20,2573;2009;166;2009
1;1;3;3001;3001;Agrate Conturbia;;NO;0;0;1184.0;2001;14,5364;2009;1541;2009
1;1;3;3002;3002;Ameno;;NO;0;0;895.0;2001;9,9965;2009;894;2009
1;1;3;3006;3006;Armeno;;NO;0;0;2187.0;2001;31,5153;2009;2252;2009
1;1;3;3008;3008;Arona;;NO;0;0;14310.0;2001;15,1699;2009;14444;2009
1;1;3;3012;3012;Barengo;;NO;0;0;942.0;2001;19,4928;2009;899;2009
1;1;3;3016;3016;Bellinzago Novarese;;NO;0;0;8365.0;2001;39,1786;2009;9236;2009
1;1;3;3018;3018;Biandrate;;NO;0;0;1103.0;2001;12,4536;2009;1176;2009
1;1;3;3019;3019;Boca;;NO;0;0;1186.0;2001;9,6080;2009;1239;2009
1;1;3;3021;3021;Bogogno;;NO;0;0;1159.0;2001;8,5097;2009;1282;2009
1;1;3;3022;3022;Bolzano Novarese;;NO;0;0;1040.0;2001;3,3043;2009;1149;2009
1;1;3;3023;3023;Borgolavezzaro;;NO;0;0;1879.0;2001;21,0912;2009;2041;2009
1;1;3;3024;3024;Borgomanero;;NO;0;0;19315.0;2001;32,2699;2009;21216;2009
1;1;3;3025;3025;Borgo Ticino;;NO;0;0;3853.0;2001;13,3928;2009;4777;2009
1;1;3;3026;3026;Briga Novarese;;NO;0;0;2694.0;2001;4,7479;2009;3039;2009
1;1;3;3027;3027;Briona;;NO;0;0;1133.0;2001;24,7562;2009;1224;2009
1;1;3;3030;3030;Caltignaga;;NO;0;0;2345.0;2001;22,3214;2009;2559;2009
1;1;3;3032;3032;Cameri;;NO;0;0;9673.0;2001;39,9857;2009;10823;2009
1;1;3;3036;3036;Carpignano Sesia;;NO;0;0;2543.0;2001;14,6557;2009;2577;2009
1;1;3;3037;3037;Casalbeltrame;;NO;0;0;832.0;2001;16,0407;2009;1076;2009
1;1;3;3039;3039;Casaleggio Novara;;NO;0;0;847.0;2001;10,5310;2009;912;2009
1;1;3;3040;3040;Casalino;;NO;0;0;1456.0;2001;39,4909;2009;1553;2009
1;1;3;3041;3041;Casalvolone;;NO;0;0;812.0;2001;17,4849;2009;890;2009
1;1;3;3042;3042;Castellazzo Novarese;;NO;0;0;260.0;2001;10,7918;2009;328;2009
1;1;3;3043;3043;Castelletto sopra Ticino;;NO;0;0;8755.0;2001;14,6412;2009;9968;2009
1;1;3;3044;3044;Cavaglietto;;NO;0;0;396.0;2001;6,4855;2009;421;2009
1;1;3;3045;3045;Cavaglio d'Agogna;;NO;0;0;1282.0;2001;9,8335;2009;1312;2009
1;1;3;3047;3047;Cavallirio;;NO;0;0;1213.0;2001;8,3261;2009;1272;2009
1;1;3;3049;3049;Cerano;;NO;0;0;6665.0;2001;32,6390;2009;6830;2009
1;1;3;3051;3051;Colazza;;NO;0;0;416.0;2001;3,1618;2009;499;2009
1;1;3;3052;3052;Comignago;;NO;0;0;939.0;2001;4,4493;2009;1209;2009
1;1;3;3055;3055;Cressa;;NO;0;0;1431.0;2001;7,1035;2009;1527;2009
1;1;3;3058;3058;Cureggio;;NO;0;0;2251.0;2001;8,5068;2009;2527;2009
1;1;3;3060;3060;Divignano;;NO;0;0;1232.0;2001;5,0977;2009;1465;2009
1;1;3;3062;3062;Dormelletto;;NO;0;0;2482.0;2001;7,2522;2009;2683;2009
1;1;3;3065;3065;Fara Novarese;;NO;0;0;2115.0;2001;9,2146;2009;2076;2009
1;1;3;3066;3066;Fontaneto d'Agogna;;NO;0;0;2549.0;2001;21,1702;2009;2718;2009
1;1;3;3068;3068;Galliate;;NO;0;0;13448.0;2001;29,3693;2009;15070;2009
1;1;3;3069;3069;Garbagna Novarese;;NO;0;0;964.0;2001;10,0493;2009;1335;2009
1;1;3;3070;3070;Gargallo;;NO;0;0;1673.0;2001;3,7542;2009;1835;2009
1;1;3;3071;3071;Gattico;;NO;0;0;3134.0;2001;16,2884;2009;3369;2009
1;1;3;3073;3073;Ghemme;;NO;0;0;3722.0;2001;20,6442;2009;3718;2009
1;1;3;3076;3076;Gozzano;;NO;0;0;5982.0;2001;12,5821;2009;5711;2009
1;1;3;3077;3077;Granozzo con Monticello;;NO;0;0;1216.0;2001;19,5183;2009;1405;2009
1;1;3;3079;3079;Grignasco;;NO;0;0;4704.0;2001;14,3337;2009;4754;2009
1;1;3;3082;3082;Invorio;;NO;0;0;3732.0;2001;17,3718;2009;4320;2009
1;1;3;3083;3083;Landiona;;NO;0;0;587.0;2001;7,2834;2009;612;2009
1;1;3;3084;3084;Lesa;;NO;0;0;2401.0;2001;13,5806;2009;2310;2009
1;1;3;3088;3088;Maggiora;;NO;0;0;1664.0;2001;10,6587;2009;1787;2009
1;1;3;3090;3090;Mandello Vitta;;NO;0;0;262.0;2001;5,8541;2009;253;2009
1;1;3;3091;3091;Marano Ticino;;NO;0;0;1407.0;2001;7,7880;2009;1583;2009
1;1;3;3093;3093;Massino Visconti;;NO;0;0;1090.0;2001;6,8639;2009;1147;2009
1;1;3;3095;3095;Meina;;NO;0;0;2341.0;2001;7,5349;2009;2544;2009
1;1;3;3097;3097;Mezzomerico;;NO;0;0;951.0;2001;7,7187;2009;1091;2009
1;1;3;3098;3098;Miasino;;NO;0;0;953.0;2001;5,5211;2009;899;2009
1;1;3;3100;3100;Momo;;NO;0;0;2732.0;2001;23,5907;2009;2634;2009
1;1;3;3103;3103;Nebbiuno;;NO;0;0;1561.0;2001;8,2650;2009;1844;2009
1;1;3;3104;3104;Nibbiola;;NO;0;0;720.0;2001;11,3421;2009;770;2009
1;1;3;3106;3106;Novara;;NO;1;0;100910.0;2001;103,0495;2009;102980;2009
1;1;3;3108;3108;Oleggio;;NO;0;0;12191.0;2001;37,7944;2009;13349;2009
1;1;3;3109;3109;Oleggio Castello;;NO;0;0;1729.0;2001;5,9351;2009;1973;2009
1;1;3;3112;3112;Orta San Giulio;;NO;0;0;1119.0;2001;6,6500;2009;1158;2009
1;1;3;3114;3114;Paruzzaro;;NO;0;0;1588.0;2001;5,2271;2009;1989;2009
1;1;3;3115;3115;Pella;;NO;0;0;1148.0;2001;8,1018;2009;1099;2009
1;1;3;3116;3116;Pettenasco;;NO;0;0;1310.0;2001;7,0713;2009;1360;2009
1;1;3;3119;3119;Pisano;;NO;0;0;770.0;2001;2,7660;2009;819;2009
1;1;3;3120;3120;Pogno;;NO;0;0;1488.0;2001;9,8653;2009;1554;2009
1;1;3;3121;3121;Pombia;;NO;0;0;1818.0;2001;12,2965;2009;2112;2009
1;1;3;3122;3122;Prato Sesia;;NO;0;0;1936.0;2001;12,1260;2009;2005;2009
1;1;3;3129;3129;Recetto;;NO;0;0;897.0;2001;8,8526;2009;938;2009
1;1;3;3130;3130;Romagnano Sesia;;NO;0;0;4216.0;2001;17,9764;2009;4065;2009
1;1;3;3131;3131;Romentino;;NO;0;0;4240.0;2001;17,6909;2009;5242;2009
1;1;3;3133;3133;San Maurizio d'Opaglio;;NO;0;0;3066.0;2001;8,5426;2009;3150;2009
1;1;3;3134;3134;San Nazzaro Sesia;;NO;0;0;726.0;2001;11,4512;2009;714;2009
1;1;3;3135;3135;San Pietro Mosezzo;;NO;0;0;1738.0;2001;34,8991;2009;1990;2009
1;1;3;3138;3138;Sillavengo;;NO;0;0;567.0;2001;9,5352;2009;585;2009
1;1;3;3139;3139;Sizzano;;NO;0;0;1458.0;2001;10,7543;2009;1482;2009
1;1;3;3140;3140;Soriso;;NO;0;0;730.0;2001;6,3719;2009;777;2009
1;1;3;3141;3141;Sozzago;;NO;0;0;859.0;2001;12,9139;2009;1028;2009
1;1;3;3143;3143;Suno;;NO;0;0;2834.0;2001;21,3271;2009;2815;2009
1;1;3;3144;3144;Terdobbiate;;NO;0;0;470.0;2001;8,4631;2009;506;2009
1;1;3;3146;3146;Tornaco;;NO;0;0;878.0;2001;13,2378;2009;873;2009
1;1;3;3149;3149;Trecate;;NO;0;0;16915.0;2001;38,2233;2009;19710;2009
1;1;3;3153;3153;Vaprio d'Agogna;;NO;0;0;950.0;2001;10,0122;2009;1038;2009
1;1;3;3154;3154;Varallo Pombia;;NO;0;0;4403.0;2001;13,5929;2009;4965;2009
1;1;3;3157;3157;Veruno;;NO;0;0;1576.0;2001;9,8717;2009;1842;2009
1;1;3;3158;3158;Vespolate;;NO;0;0;2076.0;2001;17,7788;2009;2072;2009
1;1;3;3159;3159;Vicolungo;;NO;0;0;842.0;2001;13,2939;2009;875;2009
1;1;3;3164;3164;Vinzaglio;;NO;0;0;609.0;2001;15,4632;2009;612;2009
1;1;4;4001;4001;Acceglio;;CN;0;0;197.0;2001;151,5276;2009;178;2009
1;1;4;4002;4002;Aisone;;CN;0;0;257.0;2001;36,9173;2009;259;2009
1;1;4;4003;4003;Alba;;CN;0;0;29910.0;2001;53,5855;2009;31023;2009
1;1;4;4004;4004;Albaretto della Torre;;CN;0;0;254.0;2001;4,5899;2009;255;2009
1;1;4;4005;4005;Alto;;CN;0;0;104.0;2001;7,4547;2009;126;2009
1;1;4;4006;4006;Argentera;;CN;0;0;101.0;2001;76,2591;2009;82;2009
1;1;4;4007;4007;Arguello;;CN;0;0;174.0;2001;4,9174;2009;193;2009
1;1;4;4008;4008;Bagnasco;;CN;0;0;1012.0;2001;30,9487;2009;1037;2009
1;1;4;4009;4009;Bagnolo Piemonte;;CN;0;0;5431.0;2001;63,2505;2009;6030;2009
1;1;4;4010;4010;Baldissero d'Alba;;CN;0;0;1084.0;2001;15,3257;2009;1081;2009
1;1;4;4011;4011;Barbaresco;;CN;0;0;641.0;2001;7,7637;2009;689;2009
1;1;4;4012;4012;Barge;;CN;0;0;7211.0;2001;81,9923;2009;7798;2009
1;1;4;4013;4013;Barolo;;CN;0;0;681.0;2001;5,6892;2009;738;2009
1;1;4;4014;4014;Bastia Mondovì;;CN;0;0;624.0;2001;12,0005;2009;645;2009
1;1;4;4015;4015;Battifollo;;CN;0;0;263.0;2001;11,1195;2009;247;2009
1;1;4;4016;4016;Beinette;;CN;0;0;2719.0;2001;17,6865;2009;3085;2009
1;1;4;4017;4017;Bellino;;CN;0;0;179.0;2001;62,0700;2009;154;2009
1;1;4;4018;4018;Belvedere Langhe;;CN;0;0;372.0;2001;5,0030;2009;384;2009
1;1;4;4019;4019;Bene Vagienna;;CN;0;0;3299.0;2001;49,0657;2009;3658;2009
1;1;4;4020;4020;Benevello;;CN;0;0;448.0;2001;5,4389;2009;475;2009
1;1;4;4021;4021;Bergolo;;CN;0;0;79.0;2001;3,1118;2009;67;2009
1;1;4;4022;4022;Bernezzo;;CN;0;0;3009.0;2001;25,7956;2009;3648;2009
1;1;4;4023;4023;Bonvicino;;CN;0;0;119.0;2001;7,2409;2009;123;2009
1;1;4;4024;4024;Borgomale;;CN;0;0;365.0;2001;8,4778;2009;396;2009
1;1;4;4025;4025;Borgo San Dalmazzo;;CN;0;0;11274.0;2001;22,3396;2009;12278;2009
1;1;4;4026;4026;Bosia;;CN;0;0;204.0;2001;5,5405;2009;193;2009
1;1;4;4027;4027;Bossolasco;;CN;0;0;683.0;2001;14,5453;2009;697;2009
1;1;4;4028;4028;Boves;;CN;0;0;9222.0;2001;50,9483;2009;9849;2009
1;1;4;4029;4029;Bra;;CN;0;0;27988.0;2001;59,5298;2009;29445;2009
1;1;4;4030;4030;Briaglia;;CN;0;0;288.0;2001;6,2376;2009;324;2009
1;1;4;4031;4031;Briga Alta;;CN;0;0;62.0;2001;52,1797;2009;54;2009
1;1;4;4032;4032;Brondello;;CN;0;0;349.0;2001;10,1240;2009;314;2009
1;1;4;4033;4033;Brossasco;;CN;0;0;1133.0;2001;28,0639;2009;1087;2009
1;1;4;4034;4034;Busca;;CN;0;0;9469.0;2001;65,8440;2009;9946;2009
1;1;4;4035;4035;Camerana;;CN;0;0;723.0;2001;23,6378;2009;675;2009
1;1;4;4036;4036;Camo;;CN;0;0;238.0;2001;3,6114;2009;211;2009
1;1;4;4037;4037;Canale;;CN;0;0;5215.0;2001;17,8655;2009;5676;2009
1;1;4;4038;4038;Canosio;;CN;0;0;93.0;2001;48,4476;2009;87;2009
1;1;4;4039;4039;Caprauna;;CN;0;0;133.0;2001;11,5011;2009;120;2009
1;1;4;4040;4040;Caraglio;;CN;0;0;6215.0;2001;41,7246;2009;6770;2009
1;1;4;4041;4041;Caramagna Piemonte;;CN;0;0;2670.0;2001;26,3287;2009;3025;2009
1;1;4;4042;4042;Cardè;;CN;0;0;1069.0;2001;19,3047;2009;1132;2009
1;1;4;4043;4043;Carrù;;CN;0;0;4006.0;2001;25,8380;2009;4386;2009
1;1;4;4044;4044;Cartignano;;CN;0;0;170.0;2001;6,4192;2009;192;2009
1;1;4;4045;4045;Casalgrasso;;CN;0;0;1372.0;2001;17,8066;2009;1445;2009
1;1;4;4046;4046;Castagnito;;CN;0;0;1728.0;2001;7,1148;2009;2121;2009
1;1;4;4047;4047;Casteldelfino;;CN;0;0;227.0;2001;33,9513;2009;181;2009
1;1;4;4048;4048;Castellar;;CN;0;0;247.0;2001;3,3404;2009;276;2009
1;1;4;4049;4049;Castelletto Stura;;CN;0;0;1176.0;2001;17,1301;2009;1290;2009
1;1;4;4050;4050;Castelletto Uzzone;;CN;0;0;375.0;2001;14,8576;2009;374;2009
1;1;4;4051;4051;Castellinaldo;;CN;0;0;858.0;2001;7,8028;2009;911;2009
1;1;4;4052;4052;Castellino Tanaro;;CN;0;0;339.0;2001;11,5178;2009;335;2009
1;1;4;4053;4053;Castelmagno;;CN;0;0;117.0;2001;49,3070;2009;89;2009
1;1;4;4054;4054;Castelnuovo di Ceva;;CN;0;0;121.0;2001;6,2617;2009;134;2009
1;1;4;4055;4055;Castiglione Falletto;;CN;0;0;632.0;2001;4,7202;2009;714;2009
1;1;4;4056;4056;Castiglione Tinella;;CN;0;0;877.0;2001;11,6345;2009;873;2009
1;1;4;4057;4057;Castino;;CN;0;0;526.0;2001;15,5227;2009;519;2009
1;1;4;4058;4058;Cavallerleone;;CN;0;0;561.0;2001;16,4378;2009;668;2009
1;1;4;4059;4059;Cavallermaggiore;;CN;0;0;5064.0;2001;51,5946;2009;5475;2009
1;1;4;4060;4060;Celle di Macra;;CN;0;0;105.0;2001;31,1052;2009;110;2009
1;1;4;4061;4061;Centallo;;CN;0;0;6209.0;2001;42,4856;2009;6740;2009
1;1;4;4062;4062;Ceresole Alba;;CN;0;0;2089.0;2001;37,0496;2009;2180;2009
1;1;4;4063;4063;Cerretto Langhe;;CN;0;0;469.0;2001;10,1423;2009;461;2009
1;1;4;4064;4064;Cervasca;;CN;0;0;4197.0;2001;18,2414;2009;4731;2009
1;1;4;4065;4065;Cervere;;CN;0;0;1882.0;2001;18,5961;2009;2113;2009
1;1;4;4066;4066;Ceva;;CN;0;0;5729.0;2001;43,0744;2009;5874;2009
1;1;4;4067;4067;Cherasco;;CN;0;0;7208.0;2001;81,5350;2009;8415;2009
1;1;4;4068;4068;Chiusa di Pesio;;CN;0;0;3703.0;2001;95,0188;2009;3766;2009
1;1;4;4069;4069;Cigliè;;CN;0;0;188.0;2001;6,1219;2009;202;2009
1;1;4;4070;4070;Cissone;;CN;0;0;100.0;2001;5,9034;2009;86;2009
1;1;4;4071;4071;Clavesana;;CN;0;0;868.0;2001;17,1508;2009;878;2009
1;1;4;4072;4072;Corneliano d'Alba;;CN;0;0;1889.0;2001;10,0879;2009;2054;2009
1;1;4;4073;4073;Cortemilia;;CN;0;0;2544.0;2001;24,9874;2009;2471;2009
1;1;4;4074;4074;Cossano Belbo;;CN;0;0;1071.0;2001;20,5398;2009;1053;2009
1;1;4;4075;4075;Costigliole Saluzzo;;CN;0;0;3122.0;2001;15,3423;2009;3285;2009
1;1;4;4076;4076;Cravanzana;;CN;0;0;400.0;2001;8,1183;2009;389;2009
1;1;4;4077;4077;Crissolo;;CN;0;0;210.0;2001;52,0529;2009;179;2009
1;1;4;4078;4078;Cuneo;;CN;1;0;52334.0;2001;119,6705;2009;54717;2009
1;1;4;4079;4079;Demonte;;CN;0;0;2041.0;2001;127,3063;2009;2055;2009
1;1;4;4080;4080;Diano d'Alba;;CN;0;0;2980.0;2001;17,5432;2009;3380;2009
1;1;4;4081;4081;Dogliani;;CN;0;0;4554.0;2001;35,6134;2009;4838;2009
1;1;4;4082;4082;Dronero;;CN;0;0;7012.0;2001;58,9575;2009;7331;2009
1;1;4;4083;4083;Elva;;CN;0;0;114.0;2001;26,2196;2009;104;2009
1;1;4;4084;4084;Entracque;;CN;0;0;848.0;2001;160,7314;2009;861;2009
1;1;4;4085;4085;Envie;;CN;0;0;1890.0;2001;24,9305;2009;2016;2009
1;1;4;4086;4086;Farigliano;;CN;0;0;1752.0;2001;16,5112;2009;1751;2009
1;1;4;4087;4087;Faule;;CN;0;0;403.0;2001;7,0300;2009;489;2009
1;1;4;4088;4088;Feisoglio;;CN;0;0;395.0;2001;7,6666;2009;354;2009
1;1;4;4089;4089;Fossano;;CN;0;0;23865.0;2001;130,2369;2009;24672;2009
1;1;4;4090;4090;Frabosa Soprana;;CN;0;0;875.0;2001;47,1437;2009;819;2009
1;1;4;4091;4091;Frabosa Sottana;;CN;0;0;1390.0;2001;37,6433;2009;1524;2009
1;1;4;4092;4092;Frassino;;CN;0;0;324.0;2001;17,0106;2009;284;2009
1;1;4;4093;4093;Gaiola;;CN;0;0;471.0;2001;4,9691;2009;575;2009
1;1;4;4094;4094;Gambasca;;CN;0;0;346.0;2001;5,7412;2009;398;2009
1;1;4;4095;4095;Garessio;;CN;0;0;3498.0;2001;131,2876;2009;3407;2009
1;1;4;4096;4096;Genola;;CN;0;0;2323.0;2001;13,7224;2009;2499;2009
1;1;4;4097;4097;Gorzegno;;CN;0;0;393.0;2001;13,9699;2009;345;2009
1;1;4;4098;4098;Gottasecca;;CN;0;0;188.0;2001;13,6768;2009;187;2009
1;1;4;4099;4099;Govone;;CN;0;0;1922.0;2001;18,9107;2009;2120;2009
1;1;4;4100;4100;Grinzane Cavour;;CN;0;0;1812.0;2001;3,8082;2009;1875;2009
1;1;4;4101;4101;Guarene;;CN;0;0;3018.0;2001;13,4457;2009;3380;2009
1;1;4;4102;4102;Igliano;;CN;0;0;81.0;2001;3,4042;2009;83;2009
1;1;4;4103;4103;Isasca;;CN;0;0;112.0;2001;5,0629;2009;81;2009
1;1;4;4104;4104;Lagnasco;;CN;0;0;1291.0;2001;17,7124;2009;1399;2009
1;1;4;4105;4105;La Morra;;CN;0;0;2610.0;2001;24,1690;2009;2759;2009
1;1;4;4106;4106;Lequio Berria;;CN;0;0;524.0;2001;11,8291;2009;519;2009
1;1;4;4107;4107;Lequio Tanaro;;CN;0;0;683.0;2001;12,2005;2009;786;2009
1;1;4;4108;4108;Lesegno;;CN;0;0;838.0;2001;14,2539;2009;858;2009
1;1;4;4109;4109;Levice;;CN;0;0;270.0;2001;15,7390;2009;241;2009
1;1;4;4110;4110;Limone Piemonte;;CN;0;0;1548.0;2001;70,8104;2009;1532;2009
1;1;4;4111;4111;Lisio;;CN;0;0;248.0;2001;8,2287;2009;228;2009
1;1;4;4112;4112;Macra;;CN;0;0;61.0;2001;24,6562;2009;59;2009
1;1;4;4113;4113;Magliano Alfieri;;CN;0;0;1674.0;2001;9,5000;2009;1943;2009
1;1;4;4114;4114;Magliano Alpi;;CN;0;0;2111.0;2001;33,2204;2009;2209;2009
1;1;4;4115;4115;Mango;;CN;0;0;1334.0;2001;20,0310;2009;1327;2009
1;1;4;4116;4116;Manta;;CN;0;0;3363.0;2001;11,7344;2009;3656;2009
1;1;4;4117;4117;Marene;;CN;0;0;2703.0;2001;28,9869;2009;3055;2009
1;1;4;4118;4118;Margarita;;CN;0;0;1297.0;2001;11,3762;2009;1430;2009
1;1;4;4119;4119;Marmora;;CN;0;0;99.0;2001;41,1258;2009;80;2009
1;1;4;4120;4120;Marsaglia;;CN;0;0;316.0;2001;13,0258;2009;300;2009
1;1;4;4121;4121;Martiniana Po;;CN;0;0;667.0;2001;13,2806;2009;776;2009
1;1;4;4122;4122;Melle;;CN;0;0;364.0;2001;27,9056;2009;338;2009
1;1;4;4123;4123;Moiola;;CN;0;0;296.0;2001;15,0682;2009;270;2009
1;1;4;4124;4124;Mombarcaro;;CN;0;0;320.0;2001;20,5111;2009;274;2009
1;1;4;4125;4125;Mombasiglio;;CN;0;0;630.0;2001;17,4335;2009;631;2009
1;1;4;4126;4126;Monastero di Vasco;;CN;0;0;1200.0;2001;17,4386;2009;1344;2009
1;1;4;4127;4127;Monasterolo Casotto;;CN;0;0;126.0;2001;7,6796;2009;115;2009
1;1;4;4128;4128;Monasterolo di Savigliano;;CN;0;0;1173.0;2001;14,9114;2009;1294;2009
1;1;4;4129;4129;Monchiero;;CN;0;0;518.0;2001;4,9903;2009;595;2009
1;1;4;4130;4130;Mondovì;;CN;0;0;21880.0;2001;86,9818;2009;22441;2009
1;1;4;4131;4131;Monesiglio;;CN;0;0;752.0;2001;12,9330;2009;740;2009
1;1;4;4132;4132;Monforte d'Alba;;CN;0;0;1917.0;2001;25,2745;2009;2072;2009
1;1;4;4133;4133;Montà;;CN;0;0;4292.0;2001;26,8203;2009;4640;2009
1;1;4;4134;4134;Montaldo di Mondovì;;CN;0;0;587.0;2001;23,5843;2009;585;2009
1;1;4;4135;4135;Montaldo Roero;;CN;0;0;866.0;2001;11,8403;2009;877;2009
1;1;4;4136;4136;Montanera;;CN;0;0;731.0;2001;11,6271;2009;737;2009
1;1;4;4137;4137;Montelupo Albese;;CN;0;0;459.0;2001;6,4303;2009;522;2009
1;1;4;4138;4138;Montemale di Cuneo;;CN;0;0;222.0;2001;11,1041;2009;221;2009
1;1;4;4139;4139;Monterosso Grana;;CN;0;0;570.0;2001;42,2211;2009;546;2009
1;1;4;4140;4140;Monteu Roero;;CN;0;0;1603.0;2001;24,6999;2009;1686;2009
1;1;4;4141;4141;Montezemolo;;CN;0;0;305.0;2001;6,9363;2009;275;2009
1;1;4;4142;4142;Monticello d'Alba;;CN;0;0;1911.0;2001;10,2358;2009;2206;2009
1;1;4;4143;4143;Moretta;;CN;0;0;4106.0;2001;23,9934;2009;4313;2009
1;1;4;4144;4144;Morozzo;;CN;0;0;1979.0;2001;22,1919;2009;2100;2009
1;1;4;4145;4145;Murazzano;;CN;0;0;856.0;2001;27,6758;2009;875;2009
1;1;4;4146;4146;Murello;;CN;0;0;899.0;2001;17,3282;2009;978;2009
1;1;4;4147;4147;Narzole;;CN;0;0;3305.0;2001;26,1826;2009;3534;2009
1;1;4;4148;4148;Neive;;CN;0;0;2938.0;2001;21,3029;2009;3335;2009
1;1;4;4149;4149;Neviglie;;CN;0;0;419.0;2001;7,9261;2009;433;2009
1;1;4;4150;4150;Niella Belbo;;CN;0;0;421.0;2001;11,5183;2009;412;2009
1;1;4;4151;4151;Niella Tanaro;;CN;0;0;1027.0;2001;15,7070;2009;1058;2009
1;1;4;4152;4152;Novello;;CN;0;0;931.0;2001;11,7055;2009;1046;2009
1;1;4;4153;4153;Nucetto;;CN;0;0;473.0;2001;7,8083;2009;442;2009
1;1;4;4154;4154;Oncino;;CN;0;0;102.0;2001;47,3592;2009;84;2009
1;1;4;4155;4155;Ormea;;CN;0;0;1967.0;2001;124,4950;2009;1799;2009
1;1;4;4156;4156;Ostana;;CN;0;0;79.0;2001;14,0873;2009;88;2009
1;1;4;4157;4157;Paesana;;CN;0;0;3072.0;2001;58,2693;2009;2899;2009
1;1;4;4158;4158;Pagno;;CN;0;0;554.0;2001;8,6797;2009;583;2009
1;1;4;4159;4159;Pamparato;;CN;0;0;403.0;2001;34,4039;2009;356;2009
1;1;4;4160;4160;Paroldo;;CN;0;0;246.0;2001;12,4249;2009;237;2009
1;1;4;4161;4161;Perletto;;CN;0;0;328.0;2001;9,8932;2009;302;2009
1;1;4;4162;4162;Perlo;;CN;0;0;130.0;2001;10,2140;2009;120;2009
1;1;4;4163;4163;Peveragno;;CN;0;0;5207.0;2001;67,9187;2009;5449;2009
1;1;4;4164;4164;Pezzolo Valle Uzzone;;CN;0;0;370.0;2001;26,5693;2009;359;2009
1;1;4;4165;4165;Pianfei;;CN;0;0;1811.0;2001;15,3102;2009;2199;2009
1;1;4;4166;4166;Piasco;;CN;0;0;2711.0;2001;10,6214;2009;2850;2009
1;1;4;4167;4167;Pietraporzio;;CN;0;0;115.0;2001;55,1856;2009;94;2009
1;1;4;4168;4168;Piobesi d'Alba;;CN;0;0;1027.0;2001;4,0347;2009;1257;2009
1;1;4;4169;4169;Piozzo;;CN;0;0;997.0;2001;14,3043;2009;1026;2009
1;1;4;4170;4170;Pocapaglia;;CN;0;0;2758.0;2001;17,4774;2009;3211;2009
1;1;4;4171;4171;Polonghera;;CN;0;0;1138.0;2001;10,3146;2009;1216;2009
1;1;4;4172;4172;Pontechianale;;CN;0;0;208.0;2001;94,9229;2009;201;2009
1;1;4;4173;4173;Pradleves;;CN;0;0;317.0;2001;19,2934;2009;279;2009
1;1;4;4174;4174;Prazzo;;CN;0;0;218.0;2001;52,3851;2009;187;2009
1;1;4;4175;4175;Priero;;CN;0;0;441.0;2001;20,0088;2009;498;2009
1;1;4;4176;4176;Priocca;;CN;0;0;1956.0;2001;9,0306;2009;1954;2009
1;1;4;4177;4177;Priola;;CN;0;0;804.0;2001;27,3739;2009;757;2009
1;1;4;4178;4178;Prunetto;;CN;0;0;492.0;2001;14,3615;2009;486;2009
1;1;4;4179;4179;Racconigi;;CN;0;0;9856.0;2001;48,0562;2009;10088;2009
1;1;4;4180;4180;Revello;;CN;0;0;4192.0;2001;52,4700;2009;4216;2009
1;1;4;4181;4181;Rifreddo;;CN;0;0;1032.0;2001;6,8436;2009;1074;2009
1;1;4;4182;4182;Rittana;;CN;0;0;149.0;2001;11,3520;2009;148;2009
1;1;4;4183;4183;Roaschia;;CN;0;0;166.0;2001;23,8367;2009;156;2009
1;1;4;4184;4184;Roascio;;CN;0;0;85.0;2001;6,4212;2009;82;2009
1;1;4;4185;4185;Robilante;;CN;0;0;2316.0;2001;25,0038;2009;2412;2009
1;1;4;4186;4186;Roburent;;CN;0;0;565.0;2001;29,8104;2009;546;2009
1;1;4;4187;4187;Roccabruna;;CN;0;0;1460.0;2001;24,2988;2009;1576;2009
1;1;4;4188;4188;Rocca Cigliè;;CN;0;0;157.0;2001;7,0152;2009;157;2009
1;1;4;4189;4189;Rocca de' Baldi;;CN;0;0;1616.0;2001;26,4025;2009;1676;2009
1;1;4;4190;4190;Roccaforte Mondovì;;CN;0;0;2024.0;2001;84,6108;2009;2147;2009
1;1;4;4191;4191;Roccasparvera;;CN;0;0;672.0;2001;11,2407;2009;734;2009
1;1;4;4192;4192;Roccavione;;CN;0;0;2791.0;2001;19,1492;2009;2879;2009
1;1;4;4193;4193;Rocchetta Belbo;;CN;0;0;191.0;2001;4,5076;2009;184;2009
1;1;4;4194;4194;Roddi;;CN;0;0;1323.0;2001;9,3531;2009;1538;2009
1;1;4;4195;4195;Roddino;;CN;0;0;363.0;2001;10,5849;2009;399;2009
1;1;4;4196;4196;Rodello;;CN;0;0;908.0;2001;8,9004;2009;1011;2009
1;1;4;4197;4197;Rossana;;CN;0;0;934.0;2001;19,9166;2009;963;2009
1;1;4;4198;4198;Ruffia;;CN;0;0;311.0;2001;7,5091;2009;340;2009
1;1;4;4199;4199;Sale delle Langhe;;CN;0;0;490.0;2001;10,5052;2009;529;2009
1;1;4;4200;4200;Sale San Giovanni;;CN;0;0;193.0;2001;8,0742;2009;185;2009
1;1;4;4201;4201;Saliceto;;CN;0;0;1500.0;2001;24,3254;2009;1424;2009
1;1;4;4202;4202;Salmour;;CN;0;0;704.0;2001;12,6960;2009;739;2009
1;1;4;4203;4203;Saluzzo;;CN;0;0;15647.0;2001;76,5902;2009;16822;2009
1;1;4;4204;4204;Sambuco;;CN;0;0;89.0;2001;46,1392;2009;95;2009
1;1;4;4205;4205;Sampeyre;;CN;0;0;1144.0;2001;98,9069;2009;1098;2009
1;1;4;4206;4206;San Benedetto Belbo;;CN;0;0;192.0;2001;4,8454;2009;197;2009
1;1;4;4207;4207;San Damiano Macra;;CN;0;0;477.0;2001;54,2618;2009;461;2009
1;1;4;4208;4208;Sanfrè;;CN;0;0;2500.0;2001;15,5040;2009;2861;2009
1;1;4;4209;4209;Sanfront;;CN;0;0;2611.0;2001;39,7088;2009;2605;2009
1;1;4;4210;4210;San Michele Mondovì;;CN;0;0;2069.0;2001;18,1069;2009;2061;2009
1;1;4;4211;4211;Sant'Albano Stura;;CN;0;0;2084.0;2001;27,4544;2009;2381;2009
1;1;4;4212;4212;Santa Vittoria d'Alba;;CN;0;0;2512.0;2001;10,0758;2009;2737;2009
1;1;4;4213;4213;Santo Stefano Belbo;;CN;0;0;4037.0;2001;23,5721;2009;4120;2009
1;1;4;4214;4214;Santo Stefano Roero;;CN;0;0;1236.0;2001;13,1142;2009;1424;2009
1;1;4;4215;4215;Savigliano;;CN;0;0;19884.0;2001;110,7876;2009;20924;2009
1;1;4;4216;4216;Scagnello;;CN;0;0;209.0;2001;9,3878;2009;214;2009
1;1;4;4217;4217;Scarnafigi;;CN;0;0;1910.0;2001;30,4979;2009;2072;2009
1;1;4;4218;4218;Serralunga d'Alba;;CN;0;0;491.0;2001;8,3908;2009;534;2009
1;1;4;4219;4219;Serravalle Langhe;;CN;0;0;352.0;2001;8,8995;2009;338;2009
1;1;4;4220;4220;Sinio;;CN;0;0;461.0;2001;8,6012;2009;515;2009
1;1;4;4221;4221;Somano;;CN;0;0;386.0;2001;11,6848;2009;380;2009
1;1;4;4222;4222;Sommariva del Bosco;;CN;0;0;5779.0;2001;35,4155;2009;6355;2009
1;1;4;4223;4223;Sommariva Perno;;CN;0;0;2626.0;2001;17,0935;2009;2837;2009
1;1;4;4224;4224;Stroppo;;CN;0;0;108.0;2001;28,0956;2009;113;2009
1;1;4;4225;4225;Tarantasca;;CN;0;0;1940.0;2001;12,2013;2009;2049;2009
1;1;4;4226;4226;Torre Bormida;;CN;0;0;232.0;2001;7,1829;2009;225;2009
1;1;4;4227;4227;Torre Mondovì;;CN;0;0;521.0;2001;18,6453;2009;502;2009
1;1;4;4228;4228;Torre San Giorgio;;CN;0;0;672.0;2001;5,3901;2009;708;2009
1;1;4;4229;4229;Torresina;;CN;0;0;67.0;2001;3,8226;2009;65;2009
1;1;4;4230;4230;Treiso;;CN;0;0;763.0;2001;9,5956;2009;810;2009
1;1;4;4231;4231;Trezzo Tinella;;CN;0;0;356.0;2001;10,5253;2009;347;2009
1;1;4;4232;4232;Trinità;;CN;0;0;1981.0;2001;28,1439;2009;2129;2009
1;1;4;4233;4233;Valdieri;;CN;0;0;964.0;2001;153,3126;2009;970;2009
1;1;4;4234;4234;Valgrana;;CN;0;0;797.0;2001;23,1017;2009;816;2009
1;1;4;4235;4235;Valloriate;;CN;0;0;166.0;2001;16,9559;2009;141;2009
1;1;4;4236;4236;Valmala;;CN;0;0;56.0;2001;10,9200;2009;70;2009
1;1;4;4237;4237;Venasca;;CN;0;0;1512.0;2001;20,4094;2009;1524;2009
1;1;4;4238;4238;Verduno;;CN;0;0;512.0;2001;7,1540;2009;539;2009
1;1;4;4239;4239;Vernante;;CN;0;0;1332.0;2001;62,0563;2009;1238;2009
1;1;4;4240;4240;Verzuolo;;CN;0;0;6196.0;2001;26,1320;2009;6430;2009
1;1;4;4241;4241;Vezza d'Alba;;CN;0;0;2073.0;2001;14,0688;2009;2217;2009
1;1;4;4242;4242;Vicoforte;;CN;0;0;3024.0;2001;25,7363;2009;3228;2009
1;1;4;4243;4243;Vignolo;;CN;0;0;2054.0;2001;7,9415;2009;2402;2009
1;1;4;4244;4244;Villafalletto;;CN;0;0;2876.0;2001;29,7324;2009;2889;2009
1;1;4;4245;4245;Villanova Mondovì;;CN;0;0;5445.0;2001;28,3523;2009;5778;2009
1;1;4;4246;4246;Villanova Solaro;;CN;0;0;782.0;2001;14,7884;2009;789;2009
1;1;4;4247;4247;Villar San Costanzo;;CN;0;0;1396.0;2001;19,4958;2009;1475;2009
1;1;4;4248;4248;Vinadio;;CN;0;0;732.0;2001;183,1692;2009;716;2009
1;1;4;4249;4249;Viola;;CN;0;0;461.0;2001;21,0672;2009;432;2009
1;1;4;4250;4250;Vottignasco;;CN;0;0;573.0;2001;8,0900;2009;546;2009
1;1;5;5001;5001;Agliano Terme;;AT;0;0;1697.0;2001;15,4484;2009;1679;2009
1;1;5;5002;5002;Albugnano;;AT;0;0;462.0;2001;9,5399;2009;567;2009
1;1;5;5003;5003;Antignano;;AT;0;0;1007.0;2001;10,8608;2009;992;2009
1;1;5;5004;5004;Aramengo;;AT;0;0;604.0;2001;11,4124;2009;642;2009
1;1;5;5005;5005;Asti;;AT;1;0;71276.0;2001;151,3734;2009;74600;2009
1;1;5;5006;5006;Azzano d'Asti;;AT;0;0;371.0;2001;6,4341;2009;425;2009
1;1;5;5007;5007;Baldichieri d'Asti;;AT;0;0;1009.0;2001;5,0660;2009;1042;2009
1;1;5;5008;5008;Belveglio;;AT;0;0;320.0;2001;5,2796;2009;339;2009
1;1;5;5009;5009;Berzano di San Pietro;;AT;0;0;406.0;2001;7,3430;2009;446;2009
1;1;5;5010;5010;Bruno;;AT;0;0;375.0;2001;8,9008;2009;365;2009
1;1;5;5011;5011;Bubbio;;AT;0;0;935.0;2001;15,7621;2009;918;2009
1;1;5;5012;5012;Buttigliera d'Asti;;AT;0;0;1996.0;2001;19,1608;2009;2501;2009
1;1;5;5013;5013;Calamandrana;;AT;0;0;1563.0;2001;12,7884;2009;1759;2009
1;1;5;5014;5014;Calliano;;AT;0;0;1406.0;2001;17,2931;2009;1410;2009
1;1;5;5015;5015;Calosso;;AT;0;0;1264.0;2001;15,7149;2009;1321;2009
1;1;5;5016;5016;Camerano Casasco;;AT;0;0;494.0;2001;6,8923;2009;519;2009
1;1;5;5017;5017;Canelli;;AT;0;0;10230.0;2001;23,4326;2009;10629;2009
1;1;5;5018;5018;Cantarana;;AT;0;0;839.0;2001;9,7214;2009;1012;2009
1;1;5;5019;5019;Capriglio;;AT;0;0;309.0;2001;5,0565;2009;302;2009
1;1;5;5020;5020;Casorzo;;AT;0;0;687.0;2001;12,6480;2009;676;2009
1;1;5;5021;5021;Cassinasco;;AT;0;0;592.0;2001;11,8391;2009;648;2009
1;1;5;5022;5022;Castagnole delle Lanze;;AT;0;0;3641.0;2001;21,5648;2009;3856;2009
1;1;5;5023;5023;Castagnole Monferrato;;AT;0;0;1234.0;2001;17,3374;2009;1302;2009
1;1;5;5024;5024;Castel Boglione;;AT;0;0;645.0;2001;11,8622;2009;641;2009
1;1;5;5025;5025;Castell'Alfero;;AT;0;0;2691.0;2001;20,0881;2009;2783;2009
1;1;5;5026;5026;Castellero;;AT;0;0;291.0;2001;4,2882;2009;305;2009
1;1;5;5027;5027;Castelletto Molina;;AT;0;0;169.0;2001;3,0662;2009;185;2009
1;1;5;5028;5028;Castello di Annone;;AT;0;0;1767.0;2001;23,1785;2009;1947;2009
1;1;5;5029;5029;Castelnuovo Belbo;;AT;0;0;930.0;2001;9,5499;2009;911;2009
1;1;5;5030;5030;Castelnuovo Calcea;;AT;0;0;779.0;2001;8,2039;2009;782;2009
1;1;5;5031;5031;Castelnuovo Don Bosco;;AT;0;0;3038.0;2001;21,6068;2009;3177;2009
1;1;5;5032;5032;Castel Rocchero;;AT;0;0;396.0;2001;5,6273;2009;403;2009
1;1;5;5033;5033;Cellarengo;;AT;0;0;605.0;2001;10,8477;2009;715;2009
1;1;5;5034;5034;Celle Enomondo;;AT;0;0;460.0;2001;5,5928;2009;473;2009
1;1;5;5035;5035;Cerreto d'Asti;;AT;0;0;241.0;2001;3,9383;2009;231;2009
1;1;5;5036;5036;Cerro Tanaro;;AT;0;0;592.0;2001;4,6529;2009;642;2009
1;1;5;5037;5037;Cessole;;AT;0;0;456.0;2001;11,7779;2009;419;2009
1;1;5;5038;5038;Chiusano d'Asti;;AT;0;0;254.0;2001;2,4170;2009;231;2009
1;1;5;5039;5039;Cinaglio;;AT;0;0;459.0;2001;5,5045;2009;450;2009
1;1;5;5040;5040;Cisterna d'Asti;;AT;0;0;1241.0;2001;10,7326;2009;1314;2009
1;1;5;5041;5041;Coazzolo;;AT;0;0;300.0;2001;4,0489;2009;321;2009
1;1;5;5042;5042;Cocconato;;AT;0;0;1540.0;2001;16,5226;2009;1630;2009
1;1;5;5044;5044;Corsione;;AT;0;0;169.0;2001;5,0824;2009;225;2009
1;1;5;5045;5045;Cortandone;;AT;0;0;290.0;2001;5,0231;2009;320;2009
1;1;5;5046;5046;Cortanze;;AT;0;0;289.0;2001;4,4766;2009;296;2009
1;1;5;5047;5047;Cortazzone;;AT;0;0;626.0;2001;10,3333;2009;682;2009
1;1;5;5048;5048;Cortiglione;;AT;0;0;568.0;2001;8,4254;2009;603;2009
1;1;5;5049;5049;Cossombrato;;AT;0;0;488.0;2001;5,3986;2009;534;2009
1;1;5;5050;5050;Costigliole d'Asti;;AT;0;0;5882.0;2001;36,9433;2009;6069;2009
1;1;5;5051;5051;Cunico;;AT;0;0;497.0;2001;6,7086;2009;544;2009
1;1;5;5052;5052;Dusino San Michele;;AT;0;0;938.0;2001;11,9251;2009;1003;2009
1;1;5;5053;5053;Ferrere;;AT;0;0;1473.0;2001;13,9270;2009;1620;2009
1;1;5;5054;5054;Fontanile;;AT;0;0;542.0;2001;8,1300;2009;586;2009
1;1;5;5055;5055;Frinco;;AT;0;0;690.0;2001;7,2168;2009;753;2009
1;1;5;5056;5056;Grana;;AT;0;0;611.0;2001;5,8846;2009;628;2009
1;1;5;5057;5057;Grazzano Badoglio;;AT;0;0;639.0;2001;10,4721;2009;652;2009
1;1;5;5058;5058;Incisa Scapaccino;;AT;0;0;2031.0;2001;20,7037;2009;2253;2009
1;1;5;5059;5059;Isola d'Asti;;AT;0;0;2041.0;2001;13,5026;2009;2184;2009
1;1;5;5060;5060;Loazzolo;;AT;0;0;380.0;2001;14,8219;2009;334;2009
1;1;5;5061;5061;Maranzana;;AT;0;0;307.0;2001;4,3739;2009;333;2009
1;1;5;5062;5062;Maretto;;AT;0;0;358.0;2001;4,9251;2009;395;2009
1;1;5;5063;5063;Moasca;;AT;0;0;401.0;2001;4,1551;2009;467;2009
1;1;5;5064;5064;Mombaldone;;AT;0;0;269.0;2001;12,4357;2009;226;2009
1;1;5;5065;5065;Mombaruzzo;;AT;0;0;1163.0;2001;22,3971;2009;1141;2009
1;1;5;5066;5066;Mombercelli;;AT;0;0;2214.0;2001;14,2321;2009;2407;2009
1;1;5;5067;5067;Monale;;AT;0;0;892.0;2001;9,1103;2009;1038;2009
1;1;5;5068;5068;Monastero Bormida;;AT;0;0;970.0;2001;14,2057;2009;996;2009
1;1;5;5069;5069;Moncalvo;;AT;0;0;3320.0;2001;17,4210;2009;3263;2009
1;1;5;5070;5070;Moncucco Torinese;;AT;0;0;811.0;2001;14,3291;2009;873;2009
1;1;5;5071;5071;Mongardino;;AT;0;0;986.0;2001;6,8550;2009;963;2009
1;1;5;5072;5072;Montabone;;AT;0;0;357.0;2001;8,5373;2009;370;2009
1;1;5;5073;5073;Montafia;;AT;0;0;934.0;2001;14,4969;2009;961;2009
1;1;5;5074;5074;Montaldo Scarampi;;AT;0;0;688.0;2001;6,6348;2009;783;2009
1;1;5;5075;5075;Montechiaro d'Asti;;AT;0;0;1382.0;2001;10,1408;2009;1447;2009
1;1;5;5076;5076;Montegrosso d'Asti;;AT;0;0;2084.0;2001;15,4191;2009;2251;2009
1;1;5;5077;5077;Montemagno;;AT;0;0;1205.0;2001;16,1185;2009;1226;2009
1;1;5;5079;5079;Moransengo;;AT;0;0;230.0;2001;5,4053;2009;216;2009
1;1;5;5080;5080;Nizza Monferrato;;AT;0;0;10019.0;2001;30,3631;2009;10491;2009
1;1;5;5081;5081;Olmo Gentile;;AT;0;0;104.0;2001;5,6170;2009;94;2009
1;1;5;5082;5082;Passerano Marmorito;;AT;0;0;450.0;2001;12,0260;2009;457;2009
1;1;5;5083;5083;Penango;;AT;0;0;538.0;2001;9,5630;2009;520;2009
1;1;5;5084;5084;Piea;;AT;0;0;568.0;2001;9,0013;2009;618;2009
1;1;5;5085;5085;Pino d'Asti;;AT;0;0;226.0;2001;4,0820;2009;241;2009
1;1;5;5086;5086;Piovà Massaia;;AT;0;0;640.0;2001;11,0690;2009;728;2009
1;1;5;5087;5087;Portacomaro;;AT;0;0;1992.0;2001;11,0036;2009;1987;2009
1;1;5;5088;5088;Quaranti;;AT;0;0;199.0;2001;2,8582;2009;194;2009
1;1;5;5089;5089;Refrancore;;AT;0;0;1560.0;2001;13,0961;2009;1693;2009
1;1;5;5090;5090;Revigliasco d'Asti;;AT;0;0;859.0;2001;8,7729;2009;846;2009
1;1;5;5091;5091;Roatto;;AT;0;0;373.0;2001;6,4172;2009;382;2009
1;1;5;5092;5092;Robella;;AT;0;0;562.0;2001;12,1805;2009;514;2009
1;1;5;5093;5093;Rocca d'Arazzo;;AT;0;0;941.0;2001;12,5631;2009;960;2009
1;1;5;5094;5094;Roccaverano;;AT;0;0;529.0;2001;29,5057;2009;455;2009
1;1;5;5095;5095;Rocchetta Palafea;;AT;0;0;406.0;2001;7,8377;2009;371;2009
1;1;5;5096;5096;Rocchetta Tanaro;;AT;0;0;1410.0;2001;15,9109;2009;1463;2009
1;1;5;5097;5097;San Damiano d'Asti;;AT;0;0;7622.0;2001;47,8656;2009;8474;2009
1;1;5;5098;5098;San Giorgio Scarampi;;AT;0;0;140.0;2001;6,1477;2009;125;2009
1;1;5;5099;5099;San Martino Alfieri;;AT;0;0;704.0;2001;7,2094;2009;734;2009
1;1;5;5100;5100;San Marzano Oliveto;;AT;0;0;1012.0;2001;9,6838;2009;1063;2009
1;1;5;5101;5101;San Paolo Solbrito;;AT;0;0;1059.0;2001;11,8691;2009;1206;2009
1;1;5;5103;5103;Scurzolengo;;AT;0;0;637.0;2001;5,3426;2009;624;2009
1;1;5;5104;5104;Serole;;AT;0;0;163.0;2001;12,3277;2009;145;2009
1;1;5;5105;5105;Sessame;;AT;0;0;285.0;2001;8,4471;2009;296;2009
1;1;5;5106;5106;Settime;;AT;0;0;537.0;2001;6,6804;2009;586;2009
1;1;5;5107;5107;Soglio;;AT;0;0;135.0;2001;3,2800;2009;165;2009
1;1;5;5108;5108;Tigliole;;AT;0;0;1605.0;2001;16,1173;2009;1724;2009
1;1;5;5109;5109;Tonco;;AT;0;0;891.0;2001;11,8030;2009;921;2009
1;1;5;5110;5110;Tonengo;;AT;0;0;192.0;2001;5,5952;2009;199;2009
1;1;5;5111;5111;Vaglio Serra;;AT;0;0;298.0;2001;4,7599;2009;282;2009
1;1;5;5112;5112;Valfenera;;AT;0;0;2128.0;2001;22,0383;2009;2500;2009
1;1;5;5113;5113;Vesime;;AT;0;0;678.0;2001;13,1655;2009;699;2009
1;1;5;5114;5114;Viale;;AT;0;0;267.0;2001;3,9754;2009;275;2009
1;1;5;5115;5115;Viarigi;;AT;0;0;1003.0;2001;13,7135;2009;990;2009
1;1;5;5116;5116;Vigliano d'Asti;;AT;0;0;823.0;2001;6,6530;2009;881;2009
1;1;5;5117;5117;Villafranca d'Asti;;AT;0;0;2942.0;2001;12,8798;2009;3215;2009
1;1;5;5118;5118;Villanova d'Asti;;AT;0;0;4717.0;2001;41,9480;2009;5695;2009
1;1;5;5119;5119;Villa San Secondo;;AT;0;0;384.0;2001;6,1268;2009;412;2009
1;1;5;5120;5120;Vinchio;;AT;0;0;698.0;2001;9,2863;2009;675;2009
1;1;5;5121;5121;Montiglio Monferrato;;AT;0;0;1747.0;2001;26,8624;2009;1723;2009
1;1;6;6001;6001;Acqui Terme;;AL;0;0;19184.0;2001;33,2967;2009;20098;2009
1;1;6;6002;6002;Albera Ligure;;AL;0;0;357.0;2001;21,2298;2009;336;2009
1;1;6;6003;6003;Alessandria;;AL;1;0;85438.0;2001;203,5659;2009;91333;2009
1;1;6;6004;6004;Alfiano Natta;;AL;0;0;793.0;2001;13,1455;2009;778;2009
1;1;6;6005;6005;Alice Bel Colle;;AL;0;0;786.0;2001;12,2135;2009;781;2009
1;1;6;6006;6006;Alluvioni Cambiò;;AL;0;0;1019.0;2001;9,1382;2009;996;2009
1;1;6;6007;6007;Altavilla Monferrato;;AL;0;0;480.0;2001;11,3280;2009;507;2009
1;1;6;6008;6008;Alzano Scrivia;;AL;0;0;392.0;2001;2,1269;2009;390;2009
1;1;6;6009;6009;Arquata Scrivia;;AL;0;0;5765.0;2001;29,6715;2009;6031;2009
1;1;6;6010;6010;Avolasca;;AL;0;0;280.0;2001;12,2375;2009;309;2009
1;1;6;6011;6011;Balzola;;AL;0;0;1444.0;2001;16,6197;2009;1452;2009
1;1;6;6012;6012;Basaluzzo;;AL;0;0;1897.0;2001;15,0526;2009;2115;2009
1;1;6;6013;6013;Bassignana;;AL;0;0;1737.0;2001;28,7128;2009;1779;2009
1;1;6;6014;6014;Belforte Monferrato;;AL;0;0;448.0;2001;8,3258;2009;461;2009
1;1;6;6015;6015;Bergamasco;;AL;0;0;765.0;2001;13,4397;2009;773;2009
1;1;6;6016;6016;Berzano di Tortona;;AL;0;0;132.0;2001;2,8874;2009;166;2009
1;1;6;6017;6017;Bistagno;;AL;0;0;1733.0;2001;17,5936;2009;1940;2009
1;1;6;6018;6018;Borghetto di Borbera;;AL;0;0;1963.0;2001;39,3977;2009;2012;2009
1;1;6;6019;6019;Borgoratto Alessandrino;;AL;0;0;611.0;2001;6,6034;2009;614;2009
1;1;6;6020;6020;Borgo San Martino;;AL;0;0;1366.0;2001;9,7230;2009;1426;2009
1;1;6;6021;6021;Bosco Marengo;;AL;0;0;2494.0;2001;44,5297;2009;2539;2009
1;1;6;6022;6022;Bosio;;AL;0;0;1177.0;2001;67,6136;2009;1220;2009
1;1;6;6023;6023;Bozzole;;AL;0;0;293.0;2001;9,0235;2009;348;2009
1;1;6;6024;6024;Brignano-Frascata;;AL;0;0;500.0;2001;17,5293;2009;472;2009
1;1;6;6025;6025;Cabella Ligure;;AL;0;0;641.0;2001;46,6326;2009;567;2009
1;1;6;6026;6026;Camagna Monferrato;;AL;0;0;537.0;2001;9,2493;2009;539;2009
1;1;6;6027;6027;Camino;;AL;0;0;734.0;2001;18,4376;2009;812;2009
1;1;6;6028;6028;Cantalupo Ligure;;AL;0;0;555.0;2001;24,0619;2009;546;2009
1;1;6;6029;6029;Capriata d'Orba;;AL;0;0;1845.0;2001;28,4663;2009;1941;2009
1;1;6;6030;6030;Carbonara Scrivia;;AL;0;0;966.0;2001;5,0526;2009;1094;2009
1;1;6;6031;6031;Carentino;;AL;0;0;313.0;2001;9,7892;2009;331;2009
1;1;6;6032;6032;Carezzano;;AL;0;0;449.0;2001;10,4833;2009;422;2009
1;1;6;6033;6033;Carpeneto;;AL;0;0;913.0;2001;13,3394;2009;985;2009
1;1;6;6034;6034;Carrega Ligure;;AL;0;0;119.0;2001;55,2551;2009;88;2009
1;1;6;6035;6035;Carrosio;;AL;0;0;465.0;2001;7,0154;2009;487;2009
1;1;6;6036;6036;Cartosio;;AL;0;0;805.0;2001;16,3413;2009;807;2009
1;1;6;6037;6037;Casal Cermelli;;AL;0;0;1146.0;2001;12,1637;2009;1181;2009
1;1;6;6038;6038;Casaleggio Boiro;;AL;0;0;377.0;2001;12,0104;2009;416;2009
1;1;6;6039;6039;Casale Monferrato;;AL;0;0;35244.0;2001;86,2099;2009;35340;2009
1;1;6;6040;6040;Casalnoceto;;AL;0;0;877.0;2001;12,9850;2009;993;2009
1;1;6;6041;6041;Casasco;;AL;0;0;149.0;2001;9,0373;2009;140;2009
1;1;6;6042;6042;Cassano Spinola;;AL;0;0;1852.0;2001;13,8466;2009;1872;2009
1;1;6;6043;6043;Cassine;;AL;0;0;3042.0;2001;33,0925;2009;3075;2009
1;1;6;6044;6044;Cassinelle;;AL;0;0;864.0;2001;23,7721;2009;959;2009
1;1;6;6045;6045;Castellania;;AL;0;0;95.0;2001;7,2089;2009;86;2009
1;1;6;6046;6046;Castellar Guidobono;;AL;0;0;402.0;2001;2,4827;2009;417;2009
1;1;6;6047;6047;Castellazzo Bormida;;AL;0;0;4268.0;2001;45,1282;2009;4663;2009
1;1;6;6048;6048;Castelletto d'Erro;;AL;0;0;153.0;2001;4,6600;2009;154;2009
1;1;6;6049;6049;Castelletto d'Orba;;AL;0;0;1891.0;2001;13,9770;2009;2072;2009
1;1;6;6050;6050;Castelletto Merli;;AL;0;0;470.0;2001;11,5844;2009;499;2009
1;1;6;6051;6051;Castelletto Monferrato;;AL;0;0;1428.0;2001;9,5776;2009;1566;2009
1;1;6;6052;6052;Castelnuovo Bormida;;AL;0;0;648.0;2001;13,1106;2009;716;2009
1;1;6;6053;6053;Castelnuovo Scrivia;;AL;0;0;5624.0;2001;45,4214;2009;5521;2009
1;1;6;6054;6054;Castelspina;;AL;0;0;394.0;2001;5,4873;2009;431;2009
1;1;6;6055;6055;Cavatore;;AL;0;0;310.0;2001;10,4466;2009;319;2009
1;1;6;6056;6056;Cella Monte;;AL;0;0;509.0;2001;5,5524;2009;524;2009
1;1;6;6057;6057;Cereseto;;AL;0;0;431.0;2001;10,4427;2009;472;2009
1;1;6;6058;6058;Cerreto Grue;;AL;0;0;339.0;2001;4,7470;2009;328;2009
1;1;6;6059;6059;Cerrina Monferrato;;AL;0;0;1599.0;2001;17,3008;2009;1538;2009
1;1;6;6060;6060;Coniolo;;AL;0;0;422.0;2001;10,3002;2009;477;2009
1;1;6;6061;6061;Conzano;;AL;0;0;1005.0;2001;11,6117;2009;1027;2009
1;1;6;6062;6062;Costa Vescovato;;AL;0;0;347.0;2001;7,8996;2009;389;2009
1;1;6;6063;6063;Cremolino;;AL;0;0;959.0;2001;14,3874;2009;1089;2009
1;1;6;6064;6064;Cuccaro Monferrato;;AL;0;0;367.0;2001;5,2191;2009;351;2009
1;1;6;6065;6065;Denice;;AL;0;0;204.0;2001;7,4621;2009;200;2009
1;1;6;6066;6066;Dernice;;AL;0;0;249.0;2001;18,2762;2009;235;2009
1;1;6;6067;6067;Fabbrica Curone;;AL;0;0;838.0;2001;53,8547;2009;725;2009
1;1;6;6068;6068;Felizzano;;AL;0;0;2395.0;2001;25,0138;2009;2444;2009
1;1;6;6069;6069;Fraconalto;;AL;0;0;328.0;2001;17,6148;2009;365;2009
1;1;6;6070;6070;Francavilla Bisio;;AL;0;0;459.0;2001;7,7515;2009;507;2009
1;1;6;6071;6071;Frascaro;;AL;0;0;418.0;2001;5,2861;2009;481;2009
1;1;6;6072;6072;Frassinello Monferrato;;AL;0;0;562.0;2001;8,4310;2009;561;2009
1;1;6;6073;6073;Frassineto Po;;AL;0;0;1465.0;2001;29,5649;2009;1454;2009
1;1;6;6074;6074;Fresonara;;AL;0;0;694.0;2001;6,9336;2009;723;2009
1;1;6;6075;6075;Frugarolo;;AL;0;0;1856.0;2001;27,0573;2009;2007;2009
1;1;6;6076;6076;Fubine;;AL;0;0;1683.0;2001;25,5332;2009;1674;2009
1;1;6;6077;6077;Gabiano;;AL;0;0;1259.0;2001;17,7684;2009;1227;2009
1;1;6;6078;6078;Gamalero;;AL;0;0;778.0;2001;12,1542;2009;845;2009
1;1;6;6079;6079;Garbagna;;AL;0;0;681.0;2001;20,7165;2009;739;2009
1;1;6;6080;6080;Gavazzana;;AL;0;0;127.0;2001;3,2797;2009;175;2009
1;1;6;6081;6081;Gavi;;AL;0;0;4506.0;2001;44,5214;2009;4698;2009
1;1;6;6082;6082;Giarole;;AL;0;0;690.0;2001;5,4494;2009;725;2009
1;1;6;6083;6083;Gremiasco;;AL;0;0;361.0;2001;17,3863;2009;346;2009
1;1;6;6084;6084;Grognardo;;AL;0;0;321.0;2001;9,0802;2009;296;2009
1;1;6;6085;6085;Grondona;;AL;0;0;538.0;2001;25,9428;2009;554;2009
1;1;6;6086;6086;Guazzora;;AL;0;0;294.0;2001;2,8021;2009;322;2009
1;1;6;6087;6087;Isola Sant'Antonio;;AL;0;0;766.0;2001;23,5485;2009;758;2009
1;1;6;6088;6088;Lerma;;AL;0;0;801.0;2001;14,5358;2009;889;2009
1;1;6;6089;6089;Lu;;AL;0;0;1213.0;2001;21,8759;2009;1194;2009
1;1;6;6090;6090;Malvicino;;AL;0;0;121.0;2001;9,0350;2009;92;2009
1;1;6;6091;6091;Masio;;AL;0;0;1440.0;2001;22,2319;2009;1479;2009
1;1;6;6092;6092;Melazzo;;AL;0;0;1185.0;2001;19,7375;2009;1296;2009
1;1;6;6093;6093;Merana;;AL;0;0;185.0;2001;9,1998;2009;184;2009
1;1;6;6094;6094;Mirabello Monferrato;;AL;0;0;1361.0;2001;13,2357;2009;1368;2009
1;1;6;6095;6095;Molare;;AL;0;0;2044.0;2001;32,5040;2009;2302;2009
1;1;6;6096;6096;Molino dei Torti;;AL;0;0;738.0;2001;2,7527;2009;707;2009
1;1;6;6097;6097;Mombello Monferrato;;AL;0;0;1095.0;2001;19,6941;2009;1115;2009
1;1;6;6098;6098;Momperone;;AL;0;0;232.0;2001;8,5408;2009;219;2009
1;1;6;6099;6099;Moncestino;;AL;0;0;226.0;2001;6,5184;2009;241;2009
1;1;6;6100;6100;Mongiardino Ligure;;AL;0;0;204.0;2001;29,0326;2009;184;2009
1;1;6;6101;6101;Monleale;;AL;0;0;634.0;2001;9,6176;2009;618;2009
1;1;6;6102;6102;Montacuto;;AL;0;0;339.0;2001;23,7473;2009;314;2009
1;1;6;6103;6103;Montaldeo;;AL;0;0;318.0;2001;5,3756;2009;287;2009
1;1;6;6104;6104;Montaldo Bormida;;AL;0;0;690.0;2001;5,7241;2009;715;2009
1;1;6;6105;6105;Montecastello;;AL;0;0;340.0;2001;7,4867;2009;327;2009
1;1;6;6106;6106;Montechiaro d'Acqui;;AL;0;0;585.0;2001;17,5982;2009;597;2009
1;1;6;6107;6107;Montegioco;;AL;0;0;306.0;2001;5,4513;2009;353;2009
1;1;6;6108;6108;Montemarzino;;AL;0;0;352.0;2001;9,8515;2009;366;2009
1;1;6;6109;6109;Morano sul Po;;AL;0;0;1569.0;2001;17,7049;2009;1531;2009
1;1;6;6110;6110;Morbello;;AL;0;0;459.0;2001;23,9523;2009;432;2009
1;1;6;6111;6111;Mornese;;AL;0;0;706.0;2001;13,2197;2009;740;2009
1;1;6;6112;6112;Morsasco;;AL;0;0;718.0;2001;10,2943;2009;713;2009
1;1;6;6113;6113;Murisengo;;AL;0;0;1511.0;2001;15,3104;2009;1484;2009
1;1;6;6114;6114;Novi Ligure;;AL;0;0;27223.0;2001;55,1948;2009;28184;2009
1;1;6;6115;6115;Occimiano;;AL;0;0;1385.0;2001;22,4629;2009;1383;2009
1;1;6;6116;6116;Odalengo Grande;;AL;0;0;533.0;2001;15,4278;2009;519;2009
1;1;6;6117;6117;Odalengo Piccolo;;AL;0;0;274.0;2001;7,5707;2009;260;2009
1;1;6;6118;6118;Olivola;;AL;0;0;145.0;2001;2,6908;2009;133;2009
1;1;6;6119;6119;Orsara Bormida;;AL;0;0;417.0;2001;5,0996;2009;405;2009
1;1;6;6120;6120;Ottiglio;;AL;0;0;659.0;2001;14,5434;2009;699;2009
1;1;6;6121;6121;Ovada;;AL;0;0;11677.0;2001;35,3723;2009;11811;2009
1;1;6;6122;6122;Oviglio;;AL;0;0;1294.0;2001;27,3665;2009;1302;2009
1;1;6;6123;6123;Ozzano Monferrato;;AL;0;0;1567.0;2001;15,1834;2009;1528;2009
1;1;6;6124;6124;Paderna;;AL;0;0;243.0;2001;4,4198;2009;243;2009
1;1;6;6125;6125;Pareto;;AL;0;0;688.0;2001;41,7376;2009;626;2009
1;1;6;6126;6126;Parodi Ligure;;AL;0;0;721.0;2001;12,5365;2009;766;2009
1;1;6;6127;6127;Pasturana;;AL;0;0;1011.0;2001;5,2811;2009;1219;2009
1;1;6;6128;6128;Pecetto di Valenza;;AL;0;0;1312.0;2001;11,4645;2009;1276;2009
1;1;6;6129;6129;Pietra Marazzi;;AL;0;0;932.0;2001;7,9973;2009;915;2009
1;1;6;6130;6130;Piovera;;AL;0;0;736.0;2001;15,6455;2009;832;2009
1;1;6;6131;6131;Pomaro Monferrato;;AL;0;0;423.0;2001;13,4427;2009;386;2009
1;1;6;6132;6132;Pontecurone;;AL;0;0;3781.0;2001;29,7049;2009;3907;2009
1;1;6;6133;6133;Pontestura;;AL;0;0;1558.0;2001;18,9177;2009;1468;2009
1;1;6;6134;6134;Ponti;;AL;0;0;677.0;2001;11,9679;2009;635;2009
1;1;6;6135;6135;Ponzano Monferrato;;AL;0;0;404.0;2001;11,6495;2009;388;2009
1;1;6;6136;6136;Ponzone;;AL;0;0;1206.0;2001;69,0281;2009;1120;2009
1;1;6;6137;6137;Pozzol Groppo;;AL;0;0;397.0;2001;14,0840;2009;372;2009
1;1;6;6138;6138;Pozzolo Formigaro;;AL;0;0;4771.0;2001;36,1766;2009;4924;2009
1;1;6;6139;6139;Prasco;;AL;0;0;534.0;2001;5,9724;2009;565;2009
1;1;6;6140;6140;Predosa;;AL;0;0;2074.0;2001;33,0071;2009;2104;2009
1;1;6;6141;6141;Quargnento;;AL;0;0;1296.0;2001;36,1651;2009;1396;2009
1;1;6;6142;6142;Quattordio;;AL;0;0;1753.0;2001;17,7338;2009;1697;2009
1;1;6;6143;6143;Ricaldone;;AL;0;0;687.0;2001;10,5153;2009;694;2009
1;1;6;6144;6144;Rivalta Bormida;;AL;0;0;1443.0;2001;10,0516;2009;1434;2009
1;1;6;6145;6145;Rivarone;;AL;0;0;372.0;2001;6,0734;2009;382;2009
1;1;6;6146;6146;Roccaforte Ligure;;AL;0;0;167.0;2001;20,5887;2009;152;2009
1;1;6;6147;6147;Rocca Grimalda;;AL;0;0;1346.0;2001;15,4612;2009;1532;2009
1;1;6;6148;6148;Rocchetta Ligure;;AL;0;0;220.0;2001;10,1543;2009;216;2009
1;1;6;6149;6149;Rosignano Monferrato;;AL;0;0;1650.0;2001;19,2799;2009;1717;2009
1;1;6;6150;6150;Sala Monferrato;;AL;0;0;475.0;2001;7,5754;2009;390;2009
1;1;6;6151;6151;Sale;;AL;0;0;4246.0;2001;44,9156;2009;4247;2009
1;1;6;6152;6152;San Cristoforo;;AL;0;0;575.0;2001;3,5706;2009;612;2009
1;1;6;6153;6153;San Giorgio Monferrato;;AL;0;0;1279.0;2001;7,1156;2009;1282;2009
1;1;6;6154;6154;San Salvatore Monferrato;;AL;0;0;4623.0;2001;31,6916;2009;4507;2009
1;1;6;6155;6155;San Sebastiano Curone;;AL;0;0;543.0;2001;3,8925;2009;619;2009
1;1;6;6156;6156;Sant'Agata Fossili;;AL;0;0;413.0;2001;7,7065;2009;458;2009
1;1;6;6157;6157;Sardigliano;;AL;0;0;441.0;2001;12,7430;2009;452;2009
1;1;6;6158;6158;Sarezzano;;AL;0;0;1156.0;2001;13,8532;2009;1207;2009
1;1;6;6159;6159;Serralunga di Crea;;AL;0;0;617.0;2001;8,8426;2009;608;2009
1;1;6;6160;6160;Serravalle Scrivia;;AL;0;0;5820.0;2001;15,9488;2009;6330;2009
1;1;6;6161;6161;Sezzadio;;AL;0;0;1291.0;2001;34,3194;2009;1290;2009
1;1;6;6162;6162;Silvano d'Orba;;AL;0;0;1830.0;2001;12,1681;2009;1993;2009
1;1;6;6163;6163;Solero;;AL;0;0;1685.0;2001;22,5538;2009;1661;2009
1;1;6;6164;6164;Solonghello;;AL;0;0;245.0;2001;4,9533;2009;243;2009
1;1;6;6165;6165;Spigno Monferrato;;AL;0;0;1216.0;2001;54,8545;2009;1160;2009
1;1;6;6166;6166;Spineto Scrivia;;AL;0;0;322.0;2001;3,9542;2009;355;2009
1;1;6;6167;6167;Stazzano;;AL;0;0;2108.0;2001;17,9132;2009;2388;2009
1;1;6;6168;6168;Strevi;;AL;0;0;1972.0;2001;15,2889;2009;2061;2009
1;1;6;6169;6169;Tagliolo Monferrato;;AL;0;0;1457.0;2001;26,2111;2009;1567;2009
1;1;6;6170;6170;Tassarolo;;AL;0;0;611.0;2001;7,0350;2009;615;2009
1;1;6;6171;6171;Terruggia;;AL;0;0;812.0;2001;7,2664;2009;884;2009
1;1;6;6172;6172;Terzo;;AL;0;0;846.0;2001;8,7960;2009;882;2009
1;1;6;6173;6173;Ticineto;;AL;0;0;1384.0;2001;8,0894;2009;1441;2009
1;1;6;6174;6174;Tortona;;AL;0;0;25227.0;2001;98,8666;2009;26580;2009
1;1;6;6175;6175;Treville;;AL;0;0;280.0;2001;4,6032;2009;284;2009
1;1;6;6176;6176;Trisobbio;;AL;0;0;682.0;2001;9,2192;2009;687;2009
1;1;6;6177;6177;Valenza;;AL;0;0;20339.0;2001;48,3854;2009;20000;2009
1;1;6;6178;6178;Valmacca;;AL;0;0;1099.0;2001;12,2934;2009;1094;2009
1;1;6;6179;6179;Vignale Monferrato;;AL;0;0;1141.0;2001;18,7258;2009;1109;2009
1;1;6;6180;6180;Vignole Borbera;;AL;0;0;2037.0;2001;8,6455;2009;2237;2009
1;1;6;6181;6181;Viguzzolo;;AL;0;0;2884.0;2001;18,3073;2009;3202;2009
1;1;6;6182;6182;Villadeati;;AL;0;0;521.0;2001;14,6091;2009;516;2009
1;1;6;6183;6183;Villalvernia;;AL;0;0;932.0;2001;4,4744;2009;995;2009
1;1;6;6184;6184;Villamiroglio;;AL;0;0;312.0;2001;9,8689;2009;342;2009
1;1;6;6185;6185;Villanova Monferrato;;AL;0;0;1743.0;2001;16,5563;2009;1883;2009
1;1;6;6186;6186;Villaromagnano;;AL;0;0;758.0;2001;6,0672;2009;723;2009
1;1;6;6187;6187;Visone;;AL;0;0;1160.0;2001;12,5618;2009;1235;2009
1;1;6;6188;6188;Volpedo;;AL;0;0;1191.0;2001;10,4829;2009;1234;2009
1;1;6;6189;6189;Volpeglino;;AL;0;0;160.0;2001;3,2458;2009;172;2009
1;1;6;6190;6190;Voltaggio;;AL;0;0;770.0;2001;52,1827;2009;773;2009
1;2;7;7001;7001;Allein;;AO;0;0;242.0;2001;7,9640;2009;254;2009
1;2;7;7002;7002;Antey-Saint-André;;AO;0;0;585.0;2001;11,8080;2009;624;2009
1;2;7;7003;7003;Aosta;;AO;1;1;34062.0;2001;21,3923;2009;34508;2009
1;2;7;7004;7004;Arnad;;AO;0;0;1273.0;2001;28,8405;2009;1319;2009
1;2;7;7005;7005;Arvier;;AO;0;0;838.0;2001;33,3596;2009;891;2009
1;2;7;7006;7006;Avise;;AO;0;0;307.0;2001;52,6166;2009;307;2009
1;2;7;7007;7007;Ayas;;AO;0;0;1268.0;2001;129,4208;2009;1357;2009
1;2;7;7008;7008;Aymavilles;;AO;0;0;1850.0;2001;53,2436;2009;2014;2009
1;2;7;7009;7009;Bard;;AO;0;0;139.0;2001;3,0314;2009;133;2009
1;2;7;7010;7010;Bionaz;;AO;0;0;239.0;2001;142,0905;2009;239;2009
1;2;7;7011;7011;Brissogne;;AO;0;0;904.0;2001;25,5133;2009;980;2009
1;2;7;7012;7012;Brusson;;AO;0;0;893.0;2001;55,2621;2009;860;2009
1;2;7;7013;7013;Challand-Saint-Anselme;;AO;0;0;686.0;2001;27,9864;2009;749;2009
1;2;7;7014;7014;Challand-Saint-Victor;;AO;0;0;586.0;2001;25,1589;2009;634;2009
1;2;7;7015;7015;Chambave;;AO;0;0;945.0;2001;21,5415;2009;955;2009
1;2;7;7016;7016;Chamois;;AO;0;0;93.0;2001;14,5283;2009;100;2009
1;2;7;7017;7017;Champdepraz;;AO;0;0;640.0;2001;48,7924;2009;692;2009
1;2;7;7018;7018;Champorcher;;AO;0;0;423.0;2001;68,4401;2009;398;2009
1;2;7;7019;7019;Charvensod;;AO;0;0;2266.0;2001;25,8619;2009;2461;2009
1;2;7;7020;7020;Châtillon;;AO;0;0;4712.0;2001;39,6811;2009;4880;2009
1;2;7;7021;7021;Cogne;;AO;0;0;1467.0;2001;213,0426;2009;1480;2009
1;2;7;7022;7022;Courmayeur;;AO;0;0;2790.0;2001;209,6059;2009;2881;2009
1;2;7;7023;7023;Donnas;;AO;0;0;2645.0;2001;33,9801;2009;2710;2009
1;2;7;7024;7024;Doues;;AO;0;0;375.0;2001;16,2542;2009;490;2009
1;2;7;7025;7025;Emarèse;;AO;0;0;202.0;2001;10,2330;2009;219;2009
1;2;7;7026;7026;Etroubles;;AO;0;0;439.0;2001;39,5692;2009;498;2009
1;2;7;7027;7027;Fénis;;AO;0;0;1618.0;2001;68,1159;2009;1758;2009
1;2;7;7028;7028;Fontainemore;;AO;0;0;412.0;2001;31,7128;2009;442;2009
1;2;7;7029;7029;Gaby;;AO;0;0;461.0;2001;32,1716;2009;488;2009
1;2;7;7030;7030;Gignod;;AO;0;0;1256.0;2001;25,9833;2009;1581;2009
1;2;7;7031;7031;Gressan;;AO;0;0;2731.0;2001;25,3034;2009;3240;2009
1;2;7;7032;7032;Gressoney-La-Trinité;;AO;0;0;297.0;2001;66,5174;2009;316;2009
1;2;7;7033;7033;Gressoney-Saint-Jean;;AO;0;0;789.0;2001;69,6500;2009;807;2009
1;2;7;7034;7034;Hône;;AO;0;0;1146.0;2001;12,6384;2009;1195;2009
1;2;7;7035;7035;Introd;;AO;0;0;550.0;2001;20,0381;2009;639;2009
1;2;7;7036;7036;Issime;;AO;0;0;403.0;2001;35,3781;2009;411;2009
1;2;7;7037;7037;Issogne;;AO;0;0;1346.0;2001;23,6103;2009;1406;2009
1;2;7;7038;7038;Jovençan;;AO;0;0;595.0;2001;7,0120;2009;662;2009
1;2;7;7039;7039;La Magdeleine;;AO;0;0;91.0;2001;8,9365;2009;90;2009
1;2;7;7040;7040;La Salle;;AO;0;0;1880.0;2001;83,9427;2009;2029;2009
1;2;7;7041;7041;La Thuile;;AO;0;0;716.0;2001;125,6666;2009;771;2009
1;2;7;7042;7042;Lillianes;;AO;0;0;473.0;2001;18,5491;2009;467;2009
1;2;7;7043;7043;Montjovet;;AO;0;0;1742.0;2001;18,7597;2009;1857;2009
1;2;7;7044;7044;Morgex;;AO;0;0;1907.0;2001;43,6277;2009;2073;2009
1;2;7;7045;7045;Nus;;AO;0;0;2577.0;2001;57,3544;2009;2881;2009
1;2;7;7046;7046;Ollomont;;AO;0;0;159.0;2001;53,4825;2009;155;2009
1;2;7;7047;7047;Oyace;;AO;0;0;220.0;2001;30,5598;2009;225;2009
1;2;7;7048;7048;Perloz;;AO;0;0;484.0;2001;23,2673;2009;466;2009
1;2;7;7049;7049;Pollein;;AO;0;0;1397.0;2001;15,3295;2009;1523;2009
1;2;7;7050;7050;Pontboset;;AO;0;0;201.0;2001;33,5619;2009;199;2009
1;2;7;7051;7051;Pontey;;AO;0;0;708.0;2001;15,7533;2009;829;2009
1;2;7;7052;7052;Pont-Saint-Martin;;AO;0;0;3833.0;2001;6,9214;2009;4035;2009
1;2;7;7053;7053;Pré-Saint-Didier;;AO;0;0;964.0;2001;33,4018;2009;985;2009
1;2;7;7054;7054;Quart;;AO;0;0;3103.0;2001;62,0520;2009;3800;2009
1;2;7;7055;7055;Rhêmes-Notre-Dame;;AO;0;0;112.0;2001;86,8306;2009;110;2009
1;2;7;7056;7056;Rhêmes-Saint-Georges;;AO;0;0;195.0;2001;36,3385;2009;205;2009
1;2;7;7057;7057;Roisan;;AO;0;0;852.0;2001;14,6410;2009;1047;2009
1;2;7;7058;7058;Saint-Christophe;;AO;0;0;2982.0;2001;14,7364;2009;3310;2009
1;2;7;7059;7059;Saint-Denis;;AO;0;0;342.0;2001;11,3872;2009;380;2009
1;2;7;7060;7060;Saint-Marcel;;AO;0;0;1129.0;2001;42,3858;2009;1246;2009
1;2;7;7061;7061;Saint-Nicolas;;AO;0;0;313.0;2001;15,4576;2009;345;2009
1;2;7;7062;7062;Saint-Oyen;;AO;0;0;188.0;2001;9,4207;2009;220;2009
1;2;7;7063;7063;Saint-Pierre;;AO;0;0;2615.0;2001;26,1772;2009;3028;2009
1;2;7;7064;7064;Saint-Rhémy-en-Bosses;;AO;0;0;387.0;2001;64,8769;2009;381;2009
1;2;7;7065;7065;Saint-Vincent;;AO;0;0;4687.0;2001;20,5721;2009;4751;2009
1;2;7;7066;7066;Sarre;;AO;0;0;4179.0;2001;28,2810;2009;4826;2009
1;2;7;7067;7067;Torgnon;;AO;0;0;497.0;2001;42,4629;2009;530;2009
1;2;7;7068;7068;Valgrisenche;;AO;0;0;192.0;2001;113,4757;2009;194;2009
1;2;7;7069;7069;Valpelline;;AO;0;0;600.0;2001;31,4468;2009;657;2009
1;2;7;7070;7070;Valsavarenche;;AO;0;0;180.0;2001;138,2147;2009;186;2009
1;2;7;7071;7071;Valtournenche;;AO;0;0;2198.0;2001;116,1501;2009;2193;2009
1;2;7;7072;7072;Verrayes;;AO;0;0;1266.0;2001;22,3546;2009;1356;2009
1;2;7;7073;7073;Verrès;;AO;0;0;2624.0;2001;8,3607;2009;2764;2009
1;2;7;7074;7074;Villeneuve;;AO;0;0;1082.0;2001;8,7980;2009;1265;2009
1;7;8;8001;8001;Airole;;IM;0;0;456.0;2001;14,6268;2009;481;2009
1;7;8;8002;8002;Apricale;;IM;0;0;578.0;2001;19,9364;2009;612;2009
1;7;8;8003;8003;Aquila d'Arroscia;;IM;0;0;211.0;2001;10,0628;2009;182;2009
1;7;8;8004;8004;Armo;;IM;0;0;129.0;2001;10,0925;2009;120;2009
1;7;8;8005;8005;Aurigo;;IM;0;0;346.0;2001;9,1429;2009;347;2009
1;7;8;8006;8006;Badalucco;;IM;0;0;1264.0;2001;16,1000;2009;1236;2009
1;7;8;8007;8007;Bajardo;;IM;0;0;278.0;2001;24,3196;2009;339;2009
1;7;8;8008;8008;Bordighera;;IM;0;0;10292.0;2001;10,6456;2009;10662;2009
1;7;8;8009;8009;Borghetto d'Arroscia;;IM;0;0;494.0;2001;25,9399;2009;483;2009
1;7;8;8010;8010;Borgomaro;;IM;0;0;842.0;2001;23,4357;2009;911;2009
1;7;8;8011;8011;Camporosso;;IM;0;0;5061.0;2001;17,9447;2009;5518;2009
1;7;8;8012;8012;Caravonica;;IM;0;0;309.0;2001;4,4709;2009;316;2009
1;7;8;8013;8013;Carpasio;;IM;0;0;185.0;2001;16,2910;2009;168;2009
1;7;8;8014;8014;Castellaro;;IM;0;0;1044.0;2001;7,8605;2009;1235;2009
1;7;8;8015;8015;Castel Vittorio;;IM;0;0;397.0;2001;25,9282;2009;348;2009
1;7;8;8016;8016;Ceriana;;IM;0;0;1305.0;2001;31,7924;2009;1313;2009
1;7;8;8017;8017;Cervo;;IM;0;0;1195.0;2001;3,5850;2009;1128;2009
1;7;8;8018;8018;Cesio;;IM;0;0;241.0;2001;8,8569;2009;273;2009
1;7;8;8019;8019;Chiusanico;;IM;0;0;612.0;2001;13,5068;2009;610;2009
1;7;8;8020;8020;Chiusavecchia;;IM;0;0;476.0;2001;4,0919;2009;543;2009
1;7;8;8021;8021;Cipressa;;IM;0;0;1157.0;2001;9,3931;2009;1336;2009
1;7;8;8022;8022;Civezza;;IM;0;0;536.0;2001;3,8809;2009;616;2009
1;7;8;8023;8023;Cosio d'Arroscia;;IM;0;0;280.0;2001;40,5548;2009;263;2009
1;7;8;8024;8024;Costarainera;;IM;0;0;718.0;2001;2,5190;2009;823;2009
1;7;8;8025;8025;Diano Arentino;;IM;0;0;606.0;2001;8,3343;2009;687;2009
1;7;8;8026;8026;Diano Castello;;IM;0;0;1885.0;2001;6,1136;2009;2227;2009
1;7;8;8027;8027;Diano Marina;;IM;0;0;6159.0;2001;6,6729;2009;6203;2009
1;7;8;8028;8028;Diano San Pietro;;IM;0;0;1022.0;2001;11,9118;2009;1091;2009
1;7;8;8029;8029;Dolceacqua;;IM;0;0;1901.0;2001;20,2846;2009;2045;2009
1;7;8;8030;8030;Dolcedo;;IM;0;0;1193.0;2001;19,7953;2009;1452;2009
1;7;8;8031;8031;Imperia;;IM;1;0;39458.0;2001;45,3823;2009;41911;2009
1;7;8;8032;8032;Isolabona;;IM;0;0;643.0;2001;12,3465;2009;700;2009
1;7;8;8033;8033;Lucinasco;;IM;0;0;274.0;2001;7,8968;2009;289;2009
1;7;8;8034;8034;Mendatica;;IM;0;0;245.0;2001;30,6911;2009;215;2009
1;7;8;8035;8035;Molini di Triora;;IM;0;0;695.0;2001;58,0473;2009;676;2009
1;7;8;8036;8036;Montalto Ligure;;IM;0;0;388.0;2001;13,7127;2009;355;2009
1;7;8;8037;8037;Montegrosso Pian Latte;;IM;0;0;140.0;2001;10,0261;2009;129;2009
1;7;8;8038;8038;Olivetta San Michele;;IM;0;0;238.0;2001;13,8375;2009;253;2009
1;7;8;8039;8039;Ospedaletti;;IM;0;0;3351.0;2001;5,4462;2009;3506;2009
1;7;8;8040;8040;Perinaldo;;IM;0;0;873.0;2001;20,2994;2009;907;2009
1;7;8;8041;8041;Pietrabruna;;IM;0;0;560.0;2001;10,2246;2009;557;2009
1;7;8;8042;8042;Pieve di Teco;;IM;0;0;1336.0;2001;40,5045;2009;1444;2009
1;7;8;8043;8043;Pigna;;IM;0;0;935.0;2001;53,2304;2009;916;2009
1;7;8;8044;8044;Pompeiana;;IM;0;0;831.0;2001;5,3802;2009;856;2009
1;7;8;8045;8045;Pontedassio;;IM;0;0;2002.0;2001;13,3127;2009;2363;2009
1;7;8;8046;8046;Pornassio;;IM;0;0;651.0;2001;27,2099;2009;602;2009
1;7;8;8047;8047;Prelà;;IM;0;0;480.0;2001;14,8026;2009;496;2009
1;7;8;8048;8048;Ranzo;;IM;0;0;532.0;2001;10,8563;2009;567;2009
1;7;8;8049;8049;Rezzo;;IM;0;0;393.0;2001;37,3683;2009;393;2009
1;7;8;8050;8050;Riva Ligure;;IM;0;0;2747.0;2001;2,0712;2009;2857;2009
1;7;8;8051;8051;Rocchetta Nervina;;IM;0;0;259.0;2001;15,2848;2009;274;2009
1;7;8;8052;8052;San Bartolomeo al Mare;;IM;0;0;2964.0;2001;10,8532;2009;3176;2009
1;7;8;8053;8053;San Biagio della Cima;;IM;0;0;1175.0;2001;4,3071;2009;1281;2009
1;7;8;8054;8054;San Lorenzo al Mare;;IM;0;0;1402.0;2001;1,2886;2009;1389;2009
1;7;8;8055;8055;Sanremo;;IM;0;0;50608.0;2001;55,9578;2009;54776;2009
1;7;8;8056;8056;Santo Stefano al Mare;;IM;0;0;2073.0;2001;2,6886;2009;2312;2009
1;7;8;8057;8057;Seborga;;IM;0;0;340.0;2001;4,8705;2009;305;2009
1;7;8;8058;8058;Soldano;;IM;0;0;837.0;2001;3,4660;2009;924;2009
1;7;8;8059;8059;Taggia;;IM;0;0;12908.0;2001;31,3583;2009;13979;2009
1;7;8;8060;8060;Terzorio;;IM;0;0;214.0;2001;1,9254;2009;232;2009
1;7;8;8061;8061;Triora;;IM;0;0;408.0;2001;67,6060;2009;405;2009
1;7;8;8062;8062;Vallebona;;IM;0;0;1087.0;2001;5,8808;2009;1276;2009
1;7;8;8063;8063;Vallecrosia;;IM;0;0;7182.0;2001;3,6815;2009;7163;2009
1;7;8;8064;8064;Vasia;;IM;0;0;440.0;2001;11,1513;2009;432;2009
1;7;8;8065;8065;Ventimiglia;;IM;0;0;24665.0;2001;53,7256;2009;24731;2009
1;7;8;8066;8066;Vessalico;;IM;0;0;297.0;2001;10,4645;2009;297;2009
1;7;8;8067;8067;Villa Faraldi;;IM;0;0;435.0;2001;9,5157;2009;476;2009
1;7;9;9001;9001;Alassio;;SV;0;0;10449.0;2001;17,2440;2009;11068;2009
1;7;9;9002;9002;Albenga;;SV;0;0;22690.0;2001;36,5752;2009;23762;2009
1;7;9;9003;9003;Albissola Marina;;SV;0;0;5623.0;2001;3,2458;2009;5633;2009
1;7;9;9004;9004;Albisola Superiore;;SV;0;0;10921.0;2001;28,6771;2009;10542;2009
1;7;9;9005;9005;Altare;;SV;0;0;2211.0;2001;11,2966;2009;2138;2009
1;7;9;9006;9006;Andora;;SV;0;0;6767.0;2001;31,7987;2009;7548;2009
1;7;9;9007;9007;Arnasco;;SV;0;0;563.0;2001;6,0930;2009;632;2009
1;7;9;9008;9008;Balestrino;;SV;0;0;535.0;2001;11,2733;2009;598;2009
1;7;9;9009;9009;Bardineto;;SV;0;0;634.0;2001;29,7924;2009;678;2009
1;7;9;9010;9010;Bergeggi;;SV;0;0;1147.0;2001;3,6899;2009;1148;2009
1;7;9;9011;9011;Boissano;;SV;0;0;2061.0;2001;8,3521;2009;2399;2009
1;7;9;9012;9012;Borghetto Santo Spirito;;SV;0;0;5075.0;2001;5,3910;2009;5253;2009
1;7;9;9013;9013;Borgio Verezzi;;SV;0;0;2095.0;2001;2,7326;2009;2349;2009
1;7;9;9014;9014;Bormida;;SV;0;0;453.0;2001;22,4709;2009;440;2009
1;7;9;9015;9015;Cairo Montenotte;;SV;0;0;13419.0;2001;100,4026;2009;13538;2009
1;7;9;9016;9016;Calice Ligure;;SV;0;0;1461.0;2001;20,6034;2009;1664;2009
1;7;9;9017;9017;Calizzano;;SV;0;0;1583.0;2001;62,7456;2009;1603;2009
1;7;9;9018;9018;Carcare;;SV;0;0;5662.0;2001;10,4005;2009;5674;2009
1;7;9;9019;9019;Casanova Lerrone;;SV;0;0;766.0;2001;24,4707;2009;788;2009
1;7;9;9020;9020;Castelbianco;;SV;0;0;287.0;2001;14,7042;2009;309;2009
1;7;9;9021;9021;Castelvecchio di Rocca Barbena;;SV;0;0;194.0;2001;16,1432;2009;180;2009
1;7;9;9022;9022;Celle Ligure;;SV;0;0;5307.0;2001;9,5606;2009;5436;2009
1;7;9;9023;9023;Cengio;;SV;0;0;3777.0;2001;18,9617;2009;3674;2009
1;7;9;9024;9024;Ceriale;;SV;0;0;5277.0;2001;11,1527;2009;5925;2009
1;7;9;9025;9025;Cisano sul Neva;;SV;0;0;1568.0;2001;12,2726;2009;1917;2009
1;7;9;9026;9026;Cosseria;;SV;0;0;1034.0;2001;12,4065;2009;1092;2009
1;7;9;9027;9027;Dego;;SV;0;0;1948.0;2001;66,8152;2009;1992;2009
1;7;9;9028;9028;Erli;;SV;0;0;244.0;2001;16,7277;2009;265;2009
1;7;9;9029;9029;Finale Ligure;;SV;0;0;11845.0;2001;35,5253;2009;11789;2009
1;7;9;9030;9030;Garlenda;;SV;0;0;957.0;2001;8,0314;2009;1217;2009
1;7;9;9031;9031;Giustenice;;SV;0;0;895.0;2001;17,2237;2009;950;2009
1;7;9;9032;9032;Giusvalla;;SV;0;0;425.0;2001;19,7021;2009;459;2009
1;7;9;9033;9033;Laigueglia;;SV;0;0;2173.0;2001;2,7242;2009;1897;2009
1;7;9;9034;9034;Loano;;SV;0;0;10567.0;2001;13,4313;2009;11545;2009
1;7;9;9035;9035;Magliolo;;SV;0;0;709.0;2001;19,5718;2009;851;2009
1;7;9;9036;9036;Mallare;;SV;0;0;1293.0;2001;31,7301;2009;1269;2009
1;7;9;9037;9037;Massimino;;SV;0;0;130.0;2001;7,8506;2009;135;2009
1;7;9;9038;9038;Millesimo;;SV;0;0;3250.0;2001;15,9575;2009;3478;2009
1;7;9;9039;9039;Mioglia;;SV;0;0;561.0;2001;19,2979;2009;542;2009
1;7;9;9040;9040;Murialdo;;SV;0;0;871.0;2001;39,2226;2009;872;2009
1;7;9;9041;9041;Nasino;;SV;0;0;224.0;2001;22,1779;2009;218;2009
1;7;9;9042;9042;Noli;;SV;0;0;2946.0;2001;9,6683;2009;2850;2009
1;7;9;9043;9043;Onzo;;SV;0;0;223.0;2001;8,1897;2009;222;2009
1;7;9;9044;9044;Orco Feglino;;SV;0;0;814.0;2001;17,3129;2009;890;2009
1;7;9;9045;9045;Ortovero;;SV;0;0;1090.0;2001;9,4541;2009;1531;2009
1;7;9;9046;9046;Osiglia;;SV;0;0;470.0;2001;28,1735;2009;480;2009
1;7;9;9047;9047;Pallare;;SV;0;0;934.0;2001;21,3321;2009;977;2009
1;7;9;9048;9048;Piana Crixia;;SV;0;0;816.0;2001;30,4461;2009;861;2009
1;7;9;9049;9049;Pietra Ligure;;SV;0;0;8591.0;2001;9,8780;2009;9035;2009
1;7;9;9050;9050;Plodio;;SV;0;0;550.0;2001;8,6453;2009;657;2009
1;7;9;9051;9051;Pontinvrea;;SV;0;0;822.0;2001;24,9456;2009;854;2009
1;7;9;9052;9052;Quiliano;;SV;0;0;7032.0;2001;49,9184;2009;7276;2009
1;7;9;9053;9053;Rialto;;SV;0;0;542.0;2001;19,5972;2009;577;2009
1;7;9;9054;9054;Roccavignale;;SV;0;0;710.0;2001;17,7067;2009;746;2009
1;7;9;9055;9055;Sassello;;SV;0;0;1765.0;2001;100,6560;2009;1893;2009
1;7;9;9056;9056;Savona;;SV;1;0;59907.0;2001;65,2710;2009;61310;2009
1;7;9;9057;9057;Spotorno;;SV;0;0;3803.0;2001;8,0198;2009;3963;2009
1;7;9;9058;9058;Stella;;SV;0;0;2935.0;2001;43,6807;2009;3062;2009
1;7;9;9059;9059;Stellanello;;SV;0;0;754.0;2001;17,8062;2009;870;2009
1;7;9;9060;9060;Testico;;SV;0;0;200.0;2001;10,2868;2009;215;2009
1;7;9;9061;9061;Toirano;;SV;0;0;2089.0;2001;18,9651;2009;2624;2009
1;7;9;9062;9062;Tovo San Giacomo;;SV;0;0;2165.0;2001;9,4468;2009;2493;2009
1;7;9;9063;9063;Urbe;;SV;0;0;869.0;2001;31,1688;2009;789;2009
1;7;9;9064;9064;Vado Ligure;;SV;0;0;7991.0;2001;23,7846;2009;8375;2009
1;7;9;9065;9065;Varazze;;SV;0;0;13458.0;2001;47,9616;2009;13566;2009
1;7;9;9066;9066;Vendone;;SV;0;0;431.0;2001;9,9151;2009;418;2009
1;7;9;9067;9067;Vezzi Portio;;SV;0;0;690.0;2001;8,7617;2009;817;2009
1;7;9;9068;9068;Villanova d'Albenga;;SV;0;0;1991.0;2001;15,8914;2009;2466;2009
1;7;9;9069;9069;Zuccarello;;SV;0;0;289.0;2001;10,8072;2009;356;2009
1;7;10;10001;10001;Arenzano;;GE;0;0;11431.0;2001;24,2972;2009;11599;2009
1;7;10;10002;10002;Avegno;;GE;0;0;2151.0;2001;10,9322;2009;2443;2009
1;7;10;10003;10003;Bargagli;;GE;0;0;2624.0;2001;16,2766;2009;2776;2009
1;7;10;10004;10004;Bogliasco;;GE;0;0;4613.0;2001;4,4242;2009;4548;2009
1;7;10;10005;10005;Borzonasca;;GE;0;0;2025.0;2001;80,5133;2009;2160;2009
1;7;10;10006;10006;Busalla;;GE;0;0;5978.0;2001;17,0618;2009;5845;2009
1;7;10;10007;10007;Camogli;;GE;0;0;5516.0;2001;10,0653;2009;5621;2009
1;7;10;10008;10008;Campo Ligure;;GE;0;0;3170.0;2001;23,7402;2009;3016;2009
1;7;10;10009;10009;Campomorone;;GE;0;0;7514.0;2001;25,9059;2009;7397;2009
1;7;10;10010;10010;Carasco;;GE;0;0;3274.0;2001;8,4580;2009;3586;2009
1;7;10;10011;10011;Casarza Ligure;;GE;0;0;5915.0;2001;27,8222;2009;6670;2009
1;7;10;10012;10012;Casella;;GE;0;0;3060.0;2001;8,0656;2009;3305;2009
1;7;10;10013;10013;Castiglione Chiavarese;;GE;0;0;1485.0;2001;29,7499;2009;1658;2009
1;7;10;10014;10014;Ceranesi;;GE;0;0;3762.0;2001;30,6951;2009;3983;2009
1;7;10;10015;10015;Chiavari;;GE;0;0;27476.0;2001;12,2310;2009;27340;2009
1;7;10;10016;10016;Cicagna;;GE;0;0;2483.0;2001;11,2837;2009;2617;2009
1;7;10;10017;10017;Cogoleto;;GE;0;0;9095.0;2001;20,7229;2009;9135;2009
1;7;10;10018;10018;Cogorno;;GE;0;0;5296.0;2001;9,0821;2009;5663;2009
1;7;10;10019;10019;Coreglia Ligure;;GE;0;0;256.0;2001;8,0024;2009;274;2009
1;7;10;10020;10020;Crocefieschi;;GE;0;0;564.0;2001;11,7249;2009;562;2009
1;7;10;10021;10021;Davagna;;GE;0;0;1783.0;2001;20,5252;2009;1977;2009
1;7;10;10022;10022;Fascia;;GE;0;0;122.0;2001;11,2539;2009;110;2009
1;7;10;10023;10023;Favale di Malvaro;;GE;0;0;480.0;2001;16,6165;2009;518;2009
1;7;10;10024;10024;Fontanigorda;;GE;0;0;337.0;2001;16,1627;2009;278;2009
1;7;10;10025;10025;Genova;;GE;1;1;610307.0;2001;239,9072;2009;597639;2009
1;7;10;10026;10026;Gorreto;;GE;0;0;147.0;2001;18,8714;2009;122;2009
1;7;10;10027;10027;Isola del Cantone;;GE;0;0;1490.0;2001;47,9693;2009;1546;2009
1;7;10;10028;10028;Lavagna;;GE;0;0;12940.0;2001;13,8763;2009;12811;2009
1;7;10;10029;10029;Leivi;;GE;0;0;2218.0;2001;9,7100;2009;2318;2009
1;7;10;10030;10030;Lorsica;;GE;0;0;504.0;2001;17,7183;2009;534;2009
1;7;10;10031;10031;Lumarzo;;GE;0;0;1495.0;2001;25,5078;2009;1586;2009
1;7;10;10032;10032;Masone;;GE;0;0;4080.0;2001;29,4412;2009;3835;2009
1;7;10;10033;10033;Mele;;GE;0;0;2634.0;2001;16,9341;2009;2685;2009
1;7;10;10034;10034;Mezzanego;;GE;0;0;1303.0;2001;28,6498;2009;1618;2009
1;7;10;10035;10035;Mignanego;;GE;0;0;3515.0;2001;16,2743;2009;3737;2009
1;7;10;10036;10036;Moconesi;;GE;0;0;2561.0;2001;16,2716;2009;2699;2009
1;7;10;10037;10037;Moneglia;;GE;0;0;2753.0;2001;15,6107;2009;2838;2009
1;7;10;10038;10038;Montebruno;;GE;0;0;277.0;2001;17,6787;2009;219;2009
1;7;10;10039;10039;Montoggio;;GE;0;0;1988.0;2001;47,7247;2009;2114;2009
1;7;10;10040;10040;Ne;;GE;0;0;2334.0;2001;63,5215;2009;2374;2009
1;7;10;10041;10041;Neirone;;GE;0;0;939.0;2001;30,2369;2009;986;2009
1;7;10;10042;10042;Orero;;GE;0;0;610.0;2001;15,9885;2009;605;2009
1;7;10;10043;10043;Pieve Ligure;;GE;0;0;2459.0;2001;3,5565;2009;2599;2009
1;7;10;10044;10044;Portofino;;GE;0;0;529.0;2001;2,5311;2009;486;2009
1;7;10;10045;10045;Propata;;GE;0;0;155.0;2001;16,9310;2009;172;2009
1;7;10;10046;10046;Rapallo;;GE;0;0;29159.0;2001;33,6136;2009;29873;2009
1;7;10;10047;10047;Recco;;GE;0;0;10191.0;2001;9,7715;2009;10177;2009
1;7;10;10048;10048;Rezzoaglio;;GE;0;0;1248.0;2001;104,7189;2009;1133;2009
1;7;10;10049;10049;Ronco Scrivia;;GE;0;0;4485.0;2001;30,1128;2009;4626;2009
1;7;10;10050;10050;Rondanina;;GE;0;0;95.0;2001;12,8080;2009;85;2009
1;7;10;10051;10051;Rossiglione;;GE;0;0;3077.0;2001;47,5932;2009;2952;2009
1;7;10;10052;10052;Rovegno;;GE;0;0;558.0;2001;44,0827;2009;559;2009
1;7;10;10053;10053;San Colombano Certenoli;;GE;0;0;2401.0;2001;41,5747;2009;2617;2009
1;7;10;10054;10054;Santa Margherita Ligure;;GE;0;0;10405.0;2001;10,0448;2009;9994;2009
1;7;10;10055;10055;Sant'Olcese;;GE;0;0;5983.0;2001;21,9016;2009;5883;2009
1;7;10;10056;10056;Santo Stefano d'Aveto;;GE;0;0;1257.0;2001;54,7704;2009;1243;2009
1;7;10;10057;10057;Savignone;;GE;0;0;3127.0;2001;21,7441;2009;3220;2009
1;7;10;10058;10058;Serra Riccò;;GE;0;0;7879.0;2001;26,2045;2009;7947;2009
1;7;10;10059;10059;Sestri Levante;;GE;0;0;19084.0;2001;33,6163;2009;18441;2009
1;7;10;10060;10060;Sori;;GE;0;0;4263.0;2001;13,0661;2009;4356;2009
1;7;10;10061;10061;Tiglieto;;GE;0;0;613.0;2001;24,5371;2009;620;2009
1;7;10;10062;10062;Torriglia;;GE;0;0;2216.0;2001;60,0146;2009;2406;2009
1;7;10;10063;10063;Tribogna;;GE;0;0;538.0;2001;7,1384;2009;614;2009
1;7;10;10064;10064;Uscio;;GE;0;0;2198.0;2001;9,6331;2009;2384;2009
1;7;10;10065;10065;Valbrevenna;;GE;0;0;739.0;2001;34,6706;2009;801;2009
1;7;10;10066;10066;Vobbia;;GE;0;0;497.0;2001;33,4259;2009;463;2009
1;7;10;10067;10067;Zoagli;;GE;0;0;2421.0;2001;7,7940;2009;2562;2009
1;7;11;11001;11001;Ameglia;;SP;0;0;4520.0;2001;14,1733;2009;4578;2009
1;7;11;11002;11002;Arcola;;SP;0;0;9914.0;2001;16,5379;2009;10258;2009
1;7;11;11003;11003;Beverino;;SP;0;0;2233.0;2001;34,9450;2009;2396;2009
1;7;11;11004;11004;Bolano;;SP;0;0;7391.0;2001;14,5662;2009;7803;2009
1;7;11;11005;11005;Bonassola;;SP;0;0;974.0;2001;9,1896;2009;983;2009
1;7;11;11006;11006;Borghetto di Vara;;SP;0;0;1005.0;2001;27,3368;2009;1013;2009
1;7;11;11007;11007;Brugnato;;SP;0;0;1191.0;2001;11,9014;2009;1267;2009
1;7;11;11008;11008;Calice al Cornoviglio;;SP;0;0;1173.0;2001;33,7545;2009;1224;2009
1;7;11;11009;11009;Carro;;SP;0;0;635.0;2001;31,7916;2009;602;2009
1;7;11;11010;11010;Carrodano;;SP;0;0;545.0;2001;21,8633;2009;537;2009
1;7;11;11011;11011;Castelnuovo Magra;;SP;0;0;7935.0;2001;15,0171;2009;8289;2009
1;7;11;11012;11012;Deiva Marina;;SP;0;0;1463.0;2001;14,0856;2009;1458;2009
1;7;11;11013;11013;Follo;;SP;0;0;5579.0;2001;23,2703;2009;6255;2009
1;7;11;11014;11014;Framura;;SP;0;0;744.0;2001;19,2599;2009;712;2009
1;7;11;11015;11015;La Spezia;;SP;1;0;91391.0;2001;51,3922;2009;93910;2009
1;7;11;11016;11016;Lerici;;SP;0;0;10900.0;2001;16,0078;2009;10467;2009
1;7;11;11017;11017;Levanto;;SP;0;0;5641.0;2001;36,8140;2009;5566;2009
1;7;11;11018;11018;Maissana;;SP;0;0;669.0;2001;45,4273;2009;710;2009
1;7;11;11019;11019;Monterosso al Mare;;SP;0;0;1571.0;2001;10,9431;2009;1526;2009
1;7;11;11020;11020;Ortonovo;;SP;0;0;8348.0;2001;13,8558;2009;8496;2009
1;7;11;11021;11021;Pignone;;SP;0;0;650.0;2001;17,7461;2009;640;2009
1;7;11;11022;11022;Portovenere;;SP;0;0;4097.0;2001;7,1382;2009;3845;2009
1;7;11;11023;11023;Riccò del Golfo di Spezia;;SP;0;0;3367.0;2001;37,7633;2009;3512;2009
1;7;11;11024;11024;Riomaggiore;;SP;0;0;1809.0;2001;10,2664;2009;1714;2009
1;7;11;11025;11025;Rocchetta di Vara;;SP;0;0;852.0;2001;32,6636;2009;828;2009
1;7;11;11026;11026;Santo Stefano di Magra;;SP;0;0;8344.0;2001;13,8524;2009;8643;2009
1;7;11;11027;11027;Sarzana;;SP;0;0;20059.0;2001;34,5146;2009;21501;2009
1;7;11;11028;11028;Sesta Godano;;SP;0;0;1554.0;2001;67,7759;2009;1518;2009
1;7;11;11029;11029;Varese Ligure;;SP;0;0;2358.0;2001;137,5883;2009;2174;2009
1;7;11;11030;11030;Vernazza;;SP;0;0;1084.0;2001;12,2985;2009;985;2009
1;7;11;11031;11031;Vezzano Ligure;;SP;0;0;7424.0;2001;18,3713;2009;7393;2009
1;7;11;11032;11032;Zignago;;SP;0;0;515.0;2001;28,7008;2009;546;2009
1;3;12;12001;12001;Agra;;VA;0;0;370.0;2001;2,7953;2009;400;2009
1;3;12;12002;12002;Albizzate;;VA;0;0;4919.0;2001;3,8821;2009;5187;2009
1;3;12;12003;12003;Angera;;VA;0;0;5477.0;2001;17,7261;2009;5639;2009
1;3;12;12004;12004;Arcisate;;VA;0;0;9280.0;2001;12,1519;2009;9851;2009
1;3;12;12005;12005;Arsago Seprio;;VA;0;0;4509.0;2001;10,5059;2009;4840;2009
1;3;12;12006;12006;Azzate;;VA;0;0;3820.0;2001;4,5062;2009;4447;2009
1;3;12;12007;12007;Azzio;;VA;0;0;701.0;2001;2,1722;2009;809;2009
1;3;12;12008;12008;Barasso;;VA;0;0;1696.0;2001;3,9232;2009;1741;2009
1;3;12;12009;12009;Bardello;;VA;0;0;1218.0;2001;2,5157;2009;1533;2009
1;3;12;12010;12010;Bedero Valcuvia;;VA;0;0;602.0;2001;2,5636;2009;642;2009
1;3;12;12011;12011;Besano;;VA;0;0;2350.0;2001;3,4320;2009;2531;2009
1;3;12;12012;12012;Besnate;;VA;0;0;4822.0;2001;7,4769;2009;5378;2009
1;3;12;12013;12013;Besozzo;;VA;0;0;8239.0;2001;14,0169;2009;9031;2009
1;3;12;12014;12014;Biandronno;;VA;0;0;3102.0;2001;9,5653;2009;3239;2009
1;3;12;12015;12015;Bisuschio;;VA;0;0;3794.0;2001;7,0300;2009;4212;2009
1;3;12;12016;12016;Bodio Lomnago;;VA;0;0;2012.0;2001;4,0382;2009;2094;2009
1;3;12;12017;12017;Brebbia;;VA;0;0;3120.0;2001;6,8461;2009;3358;2009
1;3;12;12018;12018;Bregano;;VA;0;0;726.0;2001;2,2924;2009;777;2009
1;3;12;12019;12019;Brenta;;VA;0;0;1646.0;2001;4,1820;2009;1766;2009
1;3;12;12020;12020;Brezzo di Bedero;;VA;0;0;950.0;2001;9,9547;2009;1155;2009
1;3;12;12021;12021;Brinzio;;VA;0;0;804.0;2001;6,3508;2009;879;2009
1;3;12;12022;12022;Brissago-Valtravaglia;;VA;0;0;1051.0;2001;6,1189;2009;1221;2009
1;3;12;12023;12023;Brunello;;VA;0;0;954.0;2001;1,6200;2009;1053;2009
1;3;12;12024;12024;Brusimpiano;;VA;0;0;1086.0;2001;5,9058;2009;1131;2009
1;3;12;12025;12025;Buguggiate;;VA;0;0;3140.0;2001;2,5128;2009;3125;2009
1;3;12;12026;12026;Busto Arsizio;;VA;0;0;75916.0;2001;30,6598;2009;80153;2009
1;3;12;12027;12027;Cadegliano-Viconago;;VA;0;0;1774.0;2001;10,2718;2009;1840;2009
1;3;12;12028;12028;Cadrezzate;;VA;0;0;1577.0;2001;4,7280;2009;1742;2009
1;3;12;12029;12029;Cairate;;VA;0;0;7301.0;2001;11,2635;2009;7813;2009
1;3;12;12030;12030;Cantello;;VA;0;0;4244.0;2001;9,1414;2009;4562;2009
1;3;12;12031;12031;Caravate;;VA;0;0;2607.0;2001;5,1269;2009;2641;2009
1;3;12;12032;12032;Cardano al Campo;;VA;0;0;12084.0;2001;9,4234;2009;14131;2009
1;3;12;12033;12033;Carnago;;VA;0;0;5639.0;2001;6,2131;2009;6359;2009
1;3;12;12034;12034;Caronno Pertusella;;VA;0;0;12052.0;2001;8,4002;2009;15430;2009
1;3;12;12035;12035;Caronno Varesino;;VA;0;0;4602.0;2001;5,7494;2009;4918;2009
1;3;12;12036;12036;Casale Litta;;VA;0;0;2420.0;2001;10,5879;2009;2645;2009
1;3;12;12037;12037;Casalzuigno;;VA;0;0;1207.0;2001;7,3228;2009;1354;2009
1;3;12;12038;12038;Casciago;;VA;0;0;4019.0;2001;4,0381;2009;3859;2009
1;3;12;12039;12039;Casorate Sempione;;VA;0;0;5070.0;2001;6,9092;2009;5707;2009
1;3;12;12040;12040;Cassano Magnago;;VA;0;0;20668.0;2001;12,3442;2009;21228;2009
1;3;12;12041;12041;Cassano Valcuvia;;VA;0;0;541.0;2001;3,9547;2009;674;2009
1;3;12;12042;12042;Castellanza;;VA;0;0;14569.0;2001;6,9300;2009;14272;2009
1;3;12;12043;12043;Castello Cabiaglio;;VA;0;0;503.0;2001;6,9821;2009;548;2009
1;3;12;12044;12044;Castelseprio;;VA;0;0;1237.0;2001;3,7509;2009;1271;2009
1;3;12;12045;12045;Castelveccana;;VA;0;0;1963.0;2001;20,7907;2009;2045;2009
1;3;12;12046;12046;Castiglione Olona;;VA;0;0;7696.0;2001;6,9003;2009;7793;2009
1;3;12;12047;12047;Castronno;;VA;0;0;4842.0;2001;3,7590;2009;5283;2009
1;3;12;12048;12048;Cavaria con Premezzo;;VA;0;0;4788.0;2001;3,3176;2009;5544;2009
1;3;12;12049;12049;Cazzago Brabbia;;VA;0;0;785.0;2001;4,0035;2009;828;2009
1;3;12;12050;12050;Cislago;;VA;0;0;8683.0;2001;11,1336;2009;9835;2009
1;3;12;12051;12051;Cittiglio;;VA;0;0;3718.0;2001;11,1074;2009;3945;2009
1;3;12;12052;12052;Clivio;;VA;0;0;1963.0;2001;2,9838;2009;1953;2009
1;3;12;12053;12053;Cocquio-Trevisago;;VA;0;0;4600.0;2001;9,8440;2009;4675;2009
1;3;12;12054;12054;Comabbio;;VA;0;0;958.0;2001;4,6874;2009;1167;2009
1;3;12;12055;12055;Comerio;;VA;0;0;2352.0;2001;5,5554;2009;2635;2009
1;3;12;12056;12056;Cremenaga;;VA;0;0;779.0;2001;4,5510;2009;789;2009
1;3;12;12057;12057;Crosio della Valle;;VA;0;0;572.0;2001;1,4407;2009;582;2009
1;3;12;12058;12058;Cuasso al Monte;;VA;0;0;3065.0;2001;16,1837;2009;3554;2009
1;3;12;12059;12059;Cugliate-Fabiasco;;VA;0;0;2805.0;2001;6,5438;2009;3070;2009
1;3;12;12060;12060;Cunardo;;VA;0;0;2549.0;2001;6,0591;2009;2830;2009
1;3;12;12061;12061;Curiglia con Monteviasco;;VA;0;0;201.0;2001;10,8543;2009;197;2009
1;3;12;12062;12062;Cuveglio;;VA;0;0;3021.0;2001;7,5272;2009;3395;2009
1;3;12;12063;12063;Cuvio;;VA;0;0;1515.0;2001;5,9590;2009;1652;2009
1;3;12;12064;12064;Daverio;;VA;0;0;2634.0;2001;4,0684;2009;2980;2009
1;3;12;12065;12065;Dumenza;;VA;0;0;1325.0;2001;18,3987;2009;1441;2009
1;3;12;12066;12066;Duno;;VA;0;0;148.0;2001;2,4905;2009;159;2009
1;3;12;12067;12067;Fagnano Olona;;VA;0;0;10418.0;2001;8,6809;2009;11854;2009
1;3;12;12068;12068;Ferno;;VA;0;0;6364.0;2001;8,6579;2009;6801;2009
1;3;12;12069;12069;Ferrera di Varese;;VA;0;0;564.0;2001;1,5265;2009;694;2009
1;3;12;12070;12070;Gallarate;;VA;0;0;46361.0;2001;20,9787;2009;50425;2009
1;3;12;12071;12071;Galliate Lombardo;;VA;0;0;844.0;2001;3,2312;2009;956;2009
1;3;12;12072;12072;Gavirate;;VA;0;0;9400.0;2001;11,9434;2009;9353;2009
1;3;12;12073;12073;Gazzada Schianno;;VA;0;0;4517.0;2001;4,8643;2009;4575;2009
1;3;12;12074;12074;Gemonio;;VA;0;0;2552.0;2001;3,6747;2009;2846;2009
1;3;12;12075;12075;Gerenzano;;VA;0;0;9028.0;2001;9,7868;2009;10102;2009
1;3;12;12076;12076;Germignaga;;VA;0;0;3596.0;2001;4,6600;2009;3644;2009
1;3;12;12077;12077;Golasecca;;VA;0;0;2485.0;2001;7,4363;2009;2617;2009
1;3;12;12078;12078;Gorla Maggiore;;VA;0;0;4836.0;2001;5,1580;2009;5093;2009
1;3;12;12079;12079;Gorla Minore;;VA;0;0;7446.0;2001;7,4806;2009;8334;2009
1;3;12;12080;12080;Gornate Olona;;VA;0;0;1901.0;2001;4,6957;2009;2177;2009
1;3;12;12081;12081;Grantola;;VA;0;0;1190.0;2001;2,0456;2009;1295;2009
1;3;12;12082;12082;Inarzo;;VA;0;0;805.0;2001;2,4338;2009;1063;2009
1;3;12;12083;12083;Induno Olona;;VA;0;0;9810.0;2001;12,3478;2009;10247;2009
1;3;12;12084;12084;Ispra;;VA;0;0;4686.0;2001;15,9097;2009;5099;2009
1;3;12;12085;12085;Jerago con Orago;;VA;0;0;4688.0;2001;3,8742;2009;5035;2009
1;3;12;12086;12086;Lavena Ponte Tresa;;VA;0;0;5227.0;2001;4,4421;2009;5470;2009
1;3;12;12087;12087;Laveno-Mombello;;VA;0;0;8736.0;2001;23,5306;2009;8989;2009
1;3;12;12088;12088;Leggiuno;;VA;0;0;2863.0;2001;13,1698;2009;3520;2009
1;3;12;12089;12089;Lonate Ceppino;;VA;0;0;4068.0;2001;4,8367;2009;4811;2009
1;3;12;12090;12090;Lonate Pozzolo;;VA;0;0;11480.0;2001;29,2406;2009;11922;2009
1;3;12;12091;12091;Lozza;;VA;0;0;951.0;2001;1,7041;2009;1254;2009
1;3;12;12092;12092;Luino;;VA;0;0;14234.0;2001;21,0057;2009;14158;2009
1;3;12;12093;12093;Luvinate;;VA;0;0;1386.0;2001;4,0683;2009;1300;2009
1;3;12;12094;12094;Maccagno;;VA;0;0;2004.0;2001;16,2782;2009;2021;2009
1;3;12;12095;12095;Malgesso;;VA;0;0;1113.0;2001;2,7726;2009;1303;2009
1;3;12;12096;12096;Malnate;;VA;0;0;15192.0;2001;9,0116;2009;16357;2009
1;3;12;12097;12097;Marchirolo;;VA;0;0;3153.0;2001;5,4904;2009;3388;2009
1;3;12;12098;12098;Marnate;;VA;0;0;5967.0;2001;4,8464;2009;7013;2009
1;3;12;12099;12099;Marzio;;VA;0;0;287.0;2001;1,8580;2009;307;2009
1;3;12;12100;12100;Masciago Primo;;VA;0;0;272.0;2001;1,8082;2009;288;2009
1;3;12;12101;12101;Mercallo;;VA;0;0;1679.0;2001;5,4816;2009;1820;2009
1;3;12;12102;12102;Mesenzana;;VA;0;0;1231.0;2001;4,8832;2009;1436;2009
1;3;12;12103;12103;Montegrino Valtravaglia;;VA;0;0;1183.0;2001;10,1012;2009;1402;2009
1;3;12;12104;12104;Monvalle;;VA;0;0;1720.0;2001;4,5105;2009;1943;2009
1;3;12;12105;12105;Morazzone;;VA;0;0;4187.0;2001;5,6025;2009;4371;2009
1;3;12;12106;12106;Mornago;;VA;0;0;4163.0;2001;12,2356;2009;4820;2009
1;3;12;12107;12107;Oggiona con Santo Stefano;;VA;0;0;4276.0;2001;2,7451;2009;4346;2009
1;3;12;12108;12108;Olgiate Olona;;VA;0;0;10801.0;2001;7,2065;2009;11996;2009
1;3;12;12109;12109;Origgio;;VA;0;0;6379.0;2001;7,9147;2009;7256;2009
1;3;12;12110;12110;Orino;;VA;0;0;779.0;2001;3,7246;2009;846;2009
1;3;12;12111;12111;Osmate;;VA;0;0;447.0;2001;3,5175;2009;745;2009
1;3;12;12112;12112;Pino sulla Sponda del Lago Maggiore;;VA;0;0;247.0;2001;8,4711;2009;224;2009
1;3;12;12113;12113;Porto Ceresio;;VA;0;0;3068.0;2001;5,3374;2009;3013;2009
1;3;12;12114;12114;Porto Valtravaglia;;VA;0;0;2387.0;2001;16,3750;2009;2401;2009
1;3;12;12115;12115;Rancio Valcuvia;;VA;0;0;867.0;2001;4,4481;2009;957;2009
1;3;12;12116;12116;Ranco;;VA;0;0;1108.0;2001;6,7630;2009;1351;2009
1;3;12;12117;12117;Saltrio;;VA;0;0;2857.0;2001;3,4389;2009;3035;2009
1;3;12;12118;12118;Samarate;;VA;0;0;15350.0;2001;16,0139;2009;16151;2009
1;3;12;12119;12119;Saronno;;VA;0;0;36895.0;2001;11,0575;2009;38317;2009
1;3;12;12120;12120;Sesto Calende;;VA;0;0;9806.0;2001;25,0379;2009;10774;2009
1;3;12;12121;12121;Solbiate Arno;;VA;0;0;4027.0;2001;3,0347;2009;4267;2009
1;3;12;12122;12122;Solbiate Olona;;VA;0;0;5594.0;2001;4,9318;2009;5554;2009
1;3;12;12123;12123;Somma Lombardo;;VA;0;0;16247.0;2001;30,5053;2009;16737;2009
1;3;12;12124;12124;Sumirago;;VA;0;0;5849.0;2001;11,7498;2009;6209;2009
1;3;12;12125;12125;Taino;;VA;0;0;3185.0;2001;7,6311;2009;3779;2009
1;3;12;12126;12126;Ternate;;VA;0;0;2254.0;2001;4,6351;2009;2471;2009
1;3;12;12127;12127;Tradate;;VA;0;0;15960.0;2001;21,4775;2009;17610;2009
1;3;12;12128;12128;Travedona-Monate;;VA;0;0;3337.0;2001;9,5968;2009;3989;2009
1;3;12;12129;12129;Tronzano Lago Maggiore;;VA;0;0;257.0;2001;11,0620;2009;270;2009
1;3;12;12130;12130;Uboldo;;VA;0;0;9493.0;2001;10,7363;2009;10265;2009
1;3;12;12131;12131;Valganna;;VA;0;0;1462.0;2001;12,4185;2009;1582;2009
1;3;12;12132;12132;Varano Borghi;;VA;0;0;2194.0;2001;3,3321;2009;2285;2009
1;3;12;12133;12133;Varese;;VA;1;0;80511.0;2001;54,8657;2009;80691;2009
1;3;12;12134;12134;Vedano Olona;;VA;0;0;6994.0;2001;7,0848;2009;7358;2009
1;3;12;12135;12135;Veddasca;;VA;0;0;346.0;2001;17,2078;2009;282;2009
1;3;12;12136;12136;Venegono Inferiore;;VA;0;0;5746.0;2001;5,8789;2009;6249;2009
1;3;12;12137;12137;Venegono Superiore;;VA;0;0;6730.0;2001;6,7338;2009;7006;2009
1;3;12;12138;12138;Vergiate;;VA;0;0;8414.0;2001;21,7832;2009;8920;2009
1;3;12;12139;12139;Viggiù;;VA;0;0;4968.0;2001;9,2627;2009;5241;2009
1;3;12;12140;12140;Vizzola Ticino;;VA;0;0;428.0;2001;7,6058;2009;581;2009
1;3;12;12141;12141;Sangiano;;VA;0;0;1247.0;2001;2,2206;2009;1491;2009
1;3;13;13003;13003;Albavilla;;CO;0;0;5938.0;2001;10,3792;2009;6216;2009
1;3;13;13004;13004;Albese con Cassano;;CO;0;0;3981.0;2001;7,9506;2009;4047;2009
1;3;13;13005;13005;Albiolo;;CO;0;0;2260.0;2001;2,8386;2009;2630;2009
1;3;13;13006;13006;Alserio;;CO;0;0;1110.0;2001;1,9921;2009;1185;2009
1;3;13;13007;13007;Alzate Brianza;;CO;0;0;4556.0;2001;7,5896;2009;5076;2009
1;3;13;13009;13009;Anzano del Parco;;CO;0;0;1619.0;2001;3,2401;2009;1709;2009
1;3;13;13010;13010;Appiano Gentile;;CO;0;0;7054.0;2001;12,8076;2009;7527;2009
1;3;13;13011;13011;Argegno;;CO;0;0;654.0;2001;4,1121;2009;682;2009
1;3;13;13012;13012;Arosio;;CO;0;0;4469.0;2001;2,6231;2009;4855;2009
1;3;13;13013;13013;Asso;;CO;0;0;3177.0;2001;6,5106;2009;3649;2009
1;3;13;13015;13015;Barni;;CO;0;0;502.0;2001;5,7081;2009;612;2009
1;3;13;13019;13019;Bellagio;;CO;0;0;2949.0;2001;23,6808;2009;3047;2009
1;3;13;13021;13021;Bene Lario;;CO;0;0;310.0;2001;5,5853;2009;364;2009
1;3;13;13022;13022;Beregazzo con Figliaro;;CO;0;0;2310.0;2001;3,8047;2009;2529;2009
1;3;13;13023;13023;Binago;;CO;0;0;4233.0;2001;7,1194;2009;4719;2009
1;3;13;13024;13024;Bizzarone;;CO;0;0;1495.0;2001;2,6705;2009;1539;2009
1;3;13;13025;13025;Blessagno;;CO;0;0;253.0;2001;3,5601;2009;274;2009
1;3;13;13026;13026;Blevio;;CO;0;0;1221.0;2001;5,4718;2009;1255;2009
1;3;13;13028;13028;Bregnano;;CO;0;0;5113.0;2001;6,1737;2009;6069;2009
1;3;13;13029;13029;Brenna;;CO;0;0;1817.0;2001;4,8334;2009;1976;2009
1;3;13;13030;13030;Brienno;;CO;0;0;425.0;2001;8,9720;2009;413;2009
1;3;13;13032;13032;Brunate;;CO;0;0;1730.0;2001;2,0252;2009;1753;2009
1;3;13;13034;13034;Bulgarograsso;;CO;0;0;2989.0;2001;3,7733;2009;3839;2009
1;3;13;13035;13035;Cabiate;;CO;0;0;6769.0;2001;3,1784;2009;7310;2009
1;3;13;13036;13036;Cadorago;;CO;0;0;6593.0;2001;7,1931;2009;7429;2009
1;3;13;13037;13037;Caglio;;CO;0;0;369.0;2001;6,5169;2009;449;2009
1;3;13;13038;13038;Cagno;;CO;0;0;1865.0;2001;3,5295;2009;2031;2009
1;3;13;13040;13040;Campione d'Italia;;CO;0;0;2267.0;2001;2,6757;2009;2154;2009
1;3;13;13041;13041;Cantù;;CO;0;0;35153.0;2001;23,2534;2009;38338;2009
1;3;13;13042;13042;Canzo;;CO;0;0;4900.0;2001;11,1053;2009;5164;2009
1;3;13;13043;13043;Capiago Intimiano;;CO;0;0;4839.0;2001;5,7176;2009;5526;2009
1;3;13;13044;13044;Carate Urio;;CO;0;0;1209.0;2001;6,9442;2009;1223;2009
1;3;13;13045;13045;Carbonate;;CO;0;0;2575.0;2001;4,9237;2009;2909;2009
1;3;13;13046;13046;Carimate;;CO;0;0;3805.0;2001;5,1719;2009;4278;2009
1;3;13;13047;13047;Carlazzo;;CO;0;0;2696.0;2001;12,7329;2009;2973;2009
1;3;13;13048;13048;Carugo;;CO;0;0;5324.0;2001;4,1514;2009;6196;2009
1;3;13;13050;13050;Casasco d'Intelvi;;CO;0;0;379.0;2001;3,9963;2009;407;2009
1;3;13;13052;13052;Caslino d'Erba;;CO;0;0;1714.0;2001;6,8896;2009;1756;2009
1;3;13;13053;13053;Casnate con Bernate;;CO;0;0;4382.0;2001;5,2221;2009;4894;2009
1;3;13;13055;13055;Cassina Rizzardi;;CO;0;0;2379.0;2001;3,5073;2009;3135;2009
1;3;13;13058;13058;Castelmarte;;CO;0;0;1247.0;2001;1,9723;2009;1302;2009
1;3;13;13059;13059;Castelnuovo Bozzente;;CO;0;0;777.0;2001;3,6220;2009;861;2009
1;3;13;13060;13060;Castiglione d'Intelvi;;CO;0;0;760.0;2001;4,4466;2009;994;2009
1;3;13;13061;13061;Cavallasca;;CO;0;0;2733.0;2001;2,6881;2009;2903;2009
1;3;13;13062;13062;Cavargna;;CO;0;0;315.0;2001;14,9748;2009;267;2009
1;3;13;13063;13063;Cerano d'Intelvi;;CO;0;0;503.0;2001;5,5479;2009;562;2009
1;3;13;13064;13064;Cermenate;;CO;0;0;8599.0;2001;8,1831;2009;8924;2009
1;3;13;13065;13065;Cernobbio;;CO;0;0;6662.0;2001;12,2813;2009;6978;2009
1;3;13;13068;13068;Cirimido;;CO;0;0;1914.0;2001;2,6263;2009;2075;2009
1;3;13;13070;13070;Civenna;;CO;0;0;673.0;2001;5,3781;2009;694;2009
1;3;13;13071;13071;Claino con Osteno;;CO;0;0;528.0;2001;12,9034;2009;558;2009
1;3;13;13074;13074;Colonno;;CO;0;0;561.0;2001;5,6171;2009;535;2009
1;3;13;13075;13075;Como;;CO;1;0;78680.0;2001;37,1169;2009;82096;2009
1;3;13;13076;13076;Consiglio di Rumo;;CO;0;0;1175.0;2001;16,5288;2009;1193;2009
1;3;13;13077;13077;Corrido;;CO;0;0;730.0;2001;6,1917;2009;829;2009
1;3;13;13083;13083;Cremia;;CO;0;0;761.0;2001;10,1382;2009;723;2009
1;3;13;13084;13084;Cucciago;;CO;0;0;3196.0;2001;4,9305;2009;3377;2009
1;3;13;13085;13085;Cusino;;CO;0;0;261.0;2001;9,6466;2009;252;2009
1;3;13;13087;13087;Dizzasco;;CO;0;0;491.0;2001;3,6082;2009;590;2009
1;3;13;13089;13089;Domaso;;CO;0;0;1438.0;2001;6,2764;2009;1483;2009
1;3;13;13090;13090;Dongo;;CO;0;0;3468.0;2001;7,0436;2009;3472;2009
1;3;13;13092;13092;Dosso del Liro;;CO;0;0;315.0;2001;23,4878;2009;290;2009
1;3;13;13093;13093;Drezzo;;CO;0;0;1003.0;2001;1,9512;2009;1172;2009
1;3;13;13095;13095;Erba;;CO;0;0;16374.0;2001;17,8017;2009;16762;2009
1;3;13;13097;13097;Eupilio;;CO;0;0;2502.0;2001;6,9372;2009;2769;2009
1;3;13;13098;13098;Faggeto Lario;;CO;0;0;1173.0;2001;17,5230;2009;1267;2009
1;3;13;13099;13099;Faloppio;;CO;0;0;3455.0;2001;4,1414;2009;4113;2009
1;3;13;13100;13100;Fenegrò;;CO;0;0;2553.0;2001;5,3603;2009;3097;2009
1;3;13;13101;13101;Figino Serenza;;CO;0;0;4636.0;2001;4,9561;2009;5191;2009
1;3;13;13102;13102;Fino Mornasco;;CO;0;0;8229.0;2001;7,2395;2009;9457;2009
1;3;13;13106;13106;Garzeno;;CO;0;0;1029.0;2001;28,7547;2009;882;2009
1;3;13;13107;13107;Gera Lario;;CO;0;0;882.0;2001;7,1256;2009;987;2009
1;3;13;13108;13108;Germasino;;CO;0;0;255.0;2001;17,4830;2009;242;2009
1;3;13;13109;13109;Gironico;;CO;0;0;2039.0;2001;4,4163;2009;2270;2009
1;3;13;13110;13110;Grandate;;CO;0;0;2901.0;2001;2,8250;2009;2883;2009
1;3;13;13111;13111;Grandola ed Uniti;;CO;0;0;1267.0;2001;16,8991;2009;1331;2009
1;3;13;13112;13112;Gravedona;;CO;0;0;2611.0;2001;5,8403;2009;2794;2009
1;3;13;13113;13113;Griante;;CO;0;0;695.0;2001;6,5458;2009;649;2009
1;3;13;13114;13114;Guanzate;;CO;0;0;5056.0;2001;6,9052;2009;5602;2009
1;3;13;13118;13118;Inverigo;;CO;0;0;7825.0;2001;9,9873;2009;8763;2009
1;3;13;13119;13119;Laglio;;CO;0;0;889.0;2001;6,1961;2009;941;2009
1;3;13;13120;13120;Laino;;CO;0;0;469.0;2001;6,6825;2009;529;2009
1;3;13;13121;13121;Lambrugo;;CO;0;0;2181.0;2001;1,8360;2009;2385;2009
1;3;13;13122;13122;Lanzo d'Intelvi;;CO;0;0;1304.0;2001;10,0408;2009;1404;2009
1;3;13;13123;13123;Lasnigo;;CO;0;0;406.0;2001;5,5331;2009;463;2009
1;3;13;13125;13125;Lenno;;CO;0;0;1786.0;2001;9,9352;2009;1811;2009
1;3;13;13126;13126;Lezzeno;;CO;0;0;2071.0;2001;20,7039;2009;2046;2009
1;3;13;13128;13128;Limido Comasco;;CO;0;0;2265.0;2001;4,5636;2009;3587;2009
1;3;13;13129;13129;Lipomo;;CO;0;0;5523.0;2001;2,2977;2009;5792;2009
1;3;13;13130;13130;Livo;;CO;0;0;208.0;2001;33,1337;2009;204;2009
1;3;13;13131;13131;Locate Varesino;;CO;0;0;3960.0;2001;6,0364;2009;4160;2009
1;3;13;13133;13133;Lomazzo;;CO;0;0;7968.0;2001;9,4770;2009;9197;2009
1;3;13;13134;13134;Longone al Segrino;;CO;0;0;1455.0;2001;1,6045;2009;1787;2009
1;3;13;13135;13135;Luisago;;CO;0;0;2368.0;2001;2,1613;2009;2651;2009
1;3;13;13136;13136;Lurago d'Erba;;CO;0;0;4778.0;2001;4,6988;2009;5237;2009
1;3;13;13137;13137;Lurago Marinone;;CO;0;0;1971.0;2001;3,8854;2009;2403;2009
1;3;13;13138;13138;Lurate Caccivio;;CO;0;0;9715.0;2001;5,9255;2009;10001;2009
1;3;13;13139;13139;Magreglio;;CO;0;0;459.0;2001;3,0815;2009;669;2009
1;3;13;13143;13143;Mariano Comense;;CO;0;0;20282.0;2001;13,8027;2009;23424;2009
1;3;13;13144;13144;Maslianico;;CO;0;0;3464.0;2001;1,2885;2009;3342;2009
1;3;13;13145;13145;Menaggio;;CO;0;0;3121.0;2001;11,7701;2009;3207;2009
1;3;13;13147;13147;Merone;;CO;0;0;3597.0;2001;3,2814;2009;4146;2009
1;3;13;13148;13148;Mezzegra;;CO;0;0;952.0;2001;3,3255;2009;1022;2009
1;3;13;13152;13152;Moltrasio;;CO;0;0;1768.0;2001;8,8974;2009;1673;2009
1;3;13;13153;13153;Monguzzo;;CO;0;0;1922.0;2001;3,7270;2009;2166;2009
1;3;13;13154;13154;Montano Lucino;;CO;0;0;4296.0;2001;5,2230;2009;4630;2009
1;3;13;13155;13155;Montemezzo;;CO;0;0;287.0;2001;9,0152;2009;258;2009
1;3;13;13157;13157;Montorfano;;CO;0;0;2489.0;2001;3,5169;2009;2656;2009
1;3;13;13159;13159;Mozzate;;CO;0;0;6874.0;2001;10,6815;2009;8082;2009
1;3;13;13160;13160;Musso;;CO;0;0;1067.0;2001;3,7055;2009;1015;2009
1;3;13;13161;13161;Nesso;;CO;0;0;1302.0;2001;15,0301;2009;1295;2009
1;3;13;13163;13163;Novedrate;;CO;0;0;2889.0;2001;2,9209;2009;2898;2009
1;3;13;13165;13165;Olgiate Comasco;;CO;0;0;10354.0;2001;10,9644;2009;11262;2009
1;3;13;13169;13169;Oltrona di San Mamette;;CO;0;0;2097.0;2001;2,6880;2009;2251;2009
1;3;13;13170;13170;Orsenigo;;CO;0;0;2340.0;2001;4,4607;2009;2756;2009
1;3;13;13172;13172;Ossuccio;;CO;0;0;940.0;2001;8,3421;2009;989;2009
1;3;13;13175;13175;Parè;;CO;0;0;1534.0;2001;2,2138;2009;1761;2009
1;3;13;13178;13178;Peglio;;CO;0;0;197.0;2001;10,5747;2009;201;2009
1;3;13;13179;13179;Pellio Intelvi;;CO;0;0;871.0;2001;9,9935;2009;1004;2009
1;3;13;13183;13183;Pianello del Lario;;CO;0;0;1030.0;2001;9,7955;2009;1030;2009
1;3;13;13184;13184;Pigra;;CO;0;0;302.0;2001;4,5334;2009;272;2009
1;3;13;13185;13185;Plesio;;CO;0;0;805.0;2001;16,9040;2009;860;2009
1;3;13;13186;13186;Pognana Lario;;CO;0;0;901.0;2001;5,0749;2009;806;2009
1;3;13;13187;13187;Ponna;;CO;0;0;262.0;2001;5,8112;2009;277;2009
1;3;13;13188;13188;Ponte Lambro;;CO;0;0;4066.0;2001;3,3802;2009;4343;2009
1;3;13;13189;13189;Porlezza;;CO;0;0;4144.0;2001;18,6400;2009;4556;2009
1;3;13;13192;13192;Proserpio;;CO;0;0;910.0;2001;2,2991;2009;898;2009
1;3;13;13193;13193;Pusiano;;CO;0;0;1166.0;2001;3,2026;2009;1326;2009
1;3;13;13194;13194;Ramponio Verna;;CO;0;0;403.0;2001;4,9165;2009;420;2009
1;3;13;13195;13195;Rezzago;;CO;0;0;274.0;2001;4,0752;2009;327;2009
1;3;13;13197;13197;Rodero;;CO;0;0;1073.0;2001;2,5208;2009;1191;2009
1;3;13;13199;13199;Ronago;;CO;0;0;1498.0;2001;2,0864;2009;1750;2009
1;3;13;13201;13201;Rovellasca;;CO;0;0;6279.0;2001;3,5680;2009;7469;2009
1;3;13;13202;13202;Rovello Porro;;CO;0;0;5512.0;2001;5,5316;2009;5988;2009
1;3;13;13203;13203;Sala Comacina;;CO;0;0;604.0;2001;4,7342;2009;602;2009
1;3;13;13204;13204;San Bartolomeo Val Cavargna;;CO;0;0;1118.0;2001;10,5077;2009;1050;2009
1;3;13;13205;13205;San Fedele Intelvi;;CO;0;0;1491.0;2001;11,2137;2009;1738;2009
1;3;13;13206;13206;San Fermo della Battaglia;;CO;0;0;4189.0;2001;3,0917;2009;4392;2009
1;3;13;13207;13207;San Nazzaro Val Cavargna;;CO;0;0;419.0;2001;12,9930;2009;351;2009
1;3;13;13211;13211;Schignano;;CO;0;0;935.0;2001;10,1171;2009;925;2009
1;3;13;13212;13212;Senna Comasco;;CO;0;0;2766.0;2001;2,7868;2009;3183;2009
1;3;13;13215;13215;Solbiate;;CO;0;0;2248.0;2001;4,0937;2009;2550;2009
1;3;13;13216;13216;Sorico;;CO;0;0;1204.0;2001;24,2332;2009;1225;2009
1;3;13;13217;13217;Sormano;;CO;0;0;633.0;2001;10,7425;2009;682;2009
1;3;13;13218;13218;Stazzona;;CO;0;0;675.0;2001;7,2943;2009;631;2009
1;3;13;13222;13222;Tavernerio;;CO;0;0;5357.0;2001;11,9054;2009;5650;2009
1;3;13;13223;13223;Torno;;CO;0;0;1222.0;2001;7,5288;2009;1203;2009
1;3;13;13225;13225;Tremezzo;;CO;0;0;1314.0;2001;7,8070;2009;1296;2009
1;3;13;13226;13226;Trezzone;;CO;0;0;202.0;2001;3,9091;2009;237;2009
1;3;13;13227;13227;Turate;;CO;0;0;7851.0;2001;10,2824;2009;8955;2009
1;3;13;13228;13228;Uggiate-Trevano;;CO;0;0;3863.0;2001;5,7844;2009;4298;2009
1;3;13;13229;13229;Valbrona;;CO;0;0;2451.0;2001;13,6474;2009;2692;2009
1;3;13;13232;13232;Valmorea;;CO;0;0;2553.0;2001;3,1320;2009;2680;2009
1;3;13;13233;13233;Val Rezzo;;CO;0;0;217.0;2001;6,6115;2009;182;2009
1;3;13;13234;13234;Valsolda;;CO;0;0;1730.0;2001;31,7405;2009;1621;2009
1;3;13;13236;13236;Veleso;;CO;0;0;297.0;2001;5,8606;2009;286;2009
1;3;13;13238;13238;Veniano;;CO;0;0;2334.0;2001;3,1517;2009;2840;2009
1;3;13;13239;13239;Vercana;;CO;0;0;730.0;2001;15,0078;2009;756;2009
1;3;13;13242;13242;Vertemate con Minoprio;;CO;0;0;3851.0;2001;5,7469;2009;4005;2009
1;3;13;13245;13245;Villa Guardia;;CO;0;0;6487.0;2001;7,8680;2009;7534;2009
1;3;13;13246;13246;Zelbio;;CO;0;0;195.0;2001;4,5952;2009;216;2009
1;3;13;13248;13248;San Siro;;CO;0;0;1865.0;2001;18,7866;2009;1801;2009
1;3;14;14001;14001;Albaredo per San Marco;;SO;0;0;408.0;2001;18,9616;2009;356;2009
1;3;14;14002;14002;Albosaggia;;SO;0;0;3084.0;2001;34,3462;2009;3152;2009
1;3;14;14003;14003;Andalo Valtellino;;SO;0;0;548.0;2001;6,7750;2009;551;2009
1;3;14;14004;14004;Aprica;;SO;0;0;1588.0;2001;20,3652;2009;1622;2009
1;3;14;14005;14005;Ardenno;;SO;0;0;3122.0;2001;17,1442;2009;3309;2009
1;3;14;14006;14006;Bema;;SO;0;0;144.0;2001;19,2215;2009;135;2009
1;3;14;14007;14007;Berbenno di Valtellina;;SO;0;0;4177.0;2001;35,5948;2009;4399;2009
1;3;14;14008;14008;Bianzone;;SO;0;0;1220.0;2001;17,1065;2009;1283;2009
1;3;14;14009;14009;Bormio;;SO;0;0;4096.0;2001;41,4214;2009;4076;2009
1;3;14;14010;14010;Buglio in Monte;;SO;0;0;2038.0;2001;27,7070;2009;2067;2009
1;3;14;14011;14011;Caiolo;;SO;0;0;956.0;2001;32,9723;2009;1040;2009
1;3;14;14012;14012;Campodolcino;;SO;0;0;1086.0;2001;48,4884;2009;1058;2009
1;3;14;14013;14013;Caspoggio;;SO;0;0;1586.0;2001;7,3122;2009;1523;2009
1;3;14;14014;14014;Castello dell'Acqua;;SO;0;0;700.0;2001;14,0700;2009;701;2009
1;3;14;14015;14015;Castione Andevenno;;SO;0;0;1553.0;2001;17,0329;2009;1567;2009
1;3;14;14016;14016;Cedrasco;;SO;0;0;484.0;2001;14,4204;2009;466;2009
1;3;14;14017;14017;Cercino;;SO;0;0;689.0;2001;5,6854;2009;754;2009
1;3;14;14018;14018;Chiavenna;;SO;0;0;7239.0;2001;10,7709;2009;7260;2009
1;3;14;14019;14019;Chiesa in Valmalenco;;SO;0;0;2755.0;2001;107,5975;2009;2644;2009
1;3;14;14020;14020;Chiuro;;SO;0;0;2495.0;2001;51,7567;2009;2544;2009
1;3;14;14021;14021;Cino;;SO;0;0;335.0;2001;5,0707;2009;372;2009
1;3;14;14022;14022;Civo;;SO;0;0;1026.0;2001;25,1361;2009;1087;2009
1;3;14;14023;14023;Colorina;;SO;0;0;1453.0;2001;17,8352;2009;1504;2009
1;3;14;14024;14024;Cosio Valtellino;;SO;0;0;5135.0;2001;23,9901;2009;5386;2009
1;3;14;14025;14025;Dazio;;SO;0;0;347.0;2001;3,7335;2009;419;2009
1;3;14;14026;14026;Delebio;;SO;0;0;2996.0;2001;22,5560;2009;3147;2009
1;3;14;14027;14027;Dubino;;SO;0;0;3160.0;2001;13,4967;2009;3459;2009
1;3;14;14028;14028;Faedo Valtellino;;SO;0;0;539.0;2001;4,7991;2009;550;2009
1;3;14;14029;14029;Forcola;;SO;0;0;874.0;2001;15,8975;2009;841;2009
1;3;14;14030;14030;Fusine;;SO;0;0;657.0;2001;37,5951;2009;633;2009
1;3;14;14031;14031;Gerola Alta;;SO;0;0;249.0;2001;37,4263;2009;214;2009
1;3;14;14032;14032;Gordona;;SO;0;0;1751.0;2001;48,4131;2009;1810;2009
1;3;14;14033;14033;Grosio;;SO;0;0;4827.0;2001;126,9158;2009;4696;2009
1;3;14;14034;14034;Grosotto;;SO;0;0;1686.0;2001;53,1233;2009;1618;2009
1;3;14;14035;14035;Madesimo;;SO;0;0;581.0;2001;85,6544;2009;552;2009
1;3;14;14036;14036;Lanzada;;SO;0;0;1440.0;2001;117,1650;2009;1398;2009
1;3;14;14037;14037;Livigno;;SO;0;0;5069.0;2001;227,2927;2009;5862;2009
1;3;14;14038;14038;Lovero;;SO;0;0;635.0;2001;13,4605;2009;660;2009
1;3;14;14039;14039;Mantello;;SO;0;0;683.0;2001;3,7844;2009;735;2009
1;3;14;14040;14040;Mazzo di Valtellina;;SO;0;0;1045.0;2001;15,3244;2009;1065;2009
1;3;14;14041;14041;Mello;;SO;0;0;985.0;2001;11,4294;2009;1021;2009
1;3;14;14042;14042;Menarola;;SO;0;0;43.0;2001;14,4612;2009;43;2009
1;3;14;14043;14043;Mese;;SO;0;0;1619.0;2001;4,1455;2009;1734;2009
1;3;14;14044;14044;Montagna in Valtellina;;SO;0;0;2890.0;2001;44,9738;2009;3007;2009
1;3;14;14045;14045;Morbegno;;SO;0;0;11087.0;2001;14,8148;2009;11838;2009
1;3;14;14046;14046;Novate Mezzola;;SO;0;0;1645.0;2001;99,7437;2009;1812;2009
1;3;14;14047;14047;Pedesina;;SO;0;0;34.0;2001;6,2997;2009;33;2009
1;3;14;14048;14048;Piantedo;;SO;0;0;1189.0;2001;6,6867;2009;1299;2009
1;3;14;14049;14049;Piateda;;SO;0;0;2320.0;2001;70,7998;2009;2321;2009
1;3;14;14050;14050;Piuro;;SO;0;0;1913.0;2001;84,2534;2009;1970;2009
1;3;14;14051;14051;Poggiridenti;;SO;0;0;1807.0;2001;2,8988;2009;1860;2009
1;3;14;14052;14052;Ponte in Valtellina;;SO;0;0;2252.0;2001;67,7265;2009;2293;2009
1;3;14;14053;14053;Postalesio;;SO;0;0;609.0;2001;10,5844;2009;648;2009
1;3;14;14054;14054;Prata Camportaccio;;SO;0;0;2727.0;2001;27,7578;2009;2862;2009
1;3;14;14055;14055;Rasura;;SO;0;0;306.0;2001;6,0003;2009;296;2009
1;3;14;14056;14056;Rogolo;;SO;0;0;501.0;2001;12,8248;2009;586;2009
1;3;14;14057;14057;Samolaco;;SO;0;0;2829.0;2001;45,8974;2009;2933;2009
1;3;14;14058;14058;San Giacomo Filippo;;SO;0;0;472.0;2001;61,8501;2009;422;2009
1;3;14;14059;14059;Sernio;;SO;0;0;445.0;2001;9,5235;2009;493;2009
1;3;14;14060;14060;Sondalo;;SO;0;0;4499.0;2001;95,4525;2009;4294;2009
1;3;14;14061;14061;Sondrio;;SO;1;0;21642.0;2001;20,8748;2009;21882;2009
1;3;14;14062;14062;Spriana;;SO;0;0;117.0;2001;7,6849;2009;108;2009
1;3;14;14063;14063;Talamona;;SO;0;0;4506.0;2001;21,0512;2009;4724;2009
1;3;14;14064;14064;Tartano;;SO;0;0;262.0;2001;47,2737;2009;203;2009
1;3;14;14065;14065;Teglio;;SO;0;0;4797.0;2001;115,3175;2009;4730;2009
1;3;14;14066;14066;Tirano;;SO;0;0;9044.0;2001;32,3744;2009;9176;2009
1;3;14;14067;14067;Torre di Santa Maria;;SO;0;0;892.0;2001;44,2368;2009;855;2009
1;3;14;14068;14068;Tovo di Sant'Agata;;SO;0;0;569.0;2001;11,1463;2009;630;2009
1;3;14;14069;14069;Traona;;SO;0;0;2187.0;2001;6,3756;2009;2490;2009
1;3;14;14070;14070;Tresivio;;SO;0;0;1943.0;2001;15,0134;2009;2008;2009
1;3;14;14071;14071;Valdidentro;;SO;0;0;3908.0;2001;226,7227;2009;4025;2009
1;3;14;14072;14072;Valdisotto;;SO;0;0;3217.0;2001;89,5706;2009;3484;2009
1;3;14;14073;14073;Valfurva;;SO;0;0;2742.0;2001;215,0275;2009;2717;2009
1;3;14;14074;14074;Val Masino;;SO;0;0;963.0;2001;116,7085;2009;950;2009
1;3;14;14075;14075;Verceia;;SO;0;0;1116.0;2001;11,3774;2009;1093;2009
1;3;14;14076;14076;Vervio;;SO;0;0;239.0;2001;12,4053;2009;222;2009
1;3;14;14077;14077;Villa di Chiavenna;;SO;0;0;1116.0;2001;32,5223;2009;1060;2009
1;3;14;14078;14078;Villa di Tirano;;SO;0;0;2968.0;2001;24,7393;2009;2983;2009
1;3;15;15002;15002;Abbiategrasso;;MI;0;0;27739.0;2001;47,7777;2009;30833;2009
1;3;15;15005;15005;Albairate;;MI;0;0;4148.0;2001;14,9817;2009;4648;2009
1;3;15;15007;15007;Arconate;;MI;0;0;5440.0;2001;8,4210;2009;6366;2009
1;3;15;15009;15009;Arese;;MI;0;0;18771.0;2001;6,5634;2009;19353;2009
1;3;15;15010;15010;Arluno;;MI;0;0;9815.0;2001;12,3619;2009;11360;2009
1;3;15;15011;15011;Assago;;MI;0;0;7447.0;2001;8,0520;2009;8037;2009
1;3;15;15012;15012;Bareggio;;MI;0;0;15759.0;2001;11,3841;2009;17072;2009
1;3;15;15014;15014;Basiano;;MI;0;0;2868.0;2001;4,5856;2009;3675;2009
1;3;15;15015;15015;Basiglio;;MI;0;0;8336.0;2001;8,4922;2009;7910;2009
1;3;15;15016;15016;Bellinzago Lombardo;;MI;0;0;3538.0;2001;4,5903;2009;3842;2009
1;3;15;15019;15019;Bernate Ticino;;MI;0;0;2941.0;2001;12,1613;2009;3092;2009
1;3;15;15022;15022;Besate;;MI;0;0;1729.0;2001;12,7426;2009;2024;2009
1;3;15;15024;15024;Binasco;;MI;0;0;6921.0;2001;3,8715;2009;7216;2009
1;3;15;15026;15026;Boffalora sopra Ticino;;MI;0;0;4265.0;2001;7,6528;2009;4250;2009
1;3;15;15027;15027;Bollate;;MI;0;0;46781.0;2001;13,1393;2009;36133;2009
1;3;15;15032;15032;Bresso;;MI;0;0;27132.0;2001;3,3825;2009;25799;2009
1;3;15;15035;15035;Bubbiano;;MI;0;0;1404.0;2001;2,9489;2009;2164;2009
1;3;15;15036;15036;Buccinasco;;MI;0;0;24877.0;2001;12,0036;2009;26226;2009
1;3;15;15038;15038;Buscate;;MI;0;0;4228.0;2001;7,8322;2009;4733;2009
1;3;15;15040;15040;Bussero;;MI;0;0;8493.0;2001;4,5863;2009;8522;2009
1;3;15;15041;15041;Busto Garolfo;;MI;0;0;12506.0;2001;12,9836;2009;13185;2009
1;3;15;15042;15042;Calvignasco;;MI;0;0;1029.0;2001;1,7272;2009;1143;2009
1;3;15;15044;15044;Cambiago;;MI;0;0;4852.0;2001;7,1802;2009;6357;2009
1;3;15;15046;15046;Canegrate;;MI;0;0;11810.0;2001;5,2532;2009;12308;2009
1;3;15;15050;15050;Carpiano;;MI;0;0;2409.0;2001;17,2564;2009;3728;2009
1;3;15;15051;15051;Carugate;;MI;0;0;12635.0;2001;5,3859;2009;14093;2009
1;3;15;15055;15055;Casarile;;MI;0;0;3572.0;2001;7,2971;2009;3788;2009
1;3;15;15058;15058;Casorezzo;;MI;0;0;4633.0;2001;6,5951;2009;5328;2009
1;3;15;15059;15059;Cassano d'Adda;;MI;0;0;16665.0;2001;18,6010;2009;18635;2009
1;3;15;15060;15060;Cassina de' Pecchi;;MI;0;0;12326.0;2001;7,2096;2009;12998;2009
1;3;15;15061;15061;Cassinetta di Lugagnano;;MI;0;0;1577.0;2001;3,3175;2009;1932;2009
1;3;15;15062;15062;Castano Primo;;MI;0;0;9951.0;2001;19,1724;2009;10792;2009
1;3;15;15070;15070;Cernusco sul Naviglio;;MI;0;0;26958.0;2001;13,2207;2009;29979;2009
1;3;15;15071;15071;Cerro al Lambro;;MI;0;0;4348.0;2001;10,0224;2009;4849;2009
1;3;15;15072;15072;Cerro Maggiore;;MI;0;0;13893.0;2001;10,1073;2009;14542;2009
1;3;15;15074;15074;Cesano Boscone;;MI;0;0;23593.0;2001;3,9388;2009;23442;2009
1;3;15;15076;15076;Cesate;;MI;0;0;12317.0;2001;5,7681;2009;13465;2009
1;3;15;15077;15077;Cinisello Balsamo;;MI;0;0;72050.0;2001;12,7241;2009;71641;2009
1;3;15;15078;15078;Cisliano;;MI;0;0;3303.0;2001;14,6764;2009;3881;2009
1;3;15;15081;15081;Cologno Monzese;;MI;0;0;48262.0;2001;8,3961;2009;46486;2009
1;3;15;15082;15082;Colturano;;MI;0;0;1934.0;2001;4,1644;2009;1967;2009
1;3;15;15085;15085;Corbetta;;MI;0;0;13735.0;2001;18,6868;2009;16828;2009
1;3;15;15086;15086;Cormano;;MI;0;0;18056.0;2001;4,4735;2009;19785;2009
1;3;15;15087;15087;Cornaredo;;MI;0;0;19928.0;2001;11,0674;2009;20186;2009
1;3;15;15093;15093;Corsico;;MI;0;0;33273.0;2001;5,3573;2009;33306;2009
1;3;15;15096;15096;Cuggiono;;MI;0;0;7516.0;2001;14,9242;2009;8090;2009
1;3;15;15097;15097;Cusago;;MI;0;0;3046.0;2001;11,4585;2009;3462;2009
1;3;15;15098;15098;Cusano Milanino;;MI;0;0;19850.0;2001;3,0817;2009;19082;2009
1;3;15;15099;15099;Dairago;;MI;0;0;4580.0;2001;5,6354;2009;5583;2009
1;3;15;15101;15101;Dresano;;MI;0;0;2342.0;2001;3,4795;2009;2942;2009
1;3;15;15103;15103;Gaggiano;;MI;0;0;8111.0;2001;26,2559;2009;8995;2009
1;3;15;15105;15105;Garbagnate Milanese;;MI;0;0;27276.0;2001;8,9951;2009;26768;2009
1;3;15;15106;15106;Gessate;;MI;0;0;5508.0;2001;7,7593;2009;8351;2009
1;3;15;15108;15108;Gorgonzola;;MI;0;0;17674.0;2001;10,5801;2009;19097;2009
1;3;15;15110;15110;Grezzago;;MI;0;0;2090.0;2001;2,4596;2009;2738;2009
1;3;15;15112;15112;Gudo Visconti;;MI;0;0;1309.0;2001;6,1012;2009;1719;2009
1;3;15;15113;15113;Inveruno;;MI;0;0;8236.0;2001;12,1348;2009;8641;2009
1;3;15;15114;15114;Inzago;;MI;0;0;8919.0;2001;12,2054;2009;10197;2009
1;3;15;15115;15115;Lacchiarella;;MI;0;0;7248.0;2001;24,0401;2009;8254;2009
1;3;15;15116;15116;Lainate;;MI;0;0;23660.0;2001;12,9333;2009;24934;2009
1;3;15;15118;15118;Legnano;;MI;0;0;53797.0;2001;17,6501;2009;56748;2009
1;3;15;15122;15122;Liscate;;MI;0;0;3408.0;2001;9,4067;2009;3960;2009
1;3;15;15125;15125;Locate di Triulzi;;MI;0;0;8222.0;2001;12,4645;2009;9355;2009
1;3;15;15130;15130;Magenta;;MI;0;0;22839.0;2001;21,9911;2009;23077;2009
1;3;15;15131;15131;Magnago;;MI;0;0;7811.0;2001;11,2300;2009;8915;2009
1;3;15;15134;15134;Marcallo con Casone;;MI;0;0;5192.0;2001;8,2083;2009;5848;2009
1;3;15;15136;15136;Masate;;MI;0;0;2459.0;2001;4,3852;2009;3219;2009
1;3;15;15139;15139;Mediglia;;MI;0;0;10287.0;2001;22,0824;2009;12044;2009
1;3;15;15140;15140;Melegnano;;MI;0;0;15761.0;2001;4,9985;2009;16635;2009
1;3;15;15142;15142;Melzo;;MI;0;0;18546.0;2001;9,8205;2009;18140;2009
1;3;15;15144;15144;Mesero;;MI;0;0;3490.0;2001;5,6397;2009;3839;2009
1;3;15;15146;15146;Milano;;MI;1;1;1256211.0;2001;181,6706;2009;1246203;2009
1;3;15;15150;15150;Morimondo;;MI;0;0;1134.0;2001;26,0014;2009;1180;2009
1;3;15;15151;15151;Motta Visconti;;MI;0;0;6242.0;2001;10,5128;2009;7504;2009
1;3;15;15154;15154;Nerviano;;MI;0;0;16810.0;2001;13,2583;2009;17156;2009
1;3;15;15155;15155;Nosate;;MI;0;0;638.0;2001;4,8760;2009;704;2009
1;3;15;15157;15157;Novate Milanese;;MI;0;0;19889.0;2001;5,4620;2009;19982;2009
1;3;15;15158;15158;Noviglio;;MI;0;0;3025.0;2001;15,8582;2009;4299;2009
1;3;15;15159;15159;Opera;;MI;0;0;13373.0;2001;7,6385;2009;13452;2009
1;3;15;15164;15164;Ossona;;MI;0;0;3757.0;2001;5,9835;2009;4087;2009
1;3;15;15165;15165;Ozzero;;MI;0;0;1347.0;2001;10,9731;2009;1453;2009
1;3;15;15166;15166;Paderno Dugnano;;MI;0;0;45444.0;2001;14,1049;2009;46720;2009
1;3;15;15167;15167;Pantigliate;;MI;0;0;5154.0;2001;5,6200;2009;5750;2009
1;3;15;15168;15168;Parabiago;;MI;0;0;23950.0;2001;14,2925;2009;26307;2009
1;3;15;15169;15169;Paullo;;MI;0;0;10108.0;2001;8,8208;2009;10822;2009
1;3;15;15170;15170;Pero;;MI;0;0;10373.0;2001;4,9782;2009;10339;2009
1;3;15;15171;15171;Peschiera Borromeo;;MI;0;0;20264.0;2001;23,2212;2009;22372;2009
1;3;15;15172;15172;Pessano con Bornago;;MI;0;0;8309.0;2001;6,6624;2009;9057;2009
1;3;15;15173;15173;Pieve Emanuele;;MI;0;0;15759.0;2001;12,9138;2009;15081;2009
1;3;15;15175;15175;Pioltello;;MI;0;0;31936.0;2001;13,0936;2009;34312;2009
1;3;15;15176;15176;Pogliano Milanese;;MI;0;0;7828.0;2001;4,7848;2009;8145;2009
1;3;15;15177;15177;Pozzo d'Adda;;MI;0;0;3515.0;2001;4,1648;2009;5359;2009
1;3;15;15178;15178;Pozzuolo Martesana;;MI;0;0;7233.0;2001;12,1394;2009;7884;2009
1;3;15;15179;15179;Pregnana Milanese;;MI;0;0;5985.0;2001;5,0744;2009;6801;2009
1;3;15;15181;15181;Rescaldina;;MI;0;0;13025.0;2001;8,0299;2009;13768;2009
1;3;15;15182;15182;Rho;;MI;0;0;50246.0;2001;22,2430;2009;49938;2009
1;3;15;15183;15183;Robecchetto con Induno;;MI;0;0;4320.0;2001;13,9267;2009;4839;2009
1;3;15;15184;15184;Robecco sul Naviglio;;MI;0;0;6174.0;2001;19,7842;2009;6776;2009
1;3;15;15185;15185;Rodano;;MI;0;0;4325.0;2001;13,0738;2009;4350;2009
1;3;15;15188;15188;Rosate;;MI;0;0;4717.0;2001;18,6816;2009;5304;2009
1;3;15;15189;15189;Rozzano;;MI;0;0;37207.0;2001;12,2429;2009;40645;2009
1;3;15;15191;15191;San Colombano al Lambro;;MI;0;0;7258.0;2001;16,5050;2009;7440;2009
1;3;15;15192;15192;San Donato Milanese;;MI;0;0;32354.0;2001;12,8762;2009;31658;2009
1;3;15;15194;15194;San Giorgio su Legnano;;MI;0;0;6173.0;2001;2,2001;2009;6632;2009
1;3;15;15195;15195;San Giuliano Milanese;;MI;0;0;31295.0;2001;30,8285;2009;35652;2009
1;3;15;15200;15200;Santo Stefano Ticino;;MI;0;0;3870.0;2001;4,9662;2009;4538;2009
1;3;15;15201;15201;San Vittore Olona;;MI;0;0;7437.0;2001;3,5010;2009;8252;2009
1;3;15;15202;15202;San Zenone al Lambro;;MI;0;0;3446.0;2001;7,2354;2009;4117;2009
1;3;15;15204;15204;Sedriano;;MI;0;0;10197.0;2001;7,7529;2009;11106;2009
1;3;15;15205;15205;Segrate;;MI;0;0;33199.0;2001;17,4880;2009;33298;2009
1;3;15;15206;15206;Senago;;MI;0;0;18899.0;2001;8,5956;2009;20842;2009
1;3;15;15209;15209;Sesto San Giovanni;;MI;0;0;78850.0;2001;11,6996;2009;77926;2009
1;3;15;15210;15210;Settala;;MI;0;0;5790.0;2001;17,4264;2009;7314;2009
1;3;15;15211;15211;Settimo Milanese;;MI;0;0;17134.0;2001;10,7190;2009;19065;2009
1;3;15;15213;15213;Solaro;;MI;0;0;12026.0;2001;6,6760;2009;13800;2009
1;3;15;15219;15219;Trezzano Rosa;;MI;0;0;3760.0;2001;3,4356;2009;4733;2009
1;3;15;15220;15220;Trezzano sul Naviglio;;MI;0;0;18114.0;2001;10,7662;2009;19369;2009
1;3;15;15221;15221;Trezzo sull'Adda;;MI;0;0;11596.0;2001;13,0534;2009;12108;2009
1;3;15;15222;15222;Tribiano;;MI;0;0;2234.0;2001;6,9378;2009;3200;2009
1;3;15;15224;15224;Truccazzano;;MI;0;0;4353.0;2001;21,9837;2009;5946;2009
1;3;15;15226;15226;Turbigo;;MI;0;0;7225.0;2001;8,5188;2009;7411;2009
1;3;15;15229;15229;Vanzago;;MI;0;0;6783.0;2001;6,0499;2009;8656;2009
1;3;15;15230;15230;Vaprio d'Adda;;MI;0;0;6636.0;2001;7,1545;2009;7591;2009
1;3;15;15235;15235;Vermezzo;;MI;0;0;3091.0;2001;6,3090;2009;3800;2009
1;3;15;15236;15236;Vernate;;MI;0;0;2345.0;2001;14,6542;2009;3163;2009
1;3;15;15237;15237;Vignate;;MI;0;0;7854.0;2001;8,5517;2009;8819;2009
1;3;15;15242;15242;Vimodrone;;MI;0;0;13868.0;2001;4,7483;2009;16045;2009
1;3;15;15243;15243;Vittuone;;MI;0;0;7526.0;2001;6,1334;2009;9030;2009
1;3;15;15244;15244;Vizzolo Predabissi;;MI;0;0;4023.0;2001;5,6505;2009;4012;2009
1;3;15;15246;15246;Zelo Surrigone;;MI;0;0;1110.0;2001;4,4278;2009;1175;2009
1;3;15;15247;15247;Zibido San Giacomo;;MI;0;0;5415.0;2001;24,5779;2009;6553;2009
1;3;15;15248;15248;Villa Cortese;;MI;0;0;6113.0;2001;3,5513;2009;6206;2009
1;3;15;15249;15249;Vanzaghello;;MI;0;0;4883.0;2001;5,5630;2009;5264;2009
1;3;15;15250;15250;Baranzate;;MI;0;0;;2001;2,7607;2009;11001;2009
1;3;16;16001;16001;Adrara San Martino;;BG;0;0;1908.0;2001;12,6055;2009;2127;2009
1;3;16;16002;16002;Adrara San Rocco;;BG;0;0;804.0;2001;9,2249;2009;859;2009
1;3;16;16003;16003;Albano Sant'Alessandro;;BG;0;0;6756.0;2001;5,3527;2009;7947;2009
1;3;16;16004;16004;Albino;;BG;0;0;16394.0;2001;31,8094;2009;17990;2009
1;3;16;16005;16005;Almè;;BG;0;0;5740.0;2001;2,0154;2009;5729;2009
1;3;16;16006;16006;Almenno San Bartolomeo;;BG;0;0;4916.0;2001;10,6065;2009;5956;2009
1;3;16;16007;16007;Almenno San Salvatore;;BG;0;0;5788.0;2001;4,7305;2009;5843;2009
1;3;16;16008;16008;Alzano Lombardo;;BG;0;0;12068.0;2001;13,6709;2009;13474;2009
1;3;16;16009;16009;Ambivere;;BG;0;0;2250.0;2001;3,2949;2009;2332;2009
1;3;16;16010;16010;Antegnate;;BG;0;0;2368.0;2001;9,7270;2009;3013;2009
1;3;16;16011;16011;Arcene;;BG;0;0;4347.0;2001;4,3472;2009;4706;2009
1;3;16;16012;16012;Ardesio;;BG;0;0;3702.0;2001;54,4369;2009;3682;2009
1;3;16;16013;16013;Arzago d'Adda;;BG;0;0;2285.0;2001;9,3077;2009;2823;2009
1;3;16;16014;16014;Averara;;BG;0;0;202.0;2001;10,6932;2009;196;2009
1;3;16;16015;16015;Aviatico;;BG;0;0;488.0;2001;8,4898;2009;520;2009
1;3;16;16016;16016;Azzano San Paolo;;BG;0;0;6769.0;2001;4,3078;2009;7568;2009
1;3;16;16017;16017;Azzone;;BG;0;0;490.0;2001;17,2892;2009;445;2009
1;3;16;16018;16018;Bagnatica;;BG;0;0;3628.0;2001;6,5491;2009;4080;2009
1;3;16;16019;16019;Barbata;;BG;0;0;607.0;2001;7,9806;2009;710;2009
1;3;16;16020;16020;Bariano;;BG;0;0;3977.0;2001;7,0745;2009;4371;2009
1;3;16;16021;16021;Barzana;;BG;0;0;1562.0;2001;2,0807;2009;1711;2009
1;3;16;16022;16022;Bedulita;;BG;0;0;710.0;2001;4,2680;2009;725;2009
1;3;16;16023;16023;Berbenno;;BG;0;0;2368.0;2001;6,1447;2009;2461;2009
1;3;16;16024;16024;Bergamo;;BG;1;0;113143.0;2001;40,1066;2009;115037;2009
1;3;16;16025;16025;Berzo San Fermo;;BG;0;0;1142.0;2001;5,8641;2009;1309;2009
1;3;16;16026;16026;Bianzano;;BG;0;0;521.0;2001;6,6704;2009;580;2009
1;3;16;16027;16027;Blello;;BG;0;0;94.0;2001;2,2008;2009;94;2009
1;3;16;16028;16028;Bolgare;;BG;0;0;4200.0;2001;8,5912;2009;5501;2009
1;3;16;16029;16029;Boltiere;;BG;0;0;4181.0;2001;4,2082;2009;5628;2009
1;3;16;16030;16030;Bonate Sopra;;BG;0;0;6238.0;2001;6,1510;2009;8503;2009
1;3;16;16031;16031;Bonate Sotto;;BG;0;0;5429.0;2001;6,4678;2009;6472;2009
1;3;16;16032;16032;Borgo di Terzo;;BG;0;0;933.0;2001;1,8306;2009;1114;2009
1;3;16;16033;16033;Bossico;;BG;0;0;997.0;2001;7,0906;2009;985;2009
1;3;16;16034;16034;Bottanuco;;BG;0;0;4567.0;2001;5,7727;2009;5210;2009
1;3;16;16035;16035;Bracca;;BG;0;0;755.0;2001;5,4653;2009;740;2009
1;3;16;16036;16036;Branzi;;BG;0;0;761.0;2001;26,1864;2009;732;2009
1;3;16;16037;16037;Brembate;;BG;0;0;7180.0;2001;5,5358;2009;8091;2009
1;3;16;16038;16038;Brembate di Sopra;;BG;0;0;6741.0;2001;4,1319;2009;7819;2009
1;3;16;16039;16039;Brembilla;;BG;0;0;4274.0;2001;21,2698;2009;4176;2009
1;3;16;16040;16040;Brignano Gera d'Adda;;BG;0;0;4773.0;2001;12,1106;2009;5829;2009
1;3;16;16041;16041;Brumano;;BG;0;0;86.0;2001;8,1425;2009;99;2009
1;3;16;16042;16042;Brusaporto;;BG;0;0;4168.0;2001;4,9947;2009;5241;2009
1;3;16;16043;16043;Calcinate;;BG;0;0;4665.0;2001;15,0832;2009;5757;2009
1;3;16;16044;16044;Calcio;;BG;0;0;4799.0;2001;15,6677;2009;5268;2009
1;3;16;16046;16046;Calusco d'Adda;;BG;0;0;8052.0;2001;8,3336;2009;8260;2009
1;3;16;16047;16047;Calvenzano;;BG;0;0;3447.0;2001;6,7239;2009;3925;2009
1;3;16;16048;16048;Camerata Cornello;;BG;0;0;594.0;2001;12,9440;2009;625;2009
1;3;16;16049;16049;Canonica d'Adda;;BG;0;0;3685.0;2001;3,2162;2009;4273;2009
1;3;16;16050;16050;Capizzone;;BG;0;0;1194.0;2001;4,6789;2009;1292;2009
1;3;16;16051;16051;Capriate San Gervasio;;BG;0;0;7252.0;2001;5,7811;2009;7541;2009
1;3;16;16052;16052;Caprino Bergamasco;;BG;0;0;2823.0;2001;8,7838;2009;3148;2009
1;3;16;16053;16053;Caravaggio;;BG;0;0;14109.0;2001;33,3883;2009;15908;2009
1;3;16;16055;16055;Carobbio degli Angeli;;BG;0;0;3317.0;2001;6,8209;2009;4558;2009
1;3;16;16056;16056;Carona;;BG;0;0;383.0;2001;44,1535;2009;366;2009
1;3;16;16057;16057;Carvico;;BG;0;0;4141.0;2001;4,5891;2009;4631;2009
1;3;16;16058;16058;Casazza;;BG;0;0;3478.0;2001;7,1132;2009;3974;2009
1;3;16;16059;16059;Casirate d'Adda;;BG;0;0;3359.0;2001;10,1746;2009;3887;2009
1;3;16;16060;16060;Casnigo;;BG;0;0;3453.0;2001;13,6219;2009;3300;2009
1;3;16;16061;16061;Cassiglio;;BG;0;0;107.0;2001;13,6773;2009;115;2009
1;3;16;16062;16062;Castelli Calepio;;BG;0;0;8936.0;2001;10,1527;2009;9677;2009
1;3;16;16063;16063;Castel Rozzone;;BG;0;0;2545.0;2001;1,7066;2009;2857;2009
1;3;16;16064;16064;Castione della Presolana;;BG;0;0;3291.0;2001;42,5001;2009;3477;2009
1;3;16;16065;16065;Castro;;BG;0;0;1416.0;2001;2,5891;2009;1417;2009
1;3;16;16066;16066;Cavernago;;BG;0;0;1667.0;2001;7,6516;2009;2335;2009
1;3;16;16067;16067;Cazzano Sant'Andrea;;BG;0;0;1402.0;2001;2,0244;2009;1593;2009
1;3;16;16068;16068;Cenate Sopra;;BG;0;0;2082.0;2001;6,9724;2009;2522;2009
1;3;16;16069;16069;Cenate Sotto;;BG;0;0;2670.0;2001;4,6167;2009;3414;2009
1;3;16;16070;16070;Cene;;BG;0;0;3931.0;2001;8,5992;2009;4211;2009
1;3;16;16071;16071;Cerete;;BG;0;0;1378.0;2001;14,0705;2009;1645;2009
1;3;16;16072;16072;Chignolo d'Isola;;BG;0;0;2702.0;2001;5,5456;2009;3139;2009
1;3;16;16073;16073;Chiuduno;;BG;0;0;5051.0;2001;6,8847;2009;5737;2009
1;3;16;16074;16074;Cisano Bergamasco;;BG;0;0;5605.0;2001;7,8160;2009;6268;2009
1;3;16;16075;16075;Ciserano;;BG;0;0;4925.0;2001;5,3074;2009;5637;2009
1;3;16;16076;16076;Cividate al Piano;;BG;0;0;4869.0;2001;9,7280;2009;5175;2009
1;3;16;16077;16077;Clusone;;BG;0;0;8259.0;2001;26,1901;2009;8700;2009
1;3;16;16078;16078;Colere;;BG;0;0;1143.0;2001;18,6268;2009;1153;2009
1;3;16;16079;16079;Cologno al Serio;;BG;0;0;9442.0;2001;18,5187;2009;10445;2009
1;3;16;16080;16080;Colzate;;BG;0;0;1662.0;2001;6,7485;2009;1678;2009
1;3;16;16081;16081;Comun Nuovo;;BG;0;0;2908.0;2001;6,4452;2009;4033;2009
1;3;16;16082;16082;Corna Imagna;;BG;0;0;923.0;2001;4,5017;2009;958;2009
1;3;16;16083;16083;Cortenuova;;BG;0;0;1667.0;2001;7,3490;2009;1926;2009
1;3;16;16084;16084;Costa di Mezzate;;BG;0;0;2747.0;2001;5,2228;2009;3265;2009
1;3;16;16085;16085;Costa Valle Imagna;;BG;0;0;620.0;2001;4,2120;2009;618;2009
1;3;16;16086;16086;Costa Volpino;;BG;0;0;8460.0;2001;18,6665;2009;9243;2009
1;3;16;16087;16087;Covo;;BG;0;0;3154.0;2001;12,9435;2009;4045;2009
1;3;16;16088;16088;Credaro;;BG;0;0;2297.0;2001;3,4135;2009;3321;2009
1;3;16;16089;16089;Curno;;BG;0;0;7193.0;2001;4,7049;2009;7646;2009
1;3;16;16090;16090;Cusio;;BG;0;0;313.0;2001;9,4071;2009;273;2009
1;3;16;16091;16091;Dalmine;;BG;0;0;21459.0;2001;11,8075;2009;22956;2009
1;3;16;16092;16092;Dossena;;BG;0;0;1015.0;2001;19,5582;2009;974;2009
1;3;16;16093;16093;Endine Gaiano;;BG;0;0;3100.0;2001;21,0689;2009;3494;2009
1;3;16;16094;16094;Entratico;;BG;0;0;1452.0;2001;4,1452;2009;1876;2009
1;3;16;16096;16096;Fara Gera d'Adda;;BG;0;0;6748.0;2001;10,7815;2009;7885;2009
1;3;16;16097;16097;Fara Olivana con Sola;;BG;0;0;1167.0;2001;5,0407;2009;1299;2009
1;3;16;16098;16098;Filago;;BG;0;0;2665.0;2001;5,4232;2009;3177;2009
1;3;16;16099;16099;Fino del Monte;;BG;0;0;1116.0;2001;4,2877;2009;1157;2009
1;3;16;16100;16100;Fiorano al Serio;;BG;0;0;2904.0;2001;1,0600;2009;3083;2009
1;3;16;16101;16101;Fontanella;;BG;0;0;3628.0;2001;17,7969;2009;4203;2009
1;3;16;16102;16102;Fonteno;;BG;0;0;697.0;2001;10,9290;2009;696;2009
1;3;16;16103;16103;Foppolo;;BG;0;0;208.0;2001;16,1428;2009;208;2009
1;3;16;16104;16104;Foresto Sparso;;BG;0;0;2847.0;2001;7,8683;2009;3192;2009
1;3;16;16105;16105;Fornovo San Giovanni;;BG;0;0;2707.0;2001;7,0447;2009;3238;2009
1;3;16;16106;16106;Fuipiano Valle Imagna;;BG;0;0;230.0;2001;4,2797;2009;221;2009
1;3;16;16107;16107;Gandellino;;BG;0;0;1100.0;2001;25,1342;2009;1073;2009
1;3;16;16108;16108;Gandino;;BG;0;0;5649.0;2001;29,0319;2009;5628;2009
1;3;16;16109;16109;Gandosso;;BG;0;0;1324.0;2001;3,1267;2009;1512;2009
1;3;16;16110;16110;Gaverina Terme;;BG;0;0;906.0;2001;5,1962;2009;911;2009
1;3;16;16111;16111;Gazzaniga;;BG;0;0;4968.0;2001;14,4134;2009;5094;2009
1;3;16;16112;16112;Gerosa;;BG;0;0;383.0;2001;10,1680;2009;377;2009
1;3;16;16113;16113;Ghisalba;;BG;0;0;4626.0;2001;10,5881;2009;5815;2009
1;3;16;16114;16114;Gorlago;;BG;0;0;4607.0;2001;5,6976;2009;4975;2009
1;3;16;16115;16115;Gorle;;BG;0;0;5063.0;2001;2,5201;2009;6313;2009
1;3;16;16116;16116;Gorno;;BG;0;0;1778.0;2001;10,0001;2009;1668;2009
1;3;16;16117;16117;Grassobbio;;BG;0;0;5378.0;2001;8,7413;2009;6235;2009
1;3;16;16118;16118;Gromo;;BG;0;0;1225.0;2001;20,0692;2009;1250;2009
1;3;16;16119;16119;Grone;;BG;0;0;730.0;2001;7,7773;2009;925;2009
1;3;16;16120;16120;Grumello del Monte;;BG;0;0;6353.0;2001;9,9408;2009;7209;2009
1;3;16;16121;16121;Isola di Fondra;;BG;0;0;184.0;2001;12,8327;2009;189;2009
1;3;16;16122;16122;Isso;;BG;0;0;630.0;2001;5,0586;2009;689;2009
1;3;16;16123;16123;Lallio;;BG;0;0;3832.0;2001;2,1559;2009;4082;2009
1;3;16;16124;16124;Leffe;;BG;0;0;4940.0;2001;6,6909;2009;4690;2009
1;3;16;16125;16125;Lenna;;BG;0;0;704.0;2001;12,7383;2009;652;2009
1;3;16;16126;16126;Levate;;BG;0;0;3266.0;2001;5,5315;2009;3790;2009
1;3;16;16127;16127;Locatello;;BG;0;0;740.0;2001;3,7896;2009;834;2009
1;3;16;16128;16128;Lovere;;BG;0;0;5437.0;2001;7,9246;2009;5402;2009
1;3;16;16129;16129;Lurano;;BG;0;0;2093.0;2001;4,0469;2009;2472;2009
1;3;16;16130;16130;Luzzana;;BG;0;0;719.0;2001;3,4846;2009;858;2009
1;3;16;16131;16131;Madone;;BG;0;0;3181.0;2001;3,0689;2009;3988;2009
1;3;16;16132;16132;Mapello;;BG;0;0;5606.0;2001;8,6702;2009;6252;2009
1;3;16;16133;16133;Martinengo;;BG;0;0;8570.0;2001;22,0512;2009;10042;2009
1;3;16;16134;16134;Mezzoldo;;BG;0;0;222.0;2001;18,8383;2009;199;2009
1;3;16;16135;16135;Misano di Gera d'Adda;;BG;0;0;2590.0;2001;6,1053;2009;3018;2009
1;3;16;16136;16136;Moio de' Calvi;;BG;0;0;195.0;2001;6,3564;2009;198;2009
1;3;16;16137;16137;Monasterolo del Castello;;BG;0;0;938.0;2001;8,7535;2009;1187;2009
1;3;16;16139;16139;Montello;;BG;0;0;2392.0;2001;1,8156;2009;3043;2009
1;3;16;16140;16140;Morengo;;BG;0;0;2248.0;2001;9,5627;2009;2641;2009
1;3;16;16141;16141;Mornico al Serio;;BG;0;0;2588.0;2001;6,9226;2009;2805;2009
1;3;16;16142;16142;Mozzanica;;BG;0;0;3921.0;2001;9,4646;2009;4588;2009
1;3;16;16143;16143;Mozzo;;BG;0;0;6895.0;2001;3,6417;2009;7392;2009
1;3;16;16144;16144;Nembro;;BG;0;0;11108.0;2001;15,2348;2009;11530;2009
1;3;16;16145;16145;Olmo al Brembo;;BG;0;0;534.0;2001;8,6274;2009;521;2009
1;3;16;16146;16146;Oltre il Colle;;BG;0;0;1142.0;2001;32,8919;2009;1052;2009
1;3;16;16147;16147;Oltressenda Alta;;BG;0;0;194.0;2001;17,3262;2009;186;2009
1;3;16;16148;16148;Oneta;;BG;0;0;714.0;2001;18,6636;2009;666;2009
1;3;16;16149;16149;Onore;;BG;0;0;717.0;2001;11,7820;2009;804;2009
1;3;16;16150;16150;Orio al Serio;;BG;0;0;1475.0;2001;3,0766;2009;1740;2009
1;3;16;16151;16151;Ornica;;BG;0;0;210.0;2001;15,0963;2009;173;2009
1;3;16;16152;16152;Osio Sopra;;BG;0;0;4077.0;2001;5,1822;2009;5174;2009
1;3;16;16153;16153;Osio Sotto;;BG;0;0;10630.0;2001;7,5856;2009;11619;2009
1;3;16;16154;16154;Pagazzano;;BG;0;0;1859.0;2001;5,2349;2009;2036;2009
1;3;16;16155;16155;Paladina;;BG;0;0;3319.0;2001;2,0901;2009;3948;2009
1;3;16;16156;16156;Palazzago;;BG;0;0;3610.0;2001;13,9624;2009;4067;2009
1;3;16;16157;16157;Palosco;;BG;0;0;4999.0;2001;10,7937;2009;5745;2009
1;3;16;16158;16158;Parre;;BG;0;0;2706.0;2001;22,2793;2009;2884;2009
1;3;16;16159;16159;Parzanica;;BG;0;0;377.0;2001;9,8187;2009;369;2009
1;3;16;16160;16160;Pedrengo;;BG;0;0;5166.0;2001;3,5999;2009;5568;2009
1;3;16;16161;16161;Peia;;BG;0;0;1761.0;2001;4,4799;2009;1835;2009
1;3;16;16162;16162;Pianico;;BG;0;0;1385.0;2001;2,7022;2009;1464;2009
1;3;16;16163;16163;Piario;;BG;0;0;918.0;2001;1,5451;2009;1089;2009
1;3;16;16164;16164;Piazza Brembana;;BG;0;0;1182.0;2001;6,7653;2009;1280;2009
1;3;16;16165;16165;Piazzatorre;;BG;0;0;477.0;2001;24,2378;2009;446;2009
1;3;16;16166;16166;Piazzolo;;BG;0;0;99.0;2001;3,4280;2009;89;2009
1;3;16;16167;16167;Pognano;;BG;0;0;1241.0;2001;3,2861;2009;1550;2009
1;3;16;16168;16168;Ponte Nossa;;BG;0;0;2046.0;2001;5,5898;2009;1927;2009
1;3;16;16169;16169;Ponteranica;;BG;0;0;6878.0;2001;8,4816;2009;6755;2009
1;3;16;16170;16170;Ponte San Pietro;;BG;0;0;9633.0;2001;4,5512;2009;11174;2009
1;3;16;16171;16171;Pontida;;BG;0;0;2934.0;2001;10,3776;2009;3245;2009
1;3;16;16172;16172;Pontirolo Nuovo;;BG;0;0;4241.0;2001;11,0976;2009;4943;2009
1;3;16;16173;16173;Pradalunga;;BG;0;0;4179.0;2001;8,1983;2009;4518;2009
1;3;16;16174;16174;Predore;;BG;0;0;1776.0;2001;10,9556;2009;1882;2009
1;3;16;16175;16175;Premolo;;BG;0;0;1029.0;2001;17,6248;2009;1161;2009
1;3;16;16176;16176;Presezzo;;BG;0;0;4529.0;2001;2,2817;2009;4860;2009
1;3;16;16177;16177;Pumenengo;;BG;0;0;1488.0;2001;10,1151;2009;1654;2009
1;3;16;16178;16178;Ranica;;BG;0;0;5820.0;2001;4,0748;2009;5990;2009
1;3;16;16179;16179;Ranzanico;;BG;0;0;1088.0;2001;7,2202;2009;1293;2009
1;3;16;16180;16180;Riva di Solto;;BG;0;0;833.0;2001;8,5213;2009;863;2009
1;3;16;16182;16182;Rogno;;BG;0;0;3304.0;2001;15,8106;2009;3925;2009
1;3;16;16183;16183;Romano di Lombardia;;BG;0;0;15634.0;2001;19,3831;2009;18262;2009
1;3;16;16184;16184;Roncobello;;BG;0;0;495.0;2001;25,3866;2009;437;2009
1;3;16;16185;16185;Roncola;;BG;0;0;634.0;2001;5,0675;2009;736;2009
1;3;16;16186;16186;Rota d'Imagna;;BG;0;0;856.0;2001;6,0302;2009;907;2009
1;3;16;16187;16187;Rovetta;;BG;0;0;3370.0;2001;24,5339;2009;3868;2009
1;3;16;16188;16188;San Giovanni Bianco;;BG;0;0;4996.0;2001;31,0260;2009;5135;2009
1;3;16;16189;16189;San Paolo d'Argon;;BG;0;0;4478.0;2001;5,2465;2009;5287;2009
1;3;16;16190;16190;San Pellegrino Terme;;BG;0;0;4980.0;2001;22,9533;2009;4963;2009
1;3;16;16191;16191;Santa Brigida;;BG;0;0;635.0;2001;13,8036;2009;592;2009
1;3;16;16192;16192;Sant'Omobono Terme;;BG;0;0;3184.0;2001;11,0515;2009;3482;2009
1;3;16;16193;16193;Sarnico;;BG;0;0;5754.0;2001;6,6622;2009;6360;2009
1;3;16;16194;16194;Scanzorosciate;;BG;0;0;8714.0;2001;10,6891;2009;9743;2009
1;3;16;16195;16195;Schilpario;;BG;0;0;1302.0;2001;63,9693;2009;1270;2009
1;3;16;16196;16196;Sedrina;;BG;0;0;2380.0;2001;5,8461;2009;2523;2009
1;3;16;16197;16197;Selvino;;BG;0;0;2011.0;2001;6,5279;2009;2024;2009
1;3;16;16198;16198;Seriate;;BG;0;0;20320.0;2001;12,5290;2009;23772;2009
1;3;16;16199;16199;Serina;;BG;0;0;2193.0;2001;27,3384;2009;2181;2009
1;3;16;16200;16200;Solto Collina;;BG;0;0;1514.0;2001;11,7570;2009;1688;2009
1;3;16;16201;16201;Songavazzo;;BG;0;0;616.0;2001;12,9447;2009;698;2009
1;3;16;16202;16202;Sorisole;;BG;0;0;8303.0;2001;12,2123;2009;9017;2009
1;3;16;16203;16203;Sotto il Monte Giovanni XXIII;;BG;0;0;3305.0;2001;5,0350;2009;4116;2009
1;3;16;16204;16204;Sovere;;BG;0;0;4910.0;2001;18,0243;2009;5450;2009
1;3;16;16205;16205;Spinone al Lago;;BG;0;0;825.0;2001;1,9670;2009;1038;2009
1;3;16;16206;16206;Spirano;;BG;0;0;4419.0;2001;9,6107;2009;5604;2009
1;3;16;16207;16207;Stezzano;;BG;0;0;10340.0;2001;9,3737;2009;12443;2009
1;3;16;16208;16208;Strozza;;BG;0;0;932.0;2001;3,8250;2009;1066;2009
1;3;16;16209;16209;Suisio;;BG;0;0;3308.0;2001;4,5411;2009;3848;2009
1;3;16;16210;16210;Taleggio;;BG;0;0;582.0;2001;47,1257;2009;604;2009
1;3;16;16211;16211;Tavernola Bergamasca;;BG;0;0;2273.0;2001;11,1707;2009;2166;2009
1;3;16;16212;16212;Telgate;;BG;0;0;4190.0;2001;8,3025;2009;4818;2009
1;3;16;16213;16213;Terno d'Isola;;BG;0;0;4995.0;2001;4,1225;2009;7469;2009
1;3;16;16214;16214;Torre Boldone;;BG;0;0;7764.0;2001;3,4838;2009;8239;2009
1;3;16;16216;16216;Torre de' Roveri;;BG;0;0;2036.0;2001;2,6904;2009;2314;2009
1;3;16;16217;16217;Torre Pallavicina;;BG;0;0;1063.0;2001;10,6241;2009;1099;2009
1;3;16;16218;16218;Trescore Balneario;;BG;0;0;8303.0;2001;13,5138;2009;9255;2009
1;3;16;16219;16219;Treviglio;;BG;0;0;25736.0;2001;32,2198;2009;28355;2009
1;3;16;16220;16220;Treviolo;;BG;0;0;8618.0;2001;8,4874;2009;10126;2009
1;3;16;16221;16221;Ubiale Clanezzo;;BG;0;0;1272.0;2001;7,3451;2009;1408;2009
1;3;16;16222;16222;Urgnano;;BG;0;0;8445.0;2001;14,7782;2009;9379;2009
1;3;16;16223;16223;Valbondione;;BG;0;0;1168.0;2001;96,8899;2009;1104;2009
1;3;16;16224;16224;Valbrembo;;BG;0;0;3587.0;2001;3,8028;2009;3652;2009
1;3;16;16225;16225;Valgoglio;;BG;0;0;613.0;2001;31,8905;2009;613;2009
1;3;16;16226;16226;Valleve;;BG;0;0;158.0;2001;14,7640;2009;140;2009
1;3;16;16227;16227;Valnegra;;BG;0;0;230.0;2001;2,2302;2009;213;2009
1;3;16;16228;16228;Valsecca;;BG;0;0;413.0;2001;5,3797;2009;415;2009
1;3;16;16229;16229;Valtorta;;BG;0;0;345.0;2001;30,8975;2009;302;2009
1;3;16;16230;16230;Vedeseta;;BG;0;0;263.0;2001;19,2916;2009;215;2009
1;3;16;16232;16232;Verdellino;;BG;0;0;6697.0;2001;3,8218;2009;7591;2009
1;3;16;16233;16233;Verdello;;BG;0;0;6501.0;2001;7,3439;2009;7705;2009
1;3;16;16234;16234;Vertova;;BG;0;0;4701.0;2001;15,6945;2009;4812;2009
1;3;16;16235;16235;Viadanica;;BG;0;0;1028.0;2001;5,4483;2009;1112;2009
1;3;16;16236;16236;Vigano San Martino;;BG;0;0;989.0;2001;3,7561;2009;1219;2009
1;3;16;16237;16237;Vigolo;;BG;0;0;661.0;2001;12,3097;2009;598;2009
1;3;16;16238;16238;Villa d'Adda;;BG;0;0;4195.0;2001;5,9822;2009;4712;2009
1;3;16;16239;16239;Villa d'Almè;;BG;0;0;6617.0;2001;6,4954;2009;6814;2009
1;3;16;16240;16240;Villa di Serio;;BG;0;0;5837.0;2001;4,6029;2009;6515;2009
1;3;16;16241;16241;Villa d'Ogna;;BG;0;0;1744.0;2001;5,1595;2009;1995;2009
1;3;16;16242;16242;Villongo;;BG;0;0;6396.0;2001;6,0419;2009;7431;2009
1;3;16;16243;16243;Vilminore di Scalve;;BG;0;0;1547.0;2001;41,0010;2009;1515;2009
1;3;16;16244;16244;Zandobbio;;BG;0;0;2281.0;2001;6,4317;2009;2686;2009
1;3;16;16245;16245;Zanica;;BG;0;0;7063.0;2001;14,9523;2009;7864;2009
1;3;16;16246;16246;Zogno;;BG;0;0;9015.0;2001;35,2123;2009;9062;2009
1;3;16;16247;16247;Costa Serina;;BG;0;0;914.0;2001;12,2970;2009;990;2009
1;3;16;16248;16248;Algua;;BG;0;0;690.0;2001;8,3232;2009;717;2009
1;3;16;16249;16249;Cornalba;;BG;0;0;287.0;2001;9,2506;2009;300;2009
1;3;16;16250;16250;Medolago;;BG;0;0;2047.0;2001;3,8484;2009;2327;2009
1;3;16;16251;16251;Solza;;BG;0;0;1429.0;2001;1,1788;2009;1967;2009
1;3;17;17001;17001;Acquafredda;;BS;0;0;1409.0;2001;9,5464;2009;1572;2009
1;3;17;17002;17002;Adro;;BS;0;0;6421.0;2001;14,2895;2009;7069;2009
1;3;17;17003;17003;Agnosine;;BS;0;0;1875.0;2001;13,5546;2009;1837;2009
1;3;17;17004;17004;Alfianello;;BS;0;0;2347.0;2001;13,7523;2009;2444;2009
1;3;17;17005;17005;Anfo;;BS;0;0;434.0;2001;23,8313;2009;485;2009
1;3;17;17006;17006;Angolo Terme;;BS;0;0;2508.0;2001;30,5601;2009;2580;2009
1;3;17;17007;17007;Artogne;;BS;0;0;3134.0;2001;21,0191;2009;3525;2009
1;3;17;17008;17008;Azzano Mella;;BS;0;0;1859.0;2001;10,5695;2009;2740;2009
1;3;17;17009;17009;Bagnolo Mella;;BS;0;0;11375.0;2001;31,3457;2009;12672;2009
1;3;17;17010;17010;Bagolino;;BS;0;0;3919.0;2001;109,2121;2009;3929;2009
1;3;17;17011;17011;Barbariga;;BS;0;0;2180.0;2001;11,3363;2009;2416;2009
1;3;17;17012;17012;Barghe;;BS;0;0;1124.0;2001;5,4918;2009;1184;2009
1;3;17;17013;17013;Bassano Bresciano;;BS;0;0;1800.0;2001;9,4204;2009;2212;2009
1;3;17;17014;17014;Bedizzole;;BS;0;0;9320.0;2001;26,4434;2009;11587;2009
1;3;17;17015;17015;Berlingo;;BS;0;0;1861.0;2001;4,5925;2009;2527;2009
1;3;17;17016;17016;Berzo Demo;;BS;0;0;1847.0;2001;15,4633;2009;1748;2009
1;3;17;17017;17017;Berzo Inferiore;;BS;0;0;2206.0;2001;21,9148;2009;2438;2009
1;3;17;17018;17018;Bienno;;BS;0;0;3510.0;2001;30,5442;2009;3579;2009
1;3;17;17019;17019;Bione;;BS;0;0;1386.0;2001;17,2870;2009;1458;2009
1;3;17;17020;17020;Borgo San Giacomo;;BS;0;0;4603.0;2001;29,5299;2009;5465;2009
1;3;17;17021;17021;Borgosatollo;;BS;0;0;7972.0;2001;8,4199;2009;9035;2009
1;3;17;17022;17022;Borno;;BS;0;0;2719.0;2001;30,4960;2009;2713;2009
1;3;17;17023;17023;Botticino;;BS;0;0;9730.0;2001;18,4824;2009;10658;2009
1;3;17;17024;17024;Bovegno;;BS;0;0;2321.0;2001;47,9887;2009;2263;2009
1;3;17;17025;17025;Bovezzo;;BS;0;0;7407.0;2001;6,4114;2009;7522;2009
1;3;17;17026;17026;Brandico;;BS;0;0;1041.0;2001;8,3801;2009;1636;2009
1;3;17;17027;17027;Braone;;BS;0;0;610.0;2001;13,3567;2009;674;2009
1;3;17;17028;17028;Breno;;BS;0;0;4962.0;2001;59,9301;2009;4970;2009
1;3;17;17029;17029;Brescia;;BS;1;0;187567.0;2001;90,3338;2009;189344;2009
1;3;17;17030;17030;Brione;;BS;0;0;546.0;2001;6,8968;2009;696;2009
1;3;17;17031;17031;Caino;;BS;0;0;1614.0;2001;17,3082;2009;2028;2009
1;3;17;17032;17032;Calcinato;;BS;0;0;10648.0;2001;33,2958;2009;12431;2009
1;3;17;17033;17033;Calvagese della Riviera;;BS;0;0;2539.0;2001;11,7369;2009;3446;2009
1;3;17;17034;17034;Calvisano;;BS;0;0;7416.0;2001;44,8272;2009;8410;2009
1;3;17;17035;17035;Capo di Ponte;;BS;0;0;2428.0;2001;18,1074;2009;2491;2009
1;3;17;17036;17036;Capovalle;;BS;0;0;452.0;2001;22,9465;2009;401;2009
1;3;17;17037;17037;Capriano del Colle;;BS;0;0;3856.0;2001;13,9676;2009;4441;2009
1;3;17;17038;17038;Capriolo;;BS;0;0;8347.0;2001;10,6009;2009;8996;2009
1;3;17;17039;17039;Carpenedolo;;BS;0;0;10386.0;2001;29,8417;2009;12428;2009
1;3;17;17040;17040;Castegnato;;BS;0;0;6666.0;2001;9,1737;2009;7762;2009
1;3;17;17041;17041;Castelcovati;;BS;0;0;5348.0;2001;6,1396;2009;6534;2009
1;3;17;17042;17042;Castel Mella;;BS;0;0;8141.0;2001;7,4999;2009;10550;2009
1;3;17;17043;17043;Castenedolo;;BS;0;0;9257.0;2001;26,2325;2009;11084;2009
1;3;17;17044;17044;Casto;;BS;0;0;1913.0;2001;21,3362;2009;1900;2009
1;3;17;17045;17045;Castrezzato;;BS;0;0;5800.0;2001;13,6321;2009;6822;2009
1;3;17;17046;17046;Cazzago San Martino;;BS;0;0;9814.0;2001;22,3415;2009;10958;2009
1;3;17;17047;17047;Cedegolo;;BS;0;0;1261.0;2001;11,0830;2009;1253;2009
1;3;17;17048;17048;Cellatica;;BS;0;0;4723.0;2001;6,5461;2009;4954;2009
1;3;17;17049;17049;Cerveno;;BS;0;0;659.0;2001;21,5525;2009;655;2009
1;3;17;17050;17050;Ceto;;BS;0;0;1860.0;2001;32,2989;2009;1965;2009
1;3;17;17051;17051;Cevo;;BS;0;0;1030.0;2001;35,4642;2009;955;2009
1;3;17;17052;17052;Chiari;;BS;0;0;17393.0;2001;37,9592;2009;18314;2009
1;3;17;17053;17053;Cigole;;BS;0;0;1523.0;2001;9,9309;2009;1645;2009
1;3;17;17054;17054;Cimbergo;;BS;0;0;573.0;2001;24,7130;2009;574;2009
1;3;17;17055;17055;Cividate Camuno;;BS;0;0;2637.0;2001;3,3068;2009;2751;2009
1;3;17;17056;17056;Coccaglio;;BS;0;0;7049.0;2001;12,0465;2009;8441;2009
1;3;17;17057;17057;Collebeato;;BS;0;0;4366.0;2001;5,2698;2009;4744;2009
1;3;17;17058;17058;Collio;;BS;0;0;2315.0;2001;53,4749;2009;2313;2009
1;3;17;17059;17059;Cologne;;BS;0;0;6492.0;2001;13,7875;2009;7604;2009
1;3;17;17060;17060;Comezzano-Cizzago;;BS;0;0;2708.0;2001;15,4370;2009;3616;2009
1;3;17;17061;17061;Concesio;;BS;0;0;12827.0;2001;19,0748;2009;14697;2009
1;3;17;17062;17062;Corte Franca;;BS;0;0;6282.0;2001;13,9733;2009;7083;2009
1;3;17;17063;17063;Corteno Golgi;;BS;0;0;1992.0;2001;82,6046;2009;2012;2009
1;3;17;17064;17064;Corzano;;BS;0;0;980.0;2001;12,2960;2009;1284;2009
1;3;17;17065;17065;Darfo Boario Terme;;BS;0;0;13590.0;2001;36,0712;2009;15436;2009
1;3;17;17066;17066;Dello;;BS;0;0;4231.0;2001;23,3209;2009;5500;2009
1;3;17;17067;17067;Desenzano del Garda;;BS;0;0;23651.0;2001;59,2625;2009;26404;2009
1;3;17;17068;17068;Edolo;;BS;0;0;4291.0;2001;88,9031;2009;4471;2009
1;3;17;17069;17069;Erbusco;;BS;0;0;6840.0;2001;16,2398;2009;8338;2009
1;3;17;17070;17070;Esine;;BS;0;0;4707.0;2001;30,3061;2009;5277;2009
1;3;17;17071;17071;Fiesse;;BS;0;0;1931.0;2001;16,0159;2009;2153;2009
1;3;17;17072;17072;Flero;;BS;0;0;7495.0;2001;9,8367;2009;8281;2009
1;3;17;17073;17073;Gambara;;BS;0;0;4533.0;2001;31,5861;2009;4732;2009
1;3;17;17074;17074;Gardone Riviera;;BS;0;0;2531.0;2001;21,3928;2009;2695;2009
1;3;17;17075;17075;Gardone Val Trompia;;BS;0;0;10952.0;2001;26,6562;2009;11685;2009
1;3;17;17076;17076;Gargnano;;BS;0;0;3035.0;2001;76,7532;2009;3041;2009
1;3;17;17077;17077;Gavardo;;BS;0;0;10089.0;2001;29,7959;2009;11625;2009
1;3;17;17078;17078;Ghedi;;BS;0;0;15627.0;2001;60,8026;2009;18090;2009
1;3;17;17079;17079;Gianico;;BS;0;0;1924.0;2001;13,3811;2009;2190;2009
1;3;17;17080;17080;Gottolengo;;BS;0;0;4777.0;2001;29,2837;2009;5272;2009
1;3;17;17081;17081;Gussago;;BS;0;0;14502.0;2001;25,0891;2009;16415;2009
1;3;17;17082;17082;Idro;;BS;0;0;1695.0;2001;22,8933;2009;1880;2009
1;3;17;17083;17083;Incudine;;BS;0;0;451.0;2001;19,6657;2009;411;2009
1;3;17;17084;17084;Irma;;BS;0;0;139.0;2001;4,9347;2009;160;2009
1;3;17;17085;17085;Iseo;;BS;0;0;8410.0;2001;28,4195;2009;9103;2009
1;3;17;17086;17086;Isorella;;BS;0;0;3533.0;2001;15,3283;2009;4132;2009
1;3;17;17087;17087;Lavenone;;BS;0;0;659.0;2001;31,8235;2009;623;2009
1;3;17;17088;17088;Leno;;BS;0;0;12541.0;2001;58,4516;2009;14278;2009
1;3;17;17089;17089;Limone sul Garda;;BS;0;0;1033.0;2001;23,0239;2009;1130;2009
1;3;17;17090;17090;Lodrino;;BS;0;0;1717.0;2001;16,4987;2009;1804;2009
1;3;17;17091;17091;Lograto;;BS;0;0;2909.0;2001;12,4335;2009;3750;2009
1;3;17;17092;17092;Lonato del Garda;;BS;0;0;12212.0;2001;68,1954;2009;15449;2009
1;3;17;17093;17093;Longhena;;BS;0;0;578.0;2001;3,4707;2009;615;2009
1;3;17;17094;17094;Losine;;BS;0;0;510.0;2001;6,2553;2009;565;2009
1;3;17;17095;17095;Lozio;;BS;0;0;405.0;2001;23,7425;2009;415;2009
1;3;17;17096;17096;Lumezzane;;BS;0;0;23712.0;2001;31,7179;2009;23640;2009
1;3;17;17097;17097;Maclodio;;BS;0;0;1232.0;2001;5,0958;2009;1489;2009
1;3;17;17098;17098;Magasa;;BS;0;0;189.0;2001;19,1125;2009;160;2009
1;3;17;17099;17099;Mairano;;BS;0;0;2413.0;2001;11,5281;2009;3262;2009
1;3;17;17100;17100;Malegno;;BS;0;0;2111.0;2001;6,8941;2009;2079;2009
1;3;17;17101;17101;Malonno;;BS;0;0;3326.0;2001;31,4567;2009;3326;2009
1;3;17;17102;17102;Manerba del Garda;;BS;0;0;3761.0;2001;36,6274;2009;4780;2009
1;3;17;17103;17103;Manerbio;;BS;0;0;12611.0;2001;27,8839;2009;13119;2009
1;3;17;17104;17104;Marcheno;;BS;0;0;4126.0;2001;22,7392;2009;4409;2009
1;3;17;17105;17105;Marmentino;;BS;0;0;712.0;2001;18,0348;2009;694;2009
1;3;17;17106;17106;Marone;;BS;0;0;3057.0;2001;23,9306;2009;3298;2009
1;3;17;17107;17107;Mazzano;;BS;0;0;9390.0;2001;15,7265;2009;11295;2009
1;3;17;17108;17108;Milzano;;BS;0;0;1483.0;2001;8,4888;2009;1759;2009
1;3;17;17109;17109;Moniga del Garda;;BS;0;0;1702.0;2001;14,6521;2009;2427;2009
1;3;17;17110;17110;Monno;;BS;0;0;586.0;2001;31,0259;2009;570;2009
1;3;17;17111;17111;Monte Isola;;BS;0;0;1769.0;2001;12,6051;2009;1808;2009
1;3;17;17112;17112;Monticelli Brusati;;BS;0;0;3610.0;2001;10,8908;2009;4293;2009
1;3;17;17113;17113;Montichiari;;BS;0;0;19101.0;2001;81,6613;2009;22845;2009
1;3;17;17114;17114;Montirone;;BS;0;0;4021.0;2001;10,5181;2009;5010;2009
1;3;17;17115;17115;Mura;;BS;0;0;780.0;2001;12,5067;2009;787;2009
1;3;17;17116;17116;Muscoline;;BS;0;0;2043.0;2001;10,0780;2009;2511;2009
1;3;17;17117;17117;Nave;;BS;0;0;10433.0;2001;27,2115;2009;10931;2009
1;3;17;17118;17118;Niardo;;BS;0;0;1837.0;2001;22,1574;2009;1949;2009
1;3;17;17119;17119;Nuvolento;;BS;0;0;3523.0;2001;7,4579;2009;4009;2009
1;3;17;17120;17120;Nuvolera;;BS;0;0;3679.0;2001;13,3116;2009;4451;2009
1;3;17;17121;17121;Odolo;;BS;0;0;1904.0;2001;6,5439;2009;2053;2009
1;3;17;17122;17122;Offlaga;;BS;0;0;3365.0;2001;23,0333;2009;4275;2009
1;3;17;17123;17123;Ome;;BS;0;0;2904.0;2001;9,8481;2009;3226;2009
1;3;17;17124;17124;Ono San Pietro;;BS;0;0;933.0;2001;13,7797;2009;974;2009
1;3;17;17125;17125;Orzinuovi;;BS;0;0;11175.0;2001;47,8683;2009;12213;2009
1;3;17;17126;17126;Orzivecchi;;BS;0;0;2286.0;2001;9,9376;2009;2475;2009
1;3;17;17127;17127;Ospitaletto;;BS;0;0;11086.0;2001;9,2902;2009;13224;2009
1;3;17;17128;17128;Ossimo;;BS;0;0;1434.0;2001;14,8578;2009;1467;2009
1;3;17;17129;17129;Padenghe sul Garda;;BS;0;0;3493.0;2001;26,8085;2009;4242;2009
1;3;17;17130;17130;Paderno Franciacorta;;BS;0;0;3379.0;2001;5,6080;2009;3704;2009
1;3;17;17131;17131;Paisco Loveno;;BS;0;0;257.0;2001;35,8656;2009;201;2009
1;3;17;17132;17132;Paitone;;BS;0;0;1658.0;2001;8,0034;2009;2042;2009
1;3;17;17133;17133;Palazzolo sull'Oglio;;BS;0;0;17330.0;2001;23,0393;2009;19335;2009
1;3;17;17134;17134;Paratico;;BS;0;0;3445.0;2001;6,1816;2009;4432;2009
1;3;17;17135;17135;Paspardo;;BS;0;0;677.0;2001;11,1537;2009;660;2009
1;3;17;17136;17136;Passirano;;BS;0;0;5911.0;2001;13,3907;2009;7087;2009
1;3;17;17137;17137;Pavone del Mella;;BS;0;0;2595.0;2001;11,6134;2009;2849;2009
1;3;17;17138;17138;San Paolo;;BS;0;0;3884.0;2001;18,8177;2009;4366;2009
1;3;17;17139;17139;Pertica Alta;;BS;0;0;608.0;2001;20,9152;2009;620;2009
1;3;17;17140;17140;Pertica Bassa;;BS;0;0;711.0;2001;30,1258;2009;692;2009
1;3;17;17141;17141;Pezzaze;;BS;0;0;1613.0;2001;21,4894;2009;1615;2009
1;3;17;17142;17142;Pian Camuno;;BS;0;0;3771.0;2001;10,9450;2009;4275;2009
1;3;17;17143;17143;Pisogne;;BS;0;0;7716.0;2001;49,2274;2009;8079;2009
1;3;17;17144;17144;Polaveno;;BS;0;0;2481.0;2001;9,2011;2009;2736;2009
1;3;17;17145;17145;Polpenazze del Garda;;BS;0;0;2028.0;2001;9,1195;2009;2479;2009
1;3;17;17146;17146;Pompiano;;BS;0;0;3388.0;2001;15,2734;2009;3906;2009
1;3;17;17147;17147;Poncarale;;BS;0;0;4132.0;2001;12,6432;2009;5286;2009
1;3;17;17148;17148;Ponte di Legno;;BS;0;0;1869.0;2001;100,4051;2009;1806;2009
1;3;17;17149;17149;Pontevico;;BS;0;0;6484.0;2001;29,2070;2009;7062;2009
1;3;17;17150;17150;Pontoglio;;BS;0;0;6330.0;2001;11,0859;2009;6806;2009
1;3;17;17151;17151;Pozzolengo;;BS;0;0;2900.0;2001;21,3278;2009;3529;2009
1;3;17;17152;17152;Pralboino;;BS;0;0;2622.0;2001;17,1622;2009;2881;2009
1;3;17;17153;17153;Preseglie;;BS;0;0;1477.0;2001;11,4524;2009;1572;2009
1;3;17;17154;17154;Prestine;;BS;0;0;396.0;2001;16,2623;2009;384;2009
1;3;17;17155;17155;Prevalle;;BS;0;0;5099.0;2001;9,9888;2009;6676;2009
1;3;17;17156;17156;Provaglio d'Iseo;;BS;0;0;5885.0;2001;16,1597;2009;6942;2009
1;3;17;17157;17157;Provaglio Val Sabbia;;BS;0;0;919.0;2001;14,8506;2009;973;2009
1;3;17;17158;17158;Puegnago del Garda;;BS;0;0;2776.0;2001;10,9716;2009;3230;2009
1;3;17;17159;17159;Quinzano d'Oglio;;BS;0;0;5851.0;2001;21,4527;2009;6346;2009
1;3;17;17160;17160;Remedello;;BS;0;0;3006.0;2001;21,4624;2009;3429;2009
1;3;17;17161;17161;Rezzato;;BS;0;0;12295.0;2001;18,2063;2009;13044;2009
1;3;17;17162;17162;Roccafranca;;BS;0;0;3746.0;2001;19,1323;2009;4727;2009
1;3;17;17163;17163;Rodengo Saiano;;BS;0;0;7507.0;2001;12,8906;2009;8535;2009
1;3;17;17164;17164;Roè Volciano;;BS;0;0;4177.0;2001;5,8207;2009;4448;2009
1;3;17;17165;17165;Roncadelle;;BS;0;0;7625.0;2001;9,4184;2009;9200;2009
1;3;17;17166;17166;Rovato;;BS;0;0;14376.0;2001;26,0941;2009;17301;2009
1;3;17;17167;17167;Rudiano;;BS;0;0;4610.0;2001;9,8454;2009;5576;2009
1;3;17;17168;17168;Sabbio Chiese;;BS;0;0;3178.0;2001;18,4472;2009;3764;2009
1;3;17;17169;17169;Sale Marasino;;BS;0;0;3180.0;2001;16,5869;2009;3369;2009
1;3;17;17170;17170;Salò;;BS;0;0;10039.0;2001;27,3045;2009;10491;2009
1;3;17;17171;17171;San Felice del Benaco;;BS;0;0;2939.0;2001;20,2156;2009;3388;2009
1;3;17;17172;17172;San Gervasio Bresciano;;BS;0;0;1476.0;2001;10,5028;2009;2340;2009
1;3;17;17173;17173;San Zeno Naviglio;;BS;0;0;3447.0;2001;6,2531;2009;4541;2009
1;3;17;17174;17174;Sarezzo;;BS;0;0;11652.0;2001;17,6790;2009;13215;2009
1;3;17;17175;17175;Saviore dell'Adamello;;BS;0;0;1161.0;2001;84,2669;2009;1033;2009
1;3;17;17176;17176;Sellero;;BS;0;0;1475.0;2001;14,4711;2009;1504;2009
1;3;17;17177;17177;Seniga;;BS;0;0;1573.0;2001;13,5719;2009;1604;2009
1;3;17;17178;17178;Serle;;BS;0;0;2849.0;2001;18,4273;2009;3135;2009
1;3;17;17179;17179;Sirmione;;BS;0;0;6534.0;2001;26,2462;2009;7618;2009
1;3;17;17180;17180;Soiano del Lago;;BS;0;0;1522.0;2001;5,7734;2009;1815;2009
1;3;17;17181;17181;Sonico;;BS;0;0;1208.0;2001;60,8920;2009;1274;2009
1;3;17;17182;17182;Sulzano;;BS;0;0;1467.0;2001;10,4396;2009;1908;2009
1;3;17;17183;17183;Tavernole sul Mella;;BS;0;0;1346.0;2001;19,8075;2009;1391;2009
1;3;17;17184;17184;Temù;;BS;0;0;1010.0;2001;43,2585;2009;1066;2009
1;3;17;17185;17185;Tignale;;BS;0;0;1271.0;2001;45,8545;2009;1307;2009
1;3;17;17186;17186;Torbole Casaglia;;BS;0;0;5113.0;2001;13,4393;2009;6261;2009
1;3;17;17187;17187;Toscolano-Maderno;;BS;0;0;7006.0;2001;58,1714;2009;7841;2009
1;3;17;17188;17188;Travagliato;;BS;0;0;11012.0;2001;17,7358;2009;13063;2009
1;3;17;17189;17189;Tremosine;;BS;0;0;1923.0;2001;72,6938;2009;2169;2009
1;3;17;17190;17190;Trenzano;;BS;0;0;4848.0;2001;20,1019;2009;5502;2009
1;3;17;17191;17191;Treviso Bresciano;;BS;0;0;587.0;2001;17,7332;2009;583;2009
1;3;17;17192;17192;Urago d'Oglio;;BS;0;0;3199.0;2001;10,6802;2009;3916;2009
1;3;17;17193;17193;Vallio Terme;;BS;0;0;1148.0;2001;14,8574;2009;1304;2009
1;3;17;17194;17194;Valvestino;;BS;0;0;287.0;2001;31,1237;2009;212;2009
1;3;17;17195;17195;Verolanuova;;BS;0;0;7539.0;2001;25,7595;2009;8118;2009
1;3;17;17196;17196;Verolavecchia;;BS;0;0;3814.0;2001;21,0635;2009;3910;2009
1;3;17;17197;17197;Vestone;;BS;0;0;4225.0;2001;12,9638;2009;4505;2009
1;3;17;17198;17198;Vezza d'Oglio;;BS;0;0;1426.0;2001;54,1472;2009;1447;2009
1;3;17;17199;17199;Villa Carcina;;BS;0;0;10015.0;2001;14,2195;2009;10956;2009
1;3;17;17200;17200;Villachiara;;BS;0;0;1239.0;2001;16,8650;2009;1425;2009
1;3;17;17201;17201;Villanuova sul Clisi;;BS;0;0;4762.0;2001;9,1011;2009;5728;2009
1;3;17;17202;17202;Vione;;BS;0;0;758.0;2001;35,2649;2009;725;2009
1;3;17;17203;17203;Visano;;BS;0;0;1700.0;2001;11,2237;2009;1893;2009
1;3;17;17204;17204;Vobarno;;BS;0;0;7477.0;2001;53,2214;2009;8103;2009
1;3;17;17205;17205;Zone;;BS;0;0;1145.0;2001;19,6815;2009;1106;2009
1;3;17;17206;17206;Piancogno;;BS;0;0;4119.0;2001;14,3021;2009;4678;2009
1;3;18;18001;18001;Alagna;;PV;0;0;755.0;2001;8,3442;2009;904;2009
1;3;18;18002;18002;Albaredo Arnaboldi;;PV;0;0;205.0;2001;8,7558;2009;204;2009
1;3;18;18003;18003;Albonese;;PV;0;0;504.0;2001;4,3279;2009;581;2009
1;3;18;18004;18004;Albuzzano;;PV;0;0;2256.0;2001;15,4487;2009;3194;2009
1;3;18;18005;18005;Arena Po;;PV;0;0;1572.0;2001;22,4849;2009;1661;2009
1;3;18;18006;18006;Badia Pavese;;PV;0;0;394.0;2001;5,0572;2009;431;2009
1;3;18;18007;18007;Bagnaria;;PV;0;0;639.0;2001;16,6624;2009;687;2009
1;3;18;18008;18008;Barbianello;;PV;0;0;816.0;2001;11,7366;2009;857;2009
1;3;18;18009;18009;Bascapè;;PV;0;0;1504.0;2001;13,3380;2009;1705;2009
1;3;18;18010;18010;Bastida de' Dossi;;PV;0;0;199.0;2001;1,7079;2009;193;2009
1;3;18;18011;18011;Bastida Pancarana;;PV;0;0;894.0;2001;12,4742;2009;1040;2009
1;3;18;18012;18012;Battuda;;PV;0;0;352.0;2001;7,1426;2009;556;2009
1;3;18;18013;18013;Belgioioso;;PV;0;0;5357.0;2001;24,6977;2009;6283;2009
1;3;18;18014;18014;Bereguardo;;PV;0;0;2390.0;2001;17,8636;2009;2800;2009
1;3;18;18015;18015;Borgarello;;PV;0;0;1609.0;2001;4,8364;2009;2670;2009
1;3;18;18016;18016;Borgo Priolo;;PV;0;0;1405.0;2001;28,8094;2009;1389;2009
1;3;18;18017;18017;Borgoratto Mormorolo;;PV;0;0;434.0;2001;16,1043;2009;429;2009
1;3;18;18018;18018;Borgo San Siro;;PV;0;0;1023.0;2001;17,6391;2009;1150;2009
1;3;18;18019;18019;Bornasco;;PV;0;0;1677.0;2001;12,9286;2009;2575;2009
1;3;18;18020;18020;Bosnasco;;PV;0;0;600.0;2001;4,8351;2009;660;2009
1;3;18;18021;18021;Brallo di Pregola;;PV;0;0;930.0;2001;46,1504;2009;742;2009
1;3;18;18022;18022;Breme;;PV;0;0;936.0;2001;18,8102;2009;879;2009
1;3;18;18023;18023;Bressana Bottarone;;PV;0;0;3143.0;2001;12,6894;2009;3544;2009
1;3;18;18024;18024;Broni;;PV;0;0;9347.0;2001;21,0078;2009;9323;2009
1;3;18;18025;18025;Calvignano;;PV;0;0;130.0;2001;6,9837;2009;137;2009
1;3;18;18026;18026;Campospinoso;;PV;0;0;772.0;2001;3,5013;2009;908;2009
1;3;18;18027;18027;Candia Lomellina;;PV;0;0;1646.0;2001;27,8967;2009;1697;2009
1;3;18;18028;18028;Canevino;;PV;0;0;131.0;2001;4,8097;2009;115;2009
1;3;18;18029;18029;Canneto Pavese;;PV;0;0;1338.0;2001;5,8099;2009;1418;2009
1;3;18;18030;18030;Carbonara al Ticino;;PV;0;0;1289.0;2001;14,7807;2009;1536;2009
1;3;18;18031;18031;Casanova Lonati;;PV;0;0;427.0;2001;4,6302;2009;482;2009
1;3;18;18032;18032;Casatisma;;PV;0;0;856.0;2001;5,4774;2009;879;2009
1;3;18;18033;18033;Casei Gerola;;PV;0;0;2536.0;2001;24,8049;2009;2555;2009
1;3;18;18034;18034;Casorate Primo;;PV;0;0;7028.0;2001;9,7359;2009;8279;2009
1;3;18;18035;18035;Cassolnovo;;PV;0;0;5820.0;2001;31,7338;2009;6930;2009
1;3;18;18036;18036;Castana;;PV;0;0;754.0;2001;5,2679;2009;741;2009
1;3;18;18037;18037;Casteggio;;PV;0;0;6337.0;2001;17,6617;2009;6819;2009
1;3;18;18038;18038;Castelletto di Branduzzo;;PV;0;0;1023.0;2001;11,7982;2009;1033;2009
1;3;18;18039;18039;Castello d'Agogna;;PV;0;0;969.0;2001;10,7444;2009;1065;2009
1;3;18;18040;18040;Castelnovetto;;PV;0;0;643.0;2001;18,2141;2009;654;2009
1;3;18;18041;18041;Cava Manara;;PV;0;0;5321.0;2001;17,2591;2009;6540;2009
1;3;18;18042;18042;Cecima;;PV;0;0;276.0;2001;10,1232;2009;242;2009
1;3;18;18043;18043;Ceranova;;PV;0;0;1151.0;2001;4,5977;2009;1744;2009
1;3;18;18044;18044;Ceretto Lomellina;;PV;0;0;211.0;2001;7,3786;2009;212;2009
1;3;18;18045;18045;Cergnago;;PV;0;0;764.0;2001;13,5598;2009;756;2009
1;3;18;18046;18046;Certosa di Pavia;;PV;0;0;3320.0;2001;10,8579;2009;4659;2009
1;3;18;18047;18047;Cervesina;;PV;0;0;1200.0;2001;12,4109;2009;1204;2009
1;3;18;18048;18048;Chignolo Po;;PV;0;0;3234.0;2001;23,4120;2009;3944;2009
1;3;18;18049;18049;Cigognola;;PV;0;0;1367.0;2001;7,8349;2009;1393;2009
1;3;18;18050;18050;Cilavegna;;PV;0;0;4979.0;2001;18,0512;2009;5645;2009
1;3;18;18051;18051;Codevilla;;PV;0;0;917.0;2001;12,9552;2009;1012;2009
1;3;18;18052;18052;Confienza;;PV;0;0;1636.0;2001;26,8096;2009;1686;2009
1;3;18;18053;18053;Copiano;;PV;0;0;1364.0;2001;4,3401;2009;1721;2009
1;3;18;18054;18054;Corana;;PV;0;0;790.0;2001;12,8710;2009;776;2009
1;3;18;18055;18055;Cornale;;PV;0;0;734.0;2001;2,1138;2009;731;2009
1;3;18;18056;18056;Corteolona;;PV;0;0;1906.0;2001;10,0907;2009;2177;2009
1;3;18;18057;18057;Corvino San Quirico;;PV;0;0;1092.0;2001;4,4393;2009;1075;2009
1;3;18;18058;18058;Costa de' Nobili;;PV;0;0;370.0;2001;11,8242;2009;373;2009
1;3;18;18059;18059;Cozzo;;PV;0;0;432.0;2001;17,6095;2009;381;2009
1;3;18;18060;18060;Cura Carpignano;;PV;0;0;2145.0;2001;11,0766;2009;4081;2009
1;3;18;18061;18061;Dorno;;PV;0;0;4184.0;2001;30,5665;2009;4572;2009
1;3;18;18062;18062;Ferrera Erbognone;;PV;0;0;1103.0;2001;19,1708;2009;1138;2009
1;3;18;18063;18063;Filighera;;PV;0;0;843.0;2001;8,2478;2009;859;2009
1;3;18;18064;18064;Fortunago;;PV;0;0;420.0;2001;17,8364;2009;391;2009
1;3;18;18065;18065;Frascarolo;;PV;0;0;1321.0;2001;24,1744;2009;1245;2009
1;3;18;18066;18066;Galliavola;;PV;0;0;232.0;2001;9,2313;2009;235;2009
1;3;18;18067;18067;Gambarana;;PV;0;0;281.0;2001;11,7761;2009;260;2009
1;3;18;18068;18068;Gambolò;;PV;0;0;8323.0;2001;51,7030;2009;9880;2009
1;3;18;18069;18069;Garlasco;;PV;0;0;9207.0;2001;39,1760;2009;9760;2009
1;3;18;18070;18070;Genzone;;PV;0;0;345.0;2001;3,9957;2009;371;2009
1;3;18;18071;18071;Gerenzago;;PV;0;0;913.0;2001;5,4113;2009;1349;2009
1;3;18;18072;18072;Giussago;;PV;0;0;3915.0;2001;24,7503;2009;4843;2009
1;3;18;18073;18073;Godiasco;;PV;0;0;2806.0;2001;20,6127;2009;3159;2009
1;3;18;18074;18074;Golferenzo;;PV;0;0;233.0;2001;4,4203;2009;213;2009
1;3;18;18075;18075;Gravellona Lomellina;;PV;0;0;2173.0;2001;20,3452;2009;2609;2009
1;3;18;18076;18076;Gropello Cairoli;;PV;0;0;4105.0;2001;26,2160;2009;4596;2009
1;3;18;18077;18077;Inverno e Monteleone;;PV;0;0;1069.0;2001;9,6414;2009;1231;2009
1;3;18;18078;18078;Landriano;;PV;0;0;4171.0;2001;15,7000;2009;5823;2009
1;3;18;18079;18079;Langosco;;PV;0;0;458.0;2001;15,8212;2009;432;2009
1;3;18;18080;18080;Lardirago;;PV;0;0;1163.0;2001;5,3416;2009;1269;2009
1;3;18;18081;18081;Linarolo;;PV;0;0;2172.0;2001;13,1659;2009;2614;2009
1;3;18;18082;18082;Lirio;;PV;0;0;147.0;2001;1,7457;2009;143;2009
1;3;18;18083;18083;Lomello;;PV;0;0;2378.0;2001;22,3585;2009;2380;2009
1;3;18;18084;18084;Lungavilla;;PV;0;0;2154.0;2001;6,8204;2009;2332;2009
1;3;18;18085;18085;Magherno;;PV;0;0;1380.0;2001;5,2533;2009;1673;2009
1;3;18;18086;18086;Marcignago;;PV;0;0;1923.0;2001;10,1177;2009;2451;2009
1;3;18;18087;18087;Marzano;;PV;0;0;1025.0;2001;9,2895;2009;1550;2009
1;3;18;18088;18088;Mede;;PV;0;0;6924.0;2001;32,8943;2009;6998;2009
1;3;18;18089;18089;Menconico;;PV;0;0;494.0;2001;28,1371;2009;398;2009
1;3;18;18090;18090;Mezzana Bigli;;PV;0;0;1168.0;2001;19,0203;2009;1136;2009
1;3;18;18091;18091;Mezzana Rabattone;;PV;0;0;532.0;2001;7,0508;2009;515;2009
1;3;18;18092;18092;Mezzanino;;PV;0;0;1468.0;2001;12,5106;2009;1518;2009
1;3;18;18093;18093;Miradolo Terme;;PV;0;0;3177.0;2001;9,5559;2009;3721;2009
1;3;18;18094;18094;Montalto Pavese;;PV;0;0;963.0;2001;19,0651;2009;950;2009
1;3;18;18095;18095;Montebello della Battaglia;;PV;0;0;1647.0;2001;15,7416;2009;1716;2009
1;3;18;18096;18096;Montecalvo Versiggia;;PV;0;0;555.0;2001;11,4035;2009;577;2009
1;3;18;18097;18097;Montescano;;PV;0;0;379.0;2001;2,4139;2009;393;2009
1;3;18;18098;18098;Montesegale;;PV;0;0;319.0;2001;14,9744;2009;321;2009
1;3;18;18099;18099;Monticelli Pavese;;PV;0;0;667.0;2001;20,1883;2009;726;2009
1;3;18;18100;18100;Montù Beccaria;;PV;0;0;1683.0;2001;15,4933;2009;1727;2009
1;3;18;18101;18101;Mornico Losana;;PV;0;0;728.0;2001;8,2990;2009;729;2009
1;3;18;18102;18102;Mortara;;PV;0;0;14244.0;2001;51,9694;2009;15314;2009
1;3;18;18103;18103;Nicorvo;;PV;0;0;386.0;2001;8,0764;2009;367;2009
1;3;18;18104;18104;Olevano di Lomellina;;PV;0;0;771.0;2001;15,3810;2009;831;2009
1;3;18;18105;18105;Oliva Gessi;;PV;0;0;200.0;2001;3,9101;2009;182;2009
1;3;18;18106;18106;Ottobiano;;PV;0;0;1131.0;2001;24,9792;2009;1188;2009
1;3;18;18107;18107;Palestro;;PV;0;0;2014.0;2001;18,8066;2009;1962;2009
1;3;18;18108;18108;Pancarana;;PV;0;0;322.0;2001;6,1018;2009;328;2009
1;3;18;18109;18109;Parona;;PV;0;0;1698.0;2001;9,3011;2009;2035;2009
1;3;18;18110;18110;Pavia;;PV;1;0;71214.0;2001;63,2541;2009;69336;2009
1;3;18;18111;18111;Pietra de' Giorgi;;PV;0;0;875.0;2001;11,2072;2009;922;2009
1;3;18;18112;18112;Pieve Albignola;;PV;0;0;922.0;2001;18,1530;2009;923;2009
1;3;18;18113;18113;Pieve del Cairo;;PV;0;0;2166.0;2001;25,1053;2009;2162;2009
1;3;18;18114;18114;Pieve Porto Morone;;PV;0;0;2598.0;2001;16,3960;2009;2788;2009
1;3;18;18115;18115;Pinarolo Po;;PV;0;0;1568.0;2001;11,3078;2009;1716;2009
1;3;18;18116;18116;Pizzale;;PV;0;0;640.0;2001;7,0903;2009;729;2009
1;3;18;18117;18117;Ponte Nizza;;PV;0;0;864.0;2001;22,9573;2009;847;2009
1;3;18;18118;18118;Portalbera;;PV;0;0;1343.0;2001;4,4798;2009;1551;2009
1;3;18;18119;18119;Rea;;PV;0;0;498.0;2001;2,1588;2009;433;2009
1;3;18;18120;18120;Redavalle;;PV;0;0;1008.0;2001;5,4616;2009;1057;2009
1;3;18;18121;18121;Retorbido;;PV;0;0;1170.0;2001;11,6677;2009;1409;2009
1;3;18;18122;18122;Rivanazzano Terme;;PV;0;0;4429.0;2001;28,9155;2009;5108;2009
1;3;18;18123;18123;Robbio;;PV;0;0;6159.0;2001;40,5408;2009;6197;2009
1;3;18;18124;18124;Robecco Pavese;;PV;0;0;547.0;2001;6,8679;2009;567;2009
1;3;18;18125;18125;Rocca de' Giorgi;;PV;0;0;98.0;2001;10,4966;2009;76;2009
1;3;18;18126;18126;Rocca Susella;;PV;0;0;229.0;2001;12,7641;2009;244;2009
1;3;18;18127;18127;Rognano;;PV;0;0;194.0;2001;9,3647;2009;591;2009
1;3;18;18128;18128;Romagnese;;PV;0;0;909.0;2001;29,7133;2009;755;2009
1;3;18;18129;18129;Roncaro;;PV;0;0;626.0;2001;5,0510;2009;1236;2009
1;3;18;18130;18130;Rosasco;;PV;0;0;712.0;2001;19,5530;2009;684;2009
1;3;18;18131;18131;Rovescala;;PV;0;0;933.0;2001;8,4116;2009;939;2009
1;3;18;18132;18132;Ruino;;PV;0;0;811.0;2001;21,4420;2009;762;2009
1;3;18;18133;18133;San Cipriano Po;;PV;0;0;417.0;2001;8,5512;2009;499;2009
1;3;18;18134;18134;San Damiano al Colle;;PV;0;0;738.0;2001;6,4293;2009;733;2009
1;3;18;18135;18135;San Genesio ed Uniti;;PV;0;0;3396.0;2001;9,2686;2009;3852;2009
1;3;18;18136;18136;San Giorgio di Lomellina;;PV;0;0;1202.0;2001;25,4521;2009;1158;2009
1;3;18;18137;18137;San Martino Siccomario;;PV;0;0;5055.0;2001;14,2907;2009;5590;2009
1;3;18;18138;18138;Sannazzaro de' Burgondi;;PV;0;0;5802.0;2001;23,3323;2009;5852;2009
1;3;18;18139;18139;Santa Cristina e Bissone;;PV;0;0;1853.0;2001;22,4207;2009;2002;2009
1;3;18;18140;18140;Santa Giuletta;;PV;0;0;1615.0;2001;11,5912;2009;1697;2009
1;3;18;18141;18141;Sant'Alessio con Vialone;;PV;0;0;372.0;2001;6,5572;2009;760;2009
1;3;18;18142;18142;Santa Margherita di Staffora;;PV;0;0;617.0;2001;36,8988;2009;561;2009
1;3;18;18143;18143;Santa Maria della Versa;;PV;0;0;2584.0;2001;18,4715;2009;2540;2009
1;3;18;18144;18144;Sant'Angelo Lomellina;;PV;0;0;828.0;2001;10,4973;2009;848;2009
1;3;18;18145;18145;San Zenone al Po;;PV;0;0;521.0;2001;6,8928;2009;590;2009
1;3;18;18146;18146;Sartirana Lomellina;;PV;0;0;1900.0;2001;29,5419;2009;1811;2009
1;3;18;18147;18147;Scaldasole;;PV;0;0;885.0;2001;11,5741;2009;989;2009
1;3;18;18148;18148;Semiana;;PV;0;0;256.0;2001;9,7208;2009;256;2009
1;3;18;18149;18149;Silvano Pietra;;PV;0;0;703.0;2001;13,6711;2009;709;2009
1;3;18;18150;18150;Siziano;;PV;0;0;5226.0;2001;11,7879;2009;5754;2009
1;3;18;18151;18151;Sommo;;PV;0;0;1034.0;2001;14,8724;2009;1117;2009
1;3;18;18152;18152;Spessa;;PV;0;0;525.0;2001;12,2314;2009;591;2009
1;3;18;18153;18153;Stradella;;PV;0;0;10763.0;2001;18,7819;2009;11582;2009
1;3;18;18154;18154;Suardi;;PV;0;0;703.0;2001;9,8479;2009;674;2009
1;3;18;18155;18155;Torrazza Coste;;PV;0;0;1518.0;2001;16,2280;2009;1682;2009
1;3;18;18156;18156;Torre Beretti e Castellaro;;PV;0;0;558.0;2001;17,6600;2009;608;2009
1;3;18;18157;18157;Torre d'Arese;;PV;0;0;550.0;2001;4,4934;2009;962;2009
1;3;18;18158;18158;Torre de' Negri;;PV;0;0;365.0;2001;3,9980;2009;347;2009
1;3;18;18159;18159;Torre d'Isola;;PV;0;0;1857.0;2001;16,4385;2009;2309;2009
1;3;18;18160;18160;Torrevecchia Pia;;PV;0;0;2515.0;2001;16,5020;2009;3248;2009
1;3;18;18161;18161;Torricella Verzate;;PV;0;0;802.0;2001;3,6271;2009;828;2009
1;3;18;18162;18162;Travacò Siccomario;;PV;0;0;3580.0;2001;17,0437;2009;4047;2009
1;3;18;18163;18163;Trivolzio;;PV;0;0;1204.0;2001;3,8312;2009;1849;2009
1;3;18;18164;18164;Tromello;;PV;0;0;3409.0;2001;35,4982;2009;3777;2009
1;3;18;18165;18165;Trovo;;PV;0;0;647.0;2001;8,1548;2009;1007;2009
1;3;18;18166;18166;Val di Nizza;;PV;0;0;688.0;2001;29,6826;2009;680;2009
1;3;18;18167;18167;Valeggio;;PV;0;0;226.0;2001;9,8538;2009;240;2009
1;3;18;18168;18168;Valle Lomellina;;PV;0;0;2229.0;2001;27,2357;2009;2199;2009
1;3;18;18169;18169;Valle Salimbene;;PV;0;0;1353.0;2001;7,1612;2009;1501;2009
1;3;18;18170;18170;Valverde;;PV;0;0;341.0;2001;14,9834;2009;316;2009
1;3;18;18171;18171;Varzi;;PV;0;0;3539.0;2001;57,6122;2009;3397;2009
1;3;18;18172;18172;Velezzo Lomellina;;PV;0;0;103.0;2001;8,1723;2009;109;2009
1;3;18;18173;18173;Vellezzo Bellini;;PV;0;0;2251.0;2001;8,1961;2009;2990;2009
1;3;18;18174;18174;Verretto;;PV;0;0;324.0;2001;2,7086;2009;380;2009
1;3;18;18175;18175;Verrua Po;;PV;0;0;1323.0;2001;11,4404;2009;1319;2009
1;3;18;18176;18176;Vidigulfo;;PV;0;0;4231.0;2001;16,1425;2009;5889;2009
1;3;18;18177;18177;Vigevano;;PV;0;0;57450.0;2001;81,3639;2009;60746;2009
1;3;18;18178;18178;Villa Biscossi;;PV;0;0;73.0;2001;4,8781;2009;75;2009
1;3;18;18179;18179;Villanova d'Ardenghi;;PV;0;0;687.0;2001;6,6085;2009;772;2009
1;3;18;18180;18180;Villanterio;;PV;0;0;2657.0;2001;14,7786;2009;3121;2009
1;3;18;18181;18181;Vistarino;;PV;0;0;1118.0;2001;9,4896;2009;1593;2009
1;3;18;18182;18182;Voghera;;PV;0;0;38183.0;2001;63,4422;2009;38769;2009
1;3;18;18183;18183;Volpara;;PV;0;0;132.0;2001;3,7722;2009;132;2009
1;3;18;18184;18184;Zavattarello;;PV;0;0;1129.0;2001;28,3999;2009;1062;2009
1;3;18;18185;18185;Zeccone;;PV;0;0;1158.0;2001;5,5293;2009;1677;2009
1;3;18;18186;18186;Zeme;;PV;0;0;1197.0;2001;24,5828;2009;1142;2009
1;3;18;18187;18187;Zenevredo;;PV;0;0;453.0;2001;5,4037;2009;494;2009
1;3;18;18188;18188;Zerbo;;PV;0;0;466.0;2001;6,3613;2009;463;2009
1;3;18;18189;18189;Zerbolò;;PV;0;0;1216.0;2001;37,1915;2009;1625;2009
1;3;18;18190;18190;Zinasco;;PV;0;0;2950.0;2001;29,7500;2009;3155;2009
1;3;19;19001;19001;Acquanegra Cremonese;;CR;0;0;1226.0;2001;9,2161;2009;1275;2009
1;3;19;19002;19002;Agnadello;;CR;0;0;2980.0;2001;12,0775;2009;3722;2009
1;3;19;19003;19003;Annicco;;CR;0;0;1897.0;2001;19,1983;2009;2079;2009
1;3;19;19004;19004;Azzanello;;CR;0;0;670.0;2001;11,1210;2009;701;2009
1;3;19;19005;19005;Bagnolo Cremasco;;CR;0;0;4523.0;2001;10,3878;2009;4810;2009
1;3;19;19006;19006;Bonemerse;;CR;0;0;1104.0;2001;5,9008;2009;1460;2009
1;3;19;19007;19007;Bordolano;;CR;0;0;567.0;2001;8,1424;2009;603;2009
1;3;19;19008;19008;Ca' d'Andrea;;CR;0;0;537.0;2001;17,1071;2009;492;2009
1;3;19;19009;19009;Calvatone;;CR;0;0;1248.0;2001;13,6996;2009;1260;2009
1;3;19;19010;19010;Camisano;;CR;0;0;1225.0;2001;10,9506;2009;1333;2009
1;3;19;19011;19011;Campagnola Cremasca;;CR;0;0;606.0;2001;4,6407;2009;696;2009
1;3;19;19012;19012;Capergnanica;;CR;0;0;1609.0;2001;6,8381;2009;2059;2009
1;3;19;19013;19013;Cappella Cantone;;CR;0;0;534.0;2001;13,1471;2009;587;2009
1;3;19;19014;19014;Cappella de' Picenardi;;CR;0;0;424.0;2001;14,1977;2009;444;2009
1;3;19;19015;19015;Capralba;;CR;0;0;2092.0;2001;13,4543;2009;2470;2009
1;3;19;19016;19016;Casalbuttano ed Uniti;;CR;0;0;4093.0;2001;22,8750;2009;4105;2009
1;3;19;19017;19017;Casale Cremasco-Vidolasco;;CR;0;0;1546.0;2001;9,1935;2009;1847;2009
1;3;19;19018;19018;Casaletto Ceredano;;CR;0;0;1097.0;2001;6,5180;2009;1164;2009
1;3;19;19019;19019;Casaletto di Sopra;;CR;0;0;586.0;2001;8,6570;2009;544;2009
1;3;19;19020;19020;Casaletto Vaprio;;CR;0;0;1314.0;2001;5,4018;2009;1752;2009
1;3;19;19021;19021;Casalmaggiore;;CR;0;0;13818.0;2001;64,5341;2009;14878;2009
1;3;19;19022;19022;Casalmorano;;CR;0;0;1653.0;2001;12,2823;2009;1688;2009
1;3;19;19023;19023;Casteldidone;;CR;0;0;569.0;2001;10,7893;2009;579;2009
1;3;19;19024;19024;Castel Gabbiano;;CR;0;0;392.0;2001;5,7877;2009;467;2009
1;3;19;19025;19025;Castelleone;;CR;0;0;8934.0;2001;45,0774;2009;9620;2009
1;3;19;19026;19026;Castelverde;;CR;0;0;4921.0;2001;30,8999;2009;5552;2009
1;3;19;19027;19027;Castelvisconti;;CR;0;0;350.0;2001;9,7571;2009;350;2009
1;3;19;19028;19028;Cella Dati;;CR;0;0;584.0;2001;18,9178;2009;545;2009
1;3;19;19029;19029;Chieve;;CR;0;0;1715.0;2001;6,1934;2009;2210;2009
1;3;19;19030;19030;Cicognolo;;CR;0;0;850.0;2001;6,9629;2009;944;2009
1;3;19;19031;19031;Cingia de' Botti;;CR;0;0;1277.0;2001;14,3600;2009;1326;2009
1;3;19;19032;19032;Corte de' Cortesi con Cignone;;CR;0;0;993.0;2001;12,8526;2009;1121;2009
1;3;19;19033;19033;Corte de' Frati;;CR;0;0;1368.0;2001;20,4080;2009;1432;2009
1;3;19;19034;19034;Credera Rubbiano;;CR;0;0;1621.0;2001;14,1284;2009;1633;2009
1;3;19;19035;19035;Crema;;CR;0;0;32981.0;2001;34,5182;2009;33246;2009
1;3;19;19036;19036;Cremona;;CR;1;0;70887.0;2001;70,4818;2009;71014;2009
1;3;19;19037;19037;Cremosano;;CR;0;0;1162.0;2001;5,7577;2009;1457;2009
1;3;19;19038;19038;Crotta d'Adda;;CR;0;0;670.0;2001;12,9370;2009;669;2009
1;3;19;19039;19039;Cumignano sul Naviglio;;CR;0;0;402.0;2001;6,7740;2009;420;2009
1;3;19;19040;19040;Derovere;;CR;0;0;350.0;2001;9,9906;2009;336;2009
1;3;19;19041;19041;Dovera;;CR;0;0;3494.0;2001;20,6525;2009;3879;2009
1;3;19;19042;19042;Drizzona;;CR;0;0;551.0;2001;11,7212;2009;544;2009
1;3;19;19043;19043;Fiesco;;CR;0;0;861.0;2001;8,1938;2009;1165;2009
1;3;19;19044;19044;Formigara;;CR;0;0;1138.0;2001;12,6431;2009;1149;2009
1;3;19;19045;19045;Gabbioneta-Binanuova;;CR;0;0;968.0;2001;15,7072;2009;965;2009
1;3;19;19046;19046;Gadesco-Pieve Delmona;;CR;0;0;1634.0;2001;17,1013;2009;1970;2009
1;3;19;19047;19047;Genivolta;;CR;0;0;1085.0;2001;18,5732;2009;1182;2009
1;3;19;19048;19048;Gerre de' Caprioli;;CR;0;0;895.0;2001;7,7178;2009;1323;2009
1;3;19;19049;19049;Gombito;;CR;0;0;614.0;2001;9,2763;2009;656;2009
1;3;19;19050;19050;Grontardo;;CR;0;0;1301.0;2001;12,2582;2009;1459;2009
1;3;19;19051;19051;Grumello Cremonese ed Uniti;;CR;0;0;1910.0;2001;22,2896;2009;1938;2009
1;3;19;19052;19052;Gussola;;CR;0;0;2800.0;2001;25,2234;2009;2939;2009
1;3;19;19053;19053;Isola Dovarese;;CR;0;0;1243.0;2001;9,4655;2009;1218;2009
1;3;19;19054;19054;Izano;;CR;0;0;1687.0;2001;6,1916;2009;2048;2009
1;3;19;19055;19055;Madignano;;CR;0;0;2879.0;2001;10,7616;2009;3028;2009
1;3;19;19056;19056;Malagnino;;CR;0;0;1145.0;2001;10,8225;2009;1378;2009
1;3;19;19057;19057;Martignana di Po;;CR;0;0;1258.0;2001;14,9196;2009;1794;2009
1;3;19;19058;19058;Monte Cremasco;;CR;0;0;1923.0;2001;2,3428;2009;2307;2009
1;3;19;19059;19059;Montodine;;CR;0;0;2217.0;2001;11,3944;2009;2563;2009
1;3;19;19060;19060;Moscazzano;;CR;0;0;785.0;2001;8,1532;2009;819;2009
1;3;19;19061;19061;Motta Baluffi;;CR;0;0;968.0;2001;16,4664;2009;1005;2009
1;3;19;19062;19062;Offanengo;;CR;0;0;5511.0;2001;12,5835;2009;5750;2009
1;3;19;19063;19063;Olmeneta;;CR;0;0;931.0;2001;9,1541;2009;969;2009
1;3;19;19064;19064;Ostiano;;CR;0;0;3018.0;2001;19,4890;2009;3028;2009
1;3;19;19065;19065;Paderno Ponchielli;;CR;0;0;1521.0;2001;23,9619;2009;1472;2009
1;3;19;19066;19066;Palazzo Pignano;;CR;0;0;3590.0;2001;8,8208;2009;3859;2009
1;3;19;19067;19067;Pandino;;CR;0;0;7802.0;2001;22,2953;2009;8979;2009
1;3;19;19068;19068;Persico Dosimo;;CR;0;0;2657.0;2001;20,6081;2009;3376;2009
1;3;19;19069;19069;Pescarolo ed Uniti;;CR;0;0;1485.0;2001;16,5434;2009;1630;2009
1;3;19;19070;19070;Pessina Cremonese;;CR;0;0;755.0;2001;22,0166;2009;706;2009
1;3;19;19071;19071;Piadena;;CR;0;0;3516.0;2001;19,9694;2009;3713;2009
1;3;19;19072;19072;Pianengo;;CR;0;0;2370.0;2001;5,7631;2009;2555;2009
1;3;19;19073;19073;Pieranica;;CR;0;0;900.0;2001;2,7288;2009;1167;2009
1;3;19;19074;19074;Pieve d'Olmi;;CR;0;0;1170.0;2001;19,4355;2009;1278;2009
1;3;19;19075;19075;Pieve San Giacomo;;CR;0;0;1424.0;2001;14,8500;2009;1598;2009
1;3;19;19076;19076;Pizzighettone;;CR;0;0;6785.0;2001;32,0610;2009;6722;2009
1;3;19;19077;19077;Pozzaglio ed Uniti;;CR;0;0;1202.0;2001;20,4015;2009;1414;2009
1;3;19;19078;19078;Quintano;;CR;0;0;702.0;2001;2,8622;2009;917;2009
1;3;19;19079;19079;Ricengo;;CR;0;0;1235.0;2001;12,5383;2009;1745;2009
1;3;19;19080;19080;Ripalta Arpina;;CR;0;0;953.0;2001;6,9563;2009;1058;2009
1;3;19;19081;19081;Ripalta Cremasca;;CR;0;0;3062.0;2001;11,7794;2009;3344;2009
1;3;19;19082;19082;Ripalta Guerina;;CR;0;0;436.0;2001;2,9739;2009;510;2009
1;3;19;19083;19083;Rivarolo del Re ed Uniti;;CR;0;0;1919.0;2001;27,3332;2009;2057;2009
1;3;19;19084;19084;Rivolta d'Adda;;CR;0;0;7012.0;2001;30,4011;2009;7841;2009
1;3;19;19085;19085;Robecco d'Oglio;;CR;0;0;2245.0;2001;17,9631;2009;2382;2009
1;3;19;19086;19086;Romanengo;;CR;0;0;2517.0;2001;15,0470;2009;3011;2009
1;3;19;19087;19087;Salvirola;;CR;0;0;933.0;2001;7,3647;2009;1168;2009
1;3;19;19088;19088;San Bassano;;CR;0;0;2060.0;2001;13,9264;2009;2193;2009
1;3;19;19089;19089;San Daniele Po;;CR;0;0;1479.0;2001;22,6828;2009;1455;2009
1;3;19;19090;19090;San Giovanni in Croce;;CR;0;0;1543.0;2001;16,2144;2009;1906;2009
1;3;19;19091;19091;San Martino del Lago;;CR;0;0;476.0;2001;10,3799;2009;493;2009
1;3;19;19092;19092;Scandolara Ravara;;CR;0;0;1585.0;2001;17,0761;2009;1499;2009
1;3;19;19093;19093;Scandolara Ripa d'Oglio;;CR;0;0;636.0;2001;5,7202;2009;629;2009
1;3;19;19094;19094;Sergnano;;CR;0;0;3067.0;2001;12,3092;2009;3660;2009
1;3;19;19095;19095;Sesto ed Uniti;;CR;0;0;2808.0;2001;26,4937;2009;3014;2009
1;3;19;19096;19096;Solarolo Rainerio;;CR;0;0;989.0;2001;11,4254;2009;1032;2009
1;3;19;19097;19097;Soncino;;CR;0;0;7312.0;2001;45,3201;2009;7753;2009
1;3;19;19098;19098;Soresina;;CR;0;0;8644.0;2001;28,5681;2009;9085;2009
1;3;19;19099;19099;Sospiro;;CR;0;0;3255.0;2001;18,9595;2009;3167;2009
1;3;19;19100;19100;Spinadesco;;CR;0;0;1535.0;2001;17,2090;2009;1626;2009
1;3;19;19101;19101;Spineda;;CR;0;0;620.0;2001;10,1073;2009;635;2009
1;3;19;19102;19102;Spino d'Adda;;CR;0;0;5905.0;2001;20,0196;2009;6850;2009
1;3;19;19103;19103;Stagno Lombardo;;CR;0;0;1457.0;2001;40,2009;2009;1517;2009
1;3;19;19104;19104;Ticengo;;CR;0;0;430.0;2001;7,9819;2009;451;2009
1;3;19;19105;19105;Torlino Vimercati;;CR;0;0;296.0;2001;5,7693;2009;442;2009
1;3;19;19106;19106;Tornata;;CR;0;0;521.0;2001;10,1654;2009;521;2009
1;3;19;19107;19107;Torre de' Picenardi;;CR;0;0;1841.0;2001;17,1215;2009;1808;2009
1;3;19;19108;19108;Torricella del Pizzo;;CR;0;0;721.0;2001;23,2196;2009;698;2009
1;3;19;19109;19109;Trescore Cremasco;;CR;0;0;2374.0;2001;5,9180;2009;2912;2009
1;3;19;19110;19110;Trigolo;;CR;0;0;1680.0;2001;16,0610;2009;1741;2009
1;3;19;19111;19111;Vaiano Cremasco;;CR;0;0;3622.0;2001;6,1516;2009;3897;2009
1;3;19;19112;19112;Vailate;;CR;0;0;3973.0;2001;9,6926;2009;4490;2009
1;3;19;19113;19113;Vescovato;;CR;0;0;3656.0;2001;17,4365;2009;3913;2009
1;3;19;19114;19114;Volongo;;CR;0;0;620.0;2001;8,1205;2009;561;2009
1;3;19;19115;19115;Voltido;;CR;0;0;452.0;2001;12,2425;2009;433;2009
1;3;20;20001;20001;Acquanegra sul Chiese;;MN;0;0;2936.0;2001;28,0142;2009;3016;2009
1;3;20;20002;20002;Asola;;MN;0;0;9470.0;2001;73,4815;2009;10041;2009
1;3;20;20003;20003;Bagnolo San Vito;;MN;0;0;5432.0;2001;49,2218;2009;5891;2009
1;3;20;20004;20004;Bigarello;;MN;0;0;1629.0;2001;27,0067;2009;2068;2009
1;3;20;20005;20005;Borgoforte;;MN;0;0;3278.0;2001;39,0690;2009;3496;2009
1;3;20;20006;20006;Borgofranco sul Po;;MN;0;0;896.0;2001;15,0661;2009;852;2009
1;3;20;20007;20007;Bozzolo;;MN;0;0;4086.0;2001;18,8219;2009;4124;2009
1;3;20;20008;20008;Canneto sull'Oglio;;MN;0;0;4543.0;2001;25,8664;2009;4557;2009
1;3;20;20009;20009;Carbonara di Po;;MN;0;0;1332.0;2001;15,4259;2009;1346;2009
1;3;20;20010;20010;Casalmoro;;MN;0;0;2049.0;2001;13,6958;2009;2255;2009
1;3;20;20011;20011;Casaloldo;;MN;0;0;2174.0;2001;16,8495;2009;2608;2009
1;3;20;20012;20012;Casalromano;;MN;0;0;1468.0;2001;12,0306;2009;1574;2009
1;3;20;20013;20013;Castelbelforte;;MN;0;0;2609.0;2001;22,3399;2009;2953;2009
1;3;20;20014;20014;Castel d'Ario;;MN;0;0;4231.0;2001;22,5751;2009;4852;2009
1;3;20;20015;20015;Castel Goffredo;;MN;0;0;9829.0;2001;42,4042;2009;11672;2009
1;3;20;20016;20016;Castellucchio;;MN;0;0;4883.0;2001;46,3392;2009;5048;2009
1;3;20;20017;20017;Castiglione delle Stiviere;;MN;0;0;18428.0;2001;42,0224;2009;21877;2009
1;3;20;20018;20018;Cavriana;;MN;0;0;3668.0;2001;36,9096;2009;3852;2009
1;3;20;20019;20019;Ceresara;;MN;0;0;2462.0;2001;37,3082;2009;2666;2009
1;3;20;20020;20020;Commessaggio;;MN;0;0;1160.0;2001;11,6487;2009;1174;2009
1;3;20;20021;20021;Curtatone;;MN;0;0;12354.0;2001;67,1670;2009;14185;2009
1;3;20;20022;20022;Dosolo;;MN;0;0;3104.0;2001;25,5305;2009;3404;2009
1;3;20;20023;20023;Felonica;;MN;0;0;1649.0;2001;22,7729;2009;1482;2009
1;3;20;20024;20024;Gazoldo degli Ippoliti;;MN;0;0;2525.0;2001;13,0314;2009;2962;2009
1;3;20;20025;20025;Gazzuolo;;MN;0;0;2462.0;2001;22,4871;2009;2404;2009
1;3;20;20026;20026;Goito;;MN;0;0;9559.0;2001;79,2204;2009;10174;2009
1;3;20;20027;20027;Gonzaga;;MN;0;0;8054.0;2001;49,9966;2009;9227;2009
1;3;20;20028;20028;Guidizzolo;;MN;0;0;5178.0;2001;22,3783;2009;6070;2009
1;3;20;20029;20029;Magnacavallo;;MN;0;0;1781.0;2001;28,2002;2009;1706;2009
1;3;20;20030;20030;Mantova;;MN;1;0;47790.0;2001;63,8062;2009;47157;2009
1;3;20;20031;20031;Marcaria;;MN;0;0;6974.0;2001;89,7890;2009;7025;2009
1;3;20;20032;20032;Mariana Mantovana;;MN;0;0;594.0;2001;8,9126;2009;717;2009
1;3;20;20033;20033;Marmirolo;;MN;0;0;7246.0;2001;42,0156;2009;7680;2009
1;3;20;20034;20034;Medole;;MN;0;0;3317.0;2001;25,7286;2009;3935;2009
1;3;20;20035;20035;Moglia;;MN;0;0;5666.0;2001;31,8334;2009;5852;2009
1;3;20;20036;20036;Monzambano;;MN;0;0;4549.0;2001;30,0160;2009;4797;2009
1;3;20;20037;20037;Motteggiana;;MN;0;0;1960.0;2001;24,7898;2009;2553;2009
1;3;20;20038;20038;Ostiglia;;MN;0;0;7210.0;2001;39,8339;2009;7088;2009
1;3;20;20039;20039;Pegognaga;;MN;0;0;6618.0;2001;46,5687;2009;7353;2009
1;3;20;20040;20040;Pieve di Coriano;;MN;0;0;832.0;2001;12,7324;2009;1037;2009
1;3;20;20041;20041;Piubega;;MN;0;0;1630.0;2001;16,5877;2009;1761;2009
1;3;20;20042;20042;Poggio Rusco;;MN;0;0;6297.0;2001;42,2586;2009;6575;2009
1;3;20;20043;20043;Pomponesco;;MN;0;0;1555.0;2001;12,5518;2009;1777;2009
1;3;20;20044;20044;Ponti sul Mincio;;MN;0;0;1912.0;2001;11,7187;2009;2273;2009
1;3;20;20045;20045;Porto Mantovano;;MN;0;0;13878.0;2001;37,4430;2009;15769;2009
1;3;20;20046;20046;Quingentole;;MN;0;0;1235.0;2001;14,3788;2009;1189;2009
1;3;20;20047;20047;Quistello;;MN;0;0;5871.0;2001;45,4355;2009;5767;2009
1;3;20;20048;20048;Redondesco;;MN;0;0;1387.0;2001;19,0358;2009;1341;2009
1;3;20;20049;20049;Revere;;MN;0;0;2485.0;2001;14,1481;2009;2553;2009
1;3;20;20050;20050;Rivarolo Mantovano;;MN;0;0;2792.0;2001;25,5452;2009;2670;2009
1;3;20;20051;20051;Rodigo;;MN;0;0;5023.0;2001;41,6105;2009;5383;2009
1;3;20;20052;20052;Roncoferraro;;MN;0;0;6604.0;2001;63,4216;2009;7243;2009
1;3;20;20053;20053;Roverbella;;MN;0;0;7693.0;2001;62,9847;2009;8424;2009
1;3;20;20054;20054;Sabbioneta;;MN;0;0;4288.0;2001;37,2701;2009;4371;2009
1;3;20;20055;20055;San Benedetto Po;;MN;0;0;7502.0;2001;69,9405;2009;7715;2009
1;3;20;20056;20056;San Giacomo delle Segnate;;MN;0;0;1704.0;2001;15,9671;2009;1772;2009
1;3;20;20057;20057;San Giorgio di Mantova;;MN;0;0;7542.0;2001;24,5304;2009;9355;2009
1;3;20;20058;20058;San Giovanni del Dosso;;MN;0;0;1180.0;2001;15,3852;2009;1281;2009
1;3;20;20059;20059;San Martino dall'Argine;;MN;0;0;1857.0;2001;16,9393;2009;1830;2009
1;3;20;20060;20060;Schivenoglia;;MN;0;0;1234.0;2001;12,9551;2009;1273;2009
1;3;20;20061;20061;Sermide;;MN;0;0;6486.0;2001;57,0443;2009;6327;2009
1;3;20;20062;20062;Serravalle a Po;;MN;0;0;1722.0;2001;26,2015;2009;1663;2009
1;3;20;20063;20063;Solferino;;MN;0;0;2294.0;2001;13,0834;2009;2717;2009
1;3;20;20064;20064;Sustinente;;MN;0;0;2266.0;2001;26,2712;2009;2214;2009
1;3;20;20065;20065;Suzzara;;MN;0;0;17643.0;2001;60,8966;2009;20218;2009
1;3;20;20066;20066;Viadana;;MN;0;0;16933.0;2001;103,8411;2009;19076;2009
1;3;20;20067;20067;Villa Poma;;MN;0;0;2036.0;2001;14,2882;2009;2067;2009
1;3;20;20068;20068;Villimpenta;;MN;0;0;2105.0;2001;14,8397;2009;2227;2009
1;3;20;20069;20069;Virgilio;;MN;0;0;10023.0;2001;31,2024;2009;11028;2009
1;3;20;20070;20070;Volta Mantovana;;MN;0;0;6628.0;2001;50,4845;2009;7277;2009
2;4;21;21001;21001;Aldino/Aldein;Aldein;BZ;0;0;1656.0;2001;62,5642;2009;1657;2009
2;4;21;21002;21002;Andriano/Andrian;Andrian;BZ;0;0;794.0;2001;4,8331;2009;1029;2009
2;4;21;21003;21003;Anterivo/Altrei;Altrei;BZ;0;0;387.0;2001;11,0459;2009;383;2009
2;4;21;21004;21004;Appiano sulla strada del vino/Eppan an der Weinstraße;Eppan an der Weinstraße;BZ;0;0;12657.0;2001;59,8938;2009;13827;2009
2;4;21;21005;21005;Avelengo/Hafling;Hafling;BZ;0;0;709.0;2001;27,3240;2009;733;2009
2;4;21;21006;21006;Badia/Abtei;Abtei;BZ;0;0;3015.0;2001;83,1045;2009;3354;2009
2;4;21;21007;21007;Barbiano/Barbian;Barbian;BZ;0;0;1520.0;2001;24,6036;2009;1589;2009
2;4;21;21008;21008;Bolzano/Bozen;Bozen;BZ;1;0;94989.0;2001;52,1919;2009;101900;2009
2;4;21;21009;21009;Braies/Prags;Prags;BZ;0;0;633.0;2001;90,1364;2009;663;2009
2;4;21;21010;21010;Brennero/Brenner;Brenner;BZ;0;0;2066.0;2001;114,1440;2009;2119;2009
2;4;21;21011;21011;Bressanone/Brixen;Brixen;BZ;0;0;18359.0;2001;84,5765;2009;20458;2009
2;4;21;21012;21012;Bronzolo/Branzoll;Branzoll;BZ;0;0;2293.0;2001;7,4802;2009;2656;2009
2;4;21;21013;21013;Brunico/Bruneck;Bruneck;BZ;0;0;13618.0;2001;45,0587;2009;15285;2009
2;4;21;21014;21014;Caines/Kuens;Kuens;BZ;0;0;318.0;2001;1,6620;2009;396;2009
2;4;21;21015;21015;Caldaro sulla strada del vino/Kaltern an der Weinstraße;Kaltern an der Weinstraße;BZ;0;0;6852.0;2001;47,6218;2009;7565;2009
2;4;21;21016;21016;Campo di Trens/Freienfeld;Freienfeld;BZ;0;0;2458.0;2001;95,3939;2009;2675;2009
2;4;21;21017;21017;Campo Tures/Sand in Taufers;Sand in Taufers;BZ;0;0;4880.0;2001;164,0238;2009;5231;2009
2;4;21;21018;21018;Castelbello-Ciardes/Kastelbell-Tschars;Kastelbell-Tschars;BZ;0;0;2328.0;2001;53,7990;2009;2381;2009
2;4;21;21019;21019;Castelrotto/Kastelruth;Kastelruth;BZ;0;0;5994.0;2001;118,1405;2009;6449;2009
2;4;21;21020;21020;Cermes/Tscherms;Tscherms;BZ;0;0;1228.0;2001;6,7048;2009;1386;2009
2;4;21;21021;21021;Chienes/Kiens;Kiens;BZ;0;0;2641.0;2001;33,7318;2009;2711;2009
2;4;21;21022;21022;Chiusa/Klausen;Klausen;BZ;0;0;4613.0;2001;51,0177;2009;5143;2009
2;4;21;21023;21023;Cornedo all'Isarco/Karneid;Karneid;BZ;0;0;3113.0;2001;40,5323;2009;3327;2009
2;4;21;21024;21024;Cortaccia sulla strada del vino/Kurtatsch an der Weinstraße;Kurtatsch an der Weinstraße;BZ;0;0;2085.0;2001;29,1621;2009;2245;2009
2;4;21;21025;21025;Cortina sulla strada del vino/Kurtinig an der Weinstraße;Kurtinig an der Weinstraße;BZ;0;0;594.0;2001;2,0147;2009;643;2009
2;4;21;21026;21026;Corvara in Badia/Corvara;Corvara;BZ;0;0;1266.0;2001;38,8833;2009;1298;2009
2;4;21;21027;21027;Curon Venosta/Graun im Vinschgau;Graun im Vinschgau;BZ;0;0;2379.0;2001;209,4115;2009;2438;2009
2;4;21;21028;21028;Dobbiaco/Toblach;Toblach;BZ;0;0;3240.0;2001;125,1891;2009;3258;2009
2;4;21;21029;21029;Egna/Neumarkt;Neumarkt;BZ;0;0;4339.0;2001;23,6161;2009;4916;2009
2;4;21;21030;21030;Falzes/Pfalzen;Pfalzen;BZ;0;0;2255.0;2001;33,0870;2009;2558;2009
2;4;21;21031;21031;Fiè allo Sciliar/Völs am Schlern;Völs am Schlern;BZ;0;0;3038.0;2001;43,9202;2009;3422;2009
2;4;21;21032;21032;Fortezza/Franzensfeste;Franzensfeste;BZ;0;0;892.0;2001;61,7661;2009;974;2009
2;4;21;21033;21033;Funes/Villnöß;Villnöß;BZ;0;0;2379.0;2001;81,2975;2009;2534;2009
2;4;21;21034;21034;Gais/Gais;Gais;BZ;0;0;2865.0;2001;60,5692;2009;3150;2009
2;4;21;21035;21035;Gargazzone/Gargazon;Gargazon;BZ;0;0;1366.0;2001;4,9811;2009;1587;2009
2;4;21;21036;21036;Glorenza/Glurns;Glurns;BZ;0;0;883.0;2001;13,2416;2009;856;2009
2;4;21;21037;21037;Laces/Latsch;Latsch;BZ;0;0;4870.0;2001;78,6231;2009;5144;2009
2;4;21;21038;21038;Lagundo/Algund;Algund;BZ;0;0;4169.0;2001;23,5937;2009;4771;2009
2;4;21;21039;21039;Laion/Lajen;Lajen;BZ;0;0;2261.0;2001;37,2737;2009;2597;2009
2;4;21;21040;21040;Laives/Leifers;Leifers;BZ;0;0;15069.0;2001;24,2114;2009;16765;2009
2;4;21;21041;21041;Lana/Lana;Lana;BZ;0;0;9759.0;2001;35,9142;2009;11088;2009
2;4;21;21042;21042;Lasa/Laas;Laas;BZ;0;0;3700.0;2001;110,2586;2009;3886;2009
2;4;21;21043;21043;Lauregno/Laurein;Laurein;BZ;0;0;361.0;2001;13,9038;2009;363;2009
2;4;21;21044;21044;Luson/Lüsen;Lüsen;BZ;0;0;1455.0;2001;74,3816;2009;1544;2009
2;4;21;21045;21045;Magrè sulla strada del vino/Margreid an der Weinstraße;Margreid an der Weinstraße;BZ;0;0;1181.0;2001;13,8880;2009;1297;2009
2;4;21;21046;21046;Malles Venosta/Mals;Mals;BZ;0;0;4835.0;2001;247,4751;2009;5023;2009
2;4;21;21047;21047;Marebbe/Enneberg;Enneberg;BZ;0;0;2682.0;2001;160,2918;2009;2877;2009
2;4;21;21048;21048;Marlengo/Marling;Marling;BZ;0;0;2197.0;2001;12,8067;2009;2479;2009
2;4;21;21049;21049;Martello/Martell;Martell;BZ;0;0;891.0;2001;142,8689;2009;870;2009
2;4;21;21050;21050;Meltina/Mölten;Mölten;BZ;0;0;1447.0;2001;37,1192;2009;1614;2009
2;4;21;21051;21051;Merano/Meran;Meran;BZ;0;0;33656.0;2001;26,4986;2009;36935;2009
2;4;21;21052;21052;Monguelfo-Tesido/Welsberg-Taisten;Welsberg-Taisten;BZ;0;0;2528.0;2001;46,5542;2009;2799;2009
2;4;21;21053;21053;Montagna/Montan;Montan;BZ;0;0;1480.0;2001;19,5522;2009;1595;2009
2;4;21;21054;21054;Moso in Passiria/Moos in Passeier;Moos in Passeier;BZ;0;0;2170.0;2001;193,3774;2009;2201;2009
2;4;21;21055;21055;Nalles/Nals;Nals;BZ;0;0;1577.0;2001;12,1965;2009;1752;2009
2;4;21;21056;21056;Naturno/Naturns;Naturns;BZ;0;0;5089.0;2001;67,2569;2009;5431;2009
2;4;21;21057;21057;Naz-Sciaves/Natz-Schabs;Natz-Schabs;BZ;0;0;2430.0;2001;16,2859;2009;2889;2009
2;4;21;21058;21058;Nova Levante/Welschnofen;Welschnofen;BZ;0;0;1825.0;2001;50,9595;2009;1920;2009
2;4;21;21059;21059;Nova Ponente/Deutschnofen;Deutschnofen;BZ;0;0;3565.0;2001;112,6846;2009;3854;2009
2;4;21;21060;21060;Ora/Auer;Auer;BZ;0;0;3022.0;2001;11,8163;2009;3522;2009
2;4;21;21061;21061;Ortisei/St. Ulrich;St. Ulrich;BZ;0;0;4484.0;2001;24,1710;2009;4574;2009
2;4;21;21062;21062;Parcines/Partschins;Partschins;BZ;0;0;3192.0;2001;55,4018;2009;3465;2009
2;4;21;21063;21063;Perca/Percha;Percha;BZ;0;0;1313.0;2001;30,3951;2009;1419;2009
2;4;21;21064;21064;Plaus/Plaus;Plaus;BZ;0;0;547.0;2001;4,8555;2009;681;2009
2;4;21;21065;21065;Ponte Gardena/Waidbruck;Waidbruck;BZ;0;0;181.0;2001;2,3031;2009;180;2009
2;4;21;21066;21066;Postal/Burgstall;Burgstall;BZ;0;0;1435.0;2001;6,6269;2009;1732;2009
2;4;21;21067;21067;Prato allo Stelvio/Prad am Stilfserjoch;Prad am Stilfserjoch;BZ;0;0;3140.0;2001;50,9030;2009;3351;2009
2;4;21;21068;21068;Predoi/Prettau;Prettau;BZ;0;0;633.0;2001;86,2454;2009;589;2009
2;4;21;21069;21069;Proves/Proveis;Proveis;BZ;0;0;288.0;2001;18,3788;2009;274;2009
2;4;21;21070;21070;Racines/Ratschings;Ratschings;BZ;0;0;4010.0;2001;202,9478;2009;4329;2009
2;4;21;21071;21071;Rasun-Anterselva/Rasen-Antholz;Rasen-Antholz;BZ;0;0;2700.0;2001;121,4705;2009;2870;2009
2;4;21;21072;21072;Renon/Ritten;Ritten;BZ;0;0;6993.0;2001;111,3640;2009;7501;2009
2;4;21;21073;21073;Rifiano/Riffian;Riffian;BZ;0;0;1192.0;2001;35,9928;2009;1288;2009
2;4;21;21074;21074;Rio di Pusteria/Mühlbach;Mühlbach;BZ;0;0;2640.0;2001;83,6500;2009;2827;2009
2;4;21;21075;21075;Rodengo/Rodeneck;Rodeneck;BZ;0;0;1157.0;2001;29,6357;2009;1186;2009
2;4;21;21076;21076;Salorno/Salurn;Salurn;BZ;0;0;2938.0;2001;33,2044;2009;3505;2009
2;4;21;21077;21077;San Candido/Innichen;Innichen;BZ;0;0;3107.0;2001;79,9557;2009;3212;2009
2;4;21;21079;21079;San Genesio Atesino/Jenesien;Jenesien;BZ;0;0;2703.0;2001;68,9165;2009;2944;2009
2;4;21;21080;21080;San Leonardo in Passiria/St. Leonhard in Passeier;St. Leonhard in Passeier;BZ;0;0;3437.0;2001;88,9627;2009;3504;2009
2;4;21;21081;21081;San Lorenzo di Sebato/St. Lorenzen;St. Lorenzen;BZ;0;0;3438.0;2001;51,3362;2009;3697;2009
2;4;21;21082;21082;San Martino in Badia/St. Martin in Thurn;St. Martin in Thurn;BZ;0;0;1690.0;2001;76,0272;2009;1739;2009
2;4;21;21083;21083;San Martino in Passiria/St. Martin in Passeier;St. Martin in Passeier;BZ;0;0;2832.0;2001;30,1274;2009;3096;2009
2;4;21;21084;21084;San Pancrazio/St. Pankraz;St. Pankraz;BZ;0;0;1608.0;2001;63,3091;2009;1592;2009
2;4;21;21085;21085;Santa Cristina Valgardena/St. Christina in Gröden;St. Christina in Gröden;BZ;0;0;1738.0;2001;31,9080;2009;1888;2009
2;4;21;21086;21086;Sarentino/Sarntal;Sarntal;BZ;0;0;6620.0;2001;302,2586;2009;6855;2009
2;4;21;21087;21087;Scena/Schenna;Schenna;BZ;0;0;2677.0;2001;48,0264;2009;2824;2009
2;4;21;21088;21088;Selva dei Molini/Mühlwald;Mühlwald;BZ;0;0;1455.0;2001;104,6841;2009;1481;2009
2;4;21;21089;21089;Selva di Val Gardena/Wolkenstein in Gröden;Wolkenstein in Gröden;BZ;0;0;2513.0;2001;56,3162;2009;2617;2009
2;4;21;21091;21091;Senales/Schnals;Schnals;BZ;0;0;1394.0;2001;209,6073;2009;1356;2009
2;4;21;21092;21092;Sesto/Sexten;Sexten;BZ;0;0;1906.0;2001;80,4033;2009;1936;2009
2;4;21;21093;21093;Silandro/Schlanders;Schlanders;BZ;0;0;5733.0;2001;115,1451;2009;5996;2009
2;4;21;21094;21094;Sluderno/Schluderns;Schluderns;BZ;0;0;1848.0;2001;20,7006;2009;1862;2009
2;4;21;21095;21095;Stelvio/Stilfs;Stilfs;BZ;0;0;1310.0;2001;141,7111;2009;1223;2009
2;4;21;21096;21096;Terento/Terenten;Terenten;BZ;0;0;1572.0;2001;42,3421;2009;1717;2009
2;4;21;21097;21097;Terlano/Terlan;Terlan;BZ;0;0;3579.0;2001;18,6350;2009;4113;2009
2;4;21;21098;21098;Termeno sulla strada del vino/Tramin an der Weinstraße;Tramin an der Weinstraße;BZ;0;0;3193.0;2001;19,3835;2009;3291;2009
2;4;21;21099;21099;Tesimo/Tisens;Tisens;BZ;0;0;1809.0;2001;38,0589;2009;1839;2009
2;4;21;21100;21100;Tires/Tiers;Tiers;BZ;0;0;884.0;2001;42,1711;2009;972;2009
2;4;21;21101;21101;Tirolo/Tirol;Tirol;BZ;0;0;2356.0;2001;25,6736;2009;2410;2009
2;4;21;21102;21102;Trodena nel parco naturale/Truden im Naturpark;Truden im Naturpark;BZ;0;0;957.0;2001;20,6864;2009;1004;2009
2;4;21;21103;21103;Tubre/Taufers im Münstertal;Taufers im Münstertal;BZ;0;0;949.0;2001;46,2975;2009;984;2009
2;4;21;21104;21104;Ultimo/Ulten;Ulten;BZ;0;0;3006.0;2001;208,2137;2009;2920;2009
2;4;21;21105;21105;Vadena/Pfatten;Pfatten;BZ;0;0;842.0;2001;13,8330;2009;998;2009
2;4;21;21106;21106;Valdaora/Olang;Olang;BZ;0;0;2797.0;2001;48,9881;2009;3044;2009
2;4;21;21107;21107;Val di Vizze/Pfitsch;Pfitsch;BZ;0;0;2619.0;2001;141,9410;2009;2696;2009
2;4;21;21108;21108;Valle Aurina/Ahrntal;Ahrntal;BZ;0;0;5517.0;2001;187,7911;2009;5880;2009
2;4;21;21109;21109;Valle di Casies/Gsies;Gsies;BZ;0;0;2098.0;2001;110,1114;2009;2211;2009
2;4;21;21110;21110;Vandoies/Vintl;Vintl;BZ;0;0;3108.0;2001;110,6058;2009;3229;2009
2;4;21;21111;21111;Varna/Vahrn;Vahrn;BZ;0;0;3577.0;2001;70,4021;2009;4208;2009
2;4;21;21112;21112;Verano/Vöran;Vöran;BZ;0;0;880.0;2001;21,9626;2009;919;2009
2;4;21;21113;21113;Villabassa/Niederdorf;Niederdorf;BZ;0;0;1308.0;2001;18,2043;2009;1457;2009
2;4;21;21114;21114;Villandro/Villanders;Villanders;BZ;0;0;1830.0;2001;44,0499;2009;1918;2009
2;4;21;21115;21115;Vipiteno/Sterzing;Sterzing;BZ;0;0;5785.0;2001;33,1378;2009;6252;2009
2;4;21;21116;21116;Velturno/Feldthurns;Feldthurns;BZ;0;0;2541.0;2001;24,8931;2009;2710;2009
2;4;21;21117;21117;La Valle/Wengen;Wengen;BZ;0;0;1232.0;2001;38,9188;2009;1285;2009
2;4;21;21118;21118;Senale-San Felice/Unsere Liebe Frau im Walde-St. Felix;Unsere Liebe Frau im Walde-St. Felix;BZ;0;0;787.0;2001;27,7227;2009;788;2009
2;4;22;22001;22001;Ala;;TN;0;0;7348.0;2001;119,8562;2009;8908;2009
2;4;22;22002;22002;Albiano;;TN;0;0;1447.0;2001;9,9643;2009;1516;2009
2;4;22;22003;22003;Aldeno;;TN;0;0;2815.0;2001;8,9704;2009;2971;2009
2;4;22;22004;22004;Amblar;;TN;0;0;213.0;2001;14,8495;2009;219;2009
2;4;22;22005;22005;Andalo;;TN;0;0;1015.0;2001;11,3783;2009;1008;2009
2;4;22;22006;22006;Arco;;TN;0;0;14511.0;2001;63,2176;2009;16456;2009
2;4;22;22007;22007;Avio;;TN;0;0;3918.0;2001;68,8973;2009;4065;2009
2;4;22;22009;22009;Baselga di Pinè;;TN;0;0;4427.0;2001;41,0710;2009;4845;2009
2;4;22;22011;22011;Bedollo;;TN;0;0;1397.0;2001;27,4595;2009;1456;2009
2;4;22;22012;22012;Bersone;;TN;0;0;295.0;2001;9,7805;2009;292;2009
2;4;22;22013;22013;Besenello;;TN;0;0;1753.0;2001;25,9369;2009;2423;2009
2;4;22;22014;22014;Bezzecca;;TN;0;0;591.0;2001;17,7339;2009;592;2009
2;4;22;22015;22015;Bieno;;TN;0;0;441.0;2001;11,7110;2009;439;2009
2;4;22;22016;22016;Bleggio Inferiore;;TN;0;0;1084.0;2001;26,5358;2009;1209;2009
2;4;22;22017;22017;Bleggio Superiore;;TN;0;0;1529.0;2001;32,6740;2009;1593;2009
2;4;22;22018;22018;Bocenago;;TN;0;0;372.0;2001;8,4527;2009;407;2009
2;4;22;22019;22019;Bolbeno;;TN;0;0;330.0;2001;12,3152;2009;355;2009
2;4;22;22020;22020;Bondo;;TN;0;0;667.0;2001;10,6493;2009;707;2009
2;4;22;22021;22021;Bondone;;TN;0;0;667.0;2001;19,1751;2009;667;2009
2;4;22;22022;22022;Borgo Valsugana;;TN;0;0;6177.0;2001;52,3570;2009;6672;2009
2;4;22;22023;22023;Bosentino;;TN;0;0;694.0;2001;4,7002;2009;817;2009
2;4;22;22024;22024;Breguzzo;;TN;0;0;579.0;2001;34,8896;2009;580;2009
2;4;22;22025;22025;Brentonico;;TN;0;0;3620.0;2001;57,1411;2009;3887;2009
2;4;22;22026;22026;Bresimo;;TN;0;0;292.0;2001;41,0138;2009;256;2009
2;4;22;22027;22027;Brez;;TN;0;0;739.0;2001;19,1671;2009;725;2009
2;4;22;22028;22028;Brione;;TN;0;0;146.0;2001;9,4579;2009;147;2009
2;4;22;22029;22029;Caderzone Terme;;TN;0;0;602.0;2001;18,6070;2009;674;2009
2;4;22;22030;22030;Cagnò;;TN;0;0;369.0;2001;3,4078;2009;370;2009
2;4;22;22031;22031;Calavino;;TN;0;0;1226.0;2001;12,8753;2009;1448;2009
2;4;22;22032;22032;Calceranica al Lago;;TN;0;0;1145.0;2001;3,3945;2009;1257;2009
2;4;22;22033;22033;Caldes;;TN;0;0;1040.0;2001;20,8087;2009;1111;2009
2;4;22;22034;22034;Caldonazzo;;TN;0;0;2766.0;2001;21,4132;2009;3250;2009
2;4;22;22035;22035;Calliano;;TN;0;0;1097.0;2001;10,1988;2009;1583;2009
2;4;22;22036;22036;Campitello di Fassa;;TN;0;0;732.0;2001;25,0233;2009;729;2009
2;4;22;22037;22037;Campodenno;;TN;0;0;1436.0;2001;25,0233;2009;1498;2009
2;4;22;22038;22038;Canal San Bovo;;TN;0;0;1669.0;2001;125,6839;2009;1630;2009
2;4;22;22039;22039;Canazei;;TN;0;0;1818.0;2001;67,0102;2009;1859;2009
2;4;22;22040;22040;Capriana;;TN;0;0;582.0;2001;12,8188;2009;610;2009
2;4;22;22041;22041;Carano;;TN;0;0;951.0;2001;13,5698;2009;1062;2009
2;4;22;22042;22042;Carisolo;;TN;0;0;918.0;2001;25,1224;2009;952;2009
2;4;22;22043;22043;Carzano;;TN;0;0;499.0;2001;1,8202;2009;500;2009
2;4;22;22045;22045;Castel Condino;;TN;0;0;233.0;2001;11,1004;2009;242;2009
2;4;22;22046;22046;Castelfondo;;TN;0;0;618.0;2001;25,8717;2009;629;2009
2;4;22;22047;22047;Castello-Molina di Fiemme;;TN;0;0;2064.0;2001;54,5588;2009;2244;2009
2;4;22;22048;22048;Castello Tesino;;TN;0;0;1442.0;2001;112,8276;2009;1366;2009
2;4;22;22049;22049;Castelnuovo;;TN;0;0;896.0;2001;13,1431;2009;989;2009
2;4;22;22050;22050;Cavalese;;TN;0;0;3647.0;2001;45,3757;2009;3980;2009
2;4;22;22051;22051;Cavareno;;TN;0;0;923.0;2001;9,4843;2009;1018;2009
2;4;22;22052;22052;Cavedago;;TN;0;0;455.0;2001;10,0280;2009;545;2009
2;4;22;22053;22053;Cavedine;;TN;0;0;2730.0;2001;38,2265;2009;2957;2009
2;4;22;22054;22054;Cavizzana;;TN;0;0;226.0;2001;3,3770;2009;259;2009
2;4;22;22055;22055;Cembra;;TN;0;0;1741.0;2001;16,9628;2009;1871;2009
2;4;22;22056;22056;Centa San Nicolò;;TN;0;0;565.0;2001;11,2251;2009;628;2009
2;4;22;22057;22057;Cimego;;TN;0;0;407.0;2001;10,5139;2009;406;2009
2;4;22;22058;22058;Cimone;;TN;0;0;578.0;2001;9,8070;2009;648;2009
2;4;22;22059;22059;Cinte Tesino;;TN;0;0;406.0;2001;30,2940;2009;388;2009
2;4;22;22060;22060;Cis;;TN;0;0;299.0;2001;5,4976;2009;317;2009
2;4;22;22061;22061;Civezzano;;TN;0;0;3113.0;2001;15,6663;2009;3868;2009
2;4;22;22062;22062;Cles;;TN;0;0;6439.0;2001;39,1656;2009;6728;2009
2;4;22;22063;22063;Cloz;;TN;0;0;684.0;2001;8,2112;2009;724;2009
2;4;22;22064;22064;Commezzadura;;TN;0;0;906.0;2001;22,0249;2009;981;2009
2;4;22;22065;22065;Concei;;TN;0;0;758.0;2001;30,3468;2009;845;2009
2;4;22;22066;22066;Condino;;TN;0;0;1495.0;2001;33,7370;2009;1551;2009
2;4;22;22067;22067;Coredo;;TN;0;0;1481.0;2001;32,6375;2009;1630;2009
2;4;22;22068;22068;Croviana;;TN;0;0;597.0;2001;4,9892;2009;691;2009
2;4;22;22069;22069;Cunevo;;TN;0;0;546.0;2001;5,6736;2009;581;2009
2;4;22;22070;22070;Daiano;;TN;0;0;641.0;2001;9,5107;2009;719;2009
2;4;22;22071;22071;Dambel;;TN;0;0;424.0;2001;5,1451;2009;447;2009
2;4;22;22072;22072;Daone;;TN;0;0;587.0;2001;157,4701;2009;609;2009
2;4;22;22073;22073;Darè;;TN;0;0;203.0;2001;1,1571;2009;243;2009
2;4;22;22074;22074;Denno;;TN;0;0;1100.0;2001;10,5179;2009;1234;2009
2;4;22;22075;22075;Dimaro;;TN;0;0;1181.0;2001;27,7723;2009;1231;2009
2;4;22;22076;22076;Don;;TN;0;0;224.0;2001;5,1145;2009;238;2009
2;4;22;22077;22077;Dorsino;;TN;0;0;437.0;2001;12,5070;2009;440;2009
2;4;22;22078;22078;Drena;;TN;0;0;454.0;2001;8,3367;2009;537;2009
2;4;22;22079;22079;Dro;;TN;0;0;3388.0;2001;27,9534;2009;4330;2009
2;4;22;22080;22080;Faedo;;TN;0;0;554.0;2001;10,6804;2009;592;2009
2;4;22;22081;22081;Fai della Paganella;;TN;0;0;900.0;2001;12,1293;2009;924;2009
2;4;22;22082;22082;Faver;;TN;0;0;816.0;2001;9,4267;2009;842;2009
2;4;22;22083;22083;Fiavè;;TN;0;0;1029.0;2001;24,2822;2009;1114;2009
2;4;22;22084;22084;Fiera di Primiero;;TN;0;0;541.0;2001;0,1495;2009;493;2009
2;4;22;22085;22085;Fierozzo;;TN;0;0;441.0;2001;17,9425;2009;472;2009
2;4;22;22086;22086;Flavon;;TN;0;0;508.0;2001;7,5765;2009;527;2009
2;4;22;22087;22087;Folgaria;;TN;0;0;3086.0;2001;71,6321;2009;3116;2009
2;4;22;22088;22088;Fondo;;TN;0;0;1443.0;2001;30,6288;2009;1487;2009
2;4;22;22089;22089;Fornace;;TN;0;0;1166.0;2001;7,2241;2009;1301;2009
2;4;22;22090;22090;Frassilongo;;TN;0;0;357.0;2001;16,6807;2009;330;2009
2;4;22;22091;22091;Garniga Terme;;TN;0;0;384.0;2001;13,1251;2009;370;2009
2;4;22;22092;22092;Giovo;;TN;0;0;2392.0;2001;20,8129;2009;2473;2009
2;4;22;22093;22093;Giustino;;TN;0;0;694.0;2001;39,3866;2009;746;2009
2;4;22;22094;22094;Grauno;;TN;0;0;142.0;2001;7,2578;2009;138;2009
2;4;22;22095;22095;Grigno;;TN;0;0;2340.0;2001;46,3737;2009;2328;2009
2;4;22;22096;22096;Grumes;;TN;0;0;477.0;2001;10,7253;2009;456;2009
2;4;22;22097;22097;Imer;;TN;0;0;1134.0;2001;27,7271;2009;1200;2009
2;4;22;22098;22098;Isera;;TN;0;0;2469.0;2001;14,0919;2009;2588;2009
2;4;22;22099;22099;Ivano-Fracena;;TN;0;0;292.0;2001;6,0786;2009;341;2009
2;4;22;22100;22100;Lardaro;;TN;0;0;184.0;2001;10,4283;2009;199;2009
2;4;22;22101;22101;Lasino;;TN;0;0;1178.0;2001;16,0549;2009;1297;2009
2;4;22;22102;22102;Lavarone;;TN;0;0;1084.0;2001;26,3161;2009;1107;2009
2;4;22;22103;22103;Lavis;;TN;0;0;7591.0;2001;12,1781;2009;8548;2009
2;4;22;22104;22104;Levico Terme;;TN;0;0;6325.0;2001;62,8283;2009;7460;2009
2;4;22;22105;22105;Lisignago;;TN;0;0;463.0;2001;7,1428;2009;495;2009
2;4;22;22106;22106;Livo;;TN;0;0;858.0;2001;15,2178;2009;893;2009
2;4;22;22107;22107;Lomaso;;TN;0;0;1408.0;2001;41,5775;2009;1653;2009
2;4;22;22108;22108;Lona-Lases;;TN;0;0;729.0;2001;11,3726;2009;839;2009
2;4;22;22109;22109;Luserna;;TN;0;0;297.0;2001;8,1935;2009;291;2009
2;4;22;22110;22110;Malé;;TN;0;0;2138.0;2001;26,5277;2009;2160;2009
2;4;22;22111;22111;Malosco;;TN;0;0;356.0;2001;6,7283;2009;425;2009
2;4;22;22112;22112;Massimeno;;TN;0;0;105.0;2001;21,0322;2009;119;2009
2;4;22;22113;22113;Mazzin;;TN;0;0;440.0;2001;23,6281;2009;503;2009
2;4;22;22114;22114;Mezzana;;TN;0;0;875.0;2001;27,3498;2009;877;2009
2;4;22;22115;22115;Mezzano;;TN;0;0;1667.0;2001;48,8409;2009;1626;2009
2;4;22;22116;22116;Mezzocorona;;TN;0;0;4711.0;2001;25,3530;2009;5107;2009
2;4;22;22117;22117;Mezzolombardo;;TN;0;0;5941.0;2001;13,8790;2009;6727;2009
2;4;22;22118;22118;Moena;;TN;0;0;2602.0;2001;82,5916;2009;2674;2009
2;4;22;22119;22119;Molina di Ledro;;TN;0;0;1498.0;2001;41,3273;2009;1628;2009
2;4;22;22120;22120;Molveno;;TN;0;0;1102.0;2001;34,1156;2009;1124;2009
2;4;22;22121;22121;Monclassico;;TN;0;0;751.0;2001;8,7605;2009;884;2009
2;4;22;22122;22122;Montagne;;TN;0;0;304.0;2001;12,2072;2009;238;2009
2;4;22;22123;22123;Mori;;TN;0;0;8471.0;2001;40,0838;2009;9321;2009
2;4;22;22124;22124;Nago-Torbole;;TN;0;0;2289.0;2001;28,3814;2009;2710;2009
2;4;22;22125;22125;Nanno;;TN;0;0;600.0;2001;4,3042;2009;626;2009
2;4;22;22126;22126;Nave San Rocco;;TN;0;0;1208.0;2001;4,8915;2009;1383;2009
2;4;22;22127;22127;Nogaredo;;TN;0;0;1663.0;2001;3,6147;2009;1946;2009
2;4;22;22128;22128;Nomi;;TN;0;0;1286.0;2001;6,4887;2009;1352;2009
2;4;22;22129;22129;Novaledo;;TN;0;0;882.0;2001;7,9653;2009;1008;2009
2;4;22;22130;22130;Ospedaletto;;TN;0;0;832.0;2001;16,7464;2009;795;2009
2;4;22;22131;22131;Ossana;;TN;0;0;765.0;2001;25,2485;2009;846;2009
2;4;22;22132;22132;Padergnone;;TN;0;0;581.0;2001;3,6050;2009;701;2009
2;4;22;22133;22133;Palù del Fersina;;TN;0;0;195.0;2001;16,6481;2009;182;2009
2;4;22;22134;22134;Panchià;;TN;0;0;682.0;2001;20,2113;2009;757;2009
2;4;22;22135;22135;Ronzo-Chienis;;TN;0;0;1010.0;2001;13,2084;2009;1012;2009
2;4;22;22136;22136;Peio;;TN;0;0;1843.0;2001;162,3048;2009;1881;2009
2;4;22;22137;22137;Pellizzano;;TN;0;0;795.0;2001;48,3606;2009;813;2009
2;4;22;22138;22138;Pelugo;;TN;0;0;351.0;2001;22,9782;2009;379;2009
2;4;22;22139;22139;Pergine Valsugana;;TN;0;0;16901.0;2001;54,3284;2009;20076;2009
2;4;22;22140;22140;Pieve di Bono;;TN;0;0;1396.0;2001;20,8289;2009;1375;2009
2;4;22;22141;22141;Pieve di Ledro;;TN;0;0;585.0;2001;18,9573;2009;650;2009
2;4;22;22142;22142;Pieve Tesino;;TN;0;0;772.0;2001;69,2335;2009;688;2009
2;4;22;22143;22143;Pinzolo;;TN;0;0;3052.0;2001;69,3210;2009;3103;2009
2;4;22;22144;22144;Pomarolo;;TN;0;0;2125.0;2001;9,2285;2009;2355;2009
2;4;22;22145;22145;Pozza di Fassa;;TN;0;0;1787.0;2001;72,9706;2009;2046;2009
2;4;22;22146;22146;Praso;;TN;0;0;370.0;2001;9,8478;2009;336;2009
2;4;22;22147;22147;Predazzo;;TN;0;0;4298.0;2001;109,9648;2009;4495;2009
2;4;22;22148;22148;Preore;;TN;0;0;404.0;2001;4,3732;2009;385;2009
2;4;22;22149;22149;Prezzo;;TN;0;0;194.0;2001;3,8519;2009;220;2009
2;4;22;22150;22150;Rabbi;;TN;0;0;1456.0;2001;132,7873;2009;1400;2009
2;4;22;22151;22151;Ragoli;;TN;0;0;766.0;2001;64,9063;2009;789;2009
2;4;22;22152;22152;Revò;;TN;0;0;1207.0;2001;13,3578;2009;1257;2009
2;4;22;22153;22153;Riva del Garda;;TN;0;0;14758.0;2001;40,7213;2009;15753;2009
2;4;22;22154;22154;Romallo;;TN;0;0;590.0;2001;2,4449;2009;605;2009
2;4;22;22155;22155;Romeno;;TN;0;0;1243.0;2001;9,1279;2009;1389;2009
2;4;22;22156;22156;Roncegno Terme;;TN;0;0;2475.0;2001;38,0833;2009;2834;2009
2;4;22;22157;22157;Ronchi Valsugana;;TN;0;0;385.0;2001;10,0030;2009;423;2009
2;4;22;22158;22158;Roncone;;TN;0;0;1440.0;2001;29,7900;2009;1490;2009
2;4;22;22159;22159;Ronzone;;TN;0;0;352.0;2001;5,2973;2009;384;2009
2;4;22;22160;22160;Roverè della Luna;;TN;0;0;1472.0;2001;10,4144;2009;1583;2009
2;4;22;22161;22161;Rovereto;;TN;0;0;33422.0;2001;50,9843;2009;37007;2009
2;4;22;22162;22162;Ruffrè-Mendola;;TN;0;0;412.0;2001;6,5800;2009;432;2009
2;4;22;22163;22163;Rumo;;TN;0;0;811.0;2001;30,8538;2009;830;2009
2;4;22;22164;22164;Sagron Mis;;TN;0;0;207.0;2001;11,0575;2009;208;2009
2;4;22;22165;22165;Samone;;TN;0;0;494.0;2001;4,9020;2009;539;2009
2;4;22;22166;22166;San Lorenzo in Banale;;TN;0;0;1117.0;2001;61,4054;2009;1172;2009
2;4;22;22167;22167;San Michele all'Adige;;TN;0;0;2399.0;2001;5,3158;2009;2784;2009
2;4;22;22168;22168;Sant'Orsola Terme;;TN;0;0;906.0;2001;15,3639;2009;1085;2009
2;4;22;22169;22169;Sanzeno;;TN;0;0;906.0;2001;7,8749;2009;970;2009
2;4;22;22170;22170;Sarnonico;;TN;0;0;662.0;2001;12,1898;2009;743;2009
2;4;22;22171;22171;Scurelle;;TN;0;0;1276.0;2001;29,9965;2009;1364;2009
2;4;22;22172;22172;Segonzano;;TN;0;0;1438.0;2001;20,7121;2009;1550;2009
2;4;22;22173;22173;Sfruz;;TN;0;0;275.0;2001;11,8085;2009;321;2009
2;4;22;22174;22174;Siror;;TN;0;0;1224.0;2001;74,9186;2009;1265;2009
2;4;22;22175;22175;Smarano;;TN;0;0;441.0;2001;6,2839;2009;491;2009
2;4;22;22176;22176;Soraga;;TN;0;0;673.0;2001;19,7417;2009;722;2009
2;4;22;22177;22177;Sover;;TN;0;0;904.0;2001;14,8220;2009;909;2009
2;4;22;22178;22178;Spera;;TN;0;0;539.0;2001;3,2522;2009;591;2009
2;4;22;22179;22179;Spiazzo;;TN;0;0;1122.0;2001;71,0586;2009;1267;2009
2;4;22;22180;22180;Spormaggiore;;TN;0;0;1175.0;2001;30,2000;2009;1289;2009
2;4;22;22181;22181;Sporminore;;TN;0;0;680.0;2001;17,4709;2009;732;2009
2;4;22;22182;22182;Stenico;;TN;0;0;1061.0;2001;49,1459;2009;1157;2009
2;4;22;22183;22183;Storo;;TN;0;0;4439.0;2001;62,9221;2009;4646;2009
2;4;22;22184;22184;Strembo;;TN;0;0;452.0;2001;38,3312;2009;558;2009
2;4;22;22185;22185;Strigno;;TN;0;0;1446.0;2001;12,1754;2009;1491;2009
2;4;22;22186;22186;Taio;;TN;0;0;2534.0;2001;11,3136;2009;2969;2009
2;4;22;22187;22187;Tassullo;;TN;0;0;1790.0;2001;13,5406;2009;1940;2009
2;4;22;22188;22188;Telve;;TN;0;0;1887.0;2001;64,7473;2009;1987;2009
2;4;22;22189;22189;Telve di Sopra;;TN;0;0;612.0;2001;17,7162;2009;617;2009
2;4;22;22190;22190;Tenna;;TN;0;0;850.0;2001;3,1147;2009;971;2009
2;4;22;22191;22191;Tenno;;TN;0;0;1735.0;2001;28,3011;2009;2006;2009
2;4;22;22192;22192;Terlago;;TN;0;0;1455.0;2001;37,0464;2009;1797;2009
2;4;22;22193;22193;Terragnolo;;TN;0;0;749.0;2001;39,5661;2009;751;2009
2;4;22;22194;22194;Terres;;TN;0;0;304.0;2001;6,3449;2009;318;2009
2;4;22;22195;22195;Terzolas;;TN;0;0;558.0;2001;5,5887;2009;603;2009
2;4;22;22196;22196;Tesero;;TN;0;0;2617.0;2001;50,5452;2009;2823;2009
2;4;22;22197;22197;Tiarno di Sopra;;TN;0;0;976.0;2001;38,8220;2009;1039;2009
2;4;22;22198;22198;Tiarno di Sotto;;TN;0;0;690.0;2001;9,1797;2009;744;2009
2;4;22;22199;22199;Tione di Trento;;TN;0;0;3425.0;2001;33,4464;2009;3667;2009
2;4;22;22200;22200;Ton;;TN;0;0;1199.0;2001;26,2845;2009;1326;2009
2;4;22;22201;22201;Tonadico;;TN;0;0;1413.0;2001;89,3885;2009;1456;2009
2;4;22;22202;22202;Torcegno;;TN;0;0;679.0;2001;15,1927;2009;704;2009
2;4;22;22203;22203;Trambileno;;TN;0;0;1212.0;2001;50,7025;2009;1371;2009
2;4;22;22204;22204;Transacqua;;TN;0;0;1940.0;2001;35,5785;2009;2128;2009
2;4;22;22205;22205;Trento;;TN;1;1;104946.0;2001;157,8748;2009;113998;2009
2;4;22;22206;22206;Tres;;TN;0;0;657.0;2001;14,6056;2009;716;2009
2;4;22;22207;22207;Tuenno;;TN;0;0;2219.0;2001;71,2870;2009;2406;2009
2;4;22;22208;22208;Valda;;TN;0;0;216.0;2001;6,1374;2009;225;2009
2;4;22;22209;22209;Valfloriana;;TN;0;0;567.0;2001;39,3284;2009;548;2009
2;4;22;22210;22210;Vallarsa;;TN;0;0;1393.0;2001;77,8673;2009;1368;2009
2;4;22;22211;22211;Varena;;TN;0;0;799.0;2001;23,0686;2009;823;2009
2;4;22;22212;22212;Vattaro;;TN;0;0;1024.0;2001;8,2836;2009;1124;2009
2;4;22;22213;22213;Vermiglio;;TN;0;0;1856.0;2001;95,6412;2009;1892;2009
2;4;22;22214;22214;Vervò;;TN;0;0;676.0;2001;15,2081;2009;704;2009
2;4;22;22215;22215;Vezzano;;TN;0;0;1973.0;2001;31,8035;2009;2172;2009
2;4;22;22216;22216;Vignola-Falesina;;TN;0;0;109.0;2001;11,9514;2009;150;2009
2;4;22;22217;22217;Vigo di Fassa;;TN;0;0;1073.0;2001;26,8501;2009;1171;2009
2;4;22;22219;22219;Vigolo Vattaro;;TN;0;0;1891.0;2001;20,8181;2009;2174;2009
2;4;22;22220;22220;Vigo Rendena;;TN;0;0;406.0;2001;4,5177;2009;515;2009
2;4;22;22221;22221;Villa Agnedo;;TN;0;0;811.0;2001;13,3126;2009;981;2009
2;4;22;22222;22222;Villa Lagarina;;TN;0;0;3129.0;2001;24,1287;2009;3632;2009
2;4;22;22223;22223;Villa Rendena;;TN;0;0;822.0;2001;35,0385;2009;958;2009
2;4;22;22224;22224;Volano;;TN;0;0;2801.0;2001;10,7401;2009;3062;2009
2;4;22;22225;22225;Zambana;;TN;0;0;1585.0;2001;11,6859;2009;1643;2009
2;4;22;22226;22226;Ziano di Fiemme;;TN;0;0;1550.0;2001;35,7466;2009;1649;2009
2;4;22;22227;22227;Zuclo;;TN;0;0;350.0;2001;10,3048;2009;361;2009
2;5;23;23001;23001;Affi;;VR;0;0;1942.0;2001;9,8813;2009;2326;2009
2;5;23;23002;23002;Albaredo d'Adige;;VR;0;0;5032.0;2001;28,2532;2009;5300;2009
2;5;23;23003;23003;Angiari;;VR;0;0;1844.0;2001;13,4707;2009;2099;2009
2;5;23;23004;23004;Arcole;;VR;0;0;5274.0;2001;18,8843;2009;6198;2009
2;5;23;23005;23005;Badia Calavena;;VR;0;0;2373.0;2001;26,9381;2009;2661;2009
2;5;23;23006;23006;Bardolino;;VR;0;0;6329.0;2001;57,3252;2009;6633;2009
2;5;23;23007;23007;Belfiore;;VR;0;0;2645.0;2001;26,4475;2009;2978;2009
2;5;23;23008;23008;Bevilacqua;;VR;0;0;1691.0;2001;12,2005;2009;1800;2009
2;5;23;23009;23009;Bonavigo;;VR;0;0;1881.0;2001;17,9947;2009;1970;2009
2;5;23;23010;23010;Boschi Sant'Anna;;VR;0;0;1347.0;2001;8,9666;2009;1412;2009
2;5;23;23011;23011;Bosco Chiesanuova;;VR;0;0;3203.0;2001;64,7947;2009;3612;2009
2;5;23;23012;23012;Bovolone;;VR;0;0;13426.0;2001;41,2727;2009;15730;2009
2;5;23;23013;23013;Brentino Belluno;;VR;0;0;1301.0;2001;25,9786;2009;1380;2009
2;5;23;23014;23014;Brenzone;;VR;0;0;2358.0;2001;51,5832;2009;2551;2009
2;5;23;23015;23015;Bussolengo;;VR;0;0;16986.0;2001;24,2259;2009;19435;2009
2;5;23;23016;23016;Buttapietra;;VR;0;0;5801.0;2001;17,2692;2009;6780;2009
2;5;23;23017;23017;Caldiero;;VR;0;0;5655.0;2001;10,3727;2009;7262;2009
2;5;23;23018;23018;Caprino Veronese;;VR;0;0;7493.0;2001;47,3173;2009;8113;2009
2;5;23;23019;23019;Casaleone;;VR;0;0;5929.0;2001;38,6006;2009;6003;2009
2;5;23;23020;23020;Castagnaro;;VR;0;0;4151.0;2001;34,9017;2009;4071;2009
2;5;23;23021;23021;Castel d'Azzano;;VR;0;0;10242.0;2001;9,7243;2009;11609;2009
2;5;23;23022;23022;Castelnuovo del Garda;;VR;0;0;8612.0;2001;34,4283;2009;12121;2009
2;5;23;23023;23023;Cavaion Veronese;;VR;0;0;4164.0;2001;12,9093;2009;5291;2009
2;5;23;23024;23024;Cazzano di Tramigna;;VR;0;0;1302.0;2001;12,2710;2009;1514;2009
2;5;23;23025;23025;Cerea;;VR;0;0;15254.0;2001;70,2950;2009;16257;2009
2;5;23;23026;23026;Cerro Veronese;;VR;0;0;2043.0;2001;10,0620;2009;2418;2009
2;5;23;23027;23027;Cologna Veneta;;VR;0;0;7890.0;2001;42,8123;2009;8660;2009
2;5;23;23028;23028;Colognola ai Colli;;VR;0;0;6913.0;2001;20,8968;2009;8179;2009
2;5;23;23029;23029;Concamarise;;VR;0;0;1064.0;2001;7,9135;2009;1065;2009
2;5;23;23030;23030;Costermano;;VR;0;0;2986.0;2001;16,7441;2009;3542;2009
2;5;23;23031;23031;Dolcè;;VR;0;0;2200.0;2001;30,9479;2009;2556;2009
2;5;23;23032;23032;Erbè;;VR;0;0;1629.0;2001;16,1024;2009;1794;2009
2;5;23;23033;23033;Erbezzo;;VR;0;0;775.0;2001;31,9638;2009;779;2009
2;5;23;23034;23034;Ferrara di Monte Baldo;;VR;0;0;188.0;2001;26,8895;2009;210;2009
2;5;23;23035;23035;Fumane;;VR;0;0;3816.0;2001;34,2113;2009;4133;2009
2;5;23;23036;23036;Garda;;VR;0;0;3594.0;2001;14,3694;2009;3941;2009
2;5;23;23037;23037;Gazzo Veronese;;VR;0;0;5515.0;2001;56,6603;2009;5529;2009
2;5;23;23038;23038;Grezzana;;VR;0;0;10045.0;2001;49,4866;2009;10814;2009
2;5;23;23039;23039;Illasi;;VR;0;0;4884.0;2001;25,0029;2009;5257;2009
2;5;23;23040;23040;Isola della Scala;;VR;0;0;10502.0;2001;69,8295;2009;11482;2009
2;5;23;23041;23041;Isola Rizza;;VR;0;0;2859.0;2001;16,6777;2009;3224;2009
2;5;23;23042;23042;Lavagno;;VR;0;0;5964.0;2001;14,6371;2009;7802;2009
2;5;23;23043;23043;Lazise;;VR;0;0;6055.0;2001;63,1487;2009;6764;2009
2;5;23;23044;23044;Legnago;;VR;0;0;24274.0;2001;79,2724;2009;25192;2009
2;5;23;23045;23045;Malcesine;;VR;0;0;3417.0;2001;69,2792;2009;3697;2009
2;5;23;23046;23046;Marano di Valpolicella;;VR;0;0;2897.0;2001;18,6220;2009;3114;2009
2;5;23;23047;23047;Mezzane di Sotto;;VR;0;0;1880.0;2001;19,7080;2009;2341;2009
2;5;23;23048;23048;Minerbe;;VR;0;0;4588.0;2001;29,6508;2009;4757;2009
2;5;23;23049;23049;Montecchia di Crosara;;VR;0;0;4195.0;2001;21,0624;2009;4494;2009
2;5;23;23050;23050;Monteforte d'Alpone;;VR;0;0;7065.0;2001;20,4704;2009;8425;2009
2;5;23;23051;23051;Mozzecane;;VR;0;0;4949.0;2001;24,8497;2009;6676;2009
2;5;23;23052;23052;Negrar;;VR;0;0;16184.0;2001;40,4219;2009;17056;2009
2;5;23;23053;23053;Nogara;;VR;0;0;7899.0;2001;38,7779;2009;8636;2009
2;5;23;23054;23054;Nogarole Rocca;;VR;0;0;2850.0;2001;29,1335;2009;3420;2009
2;5;23;23055;23055;Oppeano;;VR;0;0;7514.0;2001;46,7257;2009;9238;2009
2;5;23;23056;23056;Palù;;VR;0;0;1124.0;2001;13,6103;2009;1267;2009
2;5;23;23057;23057;Pastrengo;;VR;0;0;2362.0;2001;9,0015;2009;2808;2009
2;5;23;23058;23058;Pescantina;;VR;0;0;12414.0;2001;19,7259;2009;15976;2009
2;5;23;23059;23059;Peschiera del Garda;;VR;0;0;8485.0;2001;18,2605;2009;9509;2009
2;5;23;23060;23060;Povegliano Veronese;;VR;0;0;6567.0;2001;18,5284;2009;7142;2009
2;5;23;23061;23061;Pressana;;VR;0;0;2445.0;2001;17,3894;2009;2540;2009
2;5;23;23062;23062;Rivoli Veronese;;VR;0;0;1980.0;2001;18,4271;2009;2124;2009
2;5;23;23063;23063;Roncà;;VR;0;0;3385.0;2001;18,1486;2009;3699;2009
2;5;23;23064;23064;Ronco all'Adige;;VR;0;0;5684.0;2001;42,8143;2009;6161;2009
2;5;23;23065;23065;Roverchiara;;VR;0;0;2655.0;2001;19,6461;2009;2839;2009
2;5;23;23066;23066;Roveredo di Guà;;VR;0;0;1371.0;2001;10,1597;2009;1563;2009
2;5;23;23067;23067;Roverè Veronese;;VR;0;0;2098.0;2001;36,5476;2009;2148;2009
2;5;23;23068;23068;Salizzole;;VR;0;0;3761.0;2001;30,6955;2009;3763;2009
2;5;23;23069;23069;San Bonifacio;;VR;0;0;17513.0;2001;33,7923;2009;19771;2009
2;5;23;23070;23070;San Giovanni Ilarione;;VR;0;0;4889.0;2001;25,4033;2009;5156;2009
2;5;23;23071;23071;San Giovanni Lupatoto;;VR;0;0;21298.0;2001;19,0107;2009;23726;2009
2;5;23;23072;23072;Sanguinetto;;VR;0;0;3998.0;2001;13,5055;2009;4116;2009
2;5;23;23073;23073;San Martino Buon Albergo;;VR;0;0;13095.0;2001;34,7507;2009;13917;2009
2;5;23;23074;23074;San Mauro di Saline;;VR;0;0;568.0;2001;11,2399;2009;561;2009
2;5;23;23075;23075;San Pietro di Morubio;;VR;0;0;2848.0;2001;16,1170;2009;2951;2009
2;5;23;23076;23076;San Pietro in Cariano;;VR;0;0;12484.0;2001;20,2357;2009;13037;2009
2;5;23;23077;23077;Sant'Ambrogio di Valpolicella;;VR;0;0;9681.0;2001;23,4999;2009;11351;2009
2;5;23;23078;23078;Sant'Anna d'Alfaedo;;VR;0;0;2462.0;2001;43,4247;2009;2561;2009
2;5;23;23079;23079;San Zeno di Montagna;;VR;0;0;1243.0;2001;28,2390;2009;1358;2009
2;5;23;23080;23080;Selva di Progno;;VR;0;0;1001.0;2001;41,3352;2009;949;2009
2;5;23;23081;23081;Soave;;VR;0;0;6562.0;2001;22,7205;2009;6858;2009
2;5;23;23082;23082;Sommacampagna;;VR;0;0;13001.0;2001;40,8267;2009;14582;2009
2;5;23;23083;23083;Sona;;VR;0;0;14275.0;2001;41,1450;2009;16798;2009
2;5;23;23084;23084;Sorgà;;VR;0;0;2980.0;2001;31,5401;2009;3161;2009
2;5;23;23085;23085;Terrazzo;;VR;0;0;2385.0;2001;20,5271;2009;2308;2009
2;5;23;23086;23086;Torri del Benaco;;VR;0;0;2626.0;2001;46,2919;2009;2799;2009
2;5;23;23087;23087;Tregnago;;VR;0;0;4896.0;2001;37,3481;2009;4953;2009
2;5;23;23088;23088;Trevenzuolo;;VR;0;0;2424.0;2001;26,9430;2009;2738;2009
2;5;23;23089;23089;Valeggio sul Mincio;;VR;0;0;10941.0;2001;63,9617;2009;14064;2009
2;5;23;23090;23090;Velo Veronese;;VR;0;0;798.0;2001;18,9017;2009;787;2009
2;5;23;23091;23091;Verona;;VR;1;0;253208.0;2001;198,9132;2009;258285;2009
2;5;23;23092;23092;Veronella;;VR;0;0;3696.0;2001;20,8803;2009;4585;2009
2;5;23;23093;23093;Vestenanova;;VR;0;0;2614.0;2001;24,1820;2009;2662;2009
2;5;23;23094;23094;Vigasio;;VR;0;0;6798.0;2001;30,7626;2009;8989;2009
2;5;23;23095;23095;Villa Bartolomea;;VR;0;0;5368.0;2001;52,9886;2009;5831;2009
2;5;23;23096;23096;Villafranca di Verona;;VR;0;0;29353.0;2001;57,3406;2009;32611;2009
2;5;23;23097;23097;Zevio;;VR;0;0;12035.0;2001;54,8687;2009;14209;2009
2;5;23;23098;23098;Zimella;;VR;0;0;4342.0;2001;20,0806;2009;4853;2009
2;5;24;24001;24001;Agugliaro;;VI;0;0;1251.0;2001;14,6952;2009;1398;2009
2;5;24;24002;24002;Albettone;;VI;0;0;1996.0;2001;20,2104;2009;2147;2009
2;5;24;24003;24003;Alonte;;VI;0;0;1239.0;2001;11,1451;2009;1638;2009
2;5;24;24004;24004;Altavilla Vicentina;;VI;0;0;9547.0;2001;16,7234;2009;11493;2009
2;5;24;24005;24005;Altissimo;;VI;0;0;2263.0;2001;15,0823;2009;2280;2009
2;5;24;24006;24006;Arcugnano;;VI;0;0;7024.0;2001;41,5682;2009;7861;2009
2;5;24;24007;24007;Arsiero;;VI;0;0;3353.0;2001;41,3952;2009;3327;2009
2;5;24;24008;24008;Arzignano;;VI;0;0;23085.0;2001;34,1801;2009;25547;2009
2;5;24;24009;24009;Asiago;;VI;0;0;6509.0;2001;162,9478;2009;6447;2009
2;5;24;24010;24010;Asigliano Veneto;;VI;0;0;860.0;2001;8,0656;2009;885;2009
2;5;24;24011;24011;Barbarano Vicentino;;VI;0;0;3958.0;2001;19,4513;2009;4485;2009
2;5;24;24012;24012;Bassano del Grappa;;VI;0;0;40736.0;2001;47,0619;2009;42648;2009
2;5;24;24013;24013;Bolzano Vicentino;;VI;0;0;5455.0;2001;19,8006;2009;6463;2009
2;5;24;24014;24014;Breganze;;VI;0;0;7870.0;2001;21,7608;2009;8749;2009
2;5;24;24015;24015;Brendola;;VI;0;0;6216.0;2001;25,5675;2009;6621;2009
2;5;24;24016;24016;Bressanvido;;VI;0;0;2859.0;2001;8,4405;2009;3117;2009
2;5;24;24017;24017;Brogliano;;VI;0;0;2937.0;2001;12,1555;2009;3802;2009
2;5;24;24018;24018;Caldogno;;VI;0;0;10116.0;2001;15,8845;2009;11228;2009
2;5;24;24019;24019;Caltrano;;VI;0;0;2545.0;2001;22,7110;2009;2645;2009
2;5;24;24020;24020;Calvene;;VI;0;0;1274.0;2001;11,4723;2009;1335;2009
2;5;24;24021;24021;Camisano Vicentino;;VI;0;0;8473.0;2001;30,0208;2009;10393;2009
2;5;24;24022;24022;Campiglia dei Berici;;VI;0;0;1746.0;2001;11,0402;2009;1786;2009
2;5;24;24023;24023;Campolongo sul Brenta;;VI;0;0;837.0;2001;9,6523;2009;835;2009
2;5;24;24024;24024;Carrè;;VI;0;0;3265.0;2001;8,7387;2009;3665;2009
2;5;24;24025;24025;Cartigliano;;VI;0;0;3537.0;2001;7,3773;2009;3848;2009
2;5;24;24026;24026;Cassola;;VI;0;0;12439.0;2001;12,7394;2009;13962;2009
2;5;24;24027;24027;Castegnero;;VI;0;0;2492.0;2001;11,6203;2009;2781;2009
2;5;24;24028;24028;Castelgomberto;;VI;0;0;5482.0;2001;17,4364;2009;6180;2009
2;5;24;24029;24029;Chiampo;;VI;0;0;12147.0;2001;22,6142;2009;12771;2009
2;5;24;24030;24030;Chiuppano;;VI;0;0;2559.0;2001;4,7093;2009;2622;2009
2;5;24;24031;24031;Cismon del Grappa;;VI;0;0;1058.0;2001;34,7905;2009;1011;2009
2;5;24;24032;24032;Cogollo del Cengio;;VI;0;0;3330.0;2001;36,2166;2009;3429;2009
2;5;24;24033;24033;Conco;;VI;0;0;2221.0;2001;26,8538;2009;2234;2009
2;5;24;24034;24034;Cornedo Vicentino;;VI;0;0;10566.0;2001;23,5597;2009;11923;2009
2;5;24;24035;24035;Costabissara;;VI;0;0;5692.0;2001;13,1320;2009;6877;2009
2;5;24;24036;24036;Creazzo;;VI;0;0;10433.0;2001;10,5389;2009;11067;2009
2;5;24;24037;24037;Crespadoro;;VI;0;0;1467.0;2001;30,2052;2009;1507;2009
2;5;24;24038;24038;Dueville;;VI;0;0;13063.0;2001;20,0164;2009;13959;2009
2;5;24;24039;24039;Enego;;VI;0;0;2017.0;2001;52,6059;2009;1894;2009
2;5;24;24040;24040;Fara Vicentino;;VI;0;0;3810.0;2001;15,1746;2009;3954;2009
2;5;24;24041;24041;Foza;;VI;0;0;733.0;2001;35,2088;2009;734;2009
2;5;24;24042;24042;Gallio;;VI;0;0;2336.0;2001;47,8665;2009;2456;2009
2;5;24;24043;24043;Gambellara;;VI;0;0;3200.0;2001;12,9964;2009;3329;2009
2;5;24;24044;24044;Gambugliano;;VI;0;0;789.0;2001;7,9503;2009;842;2009
2;5;24;24045;24045;Grancona;;VI;0;0;1746.0;2001;12,3690;2009;1874;2009
2;5;24;24046;24046;Grisignano di Zocco;;VI;0;0;4249.0;2001;17,3030;2009;4277;2009
2;5;24;24047;24047;Grumolo delle Abbadesse;;VI;0;0;3311.0;2001;15,0137;2009;3732;2009
2;5;24;24048;24048;Isola Vicentina;;VI;0;0;8034.0;2001;26,4789;2009;9281;2009
2;5;24;24049;24049;Laghi;;VI;0;0;128.0;2001;22,2335;2009;129;2009
2;5;24;24050;24050;Lastebasse;;VI;0;0;243.0;2001;18,7928;2009;235;2009
2;5;24;24051;24051;Longare;;VI;0;0;5339.0;2001;22,7740;2009;5626;2009
2;5;24;24052;24052;Lonigo;;VI;0;0;14005.0;2001;49,4419;2009;15676;2009
2;5;24;24053;24053;Lugo di Vicenza;;VI;0;0;3719.0;2001;14,5640;2009;3738;2009
2;5;24;24054;24054;Lusiana;;VI;0;0;2902.0;2001;34,3375;2009;2812;2009
2;5;24;24055;24055;Malo;;VI;0;0;12307.0;2001;30,5230;2009;14519;2009
2;5;24;24056;24056;Marano Vicentino;;VI;0;0;8879.0;2001;12,7101;2009;9702;2009
2;5;24;24057;24057;Marostica;;VI;0;0;12848.0;2001;36,5289;2009;13728;2009
2;5;24;24058;24058;Mason Vicentino;;VI;0;0;3130.0;2001;11,9572;2009;3483;2009
2;5;24;24059;24059;Molvena;;VI;0;0;2426.0;2001;7,4433;2009;2640;2009
2;5;24;24060;24060;Montebello Vicentino;;VI;0;0;5771.0;2001;21,4752;2009;6546;2009
2;5;24;24061;24061;Montecchio Maggiore;;VI;0;0;21061.0;2001;30,5400;2009;23677;2009
2;5;24;24062;24062;Montecchio Precalcino;;VI;0;0;4623.0;2001;14,4203;2009;5066;2009
2;5;24;24063;24063;Monte di Malo;;VI;0;0;2755.0;2001;23,7485;2009;2871;2009
2;5;24;24064;24064;Montegalda;;VI;0;0;3099.0;2001;17,6436;2009;3364;2009
2;5;24;24065;24065;Montegaldella;;VI;0;0;1721.0;2001;13,0598;2009;1799;2009
2;5;24;24066;24066;Monteviale;;VI;0;0;2034.0;2001;8,4385;2009;2517;2009
2;5;24;24067;24067;Monticello Conte Otto;;VI;0;0;8790.0;2001;10,3147;2009;9258;2009
2;5;24;24068;24068;Montorso Vicentino;;VI;0;0;2854.0;2001;9,2945;2009;3178;2009
2;5;24;24069;24069;Mossano;;VI;0;0;1670.0;2001;14,0343;2009;1805;2009
2;5;24;24070;24070;Mussolente;;VI;0;0;6663.0;2001;15,4308;2009;7683;2009
2;5;24;24071;24071;Nanto;;VI;0;0;2312.0;2001;14,3508;2009;3067;2009
2;5;24;24072;24072;Nogarole Vicentino;;VI;0;0;995.0;2001;9,0933;2009;1109;2009
2;5;24;24073;24073;Nove;;VI;0;0;4865.0;2001;8,1513;2009;5040;2009
2;5;24;24074;24074;Noventa Vicentina;;VI;0;0;8272.0;2001;22,8795;2009;8762;2009
2;5;24;24075;24075;Orgiano;;VI;0;0;3084.0;2001;18,0846;2009;3196;2009
2;5;24;24076;24076;Pedemonte;;VI;0;0;830.0;2001;12,5914;2009;771;2009
2;5;24;24077;24077;Pianezze;;VI;0;0;1852.0;2001;5,0235;2009;2058;2009
2;5;24;24078;24078;Piovene Rocchette;;VI;0;0;7723.0;2001;12,9066;2009;8252;2009
2;5;24;24079;24079;Pojana Maggiore;;VI;0;0;4216.0;2001;28,6154;2009;4510;2009
2;5;24;24080;24080;Posina;;VI;0;0;727.0;2001;43,6338;2009;590;2009
2;5;24;24081;24081;Pove del Grappa;;VI;0;0;2846.0;2001;9,8407;2009;3092;2009
2;5;24;24082;24082;Pozzoleone;;VI;0;0;2597.0;2001;11,2548;2009;2797;2009
2;5;24;24083;24083;Quinto Vicentino;;VI;0;0;4641.0;2001;17,3965;2009;5653;2009
2;5;24;24084;24084;Recoaro Terme;;VI;0;0;7266.0;2001;60,1490;2009;6843;2009
2;5;24;24085;24085;Roana;;VI;0;0;3774.0;2001;78,1258;2009;4231;2009
2;5;24;24086;24086;Romano d'Ezzelino;;VI;0;0;13912.0;2001;21,3490;2009;14661;2009
2;5;24;24087;24087;Rosà;;VI;0;0;12516.0;2001;24,3153;2009;13910;2009
2;5;24;24088;24088;Rossano Veneto;;VI;0;0;6567.0;2001;10,5969;2009;7861;2009
2;5;24;24089;24089;Rotzo;;VI;0;0;570.0;2001;28,2499;2009;621;2009
2;5;24;24090;24090;Salcedo;;VI;0;0;1029.0;2001;6,1161;2009;1036;2009
2;5;24;24091;24091;Sandrigo;;VI;0;0;7904.0;2001;27,9908;2009;8476;2009
2;5;24;24092;24092;San Germano dei Berici;;VI;0;0;1097.0;2001;15,4751;2009;1163;2009
2;5;24;24093;24093;San Nazario;;VI;0;0;1787.0;2001;23,1135;2009;1795;2009
2;5;24;24094;24094;San Pietro Mussolino;;VI;0;0;1489.0;2001;4,1081;2009;1599;2009
2;5;24;24095;24095;Santorso;;VI;0;0;5272.0;2001;13,2082;2009;5780;2009
2;5;24;24096;24096;San Vito di Leguzzano;;VI;0;0;3390.0;2001;6,1282;2009;3569;2009
2;5;24;24097;24097;Sarcedo;;VI;0;0;5092.0;2001;13,8595;2009;5310;2009
2;5;24;24098;24098;Sarego;;VI;0;0;5563.0;2001;23,9223;2009;6523;2009
2;5;24;24099;24099;Schiavon;;VI;0;0;2327.0;2001;12,0019;2009;2596;2009
2;5;24;24100;24100;Schio;;VI;0;0;37444.0;2001;66,2041;2009;39338;2009
2;5;24;24101;24101;Solagna;;VI;0;0;1759.0;2001;15,8118;2009;1918;2009
2;5;24;24102;24102;Sossano;;VI;0;0;4128.0;2001;20,8975;2009;4404;2009
2;5;24;24103;24103;Sovizzo;;VI;0;0;5727.0;2001;15,6616;2009;6837;2009
2;5;24;24104;24104;Tezze sul Brenta;;VI;0;0;10405.0;2001;17,9343;2009;12613;2009
2;5;24;24105;24105;Thiene;;VI;0;0;20977.0;2001;19,7211;2009;23055;2009
2;5;24;24106;24106;Tonezza del Cimone;;VI;0;0;619.0;2001;13,9407;2009;572;2009
2;5;24;24107;24107;Torrebelvicino;;VI;0;0;5476.0;2001;20,7397;2009;6029;2009
2;5;24;24108;24108;Torri di Quartesolo;;VI;0;0;10981.0;2001;18,6734;2009;11742;2009
2;5;24;24110;24110;Trissino;;VI;0;0;7794.0;2001;21,9575;2009;8473;2009
2;5;24;24111;24111;Valdagno;;VI;0;0;27193.0;2001;50,2163;2009;26670;2009
2;5;24;24112;24112;Valdastico;;VI;0;0;1480.0;2001;23,9490;2009;1397;2009
2;5;24;24113;24113;Valli del Pasubio;;VI;0;0;3567.0;2001;49,3406;2009;3395;2009
2;5;24;24114;24114;Valstagna;;VI;0;0;1959.0;2001;25,8111;2009;1873;2009
2;5;24;24115;24115;Velo d'Astico;;VI;0;0;2350.0;2001;21,9041;2009;2427;2009
2;5;24;24116;24116;Vicenza;;VI;1;0;107223.0;2001;80,5254;2009;113236;2009
2;5;24;24117;24117;Villaga;;VI;0;0;1859.0;2001;23,2249;2009;1991;2009
2;5;24;24118;24118;Villaverla;;VI;0;0;5389.0;2001;15,7801;2009;6190;2009
2;5;24;24119;24119;Zanè;;VI;0;0;6114.0;2001;7,6562;2009;6608;2009
2;5;24;24120;24120;Zermeghedo;;VI;0;0;1234.0;2001;2,9709;2009;1386;2009
2;5;24;24121;24121;Zovencedo;;VI;0;0;866.0;2001;9,0441;2009;812;2009
2;5;24;24122;24122;Zugliano;;VI;0;0;6166.0;2001;13,7230;2009;6774;2009
2;5;25;25001;25001;Agordo;;BL;0;0;4281.0;2001;23,7411;2009;4198;2009
2;5;25;25002;25002;Alano di Piave;;BL;0;0;2773.0;2001;36,5210;2009;3024;2009
2;5;25;25003;25003;Alleghe;;BL;0;0;1408.0;2001;29,7145;2009;1340;2009
2;5;25;25004;25004;Arsiè;;BL;0;0;2806.0;2001;64,7629;2009;2579;2009
2;5;25;25005;25005;Auronzo di Cadore;;BL;0;0;3616.0;2001;220,6479;2009;3541;2009
2;5;25;25006;25006;Belluno;;BL;1;0;35050.0;2001;147,2211;2009;36063;2009
2;5;25;25007;25007;Borca di Cadore;;BL;0;0;774.0;2001;26,7551;2009;828;2009
2;5;25;25008;25008;Calalzo di Cadore;;BL;0;0;2419.0;2001;43,5069;2009;2238;2009
2;5;25;25009;25009;Castellavazzo;;BL;0;0;1716.0;2001;18,3761;2009;1641;2009
2;5;25;25010;25010;Cencenighe Agordino;;BL;0;0;1484.0;2001;18,1306;2009;1456;2009
2;5;25;25011;25011;Cesiomaggiore;;BL;0;0;4084.0;2001;82,0942;2009;4229;2009
2;5;25;25012;25012;Chies d'Alpago;;BL;0;0;1570.0;2001;44,9711;2009;1443;2009
2;5;25;25013;25013;Cibiana di Cadore;;BL;0;0;483.0;2001;21,5866;2009;439;2009
2;5;25;25014;25014;Colle Santa Lucia;;BL;0;0;418.0;2001;15,3382;2009;404;2009
2;5;25;25015;25015;Comelico Superiore;;BL;0;0;2446.0;2001;96,1527;2009;2367;2009
2;5;25;25016;25016;Cortina d'Ampezzo;;BL;0;0;6085.0;2001;252,8104;2009;5990;2009
2;5;25;25017;25017;Danta di Cadore;;BL;0;0;552.0;2001;7,9544;2009;520;2009
2;5;25;25018;25018;Domegge di Cadore;;BL;0;0;2645.0;2001;50,3557;2009;2614;2009
2;5;25;25019;25019;Falcade;;BL;0;0;2207.0;2001;52,8034;2009;2070;2009
2;5;25;25020;25020;Farra d'Alpago;;BL;0;0;2703.0;2001;41,2988;2009;2818;2009
2;5;25;25021;25021;Feltre;;BL;0;0;19240.0;2001;99,7502;2009;20539;2009
2;5;25;25022;25022;Fonzaso;;BL;0;0;3414.0;2001;27,6181;2009;3388;2009
2;5;25;25023;25023;Canale d'Agordo;;BL;0;0;1236.0;2001;45,9588;2009;1213;2009
2;5;25;25024;25024;Forno di Zoldo;;BL;0;0;2892.0;2001;79,8511;2009;2573;2009
2;5;25;25025;25025;Gosaldo;;BL;0;0;884.0;2001;48,4784;2009;759;2009
2;5;25;25026;25026;Lamon;;BL;0;0;3412.0;2001;54,3610;2009;3120;2009
2;5;25;25027;25027;La Valle Agordina;;BL;0;0;1208.0;2001;48,6722;2009;1180;2009
2;5;25;25028;25028;Lentiai;;BL;0;0;2959.0;2001;37,4869;2009;3003;2009
2;5;25;25029;25029;Limana;;BL;0;0;4509.0;2001;39,1203;2009;4993;2009
2;5;25;25030;25030;Livinallongo del Col di Lana;;BL;0;0;1417.0;2001;100,0106;2009;1392;2009
2;5;25;25031;25031;Longarone;;BL;0;0;4122.0;2001;103,9839;2009;4043;2009
2;5;25;25032;25032;Lorenzago di Cadore;;BL;0;0;578.0;2001;27,3438;2009;590;2009
2;5;25;25033;25033;Lozzo di Cadore;;BL;0;0;1615.0;2001;30,4044;2009;1554;2009
2;5;25;25034;25034;Mel;;BL;0;0;6248.0;2001;86,2410;2009;6220;2009
2;5;25;25035;25035;Ospitale di Cadore;;BL;0;0;365.0;2001;39,7803;2009;345;2009
2;5;25;25036;25036;Pedavena;;BL;0;0;4387.0;2001;25,0553;2009;4399;2009
2;5;25;25037;25037;Perarolo di Cadore;;BL;0;0;362.0;2001;43,9414;2009;378;2009
2;5;25;25038;25038;Pieve d'Alpago;;BL;0;0;2028.0;2001;25,0170;2009;1991;2009
2;5;25;25039;25039;Pieve di Cadore;;BL;0;0;3858.0;2001;67,1719;2009;4007;2009
2;5;25;25040;25040;Ponte nelle Alpi;;BL;0;0;7913.0;2001;58,1401;2009;8437;2009
2;5;25;25041;25041;Puos d'Alpago;;BL;0;0;2347.0;2001;14,0163;2009;2463;2009
2;5;25;25042;25042;Quero;;BL;0;0;2312.0;2001;28,2213;2009;2535;2009
2;5;25;25043;25043;Rivamonte Agordino;;BL;0;0;688.0;2001;23,3095;2009;670;2009
2;5;25;25044;25044;Rocca Pietore;;BL;0;0;1451.0;2001;73,2930;2009;1337;2009
2;5;25;25045;25045;San Gregorio nelle Alpi;;BL;0;0;1599.0;2001;19,1176;2009;1629;2009
2;5;25;25046;25046;San Nicolò di Comelico;;BL;0;0;426.0;2001;24,1594;2009;423;2009
2;5;25;25047;25047;San Pietro di Cadore;;BL;0;0;1839.0;2001;52,1268;2009;1743;2009
2;5;25;25048;25048;Santa Giustina;;BL;0;0;6428.0;2001;35,9234;2009;6811;2009
2;5;25;25049;25049;San Tomaso Agordino;;BL;0;0;812.0;2001;19,1806;2009;718;2009
2;5;25;25050;25050;Santo Stefano di Cadore;;BL;0;0;2905.0;2001;100,6205;2009;2681;2009
2;5;25;25051;25051;San Vito di Cadore;;BL;0;0;1718.0;2001;61,6156;2009;1836;2009
2;5;25;25052;25052;Sappada;;BL;0;0;1359.0;2001;62,0616;2009;1315;2009
2;5;25;25053;25053;Sedico;;BL;0;0;8701.0;2001;91,2028;2009;9782;2009
2;5;25;25054;25054;Selva di Cadore;;BL;0;0;563.0;2001;33,3266;2009;528;2009
2;5;25;25055;25055;Seren del Grappa;;BL;0;0;2607.0;2001;62,5689;2009;2634;2009
2;5;25;25056;25056;Sospirolo;;BL;0;0;3193.0;2001;65,8581;2009;3235;2009
2;5;25;25057;25057;Soverzene;;BL;0;0;422.0;2001;14,7910;2009;427;2009
2;5;25;25058;25058;Sovramonte;;BL;0;0;1697.0;2001;50,5434;2009;1572;2009
2;5;25;25059;25059;Taibon Agordino;;BL;0;0;1772.0;2001;90,0570;2009;1807;2009
2;5;25;25060;25060;Tambre;;BL;0;0;1529.0;2001;45,2793;2009;1434;2009
2;5;25;25061;25061;Trichiana;;BL;0;0;4498.0;2001;43,9638;2009;4775;2009
2;5;25;25062;25062;Vallada Agordina;;BL;0;0;556.0;2001;12,9988;2009;519;2009
2;5;25;25063;25063;Valle di Cadore;;BL;0;0;2033.0;2001;40,6393;2009;2059;2009
2;5;25;25064;25064;Vas;;BL;0;0;864.0;2001;17,6932;2009;841;2009
2;5;25;25065;25065;Vigo di Cadore;;BL;0;0;1650.0;2001;70,0657;2009;1551;2009
2;5;25;25066;25066;Vodo Cadore;;BL;0;0;936.0;2001;46,8767;2009;883;2009
2;5;25;25067;25067;Voltago Agordino;;BL;0;0;991.0;2001;23,4693;2009;952;2009
2;5;25;25068;25068;Zoldo Alto;;BL;0;0;1184.0;2001;61,8003;2009;1041;2009
2;5;25;25069;25069;Zoppè di Cadore;;BL;0;0;303.0;2001;4,3319;2009;265;2009
2;5;26;26001;26001;Altivole;;TV;0;0;6122.0;2001;21,9467;2009;6673;2009
2;5;26;26002;26002;Arcade;;TV;0;0;3440.0;2001;8,2724;2009;4346;2009
2;5;26;26003;26003;Asolo;;TV;0;0;7605.0;2001;25,3666;2009;9011;2009
2;5;26;26004;26004;Borso del Grappa;;TV;0;0;4935.0;2001;33,1390;2009;5814;2009
2;5;26;26005;26005;Breda di Piave;;TV;0;0;6348.0;2001;25,7607;2009;7798;2009
2;5;26;26006;26006;Caerano di San Marco;;TV;0;0;7027.0;2001;12,0885;2009;7989;2009
2;5;26;26007;26007;Cappella Maggiore;;TV;0;0;4412.0;2001;11,0860;2009;4564;2009
2;5;26;26008;26008;Carbonera;;TV;0;0;9804.0;2001;19,8826;2009;10998;2009
2;5;26;26009;26009;Casale sul Sile;;TV;0;0;9461.0;2001;26,9182;2009;12565;2009
2;5;26;26010;26010;Casier;;TV;0;0;8935.0;2001;13,4259;2009;11086;2009
2;5;26;26011;26011;Castelcucco;;TV;0;0;1871.0;2001;8,7916;2009;2135;2009
2;5;26;26012;26012;Castelfranco Veneto;;TV;0;0;31486.0;2001;51,6091;2009;33220;2009
2;5;26;26013;26013;Castello di Godego;;TV;0;0;6347.0;2001;18,1316;2009;7046;2009
2;5;26;26014;26014;Cavaso del Tomba;;TV;0;0;2675.0;2001;18,9730;2009;2975;2009
2;5;26;26015;26015;Cessalto;;TV;0;0;3134.0;2001;28,1773;2009;3775;2009
2;5;26;26016;26016;Chiarano;;TV;0;0;3114.0;2001;19,9234;2009;3688;2009
2;5;26;26017;26017;Cimadolmo;;TV;0;0;3327.0;2001;17,8955;2009;3433;2009
2;5;26;26018;26018;Cison di Valmarino;;TV;0;0;2553.0;2001;28,8120;2009;2697;2009
2;5;26;26019;26019;Codognè;;TV;0;0;5068.0;2001;21,7508;2009;5314;2009
2;5;26;26020;26020;Colle Umberto;;TV;0;0;4572.0;2001;13,5797;2009;5146;2009
2;5;26;26021;26021;Conegliano;;TV;0;0;35100.0;2001;36,3830;2009;35053;2009
2;5;26;26022;26022;Cordignano;;TV;0;0;6374.0;2001;26,2400;2009;7108;2009
2;5;26;26023;26023;Cornuda;;TV;0;0;5730.0;2001;12,5336;2009;6224;2009
2;5;26;26024;26024;Crespano del Grappa;;TV;0;0;4328.0;2001;17,8100;2009;4711;2009
2;5;26;26025;26025;Crocetta del Montello;;TV;0;0;5709.0;2001;26,5682;2009;5989;2009
2;5;26;26026;26026;Farra di Soligo;;TV;0;0;7892.0;2001;28,3399;2009;8882;2009
2;5;26;26027;26027;Follina;;TV;0;0;3646.0;2001;24,0814;2009;4002;2009
2;5;26;26028;26028;Fontanelle;;TV;0;0;5471.0;2001;35,3531;2009;5812;2009
2;5;26;26029;26029;Fonte;;TV;0;0;5479.0;2001;14,5967;2009;6075;2009
2;5;26;26030;26030;Fregona;;TV;0;0;2927.0;2001;42,7315;2009;3184;2009
2;5;26;26031;26031;Gaiarine;;TV;0;0;6161.0;2001;28,7793;2009;6216;2009
2;5;26;26032;26032;Giavera del Montello;;TV;0;0;4318.0;2001;20,1875;2009;5147;2009
2;5;26;26033;26033;Godega di Sant'Urbano;;TV;0;0;5954.0;2001;24,3420;2009;6113;2009
2;5;26;26034;26034;Gorgo al Monticano;;TV;0;0;3977.0;2001;27,0877;2009;4158;2009
2;5;26;26035;26035;Istrana;;TV;0;0;7763.0;2001;26,4725;2009;9117;2009
2;5;26;26036;26036;Loria;;TV;0;0;7764.0;2001;23,2502;2009;8988;2009
2;5;26;26037;26037;Mansuè;;TV;0;0;4132.0;2001;27,0957;2009;4931;2009
2;5;26;26038;26038;Mareno di Piave;;TV;0;0;7870.0;2001;27,7706;2009;9470;2009
2;5;26;26039;26039;Maser;;TV;0;0;4846.0;2001;25,8540;2009;4943;2009
2;5;26;26040;26040;Maserada sul Piave;;TV;0;0;7575.0;2001;28,7699;2009;9306;2009
2;5;26;26041;26041;Meduna di Livenza;;TV;0;0;2702.0;2001;15,3754;2009;2955;2009
2;5;26;26042;26042;Miane;;TV;0;0;3416.0;2001;30,8836;2009;3509;2009
2;5;26;26043;26043;Mogliano Veneto;;TV;0;0;26322.0;2001;46,2562;2009;27900;2009
2;5;26;26044;26044;Monastier di Treviso;;TV;0;0;3554.0;2001;25,2614;2009;4063;2009
2;5;26;26045;26045;Monfumo;;TV;0;0;1428.0;2001;11,4548;2009;1470;2009
2;5;26;26046;26046;Montebelluna;;TV;0;0;27539.0;2001;49,0066;2009;30683;2009
2;5;26;26047;26047;Morgano;;TV;0;0;3754.0;2001;11,7458;2009;4243;2009
2;5;26;26048;26048;Moriago della Battaglia;;TV;0;0;2627.0;2001;13,7573;2009;2812;2009
2;5;26;26049;26049;Motta di Livenza;;TV;0;0;9657.0;2001;37,7775;2009;10598;2009
2;5;26;26050;26050;Nervesa della Battaglia;;TV;0;0;6653.0;2001;34,9728;2009;6363;2009
2;5;26;26051;26051;Oderzo;;TV;0;0;17316.0;2001;42,3534;2009;19978;2009
2;5;26;26052;26052;Ormelle;;TV;0;0;4087.0;2001;18,8269;2009;4500;2009
2;5;26;26053;26053;Orsago;;TV;0;0;3598.0;2001;10,7066;2009;3893;2009
2;5;26;26054;26054;Paderno del Grappa;;TV;0;0;2002.0;2001;19,5284;2009;2154;2009
2;5;26;26055;26055;Paese;;TV;0;0;18407.0;2001;38,0890;2009;21504;2009
2;5;26;26056;26056;Pederobba;;TV;0;0;7061.0;2001;27,2931;2009;7517;2009
2;5;26;26057;26057;Pieve di Soligo;;TV;0;0;10673.0;2001;19,0228;2009;12071;2009
2;5;26;26058;26058;Ponte di Piave;;TV;0;0;7128.0;2001;32,4354;2009;8168;2009
2;5;26;26059;26059;Ponzano Veneto;;TV;0;0;9783.0;2001;22,2704;2009;12156;2009
2;5;26;26060;26060;Portobuffolè;;TV;0;0;739.0;2001;5,0808;2009;804;2009
2;5;26;26061;26061;Possagno;;TV;0;0;2029.0;2001;12,1102;2009;2262;2009
2;5;26;26062;26062;Povegliano;;TV;0;0;4109.0;2001;12,9146;2009;5072;2009
2;5;26;26063;26063;Preganziol;;TV;0;0;14706.0;2001;23,1036;2009;16910;2009
2;5;26;26064;26064;Quinto di Treviso;;TV;0;0;9288.0;2001;19,0402;2009;9707;2009
2;5;26;26065;26065;Refrontolo;;TV;0;0;1805.0;2001;13,0349;2009;1785;2009
2;5;26;26066;26066;Resana;;TV;0;0;7491.0;2001;24,8912;2009;9131;2009
2;5;26;26067;26067;Revine Lago;;TV;0;0;2119.0;2001;18,7927;2009;2271;2009
2;5;26;26068;26068;Riese Pio X;;TV;0;0;9627.0;2001;30,6438;2009;10858;2009
2;5;26;26069;26069;Roncade;;TV;0;0;11911.0;2001;61,7761;2009;13930;2009
2;5;26;26070;26070;Salgareda;;TV;0;0;5574.0;2001;27,5512;2009;6601;2009
2;5;26;26071;26071;San Biagio di Callalta;;TV;0;0;11439.0;2001;48,5047;2009;13054;2009
2;5;26;26072;26072;San Fior;;TV;0;0;6153.0;2001;17,8167;2009;6812;2009
2;5;26;26073;26073;San Pietro di Feletto;;TV;0;0;4890.0;2001;19,2585;2009;5440;2009
2;5;26;26074;26074;San Polo di Piave;;TV;0;0;4536.0;2001;20,9825;2009;4972;2009
2;5;26;26075;26075;Santa Lucia di Piave;;TV;0;0;7226.0;2001;19,8094;2009;8907;2009
2;5;26;26076;26076;San Vendemiano;;TV;0;0;8776.0;2001;18,5057;2009;10005;2009
2;5;26;26077;26077;San Zenone degli Ezzelini;;TV;0;0;6506.0;2001;19,9659;2009;7381;2009
2;5;26;26078;26078;Sarmede;;TV;0;0;3004.0;2001;18,0152;2009;3216;2009
2;5;26;26079;26079;Segusino;;TV;0;0;1980.0;2001;18,2274;2009;1982;2009
2;5;26;26080;26080;Sernaglia della Battaglia;;TV;0;0;5799.0;2001;20,1513;2009;6354;2009
2;5;26;26081;26081;Silea;;TV;0;0;9114.0;2001;18,9531;2009;9916;2009
2;5;26;26082;26082;Spresiano;;TV;0;0;9251.0;2001;25,7251;2009;11587;2009
2;5;26;26083;26083;Susegana;;TV;0;0;10754.0;2001;44,0979;2009;11934;2009
2;5;26;26084;26084;Tarzo;;TV;0;0;4537.0;2001;23,9061;2009;4595;2009
2;5;26;26085;26085;Trevignano;;TV;0;0;9074.0;2001;26,4945;2009;10549;2009
2;5;26;26086;26086;Treviso;;TV;1;0;80144.0;2001;55,5787;2009;80748;2009
2;5;26;26087;26087;Valdobbiadene;;TV;0;0;10624.0;2001;62,8943;2009;10799;2009
2;5;26;26088;26088;Vazzola;;TV;0;0;6405.0;2001;26,1591;2009;7086;2009
2;5;26;26089;26089;Vedelago;;TV;0;0;13826.0;2001;61,8489;2009;16521;2009
2;5;26;26090;26090;Vidor;;TV;0;0;3405.0;2001;13,4258;2009;3803;2009
2;5;26;26091;26091;Villorba;;TV;0;0;16921.0;2001;30,5337;2009;17910;2009
2;5;26;26092;26092;Vittorio Veneto;;TV;0;0;29184.0;2001;82,8023;2009;29154;2009
2;5;26;26093;26093;Volpago del Montello;;TV;0;0;9084.0;2001;44,8222;2009;9893;2009
2;5;26;26094;26094;Zenson di Piave;;TV;0;0;1694.0;2001;9,4961;2009;1840;2009
2;5;26;26095;26095;Zero Branco;;TV;0;0;8581.0;2001;26,0637;2009;10751;2009
2;5;27;27001;27001;Annone Veneto;;VE;0;0;3490.0;2001;25,9341;2009;3957;2009
2;5;27;27002;27002;Campagna Lupia;;VE;0;0;6288.0;2001;87,6009;2009;6941;2009
2;5;27;27003;27003;Campolongo Maggiore;;VE;0;0;9196.0;2001;23,6147;2009;10202;2009
2;5;27;27004;27004;Camponogara;;VE;0;0;10905.0;2001;21,2990;2009;12696;2009
2;5;27;27005;27005;Caorle;;VE;0;0;11342.0;2001;153,8344;2009;11849;2009
2;5;27;27006;27006;Cavarzere;;VE;0;0;15504.0;2001;140,4373;2009;14906;2009
2;5;27;27007;27007;Ceggia;;VE;0;0;5096.0;2001;22,1037;2009;6130;2009
2;5;27;27008;27008;Chioggia;;VE;0;0;51779.0;2001;186,8022;2009;50317;2009
2;5;27;27009;27009;Cinto Caomaggiore;;VE;0;0;3168.0;2001;21,3147;2009;3298;2009
2;5;27;27010;27010;Cona;;VE;0;0;3253.0;2001;65,1116;2009;3226;2009
2;5;27;27011;27011;Concordia Sagittaria;;VE;0;0;10492.0;2001;66,8350;2009;10635;2009
2;5;27;27012;27012;Dolo;;VE;0;0;14442.0;2001;24,2839;2009;14929;2009
2;5;27;27013;27013;Eraclea;;VE;0;0;12460.0;2001;95,4536;2009;12778;2009
2;5;27;27014;27014;Fiesso d'Artico;;VE;0;0;5779.0;2001;6,3103;2009;7460;2009
2;5;27;27015;27015;Fossalta di Piave;;VE;0;0;4022.0;2001;9,6401;2009;4235;2009
2;5;27;27016;27016;Fossalta di Portogruaro;;VE;0;0;5843.0;2001;31,1039;2009;6031;2009
2;5;27;27017;27017;Fossò;;VE;0;0;5922.0;2001;10,1823;2009;6686;2009
2;5;27;27018;27018;Gruaro;;VE;0;0;2690.0;2001;17,4840;2009;2817;2009
2;5;27;27019;27019;Jesolo;;VE;0;0;22698.0;2001;96,3959;2009;24518;2009
2;5;27;27020;27020;Marcon;;VE;0;0;12199.0;2001;25,5176;2009;15407;2009
2;5;27;27021;27021;Martellago;;VE;0;0;19476.0;2001;20,1755;2009;21109;2009
2;5;27;27022;27022;Meolo;;VE;0;0;6054.0;2001;26,6122;2009;6450;2009
2;5;27;27023;27023;Mira;;VE;0;0;35355.0;2001;99,1379;2009;38495;2009
2;5;27;27024;27024;Mirano;;VE;0;0;26206.0;2001;45,6301;2009;26391;2009
2;5;27;27025;27025;Musile di Piave;;VE;0;0;10249.0;2001;44,8684;2009;11428;2009
2;5;27;27026;27026;Noale;;VE;0;0;14790.0;2001;24,6898;2009;15662;2009
2;5;27;27027;27027;Noventa di Piave;;VE;0;0;5952.0;2001;17,9962;2009;6662;2009
2;5;27;27028;27028;Pianiga;;VE;0;0;9168.0;2001;20,0705;2009;11730;2009
2;5;27;27029;27029;Portogruaro;;VE;0;0;24571.0;2001;102,3110;2009;25290;2009
2;5;27;27030;27030;Pramaggiore;;VE;0;0;3985.0;2001;24,2155;2009;4696;2009
2;5;27;27031;27031;Quarto d'Altino;;VE;0;0;7228.0;2001;28,3288;2009;8046;2009
2;5;27;27032;27032;Salzano;;VE;0;0;11593.0;2001;17,1835;2009;12628;2009
2;5;27;27033;27033;San Donà di Piave;;VE;0;0;35417.0;2001;78,8768;2009;40496;2009
2;5;27;27034;27034;San Michele al Tagliamento;;VE;0;0;11441.0;2001;114,4043;2009;11954;2009
2;5;27;27035;27035;Santa Maria di Sala;;VE;0;0;13685.0;2001;28,0509;2009;17262;2009
2;5;27;27036;27036;San Stino di Livenza;;VE;0;0;11763.0;2001;67,9665;2009;12978;2009
2;5;27;27037;27037;Scorzè;;VE;0;0;17295.0;2001;33,2872;2009;18984;2009
2;5;27;27038;27038;Spinea;;VE;0;0;24517.0;2001;14,9521;2009;26419;2009
2;5;27;27039;27039;Stra;;VE;0;0;7031.0;2001;8,8155;2009;7623;2009
2;5;27;27040;27040;Teglio Veneto;;VE;0;0;1979.0;2001;11,4413;2009;2289;2009
2;5;27;27041;27041;Torre di Mosto;;VE;0;0;4302.0;2001;37,9986;2009;4722;2009
2;5;27;27042;27042;Venezia;;VE;1;1;271073.0;2001;417,0199;2009;265507;2009
2;5;27;27043;27043;Vigonovo;;VE;0;0;8064.0;2001;12,8657;2009;9826;2009
2;5;27;27044;27044;Cavallino-Treporti;;VE;0;0;11824.0;2001;44,7134;2009;13138;2009
2;5;28;28001;28001;Abano Terme;;PD;0;0;18206.0;2001;21,4379;2009;19465;2009
2;5;28;28002;28002;Agna;;PD;0;0;3158.0;2001;18,7852;2009;3415;2009
2;5;28;28003;28003;Albignasego;;PD;0;0;19147.0;2001;21,1907;2009;22229;2009
2;5;28;28004;28004;Anguillara Veneta;;PD;0;0;4739.0;2001;21,5705;2009;4706;2009
2;5;28;28005;28005;Arquà Petrarca;;PD;0;0;1876.0;2001;12,5158;2009;1849;2009
2;5;28;28006;28006;Arre;;PD;0;0;2029.0;2001;12,3439;2009;2156;2009
2;5;28;28007;28007;Arzergrande;;PD;0;0;4113.0;2001;13,6428;2009;4636;2009
2;5;28;28008;28008;Bagnoli di Sopra;;PD;0;0;3882.0;2001;34,9418;2009;3744;2009
2;5;28;28009;28009;Baone;;PD;0;0;3138.0;2001;24,4195;2009;3114;2009
2;5;28;28010;28010;Barbona;;PD;0;0;780.0;2001;8,5865;2009;754;2009
2;5;28;28011;28011;Battaglia Terme;;PD;0;0;4152.0;2001;6,2290;2009;4064;2009
2;5;28;28012;28012;Boara Pisani;;PD;0;0;2507.0;2001;16,6708;2009;2645;2009
2;5;28;28013;28013;Borgoricco;;PD;0;0;6939.0;2001;20,3940;2009;8347;2009
2;5;28;28014;28014;Bovolenta;;PD;0;0;3144.0;2001;22,7799;2009;3358;2009
2;5;28;28015;28015;Brugine;;PD;0;0;6107.0;2001;19,5470;2009;6861;2009
2;5;28;28016;28016;Cadoneghe;;PD;0;0;14755.0;2001;13,2404;2009;15875;2009
2;5;28;28017;28017;Campodarsego;;PD;0;0;11474.0;2001;25,7146;2009;13810;2009
2;5;28;28018;28018;Campodoro;;PD;0;0;2170.0;2001;11,2243;2009;2694;2009
2;5;28;28019;28019;Camposampiero;;PD;0;0;10680.0;2001;21,1244;2009;11998;2009
2;5;28;28020;28020;Campo San Martino;;PD;0;0;5371.0;2001;13,1599;2009;5754;2009
2;5;28;28021;28021;Candiana;;PD;0;0;2455.0;2001;22,2680;2009;2478;2009
2;5;28;28022;28022;Carceri;;PD;0;0;1524.0;2001;9,8080;2009;1611;2009
2;5;28;28023;28023;Carmignano di Brenta;;PD;0;0;7027.0;2001;14,6277;2009;7582;2009
2;5;28;28026;28026;Cartura;;PD;0;0;4075.0;2001;16,2785;2009;4556;2009
2;5;28;28027;28027;Casale di Scodosia;;PD;0;0;4856.0;2001;21,3152;2009;4863;2009
2;5;28;28028;28028;Casalserugo;;PD;0;0;5519.0;2001;15,5043;2009;5570;2009
2;5;28;28029;28029;Castelbaldo;;PD;0;0;1697.0;2001;15,1747;2009;1666;2009
2;5;28;28030;28030;Cervarese Santa Croce;;PD;0;0;4725.0;2001;17,7049;2009;5719;2009
2;5;28;28031;28031;Cinto Euganeo;;PD;0;0;2039.0;2001;19,7569;2009;2065;2009
2;5;28;28032;28032;Cittadella;;PD;0;0;18743.0;2001;36,6785;2009;19975;2009
2;5;28;28033;28033;Codevigo;;PD;0;0;5617.0;2001;70,0181;2009;6346;2009
2;5;28;28034;28034;Conselve;;PD;0;0;8970.0;2001;24,2860;2009;10230;2009
2;5;28;28035;28035;Correzzola;;PD;0;0;5310.0;2001;42,3254;2009;5581;2009
2;5;28;28036;28036;Curtarolo;;PD;0;0;6294.0;2001;14,7289;2009;7103;2009
2;5;28;28037;28037;Este;;PD;0;0;16704.0;2001;32,8074;2009;16798;2009
2;5;28;28038;28038;Fontaniva;;PD;0;0;7460.0;2001;20,6111;2009;8162;2009
2;5;28;28039;28039;Galliera Veneta;;PD;0;0;6614.0;2001;8,9539;2009;7089;2009
2;5;28;28040;28040;Galzignano Terme;;PD;0;0;4225.0;2001;18,2007;2009;4446;2009
2;5;28;28041;28041;Gazzo;;PD;0;0;3457.0;2001;22,7096;2009;4176;2009
2;5;28;28042;28042;Grantorto;;PD;0;0;3778.0;2001;14,1597;2009;4628;2009
2;5;28;28043;28043;Granze;;PD;0;0;1671.0;2001;11,4734;2009;2019;2009
2;5;28;28044;28044;Legnaro;;PD;0;0;6895.0;2001;14,9138;2009;8442;2009
2;5;28;28045;28045;Limena;;PD;0;0;6858.0;2001;15,1539;2009;7599;2009
2;5;28;28046;28046;Loreggia;;PD;0;0;5754.0;2001;19,1159;2009;7231;2009
2;5;28;28047;28047;Lozzo Atestino;;PD;0;0;3108.0;2001;24,0731;2009;3229;2009
2;5;28;28048;28048;Maserà di Padova;;PD;0;0;7695.0;2001;17,5822;2009;9006;2009
2;5;28;28049;28049;Masi;;PD;0;0;1802.0;2001;13,7647;2009;1818;2009
2;5;28;28050;28050;Massanzago;;PD;0;0;4703.0;2001;13,2228;2009;5740;2009
2;5;28;28051;28051;Megliadino San Fidenzio;;PD;0;0;1834.0;2001;15,7090;2009;2005;2009
2;5;28;28052;28052;Megliadino San Vitale;;PD;0;0;1946.0;2001;15,2475;2009;1993;2009
2;5;28;28053;28053;Merlara;;PD;0;0;2960.0;2001;21,3457;2009;2920;2009
2;5;28;28054;28054;Mestrino;;PD;0;0;8442.0;2001;19,1899;2009;10755;2009
2;5;28;28055;28055;Monselice;;PD;0;0;17458.0;2001;50,5708;2009;17493;2009
2;5;28;28056;28056;Montagnana;;PD;0;0;9391.0;2001;45,0275;2009;9532;2009
2;5;28;28057;28057;Montegrotto Terme;;PD;0;0;10405.0;2001;15,3701;2009;10920;2009
2;5;28;28058;28058;Noventa Padovana;;PD;0;0;8083.0;2001;7,0707;2009;10770;2009
2;5;28;28059;28059;Ospedaletto Euganeo;;PD;0;0;5401.0;2001;21,4782;2009;5901;2009
2;5;28;28060;28060;Padova;;PD;1;0;204870.0;2001;92,9913;2009;208234;2009
2;5;28;28061;28061;Pernumia;;PD;0;0;3717.0;2001;13,1798;2009;3954;2009
2;5;28;28062;28062;Piacenza d'Adige;;PD;0;0;1419.0;2001;18,4890;2009;1399;2009
2;5;28;28063;28063;Piazzola sul Brenta;;PD;0;0;10682.0;2001;40,9330;2009;11083;2009
2;5;28;28064;28064;Piombino Dese;;PD;0;0;8604.0;2001;29,6450;2009;9284;2009
2;5;28;28065;28065;Piove di Sacco;;PD;0;0;17517.0;2001;35,7342;2009;18826;2009
2;5;28;28066;28066;Polverara;;PD;0;0;2345.0;2001;9,8441;2009;3023;2009
2;5;28;28067;28067;Ponso;;PD;0;0;2365.0;2001;10,8489;2009;2417;2009
2;5;28;28068;28068;Pontelongo;;PD;0;0;3759.0;2001;10,8861;2009;3971;2009
2;5;28;28069;28069;Ponte San Nicolò;;PD;0;0;12059.0;2001;13,5514;2009;13283;2009
2;5;28;28070;28070;Pozzonovo;;PD;0;0;3445.0;2001;24,6155;2009;3693;2009
2;5;28;28071;28071;Rovolon;;PD;0;0;4171.0;2001;27,6862;2009;4671;2009
2;5;28;28072;28072;Rubano;;PD;0;0;13671.0;2001;14,5191;2009;15276;2009
2;5;28;28073;28073;Saccolongo;;PD;0;0;4477.0;2001;13,9042;2009;4909;2009
2;5;28;28074;28074;Saletto;;PD;0;0;2577.0;2001;10,7354;2009;2764;2009
2;5;28;28075;28075;San Giorgio delle Pertiche;;PD;0;0;7846.0;2001;18,8580;2009;9865;2009
2;5;28;28076;28076;San Giorgio in Bosco;;PD;0;0;5834.0;2001;28,3500;2009;6299;2009
2;5;28;28077;28077;San Martino di Lupari;;PD;0;0;11420.0;2001;24,1225;2009;13129;2009
2;5;28;28078;28078;San Pietro in Gu;;PD;0;0;4367.0;2001;17,8972;2009;4606;2009
2;5;28;28079;28079;San Pietro Viminario;;PD;0;0;2481.0;2001;13,3063;2009;2945;2009
2;5;28;28080;28080;Santa Giustina in Colle;;PD;0;0;6397.0;2001;17,9676;2009;7194;2009
2;5;28;28081;28081;Santa Margherita d'Adige;;PD;0;0;2243.0;2001;12,7262;2009;2359;2009
2;5;28;28082;28082;Sant'Angelo di Piove di Sacco;;PD;0;0;6665.0;2001;13,9649;2009;7211;2009
2;5;28;28083;28083;Sant'Elena;;PD;0;0;1764.0;2001;8,9164;2009;2331;2009
2;5;28;28084;28084;Sant'Urbano;;PD;0;0;2253.0;2001;31,9186;2009;2189;2009
2;5;28;28085;28085;Saonara;;PD;0;0;8946.0;2001;13,5443;2009;9980;2009
2;5;28;28086;28086;Selvazzano Dentro;;PD;0;0;19753.0;2001;19,3179;2009;21975;2009
2;5;28;28087;28087;Solesino;;PD;0;0;7071.0;2001;10,1430;2009;7150;2009
2;5;28;28088;28088;Stanghella;;PD;0;0;4458.0;2001;19,8104;2009;4438;2009
2;5;28;28089;28089;Teolo;;PD;0;0;8277.0;2001;31,2976;2009;8775;2009
2;5;28;28090;28090;Terrassa Padovana;;PD;0;0;2128.0;2001;14,8126;2009;2530;2009
2;5;28;28091;28091;Tombolo;;PD;0;0;6944.0;2001;11,0202;2009;8131;2009
2;5;28;28092;28092;Torreglia;;PD;0;0;5880.0;2001;18,8544;2009;6211;2009
2;5;28;28093;28093;Trebaseleghe;;PD;0;0;10998.0;2001;30,6561;2009;12428;2009
2;5;28;28094;28094;Tribano;;PD;0;0;3992.0;2001;19,2264;2009;4452;2009
2;5;28;28095;28095;Urbana;;PD;0;0;2235.0;2001;17,0220;2009;2161;2009
2;5;28;28096;28096;Veggiano;;PD;0;0;2922.0;2001;16,3921;2009;4466;2009
2;5;28;28097;28097;Vescovana;;PD;0;0;1568.0;2001;22,2475;2009;1664;2009
2;5;28;28098;28098;Vighizzolo d'Este;;PD;0;0;928.0;2001;17,0826;2009;937;2009
2;5;28;28099;28099;Vigodarzere;;PD;0;0;11702.0;2001;19,6619;2009;12696;2009
2;5;28;28100;28100;Vigonza;;PD;0;0;19458.0;2001;33,2625;2009;21758;2009
2;5;28;28101;28101;Villa del Conte;;PD;0;0;5030.0;2001;17,3484;2009;5498;2009
2;5;28;28102;28102;Villa Estense;;PD;0;0;2423.0;2001;16,0063;2009;2348;2009
2;5;28;28103;28103;Villafranca Padovana;;PD;0;0;7952.0;2001;23,9403;2009;9550;2009
2;5;28;28104;28104;Villanova di Camposampiero;;PD;0;0;4849.0;2001;12,2258;2009;5829;2009
2;5;28;28105;28105;Vo';;PD;0;0;3432.0;2001;20,3664;2009;3420;2009
2;5;28;28106;28106;Due Carrare;;PD;0;0;8101.0;2001;26,5644;2009;8866;2009
2;5;29;29001;29001;Adria;;RO;0;0;20640.0;2001;113,3883;2009;20459;2009
2;5;29;29002;29002;Ariano nel Polesine;;RO;0;0;4882.0;2001;80,6257;2009;4679;2009
2;5;29;29003;29003;Arquà Polesine;;RO;0;0;2896.0;2001;19,9278;2009;2895;2009
2;5;29;29004;29004;Badia Polesine;;RO;0;0;10431.0;2001;44,3784;2009;10657;2009
2;5;29;29005;29005;Bagnolo di Po;;RO;0;0;1409.0;2001;21,1221;2009;1403;2009
2;5;29;29006;29006;Bergantino;;RO;0;0;2627.0;2001;17,9692;2009;2619;2009
2;5;29;29007;29007;Bosaro;;RO;0;0;1316.0;2001;6,1226;2009;1402;2009
2;5;29;29008;29008;Calto;;RO;0;0;865.0;2001;10,8464;2009;826;2009
2;5;29;29009;29009;Canaro;;RO;0;0;2838.0;2001;32,6428;2009;2893;2009
2;5;29;29010;29010;Canda;;RO;0;0;936.0;2001;14,5908;2009;951;2009
2;5;29;29011;29011;Castelguglielmo;;RO;0;0;1763.0;2001;21,9938;2009;1731;2009
2;5;29;29012;29012;Castelmassa;;RO;0;0;4312.0;2001;11,8401;2009;4407;2009
2;5;29;29013;29013;Castelnovo Bariano;;RO;0;0;3052.0;2001;37,9128;2009;3021;2009
2;5;29;29014;29014;Ceneselli;;RO;0;0;1871.0;2001;28,6175;2009;1906;2009
2;5;29;29015;29015;Ceregnano;;RO;0;0;3942.0;2001;30,1701;2009;3778;2009
2;5;29;29017;29017;Corbola;;RO;0;0;2645.0;2001;18,5469;2009;2570;2009
2;5;29;29018;29018;Costa di Rovigo;;RO;0;0;2956.0;2001;16,0651;2009;2747;2009
2;5;29;29019;29019;Crespino;;RO;0;0;2097.0;2001;31,8512;2009;2047;2009
2;5;29;29021;29021;Ficarolo;;RO;0;0;2764.0;2001;18,0394;2009;2653;2009
2;5;29;29022;29022;Fiesso Umbertiano;;RO;0;0;4177.0;2001;27,5664;2009;4359;2009
2;5;29;29023;29023;Frassinelle Polesine;;RO;0;0;1626.0;2001;21,9767;2009;1532;2009
2;5;29;29024;29024;Fratta Polesine;;RO;0;0;2746.0;2001;20,9323;2009;2764;2009
2;5;29;29025;29025;Gaiba;;RO;0;0;1136.0;2001;11,9708;2009;1128;2009
2;5;29;29026;29026;Gavello;;RO;0;0;1641.0;2001;24,3702;2009;1652;2009
2;5;29;29027;29027;Giacciano con Baruchella;;RO;0;0;2255.0;2001;18,4214;2009;2219;2009
2;5;29;29028;29028;Guarda Veneta;;RO;0;0;1153.0;2001;17,2027;2009;1207;2009
2;5;29;29029;29029;Lendinara;;RO;0;0;12173.0;2001;54,9928;2009;12215;2009
2;5;29;29030;29030;Loreo;;RO;0;0;3718.0;2001;39,8436;2009;3679;2009
2;5;29;29031;29031;Lusia;;RO;0;0;3587.0;2001;17,6761;2009;3595;2009
2;5;29;29032;29032;Melara;;RO;0;0;1927.0;2001;17,5785;2009;1919;2009
2;5;29;29033;29033;Occhiobello;;RO;0;0;9979.0;2001;32,3220;2009;11256;2009
2;5;29;29034;29034;Papozze;;RO;0;0;1743.0;2001;21,4846;2009;1681;2009
2;5;29;29035;29035;Pettorazza Grimani;;RO;0;0;1719.0;2001;21,4542;2009;1698;2009
2;5;29;29036;29036;Pincara;;RO;0;0;1277.0;2001;17,5588;2009;1275;2009
2;5;29;29037;29037;Polesella;;RO;0;0;3951.0;2001;16,4101;2009;4142;2009
2;5;29;29038;29038;Pontecchio Polesine;;RO;0;0;1516.0;2001;11,5315;2009;1974;2009
2;5;29;29039;29039;Porto Tolle;;RO;0;0;10666.0;2001;256,8780;2009;10186;2009
2;5;29;29040;29040;Rosolina;;RO;0;0;6144.0;2001;74,6938;2009;6497;2009
2;5;29;29041;29041;Rovigo;;RO;1;0;50289.0;2001;108,8042;2009;50352;2009
2;5;29;29042;29042;Salara;;RO;0;0;1265.0;2001;14,1589;2009;1217;2009
2;5;29;29043;29043;San Bellino;;RO;0;0;1197.0;2001;15,8712;2009;1212;2009
2;5;29;29044;29044;San Martino di Venezze;;RO;0;0;3877.0;2001;31,0454;2009;4058;2009
2;5;29;29045;29045;Stienta;;RO;0;0;3010.0;2001;24,1383;2009;3302;2009
2;5;29;29046;29046;Taglio di Po;;RO;0;0;8284.0;2001;78,6775;2009;8510;2009
2;5;29;29047;29047;Trecenta;;RO;0;0;3146.0;2001;35,1880;2009;3004;2009
2;5;29;29048;29048;Villadose;;RO;0;0;5248.0;2001;32,0739;2009;5264;2009
2;5;29;29049;29049;Villamarzana;;RO;0;0;1213.0;2001;14,1513;2009;1253;2009
2;5;29;29050;29050;Villanova del Ghebbo;;RO;0;0;2196.0;2001;11,7259;2009;2160;2009
2;5;29;29051;29051;Villanova Marchesana;;RO;0;0;1038.0;2001;18,0496;2009;1083;2009
2;5;29;29052;29052;Porto Viro;;RO;0;0;14399.0;2001;133,7667;2009;14638;2009
2;6;30;30001;30001;Aiello del Friuli;;UD;0;0;2180.0;2001;13,3473;2009;2251;2009
2;6;30;30002;30002;Amaro;;UD;0;0;751.0;2001;33,2611;2009;810;2009
2;6;30;30003;30003;Ampezzo;;UD;0;0;1161.0;2001;73,6275;2009;1067;2009
2;6;30;30004;30004;Aquileia;;UD;0;0;3329.0;2001;35,9075;2009;3494;2009
2;6;30;30005;30005;Arta Terme;;UD;0;0;2234.0;2001;42,7698;2009;2267;2009
2;6;30;30006;30006;Artegna;;UD;0;0;2904.0;2001;11,2209;2009;2921;2009
2;6;30;30007;30007;Attimis;;UD;0;0;1833.0;2001;33,2372;2009;1880;2009
2;6;30;30008;30008;Bagnaria Arsa;;UD;0;0;3428.0;2001;19,2330;2009;3572;2009
2;6;30;30009;30009;Basiliano;;UD;0;0;4894.0;2001;43,0448;2009;5393;2009
2;6;30;30010;30010;Bertiolo;;UD;0;0;2542.0;2001;26,0707;2009;2527;2009
2;6;30;30011;30011;Bicinicco;;UD;0;0;1832.0;2001;16,0085;2009;1934;2009
2;6;30;30012;30012;Bordano;;UD;0;0;786.0;2001;14,9043;2009;807;2009
2;6;30;30013;30013;Buja;;UD;0;0;6674.0;2001;25,5056;2009;6696;2009
2;6;30;30014;30014;Buttrio;;UD;0;0;3788.0;2001;17,7768;2009;4129;2009
2;6;30;30015;30015;Camino al Tagliamento;;UD;0;0;1632.0;2001;22,3179;2009;1677;2009
2;6;30;30016;30016;Campoformido;;UD;0;0;7244.0;2001;21,9325;2009;7622;2009
2;6;30;30018;30018;Carlino;;UD;0;0;2822.0;2001;30,2261;2009;2775;2009
2;6;30;30019;30019;Cassacco;;UD;0;0;2849.0;2001;11,6785;2009;2940;2009
2;6;30;30020;30020;Castions di Strada;;UD;0;0;3725.0;2001;32,8328;2009;3873;2009
2;6;30;30021;30021;Cavazzo Carnico;;UD;0;0;1140.0;2001;39,4345;2009;1113;2009
2;6;30;30022;30022;Cercivento;;UD;0;0;771.0;2001;15,7819;2009;713;2009
2;6;30;30023;30023;Cervignano del Friuli;;UD;0;0;12421.0;2001;29,1668;2009;13302;2009
2;6;30;30024;30024;Chiopris-Viscone;;UD;0;0;659.0;2001;9,2086;2009;654;2009
2;6;30;30025;30025;Chiusaforte;;UD;0;0;815.0;2001;100,1977;2009;711;2009
2;6;30;30026;30026;Cividale del Friuli;;UD;0;0;11373.0;2001;50,6458;2009;11473;2009
2;6;30;30027;30027;Codroipo;;UD;0;0;14421.0;2001;75,2141;2009;15572;2009
2;6;30;30028;30028;Colloredo di Monte Albano;;UD;0;0;2154.0;2001;21,7505;2009;2212;2009
2;6;30;30029;30029;Comeglians;;UD;0;0;637.0;2001;19,4140;2009;559;2009
2;6;30;30030;30030;Corno di Rosazzo;;UD;0;0;3308.0;2001;12,6215;2009;3333;2009
2;6;30;30031;30031;Coseano;;UD;0;0;2214.0;2001;23,7963;2009;2287;2009
2;6;30;30032;30032;Dignano;;UD;0;0;2326.0;2001;27,5407;2009;2397;2009
2;6;30;30033;30033;Dogna;;UD;0;0;259.0;2001;70,3683;2009;214;2009
2;6;30;30034;30034;Drenchia;;UD;0;0;197.0;2001;12,0083;2009;151;2009
2;6;30;30035;30035;Enemonzo;;UD;0;0;1347.0;2001;23,7602;2009;1358;2009
2;6;30;30036;30036;Faedis;;UD;0;0;3070.0;2001;46,7805;2009;3036;2009
2;6;30;30037;30037;Fagagna;;UD;0;0;6035.0;2001;37,1865;2009;6258;2009
2;6;30;30038;30038;Fiumicello;;UD;0;0;4297.0;2001;23,2433;2009;4984;2009
2;6;30;30039;30039;Flaibano;;UD;0;0;1183.0;2001;17,3236;2009;1209;2009
2;6;30;30040;30040;Forni Avoltri;;UD;0;0;735.0;2001;80,7487;2009;661;2009
2;6;30;30041;30041;Forni di Sopra;;UD;0;0;1123.0;2001;81,6626;2009;1045;2009
2;6;30;30042;30042;Forni di Sotto;;UD;0;0;716.0;2001;93,5943;2009;657;2009
2;6;30;30043;30043;Gemona del Friuli;;UD;0;0;11070.0;2001;56,0573;2009;11152;2009
2;6;30;30044;30044;Gonars;;UD;0;0;4639.0;2001;19,8169;2009;4795;2009
2;6;30;30045;30045;Grimacco;;UD;0;0;488.0;2001;16,1058;2009;399;2009
2;6;30;30046;30046;Latisana;;UD;0;0;11896.0;2001;37,7854;2009;13544;2009
2;6;30;30047;30047;Lauco;;UD;0;0;877.0;2001;34,7578;2009;800;2009
2;6;30;30048;30048;Lestizza;;UD;0;0;3890.0;2001;34,3192;2009;3942;2009
2;6;30;30049;30049;Lignano Sabbiadoro;;UD;0;0;5983.0;2001;15,7062;2009;6450;2009
2;6;30;30050;30050;Ligosullo;;UD;0;0;195.0;2001;16,8449;2009;193;2009
2;6;30;30051;30051;Lusevera;;UD;0;0;788.0;2001;53,0467;2009;724;2009
2;6;30;30052;30052;Magnano in Riviera;;UD;0;0;2288.0;2001;8,3398;2009;2387;2009
2;6;30;30053;30053;Majano;;UD;0;0;5877.0;2001;28,2752;2009;6082;2009
2;6;30;30054;30054;Malborghetto Valbruna;;UD;0;0;1036.0;2001;124,2110;2009;977;2009
2;6;30;30055;30055;Manzano;;UD;0;0;6827.0;2001;31,0425;2009;6663;2009
2;6;30;30056;30056;Marano Lagunare;;UD;0;0;2048.0;2001;85,8033;2009;1986;2009
2;6;30;30057;30057;Martignacco;;UD;0;0;5405.0;2001;26,6770;2009;6645;2009
2;6;30;30058;30058;Mereto di Tomba;;UD;0;0;2697.0;2001;27,2113;2009;2744;2009
2;6;30;30059;30059;Moggio Udinese;;UD;0;0;2095.0;2001;142,4341;2009;1858;2009
2;6;30;30060;30060;Moimacco;;UD;0;0;1557.0;2001;11,7658;2009;1645;2009
2;6;30;30061;30061;Montenars;;UD;0;0;536.0;2001;20,5915;2009;563;2009
2;6;30;30062;30062;Mortegliano;;UD;0;0;4890.0;2001;30,0528;2009;5165;2009
2;6;30;30063;30063;Moruzzo;;UD;0;0;2170.0;2001;17,7760;2009;2347;2009
2;6;30;30064;30064;Muzzana del Turgnano;;UD;0;0;2660.0;2001;24,2909;2009;2672;2009
2;6;30;30065;30065;Nimis;;UD;0;0;2825.0;2001;33,8947;2009;2803;2009
2;6;30;30066;30066;Osoppo;;UD;0;0;2889.0;2001;22,4040;2009;2979;2009
2;6;30;30067;30067;Ovaro;;UD;0;0;2220.0;2001;57,9039;2009;2078;2009
2;6;30;30068;30068;Pagnacco;;UD;0;0;4606.0;2001;14,9331;2009;5004;2009
2;6;30;30069;30069;Palazzolo dello Stella;;UD;0;0;3036.0;2001;34,5500;2009;3021;2009
2;6;30;30070;30070;Palmanova;;UD;0;0;5340.0;2001;13,2965;2009;5422;2009
2;6;30;30071;30071;Paluzza;;UD;0;0;2597.0;2001;69,7488;2009;2433;2009
2;6;30;30072;30072;Pasian di Prato;;UD;0;0;8708.0;2001;15,4140;2009;9245;2009
2;6;30;30073;30073;Paularo;;UD;0;0;2907.0;2001;84,2423;2009;2803;2009
2;6;30;30074;30074;Pavia di Udine;;UD;0;0;5477.0;2001;34,3360;2009;5812;2009
2;6;30;30075;30075;Pocenia;;UD;0;0;2577.0;2001;23,9831;2009;2634;2009
2;6;30;30076;30076;Pontebba;;UD;0;0;1768.0;2001;99,6625;2009;1559;2009
2;6;30;30077;30077;Porpetto;;UD;0;0;2683.0;2001;18,0541;2009;2702;2009
2;6;30;30078;30078;Povoletto;;UD;0;0;5276.0;2001;38,4131;2009;5617;2009
2;6;30;30079;30079;Pozzuolo del Friuli;;UD;0;0;6311.0;2001;34,3697;2009;6942;2009
2;6;30;30080;30080;Pradamano;;UD;0;0;2960.0;2001;15,9087;2009;3550;2009
2;6;30;30081;30081;Prato Carnico;;UD;0;0;1065.0;2001;81,7205;2009;966;2009
2;6;30;30082;30082;Precenicco;;UD;0;0;1508.0;2001;27,2302;2009;1497;2009
2;6;30;30083;30083;Premariacco;;UD;0;0;4001.0;2001;39,8843;2009;4205;2009
2;6;30;30084;30084;Preone;;UD;0;0;294.0;2001;22,4728;2009;285;2009
2;6;30;30085;30085;Prepotto;;UD;0;0;899.0;2001;33,2346;2009;813;2009
2;6;30;30086;30086;Pulfero;;UD;0;0;1202.0;2001;48,6760;2009;1063;2009
2;6;30;30087;30087;Ragogna;;UD;0;0;3006.0;2001;22,0271;2009;2976;2009
2;6;30;30088;30088;Ravascletto;;UD;0;0;642.0;2001;26,4796;2009;590;2009
2;6;30;30089;30089;Raveo;;UD;0;0;490.0;2001;12,5973;2009;498;2009
2;6;30;30090;30090;Reana del Rojale;;UD;0;0;4726.0;2001;20,3320;2009;5097;2009
2;6;30;30091;30091;Remanzacco;;UD;0;0;5547.0;2001;30,9879;2009;5980;2009
2;6;30;30092;30092;Resia;;UD;0;0;1285.0;2001;119,3121;2009;1120;2009
2;6;30;30093;30093;Resiutta;;UD;0;0;354.0;2001;20,3611;2009;337;2009
2;6;30;30094;30094;Rigolato;;UD;0;0;641.0;2001;30,7703;2009;539;2009
2;6;30;30095;30095;Rive d'Arcano;;UD;0;0;2284.0;2001;22,5658;2009;2436;2009
2;6;30;30096;30096;Rivignano;;UD;0;0;4015.0;2001;30,8155;2009;4460;2009
2;6;30;30097;30097;Ronchis;;UD;0;0;1966.0;2001;18,3967;2009;2025;2009
2;6;30;30098;30098;Ruda;;UD;0;0;2969.0;2001;19,4669;2009;3003;2009
2;6;30;30099;30099;San Daniele del Friuli;;UD;0;0;7893.0;2001;34,7795;2009;8146;2009
2;6;30;30100;30100;San Giorgio di Nogaro;;UD;0;0;7314.0;2001;25,9373;2009;7692;2009
2;6;30;30101;30101;San Giovanni al Natisone;;UD;0;0;5735.0;2001;24,0645;2009;6097;2009
2;6;30;30102;30102;San Leonardo;;UD;0;0;1169.0;2001;26,9436;2009;1191;2009
2;6;30;30103;30103;San Pietro al Natisone;;UD;0;0;2155.0;2001;23,9685;2009;2223;2009
2;6;30;30104;30104;Santa Maria la Longa;;UD;0;0;2313.0;2001;19,6031;2009;2429;2009
2;6;30;30105;30105;San Vito al Torre;;UD;0;0;1300.0;2001;11,9224;2009;1341;2009
2;6;30;30106;30106;San Vito di Fagagna;;UD;0;0;1617.0;2001;8,5705;2009;1700;2009
2;6;30;30107;30107;Sauris;;UD;0;0;414.0;2001;41,4910;2009;413;2009
2;6;30;30108;30108;Savogna;;UD;0;0;659.0;2001;22,1649;2009;518;2009
2;6;30;30109;30109;Sedegliano;;UD;0;0;3852.0;2001;50,5307;2009;3961;2009
2;6;30;30110;30110;Socchieve;;UD;0;0;1023.0;2001;66,1145;2009;954;2009
2;6;30;30111;30111;Stregna;;UD;0;0;456.0;2001;19,6615;2009;425;2009
2;6;30;30112;30112;Sutrio;;UD;0;0;1392.0;2001;20,7456;2009;1362;2009
2;6;30;30113;30113;Taipana;;UD;0;0;715.0;2001;65,4414;2009;698;2009
2;6;30;30114;30114;Talmassons;;UD;0;0;4114.0;2001;43,0497;2009;4178;2009
2;6;30;30116;30116;Tarcento;;UD;0;0;8716.0;2001;35,4198;2009;9107;2009
2;6;30;30117;30117;Tarvisio;;UD;0;0;5071.0;2001;208,3559;2009;4730;2009
2;6;30;30118;30118;Tavagnacco;;UD;0;0;12374.0;2001;15,3657;2009;14113;2009
2;6;30;30119;30119;Teor;;UD;0;0;1996.0;2001;16,9381;2009;1981;2009
2;6;30;30120;30120;Terzo d'Aquileia;;UD;0;0;2661.0;2001;28,3598;2009;2927;2009
2;6;30;30121;30121;Tolmezzo;;UD;0;0;10611.0;2001;64,6226;2009;10707;2009
2;6;30;30122;30122;Torreano;;UD;0;0;2266.0;2001;34,9904;2009;2257;2009
2;6;30;30123;30123;Torviscosa;;UD;0;0;3230.0;2001;48,6221;2009;3061;2009
2;6;30;30124;30124;Trasaghis;;UD;0;0;2490.0;2001;77,8492;2009;2382;2009
2;6;30;30125;30125;Treppo Carnico;;UD;0;0;660.0;2001;18,7390;2009;647;2009
2;6;30;30126;30126;Treppo Grande;;UD;0;0;1754.0;2001;11,3221;2009;1749;2009
2;6;30;30127;30127;Tricesimo;;UD;0;0;7305.0;2001;17,6830;2009;7695;2009
2;6;30;30128;30128;Trivignano Udinese;;UD;0;0;1706.0;2001;18,4599;2009;1673;2009
2;6;30;30129;30129;Udine;;UD;1;0;95030.0;2001;57,1708;2009;98406;2009
2;6;30;30130;30130;Varmo;;UD;0;0;2892.0;2001;34,9180;2009;2860;2009
2;6;30;30131;30131;Venzone;;UD;0;0;2300.0;2001;54,5509;2009;2209;2009
2;6;30;30132;30132;Verzegnis;;UD;0;0;908.0;2001;39,3306;2009;918;2009
2;6;30;30133;30133;Villa Santina;;UD;0;0;2194.0;2001;12,9947;2009;2240;2009
2;6;30;30134;30134;Villa Vicentina;;UD;0;0;1342.0;2001;5,5522;2009;1404;2009
2;6;30;30135;30135;Visco;;UD;0;0;697.0;2001;3,5195;2009;790;2009
2;6;30;30136;30136;Zuglio;;UD;0;0;642.0;2001;18,2113;2009;611;2009
2;6;30;30137;30137;Forgaria nel Friuli;;UD;0;0;1907.0;2001;28,9391;2009;1863;2009
2;6;30;30138;30138;Campolongo Tapogliano;;UD;0;0;1172.0;2001;11,0193;2009;1218;2009
2;6;31;31001;31001;Capriva del Friuli;;GO;0;0;1613.0;2001;6,3200;2009;1727;2009
2;6;31;31002;31002;Cormons;;GO;0;0;7449.0;2001;35,0850;2009;7670;2009
2;6;31;31003;31003;Doberdò del Lago-Doberdob;Doberdob;GO;0;0;1410.0;2001;27,0526;2009;1462;2009
2;6;31;31004;31004;Dolegna del Collio;;GO;0;0;435.0;2001;12,8765;2009;383;2009
2;6;31;31005;31005;Farra d'Isonzo;;GO;0;0;1712.0;2001;10,2509;2009;1759;2009
2;6;31;31006;31006;Fogliano Redipuglia;;GO;0;0;2706.0;2001;7,9242;2009;2998;2009
2;6;31;31007;31007;Gorizia;;GO;1;0;35667.0;2001;41,2626;2009;35448;2009
2;6;31;31008;31008;Gradisca d'Isonzo;;GO;0;0;6451.0;2001;11,2200;2009;6605;2009
2;6;31;31009;31009;Grado;;GO;0;0;8728.0;2001;112,8541;2009;8500;2009
2;6;31;31010;31010;Mariano del Friuli;;GO;0;0;1530.0;2001;8,5915;2009;1590;2009
2;6;31;31011;31011;Medea;;GO;0;0;937.0;2001;7,3593;2009;989;2009
2;6;31;31012;31012;Monfalcone;;GO;0;0;26393.0;2001;19,7267;2009;27601;2009
2;6;31;31013;31013;Moraro;;GO;0;0;694.0;2001;3,5653;2009;761;2009
2;6;31;31014;31014;Mossa;;GO;0;0;1643.0;2001;6,2050;2009;1664;2009
2;6;31;31015;31015;Romans d'Isonzo;;GO;0;0;3604.0;2001;15,4983;2009;3731;2009
2;6;31;31016;31016;Ronchi dei Legionari;;GO;0;0;11121.0;2001;17,1084;2009;12006;2009
2;6;31;31017;31017;Sagrado;;GO;0;0;2087.0;2001;13,9396;2009;2242;2009
2;6;31;31018;31018;San Canzian d'Isonzo;;GO;0;0;5808.0;2001;33,8862;2009;6386;2009
2;6;31;31019;31019;San Floriano del Collio-Števerjan;Števerjan;GO;0;0;821.0;2001;10,6311;2009;817;2009
2;6;31;31020;31020;San Lorenzo Isontino;;GO;0;0;1412.0;2001;4,4014;2009;1573;2009
2;6;31;31021;31021;San Pier d'Isonzo;;GO;0;0;1892.0;2001;9,0280;2009;2019;2009
2;6;31;31022;31022;Savogna d'Isonzo-Sovodnje ob Soči;Sovodnje ob Soči;GO;0;0;1722.0;2001;16,9817;2009;1745;2009
2;6;31;31023;31023;Staranzano;;GO;0;0;6642.0;2001;19,6605;2009;7119;2009
2;6;31;31024;31024;Turriaco;;GO;0;0;2437.0;2001;5,1790;2009;2712;2009
2;6;31;31025;31025;Villesse;;GO;0;0;1577.0;2001;12,0535;2009;1741;2009
2;6;32;32001;32001;Duino Aurisina-Devin Nabrežina;Devin Nabrežina;TS;0;0;8765.0;2001;45,3130;2009;8574;2009
2;6;32;32002;32002;Monrupino-Repentabor;Repentabor;TS;0;0;868.0;2001;12,6094;2009;884;2009
2;6;32;32003;32003;Muggia;;TS;0;0;13306.0;2001;13,8518;2009;13182;2009
2;6;32;32004;32004;San Dorligo della Valle-Dolina;Dolina;TS;0;0;5927.0;2001;24,2239;2009;5925;2009
2;6;32;32005;32005;Sgonico-Zgonik;Zgonik;TS;0;0;2185.0;2001;31,3996;2009;2097;2009
2;6;32;32006;32006;Trieste;;TS;1;1;211184.0;2001;84,9997;2009;203817;2009
2;8;33;33001;33001;Agazzano;;PC;0;0;2003.0;2001;36,1450;2009;2071;2009
2;8;33;33002;33002;Alseno;;PC;0;0;4661.0;2001;55,2695;2009;4805;2009
2;8;33;33003;33003;Besenzone;;PC;0;0;953.0;2001;23,9471;2009;990;2009
2;8;33;33004;33004;Bettola;;PC;0;0;3187.0;2001;122,3705;2009;3049;2009
2;8;33;33005;33005;Bobbio;;PC;0;0;3816.0;2001;106,5262;2009;3722;2009
2;8;33;33006;33006;Borgonovo Val Tidone;;PC;0;0;6866.0;2001;51,2167;2009;7542;2009
2;8;33;33007;33007;Cadeo;;PC;0;0;5459.0;2001;38,4792;2009;6091;2009
2;8;33;33008;33008;Calendasco;;PC;0;0;2311.0;2001;36,9418;2009;2475;2009
2;8;33;33009;33009;Caminata;;PC;0;0;301.0;2001;3,1686;2009;288;2009
2;8;33;33010;33010;Caorso;;PC;0;0;4511.0;2001;40,9833;2009;4895;2009
2;8;33;33011;33011;Carpaneto Piacentino;;PC;0;0;6881.0;2001;63,0763;2009;7595;2009
2;8;33;33012;33012;Castell'Arquato;;PC;0;0;4567.0;2001;52,7485;2009;4690;2009
2;8;33;33013;33013;Castel San Giovanni;;PC;0;0;11962.0;2001;44,0451;2009;13656;2009
2;8;33;33014;33014;Castelvetro Piacentino;;PC;0;0;4839.0;2001;35,0524;2009;5515;2009
2;8;33;33015;33015;Cerignale;;PC;0;0;224.0;2001;30,8170;2009;170;2009
2;8;33;33016;33016;Coli;;PC;0;0;1076.0;2001;71,6896;2009;975;2009
2;8;33;33017;33017;Corte Brugnatella;;PC;0;0;818.0;2001;46,3052;2009;703;2009
2;8;33;33018;33018;Cortemaggiore;;PC;0;0;4172.0;2001;36,4718;2009;4473;2009
2;8;33;33019;33019;Farini;;PC;0;0;1881.0;2001;112,3548;2009;1517;2009
2;8;33;33020;33020;Ferriere;;PC;0;0;2010.0;2001;178,4990;2009;1531;2009
2;8;33;33021;33021;Fiorenzuola d'Arda;;PC;0;0;13339.0;2001;59,7690;2009;14715;2009
2;8;33;33022;33022;Gazzola;;PC;0;0;1676.0;2001;44,4768;2009;2020;2009
2;8;33;33023;33023;Gossolengo;;PC;0;0;3763.0;2001;31,0994;2009;5194;2009
2;8;33;33024;33024;Gragnano Trebbiense;;PC;0;0;3470.0;2001;34,6120;2009;4331;2009
2;8;33;33025;33025;Gropparello;;PC;0;0;2369.0;2001;56,3300;2009;2428;2009
2;8;33;33026;33026;Lugagnano Val d'Arda;;PC;0;0;4202.0;2001;54,3974;2009;4260;2009
2;8;33;33027;33027;Monticelli d'Ongina;;PC;0;0;5244.0;2001;46,3361;2009;5466;2009
2;8;33;33028;33028;Morfasso;;PC;0;0;1371.0;2001;83,9336;2009;1155;2009
2;8;33;33029;33029;Nibbiano;;PC;0;0;2388.0;2001;43,9250;2009;2333;2009
2;8;33;33030;33030;Ottone;;PC;0;0;730.0;2001;98,9571;2009;597;2009
2;8;33;33031;33031;Pecorara;;PC;0;0;915.0;2001;53,7680;2009;826;2009
2;8;33;33032;33032;Piacenza;;PC;1;0;95594.0;2001;118,2346;2009;100646;2009
2;8;33;33033;33033;Pianello Val Tidone;;PC;0;0;2207.0;2001;36,2849;2009;2293;2009
2;8;33;33034;33034;Piozzano;;PC;0;0;696.0;2001;43,6068;2009;637;2009
2;8;33;33035;33035;Podenzano;;PC;0;0;7491.0;2001;44,3354;2009;8922;2009
2;8;33;33036;33036;Ponte dell'Olio;;PC;0;0;4823.0;2001;43,9148;2009;5055;2009
2;8;33;33037;33037;Pontenure;;PC;0;0;5230.0;2001;33,8481;2009;6206;2009
2;8;33;33038;33038;Rivergaro;;PC;0;0;5507.0;2001;43,8291;2009;6772;2009
2;8;33;33039;33039;Rottofreno;;PC;0;0;8844.0;2001;35,1844;2009;11254;2009
2;8;33;33040;33040;San Giorgio Piacentino;;PC;0;0;5238.0;2001;49,1940;2009;5842;2009
2;8;33;33041;33041;San Pietro in Cerro;;PC;0;0;957.0;2001;27,3456;2009;958;2009
2;8;33;33042;33042;Sarmato;;PC;0;0;2589.0;2001;27,2598;2009;2855;2009
2;8;33;33043;33043;Travo;;PC;0;0;2002.0;2001;81,0121;2009;2022;2009
2;8;33;33044;33044;Vernasca;;PC;0;0;2458.0;2001;72,5659;2009;2303;2009
2;8;33;33045;33045;Vigolzone;;PC;0;0;3556.0;2001;42,0366;2009;4235;2009
2;8;33;33046;33046;Villanova sull'Arda;;PC;0;0;1930.0;2001;36,5628;2009;1938;2009
2;8;33;33047;33047;Zerba;;PC;0;0;140.0;2001;24,1220;2009;98;2009
2;8;33;33048;33048;Ziano Piacentino;;PC;0;0;2645.0;2001;32,7783;2009;2706;2009
2;8;34;34001;34001;Albareto;;PR;0;0;2181.0;2001;104,1034;2009;2290;2009
2;8;34;34002;34002;Bardi;;PR;0;0;2719.0;2001;189,8940;2009;2405;2009
2;8;34;34003;34003;Bedonia;;PR;0;0;3823.0;2001;169,5556;2009;3683;2009
2;8;34;34004;34004;Berceto;;PR;0;0;2434.0;2001;131,7046;2009;2215;2009
2;8;34;34005;34005;Bore;;PR;0;0;904.0;2001;43,0043;2009;791;2009
2;8;34;34006;34006;Borgo Val di Taro;;PR;0;0;7084.0;2001;151,4879;2009;7214;2009
2;8;34;34007;34007;Busseto;;PR;0;0;6841.0;2001;76,5911;2009;6950;2009
2;8;34;34008;34008;Calestano;;PR;0;0;1813.0;2001;57,3542;2009;2048;2009
2;8;34;34009;34009;Collecchio;;PR;0;0;11904.0;2001;58,8310;2009;13754;2009
2;8;34;34010;34010;Colorno;;PR;0;0;7971.0;2001;48,4058;2009;8947;2009
2;8;34;34011;34011;Compiano;;PR;0;0;1097.0;2001;37,5320;2009;1141;2009
2;8;34;34012;34012;Corniglio;;PR;0;0;2314.0;2001;165,6973;2009;2119;2009
2;8;34;34013;34013;Felino;;PR;0;0;7197.0;2001;38,3458;2009;8309;2009
2;8;34;34014;34014;Fidenza;;PR;0;0;23424.0;2001;95,1166;2009;25357;2009
2;8;34;34015;34015;Fontanellato;;PR;0;0;6338.0;2001;53,9754;2009;6927;2009
2;8;34;34016;34016;Fontevivo;;PR;0;0;4874.0;2001;26,0045;2009;5490;2009
2;8;34;34017;34017;Fornovo di Taro;;PR;0;0;5984.0;2001;57,5224;2009;6202;2009
2;8;34;34018;34018;Langhirano;;PR;0;0;8388.0;2001;70,8424;2009;9665;2009
2;8;34;34019;34019;Lesignano de' Bagni;;PR;0;0;3825.0;2001;47,4850;2009;4672;2009
2;8;34;34020;34020;Medesano;;PR;0;0;9139.0;2001;88,6128;2009;10662;2009
2;8;34;34021;34021;Mezzani;;PR;0;0;2942.0;2001;27,6364;2009;3282;2009
2;8;34;34022;34022;Monchio delle Corti;;PR;0;0;1254.0;2001;69,0415;2009;1033;2009
2;8;34;34023;34023;Montechiarugolo;;PR;0;0;8903.0;2001;48,2015;2009;10367;2009
2;8;34;34024;34024;Neviano degli Arduini;;PR;0;0;3727.0;2001;105,9563;2009;3720;2009
2;8;34;34025;34025;Noceto;;PR;0;0;10631.0;2001;79,1728;2009;12270;2009
2;8;34;34026;34026;Palanzano;;PR;0;0;1352.0;2001;69,8016;2009;1215;2009
2;8;34;34027;34027;Parma;;PR;1;0;163457.0;2001;260,5979;2009;177892;2009
2;8;34;34028;34028;Pellegrino Parmense;;PR;0;0;1285.0;2001;82,2339;2009;1115;2009
2;8;34;34029;34029;Polesine Parmense;;PR;0;0;1509.0;2001;24,8900;2009;1489;2009
2;8;34;34030;34030;Roccabianca;;PR;0;0;3133.0;2001;40,4623;2009;3136;2009
2;8;34;34031;34031;Sala Baganza;;PR;0;0;4616.0;2001;30,7549;2009;5278;2009
2;8;34;34032;34032;Salsomaggiore Terme;;PR;0;0;17906.0;2001;81,4989;2009;19762;2009
2;8;34;34033;34033;San Secondo Parmense;;PR;0;0;5037.0;2001;37,7094;2009;5516;2009
2;8;34;34034;34034;Sissa;;PR;0;0;3946.0;2001;43,6405;2009;4323;2009
2;8;34;34035;34035;Solignano;;PR;0;0;1921.0;2001;73,1352;2009;1860;2009
2;8;34;34036;34036;Soragna;;PR;0;0;4358.0;2001;45,3863;2009;4788;2009
2;8;34;34037;34037;Sorbolo;;PR;0;0;8656.0;2001;39,3326;2009;9482;2009
2;8;34;34038;34038;Terenzo;;PR;0;0;1289.0;2001;72,6961;2009;1235;2009
2;8;34;34039;34039;Tizzano Val Parma;;PR;0;0;2126.0;2001;78,3864;2009;2140;2009
2;8;34;34040;34040;Tornolo;;PR;0;0;1291.0;2001;67,4779;2009;1142;2009
2;8;34;34041;34041;Torrile;;PR;0;0;5955.0;2001;37,1470;2009;7595;2009
2;8;34;34042;34042;Traversetolo;;PR;0;0;7931.0;2001;54,8602;2009;9178;2009
2;8;34;34043;34043;Trecasali;;PR;0;0;3054.0;2001;29,0776;2009;3598;2009
2;8;34;34044;34044;Valmozzola;;PR;0;0;677.0;2001;67,6414;2009;595;2009
2;8;34;34045;34045;Varano de' Melegari;;PR;0;0;2236.0;2001;64,9214;2009;2650;2009
2;8;34;34046;34046;Varsi;;PR;0;0;1520.0;2001;80,0644;2009;1299;2009
2;8;34;34048;34048;Zibello;;PR;0;0;2010.0;2001;23,6095;2009;1910;2009
2;8;35;35001;35001;Albinea;;RE;0;0;7750.0;2001;43,8882;2009;8641;2009
2;8;35;35002;35002;Bagnolo in Piano;;RE;0;0;8103.0;2001;26,9380;2009;9465;2009
2;8;35;35003;35003;Baiso;;RE;0;0;3261.0;2001;75,5530;2009;3435;2009
2;8;35;35004;35004;Bibbiano;;RE;0;0;7725.0;2001;28,1617;2009;9828;2009
2;8;35;35005;35005;Boretto;;RE;0;0;4636.0;2001;18,0967;2009;5177;2009
2;8;35;35006;35006;Brescello;;RE;0;0;4817.0;2001;24,0374;2009;5454;2009
2;8;35;35007;35007;Busana;;RE;0;0;1352.0;2001;30,4065;2009;1306;2009
2;8;35;35008;35008;Cadelbosco di Sopra;;RE;0;0;7867.0;2001;43,5938;2009;10350;2009
2;8;35;35009;35009;Campagnola Emilia;;RE;0;0;4900.0;2001;24,3929;2009;5504;2009
2;8;35;35010;35010;Campegine;;RE;0;0;4551.0;2001;22,6215;2009;5091;2009
2;8;35;35011;35011;Carpineti;;RE;0;0;4111.0;2001;89,5670;2009;4169;2009
2;8;35;35012;35012;Casalgrande;;RE;0;0;14226.0;2001;37,7072;2009;18587;2009
2;8;35;35013;35013;Casina;;RE;0;0;4392.0;2001;63,8037;2009;4525;2009
2;8;35;35014;35014;Castellarano;;RE;0;0;11774.0;2001;58,0580;2009;14809;2009
2;8;35;35015;35015;Castelnovo di Sotto;;RE;0;0;7810.0;2001;35,0143;2009;8594;2009
2;8;35;35016;35016;Castelnovo ne' Monti;;RE;0;0;10046.0;2001;96,6802;2009;10556;2009
2;8;35;35017;35017;Cavriago;;RE;0;0;8968.0;2001;17,0140;2009;9601;2009
2;8;35;35018;35018;Canossa;;RE;0;0;3377.0;2001;53,0823;2009;3747;2009
2;8;35;35019;35019;Collagna;;RE;0;0;1005.0;2001;69,8166;2009;976;2009
2;8;35;35020;35020;Correggio;;RE;0;0;20604.0;2001;77,5109;2009;24720;2009
2;8;35;35021;35021;Fabbrico;;RE;0;0;5517.0;2001;23,6331;2009;6666;2009
2;8;35;35022;35022;Gattatico;;RE;0;0;5389.0;2001;42,1447;2009;5803;2009
2;8;35;35023;35023;Gualtieri;;RE;0;0;6229.0;2001;35,6522;2009;6711;2009
2;8;35;35024;35024;Guastalla;;RE;0;0;13886.0;2001;52,9252;2009;14974;2009
2;8;35;35025;35025;Ligonchio;;RE;0;0;1005.0;2001;61,6463;2009;910;2009
2;8;35;35026;35026;Luzzara;;RE;0;0;8517.0;2001;38,6124;2009;9122;2009
2;8;35;35027;35027;Montecchio Emilia;;RE;0;0;8742.0;2001;24,3867;2009;10257;2009
2;8;35;35028;35028;Novellara;;RE;0;0;11912.0;2001;58,1064;2009;13377;2009
2;8;35;35029;35029;Poviglio;;RE;0;0;6522.0;2001;43,5507;2009;7255;2009
2;8;35;35030;35030;Quattro Castella;;RE;0;0;11204.0;2001;46,3054;2009;12923;2009
2;8;35;35031;35031;Ramiseto;;RE;0;0;1468.0;2001;96,3061;2009;1338;2009
2;8;35;35032;35032;Reggiolo;;RE;0;0;8559.0;2001;42,6605;2009;9198;2009
2;8;35;35033;35033;Reggio nell'Emilia;;RE;1;0;141877.0;2001;230,6650;2009;162064;2009
2;8;35;35034;35034;Rio Saliceto;;RE;0;0;5258.0;2001;22,5618;2009;5974;2009
2;8;35;35035;35035;Rolo;;RE;0;0;3631.0;2001;14,1697;2009;4061;2009
2;8;35;35036;35036;Rubiera;;RE;0;0;11458.0;2001;25,1955;2009;14416;2009
2;8;35;35037;35037;San Martino in Rio;;RE;0;0;6484.0;2001;22,7176;2009;7805;2009
2;8;35;35038;35038;San Polo d'Enza;;RE;0;0;5221.0;2001;32,2932;2009;5869;2009
2;8;35;35039;35039;Sant'Ilario d'Enza;;RE;0;0;9702.0;2001;20,2317;2009;10770;2009
2;8;35;35040;35040;Scandiano;;RE;0;0;22839.0;2001;50,0477;2009;24610;2009
2;8;35;35041;35041;Toano;;RE;0;0;4264.0;2001;67,2538;2009;4510;2009
2;8;35;35042;35042;Vetto;;RE;0;0;1972.0;2001;53,3728;2009;1959;2009
2;8;35;35043;35043;Vezzano sul Crostolo;;RE;0;0;3797.0;2001;37,8178;2009;4305;2009
2;8;35;35044;35044;Viano;;RE;0;0;3017.0;2001;44,9712;2009;3392;2009
2;8;35;35045;35045;Villa Minozzo;;RE;0;0;4147.0;2001;168,0792;2009;3948;2009
2;8;36;36001;36001;Bastiglia;;MO;0;0;3359.0;2001;10,4662;2009;4021;2009
2;8;36;36002;36002;Bomporto;;MO;0;0;7583.0;2001;38,8736;2009;9411;2009
2;8;36;36003;36003;Campogalliano;;MO;0;0;7762.0;2001;35,6891;2009;8405;2009
2;8;36;36004;36004;Camposanto;;MO;0;0;3051.0;2001;22,7071;2009;3204;2009
2;8;36;36005;36005;Carpi;;MO;0;0;61476.0;2001;131,5407;2009;66949;2009
2;8;36;36006;36006;Castelfranco Emilia;;MO;0;0;25096.0;2001;102,5111;2009;31077;2009
2;8;36;36007;36007;Castelnuovo Rangone;;MO;0;0;12096.0;2001;22,4211;2009;14074;2009
2;8;36;36008;36008;Castelvetro di Modena;;MO;0;0;9589.0;2001;49,7494;2009;10791;2009
2;8;36;36009;36009;Cavezzo;;MO;0;0;6722.0;2001;26,7719;2009;7194;2009
2;8;36;36010;36010;Concordia sulla Secchia;;MO;0;0;8337.0;2001;40,9637;2009;8899;2009
2;8;36;36011;36011;Fanano;;MO;0;0;2910.0;2001;89,9086;2009;3092;2009
2;8;36;36012;36012;Finale Emilia;;MO;0;0;15141.0;2001;105,1257;2009;15791;2009
2;8;36;36013;36013;Fiorano Modenese;;MO;0;0;16137.0;2001;26,2741;2009;16915;2009
2;8;36;36014;36014;Fiumalbo;;MO;0;0;1370.0;2001;39,1401;2009;1297;2009
2;8;36;36015;36015;Formigine;;MO;0;0;30073.0;2001;46,4536;2009;33296;2009
2;8;36;36016;36016;Frassinoro;;MO;0;0;2154.0;2001;95,4588;2009;2055;2009
2;8;36;36017;36017;Guiglia;;MO;0;0;3739.0;2001;48,2960;2009;4116;2009
2;8;36;36018;36018;Lama Mocogno;;MO;0;0;3032.0;2001;63,9070;2009;2929;2009
2;8;36;36019;36019;Maranello;;MO;0;0;15912.0;2001;32,5808;2009;16679;2009
2;8;36;36020;36020;Marano sul Panaro;;MO;0;0;3750.0;2001;45,4655;2009;4589;2009
2;8;36;36021;36021;Medolla;;MO;0;0;5573.0;2001;26,9959;2009;6303;2009
2;8;36;36022;36022;Mirandola;;MO;0;0;22068.0;2001;137,0836;2009;24183;2009
2;8;36;36023;36023;Modena;;MO;1;0;175502.0;2001;183,1907;2009;179855;2009
2;8;36;36024;36024;Montecreto;;MO;0;0;929.0;2001;31,2213;2009;1005;2009
2;8;36;36025;36025;Montefiorino;;MO;0;0;2317.0;2001;45,2770;2009;2245;2009
2;8;36;36026;36026;Montese;;MO;0;0;3181.0;2001;81,0046;2009;3421;2009
2;8;36;36027;36027;Nonantola;;MO;0;0;12530.0;2001;55,3200;2009;15235;2009
2;8;36;36028;36028;Novi di Modena;;MO;0;0;10427.0;2001;51,8224;2009;11044;2009
2;8;36;36029;36029;Palagano;;MO;0;0;2466.0;2001;60,4110;2009;2430;2009
2;8;36;36030;36030;Pavullo nel Frignano;;MO;0;0;15119.0;2001;143,7304;2009;17225;2009
2;8;36;36031;36031;Pievepelago;;MO;0;0;2120.0;2001;76,5329;2009;2340;2009
2;8;36;36032;36032;Polinago;;MO;0;0;1867.0;2001;53,7388;2009;1771;2009
2;8;36;36033;36033;Prignano sulla Secchia;;MO;0;0;3551.0;2001;79,5481;2009;3780;2009
2;8;36;36034;36034;Ravarino;;MO;0;0;5316.0;2001;28,5303;2009;6250;2009
2;8;36;36035;36035;Riolunato;;MO;0;0;737.0;2001;44,9129;2009;763;2009
2;8;36;36036;36036;San Cesario sul Panaro;;MO;0;0;5302.0;2001;27,3098;2009;5994;2009
2;8;36;36037;36037;San Felice sul Panaro;;MO;0;0;10055.0;2001;51,6636;2009;10901;2009
2;8;36;36038;36038;San Possidonio;;MO;0;0;3500.0;2001;17,0582;2009;3757;2009
2;8;36;36039;36039;San Prospero;;MO;0;0;4448.0;2001;34,5570;2009;5744;2009
2;8;36;36040;36040;Sassuolo;;MO;0;0;39852.0;2001;38,6472;2009;40698;2009
2;8;36;36041;36041;Savignano sul Panaro;;MO;0;0;8325.0;2001;25,5537;2009;9289;2009
2;8;36;36042;36042;Serramazzoni;;MO;0;0;6883.0;2001;94,0778;2009;8210;2009
2;8;36;36043;36043;Sestola;;MO;0;0;2670.0;2001;52,4711;2009;2627;2009
2;8;36;36044;36044;Soliera;;MO;0;0;13222.0;2001;50,9282;2009;15092;2009
2;8;36;36045;36045;Spilamberto;;MO;0;0;10973.0;2001;29,8449;2009;11966;2009
2;8;36;36046;36046;Vignola;;MO;0;0;21178.0;2001;22,8613;2009;24174;2009
2;8;36;36047;36047;Zocca;;MO;0;0;4593.0;2001;69,3646;2009;4927;2009
2;8;37;37001;37001;Anzola dell'Emilia;;BO;0;0;10373.0;2001;36,5961;2009;11818;2009
2;8;37;37002;37002;Argelato;;BO;0;0;8680.0;2001;35,1032;2009;9647;2009
2;8;37;37003;37003;Baricella;;BO;0;0;5624.0;2001;45,4835;2009;6538;2009
2;8;37;37004;37004;Bazzano;;BO;0;0;6103.0;2001;13,9855;2009;6710;2009
2;8;37;37005;37005;Bentivoglio;;BO;0;0;4557.0;2001;51,1059;2009;5112;2009
2;8;37;37006;37006;Bologna;;BO;1;1;371217.0;2001;140,8567;2009;370755;2009
2;8;37;37007;37007;Borgo Tossignano;;BO;0;0;3023.0;2001;29,2729;2009;3297;2009
2;8;37;37008;37008;Budrio;;BO;0;0;15403.0;2001;120,1849;2009;17582;2009
2;8;37;37009;37009;Calderara di Reno;;BO;0;0;11638.0;2001;40,7514;2009;12966;2009
2;8;37;37010;37010;Camugnano;;BO;0;0;2132.0;2001;96,6025;2009;2072;2009
2;8;37;37011;37011;Casalecchio di Reno;;BO;0;0;33029.0;2001;17,3333;2009;34953;2009
2;8;37;37012;37012;Casalfiumanese;;BO;0;0;2926.0;2001;82,0408;2009;3434;2009
2;8;37;37013;37013;Castel d'Aiano;;BO;0;0;1822.0;2001;45,2605;2009;1985;2009
2;8;37;37014;37014;Castel del Rio;;BO;0;0;1252.0;2001;52,4651;2009;1260;2009
2;8;37;37015;37015;Castel di Casio;;BO;0;0;3174.0;2001;47,3224;2009;3483;2009
2;8;37;37016;37016;Castel Guelfo di Bologna;;BO;0;0;3473.0;2001;28,6222;2009;4195;2009
2;8;37;37017;37017;Castello d'Argile;;BO;0;0;5051.0;2001;29,0705;2009;6401;2009
2;8;37;37018;37018;Castello di Serravalle;;BO;0;0;3977.0;2001;39,2379;2009;4967;2009
2;8;37;37019;37019;Castel Maggiore;;BO;0;0;16068.0;2001;30,9004;2009;17113;2009
2;8;37;37020;37020;Castel San Pietro Terme;;BO;0;0;19153.0;2001;148,4148;2009;20446;2009
2;8;37;37021;37021;Castenaso;;BO;0;0;13607.0;2001;35,7335;2009;14167;2009
2;8;37;37022;37022;Castiglione dei Pepoli;;BO;0;0;6008.0;2001;65,7577;2009;6017;2009
2;8;37;37023;37023;Crespellano;;BO;0;0;7787.0;2001;37,4976;2009;9790;2009
2;8;37;37024;37024;Crevalcore;;BO;0;0;11894.0;2001;102,7526;2009;13519;2009
2;8;37;37025;37025;Dozza;;BO;0;0;5629.0;2001;24,2317;2009;6384;2009
2;8;37;37026;37026;Fontanelice;;BO;0;0;1797.0;2001;36,5571;2009;1900;2009
2;8;37;37027;37027;Gaggio Montano;;BO;0;0;4771.0;2001;58,6696;2009;5196;2009
2;8;37;37028;37028;Galliera;;BO;0;0;5183.0;2001;37,1535;2009;5576;2009
2;8;37;37029;37029;Granaglione;;BO;0;0;2116.0;2001;39,6887;2009;2238;2009
2;8;37;37030;37030;Granarolo dell'Emilia;;BO;0;0;8696.0;2001;34,3692;2009;10285;2009
2;8;37;37031;37031;Grizzana Morandi;;BO;0;0;3694.0;2001;77,4024;2009;4025;2009
2;8;37;37032;37032;Imola;;BO;0;0;64348.0;2001;205,0214;2009;68053;2009
2;8;37;37033;37033;Lizzano in Belvedere;;BO;0;0;2253.0;2001;85,4499;2009;2377;2009
2;8;37;37034;37034;Loiano;;BO;0;0;4158.0;2001;52,4056;2009;4498;2009
2;8;37;37035;37035;Malalbergo;;BO;0;0;7248.0;2001;53,8160;2009;8692;2009
2;8;37;37036;37036;Marzabotto;;BO;0;0;6262.0;2001;74,5263;2009;6662;2009
2;8;37;37037;37037;Medicina;;BO;0;0;13570.0;2001;159,0922;2009;16397;2009
2;8;37;37038;37038;Minerbio;;BO;0;0;7558.0;2001;43,0660;2009;8625;2009
2;8;37;37039;37039;Molinella;;BO;0;0;13727.0;2001;127,8402;2009;15641;2009
2;8;37;37040;37040;Monghidoro;;BO;0;0;3618.0;2001;48,2750;2009;3881;2009
2;8;37;37041;37041;Monterenzio;;BO;0;0;5177.0;2001;105,2528;2009;5873;2009
2;8;37;37042;37042;Monte San Pietro;;BO;0;0;10280.0;2001;74,6857;2009;10973;2009
2;8;37;37043;37043;Monteveglio;;BO;0;0;4481.0;2001;32,5675;2009;5235;2009
2;8;37;37044;37044;Monzuno;;BO;0;0;5254.0;2001;65,0081;2009;6331;2009
2;8;37;37045;37045;Mordano;;BO;0;0;4246.0;2001;21,4513;2009;4601;2009
2;8;37;37046;37046;Ozzano dell'Emilia;;BO;0;0;10459.0;2001;64,9471;2009;12537;2009
2;8;37;37047;37047;Pianoro;;BO;0;0;16181.0;2001;107,1289;2009;17079;2009
2;8;37;37048;37048;Pieve di Cento;;BO;0;0;6658.0;2001;15,9370;2009;6976;2009
2;8;37;37049;37049;Porretta Terme;;BO;0;0;4646.0;2001;33,9262;2009;4766;2009
2;8;37;37050;37050;Sala Bolognese;;BO;0;0;6273.0;2001;45,6371;2009;8316;2009
2;8;37;37051;37051;San Benedetto Val di Sambro;;BO;0;0;4375.0;2001;66,4634;2009;4512;2009
2;8;37;37052;37052;San Giorgio di Piano;;BO;0;0;6260.0;2001;30,4325;2009;8079;2009
2;8;37;37053;37053;San Giovanni in Persiceto;;BO;0;0;24007.0;2001;114,4106;2009;26731;2009
2;8;37;37054;37054;San Lazzaro di Savena;;BO;0;0;29446.0;2001;44,7240;2009;30988;2009
2;8;37;37055;37055;San Pietro in Casale;;BO;0;0;9866.0;2001;65,8561;2009;11576;2009
2;8;37;37056;37056;Sant'Agata Bolognese;;BO;0;0;5973.0;2001;34,7917;2009;7214;2009
2;8;37;37057;37057;Sasso Marconi;;BO;0;0;13793.0;2001;96,4485;2009;14615;2009
2;8;37;37058;37058;Savigno;;BO;0;0;2556.0;2001;54,8431;2009;2858;2009
2;8;37;37059;37059;Vergato;;BO;0;0;6730.0;2001;59,9401;2009;7700;2009
2;8;37;37060;37060;Zola Predosa;;BO;0;0;15965.0;2001;37,7471;2009;17950;2009
2;8;38;38001;38001;Argenta;;FE;0;0;21648.0;2001;311,6633;2009;22359;2009
2;8;38;38002;38002;Berra;;FE;0;0;5832.0;2001;68,6328;2009;5325;2009
2;8;38;38003;38003;Bondeno;;FE;0;0;15741.0;2001;174,7618;2009;15308;2009
2;8;38;38004;38004;Cento;;FE;0;0;29297.0;2001;64,7415;2009;34734;2009
2;8;38;38005;38005;Codigoro;;FE;0;0;13057.0;2001;170,0719;2009;12546;2009
2;8;38;38006;38006;Comacchio;;FE;0;0;20320.0;2001;284,1224;2009;22611;2009
2;8;38;38007;38007;Copparo;;FE;0;0;18057.0;2001;157,0051;2009;17320;2009
2;8;38;38008;38008;Ferrara;;FE;1;0;130992.0;2001;405,1548;2009;133699;2009
2;8;38;38009;38009;Formignana;;FE;0;0;2840.0;2001;22,4347;2009;2818;2009
2;8;38;38010;38010;Jolanda di Savoia;;FE;0;0;3351.0;2001;108,3382;2009;3118;2009
2;8;38;38011;38011;Lagosanto;;FE;0;0;4398.0;2001;34,4368;2009;4826;2009
2;8;38;38012;38012;Masi Torello;;FE;0;0;2334.0;2001;22,7068;2009;2392;2009
2;8;38;38013;38013;Massa Fiscaglia;;FE;0;0;3819.0;2001;58,2715;2009;3690;2009
2;8;38;38014;38014;Mesola;;FE;0;0;7470.0;2001;84,2906;2009;7163;2009
2;8;38;38015;38015;Migliarino;;FE;0;0;3674.0;2001;35,4716;2009;3675;2009
2;8;38;38016;38016;Mirabello;;FE;0;0;3334.0;2001;16,2452;2009;3482;2009
2;8;38;38017;38017;Ostellato;;FE;0;0;6944.0;2001;173,3405;2009;6574;2009
2;8;38;38018;38018;Poggio Renatico;;FE;0;0;7679.0;2001;80,2297;2009;9442;2009
2;8;38;38019;38019;Portomaggiore;;FE;0;0;11907.0;2001;126,6429;2009;12296;2009
2;8;38;38020;38020;Ro;;FE;0;0;3811.0;2001;43,1978;2009;3377;2009
2;8;38;38021;38021;Sant'Agostino;;FE;0;0;6139.0;2001;34,7894;2009;7061;2009
2;8;38;38022;38022;Vigarano Mainarda;;FE;0;0;6584.0;2001;42,0155;2009;7331;2009
2;8;38;38023;38023;Voghiera;;FE;0;0;3945.0;2001;40,3280;2009;3889;2009
2;8;38;38024;38024;Tresigallo;;FE;0;0;4757.0;2001;20,6244;2009;4600;2009
2;8;38;38025;38025;Goro;;FE;0;0;4092.0;2001;33,1668;2009;3976;2009
2;8;38;38026;38026;Migliaro;;FE;0;0;2301.0;2001;22,3751;2009;2259;2009
2;8;39;39001;39001;Alfonsine;;RA;0;0;11724.0;2001;106,7904;2009;12323;2009
2;8;39;39002;39002;Bagnacavallo;;RA;0;0;16122.0;2001;79,5792;2009;16645;2009
2;8;39;39003;39003;Bagnara di Romagna;;RA;0;0;1761.0;2001;9,9578;2009;2247;2009
2;8;39;39004;39004;Brisighella;;RA;0;0;7500.0;2001;194,3336;2009;7778;2009
2;8;39;39005;39005;Casola Valsenio;;RA;0;0;2844.0;2001;84,5001;2009;2773;2009
2;8;39;39006;39006;Castel Bolognese;;RA;0;0;8212.0;2001;32,3734;2009;9417;2009
2;8;39;39007;39007;Cervia;;RA;0;0;25892.0;2001;82,2737;2009;28789;2009
2;8;39;39008;39008;Conselice;;RA;0;0;8822.0;2001;60,1994;2009;9841;2009
2;8;39;39009;39009;Cotignola;;RA;0;0;6875.0;2001;35,1390;2009;7421;2009
2;8;39;39010;39010;Faenza;;RA;0;0;53641.0;2001;215,7525;2009;57363;2009
2;8;39;39011;39011;Fusignano;;RA;0;0;7516.0;2001;24,5495;2009;8396;2009
2;8;39;39012;39012;Lugo;;RA;0;0;31603.0;2001;117,0548;2009;32405;2009
2;8;39;39013;39013;Massa Lombarda;;RA;0;0;8518.0;2001;37,2479;2009;10414;2009
2;8;39;39014;39014;Ravenna;;RA;1;0;134631.0;2001;654,3976;2009;153522;2009
2;8;39;39015;39015;Riolo Terme;;RA;0;0;5336.0;2001;44,2582;2009;5780;2009
2;8;39;39016;39016;Russi;;RA;0;0;10503.0;2001;46,2639;2009;11920;2009
2;8;39;39017;39017;Sant'Agata sul Santerno;;RA;0;0;2131.0;2001;9,3707;2009;2777;2009
2;8;39;39018;39018;Solarolo;;RA;0;0;4216.0;2001;26,0383;2009;4494;2009
2;8;40;40001;40001;Bagno di Romagna;;FC;0;0;6108.0;2001;233,5143;2009;6152;2009
2;8;40;40003;40003;Bertinoro;;FC;0;0;9307.0;2001;57,2402;2009;10778;2009
2;8;40;40004;40004;Borghi;;FC;0;0;2034.0;2001;30,2325;2009;2689;2009
2;8;40;40005;40005;Castrocaro Terme e Terra del Sole;;FC;0;0;6025.0;2001;38,9501;2009;6537;2009
2;8;40;40007;40007;Cesena;;FC;0;0;90948.0;2001;249,4132;2009;95506;2009
2;8;40;40008;40008;Cesenatico;;FC;0;0;21716.0;2001;45,1691;2009;25141;2009
2;8;40;40009;40009;Civitella di Romagna;;FC;0;0;3794.0;2001;117,9279;2009;3776;2009
2;8;40;40011;40011;Dovadola;;FC;0;0;1583.0;2001;38,9702;2009;1712;2009
2;8;40;40012;40012;Forlì;;FC;1;0;108335.0;2001;228,1974;2009;116588;2009
2;8;40;40013;40013;Forlimpopoli;;FC;0;0;11442.0;2001;24,4588;2009;12864;2009
2;8;40;40014;40014;Galeata;;FC;0;0;2291.0;2001;63,1294;2009;2498;2009
2;8;40;40015;40015;Gambettola;;FC;0;0;9416.0;2001;7,7738;2009;10228;2009
2;8;40;40016;40016;Gatteo;;FC;0;0;6799.0;2001;14,1380;2009;8590;2009
2;8;40;40018;40018;Longiano;;FC;0;0;5587.0;2001;23,6261;2009;6804;2009
2;8;40;40019;40019;Meldola;;FC;0;0;9377.0;2001;79,0703;2009;10077;2009
2;8;40;40020;40020;Mercato Saraceno;;FC;0;0;6185.0;2001;99,3352;2009;6975;2009
2;8;40;40022;40022;Modigliana;;FC;0;0;4744.0;2001;101,1613;2009;4770;2009
2;8;40;40028;40028;Montiano;;FC;0;0;1591.0;2001;9,2600;2009;1693;2009
2;8;40;40031;40031;Portico e San Benedetto;;FC;0;0;863.0;2001;61,0420;2009;799;2009
2;8;40;40032;40032;Predappio;;FC;0;0;6149.0;2001;91,3883;2009;6471;2009
2;8;40;40033;40033;Premilcuore;;FC;0;0;889.0;2001;98,5528;2009;824;2009
2;8;40;40036;40036;Rocca San Casciano;;FC;0;0;2116.0;2001;50,5580;2009;2062;2009
2;8;40;40037;40037;Roncofreddo;;FC;0;0;2819.0;2001;51,5310;2009;3362;2009
2;8;40;40041;40041;San Mauro Pascoli;;FC;0;0;9435.0;2001;17,2861;2009;10758;2009
2;8;40;40043;40043;Santa Sofia;;FC;0;0;4276.0;2001;148,8676;2009;4285;2009
2;8;40;40044;40044;Sarsina;;FC;0;0;3693.0;2001;100,7145;2009;3660;2009
2;8;40;40045;40045;Savignano sul Rubicone;;FC;0;0;14786.0;2001;23,3027;2009;17260;2009
2;8;40;40046;40046;Sogliano al Rubicone;;FC;0;0;2890.0;2001;93,4263;2009;3185;2009
2;8;40;40049;40049;Tredozio;;FC;0;0;1317.0;2001;62,1952;2009;1304;2009
2;8;40;40050;40050;Verghereto;;FC;0;0;2027.0;2001;117,8860;2009;1982;2009
3;11;41;41001;41001;Acqualagna;;PU;0;0;4178.0;2001;50,6846;2009;4460;2009
3;11;41;41002;41002;Apecchio;;PU;0;0;2112.0;2001;103,0969;2009;2051;2009
3;11;41;41003;41003;Auditore;;PU;0;0;1425.0;2001;20,6379;2009;1616;2009
3;11;41;41004;41004;Barchi;;PU;0;0;985.0;2001;17,2569;2009;1002;2009
3;11;41;41005;41005;Belforte all'Isauro;;PU;0;0;697.0;2001;12,2911;2009;807;2009
3;11;41;41006;41006;Borgo Pace;;PU;0;0;661.0;2001;56,2126;2009;657;2009
3;11;41;41007;41007;Cagli;;PU;0;0;9076.0;2001;226,4583;2009;9001;2009
3;11;41;41008;41008;Cantiano;;PU;0;0;2547.0;2001;83,2496;2009;2416;2009
3;11;41;41009;41009;Carpegna;;PU;0;0;1605.0;2001;28,9405;2009;1664;2009
3;11;41;41010;41010;Cartoceto;;PU;0;0;6490.0;2001;23,2029;2009;7910;2009
3;11;41;41012;41012;Colbordolo;;PU;0;0;5087.0;2001;27,8393;2009;6264;2009
3;11;41;41013;41013;Fano;;PU;0;0;57529.0;2001;121,6672;2009;63055;2009
3;11;41;41014;41014;Fermignano;;PU;0;0;7598.0;2001;43,7023;2009;8632;2009
3;11;41;41015;41015;Fossombrone;;PU;0;0;9591.0;2001;106,8757;2009;9953;2009
3;11;41;41016;41016;Fratte Rosa;;PU;0;0;1034.0;2001;15,6301;2009;1012;2009
3;11;41;41017;41017;Frontino;;PU;0;0;369.0;2001;10,3672;2009;297;2009
3;11;41;41018;41018;Frontone;;PU;0;0;1301.0;2001;36,0738;2009;1362;2009
3;11;41;41019;41019;Gabicce Mare;;PU;0;0;5356.0;2001;4,9334;2009;5825;2009
3;11;41;41020;41020;Gradara;;PU;0;0;3381.0;2001;17,5254;2009;4566;2009
3;11;41;41021;41021;Isola del Piano;;PU;0;0;664.0;2001;23,3025;2009;656;2009
3;11;41;41022;41022;Lunano;;PU;0;0;1232.0;2001;15,0145;2009;1484;2009
3;11;41;41023;41023;Macerata Feltria;;PU;0;0;2025.0;2001;40,0743;2009;2108;2009
3;11;41;41025;41025;Mercatello sul Metauro;;PU;0;0;1448.0;2001;68,3482;2009;1476;2009
3;11;41;41026;41026;Mercatino Conca;;PU;0;0;1029.0;2001;13,9454;2009;1132;2009
3;11;41;41027;41027;Mombaroccio;;PU;0;0;1755.0;2001;28,2061;2009;2161;2009
3;11;41;41028;41028;Mondavio;;PU;0;0;3851.0;2001;29,6356;2009;3996;2009
3;11;41;41029;41029;Mondolfo;;PU;0;0;11090.0;2001;22,8220;2009;11864;2009
3;11;41;41030;41030;Montecalvo in Foglia;;PU;0;0;2363.0;2001;18,2469;2009;2774;2009
3;11;41;41031;41031;Monte Cerignone;;PU;0;0;688.0;2001;18,2354;2009;666;2009
3;11;41;41032;41032;Monteciccardo;;PU;0;0;1296.0;2001;26,0451;2009;1720;2009
3;11;41;41033;41033;Montecopiolo;;PU;0;0;1264.0;2001;35,8116;2009;1240;2009
3;11;41;41034;41034;Montefelcino;;PU;0;0;2569.0;2001;39,0064;2009;2809;2009
3;11;41;41035;41035;Monte Grimano Terme;;PU;0;0;1155.0;2001;23,9679;2009;1225;2009
3;11;41;41036;41036;Montelabbate;;PU;0;0;5345.0;2001;19,5642;2009;6689;2009
3;11;41;41037;41037;Montemaggiore al Metauro;;PU;0;0;2123.0;2001;13,3124;2009;2716;2009
3;11;41;41038;41038;Monte Porzio;;PU;0;0;2227.0;2001;18,2874;2009;2743;2009
3;11;41;41040;41040;Orciano di Pesaro;;PU;0;0;2268.0;2001;23,7946;2009;2200;2009
3;11;41;41041;41041;Peglio;;PU;0;0;727.0;2001;21,3609;2009;752;2009
3;11;41;41043;41043;Pergola;;PU;0;0;6810.0;2001;112,3960;2009;6647;2009
3;11;41;41044;41044;Pesaro;;PU;1;0;91086.0;2001;126,7650;2009;94800;2009
3;11;41;41045;41045;Petriano;;PU;0;0;2457.0;2001;11,2714;2009;2917;2009
3;11;41;41046;41046;Piagge;;PU;0;0;970.0;2001;9,9152;2009;1024;2009
3;11;41;41047;41047;Piandimeleto;;PU;0;0;1962.0;2001;39,9008;2009;2106;2009
3;11;41;41048;41048;Pietrarubbia;;PU;0;0;708.0;2001;13,2885;2009;705;2009
3;11;41;41049;41049;Piobbico;;PU;0;0;2046.0;2001;48,1974;2009;2129;2009
3;11;41;41050;41050;Saltara;;PU;0;0;5101.0;2001;9,9853;2009;6696;2009
3;11;41;41051;41051;San Costanzo;;PU;0;0;4120.0;2001;40,8859;2009;4945;2009
3;11;41;41052;41052;San Giorgio di Pesaro;;PU;0;0;1307.0;2001;19,3992;2009;1437;2009
3;11;41;41054;41054;San Lorenzo in Campo;;PU;0;0;3356.0;2001;28,7981;2009;3520;2009
3;11;41;41056;41056;Sant'Angelo in Lizzola;;PU;0;0;6810.0;2001;11,7291;2009;8543;2009
3;11;41;41057;41057;Sant'Angelo in Vado;;PU;0;0;3868.0;2001;67,3376;2009;4110;2009
3;11;41;41058;41058;Sant'Ippolito;;PU;0;0;1513.0;2001;19,8758;2009;1599;2009
3;11;41;41059;41059;Sassocorvaro;;PU;0;0;3457.0;2001;66,9072;2009;3487;2009
3;11;41;41060;41060;Sassofeltrio;;PU;0;0;1229.0;2001;21,0786;2009;1399;2009
3;11;41;41061;41061;Serra Sant'Abbondio;;PU;0;0;1187.0;2001;32,7994;2009;1126;2009
3;11;41;41062;41062;Serrungarina;;PU;0;0;2200.0;2001;22,8708;2009;2528;2009
3;11;41;41064;41064;Tavoleto;;PU;0;0;816.0;2001;12,4058;2009;913;2009
3;11;41;41065;41065;Tavullia;;PU;0;0;4800.0;2001;42,0661;2009;7680;2009
3;11;41;41066;41066;Urbania;;PU;0;0;6643.0;2001;77,5330;2009;7065;2009
3;11;41;41067;41067;Urbino;;PU;0;0;15270.0;2001;226,4920;2009;15565;2009
3;11;42;42001;42001;Agugliano;;AN;0;0;4163.0;2001;21,8897;2009;4743;2009
3;11;42;42002;42002;Ancona;;AN;1;1;100507.0;2001;124,9182;2009;101418;2009
3;11;42;42003;42003;Arcevia;;AN;0;0;5300.0;2001;128,3310;2009;5053;2009
3;11;42;42004;42004;Barbara;;AN;0;0;1455.0;2001;11,0388;2009;1491;2009
3;11;42;42005;42005;Belvedere Ostrense;;AN;0;0;2179.0;2001;29,4501;2009;2329;2009
3;11;42;42006;42006;Camerano;;AN;0;0;6523.0;2001;20,0038;2009;7175;2009
3;11;42;42007;42007;Camerata Picena;;AN;0;0;1700.0;2001;11,8914;2009;2301;2009
3;11;42;42008;42008;Castelbellino;;AN;0;0;3618.0;2001;6,0471;2009;4744;2009
3;11;42;42009;42009;Castel Colonna;;AN;0;0;961.0;2001;13,5313;2009;1066;2009
3;11;42;42010;42010;Castelfidardo;;AN;0;0;16917.0;2001;33,3910;2009;18644;2009
3;11;42;42011;42011;Castelleone di Suasa;;AN;0;0;1689.0;2001;15,9201;2009;1729;2009
3;11;42;42012;42012;Castelplanio;;AN;0;0;3223.0;2001;15,3182;2009;3507;2009
3;11;42;42013;42013;Cerreto d'Esi;;AN;0;0;3308.0;2001;16,9130;2009;3982;2009
3;11;42;42014;42014;Chiaravalle;;AN;0;0;14040.0;2001;17,6020;2009;14921;2009
3;11;42;42015;42015;Corinaldo;;AN;0;0;5170.0;2001;49,2789;2009;5133;2009
3;11;42;42016;42016;Cupramontana;;AN;0;0;4736.0;2001;27,4029;2009;4925;2009
3;11;42;42017;42017;Fabriano;;AN;0;0;30019.0;2001;272,0875;2009;31416;2009
3;11;42;42018;42018;Falconara Marittima;;AN;0;0;28349.0;2001;25,7471;2009;27252;2009
3;11;42;42019;42019;Filottrano;;AN;0;0;9278.0;2001;71,2017;2009;9627;2009
3;11;42;42020;42020;Genga;;AN;0;0;1981.0;2001;73,1541;2009;1922;2009
3;11;42;42021;42021;Jesi;;AN;0;0;39224.0;2001;108,9032;2009;40210;2009
3;11;42;42022;42022;Loreto;;AN;0;0;11280.0;2001;17,8956;2009;12257;2009
3;11;42;42023;42023;Maiolati Spontini;;AN;0;0;5733.0;2001;21,4922;2009;6136;2009
3;11;42;42024;42024;Mergo;;AN;0;0;970.0;2001;7,2775;2009;1101;2009
3;11;42;42025;42025;Monsano;;AN;0;0;2760.0;2001;14,6645;2009;3243;2009
3;11;42;42026;42026;Montecarotto;;AN;0;0;2176.0;2001;24,3854;2009;2153;2009
3;11;42;42027;42027;Montemarciano;;AN;0;0;9173.0;2001;22,3095;2009;10144;2009
3;11;42;42028;42028;Monterado;;AN;0;0;1569.0;2001;10,5729;2009;2092;2009
3;11;42;42029;42029;Monte Roberto;;AN;0;0;2446.0;2001;13,5693;2009;2961;2009
3;11;42;42030;42030;Monte San Vito;;AN;0;0;5530.0;2001;21,8135;2009;6547;2009
3;11;42;42031;42031;Morro d'Alba;;AN;0;0;1776.0;2001;19,4607;2009;1999;2009
3;11;42;42032;42032;Numana;;AN;0;0;3293.0;2001;10,9348;2009;3840;2009
3;11;42;42033;42033;Offagna;;AN;0;0;1692.0;2001;10,6306;2009;1879;2009
3;11;42;42034;42034;Osimo;;AN;0;0;29431.0;2001;106,7380;2009;33256;2009
3;11;42;42035;42035;Ostra;;AN;0;0;6028.0;2001;47,2517;2009;6727;2009
3;11;42;42036;42036;Ostra Vetere;;AN;0;0;3536.0;2001;30,0164;2009;3522;2009
3;11;42;42037;42037;Poggio San Marcello;;AN;0;0;737.0;2001;13,3629;2009;754;2009
3;11;42;42038;42038;Polverigi;;AN;0;0;3015.0;2001;24,9833;2009;4224;2009
3;11;42;42039;42039;Ripe;;AN;0;0;3575.0;2001;15,1979;2009;4318;2009
3;11;42;42040;42040;Rosora;;AN;0;0;1748.0;2001;9,4060;2009;1952;2009
3;11;42;42041;42041;San Marcello;;AN;0;0;1931.0;2001;25,7778;2009;2084;2009
3;11;42;42042;42042;San Paolo di Jesi;;AN;0;0;841.0;2001;10,1118;2009;922;2009
3;11;42;42043;42043;Santa Maria Nuova;;AN;0;0;3914.0;2001;18,2869;2009;4191;2009
3;11;42;42044;42044;Sassoferrato;;AN;0;0;7419.0;2001;137,2340;2009;7731;2009
3;11;42;42045;42045;Senigallia;;AN;0;0;41550.0;2001;117,7674;2009;44020;2009
3;11;42;42046;42046;Serra de' Conti;;AN;0;0;3464.0;2001;24,5430;2009;3628;2009
3;11;42;42047;42047;Serra San Quirico;;AN;0;0;3016.0;2001;49,3331;2009;3052;2009
3;11;42;42048;42048;Sirolo;;AN;0;0;3313.0;2001;16,6767;2009;3812;2009
3;11;42;42049;42049;Staffolo;;AN;0;0;2217.0;2001;27,4964;2009;2357;2009
3;11;43;43001;43001;Acquacanina;;MC;0;0;139.0;2001;26,8108;2009;131;2009
3;11;43;43002;43002;Apiro;;MC;0;0;2431.0;2001;53,7793;2009;2439;2009
3;11;43;43003;43003;Appignano;;MC;0;0;3904.0;2001;22,6721;2009;4227;2009
3;11;43;43004;43004;Belforte del Chienti;;MC;0;0;1634.0;2001;16,0544;2009;1828;2009
3;11;43;43005;43005;Bolognola;;MC;0;0;155.0;2001;25,8643;2009;179;2009
3;11;43;43006;43006;Caldarola;;MC;0;0;1706.0;2001;29,2217;2009;1888;2009
3;11;43;43007;43007;Camerino;;MC;0;0;6858.0;2001;129,8822;2009;7032;2009
3;11;43;43008;43008;Camporotondo di Fiastrone;;MC;0;0;583.0;2001;8,8058;2009;597;2009
3;11;43;43009;43009;Castelraimondo;;MC;0;0;4544.0;2001;44,8464;2009;4847;2009
3;11;43;43010;43010;Castelsantangelo sul Nera;;MC;0;0;370.0;2001;70,6594;2009;320;2009
3;11;43;43011;43011;Cessapalombo;;MC;0;0;585.0;2001;27,5802;2009;552;2009
3;11;43;43012;43012;Cingoli;;MC;0;0;10118.0;2001;148,1968;2009;10604;2009
3;11;43;43013;43013;Civitanova Marche;;MC;0;0;38299.0;2001;46,0661;2009;40276;2009
3;11;43;43014;43014;Colmurano;;MC;0;0;1221.0;2001;11,1987;2009;1303;2009
3;11;43;43015;43015;Corridonia;;MC;0;0;13696.0;2001;61,9648;2009;15320;2009
3;11;43;43016;43016;Esanatoglia;;MC;0;0;2099.0;2001;47,9097;2009;2141;2009
3;11;43;43017;43017;Fiastra;;MC;0;0;613.0;2001;57,6696;2009;575;2009
3;11;43;43018;43018;Fiordimonte;;MC;0;0;239.0;2001;21,3977;2009;224;2009
3;11;43;43019;43019;Fiuminata;;MC;0;0;1604.0;2001;76,2165;2009;1530;2009
3;11;43;43020;43020;Gagliole;;MC;0;0;670.0;2001;24,0499;2009;663;2009
3;11;43;43021;43021;Gualdo;;MC;0;0;920.0;2001;22,2233;2009;889;2009
3;11;43;43022;43022;Loro Piceno;;MC;0;0;2485.0;2001;32,5783;2009;2483;2009
3;11;43;43023;43023;Macerata;;MC;1;0;40875.0;2001;92,5238;2009;42309;2009
3;11;43;43024;43024;Matelica;;MC;0;0;10155.0;2001;81,1001;2009;10259;2009
3;11;43;43025;43025;Mogliano;;MC;0;0;4831.0;2001;29,2583;2009;4899;2009
3;11;43;43026;43026;Montecassiano;;MC;0;0;6577.0;2001;33,3565;2009;7124;2009
3;11;43;43027;43027;Monte Cavallo;;MC;0;0;171.0;2001;38,5077;2009;149;2009
3;11;43;43028;43028;Montecosaro;;MC;0;0;5198.0;2001;21,8781;2009;6568;2009
3;11;43;43029;43029;Montefano;;MC;0;0;3228.0;2001;33,9416;2009;3581;2009
3;11;43;43030;43030;Montelupone;;MC;0;0;3221.0;2001;32,6712;2009;3648;2009
3;11;43;43031;43031;Monte San Giusto;;MC;0;0;7324.0;2001;20,0371;2009;7990;2009
3;11;43;43032;43032;Monte San Martino;;MC;0;0;820.0;2001;18,4664;2009;795;2009
3;11;43;43033;43033;Morrovalle;;MC;0;0;9226.0;2001;42,5807;2009;10247;2009
3;11;43;43034;43034;Muccia;;MC;0;0;907.0;2001;25,9085;2009;939;2009
3;11;43;43035;43035;Penna San Giovanni;;MC;0;0;1302.0;2001;28,0834;2009;1183;2009
3;11;43;43036;43036;Petriolo;;MC;0;0;2049.0;2001;15,6459;2009;2063;2009
3;11;43;43037;43037;Pievebovigliana;;MC;0;0;879.0;2001;27,2147;2009;870;2009
3;11;43;43038;43038;Pieve Torina;;MC;0;0;1379.0;2001;74,7972;2009;1480;2009
3;11;43;43039;43039;Pioraco;;MC;0;0;1231.0;2001;19,4519;2009;1229;2009
3;11;43;43040;43040;Poggio San Vicino;;MC;0;0;303.0;2001;13,0307;2009;308;2009
3;11;43;43041;43041;Pollenza;;MC;0;0;5823.0;2001;39,5498;2009;6568;2009
3;11;43;43042;43042;Porto Recanati;;MC;0;0;9414.0;2001;17,2491;2009;11538;2009
3;11;43;43043;43043;Potenza Picena;;MC;0;0;14524.0;2001;48,5519;2009;15902;2009
3;11;43;43044;43044;Recanati;;MC;0;0;20050.0;2001;103,4575;2009;21580;2009
3;11;43;43045;43045;Ripe San Ginesio;;MC;0;0;758.0;2001;10,1693;2009;857;2009
3;11;43;43046;43046;San Ginesio;;MC;0;0;3799.0;2001;78,0195;2009;3747;2009
3;11;43;43047;43047;San Severino Marche;;MC;0;0;12794.0;2001;194,2549;2009;13185;2009
3;11;43;43048;43048;Sant'Angelo in Pontano;;MC;0;0;1496.0;2001;27,3837;2009;1499;2009
3;11;43;43049;43049;Sarnano;;MC;0;0;3375.0;2001;63,1649;2009;3438;2009
3;11;43;43050;43050;Sefro;;MC;0;0;433.0;2001;42,5375;2009;455;2009
3;11;43;43051;43051;Serrapetrona;;MC;0;0;894.0;2001;37,6468;2009;1009;2009
3;11;43;43052;43052;Serravalle di Chienti;;MC;0;0;1153.0;2001;95,9784;2009;1110;2009
3;11;43;43053;43053;Tolentino;;MC;0;0;18649.0;2001;95,1182;2009;20170;2009
3;11;43;43054;43054;Treia;;MC;0;0;9449.0;2001;93,5351;2009;9722;2009
3;11;43;43055;43055;Urbisaglia;;MC;0;0;2760.0;2001;22,8634;2009;2776;2009
3;11;43;43056;43056;Ussita;;MC;0;0;426.0;2001;55,2952;2009;447;2009
3;11;43;43057;43057;Visso;;MC;0;0;1177.0;2001;100,4246;2009;1242;2009
3;11;44;44001;44001;Acquasanta Terme;;AP;0;0;3346.0;2001;138,3927;2009;3127;2009
3;11;44;44002;44002;Acquaviva Picena;;AP;0;0;3409.0;2001;21,0623;2009;3813;2009
3;11;44;44005;44005;Appignano del Tronto;;AP;0;0;1977.0;2001;23,1937;2009;1946;2009
3;11;44;44006;44006;Arquata del Tronto;;AP;0;0;1481.0;2001;92,2174;2009;1320;2009
3;11;44;44007;44007;Ascoli Piceno;;AP;1;0;51375.0;2001;158,0182;2009;50666;2009
3;11;44;44010;44010;Carassai;;AP;0;0;1263.0;2001;22,2382;2009;1178;2009
3;11;44;44011;44011;Castel di Lama;;AP;0;0;7216.0;2001;10,9771;2009;8253;2009
3;11;44;44012;44012;Castignano;;AP;0;0;3011.0;2001;38,7948;2009;3019;2009
3;11;44;44013;44013;Castorano;;AP;0;0;2036.0;2001;14,0833;2009;2376;2009
3;11;44;44014;44014;Colli del Tronto;;AP;0;0;3152.0;2001;5,9389;2009;3502;2009
3;11;44;44015;44015;Comunanza;;AP;0;0;3100.0;2001;54,3951;2009;3210;2009
3;11;44;44016;44016;Cossignano;;AP;0;0;1036.0;2001;14,9508;2009;1019;2009
3;11;44;44017;44017;Cupra Marittima;;AP;0;0;5017.0;2001;17,3368;2009;5384;2009
3;11;44;44020;44020;Folignano;;AP;0;0;8844.0;2001;14,8574;2009;9419;2009
3;11;44;44021;44021;Force;;AP;0;0;1602.0;2001;34,3070;2009;1477;2009
3;11;44;44023;44023;Grottammare;;AP;0;0;14278.0;2001;17,9946;2009;15523;2009
3;11;44;44027;44027;Maltignano;;AP;0;0;2357.0;2001;8,1722;2009;2520;2009
3;11;44;44029;44029;Massignano;;AP;0;0;1589.0;2001;16,3038;2009;1658;2009
3;11;44;44031;44031;Monsampolo del Tronto;;AP;0;0;3995.0;2001;15,4336;2009;4511;2009
3;11;44;44032;44032;Montalto delle Marche;;AP;0;0;2345.0;2001;33,9405;2009;2316;2009
3;11;44;44034;44034;Montedinove;;AP;0;0;567.0;2001;11,9335;2009;544;2009
3;11;44;44036;44036;Montefiore dell'Aso;;AP;0;0;2199.0;2001;28,2074;2009;2195;2009
3;11;44;44038;44038;Montegallo;;AP;0;0;622.0;2001;48,4640;2009;586;2009
3;11;44;44044;44044;Montemonaco;;AP;0;0;684.0;2001;67,7918;2009;667;2009
3;11;44;44045;44045;Monteprandone;;AP;0;0;10354.0;2001;26,3742;2009;11946;2009
3;11;44;44054;44054;Offida;;AP;0;0;5327.0;2001;49,6024;2009;5284;2009
3;11;44;44056;44056;Palmiano;;AP;0;0;222.0;2001;12,6977;2009;211;2009
3;11;44;44063;44063;Ripatransone;;AP;0;0;4356.0;2001;74,2781;2009;4445;2009
3;11;44;44064;44064;Roccafluvione;;AP;0;0;2195.0;2001;60,6318;2009;2144;2009
3;11;44;44065;44065;Rotella;;AP;0;0;1000.0;2001;27,4370;2009;976;2009
3;11;44;44066;44066;San Benedetto del Tronto;;AP;0;0;45054.0;2001;25,4051;2009;47359;2009
3;11;44;44071;44071;Spinetoli;;AP;0;0;5874.0;2001;12,5831;2009;7100;2009
3;11;44;44073;44073;Venarotta;;AP;0;0;2270.0;2001;30,2092;2009;2232;2009
3;9;45;45001;45001;Aulla;;MS;0;0;10178.0;2001;59,9874;2009;11093;2009
3;9;45;45002;45002;Bagnone;;MS;0;0;2022.0;2001;73,9352;2009;1963;2009
3;9;45;45003;45003;Carrara;;MS;0;0;65034.0;2001;70,9229;2009;65284;2009
3;9;45;45004;45004;Casola in Lunigiana;;MS;0;0;1231.0;2001;41,5395;2009;1060;2009
3;9;45;45005;45005;Comano;;MS;0;0;799.0;2001;53,8289;2009;773;2009
3;9;45;45006;45006;Filattiera;;MS;0;0;2474.0;2001;48,7785;2009;2390;2009
3;9;45;45007;45007;Fivizzano;;MS;0;0;9174.0;2001;181,1820;2009;8528;2009
3;9;45;45008;45008;Fosdinovo;;MS;0;0;4379.0;2001;48,6259;2009;4954;2009
3;9;45;45009;45009;Licciana Nardi;;MS;0;0;4887.0;2001;55,6776;2009;5000;2009
3;9;45;45010;45010;Massa;;MS;1;0;66769.0;2001;93,8433;2009;69981;2009
3;9;45;45011;45011;Montignoso;;MS;0;0;10023.0;2001;16,7508;2009;10455;2009
3;9;45;45012;45012;Mulazzo;;MS;0;0;2565.0;2001;62,5050;2009;2639;2009
3;9;45;45013;45013;Podenzana;;MS;0;0;1819.0;2001;17,1034;2009;2197;2009
3;9;45;45014;45014;Pontremoli;;MS;0;0;8252.0;2001;182,4730;2009;7791;2009
3;9;45;45015;45015;Tresana;;MS;0;0;2055.0;2001;44,4509;2009;2111;2009
3;9;45;45016;45016;Villafranca in Lunigiana;;MS;0;0;4609.0;2001;29,3196;2009;4843;2009
3;9;45;45017;45017;Zeri;;MS;0;0;1382.0;2001;73,6618;2009;1227;2009
3;9;46;46001;46001;Altopascio;;LU;0;0;11152.0;2001;28,5748;2009;14746;2009
3;9;46;46002;46002;Bagni di Lucca;;LU;0;0;6550.0;2001;164,7063;2009;6529;2009
3;9;46;46003;46003;Barga;;LU;0;0;10018.0;2001;66,4659;2009;10250;2009
3;9;46;46004;46004;Borgo a Mozzano;;LU;0;0;7358.0;2001;72,2029;2009;7385;2009
3;9;46;46005;46005;Camaiore;;LU;0;0;30206.0;2001;85,4239;2009;32179;2009
3;9;46;46006;46006;Camporgiano;;LU;0;0;2394.0;2001;27,0913;2009;2328;2009
3;9;46;46007;46007;Capannori;;LU;0;0;42454.0;2001;155,9157;2009;45430;2009
3;9;46;46008;46008;Careggine;;LU;0;0;642.0;2001;24,0811;2009;617;2009
3;9;46;46009;46009;Castelnuovo di Garfagnana;;LU;0;0;6073.0;2001;28,4821;2009;6071;2009
3;9;46;46010;46010;Castiglione di Garfagnana;;LU;0;0;1890.0;2001;48,5217;2009;1884;2009
3;9;46;46011;46011;Coreglia Antelminelli;;LU;0;0;4813.0;2001;52,9410;2009;5276;2009
3;9;46;46012;46012;Fabbriche di Vallico;;LU;0;0;526.0;2001;15,1950;2009;505;2009
3;9;46;46013;46013;Forte dei Marmi;;LU;0;0;8444.0;2001;8,8802;2009;7710;2009
3;9;46;46014;46014;Fosciandora;;LU;0;0;670.0;2001;19,8595;2009;634;2009
3;9;46;46015;46015;Gallicano;;LU;0;0;3795.0;2001;31,0403;2009;3947;2009
3;9;46;46016;46016;Giuncugnano;;LU;0;0;538.0;2001;19,0979;2009;489;2009
3;9;46;46017;46017;Lucca;;LU;1;0;81862.0;2001;185,8073;2009;86599;2009
3;9;46;46018;46018;Massarosa;;LU;0;0;20548.0;2001;68,2742;2009;22852;2009
3;9;46;46019;46019;Minucciano;;LU;0;0;2521.0;2001;57,2820;2009;2319;2009
3;9;46;46020;46020;Molazzana;;LU;0;0;1188.0;2001;31,3299;2009;1147;2009
3;9;46;46021;46021;Montecarlo;;LU;0;0;4345.0;2001;15,6716;2009;4573;2009
3;9;46;46022;46022;Pescaglia;;LU;0;0;3718.0;2001;70,5478;2009;3756;2009
3;9;46;46023;46023;Piazza al Serchio;;LU;0;0;2556.0;2001;27,0295;2009;2490;2009
3;9;46;46024;46024;Pietrasanta;;LU;0;0;24409.0;2001;41,6091;2009;24639;2009
3;9;46;46025;46025;Pieve Fosciana;;LU;0;0;2367.0;2001;28,7543;2009;2471;2009
3;9;46;46026;46026;Porcari;;LU;0;0;7109.0;2001;18,0716;2009;8590;2009
3;9;46;46027;46027;San Romano in Garfagnana;;LU;0;0;1432.0;2001;26,1568;2009;1485;2009
3;9;46;46028;46028;Seravezza;;LU;0;0;12706.0;2001;39,5504;2009;13456;2009
3;9;46;46029;46029;Sillano;;LU;0;0;784.0;2001;62,1929;2009;732;2009
3;9;46;46030;46030;Stazzema;;LU;0;0;3367.0;2001;80,0817;2009;3359;2009
3;9;46;46031;46031;Vagli Sotto;;LU;0;0;1123.0;2001;41,2191;2009;1019;2009
3;9;46;46032;46032;Vergemoli;;LU;0;0;391.0;2001;27,3520;2009;341;2009
3;9;46;46033;46033;Viareggio;;LU;0;0;61103.0;2001;32,4193;2009;63657;2009
3;9;46;46034;46034;Villa Basilica;;LU;0;0;1792.0;2001;36,5653;2009;1766;2009
3;9;46;46035;46035;Villa Collemandina;;LU;0;0;1400.0;2001;34,7895;2009;1394;2009
3;9;47;47001;47001;Abetone;;PT;0;0;705.0;2001;30,9916;2009;697;2009
3;9;47;47002;47002;Agliana;;PT;0;0;14628.0;2001;11,6800;2009;16765;2009
3;9;47;47003;47003;Buggiano;;PT;0;0;8043.0;2001;16,0363;2009;8880;2009
3;9;47;47004;47004;Cutigliano;;PT;0;0;1699.0;2001;43,9324;2009;1594;2009
3;9;47;47005;47005;Lamporecchio;;PT;0;0;6777.0;2001;22,2518;2009;7719;2009
3;9;47;47006;47006;Larciano;;PT;0;0;6018.0;2001;24,9667;2009;6299;2009
3;9;47;47007;47007;Marliana;;PT;0;0;2917.0;2001;43,0435;2009;3250;2009
3;9;47;47008;47008;Massa e Cozzile;;PT;0;0;7199.0;2001;16,0156;2009;7843;2009
3;9;47;47009;47009;Monsummano Terme;;PT;0;0;19906.0;2001;32,6165;2009;21023;2009
3;9;47;47010;47010;Montale;;PT;0;0;10143.0;2001;32,1306;2009;10677;2009
3;9;47;47011;47011;Montecatini-Terme;;PT;0;0;19900.0;2001;17,6718;2009;20801;2009
3;9;47;47012;47012;Pescia;;PT;0;0;17428.0;2001;79,1790;2009;19577;2009
3;9;47;47013;47013;Pieve a Nievole;;PT;0;0;9098.0;2001;12,6846;2009;9709;2009
3;9;47;47014;47014;Pistoia;;PT;1;0;84274.0;2001;236,2003;2009;89457;2009
3;9;47;47015;47015;Piteglio;;PT;0;0;1877.0;2001;49,3367;2009;1835;2009
3;9;47;47016;47016;Ponte Buggianese;;PT;0;0;7618.0;2001;29,5341;2009;8834;2009
3;9;47;47017;47017;Quarrata;;PT;0;0;22683.0;2001;45,9127;2009;25244;2009
3;9;47;47018;47018;Sambuca Pistoiese;;PT;0;0;1604.0;2001;77,2496;2009;1774;2009
3;9;47;47019;47019;San Marcello Pistoiese;;PT;0;0;7142.0;2001;85,6121;2009;6865;2009
3;9;47;47020;47020;Serravalle Pistoiese;;PT;0;0;10150.0;2001;42,0534;2009;11430;2009
3;9;47;47021;47021;Uzzano;;PT;0;0;4711.0;2001;7,7962;2009;5637;2009
3;9;47;47022;47022;Chiesina Uzzanese;;PT;0;0;3983.0;2001;7,1958;2009;4510;2009
3;9;48;48001;48001;Bagno a Ripoli;;FI;0;0;25232.0;2001;74,0982;2009;25763;2009
3;9;48;48002;48002;Barberino di Mugello;;FI;0;0;9531.0;2001;133,2870;2009;10774;2009
3;9;48;48003;48003;Barberino Val d'Elsa;;FI;0;0;3871.0;2001;66,0091;2009;4280;2009
3;9;48;48004;48004;Borgo San Lorenzo;;FI;0;0;15825.0;2001;146,3628;2009;17925;2009
3;9;48;48005;48005;Calenzano;;FI;0;0;15042.0;2001;76,9870;2009;16178;2009
3;9;48;48006;48006;Campi Bisenzio;;FI;0;0;37249.0;2001;28,7597;2009;42664;2009
3;9;48;48008;48008;Capraia e Limite;;FI;0;0;5920.0;2001;24,9166;2009;7143;2009
3;9;48;48010;48010;Castelfiorentino;;FI;0;0;17012.0;2001;66,4365;2009;17840;2009
3;9;48;48011;48011;Cerreto Guidi;;FI;0;0;9555.0;2001;49,3183;2009;10270;2009
3;9;48;48012;48012;Certaldo;;FI;0;0;15670.0;2001;75,2748;2009;16198;2009
3;9;48;48013;48013;Dicomano;;FI;0;0;4958.0;2001;61,6319;2009;5650;2009
3;9;48;48014;48014;Empoli;;FI;0;0;44094.0;2001;62,2087;2009;46774;2009
3;9;48;48015;48015;Fiesole;;FI;0;0;14085.0;2001;42,1921;2009;14058;2009
3;9;48;48016;48016;Figline Valdarno;;FI;0;0;16301.0;2001;71,5025;2009;16854;2009
3;9;48;48017;48017;Firenze;;FI;1;1;356118.0;2001;102,3181;2009;362526;2009
3;9;48;48018;48018;Firenzuola;;FI;0;0;4812.0;2001;271,9950;2009;4881;2009
3;9;48;48019;48019;Fucecchio;;FI;0;0;21139.0;2001;65,1871;2009;23024;2009
3;9;48;48020;48020;Gambassi Terme;;FI;0;0;4709.0;2001;83,1453;2009;4906;2009
3;9;48;48021;48021;Greve in Chianti;;FI;0;0;12855.0;2001;169,3743;2009;14214;2009
3;9;48;48022;48022;Impruneta;;FI;0;0;14637.0;2001;48,7185;2009;14784;2009
3;9;48;48023;48023;Incisa in Val d'Arno;;FI;0;0;5503.0;2001;26,3960;2009;6253;2009
3;9;48;48024;48024;Lastra a Signa;;FI;0;0;17938.0;2001;42,8991;2009;19340;2009
3;9;48;48025;48025;Londa;;FI;0;0;1669.0;2001;59,2885;2009;1877;2009
3;9;48;48026;48026;Marradi;;FI;0;0;3617.0;2001;154,0518;2009;3296;2009
3;9;48;48027;48027;Montaione;;FI;0;0;3439.0;2001;104,7534;2009;3776;2009
3;9;48;48028;48028;Montelupo Fiorentino;;FI;0;0;11240.0;2001;24,6715;2009;13482;2009
3;9;48;48030;48030;Montespertoli;;FI;0;0;11354.0;2001;124,9719;2009;13356;2009
3;9;48;48031;48031;Palazzuolo sul Senio;;FI;0;0;1301.0;2001;109,1064;2009;1204;2009
3;9;48;48032;48032;Pelago;;FI;0;0;7270.0;2001;54,5603;2009;7607;2009
3;9;48;48033;48033;Pontassieve;;FI;0;0;20610.0;2001;114,3984;2009;20712;2009
3;9;48;48035;48035;Reggello;;FI;0;0;14167.0;2001;121,6819;2009;16070;2009
3;9;48;48036;48036;Rignano sull'Arno;;FI;0;0;7542.0;2001;54,1438;2009;8661;2009
3;9;48;48037;48037;Rufina;;FI;0;0;6693.0;2001;45,8797;2009;7481;2009
3;9;48;48038;48038;San Casciano in Val di Pesa;;FI;0;0;16615.0;2001;107,8317;2009;17151;2009
3;9;48;48039;48039;San Godenzo;;FI;0;0;1187.0;2001;99,2059;2009;1270;2009
3;9;48;48040;48040;San Piero a Sieve;;FI;0;0;3758.0;2001;36,5688;2009;4182;2009
3;9;48;48041;48041;Scandicci;;FI;0;0;50136.0;2001;59,6943;2009;49868;2009
3;9;48;48042;48042;Scarperia;;FI;0;0;6778.0;2001;79,2412;2009;7828;2009
3;9;48;48043;48043;Sesto Fiorentino;;FI;0;0;46054.0;2001;48,7812;2009;47689;2009
3;9;48;48044;48044;Signa;;FI;0;0;15433.0;2001;18,8083;2009;18058;2009
3;9;48;48045;48045;Tavarnelle Val di Pesa;;FI;0;0;7153.0;2001;57,0298;2009;7657;2009
3;9;48;48046;48046;Vaglia;;FI;0;0;4865.0;2001;56,9411;2009;5119;2009
3;9;48;48049;48049;Vicchio;;FI;0;0;7145.0;2001;138,8610;2009;8188;2009
3;9;48;48050;48050;Vinci;;FI;0;0;13778.0;2001;54,1848;2009;14258;2009
3;9;49;49001;49001;Bibbona;;LI;0;0;3051.0;2001;65,6799;2009;3268;2009
3;9;49;49002;49002;Campiglia Marittima;;LI;0;0;12540.0;2001;83,2822;2009;13213;2009
3;9;49;49003;49003;Campo nell'Elba;;LI;0;0;4155.0;2001;55,7877;2009;4570;2009
3;9;49;49004;49004;Capoliveri;;LI;0;0;3105.0;2001;39,5606;2009;3813;2009
3;9;49;49005;49005;Capraia Isola;;LI;0;0;333.0;2001;19,3267;2009;394;2009
3;9;49;49006;49006;Castagneto Carducci;;LI;0;0;8226.0;2001;142,3312;2009;8743;2009
3;9;49;49007;49007;Cecina;;LI;0;0;26515.0;2001;42,5193;2009;28168;2009
3;9;49;49008;49008;Collesalvetti;;LI;0;0;15871.0;2001;107,9607;2009;16663;2009
3;9;49;49009;49009;Livorno;;LI;1;0;156274.0;2001;103,9832;2009;159480;2009
3;9;49;49010;49010;Marciana;;LI;0;0;2162.0;2001;45,4508;2009;2234;2009
3;9;49;49011;49011;Marciana Marina;;LI;0;0;1891.0;2001;5,8590;2009;1980;2009
3;9;49;49012;49012;Piombino;;LI;0;0;33925.0;2001;129,8830;2009;34752;2009
3;9;49;49013;49013;Porto Azzurro;;LI;0;0;3220.0;2001;13,3301;2009;3745;2009
3;9;49;49014;49014;Portoferraio;;LI;0;0;11508.0;2001;48,4807;2009;12080;2009
3;9;49;49015;49015;Rio Marina;;LI;0;0;2150.0;2001;19,8950;2009;2249;2009
3;9;49;49016;49016;Rio nell'Elba;;LI;0;0;952.0;2001;16,6232;2009;1213;2009
3;9;49;49017;49017;Rosignano Marittimo;;LI;0;0;30581.0;2001;120,8177;2009;32184;2009
3;9;49;49018;49018;San Vincenzo;;LI;0;0;6540.0;2001;33,1943;2009;7023;2009
3;9;49;49019;49019;Sassetta;;LI;0;0;548.0;2001;26,7469;2009;572;2009
3;9;49;49020;49020;Suvereto;;LI;0;0;2897.0;2001;92,4670;2009;3111;2009
3;9;50;50001;50001;Bientina;;PI;0;0;6115.0;2001;29,4826;2009;7476;2009
3;9;50;50002;50002;Buti;;PI;0;0;5431.0;2001;22,9901;2009;5819;2009
3;9;50;50003;50003;Calci;;PI;0;0;5838.0;2001;25,1652;2009;6525;2009
3;9;50;50004;50004;Calcinaia;;PI;0;0;8608.0;2001;14,8918;2009;11346;2009
3;9;50;50005;50005;Capannoli;;PI;0;0;5106.0;2001;22,6900;2009;6042;2009
3;9;50;50006;50006;Casale Marittimo;;PI;0;0;1007.0;2001;14,2885;2009;1060;2009
3;9;50;50007;50007;Casciana Terme;;PI;0;0;3538.0;2001;36,5436;2009;3715;2009
3;9;50;50008;50008;Cascina;;PI;0;0;38359.0;2001;78,6236;2009;43564;2009
3;9;50;50009;50009;Castelfranco di Sotto;;PI;0;0;11415.0;2001;48,3167;2009;12716;2009
3;9;50;50010;50010;Castellina Marittima;;PI;0;0;1817.0;2001;45,5196;2009;2031;2009
3;9;50;50011;50011;Castelnuovo di Val di Cecina;;PI;0;0;2467.0;2001;89,0157;2009;2317;2009
3;9;50;50012;50012;Chianni;;PI;0;0;1563.0;2001;61,9916;2009;1546;2009
3;9;50;50013;50013;Crespina;;PI;0;0;3746.0;2001;27,1072;2009;4190;2009
3;9;50;50014;50014;Fauglia;;PI;0;0;3124.0;2001;42,4313;2009;3492;2009
3;9;50;50015;50015;Guardistallo;;PI;0;0;1026.0;2001;23,6140;2009;1316;2009
3;9;50;50016;50016;Lajatico;;PI;0;0;1389.0;2001;72,6579;2009;1376;2009
3;9;50;50017;50017;Lari;;PI;0;0;8083.0;2001;44,8542;2009;8776;2009
3;9;50;50018;50018;Lorenzana;;PI;0;0;1144.0;2001;19,3259;2009;1190;2009
3;9;50;50019;50019;Montecatini Val di Cecina;;PI;0;0;2008.0;2001;154,8574;2009;1840;2009
3;9;50;50020;50020;Montescudaio;;PI;0;0;1436.0;2001;20,2359;2009;1894;2009
3;9;50;50021;50021;Monteverdi Marittimo;;PI;0;0;701.0;2001;98,0930;2009;770;2009
3;9;50;50022;50022;Montopoli in Val d'Arno;;PI;0;0;9648.0;2001;30,2191;2009;11142;2009
3;9;50;50023;50023;Orciano Pisano;;PI;0;0;628.0;2001;11,6218;2009;629;2009
3;9;50;50024;50024;Palaia;;PI;0;0;4536.0;2001;73,7062;2009;4624;2009
3;9;50;50025;50025;Peccioli;;PI;0;0;4833.0;2001;92,5160;2009;5003;2009
3;9;50;50026;50026;Pisa;;PI;1;0;89694.0;2001;185,1798;2009;86654;2009
3;9;50;50027;50027;Pomarance;;PI;0;0;6323.0;2001;227,7025;2009;6016;2009
3;9;50;50028;50028;Ponsacco;;PI;0;0;12576.0;2001;19,6847;2009;15359;2009
3;9;50;50029;50029;Pontedera;;PI;0;0;24971.0;2001;46,2036;2009;27911;2009
3;9;50;50030;50030;Riparbella;;PI;0;0;1327.0;2001;58,8395;2009;1644;2009
3;9;50;50031;50031;San Giuliano Terme;;PI;0;0;30392.0;2001;91,7682;2009;31496;2009
3;9;50;50032;50032;San Miniato;;PI;0;0;26365.0;2001;102,5023;2009;27988;2009
3;9;50;50033;50033;Santa Croce sull'Arno;;PI;0;0;12500.0;2001;16,7925;2009;13865;2009
3;9;50;50034;50034;Santa Luce;;PI;0;0;1465.0;2001;66,6216;2009;1703;2009
3;9;50;50035;50035;Santa Maria a Monte;;PI;0;0;10841.0;2001;38,0355;2009;12603;2009
3;9;50;50036;50036;Terricciola;;PI;0;0;3939.0;2001;43,2830;2009;4457;2009
3;9;50;50037;50037;Vecchiano;;PI;0;0;11425.0;2001;67,5827;2009;12422;2009
3;9;50;50038;50038;Vicopisano;;PI;0;0;7907.0;2001;26,8835;2009;8418;2009
3;9;50;50039;50039;Volterra;;PI;0;0;11264.0;2001;252,8409;2009;11058;2009
3;9;51;51001;51001;Anghiari;;AR;0;0;5860.0;2001;130,9192;2009;5843;2009
3;9;51;51002;51002;Arezzo;;AR;1;0;91589.0;2001;384,6897;2009;98567;2009
3;9;51;51003;51003;Badia Tedalda;;AR;0;0;1215.0;2001;118,8360;2009;1145;2009
3;9;51;51004;51004;Bibbiena;;AR;0;0;11462.0;2001;86,5121;2009;12581;2009
3;9;51;51005;51005;Bucine;;AR;0;0;9320.0;2001;131,4651;2009;10097;2009
3;9;51;51006;51006;Capolona;;AR;0;0;4807.0;2001;47,5561;2009;5405;2009
3;9;51;51007;51007;Caprese Michelangelo;;AR;0;0;1626.0;2001;66,5301;2009;1596;2009
3;9;51;51008;51008;Castel Focognano;;AR;0;0;3331.0;2001;56,6283;2009;3328;2009
3;9;51;51009;51009;Castelfranco di Sopra;;AR;0;0;2731.0;2001;37,6002;2009;3062;2009
3;9;51;51010;51010;Castel San Niccolò;;AR;0;0;2855.0;2001;83,2701;2009;2804;2009
3;9;51;51011;51011;Castiglion Fibocchi;;AR;0;0;1985.0;2001;25,4628;2009;2234;2009
3;9;51;51012;51012;Castiglion Fiorentino;;AR;0;0;12031.0;2001;111,5814;2009;13389;2009
3;9;51;51013;51013;Cavriglia;;AR;0;0;7808.0;2001;60,8681;2009;9438;2009
3;9;51;51014;51014;Chitignano;;AR;0;0;954.0;2001;14,8936;2009;971;2009
3;9;51;51015;51015;Chiusi della Verna;;AR;0;0;2225.0;2001;102,3156;2009;2098;2009
3;9;51;51016;51016;Civitella in Val di Chiana;;AR;0;0;8687.0;2001;100,1840;2009;9131;2009
3;9;51;51017;51017;Cortona;;AR;0;0;22048.0;2001;342,9583;2009;22941;2009
3;9;51;51018;51018;Foiano della Chiana;;AR;0;0;8412.0;2001;40,7645;2009;9413;2009
3;9;51;51019;51019;Laterina;;AR;0;0;3433.0;2001;24,0499;2009;3584;2009
3;9;51;51020;51020;Loro Ciuffenna;;AR;0;0;5174.0;2001;86,4947;2009;5866;2009
3;9;51;51021;51021;Lucignano;;AR;0;0;3468.0;2001;44,8055;2009;3569;2009
3;9;51;51022;51022;Marciano della Chiana;;AR;0;0;2757.0;2001;23,7544;2009;3375;2009
3;9;51;51023;51023;Montemignaio;;AR;0;0;589.0;2001;25,9430;2009;608;2009
3;9;51;51024;51024;Monterchi;;AR;0;0;1880.0;2001;29,4157;2009;1874;2009
3;9;51;51025;51025;Monte San Savino;;AR;0;0;8128.0;2001;89,8718;2009;8675;2009
3;9;51;51026;51026;Montevarchi;;AR;0;0;22239.0;2001;56,6641;2009;23922;2009
3;9;51;51027;51027;Ortignano Raggiolo;;AR;0;0;852.0;2001;36,3016;2009;872;2009
3;9;51;51028;51028;Pergine Valdarno;;AR;0;0;3111.0;2001;46,5191;2009;3265;2009
3;9;51;51029;51029;Pian di Sco;;AR;0;0;5441.0;2001;18,3573;2009;6348;2009
3;9;51;51030;51030;Pieve Santo Stefano;;AR;0;0;3316.0;2001;156,0947;2009;3226;2009
3;9;51;51031;51031;Poppi;;AR;0;0;5873.0;2001;97,0728;2009;6343;2009
3;9;51;51032;51032;Pratovecchio;;AR;0;0;3090.0;2001;75,4296;2009;3156;2009
3;9;51;51033;51033;San Giovanni Valdarno;;AR;0;0;16993.0;2001;21,4242;2009;16988;2009
3;9;51;51034;51034;Sansepolcro;;AR;0;0;15693.0;2001;91,1931;2009;16305;2009
3;9;51;51035;51035;Sestino;;AR;0;0;1454.0;2001;80,1229;2009;1464;2009
3;9;51;51036;51036;Stia;;AR;0;0;3008.0;2001;62,7884;2009;2943;2009
3;9;51;51037;51037;Subbiano;;AR;0;0;5485.0;2001;77,8418;2009;6332;2009
3;9;51;51038;51038;Talla;;AR;0;0;1177.0;2001;59,8867;2009;1161;2009
3;9;51;51039;51039;Terranuova Bracciolini;;AR;0;0;11181.0;2001;85,9313;2009;12186;2009
3;9;52;52001;52001;Abbadia San Salvatore;;SI;0;0;6832.0;2001;58,9933;2009;6747;2009
3;9;52;52002;52002;Asciano;;SI;0;0;6488.0;2001;215,6869;2009;7194;2009
3;9;52;52003;52003;Buonconvento;;SI;0;0;3168.0;2001;64,8436;2009;3231;2009
3;9;52;52004;52004;Casole d'Elsa;;SI;0;0;2931.0;2001;148,6888;2009;3856;2009
3;9;52;52005;52005;Castellina in Chianti;;SI;0;0;2673.0;2001;99,7990;2009;2925;2009
3;9;52;52006;52006;Castelnuovo Berardenga;;SI;0;0;7470.0;2001;176,9871;2009;8933;2009
3;9;52;52007;52007;Castiglione d'Orcia;;SI;0;0;2508.0;2001;141,6621;2009;2488;2009
3;9;52;52008;52008;Cetona;;SI;0;0;2854.0;2001;53,5721;2009;2932;2009
3;9;52;52009;52009;Chianciano Terme;;SI;0;0;6955.0;2001;36,5843;2009;7384;2009
3;9;52;52010;52010;Chiusdino;;SI;0;0;1918.0;2001;141,6160;2009;1928;2009
3;9;52;52011;52011;Chiusi;;SI;0;0;8612.0;2001;58,1472;2009;8874;2009
3;9;52;52012;52012;Colle di Val d'Elsa;;SI;0;0;19521.0;2001;92,0598;2009;21384;2009
3;9;52;52013;52013;Gaiole in Chianti;;SI;0;0;2386.0;2001;128,8831;2009;2736;2009
3;9;52;52014;52014;Montalcino;;SI;0;0;5118.0;2001;243,8497;2009;5252;2009
3;9;52;52015;52015;Montepulciano;;SI;0;0;13883.0;2001;165,3149;2009;14430;2009
3;9;52;52016;52016;Monteriggioni;;SI;0;0;7891.0;2001;99,7349;2009;9042;2009
3;9;52;52017;52017;Monteroni d'Arbia;;SI;0;0;7170.0;2001;105,9127;2009;8511;2009
3;9;52;52018;52018;Monticiano;;SI;0;0;1408.0;2001;109,5004;2009;1556;2009
3;9;52;52019;52019;Murlo;;SI;0;0;1932.0;2001;114,6080;2009;2434;2009
3;9;52;52020;52020;Piancastagnaio;;SI;0;0;4196.0;2001;69,6260;2009;4194;2009
3;9;52;52021;52021;Pienza;;SI;0;0;2233.0;2001;122,9553;2009;2174;2009
3;9;52;52022;52022;Poggibonsi;;SI;0;0;27420.0;2001;70,5535;2009;29140;2009
3;9;52;52023;52023;Radda in Chianti;;SI;0;0;1669.0;2001;80,4149;2009;1706;2009
3;9;52;52024;52024;Radicofani;;SI;0;0;1219.0;2001;118,0962;2009;1176;2009
3;9;52;52025;52025;Radicondoli;;SI;0;0;978.0;2001;132,5683;2009;973;2009
3;9;52;52026;52026;Rapolano Terme;;SI;0;0;4776.0;2001;83,0357;2009;5223;2009
3;9;52;52027;52027;San Casciano dei Bagni;;SI;0;0;1745.0;2001;92,1415;2009;1707;2009
3;9;52;52028;52028;San Gimignano;;SI;0;0;7114.0;2001;138,5944;2009;7747;2009
3;9;52;52029;52029;San Giovanni d'Asso;;SI;0;0;903.0;2001;66,4580;2009;893;2009
3;9;52;52030;52030;San Quirico d'Orcia;;SI;0;0;2463.0;2001;42,1182;2009;2765;2009
3;9;52;52031;52031;Sarteano;;SI;0;0;4535.0;2001;84,8062;2009;4814;2009
3;9;52;52032;52032;Siena;;SI;1;0;52625.0;2001;118,5774;2009;53777;2009
3;9;52;52033;52033;Sinalunga;;SI;0;0;11790.0;2001;78,6603;2009;12822;2009
3;9;52;52034;52034;Sovicille;;SI;0;0;8366.0;2001;143,6041;2009;9715;2009
3;9;52;52035;52035;Torrita di Siena;;SI;0;0;7121.0;2001;58,2429;2009;7555;2009
3;9;52;52036;52036;Trequanda;;SI;0;0;1417.0;2001;63,9755;2009;1373;2009
3;9;53;53001;53001;Arcidosso;;GR;0;0;4114.0;2001;93,2541;2009;4346;2009
3;9;53;53002;53002;Campagnatico;;GR;0;0;2423.0;2001;162,2591;2009;2501;2009
3;9;53;53003;53003;Capalbio;;GR;0;0;3750.0;2001;187,3607;2009;4211;2009
3;9;53;53004;53004;Castel del Piano;;GR;0;0;4331.0;2001;67,7664;2009;4684;2009
3;9;53;53005;53005;Castell'Azzara;;GR;0;0;1826.0;2001;64,2319;2009;1639;2009
3;9;53;53006;53006;Castiglione della Pescaia;;GR;0;0;7272.0;2001;209,3280;2009;7395;2009
3;9;53;53007;53007;Cinigiano;;GR;0;0;2695.0;2001;161,5518;2009;2738;2009
3;9;53;53008;53008;Civitella Paganico;;GR;0;0;3045.0;2001;192,9001;2009;3147;2009
3;9;53;53009;53009;Follonica;;GR;0;0;21091.0;2001;56,0182;2009;21987;2009
3;9;53;53010;53010;Gavorrano;;GR;0;0;8193.0;2001;163,9382;2009;8908;2009
3;9;53;53011;53011;Grosseto;;GR;1;0;71263.0;2001;473,2486;2009;79755;2009
3;9;53;53012;53012;Isola del Giglio;;GR;0;0;1406.0;2001;24,0115;2009;1458;2009
3;9;53;53013;53013;Magliano in Toscana;;GR;0;0;3719.0;2001;250,7728;2009;3719;2009
3;9;53;53014;53014;Manciano;;GR;0;0;6871.0;2001;372,5051;2009;7533;2009
3;9;53;53015;53015;Massa Marittima;;GR;0;0;8818.0;2001;283,4428;2009;8779;2009
3;9;53;53016;53016;Monte Argentario;;GR;0;0;12147.0;2001;60,4002;2009;12835;2009
3;9;53;53017;53017;Montieri;;GR;0;0;1248.0;2001;108,2049;2009;1225;2009
3;9;53;53018;53018;Orbetello;;GR;0;0;14607.0;2001;226,7973;2009;15111;2009
3;9;53;53019;53019;Pitigliano;;GR;0;0;4134.0;2001;101,9578;2009;3969;2009
3;9;53;53020;53020;Roccalbegna;;GR;0;0;1241.0;2001;124,8586;2009;1132;2009
3;9;53;53021;53021;Roccastrada;;GR;0;0;9199.0;2001;284,4661;2009;9618;2009
3;9;53;53022;53022;Santa Fiora;;GR;0;0;2767.0;2001;63,4512;2009;2789;2009
3;9;53;53023;53023;Scansano;;GR;0;0;4386.0;2001;273,5236;2009;4556;2009
3;9;53;53024;53024;Scarlino;;GR;0;0;3136.0;2001;88,2874;2009;3654;2009
3;9;53;53025;53025;Seggiano;;GR;0;0;953.0;2001;49,4320;2009;995;2009
3;9;53;53026;53026;Sorano;;GR;0;0;3915.0;2001;174,5664;2009;3662;2009
3;9;53;53027;53027;Monterotondo Marittimo;;GR;0;0;1210.0;2001;102,5875;2009;1409;2009
3;9;53;53028;53028;Semproniano;;GR;0;0;1326.0;2001;81,6534;2009;1191;2009
3;10;54;54001;54001;Assisi;;PG;0;0;25304.0;2001;187,1913;2009;27109;2009
3;10;54;54002;54002;Bastia Umbra;;PG;0;0;18400.0;2001;27,6014;2009;21348;2009
3;10;54;54003;54003;Bettona;;PG;0;0;3784.0;2001;45,0747;2009;4312;2009
3;10;54;54004;54004;Bevagna;;PG;0;0;4799.0;2001;56,2225;2009;5044;2009
3;10;54;54005;54005;Campello sul Clitunno;;PG;0;0;2367.0;2001;49,7615;2009;2539;2009
3;10;54;54006;54006;Cannara;;PG;0;0;3952.0;2001;32,8087;2009;4276;2009
3;10;54;54007;54007;Cascia;;PG;0;0;3260.0;2001;180,8456;2009;3255;2009
3;10;54;54008;54008;Castel Ritaldi;;PG;0;0;3071.0;2001;22,4414;2009;3292;2009
3;10;54;54009;54009;Castiglione del Lago;;PG;0;0;14230.0;2001;205,2853;2009;15418;2009
3;10;54;54010;54010;Cerreto di Spoleto;;PG;0;0;1137.0;2001;74,7824;2009;1157;2009
3;10;54;54011;54011;Citerna;;PG;0;0;3131.0;2001;23,5286;2009;3400;2009
3;10;54;54012;54012;Città della Pieve;;PG;0;0;7122.0;2001;110,9515;2009;7754;2009
3;10;54;54013;54013;Città di Castello;;PG;0;0;37889.0;2001;387,3289;2009;40019;2009
3;10;54;54014;54014;Collazzone;;PG;0;0;2929.0;2001;55,6742;2009;3496;2009
3;10;54;54015;54015;Corciano;;PG;0;0;15256.0;2001;63,7230;2009;20009;2009
3;10;54;54016;54016;Costacciaro;;PG;0;0;1289.0;2001;41,0578;2009;1305;2009
3;10;54;54017;54017;Deruta;;PG;0;0;8090.0;2001;44,5096;2009;9374;2009
3;10;54;54018;54018;Foligno;;PG;0;0;51130.0;2001;264,6641;2009;56215;2009
3;10;54;54019;54019;Fossato di Vico;;PG;0;0;2439.0;2001;35,3865;2009;2868;2009
3;10;54;54020;54020;Fratta Todina;;PG;0;0;1733.0;2001;17,4281;2009;1830;2009
3;10;54;54021;54021;Giano dell'Umbria;;PG;0;0;3383.0;2001;44,4751;2009;3771;2009
3;10;54;54022;54022;Gualdo Cattaneo;;PG;0;0;6056.0;2001;96,6236;2009;6352;2009
3;10;54;54023;54023;Gualdo Tadino;;PG;0;0;15064.0;2001;124,2781;2009;15726;2009
3;10;54;54024;54024;Gubbio;;PG;0;0;31616.0;2001;525,7676;2009;32680;2009
3;10;54;54025;54025;Lisciano Niccone;;PG;0;0;670.0;2001;35,1822;2009;643;2009
3;10;54;54026;54026;Magione;;PG;0;0;12306.0;2001;129,7327;2009;14391;2009
3;10;54;54027;54027;Marsciano;;PG;0;0;16336.0;2001;161,4887;2009;18551;2009
3;10;54;54028;54028;Massa Martana;;PG;0;0;3541.0;2001;78,4082;2009;3889;2009
3;10;54;54029;54029;Monte Castello di Vibio;;PG;0;0;1627.0;2001;32,0046;2009;1648;2009
3;10;54;54030;54030;Montefalco;;PG;0;0;5630.0;2001;69,5123;2009;5748;2009
3;10;54;54031;54031;Monteleone di Spoleto;;PG;0;0;681.0;2001;62,1554;2009;635;2009
3;10;54;54032;54032;Monte Santa Maria Tiberina;;PG;0;0;1225.0;2001;72,5287;2009;1242;2009
3;10;54;54033;54033;Montone;;PG;0;0;1555.0;2001;51,0941;2009;1679;2009
3;10;54;54034;54034;Nocera Umbra;;PG;0;0;5896.0;2001;157,1640;2009;6021;2009
3;10;54;54035;54035;Norcia;;PG;0;0;4872.0;2001;275,5597;2009;4936;2009
3;10;54;54036;54036;Paciano;;PG;0;0;953.0;2001;16,9058;2009;977;2009
3;10;54;54037;54037;Panicale;;PG;0;0;5335.0;2001;78,9686;2009;5885;2009
3;10;54;54038;54038;Passignano sul Trasimeno;;PG;0;0;5059.0;2001;81,3320;2009;5539;2009
3;10;54;54039;54039;Perugia;;PG;1;1;149125.0;2001;449,5012;2009;161741;2009
3;10;54;54040;54040;Piegaro;;PG;0;0;3645.0;2001;99,4633;2009;3747;2009
3;10;54;54041;54041;Pietralunga;;PG;0;0;2342.0;2001;140,4190;2009;2265;2009
3;10;54;54042;54042;Poggiodomo;;PG;0;0;172.0;2001;40,0939;2009;142;2009
3;10;54;54043;54043;Preci;;PG;0;0;817.0;2001;82,0182;2009;780;2009
3;10;54;54044;54044;San Giustino;;PG;0;0;10394.0;2001;79,9823;2009;11354;2009
3;10;54;54045;54045;Sant'Anatolia di Narco;;PG;0;0;567.0;2001;46,5485;2009;573;2009
3;10;54;54046;54046;Scheggia e Pascelupo;;PG;0;0;1477.0;2001;64,1428;2009;1520;2009
3;10;54;54047;54047;Scheggino;;PG;0;0;458.0;2001;35,8493;2009;495;2009
3;10;54;54048;54048;Sellano;;PG;0;0;1208.0;2001;85,8315;2009;1183;2009
3;10;54;54049;54049;Sigillo;;PG;0;0;2461.0;2001;26,4737;2009;2490;2009
3;10;54;54050;54050;Spello;;PG;0;0;8304.0;2001;61,6445;2009;8636;2009
3;10;54;54051;54051;Spoleto;;PG;0;0;37889.0;2001;348,1366;2009;38616;2009
3;10;54;54052;54052;Todi;;PG;0;0;16704.0;2001;222,8002;2009;17010;2009
3;10;54;54053;54053;Torgiano;;PG;0;0;5406.0;2001;37,6581;2009;6452;2009
3;10;54;54054;54054;Trevi;;PG;0;0;7773.0;2001;71,1853;2009;8237;2009
3;10;54;54055;54055;Tuoro sul Trasimeno;;PG;0;0;3585.0;2001;55,8852;2009;3843;2009
3;10;54;54056;54056;Umbertide;;PG;0;0;15254.0;2001;200,8297;2009;16528;2009
3;10;54;54057;54057;Valfabbrica;;PG;0;0;3483.0;2001;92,3024;2009;3500;2009
3;10;54;54058;54058;Vallo di Nera;;PG;0;0;428.0;2001;36,2212;2009;421;2009
3;10;54;54059;54059;Valtopina;;PG;0;0;1341.0;2001;40,5734;2009;1467;2009
3;10;55;55001;55001;Acquasparta;;TR;0;0;4527.0;2001;81,6057;2009;4992;2009
3;10;55;55002;55002;Allerona;;TR;0;0;1822.0;2001;82,6122;2009;1851;2009
3;10;55;55003;55003;Alviano;;TR;0;0;1508.0;2001;23,8952;2009;1569;2009
3;10;55;55004;55004;Amelia;;TR;0;0;11073.0;2001;132,4964;2009;11767;2009
3;10;55;55005;55005;Arrone;;TR;0;0;2696.0;2001;41,0359;2009;2839;2009
3;10;55;55006;55006;Attigliano;;TR;0;0;1700.0;2001;10,5120;2009;1848;2009
3;10;55;55007;55007;Baschi;;TR;0;0;2649.0;2001;68,5686;2009;2823;2009
3;10;55;55008;55008;Calvi dell'Umbria;;TR;0;0;1830.0;2001;45,7841;2009;1885;2009
3;10;55;55009;55009;Castel Giorgio;;TR;0;0;2162.0;2001;42,1424;2009;2227;2009
3;10;55;55010;55010;Castel Viscardo;;TR;0;0;3047.0;2001;26,2156;2009;3068;2009
3;10;55;55011;55011;Fabro;;TR;0;0;2699.0;2001;34,5505;2009;2896;2009
3;10;55;55012;55012;Ferentillo;;TR;0;0;1904.0;2001;69,5861;2009;1958;2009
3;10;55;55013;55013;Ficulle;;TR;0;0;1682.0;2001;64,6187;2009;1750;2009
3;10;55;55014;55014;Giove;;TR;0;0;1791.0;2001;15,0882;2009;1923;2009
3;10;55;55015;55015;Guardea;;TR;0;0;1795.0;2001;39,3808;2009;1881;2009
3;10;55;55016;55016;Lugnano in Teverina;;TR;0;0;1606.0;2001;29,8297;2009;1602;2009
3;10;55;55017;55017;Montecastrilli;;TR;0;0;4620.0;2001;62,4282;2009;5184;2009
3;10;55;55018;55018;Montecchio;;TR;0;0;1747.0;2001;49,2172;2009;1783;2009
3;10;55;55019;55019;Montefranco;;TR;0;0;1262.0;2001;10,0869;2009;1287;2009
3;10;55;55020;55020;Montegabbione;;TR;0;0;1241.0;2001;51,0591;2009;1229;2009
3;10;55;55021;55021;Monteleone d'Orvieto;;TR;0;0;1629.0;2001;24,0978;2009;1580;2009
3;10;55;55022;55022;Narni;;TR;0;0;20070.0;2001;197,9836;2009;20296;2009
3;10;55;55023;55023;Orvieto;;TR;0;0;20705.0;2001;281,2658;2009;21064;2009
3;10;55;55024;55024;Otricoli;;TR;0;0;1831.0;2001;27,5297;2009;1955;2009
3;10;55;55025;55025;Parrano;;TR;0;0;579.0;2001;40,0911;2009;587;2009
3;10;55;55026;55026;Penna in Teverina;;TR;0;0;1045.0;2001;10,0033;2009;1092;2009
3;10;55;55027;55027;Polino;;TR;0;0;267.0;2001;19,5676;2009;262;2009
3;10;55;55028;55028;Porano;;TR;0;0;1774.0;2001;13,6029;2009;1932;2009
3;10;55;55029;55029;San Gemini;;TR;0;0;4510.0;2001;27,8956;2009;4826;2009
3;10;55;55030;55030;San Venanzo;;TR;0;0;2295.0;2001;169,4517;2009;2359;2009
3;10;55;55031;55031;Stroncone;;TR;0;0;4414.0;2001;71,1632;2009;4905;2009
3;10;55;55032;55032;Terni;;TR;1;0;105018.0;2001;212,4298;2009;109799;2009
3;10;55;55033;55033;Avigliano Umbro;;TR;0;0;2378.0;2001;51,3387;2009;2585;2009
3;12;56;56001;56001;Acquapendente;;VT;0;0;5788.0;2001;131,6054;2009;5684;2009
3;12;56;56002;56002;Arlena di Castro;;VT;0;0;867.0;2001;21,8706;2009;910;2009
3;12;56;56003;56003;Bagnoregio;;VT;0;0;3639.0;2001;72,8088;2009;3753;2009
3;12;56;56004;56004;Barbarano Romano;;VT;0;0;950.0;2001;37,5635;2009;1091;2009
3;12;56;56005;56005;Bassano Romano;;VT;0;0;4277.0;2001;37,5459;2009;4866;2009
3;12;56;56006;56006;Bassano in Teverina;;VT;0;0;1134.0;2001;12,1676;2009;1262;2009
3;12;56;56007;56007;Blera;;VT;0;0;3208.0;2001;92,9142;2009;3306;2009
3;12;56;56008;56008;Bolsena;;VT;0;0;4111.0;2001;63,5744;2009;4229;2009
3;12;56;56009;56009;Bomarzo;;VT;0;0;1615.0;2001;39,6447;2009;1828;2009
3;12;56;56010;56010;Calcata;;VT;0;0;846.0;2001;7,6322;2009;897;2009
3;12;56;56011;56011;Canepina;;VT;0;0;3095.0;2001;20,8477;2009;3192;2009
3;12;56;56012;56012;Canino;;VT;0;0;5072.0;2001;124,0374;2009;5307;2009
3;12;56;56013;56013;Capodimonte;;VT;0;0;1686.0;2001;61,2907;2009;1804;2009
3;12;56;56014;56014;Capranica;;VT;0;0;5604.0;2001;40,9683;2009;6531;2009
3;12;56;56015;56015;Caprarola;;VT;0;0;5197.0;2001;57,5769;2009;5449;2009
3;12;56;56016;56016;Carbognano;;VT;0;0;1918.0;2001;17,4110;2009;2088;2009
3;12;56;56017;56017;Castel Sant'Elia;;VT;0;0;2151.0;2001;23,9150;2009;2594;2009
3;12;56;56018;56018;Castiglione in Teverina;;VT;0;0;2261.0;2001;19,8891;2009;2342;2009
3;12;56;56019;56019;Celleno;;VT;0;0;1339.0;2001;23,8237;2009;1359;2009
3;12;56;56020;56020;Cellere;;VT;0;0;1301.0;2001;37,1950;2009;1276;2009
3;12;56;56021;56021;Civita Castellana;;VT;0;0;15219.0;2001;84,2211;2009;16059;2009
3;12;56;56022;56022;Civitella d'Agliano;;VT;0;0;1734.0;2001;32,9558;2009;1671;2009
3;12;56;56023;56023;Corchiano;;VT;0;0;3337.0;2001;33,0306;2009;3743;2009
3;12;56;56024;56024;Fabrica di Roma;;VT;0;0;6654.0;2001;34,7859;2009;8191;2009
3;12;56;56025;56025;Faleria;;VT;0;0;1728.0;2001;25,6785;2009;2218;2009
3;12;56;56026;56026;Farnese;;VT;0;0;1729.0;2001;52,3737;2009;1680;2009
3;12;56;56027;56027;Gallese;;VT;0;0;2757.0;2001;37,1734;2009;3029;2009
3;12;56;56028;56028;Gradoli;;VT;0;0;1496.0;2001;43,8083;2009;1503;2009
3;12;56;56029;56029;Graffignano;;VT;0;0;2288.0;2001;29,1023;2009;2333;2009
3;12;56;56030;56030;Grotte di Castro;;VT;0;0;2967.0;2001;33,4203;2009;2866;2009
3;12;56;56031;56031;Ischia di Castro;;VT;0;0;2464.0;2001;104,9421;2009;2419;2009
3;12;56;56032;56032;Latera;;VT;0;0;1023.0;2001;22,4293;2009;964;2009
3;12;56;56033;56033;Lubriano;;VT;0;0;918.0;2001;16,6924;2009;943;2009
3;12;56;56034;56034;Marta;;VT;0;0;3436.0;2001;33,5404;2009;3559;2009
3;12;56;56035;56035;Montalto di Castro;;VT;0;0;7653.0;2001;189,6168;2009;8770;2009
3;12;56;56036;56036;Montefiascone;;VT;0;0;12653.0;2001;104,9300;2009;13417;2009
3;12;56;56037;56037;Monte Romano;;VT;0;0;1939.0;2001;86,1400;2009;1991;2009
3;12;56;56038;56038;Monterosi;;VT;0;0;2381.0;2001;10,6834;2009;3721;2009
3;12;56;56039;56039;Nepi;;VT;0;0;7827.0;2001;83,7096;2009;9241;2009
3;12;56;56040;56040;Onano;;VT;0;0;1169.0;2001;24,5055;2009;1044;2009
3;12;56;56041;56041;Oriolo Romano;;VT;0;0;2920.0;2001;19,3110;2009;3670;2009
3;12;56;56042;56042;Orte;;VT;0;0;7781.0;2001;69,5591;2009;8585;2009
3;12;56;56043;56043;Piansano;;VT;0;0;2220.0;2001;26,6051;2009;2214;2009
3;12;56;56044;56044;Proceno;;VT;0;0;632.0;2001;42,0051;2009;622;2009
3;12;56;56045;56045;Ronciglione;;VT;0;0;7470.0;2001;52,5258;2009;8585;2009
3;12;56;56046;56046;Villa San Giovanni in Tuscia;;VT;0;0;1164.0;2001;5,2792;2009;1314;2009
3;12;56;56047;56047;San Lorenzo Nuovo;;VT;0;0;2067.0;2001;26,7346;2009;2157;2009
3;12;56;56048;56048;Soriano nel Cimino;;VT;0;0;8185.0;2001;78,5355;2009;8623;2009
3;12;56;56049;56049;Sutri;;VT;0;0;5055.0;2001;60,9412;2009;6489;2009
3;12;56;56050;56050;Tarquinia;;VT;0;0;15162.0;2001;279,3305;2009;16160;2009
3;12;56;56051;56051;Tessennano;;VT;0;0;420.0;2001;14,7309;2009;373;2009
3;12;56;56052;56052;Tuscania;;VT;0;0;7717.0;2001;208,6910;2009;8110;2009
3;12;56;56053;56053;Valentano;;VT;0;0;2935.0;2001;43,4944;2009;2935;2009
3;12;56;56054;56054;Vallerano;;VT;0;0;2505.0;2001;15,4516;2009;2653;2009
3;12;56;56055;56055;Vasanello;;VT;0;0;3890.0;2001;28,9623;2009;4131;2009
3;12;56;56056;56056;Vejano;;VT;0;0;2085.0;2001;44,3071;2009;2255;2009
3;12;56;56057;56057;Vetralla;;VT;0;0;11917.0;2001;113,7710;2009;13469;2009
3;12;56;56058;56058;Vignanello;;VT;0;0;4705.0;2001;20,5289;2009;4840;2009
3;12;56;56059;56059;Viterbo;;VT;1;0;59308.0;2001;406,2267;2009;62237;2009
3;12;56;56060;56060;Vitorchiano;;VT;0;0;3214.0;2001;30,1430;2009;4718;2009
3;12;57;57001;57001;Accumoli;;RI;0;0;724.0;2001;87,3306;2009;701;2009
3;12;57;57002;57002;Amatrice;;RI;0;0;2807.0;2001;174,3852;2009;2685;2009
3;12;57;57003;57003;Antrodoco;;RI;0;0;2845.0;2001;63,9030;2009;2758;2009
3;12;57;57004;57004;Ascrea;;RI;0;0;284.0;2001;13,9761;2009;266;2009
3;12;57;57005;57005;Belmonte in Sabina;;RI;0;0;617.0;2001;23,6446;2009;679;2009
3;12;57;57006;57006;Borbona;;RI;0;0;725.0;2001;47,9409;2009;674;2009
3;12;57;57007;57007;Borgorose;;RI;0;0;4524.0;2001;145,8182;2009;4645;2009
3;12;57;57008;57008;Borgo Velino;;RI;0;0;922.0;2001;18,2929;2009;1002;2009
3;12;57;57009;57009;Cantalice;;RI;0;0;2875.0;2001;37,6240;2009;2784;2009
3;12;57;57010;57010;Cantalupo in Sabina;;RI;0;0;1621.0;2001;10,6212;2009;1724;2009
3;12;57;57011;57011;Casaprota;;RI;0;0;686.0;2001;14,5461;2009;765;2009
3;12;57;57012;57012;Casperia;;RI;0;0;1081.0;2001;25,3087;2009;1241;2009
3;12;57;57013;57013;Castel di Tora;;RI;0;0;286.0;2001;15,4912;2009;309;2009
3;12;57;57014;57014;Castelnuovo di Farfa;;RI;0;0;929.0;2001;8,8422;2009;1038;2009
3;12;57;57015;57015;Castel Sant'Angelo;;RI;0;0;1282.0;2001;31,2697;2009;1252;2009
3;12;57;57016;57016;Cittaducale;;RI;0;0;6542.0;2001;71,2532;2009;6960;2009
3;12;57;57017;57017;Cittareale;;RI;0;0;482.0;2001;59,6506;2009;507;2009
3;12;57;57018;57018;Collalto Sabino;;RI;0;0;497.0;2001;22,3665;2009;445;2009
3;12;57;57019;57019;Colle di Tora;;RI;0;0;383.0;2001;14,3718;2009;392;2009
3;12;57;57020;57020;Collegiove;;RI;0;0;176.0;2001;10,6126;2009;218;2009
3;12;57;57021;57021;Collevecchio;;RI;0;0;1480.0;2001;26,9475;2009;1649;2009
3;12;57;57022;57022;Colli sul Velino;;RI;0;0;516.0;2001;12,7540;2009;527;2009
3;12;57;57023;57023;Concerviano;;RI;0;0;386.0;2001;21,3896;2009;341;2009
3;12;57;57024;57024;Configni;;RI;0;0;705.0;2001;22,9223;2009;706;2009
3;12;57;57025;57025;Contigliano;;RI;0;0;3408.0;2001;53,5447;2009;3569;2009
3;12;57;57026;57026;Cottanello;;RI;0;0;572.0;2001;36,6889;2009;573;2009
3;12;57;57027;57027;Fara in Sabina;;RI;0;0;10810.0;2001;54,9624;2009;12437;2009
3;12;57;57028;57028;Fiamignano;;RI;0;0;1603.0;2001;100,6211;2009;1539;2009
3;12;57;57029;57029;Forano;;RI;0;0;2453.0;2001;17,6853;2009;2957;2009
3;12;57;57030;57030;Frasso Sabino;;RI;0;0;632.0;2001;4,3898;2009;688;2009
3;12;57;57031;57031;Greccio;;RI;0;0;1464.0;2001;17,8523;2009;1556;2009
3;12;57;57032;57032;Labro;;RI;0;0;352.0;2001;11,7404;2009;397;2009
3;12;57;57033;57033;Leonessa;;RI;0;0;2734.0;2001;204,0180;2009;2578;2009
3;12;57;57034;57034;Longone Sabino;;RI;0;0;682.0;2001;34,3338;2009;633;2009
3;12;57;57035;57035;Magliano Sabina;;RI;0;0;3745.0;2001;43,2258;2009;3877;2009
3;12;57;57036;57036;Marcetelli;;RI;0;0;126.0;2001;11,0838;2009;114;2009
3;12;57;57037;57037;Micigliano;;RI;0;0;140.0;2001;36,8517;2009;140;2009
3;12;57;57038;57038;Mompeo;;RI;0;0;563.0;2001;10,8922;2009;578;2009
3;12;57;57039;57039;Montasola;;RI;0;0;368.0;2001;12,7472;2009;438;2009
3;12;57;57040;57040;Montebuono;;RI;0;0;913.0;2001;19,7224;2009;964;2009
3;12;57;57041;57041;Monteleone Sabino;;RI;0;0;1274.0;2001;19,0398;2009;1268;2009
3;12;57;57042;57042;Montenero Sabino;;RI;0;0;345.0;2001;22,5865;2009;305;2009
3;12;57;57043;57043;Monte San Giovanni in Sabina;;RI;0;0;728.0;2001;30,7570;2009;769;2009
3;12;57;57044;57044;Montopoli di Sabina;;RI;0;0;3698.0;2001;37,9405;2009;4181;2009
3;12;57;57045;57045;Morro Reatino;;RI;0;0;377.0;2001;15,7279;2009;367;2009
3;12;57;57046;57046;Nespolo;;RI;0;0;224.0;2001;8,6424;2009;271;2009
3;12;57;57047;57047;Orvinio;;RI;0;0;427.0;2001;24,6888;2009;466;2009
3;12;57;57048;57048;Paganico Sabino;;RI;0;0;180.0;2001;9,3138;2009;183;2009
3;12;57;57049;57049;Pescorocchiano;;RI;0;0;2553.0;2001;94,7761;2009;2255;2009
3;12;57;57050;57050;Petrella Salto;;RI;0;0;1326.0;2001;102,9304;2009;1303;2009
3;12;57;57051;57051;Poggio Bustone;;RI;0;0;2094.0;2001;22,3815;2009;2177;2009
3;12;57;57052;57052;Poggio Catino;;RI;0;0;1220.0;2001;14,9813;2009;1363;2009
3;12;57;57053;57053;Poggio Mirteto;;RI;0;0;5168.0;2001;26,3948;2009;5935;2009
3;12;57;57054;57054;Poggio Moiano;;RI;0;0;2510.0;2001;26,9469;2009;2805;2009
3;12;57;57055;57055;Poggio Nativo;;RI;0;0;2049.0;2001;16,4995;2009;2445;2009
3;12;57;57056;57056;Poggio San Lorenzo;;RI;0;0;523.0;2001;8,6696;2009;577;2009
3;12;57;57057;57057;Posta;;RI;0;0;824.0;2001;66,0132;2009;725;2009
3;12;57;57058;57058;Pozzaglia Sabina;;RI;0;0;411.0;2001;24,9787;2009;360;2009
3;12;57;57059;57059;Rieti;;RI;1;0;43785.0;2001;206,4530;2009;46621;2009
3;12;57;57060;57060;Rivodutri;;RI;0;0;1278.0;2001;26,7902;2009;1323;2009
3;12;57;57061;57061;Roccantica;;RI;0;0;631.0;2001;16,7231;2009;621;2009
3;12;57;57062;57062;Rocca Sinibalda;;RI;0;0;825.0;2001;49,5551;2009;887;2009
3;12;57;57063;57063;Salisano;;RI;0;0;552.0;2001;17,5958;2009;556;2009
3;12;57;57064;57064;Scandriglia;;RI;0;0;2426.0;2001;63,3505;2009;3058;2009
3;12;57;57065;57065;Selci;;RI;0;0;1000.0;2001;7,7281;2009;1102;2009
3;12;57;57066;57066;Stimigliano;;RI;0;0;1744.0;2001;11,3838;2009;2169;2009
3;12;57;57067;57067;Tarano;;RI;0;0;1198.0;2001;19,9796;2009;1465;2009
3;12;57;57068;57068;Toffia;;RI;0;0;905.0;2001;11,3291;2009;1037;2009
3;12;57;57069;57069;Torricella in Sabina;;RI;0;0;1216.0;2001;25,7914;2009;1379;2009
3;12;57;57070;57070;Torri in Sabina;;RI;0;0;1197.0;2001;26,3047;2009;1274;2009
3;12;57;57071;57071;Turania;;RI;0;0;272.0;2001;8,5095;2009;248;2009
3;12;57;57072;57072;Vacone;;RI;0;0;247.0;2001;9,1839;2009;257;2009
3;12;57;57073;57073;Varco Sabino;;RI;0;0;263.0;2001;24,7526;2009;221;2009
3;12;58;58001;58001;Affile;;RM;0;0;1644.0;2001;15,1123;2009;1571;2009
3;12;58;58002;58002;Agosta;;RM;0;0;1617.0;2001;9,4997;2009;1734;2009
3;12;58;58003;58003;Albano Laziale;;RM;0;0;33692.0;2001;23,6399;2009;38268;2009
3;12;58;58004;58004;Allumiere;;RM;0;0;4187.0;2001;92,1659;2009;4249;2009
3;12;58;58005;58005;Anguillara Sabazia;;RM;0;0;14236.0;2001;75,2338;2009;18277;2009
3;12;58;58006;58006;Anticoli Corrado;;RM;0;0;910.0;2001;16,2154;2009;967;2009
3;12;58;58007;58007;Anzio;;RM;0;0;36952.0;2001;43,6490;2009;50022;2009
3;12;58;58008;58008;Arcinazzo Romano;;RM;0;0;1334.0;2001;28,3109;2009;1470;2009
3;12;58;58009;58009;Ariccia;;RM;0;0;17865.0;2001;18,5918;2009;18167;2009
3;12;58;58010;58010;Arsoli;;RM;0;0;1537.0;2001;12,1985;2009;1674;2009
3;12;58;58011;58011;Artena;;RM;0;0;11828.0;2001;54,7970;2009;13517;2009
3;12;58;58012;58012;Bellegra;;RM;0;0;3029.0;2001;18,7794;2009;3014;2009
3;12;58;58013;58013;Bracciano;;RM;0;0;13436.0;2001;143,0602;2009;18289;2009
3;12;58;58014;58014;Camerata Nuova;;RM;0;0;476.0;2001;40,4966;2009;467;2009
3;12;58;58015;58015;Campagnano di Roma;;RM;0;0;8708.0;2001;46,9371;2009;10859;2009
3;12;58;58016;58016;Canale Monterano;;RM;0;0;3298.0;2001;36,9174;2009;3949;2009
3;12;58;58017;58017;Canterano;;RM;0;0;372.0;2001;7,3730;2009;365;2009
3;12;58;58018;58018;Capena;;RM;0;0;5826.0;2001;29,5071;2009;9036;2009
3;12;58;58019;58019;Capranica Prenestina;;RM;0;0;334.0;2001;20,3617;2009;389;2009
3;12;58;58020;58020;Carpineto Romano;;RM;0;0;4936.0;2001;86,2891;2009;4737;2009
3;12;58;58021;58021;Casape;;RM;0;0;746.0;2001;5,3793;2009;764;2009
3;12;58;58022;58022;Castel Gandolfo;;RM;0;0;7930.0;2001;14,1894;2009;8770;2009
3;12;58;58023;58023;Castel Madama;;RM;0;0;6415.0;2001;28,8029;2009;7366;2009
3;12;58;58024;58024;Castelnuovo di Porto;;RM;0;0;7181.0;2001;30,5653;2009;8314;2009
3;12;58;58025;58025;Castel San Pietro Romano;;RM;0;0;743.0;2001;15,2923;2009;863;2009
3;12;58;58026;58026;Cave;;RM;0;0;9529.0;2001;17,8793;2009;10411;2009
3;12;58;58027;58027;Cerreto Laziale;;RM;0;0;1057.0;2001;12,0752;2009;1179;2009
3;12;58;58028;58028;Cervara di Roma;;RM;0;0;471.0;2001;31,7448;2009;490;2009
3;12;58;58029;58029;Cerveteri;;RM;0;0;26772.0;2001;134,3187;2009;34806;2009
3;12;58;58030;58030;Ciciliano;;RM;0;0;1133.0;2001;18,8474;2009;1442;2009
3;12;58;58031;58031;Cineto Romano;;RM;0;0;612.0;2001;10,3668;2009;657;2009
3;12;58;58032;58032;Civitavecchia;;RM;0;0;50032.0;2001;73,3770;2009;51976;2009
3;12;58;58033;58033;Civitella San Paolo;;RM;0;0;1547.0;2001;20,7493;2009;1808;2009
3;12;58;58034;58034;Colleferro;;RM;0;0;20723.0;2001;26,9854;2009;21710;2009
3;12;58;58035;58035;Colonna;;RM;0;0;3329.0;2001;3,5491;2009;3831;2009
3;12;58;58036;58036;Fiano Romano;;RM;0;0;7924.0;2001;41,1861;2009;12628;2009
3;12;58;58037;58037;Filacciano;;RM;0;0;502.0;2001;5,6584;2009;511;2009
3;12;58;58038;58038;Formello;;RM;0;0;9271.0;2001;31,1449;2009;11864;2009
3;12;58;58039;58039;Frascati;;RM;0;0;19314.0;2001;22,4749;2009;20513;2009
3;12;58;58040;58040;Gallicano nel Lazio;;RM;0;0;4578.0;2001;25,6994;2009;5753;2009
3;12;58;58041;58041;Gavignano;;RM;0;0;1760.0;2001;15,0431;2009;1984;2009
3;12;58;58042;58042;Genazzano;;RM;0;0;5314.0;2001;32,0651;2009;5979;2009
3;12;58;58043;58043;Genzano di Roma;;RM;0;0;22178.0;2001;17,8998;2009;23799;2009
3;12;58;58044;58044;Gerano;;RM;0;0;1201.0;2001;10,1242;2009;1233;2009
3;12;58;58045;58045;Gorga;;RM;0;0;764.0;2001;26,1896;2009;789;2009
3;12;58;58046;58046;Grottaferrata;;RM;0;0;17663.0;2001;18,4028;2009;19833;2009
3;12;58;58047;58047;Guidonia Montecelio;;RM;0;0;67516.0;2001;79,4716;2009;81016;2009
3;12;58;58048;58048;Jenne;;RM;0;0;497.0;2001;31,4509;2009;411;2009
3;12;58;58049;58049;Labico;;RM;0;0;3734.0;2001;11,7531;2009;5799;2009
3;12;58;58050;58050;Lanuvio;;RM;0;0;9994.0;2001;43,7632;2009;12757;2009
3;12;58;58051;58051;Licenza;;RM;0;0;957.0;2001;17,9850;2009;996;2009
3;12;58;58052;58052;Magliano Romano;;RM;0;0;1322.0;2001;20,5174;2009;1511;2009
3;12;58;58053;58053;Mandela;;RM;0;0;771.0;2001;13,7166;2009;926;2009
3;12;58;58054;58054;Manziana;;RM;0;0;5857.0;2001;23,9991;2009;6793;2009
3;12;58;58055;58055;Marano Equo;;RM;0;0;768.0;2001;7,6535;2009;817;2009
3;12;58;58056;58056;Marcellina;;RM;0;0;5508.0;2001;15,3561;2009;6850;2009
3;12;58;58057;58057;Marino;;RM;0;0;32706.0;2001;24,1913;2009;37313;2009
3;12;58;58058;58058;Mazzano Romano;;RM;0;0;2536.0;2001;29,0667;2009;2967;2009
3;12;58;58059;58059;Mentana;;RM;0;0;16288.0;2001;24,2684;2009;20299;2009
3;12;58;58060;58060;Monte Compatri;;RM;0;0;8121.0;2001;24,5712;2009;10900;2009
3;12;58;58061;58061;Monteflavio;;RM;0;0;1372.0;2001;16,8416;2009;1437;2009
3;12;58;58062;58062;Montelanico;;RM;0;0;1920.0;2001;35,1399;2009;2085;2009
3;12;58;58063;58063;Montelibretti;;RM;0;0;4823.0;2001;45,4257;2009;5119;2009
3;12;58;58064;58064;Monte Porzio Catone;;RM;0;0;8221.0;2001;9,1250;2009;8732;2009
3;12;58;58065;58065;Monterotondo;;RM;0;0;34376.0;2001;40,9352;2009;38749;2009
3;12;58;58066;58066;Montorio Romano;;RM;0;0;1829.0;2001;23,3928;2009;2000;2009
3;12;58;58067;58067;Moricone;;RM;0;0;2354.0;2001;19,5872;2009;2654;2009
3;12;58;58068;58068;Morlupo;;RM;0;0;6654.0;2001;24,0842;2009;7998;2009
3;12;58;58069;58069;Nazzano;;RM;0;0;1251.0;2001;12,3969;2009;1354;2009
3;12;58;58070;58070;Nemi;;RM;0;0;1719.0;2001;7,3249;2009;1952;2009
3;12;58;58071;58071;Nerola;;RM;0;0;1419.0;2001;17,0960;2009;1743;2009
3;12;58;58072;58072;Nettuno;;RM;0;0;36080.0;2001;71,6413;2009;45276;2009
3;12;58;58073;58073;Olevano Romano;;RM;0;0;6354.0;2001;26,1598;2009;6805;2009
3;12;58;58074;58074;Palestrina;;RM;0;0;17234.0;2001;47,0164;2009;20432;2009
3;12;58;58075;58075;Palombara Sabina;;RM;0;0;10659.0;2001;75,8028;2009;12313;2009
3;12;58;58076;58076;Percile;;RM;0;0;216.0;2001;17,7577;2009;264;2009
3;12;58;58077;58077;Pisoniano;;RM;0;0;734.0;2001;12,9201;2009;797;2009
3;12;58;58078;58078;Poli;;RM;0;0;2163.0;2001;21,7449;2009;2443;2009
3;12;58;58079;58079;Pomezia;;RM;0;0;43960.0;2001;86,5727;2009;56433;2009
3;12;58;58080;58080;Ponzano Romano;;RM;0;0;1028.0;2001;19,5195;2009;1144;2009
3;12;58;58081;58081;Riano;;RM;0;0;6486.0;2001;25,4305;2009;9077;2009
3;12;58;58082;58082;Rignano Flaminio;;RM;0;0;6857.0;2001;38,5617;2009;9127;2009
3;12;58;58083;58083;Riofreddo;;RM;0;0;764.0;2001;12,3835;2009;763;2009
3;12;58;58084;58084;Rocca Canterano;;RM;0;0;251.0;2001;15,8373;2009;217;2009
3;12;58;58085;58085;Rocca di Cave;;RM;0;0;358.0;2001;11,0854;2009;395;2009
3;12;58;58086;58086;Rocca di Papa;;RM;0;0;13014.0;2001;39,7161;2009;15331;2009
3;12;58;58087;58087;Roccagiovine;;RM;0;0;297.0;2001;8,4072;2009;295;2009
3;12;58;58088;58088;Rocca Priora;;RM;0;0;10002.0;2001;28,2646;2009;11256;2009
3;12;58;58089;58089;Rocca Santo Stefano;;RM;0;0;1009.0;2001;9,5724;2009;1043;2009
3;12;58;58090;58090;Roiate;;RM;0;0;798.0;2001;10,3502;2009;756;2009
3;12;58;58091;58091;Roma;;RM;1;1;2546804.0;2001;1.287,3371;2009;2636341;2009
3;12;58;58092;58092;Roviano;;RM;0;0;1386.0;2001;8,5016;2009;1425;2009
3;12;58;58093;58093;Sacrofano;;RM;0;0;5691.0;2001;28,4283;2009;6837;2009
3;12;58;58094;58094;Sambuci;;RM;0;0;891.0;2001;8,3047;2009;945;2009
3;12;58;58095;58095;San Gregorio da Sassola;;RM;0;0;1444.0;2001;35,4501;2009;1534;2009
3;12;58;58096;58096;San Polo dei Cavalieri;;RM;0;0;2310.0;2001;42,5287;2009;2850;2009
3;12;58;58097;58097;Santa Marinella;;RM;0;0;14951.0;2001;48,9058;2009;17221;2009
3;12;58;58098;58098;Sant'Angelo Romano;;RM;0;0;3078.0;2001;21,3567;2009;4307;2009
3;12;58;58099;58099;Sant'Oreste;;RM;0;0;3536.0;2001;43,8935;2009;3802;2009
3;12;58;58100;58100;San Vito Romano;;RM;0;0;3269.0;2001;12,6619;2009;3422;2009
3;12;58;58101;58101;Saracinesco;;RM;0;0;178.0;2001;11,1595;2009;183;2009
3;12;58;58102;58102;Segni;;RM;0;0;8780.0;2001;60,8619;2009;9224;2009
3;12;58;58103;58103;Subiaco;;RM;0;0;9030.0;2001;63,2313;2009;9161;2009
3;12;58;58104;58104;Tivoli;;RM;0;0;49342.0;2001;68,6439;2009;53919;2009
3;12;58;58105;58105;Tolfa;;RM;0;0;4942.0;2001;168,2670;2009;5202;2009
3;12;58;58106;58106;Torrita Tiberina;;RM;0;0;932.0;2001;10,7793;2009;1045;2009
3;12;58;58107;58107;Trevignano Romano;;RM;0;0;4583.0;2001;38,9863;2009;5507;2009
3;12;58;58108;58108;Vallepietra;;RM;0;0;376.0;2001;52,9371;2009;319;2009
3;12;58;58109;58109;Vallinfreda;;RM;0;0;290.0;2001;16,7180;2009;328;2009
3;12;58;58110;58110;Valmontone;;RM;0;0;12244.0;2001;40,9132;2009;14634;2009
3;12;58;58111;58111;Velletri;;RM;0;0;48236.0;2001;118,2312;2009;51930;2009
3;12;58;58112;58112;Vicovaro;;RM;0;0;3714.0;2001;35,9435;2009;4008;2009
3;12;58;58113;58113;Vivaro Romano;;RM;0;0;223.0;2001;12,5367;2009;194;2009
3;12;58;58114;58114;Zagarolo;;RM;0;0;12735.0;2001;28,0352;2009;16832;2009
3;12;58;58115;58115;Lariano;;RM;0;0;10356.0;2001;22,5343;2009;12603;2009
3;12;58;58116;58116;Ladispoli;;RM;0;0;29968.0;2001;25,9515;2009;38125;2009
3;12;58;58117;58117;Ardea;;RM;0;0;26711.0;2001;72,0869;2009;42380;2009
3;12;58;58118;58118;Ciampino;;RM;0;0;36074.0;2001;12,9981;2009;37442;2009
3;12;58;58119;58119;San Cesareo;;RM;0;0;9456.0;2001;23,6431;2009;13322;2009
3;12;58;58120;58120;Fiumicino;;RM;0;0;50535.0;2001;213,8908;2009;65743;2009
3;12;58;58122;58122;Fonte Nuova;;RM;0;0;22676.0;2001;19,9405;2009;29653;2009
3;12;59;59001;59001;Aprilia;;LT;0;0;56028.0;2001;178,1088;2009;67209;2009
3;12;59;59002;59002;Bassiano;;LT;0;0;1617.0;2001;32,4003;2009;1641;2009
3;12;59;59003;59003;Campodimele;;LT;0;0;733.0;2001;38,3827;2009;664;2009
3;12;59;59004;59004;Castelforte;;LT;0;0;4518.0;2001;29,7045;2009;4458;2009
3;12;59;59005;59005;Cisterna di Latina;;LT;0;0;32584.0;2001;144,1569;2009;34862;2009
3;12;59;59006;59006;Cori;;LT;0;0;10529.0;2001;85,3114;2009;11101;2009
3;12;59;59007;59007;Fondi;;LT;0;0;31023.0;2001;143,9130;2009;36129;2009
3;12;59;59008;59008;Formia;;LT;0;0;34931.0;2001;74,1690;2009;36684;2009
3;12;59;59009;59009;Gaeta;;LT;0;0;21179.0;2001;29,1985;2009;21113;2009
3;12;59;59010;59010;Itri;;LT;0;0;8749.0;2001;101,0971;2009;10304;2009
3;12;59;59011;59011;Latina;;LT;1;0;107898.0;2001;277,6174;2009;117555;2009
3;12;59;59012;59012;Lenola;;LT;0;0;4131.0;2001;45,2423;2009;4208;2009
3;12;59;59013;59013;Maenza;;LT;0;0;3017.0;2001;42,1331;2009;3095;2009
3;12;59;59014;59014;Minturno;;LT;0;0;17814.0;2001;42,1345;2009;19392;2009
3;12;59;59015;59015;Monte San Biagio;;LT;0;0;5996.0;2001;65,1013;2009;6149;2009
3;12;59;59016;59016;Norma;;LT;0;0;3792.0;2001;31,2215;2009;4027;2009
3;12;59;59017;59017;Pontinia;;LT;0;0;13027.0;2001;112,1023;2009;13831;2009
3;12;59;59018;59018;Ponza;;LT;0;0;3110.0;2001;10,1563;2009;3278;2009
3;12;59;59019;59019;Priverno;;LT;0;0;13133.0;2001;56,9808;2009;13883;2009
3;12;59;59020;59020;Prossedi;;LT;0;0;1248.0;2001;35,3661;2009;1270;2009
3;12;59;59021;59021;Roccagorga;;LT;0;0;4386.0;2001;24,4927;2009;4596;2009
3;12;59;59022;59022;Rocca Massima;;LT;0;0;1104.0;2001;18,1656;2009;1114;2009
3;12;59;59023;59023;Roccasecca dei Volsci;;LT;0;0;1201.0;2001;23,5036;2009;1165;2009
3;12;59;59024;59024;Sabaudia;;LT;0;0;16229.0;2001;145,3721;2009;18722;2009
3;12;59;59025;59025;San Felice Circeo;;LT;0;0;8036.0;2001;32,6307;2009;8547;2009
3;12;59;59026;59026;Santi Cosma e Damiano;;LT;0;0;6532.0;2001;31,6104;2009;6815;2009
3;12;59;59027;59027;Sermoneta;;LT;0;0;6620.0;2001;44,9962;2009;8678;2009
3;12;59;59028;59028;Sezze;;LT;0;0;21935.0;2001;100,4710;2009;23985;2009
3;12;59;59029;59029;Sonnino;;LT;0;0;7043.0;2001;63,8186;2009;7268;2009
3;12;59;59030;59030;Sperlonga;;LT;0;0;3102.0;2001;19,4897;2009;3315;2009
3;12;59;59031;59031;Spigno Saturnia;;LT;0;0;2719.0;2001;38,7401;2009;2930;2009
3;12;59;59032;59032;Terracina;;LT;0;0;36633.0;2001;136,5876;2009;43018;2009
3;12;59;59033;59033;Ventotene;;LT;0;0;633.0;2001;1,7454;2009;731;2009
3;12;60;60001;60001;Acquafondata;;FR;0;0;316.0;2001;25,3188;2009;290;2009
3;12;60;60002;60002;Acuto;;FR;0;0;1857.0;2001;13,4662;2009;1911;2009
3;12;60;60003;60003;Alatri;;FR;0;0;27068.0;2001;96,9544;2009;28820;2009
3;12;60;60004;60004;Alvito;;FR;0;0;3031.0;2001;51,7097;2009;2908;2009
3;12;60;60005;60005;Amaseno;;FR;0;0;4228.0;2001;77,7257;2009;4334;2009
3;12;60;60006;60006;Anagni;;FR;0;0;19134.0;2001;112,8136;2009;21240;2009
3;12;60;60007;60007;Aquino;;FR;0;0;5337.0;2001;19,2368;2009;5426;2009
3;12;60;60008;60008;Arce;;FR;0;0;6029.0;2001;39,5217;2009;5865;2009
3;12;60;60009;60009;Arnara;;FR;0;0;2454.0;2001;12,2942;2009;2407;2009
3;12;60;60010;60010;Arpino;;FR;0;0;7614.0;2001;56,2398;2009;7486;2009
3;12;60;60011;60011;Atina;;FR;0;0;4484.0;2001;29,8889;2009;4523;2009
3;12;60;60012;60012;Ausonia;;FR;0;0;2563.0;2001;19,6376;2009;2638;2009
3;12;60;60013;60013;Belmonte Castello;;FR;0;0;765.0;2001;14,0535;2009;800;2009
3;12;60;60014;60014;Boville Ernica;;FR;0;0;8873.0;2001;28,1885;2009;8864;2009
3;12;60;60015;60015;Broccostella;;FR;0;0;2646.0;2001;11,7934;2009;2778;2009
3;12;60;60016;60016;Campoli Appennino;;FR;0;0;1804.0;2001;32,4235;2009;1795;2009
3;12;60;60017;60017;Casalattico;;FR;0;0;675.0;2001;28,3769;2009;644;2009
3;12;60;60018;60018;Casalvieri;;FR;0;0;3211.0;2001;27,2708;2009;3000;2009
3;12;60;60019;60019;Cassino;;FR;0;0;32762.0;2001;83,4194;2009;33564;2009
3;12;60;60020;60020;Castelliri;;FR;0;0;3560.0;2001;15,3207;2009;3526;2009
3;12;60;60021;60021;Castelnuovo Parano;;FR;0;0;876.0;2001;9,8819;2009;895;2009
3;12;60;60022;60022;Castrocielo;;FR;0;0;3750.0;2001;27,9148;2009;3990;2009
3;12;60;60023;60023;Castro dei Volsci;;FR;0;0;5039.0;2001;58,4500;2009;4993;2009
3;12;60;60024;60024;Ceccano;;FR;0;0;22334.0;2001;61,0552;2009;22845;2009
3;12;60;60025;60025;Ceprano;;FR;0;0;8246.0;2001;38,0302;2009;8767;2009
3;12;60;60026;60026;Cervaro;;FR;0;0;7022.0;2001;39,4090;2009;7618;2009
3;12;60;60027;60027;Colfelice;;FR;0;0;1853.0;2001;14,5176;2009;1855;2009
3;12;60;60028;60028;Collepardo;;FR;0;0;928.0;2001;24,6784;2009;954;2009
3;12;60;60029;60029;Colle San Magno;;FR;0;0;819.0;2001;44,9886;2009;770;2009
3;12;60;60030;60030;Coreno Ausonio;;FR;0;0;1738.0;2001;26,3837;2009;1681;2009
3;12;60;60031;60031;Esperia;;FR;0;0;4131.0;2001;108,5646;2009;3958;2009
3;12;60;60032;60032;Falvaterra;;FR;0;0;630.0;2001;12,7328;2009;589;2009
3;12;60;60033;60033;Ferentino;;FR;0;0;20103.0;2001;80,9996;2009;20964;2009
3;12;60;60034;60034;Filettino;;FR;0;0;550.0;2001;78,0805;2009;559;2009
3;12;60;60035;60035;Fiuggi;;FR;0;0;8763.0;2001;32,9774;2009;9603;2009
3;12;60;60036;60036;Fontana Liri;;FR;0;0;3215.0;2001;16,1111;2009;3065;2009
3;12;60;60037;60037;Fontechiari;;FR;0;0;1288.0;2001;16,1479;2009;1337;2009
3;12;60;60038;60038;Frosinone;;FR;1;0;48636.0;2001;46,8443;2009;47756;2009
3;12;60;60039;60039;Fumone;;FR;0;0;2153.0;2001;14,8358;2009;2194;2009
3;12;60;60040;60040;Gallinaro;;FR;0;0;1221.0;2001;17,7370;2009;1246;2009
3;12;60;60041;60041;Giuliano di Roma;;FR;0;0;2228.0;2001;33,5444;2009;2332;2009
3;12;60;60042;60042;Guarcino;;FR;0;0;1662.0;2001;40,3725;2009;1669;2009
3;12;60;60043;60043;Isola del Liri;;FR;0;0;12191.0;2001;16,0140;2009;12066;2009
3;12;60;60044;60044;Monte San Giovanni Campano;;FR;0;0;12739.0;2001;48,7118;2009;12929;2009
3;12;60;60045;60045;Morolo;;FR;0;0;3090.0;2001;26,5710;2009;3248;2009
3;12;60;60046;60046;Paliano;;FR;0;0;7663.0;2001;70,6362;2009;8213;2009
3;12;60;60047;60047;Pastena;;FR;0;0;1672.0;2001;42,1606;2009;1548;2009
3;12;60;60048;60048;Patrica;;FR;0;0;2915.0;2001;27,3072;2009;3091;2009
3;12;60;60049;60049;Pescosolido;;FR;0;0;1568.0;2001;44,8803;2009;1592;2009
3;12;60;60050;60050;Picinisco;;FR;0;0;1206.0;2001;62,1464;2009;1246;2009
3;12;60;60051;60051;Pico;;FR;0;0;3123.0;2001;32,9312;2009;3061;2009
3;12;60;60052;60052;Piedimonte San Germano;;FR;0;0;4481.0;2001;17,3244;2009;5754;2009
3;12;60;60053;60053;Piglio;;FR;0;0;4700.0;2001;35,3812;2009;4726;2009
3;12;60;60054;60054;Pignataro Interamna;;FR;0;0;2447.0;2001;24,4058;2009;2521;2009
3;12;60;60055;60055;Pofi;;FR;0;0;4463.0;2001;30,6809;2009;4442;2009
3;12;60;60056;60056;Pontecorvo;;FR;0;0;13280.0;2001;88,8006;2009;13253;2009
3;12;60;60057;60057;Posta Fibreno;;FR;0;0;1274.0;2001;9,8043;2009;1236;2009
3;12;60;60058;60058;Ripi;;FR;0;0;5282.0;2001;31,6133;2009;5420;2009
3;12;60;60059;60059;Rocca d'Arce;;FR;0;0;1031.0;2001;11,5828;2009;1019;2009
3;12;60;60060;60060;Roccasecca;;FR;0;0;7442.0;2001;43,3317;2009;7639;2009
3;12;60;60061;60061;San Biagio Saracinisco;;FR;0;0;365.0;2001;31,2138;2009;370;2009
3;12;60;60062;60062;San Donato Val di Comino;;FR;0;0;2192.0;2001;37,6287;2009;2126;2009
3;12;60;60063;60063;San Giorgio a Liri;;FR;0;0;3067.0;2001;15,7054;2009;3164;2009
3;12;60;60064;60064;San Giovanni Incarico;;FR;0;0;3587.0;2001;24,7104;2009;3410;2009
3;12;60;60065;60065;Sant'Ambrogio sul Garigliano;;FR;0;0;984.0;2001;9,0266;2009;1005;2009
3;12;60;60066;60066;Sant'Andrea del Garigliano;;FR;0;0;1589.0;2001;17,1081;2009;1597;2009
3;12;60;60067;60067;Sant'Apollinare;;FR;0;0;1950.0;2001;18,0189;2009;1980;2009
3;12;60;60068;60068;Sant'Elia Fiumerapido;;FR;0;0;6326.0;2001;41,1030;2009;6285;2009
3;12;60;60069;60069;Santopadre;;FR;0;0;1649.0;2001;21,5978;2009;1456;2009
3;12;60;60070;60070;San Vittore del Lazio;;FR;0;0;2674.0;2001;27,5003;2009;2732;2009
3;12;60;60071;60071;Serrone;;FR;0;0;2943.0;2001;15,3937;2009;3153;2009
3;12;60;60072;60072;Settefrati;;FR;0;0;855.0;2001;50,6802;2009;795;2009
3;12;60;60073;60073;Sgurgola;;FR;0;0;2556.0;2001;19,2210;2009;2611;2009
3;12;60;60074;60074;Sora;;FR;0;0;26029.0;2001;72,1176;2009;26227;2009
3;12;60;60075;60075;Strangolagalli;;FR;0;0;2503.0;2001;10,5679;2009;2583;2009
3;12;60;60076;60076;Supino;;FR;0;0;4783.0;2001;35,5901;2009;4961;2009
3;12;60;60077;60077;Terelle;;FR;0;0;603.0;2001;31,6444;2009;492;2009
3;12;60;60078;60078;Torre Cajetani;;FR;0;0;1279.0;2001;11,9926;2009;1449;2009
3;12;60;60079;60079;Torrice;;FR;0;0;4356.0;2001;18,0598;2009;4627;2009
3;12;60;60080;60080;Trevi nel Lazio;;FR;0;0;1822.0;2001;54,3218;2009;1901;2009
3;12;60;60081;60081;Trivigliano;;FR;0;0;1430.0;2001;12,6404;2009;1685;2009
3;12;60;60082;60082;Vallecorsa;;FR;0;0;3115.0;2001;39,2762;2009;2856;2009
3;12;60;60083;60083;Vallemaio;;FR;0;0;1052.0;2001;18,5375;2009;1004;2009
3;12;60;60084;60084;Vallerotonda;;FR;0;0;1854.0;2001;59,6558;2009;1734;2009
3;12;60;60085;60085;Veroli;;FR;0;0;19818.0;2001;119,6432;2009;20751;2009
3;12;60;60086;60086;Vicalvi;;FR;0;0;801.0;2001;8,2083;2009;840;2009
3;12;60;60087;60087;Vico nel Lazio;;FR;0;0;2161.0;2001;45,8354;2009;2308;2009
3;12;60;60088;60088;Villa Latina;;FR;0;0;1247.0;2001;17,0226;2009;1292;2009
3;12;60;60089;60089;Villa Santa Lucia;;FR;0;0;2622.0;2001;17,7672;2009;2668;2009
3;12;60;60090;60090;Villa Santo Stefano;;FR;0;0;1763.0;2001;20,0989;2009;1750;2009
3;12;60;60091;60091;Viticuso;;FR;0;0;428.0;2001;20,8618;2009;388;2009
4;15;61;61001;61001;Ailano;;CE;0;0;1466.0;2001;16,0556;2009;1409;2009
4;15;61;61002;61002;Alife;;CE;0;0;7164.0;2001;64,3172;2009;7492;2009
4;15;61;61003;61003;Alvignano;;CE;0;0;4950.0;2001;38,1268;2009;4926;2009
4;15;61;61004;61004;Arienzo;;CE;0;0;5198.0;2001;14,0079;2009;5372;2009
4;15;61;61005;61005;Aversa;;CE;0;0;53369.0;2001;8,8485;2009;52449;2009
4;15;61;61006;61006;Baia e Latina;;CE;0;0;2275.0;2001;24,4328;2009;2320;2009
4;15;61;61007;61007;Bellona;;CE;0;0;5103.0;2001;11,7783;2009;5765;2009
4;15;61;61008;61008;Caianello;;CE;0;0;1758.0;2001;15,6782;2009;1770;2009
4;15;61;61009;61009;Caiazzo;;CE;0;0;5879.0;2001;37,0404;2009;5770;2009
4;15;61;61010;61010;Calvi Risorta;;CE;0;0;5856.0;2001;15,9577;2009;5871;2009
4;15;61;61011;61011;Camigliano;;CE;0;0;1739.0;2001;6,0171;2009;1819;2009
4;15;61;61012;61012;Cancello ed Arnone;;CE;0;0;5153.0;2001;49,3014;2009;5370;2009
4;15;61;61013;61013;Capodrise;;CE;0;0;7508.0;2001;3,4646;2009;9489;2009
4;15;61;61014;61014;Capriati a Volturno;;CE;0;0;1647.0;2001;18,3895;2009;1683;2009
4;15;61;61015;61015;Capua;;CE;0;0;19041.0;2001;48,6030;2009;19055;2009
4;15;61;61016;61016;Carinaro;;CE;0;0;6356.0;2001;6,3160;2009;6941;2009
4;15;61;61017;61017;Carinola;;CE;0;0;8171.0;2001;59,2291;2009;8239;2009
4;15;61;61018;61018;Casagiove;;CE;0;0;14821.0;2001;6,3570;2009;14170;2009
4;15;61;61019;61019;Casal di Principe;;CE;0;0;19859.0;2001;23,4855;2009;20905;2009
4;15;61;61020;61020;Casaluce;;CE;0;0;9567.0;2001;9,5584;2009;10112;2009
4;15;61;61021;61021;Casapulla;;CE;0;0;7866.0;2001;2,9044;2009;8398;2009
4;15;61;61022;61022;Caserta;;CE;1;0;75208.0;2001;54,0685;2009;76984;2009
4;15;61;61023;61023;Castel Campagnano;;CE;0;0;1632.0;2001;17,0496;2009;1632;2009
4;15;61;61024;61024;Castel di Sasso;;CE;0;0;1199.0;2001;20,3231;2009;1194;2009
4;15;61;61025;61025;Castello del Matese;;CE;0;0;1476.0;2001;21,7738;2009;1520;2009
4;15;61;61026;61026;Castel Morrone;;CE;0;0;3988.0;2001;25,3439;2009;4005;2009
4;15;61;61027;61027;Castel Volturno;;CE;0;0;18639.0;2001;73,9503;2009;23255;2009
4;15;61;61028;61028;Cervino;;CE;0;0;5016.0;2001;8,2077;2009;5117;2009
4;15;61;61029;61029;Cesa;;CE;0;0;7460.0;2001;2,7400;2009;8054;2009
4;15;61;61030;61030;Ciorlano;;CE;0;0;524.0;2001;28,6503;2009;447;2009
4;15;61;61031;61031;Conca della Campania;;CE;0;0;1392.0;2001;26,4670;2009;1315;2009
4;15;61;61032;61032;Curti;;CE;0;0;6998.0;2001;1,6894;2009;7209;2009
4;15;61;61033;61033;Dragoni;;CE;0;0;2108.0;2001;25,7843;2009;2146;2009
4;15;61;61034;61034;Fontegreca;;CE;0;0;857.0;2001;9,7113;2009;885;2009
4;15;61;61035;61035;Formicola;;CE;0;0;1467.0;2001;15,6781;2009;1572;2009
4;15;61;61036;61036;Francolise;;CE;0;0;4905.0;2001;40,9244;2009;4975;2009
4;15;61;61037;61037;Frignano;;CE;0;0;8599.0;2001;9,8580;2009;8625;2009
4;15;61;61038;61038;Gallo Matese;;CE;0;0;761.0;2001;31,1338;2009;691;2009
4;15;61;61039;61039;Galluccio;;CE;0;0;2385.0;2001;32,1131;2009;2264;2009
4;15;61;61040;61040;Giano Vetusto;;CE;0;0;653.0;2001;10,9275;2009;662;2009
4;15;61;61041;61041;Gioia Sannitica;;CE;0;0;3697.0;2001;54,4234;2009;3642;2009
4;15;61;61042;61042;Grazzanise;;CE;0;0;6830.0;2001;47,0500;2009;7001;2009
4;15;61;61043;61043;Gricignano di Aversa;;CE;0;0;8903.0;2001;9,9776;2009;10198;2009
4;15;61;61044;61044;Letino;;CE;0;0;783.0;2001;31,5919;2009;790;2009
4;15;61;61045;61045;Liberi;;CE;0;0;1222.0;2001;17,5891;2009;1179;2009
4;15;61;61046;61046;Lusciano;;CE;0;0;13078.0;2001;4,5573;2009;14223;2009
4;15;61;61047;61047;Macerata Campania;;CE;0;0;10136.0;2001;7,6330;2009;10733;2009
4;15;61;61048;61048;Maddaloni;;CE;0;0;37546.0;2001;36,6723;2009;39112;2009
4;15;61;61049;61049;Marcianise;;CE;0;0;39876.0;2001;30,2069;2009;40239;2009
4;15;61;61050;61050;Marzano Appio;;CE;0;0;3087.0;2001;28,3040;2009;2391;2009
4;15;61;61051;61051;Mignano Monte Lungo;;CE;0;0;3314.0;2001;53,0960;2009;3264;2009
4;15;61;61052;61052;Mondragone;;CE;0;0;24155.0;2001;55,7166;2009;26617;2009
4;15;61;61053;61053;Orta di Atella;;CE;0;0;13070.0;2001;10,8339;2009;23189;2009
4;15;61;61054;61054;Parete;;CE;0;0;10325.0;2001;5,6084;2009;10999;2009
4;15;61;61055;61055;Pastorano;;CE;0;0;2454.0;2001;14,0206;2009;2864;2009
4;15;61;61056;61056;Piana di Monte Verna;;CE;0;0;2523.0;2001;23,4954;2009;2414;2009
4;15;61;61057;61057;Piedimonte Matese;;CE;0;0;11462.0;2001;41,4292;2009;11563;2009
4;15;61;61058;61058;Pietramelara;;CE;0;0;4464.0;2001;23,9339;2009;4671;2009
4;15;61;61059;61059;Pietravairano;;CE;0;0;3022.0;2001;33,4929;2009;3137;2009
4;15;61;61060;61060;Pignataro Maggiore;;CE;0;0;6485.0;2001;32,3783;2009;6322;2009
4;15;61;61061;61061;Pontelatone;;CE;0;0;1881.0;2001;32,2451;2009;1862;2009
4;15;61;61062;61062;Portico di Caserta;;CE;0;0;6733.0;2001;1,9126;2009;7867;2009
4;15;61;61063;61063;Prata Sannita;;CE;0;0;1699.0;2001;21,2092;2009;1565;2009
4;15;61;61064;61064;Pratella;;CE;0;0;1695.0;2001;33,7437;2009;1652;2009
4;15;61;61065;61065;Presenzano;;CE;0;0;1741.0;2001;31,8922;2009;1756;2009
4;15;61;61066;61066;Raviscanina;;CE;0;0;1352.0;2001;24,6402;2009;1387;2009
4;15;61;61067;61067;Recale;;CE;0;0;7147.0;2001;3,2195;2009;7590;2009
4;15;61;61068;61068;Riardo;;CE;0;0;2509.0;2001;16,4795;2009;2451;2009
4;15;61;61069;61069;Rocca d'Evandro;;CE;0;0;3720.0;2001;49,5286;2009;3462;2009
4;15;61;61070;61070;Roccamonfina;;CE;0;0;3807.0;2001;31,0384;2009;3689;2009
4;15;61;61071;61071;Roccaromana;;CE;0;0;1035.0;2001;27,7120;2009;974;2009
4;15;61;61072;61072;Rocchetta e Croce;;CE;0;0;524.0;2001;13,0055;2009;511;2009
4;15;61;61073;61073;Ruviano;;CE;0;0;1914.0;2001;24,1507;2009;1853;2009
4;15;61;61074;61074;San Cipriano d'Aversa;;CE;0;0;12530.0;2001;6,2174;2009;13224;2009
4;15;61;61075;61075;San Felice a Cancello;;CE;0;0;16769.0;2001;27,1790;2009;17313;2009
4;15;61;61076;61076;San Gregorio Matese;;CE;0;0;1057.0;2001;56,5033;2009;1020;2009
4;15;61;61077;61077;San Marcellino;;CE;0;0;11644.0;2001;4,6099;2009;12730;2009
4;15;61;61078;61078;San Nicola la Strada;;CE;0;0;18724.0;2001;4,7121;2009;21132;2009
4;15;61;61079;61079;San Pietro Infine;;CE;0;0;1011.0;2001;13,7191;2009;992;2009
4;15;61;61080;61080;San Potito Sannitico;;CE;0;0;1897.0;2001;23,1312;2009;1991;2009
4;15;61;61081;61081;San Prisco;;CE;0;0;10015.0;2001;7,7852;2009;12074;2009
4;15;61;61082;61082;Santa Maria a Vico;;CE;0;0;13502.0;2001;10,8351;2009;14115;2009
4;15;61;61083;61083;Santa Maria Capua Vetere;;CE;0;0;30745.0;2001;15,9201;2009;32691;2009
4;15;61;61084;61084;Santa Maria la Fossa;;CE;0;0;2647.0;2001;29,7297;2009;2712;2009
4;15;61;61085;61085;San Tammaro;;CE;0;0;4400.0;2001;36,9668;2009;4975;2009
4;15;61;61086;61086;Sant'Angelo d'Alife;;CE;0;0;2406.0;2001;33,5227;2009;2334;2009
4;15;61;61087;61087;Sant'Arpino;;CE;0;0;13394.0;2001;3,2007;2009;14159;2009
4;15;61;61088;61088;Sessa Aurunca;;CE;0;0;22825.0;2001;162,1747;2009;22541;2009
4;15;61;61089;61089;Sparanise;;CE;0;0;7269.0;2001;18,7653;2009;7454;2009
4;15;61;61090;61090;Succivo;;CE;0;0;6850.0;2001;7,2119;2009;7758;2009
4;15;61;61091;61091;Teano;;CE;0;0;13042.0;2001;89,4301;2009;12729;2009
4;15;61;61092;61092;Teverola;;CE;0;0;9831.0;2001;6,6990;2009;13426;2009
4;15;61;61093;61093;Tora e Piccilli;;CE;0;0;1068.0;2001;12,3939;2009;983;2009
4;15;61;61094;61094;Trentola Ducenta;;CE;0;0;14126.0;2001;6,6551;2009;17544;2009
4;15;61;61095;61095;Vairano Patenora;;CE;0;0;6259.0;2001;43,5233;2009;6625;2009
4;15;61;61096;61096;Valle Agricola;;CE;0;0;1121.0;2001;24,4196;2009;1026;2009
4;15;61;61097;61097;Valle di Maddaloni;;CE;0;0;2556.0;2001;10,9014;2009;2823;2009
4;15;61;61098;61098;Villa di Briano;;CE;0;0;5703.0;2001;8,5469;2009;6135;2009
4;15;61;61099;61099;Villa Literno;;CE;0;0;10364.0;2001;61,8249;2009;10939;2009
4;15;61;61100;61100;Vitulazio;;CE;0;0;5443.0;2001;22,9697;2009;6645;2009
4;15;61;61101;61101;Falciano del Massico;;CE;0;0;3866.0;2001;46,7200;2009;3775;2009
4;15;61;61102;61102;Cellole;;CE;0;0;7149.0;2001;36,7939;2009;7816;2009
4;15;61;61103;61103;Casapesenna;;CE;0;0;6629.0;2001;3,0481;2009;6701;2009
4;15;61;61104;61104;San Marco Evangelista;;CE;0;0;5828.0;2001;5,7016;2009;6295;2009
4;15;62;62001;62001;Airola;;BN;0;0;7622.0;2001;14,8972;2009;8095;2009
4;15;62;62002;62002;Amorosi;;BN;0;0;2761.0;2001;11,2218;2009;2905;2009
4;15;62;62003;62003;Apice;;BN;0;0;5666.0;2001;49,0381;2009;5789;2009
4;15;62;62004;62004;Apollosa;;BN;0;0;2750.0;2001;21,1195;2009;2742;2009
4;15;62;62005;62005;Arpaia;;BN;0;0;1880.0;2001;4,9610;2009;1976;2009
4;15;62;62006;62006;Arpaise;;BN;0;0;863.0;2001;6,6568;2009;868;2009
4;15;62;62007;62007;Baselice;;BN;0;0;2843.0;2001;47,8169;2009;2627;2009
4;15;62;62008;62008;Benevento;;BN;1;0;61791.0;2001;130,8340;2009;61958;2009
4;15;62;62009;62009;Bonea;;BN;0;0;1510.0;2001;11,4626;2009;1450;2009
4;15;62;62010;62010;Bucciano;;BN;0;0;1894.0;2001;7,9401;2009;2066;2009
4;15;62;62011;62011;Buonalbergo;;BN;0;0;1938.0;2001;25,0788;2009;1861;2009
4;15;62;62012;62012;Calvi;;BN;0;0;2348.0;2001;22,3059;2009;2603;2009
4;15;62;62013;62013;Campolattaro;;BN;0;0;1135.0;2001;17,5858;2009;1101;2009
4;15;62;62014;62014;Campoli del Monte Taburno;;BN;0;0;1515.0;2001;9,8038;2009;1533;2009
4;15;62;62015;62015;Casalduni;;BN;0;0;1602.0;2001;23,3398;2009;1490;2009
4;15;62;62016;62016;Castelfranco in Miscano;;BN;0;0;1065.0;2001;43,3966;2009;966;2009
4;15;62;62017;62017;Castelpagano;;BN;0;0;1699.0;2001;38,2586;2009;1605;2009
4;15;62;62018;62018;Castelpoto;;BN;0;0;1476.0;2001;11,7795;2009;1385;2009
4;15;62;62019;62019;Castelvenere;;BN;0;0;2632.0;2001;15,4357;2009;2627;2009
4;15;62;62020;62020;Castelvetere in Val Fortore;;BN;0;0;1810.0;2001;34,5788;2009;1481;2009
4;15;62;62021;62021;Cautano;;BN;0;0;2213.0;2001;19,7176;2009;2148;2009
4;15;62;62022;62022;Ceppaloni;;BN;0;0;3402.0;2001;23,8035;2009;3443;2009
4;15;62;62023;62023;Cerreto Sannita;;BN;0;0;4197.0;2001;33,3530;2009;4193;2009
4;15;62;62024;62024;Circello;;BN;0;0;2673.0;2001;45,6637;2009;2539;2009
4;15;62;62025;62025;Colle Sannita;;BN;0;0;3056.0;2001;37,2751;2009;2688;2009
4;15;62;62026;62026;Cusano Mutri;;BN;0;0;4396.0;2001;58,8594;2009;4210;2009
4;15;62;62027;62027;Dugenta;;BN;0;0;2646.0;2001;16,1964;2009;2757;2009
4;15;62;62028;62028;Durazzano;;BN;0;0;2070.0;2001;12,9049;2009;2274;2009
4;15;62;62029;62029;Faicchio;;BN;0;0;3879.0;2001;43,9892;2009;3804;2009
4;15;62;62030;62030;Foglianise;;BN;0;0;3423.0;2001;11,7656;2009;3549;2009
4;15;62;62031;62031;Foiano di Val Fortore;;BN;0;0;1551.0;2001;41,3075;2009;1491;2009
4;15;62;62032;62032;Forchia;;BN;0;0;1116.0;2001;5,4545;2009;1228;2009
4;15;62;62033;62033;Fragneto l'Abate;;BN;0;0;1215.0;2001;20,5738;2009;1161;2009
4;15;62;62034;62034;Fragneto Monforte;;BN;0;0;1962.0;2001;24,4921;2009;1925;2009
4;15;62;62035;62035;Frasso Telesino;;BN;0;0;2708.0;2001;21,8164;2009;2467;2009
4;15;62;62036;62036;Ginestra degli Schiavoni;;BN;0;0;611.0;2001;14,7871;2009;521;2009
4;15;62;62037;62037;Guardia Sanframondi;;BN;0;0;5592.0;2001;21,0975;2009;5307;2009
4;15;62;62038;62038;Limatola;;BN;0;0;3623.0;2001;18,3809;2009;4008;2009
4;15;62;62039;62039;Melizzano;;BN;0;0;1865.0;2001;17,8753;2009;1901;2009
4;15;62;62040;62040;Moiano;;BN;0;0;4106.0;2001;20,2035;2009;4168;2009
4;15;62;62041;62041;Molinara;;BN;0;0;1946.0;2001;24,1636;2009;1691;2009
4;15;62;62042;62042;Montefalcone di Val Fortore;;BN;0;0;1837.0;2001;41,9367;2009;1683;2009
4;15;62;62043;62043;Montesarchio;;BN;0;0;12878.0;2001;26,5073;2009;13467;2009
4;15;62;62044;62044;Morcone;;BN;0;0;5122.0;2001;101,3315;2009;5126;2009
4;15;62;62045;62045;Paduli;;BN;0;0;4262.0;2001;45,2987;2009;4125;2009
4;15;62;62046;62046;Pago Veiano;;BN;0;0;2657.0;2001;23,7490;2009;2613;2009
4;15;62;62047;62047;Pannarano;;BN;0;0;2011.0;2001;11,7988;2009;2101;2009
4;15;62;62048;62048;Paolisi;;BN;0;0;1758.0;2001;6,0009;2009;1998;2009
4;15;62;62049;62049;Paupisi;;BN;0;0;1521.0;2001;6,8327;2009;1583;2009
4;15;62;62050;62050;Pesco Sannita;;BN;0;0;2185.0;2001;24,1537;2009;2095;2009
4;15;62;62051;62051;Pietraroja;;BN;0;0;667.0;2001;35,8130;2009;609;2009
4;15;62;62052;62052;Pietrelcina;;BN;0;0;3031.0;2001;28,2535;2009;3074;2009
4;15;62;62053;62053;Ponte;;BN;0;0;2572.0;2001;17,9153;2009;2660;2009
4;15;62;62054;62054;Pontelandolfo;;BN;0;0;2520.0;2001;29,0289;2009;2348;2009
4;15;62;62055;62055;Puglianello;;BN;0;0;1411.0;2001;8,7611;2009;1394;2009
4;15;62;62056;62056;Reino;;BN;0;0;1360.0;2001;23,6384;2009;1320;2009
4;15;62;62057;62057;San Bartolomeo in Galdo;;BN;0;0;5841.0;2001;82,6761;2009;5217;2009
4;15;62;62058;62058;San Giorgio del Sannio;;BN;0;0;9505.0;2001;22,3386;2009;9840;2009
4;15;62;62059;62059;San Giorgio La Molara;;BN;0;0;3297.0;2001;65,7653;2009;3069;2009
4;15;62;62060;62060;San Leucio del Sannio;;BN;0;0;3159.0;2001;9,9590;2009;3223;2009
4;15;62;62061;62061;San Lorenzello;;BN;0;0;2350.0;2001;13,8833;2009;2339;2009
4;15;62;62062;62062;San Lorenzo Maggiore;;BN;0;0;2280.0;2001;16,2955;2009;2195;2009
4;15;62;62063;62063;San Lupo;;BN;0;0;877.0;2001;15,3043;2009;828;2009
4;15;62;62064;62064;San Marco dei Cavoti;;BN;0;0;3752.0;2001;49,1870;2009;3621;2009
4;15;62;62065;62065;San Martino Sannita;;BN;0;0;1180.0;2001;6,1840;2009;1294;2009
4;15;62;62066;62066;San Nazzaro;;BN;0;0;805.0;2001;2,0421;2009;886;2009
4;15;62;62067;62067;San Nicola Manfredi;;BN;0;0;3226.0;2001;19,2242;2009;3540;2009
4;15;62;62068;62068;San Salvatore Telesino;;BN;0;0;3706.0;2001;18,3108;2009;4018;2009
4;15;62;62069;62069;Santa Croce del Sannio;;BN;0;0;1067.0;2001;16,2430;2009;1011;2009
4;15;62;62070;62070;Sant'Agata de' Goti;;BN;0;0;11558.0;2001;63,3786;2009;11418;2009
4;15;62;62071;62071;Sant'Angelo a Cupolo;;BN;0;0;4185.0;2001;11,0134;2009;4321;2009
4;15;62;62072;62072;Sassinoro;;BN;0;0;646.0;2001;13,2466;2009;651;2009
4;15;62;62073;62073;Solopaca;;BN;0;0;4163.0;2001;31,1266;2009;4034;2009
4;15;62;62074;62074;Telese Terme;;BN;0;0;5756.0;2001;9,9987;2009;6812;2009
4;15;62;62075;62075;Tocco Caudio;;BN;0;0;1605.0;2001;27,4911;2009;1555;2009
4;15;62;62076;62076;Torrecuso;;BN;0;0;3522.0;2001;29,1549;2009;3522;2009
4;15;62;62077;62077;Vitulano;;BN;0;0;3029.0;2001;35,9905;2009;3012;2009
4;15;62;62078;62078;Sant'Arcangelo Trimonte;;BN;0;0;691.0;2001;9,7986;2009;643;2009
4;15;63;63001;63001;Acerra;;;0;0;45688.0;2001;54,7117;2009;55681;2009
4;15;63;63002;63002;Afragola;;;0;0;62319.0;2001;17,9116;2009;63951;2009
4;15;63;63003;63003;Agerola;;;0;0;7348.0;2001;19,8316;2009;7363;2009
4;15;63;63004;63004;Anacapri;;;0;0;5855.0;2001;6,4666;2009;6628;2009
4;15;63;63005;63005;Arzano;;;0;0;38510.0;2001;4,7061;2009;35932;2009
4;15;63;63006;63006;Bacoli;;;0;0;26507.0;2001;13,4675;2009;27086;2009
4;15;63;63007;63007;Barano d'Ischia;;;0;0;8591.0;2001;10,9609;2009;9817;2009
4;15;63;63008;63008;Boscoreale;;;0;0;27618.0;2001;11,3465;2009;27467;2009
4;15;63;63009;63009;Boscotrecase;;;0;0;10638.0;2001;7,5305;2009;10581;2009
4;15;63;63010;63010;Brusciano;;;0;0;15309.0;2001;5,6905;2009;15959;2009
4;15;63;63011;63011;Caivano;;;0;0;36966.0;2001;27,2212;2009;37497;2009
4;15;63;63012;63012;Calvizzano;;;0;0;12133.0;2001;4,0051;2009;12571;2009
4;15;63;63013;63013;Camposano;;;0;0;5303.0;2001;3,3276;2009;5358;2009
4;15;63;63014;63014;Capri;;;0;0;7064.0;2001;4,0628;2009;7106;2009
4;15;63;63015;63015;Carbonara di Nola;;;0;0;2025.0;2001;3,6495;2009;2222;2009
4;15;63;63016;63016;Cardito;;;0;0;20683.0;2001;3,2082;2009;22046;2009
4;15;63;63017;63017;Casalnuovo di Napoli;;;0;0;47940.0;2001;7,8106;2009;49850;2009
4;15;63;63018;63018;Casamarciano;;;0;0;3283.0;2001;6,3844;2009;3395;2009
4;15;63;63019;63019;Casamicciola Terme;;;0;0;7374.0;2001;5,8488;2009;8188;2009
4;15;63;63020;63020;Casandrino;;;0;0;13245.0;2001;3,1880;2009;13324;2009
4;15;63;63021;63021;Casavatore;;;0;0;20087.0;2001;1,5268;2009;18766;2009
4;15;63;63022;63022;Casola di Napoli;;;0;0;3660.0;2001;2,5932;2009;3815;2009
4;15;63;63023;63023;Casoria;;;0;0;81888.0;2001;12,1306;2009;79346;2009
4;15;63;63024;63024;Castellammare di Stabia;;;0;0;66929.0;2001;17,8134;2009;65967;2009
4;15;63;63025;63025;Castello di Cisterna;;;0;0;6716.0;2001;3,8110;2009;7108;2009
4;15;63;63026;63026;Cercola;;;0;0;18876.0;2001;4,2293;2009;18903;2009
4;15;63;63027;63027;Cicciano;;;0;0;12573.0;2001;7,3311;2009;12618;2009
4;15;63;63028;63028;Cimitile;;;0;0;6840.0;2001;2,7406;2009;7257;2009
4;15;63;63029;63029;Comiziano;;;0;0;1769.0;2001;2,4493;2009;1832;2009
4;15;63;63030;63030;Crispano;;;0;0;12072.0;2001;2,2191;2009;12622;2009
4;15;63;63031;63031;Forio;;;0;0;14554.0;2001;13,0814;2009;16873;2009
4;15;63;63032;63032;Frattamaggiore;;;0;0;32731.0;2001;5,3698;2009;30728;2009
4;15;63;63033;63033;Frattaminore;;;0;0;15072.0;2001;2,0503;2009;15849;2009
4;15;63;63034;63034;Giugliano in Campania;;;0;0;97999.0;2001;94,6226;2009;112501;2009
4;15;63;63035;63035;Gragnano;;;0;0;29553.0;2001;14,6389;2009;29705;2009
4;15;63;63036;63036;Grumo Nevano;;;0;0;18644.0;2001;2,8802;2009;18179;2009
4;15;63;63037;63037;Ischia;;;0;0;18253.0;2001;8,1402;2009;18706;2009
4;15;63;63038;63038;Lacco Ameno;;;0;0;4273.0;2001;2,0768;2009;4671;2009
4;15;63;63039;63039;Lettere;;;0;0;5605.0;2001;12,0191;2009;6228;2009
4;15;63;63040;63040;Liveri;;;0;0;1815.0;2001;2,7109;2009;1725;2009
4;15;63;63041;63041;Marano di Napoli;;;0;0;57448.0;2001;15,6414;2009;58499;2009
4;15;63;63042;63042;Mariglianella;;;0;0;6199.0;2001;3,2685;2009;7508;2009
4;15;63;63043;63043;Marigliano;;;0;0;30083.0;2001;22,5697;2009;30144;2009
4;15;63;63044;63044;Massa Lubrense;;;0;0;12880.0;2001;19,8362;2009;13823;2009
4;15;63;63045;63045;Melito di Napoli;;;0;0;34208.0;2001;3,8121;2009;37514;2009
4;15;63;63046;63046;Meta;;;0;0;7696.0;2001;2,2511;2009;7981;2009
4;15;63;63047;63047;Monte di Procida;;;0;0;12838.0;2001;3,7043;2009;13152;2009
4;15;63;63048;63048;Mugnano di Napoli;;;0;0;30069.0;2001;5,2471;2009;34121;2009
4;15;63;63049;63049;Napoli;;;1;1;1004500.0;2001;118,9545;2009;965996;2009
4;15;63;63050;63050;Nola;;;0;0;32730.0;2001;39,1853;2009;33763;2009
4;15;63;63051;63051;Ottaviano;;;0;0;22670.0;2001;20,0216;2009;23632;2009
4;15;63;63052;63052;Palma Campania;;;0;0;14613.0;2001;20,6707;2009;14883;2009
4;15;63;63053;63053;Piano di Sorrento;;;0;0;12833.0;2001;7,3354;2009;13010;2009
4;15;63;63054;63054;Pimonte;;;0;0;5884.0;2001;12,5394;2009;6054;2009
4;15;63;63055;63055;Poggiomarino;;;0;0;19653.0;2001;13,2000;2009;20940;2009
4;15;63;63056;63056;Pollena Trocchia;;;0;0;13326.0;2001;8,0140;2009;13716;2009
4;15;63;63057;63057;Pomigliano d'Arco;;;0;0;40519.0;2001;11,7555;2009;40003;2009
4;15;63;63058;63058;Pompei;;;0;0;25751.0;2001;12,4222;2009;25751;2009
4;15;63;63059;63059;Portici;;;0;0;60218.0;2001;4,6048;2009;56280;2009
4;15;63;63060;63060;Pozzuoli;;;0;0;78754.0;2001;43,4369;2009;82186;2009
4;15;63;63061;63061;Procida;;;0;0;10575.0;2001;4,2559;2009;10497;2009
4;15;63;63062;63062;Qualiano;;;0;0;24542.0;2001;7,4250;2009;25091;2009
4;15;63;63063;63063;Quarto;;;0;0;36543.0;2001;14,1555;2009;39339;2009
4;15;63;63064;63064;Ercolano;;;0;0;56738.0;2001;19,8941;2009;54673;2009
4;15;63;63065;63065;Roccarainola;;;0;0;7182.0;2001;28,3315;2009;7292;2009
4;15;63;63066;63066;San Gennaro Vesuviano;;;0;0;10035.0;2001;7,0144;2009;10968;2009
4;15;63;63067;63067;San Giorgio a Cremano;;;0;0;50763.0;2001;4,1055;2009;47244;2009
4;15;63;63068;63068;San Giuseppe Vesuviano;;;0;0;24531.0;2001;14,1724;2009;27456;2009
4;15;63;63069;63069;San Paolo Bel Sito;;;0;0;3356.0;2001;2,9480;2009;3436;2009
4;15;63;63070;63070;San Sebastiano al Vesuvio;;;0;0;9849.0;2001;2,6170;2009;9416;2009
4;15;63;63071;63071;Sant'Agnello;;;0;0;8421.0;2001;4,1482;2009;8960;2009
4;15;63;63072;63072;Sant'Anastasia;;;0;0;28023.0;2001;18,7540;2009;28338;2009
4;15;63;63073;63073;Sant'Antimo;;;0;0;31672.0;2001;5,9047;2009;33628;2009
4;15;63;63074;63074;Sant'Antonio Abate;;;0;0;18124.0;2001;7,9318;2009;19579;2009
4;15;63;63075;63075;San Vitaliano;;;0;0;5562.0;2001;5,3734;2009;6114;2009
4;15;63;63076;63076;Saviano;;;0;0;14755.0;2001;13,8774;2009;15356;2009
4;15;63;63077;63077;Scisciano;;;0;0;4881.0;2001;5,5003;2009;5809;2009
4;15;63;63078;63078;Serrara Fontana;;;0;0;3060.0;2001;6,4432;2009;3185;2009
4;15;63;63079;63079;Somma Vesuviana;;;0;0;33261.0;2001;30,6436;2009;34944;2009
4;15;63;63080;63080;Sorrento;;;0;0;16536.0;2001;9,9556;2009;16448;2009
4;15;63;63081;63081;Striano;;;0;0;7507.0;2001;7,6517;2009;8197;2009
4;15;63;63082;63082;Terzigno;;;0;0;15870.0;2001;23,4994;2009;17426;2009
4;15;63;63083;63083;Torre Annunziata;;;0;0;48011.0;2001;7,5396;2009;43642;2009
4;15;63;63084;63084;Torre del Greco;;;0;0;90607.0;2001;30,6328;2009;86718;2009
4;15;63;63085;63085;Tufino;;;0;0;3247.0;2001;5,2070;2009;3788;2009
4;15;63;63086;63086;Vico Equense;;;0;0;20048.0;2001;29,3794;2009;20826;2009
4;15;63;63087;63087;Villaricca;;;0;0;26175.0;2001;6,8811;2009;29667;2009
4;15;63;63088;63088;Visciano;;;0;0;4621.0;2001;10,9036;2009;4614;2009
4;15;63;63089;63089;Volla;;;0;0;21574.0;2001;6,2021;2009;22966;2009
4;15;63;63090;63090;Santa Maria la Carità;;;0;0;10860.0;2001;3,9790;2009;11555;2009
4;15;63;63091;63091;Trecase;;;0;0;9179.0;2001;6,2131;2009;9279;2009
4;15;63;63092;63092;Massa di Somma;;;0;0;5908.0;2001;3,0716;2009;5722;2009
4;15;64;64001;64001;Aiello del Sabato;;AV;0;0;3219.0;2001;10,8723;2009;3895;2009
4;15;64;64002;64002;Altavilla Irpina;;AV;0;0;4143.0;2001;14,0831;2009;4309;2009
4;15;64;64003;64003;Andretta;;AV;0;0;2295.0;2001;43,6485;2009;2088;2009
4;15;64;64004;64004;Aquilonia;;AV;0;0;2074.0;2001;56,1483;2009;1887;2009
4;15;64;64005;64005;Ariano Irpino;;AV;0;0;23505.0;2001;186,7390;2009;23018;2009
4;15;64;64006;64006;Atripalda;;AV;0;0;11146.0;2001;8,5931;2009;11071;2009
4;15;64;64007;64007;Avella;;AV;0;0;7677.0;2001;29,3890;2009;7764;2009
4;15;64;64008;64008;Avellino;;AV;1;0;52703.0;2001;30,5500;2009;55459;2009
4;15;64;64009;64009;Bagnoli Irpino;;AV;0;0;3323.0;2001;68,8043;2009;3293;2009
4;15;64;64010;64010;Baiano;;AV;0;0;4633.0;2001;12,2951;2009;4750;2009
4;15;64;64011;64011;Bisaccia;;AV;0;0;4391.0;2001;102,1573;2009;4072;2009
4;15;64;64012;64012;Bonito;;AV;0;0;2588.0;2001;18,7775;2009;2556;2009
4;15;64;64013;64013;Cairano;;AV;0;0;411.0;2001;13,8073;2009;376;2009
4;15;64;64014;64014;Calabritto;;AV;0;0;2869.0;2001;56,3340;2009;2550;2009
4;15;64;64015;64015;Calitri;;AV;0;0;5843.0;2001;101,0621;2009;5085;2009
4;15;64;64016;64016;Candida;;AV;0;0;1072.0;2001;5,3488;2009;1155;2009
4;15;64;64017;64017;Caposele;;AV;0;0;3797.0;2001;41,2827;2009;3606;2009
4;15;64;64018;64018;Capriglia Irpina;;AV;0;0;2281.0;2001;7,4879;2009;2434;2009
4;15;64;64019;64019;Carife;;AV;0;0;1701.0;2001;16,7239;2009;1565;2009
4;15;64;64020;64020;Casalbore;;AV;0;0;2086.0;2001;28,0937;2009;1963;2009
4;15;64;64021;64021;Cassano Irpino;;AV;0;0;955.0;2001;13,0746;2009;986;2009
4;15;64;64022;64022;Castel Baronia;;AV;0;0;1233.0;2001;15,3663;2009;1183;2009
4;15;64;64023;64023;Castelfranci;;AV;0;0;2540.0;2001;11,6888;2009;2146;2009
4;15;64;64024;64024;Castelvetere sul Calore;;AV;0;0;1713.0;2001;17,1700;2009;1709;2009
4;15;64;64025;64025;Cervinara;;AV;0;0;10150.0;2001;29,3430;2009;10055;2009
4;15;64;64026;64026;Cesinali;;AV;0;0;2299.0;2001;3,7261;2009;2509;2009
4;15;64;64027;64027;Chianche;;AV;0;0;610.0;2001;6,6074;2009;581;2009
4;15;64;64028;64028;Chiusano di San Domenico;;AV;0;0;2490.0;2001;24,6024;2009;2409;2009
4;15;64;64029;64029;Contrada;;AV;0;0;2874.0;2001;10,3106;2009;3028;2009
4;15;64;64030;64030;Conza della Campania;;AV;0;0;1457.0;2001;51,6327;2009;1435;2009
4;15;64;64031;64031;Domicella;;AV;0;0;1561.0;2001;6,3990;2009;1832;2009
4;15;64;64032;64032;Flumeri;;AV;0;0;3336.0;2001;34,5501;2009;3108;2009
4;15;64;64033;64033;Fontanarosa;;AV;0;0;3450.0;2001;16,7042;2009;3321;2009
4;15;64;64034;64034;Forino;;AV;0;0;5088.0;2001;20,3895;2009;5418;2009
4;15;64;64035;64035;Frigento;;AV;0;0;4126.0;2001;38,0394;2009;4038;2009
4;15;64;64036;64036;Gesualdo;;AV;0;0;3829.0;2001;27,3349;2009;3690;2009
4;15;64;64037;64037;Greci;;AV;0;0;946.0;2001;30,2631;2009;785;2009
4;15;64;64038;64038;Grottaminarda;;AV;0;0;8274.0;2001;29,1148;2009;8281;2009
4;15;64;64039;64039;Grottolella;;AV;0;0;1854.0;2001;7,1256;2009;1996;2009
4;15;64;64040;64040;Guardia Lombardi;;AV;0;0;2029.0;2001;55,8730;2009;1861;2009
4;15;64;64041;64041;Lacedonia;;AV;0;0;3010.0;2001;82,0921;2009;2748;2009
4;15;64;64042;64042;Lapio;;AV;0;0;1750.0;2001;15,2956;2009;1668;2009
4;15;64;64043;64043;Lauro;;AV;0;0;3628.0;2001;11,2933;2009;3640;2009
4;15;64;64044;64044;Lioni;;AV;0;0;6110.0;2001;46,5111;2009;6430;2009
4;15;64;64045;64045;Luogosano;;AV;0;0;1299.0;2001;6,0681;2009;1230;2009
4;15;64;64046;64046;Manocalzati;;AV;0;0;3096.0;2001;8,7454;2009;3255;2009
4;15;64;64047;64047;Marzano di Nola;;AV;0;0;1607.0;2001;4,7195;2009;1704;2009
4;15;64;64048;64048;Melito Irpino;;AV;0;0;1996.0;2001;20,6840;2009;1950;2009
4;15;64;64049;64049;Mercogliano;;AV;0;0;11755.0;2001;19,9019;2009;12525;2009
4;15;64;64050;64050;Mirabella Eclano;;AV;0;0;8272.0;2001;33,9585;2009;8004;2009
4;15;64;64051;64051;Montaguto;;AV;0;0;577.0;2001;18,3734;2009;491;2009
4;15;64;64052;64052;Montecalvo Irpino;;AV;0;0;4279.0;2001;54,0056;2009;3969;2009
4;15;64;64053;64053;Montefalcione;;AV;0;0;3397.0;2001;15,2488;2009;3474;2009
4;15;64;64054;64054;Monteforte Irpino;;AV;0;0;8674.0;2001;26,9725;2009;11701;2009
4;15;64;64055;64055;Montefredane;;AV;0;0;2305.0;2001;9,4461;2009;2280;2009
4;15;64;64056;64056;Montefusco;;AV;0;0;1475.0;2001;8,2382;2009;1470;2009
4;15;64;64057;64057;Montella;;AV;0;0;7770.0;2001;82,9536;2009;7984;2009
4;15;64;64058;64058;Montemarano;;AV;0;0;3043.0;2001;34,0089;2009;2993;2009
4;15;64;64059;64059;Montemiletto;;AV;0;0;5312.0;2001;21,6309;2009;5446;2009
4;15;64;64060;64060;Monteverde;;AV;0;0;921.0;2001;39,5569;2009;847;2009
4;15;64;64061;64061;Montoro Inferiore;;AV;0;0;9508.0;2001;19,6654;2009;10439;2009
4;15;64;64062;64062;Montoro Superiore;;AV;0;0;8054.0;2001;20,4756;2009;8748;2009
4;15;64;64063;64063;Morra De Sanctis;;AV;0;0;1408.0;2001;30,4120;2009;1333;2009
4;15;64;64064;64064;Moschiano;;AV;0;0;1658.0;2001;13,4535;2009;1680;2009
4;15;64;64065;64065;Mugnano del Cardinale;;AV;0;0;4910.0;2001;12,2983;2009;5299;2009
4;15;64;64066;64066;Nusco;;AV;0;0;4420.0;2001;53,6005;2009;4347;2009
4;15;64;64067;64067;Ospedaletto d'Alpinolo;;AV;0;0;1641.0;2001;5,6764;2009;1914;2009
4;15;64;64068;64068;Pago del Vallo di Lauro;;AV;0;0;1728.0;2001;4,6255;2009;1849;2009
4;15;64;64069;64069;Parolise;;AV;0;0;653.0;2001;3,2187;2009;707;2009
4;15;64;64070;64070;Paternopoli;;AV;0;0;2716.0;2001;18,4254;2009;2544;2009
4;15;64;64071;64071;Petruro Irpino;;AV;0;0;400.0;2001;3,1398;2009;356;2009
4;15;64;64072;64072;Pietradefusi;;AV;0;0;2551.0;2001;9,2415;2009;2434;2009
4;15;64;64073;64073;Pietrastornina;;AV;0;0;1650.0;2001;15,7281;2009;1579;2009
4;15;64;64074;64074;Prata di Principato Ultra;;AV;0;0;3011.0;2001;10,9911;2009;2969;2009
4;15;64;64075;64075;Pratola Serra;;AV;0;0;3242.0;2001;8,8428;2009;3630;2009
4;15;64;64076;64076;Quadrelle;;AV;0;0;1573.0;2001;6,9311;2009;1913;2009
4;15;64;64077;64077;Quindici;;AV;0;0;3005.0;2001;23,9083;2009;2256;2009
4;15;64;64078;64078;Roccabascerana;;AV;0;0;2333.0;2001;12,4554;2009;2394;2009
4;15;64;64079;64079;Rocca San Felice;;AV;0;0;903.0;2001;14,4116;2009;883;2009
4;15;64;64080;64080;Rotondi;;AV;0;0;3346.0;2001;7,8085;2009;3617;2009
4;15;64;64081;64081;Salza Irpina;;AV;0;0;797.0;2001;4,9594;2009;785;2009
4;15;64;64082;64082;San Mango sul Calore;;AV;0;0;1233.0;2001;14,5865;2009;1231;2009
4;15;64;64083;64083;San Martino Valle Caudina;;AV;0;0;4704.0;2001;22,9153;2009;4760;2009
4;15;64;64084;64084;San Michele di Serino;;AV;0;0;2399.0;2001;4,4659;2009;2643;2009
4;15;64;64085;64085;San Nicola Baronia;;AV;0;0;859.0;2001;6,8989;2009;809;2009
4;15;64;64086;64086;San Potito Ultra;;AV;0;0;1441.0;2001;4,5378;2009;1620;2009
4;15;64;64087;64087;San Sossio Baronia;;AV;0;0;1914.0;2001;19,1930;2009;1757;2009
4;15;64;64088;64088;Santa Lucia di Serino;;AV;0;0;1516.0;2001;3,9333;2009;1497;2009
4;15;64;64089;64089;Sant'Andrea di Conza;;AV;0;0;1930.0;2001;7,0383;2009;1750;2009
4;15;64;64090;64090;Sant'Angelo all'Esca;;AV;0;0;942.0;2001;5,4602;2009;855;2009
4;15;64;64091;64091;Sant'Angelo a Scala;;AV;0;0;736.0;2001;10,7449;2009;760;2009
4;15;64;64092;64092;Sant'Angelo dei Lombardi;;AV;0;0;4244.0;2001;55,1046;2009;4488;2009
4;15;64;64093;64093;Santa Paolina;;AV;0;0;1432.0;2001;8,4343;2009;1414;2009
4;15;64;64095;64095;Santo Stefano del Sole;;AV;0;0;1927.0;2001;10,7802;2009;2186;2009
4;15;64;64096;64096;Savignano Irpino;;AV;0;0;1334.0;2001;38,4761;2009;1201;2009
4;15;64;64097;64097;Scampitella;;AV;0;0;1435.0;2001;15,1039;2009;1371;2009
4;15;64;64098;64098;Senerchia;;AV;0;0;883.0;2001;32,0250;2009;1009;2009
4;15;64;64099;64099;Serino;;AV;0;0;7041.0;2001;52,4994;2009;7290;2009
4;15;64;64100;64100;Sirignano;;AV;0;0;2370.0;2001;6,1867;2009;2934;2009
4;15;64;64101;64101;Solofra;;AV;0;0;11802.0;2001;22,2135;2009;12350;2009
4;15;64;64102;64102;Sorbo Serpico;;AV;0;0;566.0;2001;8,1034;2009;568;2009
4;15;64;64103;64103;Sperone;;AV;0;0;3185.0;2001;4,6968;2009;3623;2009
4;15;64;64104;64104;Sturno;;AV;0;0;3261.0;2001;16,6733;2009;3209;2009
4;15;64;64105;64105;Summonte;;AV;0;0;1563.0;2001;12,3678;2009;1614;2009
4;15;64;64106;64106;Taurano;;AV;0;0;1538.0;2001;9,7662;2009;1619;2009
4;15;64;64107;64107;Taurasi;;AV;0;0;2750.0;2001;14,4115;2009;2514;2009
4;15;64;64108;64108;Teora;;AV;0;0;1573.0;2001;23,2061;2009;1568;2009
4;15;64;64109;64109;Torella dei Lombardi;;AV;0;0;2202.0;2001;26,5685;2009;2242;2009
4;15;64;64110;64110;Torre Le Nocelle;;AV;0;0;1370.0;2001;10,0416;2009;1367;2009
4;15;64;64111;64111;Torrioni;;AV;0;0;633.0;2001;4,2199;2009;598;2009
4;15;64;64112;64112;Trevico;;AV;0;0;1284.0;2001;11,0025;2009;1088;2009
4;15;64;64113;64113;Tufo;;AV;0;0;951.0;2001;5,9641;2009;930;2009
4;15;64;64114;64114;Vallata;;AV;0;0;3109.0;2001;47,9136;2009;2915;2009
4;15;64;64115;64115;Vallesaccarda;;AV;0;0;1486.0;2001;14,1252;2009;1427;2009
4;15;64;64116;64116;Venticano;;AV;0;0;2547.0;2001;14,1566;2009;2597;2009
4;15;64;64117;64117;Villamaina;;AV;0;0;1005.0;2001;9,0366;2009;993;2009
4;15;64;64118;64118;Villanova del Battista;;AV;0;0;1998.0;2001;19,9992;2009;1832;2009
4;15;64;64119;64119;Volturara Irpina;;AV;0;0;4229.0;2001;32,4183;2009;3897;2009
4;15;64;64120;64120;Zungoli;;AV;0;0;1432.0;2001;19,2100;2009;1247;2009
4;15;65;65001;65001;Acerno;;SA;0;0;3013.0;2001;72,4968;2009;2858;2009
4;15;65;65002;65002;Agropoli;;SA;0;0;19949.0;2001;32,7664;2009;20727;2009
4;15;65;65003;65003;Albanella;;SA;0;0;6317.0;2001;40,2302;2009;6464;2009
4;15;65;65004;65004;Alfano;;SA;0;0;1308.0;2001;4,8222;2009;1112;2009
4;15;65;65005;65005;Altavilla Silentina;;SA;0;0;6751.0;2001;52,4817;2009;6866;2009
4;15;65;65006;65006;Amalfi;;SA;0;0;5428.0;2001;5,7001;2009;5306;2009
4;15;65;65007;65007;Angri;;SA;0;0;29761.0;2001;13,7655;2009;31755;2009
4;15;65;65008;65008;Aquara;;SA;0;0;1799.0;2001;32,7339;2009;1650;2009
4;15;65;65009;65009;Ascea;;SA;0;0;5392.0;2001;37,4528;2009;5730;2009
4;15;65;65010;65010;Atena Lucana;;SA;0;0;2231.0;2001;26,0048;2009;2359;2009
4;15;65;65011;65011;Atrani;;SA;0;0;965.0;2001;0,1206;2009;906;2009
4;15;65;65012;65012;Auletta;;SA;0;0;2476.0;2001;35,6829;2009;2444;2009
4;15;65;65013;65013;Baronissi;;SA;0;0;15226.0;2001;17,9298;2009;16822;2009
4;15;65;65014;65014;Battipaglia;;SA;0;0;50359.0;2001;56,8494;2009;50684;2009
4;15;65;65015;65015;Bellosguardo;;SA;0;0;1009.0;2001;16,7467;2009;881;2009
4;15;65;65016;65016;Bracigliano;;SA;0;0;5230.0;2001;14,4087;2009;5580;2009
4;15;65;65017;65017;Buccino;;SA;0;0;5659.0;2001;65,9179;2009;5436;2009
4;15;65;65018;65018;Buonabitacolo;;SA;0;0;2581.0;2001;15,5398;2009;2609;2009
4;15;65;65019;65019;Caggiano;;SA;0;0;3011.0;2001;35,4328;2009;2853;2009
4;15;65;65020;65020;Calvanico;;SA;0;0;1365.0;2001;14,9093;2009;1570;2009
4;15;65;65021;65021;Camerota;;SA;0;0;6846.0;2001;70,5769;2009;7125;2009
4;15;65;65022;65022;Campagna;;SA;0;0;15311.0;2001;136,3034;2009;16054;2009
4;15;65;65023;65023;Campora;;SA;0;0;563.0;2001;29,1530;2009;491;2009
4;15;65;65024;65024;Cannalonga;;SA;0;0;1146.0;2001;17,7503;2009;1101;2009
4;15;65;65025;65025;Capaccio;;SA;0;0;20238.0;2001;113,0263;2009;21977;2009
4;15;65;65026;65026;Casalbuono;;SA;0;0;1303.0;2001;34,8221;2009;1247;2009
4;15;65;65027;65027;Casaletto Spartano;;SA;0;0;1680.0;2001;86,5691;2009;1476;2009
4;15;65;65028;65028;Casal Velino;;SA;0;0;4598.0;2001;31,7095;2009;4978;2009
4;15;65;65029;65029;Caselle in Pittari;;SA;0;0;2026.0;2001;45,5545;2009;2013;2009
4;15;65;65030;65030;Castelcivita;;SA;0;0;2152.0;2001;57,6340;2009;1921;2009
4;15;65;65031;65031;Castellabate;;SA;0;0;7775.0;2001;37,4332;2009;8147;2009
4;15;65;65032;65032;Castelnuovo Cilento;;SA;0;0;2253.0;2001;18,0593;2009;2569;2009
4;15;65;65033;65033;Castelnuovo di Conza;;SA;0;0;966.0;2001;14,0629;2009;670;2009
4;15;65;65034;65034;Castel San Giorgio;;SA;0;0;12879.0;2001;13,5851;2009;13462;2009
4;15;65;65035;65035;Castel San Lorenzo;;SA;0;0;3034.0;2001;14,2937;2009;2702;2009
4;15;65;65036;65036;Castiglione del Genovesi;;SA;0;0;1270.0;2001;10,4074;2009;1360;2009
4;15;65;65037;65037;Cava de' Tirreni;;SA;0;0;52616.0;2001;36,5311;2009;53947;2009
4;15;65;65038;65038;Celle di Bulgheria;;SA;0;0;2061.0;2001;31,6166;2009;1976;2009
4;15;65;65039;65039;Centola;;SA;0;0;4828.0;2001;47,7508;2009;5074;2009
4;15;65;65040;65040;Ceraso;;SA;0;0;2510.0;2001;46,4579;2009;2564;2009
4;15;65;65041;65041;Cetara;;SA;0;0;2357.0;2001;4,9681;2009;2351;2009
4;15;65;65042;65042;Cicerale;;SA;0;0;1351.0;2001;41,3734;2009;1285;2009
4;15;65;65043;65043;Colliano;;SA;0;0;3830.0;2001;55,1577;2009;3802;2009
4;15;65;65044;65044;Conca dei Marini;;SA;0;0;697.0;2001;1,1281;2009;738;2009
4;15;65;65045;65045;Controne;;SA;0;0;943.0;2001;7,7461;2009;896;2009
4;15;65;65046;65046;Contursi Terme;;SA;0;0;3182.0;2001;28,9342;2009;3346;2009
4;15;65;65047;65047;Corbara;;SA;0;0;2455.0;2001;6,7318;2009;2590;2009
4;15;65;65048;65048;Corleto Monforte;;SA;0;0;764.0;2001;58,9664;2009;661;2009
4;15;65;65049;65049;Cuccaro Vetere;;SA;0;0;622.0;2001;17,6631;2009;581;2009
4;15;65;65050;65050;Eboli;;SA;0;0;35842.0;2001;137,5727;2009;37863;2009
4;15;65;65051;65051;Felitto;;SA;0;0;1393.0;2001;41,5341;2009;1340;2009
4;15;65;65052;65052;Fisciano;;SA;0;0;12275.0;2001;31,6874;2009;13466;2009
4;15;65;65053;65053;Furore;;SA;0;0;810.0;2001;1,8817;2009;858;2009
4;15;65;65054;65054;Futani;;SA;0;0;1280.0;2001;14,8506;2009;1298;2009
4;15;65;65055;65055;Giffoni Sei Casali;;SA;0;0;4172.0;2001;35,0750;2009;5287;2009
4;15;65;65056;65056;Giffoni Valle Piana;;SA;0;0;10992.0;2001;88,6125;2009;11910;2009
4;15;65;65057;65057;Gioi;;SA;0;0;1465.0;2001;27,9883;2009;1371;2009
4;15;65;65058;65058;Giungano;;SA;0;0;1116.0;2001;11,7006;2009;1250;2009
4;15;65;65059;65059;Ispani;;SA;0;0;1015.0;2001;8,3430;2009;1029;2009
4;15;65;65060;65060;Laureana Cilento;;SA;0;0;1093.0;2001;13,7442;2009;1182;2009
4;15;65;65061;65061;Laurino;;SA;0;0;1950.0;2001;70,4538;2009;1747;2009
4;15;65;65062;65062;Laurito;;SA;0;0;943.0;2001;20,2220;2009;876;2009
4;15;65;65063;65063;Laviano;;SA;0;0;1591.0;2001;55,6759;2009;1493;2009
4;15;65;65064;65064;Lustra;;SA;0;0;1115.0;2001;15,2415;2009;1108;2009
4;15;65;65065;65065;Magliano Vetere;;SA;0;0;889.0;2001;23,2958;2009;808;2009
4;15;65;65066;65066;Maiori;;SA;0;0;5740.0;2001;16,6714;2009;5618;2009
4;15;65;65067;65067;Mercato San Severino;;SA;0;0;20362.0;2001;30,3331;2009;21754;2009
4;15;65;65068;65068;Minori;;SA;0;0;3023.0;2001;2,6624;2009;2846;2009
4;15;65;65069;65069;Moio della Civitella;;SA;0;0;1823.0;2001;17,1887;2009;1899;2009
4;15;65;65070;65070;Montano Antilia;;SA;0;0;2191.0;2001;33,4423;2009;2273;2009
4;15;65;65071;65071;Montecorice;;SA;0;0;2474.0;2001;22,2510;2009;2538;2009
4;15;65;65072;65072;Montecorvino Pugliano;;SA;0;0;7811.0;2001;28,8816;2009;9751;2009
4;15;65;65073;65073;Montecorvino Rovella;;SA;0;0;11558.0;2001;42,1614;2009;12405;2009
4;15;65;65074;65074;Monteforte Cilento;;SA;0;0;625.0;2001;22,1659;2009;592;2009
4;15;65;65075;65075;Monte San Giacomo;;SA;0;0;1682.0;2001;51,6911;2009;1642;2009
4;15;65;65076;65076;Montesano sulla Marcellana;;SA;0;0;7220.0;2001;110,2247;2009;6909;2009
4;15;65;65077;65077;Morigerati;;SA;0;0;780.0;2001;21,1938;2009;743;2009
4;15;65;65078;65078;Nocera Inferiore;;SA;0;0;46540.0;2001;20,9354;2009;46366;2009
4;15;65;65079;65079;Nocera Superiore;;SA;0;0;23837.0;2001;14,6624;2009;24084;2009
4;15;65;65080;65080;Novi Velia;;SA;0;0;2052.0;2001;34,7132;2009;2261;2009
4;15;65;65081;65081;Ogliastro Cilento;;SA;0;0;2202.0;2001;13,2426;2009;2261;2009
4;15;65;65082;65082;Olevano sul Tusciano;;SA;0;0;6399.0;2001;26,7239;2009;6945;2009
4;15;65;65083;65083;Oliveto Citra;;SA;0;0;4005.0;2001;31,6214;2009;3926;2009
4;15;65;65084;65084;Omignano;;SA;0;0;1536.0;2001;10,1008;2009;1588;2009
4;15;65;65085;65085;Orria;;SA;0;0;1293.0;2001;26,5503;2009;1226;2009
4;15;65;65086;65086;Ottati;;SA;0;0;809.0;2001;53,6115;2009;728;2009
4;15;65;65087;65087;Padula;;SA;0;0;5403.0;2001;67,1160;2009;5487;2009
4;15;65;65088;65088;Pagani;;SA;0;0;32349.0;2001;11,9190;2009;35244;2009
4;15;65;65089;65089;Palomonte;;SA;0;0;4115.0;2001;28,2980;2009;4103;2009
4;15;65;65090;65090;Pellezzano;;SA;0;0;10202.0;2001;14,0374;2009;10457;2009
4;15;65;65091;65091;Perdifumo;;SA;0;0;1866.0;2001;23,8138;2009;1795;2009
4;15;65;65092;65092;Perito;;SA;0;0;1101.0;2001;23,9994;2009;1041;2009
4;15;65;65093;65093;Pertosa;;SA;0;0;727.0;2001;6,1584;2009;708;2009
4;15;65;65094;65094;Petina;;SA;0;0;1238.0;2001;35,4697;2009;1220;2009
4;15;65;65095;65095;Piaggine;;SA;0;0;1775.0;2001;62,7654;2009;1474;2009
4;15;65;65096;65096;Pisciotta;;SA;0;0;3038.0;2001;31,2380;2009;2837;2009
4;15;65;65097;65097;Polla;;SA;0;0;5347.0;2001;48,0802;2009;5298;2009
4;15;65;65098;65098;Pollica;;SA;0;0;2516.0;2001;28,1653;2009;2447;2009
4;15;65;65099;65099;Pontecagnano Faiano;;SA;0;0;22730.0;2001;37,1891;2009;24807;2009
4;15;65;65100;65100;Positano;;SA;0;0;3882.0;2001;8,6531;2009;3958;2009
4;15;65;65101;65101;Postiglione;;SA;0;0;2334.0;2001;48,2433;2009;2299;2009
4;15;65;65102;65102;Praiano;;SA;0;0;1915.0;2001;2,6706;2009;2065;2009
4;15;65;65103;65103;Prignano Cilento;;SA;0;0;870.0;2001;12,0409;2009;985;2009
4;15;65;65104;65104;Ravello;;SA;0;0;2508.0;2001;7,9350;2009;2466;2009
4;15;65;65105;65105;Ricigliano;;SA;0;0;1339.0;2001;27,9221;2009;1288;2009
4;15;65;65106;65106;Roccadaspide;;SA;0;0;7461.0;2001;64,1579;2009;7419;2009
4;15;65;65107;65107;Roccagloriosa;;SA;0;0;1734.0;2001;40,5575;2009;1737;2009
4;15;65;65108;65108;Roccapiemonte;;SA;0;0;9113.0;2001;5,3133;2009;9112;2009
4;15;65;65109;65109;Rofrano;;SA;0;0;2193.0;2001;63,5882;2009;1732;2009
4;15;65;65110;65110;Romagnano al Monte;;SA;0;0;415.0;2001;9,6679;2009;395;2009
4;15;65;65111;65111;Roscigno;;SA;0;0;993.0;2001;15,1812;2009;878;2009
4;15;65;65112;65112;Rutino;;SA;0;0;920.0;2001;9,6883;2009;868;2009
4;15;65;65113;65113;Sacco;;SA;0;0;701.0;2001;23,6570;2009;593;2009
4;15;65;65114;65114;Sala Consilina;;SA;0;0;12716.0;2001;60,2843;2009;12629;2009
4;15;65;65115;65115;Salento;;SA;0;0;2022.0;2001;23,7851;2009;2005;2009
4;15;65;65116;65116;Salerno;;SA;1;0;138188.0;2001;59,8518;2009;136468;2009
4;15;65;65117;65117;Salvitelle;;SA;0;0;702.0;2001;9,5936;2009;609;2009
4;15;65;65118;65118;San Cipriano Picentino;;SA;0;0;5978.0;2001;17,3872;2009;6682;2009
4;15;65;65119;65119;San Giovanni a Piro;;SA;0;0;3753.0;2001;37,9015;2009;3849;2009
4;15;65;65120;65120;San Gregorio Magno;;SA;0;0;4616.0;2001;50,0518;2009;4506;2009
4;15;65;65121;65121;San Mango Piemonte;;SA;0;0;2166.0;2001;6,0237;2009;2642;2009
4;15;65;65122;65122;San Marzano sul Sarno;;SA;0;0;9472.0;2001;5,1713;2009;10061;2009
4;15;65;65123;65123;San Mauro Cilento;;SA;0;0;1011.0;2001;15,2807;2009;977;2009
4;15;65;65124;65124;San Mauro la Bruca;;SA;0;0;768.0;2001;19,0544;2009;678;2009
4;15;65;65125;65125;San Pietro al Tanagro;;SA;0;0;1640.0;2001;15,5135;2009;1736;2009
4;15;65;65126;65126;San Rufo;;SA;0;0;1853.0;2001;31,9585;2009;1762;2009
4;15;65;65127;65127;Santa Marina;;SA;0;0;3303.0;2001;28,3605;2009;3201;2009
4;15;65;65128;65128;Sant'Angelo a Fasanella;;SA;0;0;818.0;2001;32,6091;2009;703;2009
4;15;65;65129;65129;Sant'Arsenio;;SA;0;0;2752.0;2001;20,1433;2009;2772;2009
4;15;65;65130;65130;Sant'Egidio del Monte Albino;;SA;0;0;8394.0;2001;7,3297;2009;8829;2009
4;15;65;65131;65131;Santomenna;;SA;0;0;580.0;2001;8,9173;2009;475;2009
4;15;65;65132;65132;San Valentino Torio;;SA;0;0;9285.0;2001;9,1563;2009;10241;2009
4;15;65;65133;65133;Sanza;;SA;0;0;3006.0;2001;128,7442;2009;2748;2009
4;15;65;65134;65134;Sapri;;SA;0;0;7022.0;2001;14,1985;2009;7012;2009
4;15;65;65135;65135;Sarno;;SA;0;0;31059.0;2001;40,0006;2009;31225;2009
4;15;65;65136;65136;Sassano;;SA;0;0;5190.0;2001;47,7560;2009;5071;2009
4;15;65;65137;65137;Scafati;;SA;0;0;47082.0;2001;19,8948;2009;50189;2009
4;15;65;65138;65138;Scala;;SA;0;0;1488.0;2001;13,8627;2009;1555;2009
4;15;65;65139;65139;Serramezzana;;SA;0;0;403.0;2001;7,2296;2009;346;2009
4;15;65;65140;65140;Serre;;SA;0;0;3818.0;2001;67,0330;2009;4001;2009
4;15;65;65141;65141;Sessa Cilento;;SA;0;0;1466.0;2001;18,0424;2009;1397;2009
4;15;65;65142;65142;Siano;;SA;0;0;10104.0;2001;8,5692;2009;10258;2009
4;15;65;65143;65143;Sicignano degli Alburni;;SA;0;0;3466.0;2001;81,1133;2009;3423;2009
4;15;65;65144;65144;Stella Cilento;;SA;0;0;850.0;2001;14,5173;2009;810;2009
4;15;65;65145;65145;Stio;;SA;0;0;1088.0;2001;24,2800;2009;977;2009
4;15;65;65146;65146;Teggiano;;SA;0;0;8241.0;2001;61,2711;2009;8226;2009
4;15;65;65147;65147;Torchiara;;SA;0;0;1525.0;2001;8,4617;2009;1787;2009
4;15;65;65148;65148;Torraca;;SA;0;0;1232.0;2001;16,0132;2009;1299;2009
4;15;65;65149;65149;Torre Orsaia;;SA;0;0;2392.0;2001;21,0329;2009;2266;2009
4;15;65;65150;65150;Tortorella;;SA;0;0;603.0;2001;34,2161;2009;587;2009
4;15;65;65151;65151;Tramonti;;SA;0;0;3935.0;2001;24,8260;2009;4146;2009
4;15;65;65152;65152;Trentinara;;SA;0;0;1769.0;2001;23,4361;2009;1706;2009
4;15;65;65153;65153;Valle dell'Angelo;;SA;0;0;406.0;2001;36,6021;2009;353;2009
4;15;65;65154;65154;Vallo della Lucania;;SA;0;0;8818.0;2001;25,3214;2009;8753;2009
4;15;65;65155;65155;Valva;;SA;0;0;1772.0;2001;26,7850;2009;1749;2009
4;15;65;65156;65156;Vibonati;;SA;0;0;3019.0;2001;20,5427;2009;3201;2009
4;15;65;65157;65157;Vietri sul Mare;;SA;0;0;8543.0;2001;9,5175;2009;8207;2009
4;15;65;65158;65158;Bellizzi;;SA;0;0;12555.0;2001;8,0220;2009;13035;2009
4;13;66;66001;66001;Acciano;;AQ;0;0;401.0;2001;32,2231;2009;379;2009
4;13;66;66002;66002;Aielli;;AQ;0;0;1477.0;2001;37,5166;2009;1463;2009
4;13;66;66003;66003;Alfedena;;AQ;0;0;716.0;2001;39,9550;2009;834;2009
4;13;66;66004;66004;Anversa degli Abruzzi;;AQ;0;0;431.0;2001;32,4330;2009;378;2009
4;13;66;66005;66005;Ateleta;;AQ;0;0;1232.0;2001;41,9283;2009;1197;2009
4;13;66;66006;66006;Avezzano;;AQ;0;0;38337.0;2001;104,0844;2009;41139;2009
4;13;66;66007;66007;Balsorano;;AQ;0;0;3705.0;2001;58,8519;2009;3680;2009
4;13;66;66008;66008;Barete;;AQ;0;0;633.0;2001;24,5883;2009;692;2009
4;13;66;66009;66009;Barisciano;;AQ;0;0;1798.0;2001;78,4866;2009;1821;2009
4;13;66;66010;66010;Barrea;;AQ;0;0;776.0;2001;87,1085;2009;756;2009
4;13;66;66011;66011;Bisegna;;AQ;0;0;342.0;2001;46,5930;2009;293;2009
4;13;66;66012;66012;Bugnara;;AQ;0;0;1035.0;2001;25,1209;2009;1118;2009
4;13;66;66013;66013;Cagnano Amiterno;;AQ;0;0;1509.0;2001;61,3194;2009;1365;2009
4;13;66;66014;66014;Calascio;;AQ;0;0;150.0;2001;39,4431;2009;158;2009
4;13;66;66015;66015;Campo di Giove;;AQ;0;0;907.0;2001;28,9029;2009;883;2009
4;13;66;66016;66016;Campotosto;;AQ;0;0;683.0;2001;51,7260;2009;669;2009
4;13;66;66017;66017;Canistro;;AQ;0;0;1042.0;2001;15,9013;2009;1053;2009
4;13;66;66018;66018;Cansano;;AQ;0;0;270.0;2001;37,6989;2009;274;2009
4;13;66;66019;66019;Capestrano;;AQ;0;0;960.0;2001;43,6574;2009;969;2009
4;13;66;66020;66020;Capistrello;;AQ;0;0;5429.0;2001;60,9597;2009;5409;2009
4;13;66;66021;66021;Capitignano;;AQ;0;0;689.0;2001;30,6392;2009;672;2009
4;13;66;66022;66022;Caporciano;;AQ;0;0;265.0;2001;18,6152;2009;245;2009
4;13;66;66023;66023;Cappadocia;;AQ;0;0;519.0;2001;68,5744;2009;588;2009
4;13;66;66024;66024;Carapelle Calvisio;;AQ;0;0;95.0;2001;14,7866;2009;97;2009
4;13;66;66025;66025;Carsoli;;AQ;0;0;5086.0;2001;95,7974;2009;5508;2009
4;13;66;66026;66026;Castel del Monte;;AQ;0;0;527.0;2001;58,0314;2009;471;2009
4;13;66;66027;66027;Castel di Ieri;;AQ;0;0;405.0;2001;18,8839;2009;343;2009
4;13;66;66028;66028;Castel di Sangro;;AQ;0;0;5626.0;2001;84,4488;2009;5941;2009
4;13;66;66029;66029;Castellafiume;;AQ;0;0;1049.0;2001;24,0985;2009;1116;2009
4;13;66;66030;66030;Castelvecchio Calvisio;;AQ;0;0;198.0;2001;15,3193;2009;181;2009
4;13;66;66031;66031;Castelvecchio Subequo;;AQ;0;0;1241.0;2001;19,2943;2009;1105;2009
4;13;66;66032;66032;Celano;;AQ;0;0;10975.0;2001;82,7993;2009;11095;2009
4;13;66;66033;66033;Cerchio;;AQ;0;0;1669.0;2001;20,1647;2009;1740;2009
4;13;66;66034;66034;Civita d'Antino;;AQ;0;0;1076.0;2001;28,3454;2009;1012;2009
4;13;66;66035;66035;Civitella Alfedena;;AQ;0;0;280.0;2001;29,4897;2009;319;2009
4;13;66;66036;66036;Civitella Roveto;;AQ;0;0;3330.0;2001;45,4473;2009;3413;2009
4;13;66;66037;66037;Cocullo;;AQ;0;0;317.0;2001;31,6043;2009;268;2009
4;13;66;66038;66038;Collarmele;;AQ;0;0;1055.0;2001;23,9434;2009;966;2009
4;13;66;66039;66039;Collelongo;;AQ;0;0;1514.0;2001;54,0194;2009;1395;2009
4;13;66;66040;66040;Collepietro;;AQ;0;0;270.0;2001;15,2093;2009;247;2009
4;13;66;66041;66041;Corfinio;;AQ;0;0;997.0;2001;17,9500;2009;1050;2009
4;13;66;66042;66042;Fagnano Alto;;AQ;0;0;446.0;2001;24,6437;2009;443;2009
4;13;66;66043;66043;Fontecchio;;AQ;0;0;422.0;2001;16,8595;2009;411;2009
4;13;66;66044;66044;Fossa;;AQ;0;0;661.0;2001;8,7066;2009;646;2009
4;13;66;66045;66045;Gagliano Aterno;;AQ;0;0;314.0;2001;32,1491;2009;290;2009
4;13;66;66046;66046;Gioia dei Marsi;;AQ;0;0;2284.0;2001;58,4034;2009;2225;2009
4;13;66;66047;66047;Goriano Sicoli;;AQ;0;0;633.0;2001;20,2376;2009;605;2009
4;13;66;66048;66048;Introdacqua;;AQ;0;0;1831.0;2001;37,1065;2009;2145;2009
4;13;66;66049;66049;L'Aquila;;AQ;1;1;68503.0;2001;473,9049;2009;71241;2009
4;13;66;66050;66050;Lecce nei Marsi;;AQ;0;0;1752.0;2001;66,4692;2009;1767;2009
4;13;66;66051;66051;Luco dei Marsi;;AQ;0;0;5541.0;2001;44,8646;2009;5826;2009
4;13;66;66052;66052;Lucoli;;AQ;0;0;944.0;2001;103,4411;2009;991;2009
4;13;66;66053;66053;Magliano de' Marsi;;AQ;0;0;3540.0;2001;70,9094;2009;3827;2009
4;13;66;66054;66054;Massa d'Albe;;AQ;0;0;1436.0;2001;68,5330;2009;1577;2009
4;13;66;66055;66055;Molina Aterno;;AQ;0;0;463.0;2001;12,2077;2009;422;2009
4;13;66;66056;66056;Montereale;;AQ;0;0;2930.0;2001;104,4114;2009;2750;2009
4;13;66;66057;66057;Morino;;AQ;0;0;1545.0;2001;51,2798;2009;1533;2009
4;13;66;66058;66058;Navelli;;AQ;0;0;625.0;2001;42,0037;2009;595;2009
4;13;66;66059;66059;Ocre;;AQ;0;0;1020.0;2001;23,6036;2009;1070;2009
4;13;66;66060;66060;Ofena;;AQ;0;0;611.0;2001;36,8979;2009;575;2009
4;13;66;66061;66061;Opi;;AQ;0;0;462.0;2001;49,9041;2009;449;2009
4;13;66;66062;66062;Oricola;;AQ;0;0;950.0;2001;18,3594;2009;1120;2009
4;13;66;66063;66063;Ortona dei Marsi;;AQ;0;0;803.0;2001;57,1663;2009;666;2009
4;13;66;66064;66064;Ortucchio;;AQ;0;0;1978.0;2001;38,9992;2009;1909;2009
4;13;66;66065;66065;Ovindoli;;AQ;0;0;1200.0;2001;61,3769;2009;1221;2009
4;13;66;66066;66066;Pacentro;;AQ;0;0;1279.0;2001;72,5870;2009;1266;2009
4;13;66;66067;66067;Pereto;;AQ;0;0;704.0;2001;41,1546;2009;785;2009
4;13;66;66068;66068;Pescasseroli;;AQ;0;0;2130.0;2001;91,1670;2009;2241;2009
4;13;66;66069;66069;Pescina;;AQ;0;0;4506.0;2001;48,7946;2009;4318;2009
4;13;66;66070;66070;Pescocostanzo;;AQ;0;0;1216.0;2001;55,0627;2009;1179;2009
4;13;66;66071;66071;Pettorano sul Gizio;;AQ;0;0;1255.0;2001;62,8482;2009;1354;2009
4;13;66;66072;66072;Pizzoli;;AQ;0;0;3047.0;2001;56,4356;2009;3629;2009
4;13;66;66073;66073;Poggio Picenze;;AQ;0;0;1011.0;2001;11,4565;2009;1057;2009
4;13;66;66074;66074;Prata d'Ansidonia;;AQ;0;0;547.0;2001;19,6545;2009;513;2009
4;13;66;66075;66075;Pratola Peligna;;AQ;0;0;7814.0;2001;28,6735;2009;7858;2009
4;13;66;66076;66076;Prezza;;AQ;0;0;1092.0;2001;21,5962;2009;1060;2009
4;13;66;66077;66077;Raiano;;AQ;0;0;2973.0;2001;28,9925;2009;2911;2009
4;13;66;66078;66078;Rivisondoli;;AQ;0;0;686.0;2001;32,0010;2009;673;2009
4;13;66;66079;66079;Roccacasale;;AQ;0;0;754.0;2001;17,3068;2009;731;2009
4;13;66;66080;66080;Rocca di Botte;;AQ;0;0;522.0;2001;31,1002;2009;904;2009
4;13;66;66081;66081;Rocca di Cambio;;AQ;0;0;447.0;2001;27,6186;2009;504;2009
4;13;66;66082;66082;Rocca di Mezzo;;AQ;0;0;1426.0;2001;90,5454;2009;1555;2009
4;13;66;66083;66083;Rocca Pia;;AQ;0;0;189.0;2001;44,9611;2009;177;2009
4;13;66;66084;66084;Roccaraso;;AQ;0;0;1604.0;2001;49,9078;2009;1645;2009
4;13;66;66085;66085;San Benedetto dei Marsi;;AQ;0;0;4006.0;2001;16,7609;2009;3930;2009
4;13;66;66086;66086;San Benedetto in Perillis;;AQ;0;0;145.0;2001;19,0984;2009;143;2009
4;13;66;66087;66087;San Demetrio ne' Vestini;;AQ;0;0;1605.0;2001;16,4917;2009;1813;2009
4;13;66;66088;66088;San Pio delle Camere;;AQ;0;0;554.0;2001;17,2122;2009;597;2009
4;13;66;66089;66089;Sante Marie;;AQ;0;0;1342.0;2001;40,8114;2009;1296;2009
4;13;66;66090;66090;Sant'Eusanio Forconese;;AQ;0;0;443.0;2001;7,9441;2009;405;2009
4;13;66;66091;66091;Santo Stefano di Sessanio;;AQ;0;0;118.0;2001;33,6989;2009;124;2009
4;13;66;66092;66092;San Vincenzo Valle Roveto;;AQ;0;0;2577.0;2001;46,0364;2009;2491;2009
4;13;66;66093;66093;Scanno;;AQ;0;0;2133.0;2001;134,6763;2009;1978;2009
4;13;66;66094;66094;Scontrone;;AQ;0;0;595.0;2001;21,3524;2009;589;2009
4;13;66;66095;66095;Scoppito;;AQ;0;0;2757.0;2001;53,0024;2009;3146;2009
4;13;66;66096;66096;Scurcola Marsicana;;AQ;0;0;2501.0;2001;30,3816;2009;2816;2009
4;13;66;66097;66097;Secinaro;;AQ;0;0;480.0;2001;33,3409;2009;406;2009
4;13;66;66098;66098;Sulmona;;AQ;0;0;25304.0;2001;57,9274;2009;25014;2009
4;13;66;66099;66099;Tagliacozzo;;AQ;0;0;6532.0;2001;87,4575;2009;6968;2009
4;13;66;66100;66100;Tione degli Abruzzi;;AQ;0;0;380.0;2001;39,6549;2009;346;2009
4;13;66;66101;66101;Tornimparte;;AQ;0;0;2958.0;2001;65,9561;2009;2965;2009
4;13;66;66102;66102;Trasacco;;AQ;0;0;5998.0;2001;51,4430;2009;6105;2009
4;13;66;66103;66103;Villalago;;AQ;0;0;636.0;2001;33,1994;2009;624;2009
4;13;66;66104;66104;Villa Santa Lucia degli Abruzzi;;AQ;0;0;206.0;2001;26,9897;2009;163;2009
4;13;66;66105;66105;Villa Sant'Angelo;;AQ;0;0;431.0;2001;5,2152;2009;427;2009
4;13;66;66106;66106;Villavallelonga;;AQ;0;0;1004.0;2001;73,7407;2009;925;2009
4;13;66;66107;66107;Villetta Barrea;;AQ;0;0;595.0;2001;20,5243;2009;669;2009
4;13;66;66108;66108;Vittorito;;AQ;0;0;1012.0;2001;14,1945;2009;913;2009
4;13;67;67001;67001;Alba Adriatica;;TE;0;0;10389.0;2001;9,5965;2009;12116;2009
4;13;67;67002;67002;Ancarano;;TE;0;0;1774.0;2001;13,9198;2009;1940;2009
4;13;67;67003;67003;Arsita;;TE;0;0;969.0;2001;34,1359;2009;892;2009
4;13;67;67004;67004;Atri;;TE;0;0;11260.0;2001;92,1813;2009;11227;2009
4;13;67;67005;67005;Basciano;;TE;0;0;2381.0;2001;18,8534;2009;2460;2009
4;13;67;67006;67006;Bellante;;TE;0;0;6935.0;2001;50,0438;2009;7321;2009
4;13;67;67007;67007;Bisenti;;TE;0;0;2205.0;2001;30,8746;2009;2100;2009
4;13;67;67008;67008;Campli;;TE;0;0;7266.0;2001;73,4243;2009;7489;2009
4;13;67;67009;67009;Canzano;;TE;0;0;1809.0;2001;16,7370;2009;1954;2009
4;13;67;67010;67010;Castel Castagna;;TE;0;0;539.0;2001;18,1590;2009;512;2009
4;13;67;67011;67011;Castellalto;;TE;0;0;6637.0;2001;34,1758;2009;7466;2009
4;13;67;67012;67012;Castelli;;TE;0;0;1391.0;2001;49,6807;2009;1261;2009
4;13;67;67013;67013;Castiglione Messer Raimondo;;TE;0;0;2570.0;2001;30,6850;2009;2403;2009
4;13;67;67014;67014;Castilenti;;TE;0;0;1624.0;2001;23,7942;2009;1590;2009
4;13;67;67015;67015;Cellino Attanasio;;TE;0;0;2766.0;2001;43,9393;2009;2663;2009
4;13;67;67016;67016;Cermignano;;TE;0;0;1970.0;2001;26,3629;2009;1837;2009
4;13;67;67017;67017;Civitella del Tronto;;TE;0;0;5244.0;2001;77,7366;2009;5410;2009
4;13;67;67018;67018;Colledara;;TE;0;0;2199.0;2001;18,0132;2009;2272;2009
4;13;67;67019;67019;Colonnella;;TE;0;0;3272.0;2001;21,6322;2009;3696;2009
4;13;67;67020;67020;Controguerra;;TE;0;0;2480.0;2001;22,8131;2009;2492;2009
4;13;67;67021;67021;Corropoli;;TE;0;0;3752.0;2001;22,1134;2009;4637;2009
4;13;67;67022;67022;Cortino;;TE;0;0;847.0;2001;62,9438;2009;720;2009
4;13;67;67023;67023;Crognaleto;;TE;0;0;1549.0;2001;124,3029;2009;1474;2009
4;13;67;67024;67024;Fano Adriano;;TE;0;0;392.0;2001;35,7720;2009;373;2009
4;13;67;67025;67025;Giulianova;;TE;0;0;21400.0;2001;28,0022;2009;23195;2009
4;13;67;67026;67026;Isola del Gran Sasso d'Italia;;TE;0;0;4883.0;2001;84,0451;2009;4933;2009
4;13;67;67027;67027;Montefino;;TE;0;0;1184.0;2001;18,5937;2009;1120;2009
4;13;67;67028;67028;Montorio al Vomano;;TE;0;0;8048.0;2001;53,5650;2009;8218;2009
4;13;67;67029;67029;Morro d'Oro;;TE;0;0;3317.0;2001;28,7268;2009;3575;2009
4;13;67;67030;67030;Mosciano Sant'Angelo;;TE;0;0;8313.0;2001;48,4475;2009;9207;2009
4;13;67;67031;67031;Nereto;;TE;0;0;4425.0;2001;7,0112;2009;5145;2009
4;13;67;67032;67032;Notaresco;;TE;0;0;6770.0;2001;38,1503;2009;6963;2009
4;13;67;67033;67033;Penna Sant'Andrea;;TE;0;0;1761.0;2001;11,0981;2009;1782;2009
4;13;67;67034;67034;Pietracamela;;TE;0;0;312.0;2001;44,4853;2009;297;2009
4;13;67;67035;67035;Pineto;;TE;0;0;13095.0;2001;38,1093;2009;14529;2009
4;13;67;67036;67036;Rocca Santa Maria;;TE;0;0;698.0;2001;61,7984;2009;584;2009
4;13;67;67037;67037;Roseto degli Abruzzi;;TE;0;0;22978.0;2001;53,2666;2009;24840;2009
4;13;67;67038;67038;Sant'Egidio alla Vibrata;;TE;0;0;8817.0;2001;18,3619;2009;9697;2009
4;13;67;67039;67039;Sant'Omero;;TE;0;0;5274.0;2001;34,2024;2009;5434;2009
4;13;67;67040;67040;Silvi;;TE;0;0;14478.0;2001;20,6259;2009;15530;2009
4;13;67;67041;67041;Teramo;;TE;1;0;51023.0;2001;152,8397;2009;54286;2009
4;13;67;67042;67042;Torano Nuovo;;TE;0;0;1684.0;2001;10,2171;2009;1683;2009
4;13;67;67043;67043;Torricella Sicura;;TE;0;0;2692.0;2001;54,3803;2009;2725;2009
4;13;67;67044;67044;Tortoreto;;TE;0;0;7836.0;2001;22,9730;2009;10042;2009
4;13;67;67045;67045;Tossicia;;TE;0;0;1497.0;2001;27,1357;2009;1461;2009
4;13;67;67046;67046;Valle Castellana;;TE;0;0;1278.0;2001;131,7566;2009;1067;2009
4;13;67;67047;67047;Martinsicuro;;TE;0;0;13428.0;2001;14,6581;2009;16405;2009
4;13;68;68001;68001;Abbateggio;;PE;0;0;420.0;2001;15,4015;2009;443;2009
4;13;68;68002;68002;Alanno;;PE;0;0;3742.0;2001;32,5271;2009;3685;2009
4;13;68;68003;68003;Bolognano;;PE;0;0;1269.0;2001;16,9582;2009;1207;2009
4;13;68;68004;68004;Brittoli;;PE;0;0;415.0;2001;15,9864;2009;332;2009
4;13;68;68005;68005;Bussi sul Tirino;;PE;0;0;2977.0;2001;25,9116;2009;2747;2009
4;13;68;68006;68006;Cappelle sul Tavo;;PE;0;0;3714.0;2001;5,4127;2009;3956;2009
4;13;68;68007;68007;Caramanico Terme;;PE;0;0;2119.0;2001;84,9893;2009;2034;2009
4;13;68;68008;68008;Carpineto della Nora;;PE;0;0;733.0;2001;24,0820;2009;707;2009
4;13;68;68009;68009;Castiglione a Casauria;;PE;0;0;892.0;2001;16,5745;2009;881;2009
4;13;68;68010;68010;Catignano;;PE;0;0;1540.0;2001;17,0255;2009;1493;2009
4;13;68;68011;68011;Cepagatti;;PE;0;0;9097.0;2001;30,8181;2009;10437;2009
4;13;68;68012;68012;Città Sant'Angelo;;PE;0;0;11952.0;2001;62,0216;2009;14216;2009
4;13;68;68013;68013;Civitaquana;;PE;0;0;1395.0;2001;21,8796;2009;1378;2009
4;13;68;68014;68014;Civitella Casanova;;PE;0;0;2057.0;2001;31,0955;2009;1969;2009
4;13;68;68015;68015;Collecorvino;;PE;0;0;5399.0;2001;31,9837;2009;5888;2009
4;13;68;68016;68016;Corvara;;PE;0;0;289.0;2001;13,7325;2009;290;2009
4;13;68;68017;68017;Cugnoli;;PE;0;0;1669.0;2001;15,9611;2009;1612;2009
4;13;68;68018;68018;Elice;;PE;0;0;1731.0;2001;14,3095;2009;1738;2009
4;13;68;68019;68019;Farindola;;PE;0;0;1807.0;2001;45,4722;2009;1662;2009
4;13;68;68020;68020;Lettomanoppello;;PE;0;0;3090.0;2001;15,0704;2009;3058;2009
4;13;68;68021;68021;Loreto Aprutino;;PE;0;0;7615.0;2001;59,4992;2009;7708;2009
4;13;68;68022;68022;Manoppello;;PE;0;0;5637.0;2001;39,2629;2009;6970;2009
4;13;68;68023;68023;Montebello di Bertona;;PE;0;0;1120.0;2001;21,5008;2009;1070;2009
4;13;68;68024;68024;Montesilvano;;PE;0;0;40700.0;2001;23,5743;2009;49669;2009
4;13;68;68025;68025;Moscufo;;PE;0;0;3163.0;2001;20,2571;2009;3265;2009
4;13;68;68026;68026;Nocciano;;PE;0;0;1676.0;2001;13,7619;2009;1866;2009
4;13;68;68027;68027;Penne;;PE;0;0;12495.0;2001;91,1938;2009;12851;2009
4;13;68;68028;68028;Pescara;;PE;1;0;116286.0;2001;34,3622;2009;121054;2009
4;13;68;68029;68029;Pescosansonesco;;PE;0;0;556.0;2001;18,3462;2009;535;2009
4;13;68;68030;68030;Pianella;;PE;0;0;7511.0;2001;47,0483;2009;8241;2009
4;13;68;68031;68031;Picciano;;PE;0;0;1367.0;2001;7,5578;2009;1343;2009
4;13;68;68032;68032;Pietranico;;PE;0;0;605.0;2001;14,7711;2009;544;2009
4;13;68;68033;68033;Popoli;;PE;0;0;5566.0;2001;35,0403;2009;5543;2009
4;13;68;68034;68034;Roccamorice;;PE;0;0;1002.0;2001;25,0562;2009;1004;2009
4;13;68;68035;68035;Rosciano;;PE;0;0;3095.0;2001;27,7944;2009;3405;2009
4;13;68;68036;68036;Salle;;PE;0;0;312.0;2001;21,8039;2009;327;2009
4;13;68;68037;68037;Sant'Eufemia a Maiella;;PE;0;0;365.0;2001;40,4191;2009;298;2009
4;13;68;68038;68038;San Valentino in Abruzzo Citeriore;;PE;0;0;1959.0;2001;16,3975;2009;1952;2009
4;13;68;68039;68039;Scafa;;PE;0;0;3987.0;2001;10,3410;2009;3917;2009
4;13;68;68040;68040;Serramonacesca;;PE;0;0;619.0;2001;23,8876;2009;612;2009
4;13;68;68041;68041;Spoltore;;PE;0;0;15417.0;2001;37,0140;2009;18238;2009
4;13;68;68042;68042;Tocco da Casauria;;PE;0;0;2767.0;2001;29,6672;2009;2760;2009
4;13;68;68043;68043;Torre de' Passeri;;PE;0;0;3161.0;2001;5,9178;2009;3209;2009
4;13;68;68044;68044;Turrivalignani;;PE;0;0;858.0;2001;6,1123;2009;864;2009
4;13;68;68045;68045;Vicoli;;PE;0;0;445.0;2001;9,3297;2009;395;2009
4;13;68;68046;68046;Villa Celiera;;PE;0;0;890.0;2001;13,1822;2009;770;2009
4;13;69;69001;69001;Altino;;CH;0;0;2536.0;2001;15,3302;2009;2817;2009
4;13;69;69002;69002;Archi;;CH;0;0;2336.0;2001;28,5443;2009;2290;2009
4;13;69;69003;69003;Ari;;CH;0;0;1328.0;2001;11,3917;2009;1210;2009
4;13;69;69004;69004;Arielli;;CH;0;0;1250.0;2001;11,7168;2009;1167;2009
4;13;69;69005;69005;Atessa;;CH;0;0;10388.0;2001;110,9760;2009;10707;2009
4;13;69;69006;69006;Bomba;;CH;0;0;972.0;2001;17,2605;2009;903;2009
4;13;69;69007;69007;Borrello;;CH;0;0;444.0;2001;14,5066;2009;391;2009
4;13;69;69008;69008;Bucchianico;;CH;0;0;4941.0;2001;38,0774;2009;5201;2009
4;13;69;69009;69009;Montebello sul Sangro;;CH;0;0;125.0;2001;5,3819;2009;102;2009
4;13;69;69010;69010;Canosa Sannita;;CH;0;0;1510.0;2001;13,9125;2009;1488;2009
4;13;69;69011;69011;Carpineto Sinello;;CH;0;0;746.0;2001;29,8540;2009;717;2009
4;13;69;69012;69012;Carunchio;;CH;0;0;781.0;2001;32,5643;2009;699;2009
4;13;69;69013;69013;Casacanditella;;CH;0;0;1397.0;2001;12,5382;2009;1398;2009
4;13;69;69014;69014;Casalanguida;;CH;0;0;1096.0;2001;13,6686;2009;1055;2009
4;13;69;69015;69015;Casalbordino;;CH;0;0;6478.0;2001;46,0150;2009;6375;2009
4;13;69;69016;69016;Casalincontrada;;CH;0;0;2942.0;2001;16,0003;2009;3147;2009
4;13;69;69017;69017;Casoli;;CH;0;0;5971.0;2001;67,0348;2009;5906;2009
4;13;69;69018;69018;Castel Frentano;;CH;0;0;3913.0;2001;21,8862;2009;4211;2009
4;13;69;69019;69019;Castelguidone;;CH;0;0;482.0;2001;15,0706;2009;431;2009
4;13;69;69020;69020;Castiglione Messer Marino;;CH;0;0;2225.0;2001;47,9854;2009;1961;2009
4;13;69;69021;69021;Celenza sul Trigno;;CH;0;0;1098.0;2001;22,6780;2009;995;2009
4;13;69;69022;69022;Chieti;;CH;1;0;52486.0;2001;59,5667;2009;52744;2009
4;13;69;69023;69023;Civitaluparella;;CH;0;0;429.0;2001;22,4612;2009;378;2009
4;13;69;69024;69024;Civitella Messer Raimondo;;CH;0;0;972.0;2001;12,7215;2009;922;2009
4;13;69;69025;69025;Colledimacine;;CH;0;0;286.0;2001;11,2952;2009;253;2009
4;13;69;69026;69026;Colledimezzo;;CH;0;0;592.0;2001;11,0466;2009;547;2009
4;13;69;69027;69027;Crecchio;;CH;0;0;3052.0;2001;19,2342;2009;3009;2009
4;13;69;69028;69028;Cupello;;CH;0;0;4415.0;2001;48,3910;2009;4890;2009
4;13;69;69029;69029;Dogliola;;CH;0;0;415.0;2001;11,8472;2009;409;2009
4;13;69;69030;69030;Fara Filiorum Petri;;CH;0;0;1952.0;2001;14,9639;2009;1960;2009
4;13;69;69031;69031;Fara San Martino;;CH;0;0;1626.0;2001;44,6920;2009;1544;2009
4;13;69;69032;69032;Filetto;;CH;0;0;1119.0;2001;13,5326;2009;1047;2009
4;13;69;69033;69033;Fossacesia;;CH;0;0;5349.0;2001;30,1405;2009;6179;2009
4;13;69;69034;69034;Fraine;;CH;0;0;463.0;2001;16,0892;2009;406;2009
4;13;69;69035;69035;Francavilla al Mare;;CH;0;0;22883.0;2001;23,0890;2009;24090;2009
4;13;69;69036;69036;Fresagrandinaria;;CH;0;0;1088.0;2001;25,1473;2009;1121;2009
4;13;69;69037;69037;Frisa;;CH;0;0;1940.0;2001;11,4882;2009;1926;2009
4;13;69;69038;69038;Furci;;CH;0;0;1275.0;2001;25,9899;2009;1134;2009
4;13;69;69039;69039;Gamberale;;CH;0;0;394.0;2001;15,5592;2009;340;2009
4;13;69;69040;69040;Gessopalena;;CH;0;0;1694.0;2001;31,4704;2009;1634;2009
4;13;69;69041;69041;Gissi;;CH;0;0;3088.0;2001;36,6462;2009;3009;2009
4;13;69;69042;69042;Giuliano Teatino;;CH;0;0;1306.0;2001;9,8874;2009;1339;2009
4;13;69;69043;69043;Guardiagrele;;CH;0;0;9527.0;2001;56,5007;2009;9481;2009
4;13;69;69044;69044;Guilmi;;CH;0;0;520.0;2001;12,5630;2009;446;2009
4;13;69;69045;69045;Lama dei Peligni;;CH;0;0;1486.0;2001;31,3712;2009;1441;2009
4;13;69;69046;69046;Lanciano;;CH;0;0;35798.0;2001;66,9367;2009;36318;2009
4;13;69;69047;69047;Lentella;;CH;0;0;768.0;2001;12,6155;2009;738;2009
4;13;69;69048;69048;Lettopalena;;CH;0;0;409.0;2001;21,1288;2009;378;2009
4;13;69;69049;69049;Liscia;;CH;0;0;813.0;2001;8,1795;2009;748;2009
4;13;69;69050;69050;Miglianico;;CH;0;0;4503.0;2001;22,7343;2009;4819;2009
4;13;69;69051;69051;Montazzoli;;CH;0;0;1116.0;2001;39,4635;2009;1031;2009
4;13;69;69052;69052;Monteferrante;;CH;0;0;190.0;2001;15,2860;2009;155;2009
4;13;69;69053;69053;Montelapiano;;CH;0;0;107.0;2001;8,2680;2009;82;2009
4;13;69;69054;69054;Montenerodomo;;CH;0;0;936.0;2001;29,9988;2009;796;2009
4;13;69;69055;69055;Monteodorisio;;CH;0;0;2402.0;2001;25,2123;2009;2594;2009
4;13;69;69056;69056;Mozzagrogna;;CH;0;0;2060.0;2001;14,1033;2009;2230;2009
4;13;69;69057;69057;Orsogna;;CH;0;0;4050.0;2001;25,4460;2009;4110;2009
4;13;69;69058;69058;Ortona;;CH;0;0;22694.0;2001;70,8748;2009;23657;2009
4;13;69;69059;69059;Paglieta;;CH;0;0;4401.0;2001;33,7796;2009;4552;2009
4;13;69;69060;69060;Palena;;CH;0;0;1478.0;2001;93,6285;2009;1435;2009
4;13;69;69061;69061;Palmoli;;CH;0;0;1162.0;2001;32,7780;2009;1015;2009
4;13;69;69062;69062;Palombaro;;CH;0;0;1177.0;2001;17,1930;2009;1175;2009
4;13;69;69063;69063;Pennadomo;;CH;0;0;358.0;2001;11,0201;2009;326;2009
4;13;69;69064;69064;Pennapiedimonte;;CH;0;0;556.0;2001;47,0312;2009;517;2009
4;13;69;69065;69065;Perano;;CH;0;0;1656.0;2001;6,4826;2009;1678;2009
4;13;69;69066;69066;Pizzoferrato;;CH;0;0;1189.0;2001;30,9215;2009;1130;2009
4;13;69;69067;69067;Poggiofiorito;;CH;0;0;951.0;2001;9,9473;2009;986;2009
4;13;69;69068;69068;Pollutri;;CH;0;0;2345.0;2001;26,1679;2009;2336;2009
4;13;69;69069;69069;Pretoro;;CH;0;0;1107.0;2001;26,1258;2009;1042;2009
4;13;69;69070;69070;Quadri;;CH;0;0;943.0;2001;7,4451;2009;891;2009
4;13;69;69071;69071;Rapino;;CH;0;0;1433.0;2001;20,2985;2009;1419;2009
4;13;69;69072;69072;Ripa Teatina;;CH;0;0;3834.0;2001;20,1630;2009;4205;2009
4;13;69;69073;69073;Roccamontepiano;;CH;0;0;1965.0;2001;18,2198;2009;1840;2009
4;13;69;69074;69074;Rocca San Giovanni;;CH;0;0;2352.0;2001;21,6994;2009;2362;2009
4;13;69;69075;69075;Roccascalegna;;CH;0;0;1423.0;2001;23,0059;2009;1371;2009
4;13;69;69076;69076;Roccaspinalveti;;CH;0;0;1671.0;2001;33,0066;2009;1481;2009
4;13;69;69077;69077;Roio del Sangro;;CH;0;0;159.0;2001;11,8107;2009;118;2009
4;13;69;69078;69078;Rosello;;CH;0;0;342.0;2001;19,2314;2009;268;2009
4;13;69;69079;69079;San Buono;;CH;0;0;1202.0;2001;25,2691;2009;1043;2009
4;13;69;69080;69080;San Giovanni Lipioni;;CH;0;0;287.0;2001;8,6714;2009;230;2009
4;13;69;69081;69081;San Giovanni Teatino;;CH;0;0;10048.0;2001;17,7311;2009;12093;2009
4;13;69;69082;69082;San Martino sulla Marrucina;;CH;0;0;981.0;2001;7,4080;2009;1016;2009
4;13;69;69083;69083;San Salvo;;CH;0;0;17254.0;2001;19,6994;2009;18821;2009
4;13;69;69084;69084;Santa Maria Imbaro;;CH;0;0;1735.0;2001;5,7078;2009;1875;2009
4;13;69;69085;69085;Sant'Eusanio del Sangro;;CH;0;0;2451.0;2001;23,8274;2009;2470;2009
4;13;69;69086;69086;San Vito Chietino;;CH;0;0;4901.0;2001;17,0004;2009;5280;2009
4;13;69;69087;69087;Scerni;;CH;0;0;3704.0;2001;41,2546;2009;3509;2009
4;13;69;69088;69088;Schiavi di Abruzzo;;CH;0;0;1403.0;2001;45,5706;2009;1023;2009
4;13;69;69089;69089;Taranta Peligna;;CH;0;0;521.0;2001;21,8990;2009;456;2009
4;13;69;69090;69090;Tollo;;CH;0;0;4171.0;2001;14,9592;2009;4203;2009
4;13;69;69091;69091;Torino di Sangro;;CH;0;0;3079.0;2001;32,1177;2009;3120;2009
4;13;69;69092;69092;Tornareccio;;CH;0;0;1948.0;2001;27,5280;2009;1980;2009
4;13;69;69093;69093;Torrebruna;;CH;0;0;1173.0;2001;23,2887;2009;993;2009
4;13;69;69094;69094;Torrevecchia Teatina;;CH;0;0;3746.0;2001;14,6763;2009;4046;2009
4;13;69;69095;69095;Torricella Peligna;;CH;0;0;1587.0;2001;36,1148;2009;1473;2009
4;13;69;69096;69096;Treglio;;CH;0;0;1236.0;2001;4,8822;2009;1582;2009
4;13;69;69097;69097;Tufillo;;CH;0;0;564.0;2001;21,4397;2009;493;2009
4;13;69;69098;69098;Vacri;;CH;0;0;1756.0;2001;12,2727;2009;1750;2009
4;13;69;69099;69099;Vasto;;CH;0;0;35362.0;2001;71,3451;2009;39148;2009
4;13;69;69100;69100;Villalfonsina;;CH;0;0;1062.0;2001;9,1285;2009;1010;2009
4;13;69;69101;69101;Villamagna;;CH;0;0;2448.0;2001;12,7323;2009;2445;2009
4;13;69;69102;69102;Villa Santa Maria;;CH;0;0;1479.0;2001;16,2301;2009;1460;2009
4;13;69;69103;69103;Pietraferrazzana;;CH;0;0;152.0;2001;4,3673;2009;135;2009
4;13;69;69104;69104;Fallo;;CH;0;0;162.0;2001;6,0991;2009;153;2009
4;14;70;70001;70001;Acquaviva Collecroce;;CB;0;0;800.0;2001;28,5994;2009;715;2009
4;14;70;70002;70002;Baranello;;CB;0;0;2653.0;2001;24,9948;2009;2737;2009
4;14;70;70003;70003;Bojano;;CB;0;0;8312.0;2001;52,6291;2009;8012;2009
4;14;70;70004;70004;Bonefro;;CB;0;0;1873.0;2001;31,2797;2009;1542;2009
4;14;70;70005;70005;Busso;;CB;0;0;1412.0;2001;23,8100;2009;1411;2009
4;14;70;70006;70006;Campobasso;;CB;1;1;50762.0;2001;56,1117;2009;49306;2009
4;14;70;70007;70007;Campochiaro;;CB;0;0;634.0;2001;35,6986;2009;640;2009
4;14;70;70008;70008;Campodipietra;;CB;0;0;2061.0;2001;19,7216;2009;2538;2009
4;14;70;70009;70009;Campolieto;;CB;0;0;1062.0;2001;24,4253;2009;964;2009
4;14;70;70010;70010;Campomarino;;CB;0;0;6310.0;2001;76,6792;2009;7037;2009
4;14;70;70011;70011;Casacalenda;;CB;0;0;2440.0;2001;67,2766;2009;2232;2009
4;14;70;70012;70012;Casalciprano;;CB;0;0;635.0;2001;19,0650;2009;579;2009
4;14;70;70013;70013;Castelbottaccio;;CB;0;0;422.0;2001;11,2234;2009;368;2009
4;14;70;70014;70014;Castellino del Biferno;;CB;0;0;673.0;2001;15,5442;2009;625;2009
4;14;70;70015;70015;Castelmauro;;CB;0;0;1902.0;2001;43,6192;2009;1693;2009
4;14;70;70016;70016;Castropignano;;CB;0;0;1147.0;2001;26,9573;2009;1053;2009
4;14;70;70017;70017;Cercemaggiore;;CB;0;0;4272.0;2001;56,9074;2009;3970;2009
4;14;70;70018;70018;Cercepiccola;;CB;0;0;727.0;2001;16,7934;2009;698;2009
4;14;70;70019;70019;Civitacampomarano;;CB;0;0;676.0;2001;38,8931;2009;514;2009
4;14;70;70020;70020;Colle d'Anchise;;CB;0;0;818.0;2001;15,6946;2009;809;2009
4;14;70;70021;70021;Colletorto;;CB;0;0;2474.0;2001;35,9089;2009;2163;2009
4;14;70;70022;70022;Duronia;;CB;0;0;507.0;2001;22,4682;2009;465;2009
4;14;70;70023;70023;Ferrazzano;;CB;0;0;3165.0;2001;16,7725;2009;3303;2009
4;14;70;70024;70024;Fossalto;;CB;0;0;1619.0;2001;28,3232;2009;1544;2009
4;14;70;70025;70025;Gambatesa;;CB;0;0;1737.0;2001;43,6806;2009;1516;2009
4;14;70;70026;70026;Gildone;;CB;0;0;859.0;2001;29,7549;2009;841;2009
4;14;70;70027;70027;Guardialfiera;;CB;0;0;1171.0;2001;43,5262;2009;1122;2009
4;14;70;70028;70028;Guardiaregia;;CB;0;0;783.0;2001;43,7148;2009;779;2009
4;14;70;70029;70029;Guglionesi;;CB;0;0;5156.0;2001;100,9461;2009;5441;2009
4;14;70;70030;70030;Jelsi;;CB;0;0;1917.0;2001;28,7729;2009;1851;2009
4;14;70;70031;70031;Larino;;CB;0;0;7078.0;2001;88,7654;2009;7172;2009
4;14;70;70032;70032;Limosano;;CB;0;0;926.0;2001;28,2663;2009;853;2009
4;14;70;70033;70033;Lucito;;CB;0;0;959.0;2001;31,5626;2009;761;2009
4;14;70;70034;70034;Lupara;;CB;0;0;651.0;2001;25,8725;2009;566;2009
4;14;70;70035;70035;Macchia Valfortore;;CB;0;0;757.0;2001;26,7288;2009;638;2009
4;14;70;70036;70036;Mafalda;;CB;0;0;1340.0;2001;32,5076;2009;1288;2009
4;14;70;70037;70037;Matrice;;CB;0;0;1067.0;2001;20,4209;2009;1072;2009
4;14;70;70038;70038;Mirabello Sannitico;;CB;0;0;1812.0;2001;21,4271;2009;2089;2009
4;14;70;70039;70039;Molise;;CB;0;0;186.0;2001;5,2000;2009;167;2009
4;14;70;70040;70040;Monacilioni;;CB;0;0;680.0;2001;27,2140;2009;597;2009
4;14;70;70041;70041;Montagano;;CB;0;0;1248.0;2001;26,6234;2009;1160;2009
4;14;70;70042;70042;Montecilfone;;CB;0;0;1588.0;2001;22,9189;2009;1462;2009
4;14;70;70043;70043;Montefalcone nel Sannio;;CB;0;0;1866.0;2001;32,5679;2009;1686;2009
4;14;70;70044;70044;Montelongo;;CB;0;0;490.0;2001;12,7629;2009;414;2009
4;14;70;70045;70045;Montemitro;;CB;0;0;468.0;2001;16,2909;2009;478;2009
4;14;70;70046;70046;Montenero di Bisaccia;;CB;0;0;6698.0;2001;93,3143;2009;6669;2009
4;14;70;70047;70047;Montorio nei Frentani;;CB;0;0;562.0;2001;31,6630;2009;474;2009
4;14;70;70048;70048;Morrone del Sannio;;CB;0;0;757.0;2001;45,8402;2009;660;2009
4;14;70;70049;70049;Oratino;;CB;0;0;1289.0;2001;17,8848;2009;1464;2009
4;14;70;70050;70050;Palata;;CB;0;0;1940.0;2001;43,8180;2009;1806;2009
4;14;70;70051;70051;Petacciato;;CB;0;0;3406.0;2001;35,4006;2009;3609;2009
4;14;70;70052;70052;Petrella Tifernina;;CB;0;0;1305.0;2001;26,5151;2009;1244;2009
4;14;70;70053;70053;Pietracatella;;CB;0;0;1600.0;2001;50,2809;2009;1476;2009
4;14;70;70054;70054;Pietracupa;;CB;0;0;259.0;2001;10,0790;2009;242;2009
4;14;70;70055;70055;Portocannone;;CB;0;0;2544.0;2001;13,1133;2009;2538;2009
4;14;70;70056;70056;Provvidenti;;CB;0;0;166.0;2001;14,0324;2009;130;2009
4;14;70;70057;70057;Riccia;;CB;0;0;5701.0;2001;70,0357;2009;5478;2009
4;14;70;70058;70058;Ripabottoni;;CB;0;0;673.0;2001;31,9604;2009;569;2009
4;14;70;70059;70059;Ripalimosani;;CB;0;0;2588.0;2001;33,8271;2009;2919;2009
4;14;70;70060;70060;Roccavivara;;CB;0;0;954.0;2001;21,0445;2009;869;2009
4;14;70;70061;70061;Rotello;;CB;0;0;1309.0;2001;70,7348;2009;1258;2009
4;14;70;70062;70062;Salcito;;CB;0;0;620.0;2001;28,2695;2009;703;2009
4;14;70;70063;70063;San Biase;;CB;0;0;271.0;2001;11,8460;2009;219;2009
4;14;70;70064;70064;San Felice del Molise;;CB;0;0;813.0;2001;24,3717;2009;700;2009
4;14;70;70065;70065;San Giacomo degli Schiavoni;;CB;0;0;1111.0;2001;11,0823;2009;1392;2009
4;14;70;70066;70066;San Giovanni in Galdo;;CB;0;0;669.0;2001;19,4484;2009;652;2009
4;14;70;70067;70067;San Giuliano del Sannio;;CB;0;0;1076.0;2001;24,0509;2009;1059;2009
4;14;70;70068;70068;San Giuliano di Puglia;;CB;0;0;1163.0;2001;42,0482;2009;1116;2009
4;14;70;70069;70069;San Martino in Pensilis;;CB;0;0;4824.0;2001;100,6525;2009;4892;2009
4;14;70;70070;70070;San Massimo;;CB;0;0;723.0;2001;27,3294;2009;792;2009
4;14;70;70071;70071;San Polo Matese;;CB;0;0;445.0;2001;15,2836;2009;482;2009
4;14;70;70072;70072;Santa Croce di Magliano;;CB;0;0;4935.0;2001;53,3656;2009;4768;2009
4;14;70;70073;70073;Sant'Angelo Limosano;;CB;0;0;397.0;2001;16,8688;2009;347;2009
4;14;70;70074;70074;Sant'Elia a Pianisi;;CB;0;0;2279.0;2001;68,2474;2009;1948;2009
4;14;70;70075;70075;Sepino;;CB;0;0;2177.0;2001;61,3689;2009;2040;2009
4;14;70;70076;70076;Spinete;;CB;0;0;1432.0;2001;17,8338;2009;1404;2009
4;14;70;70077;70077;Tavenna;;CB;0;0;995.0;2001;21,9697;2009;853;2009
4;14;70;70078;70078;Termoli;;CB;0;0;30255.0;2001;55,6342;2009;32361;2009
4;14;70;70079;70079;Torella del Sannio;;CB;0;0;897.0;2001;16,7316;2009;808;2009
4;14;70;70080;70080;Toro;;CB;0;0;1538.0;2001;24,0582;2009;1497;2009
4;14;70;70081;70081;Trivento;;CB;0;0;5313.0;2001;73,7013;2009;4914;2009
4;14;70;70082;70082;Tufara;;CB;0;0;1120.0;2001;35,5110;2009;1008;2009
4;14;70;70083;70083;Ururi;;CB;0;0;3070.0;2001;31,6495;2009;2826;2009
4;14;70;70084;70084;Vinchiaturo;;CB;0;0;2780.0;2001;35,4777;2009;3113;2009
4;16;71;71001;71001;Accadia;;FG;0;0;2702.0;2001;30,7358;2009;2464;2009
4;16;71;71002;71002;Alberona;;FG;0;0;1134.0;2001;49,7439;2009;1010;2009
4;16;71;71003;71003;Anzano di Puglia;;FG;0;0;2239.0;2001;11,0115;2009;1859;2009
4;16;71;71004;71004;Apricena;;FG;0;0;13647.0;2001;172,5018;2009;13599;2009
4;16;71;71005;71005;Ascoli Satriano;;FG;0;0;6373.0;2001;336,6659;2009;6262;2009
4;16;71;71006;71006;Biccari;;FG;0;0;3070.0;2001;106,6445;2009;2886;2009
4;16;71;71007;71007;Bovino;;FG;0;0;3991.0;2001;84,9296;2009;3613;2009
4;16;71;71008;71008;Cagnano Varano;;FG;0;0;8617.0;2001;166,8365;2009;7706;2009
4;16;71;71009;71009;Candela;;FG;0;0;2823.0;2001;96,8068;2009;2717;2009
4;16;71;71010;71010;Carapelle;;FG;0;0;5905.0;2001;25,0009;2009;6350;2009
4;16;71;71011;71011;Carlantino;;FG;0;0;1294.0;2001;34,7074;2009;1098;2009
4;16;71;71012;71012;Carpino;;FG;0;0;4704.0;2001;80,0494;2009;4379;2009
4;16;71;71013;71013;Casalnuovo Monterotaro;;FG;0;0;1954.0;2001;48,3631;2009;1738;2009
4;16;71;71014;71014;Casalvecchio di Puglia;;FG;0;0;2167.0;2001;31,9320;2009;1988;2009
4;16;71;71015;71015;Castelluccio dei Sauri;;FG;0;0;1951.0;2001;51,4735;2009;2110;2009
4;16;71;71016;71016;Castelluccio Valmaggiore;;FG;0;0;1469.0;2001;26,7861;2009;1364;2009
4;16;71;71017;71017;Castelnuovo della Daunia;;FG;0;0;1763.0;2001;61,4839;2009;1610;2009
4;16;71;71018;71018;Celenza Valfortore;;FG;0;0;1990.0;2001;65,4215;2009;1781;2009
4;16;71;71019;71019;Celle di San Vito;;FG;0;0;186.0;2001;18,4134;2009;183;2009
4;16;71;71020;71020;Cerignola;;FG;0;0;57366.0;2001;593,9166;2009;59269;2009
4;16;71;71021;71021;Chieuti;;FG;0;0;1788.0;2001;61,5121;2009;1750;2009
4;16;71;71022;71022;Deliceto;;FG;0;0;4117.0;2001;75,8518;2009;4001;2009
4;16;71;71023;71023;Faeto;;FG;0;0;758.0;2001;26,0933;2009;670;2009
4;16;71;71024;71024;Foggia;;FG;1;0;155203.0;2001;509,2566;2009;152821;2009
4;16;71;71025;71025;Ischitella;;FG;0;0;4562.0;2001;85,4612;2009;4406;2009
4;16;71;71026;71026;Isole Tremiti;;FG;0;0;367.0;2001;3,1780;2009;502;2009
4;16;71;71027;71027;Lesina;;FG;0;0;6286.0;2001;160,1530;2009;6417;2009
4;16;71;71028;71028;Lucera;;FG;0;0;35162.0;2001;339,7874;2009;34607;2009
4;16;71;71029;71029;Manfredonia;;FG;0;0;57704.0;2001;354,5385;2009;57197;2009
4;16;71;71031;71031;Mattinata;;FG;0;0;6333.0;2001;73,4798;2009;6529;2009
4;16;71;71032;71032;Monteleone di Puglia;;FG;0;0;1413.0;2001;36,4110;2009;1161;2009
4;16;71;71033;71033;Monte Sant'Angelo;;FG;0;0;13917.0;2001;245,1262;2009;13226;2009
4;16;71;71034;71034;Motta Montecorvino;;FG;0;0;951.0;2001;19,9409;2009;822;2009
4;16;71;71035;71035;Orsara di Puglia;;FG;0;0;3313.0;2001;83,0111;2009;3003;2009
4;16;71;71036;71036;Orta Nova;;FG;0;0;17665.0;2001;105,2363;2009;17699;2009
4;16;71;71037;71037;Panni;;FG;0;0;976.0;2001;32,7028;2009;889;2009
4;16;71;71038;71038;Peschici;;FG;0;0;4339.0;2001;49,3899;2009;4370;2009
4;16;71;71039;71039;Pietramontecorvino;;FG;0;0;2972.0;2001;71,6447;2009;2752;2009
4;16;71;71040;71040;Poggio Imperiale;;FG;0;0;2891.0;2001;52,8824;2009;2847;2009
4;16;71;71041;71041;Rignano Garganico;;FG;0;0;2309.0;2001;89,3969;2009;2190;2009
4;16;71;71042;71042;Rocchetta Sant'Antonio;;FG;0;0;2034.0;2001;72,4523;2009;1976;2009
4;16;71;71043;71043;Rodi Garganico;;FG;0;0;3778.0;2001;13,4475;2009;3733;2009
4;16;71;71044;71044;Roseto Valfortore;;FG;0;0;1316.0;2001;50,0557;2009;1230;2009
4;16;71;71046;71046;San Giovanni Rotondo;;FG;0;0;26106.0;2001;261,8797;2009;27234;2009
4;16;71;71047;71047;San Marco in Lamis;;FG;0;0;15739.0;2001;234,1945;2009;14620;2009
4;16;71;71048;71048;San Marco la Catola;;FG;0;0;1515.0;2001;28,6222;2009;1132;2009
4;16;71;71049;71049;San Nicandro Garganico;;FG;0;0;18074.0;2001;173,3583;2009;16106;2009
4;16;71;71050;71050;San Paolo di Civitate;;FG;0;0;6119.0;2001;91,1599;2009;6047;2009
4;16;71;71051;71051;San Severo;;FG;0;0;55861.0;2001;336,3054;2009;55345;2009
4;16;71;71052;71052;Sant'Agata di Puglia;;FG;0;0;2321.0;2001;116,1368;2009;2200;2009
4;16;71;71053;71053;Serracapriola;;FG;0;0;4356.0;2001;143,3592;2009;4149;2009
4;16;71;71054;71054;Stornara;;FG;0;0;4739.0;2001;33,8631;2009;5112;2009
4;16;71;71055;71055;Stornarella;;FG;0;0;5032.0;2001;33,8123;2009;5160;2009
4;16;71;71056;71056;Torremaggiore;;FG;0;0;17021.0;2001;210,0124;2009;17323;2009
4;16;71;71058;71058;Troia;;FG;0;0;7495.0;2001;168,2461;2009;7412;2009
4;16;71;71059;71059;Vico del Gargano;;FG;0;0;8107.0;2001;111,0817;2009;8014;2009
4;16;71;71060;71060;Vieste;;FG;0;0;13430.0;2001;169,1883;2009;13790;2009
4;16;71;71061;71061;Volturara Appula;;FG;0;0;595.0;2001;51,9910;2009;500;2009
4;16;71;71062;71062;Volturino;;FG;0;0;1992.0;2001;58,3470;2009;1829;2009
4;16;71;71063;71063;Ordona;;FG;0;0;2584.0;2001;39,5672;2009;2639;2009
4;16;71;71064;71064;Zapponeta;;FG;0;0;3013.0;2001;41,7455;2009;3357;2009
4;16;72;72001;72001;Acquaviva delle Fonti;;BA;0;0;21613.0;2001;132,0240;2009;21220;2009
4;16;72;72002;72002;Adelfia;;BA;0;0;16245.0;2001;29,8140;2009;17214;2009
4;16;72;72003;72003;Alberobello;;BA;0;0;10859.0;2001;40,8228;2009;10980;2009
4;16;72;72004;72004;Altamura;;BA;0;0;64167.0;2001;431,3698;2009;69204;2009
4;16;72;72006;72006;Bari;;BA;1;1;316532.0;2001;117,3866;2009;317177;2009
4;16;72;72008;72008;Binetto;;BA;0;0;1934.0;2001;17,6534;2009;2082;2009
4;16;72;72010;72010;Bitetto;;BA;0;0;10153.0;2001;33,9455;2009;11562;2009
4;16;72;72011;72011;Bitonto;;BA;0;0;56929.0;2001;174,3373;2009;56443;2009
4;16;72;72012;72012;Bitritto;;BA;0;0;9827.0;2001;17,9814;2009;10741;2009
4;16;72;72014;72014;Capurso;;BA;0;0;14376.0;2001;15,1383;2009;15229;2009
4;16;72;72015;72015;Casamassima;;BA;0;0;16734.0;2001;78,4316;2009;18796;2009
4;16;72;72016;72016;Cassano delle Murge;;BA;0;0;11958.0;2001;90,1980;2009;14068;2009
4;16;72;72017;72017;Castellana Grotte;;BA;0;0;18276.0;2001;69,1283;2009;19377;2009
4;16;72;72018;72018;Cellamare;;BA;0;0;4683.0;2001;5,9108;2009;5794;2009
4;16;72;72019;72019;Conversano;;BA;0;0;24071.0;2001;128,4205;2009;25489;2009
4;16;72;72020;72020;Corato;;BA;0;0;44971.0;2001;169,3438;2009;47672;2009
4;16;72;72021;72021;Gioia del Colle;;BA;0;0;27655.0;2001;208,9365;2009;28041;2009
4;16;72;72022;72022;Giovinazzo;;BA;0;0;20300.0;2001;44,2978;2009;20494;2009
4;16;72;72023;72023;Gravina in Puglia;;BA;0;0;42154.0;2001;384,7093;2009;44108;2009
4;16;72;72024;72024;Grumo Appula;;BA;0;0;12431.0;2001;81,3018;2009;13107;2009
4;16;72;72025;72025;Locorotondo;;BA;0;0;13928.0;2001;48,1847;2009;14177;2009
4;16;72;72027;72027;Modugno;;BA;0;0;35980.0;2001;32,2430;2009;38301;2009
4;16;72;72028;72028;Mola di Bari;;BA;0;0;25919.0;2001;50,9395;2009;26353;2009
4;16;72;72029;72029;Molfetta;;BA;0;0;62546.0;2001;58,9735;2009;60095;2009
4;16;72;72030;72030;Monopoli;;BA;0;0;46708.0;2001;157,8895;2009;49168;2009
4;16;72;72031;72031;Noci;;BA;0;0;19564.0;2001;150,5995;2009;19431;2009
4;16;72;72032;72032;Noicattaro;;BA;0;0;23686.0;2001;40,7924;2009;25540;2009
4;16;72;72033;72033;Palo del Colle;;BA;0;0;20852.0;2001;79,7127;2009;21667;2009
4;16;72;72034;72034;Poggiorsini;;BA;0;0;1517.0;2001;43,4440;2009;1443;2009
4;16;72;72035;72035;Polignano a Mare;;BA;0;0;16367.0;2001;63,0856;2009;17477;2009
4;16;72;72036;72036;Putignano;;BA;0;0;28176.0;2001;100,1539;2009;27433;2009
4;16;72;72037;72037;Rutigliano;;BA;0;0;17559.0;2001;53,8524;2009;18251;2009
4;16;72;72038;72038;Ruvo di Puglia;;BA;0;0;25741.0;2001;223,8250;2009;25774;2009
4;16;72;72039;72039;Sammichele di Bari;;BA;0;0;6965.0;2001;34,2338;2009;6797;2009
4;16;72;72040;72040;Sannicandro di Bari;;BA;0;0;9369.0;2001;56,7932;2009;9726;2009
4;16;72;72041;72041;Santeramo in Colle;;BA;0;0;26050.0;2001;144,8496;2009;26687;2009
4;16;72;72043;72043;Terlizzi;;BA;0;0;27532.0;2001;69,2299;2009;27344;2009
4;16;72;72044;72044;Toritto;;BA;0;0;8916.0;2001;75,3505;2009;8640;2009
4;16;72;72046;72046;Triggiano;;BA;0;0;26312.0;2001;20,1053;2009;27651;2009
4;16;72;72047;72047;Turi;;BA;0;0;11319.0;2001;71,4004;2009;12248;2009
4;16;72;72048;72048;Valenzano;;BA;0;0;17164.0;2001;15,9785;2009;18411;2009
4;16;73;73001;73001;Avetrana;;TA;0;0;7303.0;2001;74,1713;2009;7116;2009
4;16;73;73002;73002;Carosino;;TA;0;0;6070.0;2001;10,9348;2009;6658;2009
4;16;73;73003;73003;Castellaneta;;TA;0;0;17393.0;2001;242,3131;2009;17296;2009
4;16;73;73004;73004;Crispiano;;TA;0;0;12973.0;2001;112,3008;2009;13637;2009
4;16;73;73005;73005;Faggiano;;TA;0;0;3513.0;2001;21,0639;2009;3538;2009
4;16;73;73006;73006;Fragagnano;;TA;0;0;5639.0;2001;22,4123;2009;5465;2009
4;16;73;73007;73007;Ginosa;;TA;0;0;22146.0;2001;188,4860;2009;22667;2009
4;16;73;73008;73008;Grottaglie;;TA;0;0;31894.0;2001;102,1218;2009;32786;2009
4;16;73;73009;73009;Laterza;;TA;0;0;14996.0;2001;161,1633;2009;15194;2009
4;16;73;73010;73010;Leporano;;TA;0;0;5810.0;2001;15,3285;2009;7728;2009
4;16;73;73011;73011;Lizzano;;TA;0;0;10195.0;2001;47,1773;2009;10243;2009
4;16;73;73012;73012;Manduria;;TA;0;0;31747.0;2001;180,4088;2009;31770;2009
4;16;73;73013;73013;Martina Franca;;TA;0;0;48756.0;2001;298,7197;2009;49634;2009
4;16;73;73014;73014;Maruggio;;TA;0;0;5386.0;2001;49,0687;2009;5540;2009
4;16;73;73015;73015;Massafra;;TA;0;0;30923.0;2001;127,9936;2009;32202;2009
4;16;73;73016;73016;Monteiasi;;TA;0;0;5199.0;2001;9,7458;2009;5498;2009
4;16;73;73017;73017;Montemesola;;TA;0;0;4277.0;2001;16,4326;2009;4173;2009
4;16;73;73018;73018;Monteparano;;TA;0;0;2411.0;2001;3,8487;2009;2396;2009
4;16;73;73019;73019;Mottola;;TA;0;0;16575.0;2001;213,9598;2009;16310;2009
4;16;73;73020;73020;Palagianello;;TA;0;0;7483.0;2001;43,8622;2009;7919;2009
4;16;73;73021;73021;Palagiano;;TA;0;0;15815.0;2001;69,9626;2009;15967;2009
4;16;73;73022;73022;Pulsano;;TA;0;0;10240.0;2001;18,2689;2009;10876;2009
4;16;73;73023;73023;Roccaforzata;;TA;0;0;1756.0;2001;6,2198;2009;1843;2009
4;16;73;73024;73024;San Giorgio Ionico;;TA;0;0;15613.0;2001;23,5594;2009;16013;2009
4;16;73;73025;73025;San Marzano di San Giuseppe;;TA;0;0;8830.0;2001;19,1945;2009;9219;2009
4;16;73;73026;73026;Sava;;TA;0;0;16163.0;2001;44,5688;2009;16737;2009
4;16;73;73027;73027;Taranto;;TA;1;0;202033.0;2001;249,8686;2009;201689;2009
4;16;73;73028;73028;Torricella;;TA;0;0;4082.0;2001;26,9250;2009;4248;2009
4;16;73;73029;73029;Statte;;TA;0;0;14585.0;2001;67,3199;2009;14498;2009
4;16;74;74001;74001;Brindisi;;BR;1;0;89081.0;2001;332,6281;2009;89256;2009
4;16;74;74002;74002;Carovigno;;BR;0;0;14960.0;2001;106,6181;2009;16086;2009
4;16;74;74003;74003;Ceglie Messapica;;BR;0;0;21370.0;2001;132,0197;2009;20656;2009
4;16;74;74004;74004;Cellino San Marco;;BR;0;0;6818.0;2001;37,8391;2009;6806;2009
4;16;74;74005;74005;Cisternino;;BR;0;0;12078.0;2001;54,1692;2009;11911;2009
4;16;74;74006;74006;Erchie;;BR;0;0;8740.0;2001;44,6282;2009;9004;2009
4;16;74;74007;74007;Fasano;;BR;0;0;38667.0;2001;131,7138;2009;39167;2009
4;16;74;74008;74008;Francavilla Fontana;;BR;0;0;36274.0;2001;177,9382;2009;36933;2009
4;16;74;74009;74009;Latiano;;BR;0;0;15371.0;2001;55,3816;2009;15167;2009
4;16;74;74010;74010;Mesagne;;BR;0;0;27587.0;2001;124,0523;2009;27632;2009
4;16;74;74011;74011;Oria;;BR;0;0;15209.0;2001;83,6670;2009;15346;2009
4;16;74;74012;74012;Ostuni;;BR;0;0;32901.0;2001;225,5568;2009;32508;2009
4;16;74;74013;74013;San Donaci;;BR;0;0;7117.0;2001;34,0438;2009;7071;2009
4;16;74;74014;74014;San Michele Salentino;;BR;0;0;6248.0;2001;26,5347;2009;6383;2009
4;16;74;74015;74015;San Pancrazio Salentino;;BR;0;0;10551.0;2001;56,6771;2009;10371;2009
4;16;74;74016;74016;San Pietro Vernotico;;BR;0;0;15004.0;2001;46,9404;2009;14475;2009
4;16;74;74017;74017;San Vito dei Normanni;;BR;0;0;20070.0;2001;67,0790;2009;19889;2009
4;16;74;74018;74018;Torchiarolo;;BR;0;0;5127.0;2001;32,3365;2009;5372;2009
4;16;74;74019;74019;Torre Santa Susanna;;BR;0;0;10614.0;2001;55,7635;2009;10728;2009
4;16;74;74020;74020;Villa Castelli;;BR;0;0;8635.0;2001;35,1454;2009;9203;2009
4;16;75;75001;75001;Acquarica del Capo;;LE;0;0;4734.0;2001;18,6992;2009;4986;2009
4;16;75;75002;75002;Alessano;;LE;0;0;6556.0;2001;28,6922;2009;6555;2009
4;16;75;75003;75003;Alezio;;LE;0;0;5084.0;2001;16,7894;2009;5562;2009
4;16;75;75004;75004;Alliste;;LE;0;0;6054.0;2001;23,5298;2009;6652;2009
4;16;75;75005;75005;Andrano;;LE;0;0;5160.0;2001;15,7115;2009;5059;2009
4;16;75;75006;75006;Aradeo;;LE;0;0;9676.0;2001;8,5803;2009;9817;2009
4;16;75;75007;75007;Arnesano;;LE;0;0;3453.0;2001;13,5614;2009;3926;2009
4;16;75;75008;75008;Bagnolo del Salento;;LE;0;0;1858.0;2001;6,7446;2009;1881;2009
4;16;75;75009;75009;Botrugno;;LE;0;0;3046.0;2001;9,7498;2009;2924;2009
4;16;75;75010;75010;Calimera;;LE;0;0;7302.0;2001;11,1805;2009;7317;2009
4;16;75;75011;75011;Campi Salentina;;LE;0;0;11242.0;2001;45,8784;2009;10837;2009
4;16;75;75012;75012;Cannole;;LE;0;0;1765.0;2001;20,3483;2009;1778;2009
4;16;75;75013;75013;Caprarica di Lecce;;LE;0;0;2813.0;2001;10,7075;2009;2573;2009
4;16;75;75014;75014;Carmiano;;LE;0;0;12160.0;2001;24,2407;2009;12318;2009
4;16;75;75015;75015;Carpignano Salentino;;LE;0;0;3843.0;2001;48,9867;2009;3881;2009
4;16;75;75016;75016;Casarano;;LE;0;0;20579.0;2001;38,7274;2009;20562;2009
4;16;75;75017;75017;Castri di Lecce;;LE;0;0;3112.0;2001;12,9451;2009;3079;2009
4;16;75;75018;75018;Castrignano de' Greci;;LE;0;0;4107.0;2001;9,6247;2009;4124;2009
4;16;75;75019;75019;Castrignano del Capo;;LE;0;0;5474.0;2001;20,7690;2009;5434;2009
4;16;75;75020;75020;Cavallino;;LE;0;0;10621.0;2001;22,6541;2009;12135;2009
4;16;75;75021;75021;Collepasso;;LE;0;0;6691.0;2001;12,7891;2009;6476;2009
4;16;75;75022;75022;Copertino;;LE;0;0;22294.0;2001;58,5310;2009;24272;2009
4;16;75;75023;75023;Corigliano d'Otranto;;LE;0;0;5633.0;2001;28,4131;2009;5826;2009
4;16;75;75024;75024;Corsano;;LE;0;0;5735.0;2001;9,1202;2009;5742;2009
4;16;75;75025;75025;Cursi;;LE;0;0;4122.0;2001;8,3572;2009;4284;2009
4;16;75;75026;75026;Cutrofiano;;LE;0;0;9089.0;2001;56,8067;2009;9213;2009
4;16;75;75027;75027;Diso;;LE;0;0;3298.0;2001;11,4239;2009;3179;2009
4;16;75;75028;75028;Gagliano del Capo;;LE;0;0;5660.0;2001;16,5982;2009;5534;2009
4;16;75;75029;75029;Galatina;;LE;0;0;28081.0;2001;82,6471;2009;27329;2009
4;16;75;75030;75030;Galatone;;LE;0;0;15895.0;2001;47,0766;2009;15825;2009
4;16;75;75031;75031;Gallipoli;;LE;0;0;20266.0;2001;41,2142;2009;20991;2009
4;16;75;75032;75032;Giuggianello;;LE;0;0;1286.0;2001;10,2664;2009;1243;2009
4;16;75;75033;75033;Giurdignano;;LE;0;0;1793.0;2001;14,0434;2009;1895;2009
4;16;75;75034;75034;Guagnano;;LE;0;0;6193.0;2001;38,0292;2009;5990;2009
4;16;75;75035;75035;Lecce;;LE;1;0;83303.0;2001;240,9964;2009;93093;2009
4;16;75;75036;75036;Lequile;;LE;0;0;7946.0;2001;36,8051;2009;8525;2009
4;16;75;75037;75037;Leverano;;LE;0;0;13914.0;2001;49,5021;2009;14149;2009
4;16;75;75038;75038;Lizzanello;;LE;0;0;10161.0;2001;25,4167;2009;11682;2009
4;16;75;75039;75039;Maglie;;LE;0;0;15255.0;2001;22,6639;2009;14962;2009
4;16;75;75040;75040;Martano;;LE;0;0;9516.0;2001;22,2479;2009;9482;2009
4;16;75;75041;75041;Martignano;;LE;0;0;1770.0;2001;6,4921;2009;1791;2009
4;16;75;75042;75042;Matino;;LE;0;0;11615.0;2001;26,6288;2009;11831;2009
4;16;75;75043;75043;Melendugno;;LE;0;0;9307.0;2001;92,3098;2009;9892;2009
4;16;75;75044;75044;Melissano;;LE;0;0;7448.0;2001;12,5488;2009;7367;2009
4;16;75;75045;75045;Melpignano;;LE;0;0;2209.0;2001;11,1027;2009;2243;2009
4;16;75;75046;75046;Miggiano;;LE;0;0;3753.0;2001;7,7990;2009;3710;2009
4;16;75;75047;75047;Minervino di Lecce;;LE;0;0;3949.0;2001;18,1286;2009;3835;2009
4;16;75;75048;75048;Monteroni di Lecce;;LE;0;0;13677.0;2001;16,7430;2009;13974;2009
4;16;75;75049;75049;Montesano Salentino;;LE;0;0;2765.0;2001;8,5283;2009;2738;2009
4;16;75;75050;75050;Morciano di Leuca;;LE;0;0;3512.0;2001;13,5676;2009;3493;2009
4;16;75;75051;75051;Muro Leccese;;LE;0;0;5267.0;2001;16,7672;2009;5134;2009
4;16;75;75052;75052;Nardò;;LE;0;0;30520.0;2001;193,2404;2009;31840;2009
4;16;75;75053;75053;Neviano;;LE;0;0;5925.0;2001;16,3020;2009;5564;2009
4;16;75;75054;75054;Nociglia;;LE;0;0;2669.0;2001;11,1266;2009;2507;2009
4;16;75;75055;75055;Novoli;;LE;0;0;8484.0;2001;18,0767;2009;8214;2009
4;16;75;75056;75056;Ortelle;;LE;0;0;2489.0;2001;10,2249;2009;2432;2009
4;16;75;75057;75057;Otranto;;LE;0;0;5282.0;2001;77,1936;2009;5615;2009
4;16;75;75058;75058;Palmariggi;;LE;0;0;1603.0;2001;8,9724;2009;1576;2009
4;16;75;75059;75059;Parabita;;LE;0;0;9557.0;2001;21,0919;2009;9429;2009
4;16;75;75060;75060;Patù;;LE;0;0;1747.0;2001;8,6891;2009;1733;2009
4;16;75;75061;75061;Poggiardo;;LE;0;0;6075.0;2001;19,9595;2009;6109;2009
4;16;75;75062;75062;Presicce;;LE;0;0;5629.0;2001;24,3605;2009;5637;2009
4;16;75;75063;75063;Racale;;LE;0;0;10321.0;2001;24,2879;2009;10849;2009
4;16;75;75064;75064;Ruffano;;LE;0;0;9530.0;2001;39,7266;2009;9839;2009
4;16;75;75065;75065;Salice Salentino;;LE;0;0;8863.0;2001;59,8722;2009;8779;2009
4;16;75;75066;75066;Salve;;LE;0;0;4556.0;2001;33,0704;2009;4730;2009
4;16;75;75067;75067;Sanarica;;LE;0;0;1446.0;2001;13,0223;2009;1488;2009
4;16;75;75068;75068;San Cesario di Lecce;;LE;0;0;7357.0;2001;8,0888;2009;8215;2009
4;16;75;75069;75069;San Donato di Lecce;;LE;0;0;5718.0;2001;21,5773;2009;5880;2009
4;16;75;75070;75070;Sannicola;;LE;0;0;6152.0;2001;27,6434;2009;5942;2009
4;16;75;75071;75071;San Pietro in Lama;;LE;0;0;3733.0;2001;8,1975;2009;3652;2009
4;16;75;75072;75072;Santa Cesarea Terme;;LE;0;0;3095.0;2001;26,8241;2009;3091;2009
4;16;75;75073;75073;Scorrano;;LE;0;0;6755.0;2001;35,3303;2009;6994;2009
4;16;75;75074;75074;Seclì;;LE;0;0;1909.0;2001;8,7759;2009;1948;2009
4;16;75;75075;75075;Sogliano Cavour;;LE;0;0;4078.0;2001;5,3312;2009;4158;2009
4;16;75;75076;75076;Soleto;;LE;0;0;5537.0;2001;30,4549;2009;5639;2009
4;16;75;75077;75077;Specchia;;LE;0;0;4937.0;2001;25,0952;2009;4952;2009
4;16;75;75078;75078;Spongano;;LE;0;0;3814.0;2001;12,4247;2009;3801;2009
4;16;75;75079;75079;Squinzano;;LE;0;0;15355.0;2001;29,7841;2009;14674;2009
4;16;75;75080;75080;Sternatia;;LE;0;0;2699.0;2001;16,7645;2009;2473;2009
4;16;75;75081;75081;Supersano;;LE;0;0;4602.0;2001;36,4053;2009;4517;2009
4;16;75;75082;75082;Surano;;LE;0;0;1791.0;2001;8,9883;2009;1716;2009
4;16;75;75083;75083;Surbo;;LE;0;0;12729.0;2001;20,7833;2009;14596;2009
4;16;75;75084;75084;Taurisano;;LE;0;0;12436.0;2001;23,6796;2009;12692;2009
4;16;75;75085;75085;Taviano;;LE;0;0;12506.0;2001;22,1310;2009;12600;2009
4;16;75;75086;75086;Tiggiano;;LE;0;0;2871.0;2001;7,7107;2009;2941;2009
4;16;75;75087;75087;Trepuzzi;;LE;0;0;14147.0;2001;23,4333;2009;14868;2009
4;16;75;75088;75088;Tricase;;LE;0;0;17386.0;2001;43,3298;2009;17743;2009
4;16;75;75089;75089;Tuglie;;LE;0;0;5308.0;2001;8,5014;2009;5275;2009
4;16;75;75090;75090;Ugento;;LE;0;0;10824.0;2001;100,3962;2009;12031;2009
4;16;75;75091;75091;Uggiano la Chiesa;;LE;0;0;4341.0;2001;14,4580;2009;4428;2009
4;16;75;75092;75092;Veglie;;LE;0;0;14022.0;2001;62,3084;2009;14365;2009
4;16;75;75093;75093;Vernole;;LE;0;0;7592.0;2001;61,2747;2009;7409;2009
4;16;75;75094;75094;Zollino;;LE;0;0;2194.0;2001;9,9545;2009;2063;2009
4;16;75;75095;75095;San Cassiano;;LE;0;0;2223.0;2001;8,7748;2009;2139;2009
4;16;75;75096;75096;Castro;;LE;0;0;2557.0;2001;4,5637;2009;2513;2009
4;16;75;75097;75097;Porto Cesareo;;LE;0;0;4419.0;2001;35,1329;2009;5515;2009
4;17;76;76001;76001;Abriola;;PZ;0;0;1808.0;2001;97,1891;2009;1609;2009
4;17;76;76002;76002;Acerenza;;PZ;0;0;3010.0;2001;77,6428;2009;2593;2009
4;17;76;76003;76003;Albano di Lucania;;PZ;0;0;1612.0;2001;55,8730;2009;1502;2009
4;17;76;76004;76004;Anzi;;PZ;0;0;1949.0;2001;77,0960;2009;1807;2009
4;17;76;76005;76005;Armento;;PZ;0;0;800.0;2001;58,9759;2009;699;2009
4;17;76;76006;76006;Atella;;PZ;0;0;3726.0;2001;88,4764;2009;3877;2009
4;17;76;76007;76007;Avigliano;;PZ;0;0;12025.0;2001;85,4799;2009;11901;2009
4;17;76;76008;76008;Balvano;;PZ;0;0;2007.0;2001;42,1560;2009;1893;2009
4;17;76;76009;76009;Banzi;;PZ;0;0;1514.0;2001;83,0536;2009;1451;2009
4;17;76;76010;76010;Baragiano;;PZ;0;0;2751.0;2001;29,6026;2009;2700;2009
4;17;76;76011;76011;Barile;;PZ;0;0;3229.0;2001;24,1248;2009;2943;2009
4;17;76;76012;76012;Bella;;PZ;0;0;5440.0;2001;99,7108;2009;5290;2009
4;17;76;76013;76013;Brienza;;PZ;0;0;4067.0;2001;82,9393;2009;4153;2009
4;17;76;76014;76014;Brindisi Montagna;;PZ;0;0;905.0;2001;59,8791;2009;909;2009
4;17;76;76015;76015;Calvello;;PZ;0;0;2212.0;2001;106,3933;2009;1972;2009
4;17;76;76016;76016;Calvera;;PZ;0;0;584.0;2001;16,0062;2009;454;2009
4;17;76;76017;76017;Campomaggiore;;PZ;0;0;980.0;2001;12,4752;2009;873;2009
4;17;76;76018;76018;Cancellara;;PZ;0;0;1598.0;2001;42,4987;2009;1453;2009
4;17;76;76019;76019;Carbone;;PZ;0;0;853.0;2001;48,5287;2009;718;2009
4;17;76;76020;76020;San Paolo Albanese;;PZ;0;0;416.0;2001;30,2226;2009;321;2009
4;17;76;76021;76021;Castelgrande;;PZ;0;0;1231.0;2001;34,8974;2009;1048;2009
4;17;76;76022;76022;Castelluccio Inferiore;;PZ;0;0;2344.0;2001;28,9704;2009;2203;2009
4;17;76;76023;76023;Castelluccio Superiore;;PZ;0;0;987.0;2001;32,9720;2009;882;2009
4;17;76;76024;76024;Castelmezzano;;PZ;0;0;970.0;2001;33,9082;2009;868;2009
4;17;76;76025;76025;Castelsaraceno;;PZ;0;0;1730.0;2001;74,7744;2009;1518;2009
4;17;76;76026;76026;Castronuovo di Sant'Andrea;;PZ;0;0;1439.0;2001;47,4522;2009;1206;2009
4;17;76;76027;76027;Cersosimo;;PZ;0;0;847.0;2001;24,7381;2009;741;2009
4;17;76;76028;76028;Chiaromonte;;PZ;0;0;2148.0;2001;70,0174;2009;1973;2009
4;17;76;76029;76029;Corleto Perticara;;PZ;0;0;3018.0;2001;89,3385;2009;2678;2009
4;17;76;76030;76030;Episcopia;;PZ;0;0;1625.0;2001;28,6443;2009;1518;2009
4;17;76;76031;76031;Fardella;;PZ;0;0;765.0;2001;29,0762;2009;645;2009
4;17;76;76032;76032;Filiano;;PZ;0;0;3298.0;2001;71,8094;2009;3094;2009
4;17;76;76033;76033;Forenza;;PZ;0;0;2546.0;2001;116,3050;2009;2247;2009
4;17;76;76034;76034;Francavilla in Sinni;;PZ;0;0;4367.0;2001;46,8176;2009;4303;2009
4;17;76;76035;76035;Gallicchio;;PZ;0;0;1018.0;2001;23,6309;2009;910;2009
4;17;76;76036;76036;Genzano di Lucania;;PZ;0;0;6115.0;2001;208,9244;2009;6037;2009
4;17;76;76037;76037;Grumento Nova;;PZ;0;0;1839.0;2001;66,6493;2009;1738;2009
4;17;76;76038;76038;Guardia Perticara;;PZ;0;0;758.0;2001;53,6795;2009;627;2009
4;17;76;76039;76039;Lagonegro;;PZ;0;0;6146.0;2001;113,1534;2009;5814;2009
4;17;76;76040;76040;Latronico;;PZ;0;0;5279.0;2001;76,6584;2009;4828;2009
4;17;76;76041;76041;Laurenzana;;PZ;0;0;2250.0;2001;95,7081;2009;2027;2009
4;17;76;76042;76042;Lauria;;PZ;0;0;13801.0;2001;176,6261;2009;13388;2009
4;17;76;76043;76043;Lavello;;PZ;0;0;13247.0;2001;134,6602;2009;13612;2009
4;17;76;76044;76044;Maratea;;PZ;0;0;5261.0;2001;67,8330;2009;5191;2009
4;17;76;76045;76045;Marsico Nuovo;;PZ;0;0;5134.0;2001;100,9669;2009;4431;2009
4;17;76;76046;76046;Marsicovetere;;PZ;0;0;4703.0;2001;38,0118;2009;5302;2009
4;17;76;76047;76047;Maschito;;PZ;0;0;1864.0;2001;45,8172;2009;1765;2009
4;17;76;76048;76048;Melfi;;PZ;0;0;16110.0;2001;206,2237;2009;17220;2009
4;17;76;76049;76049;Missanello;;PZ;0;0;604.0;2001;22,3406;2009;574;2009
4;17;76;76050;76050;Moliterno;;PZ;0;0;4592.0;2001;98,5514;2009;4290;2009
4;17;76;76051;76051;Montemilone;;PZ;0;0;2000.0;2001;114,1319;2009;1754;2009
4;17;76;76052;76052;Montemurro;;PZ;0;0;1555.0;2001;56,8710;2009;1379;2009
4;17;76;76053;76053;Muro Lucano;;PZ;0;0;6110.0;2001;126,1881;2009;5704;2009
4;17;76;76054;76054;Nemoli;;PZ;0;0;1561.0;2001;19,2283;2009;1513;2009
4;17;76;76055;76055;Noepoli;;PZ;0;0;1189.0;2001;46,7095;2009;1031;2009
4;17;76;76056;76056;Oppido Lucano;;PZ;0;0;3968.0;2001;54,8777;2009;3900;2009
4;17;76;76057;76057;Palazzo San Gervasio;;PZ;0;0;5184.0;2001;62,9104;2009;5057;2009
4;17;76;76058;76058;Pescopagano;;PZ;0;0;2147.0;2001;69,8447;2009;2044;2009
4;17;76;76059;76059;Picerno;;PZ;0;0;6186.0;2001;78,5078;2009;6087;2009
4;17;76;76060;76060;Pietragalla;;PZ;0;0;4534.0;2001;66,0983;2009;4356;2009
4;17;76;76061;76061;Pietrapertosa;;PZ;0;0;1312.0;2001;67,7016;2009;1116;2009
4;17;76;76062;76062;Pignola;;PZ;0;0;5483.0;2001;56,2322;2009;6563;2009
4;17;76;76063;76063;Potenza;;PZ;1;1;69060.0;2001;175,4348;2009;67397;2009
4;17;76;76064;76064;Rapolla;;PZ;0;0;4648.0;2001;29,8736;2009;4446;2009
4;17;76;76065;76065;Rapone;;PZ;0;0;1203.0;2001;29,5035;2009;1031;2009
4;17;76;76066;76066;Rionero in Vulture;;PZ;0;0;13441.0;2001;53,5134;2009;13452;2009
4;17;76;76067;76067;Ripacandida;;PZ;0;0;1767.0;2001;33,4850;2009;1762;2009
4;17;76;76068;76068;Rivello;;PZ;0;0;3010.0;2001;69,7704;2009;2877;2009
4;17;76;76069;76069;Roccanova;;PZ;0;0;1759.0;2001;61,7347;2009;1675;2009
4;17;76;76070;76070;Rotonda;;PZ;0;0;3888.0;2001;42,9264;2009;3581;2009
4;17;76;76071;76071;Ruoti;;PZ;0;0;3687.0;2001;55,4492;2009;3534;2009
4;17;76;76072;76072;Ruvo del Monte;;PZ;0;0;1262.0;2001;32,6183;2009;1121;2009
4;17;76;76073;76073;San Chirico Nuovo;;PZ;0;0;1632.0;2001;23,3938;2009;1521;2009
4;17;76;76074;76074;San Chirico Raparo;;PZ;0;0;1304.0;2001;84,0710;2009;1183;2009
4;17;76;76075;76075;San Costantino Albanese;;PZ;0;0;884.0;2001;43,2479;2009;811;2009
4;17;76;76076;76076;San Fele;;PZ;0;0;3832.0;2001;97,6984;2009;3273;2009
4;17;76;76077;76077;San Martino d'Agri;;PZ;0;0;969.0;2001;50,3892;2009;846;2009
4;17;76;76078;76078;San Severino Lucano;;PZ;0;0;1923.0;2001;61,1587;2009;1714;2009
4;17;76;76079;76079;Sant'Angelo Le Fratte;;PZ;0;0;1472.0;2001;23,1004;2009;1503;2009
4;17;76;76080;76080;Sant'Arcangelo;;PZ;0;0;6637.0;2001;89,0966;2009;6547;2009
4;17;76;76081;76081;Sarconi;;PZ;0;0;1351.0;2001;30,6866;2009;1379;2009
4;17;76;76082;76082;Sasso di Castalda;;PZ;0;0;871.0;2001;45,4316;2009;831;2009
4;17;76;76083;76083;Satriano di Lucania;;PZ;0;0;2353.0;2001;32,9003;2009;2405;2009
4;17;76;76084;76084;Savoia di Lucania;;PZ;0;0;1236.0;2001;32,8366;2009;1173;2009
4;17;76;76085;76085;Senise;;PZ;0;0;7182.0;2001;97,3055;2009;7255;2009
4;17;76;76086;76086;Spinoso;;PZ;0;0;1778.0;2001;38,1820;2009;1598;2009
4;17;76;76087;76087;Teana;;PZ;0;0;750.0;2001;19,2984;2009;656;2009
4;17;76;76088;76088;Terranova di Pollino;;PZ;0;0;1534.0;2001;113,0724;2009;1362;2009
4;17;76;76089;76089;Tito;;PZ;0;0;6387.0;2001;71,2644;2009;7090;2009
4;17;76;76090;76090;Tolve;;PZ;0;0;3620.0;2001;128,6824;2009;3411;2009
4;17;76;76091;76091;Tramutola;;PZ;0;0;3251.0;2001;36,6401;2009;3180;2009
4;17;76;76092;76092;Trecchina;;PZ;0;0;2404.0;2001;38,1865;2009;2359;2009
4;17;76;76093;76093;Trivigno;;PZ;0;0;794.0;2001;25,9967;2009;729;2009
4;17;76;76094;76094;Vaglio Basilicata;;PZ;0;0;2217.0;2001;43,3645;2009;2153;2009
4;17;76;76095;76095;Venosa;;PZ;0;0;12148.0;2001;170,3884;2009;12162;2009
4;17;76;76096;76096;Vietri di Potenza;;PZ;0;0;3096.0;2001;52,2497;2009;2928;2009
4;17;76;76097;76097;Viggianello;;PZ;0;0;3500.0;2001;120,8277;2009;3222;2009
4;17;76;76098;76098;Viggiano;;PZ;0;0;3208.0;2001;89,6975;2009;3125;2009
4;17;76;76099;76099;Ginestra;;PZ;0;0;726.0;2001;13,3182;2009;727;2009
4;17;76;76100;76100;Paterno;;PZ;0;0;3994.0;2001;40,7333;2009;3439;2009
4;17;77;77001;77001;Accettura;;MT;0;0;2436.0;2001;90,3673;2009;2022;2009
4;17;77;77002;77002;Aliano;;MT;0;0;1284.0;2001;98,4079;2009;1129;2009
4;17;77;77003;77003;Bernalda;;MT;0;0;11958.0;2001;126,2064;2009;12241;2009
4;17;77;77004;77004;Calciano;;MT;0;0;893.0;2001;49,6911;2009;812;2009
4;17;77;77005;77005;Cirigliano;;MT;0;0;445.0;2001;14,9044;2009;387;2009
4;17;77;77006;77006;Colobraro;;MT;0;0;1535.0;2001;66,6094;2009;1394;2009
4;17;77;77007;77007;Craco;;MT;0;0;796.0;2001;77,0416;2009;772;2009
4;17;77;77008;77008;Ferrandina;;MT;0;0;9358.0;2001;218,1084;2009;9058;2009
4;17;77;77009;77009;Garaguso;;MT;0;0;1193.0;2001;38,6111;2009;1148;2009
4;17;77;77010;77010;Gorgoglione;;MT;0;0;1179.0;2001;34,9259;2009;1051;2009
4;17;77;77011;77011;Grassano;;MT;0;0;5792.0;2001;41,6294;2009;5470;2009
4;17;77;77012;77012;Grottole;;MT;0;0;2607.0;2001;117,1508;2009;2413;2009
4;17;77;77013;77013;Irsina;;MT;0;0;5732.0;2001;263,4602;2009;5142;2009
4;17;77;77014;77014;Matera;;MT;1;0;57785.0;2001;392,0939;2009;59485;2009
4;17;77;77015;77015;Miglionico;;MT;0;0;2630.0;2001;88,8387;2009;2550;2009
4;17;77;77016;77016;Montalbano Jonico;;MT;0;0;7991.0;2001;135,9960;2009;7531;2009
4;17;77;77017;77017;Montescaglioso;;MT;0;0;10121.0;2001;175,8072;2009;10075;2009
4;17;77;77018;77018;Nova Siri;;MT;0;0;6418.0;2001;52,7501;2009;6571;2009
4;17;77;77019;77019;Oliveto Lucano;;MT;0;0;587.0;2001;31,1843;2009;513;2009
4;17;77;77020;77020;Pisticci;;MT;0;0;17811.0;2001;233,6698;2009;17512;2009
4;17;77;77021;77021;Policoro;;MT;0;0;15096.0;2001;67,6567;2009;15874;2009
4;17;77;77022;77022;Pomarico;;MT;0;0;4482.0;2001;129,6667;2009;4280;2009
4;17;77;77023;77023;Rotondella;;MT;0;0;3233.0;2001;76,7164;2009;2811;2009
4;17;77;77024;77024;Salandra;;MT;0;0;3109.0;2001;77,4368;2009;3005;2009
4;17;77;77025;77025;San Giorgio Lucano;;MT;0;0;1510.0;2001;39,2582;2009;1344;2009
4;17;77;77026;77026;San Mauro Forte;;MT;0;0;2306.0;2001;87,0583;2009;1762;2009
4;17;77;77027;77027;Stigliano;;MT;0;0;5616.0;2001;211,1430;2009;4839;2009
4;17;77;77028;77028;Tricarico;;MT;0;0;6318.0;2001;178,1610;2009;5806;2009
4;17;77;77029;77029;Tursi;;MT;0;0;5510.0;2001;159,9300;2009;5169;2009
4;17;77;77030;77030;Valsinni;;MT;0;0;1797.0;2001;32,2189;2009;1668;2009
4;17;77;77031;77031;Scanzano Jonico;;MT;0;0;6711.0;2001;72,1781;2009;7026;2009
4;18;78;78001;78001;Acquaformosa;;CS;0;0;1295.0;2001;22,7052;2009;1176;2009
4;18;78;78002;78002;Acquappesa;;CS;0;0;2068.0;2001;14,4537;2009;1937;2009
4;18;78;78003;78003;Acri;;CS;0;0;21891.0;2001;200,6274;2009;21525;2009
4;18;78;78004;78004;Aiello Calabro;;CS;0;0;2446.0;2001;38,5059;2009;1980;2009
4;18;78;78005;78005;Aieta;;CS;0;0;892.0;2001;48,2952;2009;859;2009
4;18;78;78006;78006;Albidona;;CS;0;0;1784.0;2001;64,6690;2009;1481;2009
4;18;78;78007;78007;Alessandria del Carretto;;CS;0;0;745.0;2001;41,1106;2009;572;2009
4;18;78;78008;78008;Altilia;;CS;0;0;775.0;2001;10,5604;2009;769;2009
4;18;78;78009;78009;Altomonte;;CS;0;0;4494.0;2001;65,7159;2009;4449;2009
4;18;78;78010;78010;Amantea;;CS;0;0;13268.0;2001;29,4560;2009;13816;2009
4;18;78;78011;78011;Amendolara;;CS;0;0;3147.0;2001;60,9084;2009;3026;2009
4;18;78;78012;78012;Aprigliano;;CS;0;0;2816.0;2001;122,4229;2009;2930;2009
4;18;78;78013;78013;Belmonte Calabro;;CS;0;0;3022.0;2001;23,9782;2009;2110;2009
4;18;78;78014;78014;Belsito;;CS;0;0;930.0;2001;11,5532;2009;974;2009
4;18;78;78015;78015;Belvedere Marittimo;;CS;0;0;8881.0;2001;37,0850;2009;9191;2009
4;18;78;78016;78016;Bianchi;;CS;0;0;1543.0;2001;33,3200;2009;1403;2009
4;18;78;78017;78017;Bisignano;;CS;0;0;10924.0;2001;86,1967;2009;10390;2009
4;18;78;78018;78018;Bocchigliero;;CS;0;0;1897.0;2001;98,8185;2009;1582;2009
4;18;78;78019;78019;Bonifati;;CS;0;0;3402.0;2001;33,8466;2009;3028;2009
4;18;78;78020;78020;Buonvicino;;CS;0;0;2540.0;2001;30,5945;2009;2421;2009
4;18;78;78021;78021;Calopezzati;;CS;0;0;1206.0;2001;22,5740;2009;1275;2009
4;18;78;78022;78022;Caloveto;;CS;0;0;1432.0;2001;24,9643;2009;1341;2009
4;18;78;78023;78023;Campana;;CS;0;0;2643.0;2001;104,6457;2009;1974;2009
4;18;78;78024;78024;Canna;;CS;0;0;869.0;2001;20,3666;2009;795;2009
4;18;78;78025;78025;Cariati;;CS;0;0;8289.0;2001;28,8228;2009;8614;2009
4;18;78;78026;78026;Carolei;;CS;0;0;3543.0;2001;15,4296;2009;3517;2009
4;18;78;78027;78027;Carpanzano;;CS;0;0;378.0;2001;14,2733;2009;255;2009
4;18;78;78028;78028;Casole Bruzio;;CS;0;0;2480.0;2001;3,9445;2009;2579;2009
4;18;78;78029;78029;Cassano all'Ionio;;CS;0;0;17565.0;2001;159,0676;2009;17334;2009
4;18;78;78030;78030;Castiglione Cosentino;;CS;0;0;3070.0;2001;13,9477;2009;3025;2009
4;18;78;78031;78031;Castrolibero;;CS;0;0;10042.0;2001;11,5571;2009;10214;2009
4;18;78;78032;78032;Castroregio;;CS;0;0;480.0;2001;42,0613;2009;386;2009
4;18;78;78033;78033;Castrovillari;;CS;0;0;22389.0;2001;130,6358;2009;22516;2009
4;18;78;78034;78034;Celico;;CS;0;0;3185.0;2001;99,7468;2009;2836;2009
4;18;78;78035;78035;Cellara;;CS;0;0;526.0;2001;5,8584;2009;509;2009
4;18;78;78036;78036;Cerchiara di Calabria;;CS;0;0;2942.0;2001;81,9617;2009;2533;2009
4;18;78;78037;78037;Cerisano;;CS;0;0;3238.0;2001;15,3177;2009;3291;2009
4;18;78;78038;78038;Cervicati;;CS;0;0;1018.0;2001;12,0861;2009;934;2009
4;18;78;78039;78039;Cerzeto;;CS;0;0;1467.0;2001;21,8954;2009;1375;2009
4;18;78;78040;78040;Cetraro;;CS;0;0;10333.0;2001;66,1417;2009;10332;2009
4;18;78;78041;78041;Civita;;CS;0;0;1125.0;2001;27,6187;2009;987;2009
4;18;78;78042;78042;Cleto;;CS;0;0;1389.0;2001;18,9840;2009;1327;2009
4;18;78;78043;78043;Colosimi;;CS;0;0;1416.0;2001;25,5793;2009;1351;2009
4;18;78;78044;78044;Corigliano Calabro;;CS;0;0;38241.0;2001;195,6399;2009;39224;2009
4;18;78;78045;78045;Cosenza;;CS;1;0;72998.0;2001;37,8606;2009;69390;2009
4;18;78;78046;78046;Cropalati;;CS;0;0;1263.0;2001;33,6974;2009;1122;2009
4;18;78;78047;78047;Crosia;;CS;0;0;8671.0;2001;21,1022;2009;9346;2009
4;18;78;78048;78048;Diamante;;CS;0;0;5091.0;2001;12,2068;2009;5148;2009
4;18;78;78049;78049;Dipignano;;CS;0;0;4192.0;2001;23,3725;2009;4441;2009
4;18;78;78050;78050;Domanico;;CS;0;0;926.0;2001;23,6617;2009;969;2009
4;18;78;78051;78051;Fagnano Castello;;CS;0;0;4198.0;2001;29,6743;2009;3999;2009
4;18;78;78052;78052;Falconara Albanese;;CS;0;0;1416.0;2001;19,2708;2009;1401;2009
4;18;78;78053;78053;Figline Vegliaturo;;CS;0;0;1026.0;2001;4,1646;2009;1076;2009
4;18;78;78054;78054;Firmo;;CS;0;0;2460.0;2001;11,7008;2009;2246;2009
4;18;78;78055;78055;Fiumefreddo Bruzio;;CS;0;0;3363.0;2001;32,0600;2009;3116;2009
4;18;78;78056;78056;Francavilla Marittima;;CS;0;0;3088.0;2001;33,0161;2009;3014;2009
4;18;78;78057;78057;Frascineto;;CS;0;0;2503.0;2001;29,1137;2009;2287;2009
4;18;78;78058;78058;Fuscaldo;;CS;0;0;8323.0;2001;60,7961;2009;8103;2009
4;18;78;78059;78059;Grimaldi;;CS;0;0;1870.0;2001;24,7085;2009;1790;2009
4;18;78;78060;78060;Grisolia;;CS;0;0;2395.0;2001;51,7482;2009;2383;2009
4;18;78;78061;78061;Guardia Piemontese;;CS;0;0;1525.0;2001;21,4629;2009;1861;2009
4;18;78;78062;78062;Lago;;CS;0;0;3096.0;2001;49,9546;2009;2758;2009
4;18;78;78063;78063;Laino Borgo;;CS;0;0;2275.0;2001;57,0808;2009;2065;2009
4;18;78;78064;78064;Laino Castello;;CS;0;0;901.0;2001;37,3336;2009;896;2009
4;18;78;78065;78065;Lappano;;CS;0;0;1000.0;2001;12,2096;2009;982;2009
4;18;78;78066;78066;Lattarico;;CS;0;0;4184.0;2001;43,9328;2009;4100;2009
4;18;78;78067;78067;Longobardi;;CS;0;0;2340.0;2001;18,2379;2009;2269;2009
4;18;78;78068;78068;Longobucco;;CS;0;0;4351.0;2001;212,2542;2009;3682;2009
4;18;78;78069;78069;Lungro;;CS;0;0;3145.0;2001;35,6500;2009;2652;2009
4;18;78;78070;78070;Luzzi;;CS;0;0;10455.0;2001;77,6003;2009;9761;2009
4;18;78;78071;78071;Maierà;;CS;0;0;1333.0;2001;17,7812;2009;1253;2009
4;18;78;78072;78072;Malito;;CS;0;0;896.0;2001;16,9158;2009;822;2009
4;18;78;78073;78073;Malvito;;CS;0;0;2078.0;2001;38,2373;2009;1888;2009
4;18;78;78074;78074;Mandatoriccio;;CS;0;0;3045.0;2001;37,3158;2009;2924;2009
4;18;78;78075;78075;Mangone;;CS;0;0;1730.0;2001;12,2731;2009;1831;2009
4;18;78;78076;78076;Marano Marchesato;;CS;0;0;2561.0;2001;5,0425;2009;3497;2009
4;18;78;78077;78077;Marano Principato;;CS;0;0;2337.0;2001;6,3222;2009;3046;2009
4;18;78;78078;78078;Marzi;;CS;0;0;1018.0;2001;15,8110;2009;966;2009
4;18;78;78079;78079;Mendicino;;CS;0;0;8084.0;2001;35,6846;2009;9232;2009
4;18;78;78080;78080;Mongrassano;;CS;0;0;1764.0;2001;35,1555;2009;1670;2009
4;18;78;78081;78081;Montalto Uffugo;;CS;0;0;17382.0;2001;76,6698;2009;18332;2009
4;18;78;78082;78082;Montegiordano;;CS;0;0;2144.0;2001;35,8744;2009;2011;2009
4;18;78;78083;78083;Morano Calabro;;CS;0;0;4966.0;2001;116,2533;2009;4776;2009
4;18;78;78084;78084;Mormanno;;CS;0;0;3729.0;2001;78,8770;2009;3373;2009
4;18;78;78085;78085;Mottafollone;;CS;0;0;1516.0;2001;31,5830;2009;1301;2009
4;18;78;78086;78086;Nocara;;CS;0;0;556.0;2001;34,0460;2009;460;2009
4;18;78;78087;78087;Oriolo;;CS;0;0;2964.0;2001;85,6014;2009;2515;2009
4;18;78;78088;78088;Orsomarso;;CS;0;0;1498.0;2001;90,4127;2009;1364;2009
4;18;78;78089;78089;Paludi;;CS;0;0;1929.0;2001;41,7394;2009;1188;2009
4;18;78;78090;78090;Panettieri;;CS;0;0;375.0;2001;14,6663;2009;345;2009
4;18;78;78091;78091;Paola;;CS;0;0;17195.0;2001;42,8807;2009;16546;2009
4;18;78;78092;78092;Papasidero;;CS;0;0;1019.0;2001;55,2168;2009;861;2009
4;18;78;78093;78093;Parenti;;CS;0;0;2328.0;2001;37,6176;2009;2276;2009
4;18;78;78094;78094;Paterno Calabro;;CS;0;0;1383.0;2001;24,2016;2009;1328;2009
4;18;78;78095;78095;Pedace;;CS;0;0;2136.0;2001;51,8673;2009;2029;2009
4;18;78;78096;78096;Pedivigliano;;CS;0;0;983.0;2001;16,6546;2009;908;2009
4;18;78;78097;78097;Piane Crati;;CS;0;0;1397.0;2001;2,3317;2009;1465;2009
4;18;78;78098;78098;Pietrafitta;;CS;0;0;1479.0;2001;9,2390;2009;1407;2009
4;18;78;78099;78099;Pietrapaola;;CS;0;0;1238.0;2001;52,8163;2009;1210;2009
4;18;78;78100;78100;Plataci;;CS;0;0;920.0;2001;49,4092;2009;847;2009
4;18;78;78101;78101;Praia a Mare;;CS;0;0;6282.0;2001;23,5918;2009;6599;2009
4;18;78;78102;78102;Rende;;CS;0;0;34421.0;2001;55,4201;2009;33782;2009
4;18;78;78103;78103;Rocca Imperiale;;CS;0;0;3352.0;2001;55,0291;2009;3305;2009
4;18;78;78104;78104;Roggiano Gravina;;CS;0;0;7739.0;2001;44,8772;2009;7239;2009
4;18;78;78105;78105;Rogliano;;CS;0;0;5892.0;2001;41,6841;2009;5816;2009
4;18;78;78106;78106;Rose;;CS;0;0;4413.0;2001;47,4913;2009;4360;2009
4;18;78;78107;78107;Roseto Capo Spulico;;CS;0;0;1759.0;2001;30,6600;2009;1889;2009
4;18;78;78108;78108;Rossano;;CS;0;0;35835.0;2001;150,9126;2009;36249;2009
4;18;78;78109;78109;Rota Greca;;CS;0;0;1293.0;2001;13,1240;2009;1207;2009
4;18;78;78110;78110;Rovito;;CS;0;0;2817.0;2001;10,6823;2009;3105;2009
4;18;78;78111;78111;San Basile;;CS;0;0;1285.0;2001;18,6715;2009;1114;2009
4;18;78;78112;78112;San Benedetto Ullano;;CS;0;0;1649.0;2001;19,5715;2009;1624;2009
4;18;78;78113;78113;San Cosmo Albanese;;CS;0;0;702.0;2001;11,5719;2009;631;2009
4;18;78;78114;78114;San Demetrio Corone;;CS;0;0;3944.0;2001;61,8737;2009;3677;2009
4;18;78;78115;78115;San Donato di Ninea;;CS;0;0;1778.0;2001;82,3970;2009;1532;2009
4;18;78;78116;78116;San Fili;;CS;0;0;2568.0;2001;20,9596;2009;2771;2009
4;18;78;78117;78117;Sangineto;;CS;0;0;1410.0;2001;27,5092;2009;1371;2009
4;18;78;78118;78118;San Giorgio Albanese;;CS;0;0;1709.0;2001;22,6832;2009;1593;2009
4;18;78;78119;78119;San Giovanni in Fiore;;CS;0;0;18566.0;2001;282,5285;2009;17966;2009
4;18;78;78120;78120;San Lorenzo Bellizzi;;CS;0;0;904.0;2001;40,6283;2009;761;2009
4;18;78;78121;78121;San Lorenzo del Vallo;;CS;0;0;3428.0;2001;22,9284;2009;3497;2009
4;18;78;78122;78122;San Lucido;;CS;0;0;5906.0;2001;27,1183;2009;6078;2009
4;18;78;78123;78123;San Marco Argentano;;CS;0;0;7635.0;2001;80,4949;2009;7341;2009
4;18;78;78124;78124;San Martino di Finita;;CS;0;0;1294.0;2001;23,8985;2009;1227;2009
4;18;78;78125;78125;San Nicola Arcella;;CS;0;0;1393.0;2001;11,6934;2009;1687;2009
4;18;78;78126;78126;San Pietro in Amantea;;CS;0;0;611.0;2001;9,8441;2009;543;2009
4;18;78;78127;78127;San Pietro in Guarano;;CS;0;0;3712.0;2001;48,3442;2009;3682;2009
4;18;78;78128;78128;San Sosti;;CS;0;0;2299.0;2001;43,5466;2009;2250;2009
4;18;78;78129;78129;Santa Caterina Albanese;;CS;0;0;1383.0;2001;17,3426;2009;1301;2009
4;18;78;78130;78130;Santa Domenica Talao;;CS;0;0;1314.0;2001;36,1160;2009;1291;2009
4;18;78;78131;78131;Sant'Agata di Esaro;;CS;0;0;2223.0;2001;47,6249;2009;2046;2009
4;18;78;78132;78132;Santa Maria del Cedro;;CS;0;0;4831.0;2001;18,4204;2009;4972;2009
4;18;78;78133;78133;Santa Sofia d'Epiro;;CS;0;0;3131.0;2001;39,2170;2009;2834;2009
4;18;78;78134;78134;Santo Stefano di Rogliano;;CS;0;0;1412.0;2001;19,5644;2009;1628;2009
4;18;78;78135;78135;San Vincenzo La Costa;;CS;0;0;2034.0;2001;18,4163;2009;2191;2009
4;18;78;78136;78136;Saracena;;CS;0;0;4309.0;2001;109,1502;2009;4067;2009
4;18;78;78137;78137;Scala Coeli;;CS;0;0;1393.0;2001;67,4967;2009;1181;2009
4;18;78;78138;78138;Scalea;;CS;0;0;10027.0;2001;22,5554;2009;10186;2009
4;18;78;78139;78139;Scigliano;;CS;0;0;1601.0;2001;17,4635;2009;1372;2009
4;18;78;78140;78140;Serra d'Aiello;;CS;0;0;878.0;2001;4,5118;2009;622;2009
4;18;78;78141;78141;Serra Pedace;;CS;0;0;1045.0;2001;59,2734;2009;1045;2009
4;18;78;78142;78142;Spezzano Albanese;;CS;0;0;7036.0;2001;32,2636;2009;7188;2009
4;18;78;78143;78143;Spezzano della Sila;;CS;0;0;4851.0;2001;80,2874;2009;4552;2009
4;18;78;78144;78144;Spezzano Piccolo;;CS;0;0;2034.0;2001;49,2200;2009;2132;2009
4;18;78;78145;78145;Tarsia;;CS;0;0;2383.0;2001;48,2778;2009;2188;2009
4;18;78;78146;78146;Terranova da Sibari;;CS;0;0;5216.0;2001;43,4561;2009;5024;2009
4;18;78;78147;78147;Terravecchia;;CS;0;0;1135.0;2001;20,1208;2009;858;2009
4;18;78;78148;78148;Torano Castello;;CS;0;0;4915.0;2001;30,2217;2009;4628;2009
4;18;78;78149;78149;Tortora;;CS;0;0;5823.0;2001;58,2182;2009;5977;2009
4;18;78;78150;78150;Trebisacce;;CS;0;0;9023.0;2001;26,7168;2009;8857;2009
4;18;78;78151;78151;Trenta;;CS;0;0;2695.0;2001;4,6494;2009;2745;2009
4;18;78;78152;78152;Vaccarizzo Albanese;;CS;0;0;1326.0;2001;8,5337;2009;1188;2009
4;18;78;78153;78153;Verbicaro;;CS;0;0;3507.0;2001;32,6418;2009;3294;2009
4;18;78;78154;78154;Villapiana;;CS;0;0;4752.0;2001;39,7330;2009;5237;2009
4;18;78;78155;78155;Zumpano;;CS;0;0;1860.0;2001;8,0838;2009;2335;2009
4;18;79;79002;79002;Albi;;CZ;0;0;1105.0;2001;29,6368;2009;1010;2009
4;18;79;79003;79003;Amaroni;;CZ;0;0;2007.0;2001;9,8829;2009;1925;2009
4;18;79;79004;79004;Amato;;CZ;0;0;874.0;2001;20,9328;2009;852;2009
4;18;79;79005;79005;Andali;;CZ;0;0;954.0;2001;17,8676;2009;824;2009
4;18;79;79007;79007;Argusto;;CZ;0;0;568.0;2001;6,8792;2009;558;2009
4;18;79;79008;79008;Badolato;;CZ;0;0;3436.0;2001;37,0666;2009;3249;2009
4;18;79;79009;79009;Belcastro;;CZ;0;0;1400.0;2001;53,5570;2009;1427;2009
4;18;79;79011;79011;Borgia;;CZ;0;0;7049.0;2001;42,3744;2009;7468;2009
4;18;79;79012;79012;Botricello;;CZ;0;0;4586.0;2001;15,4779;2009;4856;2009
4;18;79;79017;79017;Caraffa di Catanzaro;;CZ;0;0;2084.0;2001;25,0502;2009;2030;2009
4;18;79;79018;79018;Cardinale;;CZ;0;0;2613.0;2001;30,1190;2009;2409;2009
4;18;79;79020;79020;Carlopoli;;CZ;0;0;1787.0;2001;16,4125;2009;1650;2009
4;18;79;79023;79023;Catanzaro;;CZ;1;1;95251.0;2001;112,7223;2009;90738;2009
4;18;79;79024;79024;Cenadi;;CZ;0;0;649.0;2001;11,9153;2009;611;2009
4;18;79;79025;79025;Centrache;;CZ;0;0;494.0;2001;7,9582;2009;415;2009
4;18;79;79027;79027;Cerva;;CZ;0;0;1342.0;2001;21,3688;2009;1264;2009
4;18;79;79029;79029;Chiaravalle Centrale;;CZ;0;0;7120.0;2001;23,8247;2009;6141;2009
4;18;79;79030;79030;Cicala;;CZ;0;0;1033.0;2001;9,2845;2009;982;2009
4;18;79;79033;79033;Conflenti;;CZ;0;0;1681.0;2001;29,3399;2009;1483;2009
4;18;79;79034;79034;Cortale;;CZ;0;0;2436.0;2001;30,0100;2009;2255;2009
4;18;79;79036;79036;Cropani;;CZ;0;0;3286.0;2001;44,8062;2009;4214;2009
4;18;79;79039;79039;Curinga;;CZ;0;0;6648.0;2001;52,5252;2009;6730;2009
4;18;79;79042;79042;Davoli;;CZ;0;0;5238.0;2001;25,0251;2009;5411;2009
4;18;79;79043;79043;Decollatura;;CZ;0;0;3489.0;2001;50,8301;2009;3281;2009
4;18;79;79047;79047;Falerna;;CZ;0;0;3602.0;2001;24,0411;2009;3854;2009
4;18;79;79048;79048;Feroleto Antico;;CZ;0;0;2114.0;2001;22,3812;2009;2094;2009
4;18;79;79052;79052;Fossato Serralta;;CZ;0;0;660.0;2001;11,8533;2009;616;2009
4;18;79;79055;79055;Gagliato;;CZ;0;0;563.0;2001;7,0371;2009;545;2009
4;18;79;79056;79056;Gasperina;;CZ;0;0;2203.0;2001;6,7817;2009;2165;2009
4;18;79;79058;79058;Gimigliano;;CZ;0;0;3612.0;2001;33,5464;2009;3454;2009
4;18;79;79059;79059;Girifalco;;CZ;0;0;6452.0;2001;43,0791;2009;6214;2009
4;18;79;79060;79060;Gizzeria;;CZ;0;0;3833.0;2001;37,1937;2009;4326;2009
4;18;79;79061;79061;Guardavalle;;CZ;0;0;5315.0;2001;60,2659;2009;4787;2009
4;18;79;79063;79063;Isca sullo Ionio;;CZ;0;0;1586.0;2001;23,5552;2009;1631;2009
4;18;79;79065;79065;Jacurso;;CZ;0;0;839.0;2001;21,2035;2009;652;2009
4;18;79;79068;79068;Magisano;;CZ;0;0;1318.0;2001;31,9402;2009;1270;2009
4;18;79;79069;79069;Maida;;CZ;0;0;4337.0;2001;58,3341;2009;4482;2009
4;18;79;79071;79071;Marcedusa;;CZ;0;0;556.0;2001;15,6834;2009;469;2009
4;18;79;79072;79072;Marcellinara;;CZ;0;0;2198.0;2001;20,9053;2009;2245;2009
4;18;79;79073;79073;Martirano;;CZ;0;0;1036.0;2001;14,8982;2009;946;2009
4;18;79;79074;79074;Martirano Lombardo;;CZ;0;0;1402.0;2001;19,8432;2009;1202;2009
4;18;79;79077;79077;Miglierina;;CZ;0;0;912.0;2001;13,9398;2009;805;2009
4;18;79;79080;79080;Montauro;;CZ;0;0;1315.0;2001;11,7399;2009;1578;2009
4;18;79;79081;79081;Montepaone;;CZ;0;0;4442.0;2001;16,8499;2009;4554;2009
4;18;79;79083;79083;Motta Santa Lucia;;CZ;0;0;848.0;2001;26,2959;2009;891;2009
4;18;79;79087;79087;Nocera Terinese;;CZ;0;0;4706.0;2001;46,5792;2009;4717;2009
4;18;79;79088;79088;Olivadi;;CZ;0;0;643.0;2001;7,1687;2009;626;2009
4;18;79;79089;79089;Palermiti;;CZ;0;0;1436.0;2001;18,3841;2009;1262;2009
4;18;79;79092;79092;Pentone;;CZ;0;0;2197.0;2001;12,3828;2009;2230;2009
4;18;79;79094;79094;Petrizzi;;CZ;0;0;1298.0;2001;21,8991;2009;1158;2009
4;18;79;79095;79095;Petronà;;CZ;0;0;3010.0;2001;45,7869;2009;2701;2009
4;18;79;79096;79096;Pianopoli;;CZ;0;0;2315.0;2001;24,6500;2009;2521;2009
4;18;79;79099;79099;Platania;;CZ;0;0;2423.0;2001;26,8396;2009;2232;2009
4;18;79;79108;79108;San Floro;;CZ;0;0;594.0;2001;18,3199;2009;722;2009
4;18;79;79110;79110;San Mango d'Aquino;;CZ;0;0;1877.0;2001;6,8918;2009;1694;2009
4;18;79;79114;79114;San Pietro a Maida;;CZ;0;0;4282.0;2001;16,4530;2009;4278;2009
4;18;79;79115;79115;San Pietro Apostolo;;CZ;0;0;1925.0;2001;11,7228;2009;1809;2009
4;18;79;79116;79116;San Sostene;;CZ;0;0;1134.0;2001;32,4844;2009;1337;2009
4;18;79;79117;79117;Santa Caterina dello Ionio;;CZ;0;0;2280.0;2001;40,6942;2009;2116;2009
4;18;79;79118;79118;Sant'Andrea Apostolo dello Ionio;;CZ;0;0;2329.0;2001;21,4332;2009;2150;2009
4;18;79;79122;79122;San Vito sullo Ionio;;CZ;0;0;2012.0;2001;17,1712;2009;1849;2009
4;18;79;79123;79123;Satriano;;CZ;0;0;3102.0;2001;21,1559;2009;3296;2009
4;18;79;79126;79126;Sellia;;CZ;0;0;596.0;2001;12,8091;2009;563;2009
4;18;79;79127;79127;Sellia Marina;;CZ;0;0;5764.0;2001;41,4550;2009;6650;2009
4;18;79;79129;79129;Serrastretta;;CZ;0;0;3588.0;2001;41,6486;2009;3305;2009
4;18;79;79130;79130;Sersale;;CZ;0;0;5166.0;2001;53,2973;2009;4802;2009
4;18;79;79131;79131;Settingiano;;CZ;0;0;2319.0;2001;14,3494;2009;2830;2009
4;18;79;79133;79133;Simeri Crichi;;CZ;0;0;3836.0;2001;46,7437;2009;4441;2009
4;18;79;79134;79134;Sorbo San Basile;;CZ;0;0;932.0;2001;59,2789;2009;879;2009
4;18;79;79137;79137;Soverato;;CZ;0;0;10034.0;2001;7,7924;2009;9130;2009
4;18;79;79138;79138;Soveria Mannelli;;CZ;0;0;3511.0;2001;20,4957;2009;3201;2009
4;18;79;79139;79139;Soveria Simeri;;CZ;0;0;1632.0;2001;22,2796;2009;1677;2009
4;18;79;79142;79142;Squillace;;CZ;0;0;3189.0;2001;34,3260;2009;3373;2009
4;18;79;79143;79143;Stalettì;;CZ;0;0;2264.0;2001;12,1084;2009;2455;2009
4;18;79;79146;79146;Taverna;;CZ;0;0;2668.0;2001;132,3058;2009;2689;2009
4;18;79;79147;79147;Tiriolo;;CZ;0;0;4073.0;2001;29,2624;2009;3949;2009
4;18;79;79148;79148;Torre di Ruggiero;;CZ;0;0;1346.0;2001;25,3697;2009;1151;2009
4;18;79;79151;79151;Vallefiorita;;CZ;0;0;2434.0;2001;13,8782;2009;1913;2009
4;18;79;79157;79157;Zagarise;;CZ;0;0;1889.0;2001;49,3295;2009;1752;2009
4;18;79;79160;79160;Lamezia Terme;;CZ;0;0;70501.0;2001;162,4255;2009;70227;2009
4;18;80;80001;80001;Africo;;RC;0;0;3465.0;2001;53,8961;2009;3278;2009
4;18;80;80002;80002;Agnana Calabra;;RC;0;0;673.0;2001;8,4872;2009;609;2009
4;18;80;80003;80003;Anoia;;RC;0;0;2378.0;2001;10,1679;2009;2279;2009
4;18;80;80004;80004;Antonimina;;RC;0;0;1442.0;2001;22,9063;2009;1401;2009
4;18;80;80005;80005;Ardore;;RC;0;0;4820.0;2001;32,7748;2009;4653;2009
4;18;80;80006;80006;Bagaladi;;RC;0;0;1286.0;2001;30,0186;2009;1122;2009
4;18;80;80007;80007;Bagnara Calabra;;RC;0;0;11230.0;2001;24,8528;2009;10637;2009
4;18;80;80008;80008;Benestare;;RC;0;0;2426.0;2001;18,7159;2009;2479;2009
4;18;80;80009;80009;Bianco;;RC;0;0;4047.0;2001;29,9844;2009;4157;2009
4;18;80;80010;80010;Bivongi;;RC;0;0;1596.0;2001;25,3448;2009;1453;2009
4;18;80;80011;80011;Bova;;RC;0;0;474.0;2001;46,9429;2009;449;2009
4;18;80;80012;80012;Bovalino;;RC;0;0;8358.0;2001;18,0561;2009;8575;2009
4;18;80;80013;80013;Bova Marina;;RC;0;0;3967.0;2001;29,4995;2009;4088;2009
4;18;80;80014;80014;Brancaleone;;RC;0;0;3882.0;2001;36,1371;2009;3699;2009
4;18;80;80015;80015;Bruzzano Zeffirio;;RC;0;0;1401.0;2001;20,7427;2009;1246;2009
4;18;80;80016;80016;Calanna;;RC;0;0;1183.0;2001;10,9648;2009;1011;2009
4;18;80;80017;80017;Camini;;RC;0;0;736.0;2001;17,4105;2009;719;2009
4;18;80;80018;80018;Campo Calabro;;RC;0;0;4074.0;2001;8,0092;2009;4340;2009
4;18;80;80019;80019;Candidoni;;RC;0;0;410.0;2001;26,9521;2009;370;2009
4;18;80;80020;80020;Canolo;;RC;0;0;957.0;2001;28,2971;2009;828;2009
4;18;80;80021;80021;Caraffa del Bianco;;RC;0;0;622.0;2001;11,4621;2009;553;2009
4;18;80;80022;80022;Cardeto;;RC;0;0;2325.0;2001;37,2657;2009;1937;2009
4;18;80;80023;80023;Careri;;RC;0;0;2443.0;2001;38,1624;2009;2420;2009
4;18;80;80024;80024;Casignana;;RC;0;0;775.0;2001;24,5414;2009;786;2009
4;18;80;80025;80025;Caulonia;;RC;0;0;7756.0;2001;101,7562;2009;7161;2009
4;18;80;80026;80026;Ciminà;;RC;0;0;683.0;2001;49,2343;2009;612;2009
4;18;80;80027;80027;Cinquefrondi;;RC;0;0;6461.0;2001;29,9509;2009;6465;2009
4;18;80;80028;80028;Cittanova;;RC;0;0;10675.0;2001;61,9827;2009;10342;2009
4;18;80;80029;80029;Condofuri;;RC;0;0;5055.0;2001;60,2945;2009;5113;2009
4;18;80;80030;80030;Cosoleto;;RC;0;0;976.0;2001;34,3736;2009;928;2009
4;18;80;80031;80031;Delianuova;;RC;0;0;3584.0;2001;21,3800;2009;3465;2009
4;18;80;80032;80032;Feroleto della Chiesa;;RC;0;0;1872.0;2001;7,5555;2009;1801;2009
4;18;80;80033;80033;Ferruzzano;;RC;0;0;852.0;2001;19,1061;2009;751;2009
4;18;80;80034;80034;Fiumara;;RC;0;0;1201.0;2001;6,5876;2009;1068;2009
4;18;80;80035;80035;Galatro;;RC;0;0;2307.0;2001;51,3403;2009;1822;2009
4;18;80;80036;80036;Gerace;;RC;0;0;2973.0;2001;28,9874;2009;2767;2009
4;18;80;80037;80037;Giffone;;RC;0;0;2182.0;2001;14,7186;2009;1997;2009
4;18;80;80038;80038;Gioia Tauro;;RC;0;0;17762.0;2001;39,8668;2009;18696;2009
4;18;80;80039;80039;Gioiosa Ionica;;RC;0;0;7044.0;2001;36,0708;2009;6968;2009
4;18;80;80040;80040;Grotteria;;RC;0;0;3611.0;2001;37,9745;2009;3300;2009
4;18;80;80041;80041;Laganadi;;RC;0;0;498.0;2001;8,1905;2009;430;2009
4;18;80;80042;80042;Laureana di Borrello;;RC;0;0;5709.0;2001;35,6907;2009;5350;2009
4;18;80;80043;80043;Locri;;RC;0;0;12997.0;2001;25,7538;2009;12518;2009
4;18;80;80044;80044;Mammola;;RC;0;0;3389.0;2001;81,0708;2009;3080;2009
4;18;80;80045;80045;Marina di Gioiosa Ionica;;RC;0;0;6440.0;2001;16,1551;2009;6521;2009
4;18;80;80046;80046;Maropati;;RC;0;0;1736.0;2001;10,5190;2009;1598;2009
4;18;80;80047;80047;Martone;;RC;0;0;597.0;2001;8,3362;2009;563;2009
4;18;80;80048;80048;Melicuccà;;RC;0;0;1079.0;2001;17,4033;2009;1003;2009
4;18;80;80049;80049;Melicucco;;RC;0;0;4996.0;2001;6,5328;2009;5021;2009
4;18;80;80050;80050;Melito di Porto Salvo;;RC;0;0;10506.0;2001;35,4083;2009;10997;2009
4;18;80;80051;80051;Molochio;;RC;0;0;2803.0;2001;37,4469;2009;2696;2009
4;18;80;80052;80052;Monasterace;;RC;0;0;3426.0;2001;15,7332;2009;3458;2009
4;18;80;80053;80053;Montebello Jonico;;RC;0;0;6922.0;2001;56,4508;2009;6348;2009
4;18;80;80054;80054;Motta San Giovanni;;RC;0;0;6449.0;2001;46,4757;2009;6255;2009
4;18;80;80055;80055;Oppido Mamertina;;RC;0;0;5559.0;2001;58,8739;2009;5460;2009
4;18;80;80056;80056;Palizzi;;RC;0;0;2709.0;2001;52,6163;2009;2372;2009
4;18;80;80057;80057;Palmi;;RC;0;0;19435.0;2001;32,1210;2009;18980;2009
4;18;80;80058;80058;Pazzano;;RC;0;0;799.0;2001;15,5690;2009;681;2009
4;18;80;80059;80059;Placanica;;RC;0;0;1507.0;2001;29,5105;2009;1268;2009
4;18;80;80060;80060;Platì;;RC;0;0;3823.0;2001;50,8735;2009;3717;2009
4;18;80;80061;80061;Polistena;;RC;0;0;11591.0;2001;11,7699;2009;11015;2009
4;18;80;80062;80062;Portigliola;;RC;0;0;1343.0;2001;5,9980;2009;1239;2009
4;18;80;80063;80063;Reggio di Calabria;;RC;1;0;180353.0;2001;239,0362;2009;181518;2009
4;18;80;80064;80064;Riace;;RC;0;0;1605.0;2001;16,2369;2009;1870;2009
4;18;80;80065;80065;Rizziconi;;RC;0;0;7650.0;2001;40,2229;2009;7814;2009
4;18;80;80066;80066;Roccaforte del Greco;;RC;0;0;802.0;2001;43,8565;2009;609;2009
4;18;80;80067;80067;Roccella Ionica;;RC;0;0;6762.0;2001;37,8197;2009;6508;2009
4;18;80;80068;80068;Roghudi;;RC;0;0;1365.0;2001;46,9207;2009;1213;2009
4;18;80;80069;80069;Rosarno;;RC;0;0;15051.0;2001;39,5572;2009;14433;2009
4;18;80;80070;80070;Samo;;RC;0;0;1097.0;2001;50,2181;2009;923;2009
4;18;80;80071;80071;San Giorgio Morgeto;;RC;0;0;3384.0;2001;35,4002;2009;3243;2009
4;18;80;80072;80072;San Giovanni di Gerace;;RC;0;0;609.0;2001;13,5662;2009;558;2009
4;18;80;80073;80073;San Lorenzo;;RC;0;0;3357.0;2001;64,5201;2009;2771;2009
4;18;80;80074;80074;San Luca;;RC;0;0;4106.0;2001;105,3446;2009;4054;2009
4;18;80;80075;80075;San Pietro di Caridà;;RC;0;0;1715.0;2001;48,0777;2009;1311;2009
4;18;80;80076;80076;San Procopio;;RC;0;0;617.0;2001;11,3583;2009;566;2009
4;18;80;80077;80077;San Roberto;;RC;0;0;1985.0;2001;34,6363;2009;1856;2009
4;18;80;80078;80078;Santa Cristina d'Aspromonte;;RC;0;0;1095.0;2001;23,4089;2009;1032;2009
4;18;80;80079;80079;Sant'Agata del Bianco;;RC;0;0;715.0;2001;20,1995;2009;676;2009
4;18;80;80080;80080;Sant'Alessio in Aspromonte;;RC;0;0;436.0;2001;3,9925;2009;362;2009
4;18;80;80081;80081;Sant'Eufemia d'Aspromonte;;RC;0;0;4074.0;2001;32,8795;2009;4060;2009
4;18;80;80082;80082;Sant'Ilario dello Ionio;;RC;0;0;1389.0;2001;13,9996;2009;1330;2009
4;18;80;80083;80083;Santo Stefano in Aspromonte;;RC;0;0;1470.0;2001;17,7968;2009;1264;2009
4;18;80;80084;80084;Scido;;RC;0;0;1047.0;2001;17,5297;2009;995;2009
4;18;80;80085;80085;Scilla;;RC;0;0;5176.0;2001;44,1308;2009;5144;2009
4;18;80;80086;80086;Seminara;;RC;0;0;3352.0;2001;33,8540;2009;2936;2009
4;18;80;80087;80087;Serrata;;RC;0;0;964.0;2001;22,0617;2009;910;2009
4;18;80;80088;80088;Siderno;;RC;0;0;16734.0;2001;31,8595;2009;17099;2009
4;18;80;80089;80089;Sinopoli;;RC;0;0;2329.0;2001;25,2146;2009;2195;2009
4;18;80;80090;80090;Staiti;;RC;0;0;395.0;2001;16,3086;2009;293;2009
4;18;80;80091;80091;Stignano;;RC;0;0;1373.0;2001;17,7650;2009;1428;2009
4;18;80;80092;80092;Stilo;;RC;0;0;2816.0;2001;78,1082;2009;2700;2009
4;18;80;80093;80093;Taurianova;;RC;0;0;15799.0;2001;48,5444;2009;15457;2009
4;18;80;80094;80094;Terranova Sappo Minulio;;RC;0;0;537.0;2001;9,1204;2009;539;2009
4;18;80;80095;80095;Varapodio;;RC;0;0;2329.0;2001;29,1240;2009;2234;2009
4;18;80;80096;80096;Villa San Giovanni;;RC;0;0;13119.0;2001;12,1747;2009;13401;2009
4;18;80;80097;80097;San Ferdinando;;RC;0;0;4339.0;2001;14,1980;2009;4346;2009
5;19;81;81001;81001;Alcamo;;TP;0;0;43890.0;2001;130,8932;2009;45584;2009
5;19;81;81002;81002;Buseto Palizzolo;;TP;0;0;3197.0;2001;72,8093;2009;3122;2009
5;19;81;81003;81003;Calatafimi-Segesta;;TP;0;0;7496.0;2001;154,8636;2009;7078;2009
5;19;81;81004;81004;Campobello di Mazara;;TP;0;0;11270.0;2001;65,8321;2009;11448;2009
5;19;81;81005;81005;Castellammare del Golfo;;TP;0;0;14573.0;2001;127,3203;2009;15029;2009
5;19;81;81006;81006;Castelvetrano;;TP;0;0;30518.0;2001;209,7570;2009;31543;2009
5;19;81;81007;81007;Custonaci;;TP;0;0;4814.0;2001;69,9007;2009;5414;2009
5;19;81;81008;81008;Erice;;TP;0;0;29338.0;2001;47,3517;2009;28203;2009
5;19;81;81009;81009;Favignana;;TP;0;0;4137.0;2001;38,3149;2009;4295;2009
5;19;81;81010;81010;Gibellina;;TP;0;0;4677.0;2001;46,5738;2009;4317;2009
5;19;81;81011;81011;Marsala;;TP;0;0;77784.0;2001;243,2581;2009;81474;2009
5;19;81;81012;81012;Mazara del Vallo;;TP;0;0;50377.0;2001;274,6329;2009;51092;2009
5;19;81;81013;81013;Paceco;;TP;0;0;10949.0;2001;58,0074;2009;11484;2009
5;19;81;81014;81014;Pantelleria;;TP;0;0;7224.0;2001;84,5311;2009;7642;2009
5;19;81;81015;81015;Partanna;;TP;0;0;11379.0;2001;82,7263;2009;11146;2009
5;19;81;81016;81016;Poggioreale;;TP;0;0;1715.0;2001;37,4571;2009;1612;2009
5;19;81;81017;81017;Salaparuta;;TP;0;0;1835.0;2001;41,4154;2009;1756;2009
5;19;81;81018;81018;Salemi;;TP;0;0;11578.0;2001;182,4210;2009;11132;2009
5;19;81;81019;81019;Santa Ninfa;;TP;0;0;5087.0;2001;60,9436;2009;5153;2009
5;19;81;81020;81020;San Vito Lo Capo;;TP;0;0;3798.0;2001;60,1187;2009;4293;2009
5;19;81;81021;81021;Trapani;;TP;1;0;68346.0;2001;273,1193;2009;69812;2009
5;19;81;81022;81022;Valderice;;TP;0;0;11374.0;2001;52,9625;2009;12074;2009
5;19;81;81023;81023;Vita;;TP;0;0;2435.0;2001;9,1009;2009;2203;2009
5;19;81;81024;81024;Petrosino;;TP;0;0;7330.0;2001;45,2764;2009;7791;2009
5;19;82;82001;82001;Alia;;PA;0;0;4184.0;2001;45,9748;2009;3942;2009
5;19;82;82002;82002;Alimena;;PA;0;0;2494.0;2001;59,6975;2009;2241;2009
5;19;82;82003;82003;Aliminusa;;PA;0;0;1363.0;2001;13,6806;2009;1345;2009
5;19;82;82004;82004;Altavilla Milicia;;PA;0;0;5252.0;2001;23,7839;2009;7143;2009
5;19;82;82005;82005;Altofonte;;PA;0;0;9193.0;2001;35,4356;2009;10216;2009
5;19;82;82006;82006;Bagheria;;PA;0;0;50854.0;2001;29,8351;2009;55375;2009
5;19;82;82007;82007;Balestrate;;PA;0;0;5693.0;2001;6,4297;2009;6578;2009
5;19;82;82008;82008;Baucina;;PA;0;0;2031.0;2001;24,4710;2009;2017;2009
5;19;82;82009;82009;Belmonte Mezzagno;;PA;0;0;10322.0;2001;29,2934;2009;11087;2009
5;19;82;82010;82010;Bisacquino;;PA;0;0;5205.0;2001;64,9696;2009;4929;2009
5;19;82;82011;82011;Bolognetta;;PA;0;0;3472.0;2001;27,6253;2009;3997;2009
5;19;82;82012;82012;Bompietro;;PA;0;0;1754.0;2001;42,4101;2009;1502;2009
5;19;82;82013;82013;Borgetto;;PA;0;0;6242.0;2001;26,0237;2009;7028;2009
5;19;82;82014;82014;Caccamo;;PA;0;0;8524.0;2001;188,2312;2009;8401;2009
5;19;82;82015;82015;Caltavuturo;;PA;0;0;4570.0;2001;97,9460;2009;4261;2009
5;19;82;82016;82016;Campofelice di Fitalia;;PA;0;0;609.0;2001;35,4560;2009;576;2009
5;19;82;82017;82017;Campofelice di Roccella;;PA;0;0;5748.0;2001;14,5060;2009;6752;2009
5;19;82;82018;82018;Campofiorito;;PA;0;0;1401.0;2001;21,6990;2009;1352;2009
5;19;82;82019;82019;Camporeale;;PA;0;0;3716.0;2001;38,7206;2009;3472;2009
5;19;82;82020;82020;Capaci;;PA;0;0;10164.0;2001;6,1204;2009;10929;2009
5;19;82;82021;82021;Carini;;PA;0;0;25730.0;2001;76,5940;2009;34944;2009
5;19;82;82022;82022;Castelbuono;;PA;0;0;9648.0;2001;60,7859;2009;9290;2009
5;19;82;82023;82023;Casteldaccia;;PA;0;0;9022.0;2001;33,9185;2009;10986;2009
5;19;82;82024;82024;Castellana Sicula;;PA;0;0;3833.0;2001;73,1964;2009;3628;2009
5;19;82;82025;82025;Castronovo di Sicilia;;PA;0;0;3419.0;2001;201,0400;2009;3250;2009
5;19;82;82026;82026;Cefalà Diana;;PA;0;0;992.0;2001;9,0592;2009;1012;2009
5;19;82;82027;82027;Cefalù;;PA;0;0;13789.0;2001;66,2409;2009;14251;2009
5;19;82;82028;82028;Cerda;;PA;0;0;5377.0;2001;43,8343;2009;5345;2009
5;19;82;82029;82029;Chiusa Sclafani;;PA;0;0;3302.0;2001;57,5503;2009;3016;2009
5;19;82;82030;82030;Ciminna;;PA;0;0;3986.0;2001;56,4206;2009;3900;2009
5;19;82;82031;82031;Cinisi;;PA;0;0;10253.0;2001;33,1617;2009;11898;2009
5;19;82;82032;82032;Collesano;;PA;0;0;4253.0;2001;108,1646;2009;4144;2009
5;19;82;82033;82033;Contessa Entellina;;PA;0;0;1985.0;2001;136,4760;2009;1940;2009
5;19;82;82034;82034;Corleone;;PA;0;0;11393.0;2001;229,4613;2009;11346;2009
5;19;82;82035;82035;Ficarazzi;;PA;0;0;9418.0;2001;3,5295;2009;11807;2009
5;19;82;82036;82036;Gangi;;PA;0;0;7614.0;2001;127,4634;2009;7156;2009
5;19;82;82037;82037;Geraci Siculo;;PA;0;0;2105.0;2001;113,3466;2009;1930;2009
5;19;82;82038;82038;Giardinello;;PA;0;0;1900.0;2001;12,8844;2009;2207;2009
5;19;82;82039;82039;Giuliana;;PA;0;0;2305.0;2001;24,1410;2009;2088;2009
5;19;82;82040;82040;Godrano;;PA;0;0;1147.0;2001;38,9850;2009;1169;2009
5;19;82;82041;82041;Gratteri;;PA;0;0;1079.0;2001;38,1661;2009;1023;2009
5;19;82;82042;82042;Isnello;;PA;0;0;1923.0;2001;50,9969;2009;1654;2009
5;19;82;82043;82043;Isola delle Femmine;;PA;0;0;6208.0;2001;3,5663;2009;7322;2009
5;19;82;82044;82044;Lascari;;PA;0;0;3132.0;2001;10,3267;2009;3534;2009
5;19;82;82045;82045;Lercara Friddi;;PA;0;0;7392.0;2001;37,4318;2009;7015;2009
5;19;82;82046;82046;Marineo;;PA;0;0;6956.0;2001;33,4268;2009;6795;2009
5;19;82;82047;82047;Mezzojuso;;PA;0;0;3058.0;2001;49,2666;2009;2969;2009
5;19;82;82048;82048;Misilmeri;;PA;0;0;23109.0;2001;69,4886;2009;27686;2009
5;19;82;82049;82049;Monreale;;PA;0;0;31964.0;2001;530,1685;2009;37685;2009
5;19;82;82050;82050;Montelepre;;PA;0;0;6168.0;2001;9,8912;2009;6432;2009
5;19;82;82051;82051;Montemaggiore Belsito;;PA;0;0;3866.0;2001;32,0755;2009;3634;2009
5;19;82;82052;82052;Palazzo Adriano;;PA;0;0;2530.0;2001;130,0959;2009;2314;2009
5;19;82;82053;82053;Palermo;;PA;1;1;686722.0;2001;160,5900;2009;659691;2009
5;19;82;82054;82054;Partinico;;PA;0;0;31003.0;2001;108,0543;2009;31603;2009
5;19;82;82055;82055;Petralia Soprana;;PA;0;0;3688.0;2001;56,1025;2009;3424;2009
5;19;82;82056;82056;Petralia Sottana;;PA;0;0;3311.0;2001;178,3441;2009;3038;2009
5;19;82;82057;82057;Piana degli Albanesi;;PA;0;0;6227.0;2001;64,9165;2009;5942;2009
5;19;82;82058;82058;Polizzi Generosa;;PA;0;0;4169.0;2001;134,6583;2009;3717;2009
5;19;82;82059;82059;Pollina;;PA;0;0;3120.0;2001;49,9291;2009;3062;2009
5;19;82;82060;82060;Prizzi;;PA;0;0;5711.0;2001;95,0363;2009;5187;2009
5;19;82;82061;82061;Roccamena;;PA;0;0;1793.0;2001;33,7170;2009;1605;2009
5;19;82;82062;82062;Roccapalumba;;PA;0;0;2842.0;2001;31,5662;2009;2675;2009
5;19;82;82063;82063;San Cipirello;;PA;0;0;5016.0;2001;20,8522;2009;5448;2009
5;19;82;82064;82064;San Giuseppe Jato;;PA;0;0;8349.0;2001;29,7814;2009;8736;2009
5;19;82;82065;82065;San Mauro Castelverde;;PA;0;0;2166.0;2001;114,3653;2009;1928;2009
5;19;82;82066;82066;Santa Cristina Gela;;PA;0;0;865.0;2001;38,7415;2009;957;2009
5;19;82;82067;82067;Santa Flavia;;PA;0;0;9535.0;2001;14,5995;2009;10720;2009
5;19;82;82068;82068;Sciara;;PA;0;0;2718.0;2001;31,1931;2009;2838;2009
5;19;82;82069;82069;Sclafani Bagni;;PA;0;0;506.0;2001;134,9024;2009;457;2009
5;19;82;82070;82070;Termini Imerese;;PA;0;0;26958.0;2001;78,1922;2009;26705;2009
5;19;82;82071;82071;Terrasini;;PA;0;0;10686.0;2001;19,8463;2009;11686;2009
5;19;82;82072;82072;Torretta;;PA;0;0;3468.0;2001;25,5421;2009;4085;2009
5;19;82;82073;82073;Trabia;;PA;0;0;8252.0;2001;20,6815;2009;10128;2009
5;19;82;82074;82074;Trappeto;;PA;0;0;2770.0;2001;4,1922;2009;3169;2009
5;19;82;82075;82075;Ustica;;PA;0;0;1335.0;2001;8,2407;2009;1300;2009
5;19;82;82076;82076;Valledolmo;;PA;0;0;4147.0;2001;25,7793;2009;3825;2009
5;19;82;82077;82077;Ventimiglia di Sicilia;;PA;0;0;2192.0;2001;26,9001;2009;2106;2009
5;19;82;82078;82078;Vicari;;PA;0;0;3077.0;2001;86,0076;2009;2942;2009
5;19;82;82079;82079;Villabate;;PA;0;0;18371.0;2001;3,8004;2009;20264;2009
5;19;82;82080;82080;Villafrati;;PA;0;0;3365.0;2001;25,6441;2009;3376;2009
5;19;82;82081;82081;Scillato;;PA;0;0;706.0;2001;31,6956;2009;648;2009
5;19;82;82082;82082;Blufi;;PA;0;0;1208.0;2001;21,9812;2009;1161;2009
5;19;83;83001;83001;Alcara li Fusi;;ME;0;0;2473.0;2001;62,9346;2009;2153;2009
5;19;83;83002;83002;Alì;;ME;0;0;933.0;2001;15,9386;2009;846;2009
5;19;83;83003;83003;Alì Terme;;ME;0;0;2569.0;2001;6,2744;2009;2591;2009
5;19;83;83004;83004;Antillo;;ME;0;0;1128.0;2001;43,6346;2009;986;2009
5;19;83;83005;83005;Barcellona Pozzo di Gotto;;ME;0;0;41258.0;2001;59,1418;2009;41799;2009
5;19;83;83006;83006;Basicò;;ME;0;0;746.0;2001;12,0685;2009;656;2009
5;19;83;83007;83007;Brolo;;ME;0;0;5495.0;2001;7,6646;2009;5782;2009
5;19;83;83008;83008;Capizzi;;ME;0;0;3564.0;2001;70,1664;2009;3411;2009
5;19;83;83009;83009;Capo d'Orlando;;ME;0;0;12710.0;2001;14,4276;2009;13087;2009
5;19;83;83010;83010;Capri Leone;;ME;0;0;4016.0;2001;6,7645;2009;4491;2009
5;19;83;83011;83011;Caronia;;ME;0;0;3589.0;2001;227,2587;2009;3495;2009
5;19;83;83012;83012;Casalvecchio Siculo;;ME;0;0;1152.0;2001;33,6219;2009;976;2009
5;19;83;83013;83013;Castel di Lucio;;ME;0;0;1561.0;2001;28,7781;2009;1397;2009
5;19;83;83014;83014;Castell'Umberto;;ME;0;0;3564.0;2001;11,4281;2009;3364;2009
5;19;83;83015;83015;Castelmola;;ME;0;0;1092.0;2001;16,8280;2009;1080;2009
5;19;83;83016;83016;Castroreale;;ME;0;0;2910.0;2001;53,0694;2009;2677;2009
5;19;83;83017;83017;Cesarò;;ME;0;0;2815.0;2001;216,9304;2009;2590;2009
5;19;83;83018;83018;Condrò;;ME;0;0;523.0;2001;5,1324;2009;496;2009
5;19;83;83019;83019;Falcone;;ME;0;0;2858.0;2001;9,3367;2009;2905;2009
5;19;83;83020;83020;Ficarra;;ME;0;0;1803.0;2001;18,6563;2009;1628;2009
5;19;83;83021;83021;Fiumedinisi;;ME;0;0;1679.0;2001;36,6937;2009;1578;2009
5;19;83;83022;83022;Floresta;;ME;0;0;637.0;2001;31,3311;2009;562;2009
5;19;83;83023;83023;Fondachelli-Fantina;;ME;0;0;1235.0;2001;42,2116;2009;1107;2009
5;19;83;83024;83024;Forza d'Agrò;;ME;0;0;864.0;2001;11,1890;2009;936;2009
5;19;83;83025;83025;Francavilla di Sicilia;;ME;0;0;4347.0;2001;82,7262;2009;4068;2009
5;19;83;83026;83026;Frazzanò;;ME;0;0;959.0;2001;6,9981;2009;807;2009
5;19;83;83027;83027;Furci Siculo;;ME;0;0;3285.0;2001;17,9132;2009;3400;2009
5;19;83;83028;83028;Furnari;;ME;0;0;3394.0;2001;13,5543;2009;3754;2009
5;19;83;83029;83029;Gaggi;;ME;0;0;2693.0;2001;7,6505;2009;3075;2009
5;19;83;83030;83030;Galati Mamertino;;ME;0;0;3127.0;2001;39,3107;2009;2868;2009
5;19;83;83031;83031;Gallodoro;;ME;0;0;409.0;2001;6,9083;2009;393;2009
5;19;83;83032;83032;Giardini-Naxos;;ME;0;0;9152.0;2001;5,2904;2009;9536;2009
5;19;83;83033;83033;Gioiosa Marea;;ME;0;0;7245.0;2001;26,4823;2009;7225;2009
5;19;83;83034;83034;Graniti;;ME;0;0;1587.0;2001;10,0474;2009;1536;2009
5;19;83;83035;83035;Gualtieri Sicaminò;;ME;0;0;2018.0;2001;14,3838;2009;1855;2009
5;19;83;83036;83036;Itala;;ME;0;0;1692.0;2001;10,9835;2009;1659;2009
5;19;83;83037;83037;Leni;;ME;0;0;641.0;2001;8,7899;2009;677;2009
5;19;83;83038;83038;Letojanni;;ME;0;0;2480.0;2001;6,7241;2009;2741;2009
5;19;83;83039;83039;Librizzi;;ME;0;0;1908.0;2001;23,3864;2009;1812;2009
5;19;83;83040;83040;Limina;;ME;0;0;1006.0;2001;9,9924;2009;916;2009
5;19;83;83041;83041;Lipari;;ME;0;0;10554.0;2001;89,7212;2009;11500;2009
5;19;83;83042;83042;Longi;;ME;0;0;1653.0;2001;42,1099;2009;1607;2009
5;19;83;83043;83043;Malfa;;ME;0;0;851.0;2001;8,7352;2009;945;2009
5;19;83;83044;83044;Malvagna;;ME;0;0;973.0;2001;6,7094;2009;846;2009
5;19;83;83045;83045;Mandanici;;ME;0;0;761.0;2001;11,8536;2009;647;2009
5;19;83;83046;83046;Mazzarrà Sant'Andrea;;ME;0;0;1755.0;2001;6,6942;2009;1620;2009
5;19;83;83047;83047;Merì;;ME;0;0;2186.0;2001;1,8503;2009;2415;2009
5;19;83;83048;83048;Messina;;ME;1;0;252026.0;2001;213,7508;2009;243983;2009
5;19;83;83049;83049;Milazzo;;ME;0;0;32108.0;2001;24,7023;2009;32525;2009
5;19;83;83050;83050;Militello Rosmarino;;ME;0;0;1445.0;2001;29,5356;2009;1339;2009
5;19;83;83051;83051;Mirto;;ME;0;0;1104.0;2001;9,2692;2009;1042;2009
5;19;83;83052;83052;Mistretta;;ME;0;0;5541.0;2001;127,4678;2009;5088;2009
5;19;83;83053;83053;Moio Alcantara;;ME;0;0;805.0;2001;8,5996;2009;760;2009
5;19;83;83054;83054;Monforte San Giorgio;;ME;0;0;3088.0;2001;32,2599;2009;2945;2009
5;19;83;83055;83055;Mongiuffi Melia;;ME;0;0;783.0;2001;24,3623;2009;678;2009
5;19;83;83056;83056;Montagnareale;;ME;0;0;1787.0;2001;16,3769;2009;1707;2009
5;19;83;83057;83057;Montalbano Elicona;;ME;0;0;2838.0;2001;67,8009;2009;2492;2009
5;19;83;83058;83058;Motta Camastra;;ME;0;0;867.0;2001;25,3090;2009;885;2009
5;19;83;83059;83059;Motta d'Affermo;;ME;0;0;954.0;2001;14,5764;2009;852;2009
5;19;83;83060;83060;Naso;;ME;0;0;4512.0;2001;36,7368;2009;4123;2009
5;19;83;83061;83061;Nizza di Sicilia;;ME;0;0;3586.0;2001;13,4154;2009;3721;2009
5;19;83;83062;83062;Novara di Sicilia;;ME;0;0;1731.0;2001;49,1783;2009;1484;2009
5;19;83;83063;83063;Oliveri;;ME;0;0;2099.0;2001;10,4347;2009;2190;2009
5;19;83;83064;83064;Pace del Mela;;ME;0;0;6117.0;2001;12,1757;2009;6353;2009
5;19;83;83065;83065;Pagliara;;ME;0;0;1237.0;2001;14,4792;2009;1222;2009
5;19;83;83066;83066;Patti;;ME;0;0;13108.0;2001;50,0766;2009;13338;2009
5;19;83;83067;83067;Pettineo;;ME;0;0;1547.0;2001;30,6164;2009;1439;2009
5;19;83;83068;83068;Piraino;;ME;0;0;3803.0;2001;16,9687;2009;3975;2009
5;19;83;83069;83069;Raccuja;;ME;0;0;1389.0;2001;25,2019;2009;1197;2009
5;19;83;83070;83070;Reitano;;ME;0;0;951.0;2001;14,1173;2009;879;2009
5;19;83;83071;83071;Roccafiorita;;ME;0;0;254.0;2001;1,1681;2009;241;2009
5;19;83;83072;83072;Roccalumera;;ME;0;0;4029.0;2001;8,9060;2009;4248;2009
5;19;83;83073;83073;Roccavaldina;;ME;0;0;1172.0;2001;7,1325;2009;1177;2009
5;19;83;83074;83074;Roccella Valdemone;;ME;0;0;841.0;2001;41,1510;2009;718;2009
5;19;83;83075;83075;Rodì Milici;;ME;0;0;2335.0;2001;36,5448;2009;2222;2009
5;19;83;83076;83076;Rometta;;ME;0;0;6307.0;2001;32,1231;2009;6581;2009
5;19;83;83077;83077;San Filippo del Mela;;ME;0;0;6952.0;2001;10,0502;2009;7233;2009
5;19;83;83078;83078;San Fratello;;ME;0;0;4561.0;2001;67,6292;2009;4077;2009
5;19;83;83079;83079;San Marco d'Alunzio;;ME;0;0;2202.0;2001;26,1406;2009;2083;2009
5;19;83;83080;83080;San Pier Niceto;;ME;0;0;3085.0;2001;36,6798;2009;2993;2009
5;19;83;83081;83081;San Piero Patti;;ME;0;0;3511.0;2001;41,8183;2009;3183;2009
5;19;83;83082;83082;San Salvatore di Fitalia;;ME;0;0;1679.0;2001;14,9964;2009;1468;2009
5;19;83;83083;83083;Santa Domenica Vittoria;;ME;0;0;1173.0;2001;20,1634;2009;1095;2009
5;19;83;83084;83084;Sant'Agata di Militello;;ME;0;0;12876.0;2001;33,9764;2009;13111;2009
5;19;83;83085;83085;Sant'Alessio Siculo;;ME;0;0;1346.0;2001;6,1676;2009;1464;2009
5;19;83;83086;83086;Santa Lucia del Mela;;ME;0;0;4701.0;2001;85,6740;2009;4775;2009
5;19;83;83087;83087;Santa Marina Salina;;ME;0;0;808.0;2001;8,7814;2009;892;2009
5;19;83;83088;83088;Sant'Angelo di Brolo;;ME;0;0;3856.0;2001;30,3859;2009;3375;2009
5;19;83;83089;83089;Santa Teresa di Riva;;ME;0;0;8925.0;2001;8,1175;2009;9184;2009
5;19;83;83090;83090;San Teodoro;;ME;0;0;1578.0;2001;13,9740;2009;1457;2009
5;19;83;83091;83091;Santo Stefano di Camastra;;ME;0;0;4653.0;2001;21,9173;2009;4651;2009
5;19;83;83092;83092;Saponara;;ME;0;0;4131.0;2001;26,2623;2009;4068;2009
5;19;83;83093;83093;Savoca;;ME;0;0;1675.0;2001;9,0755;2009;1770;2009
5;19;83;83094;83094;Scaletta Zanclea;;ME;0;0;2578.0;2001;4,7618;2009;2430;2009
5;19;83;83095;83095;Sinagra;;ME;0;0;3041.0;2001;24,0269;2009;2799;2009
5;19;83;83096;83096;Spadafora;;ME;0;0;5234.0;2001;10,5246;2009;5281;2009
5;19;83;83097;83097;Taormina;;ME;0;0;10780.0;2001;13,1332;2009;11074;2009
5;19;83;83098;83098;Torregrotta;;ME;0;0;6542.0;2001;4,1260;2009;7317;2009
5;19;83;83099;83099;Tortorici;;ME;0;0;7535.0;2001;70,5008;2009;6861;2009
5;19;83;83100;83100;Tripi;;ME;0;0;1044.0;2001;54,6669;2009;953;2009
5;19;83;83101;83101;Tusa;;ME;0;0;3358.0;2001;41,0737;2009;3108;2009
5;19;83;83102;83102;Ucria;;ME;0;0;1370.0;2001;26,2643;2009;1163;2009
5;19;83;83103;83103;Valdina;;ME;0;0;1209.0;2001;2,6016;2009;1385;2009
5;19;83;83104;83104;Venetico;;ME;0;0;3691.0;2001;4,5170;2009;3840;2009
5;19;83;83105;83105;Villafranca Tirrena;;ME;0;0;8517.0;2001;14,2458;2009;8927;2009
5;19;83;83106;83106;Terme Vigliatore;;ME;0;0;6561.0;2001;13,2280;2009;7141;2009
5;19;83;83107;83107;Acquedolci;;ME;0;0;5373.0;2001;12,9304;2009;5692;2009
5;19;83;83108;83108;Torrenova;;ME;0;0;3691.0;2001;12,9268;2009;4180;2009
5;19;84;84001;84001;Agrigento;;AG;1;0;54619.0;2001;245,3170;2009;58081;2009
5;19;84;84002;84002;Alessandria della Rocca;;AG;0;0;3787.0;2001;62,2395;2009;3166;2009
5;19;84;84003;84003;Aragona;;AG;0;0;10065.0;2001;74,7015;2009;9597;2009
5;19;84;84004;84004;Bivona;;AG;0;0;4225.0;2001;88,5732;2009;3989;2009
5;19;84;84005;84005;Burgio;;AG;0;0;3157.0;2001;42,2308;2009;2840;2009
5;19;84;84006;84006;Calamonaci;;AG;0;0;1522.0;2001;32,8901;2009;1400;2009
5;19;84;84007;84007;Caltabellotta;;AG;0;0;4448.0;2001;124,0870;2009;4044;2009
5;19;84;84008;84008;Camastra;;AG;0;0;2185.0;2001;16,3156;2009;2171;2009
5;19;84;84009;84009;Cammarata;;AG;0;0;6403.0;2001;192,4530;2009;6396;2009
5;19;84;84010;84010;Campobello di Licata;;AG;0;0;11075.0;2001;81,3276;2009;10456;2009
5;19;84;84011;84011;Canicattì;;AG;0;0;31713.0;2001;91,8595;2009;34503;2009
5;19;84;84012;84012;Casteltermini;;AG;0;0;8782.0;2001;99,9815;2009;8523;2009
5;19;84;84013;84013;Castrofilippo;;AG;0;0;3247.0;2001;18,0752;2009;3061;2009
5;19;84;84014;84014;Cattolica Eraclea;;AG;0;0;4959.0;2001;62,1638;2009;4082;2009
5;19;84;84015;84015;Cianciana;;AG;0;0;4073.0;2001;38,0815;2009;3583;2009
5;19;84;84016;84016;Comitini;;AG;0;0;955.0;2001;21,8900;2009;965;2009
5;19;84;84017;84017;Favara;;AG;0;0;31098.0;2001;81,8745;2009;33204;2009
5;19;84;84018;84018;Grotte;;AG;0;0;6208.0;2001;23,9760;2009;5954;2009
5;19;84;84019;84019;Joppolo Giancaxio;;AG;0;0;1286.0;2001;19,1421;2009;1228;2009
5;19;84;84020;84020;Lampedusa e Linosa;;AG;0;0;5725.0;2001;25,2217;2009;6204;2009
5;19;84;84021;84021;Licata;;AG;0;0;37976.0;2001;179,6783;2009;38769;2009
5;19;84;84022;84022;Lucca Sicula;;AG;0;0;2090.0;2001;18,6320;2009;1922;2009
5;19;84;84023;84023;Menfi;;AG;0;0;12783.0;2001;113,5780;2009;12877;2009
5;19;84;84024;84024;Montallegro;;AG;0;0;2732.0;2001;27,4124;2009;2540;2009
5;19;84;84025;84025;Montevago;;AG;0;0;3108.0;2001;32,9092;2009;3030;2009
5;19;84;84026;84026;Naro;;AG;0;0;8770.0;2001;207,4873;2009;8290;2009
5;19;84;84027;84027;Palma di Montechiaro;;AG;0;0;21563.0;2001;77,0626;2009;23843;2009
5;19;84;84028;84028;Porto Empedocle;;AG;0;0;15957.0;2001;25,2257;2009;17014;2009
5;19;84;84029;84029;Racalmuto;;AG;0;0;10051.0;2001;68,1009;2009;8895;2009
5;19;84;84030;84030;Raffadali;;AG;0;0;13336.0;2001;22,2987;2009;12881;2009
5;19;84;84031;84031;Ravanusa;;AG;0;0;14115.0;2001;49,5006;2009;12638;2009
5;19;84;84032;84032;Realmonte;;AG;0;0;4435.0;2001;20,3693;2009;4500;2009
5;19;84;84033;84033;Ribera;;AG;0;0;20186.0;2001;118,5210;2009;19515;2009
5;19;84;84034;84034;Sambuca di Sicilia;;AG;0;0;6158.0;2001;96,3715;2009;6240;2009
5;19;84;84035;84035;San Biagio Platani;;AG;0;0;3785.0;2001;42,6663;2009;3556;2009
5;19;84;84036;84036;San Giovanni Gemini;;AG;0;0;8169.0;2001;26,5594;2009;8079;2009
5;19;84;84037;84037;Santa Elisabetta;;AG;0;0;3073.0;2001;16,1674;2009;2736;2009
5;19;84;84038;84038;Santa Margherita di Belice;;AG;0;0;6564.0;2001;67,2752;2009;6629;2009
5;19;84;84039;84039;Sant'Angelo Muxaro;;AG;0;0;1730.0;2001;64,5212;2009;1512;2009
5;19;84;84040;84040;Santo Stefano Quisquina;;AG;0;0;5405.0;2001;85,5183;2009;5039;2009
5;19;84;84041;84041;Sciacca;;AG;0;0;40240.0;2001;191,6678;2009;40924;2009
5;19;84;84042;84042;Siculiana;;AG;0;0;4786.0;2001;40,9909;2009;4694;2009
5;19;84;84043;84043;Villafranca Sicula;;AG;0;0;1509.0;2001;17,6292;2009;1460;2009
5;19;85;85001;85001;Acquaviva Platani;;CL;0;0;1231.0;2001;14,6333;2009;1066;2009
5;19;85;85002;85002;Bompensiere;;CL;0;0;677.0;2001;19,9465;2009;630;2009
5;19;85;85003;85003;Butera;;CL;0;0;5376.0;2001;298,5439;2009;5003;2009
5;19;85;85004;85004;Caltanissetta;;CL;1;0;61438.0;2001;421,2465;2009;61715;2009
5;19;85;85005;85005;Campofranco;;CL;0;0;3632.0;2001;36,1131;2009;3313;2009
5;19;85;85006;85006;Delia;;CL;0;0;4350.0;2001;12,3988;2009;4471;2009
5;19;85;85007;85007;Gela;;CL;0;0;72774.0;2001;279,0669;2009;76249;2009
5;19;85;85008;85008;Marianopoli;;CL;0;0;2362.0;2001;13,0705;2009;2071;2009
5;19;85;85009;85009;Mazzarino;;CL;0;0;12627.0;2001;295,5893;2009;12407;2009
5;19;85;85010;85010;Milena;;CL;0;0;3446.0;2001;24,6266;2009;3221;2009
5;19;85;85011;85011;Montedoro;;CL;0;0;1780.0;2001;14,5331;2009;1686;2009
5;19;85;85012;85012;Mussomeli;;CL;0;0;11547.0;2001;164,4247;2009;11203;2009
5;19;85;85013;85013;Niscemi;;CL;0;0;27641.0;2001;96,8172;2009;27505;2009
5;19;85;85014;85014;Resuttano;;CL;0;0;2467.0;2001;38,2732;2009;2209;2009
5;19;85;85015;85015;Riesi;;CL;0;0;11746.0;2001;66,9953;2009;11830;2009
5;19;85;85016;85016;San Cataldo;;CL;0;0;23154.0;2001;72,7746;2009;23529;2009
5;19;85;85017;85017;Santa Caterina Villarmosa;;CL;0;0;6087.0;2001;75,8140;2009;5773;2009
5;19;85;85018;85018;Serradifalco;;CL;0;0;6423.0;2001;41,9382;2009;6422;2009
5;19;85;85019;85019;Sommatino;;CL;0;0;7875.0;2001;34,7565;2009;7418;2009
5;19;85;85020;85020;Sutera;;CL;0;0;1641.0;2001;35,5836;2009;1493;2009
5;19;85;85021;85021;Vallelunga Pratameno;;CL;0;0;3845.0;2001;39,3738;2009;3722;2009
5;19;85;85022;85022;Villalba;;CL;0;0;1916.0;2001;41,8177;2009;1761;2009
5;19;86;86001;86001;Agira;;EN;0;0;8348.0;2001;164,0808;2009;8512;2009
5;19;86;86002;86002;Aidone;;EN;0;0;6057.0;2001;210,7759;2009;5124;2009
5;19;86;86003;86003;Assoro;;EN;0;0;5393.0;2001;112,1499;2009;5384;2009
5;19;86;86004;86004;Barrafranca;;EN;0;0;13115.0;2001;53,7120;2009;13888;2009
5;19;86;86005;86005;Calascibetta;;EN;0;0;4829.0;2001;89,1179;2009;4700;2009
5;19;86;86006;86006;Catenanuova;;EN;0;0;4876.0;2001;11,2247;2009;5065;2009
5;19;86;86007;86007;Centuripe;;EN;0;0;5903.0;2001;174,1946;2009;5705;2009
5;19;86;86008;86008;Cerami;;EN;0;0;2462.0;2001;95,0465;2009;2175;2009
5;19;86;86009;86009;Enna;;EN;1;0;28983.0;2001;358,7438;2009;28088;2009
5;19;86;86010;86010;Gagliano Castelferrato;;EN;0;0;3772.0;2001;56,2367;2009;3750;2009
5;19;86;86011;86011;Leonforte;;EN;0;0;14145.0;2001;84,3917;2009;14043;2009
5;19;86;86012;86012;Nicosia;;EN;0;0;14812.0;2001;218,5057;2009;14577;2009
5;19;86;86013;86013;Nissoria;;EN;0;0;3014.0;2001;61,8244;2009;2933;2009
5;19;86;86014;86014;Piazza Armerina;;EN;0;0;21038.0;2001;304,5375;2009;22006;2009
5;19;86;86015;86015;Pietraperzia;;EN;0;0;7340.0;2001;118,1099;2009;7272;2009
5;19;86;86016;86016;Regalbuto;;EN;0;0;7744.0;2001;170,2924;2009;7590;2009
5;19;86;86017;86017;Sperlinga;;EN;0;0;963.0;2001;59,1389;2009;891;2009
5;19;86;86018;86018;Troina;;EN;0;0;10061.0;2001;168,2777;2009;9729;2009
5;19;86;86019;86019;Valguarnera Caropepe;;EN;0;0;8649.0;2001;9,4134;2009;8307;2009
5;19;86;86020;86020;Villarosa;;EN;0;0;5696.0;2001;54,8921;2009;5337;2009
5;19;87;87001;87001;Aci Bonaccorsi;;CT;0;0;2549.0;2001;1,7242;2009;3100;2009
5;19;87;87002;87002;Aci Castello;;CT;0;0;18272.0;2001;8,7058;2009;18370;2009
5;19;87;87003;87003;Aci Catena;;CT;0;0;27058.0;2001;8,5344;2009;28623;2009
5;19;87;87004;87004;Acireale;;CT;0;0;50190.0;2001;40,4288;2009;52327;2009
5;19;87;87005;87005;Aci Sant'Antonio;;CT;0;0;15389.0;2001;14,3333;2009;17353;2009
5;19;87;87006;87006;Adrano;;CT;0;0;34490.0;2001;83,2208;2009;36545;2009
5;19;87;87007;87007;Belpasso;;CT;0;0;20358.0;2001;166,3264;2009;25342;2009
5;19;87;87008;87008;Biancavilla;;CT;0;0;22477.0;2001;70,2753;2009;23719;2009
5;19;87;87009;87009;Bronte;;CT;0;0;18512.0;2001;250,7257;2009;19266;2009
5;19;87;87010;87010;Calatabiano;;CT;0;0;5215.0;2001;26,4172;2009;5463;2009
5;19;87;87011;87011;Caltagirone;;CT;0;0;37373.0;2001;383,3734;2009;39111;2009
5;19;87;87012;87012;Camporotondo Etneo;;CT;0;0;3007.0;2001;6,5540;2009;4284;2009
5;19;87;87013;87013;Castel di Iudica;;CT;0;0;4694.0;2001;103,2097;2009;4750;2009
5;19;87;87014;87014;Castiglione di Sicilia;;CT;0;0;3746.0;2001;118,9021;2009;3368;2009
5;19;87;87015;87015;Catania;;CT;1;0;313110.0;2001;182,8974;2009;298391;2009
5;19;87;87016;87016;Fiumefreddo di Sicilia;;CT;0;0;9602.0;2001;12,1599;2009;9668;2009
5;19;87;87017;87017;Giarre;;CT;0;0;26357.0;2001;27,3224;2009;27697;2009
5;19;87;87018;87018;Grammichele;;CT;0;0;13395.0;2001;31,0164;2009;13332;2009
5;19;87;87019;87019;Gravina di Catania;;CT;0;0;27343.0;2001;5,1500;2009;27364;2009
5;19;87;87020;87020;Licodia Eubea;;CT;0;0;3161.0;2001;112,4453;2009;3049;2009
5;19;87;87021;87021;Linguaglossa;;CT;0;0;5432.0;2001;60,2466;2009;5460;2009
5;19;87;87022;87022;Maletto;;CT;0;0;4032.0;2001;40,9571;2009;4064;2009
5;19;87;87023;87023;Mascali;;CT;0;0;11122.0;2001;37,8462;2009;13634;2009
5;19;87;87024;87024;Mascalucia;;CT;0;0;24483.0;2001;16,2795;2009;29462;2009
5;19;87;87025;87025;Militello in Val di Catania;;CT;0;0;8204.0;2001;62,4748;2009;7914;2009
5;19;87;87026;87026;Milo;;CT;0;0;1104.0;2001;16,6713;2009;1051;2009
5;19;87;87027;87027;Mineo;;CT;0;0;5586.0;2001;246,3176;2009;5321;2009
5;19;87;87028;87028;Mirabella Imbaccari;;CT;0;0;6331.0;2001;15,3009;2009;5350;2009
5;19;87;87029;87029;Misterbianco;;CT;0;0;43995.0;2001;37,6782;2009;48568;2009
5;19;87;87030;87030;Motta Sant'Anastasia;;CT;0;0;10244.0;2001;35,7064;2009;11596;2009
5;19;87;87031;87031;Nicolosi;;CT;0;0;6197.0;2001;42,6505;2009;7059;2009
5;19;87;87032;87032;Palagonia;;CT;0;0;16568.0;2001;57,7851;2009;16467;2009
5;19;87;87033;87033;Paternò;;CT;0;0;45725.0;2001;144,6802;2009;49033;2009
5;19;87;87034;87034;Pedara;;CT;0;0;10062.0;2001;19,2334;2009;12655;2009
5;19;87;87035;87035;Piedimonte Etneo;;CT;0;0;3664.0;2001;26,5431;2009;4029;2009
5;19;87;87036;87036;Raddusa;;CT;0;0;3535.0;2001;23,3861;2009;3278;2009
5;19;87;87037;87037;Ramacca;;CT;0;0;10459.0;2001;306,4330;2009;10755;2009
5;19;87;87038;87038;Randazzo;;CT;0;0;11223.0;2001;205,6137;2009;11107;2009
5;19;87;87039;87039;Riposto;;CT;0;0;13951.0;2001;13,2459;2009;14931;2009
5;19;87;87040;87040;San Cono;;CT;0;0;2961.0;2001;6,6313;2009;2909;2009
5;19;87;87041;87041;San Giovanni la Punta;;CT;0;0;20850.0;2001;10,8477;2009;22051;2009
5;19;87;87042;87042;San Gregorio di Catania;;CT;0;0;10366.0;2001;5,6490;2009;11415;2009
5;19;87;87043;87043;San Michele di Ganzaria;;CT;0;0;4749.0;2001;25,8123;2009;3624;2009
5;19;87;87044;87044;San Pietro Clarenza;;CT;0;0;5863.0;2001;6,2721;2009;6981;2009
5;19;87;87045;87045;Sant'Agata li Battiati;;CT;0;0;10378.0;2001;3,1248;2009;9794;2009
5;19;87;87046;87046;Sant'Alfio;;CT;0;0;1647.0;2001;25,8595;2009;1675;2009
5;19;87;87047;87047;Santa Maria di Licodia;;CT;0;0;6760.0;2001;26,2767;2009;7197;2009
5;19;87;87048;87048;Santa Venerina;;CT;0;0;7901.0;2001;19,0258;2009;8367;2009
5;19;87;87049;87049;Scordia;;CT;0;0;17022.0;2001;24,3092;2009;17290;2009
5;19;87;87050;87050;Trecastagni;;CT;0;0;8212.0;2001;19,1562;2009;10278;2009
5;19;87;87051;87051;Tremestieri Etneo;;CT;0;0;20442.0;2001;6,5170;2009;21454;2009
5;19;87;87052;87052;Valverde;;CT;0;0;7246.0;2001;5,5218;2009;7662;2009
5;19;87;87053;87053;Viagrande;;CT;0;0;6591.0;2001;10,0944;2009;7921;2009
5;19;87;87054;87054;Vizzini;;CT;0;0;7105.0;2001;126,7508;2009;6714;2009
5;19;87;87055;87055;Zafferana Etnea;;CT;0;0;8139.0;2001;76,8654;2009;9252;2009
5;19;87;87056;87056;Mazzarrone;;CT;0;0;3685.0;2001;34,7833;2009;3846;2009
5;19;87;87057;87057;Maniace;;CT;0;0;3543.0;2001;37,8317;2009;3660;2009
5;19;87;87058;87058;Ragalna;;CT;0;0;3103.0;2001;39,5280;2009;3571;2009
5;19;88;88001;88001;Acate;;RG;0;0;8000.0;2001;102,4684;2009;9039;2009
5;19;88;88002;88002;Chiaramonte Gulfi;;RG;0;0;8099.0;2001;127,3740;2009;8195;2009
5;19;88;88003;88003;Comiso;;RG;0;0;29076.0;2001;65,4008;2009;29923;2009
5;19;88;88004;88004;Giarratana;;RG;0;0;3343.0;2001;43,6296;2009;3197;2009
5;19;88;88005;88005;Ispica;;RG;0;0;14457.0;2001;113,7530;2009;15206;2009
5;19;88;88006;88006;Modica;;RG;0;0;52639.0;2001;292,3699;2009;54505;2009
5;19;88;88007;88007;Monterosso Almo;;RG;0;0;3346.0;2001;56,5500;2009;3265;2009
5;19;88;88008;88008;Pozzallo;;RG;0;0;17936.0;2001;15,3764;2009;19031;2009
5;19;88;88009;88009;Ragusa;;RG;1;0;68956.0;2001;444,6595;2009;72029;2009
5;19;88;88010;88010;Santa Croce Camerina;;RG;0;0;8481.0;2001;41,0850;2009;9571;2009
5;19;88;88011;88011;Scicli;;RG;0;0;25614.0;2001;138,7215;2009;26174;2009
5;19;88;88012;88012;Vittoria;;RG;0;0;55317.0;2001;182,4725;2009;61302;2009
5;19;89;89001;89001;Augusta;;SR;0;0;33820.0;2001;111,1579;2009;35700;2009
5;19;89;89002;89002;Avola;;SR;0;0;31289.0;2001;74,5914;2009;31632;2009
5;19;89;89003;89003;Buccheri;;SR;0;0;2320.0;2001;57,8310;2009;2164;2009
5;19;89;89004;89004;Buscemi;;SR;0;0;1200.0;2001;52,0509;2009;1121;2009
5;19;89;89005;89005;Canicattini Bagni;;SR;0;0;7519.0;2001;15,0628;2009;7350;2009
5;19;89;89006;89006;Carlentini;;SR;0;0;16879.0;2001;158,9090;2009;17934;2009
5;19;89;89007;89007;Cassaro;;SR;0;0;909.0;2001;19,6156;2009;813;2009
5;19;89;89008;89008;Ferla;;SR;0;0;2760.0;2001;24,8976;2009;2601;2009
5;19;89;89009;89009;Floridia;;SR;0;0;20675.0;2001;26,4772;2009;22794;2009
5;19;89;89010;89010;Francofonte;;SR;0;0;12949.0;2001;74,2007;2009;12824;2009
5;19;89;89011;89011;Lentini;;SR;0;0;24748.0;2001;216,7816;2009;24387;2009
5;19;89;89012;89012;Melilli;;SR;0;0;12216.0;2001;136,4173;2009;13132;2009
5;19;89;89013;89013;Noto;;SR;0;0;23065.0;2001;554,9842;2009;23813;2009
5;19;89;89014;89014;Pachino;;SR;0;0;21324.0;2001;50,9828;2009;21998;2009
5;19;89;89015;89015;Palazzolo Acreide;;SR;0;0;9109.0;2001;87,5343;2009;9092;2009
5;19;89;89016;89016;Rosolini;;SR;0;0;20152.0;2001;76,4685;2009;21634;2009
5;19;89;89017;89017;Siracusa;;SR;1;0;123657.0;2001;207,7755;2009;123065;2009
5;19;89;89018;89018;Solarino;;SR;0;0;7199.0;2001;13,0204;2009;7821;2009
5;19;89;89019;89019;Sortino;;SR;0;0;9092.0;2001;93,3296;2009;8968;2009
5;19;89;89020;89020;Portopalo di Capo Passero;;SR;0;0;3500.0;2001;15,0908;2009;3738;2009
5;19;89;89021;89021;Priolo Gargallo;;SR;0;0;11785.0;2001;56,9227;2009;12145;2009
5;20;90;90003;90003;Alghero;;SS;0;0;38404.0;2001;225,3921;2009;40570;2009
5;20;90;90004;90004;Anela;;SS;0;0;817.0;2001;36,8902;2009;710;2009
5;20;90;90005;90005;Ardara;;SS;0;0;847.0;2001;38,1886;2009;826;2009
5;20;90;90007;90007;Banari;;SS;0;0;677.0;2001;21,2509;2009;612;2009
5;20;90;90008;90008;Benetutti;;SS;0;0;2181.0;2001;94,4459;2009;2020;2009
5;20;90;90010;90010;Bessude;;SS;0;0;501.0;2001;26,7940;2009;447;2009
5;20;90;90011;90011;Bonnanaro;;SS;0;0;1127.0;2001;21,8442;2009;1050;2009
5;20;90;90012;90012;Bono;;SS;0;0;3800.0;2001;74,5394;2009;3694;2009
5;20;90;90013;90013;Bonorva;;SS;0;0;4106.0;2001;149,7440;2009;3730;2009
5;20;90;90015;90015;Borutta;;SS;0;0;318.0;2001;4,7583;2009;288;2009
5;20;90;90016;90016;Bottidda;;SS;0;0;804.0;2001;33,7144;2009;756;2009
5;20;90;90018;90018;Bultei;;SS;0;0;1206.0;2001;96,8314;2009;1072;2009
5;20;90;90019;90019;Bulzi;;SS;0;0;634.0;2001;21,6697;2009;567;2009
5;20;90;90020;90020;Burgos;;SS;0;0;1068.0;2001;18,0769;2009;950;2009
5;20;90;90022;90022;Cargeghe;;SS;0;0;606.0;2001;12,0464;2009;628;2009
5;20;90;90023;90023;Castelsardo;;SS;0;0;5410.0;2001;43,3435;2009;5781;2009
5;20;90;90024;90024;Cheremule;;SS;0;0;527.0;2001;24,2502;2009;457;2009
5;20;90;90025;90025;Chiaramonti;;SS;0;0;1915.0;2001;98,6115;2009;1771;2009
5;20;90;90026;90026;Codrongianos;;SS;0;0;1281.0;2001;30,3908;2009;1369;2009
5;20;90;90027;90027;Cossoine;;SS;0;0;982.0;2001;39,1704;2009;930;2009
5;20;90;90028;90028;Esporlatu;;SS;0;0;475.0;2001;18,4001;2009;433;2009
5;20;90;90029;90029;Florinas;;SS;0;0;1574.0;2001;36,0608;2009;1544;2009
5;20;90;90030;90030;Giave;;SS;0;0;692.0;2001;47,0662;2009;591;2009
5;20;90;90031;90031;Illorai;;SS;0;0;1121.0;2001;57,1904;2009;1001;2009
5;20;90;90032;90032;Ittireddu;;SS;0;0;586.0;2001;23,6868;2009;569;2009
5;20;90;90033;90033;Ittiri;;SS;0;0;9050.0;2001;111,4578;2009;8928;2009
5;20;90;90034;90034;Laerru;;SS;0;0;1029.0;2001;19,8495;2009;973;2009
5;20;90;90038;90038;Mara;;SS;0;0;808.0;2001;18,6162;2009;680;2009
5;20;90;90039;90039;Martis;;SS;0;0;630.0;2001;22,9593;2009;560;2009
5;20;90;90040;90040;Monteleone Rocca Doria;;SS;0;0;134.0;2001;13,3859;2009;127;2009
5;20;90;90042;90042;Mores;;SS;0;0;2074.0;2001;94,8547;2009;1998;2009
5;20;90;90043;90043;Muros;;SS;0;0;754.0;2001;11,2256;2009;821;2009
5;20;90;90044;90044;Nughedu San Nicolò;;SS;0;0;1017.0;2001;67,8937;2009;893;2009
5;20;90;90045;90045;Nule;;SS;0;0;1573.0;2001;51,9467;2009;1448;2009
5;20;90;90046;90046;Nulvi;;SS;0;0;3007.0;2001;67,3749;2009;2888;2009
5;20;90;90048;90048;Olmedo;;SS;0;0;2852.0;2001;33,4655;2009;3794;2009
5;20;90;90050;90050;Osilo;;SS;0;0;3498.0;2001;98,0311;2009;3269;2009
5;20;90;90051;90051;Ossi;;SS;0;0;5735.0;2001;30,0898;2009;5865;2009
5;20;90;90052;90052;Ozieri;;SS;0;0;11334.0;2001;252,1281;2009;10975;2009
5;20;90;90053;90053;Padria;;SS;0;0;836.0;2001;48,3942;2009;717;2009
5;20;90;90055;90055;Pattada;;SS;0;0;3513.0;2001;164,8777;2009;3303;2009
5;20;90;90056;90056;Perfugas;;SS;0;0;2488.0;2001;60,8803;2009;2469;2009
5;20;90;90057;90057;Ploaghe;;SS;0;0;4816.0;2001;96,2684;2009;4689;2009
5;20;90;90058;90058;Porto Torres;;SS;0;0;21064.0;2001;104,4119;2009;22309;2009
5;20;90;90059;90059;Pozzomaggiore;;SS;0;0;3011.0;2001;78,7985;2009;2737;2009
5;20;90;90060;90060;Putifigari;;SS;0;0;701.0;2001;53,1002;2009;737;2009
5;20;90;90061;90061;Romana;;SS;0;0;619.0;2001;21,5952;2009;586;2009
5;20;90;90064;90064;Sassari;;SS;1;0;120729.0;2001;547,0335;2009;125636;2009
5;20;90;90065;90065;Sedini;;SS;0;0;1461.0;2001;40,5057;2009;1398;2009
5;20;90;90066;90066;Semestene;;SS;0;0;227.0;2001;39,5828;2009;177;2009
5;20;90;90067;90067;Sennori;;SS;0;0;7365.0;2001;31,3396;2009;7384;2009
5;20;90;90068;90068;Siligo;;SS;0;0;1012.0;2001;43,4487;2009;949;2009
5;20;90;90069;90069;Sorso;;SS;0;0;12842.0;2001;67,0107;2009;14388;2009
5;20;90;90071;90071;Thiesi;;SS;0;0;3165.0;2001;63,2444;2009;3042;2009
5;20;90;90072;90072;Tissi;;SS;0;0;1875.0;2001;10,2377;2009;2288;2009
5;20;90;90073;90073;Torralba;;SS;0;0;1022.0;2001;36,5029;2009;1000;2009
5;20;90;90075;90075;Tula;;SS;0;0;1665.0;2001;66,1853;2009;1619;2009
5;20;90;90076;90076;Uri;;SS;0;0;3050.0;2001;56,8063;2009;3043;2009
5;20;90;90077;90077;Usini;;SS;0;0;3748.0;2001;30,7367;2009;4227;2009
5;20;90;90078;90078;Villanova Monteleone;;SS;0;0;2588.0;2001;202,6815;2009;2416;2009
5;20;90;90079;90079;Valledoria;;SS;0;0;3713.0;2001;25,9538;2009;4092;2009
5;20;90;90082;90082;Viddalba;;SS;0;0;1719.0;2001;50,4089;2009;1699;2009
5;20;90;90086;90086;Tergu;;SS;0;0;570.0;2001;36,8773;2009;594;2009
5;20;90;90087;90087;Santa Maria Coghinas;;SS;0;0;1439.0;2001;22,9702;2009;1461;2009
5;20;90;90088;90088;Erula;;SS;0;0;807.0;2001;39,3115;2009;780;2009
5;20;90;90089;90089;Stintino;;SS;0;0;1127.0;2001;59,0432;2009;1475;2009
5;20;91;91001;91001;Aritzo;;NU;0;0;1544.0;2001;75,5753;2009;1382;2009
5;20;91;91003;91003;Atzara;;NU;0;0;1310.0;2001;35,9218;2009;1224;2009
5;20;91;91004;91004;Austis;;NU;0;0;959.0;2001;50,8083;2009;883;2009
5;20;91;91007;91007;Belvì;;NU;0;0;741.0;2001;18,1022;2009;674;2009
5;20;91;91008;91008;Birori;;NU;0;0;591.0;2001;17,3276;2009;555;2009
5;20;91;91009;91009;Bitti;;NU;0;0;3481.0;2001;215,3678;2009;3091;2009
5;20;91;91010;91010;Bolotana;;NU;0;0;3276.0;2001;108,4346;2009;2912;2009
5;20;91;91011;91011;Borore;;NU;0;0;2352.0;2001;42,6755;2009;2223;2009
5;20;91;91012;91012;Bortigali;;NU;0;0;1543.0;2001;67,3269;2009;1448;2009
5;20;91;91016;91016;Desulo;;NU;0;0;2887.0;2001;74,4978;2009;2477;2009
5;20;91;91017;91017;Dorgali;;NU;0;0;8190.0;2001;226,5326;2009;8499;2009
5;20;91;91018;91018;Dualchi;;NU;0;0;764.0;2001;23,4099;2009;700;2009
5;20;91;91024;91024;Fonni;;NU;0;0;4371.0;2001;112,2661;2009;4122;2009
5;20;91;91025;91025;Gadoni;;NU;0;0;990.0;2001;43,4344;2009;906;2009
5;20;91;91027;91027;Galtellì;;NU;0;0;2344.0;2001;56,5299;2009;2464;2009
5;20;91;91028;91028;Gavoi;;NU;0;0;3011.0;2001;38,0588;2009;2795;2009
5;20;91;91033;91033;Irgoli;;NU;0;0;2294.0;2001;75,2988;2009;2322;2009
5;20;91;91038;91038;Lei;;NU;0;0;645.0;2001;19,1146;2009;581;2009
5;20;91;91040;91040;Loculi;;NU;0;0;523.0;2001;38,1494;2009;513;2009
5;20;91;91041;91041;Lodè;;NU;0;0;2212.0;2001;123,4435;2009;1970;2009
5;20;91;91043;91043;Lula;;NU;0;0;1657.0;2001;148,7146;2009;1548;2009
5;20;91;91044;91044;Macomer;;NU;0;0;11116.0;2001;122,7633;2009;10699;2009
5;20;91;91046;91046;Mamoiada;;NU;0;0;2580.0;2001;48,8294;2009;2585;2009
5;20;91;91047;91047;Meana Sardo;;NU;0;0;2060.0;2001;73,8037;2009;1948;2009
5;20;91;91050;91050;Noragugume;;NU;0;0;378.0;2001;26,7317;2009;349;2009
5;20;91;91051;91051;Nuoro;;NU;1;0;36678.0;2001;192,0589;2009;36828;2009
5;20;91;91055;91055;Oliena;;NU;0;0;7604.0;2001;165,7375;2009;7417;2009
5;20;91;91056;91056;Ollolai;;NU;0;0;1579.0;2001;27,2372;2009;1400;2009
5;20;91;91057;91057;Olzai;;NU;0;0;1046.0;2001;69,8209;2009;937;2009
5;20;91;91058;91058;Onanì;;NU;0;0;473.0;2001;71,9700;2009;400;2009
5;20;91;91059;91059;Onifai;;NU;0;0;766.0;2001;43,1843;2009;754;2009
5;20;91;91060;91060;Oniferi;;NU;0;0;959.0;2001;35,6733;2009;941;2009
5;20;91;91061;91061;Orani;;NU;0;0;3152.0;2001;130,4318;2009;3041;2009
5;20;91;91062;91062;Orgosolo;;NU;0;0;4538.0;2001;222,5958;2009;4412;2009
5;20;91;91063;91063;Orosei;;NU;0;0;5870.0;2001;90,9956;2009;6702;2009
5;20;91;91064;91064;Orotelli;;NU;0;0;2314.0;2001;61,1765;2009;2197;2009
5;20;91;91066;91066;Ortueri;;NU;0;0;1435.0;2001;38,8336;2009;1313;2009
5;20;91;91067;91067;Orune;;NU;0;0;3021.0;2001;128,4462;2009;2629;2009
5;20;91;91068;91068;Osidda;;NU;0;0;266.0;2001;25,6759;2009;252;2009
5;20;91;91070;91070;Ottana;;NU;0;0;2526.0;2001;45,0708;2009;2416;2009
5;20;91;91071;91071;Ovodda;;NU;0;0;1732.0;2001;40,8474;2009;1653;2009
5;20;91;91073;91073;Posada;;NU;0;0;2394.0;2001;32,7667;2009;2805;2009
5;20;91;91077;91077;Sarule;;NU;0;0;1905.0;2001;52,7149;2009;1800;2009
5;20;91;91083;91083;Silanus;;NU;0;0;2394.0;2001;47,9346;2009;2244;2009
5;20;91;91084;91084;Sindia;;NU;0;0;1971.0;2001;58,5657;2009;1839;2009
5;20;91;91085;91085;Siniscola;;NU;0;0;10954.0;2001;196,3784;2009;11466;2009
5;20;91;91086;91086;Sorgono;;NU;0;0;1949.0;2001;56,0512;2009;1789;2009
5;20;91;91090;91090;Teti;;NU;0;0;807.0;2001;43,8005;2009;730;2009
5;20;91;91091;91091;Tiana;;NU;0;0;584.0;2001;19,3156;2009;529;2009
5;20;91;91093;91093;Tonara;;NU;0;0;2397.0;2001;52,0143;2009;2178;2009
5;20;91;91094;91094;Torpè;;NU;0;0;2719.0;2001;91,5030;2009;2890;2009
5;20;91;91104;91104;Lodine;;NU;0;0;408.0;2001;7,7000;2009;379;2009
5;20;92;92002;92002;Armungia;;CA;0;0;584.0;2001;54,7539;2009;503;2009
5;20;92;92003;92003;Assemini;;CA;0;0;23973.0;2001;118,1723;2009;26506;2009
5;20;92;92004;92004;Ballao;;CA;0;0;971.0;2001;46,6243;2009;909;2009
5;20;92;92005;92005;Barrali;;CA;0;0;1076.0;2001;11,2270;2009;1112;2009
5;20;92;92008;92008;Burcei;;CA;0;0;2978.0;2001;94,8518;2009;2915;2009
5;20;92;92009;92009;Cagliari;;CA;1;1;164249.0;2001;85,0476;2009;153483;2009
5;20;92;92011;92011;Capoterra;;CA;0;0;21391.0;2001;68,4887;2009;23431;2009
5;20;92;92015;92015;Decimomannu;;CA;0;0;6836.0;2001;27,7167;2009;7762;2009
5;20;92;92016;92016;Decimoputzu;;CA;0;0;4025.0;2001;44,7736;2009;4205;2009
5;20;92;92017;92017;Dolianova;;CA;0;0;7979.0;2001;84,3042;2009;9160;2009
5;20;92;92018;92018;Domus de Maria;;CA;0;0;1545.0;2001;97,1361;2009;1686;2009
5;20;92;92020;92020;Donori;;CA;0;0;2138.0;2001;35,3086;2009;2106;2009
5;20;92;92024;92024;Gesico;;CA;0;0;988.0;2001;25,6223;2009;903;2009
5;20;92;92027;92027;Goni;;CA;0;0;556.0;2001;18,5982;2009;523;2009
5;20;92;92030;92030;Guamaggiore;;CA;0;0;1082.0;2001;16,8014;2009;1034;2009
5;20;92;92031;92031;Guasila;;CA;0;0;2968.0;2001;43,5101;2009;2805;2009
5;20;92;92036;92036;Mandas;;CA;0;0;2464.0;2001;45,0146;2009;2280;2009
5;20;92;92037;92037;Maracalagonis;;CA;0;0;6731.0;2001;101,3689;2009;7443;2009
5;20;92;92038;92038;Monastir;;CA;0;0;4496.0;2001;31,7868;2009;4550;2009
5;20;92;92039;92039;Muravera;;CA;0;0;4650.0;2001;93,5067;2009;5165;2009
5;20;92;92042;92042;Nuraminis;;CA;0;0;2822.0;2001;45,1794;2009;2624;2009
5;20;92;92044;92044;Ortacesus;;CA;0;0;1009.0;2001;23,6258;2009;944;2009
5;20;92;92048;92048;Pimentel;;CA;0;0;1238.0;2001;14,9677;2009;1202;2009
5;20;92;92050;92050;Pula;;CA;0;0;6535.0;2001;138,9158;2009;7193;2009
5;20;92;92051;92051;Quartu Sant'Elena;;CA;0;0;68040.0;2001;96,4104;2009;70085;2009
5;20;92;92053;92053;Samatzai;;CA;0;0;1746.0;2001;31,1591;2009;1722;2009
5;20;92;92054;92054;San Basilio;;CA;0;0;1414.0;2001;44,6242;2009;1293;2009
5;20;92;92058;92058;San Nicolò Gerrei;;CA;0;0;977.0;2001;63,5145;2009;896;2009
5;20;92;92059;92059;San Sperate;;CA;0;0;6821.0;2001;26,2412;2009;7730;2009
5;20;92;92061;92061;Sant'Andrea Frius;;CA;0;0;1892.0;2001;36,1629;2009;1867;2009
5;20;92;92064;92064;San Vito;;CA;0;0;3895.0;2001;231,6381;2009;3859;2009
5;20;92;92066;92066;Sarroch;;CA;0;0;5243.0;2001;67,8293;2009;5322;2009
5;20;92;92068;92068;Selargius;;CA;0;0;27440.0;2001;26,6740;2009;28831;2009
5;20;92;92069;92069;Selegas;;CA;0;0;1523.0;2001;20,3934;2009;1433;2009
5;20;92;92070;92070;Senorbì;;CA;0;0;4419.0;2001;34,2889;2009;4689;2009
5;20;92;92071;92071;Serdiana;;CA;0;0;2279.0;2001;55,7060;2009;2564;2009
5;20;92;92074;92074;Sestu;;CA;0;0;15233.0;2001;48,2850;2009;19491;2009
5;20;92;92075;92075;Settimo San Pietro;;CA;0;0;5949.0;2001;23,2939;2009;6447;2009
5;20;92;92078;92078;Siliqua;;CA;0;0;4150.0;2001;189,5926;2009;4035;2009
5;20;92;92079;92079;Silius;;CA;0;0;1385.0;2001;38,3587;2009;1285;2009
5;20;92;92080;92080;Sinnai;;CA;0;0;15235.0;2001;223,9078;2009;16603;2009
5;20;92;92081;92081;Siurgus Donigala;;CA;0;0;2189.0;2001;76,3871;2009;2071;2009
5;20;92;92082;92082;Soleminis;;CA;0;0;1587.0;2001;12,7937;2009;1825;2009
5;20;92;92083;92083;Suelli;;CA;0;0;1171.0;2001;19,1982;2009;1146;2009
5;20;92;92084;92084;Teulada;;CA;0;0;3988.0;2001;246,1839;2009;3813;2009
5;20;92;92088;92088;Ussana;;CA;0;0;3763.0;2001;32,8211;2009;4182;2009
5;20;92;92090;92090;Uta;;CA;0;0;6692.0;2001;134,7064;2009;7518;2009
5;20;92;92091;92091;Vallermosa;;CA;0;0;2010.0;2001;61,7509;2009;1999;2009
5;20;92;92097;92097;Villaputzu;;CA;0;0;4831.0;2001;181,3074;2009;4962;2009
5;20;92;92098;92098;Villasalto;;CA;0;0;1353.0;2001;130,3593;2009;1160;2009
5;20;92;92099;92099;Villa San Pietro;;CA;0;0;1778.0;2001;39,8870;2009;1902;2009
5;20;92;92100;92100;Villasimius;;CA;0;0;2887.0;2001;57,9709;2009;3467;2009
5;20;92;92101;92101;Villasor;;CA;0;0;7065.0;2001;86,7935;2009;6940;2009
5;20;92;92102;92102;Villaspeciosa;;CA;0;0;1947.0;2001;27,4453;2009;2298;2009
5;20;92;92105;92105;Quartucciu;;CA;0;0;10766.0;2001;27,9317;2009;12587;2009
5;20;92;92106;92106;Castiadas;;CA;0;0;1310.0;2001;103,8876;2009;1439;2009
5;20;92;92108;92108;Elmas;;CA;0;0;7930.0;2001;13,6260;2009;8847;2009
5;20;92;92109;92109;Monserrato;;CA;0;0;20829.0;2001;6,4332;2009;20806;2009
5;20;92;92110;92110;Escalaplano;;CA;0;0;2532.0;2001;94,0356;2009;2289;2009
5;20;92;92111;92111;Escolca;;CA;0;0;692.0;2001;14,7596;2009;605;2009
5;20;92;92112;92112;Esterzili;;CA;0;0;844.0;2001;100,7428;2009;763;2009
5;20;92;92113;92113;Gergei;;CA;0;0;1457.0;2001;36,1777;2009;1321;2009
5;20;92;92114;92114;Isili;;CA;0;0;3080.0;2001;67,8361;2009;2934;2009
5;20;92;92115;92115;Nuragus;;CA;0;0;1025.0;2001;19,8991;2009;963;2009
5;20;92;92116;92116;Nurallao;;CA;0;0;1431.0;2001;34,7617;2009;1367;2009
5;20;92;92117;92117;Nurri;;CA;0;0;2431.0;2001;73,6722;2009;2286;2009
5;20;92;92118;92118;Orroli;;CA;0;0;2752.0;2001;75,5932;2009;2464;2009
5;20;92;92119;92119;Sadali;;CA;0;0;1054.0;2001;49,6103;2009;937;2009
5;20;92;92120;92120;Serri;;CA;0;0;760.0;2001;19,1826;2009;700;2009
5;20;92;92121;92121;Seulo;;CA;0;0;1023.0;2001;58,7880;2009;909;2009
5;20;92;92122;92122;Villanova Tulo;;CA;0;0;1208.0;2001;40,4495;2009;1163;2009
2;6;93;93001;93001;Andreis;;PN;0;0;323.0;2001;27,3061;2009;284;2009
2;6;93;93002;93002;Arba;;PN;0;0;1228.0;2001;15,3112;2009;1294;2009
2;6;93;93003;93003;Arzene;;PN;0;0;1608.0;2001;12,1070;2009;1789;2009
2;6;93;93004;93004;Aviano;;PN;0;0;8225.0;2001;113,3483;2009;9157;2009
2;6;93;93005;93005;Azzano Decimo;;PN;0;0;12880.0;2001;51,4264;2009;15309;2009
2;6;93;93006;93006;Barcis;;PN;0;0;306.0;2001;103,4116;2009;271;2009
2;6;93;93007;93007;Brugnera;;PN;0;0;8112.0;2001;29,1182;2009;9239;2009
2;6;93;93008;93008;Budoia;;PN;0;0;2147.0;2001;37,3578;2009;2538;2009
2;6;93;93009;93009;Caneva;;PN;0;0;6323.0;2001;41,7940;2009;6527;2009
2;6;93;93010;93010;Casarsa della Delizia;;PN;0;0;8135.0;2001;20,4660;2009;8502;2009
2;6;93;93011;93011;Castelnovo del Friuli;;PN;0;0;899.0;2001;22,6012;2009;942;2009
2;6;93;93012;93012;Cavasso Nuovo;;PN;0;0;1408.0;2001;10,5962;2009;1616;2009
2;6;93;93013;93013;Chions;;PN;0;0;4523.0;2001;33,4498;2009;5228;2009
2;6;93;93014;93014;Cimolais;;PN;0;0;465.0;2001;100,8462;2009;435;2009
2;6;93;93015;93015;Claut;;PN;0;0;1181.0;2001;165,9063;2009;1060;2009
2;6;93;93016;93016;Clauzetto;;PN;0;0;419.0;2001;28,1878;2009;407;2009
2;6;93;93017;93017;Cordenons;;PN;0;0;16991.0;2001;56,3865;2009;18319;2009
2;6;93;93018;93018;Cordovado;;PN;0;0;2518.0;2001;12,0184;2009;2710;2009
2;6;93;93019;93019;Erto e Casso;;PN;0;0;424.0;2001;52,4295;2009;389;2009
2;6;93;93020;93020;Fanna;;PN;0;0;1516.0;2001;10,2629;2009;1574;2009
2;6;93;93021;93021;Fiume Veneto;;PN;0;0;10221.0;2001;35,7365;2009;11369;2009
2;6;93;93022;93022;Fontanafredda;;PN;0;0;9515.0;2001;46,4014;2009;11288;2009
2;6;93;93024;93024;Frisanco;;PN;0;0;650.0;2001;60,9870;2009;695;2009
2;6;93;93025;93025;Maniago;;PN;0;0;11708.0;2001;69,1037;2009;11917;2009
2;6;93;93026;93026;Meduno;;PN;0;0;1730.0;2001;31,5906;2009;1704;2009
2;6;93;93027;93027;Montereale Valcellina;;PN;0;0;4656.0;2001;67,8802;2009;4612;2009
2;6;93;93028;93028;Morsano al Tagliamento;;PN;0;0;2762.0;2001;32,5337;2009;2885;2009
2;6;93;93029;93029;Pasiano di Pordenone;;PN;0;0;7422.0;2001;45,6234;2009;7971;2009
2;6;93;93030;93030;Pinzano al Tagliamento;;PN;0;0;1608.0;2001;21,9508;2009;1578;2009
2;6;93;93031;93031;Polcenigo;;PN;0;0;3127.0;2001;49,6882;2009;3208;2009
2;6;93;93032;93032;Porcia;;PN;0;0;13616.0;2001;29,4693;2009;15276;2009
2;6;93;93033;93033;Pordenone;;PN;1;0;49122.0;2001;38,1263;2009;50695;2009
2;6;93;93034;93034;Prata di Pordenone;;PN;0;0;6964.0;2001;22,9588;2009;8345;2009
2;6;93;93035;93035;Pravisdomini;;PN;0;0;2576.0;2001;16,2083;2009;3506;2009
2;6;93;93036;93036;Roveredo in Piano;;PN;0;0;4853.0;2001;15,8550;2009;5574;2009
2;6;93;93037;93037;Sacile;;PN;0;0;18215.0;2001;32,7401;2009;20080;2009
2;6;93;93038;93038;San Giorgio della Richinvelda;;PN;0;0;4316.0;2001;48,1525;2009;4508;2009
2;6;93;93039;93039;San Martino al Tagliamento;;PN;0;0;1336.0;2001;17,9790;2009;1493;2009
2;6;93;93040;93040;San Quirino;;PN;0;0;3816.0;2001;51,7785;2009;4271;2009
2;6;93;93041;93041;San Vito al Tagliamento;;PN;0;0;13316.0;2001;60,8809;2009;14955;2009
2;6;93;93042;93042;Sequals;;PN;0;0;2122.0;2001;27,7045;2009;2257;2009
2;6;93;93043;93043;Sesto al Reghena;;PN;0;0;5311.0;2001;40,6793;2009;6221;2009
2;6;93;93044;93044;Spilimbergo;;PN;0;0;11087.0;2001;71,8756;2009;11925;2009
2;6;93;93045;93045;Tramonti di Sopra;;PN;0;0;409.0;2001;125,1433;2009;377;2009
2;6;93;93046;93046;Tramonti di Sotto;;PN;0;0;440.0;2001;85,5471;2009;421;2009
2;6;93;93047;93047;Travesio;;PN;0;0;1767.0;2001;28,3790;2009;1847;2009
2;6;93;93048;93048;Valvasone;;PN;0;0;1936.0;2001;17,5680;2009;2202;2009
2;6;93;93049;93049;Vito d'Asio;;PN;0;0;892.0;2001;53,7145;2009;843;2009
2;6;93;93050;93050;Vivaro;;PN;0;0;1272.0;2001;37,6768;2009;1373;2009
2;6;93;93051;93051;Zoppola;;PN;0;0;8430.0;2001;45,5245;2009;8515;2009
2;6;93;93052;93052;Vajont;;PN;0;0;1372.0;2001;1,5859;2009;1730;2009
4;14;94;94001;94001;Acquaviva d'Isernia;;IS;0;0;468.0;2001;13,5139;2009;451;2009
4;14;94;94002;94002;Agnone;;IS;0;0;5842.0;2001;96,8523;2009;5371;2009
4;14;94;94003;94003;Bagnoli del Trigno;;IS;0;0;877.0;2001;36,8007;2009;759;2009
4;14;94;94004;94004;Belmonte del Sannio;;IS;0;0;921.0;2001;20,3130;2009;831;2009
4;14;94;94005;94005;Cantalupo nel Sannio;;IS;0;0;736.0;2001;15,6382;2009;733;2009
4;14;94;94006;94006;Capracotta;;IS;0;0;1122.0;2001;42,5447;2009;946;2009
4;14;94;94007;94007;Carovilli;;IS;0;0;1528.0;2001;41,5623;2009;1431;2009
4;14;94;94008;94008;Carpinone;;IS;0;0;1254.0;2001;32,4291;2009;1215;2009
4;14;94;94009;94009;Castel del Giudice;;IS;0;0;353.0;2001;14,8025;2009;366;2009
4;14;94;94010;94010;Castelpetroso;;IS;0;0;1644.0;2001;22,7065;2009;1650;2009
4;14;94;94011;94011;Castelpizzuto;;IS;0;0;143.0;2001;15,3894;2009;152;2009
4;14;94;94012;94012;Castel San Vincenzo;;IS;0;0;577.0;2001;21,9783;2009;561;2009
4;14;94;94013;94013;Castelverrino;;IS;0;0;130.0;2001;6,1987;2009;142;2009
4;14;94;94014;94014;Cerro al Volturno;;IS;0;0;1440.0;2001;23,7896;2009;1371;2009
4;14;94;94015;94015;Chiauci;;IS;0;0;277.0;2001;15,8538;2009;270;2009
4;14;94;94016;94016;Civitanova del Sannio;;IS;0;0;949.0;2001;50,4721;2009;952;2009
4;14;94;94017;94017;Colli a Volturno;;IS;0;0;1407.0;2001;25,2497;2009;1351;2009
4;14;94;94018;94018;Conca Casale;;IS;0;0;269.0;2001;14,4281;2009;221;2009
4;14;94;94019;94019;Filignano;;IS;0;0;756.0;2001;30,8745;2009;723;2009
4;14;94;94020;94020;Forlì del Sannio;;IS;0;0;833.0;2001;32,5617;2009;742;2009
4;14;94;94021;94021;Fornelli;;IS;0;0;1985.0;2001;23,1728;2009;1974;2009
4;14;94;94022;94022;Frosolone;;IS;0;0;3405.0;2001;49,8861;2009;3269;2009
4;14;94;94023;94023;Isernia;;IS;1;0;21152.0;2001;69,1500;2009;21838;2009
4;14;94;94024;94024;Longano;;IS;0;0;725.0;2001;27,3702;2009;720;2009
4;14;94;94025;94025;Macchia d'Isernia;;IS;0;0;909.0;2001;17,7117;2009;960;2009
4;14;94;94026;94026;Macchiagodena;;IS;0;0;1959.0;2001;34,3513;2009;1879;2009
4;14;94;94027;94027;Miranda;;IS;0;0;1083.0;2001;22,1461;2009;1064;2009
4;14;94;94028;94028;Montaquila;;IS;0;0;2474.0;2001;25,4490;2009;2482;2009
4;14;94;94029;94029;Montenero Val Cocchiara;;IS;0;0;608.0;2001;22,0190;2009;571;2009
4;14;94;94030;94030;Monteroduni;;IS;0;0;2395.0;2001;37,2086;2009;2232;2009
4;14;94;94031;94031;Pesche;;IS;0;0;1312.0;2001;12,9626;2009;1545;2009
4;14;94;94032;94032;Pescolanciano;;IS;0;0;1002.0;2001;34,7338;2009;902;2009
4;14;94;94033;94033;Pescopennataro;;IS;0;0;387.0;2001;18,8301;2009;313;2009
4;14;94;94034;94034;Pettoranello del Molise;;IS;0;0;428.0;2001;15,5839;2009;469;2009
4;14;94;94035;94035;Pietrabbondante;;IS;0;0;961.0;2001;27,4436;2009;854;2009
4;14;94;94036;94036;Pizzone;;IS;0;0;328.0;2001;33,4776;2009;344;2009
4;14;94;94037;94037;Poggio Sannita;;IS;0;0;940.0;2001;25,7327;2009;810;2009
4;14;94;94038;94038;Pozzilli;;IS;0;0;2201.0;2001;34,6578;2009;2298;2009
4;14;94;94039;94039;Rionero Sannitico;;IS;0;0;1131.0;2001;29,2027;2009;1166;2009
4;14;94;94040;94040;Roccamandolfi;;IS;0;0;1073.0;2001;53,6577;2009;1005;2009
4;14;94;94041;94041;Roccasicura;;IS;0;0;627.0;2001;28,6050;2009;564;2009
4;14;94;94042;94042;Rocchetta a Volturno;;IS;0;0;1083.0;2001;23,3408;2009;1078;2009
4;14;94;94043;94043;San Pietro Avellana;;IS;0;0;662.0;2001;44,9461;2009;547;2009
4;14;94;94044;94044;Sant'Agapito;;IS;0;0;1332.0;2001;15,9289;2009;1382;2009
4;14;94;94045;94045;Santa Maria del Molise;;IS;0;0;654.0;2001;17,1965;2009;659;2009
4;14;94;94046;94046;Sant'Angelo del Pesco;;IS;0;0;416.0;2001;15,5904;2009;378;2009
4;14;94;94047;94047;Sant'Elena Sannita;;IS;0;0;277.0;2001;14,0758;2009;264;2009
4;14;94;94048;94048;Scapoli;;IS;0;0;949.0;2001;18,9354;2009;763;2009
4;14;94;94049;94049;Sessano del Molise;;IS;0;0;927.0;2001;25,3181;2009;781;2009
4;14;94;94050;94050;Sesto Campano;;IS;0;0;2945.0;2001;35,3164;2009;2415;2009
4;14;94;94051;94051;Vastogirardi;;IS;0;0;798.0;2001;60,7012;2009;749;2009
4;14;94;94052;94052;Venafro;;IS;0;0;11198.0;2001;46,4514;2009;11256;2009
5;20;95;95001;95001;Abbasanta;;OR;0;0;2815.0;2001;39,8469;2009;2881;2009
5;20;95;95002;95002;Aidomaggiore;;OR;0;0;542.0;2001;41,2051;2009;475;2009
5;20;95;95003;95003;Albagiara;;OR;0;0;289.0;2001;8,8673;2009;281;2009
5;20;95;95004;95004;Ales;;OR;0;0;1628.0;2001;22,4520;2009;1548;2009
5;20;95;95005;95005;Allai;;OR;0;0;413.0;2001;27,3605;2009;380;2009
5;20;95;95006;95006;Arborea;;OR;0;0;3927.0;2001;94,9625;2009;4025;2009
5;20;95;95007;95007;Ardauli;;OR;0;0;1158.0;2001;20,5296;2009;992;2009
5;20;95;95008;95008;Assolo;;OR;0;0;485.0;2001;16,3723;2009;448;2009
5;20;95;95009;95009;Asuni;;OR;0;0;425.0;2001;21,3433;2009;362;2009
5;20;95;95010;95010;Baradili;;OR;0;0;95.0;2001;5,5735;2009;94;2009
5;20;95;95011;95011;Baratili San Pietro;;OR;0;0;1251.0;2001;6,0966;2009;1314;2009
5;20;95;95012;95012;Baressa;;OR;0;0;849.0;2001;12,5116;2009;739;2009
5;20;95;95013;95013;Bauladu;;OR;0;0;687.0;2001;24,2197;2009;724;2009
5;20;95;95014;95014;Bidonì;;OR;0;0;159.0;2001;11,7239;2009;147;2009
5;20;95;95015;95015;Bonarcado;;OR;0;0;1702.0;2001;28,4117;2009;1636;2009
5;20;95;95016;95016;Boroneddu;;OR;0;0;184.0;2001;4,5886;2009;173;2009
5;20;95;95017;95017;Busachi;;OR;0;0;1629.0;2001;59,0265;2009;1457;2009
5;20;95;95018;95018;Cabras;;OR;0;0;8804.0;2001;102,2533;2009;9031;2009
5;20;95;95019;95019;Cuglieri;;OR;0;0;3146.0;2001;120,5970;2009;2934;2009
5;20;95;95020;95020;Fordongianus;;OR;0;0;1057.0;2001;39,4817;2009;968;2009
5;20;95;95021;95021;Ghilarza;;OR;0;0;4572.0;2001;55,4597;2009;4694;2009
5;20;95;95022;95022;Gonnoscodina;;OR;0;0;562.0;2001;8,8204;2009;514;2009
5;20;95;95023;95023;Gonnosnò;;OR;0;0;900.0;2001;15,4582;2009;810;2009
5;20;95;95024;95024;Gonnostramatza;;OR;0;0;959.0;2001;17,6424;2009;944;2009
5;20;95;95025;95025;Marrubiu;;OR;0;0;4962.0;2001;61,2347;2009;4948;2009
5;20;95;95026;95026;Masullas;;OR;0;0;1196.0;2001;18,6807;2009;1157;2009
5;20;95;95027;95027;Milis;;OR;0;0;1670.0;2001;18,6691;2009;1609;2009
5;20;95;95028;95028;Mogorella;;OR;0;0;513.0;2001;17,0619;2009;464;2009
5;20;95;95029;95029;Mogoro;;OR;0;0;4779.0;2001;48,9861;2009;4499;2009
5;20;95;95030;95030;Morgongiori;;OR;0;0;892.0;2001;45,1972;2009;816;2009
5;20;95;95031;95031;Narbolia;;OR;0;0;1737.0;2001;40,5005;2009;1808;2009
5;20;95;95032;95032;Neoneli;;OR;0;0;791.0;2001;48,0141;2009;726;2009
5;20;95;95033;95033;Norbello;;OR;0;0;1223.0;2001;26,1807;2009;1178;2009
5;20;95;95034;95034;Nughedu Santa Vittoria;;OR;0;0;578.0;2001;28,5715;2009;524;2009
5;20;95;95035;95035;Nurachi;;OR;0;0;1619.0;2001;15,9654;2009;1741;2009
5;20;95;95036;95036;Nureci;;OR;0;0;393.0;2001;12,8665;2009;355;2009
5;20;95;95037;95037;Ollastra;;OR;0;0;1274.0;2001;21,4698;2009;1262;2009
5;20;95;95038;95038;Oristano;;OR;1;0;31169.0;2001;84,5686;2009;31470;2009
5;20;95;95039;95039;Palmas Arborea;;OR;0;0;1335.0;2001;39,3275;2009;1500;2009
5;20;95;95040;95040;Pau;;OR;0;0;353.0;2001;13,8161;2009;325;2009
5;20;95;95041;95041;Paulilatino;;OR;0;0;2517.0;2001;103,8471;2009;2352;2009
5;20;95;95042;95042;Pompu;;OR;0;0;303.0;2001;5,3156;2009;293;2009
5;20;95;95043;95043;Riola Sardo;;OR;0;0;2137.0;2001;48,1092;2009;2135;2009
5;20;95;95044;95044;Ruinas;;OR;0;0;825.0;2001;30,4581;2009;741;2009
5;20;95;95045;95045;Samugheo;;OR;0;0;3509.0;2001;81,2826;2009;3281;2009
5;20;95;95046;95046;San Nicolò d'Arcidano;;OR;0;0;2912.0;2001;28,3569;2009;2819;2009
5;20;95;95047;95047;Santa Giusta;;OR;0;0;4408.0;2001;69,2190;2009;4812;2009
5;20;95;95048;95048;Villa Sant'Antonio;;OR;0;0;454.0;2001;19,0500;2009;390;2009
5;20;95;95049;95049;Santu Lussurgiu;;OR;0;0;2664.0;2001;99,7953;2009;2480;2009
5;20;95;95050;95050;San Vero Milis;;OR;0;0;2403.0;2001;72,4748;2009;2512;2009
5;20;95;95051;95051;Scano di Montiferro;;OR;0;0;1725.0;2001;60,4676;2009;1603;2009
5;20;95;95052;95052;Sedilo;;OR;0;0;2445.0;2001;68,4524;2009;2262;2009
5;20;95;95053;95053;Seneghe;;OR;0;0;1972.0;2001;57,8526;2009;1894;2009
5;20;95;95054;95054;Senis;;OR;0;0;576.0;2001;16,0628;2009;495;2009
5;20;95;95055;95055;Sennariolo;;OR;0;0;173.0;2001;15,6128;2009;180;2009
5;20;95;95056;95056;Siamaggiore;;OR;0;0;996.0;2001;13,1726;2009;972;2009
5;20;95;95057;95057;Siamanna;;OR;0;0;863.0;2001;28,3563;2009;840;2009
5;20;95;95058;95058;Simala;;OR;0;0;399.0;2001;13,3786;2009;357;2009
5;20;95;95059;95059;Simaxis;;OR;0;0;2157.0;2001;27,8199;2009;2281;2009
5;20;95;95060;95060;Sini;;OR;0;0;597.0;2001;8,7513;2009;529;2009
5;20;95;95061;95061;Siris;;OR;0;0;249.0;2001;6,0044;2009;224;2009
5;20;95;95062;95062;Solarussa;;OR;0;0;2493.0;2001;31,8590;2009;2485;2009
5;20;95;95063;95063;Sorradile;;OR;0;0;497.0;2001;26,3402;2009;434;2009
5;20;95;95064;95064;Tadasuni;;OR;0;0;198.0;2001;5,0943;2009;190;2009
5;20;95;95065;95065;Terralba;;OR;0;0;10229.0;2001;49,8006;2009;10381;2009
5;20;95;95066;95066;Tramatza;;OR;0;0;998.0;2001;16,7998;2009;990;2009
5;20;95;95067;95067;Tresnuraghes;;OR;0;0;1296.0;2001;31,5844;2009;1268;2009
5;20;95;95068;95068;Ulà Tirso;;OR;0;0;634.0;2001;18,8465;2009;592;2009
5;20;95;95069;95069;Uras;;OR;0;0;3106.0;2001;39,2387;2009;2986;2009
5;20;95;95070;95070;Usellus;;OR;0;0;933.0;2001;35,0735;2009;859;2009
5;20;95;95071;95071;Villanova Truschedu;;OR;0;0;321.0;2001;16,6098;2009;327;2009
5;20;95;95072;95072;Villaurbana;;OR;0;0;1794.0;2001;58,7002;2009;1743;2009
5;20;95;95073;95073;Villa Verde;;OR;0;0;395.0;2001;17,6510;2009;344;2009
5;20;95;95074;95074;Zeddiani;;OR;0;0;1190.0;2001;11,8094;2009;1159;2009
5;20;95;95075;95075;Zerfaliu;;OR;0;0;1157.0;2001;15,5607;2009;1188;2009
5;20;95;95076;95076;Siapiccia;;OR;0;0;376.0;2001;17,9310;2009;369;2009
5;20;95;95077;95077;Curcuris;;OR;0;0;317.0;2001;7,1807;2009;327;2009
5;20;95;95078;95078;Soddì;;OR;0;0;142.0;2001;5,2425;2009;124;2009
5;20;95;95079;95079;Bosa;;OR;0;0;7935.0;2001;128,0157;2009;8104;2009
5;20;95;95080;95080;Flussio;;OR;0;0;497.0;2001;6,8744;2009;459;2009
5;20;95;95081;95081;Genoni;;OR;0;0;1006.0;2001;43,7929;2009;916;2009
5;20;95;95082;95082;Laconi;;OR;0;0;2302.0;2001;124,7513;2009;2084;2009
5;20;95;95083;95083;Magomadas;;OR;0;0;596.0;2001;9,0198;2009;652;2009
5;20;95;95084;95084;Modolo;;OR;0;0;181.0;2001;2,4744;2009;196;2009
5;20;95;95085;95085;Montresta;;OR;0;0;650.0;2001;31,1593;2009;555;2009
5;20;95;95086;95086;Sagama;;OR;0;0;213.0;2001;11,7228;2009;187;2009
5;20;95;95087;95087;Suni;;OR;0;0;1237.0;2001;47,4624;2009;1134;2009
5;20;95;95088;95088;Tinnura;;OR;0;0;272.0;2001;3,8487;2009;274;2009
1;1;96;96001;96001;Ailoche;;BI;0;0;317.0;2001;10,7827;2009;333;2009
1;1;96;96002;96002;Andorno Micca;;BI;0;0;3549.0;2001;11,8860;2009;3480;2009
1;1;96;96003;96003;Benna;;BI;0;0;1164.0;2001;9,3890;2009;1165;2009
1;1;96;96004;96004;Biella;;BI;1;0;45740.0;2001;46,6881;2009;44961;2009
1;1;96;96005;96005;Bioglio;;BI;0;0;1087.0;2001;18,8452;2009;1017;2009
1;1;96;96006;96006;Borriana;;BI;0;0;850.0;2001;5,3451;2009;908;2009
1;1;96;96007;96007;Brusnengo;;BI;0;0;2101.0;2001;10,4533;2009;2217;2009
1;1;96;96008;96008;Callabiana;;BI;0;0;144.0;2001;6,5570;2009;151;2009
1;1;96;96009;96009;Camandona;;BI;0;0;401.0;2001;9,2001;2009;385;2009
1;1;96;96010;96010;Camburzano;;BI;0;0;1184.0;2001;3,8025;2009;1247;2009
1;1;96;96011;96011;Campiglia Cervo;;BI;0;0;178.0;2001;11,5139;2009;161;2009
1;1;96;96012;96012;Candelo;;BI;0;0;7804.0;2001;15,1209;2009;8023;2009
1;1;96;96013;96013;Caprile;;BI;0;0;210.0;2001;11,5955;2009;216;2009
1;1;96;96014;96014;Casapinta;;BI;0;0;449.0;2001;2,8608;2009;480;2009
1;1;96;96015;96015;Castelletto Cervo;;BI;0;0;858.0;2001;14,9021;2009;881;2009
1;1;96;96016;96016;Cavaglià;;BI;0;0;3666.0;2001;25,6248;2009;3651;2009
1;1;96;96017;96017;Cerreto Castello;;BI;0;0;668.0;2001;2,5719;2009;634;2009
1;1;96;96018;96018;Cerrione;;BI;0;0;2809.0;2001;27,9876;2009;2916;2009
1;1;96;96019;96019;Coggiola;;BI;0;0;2360.0;2001;23,7819;2009;2083;2009
1;1;96;96020;96020;Cossato;;BI;0;0;15266.0;2001;27,7338;2009;14854;2009
1;1;96;96021;96021;Crevacuore;;BI;0;0;1876.0;2001;8,6006;2009;1684;2009
1;1;96;96022;96022;Crosa;;BI;0;0;336.0;2001;1,0096;2009;340;2009
1;1;96;96023;96023;Curino;;BI;0;0;475.0;2001;21,6492;2009;467;2009
1;1;96;96024;96024;Donato;;BI;0;0;725.0;2001;12,0694;2009;708;2009
1;1;96;96025;96025;Dorzano;;BI;0;0;446.0;2001;4,7415;2009;535;2009
1;1;96;96026;96026;Gaglianico;;BI;0;0;3837.0;2001;4,4984;2009;3912;2009
1;1;96;96027;96027;Gifflenga;;BI;0;0;111.0;2001;2,2559;2009;136;2009
1;1;96;96028;96028;Graglia;;BI;0;0;1609.0;2001;20,1379;2009;1608;2009
1;1;96;96029;96029;Lessona;;BI;0;0;2450.0;2001;11,7653;2009;2512;2009
1;1;96;96030;96030;Magnano;;BI;0;0;376.0;2001;10,5560;2009;392;2009
1;1;96;96031;96031;Massazza;;BI;0;0;579.0;2001;11,6095;2009;548;2009
1;1;96;96032;96032;Masserano;;BI;0;0;2314.0;2001;27,0733;2009;2262;2009
1;1;96;96033;96033;Mezzana Mortigliengo;;BI;0;0;647.0;2001;4,3092;2009;566;2009
1;1;96;96034;96034;Miagliano;;BI;0;0;592.0;2001;0,6678;2009;661;2009
1;1;96;96035;96035;Mongrando;;BI;0;0;4022.0;2001;16,5025;2009;3970;2009
1;1;96;96037;96037;Mottalciata;;BI;0;0;1416.0;2001;18,3909;2009;1446;2009
1;1;96;96038;96038;Muzzano;;BI;0;0;673.0;2001;6,0974;2009;614;2009
1;1;96;96039;96039;Netro;;BI;0;0;1018.0;2001;12,5683;2009;1019;2009
1;1;96;96040;96040;Occhieppo Inferiore;;BI;0;0;3947.0;2001;4,0645;2009;4000;2009
1;1;96;96041;96041;Occhieppo Superiore;;BI;0;0;2882.0;2001;5,1503;2009;2870;2009
1;1;96;96042;96042;Pettinengo;;BI;0;0;1599.0;2001;13,1575;2009;1561;2009
1;1;96;96043;96043;Piatto;;BI;0;0;552.0;2001;3,5913;2009;555;2009
1;1;96;96044;96044;Piedicavallo;;BI;0;0;187.0;2001;17,7503;2009;202;2009
1;1;96;96046;96046;Pollone;;BI;0;0;2223.0;2001;16,2158;2009;2195;2009
1;1;96;96047;96047;Ponderano;;BI;0;0;3833.0;2001;7,0519;2009;4045;2009
1;1;96;96048;96048;Portula;;BI;0;0;1486.0;2001;11,3050;2009;1437;2009
1;1;96;96049;96049;Pralungo;;BI;0;0;2743.0;2001;7,2497;2009;2714;2009
1;1;96;96050;96050;Pray;;BI;0;0;2439.0;2001;9,1802;2009;2394;2009
1;1;96;96051;96051;Quaregna;;BI;0;0;1298.0;2001;5,8441;2009;1420;2009
1;1;96;96052;96052;Quittengo;;BI;0;0;238.0;2001;8,0284;2009;219;2009
1;1;96;96053;96053;Ronco Biellese;;BI;0;0;1540.0;2001;3,8493;2009;1536;2009
1;1;96;96054;96054;Roppolo;;BI;0;0;855.0;2001;8,6512;2009;912;2009
1;1;96;96055;96055;Rosazza;;BI;0;0;89.0;2001;9,0230;2009;111;2009
1;1;96;96056;96056;Sagliano Micca;;BI;0;0;1676.0;2001;14,6090;2009;1681;2009
1;1;96;96057;96057;Sala Biellese;;BI;0;0;601.0;2001;8,0298;2009;639;2009
1;1;96;96058;96058;Salussola;;BI;0;0;2030.0;2001;38,5152;2009;2089;2009
1;1;96;96059;96059;Sandigliano;;BI;0;0;2733.0;2001;10,2223;2009;2799;2009
1;1;96;96060;96060;San Paolo Cervo;;BI;0;0;146.0;2001;8,6629;2009;147;2009
1;1;96;96061;96061;Selve Marcone;;BI;0;0;103.0;2001;2,1400;2009;101;2009
1;1;96;96062;96062;Soprana;;BI;0;0;835.0;2001;5,3313;2009;761;2009
1;1;96;96063;96063;Sordevolo;;BI;0;0;1334.0;2001;13,7376;2009;1323;2009
1;1;96;96064;96064;Sostegno;;BI;0;0;784.0;2001;18,0670;2009;779;2009
1;1;96;96065;96065;Strona;;BI;0;0;1175.0;2001;3,7187;2009;1187;2009
1;1;96;96066;96066;Tavigliano;;BI;0;0;936.0;2001;11,2355;2009;974;2009
1;1;96;96067;96067;Ternengo;;BI;0;0;307.0;2001;1,9799;2009;293;2009
1;1;96;96068;96068;Tollegno;;BI;0;0;2679.0;2001;3,3143;2009;2653;2009
1;1;96;96069;96069;Torrazzo;;BI;0;0;188.0;2001;5,7712;2009;226;2009
1;1;96;96070;96070;Trivero;;BI;0;0;6883.0;2001;29,4752;2009;6282;2009
1;1;96;96071;96071;Valdengo;;BI;0;0;2525.0;2001;7,6768;2009;2538;2009
1;1;96;96072;96072;Vallanzengo;;BI;0;0;250.0;2001;4,6653;2009;231;2009
1;1;96;96073;96073;Valle Mosso;;BI;0;0;3957.0;2001;9,1045;2009;3661;2009
1;1;96;96074;96074;Valle San Nicolao;;BI;0;0;1141.0;2001;13,2572;2009;1142;2009
1;1;96;96075;96075;Veglio;;BI;0;0;660.0;2001;6,4058;2009;588;2009
1;1;96;96076;96076;Verrone;;BI;0;0;1134.0;2001;8,5859;2009;1215;2009
1;1;96;96077;96077;Vigliano Biellese;;BI;0;0;8416.0;2001;8,3978;2009;8435;2009
1;1;96;96078;96078;Villa del Bosco;;BI;0;0;375.0;2001;3,6991;2009;395;2009
1;1;96;96079;96079;Villanova Biellese;;BI;0;0;196.0;2001;7,8731;2009;194;2009
1;1;96;96080;96080;Viverone;;BI;0;0;1417.0;2001;12,2610;2009;1415;2009
1;1;96;96081;96081;Zimone;;BI;0;0;404.0;2001;2,9495;2009;437;2009
1;1;96;96082;96082;Zubiena;;BI;0;0;1271.0;2001;12,4736;2009;1275;2009
1;1;96;96083;96083;Zumaglia;;BI;0;0;1073.0;2001;2,6136;2009;1127;2009
1;1;96;96084;96084;Mosso;;BI;0;0;1802.0;2001;17,2316;2009;1668;2009
1;3;97;97001;97001;Abbadia Lariana;;LC;0;0;3151.0;2001;16,6703;2009;3228;2009
1;3;97;97002;97002;Airuno;;LC;0;0;2610.0;2001;4,2859;2009;2975;2009
1;3;97;97003;97003;Annone di Brianza;;LC;0;0;2000.0;2001;5,9795;2009;2298;2009
1;3;97;97004;97004;Ballabio;;LC;0;0;3330.0;2001;15,0399;2009;3930;2009
1;3;97;97005;97005;Barzago;;LC;0;0;2451.0;2001;3,5617;2009;2542;2009
1;3;97;97006;97006;Barzanò;;LC;0;0;4836.0;2001;3,6195;2009;5160;2009
1;3;97;97007;97007;Barzio;;LC;0;0;1292.0;2001;21,3496;2009;1306;2009
1;3;97;97008;97008;Bellano;;LC;0;0;3332.0;2001;10,2278;2009;3321;2009
1;3;97;97009;97009;Bosisio Parini;;LC;0;0;3090.0;2001;5,8240;2009;3462;2009
1;3;97;97010;97010;Brivio;;LC;0;0;4115.0;2001;7,9535;2009;4750;2009
1;3;97;97011;97011;Bulciago;;LC;0;0;2733.0;2001;3,1176;2009;2992;2009
1;3;97;97012;97012;Calco;;LC;0;0;4039.0;2001;4,5889;2009;5054;2009
1;3;97;97013;97013;Calolziocorte;;LC;0;0;13867.0;2001;9,1002;2009;14190;2009
1;3;97;97014;97014;Carenno;;LC;0;0;1459.0;2001;7,7876;2009;1503;2009
1;3;97;97015;97015;Casargo;;LC;0;0;890.0;2001;19,7127;2009;855;2009
1;3;97;97016;97016;Casatenovo;;LC;0;0;11884.0;2001;12,6640;2009;12607;2009
1;3;97;97017;97017;Cassago Brianza;;LC;0;0;4068.0;2001;3,5476;2009;4380;2009
1;3;97;97018;97018;Cassina Valsassina;;LC;0;0;457.0;2001;2,7952;2009;469;2009
1;3;97;97019;97019;Castello di Brianza;;LC;0;0;2200.0;2001;3,5941;2009;2456;2009
1;3;97;97020;97020;Cernusco Lombardone;;LC;0;0;3540.0;2001;3,7396;2009;3835;2009
1;3;97;97021;97021;Cesana Brianza;;LC;0;0;2265.0;2001;3,6954;2009;2335;2009
1;3;97;97022;97022;Civate;;LC;0;0;3846.0;2001;9,2704;2009;4007;2009
1;3;97;97023;97023;Colico;;LC;0;0;6257.0;2001;35,0639;2009;7414;2009
1;3;97;97024;97024;Colle Brianza;;LC;0;0;1464.0;2001;8,3179;2009;1734;2009
1;3;97;97025;97025;Cortenova;;LC;0;0;1254.0;2001;11,7688;2009;1308;2009
1;3;97;97026;97026;Costa Masnaga;;LC;0;0;4385.0;2001;5,6179;2009;4740;2009
1;3;97;97027;97027;Crandola Valsassina;;LC;0;0;259.0;2001;8,8068;2009;271;2009
1;3;97;97028;97028;Cremella;;LC;0;0;1530.0;2001;1,8932;2009;1754;2009
1;3;97;97029;97029;Cremeno;;LC;0;0;1014.0;2001;13,1833;2009;1364;2009
1;3;97;97030;97030;Dervio;;LC;0;0;2742.0;2001;11,6954;2009;2729;2009
1;3;97;97031;97031;Dolzago;;LC;0;0;2103.0;2001;2,2583;2009;2250;2009
1;3;97;97032;97032;Dorio;;LC;0;0;346.0;2001;11,6556;2009;353;2009
1;3;97;97033;97033;Ello;;LC;0;0;1110.0;2001;2,4193;2009;1252;2009
1;3;97;97034;97034;Erve;;LC;0;0;735.0;2001;6,2020;2009;785;2009
1;3;97;97035;97035;Esino Lario;;LC;0;0;799.0;2001;18,0526;2009;771;2009
1;3;97;97036;97036;Galbiate;;LC;0;0;8644.0;2001;15,5957;2009;8593;2009
1;3;97;97037;97037;Garbagnate Monastero;;LC;0;0;2186.0;2001;3,4965;2009;2434;2009
1;3;97;97038;97038;Garlate;;LC;0;0;2525.0;2001;3,3058;2009;2571;2009
1;3;97;97039;97039;Imbersago;;LC;0;0;1926.0;2001;3,1445;2009;2424;2009
1;3;97;97040;97040;Introbio;;LC;0;0;1605.0;2001;25,8887;2009;1927;2009
1;3;97;97041;97041;Introzzo;;LC;0;0;137.0;2001;3,6052;2009;127;2009
1;3;97;97042;97042;Lecco;;LC;1;0;45501.0;2001;45,1349;2009;46845;2009
1;3;97;97043;97043;Lierna;;LC;0;0;2025.0;2001;11,2384;2009;2199;2009
1;3;97;97044;97044;Lomagna;;LC;0;0;4068.0;2001;3,9135;2009;4748;2009
1;3;97;97045;97045;Malgrate;;LC;0;0;4207.0;2001;1,8946;2009;4218;2009
1;3;97;97046;97046;Mandello del Lario;;LC;0;0;10003.0;2001;43,3308;2009;10594;2009
1;3;97;97047;97047;Margno;;LC;0;0;367.0;2001;3,5859;2009;373;2009
1;3;97;97048;97048;Merate;;LC;0;0;14096.0;2001;11,0635;2009;14712;2009
1;3;97;97049;97049;Missaglia;;LC;0;0;7194.0;2001;11,5188;2009;8498;2009
1;3;97;97050;97050;Moggio;;LC;0;0;486.0;2001;13,3584;2009;518;2009
1;3;97;97051;97051;Molteno;;LC;0;0;3094.0;2001;3,1193;2009;3532;2009
1;3;97;97052;97052;Monte Marenzo;;LC;0;0;1958.0;2001;3,0584;2009;1974;2009
1;3;97;97053;97053;Montevecchia;;LC;0;0;2468.0;2001;5,7993;2009;2487;2009
1;3;97;97054;97054;Monticello Brianza;;LC;0;0;4182.0;2001;4,6244;2009;4233;2009
1;3;97;97055;97055;Morterone;;LC;0;0;33.0;2001;13,7121;2009;38;2009
1;3;97;97056;97056;Nibionno;;LC;0;0;3290.0;2001;3,5135;2009;3616;2009
1;3;97;97057;97057;Oggiono;;LC;0;0;7960.0;2001;8,0149;2009;8668;2009
1;3;97;97058;97058;Olgiate Molgora;;LC;0;0;5755.0;2001;7,0882;2009;6202;2009
1;3;97;97059;97059;Olginate;;LC;0;0;6695.0;2001;7,9960;2009;7137;2009
1;3;97;97060;97060;Oliveto Lario;;LC;0;0;1111.0;2001;15,6963;2009;1210;2009
1;3;97;97061;97061;Osnago;;LC;0;0;4357.0;2001;4,4959;2009;4768;2009
1;3;97;97062;97062;Paderno d'Adda;;LC;0;0;3229.0;2001;3,5630;2009;3918;2009
1;3;97;97063;97063;Pagnona;;LC;0;0;439.0;2001;9,1969;2009;415;2009
1;3;97;97064;97064;Parlasco;;LC;0;0;146.0;2001;2,9972;2009;137;2009
1;3;97;97065;97065;Pasturo;;LC;0;0;1756.0;2001;21,7839;2009;1950;2009
1;3;97;97066;97066;Perego;;LC;0;0;1586.0;2001;4,1470;2009;1727;2009
1;3;97;97067;97067;Perledo;;LC;0;0;874.0;2001;13,6837;2009;945;2009
1;3;97;97068;97068;Pescate;;LC;0;0;1983.0;2001;2,0983;2009;2193;2009
1;3;97;97069;97069;Premana;;LC;0;0;2256.0;2001;33,6353;2009;2287;2009
1;3;97;97070;97070;Primaluna;;LC;0;0;1916.0;2001;22,5698;2009;2152;2009
1;3;97;97071;97071;Robbiate;;LC;0;0;4961.0;2001;4,7003;2009;5970;2009
1;3;97;97072;97072;Rogeno;;LC;0;0;2685.0;2001;4,8249;2009;3180;2009
1;3;97;97073;97073;Rovagnate;;LC;0;0;2570.0;2001;4,6175;2009;2953;2009
1;3;97;97074;97074;Santa Maria Hoè;;LC;0;0;1995.0;2001;2,8617;2009;2232;2009
1;3;97;97075;97075;Sirone;;LC;0;0;2200.0;2001;3,1969;2009;2351;2009
1;3;97;97076;97076;Sirtori;;LC;0;0;2616.0;2001;4,2862;2009;2950;2009
1;3;97;97077;97077;Sueglio;;LC;0;0;172.0;2001;4,1085;2009;155;2009
1;3;97;97078;97078;Suello;;LC;0;0;1554.0;2001;2,6290;2009;1688;2009
1;3;97;97079;97079;Taceno;;LC;0;0;465.0;2001;3,7516;2009;550;2009
1;3;97;97080;97080;Torre de' Busi;;LC;0;0;1744.0;2001;8,9668;2009;1967;2009
1;3;97;97081;97081;Tremenico;;LC;0;0;243.0;2001;8,7080;2009;190;2009
1;3;97;97082;97082;Valgreghentino;;LC;0;0;3021.0;2001;6,2464;2009;3366;2009
1;3;97;97083;97083;Valmadrera;;LC;0;0;10871.0;2001;12,5977;2009;11485;2009
1;3;97;97084;97084;Varenna;;LC;0;0;846.0;2001;12,5679;2009;819;2009
1;3;97;97085;97085;Vendrogno;;LC;0;0;328.0;2001;11,7993;2009;322;2009
1;3;97;97086;97086;Vercurago;;LC;0;0;2784.0;2001;2,1158;2009;2849;2009
1;3;97;97087;97087;Verderio Inferiore;;LC;0;0;2238.0;2001;3,8153;2009;2892;2009
1;3;97;97088;97088;Verderio Superiore;;LC;0;0;2590.0;2001;2,6500;2009;2720;2009
1;3;97;97089;97089;Vestreno;;LC;0;0;291.0;2001;2,6085;2009;310;2009
1;3;97;97090;97090;Viganò;;LC;0;0;1767.0;2001;1,6049;2009;1922;2009
1;3;98;98001;98001;Abbadia Cerreto;;LO;0;0;276.0;2001;6,1986;2009;283;2009
1;3;98;98002;98002;Bertonico;;LO;0;0;1116.0;2001;20,8317;2009;1152;2009
1;3;98;98003;98003;Boffalora d'Adda;;LO;0;0;1042.0;2001;8,1303;2009;1656;2009
1;3;98;98004;98004;Borghetto Lodigiano;;LO;0;0;3740.0;2001;23,6411;2009;4321;2009
1;3;98;98005;98005;Borgo San Giovanni;;LO;0;0;1596.0;2001;7,5038;2009;2116;2009
1;3;98;98006;98006;Brembio;;LO;0;0;2364.0;2001;17,0835;2009;2694;2009
1;3;98;98007;98007;Camairago;;LO;0;0;585.0;2001;12,7725;2009;674;2009
1;3;98;98008;98008;Casaletto Lodigiano;;LO;0;0;1959.0;2001;9,7505;2009;2588;2009
1;3;98;98009;98009;Casalmaiocco;;LO;0;0;2438.0;2001;4,7143;2009;3077;2009
1;3;98;98010;98010;Casalpusterlengo;;LO;0;0;13895.0;2001;25,6122;2009;14934;2009
1;3;98;98011;98011;Caselle Landi;;LO;0;0;1766.0;2001;26,0012;2009;1707;2009
1;3;98;98012;98012;Caselle Lurani;;LO;0;0;2244.0;2001;7,6783;2009;3078;2009
1;3;98;98013;98013;Castelnuovo Bocca d'Adda;;LO;0;0;1747.0;2001;20,3194;2009;1724;2009
1;3;98;98014;98014;Castiglione d'Adda;;LO;0;0;4750.0;2001;12,9782;2009;4852;2009
1;3;98;98015;98015;Castiraga Vidardo;;LO;0;0;1633.0;2001;5,0381;2009;2532;2009
1;3;98;98016;98016;Cavacurta;;LO;0;0;868.0;2001;7,0970;2009;874;2009
1;3;98;98017;98017;Cavenago d'Adda;;LO;0;0;2038.0;2001;16,0980;2009;2293;2009
1;3;98;98018;98018;Cervignano d'Adda;;LO;0;0;1560.0;2001;4,0680;2009;2001;2009
1;3;98;98019;98019;Codogno;;LO;0;0;14408.0;2001;20,8695;2009;15379;2009
1;3;98;98020;98020;Comazzo;;LO;0;0;1466.0;2001;12,8023;2009;2130;2009
1;3;98;98021;98021;Cornegliano Laudense;;LO;0;0;2485.0;2001;5,6998;2009;2883;2009
1;3;98;98022;98022;Corno Giovine;;LO;0;0;1202.0;2001;9,9356;2009;1200;2009
1;3;98;98023;98023;Cornovecchio;;LO;0;0;219.0;2001;6,5317;2009;227;2009
1;3;98;98024;98024;Corte Palasio;;LO;0;0;1493.0;2001;15,6782;2009;1600;2009
1;3;98;98025;98025;Crespiatica;;LO;0;0;1564.0;2001;7,0319;2009;2033;2009
1;3;98;98026;98026;Fombio;;LO;0;0;1807.0;2001;7,3971;2009;2238;2009
1;3;98;98027;98027;Galgagnano;;LO;0;0;675.0;2001;6,0104;2009;1219;2009
1;3;98;98028;98028;Graffignana;;LO;0;0;2523.0;2001;10,9260;2009;2655;2009
1;3;98;98029;98029;Guardamiglio;;LO;0;0;2632.0;2001;10,4371;2009;2688;2009
1;3;98;98030;98030;Livraga;;LO;0;0;2508.0;2001;12,3711;2009;2604;2009
1;3;98;98031;98031;Lodi;;LO;1;0;40805.0;2001;41,3786;2009;43178;2009
1;3;98;98032;98032;Lodi Vecchio;;LO;0;0;6959.0;2001;16,4503;2009;7349;2009
1;3;98;98033;98033;Maccastorna;;LO;0;0;64.0;2001;5,7452;2009;74;2009
1;3;98;98034;98034;Mairago;;LO;0;0;1054.0;2001;11,2472;2009;1394;2009
1;3;98;98035;98035;Maleo;;LO;0;0;3329.0;2001;19,8337;2009;3266;2009
1;3;98;98036;98036;Marudo;;LO;0;0;1167.0;2001;4,2024;2009;1541;2009
1;3;98;98037;98037;Massalengo;;LO;0;0;3207.0;2001;8,4767;2009;4057;2009
1;3;98;98038;98038;Meleti;;LO;0;0;450.0;2001;7,3856;2009;467;2009
1;3;98;98039;98039;Merlino;;LO;0;0;1264.0;2001;10,7302;2009;1763;2009
1;3;98;98040;98040;Montanaso Lombardo;;LO;0;0;1524.0;2001;9,5209;2009;2168;2009
1;3;98;98041;98041;Mulazzano;;LO;0;0;4808.0;2001;15,5791;2009;5702;2009
1;3;98;98042;98042;Orio Litta;;LO;0;0;1908.0;2001;9,7829;2009;1999;2009
1;3;98;98043;98043;Ospedaletto Lodigiano;;LO;0;0;1582.0;2001;8,4968;2009;1829;2009
1;3;98;98044;98044;Ossago Lodigiano;;LO;0;0;1228.0;2001;11,5250;2009;1445;2009
1;3;98;98045;98045;Pieve Fissiraga;;LO;0;0;1304.0;2001;12,2653;2009;1612;2009
1;3;98;98046;98046;Salerano sul Lambro;;LO;0;0;2214.0;2001;4,3749;2009;2651;2009
1;3;98;98047;98047;San Fiorano;;LO;0;0;1635.0;2001;8,9657;2009;1787;2009
1;3;98;98048;98048;San Martino in Strada;;LO;0;0;3417.0;2001;13,1484;2009;3632;2009
1;3;98;98049;98049;San Rocco al Porto;;LO;0;0;3249.0;2001;30,5565;2009;3542;2009
1;3;98;98050;98050;Sant'Angelo Lodigiano;;LO;0;0;12096.0;2001;20,0529;2009;12947;2009
1;3;98;98051;98051;Santo Stefano Lodigiano;;LO;0;0;1793.0;2001;10,5310;2009;1925;2009
1;3;98;98052;98052;Secugnago;;LO;0;0;1742.0;2001;6,7459;2009;2032;2009
1;3;98;98053;98053;Senna Lodigiana;;LO;0;0;2020.0;2001;27,0123;2009;2061;2009
1;3;98;98054;98054;Somaglia;;LO;0;0;3202.0;2001;20,8189;2009;3547;2009
1;3;98;98055;98055;Sordio;;LO;0;0;2327.0;2001;2,8206;2009;3084;2009
1;3;98;98056;98056;Tavazzano con Villavesco;;LO;0;0;5020.0;2001;16,0688;2009;5977;2009
1;3;98;98057;98057;Terranova dei Passerini;;LO;0;0;713.0;2001;11,2567;2009;885;2009
1;3;98;98058;98058;Turano Lodigiano;;LO;0;0;1267.0;2001;16,3773;2009;1577;2009
1;3;98;98059;98059;Valera Fratta;;LO;0;0;1208.0;2001;8,0034;2009;1661;2009
1;3;98;98060;98060;Villanova del Sillaro;;LO;0;0;1317.0;2001;13,4986;2009;1770;2009
1;3;98;98061;98061;Zelo Buon Persico;;LO;0;0;5200.0;2001;18,8823;2009;6782;2009
2;8;99;99001;99001;Bellaria-Igea Marina;;RN;0;0;15409.0;2001;18,1694;2009;18741;2009
2;8;99;99002;99002;Cattolica;;RN;0;0;15743.0;2001;6,1953;2009;16543;2009
2;8;99;99003;99003;Coriano;;RN;0;0;8501.0;2001;46,7664;2009;9870;2009
2;8;99;99004;99004;Gemmano;;RN;0;0;1053.0;2001;18,8500;2009;1179;2009
2;8;99;99005;99005;Misano Adriatico;;RN;0;0;10174.0;2001;22,3450;2009;12028;2009
2;8;99;99006;99006;Mondaino;;RN;0;0;1461.0;2001;19,8400;2009;1440;2009
2;8;99;99007;99007;Monte Colombo;;RN;0;0;1951.0;2001;12,0985;2009;3113;2009
2;8;99;99008;99008;Montefiore Conca;;RN;0;0;1765.0;2001;22,3225;2009;2205;2009
2;8;99;99009;99009;Montegridolfo;;RN;0;0;930.0;2001;6,9351;2009;1029;2009
2;8;99;99010;99010;Montescudo;;RN;0;0;2099.0;2001;20,2491;2009;3200;2009
2;8;99;99011;99011;Morciano di Romagna;;RN;0;0;5988.0;2001;5,4400;2009;6870;2009
2;8;99;99012;99012;Poggio Berni;;RN;0;0;2907.0;2001;11,7700;2009;3428;2009
2;8;99;99013;99013;Riccione;;RN;0;0;33887.0;2001;17,5057;2009;35087;2009
2;8;99;99014;99014;Rimini;;RN;1;0;128656.0;2001;135,7001;2009;139213;2009
2;8;99;99015;99015;Saludecio;;RN;0;0;2389.0;2001;34,2632;2009;2970;2009
2;8;99;99016;99016;San Clemente;;RN;0;0;3096.0;2001;20,6957;2009;4919;2009
2;8;99;99017;99017;San Giovanni in Marignano;;RN;0;0;7822.0;2001;21,3722;2009;8836;2009
2;8;99;99018;99018;Santarcangelo di Romagna;;RN;0;0;18943.0;2001;45,0048;2009;20818;2009
2;8;99;99019;99019;Torriana;;RN;0;0;1174.0;2001;22,9694;2009;1557;2009
2;8;99;99020;99020;Verucchio;;RN;0;0;8728.0;2001;27,2979;2009;9963;2009
2;8;99;99021;99021;Casteldelci;;RN;0;0;511.0;2001;49,6693;2009;460;2009
2;8;99;99022;99022;Maiolo;;RN;0;0;809.0;2001;24,2754;2009;855;2009
2;8;99;99023;99023;Novafeltria;;RN;0;0;6724.0;2001;41,8359;2009;7290;2009
2;8;99;99024;99024;Pennabilli;;RN;0;0;3139.0;2001;69,7983;2009;3073;2009
2;8;99;99025;99025;San Leo;;RN;0;0;2720.0;2001;53,1388;2009;3018;2009
2;8;99;99026;99026;Sant'Agata Feltria;;RN;0;0;2361.0;2001;79,7437;2009;2316;2009
2;8;99;99027;99027;Talamello;;RN;0;0;1093.0;2001;10,5867;2009;1101;2009
3;9;100;100001;100001;Cantagallo;;PO;0;0;2820.0;2001;95,6672;2009;3078;2009
3;9;100;100002;100002;Carmignano;;PO;0;0;11857.0;2001;38,4275;2009;13947;2009
3;9;100;100003;100003;Montemurlo;;PO;0;0;17502.0;2001;30,7726;2009;18469;2009
3;9;100;100004;100004;Poggio a Caiano;;PO;0;0;8622.0;2001;5,9995;2009;9714;2009
3;9;100;100005;100005;Prato;;PO;1;0;172499.0;2001;97,3093;2009;186854;2009
3;9;100;100006;100006;Vaiano;;PO;0;0;9051.0;2001;34,1380;2009;9897;2009
3;9;100;100007;100007;Vernio;;PO;0;0;5535.0;2001;63,3723;2009;6120;2009
4;18;101;101001;101001;Belvedere di Spinello;;KR;0;0;2470.0;2001;30,3109;2009;2367;2009
4;18;101;101002;101002;Caccuri;;KR;0;0;1780.0;2001;61,3762;2009;1702;2009
4;18;101;101003;101003;Carfizzi;;KR;0;0;868.0;2001;20,7254;2009;779;2009
4;18;101;101004;101004;Casabona;;KR;0;0;3160.0;2001;67,6721;2009;2875;2009
4;18;101;101005;101005;Castelsilano;;KR;0;0;1273.0;2001;40,0630;2009;1101;2009
4;18;101;101006;101006;Cerenzia;;KR;0;0;1371.0;2001;21,9655;2009;1228;2009
4;18;101;101007;101007;Cirò;;KR;0;0;3614.0;2001;71,0449;2009;3204;2009
4;18;101;101008;101008;Cirò Marina;;KR;0;0;13987.0;2001;41,6808;2009;14865;2009
4;18;101;101009;101009;Cotronei;;KR;0;0;5500.0;2001;79,2012;2009;5439;2009
4;18;101;101010;101010;Crotone;;KR;1;0;60010.0;2001;181,9948;2009;59347;2009
4;18;101;101011;101011;Crucoli;;KR;0;0;3377.0;2001;50,4250;2009;3329;2009
4;18;101;101012;101012;Cutro;;KR;0;0;10829.0;2001;133,6858;2009;9943;2009
4;18;101;101013;101013;Isola di Capo Rizzuto;;KR;0;0;14233.0;2001;126,6439;2009;15435;2009
4;18;101;101014;101014;Melissa;;KR;0;0;3245.0;2001;51,6315;2009;3501;2009
4;18;101;101015;101015;Mesoraca;;KR;0;0;7125.0;2001;94,7896;2009;6740;2009
4;18;101;101016;101016;Pallagorio;;KR;0;0;1627.0;2001;44,4827;2009;1395;2009
4;18;101;101017;101017;Petilia Policastro;;KR;0;0;9594.0;2001;98,3481;2009;9292;2009
4;18;101;101018;101018;Roccabernarda;;KR;0;0;3385.0;2001;64,8880;2009;3501;2009
4;18;101;101019;101019;Rocca di Neto;;KR;0;0;5614.0;2001;44,9243;2009;5600;2009
4;18;101;101020;101020;San Mauro Marchesato;;KR;0;0;2415.0;2001;41,9108;2009;2237;2009
4;18;101;101021;101021;San Nicola dell'Alto;;KR;0;0;1105.0;2001;7,8517;2009;935;2009
4;18;101;101022;101022;Santa Severina;;KR;0;0;2327.0;2001;52,3117;2009;2245;2009
4;18;101;101023;101023;Savelli;;KR;0;0;1583.0;2001;48,9213;2009;1392;2009
4;18;101;101024;101024;Scandale;;KR;0;0;3177.0;2001;54,2596;2009;3319;2009
4;18;101;101025;101025;Strongoli;;KR;0;0;6107.0;2001;85,5577;2009;6424;2009
4;18;101;101026;101026;Umbriatico;;KR;0;0;973.0;2001;73,3549;2009;955;2009
4;18;101;101027;101027;Verzino;;KR;0;0;2373.0;2001;45,6322;2009;2026;2009
4;18;102;102001;102001;Acquaro;;VV;0;0;3046.0;2001;25,2495;2009;2550;2009
4;18;102;102002;102002;Arena;;VV;0;0;1799.0;2001;34,3219;2009;1598;2009
4;18;102;102003;102003;Briatico;;VV;0;0;4106.0;2001;27,9223;2009;4028;2009
4;18;102;102004;102004;Brognaturo;;VV;0;0;766.0;2001;25,6890;2009;673;2009
4;18;102;102005;102005;Capistrano;;VV;0;0;1205.0;2001;21,1226;2009;1087;2009
4;18;102;102006;102006;Cessaniti;;VV;0;0;3647.0;2001;17,9691;2009;3446;2009
4;18;102;102007;102007;Dasà;;VV;0;0;1308.0;2001;6,4627;2009;1290;2009
4;18;102;102008;102008;Dinami;;VV;0;0;3544.0;2001;44,4448;2009;2629;2009
4;18;102;102009;102009;Drapia;;VV;0;0;2193.0;2001;21,5938;2009;2159;2009
4;18;102;102010;102010;Fabrizia;;VV;0;0;2698.0;2001;40,0030;2009;2424;2009
4;18;102;102011;102011;Filadelfia;;VV;0;0;6283.0;2001;31,5038;2009;5649;2009
4;18;102;102012;102012;Filandari;;VV;0;0;1839.0;2001;18,8395;2009;1875;2009
4;18;102;102013;102013;Filogaso;;VV;0;0;1377.0;2001;23,8975;2009;1421;2009
4;18;102;102014;102014;Francavilla Angitola;;VV;0;0;2354.0;2001;28,6319;2009;1995;2009
4;18;102;102015;102015;Francica;;VV;0;0;1670.0;2001;22,7009;2009;1681;2009
4;18;102;102016;102016;Gerocarne;;VV;0;0;2498.0;2001;45,2254;2009;2420;2009
4;18;102;102017;102017;Jonadi;;VV;0;0;2662.0;2001;8,8113;2009;3616;2009
4;18;102;102018;102018;Joppolo;;VV;0;0;2274.0;2001;21,6692;2009;2116;2009
4;18;102;102019;102019;Limbadi;;VV;0;0;3630.0;2001;29,1519;2009;3593;2009
4;18;102;102020;102020;Maierato;;VV;0;0;2256.0;2001;39,9325;2009;2262;2009
4;18;102;102021;102021;Mileto;;VV;0;0;7157.0;2001;35,6532;2009;6979;2009
4;18;102;102022;102022;Mongiana;;VV;0;0;881.0;2001;18,4089;2009;829;2009
4;18;102;102023;102023;Monterosso Calabro;;VV;0;0;2017.0;2001;18,3653;2009;1822;2009
4;18;102;102024;102024;Nardodipace;;VV;0;0;1477.0;2001;33,3028;2009;1379;2009
4;18;102;102025;102025;Nicotera;;VV;0;0;6778.0;2001;28,2468;2009;6537;2009
4;18;102;102026;102026;Parghelia;;VV;0;0;1377.0;2001;7,9491;2009;1321;2009
4;18;102;102027;102027;Pizzo;;VV;0;0;8602.0;2001;22,8878;2009;8956;2009
4;18;102;102028;102028;Pizzoni;;VV;0;0;1364.0;2001;21,7004;2009;1242;2009
4;18;102;102029;102029;Polia;;VV;0;0;1319.0;2001;31,5057;2009;1088;2009
4;18;102;102030;102030;Ricadi;;VV;0;0;4429.0;2001;22,5378;2009;4711;2009
4;18;102;102031;102031;Rombiolo;;VV;0;0;4730.0;2001;22,8427;2009;4722;2009
4;18;102;102032;102032;San Calogero;;VV;0;0;4649.0;2001;25,3367;2009;4494;2009
4;18;102;102033;102033;San Costantino Calabro;;VV;0;0;2308.0;2001;6,7892;2009;2246;2009
4;18;102;102034;102034;San Gregorio d'Ippona;;VV;0;0;2338.0;2001;12,5345;2009;2384;2009
4;18;102;102035;102035;San Nicola da Crissa;;VV;0;0;1599.0;2001;19,3959;2009;1454;2009
4;18;102;102036;102036;Sant'Onofrio;;VV;0;0;3238.0;2001;18,6586;2009;3163;2009
4;18;102;102037;102037;Serra San Bruno;;VV;0;0;7068.0;2001;40,5725;2009;6866;2009
4;18;102;102038;102038;Simbario;;VV;0;0;1082.0;2001;20,8328;2009;1016;2009
4;18;102;102039;102039;Sorianello;;VV;0;0;1589.0;2001;9,5926;2009;1193;2009
4;18;102;102040;102040;Soriano Calabro;;VV;0;0;3068.0;2001;15,4369;2009;2613;2009
4;18;102;102041;102041;Spadola;;VV;0;0;819.0;2001;9,6462;2009;855;2009
4;18;102;102042;102042;Spilinga;;VV;0;0;1609.0;2001;17,4236;2009;1499;2009
4;18;102;102043;102043;Stefanaconi;;VV;0;0;2497.0;2001;23,1798;2009;2556;2009
4;18;102;102044;102044;Tropea;;VV;0;0;6836.0;2001;3,6604;2009;6678;2009
4;18;102;102045;102045;Vallelonga;;VV;0;0;759.0;2001;17,6406;2009;694;2009
4;18;102;102046;102046;Vazzano;;VV;0;0;1231.0;2001;20,2027;2009;1115;2009
4;18;102;102047;102047;Vibo Valentia;;VV;1;0;33957.0;2001;46,5709;2009;33550;2009
4;18;102;102048;102048;Zaccanopoli;;VV;0;0;888.0;2001;5,3751;2009;815;2009
4;18;102;102049;102049;Zambrone;;VV;0;0;1743.0;2001;15,7735;2009;1820;2009
4;18;102;102050;102050;Zungri;;VV;0;0;2182.0;2001;23,4549;2009;2022;2009
1;1;103;103001;103001;Antrona Schieranco;;VB;0;0;544.0;2001;100,1815;2009;498;2009
1;1;103;103002;103002;Anzola d'Ossola;;VB;0;0;443.0;2001;13,6569;2009;450;2009
1;1;103;103003;103003;Arizzano;;VB;0;0;1890.0;2001;1,5995;2009;2048;2009
1;1;103;103004;103004;Arola;;VB;0;0;279.0;2001;6,6127;2009;276;2009
1;1;103;103005;103005;Aurano;;VB;0;0;118.0;2001;21,1563;2009;105;2009
1;1;103;103006;103006;Baceno;;VB;0;0;961.0;2001;77,2735;2009;957;2009
1;1;103;103007;103007;Bannio Anzino;;VB;0;0;582.0;2001;39,4656;2009;535;2009
1;1;103;103008;103008;Baveno;;VB;0;0;4554.0;2001;17,1003;2009;4892;2009
1;1;103;103009;103009;Bee;;VB;0;0;623.0;2001;3,5046;2009;758;2009
1;1;103;103010;103010;Belgirate;;VB;0;0;521.0;2001;7,1278;2009;567;2009
1;1;103;103011;103011;Beura-Cardezza;;VB;0;0;1372.0;2001;28,5515;2009;1448;2009
1;1;103;103012;103012;Bognanco;;VB;0;0;319.0;2001;57,8775;2009;255;2009
1;1;103;103013;103013;Brovello-Carpugnino;;VB;0;0;546.0;2001;8,2233;2009;678;2009
1;1;103;103014;103014;Calasca-Castiglione;;VB;0;0;765.0;2001;57,0676;2009;717;2009
1;1;103;103015;103015;Cambiasca;;VB;0;0;1538.0;2001;3,9645;2009;1642;2009
1;1;103;103016;103016;Cannero Riviera;;VB;0;0;1050.0;2001;14,4189;2009;1019;2009
1;1;103;103017;103017;Cannobio;;VB;0;0;4977.0;2001;52,5335;2009;5063;2009
1;1;103;103018;103018;Caprezzo;;VB;0;0;177.0;2001;7,2565;2009;181;2009
1;1;103;103019;103019;Casale Corte Cerro;;VB;0;0;3292.0;2001;12,5227;2009;3505;2009
1;1;103;103020;103020;Cavaglio-Spoccia;;VB;0;0;309.0;2001;18,0681;2009;278;2009
1;1;103;103021;103021;Ceppo Morelli;;VB;0;0;396.0;2001;40,1858;2009;354;2009
1;1;103;103022;103022;Cesara;;VB;0;0;606.0;2001;11,6546;2009;606;2009
1;1;103;103023;103023;Cossogno;;VB;0;0;537.0;2001;40,2573;2009;575;2009
1;1;103;103024;103024;Craveggia;;VB;0;0;723.0;2001;36,2167;2009;767;2009
1;1;103;103025;103025;Crevoladossola;;VB;0;0;4695.0;2001;39,8738;2009;4734;2009
1;1;103;103026;103026;Crodo;;VB;0;0;1483.0;2001;53,5753;2009;1464;2009
1;1;103;103027;103027;Cursolo-Orasso;;VB;0;0;119.0;2001;20,7884;2009;118;2009
1;1;103;103028;103028;Domodossola;;VB;0;0;18466.0;2001;37,0084;2009;18339;2009
1;1;103;103029;103029;Druogno;;VB;0;0;961.0;2001;29,6091;2009;976;2009
1;1;103;103030;103030;Falmenta;;VB;0;0;231.0;2001;16,3176;2009;169;2009
1;1;103;103031;103031;Formazza;;VB;0;0;448.0;2001;130,6467;2009;438;2009
1;1;103;103032;103032;Germagno;;VB;0;0;204.0;2001;2,8976;2009;206;2009
1;1;103;103033;103033;Ghiffa;;VB;0;0;2336.0;2001;14,6517;2009;2397;2009
1;1;103;103034;103034;Gignese;;VB;0;0;789.0;2001;14,5785;2009;953;2009
1;1;103;103035;103035;Gravellona Toce;;VB;0;0;7539.0;2001;14,2127;2009;7773;2009
1;1;103;103036;103036;Gurro;;VB;0;0;310.0;2001;13,2848;2009;263;2009
1;1;103;103037;103037;Intragna;;VB;0;0;125.0;2001;9,9219;2009;108;2009
1;1;103;103038;103038;Loreglia;;VB;0;0;283.0;2001;9,1531;2009;272;2009
1;1;103;103039;103039;Macugnaga;;VB;0;0;651.0;2001;99,5680;2009;613;2009
1;1;103;103040;103040;Madonna del Sasso;;VB;0;0;446.0;2001;15,4114;2009;450;2009
1;1;103;103041;103041;Malesco;;VB;0;0;1473.0;2001;43,1763;2009;1453;2009
1;1;103;103042;103042;Masera;;VB;0;0;1429.0;2001;20,3537;2009;1516;2009
1;1;103;103043;103043;Massiola;;VB;0;0;173.0;2001;8,0549;2009;145;2009
1;1;103;103044;103044;Mergozzo;;VB;0;0;2038.0;2001;27,0343;2009;2134;2009
1;1;103;103045;103045;Miazzina;;VB;0;0;391.0;2001;21,1750;2009;428;2009
1;1;103;103046;103046;Montecrestese;;VB;0;0;1209.0;2001;86,1483;2009;1239;2009
1;1;103;103047;103047;Montescheno;;VB;0;0;441.0;2001;22,1708;2009;438;2009
1;1;103;103048;103048;Nonio;;VB;0;0;883.0;2001;9,7997;2009;891;2009
1;1;103;103049;103049;Oggebbio;;VB;0;0;836.0;2001;21,4381;2009;866;2009
1;1;103;103050;103050;Omegna;;VB;0;0;15373.0;2001;30,3719;2009;16037;2009
1;1;103;103051;103051;Ornavasso;;VB;0;0;3231.0;2001;25,9194;2009;3361;2009
1;1;103;103052;103052;Pallanzeno;;VB;0;0;1210.0;2001;4,3658;2009;1190;2009
1;1;103;103053;103053;Piedimulera;;VB;0;0;1673.0;2001;7,5656;2009;1601;2009
1;1;103;103054;103054;Pieve Vergonte;;VB;0;0;2692.0;2001;41,6720;2009;2657;2009
1;1;103;103055;103055;Premeno;;VB;0;0;769.0;2001;7,8796;2009;768;2009
1;1;103;103056;103056;Premia;;VB;0;0;603.0;2001;88,9024;2009;585;2009
1;1;103;103057;103057;Premosello-Chiovenda;;VB;0;0;2054.0;2001;34,1628;2009;2054;2009
1;1;103;103058;103058;Quarna Sopra;;VB;0;0;318.0;2001;9,3882;2009;284;2009
1;1;103;103059;103059;Quarna Sotto;;VB;0;0;427.0;2001;16,3804;2009;427;2009
1;1;103;103060;103060;Re;;VB;0;0;830.0;2001;27,1522;2009;784;2009
1;1;103;103061;103061;San Bernardino Verbano;;VB;0;0;1152.0;2001;26,6756;2009;1363;2009
1;1;103;103062;103062;Santa Maria Maggiore;;VB;0;0;1207.0;2001;53,7054;2009;1262;2009
1;1;103;103063;103063;Seppiana;;VB;0;0;182.0;2001;5,4182;2009;159;2009
1;1;103;103064;103064;Stresa;;VB;0;0;4836.0;2001;35,3614;2009;5053;2009
1;1;103;103065;103065;Toceno;;VB;0;0;758.0;2001;15,7687;2009;764;2009
1;1;103;103066;103066;Trarego Viggiona;;VB;0;0;379.0;2001;18,9006;2009;388;2009
1;1;103;103067;103067;Trasquera;;VB;0;0;279.0;2001;39,6013;2009;225;2009
1;1;103;103068;103068;Trontano;;VB;0;0;1710.0;2001;56,7344;2009;1678;2009
1;1;103;103069;103069;Valstrona;;VB;0;0;1270.0;2001;51,8894;2009;1252;2009
1;1;103;103070;103070;Vanzone con San Carlo;;VB;0;0;512.0;2001;15,7344;2009;443;2009
1;1;103;103071;103071;Varzo;;VB;0;0;2218.0;2001;93,7665;2009;2156;2009
1;1;103;103072;103072;Verbania;;VB;1;0;30128.0;2001;37,4531;2009;30697;2009
1;1;103;103073;103073;Viganella;;VB;0;0;204.0;2001;13,6649;2009;197;2009
1;1;103;103074;103074;Vignone;;VB;0;0;1090.0;2001;3,3806;2009;1240;2009
1;1;103;103075;103075;Villadossola;;VB;0;0;6908.0;2001;18,7333;2009;6902;2009
1;1;103;103076;103076;Villette;;VB;0;0;244.0;2001;7,3834;2009;265;2009
1;1;103;103077;103077;Vogogna;;VB;0;0;1702.0;2001;15,6245;2009;1738;2009
5;20;104;104001;104001;Aggius;;OT;0;0;1686.0;2001;86,3048;2009;1627;2009
5;20;104;104002;104002;Aglientu;;OT;0;0;1093.0;2001;148,1899;2009;1172;2009
5;20;104;104003;104003;Alà dei Sardi;;OT;0;0;1949.0;2001;197,9893;2009;1965;2009
5;20;104;104004;104004;Arzachena;;OT;0;0;10730.0;2001;230,8504;2009;12182;2009
5;20;104;104005;104005;Badesi;;OT;0;0;1862.0;2001;31,3026;2009;1867;2009
5;20;104;104006;104006;Berchidda;;OT;0;0;3177.0;2001;201,8768;2009;2943;2009
5;20;104;104007;104007;Bortigiadas;;OT;0;0;896.0;2001;75,8974;2009;798;2009
5;20;104;104008;104008;Buddusò;;OT;0;0;4145.0;2001;176,8381;2009;4013;2009
5;20;104;104009;104009;Budoni;;OT;0;0;3929.0;2001;54,2783;2009;4820;2009
5;20;104;104010;104010;Calangianus;;OT;0;0;4642.0;2001;126,8371;2009;4395;2009
5;20;104;104011;104011;Golfo Aranci;;OT;0;0;1961.0;2001;37,4286;2009;2325;2009
5;20;104;104012;104012;La Maddalena;;OT;0;0;11369.0;2001;52,0131;2009;11440;2009
5;20;104;104013;104013;Loiri Porto San Paolo;;OT;0;0;2214.0;2001;118,5196;2009;3071;2009
5;20;104;104014;104014;Luogosanto;;OT;0;0;1825.0;2001;135,0697;2009;1870;2009
5;20;104;104015;104015;Luras;;OT;0;0;2660.0;2001;87,5852;2009;2704;2009
5;20;104;104016;104016;Monti;;OT;0;0;2440.0;2001;123,8221;2009;2457;2009
5;20;104;104017;104017;Olbia;;OT;1;0;45366.0;2001;383,6356;2009;53224;2009
5;20;104;104018;104018;Oschiri;;OT;0;0;3749.0;2001;215,6107;2009;3520;2009
5;20;104;104019;104019;Padru;;OT;0;0;2109.0;2001;157,9962;2009;2162;2009
5;20;104;104020;104020;Palau;;OT;0;0;3468.0;2001;44,4411;2009;4114;2009
5;20;104;104021;104021;Sant'Antonio di Gallura;;OT;0;0;1625.0;2001;81,6928;2009;1670;2009
5;20;104;104022;104022;Santa Teresa Gallura;;OT;0;0;4349.0;2001;102,2846;2009;5118;2009
5;20;104;104023;104023;San Teodoro;;OT;0;0;3103.0;2001;107,5988;2009;4392;2009
5;20;104;104024;104024;Telti;;OT;0;0;1969.0;2001;83,2468;2009;2162;2009
5;20;104;104025;104025;Tempio Pausania;;OT;1;0;13992.0;2001;210,8178;2009;14095;2009
5;20;104;104026;104026;Trinità d'Agultu e Vignola;;OT;0;0;2026.0;2001;134,0007;2009;2126;2009
5;20;105;105001;105001;Arzana;;OG;0;0;2730.0;2001;162,4861;2009;2551;2009
5;20;105;105002;105002;Bari Sardo;;OG;0;0;3871.0;2001;37,4258;2009;3931;2009
5;20;105;105003;105003;Baunei;;OG;0;0;3886.0;2001;211,8969;2009;3769;2009
5;20;105;105004;105004;Cardedu;;OG;0;0;1465.0;2001;33,3889;2009;1765;2009
5;20;105;105005;105005;Elini;;OG;0;0;553.0;2001;10,6497;2009;557;2009
5;20;105;105006;105006;Gairo;;OG;0;0;1678.0;2001;77,4900;2009;1560;2009
5;20;105;105007;105007;Girasole;;OG;0;0;946.0;2001;13,1614;2009;1178;2009
5;20;105;105008;105008;Ilbono;;OG;0;0;2293.0;2001;31,1320;2009;2250;2009
5;20;105;105009;105009;Jerzu;;OG;0;0;3352.0;2001;102,4050;2009;3242;2009
5;20;105;105010;105010;Lanusei;;OG;1;0;5841.0;2001;53,1689;2009;5620;2009
5;20;105;105011;105011;Loceri;;OG;0;0;1336.0;2001;19,3735;2009;1227;2009
5;20;105;105012;105012;Lotzorai;;OG;0;0;2114.0;2001;16,8669;2009;2176;2009
5;20;105;105013;105013;Osini;;OG;0;0;947.0;2001;39,8139;2009;856;2009
5;20;105;105014;105014;Perdasdefogu;;OG;0;0;2331.0;2001;77,7449;2009;2129;2009
5;20;105;105015;105015;Seui;;OG;0;0;1587.0;2001;148,2050;2009;1423;2009
5;20;105;105016;105016;Talana;;OG;0;0;1129.0;2001;118,6730;2009;1072;2009
5;20;105;105017;105017;Tertenia;;OG;0;0;3726.0;2001;117,6500;2009;3808;2009
5;20;105;105018;105018;Tortolì;;OG;1;0;9973.0;2001;40,2849;2009;10666;2009
5;20;105;105019;105019;Triei;;OG;0;0;1115.0;2001;32,9804;2009;1120;2009
5;20;105;105020;105020;Ulassai;;OG;0;0;1613.0;2001;122,4109;2009;1545;2009
5;20;105;105021;105021;Urzulei;;OG;0;0;1443.0;2001;129,6349;2009;1324;2009
5;20;105;105022;105022;Ussassai;;OG;0;0;763.0;2001;47,3230;2009;627;2009
5;20;105;105023;105023;Villagrande Strisaili;;OG;0;0;3697.0;2001;210,3509;2009;3425;2009
5;20;106;106001;106001;Arbus;;VS;0;0;7021.0;2001;269,1175;2009;6635;2009
5;20;106;106002;106002;Barumini;;VS;0;0;1413.0;2001;26,3994;2009;1336;2009
5;20;106;106003;106003;Collinas;;VS;0;0;1014.0;2001;20,8264;2009;896;2009
5;20;106;106004;106004;Furtei;;VS;0;0;1723.0;2001;26,1114;2009;1671;2009
5;20;106;106005;106005;Genuri;;VS;0;0;386.0;2001;7,5149;2009;363;2009
5;20;106;106006;106006;Gesturi;;VS;0;0;1430.0;2001;46,8295;2009;1305;2009
5;20;106;106007;106007;Gonnosfanadiga;;VS;0;0;6970.0;2001;125,1870;2009;6839;2009
5;20;106;106008;106008;Guspini;;VS;0;0;12695.0;2001;174,6655;2009;12389;2009
5;20;106;106009;106009;Las Plassas;;VS;0;0;269.0;2001;11,0416;2009;271;2009
5;20;106;106010;106010;Lunamatrona;;VS;0;0;1858.0;2001;20,5853;2009;1794;2009
5;20;106;106011;106011;Pabillonis;;VS;0;0;3044.0;2001;37,4236;2009;2978;2009
5;20;106;106012;106012;Pauli Arbarei;;VS;0;0;720.0;2001;15,1381;2009;650;2009
5;20;106;106013;106013;Samassi;;VS;0;0;5274.0;2001;42,0433;2009;5325;2009
5;20;106;106014;106014;San Gavino Monreale;;VS;0;0;9460.0;2001;87,3983;2009;9028;2009
5;20;106;106015;106015;Sanluri;;VS;1;0;8519.0;2001;84,2252;2009;8526;2009
5;20;106;106016;106016;Sardara;;VS;0;0;4350.0;2001;56,2295;2009;4210;2009
5;20;106;106017;106017;Segariu;;VS;0;0;1358.0;2001;16,6918;2009;1317;2009
5;20;106;106018;106018;Serramanna;;VS;0;0;9545.0;2001;83,8383;2009;9294;2009
5;20;106;106019;106019;Serrenti;;VS;0;0;5174.0;2001;42,7843;2009;5029;2009
5;20;106;106020;106020;Setzu;;VS;0;0;166.0;2001;7,7683;2009;152;2009
5;20;106;106021;106021;Siddi;;VS;0;0;799.0;2001;11,0203;2009;718;2009
5;20;106;106022;106022;Tuili;;VS;0;0;1185.0;2001;24,5856;2009;1083;2009
5;20;106;106023;106023;Turri;;VS;0;0;533.0;2001;9,6009;2009;449;2009
5;20;106;106024;106024;Ussaramanna;;VS;0;0;611.0;2001;9,7603;2009;564;2009
5;20;106;106025;106025;Villacidro;;VS;1;0;14732.0;2001;183,4751;2009;14460;2009
5;20;106;106026;106026;Villamar;;VS;0;0;2960.0;2001;38,5293;2009;2888;2009
5;20;106;106027;106027;Villanovaforru;;VS;0;0;700.0;2001;10,9328;2009;679;2009
5;20;106;106028;106028;Villanovafranca;;VS;0;0;1491.0;2001;27,5900;2009;1460;2009
5;20;107;107001;107001;Buggerru;;CI;0;0;1163.0;2001;48,3317;2009;1132;2009
5;20;107;107002;107002;Calasetta;;CI;0;0;2745.0;2001;31,0598;2009;2896;2009
5;20;107;107003;107003;Carbonia;;CI;1;0;30447.0;2001;145,5414;2009;29311;2009
5;20;107;107004;107004;Carloforte;;CI;0;0;6444.0;2001;51,1012;2009;6426;2009
5;20;107;107005;107005;Domusnovas;;CI;0;0;6582.0;2001;80,5920;2009;6392;2009
5;20;107;107006;107006;Fluminimaggiore;;CI;0;0;3134.0;2001;108,1819;2009;2998;2009
5;20;107;107007;107007;Giba;;CI;0;0;2093.0;2001;30,4365;2009;2132;2009
5;20;107;107008;107008;Gonnesa;;CI;0;0;5169.0;2001;48,0555;2009;5163;2009
5;20;107;107009;107009;Iglesias;;CI;1;0;28170.0;2001;208,2300;2009;27777;2009
5;20;107;107010;107010;Masainas;;CI;0;0;1479.0;2001;23,6862;2009;1361;2009
5;20;107;107011;107011;Musei;;CI;0;0;1506.0;2001;20,2739;2009;1505;2009
5;20;107;107012;107012;Narcao;;CI;0;0;3365.0;2001;85,8746;2009;3402;2009
5;20;107;107013;107013;Nuxis;;CI;0;0;1703.0;2001;61,5918;2009;1705;2009
5;20;107;107014;107014;Perdaxius;;CI;0;0;1465.0;2001;29,4952;2009;1479;2009
5;20;107;107015;107015;Piscinas;;CI;0;0;886.0;2001;16,8947;2009;839;2009
5;20;107;107016;107016;Portoscuso;;CI;0;0;5392.0;2001;38,0902;2009;5266;2009
5;20;107;107017;107017;San Giovanni Suergiu;;CI;0;0;6116.0;2001;72,3709;2009;6039;2009
5;20;107;107018;107018;Santadi;;CI;0;0;3767.0;2001;116,4840;2009;3634;2009
5;20;107;107019;107019;Sant'Anna Arresi;;CI;0;0;2583.0;2001;36,6787;2009;2716;2009
5;20;107;107020;107020;Sant'Antioco;;CI;0;0;11730.0;2001;87,8946;2009;11674;2009
5;20;107;107021;107021;Tratalias;;CI;0;0;1121.0;2001;31,0025;2009;1109;2009
5;20;107;107022;107022;Villamassargia;;CI;0;0;3713.0;2001;91,3875;2009;3701;2009
5;20;107;107023;107023;Villaperuccio;;CI;0;0;1117.0;2001;36,4283;2009;1090;2009
1;3;108;108001;108001;Agrate Brianza;;MB;0;0;12708.0;2001;11,2281;2009;14656;2009
1;3;108;108002;108002;Aicurzio;;MB;0;0;1980.0;2001;2,4676;2009;2070;2009
1;3;108;108003;108003;Albiate;;MB;0;0;5216.0;2001;2,8631;2009;6120;2009
1;3;108;108004;108004;Arcore;;MB;0;0;16663.0;2001;9,2455;2009;17415;2009
1;3;108;108005;108005;Barlassina;;MB;0;0;5927.0;2001;2,7559;2009;6802;2009
1;3;108;108006;108006;Bellusco;;MB;0;0;6162.0;2001;6,5372;2009;7118;2009
1;3;108;108007;108007;Bernareggio;;MB;0;0;8298.0;2001;5,9338;2009;10104;2009
1;3;108;108008;108008;Besana in Brianza;;MB;0;0;14177.0;2001;15,7027;2009;15275;2009
1;3;108;108009;108009;Biassono;;MB;0;0;11088.0;2001;4,8948;2009;11751;2009
1;3;108;108010;108010;Bovisio-Masciago;;MB;0;0;13367.0;2001;4,9334;2009;16448;2009
1;3;108;108011;108011;Briosco;;MB;0;0;5615.0;2001;6,6082;2009;5841;2009
1;3;108;108012;108012;Brugherio;;MB;0;0;31470.0;2001;10,4122;2009;32941;2009
1;3;108;108013;108013;Burago di Molgora;;MB;0;0;4141.0;2001;3,4332;2009;4277;2009
1;3;108;108014;108014;Camparada;;MB;0;0;1703.0;2001;1,5652;2009;2119;2009
1;3;108;108015;108015;Carate Brianza;;MB;0;0;16119.0;2001;9,8894;2009;17725;2009
1;3;108;108016;108016;Carnate;;MB;0;0;7335.0;2001;3,4702;2009;7259;2009
1;3;108;108017;108017;Cavenago di Brianza;;MB;0;0;6116.0;2001;4,3932;2009;6781;2009
1;3;108;108018;108018;Ceriano Laghetto;;MB;0;0;5440.0;2001;7,0780;2009;6271;2009
1;3;108;108019;108019;Cesano Maderno;;MB;0;0;33094.0;2001;11,5134;2009;36399;2009
1;3;108;108020;108020;Cogliate;;MB;0;0;7656.0;2001;6,9549;2009;8273;2009
1;3;108;108021;108021;Concorezzo;;MB;0;0;14204.0;2001;8,4875;2009;15024;2009
1;3;108;108022;108022;Correzzana;;MB;0;0;1849.0;2001;2,4858;2009;2470;2009
1;3;108;108023;108023;Desio;;MB;0;0;35069.0;2001;14,7563;2009;39994;2009
1;3;108;108024;108024;Giussano;;MB;0;0;21775.0;2001;10,2803;2009;24126;2009
1;3;108;108025;108025;Lazzate;;MB;0;0;6423.0;2001;5,3149;2009;7582;2009
1;3;108;108026;108026;Lesmo;;MB;0;0;6469.0;2001;5,1856;2009;7805;2009
1;3;108;108027;108027;Limbiate;;MB;0;0;31551.0;2001;12,2850;2009;33689;2009
1;3;108;108028;108028;Lissone;;MB;0;0;34450.0;2001;9,2958;2009;40730;2009
1;3;108;108029;108029;Macherio;;MB;0;0;6461.0;2001;3,1826;2009;7106;2009
1;3;108;108030;108030;Meda;;MB;0;0;21266.0;2001;8,3083;2009;22890;2009
1;3;108;108031;108031;Mezzago;;MB;0;0;3506.0;2001;4,3185;2009;4036;2009
1;3;108;108032;108032;Misinto;;MB;0;0;4108.0;2001;5,1093;2009;4941;2009
1;3;108;108033;108033;Monza;;MB;1;0;120204.0;2001;33,0966;2009;119848;2009
1;3;108;108034;108034;Muggiò;;MB;0;0;21207.0;2001;5,4764;2009;23209;2009
1;3;108;108035;108035;Nova Milanese;;MB;0;0;21999.0;2001;5,8580;2009;22729;2009
1;3;108;108036;108036;Ornago;;MB;0;0;3440.0;2001;5,8844;2009;4502;2009
1;3;108;108037;108037;Renate;;MB;0;0;3731.0;2001;2,9065;2009;4177;2009
1;3;108;108038;108038;Ronco Briantino;;MB;0;0;3087.0;2001;2,9685;2009;3369;2009
1;3;108;108039;108039;Seregno;;MB;0;0;39206.0;2001;13,0449;2009;42377;2009
1;3;108;108040;108040;Seveso;;MB;0;0;18728.0;2001;7,4024;2009;22173;2009
1;3;108;108041;108041;Sovico;;MB;0;0;7043.0;2001;3,2630;2009;8014;2009
1;3;108;108042;108042;Sulbiate;;MB;0;0;3305.0;2001;5,2018;2009;3857;2009
1;3;108;108043;108043;Triuggio;;MB;0;0;7674.0;2001;8,3930;2009;8227;2009
1;3;108;108044;108044;Usmate Velate;;MB;0;0;8657.0;2001;9,7508;2009;9851;2009
1;3;108;108045;108045;Varedo;;MB;0;0;12642.0;2001;4,8480;2009;12828;2009
1;3;108;108046;108046;Vedano al Lambro;;MB;0;0;7649.0;2001;1,9793;2009;7680;2009
1;3;108;108047;108047;Veduggio con Colzano;;MB;0;0;4249.0;2001;3,5554;2009;4455;2009
1;3;108;108048;108048;Verano Brianza;;MB;0;0;8859.0;2001;3,5334;2009;9256;2009
1;3;108;108049;108049;Villasanta;;MB;0;0;12951.0;2001;4,8647;2009;13496;2009
1;3;108;108050;108050;Vimercate;;MB;0;0;25536.0;2001;20,7166;2009;25399;2009
1;3;108;108051;108051;Busnago;;MB;0;0;4576.0;2001;5,7763;2009;6203;2009
1;3;108;108052;108052;Caponago;;MB;0;0;4524.0;2001;5,0386;2009;5206;2009
1;3;108;108053;108053;Cornate d'Adda;;MB;0;0;9238.0;2001;13,8153;2009;10108;2009
1;3;108;108054;108054;Lentate sul Seveso;;MB;0;0;14366.0;2001;13,9773;2009;15374;2009
1;3;108;108055;108055;Roncello;;MB;0;0;2354.0;2001;3,1611;2009;3733;2009
3;11;109;109001;109001;Altidona;;FM;0;0;2292.0;2001;12,9725;2009;3120;2009
3;11;109;109002;109002;Amandola;;FM;0;0;3969.0;2001;69,4940;2009;3757;2009
3;11;109;109003;109003;Belmonte Piceno;;FM;0;0;675.0;2001;10,5319;2009;674;2009
3;11;109;109004;109004;Campofilone;;FM;0;0;1803.0;2001;12,2113;2009;1946;2009
3;11;109;109005;109005;Falerone;;FM;0;0;3176.0;2001;24,6123;2009;3459;2009
3;11;109;109006;109006;Fermo;;FM;1;0;35502.0;2001;124,5319;2009;37099;2009
3;11;109;109007;109007;Francavilla d'Ete;;FM;0;0;963.0;2001;10,2041;2009;1009;2009
3;11;109;109008;109008;Grottazzolina;;FM;0;0;3129.0;2001;9,2619;2009;3308;2009
3;11;109;109009;109009;Lapedona;;FM;0;0;1148.0;2001;14,9249;2009;1186;2009
3;11;109;109010;109010;Magliano di Tenna;;FM;0;0;1204.0;2001;7,9293;2009;1411;2009
3;11;109;109011;109011;Massa Fermana;;FM;0;0;970.0;2001;7,7276;2009;982;2009
3;11;109;109012;109012;Monsampietro Morico;;FM;0;0;744.0;2001;9,7625;2009;704;2009
3;11;109;109013;109013;Montappone;;FM;0;0;1787.0;2001;10,4055;2009;1758;2009
3;11;109;109014;109014;Montefalcone Appennino;;FM;0;0;527.0;2001;15,9920;2009;480;2009
3;11;109;109015;109015;Montefortino;;FM;0;0;1303.0;2001;78,6157;2009;1249;2009
3;11;109;109016;109016;Monte Giberto;;FM;0;0;863.0;2001;12,5337;2009;829;2009
3;11;109;109017;109017;Montegiorgio;;FM;0;0;6667.0;2001;47,4458;2009;7007;2009
3;11;109;109018;109018;Montegranaro;;FM;0;0;12860.0;2001;31,4183;2009;13243;2009
3;11;109;109019;109019;Monteleone di Fermo;;FM;0;0;454.0;2001;8,2142;2009;435;2009
3;11;109;109020;109020;Montelparo;;FM;0;0;964.0;2001;21,6263;2009;876;2009
3;11;109;109021;109021;Monte Rinaldo;;FM;0;0;412.0;2001;7,9216;2009;409;2009
3;11;109;109022;109022;Monterubbiano;;FM;0;0;2387.0;2001;32,2352;2009;2391;2009
3;11;109;109023;109023;Monte San Pietrangeli;;FM;0;0;2545.0;2001;18,4509;2009;2559;2009
3;11;109;109024;109024;Monte Urano;;FM;0;0;7802.0;2001;16,7156;2009;8431;2009
3;11;109;109025;109025;Monte Vidon Combatte;;FM;0;0;511.0;2001;11,1669;2009;479;2009
3;11;109;109026;109026;Monte Vidon Corrado;;FM;0;0;829.0;2001;5,9488;2009;784;2009
3;11;109;109027;109027;Montottone;;FM;0;0;1032.0;2001;16,3789;2009;1035;2009
3;11;109;109028;109028;Moresco;;FM;0;0;608.0;2001;6,3504;2009;641;2009
3;11;109;109029;109029;Ortezzano;;FM;0;0;832.0;2001;7,0748;2009;839;2009
3;11;109;109030;109030;Pedaso;;FM;0;0;1968.0;2001;3,8469;2009;2630;2009
3;11;109;109031;109031;Petritoli;;FM;0;0;2529.0;2001;24,0023;2009;2496;2009
3;11;109;109032;109032;Ponzano di Fermo;;FM;0;0;1581.0;2001;14,2677;2009;1724;2009
3;11;109;109033;109033;Porto San Giorgio;;FM;0;0;15869.0;2001;8,7934;2009;16158;2009
3;11;109;109034;109034;Porto Sant'Elpidio;;FM;0;0;22752.0;2001;18,1256;2009;25184;2009
3;11;109;109035;109035;Rapagnano;;FM;0;0;1877.0;2001;12,6456;2009;2013;2009
3;11;109;109036;109036;Santa Vittoria in Matenano;;FM;0;0;1486.0;2001;26,1789;2009;1471;2009
3;11;109;109037;109037;Sant'Elpidio a Mare;;FM;0;0;15332.0;2001;50,5172;2009;16896;2009
3;11;109;109038;109038;Servigliano;;FM;0;0;2323.0;2001;18,4919;2009;2372;2009
3;11;109;109039;109039;Smerillo;;FM;0;0;411.0;2001;11,2925;2009;387;2009
3;11;109;109040;109040;Torre San Patrizio;;FM;0;0;2132.0;2001;11,9329;2009;2117;2009
4;16;110;110001;110001;Andria;;BT;1;0;95653.0;2001;402,8809;2009;99440;2009
4;16;110;110002;110002;Barletta;;BT;1;0;92094.0;2001;149,3518;2009;93966;2009
4;16;110;110003;110003;Bisceglie;;BT;0;0;51718.0;2001;69,2434;2009;54495;2009
4;16;110;110004;110004;Canosa di Puglia;;BT;0;0;31445.0;2001;150,9318;2009;31006;2009
4;16;110;110005;110005;Margherita di Savoia;;BT;0;0;12585.0;2001;35,6980;2009;12566;2009
4;16;110;110006;110006;Minervino Murge;;BT;0;0;10213.0;2001;257,4083;2009;9646;2009
4;16;110;110007;110007;San Ferdinando di Puglia;;BT;0;0;14361.0;2001;41,2295;2009;14801;2009
4;16;110;110008;110008;Spinazzola;;BT;0;0;7362.0;2001;184,0061;2009;6930;2009
4;16;110;110009;110009;Trani;;BT;1;0;53139.0;2001;103,4127;2009;55486;2009
4;16;110;110010;110010;Trinitapoli;;BT;0;0;14448.0;2001;148,7661;2009;14515;2009
