Codice Ripartizione geografica;Codice Regione;Codice Provincia (Storico);Codice Provincia/Uts;Codice Comune (alfanumerico);Codice Comune (numerico);Comune;Comune (dizione straniera);Sigla automobilistica;Capoluogo di Provincia/Uts;Capoluogo di Regione;Popolazione legale;Anno Censimento;Superficie (Kmq);Anno (Superficie);Popolazione residente;Anno (Popolazione residente)
1463;2022;2568;2022
7393;2022;3669;2022
3316;2022;464;2022
7397;2022;1628;2022
8741;2022;6292;2022
6311;2022;252;2022
9193;2022;16478;2022
4859;2022;2017;2022
3090;2022;483;2022
8781;2022;809;2022
1666;2022;1087;2022
2173;2022;12367;2022
9528;2022;1227;2022
0859;2022;794;2022
0065;2022;3057;2022
5064;2022;514;2022
4046;2022;3777;2022
7105;2022;104;2022
0289;2022;3095;2022
8027;2022;1566;2022
2030;2022;3018;2022
9864;2022;553;2022
7366;2022;17415;2022
5987;2022;3368;2022
0820;2022;535;2022
2237;2022;2108;2022
1093;2022;11769;2022
9647;2022;581;2022
4190;2022;3496;2022
3713;2022;761;2022
9616;2022;2158;2022
9191;2022;3086;2022
3900;2022;8681;2022
7583;2022;4622;2022
1350;2022;391;2022
9471;2022;448;2022
5702;2022;8464;2022
3591;2022;1483;2022
5597;2022;1491;2022
6868;2022;1339;2022
4760;2022;1114;2022
0591;2022;1591;2022
0661;2022;5620;2022
0973;2022;6229;2022
2313;2022;3322;2022
4924;2022;7372;2022
1313;2022;5888;2022
0864;2022;1328;2022
1318;2022;1202;2022
8499;2022;5599;2022
9504;2022;280;2022
1953;2022;2561;2022
0319;2022;623;2022
4077;2022;2045;2022
5370;2022;901;2022
2591;2022;752;2022
6791;2022;9078;2022
7163;2022;28234;2022
1238;2022;1864;2022
1726;2022;1504;2022
3141;2022;3047;2022
5512;2022;13868;2022
5245;2022;1770;2022
2795;2022;2194;2022
7063;2022;9686;2022
3756;2022;407;2022
1346;2022;6509;2022
3286;2022;2267;2022
9599;2022;5421;2022
1596;2022;1760;2022
0516;2022;1027;2022
8164;2022;157;2022
7006;2022;897;2022
4479;2022;337;2022
6132;2022;1527;2022
0224;2022;1965;2022
1967;2022;35908;2022
1187;2022;210;2022
7550;2022;856;2022
9167;2022;1526;2022
2027;2022;26244;2022
1638;2022;355;2022
9344;2022;239;2022
1965;2022;334;2022
7329;2022;18146;2022
6871;2022;208;2022
8788;2022;1445;2022
5724;2022;3257;2022
1075;2022;48359;2022
3321;2022;326;2022
5895;2022;593;2022
1129;2022;4454;2022
4917;2022;3027;2022
2387;2022;435;2022
8709;2022;919;2022
7335;2022;7840;2022
3083;2022;9531;2022
5394;2022;8988;2022
5473;2022;240;2022
8499;2022;5026;2022
8931;2022;2215;2022
4091;2022;477;2022
0396;2022;2647;2022
3457;2022;744;2022
6429;2022;2261;2022
5002;2022;3212;2022
8186;2022;274;2022
9482;2022;1586;2022
1488;2022;2814;2022
4018;2022;546;2022
5108;2022;9288;2022
4442;2022;1125;2022
3830;2022;590;2022
7379;2022;16254;2022
8199;2022;4113;2022
9872;2022;664;2022
0935;2022;192;2022
3296;2022;996;2022
1375;2022;36898;2022
7505;2022;43;2022
0293;2022;681;2022
7718;2022;374;2022
5042;2022;426;2022
1076;2022;22427;2022
0354;2022;1778;2022
7929;2022;8793;2022
2876;2022;4880;2022
2901;2022;1391;2022
9192;2022;16294;2022
6752;2022;161;2022
9365;2022;1749;2022
3912;2022;441;2022
5175;2022;1318;2022
7157;2022;1698;2022
2095;2022;1078;2022
1914;2022;1157;2022
7414;2022;7168;2022
0398;2022;494;2022
2585;2022;543;2022
1404;2022;1152;2022
3132;2022;417;2022
2599;2022;1279;2022
2587;2022;57;2022
0703;2022;3775;2022
6942;2022;672;2022
3281;2022;4248;2022
5438;2022;804;2022
6384;2022;1310;2022
0872;2022;728;2022
0825;2022;400;2022
3331;2022;623;2022
6554;2022;334;2022
5444;2022;56073;2022
5006;2022;47;2022
6568;2022;725;2022
4681;2022;974;2022
3567;2022;3296;2022
9036;2022;5056;2022
3897;2022;866;2022
4898;2022;855;2022
6222;2022;46269;2022
0484;2022;108;2022
3530;2022;6763;2022
0743;2022;282;2022
6422;2022;7790;2022
5543;2022;513;2022
3030;2022;1446;2022
2081;2022;23076;2022
1541;2022;746;2022
4886;2022;1150;2022
5771;2022;929;2022
7859;2022;3278;2022
4058;2022;1177;2022
0819;2022;834;2022
8885;2022;1991;2022
6886;2022;411;2022
4056;2022;1168;2022
5399;2022;3607;2022
1482;2022;4028;2022
0905;2022;3082;2022
7080;2022;514;2022
3937;2022;571;2022
0041;2022;747;2022
3498;2022;584;2022
4634;2022;15455;2022
7185;2022;2826;2022
3375;2022;35417;2022
8153;2022;8431;2022
6488;2022;3803;2022
1458;2022;18016;2022
9033;2022;3286;2022
0347;2022;1283;2022
6190;2022;10186;2022
5611;2022;966;2022
0611;2022;3017;2022
4477;2022;1094;2022
2018;2022;738;2022
6097;2022;255;2022
8460;2022;1905;2022
4785;2022;218;2022
5051;2022;1249;2022
2419;2022;712;2022
8802;2022;460;2022
0379;2022;331;2022
9560;2022;330;2022
7884;2022;979;2022
6657;2022;1738;2022
6001;2022;50;2022
8333;2022;1143;2022
1076;2022;20224;2022
8330;2022;4731;2022
5839;2022;2494;2022
2460;2022;12291;2022
8733;2022;1539;2022
5000;2022;47198;2022
5773;2022;3068;2022
1910;2022;1694;2022
7040;2022;1970;2022
2106;2022;2641;2022
2688;2022;273;2022
6878;2022;1924;2022
4078;2022;225;2022
3733;2022;767;2022
0649;2022;5099;2022
9371;2022;2406;2022
1003;2022;791;2022
9520;2022;1824;2022
3197;2022;606;2022
1034;2022;466;2022
6752;2022;67;2022
4329;2022;1490;2022
2315;2022;6068;2022
9068;2022;4039;2022
3808;2022;353;2022
3037;2022;508;2022
9795;2022;4843;2022
6512;2022;3666;2022
8619;2022;1715;2022
8867;2022;3244;2022
4051;2022;2518;2022
7367;2022;976;2022
6130;2022;3251;2022
7933;2022;796;2022
3443;2022;10276;2022
5489;2022;18564;2022
4441;2022;1469;2022
1243;2022;238;2022
1226;2022;3138;2022
5783;2022;1872;2022
5720;2022;3641;2022
3684;2022;4604;2022
7947;2022;4076;2022
1984;2022;10444;2022
2773;2022;241;2022
3112;2022;1015;2022
6768;2022;3201;2022
0309;2022;793;2022
3557;2022;1449;2022
9159;2022;927;2022
0579;2022;470;2022
3902;2022;45853;2022
2614;2022;1509;2022
6786;2022;940;2022
2140;2022;261;2022
4686;2022;6053;2022
9880;2022;5911;2022
6750;2022;746;2022
0547;2022;847398;2022
8239;2022;3017;2022
4545;2022;630;2022
0981;2022;4574;2022
4058;2022;3778;2022
3600;2022;311;2022
4544;2022;503;2022
3476;2022;10581;2022
9669;2022;175;2022
5378;2022;189;2022
2293;2022;1383;2022
5262;2022;3979;2022
1197;2022;950;2022
0792;2022;782;2022
9095;2022;2974;2022
8553;2022;89;2022
5578;2022;823;2022
0929;2022;1428;2022
1436;2022;873;2022
4469;2022;32303;2022
4607;2022;4815;2022
9434;2022;1330;2022
0691;2022;739;2022
6453;2022;253;2022
9677;2022;475;2022
1543;2022;5058;2022
7862;2022;4608;2022
0307;2022;1198;2022
4088;2022;3528;2022
7067;2022;2791;2022
4096;2022;993;2022
6867;2022;1951;2022
2930;2022;1060;2022
4231;2022;3885;2022
8766;2022;4436;2022
6327;2022;15219;2022
0573;2022;1162;2022
0748;2022;1186;2022
6818;2022;534;2022
1122;2022;1039;2022
4806;2022;15240;2022
9827;2022;8497;2022
7614;2022;7346;2022
8310;2022;1243;2022
6268;2022;990;2022
1714;2022;711;2022
7809;2022;308;2022
5650;2022;2491;2022
3102;2022;821;2022
3155;2022;1366;2022
7885;2022;108;2022
8080;2022;218;2022
8059;2022;1866;2022
8706;2022;165;2022
5697;2022;2214;2022
0898;2022;12098;2022
2954;2022;2258;2022
0767;2022;859;2022
1364;2022;218;2022
8002;2022;71;2022
1088;2022;1035;2022
0218;2022;1090;2022
1058;2022;765;2022
2050;2022;219;2022
6044;2022;274;2022
5379;2022;48;2022
3436;2022;4257;2022
3882;2022;226;2022
2231;2022;78;2022
9678;2022;765;2022
8563;2022;256;2022
2234;2022;7681;2022
0163;2022;352;2022
4768;2022;1090;2022
1401;2022;180;2022
2425;2022;1039;2022
7627;2022;498;2022
6666;2022;7522;2022
5030;2022;804;2022
8819;2022;319;2022
0876;2022;332;2022
6440;2022;484;2022
9703;2022;783;2022
5740;2022;540;2022
9917;2022;4203;2022
6670;2022;772;2022
9178;2022;92;2022
1818;2022;1373;2022
7159;2022;717;2022
4959;2022;792;2022
5271;2022;222;2022
9396;2022;1098;2022
2949;2022;301;2022
3518;2022;1284;2022
6903;2022;138;2022
5977;2022;190;2022
1781;2022;552;2022
5389;2022;711;2022
1560;2022;3794;2022
9026;2022;384;2022
2703;2022;63;2022
2705;2022;134;2022
4090;2022;450;2022
9151;2022;2236;2022
4754;2022;543;2022
8379;2022;174;2022
2677;2022;907;2022
1875;2022;206;2022
7766;2022;98;2022
5980;2022;3789;2022
6403;2022;1542;2022
1290;2022;8120;2022
5335;2022;372;2022
2547;2022;375;2022
9050;2022;4738;2022
3141;2022;1185;2022
2491;2022;671;2022
6058;2022;6659;2022
7509;2022;3291;2022
4267;2022;1858;2022
9738;2022;6920;2022
7747;2022;45399;2022
5109;2022;381;2022
5825;2022;1514;2022
2573;2022;155;2022
3257;2022;145;2022
2796;2022;935;2022
5362;2022;1546;2022
9965;2022;864;2022
5153;2022;2082;2022
1698;2022;13731;2022
4928;2022;715;2022
1788;2022;9400;2022
4537;2022;1323;2022
6080;2022;1144;2022
4826;2022;1294;2022
3043;2022;1133;2022
0915;2022;2001;2022
2544;2022;21282;2022
3812;2022;5172;2022
7479;2022;2762;2022
7563;2022;1108;2022
3213;2022;2492;2022
9852;2022;10665;2022
6556;2022;2441;2022
0407;2022;988;2022
5310;2022;893;2022
4893;2022;1512;2022
4845;2022;876;2022
7917;2022;320;2022
6413;2022;9857;2022
4854;2022;374;2022
8334;2022;1141;2022
3261;2022;1303;2022
6335;2022;6693;2022
1617;2022;549;2022
4493;2022;1224;2022
1035;2022;1584;2022
5067;2022;2591;2022
9346;2022;1423;2022
2522;2022;2526;2022
2145;2022;2005;2022
1702;2022;2584;2022
3663;2022;15625;2022
0494;2022;1419;2022
7697;2022;1763;2022
6439;2022;3392;2022
5821;2022;5510;2022
5209;2022;1323;2022
3336;2022;4324;2022
3717;2022;4293;2022
2833;2022;525;2022
5807;2022;2171;2022
6586;2022;1627;2022
8541;2022;226;2022
7880;2022;1564;2022
8639;2022;1129;2022
5353;2022;2383;2022
7187;2022;1193;2022
5209;2022;822;2022
5907;2022;2382;2022
2650;2022;1797;2022
3421;2022;811;2022
0499;2022;101797;2022
7945;2022;14249;2022
9352;2022;2224;2022
6500;2022;1068;2022
2272;2022;2145;2022
1338;2022;886;2022
0708;2022;1341;2022
7659;2022;804;2022
8648;2022;1351;2022
2967;2022;2148;2022
1259;2022;1819;2022
8525;2022;967;2022
9757;2022;3684;2022
6907;2022;5596;2022
5098;2022;2957;2022
4507;2022;712;2022
8993;2022;1985;2022
5352;2022;550;2022
7544;2022;1366;2022
3718;2022;724;2022
9144;2022;1087;2022
3270;2022;2691;2022
4632;2022;441;2022
2410;2022;858;2022
2225;2022;20597;2022
0122;2022;965;2022
7680;2022;4971;2022
7798;2022;2050;2022
2938;2022;849;2022
4635;2022;517;2022
1871;2022;5226;2022
5278;2022;157;2022
9173;2022;211;2022
5852;2022;31229;2022
5899;2022;218;2022
4616;2022;149;2022
2592;2022;80;2022
9174;2022;200;2022
9491;2022;961;2022
2494;2022;5832;2022
3263;2022;1051;2022
7636;2022;594;2022
9913;2022;7398;2022
7095;2022;638;2022
0007;2022;629;2022
1195;2022;228;2022
6863;2022;3490;2022
0700;2022;100;2022
0030;2022;330;2022
9673;2022;3650;2022
4389;2022;470;2022
1118;2022;56;2022
8633;2022;4220;2022
2409;2022;97;2022
4778;2022;375;2022
3398;2022;12528;2022
5405;2022;169;2022
5453;2022;648;2022
9483;2022;9620;2022
5299;2022;29572;2022
2376;2022;313;2022
1796;2022;42;2022
1240;2022;261;2022
0638;2022;1001;2022
7645;2022;10152;2022
6377;2022;571;2022
8653;2022;5495;2022
4476;2022;78;2022
5018;2022;88;2022
6760;2022;6755;2022
3283;2022;3063;2022
3043;2022;1123;2022
8380;2022;4381;2022
4192;2022;172;2022
8063;2022;1423;2022
1148;2022;2226;2022
9514;2022;142;2022
1301;2022;1363;2022
8586;2022;303;2022
8029;2022;890;2022
5394;2022;267;2022
3070;2022;57;2022
2621;2022;106;2022
7202;2022;671;2022
6340;2022;762;2022
5228;2022;451;2022
4378;2022;672;2022
5948;2022;5305;2022
1053;2022;88;2022
4850;2022;6866;2022
0487;2022;1980;2022
1423;2022;397;2022
2230;2022;5161;2022
5960;2022;2226;2022
1656;2022;5704;2022
5352;2022;9489;2022
0188;2022;3592;2022
1219;2022;185;2022
9034;2022;81;2022
1509;2022;796;2022
0872;2022;2135;2022
9875;2022;2154;2022
5401;2022;885;2022
3423;2022;3319;2022
1183;2022;364;2022
0529;2022;154;2022
6690;2022;55844;2022
3063;2022;1870;2022
5432;2022;3593;2022
6828;2022;4609;2022
9575;2022;6998;2022
2196;2022;79;2022
7314;2022;766;2022
9305;2022;1938;2022
4417;2022;1680;2022
0298;2022;486;2022
6666;2022;288;2022
1431;2022;24242;2022
1437;2022;691;2022
6433;2022;1603;2022
0106;2022;253;2022
9691;2022;571;2022
7412;2022;344;2022
2811;2022;2842;2022
7225;2022;2572;2022
9699;2022;262;2022
6769;2022;129;2022
9106;2022;2253;2022
8082;2022;1989;2022
4460;2022;3548;2022
4042;2022;68;2022
0784;2022;69;2022
7123;2022;1373;2022
1658;2022;2662;2022
8291;2022;423;2022
2005;2022;744;2022
2197;2022;792;2022
7390;2022;200;2022
8103;2022;1353;2022
2287;2022;193;2022
6562;2022;42;2022
5002;2022;2138;2022
2204;2022;2119;2022
0309;2022;1254;2022
7345;2022;3771;2022
9870;2022;3290;2022
3762;2022;1419;2022
1258;2022;54;2022
0258;2022;219;2022
2806;2022;745;2022
9057;2022;300;2022
0682;2022;213;2022
5111;2022;260;2022
3495;2022;615;2022
4382;2022;1265;2022
6797;2022;81;2022
9114;2022;1330;2022
9903;2022;570;2022
0516;2022;22102;2022
9330;2022;585;2022
2744;2022;1953;2022
8196;2022;4691;2022
5797;2022;541;2022
8402;2022;889;2022
6271;2022;701;2022
4303;2022;468;2022
1041;2022;222;2022
2210;2022;520;2022
6997;2022;1611;2022
9363;2022;228;2022
2359;2022;2328;2022
9929;2022;4071;2022
1919;2022;2009;2022
6758;2022;875;2022
3282;2022;929;2022
1824;2022;3512;2022
3027;2022;3317;2022
9261;2022;367;2022
5183;2022;326;2022
7070;2022;955;2022
6853;2022;947;2022
8083;2022;386;2022
3588;2022;81;2022
4931;2022;1481;2022
0874;2022;84;2022
2695;2022;2582;2022
6798;2022;591;2022
5116;2022;265;2022
4249;2022;190;2022
8934;2022;254;2022
2156;2022;106;2022
9187;2022;5465;2022
5694;2022;305;2022
3102;2022;2086;2022
6214;2022;2715;2022
1857;2022;71;2022
0348;2022;1421;2022
3043;2022;991;2022
4774;2022;3307;2022
3146;2022;1125;2022
9229;2022;183;2022
2934;2022;237;2022
3851;2022;177;2022
8132;2022;507;2022
0304;2022;2059;2022
3754;2022;649;2022
3615;2022;390;2022
0558;2022;9632;2022
4701;2022;4178;2022
8436;2022;1044;2022
3520;2022;104;2022
8367;2022;92;2022
4212;2022;90;2022
0038;2022;2128;2022
8104;2022;474;2022
2988;2022;1522;2022
0151;2022;122;2022
4023;2022;1558;2022
6107;2022;2076;2022
2406;2022;744;2022
1492;2022;2634;2022
5077;2022;158;2022
3529;2022;1539;2022
5849;2022;405;2022
9004;2022;977;2022
9166;2022;826;2022
5091;2022;355;2022
7295;2022;477;2022
0460;2022;150;2022
3255;2022;1162;2022
6961;2022;711;2022
9307;2022;17492;2022
1391;2022;87;2022
9068;2022;998;2022
8454;2022;151;2022
2617;2022;411;2022
5040;2022;3037;2022
7089;2022;2269;2022
1120;2022;1812;2022
4543;2022;2369;2022
0759;2022;2881;2022
1837;2022;3800;2022
1141;2022;1333;2022
7878;2022;21642;2022
3878;2022;173;2022
4980;2022;2109;2022
3908;2022;527;2022
8995;2022;315;2022
6011;2022;468;2022
6849;2022;302;2022
4153;2022;6288;2022
0936;2022;2691;2022
0957;2022;101;2022
2017;2022;2192;2022
1828;2022;168;2022
5376;2022;515;2022
3900;2022;720;2022
8226;2022;49;2022
5956;2022;769;2022
5253;2022;294;2022
3367;2022;2235;2022
3126;2022;908;2022
1017;2022;810;2022
9560;2022;96;2022
3938;2022;1333;2022
1571;2022;567;2022
0563;2022;1102;2022
1320;2022;6407;2022
0688;2022;2343;2022
7363;2022;3176;2022
9416;2022;2681;2022
7322;2022;2875;2022
2878;2022;5860;2022
7885;2022;751;2022
4958;2022;1550;2022
1693;2022;583;2022
0671;2022;371;2022
0901;2022;491;2022
4485;2022;1563;2022
5399;2022;497;2022
8608;2022;944;2022
4123;2022;576;2022
3147;2022;73691;2022
4341;2022;389;2022
0628;2022;1113;2022
2796;2022;308;2022
3426;2022;419;2022
9007;2022;298;2022
7622;2022;809;2022
1603;2022;2532;2022
7887;2022;1657;2022
2930;2022;1207;2022
7151;2022;1121;2022
8876;2022;405;2022
4325;2022;10057;2022
7297;2022;981;2022
0565;2022;304;2022
6482;2022;592;2022
8390;2022;561;2022
5649;2022;3677;2022
3373;2022;1111;2022
8616;2022;577;2022
0884;2022;2616;2022
2882;2022;278;2022
0656;2022;141;2022
1639;2022;1829;2022
5499;2022;824;2022
2040;2022;690;2022
6065;2022;3120;2022
6277;2022;380;2022
8477;2022;711;2022
5928;2022;441;2022
9385;2022;216;2022
6674;2022;587;2022
7778;2022;358;2022
4171;2022;250;2022
5045;2022;413;2022
7326;2022;1207;2022
0491;2022;293;2022
5225;2022;1421;2022
0824;2022;201;2022
0231;2022;307;2022
4766;2022;260;2022
3220;2022;583;2022
4253;2022;527;2022
3987;2022;513;2022
9431;2022;5632;2022
7531;2022;430;2022
9251;2022;1062;2022
9271;2022;1504;2022
1176;2022;488;2022
2168;2022;740;2022
8883;2022;513;2022
4722;2022;577;2022
7037;2022;2025;2022
5026;2022;1946;2022
8216;2022;295;2022
3423;2022;228;2022
9286;2022;374;2022
1551;2022;535;2022
9591;2022;196;2022
4302;2022;949;2022
2321;2022;2092;2022
1104;2022;980;2022
2062;2022;861;2022
4206;2022;2740;2022
3288;2022;874;2022
8551;2022;856;2022
5377;2022;320;2022
4970;2022;933;2022
6348;2022;694;2022
1408;2022;1234;2022
4191;2022;2318;2022
0975;2022;1037;2022
4053;2022;181;2022
3635;2022;10121;2022
6168;2022;73;2022
0261;2022;441;2022
5629;2022;436;2022
0013;2022;510;2022
0821;2022;213;2022
0243;2022;577;2022
9995;2022;1905;2022
8707;2022;148;2022
2054;2022;1574;2022
8350;2022;735;2022
4135;2022;366;2022
1823;2022;437;2022
5632;2022;926;2022
9829;2022;374;2022
8379;2022;339;2022
9110;2022;1355;2022
8661;2022;8074;2022
1477;2022;93;2022
2095;2022;677;2022
6838;2022;1000;2022
8690;2022;1161;2022
3426;2022;506;2022
3286;2022;101;2022
4474;2022;241;2022
6806;2022;550;2022
2847;2022;139;2022
1208;2022;1710;2022
7831;2022;753;2022
5950;2022;212;2022
7598;2022;267;2022
0381;2022;2401;2022
1652;2022;602;2022
9865;2022;244;2022
6222;2022;853;2022
6529;2022;811;2022
8715;2022;2941;2022
9470;2022;5503;2022
1268;2022;368;2022
2863;2022;546;2022
8627;2022;1499;2022
2966;2022;19010;2022
2298;2022;305;2022
7210;2022;91323;2022
1593;2022;696;2022
2127;2022;680;2022
3278;2022;392;2022
1270;2022;349;2022
2435;2022;6265;2022
2375;2022;257;2022
6194;2022;1242;2022
0526;2022;2011;2022
7123;2022;1534;2022
3258;2022;497;2022
4394;2022;689;2022
8874;2022;152;2022
5930;2022;1742;2022
3975;2022;1920;2022
6034;2022;544;2022
7357;2022;1337;2022
5880;2022;2204;2022
6141;2022;1038;2022
0237;2022;330;2022
5285;2022;422;2022
6333;2022;464;2022
2494;2022;469;2022
4375;2022;733;2022
0617;2022;444;2022
4663;2022;1769;2022
0525;2022;1128;2022
7893;2022;330;2022
4834;2022;428;2022
3393;2022;890;2022
2555;2022;86;2022
9234;2022;488;2022
3413;2022;718;2022
9646;2022;1193;2022
0105;2022;356;2022
2099;2022;32320;2022
9868;2022;978;2022
0373;2022;115;2022
0924;2022;2815;2022
7720;2022;869;2022
2090;2022;86;2022
4829;2022;400;2022
1281;2022;4462;2022
6600;2022;130;2022
9770;2022;1812;2022
5910;2022;455;2022
5776;2022;1467;2022
1106;2022;627;2022
4215;2022;4864;2022
4872;2022;394;2022
4466;2022;262;2022
5526;2022;465;2022
4427;2022;389;2022
7470;2022;291;2022
3008;2022;1316;2022
2961;2022;444;2022
6115;2022;933;2022
8996;2022;316;2022
3874;2022;986;2022
4620;2022;170;2022
2764;2022;177;2022
8486;2022;570;2022
0136;2022;2111;2022
6162;2022;301;2022
7515;2022;525;2022
2861;2022;425;2022
4310;2022;464;2022
4598;2022;1364;2022
9336;2022;626;2022
0431;2022;1867;2022
5337;2022;1590;2022
7683;2022;1029;2022
1544;2022;802;2022
7166;2022;609;2022
0432;2022;4416;2022
4494;2022;688;2022
3843;2022;280;2022
0802;2022;229;2022
9430;2022;472;2022
8022;2022;289;2022
5481;2022;620;2022
5357;2022;793;2022
0350;2022;76;2022
2320;2022;1257;2022
7374;2022;1221;2022
1997;2022;185;2022
2358;2022;1215;2022
5044;2022;1989;2022
7529;2022;568;2022
6940;2022;911;2022
5400;2022;200;2022
5183;2022;190;2022
0329;2022;150;2022
6176;2022;554;2022
7473;2022;248;2022
3757;2022;215;2022
7240;2022;605;2022
4868;2022;284;2022
5981;2022;506;2022
4513;2022;282;2022
8515;2022;306;2022
7090;2022;1289;2022
9524;2022;381;2022
2196;2022;689;2022
2943;2022;614;2022
3099;2022;1269;2022
1949;2022;27394;2022
4629;2022;1232;2022
5460;2022;415;2022
5707;2022;223;2022
6908;2022;111;2022
0996;2022;392;2022
5434;2022;585;2022
3721;2022;10788;2022
3668;2022;1193;2022
1836;2022;1349;2022
4198;2022;193;2022
7377;2022;498;2022
5365;2022;602;2022
2811;2022;1285;2022
3546;2022;1181;2022
9973;2022;890;2022
4426;2022;303;2022
7043;2022;3467;2022
9178;2022;1325;2022
9675;2022;514;2022
6498;2022;332;2022
0285;2022;1001;2022
0867;2022;295;2022
1764;2022;4516;2022
9723;2022;503;2022
0071;2022;1900;2022
1646;2022;1348;2022
7334;2022;1468;2022
5150;2022;613;2022
0518;2022;1374;2022
0734;2022;392;2022
5892;2022;129;2022
4613;2022;1405;2022
1543;2022;223;2022
2796;2022;1418;2022
5754;2022;332;2022
9150;2022;3885;2022
5707;2022;535;2022
1153;2022;1205;2022
6916;2022;4013;2022
8925;2022;536;2022
7063;2022;364;2022
7430;2022;380;2022
8531;2022;1106;2022
8425;2022;503;2022
9473;2022;5900;2022
3196;2022;1153;2022
1680;2022;1895;2022
5538;2022;1572;2022
9533;2022;196;2022
8539;2022;901;2022
9541;2022;381;2022
9146;2022;2298;2022
2889;2022;1932;2022
2113;2022;1494;2022
0350;2022;589;2022
2660;2022;882;2022
7959;2022;821;2022
1813;2022;1316;2022
8665;2022;26465;2022
6032;2022;260;2022
2193;2022;652;2022
4945;2022;18065;2022
2936;2022;969;2022
7257;2022;912;2022
6455;2022;2031;2022
3072;2022;3025;2022
4926;2022;482;2022
4416;2022;864;2022
8686;2022;295;2022
5563;2022;1726;2022
0672;2022;646;2022
5616;2022;1141;2022
4833;2022;1152;2022
2458;2022;132;2022
1828;2022;656;2022
1590;2022;1801;2022
7844;2022;1616;2022
0951;2022;1306;2022
9640;2022;208;2022
8126;2022;539;2022
3922;2022;33154;2022
8405;2022;1232;2022
3596;2022;820;2022
6166;2022;301;2022
4208;2022;1364;2022
2435;2022;2098;2022
0315;2022;108;2022
0904;2022;221;2022
5436;2022;965;2022
2569;2022;848;2022
9864;2022;745;2022
1589;2022;551;2022
5416;2022;875;2022
5283;2022;107;2022
7924;2022;730;2022
4323;2022;367;2022
8619;2022;2412;2022
6811;2022;4370;2022
0366;2022;1312;2022
6058;2022;2608;2022
9756;2022;2419;2022
2542;2022;511;2022
2330;2022;229;2022
5692;2022;478;2022
1198;2022;1772;2022
7086;2022;419;2022
8795;2022;420;2022
9833;2022;1679;2022
2939;2022;3360;2022
5155;2022;323;2022
6469;2022;774;2022
6384;2022;1140;2022
0381;2022;648;2022
6742;2022;366;2022
5840;2022;1301;2022
0120;2022;704;2022
9366;2022;103;2022
9427;2022;2022;2022
6666;2022;789;2022
5455;2022;425;2022
7597;2022;1757;2022
6277;2022;2059;2022
3588;2022;2989;2022
4824;2022;170;2022
5598;2022;209;2022
2661;2022;459;2022
3265;2022;1487;2022
5584;2022;172;2022
7533;2022;790;2022
9217;2022;3541;2022
4019;2022;981;2022
0249;2022;4107;2022
8333;2022;79;2022
3385;2022;163;2022
6410;2022;1003;2022
7362;2022;3482;2022
3871;2022;362;2022
3775;2022;1308;2022
4576;2022;327;2022
4206;2022;200;2022
1772;2022;3260;2022
8770;2022;334;2022
5722;2022;4459;2022
2904;2022;4826;2022
4583;2022;556;2022
4757;2022;191;2022
4468;2022;595;2022
2072;2022;161;2022
1501;2022;2183;2022
3547;2022;1294;2022
3870;2022;2541;2022
7979;2022;1268;2022
6268;2022;366;2022
9364;2022;625;2022
0601;2022;142;2022
0925;2022;117;2022
1429;2022;331;2022
1378;2022;1075;2022
3196;2022;382;2022
6993;2022;10193;2022
9386;2022;400;2022
4357;2022;817;2022
9485;2022;5608;2022
4708;2022;253;2022
8606;2022;1286;2022
9282;2022;261;2022
7925;2022;1114;2022
5948;2022;1090;2022
8570;2022;274;2022
5069;2022;593;2022
0917;2022;515;2022
3931;2022;1214;2022
8800;2022;620;2022
5547;2022;171;2022
5196;2022;776;2022
3343;2022;701;2022
1124;2022;2259;2022
6615;2022;5552;2022
9131;2022;1080;2022
2846;2022;2145;2022
7953;2022;1249;2022
4686;2022;42227;2022
3465;2022;677;2022
8969;2022;297;2022
6911;2022;166;2022
0473;2022;613;2022
0261;2022;112;2022
8375;2022;196;2022
4996;2022;3172;2022
2994;2022;827;2022
2246;2022;451;2022
5053;2022;1307;2022
2305;2022;751;2022
3803;2022;847;2022
3126;2022;2363;2022
2113;2022;626;2022
8027;2022;471;2022
8563;2022;560;2022
3675;2022;314;2022
0729;2022;2807;2022
2848;2022;285;2022
8800;2022;2967;2022
3071;2022;1227;2022
3475;2022;1218;2022
0067;2022;52974;2022
7084;2022;2007;2022
8705;2022;277;2022
4660;2022;980;2022
3633;2022;13795;2022
9254;2022;230;2022
6059;2022;374;2022
8807;2022;1227;2022
7219;2022;6729;2022
1512;2022;372;2022
8308;2022;22923;2022
4645;2022;257;2022
5156;2022;446;2022
9658;2022;511;2022
2553;2022;10086;2022
5893;2022;23438;2022
2457;2022;5202;2022
6771;2022;9597;2022
2964;2022;1947;2022
8219;2022;7266;2022
0930;2022;554;2022
2733;2022;530;2022
7933;2022;751;2022
6898;2022;1051;2022
3521;2022;2552;2022
4033;2022;4605;2022
7664;2022;2059;2022
4709;2022;327;2022
4025;2022;12706;2022
6033;2022;1691;2022
7437;2022;1417;2022
4004;2022;5217;2022
2297;2022;741;2022
7043;2022;319;2022
1434;2022;131;2022
5613;2022;4871;2022
9616;2022;3294;2022
1526;2022;5341;2022
2726;2022;2142;2022
4066;2022;1037;2022
8144;2022;1836;2022
7297;2022;216;2022
5308;2022;11170;2022
0552;2022;1359;2022
2237;2022;1001;2022
7021;2022;394;2022
7741;2022;1708;2022
5303;2022;10739;2022
5718;2022;955;2022
7301;2022;1073;2022
8506;2022;95;2022
9576;2022;3202;2022
2984;2022;505;2022
2211;2022;742;2022
1768;2022;170;2022
6682;2022;2450;2022
2263;2022;220;2022
3130;2022;919;2022
6586;2022;1650;2022
1736;2022;430;2022
3321;2022;877;2022
4449;2022;725;2022
8442;2022;8249;2022
6454;2022;631;2022
9456;2022;794;2022
9355;2022;6884;2022
5972;2022;534;2022
7066;2022;748;2022
6552;2022;1693;2022
3740;2022;58403;2022
0195;2022;3453;2022
6807;2022;2981;2022
7756;2022;841;2022
2868;2022;183;2022
9652;2022;2685;2022
4467;2022;2539;2022
1688;2022;643;2022
8939;2022;8036;2022
0095;2022;12560;2022
9150;2022;358;2022
7619;2022;800;2022
8677;2022;2761;2022
8070;2022;282;2022
3050;2022;11076;2022
9316;2022;2584;2022
2765;2022;2560;2022
4232;2022;4420;2022
5133;2022;1831;2022
1058;2022;5104;2022
0076;2022;4998;2022
7401;2022;2783;2022
9074;2022;6481;2022
4612;2022;3738;2022
8218;2022;6710;2022
0657;2022;3096;2022
7496;2022;1588;2022
6931;2022;3591;2022
2802;2022;27365;2022
2878;2022;2213;2022
7230;2022;8487;2022
0873;2022;5689;2022
0024;2022;257;2022
7248;2022;519;2022
5251;2022;1830;2022
2541;2022;70;2022
6164;2022;428;2022
1628;2022;233;2022
6542;2022;561191;2022
8758;2022;92;2022
9667;2022;1386;2022
8679;2022;12308;2022
7098;2022;2429;2022
7183;2022;396;2022
5078;2022;1419;2022
4412;2022;3360;2022
9336;2022;2532;2022
6496;2022;1516;2022
2723;2022;3529;2022
3085;2022;2421;2022
6111;2022;2540;2022
6787;2022;199;2022
7246;2022;2005;2022
5213;2022;2128;2022
2561;2022;851;2022
9885;2022;498;2022
5565;2022;2404;2022
5310;2022;355;2022
9310;2022;117;2022
6304;2022;29221;2022
7864;2022;9412;2022
7191;2022;865;2022
1114;2022;4156;2022
8079;2022;63;2022
5928;2022;2524;2022
0858;2022;485;2022
5747;2022;2627;2022
0549;2022;8521;2022
9016;2022;5568;2022
7734;2022;996;2022
7000;2022;3012;2022
2065;2022;7550;2022
6243;2022;17374;2022
0661;2022;4004;2022
5370;2022;472;2022
0146;2022;2224;2022
0783;2022;583;2022
6332;2022;2128;2022
6707;2022;743;2022
4256;2022;373;2022
7878;2022;2378;2022
1935;2022;4294;2022
5379;2022;10169;2022
9449;2022;2261;2022
5663;2022;7452;2022
1896;2022;794;2022
3369;2022;869;2022
9013;2022;1285;2022
7544;2022;1079;2022
7917;2022;485;2022
8631;2022;473;2022
0171;2022;8273;2022
0857;2022;1277;2022
2704;2022;6103;2022
2600;2022;575;2022
5856;2022;92486;2022
0126;2022;9432;2022
8144;2022;5144;2022
4275;2022;575;2022
9434;2022;1340;2022
8558;2022;8159;2022
7462;2022;515;2022
6576;2022;3273;2022
7634;2022;3586;2022
2920;2022;1332;2022
6636;2022;663;2022
8525;2022;9865;2022
5435;2022;21696;2022
7758;2022;1274;2022
5883;2022;1792;2022
3024;2022;730;2022
3679;2022;7158;2022
7008;2022;463;2022
8282;2022;393;2022
8863;2022;5167;2022
7259;2022;5383;2022
1265;2022;9939;2022
5059;2022;4768;2022
5062;2022;4616;2022
1722;2022;758;2022
9405;2022;1644;2022
5157;2022;1595;2022
5636;2022;678;2022
4320;2022;2522;2022
4769;2022;5486;2022
9453;2022;8745;2022
5211;2022;3165;2022
0299;2022;4279;2022
0385;2022;2244;2022
8685;2022;3137;2022
2924;2022;793;2022
1820;2022;1727;2022
9484;2022;1226;2022
3964;2022;769;2022
0848;2022;1273;2022
6200;2022;942;2022
9058;2022;1178;2022
5046;2022;3089;2022
6597;2022;83054;2022
2718;2022;2165;2022
2636;2022;7746;2022
1334;2022;4740;2022
1274;2022;2541;2022
4198;2022;14708;2022
2222;2022;6567;2022
5453;2022;18185;2022
7494;2022;4796;2022
5879;2022;2737;2022
3257;2022;1391;2022
0454;2022;3621;2022
9090;2022;5637;2022
3236;2022;21444;2022
9999;2022;659;2022
9206;2022;13981;2022
9824;2022;566;2022
7509;2022;1320;2022
8104;2022;1864;2022
9003;2022;7533;2022
7590;2022;5048;2022
3195;2022;5661;2022
0039;2022;788;2022
1335;2022;10418;2022
1074;2022;3799;2022
9838;2022;1982;2022
8056;2022;4636;2022
6874;2022;1202;2022
5386;2022;2804;2022
5510;2022;788;2022
4407;2022;615;2022
1837;2022;3522;2022
5438;2022;3102;2022
0591;2022;2890;2022
8542;2022;151;2022
4882;2022;3311;2022
9589;2022;1656;2022
0249;2022;3089;2022
4152;2022;1442;2022
4939;2022;153;2022
6812;2022;12462;2022
6342;2022;6686;2022
5059;2022;683;2022
9848;2022;53012;2022
2748;2022;992;2022
0021;2022;9151;2022
8412;2022;4580;2022
6742;2022;2825;2022
7868;2022;10845;2022
6820;2022;3696;2022
4363;2022;2625;2022
1580;2022;4848;2022
4805;2022;8142;2022
6957;2022;2167;2022
0205;2022;1242;2022
4339;2022;1067;2022
3656;2022;10266;2022
9091;2022;5326;2022
8742;2022;5240;2022
4421;2022;5706;2022
5300;2022;8367;2022
1891;2022;3569;2022
8299;2022;5081;2022
2578;2022;11371;2022
7099;2022;1180;2022
9338;2022;14193;2022
0713;2022;1308;2022
7726;2022;1222;2022
0011;2022;16429;2022
4904;2022;3533;2022
8464;2022;8108;2022
8580;2022;308;2022
8082;2022;300;2022
4817;2022;1787;2022
9560;2022;1685;2022
0593;2022;1486;2022
5407;2022;1924;2022
6024;2022;4298;2022
2357;2022;4873;2022
7614;2022;4336;2022
2066;2022;12688;2022
9148;2022;8011;2022
7246;2022;843;2022
3374;2022;2862;2022
3581;2022;2267;2022
4844;2022;929;2022
7630;2022;1242;2022
4390;2022;2975;2022
0203;2022;16042;2022
0575;2022;38507;2022
0378;2022;11019;2022
0257;2022;4027;2022
9314;2022;5378;2022
5050;2022;17797;2022
7456;2022;5993;2022
6311;2022;3626;2022
6947;2022;2481;2022
4984;2022;18899;2022
5967;2022;3945;2022
0613;2022;229;2022
7362;2022;10826;2022
4185;2022;1578;2022
3172;2022;2472;2022
8393;2022;78807;2022
0849;2022;7305;2022
8788;2022;5967;2022
7338;2022;7337;2022
7832;2022;8650;2022
2626;2022;5168;2022
6057;2022;588;2022
2207;2022;1461;2022
9564;2022;2401;2022
2455;2022;2664;2022
3792;2022;6347;2022
9506;2022;4182;2022
8386;2022;2719;2022
9921;2022;1372;2022
5833;2022;4826;2022
2450;2022;1728;2022
7689;2022;7706;2022
1121;2022;689;2022
6314;2022;5163;2022
5106;2022;3544;2022
7157;2022;577;2022
5854;2022;351;2022
8086;2022;2814;2022
1195;2022;4835;2022
6704;2022;1760;2022
5601;2022;296;2022
4718;2022;1082;2022
1608;2022;6420;2022
8501;2022;2181;2022
9720;2022;328;2022
0345;2022;1589;2022
7733;2022;4009;2022
1783;2022;7347;2022
1486;2022;7998;2022
5169;2022;493;2022
6757;2022;1775;2022
2534;2022;39757;2022
1053;2022;5068;2022
7174;2022;5478;2022
9442;2022;1126;2022
9866;2022;2909;2022
1718;2022;4368;2022
7329;2022;3189;2022
2069;2022;6580;2022
8896;2022;1655;2022
2299;2022;5015;2022
5074;2022;3307;2022
9722;2022;1248;2022
6220;2022;898;2022
9748;2022;182;2022
5479;2022;590;2022
1833;2022;9384;2022
2813;2022;6383;2022
6263;2022;2104;2022
9034;2022;543;2022
6119;2022;453;2022
1193;2022;83691;2022
1917;2022;843;2022
1382;2022;689;2022
9305;2022;3453;2022
6466;2022;230;2022
6082;2022;634;2022
2764;2022;1450;2022
0436;2022;3204;2022
4878;2022;236;2022
8017;2022;16172;2022
9373;2022;2564;2022
5230;2022;1142;2022
1414;2022;4837;2022
3603;2022;3245;2022
9561;2022;4913;2022
2966;2022;9957;2022
7378;2022;662;2022
1790;2022;1064;2022
8171;2022;2850;2022
8991;2022;1288;2022
5458;2022;583;2022
9053;2022;5752;2022
9235;2022;9230;2022
1961;2022;884;2022
6825;2022;541;2022
8412;2022;2515;2022
5255;2022;461;2022
7039;2022;1935;2022
5636;2022;3863;2022
3036;2022;5930;2022
1337;2022;173;2022
0129;2022;4313;2022
4770;2022;9944;2022
6045;2022;1943;2022
1614;2022;2767;2022
6778;2022;5436;2022
8489;2022;2583;2022
9357;2022;9703;2022
0815;2022;686;2022
8027;2022;25312;2022
2884;2022;3159;2022
7701;2022;3048;2022
2814;2022;4086;2022
8973;2022;1512;2022
7270;2022;2365;2022
2232;2022;5402;2022
0152;2022;211;2022
5169;2022;2514;2022
7031;2022;8769;2022
7055;2022;943;2022
0301;2022;1154;2022
9210;2022;2904;2022
9517;2022;11870;2022
6968;2022;2337;2022
4607;2022;2648;2022
5747;2022;186;2022
7955;2022;1061;2022
5334;2022;238;2022
9040;2022;818;2022
0749;2022;667;2022
8112;2022;234;2022
3802;2022;4235;2022
6399;2022;4888;2022
2991;2022;951;2022
2026;2022;1317;2022
0752;2022;303;2022
5209;2022;1270;2022
0864;2022;1651;2022
5679;2022;7982;2022
5316;2022;6267;2022
7337;2022;485;2022
5076;2022;963;2022
7797;2022;7806;2022
9930;2022;276;2022
1171;2022;870;2022
7869;2022;3140;2022
4371;2022;1245;2022
7425;2022;650;2022
2943;2022;598;2022
8880;2022;5639;2022
5288;2022;1090;2022
9091;2022;238;2022
2823;2022;9709;2022
7844;2022;5145;2022
6474;2022;2606;2022
1320;2022;2610;2022
6115;2022;168;2022
7405;2022;1409;2022
8606;2022;208;2022
1517;2022;3084;2022
0078;2022;745;2022
7470;2022;4141;2022
8577;2022;7860;2022
5952;2022;188;2022
7866;2022;1683;2022
8689;2022;4051;2022
0589;2022;3573;2022
5814;2022;5471;2022
4154;2022;4994;2022
9508;2022;3114;2022
6566;2022;3676;2022
6232;2022;4646;2022
9606;2022;296;2022
3463;2022;2994;2022
7750;2022;589;2022
3652;2022;1469;2022
1438;2022;3220;2022
2216;2022;116;2022
5949;2022;4053;2022
1064;2022;1256;2022
4363;2022;3966;2022
7158;2022;1983;2022
9724;2022;1049;2022
4884;2022;936;2022
2724;2022;1345;2022
0700;2022;597;2022
0381;2022;1538;2022
4206;2022;421;2022
6946;2022;801;2022
7744;2022;7241;2022
5976;2022;2320;2022
7567;2022;2433;2022
0707;2022;343;2022
1360;2022;1108;2022
7887;2022;1379;2022
9900;2022;5526;2022
7335;2022;502;2022
4380;2022;3318;2022
2392;2022;3793;2022
7990;2022;513;2022
8986;2022;757;2022
6407;2022;547;2022
4264;2022;165;2022
7929;2022;1948;2022
9155;2022;4342;2022
1235;2022;1612;2022
6543;2022;503;2022
1649;2022;1262;2022
2928;2022;6790;2022
4605;2022;619;2022
7844;2022;740;2022
3245;2022;1033;2022
4294;2022;932;2022
1453;2022;1850;2022
9710;2022;2982;2022
8161;2022;12261;2022
7438;2022;1903;2022
2997;2022;37;2022
8048;2022;1417;2022
7998;2022;2044;2022
2533;2022;1911;2022
8988;2022;1807;2022
7264;2022;2242;2022
5842;2022;666;2022
9381;2022;2914;2022
0003;2022;288;2022
8249;2022;573;2022
7953;2022;2883;2022
8502;2022;367;2022
5234;2022;489;2022
4525;2022;3913;2022
8693;2022;21130;2022
6849;2022;82;2022
0508;2022;4590;2022
2651;2022;195;2022
3175;2022;4528;2022
3744;2022;8848;2022
2796;2022;734;2022
1463;2022;620;2022
3666;2022;2850;2022
0135;2022;2025;2022
7228;2022;4173;2022
5707;2022;3585;2022
9883;2022;2490;2022
7085;2022;839;2022
3775;2022;1065;2022
4054;2022;200;2022
5223;2022;948;2022
7393;2022;2991;2022
7777;2022;32492;2022
9818;2022;4735;2022
4210;2022;6771;2022
5849;2022;19556;2022
3585;2022;12367;2022
0521;2022;9236;2022
3841;2022;17235;2022
5915;2022;3681;2022
4923;2022;7980;2022
5901;2022;3828;2022
1619;2022;2950;2022
7424;2022;2052;2022
8715;2022;7095;2022
6535;2022;4113;2022
0991;2022;36279;2022
3825;2022;26073;2022
9348;2022;2479;2022
0057;2022;26852;2022
8321;2022;4600;2022
5751;2022;8375;2022
9872;2022;14025;2022
8772;2022;1210;2022
2274;2022;7133;2022
2538;2022;12515;2022
2435;2022;4135;2022
3712;2022;15725;2022
3248;2022;3942;2022
5951;2022;5560;2022
5697;2022;19283;2022
1469;2022;13961;2022
3175;2022;1915;2022
1728;2022;10835;2022
3101;2022;34893;2022
9632;2022;5145;2022
1211;2022;14918;2022
9495;2022;23387;2022
7681;2022;14262;2022
7240;2022;74714;2022
6765;2022;5100;2022
4029;2022;46774;2022
1644;2022;2047;2022
6867;2022;18819;2022
4733;2022;20451;2022
0674;2022;20712;2022
3660;2022;34505;2022
9253;2022;8107;2022
4585;2022;4565;2022
0817;2022;18891;2022
6355;2022;6420;2022
4790;2022;3066;2022
2650;2022;9281;2022
9162;2022;26836;2022
7542;2022;8780;2022
5799;2022;21146;2022
4633;2022;3134;2022
1012;2022;1626;2022
1348;2022;8443;2022
1607;2022;11278;2022
0401;2022;9073;2022
8710;2022;26259;2022
6972;2022;60118;2022
4067;2022;4076;2022
6104;2022;10306;2022
9919;2022;24260;2022
2300;2022;9388;2022
2082;2022;6222;2022
3866;2022;3785;2022
9542;2022;12313;2022
9986;2022;18018;2022
8205;2022;18370;2022
6399;2022;4235;2022
8450;2022;1358420;2022
0234;2022;1011;2022
5128;2022;8154;2022
2430;2022;16892;2022
8762;2022;645;2022
4619;2022;19971;2022
7629;2022;4538;2022
6168;2022;14295;2022
9834;2022;4309;2022
9510;2022;1391;2022
1139;2022;47217;2022
6924;2022;5777;2022
3077;2022;28031;2022
8211;2022;11099;2022
0025;2022;11605;2022
2213;2022;24355;2022
6627;2022;8914;2022
9138;2022;15697;2022
0918;2022;36271;2022
7850;2022;8414;2022
2940;2022;6560;2022
1394;2022;8581;2022
0744;2022;7297;2022
0299;2022;14199;2022
2410;2022;50616;2022
9280;2022;4784;2022
7849;2022;6783;2022
0731;2022;4646;2022
7627;2022;5748;2022
2435;2022;41370;2022
5504;2022;7291;2022
8132;2022;32142;2022
1680;2022;6737;2022
9043;2022;39604;2022
9663;2022;5004;2022
4807;2022;8215;2022
2358;2022;4420;2022
7527;2022;12783;2022
3217;2022;36961;2022
5991;2022;21417;2022
6989;2022;79143;2022
4237;2022;7344;2022
7192;2022;19977;2022
6760;2022;13915;2022
4271;2022;5379;2022
7661;2022;21520;2022
0531;2022;11966;2022
9957;2022;3721;2022
9836;2022;5813;2022
5192;2022;7066;2022
0535;2022;9335;2022
0632;2022;9540;2022
5438;2022;3358;2022
5527;2022;9227;2022
7420;2022;16724;2022
1334;2022;9253;2022
6502;2022;3894;2022
6048;2022;6767;2022
5480;2022;6175;2022
5630;2022;5287;2022
7721;2022;11837;2022
7367;2022;5890;2022
6054;2022;2153;2022
2249;2022;806;2022
3529;2022;8268;2022
8066;2022;17480;2022
0002;2022;5511;2022
6065;2022;6567;2022
7304;2022;5526;2022
6844;2022;13386;2022
2753;2022;2345;2022
7269;2022;3229;2022
3472;2022;4935;2022
4366;2022;3317;2022
3077;2022;2731;2022
6932;2022;180;2022
4839;2022;567;2022
2922;2022;7583;2022
2893;2022;358;2022
5492;2022;4485;2022
9806;2022;698;2022
0711;2022;4215;2022
0744;2022;2016;2022
2679;2022;702;2022
1447;2022;2446;2022
2430;2022;119809;2022
8641;2022;1408;2022
6704;2022;612;2022
2008;2022;71;2022
5909;2022;6615;2022
2082;2022;6258;2022
1510;2022;10367;2022
4677;2022;6687;2022
8306;2022;1196;2022
1050;2022;967;2022
7728;2022;5100;2022
4652;2022;719;2022
1865;2022;640;2022
5325;2022;8582;2022
1391;2022;7937;2022
1106;2022;6111;2022
2180;2022;124;2022
9946;2022;5653;2022
0832;2022;6140;2022
6685;2022;5431;2022
3335;2022;8252;2022
7241;2022;4338;2022
9439;2022;558;2022
2052;2022;4224;2022
6788;2022;1216;2022
7848;2022;8162;2022
7837;2022;3041;2022
3882;2022;16182;2022
8209;2022;4833;2022
1535;2022;285;2022
5891;2022;4650;2022
1132;2022;3792;2022
1745;2022;4067;2022
6219;2022;3056;2022
6773;2022;109;2022
1527;2022;10322;2022
7066;2022;2795;2022
5000;2022;3316;2022
5891;2022;1214;2022
6516;2022;2826;2022
0244;2022;1658;2022
9726;2022;2521;2022
6165;2022;3921;2022
5990;2022;4070;2022
0467;2022;1611;2022
5455;2022;3363;2022
8848;2022;6111;2022
8160;2022;6217;2022
3074;2022;5528;2022
7279;2022;5003;2022
1901;2022;8559;2022
6270;2022;1107;2022
5186;2022;11080;2022
7483;2022;1605;2022
4452;2022;4369;2022
5017;2022;915;2022
3489;2022;1943;2022
2228;2022;3398;2022
2120;2022;557;2022
6664;2022;8790;2022
9435;2022;4267;2022
4135;2022;3519;2022
6874;2022;7519;2022
4071;2022;210;2022
8076;2022;23379;2022
5581;2022;885;2022
0666;2022;3426;2022
1452;2022;1982;2022
7927;2022;7993;2022
0407;2022;1334;2022
4232;2022;3085;2022
2877;2022;1162;2022
0593;2022;2949;2022
7970;2022;4790;2022
9291;2022;562;2022
1427;2022;156;2022
8683;2022;3066;2022
0447;2022;3397;2022
2798;2022;203;2022
1344;2022;966;2022
0232;2022;5125;2022
1267;2022;1457;2022
1961;2022;878;2022
4229;2022;4894;2022
5881;2022;6177;2022
6975;2022;5164;2022
4980;2022;6585;2022
0000;2022;1488;2022
7411;2022;6459;2022
0720;2022;1143;2022
7773;2022;865;2022
9409;2022;7428;2022
8327;2022;177;2022
0586;2022;601;2022
1560;2022;4145;2022
6909;2022;4311;2022
7382;2022;554;2022
5315;2022;3723;2022
7894;2022;817;2022
9248;2022;4975;2022
0469;2022;2858;2022
4846;2022;885;2022
0689;2022;4107;2022
6576;2022;6917;2022
0512;2022;10793;2022
8382;2022;164;2022
1053;2022;2952;2022
3564;2022;206;2022
7535;2022;1137;2022
8156;2022;3219;2022
5662;2022;2495;2022
9227;2022;2945;2022
4645;2022;4384;2022
6470;2022;7306;2022
2349;2022;11243;2022
9033;2022;471;2022
8917;2022;956;2022
3238;2022;135;2022
6637;2022;565;2022
7820;2022;923;2022
0406;2022;1650;2022
0963;2022;137;2022
1822;2022;5217;2022
5856;2022;12632;2022
2349;2022;2108;2022
0866;2022;3961;2022
9601;2022;4513;2022
7933;2022;5744;2022
2794;2022;2675;2022
8186;2022;328;2022
6000;2022;5917;2022
4798;2022;1707;2022
7381;2022;1442;2022
5451;2022;1000;2022
7653;2022;1189;2022
2379;2022;391;2022
1521;2022;85;2022
2861;2022;1552;2022
5898;2022;1707;2022
4455;2022;6690;2022
5806;2022;11722;2022
3774;2022;3233;2022
0976;2022;4895;2022
1982;2022;4529;2022
9555;2022;1855;2022
6248;2022;1061;2022
2819;2022;4775;2022
1143;2022;1700;2022
0614;2022;5900;2022
2137;2022;1228;2022
5213;2022;867;2022
8103;2022;3872;2022
3832;2022;20673;2022
3866;2022;435;2022
0676;2022;858;2022
0303;2022;908;2022
5338;2022;4105;2022
0263;2022;4607;2022
2466;2022;5856;2022
9535;2022;4652;2022
8036;2022;524;2022
6625;2022;6774;2022
6892;2022;9939;2022
9692;2022;1130;2022
8461;2022;2331;2022
5279;2022;2000;2022
5534;2022;25321;2022
3384;2022;2040;2022
7680;2022;1803;2022
9446;2022;709;2022
2463;2022;8872;2022
0234;2022;4372;2022
9977;2022;5262;2022
9736;2022;982;2022
6107;2022;5655;2022
3738;2022;13521;2022
8250;2022;1111;2022
5411;2022;3794;2022
1255;2022;531;2022
1707;2022;1929;2022
3026;2022;5001;2022
1331;2022;8008;2022
4787;2022;8713;2022
9668;2022;2231;2022
6902;2022;2557;2022
6241;2022;1137;2022
5138;2022;9814;2022
2199;2022;30793;2022
4155;2022;10795;2022
3454;2022;1330;2022
7781;2022;9987;2022
8895;2022;957;2022
8404;2022;4310;2022
8905;2022;578;2022
7641;2022;124;2022
2302;2022;210;2022
8976;2022;243;2022
2918;2022;192;2022
8162;2022;7573;2022
3495;2022;8130;2022
6945;2022;4400;2022
4483;2022;1129;2022
7562;2022;1336;2022
3098;2022;571;2022
9824;2022;4636;2022
4861;2022;6503;2022
6029;2022;6642;2022
1594;2022;1768;2022
0421;2022;8106;2022
0008;2022;1435;2022
4317;2022;2710;2022
9523;2022;8703;2022
2123;2022;8546;2022
2969;2022;878;2022
3232;2022;675;2022
2505;2022;304;2022
7996;2022;2334;2022
2277;2022;1977;2022
4334;2022;3879;2022
4375;2022;4140;2022
5463;2022;1525;2022
2895;2022;7151;2022
5546;2022;1654;2022
7168;2022;2331;2022
8313;2022;447;2022
5601;2022;2306;2022
0192;2022;3582;2022
5696;2022;3418;2022
3456;2022;12487;2022
1984;2022;3767;2022
3363;2022;2330;2022
4918;2022;1137;2022
4204;2022;2334;2022
4435;2022;12245;2022
5925;2022;2755;2022
4633;2022;1505;2022
9148;2022;2450;2022
8064;2022;3771;2022
2870;2022;1305;2022
5298;2022;5420;2022
4198;2022;9100;2022
4960;2022;2436;2022
4824;2022;10711;2022
9887;2022;2017;2022
4114;2022;7308;2022
3802;2022;1733;2022
3568;2022;690;2022
9346;2022;4643;2022
3504;2022;197236;2022
8968;2022;749;2022
3081;2022;2161;2022
2958;2022;12897;2022
7369;2022;3671;2022
8271;2022;8374;2022
1075;2022;2323;2022
9465;2022;338;2022
9676;2022;4713;2022
6009;2022;9415;2022
8419;2022;12990;2022
2047;2022;8340;2022
1396;2022;6875;2022
5282;2022;10909;2022
1950;2022;11596;2022
3362;2022;1607;2022
6321;2022;7593;2022
3414;2022;10704;2022
0830;2022;1095;2022
5461;2022;4859;2022
5525;2022;659;2022
3012;2022;1773;2022
4688;2022;816;2022
9591;2022;19225;2022
9310;2022;1453;2022
7129;2022;533;2022
3067;2022;2656;2022
0465;2022;8771;2022
2701;2022;4454;2022
4749;2022;1991;2022
7876;2022;7602;2022
4369;2022;4102;2022
0745;2022;15698;2022
9733;2022;7173;2022
6046;2022;1910;2022
2959;2022;1429;2022
0712;2022;15655;2022
3209;2022;5619;2022
2622;2022;29197;2022
9029;2022;4391;2022
2398;2022;8771;2022
3061;2022;5054;2022
0159;2022;1991;2022
8367;2022;8728;2022
5862;2022;4539;2022
3932;2022;2631;2022
6562;2022;11384;2022
7514;2022;2693;2022
7959;2022;12288;2022
8400;2022;18545;2022
3812;2022;2127;2022
2837;2022;4975;2022
0890;2022;16568;2022
8902;2022;1879;2022
6657;2022;343;2022
9347;2022;132;2022
4195;2022;8992;2022
3283;2022;4060;2022
8235;2022;486;2022
4516;2022;14383;2022
0261;2022;1127;2022
4987;2022;1617;2022
4335;2022;3763;2022
1952;2022;16927;2022
4707;2022;549;2022
2553;2022;625;2022
7425;2022;352;2022
7179;2022;21501;2022
0958;2022;1487;2022
1108;2022;106;2022
5281;2022;3519;2022
8941;2022;1930;2022
4568;2022;3005;2022
6294;2022;5386;2022
8838;2022;13351;2022
7392;2022;4161;2022
0348;2022;657;2022
9308;2022;3112;2022
7266;2022;12655;2022
4914;2022;1749;2022
6530;2022;2622;2022
0259;2022;512;2022
6051;2022;1621;2022
8908;2022;4598;2022
6612;2022;26180;2022
5181;2022;5064;2022
5067;2022;777;2022
0779;2022;2697;2022
2115;2022;10565;2022
1574;2022;1944;2022
4576;2022;3890;2022
3116;2022;4720;2022
5439;2022;1917;2022
0333;2022;4093;2022
8482;2022;3163;2022
7797;2022;966;2022
8683;2022;12442;2022
9376;2022;2446;2022
2899;2022;14744;2022
8578;2022;1471;2022
8091;2022;4838;2022
6080;2022;3640;2022
8656;2022;172;2022
0034;2022;2181;2022
0394;2022;20163;2022
1812;2022;4960;2022
1537;2022;579;2022
3910;2022;6890;2022
6135;2022;2676;2022
8176;2022;4429;2022
9152;2022;555;2022
1258;2022;555;2022
4893;2022;1452;2022
9448;2022;4770;2022
2274;2022;7860;2022
2010;2022;2458;2022
1195;2022;2729;2022
2734;2022;3711;2022
6432;2022;5184;2022
4261;2022;1739;2022
2070;2022;7001;2022
0862;2022;6949;2022
3264;2022;3584;2022
1623;2022;2798;2022
4524;2022;1476;2022
9892;2022;6801;2022
1597;2022;7139;2022
8506;2022;872;2022
9716;2022;3454;2022
4528;2022;6211;2022
4624;2022;3374;2022
2064;2022;13375;2022
1323;2022;4865;2022
8594;2022;9881;2022
8208;2022;4353;2022
3738;2022;9263;2022
0941;2022;19375;2022
8455;2022;5917;2022
4472;2022;4005;2022
5868;2022;3260;2022
3048;2022;10441;2022
2166;2022;3465;2022
5358;2022;2680;2022
2532;2022;4674;2022
6791;2022;13161;2022
2678;2022;795;2022
4711;2022;1387;2022
5718;2022;1409;2022
4273;2022;3081;2022
2480;2022;8288;2022
7734;2022;1926;2022
8920;2022;1204;2022
4397;2022;1940;2022
8075;2022;1203;2022
2570;2022;1131;2022
8569;2022;1158;2022
4392;2022;6440;2022
1704;2022;7582;2022
7360;2022;13782;2022
6815;2022;2069;2022
1018;2022;5480;2022
7332;2022;511;2022
6802;2022;3755;2022
8575;2022;1406;2022
1205;2022;167;2022
7595;2022;8056;2022
0634;2022;3814;2022
9639;2022;4145;2022
1472;2022;1465;2022
2195;2022;10633;2022
8650;2022;1362;2022
1012;2022;5818;2022
2649;2022;623;2022
2237;2022;1982;2022
2213;2022;8306;2022
6813;2022;1021;2022
3021;2022;4782;2022
3442;2022;801;2022
7568;2022;234;2022
3279;2022;536;2022
4488;2022;3598;2022
4869;2022;1502;2022
0572;2022;396;2022
6641;2022;641;2022
7124;2022;869;2022
3380;2022;1785;2022
4999;2022;925;2022
1427;2022;660;2022
6868;2022;6392;2022
8581;2022;2886;2022
8813;2022;2693;2022
8095;2022;1286;2022
1044;2022;395;2022
6391;2022;943;2022
9287;2022;2674;2022
8363;2022;623;2022
1444;2022;487;2022
8103;2022;699;2022
6947;2022;3463;2022
8467;2022;9664;2022
9838;2022;106;2022
6864;2022;1093;2022
9194;2022;1457;2022
8147;2022;1288;2022
7807;2022;1431;2022
6302;2022;457;2022
4950;2022;851;2022
8047;2022;2334;2022
6885;2022;8870;2022
7354;2022;6774;2022
2772;2022;725;2022
6618;2022;6444;2022
7910;2022;1000;2022
7445;2022;1060;2022
2142;2022;516;2022
2590;2022;6656;2022
1244;2022;245;2022
5978;2022;2303;2022
3786;2022;185;2022
5598;2022;675;2022
8048;2022;5489;2022
4109;2022;1113;2022
3883;2022;3957;2022
8758;2022;1300;2022
0509;2022;5348;2022
9551;2022;922;2022
8061;2022;1548;2022
3400;2022;1702;2022
8709;2022;752;2022
3727;2022;966;2022
8242;2022;376;2022
5863;2022;345;2022
9949;2022;4984;2022
5666;2022;4566;2022
1708;2022;1051;2022
2479;2022;817;2022
8247;2022;366;2022
1754;2022;1083;2022
2313;2022;164;2022
7762;2022;193;2022
7031;2022;9750;2022
1759;2022;9527;2022
4113;2022;1446;2022
7225;2022;5312;2022
6103;2022;3218;2022
4207;2022;172;2022
3437;2022;2721;2022
2159;2022;4235;2022
6414;2022;1448;2022
5871;2022;6513;2022
8199;2022;372;2022
3416;2022;1185;2022
1660;2022;2796;2022
7457;2022;128;2022
3587;2022;2034;2022
8206;2022;2439;2022
2531;2022;1782;2022
1758;2022;2422;2022
2895;2022;1665;2022
8941;2022;6145;2022
1383;2022;349;2022
0204;2022;1050;2022
0643;2022;463;2022
5105;2022;1330;2022
5559;2022;3743;2022
0650;2022;852;2022
7412;2022;1446;2022
4035;2022;499;2022
4046;2022;419;2022
9744;2022;258;2022
1925;2022;624;2022
4934;2022;1606;2022
2990;2022;600;2022
9695;2022;15419;2022
0763;2022;276;2022
3810;2022;712;2022
9101;2022;168;2022
9793;2022;1076;2022
8063;2022;1789;2022
1018;2022;304;2022
3012;2022;1866;2022
2096;2022;70904;2022
2008;2022;752;2022
1529;2022;819;2022
1058;2022;1749;2022
3964;2022;2566;2022
3069;2022;1698;2022
0903;2022;680;2022
9573;2022;758;2022
4798;2022;1450;2022
1597;2022;383;2022
4149;2022;1048;2022
6676;2022;1551;2022
9155;2022;5111;2022
5407;2022;5765;2022
8918;2022;520;2022
4965;2022;50;2022
7642;2022;224;2022
3646;2022;672;2022
7174;2022;570;2022
0510;2022;1570;2022
5524;2022;534;2022
4128;2022;803;2022
5044;2022;458;2022
4309;2022;621;2022
2686;2022;4005;2022
4522;2022;986;2022
2907;2022;6295;2022
3323;2022;5095;2022
4208;2022;1845;2022
5911;2022;1565;2022
5572;2022;1032;2022
9010;2022;437;2022
4738;2022;2240;2022
4973;2022;812;2022
8928;2022;549;2022
5420;2022;1475;2022
5740;2022;866;2022
7208;2022;196;2022
6713;2022;632;2022
7879;2022;6544;2022
8725;2022;1140;2022
2314;2022;547;2022
8350;2022;11455;2022
8480;2022;576;2022
2281;2022;1560;2022
6598;2022;495;2022
4933;2022;925;2022
0091;2022;322;2022
4628;2022;2408;2022
5018;2022;3525;2022
6271;2022;796;2022
0775;2022;4439;2022
8312;2022;2386;2022
4982;2022;3630;2022
1549;2022;1005;2022
6827;2022;561;2022
8539;2022;183;2022
2356;2022;2089;2022
1863;2022;1455;2022
6149;2022;3015;2022
1722;2022;92;2022
1961;2022;3398;2022
7086;2022;368;2022
4403;2022;1194;2022
1425;2022;6720;2022
3639;2022;62388;2022
8781;2022;65;2022
6086;2022;745;2022
7675;2022;3340;2022
4894;2022;1573;2022
4413;2022;38710;2022
7731;2022;126;2022
4013;2022;885;2022
5292;2022;1719;2022
5828;2022;994;2022
4037;2022;494;2022
3614;2022;379;2022
1914;2022;1632;2022
7365;2022;3067;2022
8217;2022;801;2022
0865;2022;2525;2022
2468;2022;1026;2022
2160;2022;1123;2022
0775;2022;3862;2022
1983;2022;1974;2022
1210;2022;617;2022
3878;2022;4952;2022
9007;2022;1456;2022
1424;2022;551;2022
6995;2022;1162;2022
9506;2022;1242;2022
6407;2022;659;2022
8362;2022;2148;2022
1471;2022;556;2022
1977;2022;426;2022
4543;2022;2302;2022
8750;2022;3626;2022
1934;2022;1814;2022
5180;2022;1154;2022
6570;2022;507;2022
4019;2022;1770;2022
5302;2022;15062;2022
2823;2022;1653;2022
7894;2022;560;2022
7877;2022;479;2022
0773;2022;9240;2022
8908;2022;5567;2022
7572;2022;295;2022
9178;2022;493;2022
1934;2022;2277;2022
9628;2022;920;2022
3599;2022;1113;2022
8527;2022;1057;2022
1755;2022;1306;2022
1284;2022;1535;2022
5100;2022;33909;2022
4899;2022;70845;2022
7578;2022;1719;2022
9377;2022;611;2022
7740;2022;406;2022
9906;2022;284;2022
5924;2022;3743;2022
1938;2022;1217;2022
6429;2022;1004;2022
7074;2022;842;2022
1013;2022;1896;2022
5732;2022;1118;2022
7203;2022;1313;2022
2763;2022;625;2022
2582;2022;1489;2022
2896;2022;1682;2022
2261;2022;2640;2022
4655;2022;1070;2022
1916;2022;1944;2022
7617;2022;2771;2022
8226;2022;1744;2022
9199;2022;2000;2022
3428;2022;2238;2022
3942;2022;2455;2022
1531;2022;710;2022
4676;2022;786;2022
5835;2022;5967;2022
1537;2022;907;2022
4887;2022;2715;2022
9619;2022;1320;2022
8208;2022;3806;2022
2953;2022;8865;2022
6370;2022;3270;2022
5434;2022;1523;2022
0167;2022;565;2022
7631;2022;2534;2022
7288;2022;1103;2022
4372;2022;1237;2022
8500;2022;1604;2022
0610;2022;6262;2022
5737;2022;1433;2022
8622;2022;907;2022
5485;2022;1738;2022
9564;2022;1029;2022
7793;2022;3433;2022
9739;2022;551;2022
3332;2022;1823;2022
4013;2022;8220;2022
9942;2022;2247;2022
0470;2022;3225;2022
3647;2022;1149;2022
9264;2022;2099;2022
6817;2022;1252;2022
2144;2022;1902;2022
3799;2022;388;2022
0761;2022;1312;2022
7202;2022;511;2022
3093;2022;3529;2022
4938;2022;3234;2022
4254;2022;907;2022
3202;2022;7512;2022
5681;2022;8847;2022
9595;2022;3036;2022
2121;2022;1456;2022
1073;2022;612;2022
0195;2022;6902;2022
1949;2022;1415;2022
9819;2022;420;2022
7692;2022;477;2022
1654;2022;419;2022
2287;2022;2121;2022
2227;2022;581;2022
9179;2022;2838;2022
0610;2022;1635;2022
1516;2022;3527;2022
6926;2022;4638;2022
4366;2022;3864;2022
1205;2022;468;2022
2425;2022;335;2022
6906;2022;4000;2022
0145;2022;2686;2022
4815;2022;9901;2022
2030;2022;5893;2022
8219;2022;4063;2022
8747;2022;4267;2022
6957;2022;2207;2022
8495;2022;2599;2022
0225;2022;1497;2022
3420;2022;3268;2022
5692;2022;4622;2022
4042;2022;12643;2022
3394;2022;5174;2022
0226;2022;23631;2022
8740;2022;3741;2022
6112;2022;2547;2022
6487;2022;1071;2022
4705;2022;14633;2022
5407;2022;3278;2022
9992;2022;3034;2022
4870;2022;2077;2022
8766;2022;10049;2022
8827;2022;8716;2022
4138;2022;5994;2022
2002;2022;1391;2022
8077;2022;48824;2022
7890;2022;6400;2022
9126;2022;827;2022
0330;2022;7649;2022
7287;2022;4152;2022
8487;2022;5398;2022
0189;2022;4834;2022
7894;2022;2426;2022
8313;2022;6643;2022
5686;2022;6876;2022
6013;2022;1741;2022
2865;2022;6456;2022
5585;2022;1692;2022
7194;2022;2300;2022
4412;2022;16668;2022
3786;2022;1033;2022
4333;2022;5304;2022
0927;2022;1200;2022
5452;2022;2387;2022
6868;2022;5189;2022
4333;2022;6842;2022
9799;2022;8737;2022
2700;2022;4108;2022
9406;2022;6663;2022
9778;2022;1491;2022
5351;2022;11830;2022
3957;2022;1257;2022
9392;2022;1587;2022
9551;2022;1097;2022
8282;2022;7129;2022
2023;2022;1433;2022
0833;2022;2613;2022
2723;2022;1997;2022
0989;2022;21048;2022
8407;2022;19836;2022
8432;2022;2110;2022
3933;2022;7220;2022
9869;2022;14935;2022
1686;2022;5351;2022
4948;2022;1854;2022
6883;2022;1627;2022
8912;2022;1027;2022
0640;2022;393;2022
4501;2022;14809;2022
3952;2022;797;2022
0705;2022;3525;2022
5112;2022;1743;2022
2909;2022;106410;2022
2214;2022;683;2022
2918;2022;2332;2022
6986;2022;22869;2022
5395;2022;2726;2022
9974;2022;17009;2022
6344;2022;385;2022
1303;2022;8147;2022
3857;2022;2679;2022
9799;2022;5727;2022
7910;2022;2336;2022
9499;2022;6969;2022
6240;2022;1574;2022
6801;2022;3023;2022
2891;2022;5201;2022
6107;2022;3471;2022
2677;2022;2195;2022
9990;2022;677;2022
8358;2022;1396;2022
6474;2022;2376;2022
2803;2022;3360;2022
5693;2022;5481;2022
1315;2022;3077;2022
9434;2022;3636;2022
7720;2022;1085;2022
3811;2022;2559;2022
6146;2022;3211;2022
9137;2022;1767;2022
2188;2022;936;2022
7063;2022;5185;2022
6721;2022;4982;2022
4720;2022;2770;2022
1083;2022;18196;2022
1238;2022;12502;2022
2234;2022;4096;2022
8849;2022;317;2022
4127;2022;1581;2022
8641;2022;1305;2022
4250;2022;5263;2022
2264;2022;3163;2022
8631;2022;2846;2022
7956;2022;831;2022
9538;2022;1718;2022
3397;2022;41134;2022
4363;2022;2901;2022
5102;2022;1709;2022
5283;2022;2032;2022
2398;2022;2072;2022
1127;2022;6080;2022
9599;2022;3356;2022
0956;2022;2034;2022
4934;2022;4046;2022
7880;2022;3878;2022
1564;2022;4798;2022
4090;2022;3877;2022
3499;2022;1694;2022
8660;2022;755;2022
3282;2022;201;2022
6921;2022;1997;2022
0018;2022;3811;2022
3565;2022;522;2022
3685;2022;253;2022
2837;2022;4600;2022
6035;2022;2906;2022
3603;2022;8054;2022
9426;2022;1367;2022
8232;2022;3173;2022
6182;2022;1281;2022
1250;2022;3790;2022
8468;2022;3366;2022
8369;2022;3035;2022
7802;2022;3616;2022
4600;2022;3844;2022
9429;2022;1757;2022
2383;2022;3259;2022
1725;2022;1528;2022
9231;2022;1988;2022
2703;2022;7192;2022
1304;2022;3032;2022
7870;2022;1401;2022
2399;2022;2600;2022
8367;2022;1238;2022
4314;2022;1837;2022
1716;2022;6293;2022
7177;2022;1849;2022
6215;2022;1137;2022
1613;2022;1778;2022
5686;2022;4828;2022
4242;2022;3359;2022
1250;2022;1981;2022
1955;2022;993;2022
6182;2022;2465;2022
5625;2022;1037;2022
2665;2022;952;2022
1175;2022;2886;2022
6638;2022;1096;2022
0593;2022;3182;2022
1206;2022;3101;2022
8880;2022;5950;2022
1340;2022;2319;2022
8180;2022;3313;2022
3417;2022;4994;2022
0089;2022;991;2022
0325;2022;1614;2022
9500;2022;1904;2022
9647;2022;6929;2022
5844;2022;3037;2022
9177;2022;1398;2022
6313;2022;774;2022
8549;2022;8831;2022
9373;2022;1506;2022
9749;2022;3227;2022
3783;2022;1142;2022
2175;2022;17759;2022
8884;2022;4101;2022
0711;2022;5131;2022
4595;2022;1481;2022
9118;2022;2783;2022
7109;2022;466;2022
6741;2022;1520;2022
4527;2022;395;2022
1849;2022;641;2022
3634;2022;7035;2022
7400;2022;4077;2022
0139;2022;248;2022
6070;2022;691;2022
3946;2022;1395;2022
8086;2022;1103;2022
4130;2022;3911;2022
1988;2022;2050;2022
0233;2022;710;2022
0231;2022;1503;2022
6823;2022;1477;2022
0175;2022;1826;2022
8188;2022;585;2022
1224;2022;940;2022
8202;2022;510;2022
1005;2022;223;2022
5591;2022;2352;2022
8342;2022;1158;2022
1442;2022;1091;2022
3755;2022;4028;2022
4848;2022;1124;2022
0280;2022;567;2022
2299;2022;3084;2022
3771;2022;236;2022
7972;2022;723;2022
2966;2022;367;2022
4975;2022;300;2022
5719;2022;4126;2022
1656;2022;7217;2022
0249;2022;1010;2022
9893;2022;697;2022
1451;2022;413;2022
6440;2022;1242;2022
3367;2022;594;2022
9535;2022;5029;2022
1295;2022;936;2022
2822;2022;1037;2022
9427;2022;470;2022
6255;2022;3162;2022
2241;2022;1332;2022
6807;2022;342;2022
0977;2022;385;2022
8137;2022;2538;2022
3865;2022;739;2022
3811;2022;2036;2022
7294;2022;1185;2022
0919;2022;2786;2022
3124;2022;1190;2022
4362;2022;9175;2022
8282;2022;8192;2022
2178;2022;754;2022
3727;2022;865;2022
1971;2022;267;2022
5277;2022;2267;2022
0322;2022;138;2022
6281;2022;593;2022
3497;2022;878;2022
8455;2022;1584;2022
3529;2022;5476;2022
8790;2022;7537;2022
5944;2022;2559;2022
1158;2022;1107;2022
4832;2022;10136;2022
3845;2022;2802;2022
6147;2022;2080;2022
4887;2022;1309;2022
9654;2022;1125;2022
7474;2022;796;2022
2486;2022;818;2022
6480;2022;161;2022
2114;2022;812;2022
2085;2022;998;2022
3021;2022;1819;2022
3606;2022;790;2022
9782;2022;408;2022
3035;2022;21620;2022
2336;2022;648;2022
3210;2022;3043;2022
2286;2022;2446;2022
9648;2022;4506;2022
7873;2022;1355;2022
7247;2022;17829;2022
1278;2022;1452;2022
0832;2022;2932;2022
0031;2022;449;2022
2973;2022;473;2022
4145;2022;1624;2022
9842;2022;39922;2022
5801;2022;421;2022
8539;2022;795;2022
0617;2022;182;2022
9020;2022;545;2022
9962;2022;4051;2022
3639;2022;1115;2022
8749;2022;924;2022
1898;2022;788;2022
9966;2022;1339;2022
7120;2022;1369;2022
8086;2022;365;2022
7446;2022;702;2022
8221;2022;772;2022
0599;2022;1270;2022
2001;2022;1260;2022
4708;2022;714;2022
1457;2022;1161;2022
9317;2022;4501;2022
3313;2022;596;2022
7472;2022;1908;2022
7162;2022;611;2022
1146;2022;1062;2022
3010;2022;2007;2022
5662;2022;709;2022
5888;2022;632;2022
5452;2022;2966;2022
4463;2022;3673;2022
2845;2022;1284;2022
1927;2022;695;2022
6988;2022;1475;2022
8398;2022;118277;2022
3283;2022;473;2022
8635;2022;1393;2022
6344;2022;1776;2022
9514;2022;189;2022
1287;2022;3888;2022
7401;2022;3106;2022
7466;2022;1757;2022
1134;2022;2937;2022
3723;2022;5326;2022
0483;2022;6843;2022
9123;2022;1577;2022
0826;2022;1152;2022
5329;2022;2089;2022
6809;2022;1444;2022
5471;2022;1635;2022
0028;2022;5121;2022
9642;2022;543;2022
7122;2022;1932;2022
6200;2022;715;2022
8202;2022;3269;2022
1055;2022;2312;2022
4691;2022;1405;2022
9404;2022;2967;2022
7133;2022;1780;2022
0490;2022;5127;2022
7573;2022;2904;2022
4868;2022;1365;2022
4462;2022;5205;2022
1318;2022;4716;2022
8222;2022;3567;2022
5772;2022;3052;2022
2288;2022;2515;2022
5887;2022;3595;2022
1494;2022;2644;2022
8814;2022;2434;2022
2533;2022;5246;2022
4706;2022;2489;2022
8657;2022;6364;2022
9382;2022;2596;2022
3219;2022;6947;2022
4475;2022;3308;2022
2007;2022;1773;2022
9947;2022;2008;2022
9664;2022;1351;2022
7986;2022;3544;2022
2728;2022;16122;2022
9839;2022;1365;2022
5828;2022;2447;2022
2257;2022;20716;2022
2693;2022;6971;2022
3785;2022;7959;2022
3173;2022;8715;2022
6028;2022;5560;2022
7993;2022;3559;2022
7317;2022;12062;2022
4299;2022;13236;2022
9091;2022;6058;2022
2707;2022;1503;2022
2946;2022;16832;2022
0569;2022;2621;2022
8338;2022;8377;2022
8966;2022;8753;2022
9137;2022;1055;2022
7440;2022;3992;2022
9499;2022;2491;2022
0985;2022;1880;2022
9689;2022;806;2022
8896;2022;268;2022
2113;2022;4111;2022
3692;2022;4156;2022
6541;2022;5135;2022
4895;2022;10721;2022
0030;2022;5150;2022
8295;2022;11622;2022
6775;2022;3269;2022
6510;2022;8561;2022
1465;2022;6863;2022
2725;2022;25401;2022
2777;2022;3595;2022
6221;2022;3091;2022
7079;2022;2553;2022
6504;2022;4585;2022
0626;2022;4220;2022
4704;2022;8951;2022
8517;2022;8110;2022
4501;2022;16605;2022
7780;2022;8241;2022
1355;2022;3837;2022
7256;2022;10283;2022
6104;2022;1194;2022
0015;2022;3075;2022
7213;2022;17434;2022
2598;2022;10990;2022
5282;2022;7343;2022
3894;2022;2479;2022
4272;2022;2199;2022
1485;2022;3792;2022
8144;2022;5994;2022
6464;2022;2571;2022
1596;2022;1640;2022
5736;2022;2121;2022
6952;2022;3755;2022
7920;2022;21454;2022
4033;2022;4878;2022
0111;2022;25380;2022
5055;2022;4158;2022
7085;2022;16266;2022
2375;2022;577;2022
1170;2022;3053;2022
2310;2022;12971;2022
4999;2022;11902;2022
4277;2022;2574;2022
2390;2022;1459;2022
3327;2022;904;2022
7207;2022;7154;2022
8235;2022;14488;2022
1199;2022;17586;2022
5346;2022;2938;2022
5271;2022;2134;2022
2913;2022;2920;2022
3646;2022;5017;2022
9456;2022;2756;2022
9591;2022;15993;2022
9017;2022;782;2022
8971;2022;256049;2022
8799;2022;5157;2022
1820;2022;2487;2022
7626;2022;10244;2022
9869;2022;5824;2022
3351;2022;33047;2022
8718;2022;15587;2022
0994;2022;4862;2022
6955;2022;1398;2022
2108;2022;1979;2022
1423;2022;1580;2022
7237;2022;11882;2022
0861;2022;2135;2022
5485;2022;7671;2022
3951;2022;3023;2022
1902;2022;25355;2022
9160;2022;6301;2022
0656;2022;833;2022
0587;2022;42470;2022
8421;2022;6493;2022
7609;2022;8367;2022
5675;2022;6677;2022
4405;2022;3157;2022
1551;2022;4010;2022
8631;2022;11305;2022
6570;2022;2491;2022
4782;2022;1282;2022
0208;2022;11141;2022
0400;2022;1661;2022
7388;2022;3507;2022
3771;2022;3684;2022
7230;2022;15157;2022
6202;2022;2840;2022
4370;2022;6121;2022
6041;2022;12545;2022
7113;2022;2535;2022
2634;2022;3121;2022
5599;2022;11698;2022
1320;2022;7662;2022
5283;2022;11191;2022
2014;2022;1267;2022
0176;2022;13616;2022
6032;2022;1527;2022
1747;2022;3706;2022
2088;2022;652;2022
8664;2022;2348;2022
9965;2022;3433;2022
9502;2022;848;2022
0202;2022;4304;2022
0136;2022;3834;2022
4790;2022;10261;2022
2372;2022;125;2022
7971;2022;195;2022
7740;2022;5518;2022
4233;2022;15917;2022
5639;2022;3563;2022
5281;2022;14676;2022
7254;2022;9281;2022
5245;2022;13960;2022
4751;2022;6312;2022
5401;2022;23391;2022
4203;2022;4943;2022
7485;2022;2801;2022
4127;2022;3356;2022
5736;2022;1790;2022
4385;2022;2795;2022
2415;2022;9045;2022
2945;2022;3041;2022
4309;2022;7581;2022
3508;2022;3092;2022
0933;2022;1238;2022
1511;2022;4874;2022
8794;2022;8969;2022
0845;2022;3000;2022
5922;2022;664;2022
0133;2022;2170;2022
9030;2022;8277;2022
6152;2022;4223;2022
6354;2022;569;2022
8406;2022;3177;2022
2718;2022;2770;2022
4874;2022;5841;2022
1484;2022;5982;2022
1458;2022;4156;2022
3597;2022;14206;2022
3246;2022;14639;2022
5956;2022;8198;2022
2505;2022;642;2022
1161;2022;1015;2022
9909;2022;8260;2022
1080;2022;1543;2022
2085;2022;5581;2022
1264;2022;3584;2022
8528;2022;5311;2022
9223;2022;6747;2022
0124;2022;2618;2022
2059;2022;38647;2022
8119;2022;1797;2022
8979;2022;4150;2022
6614;2022;7460;2022
9505;2022;13014;2022
7034;2022;23835;2022
9407;2022;500;2022
7397;2022;5839;2022
6733;2022;11712;2022
9571;2022;8641;2022
2157;2022;25652;2022
9487;2022;1156;2022
3449;2022;3051;2022
9041;2022;2233;2022
5165;2022;110283;2022
2246;2022;1894;2022
7880;2022;6032;2022
6449;2022;6601;2022
9709;2022;1332;2022
0440;2022;802;2022
7300;2022;6864;2022
8442;2022;3082;2022
4855;2022;6183;2022
3682;2022;4857;2022
4044;2022;5908;2022
1913;2022;4550;2022
7425;2022;4055;2022
5210;2022;2700;2022
7144;2022;1100;2022
7611;2022;2191;2022
5582;2022;3069;2022
2211;2022;35549;2022
7552;2022;840;2022
5070;2022;1838;2022
1305;2022;1213;2022
0892;2022;3927;2022
9711;2022;1252;2022
5866;2022;331;2022
3388;2022;346;2022
0911;2022;2081;2022
8102;2022;5549;2022
9544;2022;433;2022
3574;2022;2244;2022
7950;2022;1804;2022
7877;2022;20483;2022
6181;2022;3014;2022
9549;2022;1055;2022
4732;2022;518;2022
3521;2022;2643;2022
6722;2022;1045;2022
1203;2022;5372;2022
0053;2022;1236;2022
3488;2022;569;2022
4043;2022;1262;2022
7824;2022;261;2022
0553;2022;4311;2022
9440;2022;368;2022
1711;2022;3659;2022
1404;2022;7923;2022
3037;2022;622;2022
2883;2022;1149;2022
1176;2022;1564;2022
1594;2022;390;2022
1270;2022;1497;2022
9234;2022;6616;2022
1807;2022;599;2022
6203;2022;2344;2022
6156;2022;1940;2022
2029;2022;10131;2022
3267;2022;501;2022
5288;2022;2328;2022
8581;2022;3072;2022
7922;2022;368;2022
5415;2022;1297;2022
0588;2022;1726;2022
2774;2022;1299;2022
9989;2022;464;2022
6394;2022;1858;2022
0661;2022;1350;2022
8766;2022;822;2022
4693;2022;811;2022
3319;2022;195;2022
9144;2022;3068;2022
3615;2022;5043;2022
3405;2022;6615;2022
6512;2022;2770;2022
6917;2022;13425;2022
9388;2022;7007;2022
2981;2022;4502;2022
3668;2022;8948;2022
1389;2022;5876;2022
7782;2022;7701;2022
1117;2022;7831;2022
1011;2022;4643;2022
8602;2022;11236;2022
9182;2022;13185;2022
4065;2022;11440;2022
7916;2022;2329;2022
6090;2022;33010;2022
1318;2022;7043;2022
9731;2022;2913;2022
1776;2022;3775;2022
9234;2022;3656;2022
8997;2022;3378;2022
8120;2022;2505;2022
7507;2022;5226;2022
5678;2022;5071;2022
3933;2022;34346;2022
2491;2022;6884;2022
5268;2022;6276;2022
5509;2022;6053;2022
3322;2022;8512;2022
0814;2022;3615;2022
3528;2022;5688;2022
5967;2022;6010;2022
7230;2022;2774;2022
7773;2022;5959;2022
1877;2022;5139;2022
3420;2022;5980;2022
0881;2022;3989;2022
4776;2022;9141;2022
2503;2022;9268;2022
0942;2022;4980;2022
7180;2022;9481;2022
8571;2022;5099;2022
7522;2022;9223;2022
3791;2022;3017;2022
8836;2022;3123;2022
2565;2022;27800;2022
2613;2022;4436;2022
4547;2022;1309;2022
9883;2022;31191;2022
7611;2022;4424;2022
7573;2022;2825;2022
7773;2022;10734;2022
9728;2022;6556;2022
3532;2022;20070;2022
8230;2022;4526;2022
7065;2022;3825;2022
0826;2022;22041;2022
3164;2022;7333;2022
0375;2022;11573;2022
4359;2022;8320;2022
2843;2022;12995;2022
0803;2022;742;2022
1102;2022;2255;2022
9266;2022;5105;2022
0246;2022;16789;2022
0993;2022;9987;2022
0350;2022;1711;2022
8911;2022;9419;2022
7927;2022;2115;2022
6437;2022;10933;2022
7761;2022;14636;2022
5509;2022;6574;2022
5044;2022;12681;2022
8168;2022;6814;2022
2636;2022;5131;2022
9825;2022;4891;2022
9207;2022;9193;2022
4882;2022;9861;2022
9661;2022;7339;2022
0133;2022;2962;2022
2275;2022;1794;2022
1442;2022;6053;2022
9333;2022;10350;2022
6847;2022;12270;2022
0817;2022;11796;2022
9060;2022;4190;2022
4946;2022;10694;2022
5281;2022;84897;2022
8941;2022;9986;2022
1591;2022;6770;2022
8489;2022;16468;2022
4260;2022;3701;2022
6239;2022;17609;2022
8021;2022;27241;2022
8220;2022;10048;2022
4961;2022;1744;2022
0604;2022;11602;2022
3384;2022;6687;2022
9339;2022;3801;2022
5908;2022;7142;2022
6148;2022;10741;2022
2991;2022;12985;2022
7905;2022;11142;2022
4374;2022;12890;2022
1039;2022;6138;2022
4467;2022;47735;2022
3198;2022;3149;2022
1113;2022;2753;2022
8348;2022;10250;2022
2839;2022;14981;2022
3753;2022;11987;2022
3103;2022;8486;2022
6401;2022;4149;2022
1041;2022;5737;2022
1822;2022;7107;2022
4882;2022;2724;2022
9423;2022;26707;2022
5477;2022;17649;2022
1697;2022;21233;2022
6120;2022;6194;2022
1083;2022;37652;2022
6766;2022;27152;2022
9537;2022;11393;2022
6976;2022;16157;2022
9960;2022;6982;2022
0735;2022;12198;2022
3110;2022;24438;2022
2150;2022;4766;2022
3290;2022;8044;2022
1835;2022;12828;2022
9025;2022;41620;2022
0050;2022;11422;2022
9683;2022;17417;2022
9667;2022;12691;2022
2873;2022;19025;2022
9761;2022;27729;2022
8155;2022;7530;2022
4429;2022;2263;2022
9979;2022;4816;2022
3949;2022;250913;2022
8658;2022;9854;2022
1263;2022;13325;2022
4081;2022;20260;2022
8041;2022;3164;2022
1552;2022;26906;2022
6650;2022;4142;2022
5158;2022;1816;2022
3439;2022;2091;2022
6454;2022;4798;2022
9770;2022;3395;2022
4194;2022;3065;2022
5865;2022;588;2022
2291;2022;3772;2022
6614;2022;2385;2022
3924;2022;8983;2022
7798;2022;3444;2022
5471;2022;7167;2022
9250;2022;15846;2022
7182;2022;15078;2022
2242;2022;2613;2022
1246;2022;11854;2022
1597;2022;5617;2022
2681;2022;2199;2022
8081;2022;1473;2022
6829;2022;7420;2022
2785;2022;4571;2022
3152;2022;4660;2022
5042;2022;5373;2022
1745;2022;1426;2022
7048;2022;5595;2022
7568;2022;1906;2022
6612;2022;20049;2022
0799;2022;6344;2022
2862;2022;9965;2022
3258;2022;5015;2022
7290;2022;7144;2022
8074;2022;15994;2022
5888;2022;8059;2022
9540;2022;7083;2022
2006;2022;4287;2022
7097;2022;4303;2022
1030;2022;4521;2022
4733;2022;1922;2022
9137;2022;9472;2022
1553;2022;8180;2022
1158;2022;7692;2022
0732;2022;3020;2022
5822;2022;9152;2022
7649;2022;1801;2022
2509;2022;6046;2022
2476;2022;1797;2022
3457;2022;2515;2022
2180;2022;11780;2022
5709;2022;17231;2022
0279;2022;8946;2022
3701;2022;11428;2022
0779;2022;11497;2022
4782;2022;5578;2022
0257;2022;207112;2022
1797;2022;3764;2022
4889;2022;1232;2022
9329;2022;11093;2022
6247;2022;9409;2022
7250;2022;20081;2022
8440;2022;3400;2022
8488;2022;2400;2022
8729;2022;3646;2022
5210;2022;13214;2022
4761;2022;3435;2022
6862;2022;4916;2022
5126;2022;16905;2022
7990;2022;4924;2022
8580;2022;10102;2022
3460;2022;6377;2022
1222;2022;13225;2022
9003;2022;4204;2022
3063;2022;3040;2022
9677;2022;7132;2022
9648;2022;7365;2022
9164;2022;2518;2022
9186;2022;1903;2022
5443;2022;10512;2022
5169;2022;22893;2022
1428;2022;6754;2022
8106;2022;4113;2022
2007;2022;8871;2022
8125;2022;2672;2022
0306;2022;8158;2022
8542;2022;6015;2022
6561;2022;12967;2022
2264;2022;4207;2022
0220;2022;2016;2022
4120;2022;4826;2022
2474;2022;1724;2022
0825;2022;865;2022
9160;2022;13159;2022
3229;2022;23090;2022
3484;2022;5579;2022
0063;2022;2095;2022
9549;2022;10508;2022
2329;2022;6172;2022
3663;2022;3268;2022
5645;2022;9036;2022
1706;2022;7024;2022
3885;2022;18681;2022
3418;2022;3907;2022
9278;2022;2578;2022
5342;2022;10087;2022
3581;2022;1241;2022
9675;2022;2401;2022
1227;2022;1424;2022
8474;2022;664;2022
6472;2022;2578;2022
3743;2022;832;2022
1292;2022;1533;2022
8405;2022;3994;2022
9133;2022;2603;2022
6176;2022;1551;2022
1697;2022;3409;2022
5469;2022;2189;2022
0651;2022;2461;2022
8550;2022;1746;2022
0737;2022;2153;2022
5396;2022;3862;2022
9766;2022;1339;2022
9626;2022;2434;2022
9896;2022;949;2022
3701;2022;1472;2022
4205;2022;2034;2022
2053;2022;1107;2022
0548;2022;11447;2022
8435;2022;3265;2022
6875;2022;3317;2022
5809;2022;1675;2022
3261;2022;12056;2022
4869;2022;1362;2022
4543;2022;1445;2022
5061;2022;1088;2022
4117;2022;3642;2022
5312;2022;2217;2022
7808;2022;9037;2022
4409;2022;6203;2022
7778;2022;50089;2022
1558;2022;1043;2022
8258;2022;1018;2022
0456;2022;3723;2022
0220;2022;3102;2022
6784;2022;7935;2022
0778;2022;2568;2022
0740;2022;4718;2022
1512;2022;1123;2022
7513;2022;2013;2022
0499;2022;875;2022
1786;2022;13751;2022
3473;2022;2132;2022
2610;2022;855;2022
6274;2022;910;2022
4395;2022;3132;2022
7697;2022;2049;2022
2209;2022;2892;2022
2372;2022;1652;2022
2331;2022;3440;2022
0277;2022;5211;2022
0520;2022;2353;2022
0085;2022;1803;2022
9043;2022;707;2022
5057;2022;6327;2022
7768;2022;3904;2022
3179;2022;1546;2022
9324;2022;7859;2022
2260;2022;2668;2022
6784;2022;2778;2022
8328;2022;3647;2022
4345;2022;943;2022
7819;2022;635;2022
1667;2022;13596;2022
2128;2022;692;2022
1976;2022;605;2022
6356;2022;10830;2022
2019;2022;15896;2022
7506;2022;2174;2022
4141;2022;436;2022
6215;2022;3146;2022
6983;2022;2017;2022
6031;2022;2252;2022
3682;2022;150;2022
0083;2022;98;2022
7602;2022;1268;2022
7805;2022;2769;2022
1865;2022;5979;2022
3419;2022;1087;2022
7484;2022;501;2022
6555;2022;919;2022
5942;2022;548;2022
0573;2022;10476;2022
8169;2022;4537;2022
1058;2022;303;2022
7996;2022;13143;2022
7577;2022;657;2022
3380;2022;3626;2022
7131;2022;6854;2022
0467;2022;596;2022
3400;2022;2258;2022
2752;2022;5779;2022
2094;2022;909;2022
0426;2022;6334;2022
8428;2022;1711;2022
6770;2022;6877;2022
3672;2022;2520;2022
4340;2022;1618;2022
7659;2022;1622;2022
5915;2022;479;2022
0529;2022;4814;2022
7760;2022;2424;2022
2909;2022;2340;2022
8947;2022;2585;2022
4039;2022;2783;2022
9040;2022;1733;2022
9332;2022;5093;2022
5500;2022;2826;2022
2769;2022;5291;2022
7487;2022;1975;2022
4141;2022;9245;2022
2410;2022;2335;2022
3360;2022;5487;2022
9831;2022;2368;2022
6592;2022;1288;2022
0541;2022;2473;2022
4131;2022;5439;2022
3697;2022;6883;2022
9085;2022;3504;2022
7205;2022;844;2022
2275;2022;1429;2022
8849;2022;3915;2022
4727;2022;247;2022
2339;2022;707;2022
6760;2022;838;2022
0272;2022;2804;2022
4796;2022;497;2022
5974;2022;445;2022
3320;2022;4660;2022
9873;2022;6022;2022
3121;2022;916;2022
3611;2022;266;2022
7702;2022;361;2022
5657;2022;2351;2022
3966;2022;1929;2022
4634;2022;2785;2022
7795;2022;7913;2022
9372;2022;7297;2022
0602;2022;6023;2022
9138;2022;1028;2022
9787;2022;2070;2022
6031;2022;2327;2022
9224;2022;1205;2022
5704;2022;1670;2022
4911;2022;389;2022
1649;2022;357;2022
4216;2022;3665;2022
1146;2022;875;2022
6913;2022;288;2022
7456;2022;1222;2022
4413;2022;566;2022
0497;2022;3857;2022
4196;2022;8902;2022
3540;2022;3969;2022
3442;2022;14692;2022
3598;2022;2749;2022
6225;2022;9836;2022
9904;2022;2047;2022
6220;2022;2604;2022
8493;2022;2082;2022
3221;2022;1717;2022
6830;2022;7586;2022
4600;2022;1555;2022
1924;2022;98040;2022
9185;2022;2653;2022
5509;2022;1939;2022
3306;2022;848;2022
9946;2022;2136;2022
5391;2022;828;2022
2113;2022;541;2022
9390;2022;1691;2022
0193;2022;1093;2022
7536;2022;6227;2022
0629;2022;1313;2022
7991;2022;6288;2022
5839;2022;681;2022
3201;2022;1637;2022
0849;2022;7149;2022
0519;2022;1343;2022
8765;2022;306;2022
2510;2022;1681;2022
9241;2022;3001;2022
2683;2022;33584;2022
2200;2022;6412;2022
2022;2022;7663;2022
5914;2022;1446;2022
3594;2022;951;2022
6567;2022;29570;2022
5654;2022;702;2022
2050;2022;1523;2022
4985;2022;3629;2022
1085;2022;11802;2022
9395;2022;2164;2022
8968;2022;6019;2022
6308;2022;729;2022
4013;2022;1518;2022
0280;2022;1973;2022
9760;2022;1705;2022
8163;2022;7145;2022
1749;2022;2765;2022
0533;2022;1617;2022
3380;2022;8266;2022
6096;2022;853;2022
9145;2022;12872;2022
2205;2022;5684;2022
4031;2022;1998;2022
0934;2022;199032;2022
1450;2022;1981;2022
2693;2022;4689;2022
9470;2022;919;2022
3707;2022;2603;2022
5215;2022;3410;2022
2165;2022;8113;2022
4791;2022;5968;2022
9357;2022;2413;2022
9805;2022;4717;2022
0763;2022;7663;2022
7482;2022;4620;2022
0397;2022;14097;2022
0518;2022;5247;2022
8180;2022;117;2022
6896;2022;837;2022
3088;2022;518;2022
4719;2022;4636;2022
3548;2022;1042;2022
4950;2022;1112;2022
7690;2022;14907;2022
4766;2022;2088;2022
0994;2022;5715;2022
6030;2022;4585;2022
3301;2022;2142;2022
3976;2022;3904;2022
3300;2022;5150;2022
9337;2022;888;2022
9494;2022;434;2022
2281;2022;102728;2022
2762;2022;2165;2022
6069;2022;579;2022
3354;2022;9054;2022
9148;2022;4637;2022
8482;2022;6538;2022
8291;2022;7056;2022
1736;2022;12226;2022
1939;2022;5547;2022
3456;2022;772;2022
2585;2022;2904;2022
0123;2022;2197;2022
5661;2022;2013;2022
0366;2022;4200;2022
5646;2022;1669;2022
1270;2022;71;2022
7755;2022;2440;2022
8644;2022;2909;2022
1035;2022;2087;2022
8940;2022;2016;2022
5557;2022;3125;2022
7045;2022;1967;2022
0043;2022;646;2022
4879;2022;6724;2022
5911;2022;6765;2022
3543;2022;2062;2022
8310;2022;14711;2022
4061;2022;8966;2022
5319;2022;1061;2022
6975;2022;1751;2022
3458;2022;9168;2022
1168;2022;27045;2022
9753;2022;7081;2022
0046;2022;5543;2022
5225;2022;5899;2022
8424;2022;10801;2022
4851;2022;5095;2022
7682;2022;10723;2022
0417;2022;842;2022
2016;2022;11229;2022
9563;2022;3426;2022
1728;2022;13221;2022
8014;2022;1037;2022
5978;2022;197018;2022
0786;2022;963;2022
4590;2022;2896;2022
7549;2022;5895;2022
4988;2022;20054;2022
7094;2022;5844;2022
1352;2022;1713;2022
3862;2022;4748;2022
6961;2022;1151;2022
3865;2022;2134;2022
4780;2022;911;2022
1470;2022;7756;2022
8600;2022;9591;2022
6414;2022;536;2022
9214;2022;2578;2022
0644;2022;1123;2022
7144;2022;7868;2022
5038;2022;3100;2022
9713;2022;12818;2022
8885;2022;8821;2022
9393;2022;9592;2022
5530;2022;3217;2022
1621;2022;10171;2022
0943;2022;5265;2022
0376;2022;5635;2022
5956;2022;10646;2022
3928;2022;5504;2022
6234;2022;5313;2022
5670;2022;3898;2022
7066;2022;18980;2022
8037;2022;4539;2022
0581;2022;15278;2022
0143;2022;8511;2022
6802;2022;10319;2022
9944;2022;9884;2022
0823;2022;3766;2022
5095;2022;25118;2022
6332;2022;6683;2022
1447;2022;5668;2022
6439;2022;6252;2022
9209;2022;14635;2022
5198;2022;8533;2022
3868;2022;10422;2022
1064;2022;13274;2022
5507;2022;7097;2022
3057;2022;13123;2022
6627;2022;9174;2022
6804;2022;170451;2022
5617;2022;6012;2022
1703;2022;4008;2022
1943;2022;14731;2022
7172;2022;8212;2022
2935;2022;6131;2022
2332;2022;11300;2022
0477;2022;25729;2022
2538;2022;4147;2022
3728;2022;1792;2022
8178;2022;4340;2022
9714;2022;3392;2022
0776;2022;3484;2022
1728;2022;3943;2022
4662;2022;4192;2022
8736;2022;10167;2022
6891;2022;8524;2022
7072;2022;3300;2022
5385;2022;72013;2022
5599;2022;33144;2022
4404;2022;14999;2022
7830;2022;11127;2022
7720;2022;7069;2022
9448;2022;8242;2022
9058;2022;2937;2022
1255;2022;14980;2022
2318;2022;16880;2022
1349;2022;1175;2022
7584;2022;34506;2022
4569;2022;1732;2022
2961;2022;4100;2022
9071;2022;2648;2022
5809;2022;17329;2022
4191;2022;5308;2022
9960;2022;6448;2022
0466;2022;24233;2022
1730;2022;184836;2022
2214;2022;930;2022
2769;2022;2084;2022
0046;2022;3256;2022
3198;2022;16127;2022
8102;2022;10109;2022
4110;2022;2052;2022
7303;2022;18140;2022
5345;2022;2163;2022
7389;2022;1589;2022
6652;2022;3794;2022
5303;2022;6255;2022
9129;2022;663;2022
3099;2022;6607;2022
6637;2022;10726;2022
0583;2022;3500;2022
5570;2022;6081;2022
4033;2022;40830;2022
5782;2022;9586;2022
9603;2022;8655;2022
4710;2022;2409;2022
9282;2022;15489;2022
7916;2022;12857;2022
8614;2022;25899;2022
3646;2022;4642;2022
5868;2022;12398;2022
1032;2022;9648;2022
4839;2022;7087;2022
1052;2022;5714;2022
8561;2022;389200;2022
2729;2022;3200;2022
1845;2022;18255;2022
7517;2022;13526;2022
5978;2022;1831;2022
3334;2022;35575;2022
0288;2022;3331;2022
2605;2022;1896;2022
5915;2022;1209;2022
3257;2022;3307;2022
6086;2022;4512;2022
0705;2022;6650;2022
9007;2022;18472;2022
4146;2022;20760;2022
7332;2022;16154;2022
7610;2022;5431;2022
7525;2022;13776;2022
2317;2022;6592;2022
5573;2022;1914;2022
6697;2022;4811;2022
1539;2022;5605;2022
3693;2022;12769;2022
4023;2022;3898;2022
0201;2022;69298;2022
4469;2022;2149;2022
4056;2022;4435;2022
8156;2022;9148;2022
5261;2022;6876;2022
1058;2022;16654;2022
0666;2022;8897;2022
8402;2022;15668;2022
2812;2022;3801;2022
2554;2022;6120;2022
6852;2022;10741;2022
0081;2022;6418;2022
4524;2022;4598;2022
9470;2022;14055;2022
1290;2022;17654;2022
9368;2022;7268;2022
6368;2022;8414;2022
4677;2022;4200;2022
4331;2022;9381;2022
4108;2022;27779;2022
7242;2022;32662;2022
8564;2022;12849;2022
7916;2022;7308;2022
4489;2022;14788;2022
9400;2022;7581;2022
7471;2022;19242;2022
1144;2022;31660;2022
6227;2022;6959;2022
5436;2022;20958;2022
7529;2022;13821;2022
7415;2022;35291;2022
2746;2022;11073;2022
7434;2022;22047;2022
0042;2022;15694;2022
5220;2022;129724;2022
3382;2022;2636;2022
4368;2022;4720;2022
7071;2022;2293;2022
2985;2022;6459;2022
3408;2022;5617;2022
7201;2022;9721;2022
6429;2022;11806;2022
1214;2022;7625;2022
0638;2022;3562;2022
8514;2022;3481;2022
1817;2022;8403;2022
4436;2022;9991;2022
8218;2022;7403;2022
0586;2022;6962;2022
7901;2022;11536;2022
5792;2022;16399;2022
9578;2022;2390;2022
3189;2022;7195;2022
4136;2022;2517;2022
3735;2022;9542;2022
3397;2022;28883;2022
2475;2022;9588;2022
1391;2022;7353;2022
7571;2022;58827;2022
5496;2022;8080;2022
0120;2022;32070;2022
2143;2022;10644;2022
6748;2022;156050;2022
2583;2022;5755;2022
2592;2022;12236;2022
3992;2022;2901;2022
0382;2022;4389;2022
4993;2022;5601;2022
2533;2022;11046;2022
2328;2022;2884;2022
9503;2022;6335;2022
4613;2022;96003;2022
2471;2022;25898;2022
9290;2022;3647;2022
9703;2022;1577;2022
1968;2022;116726;2022
4589;2022;13065;2022
1287;2022;2440;2022
7714;2022;10701;2022
1262;2022;9333;2022
5760;2022;7229;2022
0775;2022;9912;2022
3304;2022;6814;2022
1628;2022;4304;2022
2571;2022;1709;2022
0512;2022;722;2022
3884;2022;6306;2022
5565;2022;692;2022
5580;2022;1801;2022
5261;2022;3423;2022
3269;2022;12219;2022
8627;2022;4032;2022
7182;2022;3316;2022
2773;2022;17889;2022
4291;2022;3137;2022
1989;2022;1115;2022
8824;2022;1772;2022
6846;2022;4165;2022
1087;2022;1705;2022
2897;2022;735;2022
2215;2022;518;2022
4576;2022;7955;2022
2457;2022;2006;2022
9389;2022;1640;2022
2029;2022;8008;2022
3081;2022;59897;2022
7022;2022;8264;2022
8771;2022;9063;2022
6300;2022;851;2022
3673;2022;299;2022
0741;2022;1218;2022
9675;2022;5503;2022
5257;2022;4889;2022
3024;2022;541;2022
0143;2022;1427;2022
0743;2022;1902;2022
3533;2022;1326;2022
9455;2022;1036;2022
2059;2022;2095;2022
6353;2022;3636;2022
4475;2022;14283;2022
2469;2022;2723;2022
2355;2022;606;2022
0064;2022;2511;2022
9678;2022;1099;2022
5829;2022;7012;2022
3340;2022;2791;2022
3607;2022;648;2022
3954;2022;5790;2022
0061;2022;95620;2022
2713;2022;2773;2022
9011;2022;2032;2022
2885;2022;604;2022
1975;2022;1802;2022
8860;2022;4557;2022
7980;2022;3164;2022
3367;2022;3890;2022
8743;2022;1474;2022
8010;2022;905;2022
4065;2022;830;2022
0639;2022;7906;2022
5329;2022;6855;2022
4901;2022;13749;2022
5512;2022;14950;2022
1678;2022;12230;2022
3655;2022;5180;2022
5480;2022;4866;2022
8901;2022;4647;2022
1260;2022;98950;2022
3311;2022;4242;2022
0386;2022;1271;2022
4501;2022;2096;2022
0041;2022;7096;2022
8916;2022;2488;2022
0264;2022;4934;2022
4065;2022;18459;2022
9198;2022;1557;2022
3181;2022;3547;2022
9129;2022;3389;2022
6020;2022;14319;2022
2787;2022;4777;2022
4029;2022;4363;2022
0792;2022;28970;2022
9277;2022;25579;2022
2015;2022;8931;2022
1543;2022;1681;2022
9032;2022;39236;2022
8954;2022;12925;2022
4922;2022;6006;2022
2775;2022;1007;2022
6644;2022;3294;2022
3854;2022;1840;2022
3106;2022;9780;2022
5901;2022;3032;2022
8136;2022;6712;2022
4605;2022;1793;2022
9595;2022;3742;2022
6305;2022;2056;2022
7377;2022;34737;2022
2517;2022;6287;2022
0164;2022;3104;2022
3629;2022;675;2022
9832;2022;4587;2022
4061;2022;1830;2022
7778;2022;1996;2022
1118;2022;897;2022
2869;2022;3961;2022
2275;2022;6856;2022
9945;2022;44203;2022
5430;2022;3562;2022
3330;2022;2537;2022
6924;2022;4098;2022
4964;2022;2089;2022
2557;2022;7517;2022
7792;2022;2040;2022
6722;2022;4056;2022
0545;2022;1827;2022
8647;2022;142;2022
2218;2022;1602;2022
8821;2022;6164;2022
8058;2022;488;2022
8463;2022;4352;2022
6731;2022;225;2022
5803;2022;442;2022
1969;2022;9595;2022
1219;2022;41942;2022
1987;2022;1177;2022
9643;2022;14688;2022
9090;2022;1903;2022
4799;2022;608;2022
2169;2022;1281;2022
0501;2022;511;2022
2234;2022;728;2022
5783;2022;2136;2022
5263;2022;40537;2022
1000;2022;9187;2022
2582;2022;4324;2022
3569;2022;6842;2022
5079;2022;105;2022
8779;2022;7386;2022
9412;2022;3324;2022
6715;2022;3360;2022
0369;2022;7474;2022
4669;2022;697;2022
5803;2022;9826;2022
9085;2022;808;2022
0835;2022;946;2022
6459;2022;1835;2022
7979;2022;1235;2022
4522;2022;973;2022
0308;2022;222;2022
5473;2022;6243;2022
3020;2022;12392;2022
5947;2022;15449;2022
4424;2022;20708;2022
1694;2022;804;2022
0195;2022;3085;2022
2547;2022;11899;2022
3837;2022;1249;2022
1659;2022;3044;2022
5370;2022;433;2022
6468;2022;897;2022
9874;2022;1037;2022
1181;2022;17933;2022
5356;2022;9019;2022
8633;2022;2408;2022
2948;2022;368;2022
4154;2022;963;2022
6127;2022;909;2022
3914;2022;2493;2022
0458;2022;3654;2022
1943;2022;1663;2022
1833;2022;975;2022
0203;2022;45664;2022
2382;2022;975;2022
9762;2022;8419;2022
7952;2022;2549;2022
0833;2022;2221;2022
9391;2022;3654;2022
3954;2022;2912;2022
1061;2022;862;2022
4326;2022;5448;2022
8569;2022;8761;2022
3072;2022;1134;2022
0970;2022;15868;2022
1726;2022;2204;2022
3195;2022;1602;2022
4334;2022;4444;2022
9518;2022;1895;2022
9333;2022;463;2022
2074;2022;1987;2022
4639;2022;420;2022
7925;2022;525;2022
3745;2022;12931;2022
4354;2022;4657;2022
6977;2022;160;2022
2773;2022;4073;2022
6319;2022;1854;2022
4373;2022;803;2022
4718;2022;47075;2022
5824;2022;7223;2022
2096;2022;1894;2022
9874;2022;10690;2022
9351;2022;1677;2022
3427;2022;59986;2022
5421;2022;947;2022
8313;2022;667;2022
7784;2022;2190;2022
1126;2022;7060;2022
3948;2022;4586;2022
6777;2022;4722;2022
8248;2022;66288;2022
7091;2022;10030;2022
5051;2022;2289;2022
1036;2022;2101;2022
5158;2022;6897;2022
4507;2022;1956;2022
3196;2022;4557;2022
6188;2022;940;2022
5992;2022;15874;2022
7065;2022;5606;2022
4641;2022;9449;2022
2028;2022;6690;2022
6917;2022;31914;2022
0914;2022;2005;2022
1777;2022;46356;2022
0810;2022;510;2022
4825;2022;5646;2022
5253;2022;1708;2022
9404;2022;5070;2022
1867;2022;6879;2022
8593;2022;559;2022
0402;2022;3630;2022
7593;2022;89156;2022
2456;2022;21822;2022
2846;2022;1805;2022
3297;2022;994;2022
6300;2022;4403;2022
5448;2022;3297;2022
0296;2022;2106;2022
2685;2022;22933;2022
7545;2022;2236;2022
8894;2022;8811;2022
1567;2022;1339;2022
4677;2022;12395;2022
6398;2022;2877;2022
2192;2022;834;2022
7261;2022;60890;2022
5731;2022;1477;2022
7899;2022;1202;2022
5469;2022;721;2022
2943;2022;990;2022
6951;2022;17957;2022
0642;2022;8746;2022
2497;2022;7380;2022
9688;2022;6312;2022
0324;2022;3241;2022
0119;2022;7753;2022
6013;2022;20789;2022
1173;2022;10565;2022
6865;2022;20789;2022
1247;2022;19277;2022
6668;2022;9122;2022
5022;2022;89524;2022
5225;2022;8745;2022
9465;2022;26793;2022
2393;2022;1446;2022
9900;2022;11764;2022
8500;2022;5592;2022
2511;2022;4502;2022
9918;2022;1836;2022
7256;2022;7626;2022
0991;2022;25207;2022
3250;2022;10938;2022
3627;2022;18169;2022
8222;2022;18099;2022
7407;2022;47676;2022
9167;2022;7875;2022
3438;2022;17281;2022
3049;2022;10714;2022
2749;2022;15534;2022
6319;2022;5484;2022
4216;2022;48922;2022
1928;2022;13666;2022
3077;2022;362742;2022
9593;2022;4402;2022
1763;2022;22756;2022
2314;2022;4838;2022
3743;2022;13330;2022
7145;2022;14411;2022
8990;2022;19638;2022
2885;2022;1830;2022
0525;2022;2900;2022
7585;2022;3492;2022
6576;2022;14202;2022
8817;2022;13249;2022
1027;2022;1113;2022
5604;2022;7805;2022
3984;2022;20208;2022
6457;2022;16499;2022
1439;2022;8525;2022
8796;2022;7110;2022
8277;2022;16492;2022
1988;2022;1051;2022
6923;2022;49499;2022
8110;2022;48895;2022
7991;2022;18919;2022
9411;2022;5173;2022
8611;2022;8037;2022
1848;2022;14467;2022
9011;2022;23119;2022
8099;2022;12017;2022
9906;2022;11910;2022
6136;2022;3181;2022
2763;2022;12461;2022
7874;2022;4721;2022
5608;2022;3908;2022
3647;2022;370;2022
3150;2022;8751;2022
6364;2022;27965;2022
9895;2022;16301;2022
0718;2022;153859;2022
4509;2022;2041;2022
8582;2022;1877;2022
7445;2022;32337;2022
3389;2022;3635;2022
2796;2022;11821;2022
8274;2022;30125;2022
2756;2022;6470;2022
7469;2022;473;2022
3810;2022;2961;2022
5304;2022;3348;2022
4899;2022;8616;2022
0256;2022;5554;2022
1051;2022;6308;2022
8907;2022;12750;2022
7250;2022;6394;2022
3589;2022;1052;2022
6061;2022;44826;2022
2476;2022;13560;2022
5736;2022;1829;2022
0166;2022;2076;2022
9917;2022;1311;2022
4247;2022;3637;2022
6101;2022;1159;2022
6648;2022;1264;2022
9497;2022;1685;2022
1517;2022;2147;2022
0741;2022;766;2022
1735;2022;11187;2022
6218;2022;635;2022
6440;2022;4532;2022
5368;2022;4676;2022
1558;2022;89059;2022
8434;2022;5314;2022
8828;2022;15575;2022
0346;2022;29458;2022
9606;2022;1590;2022
9402;2022;30701;2022
5825;2022;27732;2022
7885;2022;14733;2022
6217;2022;1626;2022
0351;2022;13376;2022
2831;2022;4446;2022
7196;2022;11859;2022
8682;2022;8579;2022
6378;2022;9559;2022
3978;2022;12130;2022
4399;2022;5469;2022
9192;2022;5389;2022
7538;2022;96535;2022
7166;2022;971;2022
5123;2022;11886;2022
6464;2022;9952;2022
5561;2022;5224;2022
5302;2022;1342;2022
6284;2022;2966;2022
2701;2022;2492;2022
4628;2022;2097;2022
4255;2022;12935;2022
8681;2022;9422;2022
8936;2022;851;2022
3214;2022;1889;2022
3260;2022;8785;2022
7358;2022;21178;2022
7826;2022;9073;2022
8694;2022;5872;2022
9309;2022;3394;2022
6945;2022;3431;2022
9430;2022;518;2022
4158;2022;1701;2022
8061;2022;8573;2022
6334;2022;24137;2022
3016;2022;836;2022
0867;2022;2969;2022
0817;2022;5817;2022
4497;2022;16588;2022
1930;2022;15169;2022
2297;2022;1196;2022
8418;2022;6299;2022
8868;2022;986;2022
5312;2022;11958;2022
9910;2022;9793;2022
2260;2022;5441;2022
5358;2022;6387;2022
9933;2022;6005;2022
6437;2022;6799;2022
8436;2022;2989;2022
7041;2022;3717;2022
7346;2022;2644;2022
1072;2022;8936;2022
5388;2022;2140;2022
5447;2022;2499;2022
5614;2022;6937;2022
5667;2022;1744;2022
0704;2022;8100;2022
0350;2022;21635;2022
8832;2022;2529;2022
5402;2022;13280;2022
8139;2022;10000;2022
8566;2022;9068;2022
5004;2022;1563;2022
6247;2022;2429;2022
6263;2022;3882;2022
8668;2022;1983;2022
5922;2022;28363;2022
4149;2022;1452;2022
9750;2022;1056;2022
5264;2022;948;2022
0208;2022;5093;2022
1434;2022;1495;2022
5686;2022;7493;2022
2351;2022;2581;2022
8432;2022;4485;2022
5061;2022;52974;2022
6758;2022;12110;2022
5794;2022;9869;2022
3390;2022;6969;2022
9492;2022;1167;2022
3936;2022;5623;2022
2541;2022;4201;2022
2520;2022;2353;2022
3488;2022;3864;2022
7697;2022;4753;2022
2308;2022;1310;2022
2777;2022;7131;2022
5519;2022;2377;2022
9000;2022;2922;2022
1606;2022;20457;2022
0818;2022;8262;2022
4591;2022;81608;2022
8934;2022;1322;2022
8853;2022;3294;2022
4983;2022;7062;2022
4428;2022;8167;2022
4768;2022;11889;2022
2049;2022;1191;2022
8751;2022;14315;2022
9592;2022;3585;2022
8586;2022;918;2022
4635;2022;8788;2022
4512;2022;2504;2022
5602;2022;4328;2022
3210;2022;3749;2022
4286;2022;1007;2022
5585;2022;3041;2022
6925;2022;1270;2022
6533;2022;965;2022
1954;2022;27671;2022
5988;2022;21267;2022
0747;2022;4225;2022
2220;2022;4793;2022
7616;2022;2316;2022
8093;2022;4184;2022
8333;2022;2965;2022
4414;2022;3051;2022
2651;2022;15158;2022
7826;2022;973;2022
5286;2022;3367;2022
9422;2022;7482;2022
3122;2022;38280;2022
5633;2022;3325;2022
7240;2022;21605;2022
0597;2022;1057;2022
5594;2022;9470;2022
6556;2022;55370;2022
3901;2022;2641;2022
4281;2022;1861;2022
4751;2022;3670;2022
6236;2022;5625;2022
2828;2022;14328;2022
7677;2022;30516;2022
1819;2022;599;2022
7334;2022;14658;2022
5282;2022;18048;2022
4082;2022;3631;2022
9491;2022;1427;2022
5123;2022;5363;2022
1649;2022;555;2022
5284;2022;1089;2022
0942;2022;1585;2022
1640;2022;5528;2022
5670;2022;4543;2022
9058;2022;955;2022
2571;2022;5302;2022
3320;2022;5717;2022
6326;2022;162367;2022
0721;2022;3400;2022
4151;2022;1991;2022
0939;2022;94;2022
0198;2022;682;2022
9787;2022;11080;2022
5485;2022;501;2022
1498;2022;1238;2022
8493;2022;446;2022
8382;2022;972;2022
4742;2022;2335;2022
6443;2022;8274;2022
1366;2022;36360;2022
8556;2022;15698;2022
6463;2022;6597;2022
1852;2022;8076;2022
8847;2022;3733;2022
8311;2022;16338;2022
3024;2022;3214;2022
2211;2022;346;2022
5735;2022;1282;2022
6057;2022;4415;2022
6124;2022;1687;2022
8952;2022;1368;2022
4965;2022;11564;2022
0320;2022;2557;2022
5120;2022;1963;2022
5685;2022;2580;2022
0060;2022;1695;2022
1436;2022;2023;2022
2156;2022;2688;2022
5501;2022;2611;2022
5861;2022;1814;2022
6187;2022;1565;2022
0881;2022;1855;2022
3808;2022;1742;2022
8297;2022;1429;2022
4281;2022;4814;2022
2172;2022;1528;2022
0869;2022;1261;2022
0590;2022;1113;2022
0978;2022;1368;2022
9832;2022;17980;2022
2685;2022;19497;2022
4115;2022;1718;2022
0911;2022;488;2022
0033;2022;1028;2022
5678;2022;206;2022
6035;2022;1923;2022
8956;2022;4737;2022
4519;2022;2185;2022
1554;2022;4625;2022
4261;2022;106793;2022
3386;2022;2363;2022
6022;2022;5271;2022
8706;2022;842;2022
8084;2022;3395;2022
5635;2022;1002;2022
5458;2022;4606;2022
1676;2022;1267;2022
9141;2022;2981;2022
5723;2022;3711;2022
6448;2022;1679;2022
6323;2022;902;2022
8478;2022;2921;2022
0376;2022;5036;2022
2907;2022;1670;2022
9683;2022;6339;2022
5769;2022;5163;2022
4109;2022;1943;2022
9151;2022;2454;2022
8891;2022;2275;2022
8238;2022;1309;2022
1949;2022;1071;2022
2210;2022;15292;2022
9554;2022;1443;2022
0307;2022;3587;2022
7860;2022;8220;2022
6785;2022;1990;2022
3751;2022;1393;2022
1734;2022;2579;2022
8083;2022;1252;2022
1023;2022;2108;2022
4200;2022;2369;2022
9434;2022;2138;2022
4295;2022;767;2022
6905;2022;861;2022
5405;2022;3238;2022
0462;2022;8721;2022
9301;2022;12979;2022
2375;2022;1872;2022
6835;2022;4811;2022
7096;2022;9406;2022
5076;2022;893;2022
3109;2022;3721;2022
5590;2022;9076;2022
6050;2022;1928;2022
0138;2022;521;2022
5258;2022;8456;2022
2792;2022;1203;2022
7350;2022;2013;2022
5355;2022;7959;2022
9412;2022;6673;2022
6282;2022;16026;2022
7310;2022;281;2022
6814;2022;8223;2022
4947;2022;2768;2022
4534;2022;2412;2022
9622;2022;3984;2022
3071;2022;2147;2022
7711;2022;13297;2022
5272;2022;4291;2022
2267;2022;66178;2022
1430;2022;5245;2022
3429;2022;522;2022
3849;2022;2250;2022
9043;2022;2333;2022
9761;2022;213;2022
6446;2022;630;2022
9481;2022;573;2022
8042;2022;4228;2022
2929;2022;925;2022
6240;2022;2452;2022
6212;2022;1661;2022
5461;2022;688;2022
3087;2022;1185;2022
4912;2022;266;2022
8422;2022;993;2022
2697;2022;1170;2022
2532;2022;6443;2022
6602;2022;398;2022
3697;2022;389;2022
3718;2022;362;2022
6126;2022;128;2022
9475;2022;1580;2022
7551;2022;452;2022
3896;2022;282;2022
9260;2022;573;2022
5447;2022;3678;2022
6914;2022;527;2022
9624;2022;13821;2022
6180;2022;1191;2022
6853;2022;3146;2022
3898;2022;751;2022
8535;2022;1500;2022
7424;2022;359;2022
0155;2022;2105;2022
3338;2022;523;2022
1623;2022;3443;2022
0838;2022;70;2022
8517;2022;113;2022
8922;2022;508;2022
7472;2022;391;2022
6814;2022;811;2022
0398;2022;1177;2022
5865;2022;277;2022
7570;2022;644;2022
9405;2022;4083;2022
7311;2022;322;2022
6446;2022;195;2022
6887;2022;396;2022
3138;2022;154;2022
7728;2022;1868;2022
9304;2022;1035;2022
3815;2022;1957;2022
9813;2022;1268;2022
3948;2022;6138;2022
9469;2022;2827;2022
4555;2022;2589;2022
6696;2022;546;2022
0132;2022;560;2022
9787;2022;302;2022
4550;2022;45422;2022
7898;2022;1154;2022
7231;2022;544;2022
5551;2022;787;2022
5958;2022;474;2022
3944;2022;3218;2022
7281;2022;1114;2022
3838;2022;2185;2022
9797;2022;1387;2022
3292;2022;1076;2022
7914;2022;1279;2022
3048;2022;1209;2022
5099;2022;235;2022
1849;2022;233;2022
7527;2022;169;2022
1123;2022;1435;2022
4997;2022;1706;2022
8183;2022;39788;2022
1596;2022;3763;2022
2726;2022;19072;2022
2155;2022;844;2022
8596;2022;59250;2022
3109;2022;1239;2022
5904;2022;18055;2022
1991;2022;1378;2022
8063;2022;13663;2022
7795;2022;2643;2022
0603;2022;18485;2022
4932;2022;403;2022
9379;2022;11016;2022
9173;2022;4175;2022
3730;2022;368;2022
5070;2022;10754;2022
3617;2022;307;2022
2892;2022;4029;2022
3793;2022;638;2022
1853;2022;8553;2022
8029;2022;7082;2022
5654;2022;8576;2022
2891;2022;846;2022
8792;2022;10806;2022
0754;2022;1079;2022
7431;2022;448;2022
5096;2022;37937;2022
8473;2022;1247;2022
3668;2022;577;2022
4949;2022;51722;2022
7493;2022;2002;2022
9893;2022;20547;2022
5485;2022;4243;2022
1860;2022;16288;2022
6583;2022;460;2022
3340;2022;13652;2022
4881;2022;22853;2022
8776;2022;6493;2022
0431;2022;1893;2022
0650;2022;5673;2022
9012;2022;22912;2022
1242;2022;1150;2022
1895;2022;664;2022
4007;2022;20456;2022
8452;2022;89263;2022
4509;2022;324;2022
7531;2022;6452;2022
8039;2022;12888;2022
9849;2022;886;2022
5174;2022;1398;2022
7166;2022;909;2022
9991;2022;7793;2022
6536;2022;773;2022
3793;2022;7042;2022
1809;2022;46314;2022
0667;2022;2962;2022
2684;2022;22561;2022
5552;2022;11845;2022
8416;2022;1178;2022
1398;2022;2053;2022
4257;2022;5127;2022
1246;2022;8601;2022
7720;2022;41081;2022
3929;2022;1923;2022
5872;2022;2424;2022
0842;2022;8486;2022
3971;2022;1342;2022
3250;2022;1881;2022
0959;2022;1909;2022
9235;2022;48392;2022
1597;2022;6367;2022
0154;2022;22071;2022
8028;2022;12895;2022
7577;2022;219;2022
9200;2022;732;2022
7591;2022;2217;2022
5174;2022;64199;2022
5197;2022;1217;2022
5123;2022;10326;2022
5387;2022;10117;2022
3842;2022;738;2022
8371;2022;175;2022
0854;2022;351;2022
7158;2022;17546;2022
4072;2022;257;2022
2646;2022;12063;2022
5724;2022;910;2022
3501;2022;645;2022
1875;2022;2755309;2022
5015;2022;1236;2022
4271;2022;7377;2022
3046;2022;829;2022
4660;2022;1437;2022
5287;2022;2770;2022
1885;2022;18428;2022
3566;2022;4914;2022
9166;2022;3471;2022
6619;2022;3076;2022
1597;2022;169;2022
8581;2022;8962;2022
2314;2022;8488;2022
2069;2022;55020;2022
2752;2022;4763;2022
7793;2022;1084;2022
9953;2022;5870;2022
9396;2022;239;2022
7182;2022;290;2022
9132;2022;15674;2022
2664;2022;52655;2022
9435;2022;3564;2022
5375;2022;159;2022
0274;2022;18449;2022
4892;2022;13203;2022
1791;2022;40761;2022
1308;2022;49719;2022
0045;2022;38720;2022
6431;2022;16045;2022
0926;2022;81606;2022
9273;2022;32750;2022
0823;2022;74277;2022
4002;2022;1441;2022
3827;2022;564;2022
7045;2022;4064;2022
1570;2022;36189;2022
3113;2022;10392;2022
0776;2022;39617;2022
4278;2022;37170;2022
5578;2022;19463;2022
1194;2022;10388;2022
0155;2022;127719;2022
2423;2022;4063;2022
1331;2022;2959;2022
3073;2022;20324;2022
2194;2022;6078;2022
2215;2022;3643;2022
1024;2022;15055;2022
2399;2022;3296;2022
9807;2022;13774;2022
3661;2022;1139;2022
4927;2022;4172;2022
1656;2022;1063;2022
5035;2022;1049;2022
8065;2022;19435;2022
7296;2022;10163;2022
6104;2022;6893;2022
9962;2022;10045;2022
4711;2022;23747;2022
8187;2022;7383;2022
5040;2022;3062;2022
7401;2022;2858;2022
9161;2022;44807;2022
8307;2022;704;2022
3174;2022;261;2022
4662;2022;1835;2022
9574;2022;27792;2022
7134;2022;2491;2022
7258;2022;4112;2022
8136;2022;20762;2022
2368;2022;4952;2022
5217;2022;5405;2022
2884;2022;2199;2022
2121;2022;6685;2022
8754;2022;4144;2022
6376;2022;2425;2022
0535;2022;677;2022
1727;2022;8370;2022
7935;2022;2686;2022
4272;2022;1615;2022
3769;2022;534;2022
2708;2022;2425;2022
4151;2022;35238;2022
3207;2022;3199;2022
8819;2022;856;2022
9047;2022;3783;2022
4500;2022;4471;2022
0387;2022;22365;2022
0302;2022;8137;2022
4090;2022;7789;2022
5176;2022;1781;2022
6785;2022;883;2022
9886;2022;631;2022
3838;2022;1531;2022
5646;2022;3550;2022
7328;2022;513;2022
9996;2022;20104;2022
0688;2022;516;2022
9774;2022;10105;2022
1086;2022;2698;2022
1479;2022;1237;2022
8442;2022;43585;2022
8358;2022;1968;2022
7389;2022;1197;2022
5120;2022;2321;2022
3729;2022;1500;2022
9877;2022;10760;2022
7143;2022;12044;2022
5609;2022;3199;2022
6363;2022;7934;2022
1606;2022;1270;2022
3618;2022;3078;2022
8889;2022;1431;2022
1468;2022;1104;2022
9312;2022;2640;2022
3345;2022;6331;2022
3811;2022;4387;2022
4095;2022;2427;2022
6809;2022;3922;2022
8006;2022;12374;2022
8043;2022;1027;2022
6133;2022;5014;2022
5828;2022;884;2022
3317;2022;6855;2022
2138;2022;303;2022
6342;2022;1885;2022
7054;2022;3012;2022
7104;2022;3058;2022
0256;2022;874;2022
1068;2022;1296;2022
0186;2022;1820;2022
1030;2022;5690;2022
5977;2022;1184;2022
5043;2022;2420;2022
3937;2022;2995;2022
6770;2022;713;2022
2311;2022;2377;2022
1788;2022;24937;2022
5678;2022;2305;2022
5901;2022;4613;2022
6444;2022;303;2022
9925;2022;1295;2022
0598;2022;4703;2022
3217;2022;1731;2022
6404;2022;1618;2022
2762;2022;2413;2022
5375;2022;892;2022
6558;2022;1401;2022
6562;2022;19662;2022
2083;2022;726;2022
8420;2022;2064;2022
0343;2022;1144;2022
7672;2022;2503;2022
0988;2022;1616;2022
8595;2022;304;2022
0556;2022;1202;2022
3171;2022;7391;2022
1268;2022;4512;2022
0079;2022;5324;2022
8517;2022;49815;2022
4331;2022;2016;2022
7783;2022;5990;2022
6782;2022;1754;2022
0404;2022;5211;2022
9577;2022;5478;2022
0171;2022;1991;2022
3014;2022;5600;2022
4364;2022;10046;2022
3862;2022;1457;2022
6030;2022;17671;2022
3159;2022;7114;2022
2291;2022;7176;2022
3569;2022;12980;2022
5127;2022;21313;2022
5584;2022;9609;2022
9225;2022;8300;2022
0689;2022;73001;2022
4785;2022;1462;2022
4013;2022;1052;2022
7728;2022;1400;2022
3439;2022;3596;2022
8506;2022;28508;2022
2077;2022;4759;2022
7370;2022;9562;2022
6509;2022;369;2022
4670;2022;1153;2022
6894;2022;6710;2022
7840;2022;1976;2022
7114;2022;754;2022
6742;2022;1363;2022
9244;2022;4641;2022
8580;2022;8958;2022
1289;2022;480;2022
1132;2022;2039;2022
9275;2022;636;2022
4234;2022;3287;2022
0500;2022;6766;2022
9776;2022;12772;2022
5889;2022;631;2022
5891;2022;1085;2022
5573;2022;16089;2022
6148;2022;10081;2022
6723;2022;36893;2022
2352;2022;38417;2022
3040;2022;1978;2022
0952;2022;3010;2022
1040;2022;28777;2022
8339;2022;27309;2022
6084;2022;12422;2022
0206;2022;2898;2022
4954;2022;2076;2022
4292;2022;10176;2022
9339;2022;4497;2022
4929;2022;2810;2022
3783;2022;5743;2022
1708;2022;1533;2022
9126;2022;7747;2022
2092;2022;1367;2022
7444;2022;1405;2022
8895;2022;1620;2022
6402;2022;1166;2022
2196;2022;7628;2022
4796;2022;2247;2022
5317;2022;3029;2022
0384;2022;3178;2022
7121;2022;819;2022
0055;2022;445;2022
1506;2022;1709;2022
1902;2022;13225;2022
1790;2022;16900;2022
4990;2022;873;2022
6099;2022;14772;2022
7267;2022;22159;2022
7173;2022;838;2022
1312;2022;1968;2022
7852;2022;12118;2022
8350;2022;14289;2022
9201;2022;31977;2022
7297;2022;2580;2022
9668;2022;5739;2022
5226;2022;2065;2022
2007;2022;15027;2022
1950;2022;20254;2022
7652;2022;7200;2022
2119;2022;8743;2022
4301;2022;11302;2022
6991;2022;14771;2022
3939;2022;767;2022
6551;2022;20412;2022
5233;2022;6339;2022
4196;2022;754;2022
9013;2022;2643;2022
5471;2022;7365;2022
8249;2022;12519;2022
9697;2022;7653;2022
7200;2022;3367;2022
7931;2022;8154;2022
0480;2022;6892;2022
6866;2022;6430;2022
9202;2022;8098;2022
2218;2022;2624;2022
0380;2022;5291;2022
1195;2022;2477;2022
9610;2022;2001;2022
6568;2022;735;2022
8169;2022;2095;2022
8725;2022;56336;2022
4626;2022;1385;2022
9401;2022;1966;2022
0788;2022;1535;2022
3060;2022;2495;2022
5858;2022;971;2022
8038;2022;1542;2022
3397;2022;1210;2022
3975;2022;792;2022
2546;2022;1336;2022
7794;2022;1143;2022
4357;2022;2414;2022
5729;2022;991;2022
7176;2022;1933;2022
8035;2022;3176;2022
3530;2022;3606;2022
6637;2022;2175;2022
2750;2022;2167;2022
8585;2022;3764;2022
0522;2022;2649;2022
9049;2022;2101;2022
9892;2022;3348;2022
7656;2022;3131;2022
3090;2022;1319;2022
4545;2022;1214;2022
5737;2022;958;2022
4921;2022;1680;2022
8164;2022;2032;2022
7870;2022;403;2022
0975;2022;4581;2022
3810;2022;4177;2022
5907;2022;1700;2022
2035;2022;4033;2022
1637;2022;1451;2022
9381;2022;1314;2022
5073;2022;12986;2022
3315;2022;4526;2022
2987;2022;3613;2022
7490;2022;2269;2022
7989;2022;1991;2022
9780;2022;1980;2022
8328;2022;1452;2022
1537;2022;1845;2022
8130;2022;507;2022
2535;2022;2884;2022
9153;2022;2424;2022
0289;2022;2019;2022
7611;2022;1306;2022
6384;2022;1105;2022
6632;2022;4361;2022
3387;2022;9745;2022
7653;2022;2778;2022
9464;2022;2946;2022
8833;2022;2110;2022
2955;2022;1896;2022
3043;2022;712;2022
1870;2022;2985;2022
1839;2022;1189;2022
0421;2022;841;2022
2020;2022;3497;2022
3108;2022;3853;2022
2410;2022;869;2022
3786;2022;10305;2022
0097;2022;4075;2022
2448;2022;645;2022
1266;2022;3493;2022
9987;2022;7651;2022
4911;2022;1443;2022
1549;2022;3243;2022
9905;2022;2755;2022
7986;2022;477;2022
7117;2022;58473;2022
9149;2022;61930;2022
8316;2022;7714;2022
3581;2022;6857;2022
7535;2022;32057;2022
5169;2022;25344;2022
9793;2022;9988;2022
3999;2022;26062;2022
4897;2022;9832;2022
6161;2022;15913;2022
2212;2022;36049;2022
9831;2022;12443;2022
3276;2022;5077;2022
0631;2022;6832;2022
6107;2022;2463;2022
1983;2022;21601;2022
8354;2022;47196;2022
3842;2022;3058;2022
8550;2022;7620;2022
2108;2022;13226;2022
6091;2022;18296;2022
5932;2022;3665;2022
0996;2022;74268;2022
9852;2022;62917;2022
9214;2022;7788;2022
2278;2022;16997;2022
3311;2022;12292;2022
7406;2022;6903;2022
4494;2022;1706;2022
2191;2022;11780;2022
0712;2022;17460;2022
3882;2022;28623;2022
0417;2022;15421;2022
7069;2022;124222;2022
6424;2022;27989;2022
8769;2022;17230;2022
1376;2022;19625;2022
0837;2022;4566;2022
0191;2022;6051;2022
7109;2022;1486;2022
6058;2022;57931;2022
2623;2022;7880;2022
5752;2022;29166;2022
0450;2022;14168;2022
7798;2022;36375;2022
2512;2022;7784;2022
7043;2022;11898;2022
2446;2022;34740;2022
2423;2022;917510;2022
1855;2022;33723;2022
0227;2022;23201;2022
6708;2022;16246;2022
3471;2022;12380;2022
5394;2022;5882;2022
2007;2022;22284;2022
0156;2022;12792;2022
7093;2022;39811;2022
4308;2022;23940;2022
6361;2022;52260;2022
8367;2022;76618;2022
2597;2022;10118;2022
4345;2022;24661;2022
1586;2022;41385;2022
9170;2022;50258;2022
3315;2022;6581;2022
0143;2022;12080;2022
0748;2022;42597;2022
1713;2022;30217;2022
9480;2022;3381;2022
6365;2022;8691;2022
1492;2022;8667;2022
7405;2022;26270;2022
9134;2022;32486;2022
9318;2022;19084;2022
3696;2022;6542;2022
8775;2022;15867;2022
4791;2022;6196;2022
4499;2022;3078;2022
6664;2022;33721;2022
9955;2022;15457;2022
6518;2022;8884;2022
4648;2022;17318;2022
5892;2022;40318;2022
6675;2022;80712;2022
2070;2022;3390;2022
3662;2022;20317;2022
8730;2022;31453;2022
9035;2022;4161;2022
2162;2022;25576;2022
9788;2022;11703;2022
2619;2022;8554;2022
0420;2022;5006;2022
8723;2022;4001;2022
0831;2022;3951;2022
6485;2022;1683;2022
1439;2022;1463;2022
7365;2022;21057;2022
5679;2022;10402;2022
3890;2022;7528;2022
5611;2022;52250;2022
8043;2022;3028;2022
2951;2022;4451;2022
1573;2022;3544;2022
7774;2022;2219;2022
8104;2022;275;2022
3340;2022;2142;2022
0503;2022;4250;2022
3488;2022;1098;2022
2827;2022;3260;2022
4916;2022;2266;2022
7239;2022;1281;2022
0937;2022;1577;2022
0746;2022;950;2022
3663;2022;1063;2022
6888;2022;1778;2022
1700;2022;1485;2022
3430;2022;8696;2022
7261;2022;2563;2022
6074;2022;478;2022
6023;2022;2089;2022
3106;2022;2969;2022
6339;2022;1275;2022
4378;2022;1867;2022
5501;2022;2512;2022
7042;2022;2868;2022
3896;2022;5207;2022
0394;2022;3455;2022
3349;2022;3237;2022
2576;2022;586;2022
1147;2022;7732;2022
1256;2022;1800;2022
8730;2022;1518;2022
0823;2022;2055;2022
2465;2022;1431;2022
2944;2022;3339;2022
5111;2022;5942;2022
0681;2022;1088;2022
7453;2022;3026;2022
7195;2022;1645;2022
6840;2022;1794;2022
9159;2022;11557;2022
9585;2022;6745;2022
3787;2022;348;2022
0056;2022;3332;2022
2940;2022;3098;2022
9575;2022;11355;2022
4461;2022;2111;2022
2383;2022;1194;2022
9536;2022;7320;2022
0089;2022;2619;2022
6348;2022;5064;2022
5637;2022;696;2022
4121;2022;1124;2022
4535;2022;1577;2022
2983;2022;5118;2022
6004;2022;3898;2022
6879;2022;2024;2022
6255;2022;1723;2022
2188;2022;636;2022
4254;2022;2146;2022
1398;2022;303;2022
2415;2022;1933;2022
7281;2022;1458;2022
9910;2022;2713;2022
8428;2022;3623;2022
9311;2022;1834;2022
9083;2022;1782;2022
4553;2022;2330;2022
4116;2022;779;2022
8084;2022;3382;2022
9594;2022;719;2022
5865;2022;1091;2022
9153;2022;4775;2022
4659;2022;2419;2022
8989;2022;758;2022
5377;2022;1475;2022
1929;2022;1494;2022
9333;2022;1382;2022
0424;2022;1414;2022
4602;2022;736;2022
7449;2022;706;2022
1046;2022;3861;2022
4343;2022;1166;2022
7802;2022;2069;2022
4780;2022;1006;2022
1053;2022;1037;2022
0250;2022;734;2022
4994;2022;6716;2022
1867;2022;2849;2022
2136;2022;12074;2022
1035;2022;535;2022
6968;2022;3617;2022
6733;2022;2750;2022
3678;2022;1522;2022
7651;2022;1486;2022
4115;2022;2163;2022
2062;2022;1453;2022
5685;2022;1968;2022
0415;2022;1198;2022
2199;2022;459;2022
4209;2022;841;2022
9642;2022;773;2022
9136;2022;2518;2022
7054;2022;1243;2022
1566;2022;2283;2022
0366;2022;910;2022
9992;2022;1472;2022
4183;2022;2966;2022
2142;2022;944;2022
1410;2022;19354;2022
4968;2022;2549;2022
7893;2022;21311;2022
2303;2022;6243;2022
8222;2022;952;2022
4816;2022;6966;2022
7142;2022;4737;2022
7655;2022;34027;2022
7339;2022;1340;2022
4464;2022;5792;2022
0053;2022;2360;2022
1222;2022;798;2022
6828;2022;2132;2022
9298;2022;16838;2022
8588;2022;49545;2022
7466;2022;684;2022
4087;2022;5336;2022
9180;2022;4573;2022
5398;2022;2406;2022
4305;2022;2521;2022
9092;2022;1394;2022
0078;2022;6871;2022
3034;2022;16684;2022
1530;2022;324;2022
7503;2022;950;2022
5471;2022;22278;2022
8235;2022;1043;2022
5704;2022;1276;2022
7270;2022;5328;2022
5545;2022;1874;2022
6341;2022;1440;2022
4484;2022;8687;2022
0592;2022;2802;2022
0636;2022;584;2022
5850;2022;13717;2022
2937;2022;2216;2022
4074;2022;1309;2022
5311;2022;50614;2022
6165;2022;1737;2022
8519;2022;4990;2022
4579;2022;2249;2022
9973;2022;1959;2022
3734;2022;1192;2022
1580;2022;3444;2022
1743;2022;660;2022
7461;2022;775;2022
9342;2022;3209;2022
7318;2022;2507;2022
9663;2022;508;2022
6631;2022;528;2022
5826;2022;37548;2022
5340;2022;1144;2022
6875;2022;14064;2022
8934;2022;689;2022
8506;2022;1096;2022
0750;2022;4972;2022
6124;2022;11547;2022
9883;2022;1109;2022
7006;2022;1282;2022
3653;2022;964;2022
7442;2022;1198;2022
4538;2022;1277;2022
2220;2022;698;2022
6765;2022;1328;2022
2416;2022;990;2022
2958;2022;588;2022
7074;2022;5371;2022
3331;2022;21661;2022
6669;2022;2583;2022
1887;2022;1810;2022
4423;2022;1683;2022
2997;2022;2549;2022
8816;2022;11113;2022
1614;2022;12263;2022
1659;2022;536;2022
6911;2022;1419;2022
2218;2022;6219;2022
1939;2022;608;2022
9446;2022;44107;2022
6625;2022;23767;2022
7132;2022;2334;2022
2425;2022;2272;2022
7239;2022;6528;2022
6215;2022;3627;2022
1007;2022;1651;2022
5503;2022;979;2022
6115;2022;605;2022
1136;2022;4908;2022
9764;2022;34193;2022
2981;2022;3736;2022
0374;2022;10911;2022
8138;2022;1767;2022
9994;2022;815;2022
1585;2022;658;2022
4697;2022;1015;2022
7653;2022;1152;2022
4195;2022;2434;2022
0821;2022;5112;2022
3233;2022;2155;2022
1890;2022;26157;2022
7015;2022;3751;2022
2432;2022;2003;2022
7360;2022;1983;2022
0409;2022;1098;2022
9350;2022;2395;2022
9303;2022;1052;2022
1579;2022;6935;2022
5566;2022;1558;2022
3133;2022;8715;2022
5882;2022;1278;2022
6697;2022;375;2022
1813;2022;628;2022
6883;2022;768;2022
6570;2022;444;2022
6932;2022;12244;2022
7850;2022;1770;2022
1191;2022;127485;2022
5966;2022;483;2022
3872;2022;6537;2022
1221;2022;3605;2022
0526;2022;3958;2022
0237;2022;2607;2022
1894;2022;10254;2022
2868;2022;842;2022
0544;2022;543;2022
5134;2022;1649;2022
9586;2022;1612;2022
4643;2022;3232;2022
6091;2022;500;2022
1435;2022;2667;2022
2451;2022;8802;2022
9191;2022;400;2022
1563;2022;10843;2022
7443;2022;2396;2022
2947;2022;6381;2022
0006;2022;30643;2022
7561;2022;4663;2022
8701;2022;48201;2022
8627;2022;1498;2022
2295;2022;271;2022
0330;2022;3683;2022
0424;2022;1163;2022
5692;2022;9424;2022
1133;2022;3063;2022
5173;2022;670;2022
2800;2022;775;2022
8655;2022;7077;2022
4617;2022;1837;2022
0131;2022;1200;2022
0338;2022;1987;2022
2177;2022;480;2022
8259;2022;4132;2022
4361;2022;1582;2022
6021;2022;219;2022
3214;2022;8010;2022
7850;2022;1550;2022
5828;2022;3214;2022
5252;2022;7193;2022
0220;2022;13288;2022
2232;2022;263;2022
5165;2022;1406;2022
9501;2022;943;2022
4329;2022;313;2022
9252;2022;1105;2022
0845;2022;40806;2022
8419;2022;3276;2022
5883;2022;614;2022
4864;2022;1659;2022
1068;2022;707;2022
5929;2022;216;2022
1210;2022;1023;2022
3147;2022;1123;2022
4433;2022;125;2022
9040;2022;747;2022
7244;2022;457;2022
9029;2022;909;2022
6995;2022;218;2022
6574;2022;833;2022
9627;2022;4795;2022
6391;2022;624;2022
6151;2022;202;2022
5707;2022;576;2022
7863;2022;79;2022
7951;2022;5025;2022
0313;2022;435;2022
8838;2022;289;2022
4297;2022;6603;2022
1003;2022;1044;2022
3195;2022;119;2022
2942;2022;834;2022
7991;2022;10253;2022
1648;2022;1555;2022
3455;2022;945;2022
4906;2022;286;2022
4520;2022;3019;2022
6044;2022;211;2022
9435;2022;798;2022
0193;2022;1104;2022
2092;2022;199;2022
9499;2022;971;2022
6438;2022;362;2022
8595;2022;292;2022
7053;2022;672;2022
1491;2022;235;2022
4037;2022;1689;2022
2377;2022;512;2022
1068;2022;1944;2022
9067;2022;69659;2022
4693;2022;1536;2022
8647;2022;5929;2022
4420;2022;841;2022
9177;2022;3519;2022
5332;2022;1348;2022
2078;2022;346;2022
4085;2022;2202;2022
2700;2022;1302;2022
0036;2022;541;2022
6037;2022;1118;2022
8978;2022;416;2022
9041;2022;378;2022
3563;2022;1248;2022
1660;2022;408;2022
9991;2022;1739;2022
3767;2022;1168;2022
5874;2022;1081;2022
1547;2022;638;2022
1585;2022;2071;2022
7943;2022;3726;2022
0623;2022;1080;2022
8485;2022;1308;2022
4355;2022;4297;2022
4578;2022;1004;2022
6543;2022;438;2022
6736;2022;7041;2022
5962;2022;871;2022
9925;2022;2636;2022
0009;2022;667;2022
3069;2022;597;2022
1068;2022;867;2022
6186;2022;496;2022
5451;2022;1358;2022
9609;2022;174;2022
9100;2022;1492;2022
7609;2022;3707;2022
0984;2022;99;2022
4918;2022;1901;2022
2122;2022;657;2022
8131;2022;1080;2022
9441;2022;364;2022
6988;2022;114;2022
0391;2022;2090;2022
6767;2022;1697;2022
3541;2022;534;2022
0036;2022;3752;2022
3822;2022;2681;2022
3409;2022;316;2022
9277;2022;22200;2022
4574;2022;6435;2022
6548;2022;264;2022
9606;2022;2810;2022
4430;2022;5821;2022
1994;2022;513;2022
9897;2022;90;2022
2153;2022;490;2022
7330;2022;831;2022
5246;2022;600;2022
1944;2022;805;2022
5364;2022;12809;2022
9192;2022;1826;2022
1360;2022;733;2022
1814;2022;10012;2022
8534;2022;2333;2022
0441;2022;6862;2022
8746;2022;1682;2022
4239;2022;6569;2022
7371;2022;1787;2022
1590;2022;432;2022
1757;2022;7301;2022
6808;2022;976;2022
6850;2022;2040;2022
7941;2022;1333;2022
9395;2022;2239;2022
3628;2022;1442;2022
7369;2022;4607;2022
0130;2022;2081;2022
6330;2022;3662;2022
8144;2022;2204;2022
1135;2022;5085;2022
9439;2022;587;2022
3021;2022;1092;2022
7723;2022;253;2022
0793;2022;23447;2022
0449;2022;4477;2022
5937;2022;944;2022
5649;2022;7438;2022
7269;2022;3557;2022
4474;2022;9080;2022
0112;2022;5294;2022
1502;2022;6349;2022
0982;2022;1648;2022
4851;2022;218;2022
1126;2022;14583;2022
7982;2022;471;2022
2598;2022;25552;2022
3617;2022;9749;2022
2025;2022;5113;2022
5962;2022;15381;2022
8387;2022;51650;2022
2172;2022;1469;2022
3802;2022;2424;2022
0202;2022;11830;2022
1359;2022;1241;2022
7532;2022;874;2022
6267;2022;16335;2022
4014;2022;361;2022
5275;2022;3388;2022
9583;2022;1011;2022
9862;2022;258;2022
9117;2022;2268;2022
4127;2022;4016;2022
9893;2022;1782;2022
0818;2022;536;2022
5744;2022;705;2022
0254;2022;1226;2022
8177;2022;10961;2022
9994;2022;14828;2022
8798;2022;1142;2022
0960;2022;1573;2022
9847;2022;5956;2022
7324;2022;211;2022
9615;2022;1340;2022
3097;2022;1622;2022
4720;2022;1349;2022
0704;2022;2700;2022
4993;2022;7140;2022
2626;2022;6759;2022
5012;2022;865;2022
6647;2022;53573;2022
2565;2022;3094;2022
7621;2022;1693;2022
1943;2022;11229;2022
4163;2022;118829;2022
3464;2022;460;2022
0484;2022;8495;2022
5580;2022;1277;2022
7710;2022;439;2022
0394;2022;4717;2022
0563;2022;879;2022
7943;2022;4048;2022
8033;2022;272;2022
4183;2022;259;2022
3972;2022;1833;2022
3407;2022;3495;2022
8863;2022;507;2022
0138;2022;19038;2022
6677;2022;2410;2022
9177;2022;2850;2022
1122;2022;779;2022
3297;2022;381;2022
1817;2022;556;2022
3301;2022;3067;2022
5442;2022;1992;2022
3916;2022;1074;2022
7152;2022;1070;2022
9762;2022;10349;2022
2605;2022;720;2022
5091;2022;337;2022
0774;2022;4953;2022
3819;2022;81;2022
9124;2022;1269;2022
8539;2022;502;2022
5676;2022;567;2022
5381;2022;1169;2022
6687;2022;819;2022
0034;2022;5784;2022
0004;2022;3015;2022
0349;2022;5168;2022
8862;2022;4275;2022
0721;2022;294;2022
9829;2022;1517;2022
6763;2022;783;2022
5670;2022;48614;2022
4613;2022;281;2022
7214;2022;770;2022
2953;2022;158;2022
0465;2022;441;2022
2341;2022;2622;2022
3922;2022;4766;2022
8476;2022;313;2022
9623;2022;1947;2022
6920;2022;1289;2022
5327;2022;853;2022
1196;2022;6283;2022
0895;2022;261;2022
1305;2022;25675;2022
1486;2022;927;2022
4882;2022;1624;2022
9897;2022;806;2022
5604;2022;277;2022
4701;2022;1210;2022
6462;2022;2479;2022
8874;2022;1145;2022
5006;2022;8425;2022
5631;2022;408;2022
3710;2022;1061;2022
9603;2022;34009;2022
6164;2022;655;2022
1285;2022;320;2022
1795;2022;642;2022
7343;2022;4631;2022
4634;2022;834;2022
2862;2022;106;2022
2680;2022;74;2022
9986;2022;601;2022
2122;2022;2333;2022
1033;2022;2392;2022
4460;2022;3660;2022
9714;2022;22250;2022
7798;2022;4162;2022
6299;2022;1235;2022
7760;2022;821;2022
1930;2022;958;2022
0200;2022;211;2022
0312;2022;412;2022
4826;2022;1498;2022
9207;2022;973;2022
9487;2022;797;2022
1680;2022;2046;2022
1232;2022;860;2022
4453;2022;699;2022
3124;2022;1171;2022
1629;2022;3913;2022
2116;2022;1560;2022
6962;2022;2277;2022
0060;2022;1042;2022
0066;2022;1182;2022
8107;2022;102;2022
2305;2022;167;2022
2693;2022;861;2022
6722;2022;135;2022
7311;2022;14358;2022
4080;2022;835;2022
6889;2022;19717;2022
7078;2022;2014;2022
8274;2022;2270;2022
9959;2022;5191;2022
2545;2022;2968;2022
5688;2022;643;2022
8984;2022;309;2022
9591;2022;3903;2022
1052;2022;2900;2022
5279;2022;1659;2022
2887;2022;698;2022
6762;2022;4216;2022
1143;2022;1125;2022
8588;2022;1739;2022
4377;2022;336;2022
2726;2022;1516;2022
3679;2022;40766;2022
1284;2022;894;2022
7324;2022;2163;2022
2299;2022;1143;2022
3671;2022;129;2022
0991;2022;119;2022
5993;2022;565;2022
9947;2022;2496;2022
6298;2022;7442;2022
2796;2022;1196;2022
8102;2022;1174;2022
1111;2022;47313;2022
7010;2022;593;2022
7217;2022;2437;2022
4253;2022;849;2022
5639;2022;7778;2022
2764;2022;1856;2022
0649;2022;461;2022
2235;2022;250;2022
5442;2022;442;2022
6196;2022;1184;2022
9572;2022;864;2022
9107;2022;3605;2022
7935;2022;625;2022
8933;2022;311;2022
6946;2022;721;2022
9051;2022;1667;2022
4681;2022;403;2022
7727;2022;3260;2022
3337;2022;1162;2022
6825;2022;1277;2022
7548;2022;752;2022
5261;2022;955;2022
7156;2022;702;2022
9461;2022;4882;2022
7729;2022;1633;2022
7653;2022;6372;2022
2662;2022;693;2022
5628;2022;635;2022
8724;2022;412;2022
7322;2022;484;2022
5053;2022;1088;2022
4211;2022;1034;2022
4272;2022;2061;2022
2000;2022;146;2022
2140;2022;465;2022
6236;2022;987;2022
9190;2022;1205;2022
5674;2022;1382;2022
7631;2022;307;2022
2928;2022;290;2022
2217;2022;6195;2022
6629;2022;359;2022
8400;2022;524;2022
8848;2022;1681;2022
8179;2022;1539;2022
4504;2022;3482;2022
5154;2022;1041;2022
2809;2022;1242;2022
0789;2022;208;2022
1136;2022;2343;2022
0324;2022;107;2022
0393;2022;4836;2022
9604;2022;442;2022
8276;2022;3028;2022
0440;2022;625;2022
7400;2022;1099;2022
2595;2022;630;2022
8460;2022;131;2022
3719;2022;550;2022
0533;2022;1368;2022
4484;2022;518;2022
0508;2022;975;2022
0477;2022;983;2022
6521;2022;4522;2022
3299;2022;816;2022
2841;2022;476;2022
3671;2022;3967;2022
8688;2022;302;2022
2451;2022;1562;2022
3707;2022;1806;2022
8338;2022;1173;2022
9697;2022;603;2022
9425;2022;32262;2022
7317;2022;709;2022
0581;2022;1242;2022
6983;2022;4360;2022
5162;2022;793;2022
6494;2022;2440;2022
4776;2022;3369;2022
7358;2022;2222;2022
7468;2022;845;2022
0140;2022;1088;2022
5021;2022;12568;2022
6700;2022;5870;2022
6446;2022;2630;2022
9297;2022;2971;2022
8179;2022;6612;2022
8083;2022;2519;2022
0021;2022;7035;2022
7114;2022;806;2022
0492;2022;3805;2022
3610;2022;1362;2022
9322;2022;1690;2022
4736;2022;2018;2022
7854;2022;1202;2022
4860;2022;1268;2022
4172;2022;1367;2022
4130;2022;148;2022
9176;2022;57152;2022
5172;2022;1522;2022
8520;2022;3503;2022
0981;2022;615;2022
2543;2022;146017;2022
4745;2022;4144;2022
1943;2022;481;2022
2258;2022;6228;2022
7869;2022;31033;2022
7950;2022;53975;2022
4861;2022;5982;2022
4104;2022;944;2022
1492;2022;11354;2022
9411;2022;650;2022
0055;2022;2508;2022
2375;2022;16788;2022
7042;2022;692;2022
3846;2022;4285;2022
6453;2022;2470;2022
8825;2022;2489;2022
3967;2022;1818;2022
4650;2022;1694;2022
5157;2022;3328;2022
0513;2022;997;2022
9689;2022;26261;2022
1972;2022;12661;2022
6248;2022;879;2022
3573;2022;13802;2022
1609;2022;5457;2022
3048;2022;49481;2022
1328;2022;1804;2022
3327;2022;3634;2022
8637;2022;5776;2022
8121;2022;5257;2022
0083;2022;16531;2022
2451;2022;6690;2022
0362;2022;7298;2022
2698;2022;13398;2022
9970;2022;380;2022
3471;2022;1552;2022
5653;2022;2837;2022
7454;2022;3289;2022
0244;2022;19952;2022
8140;2022;16518;2022
8230;2022;10268;2022
3698;2022;70038;2022
5569;2022;316736;2022
6537;2022;2127;2022
9452;2022;11763;2022
3367;2022;53282;2022
9815;2022;11329;2022
1051;2022;15239;2022
4318;2022;19318;2022
1971;2022;15072;2022
1287;2022;19525;2022
9107;2022;5809;2022
4208;2022;25756;2022
2780;2022;47079;2022
9351;2022;26615;2022
2848;2022;19401;2022
7183;2022;42675;2022
3013;2022;12165;2022
1788;2022;13937;2022
2363;2022;36334;2022
9421;2022;24440;2022
1111;2022;57458;2022
8626;2022;48004;2022
5967;2022;18368;2022
7926;2022;25935;2022
7123;2022;20612;2022
4435;2022;1279;2022
0967;2022;17550;2022
1540;2022;25972;2022
8522;2022;18306;2022
8251;2022;24394;2022
2339;2022;6031;2022
7931;2022;9589;2022
8516;2022;25754;2022
2295;2022;26144;2022
3507;2022;8050;2022
1384;2022;25897;2022
3995;2022;12981;2022
9787;2022;17346;2022
1708;2022;6276;2022
9347;2022;6580;2022
3890;2022;16220;2022
3006;2022;13144;2022
0646;2022;3422;2022
4128;2022;4970;2022
5984;2022;21830;2022
1223;2022;30612;2022
1732;2022;14796;2022
3299;2022;8241;2022
1780;2022;9581;2022
4419;2022;29941;2022
7193;2022;47067;2022
0754;2022;5256;2022
9938;2022;32016;2022
7461;2022;5339;2022
4329;2022;3561;2022
8487;2022;2315;2022
9608;2022;15317;2022
8616;2022;7590;2022
9867;2022;15786;2022
2709;2022;11142;2022
1454;2022;1765;2022
5597;2022;14253;2022
1944;2022;8888;2022
5686;2022;15379;2022
9822;2022;188310;2022
9321;2022;4138;2022
3201;2022;12957;2022
3038;2022;82883;2022
6405;2022;16964;2022
0198;2022;18701;2022
8386;2022;6097;2022
1686;2022;11159;2022
6284;2022;8231;2022
8010;2022;38815;2022
9372;2022;35006;2022
3819;2022;13589;2022
0503;2022;26179;2022
6671;2022;14530;2022
5602;2022;30171;2022
0442;2022;6184;2022
5342;2022;6089;2022
6776;2022;9305;2022
9740;2022;13028;2022
0762;2022;18112;2022
4555;2022;5274;2022
7649;2022;10138;2022
1455;2022;9067;2022
6929;2022;6044;2022
7893;2022;5642;2022
5298;2022;6425;2022
7130;2022;4547;2022
5803;2022;8892;2022
5439;2022;3928;2022
7447;2022;1759;2022
7501;2022;2630;2022
1808;2022;6722;2022
8789;2022;9808;2022
3481;2022;1608;2022
7072;2022;2283;2022
2401;2022;11663;2022
9858;2022;3641;2022
7273;2022;19245;2022
9451;2022;2747;2022
6246;2022;3669;2022
7775;2022;5121;2022
6543;2022;12960;2022
7891;2022;5614;2022
5316;2022;23079;2022
4134;2022;5655;2022
1123;2022;5136;2022
3579;2022;3870;2022
8072;2022;8736;2022
4238;2022;2830;2022
6150;2022;4853;2022
6465;2022;25701;2022
0701;2022;14997;2022
2324;2022;19367;2022
2665;2022;1120;2022
0433;2022;1945;2022
0295;2022;5393;2022
5758;2022;94596;2022
7040;2022;8636;2022
5031;2022;13560;2022
4163;2022;11758;2022
6630;2022;13484;2022
2472;2022;8595;2022
4923;2022;1570;2022
6287;2022;10942;2022
3337;2022;10049;2022
5487;2022;6664;2022
1038;2022;2117;2022
7989;2022;3272;2022
1285;2022;3471;2022
7102;2022;13331;2022
5283;2022;2604;2022
5715;2022;3051;2022
7675;2022;4706;2022
2740;2022;30788;2022
3020;2022;4908;2022
1262;2022;2130;2022
0405;2022;7588;2022
2252;2022;2199;2022
1974;2022;5646;2022
9723;2022;1383;2022
0919;2022;8720;2022
6901;2022;1637;2022
9584;2022;5842;2022
2907;2022;10757;2022
7266;2022;9363;2022
8722;2022;7741;2022
0792;2022;4557;2022
0222;2022;1480;2022
0888;2022;7904;2022
5772;2022;5436;2022
6393;2022;5588;2022
1977;2022;3386;2022
8398;2022;2812;2022
3304;2022;6657;2022
7760;2022;1824;2022
3306;2022;3877;2022
4552;2022;5181;2022
0953;2022;4576;2022
4246;2022;3471;2022
1621;2022;13373;2022
7645;2022;2156;2022
4055;2022;4162;2022
9883;2022;1525;2022
6574;2022;14669;2022
6797;2022;11298;2022
1319;2022;11511;2022
7103;2022;2762;2022
7435;2022;13914;2022
3294;2022;17085;2022
5013;2022;5034;2022
4105;2022;12007;2022
4580;2022;4319;2022
3081;2022;13367;2022
1948;2022;6729;2022
9545;2022;1853;2022
7757;2022;1959;2022
5708;2022;2394;2022
1612;2022;6380;2022
0594;2022;9246;2022
1894;2022;1309;2022
6422;2022;2097;2022
8747;2022;1340;2022
0954;2022;1533;2022
9765;2022;552;2022
4620;2022;3660;2022
4804;2022;10627;2022
1516;2022;1726;2022
0546;2022;1167;2022
6030;2022;2494;2022
7494;2022;2578;2022
7262;2022;4707;2022
9331;2022;3869;2022
8776;2022;791;2022
3938;2022;1779;2022
0061;2022;353;2022
4740;2022;718;2022
4985;2022;1142;2022
5290;2022;517;2022
2235;2022;210;2022
8984;2022;816;2022
9630;2022;1933;2022
9786;2022;709;2022
9081;2022;714;2022
7742;2022;1178;2022
4521;2022;888;2022
7438;2022;524;2022
0174;2022;1743;2022
3392;2022;2298;2022
6440;2022;1262;2022
0762;2022;565;2022
8087;2022;2732;2022
3055;2022;1819;2022
8176;2022;3949;2022
6307;2022;808;2022
9252;2022;5244;2022
6494;2022;1564;2022
6795;2022;518;2022
0661;2022;5032;2022
6582;2022;4094;2022
7074;2022;1597;2022
6270;2022;11893;2022
6568;2022;13035;2022
8430;2022;4723;2022
9654;2022;3798;2022
0116;2022;5622;2022
8173;2022;1476;2022
1825;2022;17120;2022
3407;2022;472;2022
5525;2022;3574;2022
1334;2022;1374;2022
8705;2022;1094;2022
1831;2022;4959;2022
4925;2022;1380;2022
7094;2022;745;2022
8779;2022;3560;2022
9102;2022;4437;2022
8358;2022;1664;2022
5089;2022;5639;2022
0977;2022;3868;2022
7025;2022;894;2022
2350;2022;6786;2022
4318;2022;64470;2022
2771;2022;4167;2022
5067;2022;864;2022
5194;2022;12522;2022
4848;2022;1563;2022
5846;2022;2532;2022
7351;2022;1306;2022
9216;2022;3184;2022
4508;2022;3256;2022
6216;2022;995;2022
3938;2022;1177;2022
0711;2022;927;2022
2479;2022;594;2022
6989;2022;2606;2022
3893;2022;657;2022
1583;2022;1371;2022
1051;2022;1300;2022
0963;2022;6012;2022
6860;2022;1401;2022
4313;2022;733;2022
9008;2022;2280;2022
8371;2022;1009;2022
3049;2022;6549;2022
1821;2022;1317;2022
2982;2022;523;2022
0697;2022;1015;2022
2665;2022;7118;2022
6832;2022;2954;2022
6443;2022;2922;2022
1889;2022;2163;2022
9965;2022;569;2022
3628;2022;1875;2022
3885;2022;10931;2022
2428;2022;2660;2022
8269;2022;2689;2022
6975;2022;3248;2022
3184;2022;697;2022
7358;2022;3050;2022
3667;2022;1623;2022
4081;2022;881;2022
2369;2022;11991;2022
6912;2022;664;2022
9042;2022;285;2022
6307;2022;1065;2022
0417;2022;619;2022
1083;2022;8051;2022
6109;2022;976;2022
9256;2022;862;2022
6299;2022;4736;2022
1504;2022;2028;2022
4550;2022;4462;2022
0808;2022;59745;2022
8385;2022;2379;2022
9955;2022;6689;2022
7967;2022;9259;2022
7400;2022;6796;2022
1845;2022;349;2022
9225;2022;16740;2022
6487;2022;17873;2022
6666;2022;3772;2022
5377;2022;2440;2022
4371;2022;2529;2022
2579;2022;1049;2022
0579;2022;1267;2022
1428;2022;3586;2022
1606;2022;4773;2022
9301;2022;4742;2022
1984;2022;1343;2022
1265;2022;7528;2022
7052;2022;990;2022
3815;2022;1739;2022
6272;2022;18860;2022
5058;2022;1410;2022
2952;2022;756;2022
6686;2022;1143;2022
1110;2022;357;2022
5603;2022;680;2022
7069;2022;4016;2022
3551;2022;13844;2022
9177;2022;2726;2022
4229;2022;2385;2022
9720;2022;1751;2022
5533;2022;889;2022
0738;2022;8927;2022
3198;2022;1183;2022
2241;2022;9518;2022
8188;2022;1053;2022
7879;2022;2600;2022
5944;2022;2005;2022
5739;2022;1269;2022
9643;2022;1106;2022
6457;2022;1472;2022
3673;2022;630;2022
7969;2022;7479;2022
4296;2022;3113;2022
2731;2022;205;2022
0818;2022;16547;2022
0868;2022;2682;2022
5571;2022;9230;2022
0563;2022;234;2022
6318;2022;20838;2022
7467;2022;2500;2022
8584;2022;484;2022
9628;2022;2192;2022
3177;2022;2934;2022
0861;2022;780;2022
8954;2022;1217;2022
1398;2022;9413;2022
6188;2022;816;2022
9838;2022;1178;2022
5789;2022;1123;2022
8606;2022;63909;2022
6973;2022;998;2022
0760;2022;9704;2022
1919;2022;5054;2022
3725;2022;4083;2022
6618;2022;940;2022
6744;2022;3399;2022
2516;2022;1456;2022
1646;2022;1126;2022
7008;2022;1834;2022
0382;2022;2842;2022
0158;2022;2774;2022
1135;2022;1890;2022
6862;2022;7794;2022
7085;2022;1525;2022
7503;2022;2207;2022
4029;2022;1770;2022
9545;2022;2280;2022
0811;2022;1727;2022
3365;2022;765;2022
2095;2022;857;2022
9328;2022;3748;2022
2096;2022;2529;2022
2541;2022;2613;2022
6500;2022;2205;2022
6003;2022;8766;2022
7814;2022;1125;2022
9158;2022;732;2022
2375;2022;1613;2022
3121;2022;2447;2022
2730;2022;1905;2022
0425;2022;3346;2022
3220;2022;3052;2022
8104;2022;955;2022
6848;2022;9084;2022
1556;2022;1466;2022
6698;2022;20117;2022
9137;2022;1566;2022
2519;2022;3890;2022
8806;2022;2630;2022
5827;2022;1068;2022
0461;2022;319;2022
6014;2022;1834;2022
4127;2022;1121;2022
7393;2022;966;2022
6664;2022;311;2022
9131;2022;14732;2022
2168;2022;629;2022
6170;2022;2021;2022
2015;2022;1352;2022
6552;2022;736;2022
3317;2022;1370;2022
2391;2022;1166;2022
8071;2022;1000;2022
4098;2022;656;2022
5949;2022;6390;2022
2810;2022;36548;2022
1612;2022;3208;2022
8773;2022;6776;2022
6841;2022;5220;2022
4913;2022;4141;2022
6769;2022;1887;2022
1240;2022;971;2022
6823;2022;3015;2022
6715;2022;933;2022
5715;2022;1381;2022
5718;2022;584;2022
8737;2022;3064;2022
3969;2022;1108;2022
9596;2022;2496;2022
5054;2022;1241;2022
6833;2022;1314;2022
5285;2022;15920;2022
6282;2022;538;2022
9373;2022;3109;2022
0439;2022;6397;2022
4949;2022;6951;2022
8985;2022;968;2022
6941;2022;1954;2022
8441;2022;491;2022
3442;2022;3373;2022
5465;2022;1889;2022
3426;2022;1131;2022
1160;2022;1125;2022
6248;2022;1689;2022
4117;2022;5008;2022
2170;2022;2172;2022
5644;2022;1723;2022
4163;2022;1988;2022
1544;2022;3396;2022
4966;2022;804;2022
5441;2022;11225;2022
4634;2022;1102;2022
5118;2022;527;2022
2633;2022;6581;2022
2874;2022;4237;2022
2778;2022;1823;2022
4562;2022;4601;2022
1208;2022;579;2022
1941;2022;4364;2022
2055;2022;6011;2022
7681;2022;8641;2022
5337;2022;1000;2022
6418;2022;2640;2022
8819;2022;5463;2022
0838;2022;2634;2022
9546;2022;9523;2022
6165;2022;74300;2022
6366;2022;788;2022
8830;2022;1659;2022
9327;2022;796;2022
8679;2022;636;2022
8789;2022;444;2022
2608;2022;2855;2022
2193;2022;1230;2022
3904;2022;7201;2022
5057;2022;5010;2022
0500;2022;1749;2022
1189;2022;1826;2022
4125;2022;1387;2022
7825;2022;84849;2022
9153;2022;510;2022
9582;2022;358;2022
3687;2022;1086;2022
8314;2022;5107;2022
2845;2022;870;2022
3399;2022;1295;2022
0099;2022;1876;2022
8203;2022;4674;2022
6474;2022;6516;2022
0326;2022;5574;2022
8302;2022;2865;2022
2963;2022;3804;2022
3812;2022;1967;2022
8532;2022;554;2022
0371;2022;439;2022
7817;2022;1897;2022
5464;2022;2993;2022
0790;2022;5480;2022
1457;2022;5090;2022
2518;2022;4145;2022
5032;2022;1447;2022
2035;2022;549;2022
9401;2022;1110;2022
3343;2022;4441;2022
6831;2022;375;2022
9053;2022;2157;2022
8983;2022;842;2022
8431;2022;952;2022
9398;2022;729;2022
7498;2022;1777;2022
8392;2022;5686;2022
2960;2022;798;2022
2253;2022;4723;2022
1687;2022;487;2022
3840;2022;1058;2022
3827;2022;1893;2022
8991;2022;1010;2022
1276;2022;2374;2022
6499;2022;2532;2022
8398;2022;1973;2022
3199;2022;687;2022
8919;2022;1448;2022
4529;2022;3786;2022
7228;2022;1530;2022
4907;2022;1409;2022
6992;2022;1929;2022
4154;2022;1706;2022
1646;2022;1617;2022
1744;2022;3369;2022
8091;2022;477;2022
4483;2022;7625;2022
6487;2022;2925;2022
2972;2022;4255;2022
3494;2022;3271;2022
7354;2022;4727;2022
2790;2022;754;2022
8377;2022;8641;2022
4964;2022;2844;2022
2796;2022;1445;2022
2969;2022;3522;2022
1255;2022;2367;2022
3056;2022;2531;2022
2624;2022;3582;2022
3698;2022;951;2022
8782;2022;1499;2022
3295;2022;1428;2022
3773;2022;67253;2022
8784;2022;2742;2022
4873;2022;467;2022
1676;2022;2041;2022
9064;2022;1179;2022
8306;2022;4839;2022
0186;2022;953;2022
8213;2022;9291;2022
7159;2022;2461;2022
0775;2022;4224;2022
3447;2022;1166;2022
9429;2022;419;2022
0991;2022;8661;2022
4243;2022;4165;2022
0492;2022;3275;2022
7073;2022;1048;2022
9648;2022;761;2022
4288;2022;773;2022
0091;2022;4459;2022
9518;2022;409;2022
2971;2022;700;2022
4622;2022;457;2022
2657;2022;1324;2022
1625;2022;2126;2022
5450;2022;687;2022
7624;2022;6800;2022
2344;2022;524;2022
9508;2022;6248;2022
9828;2022;9762;2022
2846;2022;4608;2022
3736;2022;758;2022
3800;2022;3098;2022
5555;2022;1513;2022
1425;2022;761;2022
5876;2022;848;2022
3402;2022;1449;2022
9871;2022;2358;2022
7187;2022;1615;2022
1055;2022;19238;2022
0707;2022;6907;2022
9745;2022;2856;2022
1905;2022;342;2022
6905;2022;4681;2022
7745;2022;11836;2022
0708;2022;2449;2022
1840;2022;6337;2022
5190;2022;1357;2022
3363;2022;500;2022
4033;2022;841;2022
5330;2022;4856;2022
4037;2022;10474;2022
4469;2022;2230;2022
8039;2022;3312;2022
4504;2022;5725;2022
4121;2022;5584;2022
8739;2022;4801;2022
6406;2022;1936;2022
0527;2022;17950;2022
5690;2022;499;2022
5104;2022;1028;2022
8735;2022;3747;2022
7700;2022;9919;2022
9980;2022;1075;2022
9578;2022;171181;2022
3070;2022;1792;2022
2227;2022;7673;2022
8564;2022;342;2022
9406;2022;6145;2022
9207;2022;940;2022
5573;2022;14439;2022
2183;2022;718;2022
4003;2022;2952;2022
5661;2022;412;2022
5001;2022;2213;2022
3444;2022;3435;2022
0778;2022;1001;2022
3582;2022;482;2022
6366;2022;1528;2022
4089;2022;764;2022
1995;2022;568;2022
9924;2022;308;2022
8794;2022;3725;2022
9978;2022;1335;2022
7967;2022;1050;2022
5296;2022;811;2022
0698;2022;4528;2022
8458;2022;2474;2022
0609;2022;797;2022
8883;2022;17620;2022
2146;2022;1863;2022
3086;2022;185;2022
7785;2022;1178;2022
1080;2022;2352;2022
5446;2022;14870;2022
1204;2022;442;2022
1240;2022;2005;2022
1054;2022;12787;2022
0574;2022;4335;2022
8931;2022;44639;2022
8092;2022;2771;2022
8615;2022;6138;2022
8349;2022;11404;2022
3490;2022;14664;2022
7014;2022;29419;2022
9122;2022;5281;2022
3371;2022;26096;2022
3472;2022;4506;2022
5737;2022;3734;2022
5120;2022;80016;2022
7563;2022;50312;2022
0023;2022;10787;2022
2435;2022;7362;2022
7261;2022;9868;2022
4570;2022;1313;2022
4156;2022;1564;2022
4204;2022;10001;2022
9762;2022;4789;2022
1263;2022;4813;2022
6116;2022;55816;2022
9642;2022;11440;2022
1030;2022;1815;2022
2786;2022;7935;2022
5346;2022;8523;2022
9748;2022;3313;2022
6975;2022;1766;2022
6806;2022;1055;2022
7716;2022;8681;2022
4356;2022;9852;2022
8356;2022;53107;2022
4992;2022;6232;2022
4710;2022;1852;2022
2934;2022;10893;2022
9696;2022;4126;2022
6251;2022;4098;2022
4102;2022;1201;2022
0240;2022;7085;2022
2310;2022;7681;2022
9460;2022;3558;2022
4561;2022;452;2022
5115;2022;7689;2022
6993;2022;1139;2022
7206;2022;2998;2022
1204;2022;11359;2022
5877;2022;39778;2022
7859;2022;8123;2022
9185;2022;11646;2022
1963;2022;3014;2022
0401;2022;2823;2022
0593;2022;980;2022
2827;2022;13898;2022
8343;2022;4932;2022
5502;2022;2534;2022
4206;2022;3433;2022
1606;2022;11948;2022
1648;2022;3656;2022
4759;2022;1499;2022
4546;2022;10382;2022
5295;2022;13011;2022
4635;2022;6107;2022
3464;2022;1707;2022
8842;2022;2259;2022
1411;2022;1687;2022
2019;2022;1038;2022
1661;2022;859;2022
9969;2022;1310;2022
5681;2022;7034;2022
3265;2022;3684;2022
4914;2022;6203;2022
2221;2022;6124;2022
2542;2022;2622;2022
4887;2022;28766;2022
1799;2022;38732;2022
8912;2022;5745;2022
0755;2022;2954;2022
0957;2022;1811;2022
6676;2022;632499;2022
0578;2022;30688;2022
1025;2022;2973;2022
3441;2022;2477;2022
9167;2022;5539;2022
6583;2022;2913;2022
9571;2022;2850;2022
0362;2022;4177;2022
7171;2022;1341;2022
5665;2022;2209;2022
8520;2022;4976;2022
7815;2022;8082;2022
3652;2022;1345;2022
7414;2022;997;2022
5993;2022;11023;2022
1930;2022;2525;2022
9021;2022;374;2022
7619;2022;24961;2022
8453;2022;12862;2022
5422;2022;4300;2022
1261;2022;10574;2022
1958;2022;3062;2022
2123;2022;1314;2022
7793;2022;3183;2022
9003;2022;1821;2022
9479;2022;2438;2022
7976;2022;19675;2022
6441;2022;3107;2022
6956;2022;593;2022
9813;2022;875;2022
9345;2022;1704;2022
9386;2022;656;2022
2744;2022;2319;2022
6345;2022;807;2022
1442;2022;39981;2022
0686;2022;597;2022
6900;2022;5752;2022
1665;2022;2843;2022
6025;2022;13074;2022
7644;2022;4364;2022
2808;2022;3058;2022
6218;2022;726;2022
7780;2022;1231;2022
4281;2022;2832;2022
8280;2022;1070;2022
0695;2022;2253;2022
9304;2022;2161;2022
2787;2022;470;2022
3460;2022;2794;2022
6565;2022;1289;2022
6937;2022;1277;2022
3312;2022;469;2022
2116;2022;1056;2022
1889;2022;835;2022
7263;2022;3551;2022
9981;2022;587;2022
9133;2022;3212;2022
5543;2022;4009;2022
6504;2022;3103;2022
3108;2022;2265;2022
9083;2022;337;2022
3606;2022;9278;2022
4917;2022;6727;2022
0475;2022;1461;2022
3838;2022;1584;2022
9835;2022;1514;2022
7941;2022;683;2022
7241;2022;2847;2022
3863;2022;1582;2022
9925;2022;724;2022
1281;2022;12585;2022
1098;2022;1322;2022
7444;2022;989;2022
7094;2022;628;2022
8536;2022;504;2022
6942;2022;1388;2022
8504;2022;2296;2022
1243;2022;219387;2022
8562;2022;30128;2022
5355;2022;1167;2022
2691;2022;886;2022
4678;2022;4370;2022
5996;2022;677;2022
2609;2022;2503;2022
3624;2022;529;2022
3768;2022;1399;2022
8009;2022;2036;2022
3089;2022;794;2022
5768;2022;657;2022
7385;2022;3467;2022
4154;2022;3523;2022
1782;2022;1174;2022
4349;2022;2081;2022
2454;2022;6004;2022
4793;2022;1120;2022
1180;2022;12709;2022
6165;2022;1240;2022
9823;2022;3792;2022
2017;2022;864;2022
1165;2022;721;2022
1681;2022;173;2022
9059;2022;3949;2022
1324;2022;999;2022
1510;2022;563;2022
5448;2022;1944;2022
1449;2022;6573;2022
8472;2022;6741;2022
6292;2022;3273;2022
1407;2022;1782;2022
6951;2022;2589;2022
8183;2022;2586;2022
9964;2022;1129;2022
1635;2022;851;2022
2327;2022;11883;2022
1691;2022;1552;2022
6739;2022;4382;2022
8018;2022;858;2022
3860;2022;2764;2022
1175;2022;9352;2022
9741;2022;1242;2022
9182;2022;4355;2022
2614;2022;3687;2022
0754;2022;1728;2022
7618;2022;1843;2022
0268;2022;2474;2022
5286;2022;4686;2022
1350;2022;10501;2022
1289;2022;7282;2022
5007;2022;5709;2022
6669;2022;746;2022
0826;2022;2586;2022
2644;2022;911;2022
6032;2022;1265;2022
5170;2022;3952;2022
2642;2022;8058;2022
2666;2022;7215;2022
9641;2022;5486;2022
9916;2022;4489;2022
5678;2022;55636;2022
2427;2022;2459;2022
7673;2022;8774;2022
5723;2022;3214;2022
2308;2022;2505;2022
8900;2022;1158;2022
0869;2022;3199;2022
3153;2022;2007;2022
4520;2022;5919;2022
3275;2022;9103;2022
8597;2022;34491;2022
9810;2022;7295;2022
0751;2022;2632;2022
0507;2022;3302;2022
0817;2022;3107;2022
8896;2022;853;2022
6216;2022;31664;2022
9759;2022;5214;2022
1419;2022;1083;2022
0976;2022;6509;2022
8890;2022;34381;2022
6322;2022;1718;2022
5493;2022;11820;2022
4066;2022;2373;2022
9092;2022;2701;2022
4874;2022;7015;2022
0699;2022;21399;2022
3826;2022;15628;2022
1004;2022;7623;2022
2993;2022;11994;2022
5006;2022;10369;2022
3692;2022;4405;2022
4633;2022;17863;2022
3716;2022;5357;2022
6679;2022;2862;2022
5595;2022;7538;2022
1674;2022;2189;2022
2751;2022;6058;2022
5211;2022;1160;2022
5156;2022;4077;2022
7163;2022;39026;2022
0958;2022;4165;2022
6290;2022;1332;2022
6335;2022;870;2022
9464;2022;490;2022
4693;2022;4177;2022
2466;2022;58861;2022
1130;2022;2669;2022
3987;2022;3883;2022
1337;2022;71377;2022
0703;2022;1600;2022
5891;2022;10979;2022
6267;2022;2705;2022
5332;2022;1399;2022
4248;2022;9915;2022
8172;2022;25022;2022
2733;2022;1745;2022
9951;2022;10494;2022
7745;2022;20952;2022
8140;2022;4668;2022
9381;2022;5516;2022
7566;2022;6404;2022
5836;2022;1187;2022
3739;2022;3103;2022
8179;2022;1415;2022
0806;2022;7669;2022
7760;2022;4229;2022
1497;2022;4835;2022
7119;2022;11817;2022
1181;2022;4072;2022
2249;2022;4461;2022
1942;2022;5044;2022
0460;2022;1851;2022
7427;2022;25533;2022
2368;2022;3271;2022
3928;2022;12310;2022
5060;2022;12688;2022
8245;2022;2842;2022
5375;2022;20702;2022
1098;2022;6326;2022
2926;2022;6702;2022
1390;2022;675;2022
2777;2022;8555;2022
4134;2022;6956;2022
8919;2022;4402;2022
7242;2022;3517;2022
7542;2022;17880;2022
5078;2022;27895;2022
4502;2022;50608;2022
3334;2022;18048;2022
2209;2022;33930;2022
3266;2022;28040;2022
2752;2022;22975;2022
8570;2022;18275;2022
4414;2022;5128;2022
3734;2022;35827;2022
5540;2022;5219;2022
2096;2022;4278;2022
9020;2022;2904;2022
8180;2022;299730;2022
1635;2022;9075;2022
3544;2022;26574;2022
0662;2022;12460;2022
1355;2022;25223;2022
4452;2022;2736;2022
2466;2022;5018;2022
9571;2022;3584;2022
8460;2022;14363;2022
3060;2022;32057;2022
4747;2022;6777;2022
6714;2022;1039;2022
2675;2022;4514;2022
3010;2022;4238;2022
6705;2022;48999;2022
6999;2022;12114;2022
6505;2022;7613;2022
7851;2022;15798;2022
6803;2022;45259;2022
2393;2022;15060;2022
5433;2022;3911;2022
3860;2022;2818;2022
4331;2022;10251;2022
6135;2022;10197;2022
2561;2022;14041;2022
6313;2022;2434;2022
8497;2022;23763;2022
6193;2022;11506;2022
8123;2022;2890;2022
2727;2022;8335;2022
1191;2022;9351;2022
8594;2022;1509;2022
2767;2022;7514;2022
0259;2022;8448;2022
3093;2022;16094;2022
1561;2022;11296;2022
4903;2022;19599;2022
5142;2022;7828;2022
0944;2022;8900;2022
7509;2022;5717;2022
8651;2022;9351;2022
7834;2022;3967;2022
7007;2022;3757;2022
5279;2022;4202;2022
4682;2022;10595;2022
3741;2022;8020;2022
4008;2022;30003;2022
6293;2022;2835;2022
6602;2022;16275;2022
3770;2022;53514;2022
5504;2022;2789;2022
4176;2022;18952;2022
7060;2022;73476;2022
0887;2022;10998;2022
7257;2022;26901;2022
4933;2022;63435;2022
4896;2022;34718;2022
5923;2022;30468;2022
8310;2022;1734;2022
0510;2022;948;2022
0629;2022;6537;2022
9118;2022;17084;2022
6155;2022;727;2022
8976;2022;2309;2022
4775;2022;21294;2022
2007;2022;11801;2022
7790;2022;21706;2022
4816;2022;13226;2022
2175;2022;24308;2022
9825;2022;21779;2022
5340;2022;8102;2022
4685;2022;20602;2022
8378;2022;116635;2022
0203;2022;7574;2022
3296;2022;8249;2022
0988;2022;3789;2022
9533;2022;11276;2022
3045;2022;1411;2022
9891;2022;1765;2022
9134;2022;42420;2022
8902;2022;568;2022
1886;2022;730;2022
9678;2022;13399;2022
2510;2022;515;2022
4461;2022;1683;2022
8770;2022;2605;2022
7940;2022;383;2022
8442;2022;920;2022
4624;2022;3319;2022
7202;2022;3178;2022
8973;2022;714;2022
7583;2022;254;2022
7156;2022;648;2022
8380;2022;3614;2022
8314;2022;829;2022
6697;2022;452;2022
1572;2022;852;2022
8371;2022;3815;2022
0464;2022;585;2022
3433;2022;5674;2022
2462;2022;396;2022
6119;2022;1531;2022
3907;2022;1279;2022
1704;2022;761;2022
4031;2022;375;2022
0607;2022;1446;2022
0662;2022;483;2022
2067;2022;748;2022
6868;2022;470;2022
4580;2022;8043;2022
8494;2022;845;2022
7393;2022;10609;2022
0695;2022;1825;2022
5852;2022;2387;2022
6433;2022;530;2022
9592;2022;467;2022
3859;2022;106;2022
5859;2022;2334;2022
8547;2022;1722;2022
2256;2022;819;2022
8937;2022;748;2022
9465;2022;1285;2022
3751;2022;2638;2022
4091;2022;61172;2022
4653;2022;4187;2022
6110;2022;3016;2022
0310;2022;2800;2022
0898;2022;5474;2022
1278;2022;9853;2022
3942;2022;598;2022
5855;2022;4053;2022
8780;2022;2859;2022
8804;2022;2253;2022
2683;2022;4285;2022
7024;2022;21202;2022
7714;2022;2378;2022
1003;2022;674;2022
5952;2022;480;2022
3216;2022;1168;2022
5900;2022;5036;2022
0768;2022;121409;2022
5059;2022;1247;2022
5827;2022;130;2022
3396;2022;6876;2022
4486;2022;791;2022
0106;2022;14434;2022
8172;2022;13238;2022
2445;2022;2777;2022
2377;2022;2339;2022
5067;2022;888;2022
1298;2022;2239;2022
1853;2022;1439;2022
8063;2022;2826;2022
7366;2022;4219;2022
6814;2022;2098;2022
4479;2022;4301;2022
4298;2022;2231;2022
3308;2022;1822;2022
4089;2022;1596;2022
6439;2022;2376;2022
4386;2022;3689;2022
6931;2022;1432;2022
8772;2022;607;2022
4588;2022;1303;2022
3113;2022;688;2022
0727;2022;1535;2022
9873;2022;2072;2022
3266;2022;5434;2022
1263;2022;5035;2022
5753;2022;1201;2022
8809;2022;2232;2022
9218;2022;1002;2022
8084;2022;744;2022
6535;2022;3837;2022
8975;2022;3437;2022
1021;2022;555;2022
3276;2022;496;2022
2819;2022;2584;2022
4345;2022;2362;2022
6754;2022;1953;2022
3271;2022;1229;2022
4979;2022;2078;2022
5840;2022;8354;2022
4099;2022;571;2022
7345;2022;556;2022
2662;2022;3644;2022
4343;2022;678;2022
5442;2022;1293;2022
5299;2022;2356;2022
0588;2022;2488;2022
1612;2022;1353;2022
9928;2022;1986;2022
2988;2022;2201;2022
3988;2022;3003;2022
2570;2022;5049;2022
1145;2022;465;2022
3857;2022;1287;2022
1496;2022;491;2022
1061;2022;1509;2022
9268;2022;2126;2022
7146;2022;1256;2022
7635;2022;9352;2022
8294;2022;2384;2022
8038;2022;1599;2022
7315;2022;279;2022
0589;2022;33923;2022
7372;2022;6607;2022
2372;2022;1174;2022
8209;2022;766;2022
9997;2022;359;2022
1842;2022;709;2022
6735;2022;859;2022
4318;2022;2702;2022
5958;2022;3948;2022
9767;2022;6799;2022
1765;2022;1892;2022
8335;2022;1029;2022
4462;2022;2141;2022
6759;2022;217;2022
8137;2022;714;2022
0707;2022;2173;2022
8471;2022;1522;2022
7448;2022;1724;2022
0651;2022;3029;2022
7148;2022;1527;2022
9347;2022;1984;2022
5657;2022;1586;2022
6394;2022;11194;2022
0512;2022;1491;2022
6728;2022;955;2022
6756;2022;3867;2022
8005;2022;595;2022
3157;2022;435;2022
0143;2022;1755;2022
2608;2022;2705;2022
3651;2022;10985;2022
9805;2022;1056;2022
4172;2022;1371;2022
6350;2022;1094;2022
3230;2022;448;2022
3508;2022;2947;2022
5612;2022;1943;2022
7001;2022;305;2022
1730;2022;25926;2022
8236;2022;148296;2022
5348;2022;23181;2022
7153;2022;8390;2022
3685;2022;7940;2022
0695;2022;7135;2022
5263;2022;68755;2022
9203;2022;5048;2022
7060;2022;28504;2022
2630;2022;20811;2022
2950;2022;6913;2022
9254;2022;17227;2022
7061;2022;8814;2022
8846;2022;2156;2022
9312;2022;12852;2022
0543;2022;9448;2022
4300;2022;18968;2022
9502;2022;242;2022
3112;2022;1280;2022
2794;2022;8958;2022
3374;2022;15712;2022
4106;2022;220;2022
1198;2022;9239;2022
3583;2022;2475;2022
7936;2022;6264;2022
4657;2022;8208;2022
4811;2022;852;2022
5962;2022;1492;2022
4463;2022;5067;2022
8491;2022;349;2022
9013;2022;887;2022
3079;2022;370;2022
3377;2022;17844;2022
0179;2022;2738;2022
4172;2022;373;2022
2629;2022;1468;2022
7653;2022;11786;2022
4017;2022;12841;2022
9871;2022;574;2022
4596;2022;11526;2022
5906;2022;1502;2022
8804;2022;4228;2022
5330;2022;2674;2022
5945;2022;7847;2022
9508;2022;1521;2022
6883;2022;3121;2022
5339;2022;14994;2022
2130;2022;51842;2022
9612;2022;8325;2022
2091;2022;3444;2022
9257;2022;5826;2022
7407;2022;19904;2022
1525;2022;4554;2022
9790;2022;1457;2022
7577;2022;4247;2022
8716;2022;15210;2022
7045;2022;2170;2022
6726;2022;6333;2022
8756;2022;11838;2022
1432;2022;276;2022
5471;2022;326;2022
3791;2022;1785;2022
7144;2022;720;2022
6768;2022;1318;2022
5352;2022;8308;2022
5858;2022;1635;2022
6750;2022;3963;2022
5139;2022;369;2022
8489;2022;4679;2022
8009;2022;636;2022
3167;2022;638;2022
6380;2022;717;2022
5447;2022;799;2022
5626;2022;1244;2022
4292;2022;1035;2022
8083;2022;308;2022
7064;2022;1548;2022
3894;2022;132;2022
9784;2022;440;2022
1987;2022;98;2022
7896;2022;1152;2022
8538;2022;198;2022
4723;2022;881;2022
2496;2022;1268;2022
4295;2022;178;2022
8761;2022;574;2022
5615;2022;621;2022
1728;2022;1801;2022
8862;2022;2830;2022
1501;2022;20685;2022
3727;2022;633;2022
7115;2022;1014;2022
3511;2022;1648;2022
1461;2022;945;2022
4490;2022;2283;2022
0188;2022;490;2022
2123;2022;2072;2022
9625;2022;1513;2022
7337;2022;787;2022
8320;2022;239;2022
5840;2022;446;2022
4436;2022;606;2022
4825;2022;309;2022
7363;2022;570;2022
6596;2022;2195;2022
2126;2022;977;2022
6624;2022;844;2022
6049;2022;485;2022
3408;2022;1071;2022
9456;2022;418;2022
9289;2022;1377;2022
1965;2022;643;2022
5896;2022;320;2022
0760;2022;293;2022
9353;2022;587;2022
3179;2022;668;2022
3823;2022;2148;2022
7034;2022;627;2022
3861;2022;10873;2022
8467;2022;2585;2022
2049;2022;395;2022
8828;2022;241;2022
4525;2022;1267;2022
3603;2022;357;2022
8353;2022;3746;2022
5296;2022;764;2022
3626;2022;342;2022
3435;2022;303;2022
5741;2022;78;2022
0967;2022;1220;2022
5115;2022;559;2022
2197;2022;632;2022
7239;2022;126;2022
4118;2022;1525;2022
5887;2022;150;2022
0266;2022;1153;2022
4022;2022;8749;2022
6696;2022;2468;2022
4817;2022;831;2022
4598;2022;4181;2022
8205;2022;433;2022
4583;2022;708;2022
6423;2022;808;2022
2348;2022;4611;2022
6805;2022;1006;2022
6689;2022;1396;2022
0637;2022;408;2022
9856;2022;3907;2022
1966;2022;661;2022
5455;2022;1666;2022
0138;2022;608;2022
1808;2022;1125;2022
5716;2022;433;2022
9654;2022;1683;2022
8763;2022;314;2022
4698;2022;1129;2022
7060;2022;30447;2022
3276;2022;1483;2022
8159;2022;274;2022
8471;2022;2116;2022
3156;2022;219;2022
1088;2022;2040;2022
4582;2022;600;2022
2826;2022;2757;2022
3573;2022;2490;2022
2878;2022;4643;2022
0563;2022;330;2022
7954;2022;2217;2022
4951;2022;2423;2022
4943;2022;1404;2022
4525;2022;1955;2022
7978;2022;1643;2022
0629;2022;406;2022
6305;2022;156;2022
1728;2022;870;2022
3564;2022;766;2022
3786;2022;284;2022
8198;2022;2136;2022
7507;2022;441;2022
0046;2022;227;2022
8588;2022;2283;2022
3403;2022;344;2022
0942;2022;138;2022
9697;2022;9734;2022
7998;2022;932;2022
4949;2022;1020;2022
8464;2022;463;2022
2389;2022;2675;2022
0595;2022;710;2022
6096;2022;286;2022
6996;2022;1468;2022
6512;2022;277;2022
8091;2022;1130;2022
5608;2022;1000;2022
9312;2022;347;2022
1806;2022;302;2022
2425;2022;123;2022
5458;2022;7488;2022
8743;2022;412;2022
7511;2022;1674;2022
0740;2022;602;2022
4744;2022;170;2022
1596;2022;438;2022
7227;2022;191;2022
4625;2022;977;2022
8487;2022;246;2022
7830;2022;307;2022
8870;2022;3038;2022
3752;2022;1132;2022
6885;2022;42677;2022
8452;2022;892;2022
3450;2022;860;2022
4543;2022;1958;2022
5574;2022;140;2022
2001;2022;309;2022
8025;2022;1108;2022
1210;2022;7247;2022
5954;2022;192;2022
8609;2022;379;2022
9024;2022;773;2022
6252;2022;3525;2022
9873;2022;2765;2022
7819;2022;1636;2022
7337;2022;13965;2022
6006;2022;1380;2022
6494;2022;474;2022
0686;2022;701;2022
7415;2022;530;2022
5050;2022;3793;2022
2560;2022;101;2022
1389;2022;1464;2022
5558;2022;354;2022
6095;2022;572;2022
0730;2022;1914;2022
3092;2022;474;2022
6678;2022;533;2022
5026;2022;3610;2022
3910;2022;1303;2022
0973;2022;578;2022
5683;2022;933;2022
0645;2022;3767;2022
1504;2022;2597;2022
2973;2022;1463;2022
5912;2022;469;2022
7505;2022;169;2022
2170;2022;2015;2022
0519;2022;3720;2022
3050;2022;1126;2022
2497;2022;2268;2022
1846;2022;2004;2022
8492;2022;1424;2022
6510;2022;837;2022
0230;2022;101;2022
6114;2022;1552;2022
0298;2022;560;2022
5155;2022;1870;2022
2158;2022;2558;2022
7379;2022;1299;2022
0676;2022;731;2022
7187;2022;949;2022
2354;2022;929;2022
9799;2022;256;2022
3144;2022;2344;2022
7708;2022;202;2022
6769;2022;2391;2022
6654;2022;203;2022
2574;2022;856;2022
4058;2022;460;2022
5998;2022;1168;2022
3977;2022;7564;2022
6991;2022;309;2022
8734;2022;177;2022
2602;2022;1359;2022
9495;2022;394;2022
4739;2022;1157;2022
6136;2022;978;2022
7753;2022;2616;2022
2052;2022;512;2022
4159;2022;2037;2022
1378;2022;10098;2022
5965;2022;3206;2022
2860;2022;2856;2022
9795;2022;2284;2022
9990;2022;4159;2022
5630;2022;2369;2022
6195;2022;5003;2022
3496;2022;1258;2022
0271;2022;3426;2022
8240;2022;3289;2022
9537;2022;4412;2022
1213;2022;2918;2022
5889;2022;5410;2022
1002;2022;13554;2022
7853;2022;1382;2022
7127;2022;825;2022
6588;2022;13251;2022
5476;2022;4399;2022
7243;2022;535;2022
5941;2022;2596;2022
7537;2022;3774;2022
6953;2022;2367;2022
2768;2022;3696;2022
0640;2022;8103;2022
3179;2022;1766;2022
7688;2022;1147;2022
5861;2022;4758;2022
8068;2022;267;2022
8932;2022;1689;2022
1833;2022;1684;2022
6954;2022;2606;2022
2583;2022;2551;2022
6556;2022;322;2022
4193;2022;1192;2022
1717;2022;675;2022
0526;2022;761;2022
6478;2022;8418;2022
4701;2022;2533;2022
4578;2022;2651;2022
1445;2022;2494;2022
0331;2022;1920;2022
2832;2022;47008;2022
2384;2022;2153;2022
9135;2022;4975;2022
8564;2022;4241;2022
3310;2022;9929;2022
5859;2022;390;2022
0564;2022;14826;2022
4914;2022;8847;2022
4294;2022;488;2022
1235;2022;3534;2022
0584;2022;1836;2022
7993;2022;2681;2022
6539;2022;4132;2022
6172;2022;32;2022
5035;2022;3579;2022
9487;2022;9097;2022
0908;2022;6294;2022
0003;2022;6911;2022
6963;2022;1199;2022
4888;2022;4735;2022
5631;2022;3863;2022
1968;2022;320;2022
9972;2022;137;2022
7839;2022;1959;2022
6837;2022;850;2022
0927;2022;2151;2022
6354;2022;2172;2022
4254;2022;2263;2022
7004;2022;6266;2022
8920;2022;3016;2022
8344;2022;2123;2022
2060;2022;2319;2022
2846;2022;2799;2022
1084;2022;143;2022
6338;2022;1749;2022
7516;2022;568;2022
2463;2022;3374;2022
4959;2022;11154;2022
5679;2022;691;2022
1064;2022;2732;2022
5971;2022;2084;2022
4652;2022;5505;2022
7847;2022;4650;2022
9218;2022;494;2022
1986;2022;279;2022
8317;2022;1069;2022
1347;2022;1731;2022
6411;2022;4338;2022
5034;2022;2485;2022
0835;2022;2683;2022
7504;2022;2960;2022
7138;2022;3191;2022
6088;2022;15552;2022
0042;2022;1470;2022
6783;2022;3032;2022
3232;2022;1537;2022
9782;2022;4479;2022
0384;2022;3016;2022
0980;2022;2119;2022
0688;2022;2212;2022
8697;2022;15616;2022
8023;2022;2305;2022
7000;2022;2842;2022
9387;2022;1137;2022
5317;2022;193;2022
6788;2022;1525;2022
0319;2022;2179;2022
3971;2022;2256;2022
0109;2022;1330;2022
9211;2022;2581;2022
4374;2022;2604;2022
3712;2022;2471;2022
4211;2022;44843;2022
4167;2022;7578;2022
7451;2022;59;2022
2473;2022;1381;2022
8333;2022;3004;2022
2142;2022;1757;2022
4767;2022;4392;2022
3856;2022;453;2022
7302;2022;1704;2022
6043;2022;2236;2022
5790;2022;5796;2022
7831;2022;2025;2022
4968;2022;1932;2022
5250;2022;1405;2022
2652;2022;1751;2022
3750;2022;2643;2022
9656;2022;1870;2022
1109;2022;3744;2022
5620;2022;3345;2022
0412;2022;13397;2022
5296;2022;1847;2022
7459;2022;1967;2022
0155;2022;1763;2022
8222;2022;3813;2022
8206;2022;3422;2022
0686;2022;5910;2022
2568;2022;935;2022
3773;2022;1519;2022
0146;2022;1755;2022
4986;2022;1844;2022
8825;2022;7407;2022
8696;2022;1447;2022
2355;2022;19468;2022
2313;2022;16552;2022
7666;2022;10446;2022
8499;2022;1135;2022
3449;2022;14005;2022
8402;2022;1318;2022
3217;2022;2305;2022
9373;2022;994;2022
4400;2022;7135;2022
5207;2022;34514;2022
8217;2022;149681;2022
2645;2022;3083;2022
6959;2022;5731;2022
3734;2022;9429;2022
0584;2022;22177;2022
3020;2022;10062;2022
6771;2022;374;2022
2754;2022;802;2022
8382;2022;6949;2022
8034;2022;2628;2022
1360;2022;2825;2022
7409;2022;1953;2022
5887;2022;1068;2022
7351;2022;5144;2022
3481;2022;6774;2022
8116;2022;1030;2022
0784;2022;1352;2022
6225;2022;3109;2022
4289;2022;14623;2022
6959;2022;19177;2022
9936;2022;9929;2022
6019;2022;196317;2022
0367;2022;9932;2022
3767;2022;6157;2022
3108;2022;1947;2022
3762;2022;1538;2022
7253;2022;517;2022
6721;2022;2314;2022
0631;2022;890;2022
9654;2022;1018;2022
0205;2022;2514;2022
7534;2022;14074;2022
2011;2022;5255;2022
8574;2022;58864;2022
3814;2022;2764;2022
6986;2022;9407;2022
6561;2022;17509;2022
6570;2022;3255;2022
7897;2022;5830;2022
4827;2022;981;2022
3482;2022;8640;2022
8878;2022;3147;2022
9244;2022;5330;2022
9108;2022;1921;2022
8518;2022;709;2022
3116;2022;1906;2022
9214;2022;1057;2022
2595;2022;2860;2022
5786;2022;6178;2022
3549;2022;742;2022
6322;2022;1582;2022
2495;2022;1848;2022
3219;2022;1279;2022
9060;2022;3732;2022
6895;2022;655;2022
1225;2022;970;2022
9692;2022;2988;2022
4627;2022;1100;2022
4721;2022;1790;2022
5935;2022;2079;2022
0032;2022;1953;2022
5039;2022;4998;2022
8392;2022;1766;2022
8975;2022;1341;2022
6320;2022;1809;2022
7009;2022;1594;2022
2255;2022;1935;2022
8113;2022;4559;2022
6697;2022;1635;2022
1520;2022;3246;2022
9325;2022;2078;2022
6265;2022;6361;2022
4087;2022;631;2022
3652;2022;1509;2022
3028;2022;1089;2022
1617;2022;5888;2022
9290;2022;1278;2022
7586;2022;8843;2022
7002;2022;979;2022
5057;2022;826;2022
5117;2022;4978;2022
8427;2022;4308;2022
3368;2022;3907;2022
7892;2022;2065;2022
5346;2022;2515;2022
3959;2022;1212;2022
6586;2022;2826;2022
5729;2022;6303;2022
8330;2022;899;2022
5926;2022;1100;2022
4369;2022;2320;2022
6458;2022;793;2022
4238;2022;1356;2022
1799;2022;2334;2022
6323;2022;5853;2022
6403;2022;752;2022
2029;2022;957;2022
5301;2022;31177;2022
3751;2022;665;2022
7157;2022;1783;2022
4549;2022;1847;2022
1815;2022;406;2022
6568;2022;373;2022
5995;2022;1968;2022
6124;2022;239;2022
1563;2022;102;2022
2736;2022;876;2022
4660;2022;454;2022
1004;2022;4679;2022
5046;2022;787;2022
1292;2022;474;2022
5514;2022;1418;2022
9947;2022;177;2022
2235;2022;765;2022
0675;2022;604;2022
9645;2022;1588;2022
4202;2022;911;2022
5341;2022;5038;2022
2566;2022;174;2022
5227;2022;3362;2022
1858;2022;299;2022
6548;2022;572;2022
2572;2022;693;2022
2171;2022;783;2022
7743;2022;4515;2022
6747;2022;1428;2022
8912;2022;17769;2022
6083;2022;1059;2022
6476;2022;447;2022
8972;2022;187;2022
6209;2022;2271;2022
5781;2022;1065;2022
2126;2022;7569;2022
2846;2022;185;2022
9219;2022;98;2022
1532;2022;212;2022
5683;2022;512;2022
4115;2022;362;2022
1763;2022;1359;2022
3539;2022;1484;2022
0549;2022;113;2022
9952;2022;2147;2022
1749;2022;364;2022
1491;2022;1274;2022
1708;2022;377;2022
8004;2022;830;2022
4390;2022;851;2022
3724;2022;14355;2022
9196;2022;3324;2022
3658;2022;1100;2022
5655;2022;1461;2022
6722;2022;2426;2022
9133;2022;768;2022
9026;2022;536;2022
1629;2022;1837;2022
3948;2022;240;2022
3736;2022;380;2022
1530;2022;703;2022
6751;2022;1246;2022
7051;2022;1286;2022
3594;2022;4609;2022
7687;2022;724;2022
9006;2022;392;2022
6010;2022;179;2022
7352;2022;1643;2022
8886;2022;1167;2022
7343;2022;389;2022
7666;2022;1962;2022
4932;2022;30015;2022
3805;2022;1195;2022
7333;2022;6162;2022
3834;2022;274;2022
6245;2022;1692;2022
0832;2022;292;2022
1742;2022;461;2022
2176;2022;15576;2022
4677;2022;2090;2022
8631;2022;6670;2022
2455;2022;17882;2022
7560;2022;6849;2022
5372;2022;7421;2022
9345;2022;11461;2022
7574;2022;15436;2022
8949;2022;12332;2022
9447;2022;16794;2022
6127;2022;6077;2022
4119;2022;35118;2022
4318;2022;4241;2022
6337;2022;2151;2022
9166;2022;17832;2022
4703;2022;7688;2022
3928;2022;7418;2022
0781;2022;6661;2022
4892;2022;39399;2022
9549;2022;8440;2022
5081;2022;15898;2022
5060;2022;3165;2022
7673;2022;41555;2022
2807;2022;26012;2022
3139;2022;7674;2022
1171;2022;8404;2022
2859;2022;34910;2022
2957;2022;46479;2022
1828;2022;7526;2022
3083;2022;23428;2022
3184;2022;4479;2022
1093;2022;5681;2022
0874;2022;122369;2022
4761;2022;23546;2022
8455;2022;23027;2022
8753;2022;5300;2022
8877;2022;3966;2022
9685;2022;3601;2022
0462;2022;45014;2022
4021;2022;23943;2022
2628;2022;8317;2022
2016;2022;4460;2022
3379;2022;8690;2022
7507;2022;10557;2022
8480;2022;13800;2022
9794;2022;7516;2022
5553;2022;4137;2022
5185;2022;9147;2022
8648;2022;14149;2022
7175;2022;25922;2022
8186;2022;6845;2022
0384;2022;5143;2022
8153;2022;10805;2022
9779;2022;15819;2022
1222;2022;4786;2022
0288;2022;3549;2022
4940;2022;3263;2022
5319;2022;573;2022
2310;2022;1899;2022
6124;2022;3131;2022
6982;2022;35913;2022
2041;2022;926;2022
2618;2022;3183;2022
9249;2022;1164;2022
9294;2022;1419;2022
7793;2022;881;2022
7625;2022;608;2022
3534;2022;1544;2022
9920;2022;368;2022
6156;2022;1047;2022
5337;2022;725;2022
4458;2022;6364;2022
4182;2022;12515;2022
2142;2022;347;2022
6262;2022;701;2022
9216;2022;317;2022
2352;2022;1999;2022
4509;2022;2245;2022
7181;2022;7854;2022
1669;2022;392;2022
9490;2022;678;2022
3789;2022;889;2022
3504;2022;515;2022
0749;2022;741;2022
8664;2022;2842;2022
0023;2022;2157;2022
2637;2022;1643;2022
8509;2022;15625;2022
1489;2022;25765;2022
6456;2022;1914;2022
1790;2022;1190;2022
5171;2022;16543;2022
4918;2022;2177;2022
2924;2022;334;2022
9329;2022;1884;2022
8825;2022;97346;2022
4477;2022;92627;2022
2714;2022;53664;2022
9318;2022;27998;2022
8948;2022;11168;2022
4059;2022;8190;2022
2303;2022;13671;2022
0045;2022;5937;2022
5067;2022;55063;2022
7656;2022;13845;2022
4373;2022;5741;2022
7539;2022;418;2022
6243;2022;719;2022
2269;2022;1101;2022
4781;2022;1157;2022
3569;2022;1052;2022
8513;2022;2629;2022
1503;2022;2779;2022
5410;2022;26309;2022
1587;2022;5937;2022
9298;2022;1698;2022
8265;2022;775;2022
7744;2022;4175;2022
3039;2022;9448;2022
2736;2022;1641;2022
5918;2022;5871;2022
3083;2022;1974;2022
0354;2022;2063;2022
7599;2022;544;2022
7430;2022;563;2022
2007;2022;2645;2022
1109;2022;1519;2022
8706;2022;764;2022
5157;2022;306;2022
1776;2022;1125;2022
6224;2022;742;2022
8284;2022;1152;2022
4368;2022;1920;2022
5982;2022;448;2022
0535;2022;4618;2022
1874;2022;6163;2022
8013;2022;904;2022
5101;2022;2484;2022
6685;2022;10996;2022
2296;2022;25135;2022
8364;2022;2452;2022
0430;2022;210;2022
5859;2022;1619;2022
0144;2022;2004;2022
6861;2022;1228;2022
7866;2022;4452;2022
6580;2022;5172;2022
2740;2022;1508;2022
8743;2022;3052;2022
8108;2022;839;2022
7616;2022;1149;2022
1794;2022;2311;2022
6720;2022;2027;2022
5921;2022;1437;2022
5934;2022;1968;2022
6260;2022;873;2022
4253;2022;2481;2022
1390;2022;567;2022
4952;2022;1305;2022
9677;2022;1121;2022
8945;2022;794;2022
6224;2022;4834;2022
6102;2022;843;2022
0391;2022;4803;2022
1592;2022;1534;2022
8218;2022;1124;2022
3963;2022;8072;2022
4258;2022;5644;2022
3169;2022;721;2022
2204;2022;8419;2022
6384;2022;3428;2022
2288;2022;8132;2022
4834;2022;3170;2022
1631;2022;1692;2022
6996;2022;2620;2022
0162;2022;10668;2022
2268;2022;3811;2022
6919;2022;1112;2022
3934;2022;1283;2022
2888;2022;4793;2022
7278;2022;2659;2022
8411;2022;8610;2022
7817;2022;4541;2022
1827;2022;613;2022
8041;2022;131;2022
2050;2022;1153;2022
7880;2022;782;2022
0196;2022;583;2022
8446;2022;3565;2022
3586;2022;1034;2022
3870;2022;1824;2022
7943;2022;1869;2022
1982;2022;1070;2022
6205;2022;3256;2022
0025;2022;1021;2022
5701;2022;930;2022
6021;2022;376;2022
8212;2022;4027;2022
7613;2022;489;2022
7511;2022;1806;2022
4761;2022;13210;2022
5295;2022;2438;2022
3873;2022;3367;2022
4495;2022;1005;2022
9327;2022;583;2022
4872;2022;1190;2022
4281;2022;1007;2022
3947;2022;4435;2022
3596;2022;955;2022
1781;2022;3689;2022
8137;2022;6618;2022
1943;2022;2575;2022
