Codice Ripartizione geografica;Codice Regione;Codice Provincia/Uts;Codice Comune (alfanumerico);Codice Comune (numerico);Comune;Comune (dizione straniera);Sigla automobilistica;Capoluogo di Provincia/Uts;Capoluogo di Regione;Popolazione legale;Anno Censimento;Superficie (Kmq);Anno (Superficie);Popolazione residente;Anno (Popolazione residente)
1462;2011;2657;2011
7393;2011;3858;2011
3315;2011;472;2011
7314;2011;1807;2011
3796;2011;700;2011
8756;2011;6346;2011
6261;2011;278;2011
9193;2011;17067;2011
4860;2011;2003;2011
3085;2011;521;2011
8782;2011;873;2011
1668;2011;1067;2011
2172;2011;12256;2011
9605;2011;1347;2011
0859;2011;822;2011
0063;2011;3178;2011
5064;2011;528;2011
4054;2011;3812;2011
7105;2011;101;2011
0289;2011;3300;2011
8027;2011;1638;2011
2030;2011;3253;2011
9864;2011;599;2011
7343;2011;18143;2011
5979;2011;3422;2011
0819;2011;572;2011
2234;2011;2103;2011
3261;2011;13604;2011
9648;2011;554;2011
4189;2011;3710;2011
3712;2011;840;2011
9617;2011;2327;2011
9190;2011;3060;2011
2914;2011;8448;2011
7585;2011;4543;2011
1350;2011;459;2011
9504;2011;478;2011
5701;2011;8551;2011
3592;2011;1733;2011
5598;2011;1563;2011
6868;2011;1409;2011
4760;2011;1239;2011
0591;2011;1606;2011
0661;2011;6429;2011
0973;2011;6430;2011
2312;2011;3525;2011
4925;2011;7581;2011
1314;2011;6235;2011
0863;2011;1385;2011
1318;2011;1309;2011
8499;2011;5637;2011
9505;2011;296;2011
1953;2011;2534;2011
0319;2011;562;2011
4078;2011;2108;2011
5371;2011;991;2011
2579;2011;779;2011
6790;2011;9203;2011
7148;2011;28745;2011
1250;2011;1847;2011
1726;2011;1494;2011
3136;2011;2952;2011
7115;2011;18607;2011
4732;2011;1803;2011
2796;2011;2219;2011
7063;2011;9974;2011
3756;2011;427;2011
1345;2011;6387;2011
3285;2011;2322;2011
9591;2011;5614;2011
1595;2011;1876;2011
0516;2011;1063;2011
8147;2011;162;2011
7001;2011;1019;2011
4478;2011;368;2011
6134;2011;1692;2011
0221;2011;2110;2011
1975;2011;36176;2011
1189;2011;204;2011
7549;2011;947;2011
9165;2011;1704;2011
2378;2011;26363;2011
1638;2011;375;2011
9345;2011;262;2011
1962;2011;375;2011
7329;2011;18733;2011
6872;2011;208;2011
8788;2011;1557;2011
5727;2011;3199;2011
0993;2011;49560;2011
3321;2011;355;2011
5894;2011;606;2011
1131;2011;4717;2011
4914;2011;3342;2011
2384;2011;524;2011
8709;2011;1001;2011
7335;2011;7876;2011
3134;2011;10197;2011
5395;2011;8509;2011
5474;2011;267;2011
8499;2011;5284;2011
8931;2011;2320;2011
4091;2011;561;2011
0415;2011;2717;2011
3457;2011;844;2011
6427;2011;2375;2011
5003;2011;3653;2011
8185;2011;272;2011
9482;2011;1744;2011
1488;2011;2895;2011
4018;2011;567;2011
5108;2011;9579;2011
4442;2011;1267;2011
3833;2011;657;2011
7376;2011;16537;2011
8199;2011;3696;2011
9870;2011;720;2011
0935;2011;193;2011
3296;2011;1040;2011
1321;2011;37692;2011
7506;2011;48;2011
0292;2011;734;2011
7716;2011;395;2011
5042;2011;441;2011
1075;2011;23929;2011
0353;2011;1801;2011
7929;2011;8669;2011
2876;2011;5232;2011
2900;2011;1525;2011
4355;2011;15773;2011
6753;2011;188;2011
9366;2011;1983;2011
3912;2011;455;2011
5173;2011;1601;2011
7158;2011;1708;2011
2096;2011;1090;2011
1914;2011;1145;2011
8835;2011;384;2011
7414;2011;7615;2011
0398;2011;515;2011
2585;2011;557;2011
1404;2011;1237;2011
3129;2011;474;2011
2593;2011;1389;2011
2587;2011;58;2011
0706;2011;4009;2011
6942;2011;716;2011
3424;2011;4205;2011
5439;2011;889;2011
6383;2011;1279;2011
4420;2011;92;2011
0871;2011;841;2011
0825;2011;414;2011
3332;2011;653;2011
6554;2011;380;2011
5288;2011;57253;2011
5007;2011;42;2011
6567;2011;752;2011
4681;2011;1042;2011
3567;2011;3491;2011
9036;2011;5407;2011
3896;2011;905;2011
4895;2011;829;2011
5627;2011;48418;2011
0481;2011;174;2011
3530;2011;6952;2011
0743;2011;312;2011
6422;2011;8063;2011
5542;2011;555;2011
3030;2011;1426;2011
2078;2011;22710;2011
1541;2011;834;2011
4885;2011;1141;2011
5771;2011;913;2011
7857;2011;3192;2011
4058;2011;1240;2011
0819;2011;843;2011
8878;2011;2001;2011
6886;2011;463;2011
4056;2011;1124;2011
5400;2011;3923;2011
5680;2011;210;2011
1730;2011;3948;2011
0906;2011;3423;2011
7080;2011;566;2011
1830;2011;726;2011
0041;2011;777;2011
3498;2011;619;2011
4634;2011;14280;2011
7183;2011;3059;2011
3376;2011;35582;2011
8196;2011;8555;2011
6488;2011;3729;2011
1459;2011;18296;2011
9034;2011;3491;2011
0343;2011;1392;2011
6186;2011;10301;2011
5611;2011;1077;2011
0609;2011;3685;2011
4476;2011;1127;2011
2017;2011;791;2011
6092;2011;273;2011
8455;2011;1971;2011
4785;2011;242;2011
5052;2011;1278;2011
2419;2011;787;2011
8803;2011;548;2011
0380;2011;334;2011
9559;2011;362;2011
7879;2011;1056;2011
6658;2011;1719;2011
6002;2011;67;2011
8334;2011;1167;2011
1076;2011;19474;2011
8318;2011;4281;2011
5838;2011;2685;2011
2459;2011;12420;2011
8733;2011;1629;2011
4998;2011;48998;2011
5756;2011;2981;2011
1912;2011;1763;2011
7039;2011;2009;2011
2106;2011;2952;2011
2686;2011;323;2011
6877;2011;1851;2011
4075;2011;254;2011
3732;2011;900;2011
0650;2011;4684;2011
9371;2011;2432;2011
1002;2011;773;2011
9519;2011;1797;2011
3198;2011;582;2011
1034;2011;520;2011
8859;2011;78;2011
4330;2011;1618;2011
2318;2011;5687;2011
9068;2011;3887;2011
3809;2011;377;2011
3037;2011;562;2011
9796;2011;4915;2011
6513;2011;3805;2011
8616;2011;1899;2011
8866;2011;3025;2011
4049;2011;2722;2011
7366;2011;1051;2011
6132;2011;3432;2011
7933;2011;855;2011
3442;2011;9730;2011
5517;2011;19094;2011
4446;2011;1465;2011
1243;2011;280;2011
1520;2011;3113;2011
5766;2011;1922;2011
5719;2011;3642;2011
3683;2011;4770;2011
7945;2011;4370;2011
1983;2011;10820;2011
2772;2011;234;2011
3112;2011;1137;2011
6768;2011;3311;2011
0308;2011;825;2011
3557;2011;1517;2011
9158;2011;873;2011
0578;2011;505;2011
3660;2011;47501;2011
2604;2011;1546;2011
6785;2011;1096;2011
2140;2011;267;2011
4686;2011;6402;2011
9879;2011;6655;2011
6751;2011;819;2011
0091;2011;888880;2011
8238;2011;2869;2011
4545;2011;594;2011
0981;2011;4592;2011
4059;2011;3917;2011
2462;2011;133;2011
3597;2011;352;2011
4544;2011;544;2011
3475;2011;10958;2011
9669;2011;185;2011
5375;2011;218;2011
2292;2011;1471;2011
5253;2011;3823;2011
1200;2011;961;2011
0792;2011;780;2011
9094;2011;3190;2011
8527;2011;110;2011
5579;2011;842;2011
0929;2011;1474;2011
1435;2011;963;2011
4424;2011;34423;2011
4882;2011;4973;2011
9431;2011;1474;2011
0691;2011;839;2011
6453;2011;252;2011
9363;2011;868;2011
9677;2011;515;2011
1543;2011;5237;2011
7854;2011;4856;2011
0306;2011;1159;2011
4088;2011;3342;2011
7067;2011;2974;2011
4091;2011;1036;2011
6868;2011;2060;2011
2927;2011;1114;2011
4228;2011;4167;2011
8767;2011;4874;2011
6941;2011;14241;2011
0573;2011;1200;2011
0748;2011;1312;2011
6817;2011;521;2011
1119;2011;1126;2011
4629;2011;15212;2011
9827;2011;8732;2011
0383;2011;420;2011
7804;2011;334;2011
5650;2011;2740;2011
3101;2011;930;2011
3156;2011;1415;2011
7885;2011;102;2011
8079;2011;239;2011
8058;2011;2046;2011
8706;2011;222;2011
5707;2011;2618;2011
0901;2011;13130;2011
2949;2011;2303;2011
2305;2011;175;2011
0776;2011;920;2011
1364;2011;247;2011
8004;2011;74;2011
1087;2011;1044;2011
0218;2011;1140;2011
1062;2011;889;2011
2050;2011;267;2011
6044;2011;330;2011
0488;2011;851;2011
5380;2011;47;2011
3078;2011;4550;2011
3878;2011;269;2011
2234;2011;105;2011
9676;2011;817;2011
8563;2011;279;2011
2233;2011;8026;2011
0162;2011;409;2011
4768;2011;1061;2011
1403;2011;218;2011
2424;2011;1220;2011
7629;2011;562;2011
6659;2011;8275;2011
5030;2011;902;2011
8817;2011;380;2011
0875;2011;335;2011
6440;2011;545;2011
9701;2011;898;2011
5740;2011;580;2011
0280;2011;4501;2011
6672;2011;829;2011
9178;2011;106;2011
1818;2011;1482;2011
7150;2011;803;2011
5035;2011;768;2011
5270;2011;250;2011
9396;2011;1292;2011
2949;2011;323;2011
3517;2011;1343;2011
6903;2011;144;2011
5976;2011;194;2011
1782;2011;598;2011
5388;2011;685;2011
1560;2011;4232;2011
9022;2011;402;2011
2698;2011;67;2011
0226;2011;68;2011
3032;2011;122;2011
2702;2011;136;2011
1321;2011;256;2011
4089;2011;478;2011
9160;2011;2482;2011
4754;2011;589;2011
8379;2011;192;2011
2681;2011;984;2011
8536;2011;57;2011
1875;2011;235;2011
7766;2011;114;2011
5982;2011;4193;2011
6327;2011;1774;2011
1294;2011;8867;2011
5335;2011;387;2011
2544;2011;407;2011
9053;2011;5209;2011
3140;2011;1261;2011
2491;2011;711;2011
6054;2011;7447;2011
7508;2011;3577;2011
4259;2011;2115;2011
1193;2011;7481;2011
7743;2011;46645;2011
5109;2011;463;2011
5822;2011;1611;2011
2573;2011;166;2011
5364;2011;1571;2011
9965;2011;869;2011
5154;2011;2201;2011
1698;2011;14206;2011
4928;2011;845;2011
1786;2011;9450;2011
4536;2011;1228;2011
6080;2011;1229;2011
5097;2011;1340;2011
3043;2011;1179;2011
0913;2011;2093;2011
2699;2011;21349;2011
3738;2011;4994;2011
7479;2011;3053;2011
7562;2011;1243;2011
3213;2011;2612;2011
9850;2011;10885;2011
6557;2011;2573;2011
0407;2011;1079;2011
5310;2011;943;2011
4901;2011;1583;2011
4849;2011;882;2011
7918;2011;334;2011
6411;2011;10102;2011
4855;2011;404;2011
8335;2011;1290;2011
3261;2011;1264;2011
6332;2011;6855;2011
1618;2011;475;2011
4493;2011;1215;2011
1035;2011;1597;2011
5068;2011;2620;2011
0977;2011;1463;2011
2522;2011;2692;2011
2147;2011;2109;2011
1702;2011;2743;2011
3662;2011;15203;2011
0494;2011;1379;2011
7542;2011;1883;2011
2884;2011;3378;2011
6442;2011;3663;2011
5821;2011;5582;2011
5208;2011;1436;2011
3337;2011;4684;2011
3717;2011;4492;2011
2834;2011;588;2011
5806;2011;2272;2011
6587;2011;1748;2011
8541;2011;246;2011
7879;2011;1564;2011
8639;2011;1117;2011
5349;2011;2571;2011
7187;2011;1189;2011
5210;2011;885;2011
5907;2011;2696;2011
2651;2011;1879;2011
3421;2011;785;2011
0492;2011;103448;2011
7943;2011;13706;2011
9351;2011;1967;2011
6500;2011;1172;2011
2272;2011;2086;2011
1345;2011;1041;2011
0713;2011;1374;2011
7659;2011;778;2011
8653;2011;1548;2011
2966;2011;2199;2011
1260;2011;2001;2011
8526;2011;928;2011
9764;2011;4082;2011
6906;2011;5420;2011
5099;2011;3126;2011
4512;2011;699;2011
8992;2011;2001;2011
5352;2011;598;2011
7543;2011;1451;2011
3719;2011;778;2011
9144;2011;1058;2011
3271;2011;2806;2011
4632;2011;507;2011
2408;2011;880;2011
2224;2011;20234;2011
0123;2011;1028;2011
6120;2011;5019;2011
8717;2011;1855;2011
7798;2011;2079;2011
2939;2011;896;2011
4636;2011;592;2011
5276;2011;174;2011
9173;2011;253;2011
5853;2011;31186;2011
5899;2011;262;2011
4616;2011;123;2011
2591;2011;81;2011
9174;2011;203;2011
9490;2011;1044;2011
2505;2011;6056;2011
3257;2011;1106;2011
7637;2011;681;2011
9923;2011;7927;2011
6892;2011;714;2011
0006;2011;651;2011
1195;2011;240;2011
6865;2011;3245;2011
0700;2011;136;2011
0030;2011;365;2011
9673;2011;3700;2011
4389;2011;465;2011
1118;2011;65;2011
8445;2011;3813;2011
2409;2011;108;2011
4778;2011;389;2011
3397;2011;12456;2011
5405;2011;183;2011
5453;2011;707;2011
9483;2011;9756;2011
5298;2011;29613;2011
2376;2011;333;2011
1796;2011;47;2011
1240;2011;294;2011
0639;2011;1121;2011
8443;2011;10112;2011
6378;2011;654;2011
6114;2011;202;2011
8655;2011;5727;2011
4476;2011;82;2011
5018;2011;117;2011
6759;2011;6784;2011
3287;2011;3038;2011
3047;2011;1138;2011
8380;2011;4482;2011
4192;2011;179;2011
8066;2011;1457;2011
1148;2011;2163;2011
9513;2011;179;2011
3404;2011;283;2011
1301;2011;1360;2011
8584;2011;370;2011
8028;2011;900;2011
5178;2011;338;2011
3070;2011;81;2011
2621;2011;139;2011
7202;2011;715;2011
6345;2011;879;2011
5227;2011;498;2011
4378;2011;652;2011
5946;2011;5475;2011
1052;2011;94;2011
4848;2011;6842;2011
0496;2011;2106;2011
1423;2011;455;2011
2419;2011;4837;2011
5961;2011;2146;2011
1656;2011;5825;2011
5351;2011;8718;2011
0188;2011;3723;2011
1219;2011;196;2011
9034;2011;87;2011
1508;2011;908;2011
0878;2011;2048;2011
9874;2011;2399;2011
5398;2011;1027;2011
3423;2011;3369;2011
1183;2011;423;2011
0529;2011;170;2011
6691;2011;55574;2011
3063;2011;2073;2011
5432;2011;3501;2011
6829;2011;4827;2011
9574;2011;7264;2011
2196;2011;99;2011
7314;2011;818;2011
9305;2011;2054;2011
4418;2011;1785;2011
0300;2011;494;2011
6666;2011;345;2011
1434;2011;24797;2011
1437;2011;823;2011
6433;2011;1552;2011
0106;2011;293;2011
9691;2011;603;2011
7412;2011;406;2011
2810;2011;3384;2011
7224;2011;2604;2011
9699;2011;321;2011
6769;2011;171;2011
9108;2011;2154;2011
8082;2011;1976;2011
4459;2011;3487;2011
4042;2011;84;2011
0784;2011;78;2011
7124;2011;1422;2011
1658;2011;2725;2011
8291;2011;498;2011
2004;2011;815;2011
2414;2011;857;2011
7390;2011;244;2011
8104;2011;1492;2011
2287;2011;214;2011
6562;2011;52;2011
5000;2011;2040;2011
2204;2011;2230;2011
0310;2011;1365;2011
7345;2011;3763;2011
9869;2011;3090;2011
3762;2011;1448;2011
1258;2011;74;2011
0258;2011;268;2011
2806;2011;786;2011
9056;2011;329;2011
0682;2011;255;2011
5111;2011;276;2011
3498;2011;616;2011
4382;2011;1324;2011
6796;2011;102;2011
9114;2011;1366;2011
9903;2011;562;2011
0516;2011;22453;2011
9330;2011;718;2011
2745;2011;2050;2011
8203;2011;4728;2011
5797;2011;588;2011
8403;2011;881;2011
6271;2011;731;2011
4303;2011;536;2011
1041;2011;217;2011
2211;2011;542;2011
6999;2011;1665;2011
9363;2011;285;2011
2358;2011;2232;2011
9934;2011;4249;2011
1919;2011;2120;2011
6758;2011;851;2011
3282;2011;971;2011
1826;2011;3587;2011
3028;2011;3382;2011
9261;2011;428;2011
5183;2011;398;2011
7070;2011;1047;2011
7055;2011;1028;2011
8083;2011;434;2011
3592;2011;83;2011
4931;2011;1730;2011
0873;2011;84;2011
2693;2011;2886;2011
6797;2011;570;2011
5115;2011;330;2011
4249;2011;227;2011
8932;2011;306;2011
2155;2011;126;2011
9186;2011;5493;2011
5691;2011;356;2011
3103;2011;2246;2011
6214;2011;2828;2011
1856;2011;91;2011
0347;2011;1294;2011
3043;2011;1012;2011
4774;2011;3333;2011
3146;2011;1203;2011
9229;2011;182;2011
2934;2011;270;2011
3851;2011;179;2011
0092;2011;505;2011
0306;2011;2015;2011
3754;2011;718;2011
3615;2011;472;2011
0562;2011;10083;2011
4700;2011;4206;2011
8436;2011;1079;2011
3520;2011;136;2011
8368;2011;134;2011
4212;2011;81;2011
0038;2011;2424;2011
8104;2011;525;2011
2989;2011;1581;2011
0152;2011;155;2011
4023;2011;1710;2011
6105;2011;2163;2011
2407;2011;752;2011
1492;2011;2889;2011
5076;2011;182;2011
3530;2011;1544;2011
5849;2011;382;2011
9004;2011;1022;2011
9166;2011;906;2011
5091;2011;354;2011
5052;2011;528;2011
0742;2011;177;2011
3254;2011;1376;2011
6960;2011;724;2011
5902;2011;17109;2011
1392;2011;102;2011
9069;2011;1067;2011
8454;2011;197;2011
2618;2011;452;2011
5040;2011;2906;2011
7088;2011;2540;2011
1119;2011;2036;2011
4544;2011;2398;2011
0758;2011;2766;2011
5722;2011;4072;2011
1142;2011;1416;2011
7876;2011;21080;2011
3878;2011;210;2011
4979;2011;2104;2011
3908;2011;531;2011
8995;2011;327;2011
6012;2011;522;2011
6848;2011;358;2011
4155;2011;6441;2011
0935;2011;2828;2011
0956;2011;107;2011
2016;2011;2010;2011
1829;2011;211;2011
5376;2011;485;2011
3901;2011;709;2011
8226;2011;69;2011
5956;2011;825;2011
5253;2011;345;2011
3367;2011;2207;2011
3126;2011;927;2011
1017;2011;806;2011
9559;2011;119;2011
9200;2011;64;2011
3938;2011;1471;2011
1571;2011;575;2011
0563;2011;1227;2011
1320;2011;6439;2011
0688;2011;2252;2011
7363;2011;3195;2011
9417;2011;2526;2011
7324;2011;2910;2011
2878;2011;5792;2011
7884;2011;773;2011
4958;2011;1509;2011
1692;2011;684;2011
0672;2011;427;2011
0900;2011;548;2011
4485;2011;1688;2011
5399;2011;543;2011
8608;2011;1028;2011
4124;2011;631;2011
3113;2011;75416;2011
4341;2011;430;2011
0660;2011;1116;2011
2796;2011;331;2011
3430;2011;436;2011
9008;2011;354;2011
7621;2011;917;2011
1608;2011;2571;2011
7884;2011;1801;2011
2931;2011;1401;2011
7149;2011;1329;2011
8923;2011;485;2011
4326;2011;10674;2011
7214;2011;1024;2011
0565;2011;302;2011
6480;2011;658;2011
8391;2011;604;2011
5648;2011;3829;2011
3374;2011;1280;2011
8622;2011;626;2011
0881;2011;2761;2011
2882;2011;305;2011
0662;2011;186;2011
1785;2011;1960;2011
5499;2011;909;2011
2039;2011;759;2011
6068;2011;3287;2011
6273;2011;405;2011
8477;2011;718;2011
5928;2011;481;2011
9384;2011;229;2011
6529;2011;681;2011
7779;2011;425;2011
4170;2011;231;2011
5045;2011;456;2011
7326;2011;1309;2011
0489;2011;321;2011
5226;2011;1592;2011
0824;2011;215;2011
0231;2011;329;2011
4766;2011;286;2011
3333;2011;663;2011
4254;2011;580;2011
3987;2011;533;2011
9432;2011;6016;2011
7531;2011;535;2011
9251;2011;1050;2011
9270;2011;1605;2011
1300;2011;573;2011
2168;2011;725;2011
8883;2011;632;2011
4721;2011;623;2011
7037;2011;2300;2011
5026;2011;2129;2011
8219;2011;338;2011
3739;2011;311;2011
9251;2011;411;2011
1551;2011;481;2011
9588;2011;227;2011
3971;2011;1159;2011
2321;2011;2349;2011
1104;2011;1016;2011
2057;2011;1010;2011
4210;2011;3202;2011
3291;2011;879;2011
8550;2011;957;2011
5373;2011;356;2011
4970;2011;913;2011
6348;2011;788;2011
1408;2011;1403;2011
4192;2011;2292;2011
0976;2011;1167;2011
4053;2011;212;2011
3632;2011;10428;2011
6170;2011;90;2011
0260;2011;448;2011
5630;2011;509;2011
0013;2011;625;2011
0820;2011;220;2011
0244;2011;686;2011
0036;2011;1983;2011
8582;2011;196;2011
2049;2011;1673;2011
8350;2011;832;2011
4171;2011;383;2011
1805;2011;510;2011
5631;2011;951;2011
9827;2011;446;2011
8377;2011;353;2011
9109;2011;1438;2011
8656;2011;8407;2011
1477;2011;129;2011
2094;2011;715;2011
6838;2011;1078;2011
8691;2011;1200;2011
3426;2011;594;2011
3285;2011;142;2011
4471;2011;286;2011
6804;2011;586;2011
2800;2011;163;2011
1173;2011;1754;2011
7833;2011;911;2011
5952;2011;197;2011
7599;2011;282;2011
0383;2011;2552;2011
1655;2011;667;2011
9754;2011;269;2011
6219;2011;961;2011
6530;2011;893;2011
8798;2011;3269;2011
9480;2011;5802;2011
1268;2011;419;2011
2863;2011;661;2011
8624;2011;1697;2011
2967;2011;20349;2011
2298;2011;333;2011
5657;2011;92389;2011
1588;2011;747;2011
2135;2011;777;2011
1382;2011;962;2011
3280;2011;495;2011
1269;2011;394;2011
2434;2011;6221;2011
2375;2011;309;2011
6197;2011;1434;2011
0526;2011;2089;2011
7122;2011;1738;2011
3258;2011;515;2011
4397;2011;768;2011
8874;2011;172;2011
5936;2011;1956;2011
3977;2011;1995;2011
6034;2011;617;2011
7230;2011;1478;2011
5297;2011;2549;2011
6133;2011;1256;2011
0235;2011;328;2011
5285;2011;448;2011
6332;2011;557;2011
2493;2011;516;2011
4376;2011;802;2011
0619;2011;550;2011
4663;2011;1925;2011
0526;2011;1078;2011
7892;2011;319;2011
4833;2011;457;2011
3394;2011;1012;2011
2555;2011;86;2011
9232;2011;485;2011
3412;2011;819;2011
1635;2011;1261;2011
0104;2011;398;2011
2097;2011;35286;2011
9866;2011;1025;2011
0373;2011;127;2011
8466;2011;1838;2011
0925;2011;3050;2011
7721;2011;951;2011
2089;2011;91;2011
4828;2011;430;2011
1283;2011;4631;2011
6600;2011;154;2011
9770;2011;2110;2011
5908;2011;484;2011
5776;2011;1573;2011
1107;2011;700;2011
4213;2011;5445;2011
4872;2011;421;2011
4466;2011;302;2011
5524;2011;525;2011
4427;2011;455;2011
7470;2011;326;2011
3008;2011;1535;2011
3002;2011;456;2011
6117;2011;1023;2011
8996;2011;362;2011
3874;2011;1098;2011
2191;2011;342;2011
4621;2011;199;2011
2763;2011;211;2011
8484;2011;702;2011
0138;2011;2412;2011
6161;2011;353;2011
7515;2011;518;2011
2861;2011;453;2011
4310;2011;539;2011
5609;2011;1473;2011
9336;2011;741;2011
0575;2011;2027;2011
5333;2011;1658;2011
7684;2011;1212;2011
1543;2011;860;2011
7165;2011;716;2011
2797;2011;172;2011
0432;2011;4738;2011
4494;2011;724;2011
3842;2011;348;2011
0802;2011;298;2011
9429;2011;547;2011
8021;2011;316;2011
5483;2011;734;2011
5358;2011;878;2011
8759;2011;1182;2011
0350;2011;81;2011
2319;2011;1463;2011
7375;2011;1328;2011
1998;2011;184;2011
2357;2011;1409;2011
5040;2011;2281;2011
7527;2011;661;2011
6941;2011;1099;2011
5400;2011;217;2011
5185;2011;232;2011
0329;2011;172;2011
6176;2011;598;2011
7473;2011;307;2011
3756;2011;293;2011
7241;2011;707;2011
4867;2011;322;2011
5982;2011;559;2011
4513;2011;335;2011
8515;2011;351;2011
7049;2011;1516;2011
9524;2011;422;2011
2197;2011;736;2011
2943;2011;722;2011
3104;2011;1463;2011
1948;2011;28201;2011
4629;2011;1371;2011
4279;2011;489;2011
5707;2011;276;2011
6908;2011;124;2011
0996;2011;405;2011
5434;2011;676;2011
3724;2011;11791;2011
3665;2011;1321;2011
1834;2011;1492;2011
4198;2011;234;2011
7376;2011;603;2011
5365;2011;725;2011
2811;2011;1264;2011
3546;2011;1248;2011
9973;2011;910;2011
6455;2011;832;2011
4427;2011;394;2011
7041;2011;3884;2011
9177;2011;1503;2011
9679;2011;633;2011
6495;2011;385;2011
0281;2011;1095;2011
0866;2011;371;2011
1765;2011;4926;2011
9724;2011;560;2011
0071;2011;2098;2011
1651;2011;1385;2011
7338;2011;1678;2011
5153;2011;696;2011
0516;2011;1438;2011
0734;2011;363;2011
5892;2011;155;2011
4612;2011;1531;2011
1543;2011;217;2011
2799;2011;1646;2011
5754;2011;380;2011
9156;2011;4253;2011
5706;2011;611;2011
1156;2011;1291;2011
6916;2011;4455;2011
8925;2011;602;2011
7065;2011;446;2011
7430;2011;449;2011
8532;2011;1208;2011
8425;2011;587;2011
9488;2011;6400;2011
3195;2011;1303;2011
1681;2011;2074;2011
5538;2011;1685;2011
9533;2011;225;2011
8544;2011;1129;2011
9542;2011;352;2011
9132;2011;2460;2011
2889;2011;2042;2011
2111;2011;1621;2011
0350;2011;650;2011
2664;2011;908;2011
7960;2011;908;2011
0894;2011;1441;2011
8666;2011;26898;2011
6032;2011;283;2011
2191;2011;673;2011
4945;2011;19836;2011
2936;2011;1066;2011
7258;2011;1076;2011
6455;2011;2242;2011
3072;2011;3248;2011
6091;2011;517;2011
4744;2011;961;2011
8688;2011;341;2011
5563;2011;1861;2011
0672;2011;710;2011
5617;2011;1275;2011
4833;2011;1257;2011
2458;2011;162;2011
1828;2011;778;2011
9640;2011;250;2011
8080;2011;630;2011
3923;2011;34189;2011
8405;2011;1305;2011
3596;2011;894;2011
6166;2011;351;2011
4208;2011;1363;2011
2436;2011;2073;2011
0315;2011;124;2011
0905;2011;235;2011
5133;2011;1002;2011
2621;2011;862;2011
9864;2011;764;2011
1589;2011;618;2011
5416;2011;942;2011
5283;2011;94;2011
7924;2011;704;2011
4352;2011;395;2011
8619;2011;2528;2011
6811;2011;4947;2011
0372;2011;1448;2011
6059;2011;2855;2011
9770;2011;2642;2011
2542;2011;480;2011
2330;2011;230;2011
5692;2011;500;2011
1198;2011;1787;2011
7089;2011;447;2011
1712;2011;486;2011
9833;2011;1703;2011
3034;2011;3325;2011
5161;2011;315;2011
6471;2011;816;2011
6384;2011;1184;2011
0381;2011;632;2011
3779;2011;422;2011
6103;2011;1388;2011
0120;2011;756;2011
9365;2011;111;2011
9427;2011;2064;2011
6666;2011;779;2011
5463;2011;465;2011
7597;2011;1848;2011
6277;2011;2058;2011
3544;2011;2976;2011
4825;2011;159;2011
5598;2011;223;2011
2665;2011;451;2011
3295;2011;1546;2011
5599;2011;196;2011
7533;2011;811;2011
9224;2011;3998;2011
4018;2011;1019;2011
0520;2011;3886;2011
8333;2011;114;2011
3385;2011;192;2011
6410;2011;1042;2011
7364;2011;3397;2011
3872;2011;398;2011
3820;2011;1293;2011
4576;2011;316;2011
4206;2011;218;2011
1772;2011;3130;2011
8770;2011;372;2011
5721;2011;4672;2011
2810;2011;4856;2011
4629;2011;527;2011
4757;2011;198;2011
4468;2011;652;2011
2088;2011;186;2011
1501;2011;2150;2011
3546;2011;1350;2011
3607;2011;2713;2011
7979;2011;1253;2011
6268;2011;471;2011
9364;2011;633;2011
0601;2011;173;2011
0925;2011;123;2011
1429;2011;345;2011
0999;2011;1189;2011
3196;2011;314;2011
6456;2011;10536;2011
9387;2011;464;2011
4357;2011;877;2011
9447;2011;5570;2011
4708;2011;301;2011
2910;2011;154;2011
8606;2011;1249;2011
9282;2011;344;2011
7924;2011;1278;2011
5850;2011;1135;2011
8570;2011;288;2011
5068;2011;603;2011
0918;2011;571;2011
3930;2011;1308;2011
8809;2011;647;2011
5548;2011;247;2011
5190;2011;825;2011
3343;2011;707;2011
1136;2011;2317;2011
6729;2011;6043;2011
9117;2011;1127;2011
2846;2011;2028;2011
7953;2011;1471;2011
3823;2011;42520;2011
3465;2011;693;2011
8969;2011;282;2011
6912;2011;206;2011
0472;2011;648;2011
7127;2011;370;2011
0261;2011;121;2011
8375;2011;230;2011
4462;2011;3516;2011
2994;2011;922;2011
2246;2011;544;2011
5045;2011;1415;2011
2305;2011;903;2011
3802;2011;835;2011
3128;2011;2354;2011
2114;2011;598;2011
8026;2011;507;2011
8563;2011;555;2011
3683;2011;375;2011
0712;2011;2886;2011
2848;2011;280;2011
8533;2011;3172;2011
3070;2011;1306;2011
2886;2011;1389;2011
9577;2011;55373;2011
6886;2011;2257;2011
8705;2011;320;2011
4660;2011;1000;2011
3583;2011;14293;2011
9254;2011;234;2011
6060;2011;385;2011
8808;2011;1332;2011
6815;2011;7121;2011
1513;2011;433;2011
7257;2011;24605;2011
4645;2011;292;2011
5157;2011;473;2011
2476;2011;11092;2011
5751;2011;23992;2011
2457;2011;5603;2011
6771;2011;10424;2011
2964;2011;2154;2011
7987;2011;7558;2011
0930;2011;656;2011
2733;2011;608;2011
7933;2011;702;2011
6899;2011;1146;2011
3522;2011;2441;2011
3910;2011;5193;2011
7326;2011;2340;2011
4709;2011;398;2011
4026;2011;13361;2011
6034;2011;1692;2011
7437;2011;1562;2011
4005;2011;5634;2011
2297;2011;746;2011
7042;2011;327;2011
1434;2011;175;2011
5606;2011;5384;2011
9617;2011;3724;2011
1527;2011;5839;2011
2727;2011;1998;2011
4065;2011;1084;2011
8145;2011;2007;2011
7298;2011;269;2011
5254;2011;11735;2011
0315;2011;1243;2011
2237;2011;948;2011
7021;2011;464;2011
7242;2011;1806;2011
4774;2011;11790;2011
5718;2011;942;2011
7301;2011;1213;2011
8507;2011;119;2011
9575;2011;3456;2011
2980;2011;537;2011
2213;2011;855;2011
1769;2011;218;2011
6682;2011;2823;2011
2263;2011;239;2011
3130;2011;888;2011
6586;2011;1604;2011
1736;2011;471;2011
3321;2011;957;2011
4451;2011;879;2011
8781;2011;9172;2011
6454;2011;646;2011
9456;2011;858;2011
9186;2011;7375;2011
5971;2011;565;2011
7066;2011;750;2011
6560;2011;1887;2011
3174;2011;61177;2011
0198;2011;3946;2011
6807;2011;3063;2011
8062;2011;865;2011
2868;2011;217;2011
9652;2011;2673;2011
4467;2011;2491;2011
1689;2011;768;2011
7846;2011;8293;2011
9963;2011;13525;2011
9150;2011;397;2011
7616;2011;812;2011
8914;2011;2557;2011
8070;2011;327;2011
2972;2011;11610;2011
9322;2011;2531;2011
2765;2011;2812;2011
4242;2011;4513;2011
5133;2011;2151;2011
0618;2011;5791;2011
0652;2011;5506;2011
7401;2011;3046;2011
9059;2011;7320;2011
4579;2011;3667;2011
8222;2011;6759;2011
0656;2011;3236;2011
7498;2011;1671;2011
6952;2011;4031;2011
2310;2011;27560;2011
2837;2011;2585;2011
7228;2011;9197;2011
0821;2011;5651;2011
0024;2011;280;2011
7248;2011;566;2011
5252;2011;1936;2011
2540;2011;102;2011
6164;2011;505;2011
1628;2011;275;2011
2876;2011;595212;2011
8760;2011;109;2011
9672;2011;1555;2011
8763;2011;12727;2011
7099;2011;2373;2011
7184;2011;514;2011
5078;2011;1613;2011
4412;2011;3766;2011
9335;2011;2684;2011
6498;2011;1668;2011
2743;2011;3759;2011
2718;2011;2687;2011
6107;2011;2896;2011
6787;2011;218;2011
7246;2011;2059;2011
5214;2011;2375;2011
2369;2011;981;2011
9884;2011;609;2011
5565;2011;2590;2011
5311;2011;448;2011
9310;2011;175;2011
6210;2011;29936;2011
7716;2011;10144;2011
7190;2011;1081;2011
1115;2011;4570;2011
8079;2011;71;2011
5932;2011;2941;2011
0858;2011;581;2011
5747;2011;2725;2011
0436;2011;9772;2011
9016;2011;5932;2011
7734;2011;1207;2011
7440;2011;3253;2011
2045;2011;7974;2011
6163;2011;18419;2011
0661;2011;4391;2011
5372;2011;583;2011
0146;2011;2428;2011
1383;2011;628;2011
6332;2011;2322;2011
6707;2011;818;2011
4257;2011;464;2011
7878;2011;2523;2011
1732;2011;4508;2011
5379;2011;10386;2011
9450;2011;2410;2011
5663;2011;7793;2011
1896;2011;1027;2011
3369;2011;1001;2011
9013;2011;1265;2011
7544;2011;1165;2011
7917;2011;582;2011
8632;2011;524;2011
0170;2011;8303;2011
0856;2011;1452;2011
2703;2011;6430;2011
2599;2011;679;2011
3951;2011;93895;2011
0078;2011;10125;2011
8140;2011;5536;2011
4274;2011;667;2011
9431;2011;1490;2011
8558;2011;8419;2011
7462;2011;598;2011
6646;2011;3791;2011
7634;2011;3549;2011
2663;2011;1681;2011
6636;2011;800;2011
8524;2011;8802;2011
5374;2011;21978;2011
7758;2011;1444;2011
5884;2011;2101;2011
2984;2011;929;2011
3684;2011;7406;2011
7008;2011;535;2011
7953;2011;391;2011
8821;2011;5300;2011
7261;2011;5621;2011
1264;2011;9901;2011
5059;2011;4863;2011
5062;2011;4607;2011
1722;2011;811;2011
9232;2011;1714;2011
5157;2011;1556;2011
5636;2011;676;2011
4320;2011;2627;2011
4769;2011;5491;2011
9454;2011;9074;2011
5209;2011;3298;2011
0300;2011;4277;2011
0386;2011;2107;2011
8686;2011;3360;2011
2924;2011;840;2011
1820;2011;1819;2011
9542;2011;1195;2011
3963;2011;873;2011
1189;2011;1257;2011
6200;2011;1033;2011
9058;2011;1204;2011
5045;2011;3112;2011
6597;2011;80474;2011
2718;2011;1879;2011
7280;2011;1822;2011
2635;2011;7885;2011
1334;2011;4654;2011
1270;2011;2615;2011
4198;2011;14318;2011
2131;2011;6577;2011
5453;2011;16570;2011
7494;2011;4946;2011
5879;2011;2673;2011
3228;2011;1297;2011
0454;2011;3894;2011
9092;2011;5731;2011
3442;2011;21495;2011
9547;2011;675;2011
9206;2011;14266;2011
9824;2011;538;2011
7509;2011;1276;2011
7887;2011;2015;2011
9003;2011;7881;2011
7590;2011;5284;2011
3176;2011;5756;2011
0039;2011;825;2011
1336;2011;10057;2011
1074;2011;3988;2011
9838;2011;1938;2011
8056;2011;4773;2011
6874;2011;1194;2011
5493;2011;2648;2011
5510;2011;773;2011
4407;2011;611;2011
1837;2011;3641;2011
5438;2011;3099;2011
0591;2011;2917;2011
8543;2011;195;2011
5272;2011;3445;2011
9590;2011;1686;2011
0249;2011;3102;2011
3987;2011;1444;2011
4905;2011;159;2011
6809;2011;12225;2011
6579;2011;6872;2011
5265;2011;695;2011
9823;2011;51020;2011
2748;2011;983;2011
0086;2011;9263;2011
8411;2011;4677;2011
6747;2011;2892;2011
7868;2011;10505;2011
6598;2011;3773;2011
4364;2011;2683;2011
1580;2011;5095;2011
4805;2011;8417;2011
6957;2011;2213;2011
0456;2011;1285;2011
4338;2011;1088;2011
3655;2011;10370;2011
9092;2011;5223;2011
8742;2011;5094;2011
4421;2011;5518;2011
5301;2011;8968;2011
1894;2011;3571;2011
8367;2011;4883;2011
2406;2011;11818;2011
7099;2011;1240;2011
0057;2011;14470;2011
0713;2011;1303;2011
2782;2011;2019;2011
7726;2011;1320;2011
0012;2011;16664;2011
4904;2011;3419;2011
8464;2011;7348;2011
8580;2011;310;2011
8082;2011;286;2011
4816;2011;1847;2011
8831;2011;1488;2011
1012;2011;1443;2011
5406;2011;1942;2011
6025;2011;4316;2011
2356;2011;4837;2011
7451;2011;4292;2011
2066;2011;12303;2011
9149;2011;7428;2011
7246;2011;843;2011
5175;2011;803;2011
4711;2011;206;2011
3374;2011;3030;2011
3739;2011;2340;2011
4481;2011;932;2011
7632;2011;1334;2011
4390;2011;3038;2011
0140;2011;16264;2011
0575;2011;38842;2011
0379;2011;10888;2011
0347;2011;4300;2011
9318;2011;5590;2011
5053;2011;17195;2011
7498;2011;6272;2011
6311;2011;3757;2011
6798;2011;2494;2011
4775;2011;17932;2011
5968;2011;4030;2011
0619;2011;258;2011
7362;2011;10541;2011
4185;2011;1604;2011
3321;2011;2407;2011
8393;2011;80258;2011
0848;2011;7304;2011
2078;2011;244;2011
8788;2011;6253;2011
7338;2011;7193;2011
7832;2011;8992;2011
2627;2011;5244;2011
6059;2011;575;2011
2206;2011;1564;2011
3792;2011;6286;2011
9506;2011;4209;2011
8386;2011;2705;2011
9921;2011;1180;2011
5847;2011;5052;2011
2450;2011;1757;2011
8076;2011;7751;2011
1121;2011;667;2011
5822;2011;4995;2011
5106;2011;3626;2011
7157;2011;597;2011
6808;2011;3094;2011
5854;2011;341;2011
8047;2011;2601;2011
1194;2011;4791;2011
6705;2011;1530;2011
5601;2011;289;2011
4718;2011;1197;2011
1737;2011;6272;2011
8311;2011;2030;2011
9720;2011;407;2011
0251;2011;1771;2011
7733;2011;3897;2011
1784;2011;7415;2011
1931;2011;7714;2011
5169;2011;446;2011
5295;2011;2054;2011
6757;2011;2154;2011
2534;2011;39074;2011
1053;2011;5133;2011
7175;2011;5552;2011
9442;2011;1216;2011
9237;2011;2908;2011
1719;2011;4370;2011
7329;2011;2990;2011
1945;2011;6279;2011
9962;2011;417;2011
8896;2011;1704;2011
2221;2011;4948;2011
5073;2011;3208;2011
9723;2011;1286;2011
6220;2011;909;2011
4466;2011;1080;2011
6881;2011;2935;2011
9748;2011;246;2011
5479;2011;529;2011
1831;2011;9089;2011
2813;2011;6861;2011
6263;2011;2117;2011
3781;2011;727;2011
9034;2011;552;2011
6171;2011;519;2011
1412;2011;83430;2011
1917;2011;850;2011
1382;2011;718;2011
9305;2011;3465;2011
6466;2011;238;2011
6082;2011;571;2011
2764;2011;1470;2011
0436;2011;3493;2011
4878;2011;273;2011
9512;2011;1236;2011
8017;2011;16638;2011
9373;2011;2769;2011
5230;2011;1242;2011
1414;2011;4320;2011
3603;2011;3148;2011
9561;2011;5259;2011
2394;2011;9607;2011
7547;2011;849;2011
1792;2011;1037;2011
4163;2011;2260;2011
8250;2011;2861;2011
8991;2011;1321;2011
5458;2011;631;2011
9053;2011;5756;2011
9865;2011;8986;2011
1961;2011;925;2011
6825;2011;513;2011
8360;2011;2475;2011
0408;2011;1436;2011
5255;2011;473;2011
9352;2011;1831;2011
7039;2011;2059;2011
5636;2011;3837;2011
2977;2011;5845;2011
1337;2011;192;2011
0364;2011;4220;2011
4770;2011;9357;2011
6045;2011;1790;2011
1613;2011;2705;2011
6988;2011;5352;2011
8854;2011;2481;2011
9255;2011;9914;2011
0815;2011;644;2011
8027;2011;23682;2011
2884;2011;3352;2011
7701;2011;3216;2011
2814;2011;4194;2011
3255;2011;1020;2011
8973;2011;1650;2011
7270;2011;2248;2011
2231;2011;4793;2011
0152;2011;263;2011
5169;2011;2668;2011
6815;2011;8336;2011
7055;2011;1019;2011
0301;2011;1249;2011
9210;2011;2874;2011
9644;2011;11523;2011
6880;2011;2318;2011
4607;2011;2773;2011
3421;2011;984;2011
2138;2011;1765;2011
5747;2011;187;2011
9935;2011;1016;2011
7955;2011;1042;2011
5334;2011;267;2011
9040;2011;846;2011
0749;2011;764;2011
8112;2011;270;2011
3802;2011;4379;2011
6399;2011;4708;2011
2991;2011;898;2011
2026;2011;1328;2011
9165;2011;413;2011
0752;2011;321;2011
5208;2011;1212;2011
0864;2011;1766;2011
5679;2011;7611;2011
5316;2011;6124;2011
7342;2011;622;2011
5076;2011;1043;2011
2137;2011;1770;2011
0916;2011;4474;2011
9930;2011;339;2011
1171;2011;873;2011
7868;2011;3189;2011
0937;2011;2520;2011
4370;2011;1247;2011
7425;2011;639;2011
2943;2011;636;2011
8815;2011;5759;2011
5288;2011;1213;2011
8070;2011;1259;2011
9091;2011;241;2011
2824;2011;8980;2011
7844;2011;4467;2011
6474;2011;2679;2011
1320;2011;2642;2011
6115;2011;179;2011
7405;2011;1643;2011
8606;2011;273;2011
1517;2011;2915;2011
0078;2011;748;2011
7469;2011;4012;2011
8680;2011;7863;2011
5952;2011;222;2011
7866;2011;1758;2011
8520;2011;4213;2011
9604;2011;345;2011
3464;2011;3151;2011
7750;2011;550;2011
3652;2011;1593;2011
1442;2011;3286;2011
2215;2011;135;2011
5949;2011;4300;2011
1065;2011;1280;2011
4364;2011;4034;2011
7070;2011;2110;2011
9723;2011;1030;2011
4884;2011;1031;2011
3122;2011;1498;2011
0700;2011;654;2011
0329;2011;1571;2011
4204;2011;459;2011
6946;2011;748;2011
7742;2011;7340;2011
5975;2011;2595;2011
7567;2011;2531;2011
0707;2011;376;2011
1361;2011;1122;2011
8352;2011;1458;2011
9902;2011;5418;2011
7335;2011;434;2011
4380;2011;3190;2011
2392;2011;3564;2011
7990;2011;549;2011
8975;2011;835;2011
5950;2011;621;2011
4263;2011;193;2011
3316;2011;1867;2011
9158;2011;4607;2011
1233;2011;1612;2011
6544;2011;546;2011
1650;2011;1370;2011
2927;2011;6036;2011
4606;2011;673;2011
7844;2011;749;2011
3245;2011;1042;2011
4294;2011;996;2011
4612;2011;46;2011
1455;2011;1758;2011
9738;2011;3054;2011
8160;2011;11961;2011
7437;2011;1844;2011
2997;2011;32;2011
8047;2011;1333;2011
7998;2011;2318;2011
2534;2011;1947;2011
8988;2011;1867;2011
7265;2011;2321;2011
5844;2011;662;2011
9382;2011;2929;2011
0003;2011;293;2011
8248;2011;552;2011
7953;2011;2901;2011
8501;2011;392;2011
5233;2011;498;2011
4525;2011;4243;2011
8748;2011;21941;2011
6849;2011;101;2011
0512;2011;4777;2011
2736;2011;190;2011
3175;2011;4671;2011
3745;2011;9130;2011
2368;2011;830;2011
1463;2011;626;2011
3664;2011;2565;2011
0134;2011;2012;2011
7227;2011;4061;2011
5706;2011;3550;2011
9861;2011;2702;2011
7085;2011;931;2011
3774;2011;1096;2011
4053;2011;211;2011
5223;2011;1034;2011
7393;2011;2970;2011
7776;2011;31320;2011
9817;2011;4652;2011
4210;2011;6557;2011
5634;2011;19134;2011
3585;2011;11593;2011
0523;2011;8172;2011
3842;2011;17187;2011
5856;2011;3671;2011
4922;2011;7685;2011
5903;2011;3833;2011
1619;2011;3084;2011
7426;2011;2034;2011
8715;2011;7232;2011
6536;2011;4192;2011
1225;2011;35836;2011
3824;2011;26023;2011
9490;2011;2222;2011
0056;2011;26740;2011
8322;2011;4769;2011
5863;2011;8571;2011
9872;2011;13527;2011
7272;2011;1186;2011
1802;2011;6590;2011
2538;2011;12494;2011
2436;2011;4016;2011
3860;2011;14398;2011
3249;2011;3904;2011
5951;2011;5370;2011
6010;2011;18572;2011
2095;2011;13241;2011
3175;2011;1907;2011
1729;2011;11023;2011
2206;2011;31191;2011
9631;2011;5001;2011
1212;2011;14848;2011
9388;2011;23533;2011
7681;2011;13975;2011
7241;2011;72191;2011
6764;2011;4337;2011
4021;2011;46435;2011
1644;2011;1978;2011
6867;2011;17576;2011
4734;2011;20183;2011
0674;2011;20257;2011
3556;2011;34285;2011
9253;2011;8159;2011
4585;2011;3627;2011
0817;2011;19065;2011
6355;2011;5911;2011
4790;2011;3040;2011
2559;2011;8936;2011
9131;2011;26612;2011
7593;2011;8756;2011
5801;2011;19613;2011
4595;2011;2861;2011
1012;2011;1713;2011
1348;2011;8628;2011
2054;2011;10615;2011
0401;2011;8454;2011
8701;2011;25239;2011
6970;2011;58484;2011
4068;2011;4077;2011
6103;2011;9799;2011
9920;2011;23149;2011
2300;2011;9135;2011
2083;2011;6054;2011
3852;2011;3369;2011
9547;2011;12140;2011
9985;2011;17067;2011
8204;2011;18335;2011
6397;2011;3951;2011
6783;2011;1279948;2011
0014;2011;1199;2011
5128;2011;7623;2011
2430;2011;17243;2011
8763;2011;694;2011
4619;2011;19932;2011
8582;2011;4316;2011
6385;2011;13396;2011
9834;2011;4143;2011
9731;2011;1488;2011
1139;2011;46998;2011
6921;2011;5896;2011
3077;2011;26876;2011
8211;2011;11044;2011
9782;2011;10437;2011
2212;2011;22496;2011
6624;2011;9129;2011
9138;2011;15016;2011
0937;2011;35725;2011
7848;2011;8227;2011
1648;2011;5769;2011
1394;2011;8087;2011
0744;2011;6931;2011
0299;2011;14044;2011
2431;2011;50366;2011
9280;2011;4873;2011
7849;2011;6861;2011
0728;2011;4559;2011
6816;2011;5430;2011
2433;2011;40746;2011
5504;2011;7346;2011
8731;2011;31481;2011
1680;2011;6778;2011
8676;2011;36419;2011
9662;2011;4807;2011
4807;2011;8272;2011
2355;2011;4190;2011
7527;2011;11379;2011
4936;2011;33917;2011
5991;2011;21143;2011
6992;2011;78413;2011
4236;2011;7408;2011
7192;2011;19373;2011
6760;2011;13971;2011
4356;2011;4882;2011
7662;2011;20134;2011
0534;2011;11990;2011
9957;2011;3351;2011
9838;2011;5967;2011
5193;2011;7399;2011
0535;2011;8869;2011
1545;2011;8201;2011
3090;2011;3892;2011
6541;2011;3208;2011
5527;2011;9084;2011
7367;2011;16643;2011
1334;2011;8994;2011
6505;2011;4057;2011
4278;2011;1509;2011
5779;2011;6632;2011
5480;2011;6180;2011
5630;2011;5364;2011
7721;2011;11045;2011
6055;2011;2165;2011
2249;2011;837;2011
3528;2011;8018;2011
8094;2011;18124;2011
0003;2011;5672;2011
6064;2011;6056;2011
7305;2011;5823;2011
6844;2011;13682;2011
2756;2011;2363;2011
7270;2011;3165;2011
3472;2011;4757;2011
4369;2011;3617;2011
3077;2011;2757;2011
6932;2011;182;2011
4898;2011;513;2011
2922;2011;7623;2011
2892;2011;437;2011
5491;2011;4189;2011
9806;2011;706;2011
0711;2011;4386;2011
0744;2011;1802;2011
2680;2011;728;2011
1447;2011;2465;2011
1515;2011;117014;2011
8641;2011;1288;2011
6704;2011;607;2011
2008;2011;78;2011
5910;2011;5801;2011
2082;2011;5849;2011
1510;2011;8966;2011
4678;2011;6503;2011
8306;2011;1090;2011
0906;2011;967;2011
7727;2011;5196;2011
4653;2011;746;2011
1864;2011;727;2011
5359;2011;8348;2011
1390;2011;7819;2011
2696;2011;4153;2011
1106;2011;5975;2011
1408;2011;97;2011
9947;2011;5410;2011
0832;2011;5811;2011
6678;2011;5377;2011
3336;2011;8278;2011
7240;2011;4073;2011
9440;2011;622;2011
2052;2011;4255;2011
6789;2011;1298;2011
7811;2011;7857;2011
7838;2011;3160;2011
3883;2011;15968;2011
8209;2011;4604;2011
1535;2011;358;2011
5891;2011;4701;2011
1131;2011;4028;2011
1746;2011;3926;2011
6219;2011;3343;2011
6773;2011;119;2011
1528;2011;9815;2011
7066;2011;2918;2011
5001;2011;3452;2011
5891;2011;1387;2011
6516;2011;2502;2011
0244;2011;1592;2011
9724;2011;2516;2011
6167;2011;3518;2011
5992;2011;4227;2011
0705;2011;1639;2011
5456;2011;3244;2011
8847;2011;5892;2011
8160;2011;6288;2011
3074;2011;5711;2011
7280;2011;5207;2011
1901;2011;8699;2011
6268;2011;1138;2011
5187;2011;10685;2011
7485;2011;1669;2011
4452;2011;4167;2011
5017;2011;978;2011
3490;2011;1942;2011
2228;2011;3298;2011
2120;2011;622;2011
6664;2011;9277;2011
9435;2011;4083;2011
4135;2011;3396;2011
7049;2011;7682;2011
4071;2011;252;2011
8075;2011;22960;2011
5582;2011;959;2011
0690;2011;3537;2011
1452;2011;1880;2011
7926;2011;7937;2011
0407;2011;1291;2011
4233;2011;3210;2011
2877;2011;1139;2011
0601;2011;3061;2011
7970;2011;4371;2011
9290;2011;692;2011
1428;2011;203;2011
8683;2011;3154;2011
0448;2011;3350;2011
2797;2011;220;2011
1342;2011;1045;2011
0319;2011;5584;2011
1267;2011;1512;2011
1962;2011;880;2011
4134;2011;5191;2011
1680;2011;372;2011
5881;2011;5928;2011
6976;2011;5053;2011
5200;2011;6490;2011
0000;2011;1645;2011
7413;2011;6351;2011
0692;2011;1246;2011
7773;2011;917;2011
9408;2011;7248;2011
8327;2011;195;2011
0586;2011;665;2011
1560;2011;4163;2011
6909;2011;4688;2011
7383;2011;649;2011
5314;2011;3804;2011
7896;2011;839;2011
9247;2011;5381;2011
0469;2011;2601;2011
4846;2011;897;2011
0689;2011;3976;2011
6573;2011;6475;2011
0512;2011;10112;2011
8383;2011;190;2011
1053;2011;2935;2011
3564;2011;210;2011
7535;2011;1191;2011
8156;2011;3232;2011
5662;2011;2585;2011
9226;2011;2923;2011
4646;2011;4582;2011
6417;2011;7464;2011
2348;2011;11596;2011
9033;2011;519;2011
8919;2011;1064;2011
3262;2011;175;2011
6636;2011;653;2011
7820;2011;846;2011
0417;2011;1744;2011
0963;2011;166;2011
1822;2011;5104;2011
5856;2011;12103;2011
2349;2011;2072;2011
0866;2011;3994;2011
9600;2011;4340;2011
7937;2011;5811;2011
2794;2011;2814;2011
8187;2011;385;2011
5999;2011;5834;2011
4799;2011;1850;2011
7022;2011;1530;2011
5451;2011;1112;2011
7653;2011;1234;2011
2379;2011;435;2011
1521;2011;85;2011
2861;2011;1593;2011
5898;2011;1917;2011
4769;2011;6827;2011
5861;2011;11407;2011
3776;2011;3220;2011
0976;2011;5016;2011
1982;2011;4656;2011
9556;2011;1877;2011
6248;2011;1178;2011
2818;2011;4937;2011
1151;2011;1688;2011
0613;2011;5976;2011
2137;2011;1269;2011
5213;2011;860;2011
8105;2011;3940;2011
3831;2011;19021;2011
3866;2011;428;2011
0675;2011;759;2011
0302;2011;934;2011
5339;2011;3979;2011
0260;2011;5071;2011
2465;2011;5393;2011
9533;2011;4956;2011
8036;2011;596;2011
0515;2011;3481;2011
6621;2011;6491;2011
6892;2011;9839;2011
9693;2011;1249;2011
8461;2011;2508;2011
5279;2011;1994;2011
5348;2011;24526;2011
3384;2011;2162;2011
7570;2011;1743;2011
9447;2011;707;2011
2515;2011;9138;2011
0233;2011;4305;2011
0243;2011;5543;2011
9736;2011;1035;2011
6107;2011;5658;2011
3738;2011;12801;2011
8250;2011;1082;2011
5411;2011;3886;2011
1257;2011;596;2011
1708;2011;2154;2011
3026;2011;4923;2011
1331;2011;7736;2011
4836;2011;8390;2011
6902;2011;2326;2011
6241;2011;1120;2011
5138;2011;9549;2011
2198;2011;28716;2011
4874;2011;10316;2011
3454;2011;1403;2011
7781;2011;9579;2011
8899;2011;1087;2011
7966;2011;3932;2011
8905;2011;612;2011
7640;2011;139;2011
2302;2011;210;2011
3820;2011;429;2011
8975;2011;292;2011
2916;2011;212;2011
8218;2011;7658;2011
3439;2011;7762;2011
6945;2011;4875;2011
4483;2011;1100;2011
7561;2011;1262;2011
3097;2011;610;2011
9822;2011;4722;2011
4860;2011;6864;2011
6029;2011;6649;2011
1595;2011;1980;2011
0419;2011;7708;2011
0010;2011;1489;2011
4317;2011;2733;2011
9523;2011;8239;2011
2123;2011;9082;2011
2970;2011;973;2011
3232;2011;731;2011
2506;2011;304;2011
7995;2011;2355;2011
2277;2011;1979;2011
5463;2011;1599;2011
2895;2011;7117;2011
5546;2011;1819;2011
7523;2011;2466;2011
8313;2011;470;2011
5601;2011;2489;2011
0191;2011;3579;2011
5695;2011;2983;2011
3457;2011;12749;2011
1983;2011;3944;2011
3363;2011;2411;2011
4918;2011;1201;2011
4204;2011;2234;2011
4434;2011;11930;2011
5925;2011;2606;2011
4633;2011;1714;2011
9148;2011;2464;2011
5442;2011;3589;2011
2870;2011;1483;2011
5299;2011;5501;2011
4199;2011;9158;2011
4960;2011;2647;2011
4824;2011;10820;2011
9887;2011;2257;2011
4114;2011;7522;2011
3802;2011;1646;2011
3567;2011;667;2011
9347;2011;4931;2011
3337;2011;191440;2011
8968;2011;709;2011
3082;2011;2086;2011
2958;2011;12642;2011
7369;2011;3496;2011
8271;2011;8608;2011
1074;2011;2505;2011
9465;2011;387;2011
9676;2011;4571;2011
6009;2011;9237;2011
8418;2011;12694;2011
2048;2011;8024;2011
1396;2011;6683;2011
5285;2011;10903;2011
1950;2011;11240;2011
3362;2011;1879;2011
6321;2011;7136;2011
3415;2011;10981;2011
0830;2011;1252;2011
5461;2011;4947;2011
5525;2011;677;2011
3011;2011;1930;2011
4688;2011;933;2011
9592;2011;18642;2011
9309;2011;1630;2011
7130;2011;566;2011
3068;2011;2757;2011
0465;2011;8540;2011
2698;2011;4698;2011
4749;2011;2254;2011
7875;2011;7587;2011
4370;2011;3739;2011
0748;2011;14881;2011
9733;2011;7144;2011
6046;2011;2017;2011
2960;2011;1406;2011
0712;2011;15604;2011
3209;2011;5606;2011
2622;2011;27218;2011
9031;2011;4529;2011
2398;2011;8436;2011
3061;2011;5351;2011
0159;2011;2173;2011
8367;2011;8498;2011
5861;2011;4728;2011
3930;2011;2739;2011
6562;2011;11787;2011
7514;2011;3012;2011
7959;2011;11740;2011
8401;2011;18617;2011
3811;2011;2214;2011
2837;2011;5243;2011
0891;2011;16607;2011
8902;2011;1895;2011
6657;2011;400;2011
9347;2011;146;2011
4194;2011;9134;2011
3283;2011;4135;2011
8235;2011;603;2011
4516;2011;14453;2011
0259;2011;1174;2011
4987;2011;1749;2011
4335;2011;3828;2011
1954;2011;15706;2011
4707;2011;612;2011
2553;2011;591;2011
7425;2011;429;2011
7179;2011;23495;2011
0958;2011;1494;2011
1109;2011;144;2011
5281;2011;3350;2011
8941;2011;2079;2011
4567;2011;3341;2011
6294;2011;4996;2011
8839;2011;12890;2011
7392;2011;4375;2011
0348;2011;678;2011
9307;2011;3305;2011
7265;2011;11634;2011
4888;2011;1804;2011
6529;2011;2462;2011
0259;2011;562;2011
6051;2011;1807;2011
8908;2011;4409;2011
6613;2011;23931;2011
5181;2011;5063;2011
5067;2011;789;2011
0780;2011;2573;2011
2115;2011;11032;2011
1574;2011;1954;2011
4576;2011;4011;2011
3116;2011;4588;2011
5439;2011;2091;2011
0333;2011;4265;2011
8482;2011;3248;2011
7797;2011;1003;2011
8684;2011;12442;2011
9376;2011;2498;2011
2903;2011;13827;2011
8578;2011;1442;2011
8091;2011;4320;2011
6080;2011;3730;2011
8656;2011;199;2011
0034;2011;2122;2011
0393;2011;19664;2011
1816;2011;4467;2011
1537;2011;646;2011
3907;2011;7161;2011
6134;2011;2835;2011
8177;2011;4529;2011
9152;2011;593;2011
1258;2011;695;2011
4894;2011;1590;2011
9450;2011;4416;2011
2273;2011;8123;2011
2011;2011;2671;2011
1195;2011;2516;2011
2734;2011;3910;2011
6432;2011;5270;2011
4260;2011;1752;2011
2070;2011;7136;2011
0859;2011;6943;2011
3264;2011;3461;2011
1622;2011;2926;2011
4524;2011;1577;2011
2623;2011;383;2011
9892;2011;6862;2011
1597;2011;7191;2011
8506;2011;961;2011
9716;2011;3286;2011
4527;2011;6431;2011
4624;2011;3408;2011
2064;2011;13129;2011
1322;2011;4815;2011
8593;2011;8969;2011
8207;2011;4501;2011
3899;2011;9329;2011
0941;2011;18019;2011
8454;2011;5755;2011
4472;2011;3844;2011
5869;2011;3385;2011
3048;2011;10473;2011
2166;2011;3424;2011
5028;2011;2507;2011
2531;2011;4648;2011
6790;2011;13502;2011
2677;2011;992;2011
4711;2011;1506;2011
5719;2011;1605;2011
4273;2011;3086;2011
2480;2011;7681;2011
7734;2011;1823;2011
8920;2011;1278;2011
4396;2011;1918;2011
8075;2011;1375;2011
2570;2011;1087;2011
8569;2011;1305;2011
4393;2011;6409;2011
1706;2011;8072;2011
7358;2011;13540;2011
6815;2011;2134;2011
1018;2011;5470;2011
7332;2011;567;2011
6801;2011;3932;2011
8574;2011;1380;2011
1204;2011;212;2011
7595;2011;8160;2011
0635;2011;3878;2011
9638;2011;4461;2011
1472;2011;1483;2011
2195;2011;10838;2011
8650;2011;1443;2011
1011;2011;5680;2011
2649;2011;724;2011
2237;2011;1940;2011
2214;2011;8172;2011
6815;2011;1091;2011
3021;2011;4685;2011
3442;2011;890;2011
7570;2011;226;2011
3279;2011;569;2011
4488;2011;3383;2011
4871;2011;1638;2011
0572;2011;398;2011
6641;2011;675;2011
7124;2011;895;2011
3380;2011;1739;2011
7079;2011;174;2011
5000;2011;1040;2011
1426;2011;607;2011
6867;2011;6355;2011
8636;2011;2797;2011
8364;2011;2672;2011
8094;2011;1397;2011
1043;2011;415;2011
6391;2011;1035;2011
9286;2011;2611;2011
8363;2011;632;2011
1441;2011;693;2011
8137;2011;868;2011
6873;2011;3538;2011
8467;2011;9236;2011
9837;2011;128;2011
6864;2011;996;2011
8967;2011;1638;2011
8094;2011;110;2011
8147;2011;1440;2011
7807;2011;1537;2011
6302;2011;490;2011
4774;2011;898;2011
8050;2011;2511;2011
7359;2011;8514;2011
7358;2011;6987;2011
2772;2011;754;2011
6617;2011;6844;2011
7724;2011;1043;2011
7444;2011;1091;2011
2141;2011;634;2011
2590;2011;6644;2011
1244;2011;232;2011
5977;2011;1932;2011
3786;2011;208;2011
5598;2011;761;2011
8579;2011;5076;2011
4109;2011;1223;2011
3884;2011;4033;2011
8757;2011;1366;2011
0511;2011;5680;2011
9551;2011;997;2011
8065;2011;1669;2011
3401;2011;1811;2011
8710;2011;808;2011
1138;2011;715;2011
0907;2011;2169;2011
3728;2011;1047;2011
8242;2011;357;2011
6095;2011;371;2011
0854;2011;4433;2011
5665;2011;4611;2011
1708;2011;1133;2011
2478;2011;840;2011
8248;2011;385;2011
1753;2011;1224;2011
2313;2011;221;2011
7761;2011;244;2011
7030;2011;9979;2011
1760;2011;9838;2011
9957;2011;360;2011
4113;2011;1399;2011
7226;2011;5109;2011
6103;2011;3128;2011
4207;2011;208;2011
3439;2011;2704;2011
2160;2011;4618;2011
6414;2011;1400;2011
5872;2011;6029;2011
8206;2011;434;2011
3416;2011;1210;2011
1660;2011;2802;2011
7457;2011;134;2011
3585;2011;2289;2011
8204;2011;2429;2011
2532;2011;1695;2011
1177;2011;2472;2011
2895;2011;1580;2011
8944;2011;6932;2011
1384;2011;374;2011
0204;2011;1101;2011
0642;2011;510;2011
5106;2011;1490;2011
5559;2011;3864;2011
0651;2011;923;2011
7416;2011;1686;2011
4035;2011;567;2011
4046;2011;393;2011
9744;2011;305;2011
1925;2011;724;2011
4933;2011;1742;2011
2991;2011;715;2011
9694;2011;15358;2011
0764;2011;365;2011
3810;2011;781;2011
9101;2011;173;2011
9793;2011;1179;2011
8064;2011;1921;2011
1018;2011;316;2011
3012;2011;1980;2011
2453;2011;69435;2011
2007;2011;912;2011
1530;2011;918;2011
1059;2011;2114;2011
3963;2011;2782;2011
3078;2011;1706;2011
0903;2011;731;2011
9572;2011;815;2011
4798;2011;1561;2011
1597;2011;429;2011
4149;2011;1061;2011
6677;2011;1521;2011
9155;2011;5214;2011
5407;2011;6190;2011
9345;2011;568;2011
4966;2011;84;2011
7641;2011;233;2011
3647;2011;613;2011
7174;2011;750;2011
0510;2011;1416;2011
5525;2011;639;2011
4128;2011;922;2011
4541;2011;747;2011
5045;2011;533;2011
4309;2011;724;2011
2687;2011;3810;2011
4521;2011;1153;2011
2906;2011;5818;2011
3323;2011;5684;2011
4207;2011;2038;2011
5912;2011;1698;2011
5572;2011;848;2011
9011;2011;518;2011
4738;2011;2472;2011
4973;2011;872;2011
8927;2011;604;2011
5419;2011;1766;2011
5741;2011;971;2011
7208;2011;252;2011
6711;2011;683;2011
7879;2011;5878;2011
8724;2011;1145;2011
2314;2011;600;2011
8352;2011;11701;2011
8480;2011;658;2011
2281;2011;1699;2011
6600;2011;598;2011
4934;2011;983;2011
0091;2011;349;2011
4385;2011;2389;2011
5019;2011;3475;2011
6271;2011;842;2011
0449;2011;4373;2011
8312;2011;2063;2011
4982;2011;3857;2011
1549;2011;1024;2011
6826;2011;659;2011
8538;2011;235;2011
2357;2011;2172;2011
1611;2011;1545;2011
9834;2011;307;2011
6150;2011;3407;2011
1723;2011;103;2011
1961;2011;3112;2011
7086;2011;394;2011
4404;2011;1325;2011
1425;2011;5989;2011
3639;2011;61467;2011
8781;2011;77;2011
6085;2011;764;2011
7674;2011;3222;2011
4896;2011;1549;2011
4415;2011;38801;2011
7730;2011;132;2011
4013;2011;1050;2011
5293;2011;1705;2011
5828;2011;1088;2011
4037;2011;486;2011
3614;2011;446;2011
1915;2011;1669;2011
7366;2011;3273;2011
2161;2011;1303;2011
0775;2011;3797;2011
1983;2011;2106;2011
1210;2011;725;2011
3878;2011;4801;2011
9007;2011;1484;2011
1424;2011;632;2011
1071;2011;494;2011
6997;2011;1275;2011
9506;2011;1312;2011
6407;2011;682;2011
8381;2011;2113;2011
1471;2011;571;2011
1977;2011;434;2011
4543;2011;2474;2011
8750;2011;4088;2011
1935;2011;1832;2011
5180;2011;1186;2011
6570;2011;553;2011
4019;2011;1773;2011
5301;2011;15124;2011
2823;2011;1691;2011
7893;2011;569;2011
7876;2011;471;2011
0774;2011;9523;2011
8909;2011;5689;2011
7571;2011;338;2011
9178;2011;554;2011
1934;2011;2257;2011
9629;2011;961;2011
3599;2011;1393;2011
8526;2011;1134;2011
4080;2011;1431;2011
1284;2011;1641;2011
5182;2011;33637;2011
4916;2011;70232;2011
7577;2011;1636;2011
9377;2011;663;2011
7740;2011;447;2011
9906;2011;311;2011
6525;2011;3897;2011
7212;2011;551;2011
1938;2011;1210;2011
6430;2011;1112;2011
7072;2011;897;2011
1013;2011;2043;2011
5732;2011;1199;2011
7187;2011;1273;2011
2764;2011;639;2011
2582;2011;1471;2011
2897;2011;1874;2011
2261;2011;2902;2011
4655;2011;1235;2011
1916;2011;2070;2011
7616;2011;2921;2011
8226;2011;1533;2011
9198;2011;1923;2011
3428;2011;2367;2011
3943;2011;2610;2011
1532;2011;821;2011
4676;2011;983;2011
5835;2011;5878;2011
1541;2011;971;2011
4890;2011;3024;2011
9619;2011;1477;2011
8208;2011;3896;2011
2953;2011;8957;2011
6076;2011;3408;2011
5434;2011;1618;2011
0166;2011;662;2011
9694;2011;3584;2011
7631;2011;2580;2011
7288;2011;1158;2011
4371;2011;1304;2011
8500;2011;1629;2011
0610;2011;6710;2011
4015;2011;1475;2011
8622;2011;903;2011
5383;2011;1769;2011
9564;2011;1056;2011
7794;2011;3398;2011
9739;2011;540;2011
3332;2011;2081;2011
4011;2011;7966;2011
9631;2011;2442;2011
0470;2011;3033;2011
3647;2011;1162;2011
9264;2011;2228;2011
6817;2011;1414;2011
2144;2011;1880;2011
3799;2011;476;2011
0761;2011;1477;2011
7202;2011;627;2011
3092;2011;3635;2011
4937;2011;3122;2011
4254;2011;1016;2011
3201;2011;7712;2011
5680;2011;9106;2011
9595;2011;3336;2011
2122;2011;1582;2011
1073;2011;639;2011
0196;2011;6928;2011
1949;2011;1583;2011
9819;2011;455;2011
7693;2011;458;2011
1654;2011;498;2011
1215;2011;1758;2011
2227;2011;670;2011
9179;2011;2895;2011
0610;2011;1781;2011
1516;2011;3874;2011
6926;2011;4489;2011
4365;2011;4007;2011
1205;2011;578;2011
2425;2011;402;2011
0142;2011;2982;2011
4814;2011;10159;2011
2032;2011;5892;2011
9955;2011;2082;2011
7920;2011;3521;2011
0666;2011;797;2011
8219;2011;4198;2011
8665;2011;4527;2011
4282;2011;1318;2011
6958;2011;2214;2011
8495;2011;2645;2011
0306;2011;1541;2011
3420;2011;3106;2011
5780;2011;4808;2011
4042;2011;12173;2011
3392;2011;5258;2011
0224;2011;22132;2011
9097;2011;3909;2011
3082;2011;2715;2011
6487;2011;1175;2011
4705;2011;14675;2011
5363;2011;3399;2011
7742;2011;1462;2011
0314;2011;2998;2011
4871;2011;2408;2011
2204;2011;10303;2011
8828;2011;9163;2011
3782;2011;6157;2011
2002;2011;1658;2011
8062;2011;47400;2011
7889;2011;6906;2011
9126;2011;730;2011
0156;2011;7826;2011
7286;2011;4063;2011
8488;2011;5960;2011
0185;2011;4878;2011
7898;2011;2553;2011
8312;2011;6977;2011
5686;2011;7239;2011
7324;2011;1046;2011
5877;2011;1780;2011
2867;2011;6545;2011
5587;2011;1761;2011
7200;2011;2266;2011
4430;2011;16087;2011
3788;2011;1194;2011
4336;2011;5747;2011
0358;2011;1329;2011
1481;2011;2531;2011
5452;2011;2607;2011
6105;2011;5394;2011
4333;2011;7234;2011
9802;2011;8572;2011
2701;2011;4324;2011
9405;2011;7702;2011
9779;2011;1782;2011
5304;2011;9524;2011
3962;2011;1345;2011
9393;2011;1824;2011
9551;2011;1228;2011
0541;2011;6303;2011
2024;2011;1596;2011
0834;2011;2513;2011
2721;2011;2239;2011
0987;2011;20626;2011
8408;2011;19447;2011
2882;2011;2054;2011
8432;2011;2212;2011
1946;2011;11048;2011
4845;2011;7319;2011
6899;2011;1666;2011
8912;2011;1036;2011
0641;2011;381;2011
4501;2011;14166;2011
3952;2011;748;2011
0703;2011;3372;2011
5112;2011;1617;2011
2910;2011;103465;2011
2130;2011;670;2011
2919;2011;2110;2011
7021;2011;20738;2011
5395;2011;2641;2011
9974;2011;15469;2011
6344;2011;413;2011
0442;2011;7713;2011
3854;2011;2674;2011
9801;2011;5285;2011
7910;2011;2383;2011
8970;2011;6462;2011
6239;2011;1426;2011
6801;2011;2707;2011
2890;2011;5154;2011
6107;2011;3328;2011
2676;2011;2219;2011
9990;2011;654;2011
8358;2011;1321;2011
6475;2011;2440;2011
3018;2011;3334;2011
5693;2011;5006;2011
1315;2011;2680;2011
9578;2011;3465;2011
7720;2011;977;2011
3811;2011;2584;2011
6146;2011;3179;2011
9136;2011;1676;2011
2189;2011;890;2011
7048;2011;5153;2011
6837;2011;4886;2011
5250;2011;2637;2011
1083;2011;17170;2011
1238;2011;11320;2011
2235;2011;3926;2011
8848;2011;344;2011
4127;2011;1537;2011
8641;2011;1292;2011
4250;2011;5107;2011
2279;2011;2921;2011
8631;2011;2562;2011
7992;2011;878;2011
9539;2011;1656;2011
3399;2011;38067;2011
4364;2011;2811;2011
5102;2011;1640;2011
5284;2011;2161;2011
2399;2011;1837;2011
1127;2011;5572;2011
9599;2011;2892;2011
0956;2011;1902;2011
4933;2011;3915;2011
7880;2011;3544;2011
1564;2011;4664;2011
3974;2011;3547;2011
3640;2011;1467;2011
8660;2011;695;2011
3282;2011;199;2011
6921;2011;1768;2011
0018;2011;3374;2011
3567;2011;600;2011
3685;2011;265;2011
2838;2011;4399;2011
5728;2011;2864;2011
3601;2011;7659;2011
9426;2011;1340;2011
8233;2011;2953;2011
6182;2011;1198;2011
1250;2011;3563;2011
8468;2011;3240;2011
8368;2011;2965;2011
0273;2011;3520;2011
4599;2011;3788;2011
9429;2011;1732;2011
9913;2011;3147;2011
1725;2011;1581;2011
9231;2011;1887;2011
2703;2011;6907;2011
1303;2011;2844;2011
7871;2011;1467;2011
2399;2011;2652;2011
8369;2011;1305;2011
4290;2011;1936;2011
1716;2011;6001;2011
7177;2011;1824;2011
6216;2011;1193;2011
1614;2011;1734;2011
5685;2011;4165;2011
4389;2011;3309;2011
1250;2011;1876;2011
1810;2011;977;2011
6182;2011;2464;2011
5608;2011;1021;2011
2665;2011;966;2011
1174;2011;2918;2011
7358;2011;1018;2011
0760;2011;3136;2011
1207;2011;2788;2011
8882;2011;5917;2011
1339;2011;2264;2011
8179;2011;3251;2011
3381;2011;4278;2011
0090;2011;930;2011
0325;2011;1477;2011
9501;2011;1894;2011
9648;2011;6457;2011
5844;2011;2746;2011
9177;2011;1300;2011
6313;2011;780;2011
8550;2011;9002;2011
9642;2011;1523;2011
9704;2011;3057;2011
8495;2011;232;2011
3783;2011;1038;2011
2175;2011;17025;2011
8883;2011;4128;2011
0709;2011;4939;2011
4595;2011;1480;2011
7805;2011;285;2011
9369;2011;2529;2011
7110;2011;431;2011
6740;2011;1623;2011
4527;2011;410;2011
3152;2011;361;2011
6493;2011;695;2011
1849;2011;677;2011
3633;2011;6882;2011
7003;2011;833;2011
8896;2011;573;2011
1397;2011;3953;2011
0139;2011;253;2011
1671;2011;714;2011
4579;2011;143;2011
6070;2011;680;2011
4079;2011;365;2011
8754;2011;1506;2011
3945;2011;1329;2011
8086;2011;1093;2011
4132;2011;3370;2011
1988;2011;1626;2011
0233;2011;739;2011
0230;2011;1504;2011
6823;2011;1602;2011
0177;2011;1911;2011
8188;2011;604;2011
5701;2011;1078;2011
1224;2011;988;2011
8202;2011;503;2011
1004;2011;241;2011
8716;2011;633;2011
5589;2011;2277;2011
8343;2011;1314;2011
1441;2011;1051;2011
3757;2011;4020;2011
4842;2011;1049;2011
0280;2011;535;2011
2265;2011;2927;2011
3770;2011;256;2011
9628;2011;1863;2011
2251;2011;619;2011
5139;2011;410;2011
8070;2011;692;2011
2967;2011;381;2011
4976;2011;312;2011
6663;2011;3967;2011
1656;2011;6804;2011
2112;2011;745;2011
0249;2011;1008;2011
7405;2011;1535;2011
6375;2011;1633;2011
9892;2011;702;2011
5477;2011;589;2011
5107;2011;704;2011
1451;2011;435;2011
4545;2011;594;2011
1571;2011;258;2011
6440;2011;1269;2011
7723;2011;1245;2011
1145;2011;249;2011
5070;2011;423;2011
3367;2011;553;2011
9534;2011;4592;2011
6804;2011;619;2011
1293;2011;915;2011
4267;2011;841;2011
2822;2011;1103;2011
1495;2011;514;2011
9425;2011;478;2011
5766;2011;508;2011
6258;2011;3158;2011
6288;2011;1438;2011
2241;2011;1332;2011
6807;2011;318;2011
1251;2011;389;2011
8129;2011;2494;2011
3866;2011;752;2011
2578;2011;146;2011
3809;2011;2283;2011
7253;2011;438;2011
7294;2011;1194;2011
0920;2011;2648;2011
0786;2011;359;2011
4283;2011;206;2011
0549;2011;1301;2011
3125;2011;1087;2011
1781;2011;8682;2011
8282;2011;7592;2011
1428;2011;480;2011
2178;2011;901;2011
3726;2011;894;2011
1971;2011;282;2011
5277;2011;2130;2011
7284;2011;453;2011
0322;2011;125;2011
6281;2011;511;2011
3498;2011;882;2011
8455;2011;1625;2011
3530;2011;5197;2011
8790;2011;6925;2011
5944;2011;2694;2011
1156;2011;1119;2011
7605;2011;896;2011
2072;2011;251;2011
0837;2011;9572;2011
3842;2011;2785;2011
3042;2011;610;2011
8915;2011;1415;2011
6147;2011;1900;2011
4887;2011;1395;2011
9653;2011;1031;2011
7474;2011;825;2011
2486;2011;859;2011
6047;2011;740;2011
6481;2011;167;2011
2112;2011;767;2011
2084;2011;998;2011
3024;2011;1892;2011
3606;2011;821;2011
9782;2011;388;2011
3284;2011;20636;2011
8289;2011;1345;2011
2335;2011;679;2011
3210;2011;3126;2011
2285;2011;2377;2011
9722;2011;2146;2011
8478;2011;331;2011
9648;2011;4534;2011
3732;2011;396;2011
8519;2011;216;2011
7874;2011;1397;2011
9063;2011;769;2011
3578;2011;1264;2011
7248;2011;15989;2011
4449;2011;606;2011
1279;2011;1380;2011
0833;2011;2819;2011
0030;2011;425;2011
7900;2011;1456;2011
2973;2011;402;2011
4144;2011;1588;2011
9842;2011;38119;2011
5800;2011;423;2011
8540;2011;820;2011
0617;2011;182;2011
9020;2011;551;2011
4053;2011;1196;2011
3158;2011;2934;2011
3639;2011;1086;2011
8749;2011;946;2011
1898;2011;749;2011
9965;2011;1394;2011
7121;2011;1530;2011
8085;2011;333;2011
9194;2011;1291;2011
2839;2011;504;2011
7447;2011;750;2011
8220;2011;878;2011
2522;2011;590;2011
0600;2011;1330;2011
2000;2011;1266;2011
4709;2011;721;2011
1459;2011;1139;2011
9318;2011;4677;2011
3312;2011;549;2011
1754;2011;1450;2011
3135;2011;2975;2011
5406;2011;1931;2011
7474;2011;1994;2011
7162;2011;624;2011
1147;2011;964;2011
3011;2011;2007;2011
0463;2011;1888;2011
5662;2011;759;2011
3449;2011;313;2011
5888;2011;611;2011
5452;2011;2870;2011
4464;2011;3630;2011
2845;2011;1322;2011
3986;2011;1489;2011
1927;2011;702;2011
6989;2011;1373;2011
5815;2011;2169;2011
8748;2011;115438;2011
6056;2011;726;2011
2870;2011;2402;2011
1374;2011;229;2011
3284;2011;533;2011
8636;2011;1338;2011
0686;2011;850;2011
2836;2011;1175;2011
6345;2011;1871;2011
2080;2011;713;2011
8037;2011;2181;2011
9514;2011;166;2011
8501;2011;1228;2011
8181;2011;2201;2011
5177;2011;502;2011
3140;2011;1003;2011
1287;2011;3718;2011
0385;2011;1009;2011
7401;2011;3116;2011
6859;2011;1638;2011
7467;2011;1675;2011
3048;2011;346;2011
1133;2011;2916;2011
3723;2011;5468;2011
8814;2011;2308;2011
2532;2011;5275;2011
4706;2011;2185;2011
8657;2011;6137;2011
9382;2011;2661;2011
3221;2011;6740;2011
4474;2011;3029;2011
2007;2011;1794;2011
9947;2011;2027;2011
9664;2011;1468;2011
7987;2011;3595;2011
2729;2011;15889;2011
9838;2011;1413;2011
5829;2011;2512;2011
2258;2011;19535;2011
2692;2011;6958;2011
3727;2011;7529;2011
3173;2011;8131;2011
6028;2011;5911;2011
7978;2011;3947;2011
7241;2011;11738;2011
4290;2011;12422;2011
9092;2011;5561;2011
2708;2011;1557;2011
2947;2011;16310;2011
0567;2011;2434;2011
8339;2011;8649;2011
8968;2011;8254;2011
9136;2011;1079;2011
7441;2011;3625;2011
9499;2011;2574;2011
1025;2011;1840;2011
9690;2011;768;2011
8895;2011;225;2011
2113;2011;4178;2011
3691;2011;4003;2011
6542;2011;5493;2011
4866;2011;10943;2011
0029;2011;5324;2011
8295;2011;11499;2011
6774;2011;3280;2011
6372;2011;8156;2011
1465;2011;6809;2011
2725;2011;25047;2011
2779;2011;3714;2011
6220;2011;3099;2011
7080;2011;2458;2011
6505;2011;4706;2011
0625;2011;4437;2011
4705;2011;8428;2011
8517;2011;7114;2011
4219;2011;17112;2011
7778;2011;8621;2011
1355;2011;3495;2011
7257;2011;9552;2011
6103;2011;1286;2011
0015;2011;2923;2011
7259;2011;16428;2011
2606;2011;9756;2011
5283;2011;7084;2011
3894;2011;2544;2011
4271;2011;2148;2011
1485;2011;3757;2011
8144;2011;6184;2011
6466;2011;2775;2011
1597;2011;1552;2011
5476;2011;2145;2011
6954;2011;3759;2011
7920;2011;20746;2011
4033;2011;5140;2011
0108;2011;24216;2011
5055;2011;4156;2011
7507;2011;14364;2011
2398;2011;559;2011
1169;2011;3042;2011
2358;2011;12947;2011
4999;2011;11512;2011
4279;2011;2571;2011
2389;2011;1370;2011
3327;2011;932;2011
7206;2011;6954;2011
8265;2011;14708;2011
1449;2011;17176;2011
5347;2011;3129;2011
5271;2011;2301;2011
2913;2011;2905;2011
3481;2011;4935;2011
9416;2011;2728;2011
9590;2011;14380;2011
9017;2011;779;2011
9134;2011;256561;2011
8801;2011;4705;2011
1820;2011;2629;2011
7626;2011;9508;2011
9886;2011;5852;2011
3407;2011;32891;2011
8687;2011;14586;2011
0992;2011;4874;2011
6954;2011;1417;2011
2106;2011;2077;2011
1452;2011;1662;2011
7234;2011;11819;2011
0861;2011;2272;2011
5682;2011;7926;2011
3952;2011;3298;2011
1902;2011;25519;2011
9335;2011;6438;2011
0656;2011;881;2011
4513;2011;4595;2011
0617;2011;43187;2011
8367;2011;6539;2011
7608;2011;8723;2011
5675;2011;6759;2011
4405;2011;3126;2011
1551;2011;3923;2011
8845;2011;11270;2011
7111;2011;2624;2011
4722;2011;1339;2011
0209;2011;10718;2011
0401;2011;1798;2011
6523;2011;837;2011
7389;2011;3648;2011
3770;2011;3809;2011
7395;2011;14162;2011
6202;2011;2901;2011
4369;2011;6137;2011
6040;2011;12935;2011
7093;2011;2631;2011
7913;2011;957;2011
2167;2011;3392;2011
8538;2011;2219;2011
5599;2011;11946;2011
1320;2011;7190;2011
5285;2011;11072;2011
2015;2011;1468;2011
0095;2011;13933;2011
6032;2011;1818;2011
1748;2011;3931;2011
2089;2011;722;2011
8665;2011;2429;2011
9966;2011;3373;2011
9503;2011;857;2011
3690;2011;1893;2011
0202;2011;4308;2011
0136;2011;3774;2011
4789;2011;9685;2011
2370;2011;123;2011
7970;2011;230;2011
7741;2011;5668;2011
4205;2011;15807;2011
5640;2011;3742;2011
3374;2011;2749;2011
5281;2011;14683;2011
7254;2011;9734;2011
5289;2011;13807;2011
9571;2011;3512;2011
4433;2011;2597;2011
4752;2011;6534;2011
5401;2011;23356;2011
4203;2011;4990;2011
7485;2011;2912;2011
4127;2011;3361;2011
5735;2011;1791;2011
4385;2011;2620;2011
2417;2011;9138;2011
2946;2011;3210;2011
0344;2011;1780;2011
4308;2011;7652;2011
3508;2011;3112;2011
0933;2011;1143;2011
1511;2011;5085;2011
8794;2011;8862;2011
0844;2011;3170;2011
5920;2011;773;2011
0235;2011;2076;2011
9065;2011;8312;2011
6152;2011;4465;2011
6354;2011;579;2011
8406;2011;3115;2011
2548;2011;2777;2011
3964;2011;5734;2011
1484;2011;6713;2011
1257;2011;4330;2011
3495;2011;14608;2011
3153;2011;14174;2011
5966;2011;7966;2011
2505;2011;639;2011
1160;2011;1042;2011
9910;2011;8429;2011
4751;2011;1168;2011
1136;2011;1757;2011
1081;2011;1624;2011
2085;2011;5822;2011
1264;2011;3568;2011
8528;2011;5329;2011
9223;2011;6676;2011
0019;2011;2602;2011
2059;2011;39355;2011
8119;2011;1899;2011
8975;2011;4416;2011
6614;2011;7118;2011
9344;2011;12584;2011
7031;2011;23381;2011
9407;2011;583;2011
7397;2011;6030;2011
6733;2011;11751;2011
9571;2011;8682;2011
2157;2011;26660;2011
9487;2011;1386;2011
3448;2011;3330;2011
8110;2011;1842;2011
9041;2011;2412;2011
5798;2011;112576;2011
2250;2011;1958;2011
7881;2011;6190;2011
6450;2011;6647;2011
9709;2011;1373;2011
0441;2011;813;2011
7301;2011;6754;2011
7425;2011;4255;2011
5210;2011;2935;2011
7145;2011;1351;2011
7612;2011;2476;2011
5522;2011;3458;2011
2211;2011;35918;2011
7552;2011;827;2011
5069;2011;2187;2011
3783;2011;1604;2011
1305;2011;1400;2011
0893;2011;4141;2011
9711;2011;1436;2011
5866;2011;423;2011
3388;2011;395;2011
0918;2011;2336;2011
8033;2011;5948;2011
9544;2011;514;2011
3570;2011;2583;2011
7950;2011;2046;2011
2989;2011;2709;2011
7878;2011;20688;2011
6181;2011;3304;2011
9550;2011;1169;2011
8511;2011;2480;2011
4729;2011;724;2011
3520;2011;3044;2011
6721;2011;1154;2011
4870;2011;2995;2011
1203;2011;5075;2011
0052;2011;1380;2011
9824;2011;3943;2011
3486;2011;571;2011
4042;2011;1507;2011
2409;2011;6177;2011
7816;2011;326;2011
0553;2011;4445;2011
9431;2011;385;2011
0256;2011;1907;2011
1701;2011;3978;2011
1400;2011;8410;2011
0163;2011;2557;2011
2212;2011;2539;2011
3040;2011;661;2011
2883;2011;1334;2011
1176;2011;1608;2011
1594;2011;400;2011
1269;2011;1694;2011
9234;2011;6789;2011
1806;2011;688;2011
6204;2011;2658;2011
6156;2011;1835;2011
0628;2011;1310;2011
2029;2011;9965;2011
3266;2011;522;2011
5288;2011;2556;2011
8581;2011;3205;2011
7922;2011;417;2011
5416;2011;1501;2011
0587;2011;1805;2011
2770;2011;1443;2011
9637;2011;4862;2011
9989;2011;507;2011
6394;2011;2057;2011
6933;2011;823;2011
0659;2011;1505;2011
8767;2011;898;2011
4694;2011;901;2011
8003;2011;992;2011
3319;2011;264;2011
9467;2011;6768;2011
2724;2011;4380;2011
3668;2011;9093;2011
1390;2011;5938;2011
7608;2011;7783;2011
0885;2011;8001;2011
0891;2011;4706;2011
8826;2011;11162;2011
9182;2011;12786;2011
4217;2011;11079;2011
7916;2011;2184;2011
6090;2011;33209;2011
1318;2011;7049;2011
9730;2011;3020;2011
1773;2011;3861;2011
9235;2011;3695;2011
8957;2011;3444;2011
8120;2011;2728;2011
7507;2011;5318;2011
5797;2011;5172;2011
3983;2011;34627;2011
2483;2011;7088;2011
5101;2011;6240;2011
8100;2011;4703;2011
5683;2011;6029;2011
3399;2011;9026;2011
0814;2011;3963;2011
3529;2011;5804;2011
5967;2011;6105;2011
7229;2011;3179;2011
7778;2011;6137;2011
1877;2011;5154;2011
3420;2011;6110;2011
0883;2011;4212;2011
4776;2011;9078;2011
2505;2011;9119;2011
0947;2011;5005;2011
7706;2011;9660;2011
8539;2011;4972;2011
7696;2011;9285;2011
3788;2011;2950;2011
8836;2011;3437;2011
2562;2011;27758;2011
2613;2011;4086;2011
4548;2011;1435;2011
0063;2011;30949;2011
7610;2011;4396;2011
7573;2011;2797;2011
7775;2011;10739;2011
9727;2011;6880;2011
3532;2011;20127;2011
8269;2011;4459;2011
7066;2011;3920;2011
5285;2011;2177;2011
0890;2011;21612;2011
3165;2011;7579;2011
0228;2011;12030;2011
4357;2011;8343;2011
2704;2011;12264;2011
0807;2011;784;2011
1102;2011;2213;2011
9146;2011;5067;2011
1084;2011;16837;2011
0403;2011;9770;2011
0349;2011;1838;2011
8911;2011;9360;2011
7927;2011;2254;2011
6437;2011;10898;2011
7762;2011;14081;2011
5510;2011;6641;2011
5044;2011;13069;2011
8168;2011;6833;2011
2525;2011;5360;2011
9825;2011;4936;2011
8098;2011;9118;2011
4963;2011;10104;2011
9661;2011;7397;2011
0133;2011;3159;2011
2274;2011;1952;2011
1512;2011;6345;2011
9531;2011;9997;2011
7247;2011;11766;2011
0980;2011;11827;2011
9059;2011;4583;2011
4946;2011;10623;2011
5781;2011;81798;2011
8942;2011;10732;2011
1591;2011;7053;2011
8489;2011;16506;2011
4259;2011;3782;2011
5337;2011;17977;2011
8023;2011;28673;2011
8222;2011;10063;2011
4961;2011;1793;2011
0637;2011;11012;2011
9339;2011;3990;2011
5910;2011;6954;2011
6146;2011;10366;2011
2990;2011;13008;2011
8340;2011;11896;2011
4375;2011;14760;2011
1039;2011;6236;2011
9113;2011;50050;2011
3196;2011;3292;2011
1112;2011;3192;2011
8349;2011;10676;2011
2840;2011;15099;2011
4535;2011;12708;2011
3104;2011;7793;2011
6402;2011;4238;2011
1041;2011;6101;2011
1823;2011;6825;2011
4881;2011;2819;2011
3967;2011;24910;2011
5472;2011;16381;2011
1706;2011;21215;2011
6120;2011;6465;2011
1344;2011;38771;2011
6303;2011;26606;2011
8684;2011;11563;2011
6898;2011;15736;2011
9961;2011;6918;2011
0674;2011;12035;2011
3109;2011;25235;2011
2151;2011;4646;2011
3286;2011;8263;2011
1836;2011;12731;2011
8769;2011;41000;2011
4092;2011;12070;2011
0510;2011;17377;2011
9666;2011;13070;2011
2872;2011;18917;2011
9588;2011;27097;2011
8154;2011;7551;2011
4427;2011;2317;2011
9981;2011;4719;2011
8927;2011;264384;2011
8657;2011;10007;2011
7138;2011;13324;2011
4081;2011;19482;2011
8041;2011;3401;2011
1553;2011;23868;2011
6650;2011;4584;2011
5158;2011;1846;2011
3439;2011;2195;2011
6428;2011;4699;2011
9770;2011;3675;2011
4195;2011;3135;2011
5865;2011;736;2011
2291;2011;3975;2011
6614;2011;2605;2011
3938;2011;8466;2011
7798;2011;3369;2011
5470;2011;6825;2011
9249;2011;16002;2011
7182;2011;14213;2011
2241;2011;2730;2011
1245;2011;12108;2011
1599;2011;5774;2011
2680;2011;2482;2011
8081;2011;1612;2011
6815;2011;7559;2011
2785;2011;4650;2011
3152;2011;4885;2011
5043;2011;5458;2011
1745;2011;1635;2011
7049;2011;5731;2011
7569;2011;2018;2011
6783;2011;19895;2011
0181;2011;6509;2011
2861;2011;10307;2011
3257;2011;5489;2011
7290;2011;7222;2011
8074;2011;16654;2011
6111;2011;8234;2011
9542;2011;7046;2011
2007;2011;4414;2011
7096;2011;4309;2011
1029;2011;4696;2011
4734;2011;2027;2011
9138;2011;8623;2011
1553;2011;7758;2011
1159;2011;7343;2011
0731;2011;3198;2011
5821;2011;9052;2011
7649;2011;1789;2011
2228;2011;5932;2011
7090;2011;1954;2011
2476;2011;1987;2011
3456;2011;2822;2011
2180;2011;11022;2011
5708;2011;17520;2011
0279;2011;9396;2011
3700;2011;11157;2011
0781;2011;10896;2011
4782;2011;5888;2011
0257;2011;208465;2011
1797;2011;3906;2011
4889;2011;1382;2011
9328;2011;11172;2011
6247;2011;9324;2011
7342;2011;19267;2011
8439;2011;3125;2011
8489;2011;2470;2011
8862;2011;3921;2011
5210;2011;13312;2011
4761;2011;3650;2011
6862;2011;4798;2011
5124;2011;15818;2011
7992;2011;4930;2011
7353;2011;2736;2011
8582;2011;10060;2011
3502;2011;6260;2011
1222;2011;13039;2011
9003;2011;4561;2011
3064;2011;3010;2011
9675;2011;7156;2011
7262;2011;2300;2011
9648;2011;7229;2011
9164;2011;2448;2011
9186;2011;2170;2011
5443;2011;10128;2011
5168;2011;22260;2011
1429;2011;7165;2011
8106;2011;4342;2011
2006;2011;8916;2011
8125;2011;2645;2011
0202;2011;8303;2011
8543;2011;6256;2011
6561;2011;12572;2011
2263;2011;4439;2011
0220;2011;2183;2011
4121;2011;4594;2011
2473;2011;1733;2011
0825;2011;939;2011
9160;2011;12938;2011
3229;2011;22141;2011
3484;2011;5532;2011
0063;2011;2322;2011
9549;2011;9896;2011
2262;2011;5979;2011
3663;2011;3414;2011
5644;2011;8978;2011
3883;2011;20198;2011
6097;2011;4545;2011
9278;2011;2806;2011
5341;2011;10603;2011
3580;2011;1390;2011
9675;2011;2626;2011
1227;2011;1539;2011
8475;2011;825;2011
6473;2011;2855;2011
3743;2011;1036;2011
1291;2011;1646;2011
8404;2011;4297;2011
9133;2011;2923;2011
6176;2011;1797;2011
1699;2011;3717;2011
5470;2011;2521;2011
0651;2011;2697;2011
8550;2011;1974;2011
0738;2011;2596;2011
5396;2011;4273;2011
9767;2011;1530;2011
9677;2011;2791;2011
9896;2011;1093;2011
3701;2011;1607;2011
4203;2011;2201;2011
2052;2011;1185;2011
0601;2011;12016;2011
8436;2011;3612;2011
6764;2011;3590;2011
5809;2011;1870;2011
3261;2011;11492;2011
4869;2011;1647;2011
4544;2011;1667;2011
5061;2011;1286;2011
4116;2011;4068;2011
5313;2011;2092;2011
8764;2011;10045;2011
6930;2011;6528;2011
8039;2011;51308;2011
1558;2011;1215;2011
8257;2011;1156;2011
0456;2011;4038;2011
0221;2011;3357;2011
6785;2011;8516;2011
0778;2011;2965;2011
0740;2011;5183;2011
1513;2011;1206;2011
7258;2011;2168;2011
0497;2011;1009;2011
7666;2011;14702;2011
3473;2011;2310;2011
2611;2011;843;2011
6275;2011;1024;2011
4382;2011;3436;2011
7698;2011;2252;2011
2209;2011;2855;2011
2372;2011;1876;2011
2330;2011;3574;2011
0448;2011;5372;2011
0704;2011;2582;2011
0085;2011;1928;2011
9043;2011;793;2011
5056;2011;6642;2011
7768;2011;4054;2011
3179;2011;1656;2011
9325;2011;7682;2011
2261;2011;2798;2011
6785;2011;2928;2011
8328;2011;3870;2011
4345;2011;1095;2011
7819;2011;692;2011
1668;2011;13468;2011
2086;2011;624;2011
1977;2011;701;2011
6458;2011;11482;2011
2141;2011;15856;2011
7505;2011;2232;2011
4140;2011;536;2011
6215;2011;3280;2011
7963;2011;2263;2011
5407;2011;2397;2011
3683;2011;190;2011
0083;2011;134;2011
7602;2011;1351;2011
7805;2011;3019;2011
1864;2011;6295;2011
2433;2011;5025;2011
3236;2011;1202;2011
7485;2011;641;2011
6557;2011;1034;2011
5943;2011;613;2011
0573;2011;11143;2011
8169;2011;4793;2011
1058;2011;369;2011
7963;2011;13724;2011
7578;2011;780;2011
3195;2011;3871;2011
7064;2011;6531;2011
8449;2011;141;2011
0467;2011;700;2011
3404;2011;2356;2011
2752;2011;6081;2011
2110;2011;958;2011
0425;2011;6580;2011
8033;2011;1965;2011
6770;2011;6828;2011
2113;2011;2709;2011
4341;2011;1797;2011
7658;2011;1640;2011
5915;2011;559;2011
0528;2011;5068;2011
7760;2011;2415;2011
2909;2011;2642;2011
8948;2011;2789;2011
4040;2011;2991;2011
9039;2011;2015;2011
9331;2011;5038;2011
5500;2011;3041;2011
2965;2011;5415;2011
7487;2011;2365;2011
4140;2011;9422;2011
2423;2011;2733;2011
3360;2011;5695;2011
9831;2011;2604;2011
6625;2011;1495;2011
0541;2011;2660;2011
4131;2011;5568;2011
3697;2011;6868;2011
9086;2011;3560;2011
7207;2011;927;2011
2302;2011;1488;2011
8850;2011;4192;2011
4728;2011;260;2011
2345;2011;804;2011
6760;2011;1031;2011
0271;2011;3026;2011
4796;2011;566;2011
5973;2011;505;2011
3320;2011;5026;2011
9872;2011;6096;2011
3121;2011;1087;2011
3611;2011;316;2011
7703;2011;494;2011
5658;2011;2468;2011
8155;2011;4439;2011
3968;2011;2059;2011
4669;2011;2986;2011
7795;2011;8082;2011
9373;2011;7662;2011
0645;2011;6100;2011
9138;2011;1154;2011
9685;2011;2233;2011
6031;2011;2398;2011
9224;2011;1325;2011
5705;2011;1688;2011
4911;2011;421;2011
1649;2011;481;2011
5307;2011;3945;2011
1145;2011;951;2011
6913;2011;403;2011
7456;2011;1369;2011
4414;2011;682;2011
0497;2011;4156;2011
4193;2011;9111;2011
3559;2011;4585;2011
3441;2011;14393;2011
9381;2011;1956;2011
3598;2011;2887;2011
6226;2011;10584;2011
9904;2011;2207;2011
6221;2011;2970;2011
8492;2011;2295;2011
7390;2011;626;2011
3221;2011;1742;2011
6830;2011;7657;2011
4599;2011;1693;2011
1924;2011;98592;2011
9183;2011;2846;2011
5509;2011;2244;2011
3306;2011;902;2011
9947;2011;2219;2011
5522;2011;1386;2011
5195;2011;773;2011
2113;2011;602;2011
9391;2011;1825;2011
0193;2011;1208;2011
3200;2011;1732;2011
0850;2011;7588;2011
0526;2011;1443;2011
8765;2011;383;2011
2510;2011;1752;2011
9241;2011;3079;2011
2626;2011;35315;2011
2200;2011;6520;2011
3235;2011;8458;2011
5915;2011;1606;2011
3593;2011;976;2011
7274;2011;27126;2011
5654;2011;775;2011
2051;2011;1651;2011
4983;2011;3712;2011
1084;2011;11992;2011
9395;2011;2228;2011
8903;2011;6304;2011
6311;2011;798;2011
4013;2011;1567;2011
0280;2011;2017;2011
9815;2011;1724;2011
6605;2011;7200;2011
1749;2011;2800;2011
0535;2011;1712;2011
3135;2011;8629;2011
6103;2011;882;2011
8518;2011;13131;2011
2218;2011;5895;2011
4024;2011;2089;2011
1039;2011;202778;2011
1450;2011;2082;2011
2695;2011;4871;2011
9471;2011;972;2011
3705;2011;2993;2011
5214;2011;3729;2011
2167;2011;7720;2011
4792;2011;6119;2011
9357;2011;2480;2011
1702;2011;273;2011
9806;2011;4850;2011
0763;2011;7585;2011
7485;2011;4719;2011
0397;2011;13780;2011
0518;2011;5595;2011
8180;2011;158;2011
6896;2011;953;2011
3089;2011;666;2011
4718;2011;4528;2011
3548;2011;1468;2011
4949;2011;1466;2011
7690;2011;15110;2011
4768;2011;2030;2011
0994;2011;5460;2011
6120;2011;4393;2011
3300;2011;2373;2011
3974;2011;4204;2011
3298;2011;5417;2011
9336;2011;1096;2011
9205;2011;2261;2011
9494;2011;567;2011
7648;2011;807;2011
2281;2011;101516;2011
2849;2011;2310;2011
6068;2011;655;2011
3354;2011;9091;2011
9148;2011;4938;2011
8481;2011;6405;2011
8291;2011;6900;2011
1646;2011;11788;2011
1940;2011;5837;2011
3456;2011;937;2011
2585;2011;2938;2011
0121;2011;2009;2011
5658;2011;2251;2011
0366;2011;4260;2011
5647;2011;1952;2011
1270;2011;93;2011
7755;2011;2627;2011
1033;2011;2191;2011
8940;2011;2344;2011
5556;2011;3657;2011
7046;2011;2158;2011
0043;2011;797;2011
4879;2011;7345;2011
5911;2011;7068;2011
3542;2011;2079;2011
8310;2011;14030;2011
4061;2011;8907;2011
5320;2011;1122;2011
6975;2011;2009;2011
3458;2011;8683;2011
1166;2011;25921;2011
9754;2011;7006;2011
0045;2011;5500;2011
5224;2011;6227;2011
8424;2011;9903;2011
4850;2011;4808;2011
7682;2011;10748;2011
6387;2011;3388;2011
0416;2011;980;2011
2015;2011;10626;2011
9563;2011;3714;2011
1728;2011;12805;2011
8016;2011;1175;2011
5979;2011;181490;2011
0786;2011;1080;2011
8930;2011;1508;2011
4590;2011;3087;2011
7549;2011;5459;2011
4989;2011;19690;2011
7094;2011;5576;2011
6367;2011;4249;2011
1352;2011;1801;2011
3863;2011;4876;2011
3325;2011;9636;2011
6961;2011;1201;2011
3864;2011;2108;2011
4779;2011;1096;2011
1470;2011;7625;2011
8602;2011;9322;2011
0777;2011;3747;2011
6414;2011;573;2011
9214;2011;2685;2011
0644;2011;1281;2011
6108;2011;1843;2011
8883;2011;8807;2011
9392;2011;9534;2011
5530;2011;3397;2011
1622;2011;10049;2011
0943;2011;5293;2011
0376;2011;5555;2011
4065;2011;1293;2011
5957;2011;10450;2011
3929;2011;5525;2011
6234;2011;5173;2011
5670;2011;4174;2011
7068;2011;18793;2011
8037;2011;4537;2011
0580;2011;14998;2011
0143;2011;8674;2011
6802;2011;10591;2011
9945;2011;9717;2011
0823;2011;3910;2011
8176;2011;990;2011
5093;2011;25159;2011
6332;2011;6720;2011
1447;2011;5971;2011
6438;2011;6654;2011
9206;2011;14914;2011
6440;2011;863;2011
5245;2011;9202;2011
3868;2011;10391;2011
1064;2011;13631;2011
5507;2011;7120;2011
3056;2011;13036;2011
3044;2011;1299;2011
6623;2011;9296;2011
6805;2011;166082;2011
5618;2011;6134;2011
1703;2011;4077;2011
1941;2011;14583;2011
7176;2011;7922;2011
2932;2011;5960;2011
2331;2011;11068;2011
0478;2011;25010;2011
2538;2011;4470;2011
3728;2011;1980;2011
8178;2011;4224;2011
9712;2011;3391;2011
0773;2011;3947;2011
4662;2011;4064;2011
8735;2011;9893;2011
6891;2011;8561;2011
7072;2011;3212;2011
5407;2011;68697;2011
5111;2011;31714;2011
4407;2011;14255;2011
7830;2011;11108;2011
7719;2011;7230;2011
9448;2011;9000;2011
9056;2011;3021;2011
1257;2011;15868;2011
2317;2011;16980;2011
1349;2011;1303;2011
7584;2011;33916;2011
4568;2011;1997;2011
2960;2011;4004;2011
9070;2011;2854;2011
5808;2011;16817;2011
4654;2011;4856;2011
9959;2011;6324;2011
0459;2011;24118;2011
1730;2011;181804;2011
2213;2011;995;2011
2770;2011;2252;2011
0046;2011;3369;2011
3200;2011;15389;2011
8080;2011;11177;2011
4110;2011;2363;2011
7304;2011;17286;2011
5344;2011;2259;2011
7389;2011;1752;2011
6652;2011;3770;2011
5303;2011;6198;2011
9129;2011;767;2011
3097;2011;6160;2011
6636;2011;11129;2011
0582;2011;3635;2011
5570;2011;5928;2011
4032;2011;40317;2011
5540;2011;9325;2011
9602;2011;8132;2011
4711;2011;2613;2011
9283;2011;15211;2011
7918;2011;12269;2011
8613;2011;24644;2011
3646;2011;4928;2011
5961;2011;11985;2011
1033;2011;9697;2011
4839;2011;6818;2011
9853;2011;6770;2011
1055;2011;5376;2011
8566;2011;376024;2011
2729;2011;3332;2011
1849;2011;18122;2011
7517;2011;13173;2011
5976;2011;2000;2011
3334;2011;35608;2011
0283;2011;3454;2011
2605;2011;1937;2011
5914;2011;1231;2011
3257;2011;3501;2011
6088;2011;4331;2011
0706;2011;6475;2011
2379;2011;4915;2011
9004;2011;17697;2011
4147;2011;20632;2011
7333;2011;14408;2011
7611;2011;5934;2011
4976;2011;9943;2011
7526;2011;13568;2011
2317;2011;6480;2011
5572;2011;1951;2011
6697;2011;5082;2011
1536;2011;5490;2011
6962;2011;2261;2011
3693;2011;10864;2011
4024;2011;3979;2011
0213;2011;68311;2011
4470;2011;2321;2011
4056;2011;4483;2011
8163;2011;8807;2011
5263;2011;6770;2011
1056;2011;16696;2011
0663;2011;8709;2011
8402;2011;15755;2011
2812;2011;3834;2011
2554;2011;5953;2011
6857;2011;10905;2011
5675;2011;5332;2011
0081;2011;6340;2011
4513;2011;4679;2011
9471;2011;12962;2011
1290;2011;17064;2011
9368;2011;6929;2011
9262;2011;4775;2011
6367;2011;8294;2011
4675;2011;4413;2011
4326;2011;8293;2011
4106;2011;27165;2011
7241;2011;31482;2011
8561;2011;11846;2011
7917;2011;7256;2011
4485;2011;14668;2011
8431;2011;2741;2011
9401;2011;7703;2011
7472;2011;18378;2011
6630;2011;22273;2011
6292;2011;5159;2011
7530;2011;15161;2011
7415;2011;35164;2011
0084;2011;12437;2011
1224;2011;22804;2011
0042;2011;17055;2011
1396;2011;133656;2011
4345;2011;2811;2011
3382;2011;3017;2011
4368;2011;4985;2011
7071;2011;2372;2011
3351;2011;3595;2011
2986;2011;7123;2011
4715;2011;3671;2011
2452;2011;3505;2011
3408;2011;6468;2011
2322;2011;9720;2011
6429;2011;12260;2011
1926;2011;3369;2011
7894;2011;7085;2011
0182;2011;7519;2011
3268;2011;3837;2011
6241;2011;4569;2011
1713;2011;3903;2011
3751;2011;2229;2011
7905;2011;12312;2011
5793;2011;16821;2011
9578;2011;2376;2011
3190;2011;7713;2011
4135;2011;2742;2011
3734;2011;9568;2011
2725;2011;28931;2011
1994;2011;9887;2011
1390;2011;7383;2011
7569;2011;58082;2011
5496;2011;8332;2011
0548;2011;32360;2011
2479;2011;10548;2011
8119;2011;156644;2011
2582;2011;5817;2011
2594;2011;12200;2011
3707;2011;2822;2011
0383;2011;4534;2011
5005;2011;6155;2011
2533;2011;11036;2011
2325;2011;2779;2011
9501;2011;6566;2011
4614;2011;96634;2011
1634;2011;25648;2011
9290;2011;3801;2011
9702;2011;1674;2011
1972;2011;117223;2011
4588;2011;13032;2011
1294;2011;2531;2011
7713;2011;10354;2011
1380;2011;9017;2011
5760;2011;6963;2011
0775;2011;10143;2011
3304;2011;7021;2011
1628;2011;4754;2011
2571;2011;1705;2011
0511;2011;772;2011
3883;2011;6537;2011
5567;2011;803;2011
5580;2011;2009;2011
5260;2011;3389;2011
2873;2011;11263;2011
8602;2011;4177;2011
7182;2011;3614;2011
3027;2011;17602;2011
4291;2011;3279;2011
1988;2011;1268;2011
8823;2011;1969;2011
6846;2011;4503;2011
1077;2011;2017;2011
6385;2011;1634;2011
2566;2011;991;2011
2898;2011;786;2011
2216;2011;652;2011
4575;2011;9039;2011
2457;2011;2378;2011
9389;2011;1684;2011
2029;2011;7951;2011
8394;2011;6191;2011
8362;2011;63329;2011
7022;2011;8646;2011
8757;2011;9872;2011
6300;2011;1026;2011
3673;2011;318;2011
0741;2011;1354;2011
9349;2011;5918;2011
5257;2011;4774;2011
3024;2011;629;2011
0143;2011;1549;2011
0743;2011;2074;2011
3532;2011;1441;2011
9454;2011;1115;2011
2059;2011;2151;2011
6355;2011;3950;2011
8218;2011;11808;2011
2470;2011;2711;2011
2355;2011;683;2011
0431;2011;1714;2011
8116;2011;1187;2011
0064;2011;2734;2011
9678;2011;1163;2011
5650;2011;6702;2011
3123;2011;2827;2011
2874;2011;2825;2011
7944;2011;2172;2011
3607;2011;734;2011
3954;2011;6545;2011
7685;2011;94477;2011
2713;2011;2812;2011
9153;2011;1020;2011
9011;2011;2161;2011
2885;2011;690;2011
1975;2011;2120;2011
9853;2011;6828;2011
8860;2011;4883;2011
3992;2011;1440;2011
7980;2011;3502;2011
7298;2011;8653;2011
3367;2011;4108;2011
8757;2011;1582;2011
9073;2011;3472;2011
0784;2011;1460;2011
8009;2011;1102;2011
8703;2011;2603;2011
4065;2011;890;2011
0639;2011;7913;2011
5329;2011;7105;2011
4923;2011;15519;2011
8901;2011;4878;2011
8683;2011;101312;2011
3310;2011;4882;2011
0386;2011;1401;2011
4501;2011;2308;2011
0041;2011;7278;2011
8916;2011;2441;2011
0471;2011;4828;2011
5312;2011;1049;2011
3901;2011;18781;2011
9198;2011;1702;2011
3181;2011;3523;2011
9129;2011;3957;2011
6020;2011;14947;2011
2789;2011;5125;2011
4029;2011;4828;2011
0776;2011;31369;2011
8158;2011;27110;2011
2015;2011;9653;2011
1543;2011;1885;2011
9032;2011;40346;2011
8954;2011;12554;2011
4923;2011;6227;2011
2775;2011;1085;2011
6644;2011;3382;2011
3854;2011;2084;2011
3095;2011;10152;2011
5728;2011;2165;2011
5694;2011;3029;2011
8135;2011;6760;2011
4605;2011;1990;2011
9349;2011;3764;2011
6305;2011;1900;2011
7377;2011;34175;2011
2517;2011;6789;2011
0164;2011;3462;2011
3629;2011;728;2011
9832;2011;4350;2011
1979;2011;4422;2011
4061;2011;2000;2011
7778;2011;2068;2011
1118;2011;916;2011
2869;2011;4182;2011
2273;2011;7532;2011
7689;2011;44656;2011
5430;2011;3731;2011
3330;2011;2988;2011
6769;2011;3899;2011
4964;2011;2310;2011
8109;2011;122;2011
7792;2011;2412;2011
6722;2011;4254;2011
0545;2011;1876;2011
8647;2011;167;2011
2218;2011;1848;2011
8821;2011;6971;2011
8058;2011;599;2011
8463;2011;4775;2011
6713;2011;312;2011
5803;2011;547;2011
1969;2011;10536;2011
0658;2011;40315;2011
1987;2011;1285;2011
9643;2011;15374;2011
9090;2011;2166;2011
6690;2011;582;2011
3981;2011;205;2011
2168;2011;1505;2011
0501;2011;659;2011
2234;2011;874;2011
5783;2011;2480;2011
5263;2011;42323;2011
1000;2011;10213;2011
2582;2011;4786;2011
3569;2011;7231;2011
5079;2011;151;2011
8779;2011;6971;2011
9412;2011;3565;2011
6715;2011;3689;2011
0369;2011;8142;2011
4669;2011;781;2011
5803;2011;10256;2011
9085;2011;934;2011
0835;2011;1150;2011
6459;2011;1993;2011
2146;2011;852;2011
7979;2011;1483;2011
4522;2011;1260;2011
0308;2011;312;2011
5473;2011;6590;2011
2489;2011;11800;2011
5522;2011;15973;2011
4588;2011;21483;2011
1694;2011;879;2011
0195;2011;3677;2011
2547;2011;13057;2011
3837;2011;1494;2011
1659;2011;3362;2011
5370;2011;435;2011
6468;2011;1010;2011
9871;2011;1081;2011
1181;2011;20418;2011
5356;2011;9788;2011
8633;2011;2710;2011
2948;2011;429;2011
4148;2011;1180;2011
3914;2011;3052;2011
0624;2011;3873;2011
1943;2011;1837;2011
1821;2011;1296;2011
0203;2011;50189;2011
2382;2011;1130;2011
9762;2011;8552;2011
7952;2011;2954;2011
0833;2011;2355;2011
9390;2011;3585;2011
3954;2011;3208;2011
9507;2011;1007;2011
3366;2011;5375;2011
8568;2011;9352;2011
3072;2011;1427;2011
9947;2011;15668;2011
1726;2011;2492;2011
3038;2011;1646;2011
4334;2011;4612;2011
9400;2011;2265;2011
9333;2011;511;2011
2074;2011;2186;2011
4639;2011;570;2011
7926;2011;640;2011
3736;2011;12408;2011
6025;2011;5214;2011
6977;2011;213;2011
2773;2011;4362;2011
6319;2011;2070;2011
4373;2011;941;2011
4053;2011;47343;2011
5824;2011;7148;2011
2096;2011;2158;2011
9874;2011;11382;2011
9351;2011;1920;2011
2778;2011;65082;2011
5412;2011;1038;2011
8314;2011;769;2011
7783;2011;2375;2011
1155;2011;8395;2011
3949;2011;5034;2011
6777;2011;4999;2011
8397;2011;70374;2011
7091;2011;10471;2011
5051;2011;2593;2011
1035;2011;2184;2011
5158;2011;7698;2011
4507;2011;2101;2011
3197;2011;4815;2011
6187;2011;1197;2011
5991;2011;15149;2011
7064;2011;6432;2011
4641;2011;10256;2011
2028;2011;7309;2011
3877;2011;32567;2011
0912;2011;2299;2011
1777;2011;46000;2011
0810;2011;596;2011
4824;2011;6082;2011
5253;2011;1886;2011
9404;2011;5307;2011
1948;2011;496;2011
8827;2011;7662;2011
8594;2011;626;2011
0403;2011;3891;2011
0980;2011;470;2011
7334;2011;87666;2011
2379;2011;22905;2011
2823;2011;2242;2011
3297;2011;1142;2011
6300;2011;4501;2011
5479;2011;3715;2011
0295;2011;2466;2011
6686;2011;24688;2011
7546;2011;2453;2011
8894;2011;8700;2011
1567;2011;1467;2011
4678;2011;13264;2011
1969;2011;685;2011
1265;2011;3325;2011
2192;2011;1008;2011
3521;2011;349;2011
5275;2011;64064;2011
5731;2011;1715;2011
7900;2011;1376;2011
9968;2011;693;2011
6792;2011;17107;2011
0642;2011;8880;2011
9950;2011;1587;2011
2518;2011;7666;2011
9667;2011;6459;2011
0435;2011;3212;2011
0119;2011;7883;2011
6232;2011;21361;2011
1174;2011;10732;2011
6864;2011;20488;2011
1246;2011;19759;2011
6668;2011;9503;2011
3969;2011;89767;2011
9124;2011;1826;2011
5227;2011;8842;2011
9127;2011;25478;2011
2396;2011;1719;2011
8150;2011;6707;2011
0349;2011;11599;2011
8501;2011;5740;2011
2510;2011;4516;2011
0913;2011;25676;2011
2846;2011;10829;2011
9607;2011;4370;2011
3627;2011;18020;2011
9699;2011;16777;2011
7516;2011;43812;2011
9167;2011;7364;2011
3437;2011;17826;2011
3050;2011;10574;2011
2749;2011;16149;2011
6319;2011;5713;2011
4217;2011;47525;2011
1928;2011;14140;2011
5052;2011;17015;2011
3156;2011;367164;2011
9594;2011;4903;2011
1757;2011;23022;2011
2314;2011;4941;2011
3743;2011;14150;2011
7144;2011;14907;2011
3960;2011;6398;2011
8991;2011;19537;2011
2885;2011;1869;2011
0525;2011;3280;2011
7585;2011;3830;2011
6575;2011;13779;2011
8777;2011;13384;2011
1026;2011;1196;2011
5602;2011;7661;2011
3984;2011;20811;2011
6458;2011;16371;2011
1439;2011;8720;2011
8797;2011;7453;2011
8317;2011;17220;2011
1989;2011;1244;2011
5688;2011;4284;2011
6923;2011;50371;2011
2411;2011;7838;2011
8110;2011;47805;2011
8084;2011;18278;2011
0298;2011;7704;2011
9411;2011;5147;2011
8610;2011;8176;2011
1848;2011;14488;2011
6114;2011;3262;2011
2760;2011;13301;2011
7876;2011;4633;2011
5606;2011;3913;2011
3267;2011;409;2011
3149;2011;8792;2011
4945;2011;28342;2011
9895;2011;16845;2011
7138;2011;160495;2011
4509;2011;2189;2011
8590;2011;1982;2011
8069;2011;34885;2011
3301;2011;3832;2011
4808;2011;12171;2011
8950;2011;2241;2011
6232;2011;1224;2011
6514;2011;32305;2011
1539;2011;7055;2011
7469;2011;567;2011
3809;2011;3193;2011
4899;2011;7842;2011
0257;2011;5836;2011
1051;2011;6453;2011
8907;2011;11853;2011
7250;2011;6253;2011
3589;2011;1104;2011
5224;2011;3674;2011
6061;2011;44360;2011
2483;2011;13213;2011
5735;2011;2036;2011
0162;2011;2308;2011
9916;2011;1472;2011
1073;2011;4141;2011
4313;2011;3652;2011
6101;2011;1282;2011
6651;2011;1375;2011
8754;2011;8881;2011
3259;2011;1197;2011
9495;2011;1848;2011
1518;2011;2033;2011
0741;2011;791;2011
1734;2011;11313;2011
6218;2011;645;2011
6440;2011;4598;2011
5368;2011;4973;2011
0690;2011;87160;2011
8437;2011;5950;2011
8828;2011;15411;2011
0346;2011;28497;2011
9604;2011;1660;2011
9400;2011;31753;2011
5828;2011;28004;2011
7885;2011;14436;2011
6216;2011;1765;2011
0351;2011;12987;2011
2830;2011;4565;2011
5491;2011;12501;2011
8681;2011;8540;2011
6378;2011;10983;2011
9192;2011;5720;2011
7537;2011;99497;2011
7171;2011;1095;2011
5122;2011;12475;2011
6157;2011;10120;2011
5561;2011;5515;2011
5302;2011;1535;2011
6283;2011;3226;2011
5791;2011;3091;2011
2702;2011;2760;2011
4628;2011;2248;2011
4256;2011;13542;2011
8681;2011;9530;2011
8936;2011;954;2011
3216;2011;2074;2011
3260;2011;9145;2011
7316;2011;22811;2011
7826;2011;9515;2011
0377;2011;3553;2011
5219;2011;5908;2011
9309;2011;3655;2011
6944;2011;3462;2011
9430;2011;595;2011
4156;2011;1835;2011
8062;2011;8802;2011
6641;2011;24144;2011
3016;2011;883;2011
4980;2011;3249;2011
4118;2011;6499;2011
0867;2011;3162;2011
0817;2011;6282;2011
4337;2011;3115;2011
4497;2011;17088;2011
1928;2011;16217;2011
2296;2011;1430;2011
7924;2011;2926;2011
8418;2011;6378;2011
8867;2011;1131;2011
8786;2011;12352;2011
9933;2011;6616;2011
6315;2011;7280;2011
8436;2011;3205;2011
7041;2011;3918;2011
7990;2011;2926;2011
1077;2011;9150;2011
5389;2011;2491;2011
5433;2011;2878;2011
5614;2011;7326;2011
5667;2011;1948;2011
0687;2011;8830;2011
0349;2011;21611;2011
8832;2011;2798;2011
8918;2011;5245;2011
5399;2011;14408;2011
7309;2011;9337;2011
8556;2011;8867;2011
5005;2011;1546;2011
6246;2011;2403;2011
6264;2011;4191;2011
8667;2011;2176;2011
6019;2011;29263;2011
4148;2011;1691;2011
9750;2011;1163;2011
5264;2011;941;2011
0208;2011;5271;2011
1425;2011;1696;2011
5687;2011;7776;2011
5018;2011;906;2011
2351;2011;2734;2011
8432;2011;4797;2011
5306;2011;53995;2011
6758;2011;12805;2011
5768;2011;10017;2011
3390;2011;7509;2011
9492;2011;1351;2011
2541;2011;4420;2011
2885;2011;2524;2011
3488;2011;4217;2011
7697;2011;4692;2011
2308;2011;1605;2011
1009;2011;7413;2011
5518;2011;2722;2011
9001;2011;3236;2011
0491;2011;21942;2011
0818;2011;8948;2011
5252;2011;81279;2011
0114;2011;1444;2011
8568;2011;3733;2011
4982;2011;7513;2011
4428;2011;8725;2011
4004;2011;12902;2011
2049;2011;1234;2011
8069;2011;15092;2011
9591;2011;3890;2011
8586;2011;1103;2011
4636;2011;9492;2011
4512;2011;2725;2011
5600;2011;4611;2011
2265;2011;3735;2011
4287;2011;1028;2011
5585;2011;3596;2011
6929;2011;1422;2011
6534;2011;1162;2011
1913;2011;27665;2011
6014;2011;21785;2011
0747;2011;4323;2011
2226;2011;5091;2011
7616;2011;2503;2011
8087;2011;4334;2011
8336;2011;3244;2011
4414;2011;3336;2011
2661;2011;15471;2011
7826;2011;1123;2011
5288;2011;3486;2011
9444;2011;7805;2011
3170;2011;40169;2011
6742;2011;3584;2011
7230;2011;20500;2011
0597;2011;1283;2011
5096;2011;9548;2011
6560;2011;56714;2011
3910;2011;2814;2011
4281;2011;1871;2011
4751;2011;3813;2011
6236;2011;6319;2011
2833;2011;15503;2011
7677;2011;32495;2011
1821;2011;624;2011
7327;2011;14706;2011
4887;2011;18749;2011
4082;2011;3839;2011
9491;2011;1625;2011
5123;2011;5708;2011
1650;2011;632;2011
5288;2011;1216;2011
0941;2011;1673;2011
1641;2011;6000;2011
5700;2011;4917;2011
9058;2011;993;2011
2582;2011;5770;2011
3321;2011;5556;2011
5012;2011;164127;2011
1737;2011;3800;2011
4153;2011;2210;2011
0939;2011;136;2011
0201;2011;755;2011
9788;2011;11326;2011
5485;2011;561;2011
1501;2011;1433;2011
8493;2011;493;2011
8384;2011;1139;2011
4743;2011;2461;2011
6445;2011;8626;2011
1366;2011;38758;2011
8556;2011;16969;2011
6581;2011;6534;2011
1853;2011;8400;2011
8849;2011;3861;2011
8295;2011;16572;2011
3024;2011;3518;2011
2211;2011;401;2011
5734;2011;1485;2011
6058;2011;4936;2011
6127;2011;1850;2011
8952;2011;1519;2011
4964;2011;11891;2011
0320;2011;2836;2011
5120;2011;1957;2011
5686;2011;2822;2011
7778;2011;1894;2011
1444;2011;2189;2011
2156;2011;3031;2011
5504;2011;2912;2011
5861;2011;1965;2011
6187;2011;1693;2011
0882;2011;1926;2011
3808;2011;1860;2011
8297;2011;1545;2011
4282;2011;5248;2011
2172;2011;1738;2011
0869;2011;1306;2011
0591;2011;1233;2011
0978;2011;1572;2011
9836;2011;20010;2011
2704;2011;21043;2011
5303;2011;1927;2011
0911;2011;589;2011
0033;2011;1081;2011
5678;2011;251;2011
6040;2011;2000;2011
8956;2011;4958;2011
4518;2011;2312;2011
1557;2011;4994;2011
4261;2011;110369;2011
3387;2011;2598;2011
6022;2011;5668;2011
8706;2011;883;2011
8081;2011;3681;2011
5635;2011;1095;2011
5457;2011;4958;2011
1676;2011;1304;2011
9142;2011;3388;2011
5714;2011;4156;2011
6448;2011;1817;2011
6322;2011;935;2011
8477;2011;3159;2011
0375;2011;5292;2011
2907;2011;1748;2011
9683;2011;6706;2011
5769;2011;5468;2011
4110;2011;2052;2011
9151;2011;2592;2011
8891;2011;2424;2011
8237;2011;1353;2011
1950;2011;1248;2011
2211;2011;15984;2011
9552;2011;1671;2011
0306;2011;3776;2011
7859;2011;8285;2011
6785;2011;2185;2011
3752;2011;1635;2011
1735;2011;3012;2011
8083;2011;1482;2011
1023;2011;2337;2011
4200;2011;2771;2011
9432;2011;2396;2011
4294;2011;937;2011
6891;2011;921;2011
5404;2011;3516;2011
6215;2011;8875;2011
9300;2011;13531;2011
1400;2011;2024;2011
6834;2011;3924;2011
7096;2011;9504;2011
5077;2011;1034;2011
3110;2011;3737;2011
5589;2011;8896;2011
6051;2011;2160;2011
0138;2011;610;2011
5258;2011;8569;2011
2792;2011;1319;2011
7350;2011;2177;2011
5355;2011;8600;2011
9413;2011;6692;2011
3305;2011;16239;2011
7309;2011;349;2011
6910;2011;8224;2011
4947;2011;2903;2011
4516;2011;2635;2011
9623;2011;4194;2011
3071;2011;2328;2011
7710;2011;13598;2011
5289;2011;4823;2011
2267;2011;63685;2011
1430;2011;5010;2011
3430;2011;652;2011
3849;2011;2667;2011
9041;2011;2722;2011
9761;2011;270;2011
6446;2011;663;2011
9485;2011;654;2011
8039;2011;4628;2011
2929;2011;994;2011
6240;2011;2776;2011
6212;2011;1742;2011
5461;2011;740;2011
3087;2011;1247;2011
4912;2011;302;2011
8422;2011;1071;2011
2697;2011;1289;2011
2532;2011;6955;2011
6601;2011;473;2011
3698;2011;454;2011
3718;2011;389;2011
6126;2011;170;2011
9475;2011;1609;2011
7551;2011;524;2011
3896;2011;315;2011
9256;2011;674;2011
5447;2011;3645;2011
6915;2011;568;2011
9624;2011;12702;2011
6180;2011;1469;2011
6853;2011;2996;2011
3898;2011;689;2011
8535;2011;1555;2011
7424;2011;359;2011
0152;2011;2511;2011
3338;2011;588;2011
2262;2011;3829;2011
0838;2011;98;2011
8517;2011;133;2011
8922;2011;537;2011
7472;2011;408;2011
7264;2011;929;2011
0398;2011;1257;2011
5865;2011;302;2011
7570;2011;746;2011
9405;2011;4250;2011
7311;2011;350;2011
6446;2011;273;2011
6887;2011;452;2011
3138;2011;176;2011
7727;2011;2216;2011
9304;2011;1233;2011
3815;2011;2138;2011
9813;2011;1358;2011
3948;2011;6118;2011
9469;2011;2843;2011
4995;2011;2493;2011
6696;2011;587;2011
0132;2011;691;2011
9787;2011;370;2011
4550;2011;46834;2011
7897;2011;1309;2011
7231;2011;610;2011
5551;2011;856;2011
5958;2011;568;2011
3505;2011;3001;2011
7281;2011;1111;2011
3837;2011;2296;2011
9796;2011;1437;2011
3292;2011;1036;2011
7914;2011;1426;2011
3048;2011;1261;2011
5099;2011;247;2011
1848;2011;264;2011
7527;2011;211;2011
1123;2011;1559;2011
4997;2011;1782;2011
8082;2011;39326;2011
1659;2011;4164;2011
2338;2011;18752;2011
2155;2011;950;2011
6586;2011;52064;2011
3109;2011;1409;2011
5919;2011;18464;2011
1991;2011;1664;2011
7970;2011;13756;2011
7794;2011;2975;2011
0603;2011;18741;2011
4932;2011;466;2011
9371;2011;11173;2011
9174;2011;4093;2011
3730;2011;363;2011
5069;2011;9646;2011
3617;2011;334;2011
2892;2011;4637;2011
3793;2011;747;2011
1906;2011;8905;2011
8029;2011;7417;2011
5654;2011;8388;2011
2923;2011;859;2011
8793;2011;10649;2011
0754;2011;1183;2011
7432;2011;487;2011
3187;2011;35777;2011
8473;2011;1415;2011
3668;2011;649;2011
7376;2011;52096;2011
7493;2011;1887;2011
9893;2011;21685;2011
5491;2011;4061;2011
1862;2011;13660;2011
6584;2011;490;2011
1449;2011;12304;2011
4759;2011;21236;2011
6995;2011;5894;2011
0431;2011;1974;2011
0650;2011;6005;2011
9002;2011;23955;2011
1242;2011;1254;2011
1895;2011;771;2011
3960;2011;19964;2011
4718;2011;82420;2011
4509;2011;398;2011
7531;2011;6057;2011
7630;2011;13100;2011
9850;2011;1016;2011
5174;2011;1490;2011
7166;2011;918;2011
9991;2011;7140;2011
6536;2011;803;2011
3560;2011;6958;2011
1913;2011;39492;2011
0667;2011;3074;2011
2684;2011;21182;2011
5711;2011;11294;2011
8416;2011;1414;2011
1398;2011;2177;2011
4257;2011;5224;2011
1250;2011;8730;2011
9352;2011;39813;2011
3928;2011;2039;2011
5872;2011;2707;2011
0841;2011;8245;2011
3969;2011;1391;2011
3249;2011;2008;2011
0960;2011;1840;2011
6278;2011;46385;2011
1597;2011;6794;2011
0165;2011;20994;2011
8028;2011;12587;2011
7577;2011;280;2011
9200;2011;826;2011
7449;2011;2450;2011
5727;2011;58223;2011
5196;2011;1192;2011
4305;2011;9832;2011
5618;2011;9703;2011
3841;2011;765;2011
8371;2011;218;2011
0854;2011;390;2011
7161;2011;15903;2011
4072;2011;288;2011
2646;2011;11285;2011
5724;2011;1034;2011
3501;2011;752;2011
3895;2011;2677229;2011
5016;2011;1405;2011
4283;2011;7030;2011
3046;2011;940;2011
4501;2011;1562;2011
5287;2011;3002;2011
9057;2011;18044;2011
3566;2011;4624;2011
8935;2011;3732;2011
6619;2011;3376;2011
1597;2011;182;2011
8581;2011;9219;2011
2313;2011;9142;2011
6440;2011;54213;2011
2671;2011;5159;2011
7793;2011;1090;2011
9862;2011;5469;2011
9396;2011;302;2011
7183;2011;328;2011
9131;2011;15324;2011
2667;2011;52731;2011
9435;2011;4012;2011
5375;2011;176;2011
0351;2011;17146;2011
4985;2011;13090;2011
9515;2011;38516;2011
0684;2011;44619;2011
9981;2011;38076;2011
6431;2011;14140;2011
8908;2011;69679;2011
9404;2011;30723;2011
1230;2011;68649;2011
4003;2011;1620;2011
3826;2011;656;2011
7046;2011;4444;2011
1569;2011;35751;2011
3114;2011;11156;2011
9130;2011;37590;2011
1642;2011;36942;2011
2033;2011;21126;2011
0970;2011;10543;2011
6174;2011;118628;2011
2423;2011;4161;2011
1331;2011;3100;2011
1345;2011;19565;2011
1013;2011;6182;2011
2214;2011;4079;2011
1023;2011;14088;2011
1563;2011;3299;2011
9808;2011;14081;2011
3661;2011;1238;2011
4927;2011;4634;2011
1656;2011;1113;2011
5035;2011;1131;2011
3721;2011;19249;2011
6307;2011;8832;2011
6104;2011;6896;2011
9962;2011;9377;2011
4710;2011;24389;2011
8186;2011;7310;2011
4897;2011;3323;2011
7401;2011;2935;2011
5876;2011;44444;2011
7454;2011;717;2011
3174;2011;289;2011
4662;2011;1928;2011
9573;2011;28990;2011
7134;2011;2875;2011
7258;2011;4331;2011
8135;2011;21469;2011
2368;2011;5326;2011
5217;2011;5822;2011
2884;2011;2385;2011
2398;2011;7413;2011
8889;2011;4467;2011
6376;2011;2660;2011
0535;2011;782;2011
1885;2011;8849;2011
7934;2011;2808;2011
4273;2011;1762;2011
3769;2011;641;2011
2708;2011;2996;2011
4187;2011;33719;2011
3207;2011;3525;2011
8819;2011;901;2011
9148;2011;4000;2011
4500;2011;4929;2011
0610;2011;23156;2011
0302;2011;8769;2011
4090;2011;7775;2011
5176;2011;1875;2011
6784;2011;976;2011
9886;2011;745;2011
3838;2011;1678;2011
5646;2011;3926;2011
7328;2011;566;2011
9996;2011;21088;2011
0689;2011;554;2011
9774;2011;9697;2011
1111;2011;3014;2011
1479;2011;1329;2011
8443;2011;47170;2011
8358;2011;2181;2011
7370;2011;1251;2011
5444;2011;2370;2011
3728;2011;1663;2011
0140;2011;11975;2011
7118;2011;12892;2011
5710;2011;3280;2011
6362;2011;8188;2011
1606;2011;1531;2011
3072;2011;3120;2011
8889;2011;1566;2011
1469;2011;1266;2011
9312;2011;3020;2011
3244;2011;6226;2011
3812;2011;4693;2011
4058;2011;2569;2011
6809;2011;4336;2011
8006;2011;13284;2011
8043;2011;1204;2011
6134;2011;5376;2011
5828;2011;984;2011
3317;2011;7541;2011
2138;2011;361;2011
6342;2011;2144;2011
7054;2011;3196;2011
7104;2011;3417;2011
0257;2011;1021;2011
1068;2011;1558;2011
0186;2011;1950;2011
1030;2011;6250;2011
5978;2011;1413;2011
5042;2011;2682;2011
3938;2011;3096;2011
6770;2011;793;2011
2210;2011;2644;2011
1249;2011;26429;2011
5679;2011;2498;2011
5901;2011;4938;2011
6444;2011;469;2011
9926;2011;1406;2011
0598;2011;4635;2011
3218;2011;1864;2011
6404;2011;1697;2011
2762;2011;2800;2011
5375;2011;1015;2011
6558;2011;1661;2011
6404;2011;20772;2011
2083;2011;827;2011
8421;2011;2261;2011
0226;2011;1289;2011
7672;2011;2653;2011
0989;2011;1711;2011
8595;2011;375;2011
0556;2011;1389;2011
3172;2011;7668;2011
1268;2011;4951;2011
0079;2011;5394;2011
8518;2011;52893;2011
4328;2011;2316;2011
7783;2011;5808;2011
6782;2011;1789;2011
0404;2011;5752;2011
9577;2011;5823;2011
0171;2011;1908;2011
3014;2011;5458;2011
4356;2011;9803;2011
3864;2011;1619;2011
6030;2011;19164;2011
3159;2011;6997;2011
2291;2011;8096;2011
3569;2011;13947;2011
5127;2011;21215;2011
5584;2011;10193;2011
9044;2011;8472;2011
0685;2011;77551;2011
4785;2011;1617;2011
3231;2011;1187;2011
7729;2011;1522;2011
3439;2011;3927;2011
9413;2011;23660;2011
2077;2011;5075;2011
7370;2011;8530;2011
6508;2011;435;2011
4670;2011;1257;2011
6894;2011;7194;2011
7843;2011;2166;2011
7113;2011;861;2011
6781;2011;1524;2011
9244;2011;4944;2011
8580;2011;8769;2011
1290;2011;662;2011
1131;2011;2265;2011
9275;2011;661;2011
4234;2011;3641;2011
0500;2011;7081;2011
9776;2011;10656;2011
5888;2011;737;2011
5891;2011;1164;2011
5573;2011;14707;2011
6330;2011;10741;2011
6723;2011;39419;2011
2360;2011;40458;2011
3040;2011;2334;2011
0952;2011;3287;2011
7257;2011;27438;2011
8339;2011;25431;2011
6084;2011;11068;2011
0206;2011;2956;2011
4954;2011;2388;2011
4291;2011;11510;2011
9339;2011;4775;2011
4929;2011;3049;2011
3783;2011;6219;2011
2451;2011;1773;2011
9126;2011;7773;2011
2092;2011;1569;2011
7444;2011;1605;2011
8895;2011;1771;2011
6402;2011;1373;2011
2195;2011;7601;2011
4795;2011;2412;2011
5320;2011;3391;2011
0384;2011;3632;2011
7120;2011;954;2011
0055;2011;472;2011
1506;2011;1878;2011
1901;2011;13565;2011
1790;2011;17349;2011
4989;2011;1032;2011
6099;2011;13280;2011
7271;2011;21669;2011
7174;2011;990;2011
1312;2011;2020;2011
7852;2011;12098;2011
8351;2011;14311;2011
9201;2011;33321;2011
7297;2011;2681;2011
9668;2011;5191;2011
5227;2011;2289;2011
2007;2011;14152;2011
1870;2011;22335;2011
7652;2011;7510;2011
2119;2011;8193;2011
4301;2011;12611;2011
6991;2011;13722;2011
3939;2011;944;2011
6551;2011;18004;2011
5233;2011;6681;2011
4196;2011;973;2011
9014;2011;2821;2011
5469;2011;6565;2011
8249;2011;11560;2011
9698;2011;7087;2011
7200;2011;3718;2011
7814;2011;7787;2011
0481;2011;6769;2011
6867;2011;6473;2011
8972;2011;8181;2011
2218;2011;2857;2011
0381;2011;5834;2011
1195;2011;2717;2011
9610;2011;2049;2011
6568;2011;840;2011
8169;2011;2548;2011
8340;2011;61360;2011
4626;2011;1501;2011
9402;2011;2092;2011
0788;2011;1832;2011
3059;2011;2633;2011
5858;2011;1108;2011
8038;2011;1554;2011
3398;2011;1478;2011
3975;2011;949;2011
2547;2011;1552;2011
7795;2011;1321;2011
4357;2011;2623;2011
5730;2011;1381;2011
7176;2011;2103;2011
8035;2011;3383;2011
3530;2011;4117;2011
6637;2011;2481;2011
2750;2011;2615;2011
8586;2011;4196;2011
0522;2011;2772;2011
9049;2011;2239;2011
9892;2011;3697;2011
7656;2011;3512;2011
3090;2011;1475;2011
4545;2011;1240;2011
5738;2011;1106;2011
4921;2011;1906;2011
8164;2011;2422;2011
7871;2011;521;2011
0975;2011;5245;2011
3809;2011;4150;2011
5907;2011;1892;2011
2035;2011;4135;2011
1636;2011;1670;2011
9380;2011;1652;2011
5073;2011;13440;2011
3315;2011;5104;2011
2987;2011;4114;2011
7490;2011;2551;2011
7988;2011;2094;2011
0010;2011;1985;2011
8327;2011;1579;2011
1537;2011;2082;2011
8130;2011;587;2011
2535;2011;3079;2011
9153;2011;2664;2011
0289;2011;2319;2011
7611;2011;1397;2011
6384;2011;1259;2011
6623;2011;5114;2011
3386;2011;9884;2011
7653;2011;3048;2011
9590;2011;3240;2011
8833;2011;2334;2011
2955;2011;2175;2011
3043;2011;872;2011
1870;2011;3560;2011
1840;2011;1296;2011
0421;2011;922;2011
2242;2011;3691;2011
3108;2011;4060;2011
2410;2011;1007;2011
3786;2011;11372;2011
0134;2011;4328;2011
2448;2011;656;2011
1266;2011;4011;2011
9987;2011;7070;2011
4911;2011;1551;2011
1549;2011;3444;2011
9905;2011;2993;2011
7986;2011;648;2011
7117;2011;56966;2011
9106;2011;63721;2011
8316;2011;7433;2011
4666;2011;6730;2011
7310;2011;35446;2011
4675;2011;26977;2011
9609;2011;10022;2011
3981;2011;27766;2011
5305;2011;10499;2011
6161;2011;15994;2011
2212;2011;37723;2011
9831;2011;12648;2011
3276;2011;5404;2011
0628;2011;7124;2011
6495;2011;2305;2011
1983;2011;22415;2011
8354;2011;49777;2011
3842;2011;3295;2011
8488;2011;8278;2011
1823;2011;13367;2011
5267;2011;18631;2011
5932;2011;3858;2011
1384;2011;78998;2011
8099;2011;66072;2011
9214;2011;7554;2011
2290;2011;18888;2011
3311;2011;12762;2011
7406;2011;7221;2011
4494;2011;1847;2011
2191;2011;12447;2011
0814;2011;17255;2011
3882;2011;30164;2011
0417;2011;15978;2011
6321;2011;115418;2011
6424;2011;29516;2011
8769;2011;18140;2011
1402;2011;18818;2011
0768;2011;4820;2011
0191;2011;6235;2011
7109;2011;1698;2011
6525;2011;58866;2011
2623;2011;7611;2011
5752;2011;30340;2011
8362;2011;14098;2011
7992;2011;37896;2011
2511;2011;8005;2011
7043;2011;13225;2011
2636;2011;34564;2011
9441;2011;961773;2011
1853;2011;34054;2011
0227;2011;23837;2011
6708;2011;15079;2011
3354;2011;13084;2011
5394;2011;6009;2011
2007;2011;21526;2011
0156;2011;13516;2011
7093;2011;39933;2011
4303;2011;25478;2011
6013;2011;55831;2011
4339;2011;82354;2011
2559;2011;10445;2011
4345;2011;25002;2011
1590;2011;40030;2011
8936;2011;54023;2011
3315;2011;7157;2011
0144;2011;11236;2011
1538;2011;46405;2011
1713;2011;27917;2011
9480;2011;3523;2011
6395;2011;9419;2011
1482;2011;9131;2011
7405;2011;28293;2011
9133;2011;34109;2011
9318;2011;19661;2011
3696;2011;6329;2011
8775;2011;15575;2011
4791;2011;5790;2011
4432;2011;3184;2011
6664;2011;34979;2011
9556;2011;16603;2011
6518;2011;8280;2011
4648;2011;17713;2011
5080;2011;43414;2011
6611;2011;86501;2011
2070;2011;3796;2011
3794;2011;20895;2011
8729;2011;30682;2011
9036;2011;4564;2011
2063;2011;23304;2011
9788;2011;11678;2011
2131;2011;9186;2011
0421;2011;5616;2011
8723;2011;4015;2011
0831;2011;4299;2011
6485;2011;2057;2011
1450;2011;1822;2011
7365;2011;22867;2011
5931;2011;11056;2011
3890;2011;7931;2011
5500;2011;55570;2011
8043;2011;3282;2011
2951;2011;4770;2011
1573;2011;3989;2011
7774;2011;2532;2011
8104;2011;350;2011
3340;2011;2523;2011
0517;2011;4956;2011
3488;2011;1166;2011
2828;2011;3552;2011
4879;2011;2421;2011
7239;2011;1501;2011
0937;2011;1930;2011
0746;2011;986;2011
3663;2011;1155;2011
6888;2011;2117;2011
1700;2011;1696;2011
3430;2011;9952;2011
7261;2011;2540;2011
6074;2011;566;2011
6024;2011;2343;2011
3106;2011;3037;2011
6343;2011;1440;2011
3990;2011;1916;2011
5501;2011;3000;2011
7042;2011;3295;2011
3896;2011;5415;2011
0394;2011;3976;2011
3349;2011;3638;2011
2633;2011;739;2011
1148;2011;8353;2011
1256;2011;1981;2011
8729;2011;1807;2011
0825;2011;2650;2011
2465;2011;1658;2011
2934;2011;3639;2011
5111;2011;6398;2011
0681;2011;1242;2011
7453;2011;3224;2011
7196;2011;1693;2011
6840;2011;1941;2011
9169;2011;12442;2011
9585;2011;7922;2011
3786;2011;456;2011
0056;2011;3902;2011
2940;2011;3436;2011
9575;2011;12284;2011
4461;2011;2324;2011
2382;2011;1403;2011
9536;2011;7899;2011
0089;2011;3027;2011
6348;2011;5390;2011
5660;2011;835;2011
6653;2011;10608;2011
4756;2011;8954;2011
4120;2011;1323;2011
4535;2011;1681;2011
2983;2011;5363;2011
6004;2011;4254;2011
6764;2011;1991;2011
6255;2011;1873;2011
2187;2011;685;2011
4254;2011;2546;2011
1398;2011;358;2011
2415;2011;2410;2011
7281;2011;1580;2011
9911;2011;3016;2011
8428;2011;3738;2011
9311;2011;1922;2011
9082;2011;2176;2011
4554;2011;2387;2011
4116;2011;881;2011
8084;2011;3633;2011
9594;2011;769;2011
5865;2011;1183;2011
9153;2011;4803;2011
4659;2011;2606;2011
8989;2011;787;2011
5378;2011;1596;2011
1929;2011;1712;2011
9333;2011;1452;2011
0432;2011;1648;2011
4602;2011;840;2011
7449;2011;756;2011
1046;2011;4305;2011
4343;2011;1402;2011
7802;2011;2198;2011
4722;2011;1183;2011
1053;2011;1348;2011
0250;2011;1199;2011
4994;2011;7143;2011
1867;2011;3016;2011
2135;2011;12493;2011
1034;2011;600;2011
6968;2011;3706;2011
6733;2011;3149;2011
3678;2011;1640;2011
7662;2011;1610;2011
4115;2011;2455;2011
2061;2011;1569;2011
5685;2011;2249;2011
0416;2011;1386;2011
2199;2011;577;2011
0025;2011;1081;2011
9641;2011;927;2011
9136;2011;2847;2011
1237;2011;1422;2011
1566;2011;2572;2011
0366;2011;1036;2011
9992;2011;1768;2011
4183;2011;3871;2011
2142;2011;1198;2011
4968;2011;2900;2011
7665;2011;21143;2011
2302;2011;6545;2011
8222;2011;1100;2011
4817;2011;7047;2011
7001;2011;5262;2011
7655;2011;32692;2011
7339;2011;1566;2011
4528;2011;5718;2011
0072;2011;2329;2011
1206;2011;889;2011
6828;2011;2413;2011
9298;2011;16814;2011
8494;2011;50810;2011
7467;2011;857;2011
4087;2011;5562;2011
9179;2011;5296;2011
5398;2011;2597;2011
4297;2011;2810;2011
9092;2011;1582;2011
5768;2011;7113;2011
3035;2011;16141;2011
1530;2011;466;2011
7503;2011;1091;2011
0263;2011;22333;2011
8232;2011;1219;2011
5703;2011;1457;2011
7096;2011;5027;2011
5545;2011;1973;2011
6340;2011;1840;2011
4332;2011;8325;2011
0593;2011;2600;2011
0638;2011;644;2011
5851;2011;13595;2011
2937;2011;2658;2011
4074;2011;1367;2011
5311;2011;53987;2011
6166;2011;1978;2011
7508;2011;5112;2011
4579;2011;2514;2011
9681;2011;2300;2011
3734;2011;1237;2011
1580;2011;3778;2011
1281;2011;739;2011
7461;2011;881;2011
9342;2011;3349;2011
7318;2011;2550;2011
9663;2011;642;2011
6631;2011;581;2011
5727;2011;38441;2011
5341;2011;1299;2011
6874;2011;13734;2011
8817;2011;834;2011
8506;2011;1251;2011
0750;2011;5283;2011
6125;2011;12074;2011
9883;2011;1336;2011
7006;2011;1264;2011
3430;2011;1019;2011
7442;2011;1173;2011
4538;2011;1712;2011
2220;2011;856;2011
6766;2011;1491;2011
2415;2011;1108;2011
2957;2011;739;2011
6714;2011;5584;2011
3331;2011;22127;2011
6624;2011;2822;2011
1887;2011;1885;2011
4423;2011;2233;2011
2510;2011;2600;2011
8816;2011;10295;2011
1614;2011;12726;2011
1659;2011;573;2011
6911;2011;1647;2011
2217;2011;6854;2011
1938;2011;722;2011
9447;2011;46544;2011
6625;2011;24267;2011
7132;2011;2314;2011
2426;2011;2262;2011
7239;2011;6926;2011
6214;2011;3830;2011
1008;2011;1586;2011
5503;2011;1158;2011
6115;2011;731;2011
1141;2011;5423;2011
9763;2011;35594;2011
2980;2011;4107;2011
0374;2011;10774;2011
8138;2011;1788;2011
9994;2011;1008;2011
1585;2011;706;2011
4697;2011;1215;2011
7654;2011;1436;2011
2380;2011;2818;2011
0811;2011;5348;2011
1653;2011;2428;2011
1891;2011;25380;2011
6531;2011;3940;2011
2433;2011;2213;2011
6706;2011;2093;2011
0409;2011;1024;2011
9350;2011;2497;2011
9286;2011;1214;2011
1579;2011;7403;2011
5575;2011;1730;2011
3133;2011;9139;2011
5882;2011;1664;2011
6700;2011;410;2011
1813;2011;846;2011
6883;2011;892;2011
6570;2011;560;2011
6928;2011;12505;2011
7851;2011;2018;2011
8517;2011;136756;2011
5976;2011;581;2011
3872;2011;6684;2011
9015;2011;3849;2011
0525;2011;4419;2011
0237;2011;2594;2011
1894;2011;10223;2011
2807;2011;991;2011
0544;2011;651;2011
5134;2011;1737;2011
9585;2011;1747;2011
3605;2011;3196;2011
6091;2011;735;2011
1435;2011;2762;2011
2451;2011;8838;2011
9193;2011;469;2011
1563;2011;10493;2011
7442;2011;2724;2011
2001;2011;6963;2011
0006;2011;31294;2011
7559;2011;5087;2011
8723;2011;50602;2011
8627;2011;1537;2011
2296;2011;347;2011
0330;2011;4012;2011
0424;2011;1385;2011
5692;2011;10213;2011
1133;2011;3410;2011
5173;2011;784;2011
2800;2011;947;2011
8655;2011;8213;2011
4617;2011;1824;2011
0132;2011;1275;2011
0329;2011;2205;2011
2173;2011;563;2011
8260;2011;4125;2011
4361;2011;1711;2011
6021;2011;280;2011
3214;2011;8772;2011
7850;2011;1731;2011
5428;2011;3296;2011
5175;2011;8162;2011
0220;2011;13093;2011
2232;2011;345;2011
5166;2011;1469;2011
9500;2011;810;2011
4329;2011;377;2011
9252;2011;1172;2011
0845;2011;41869;2011
8420;2011;3683;2011
5883;2011;701;2011
4864;2011;1846;2011
1069;2011;725;2011
5929;2011;274;2011
1210;2011;1116;2011
3144;2011;1475;2011
4433;2011;148;2011
9040;2011;858;2011
7245;2011;619;2011
9030;2011;1050;2011
6995;2011;277;2011
6574;2011;927;2011
9626;2011;5339;2011
6391;2011;682;2011
6151;2011;235;2011
5707;2011;555;2011
7863;2011;86;2011
7935;2011;5566;2011
0313;2011;463;2011
8838;2011;331;2011
4298;2011;6149;2011
1005;2011;1108;2011
3194;2011;172;2011
2942;2011;1072;2011
7991;2011;10966;2011
1647;2011;1695;2011
3454;2011;999;2011
4906;2011;309;2011
4518;2011;3410;2011
6044;2011;267;2011
9435;2011;956;2011
0194;2011;1331;2011
2092;2011;247;2011
9499;2011;1085;2011
6437;2011;446;2011
8595;2011;422;2011
7066;2011;704;2011
1490;2011;275;2011
4035;2011;2115;2011
2376;2011;611;2011
1068;2011;2154;2011
9064;2011;70752;2011
4694;2011;1749;2011
8647;2011;5960;2011
4425;2011;1058;2011
9185;2011;3822;2011
5331;2011;1556;2011
2078;2011;423;2011
4084;2011;2838;2011
2701;2011;1510;2011
0036;2011;594;2011
6036;2011;1119;2011
8978;2011;542;2011
9042;2011;429;2011
3576;2011;1162;2011
1661;2011;609;2011
9993;2011;1894;2011
3767;2011;1226;2011
5874;2011;1221;2011
1547;2011;744;2011
1585;2011;2254;2011
7943;2011;4289;2011
0623;2011;1170;2011
8484;2011;1396;2011
4355;2011;3941;2011
4565;2011;1088;2011
6544;2011;512;2011
6736;2011;7861;2011
5962;2011;1040;2011
9925;2011;2870;2011
0009;2011;674;2011
3068;2011;725;2011
1067;2011;889;2011
6186;2011;522;2011
5452;2011;1521;2011
9610;2011;170;2011
9100;2011;1660;2011
7609;2011;3935;2011
0984;2011;136;2011
4918;2011;1844;2011
2122;2011;660;2011
8133;2011;1212;2011
9441;2011;419;2011
6988;2011;112;2011
0389;2011;2433;2011
6765;2011;1967;2011
3541;2011;588;2011
0036;2011;3349;2011
3815;2011;2799;2011
3410;2011;395;2011
9278;2011;24720;2011
4574;2011;6977;2011
6548;2011;332;2011
9607;2011;3142;2011
4430;2011;6197;2011
1994;2011;596;2011
9897;2011;147;2011
2153;2011;434;2011
7329;2011;946;2011
5246;2011;679;2011
1945;2011;900;2011
5964;2011;12125;2011
9192;2011;1898;2011
1360;2011;871;2011
1814;2011;11163;2011
8534;2011;2454;2011
0440;2011;7216;2011
8746;2011;2062;2011
4239;2011;7336;2011
7371;2011;1988;2011
1590;2011;504;2011
1757;2011;7414;2011
6808;2011;1218;2011
6851;2011;2375;2011
7942;2011;1569;2011
9394;2011;2620;2011
3628;2011;1784;2011
7369;2011;5335;2011
0131;2011;2258;2011
6331;2011;3795;2011
8145;2011;2458;2011
1135;2011;4793;2011
9429;2011;710;2011
3022;2011;1448;2011
7722;2011;354;2011
0024;2011;23503;2011
0450;2011;4882;2011
5937;2011;1104;2011
5649;2011;8291;2011
7269;2011;3698;2011
4475;2011;9279;2011
0112;2011;5132;2011
1502;2011;6900;2011
0982;2011;1738;2011
4851;2011;306;2011
1092;2011;14734;2011
7982;2011;569;2011
2664;2011;25192;2011
3618;2011;9755;2011
2024;2011;5437;2011
6259;2011;15659;2011
8396;2011;54647;2011
2171;2011;1683;2011
3803;2011;2709;2011
9731;2011;10566;2011
1359;2011;1422;2011
7532;2011;1032;2011
6579;2011;16153;2011
4014;2011;440;2011
5275;2011;3614;2011
9583;2011;1175;2011
9862;2011;343;2011
9116;2011;2674;2011
4127;2011;3968;2011
9893;2011;2027;2011
0819;2011;687;2011
5745;2011;885;2011
0253;2011;1456;2011
8178;2011;10581;2011
0216;2011;14641;2011
8798;2011;1331;2011
0959;2011;1884;2011
9847;2011;6003;2011
7324;2011;281;2011
9615;2011;1612;2011
3097;2011;1733;2011
4721;2011;1605;2011
0704;2011;3036;2011
4993;2011;7675;2011
2626;2011;7071;2011
5012;2011;1025;2011
5815;2011;51668;2011
2564;2011;3281;2011
7621;2011;1832;2011
1943;2011;12730;2011
3332;2011;121208;2011
3464;2011;534;2011
0484;2011;8490;2011
5580;2011;1349;2011
7710;2011;517;2011
0393;2011;5478;2011
0563;2011;1012;2011
7943;2011;3725;2011
8034;2011;317;2011
4182;2011;304;2011
3973;2011;1952;2011
3407;2011;3872;2011
8874;2011;606;2011
0138;2011;18791;2011
6676;2011;2746;2011
9177;2011;3199;2011
1122;2011;868;2011
3297;2011;399;2011
1818;2011;744;2011
3302;2011;2910;2011
5443;2011;2287;2011
3915;2011;1169;2011
7167;2011;1149;2011
9761;2011;10844;2011
2605;2011;893;2011
5091;2011;370;2011
0774;2011;5274;2011
3819;2011;100;2011
9124;2011;1464;2011
8539;2011;673;2011
5642;2011;648;2011
5381;2011;1373;2011
6687;2011;1002;2011
0149;2011;6312;2011
0004;2011;3157;2011
0350;2011;5884;2011
8861;2011;4328;2011
0721;2011;409;2011
9829;2011;1893;2011
6778;2011;982;2011
5668;2011;52647;2011
4613;2011;357;2011
7214;2011;865;2011
2952;2011;233;2011
0465;2011;541;2011
2341;2011;2959;2011
3922;2011;4869;2011
8476;2011;391;2011
9639;2011;1961;2011
6920;2011;1534;2011
5328;2011;1030;2011
1407;2011;6406;2011
0895;2011;394;2011
1125;2011;24428;2011
1486;2011;1059;2011
4882;2011;1896;2011
9896;2011;1098;2011
5604;2011;328;2011
4701;2011;1575;2011
6462;2011;2957;2011
8874;2011;1282;2011
5009;2011;9409;2011
5631;2011;439;2011
3710;2011;1369;2011
9494;2011;36019;2011
6165;2011;735;2011
1285;2011;368;2011
1795;2011;711;2011
7343;2011;4879;2011
4634;2011;1038;2011
2862;2011;139;2011
2680;2011;82;2011
9986;2011;746;2011
2122;2011;2575;2011
1032;2011;2323;2011
4460;2011;4107;2011
8737;2011;23768;2011
7797;2011;4474;2011
6299;2011;1411;2011
7780;2011;978;2011
1930;2011;1104;2011
0200;2011;318;2011
0312;2011;518;2011
4826;2011;1682;2011
9206;2011;1162;2011
9473;2011;952;2011
1680;2011;2319;2011
1259;2011;994;2011
4453;2011;861;2011
2985;2011;1375;2011
1629;2011;4250;2011
2198;2011;1810;2011
6995;2011;2369;2011
0060;2011;1313;2011
0066;2011;1430;2011
8107;2011;106;2011
2305;2011;259;2011
2693;2011;1025;2011
6722;2011;214;2011
7311;2011;12860;2011
4080;2011;980;2011
6996;2011;19327;2011
7079;2011;1864;2011
8273;2011;2488;2011
0004;2011;5314;2011
2545;2011;3409;2011
5688;2011;941;2011
8984;2011;412;2011
9591;2011;4148;2011
1175;2011;3064;2011
5279;2011;1929;2011
2887;2011;927;2011
6762;2011;4124;2011
1143;2011;1410;2011
8695;2011;1593;2011
4377;2011;462;2011
2727;2011;1704;2011
3449;2011;40219;2011
1285;2011;990;2011
7324;2011;2445;2011
2298;2011;1473;2011
3672;2011;124;2011
0991;2011;147;2011
5993;2011;671;2011
9947;2011;2730;2011
6298;2011;7977;2011
2796;2011;1524;2011
8102;2011;1368;2011
1117;2011;48905;2011
7010;2011;639;2011
7217;2011;2564;2011
4253;2011;937;2011
6760;2011;7136;2011
2764;2011;2215;2011
0649;2011;566;2011
2235;2011;344;2011
5442;2011;587;2011
6196;2011;1636;2011
9572;2011;1029;2011
9107;2011;3920;2011
7935;2011;685;2011
8933;2011;453;2011
6946;2011;800;2011
9050;2011;2080;2011
4681;2011;429;2011
7727;2011;3275;2011
3337;2011;1475;2011
6825;2011;1486;2011
7548;2011;854;2011
5261;2011;1121;2011
7156;2011;788;2011
9461;2011;5461;2011
7729;2011;1800;2011
7652;2011;7153;2011
2662;2011;822;2011
5628;2011;729;2011
8724;2011;536;2011
7323;2011;619;2011
5053;2011;1226;2011
4211;2011;1106;2011
4272;2011;2160;2011
1999;2011;166;2011
2140;2011;557;2011
6236;2011;1144;2011
9190;2011;1424;2011
5674;2011;1644;2011
7631;2011;386;2011
2928;2011;449;2011
3125;2011;6677;2011
6629;2011;464;2011
8400;2011;654;2011
8849;2011;1576;2011
8179;2011;1772;2011
4006;2011;3652;2011
5154;2011;1211;2011
2809;2011;1413;2011
0789;2011;229;2011
1136;2011;2537;2011
0324;2011;120;2011
0393;2011;5378;2011
9604;2011;542;2011
8270;2011;2992;2011
0439;2011;836;2011
7399;2011;1221;2011
2595;2011;706;2011
8460;2011;208;2011
3719;2011;683;2011
0822;2011;1419;2011
4484;2011;626;2011
0508;2011;1056;2011
0477;2011;1051;2011
6520;2011;4802;2011
3299;2011;836;2011
2841;2011;455;2011
3670;2011;4671;2011
8688;2011;348;2011
2452;2011;1905;2011
3707;2011;1986;2011
8338;2011;1370;2011
9697;2011;805;2011
6345;2011;32874;2011
7316;2011;792;2011
0582;2011;1455;2011
6983;2011;4811;2011
5163;2011;969;2011
6494;2011;2792;2011
4776;2011;3233;2011
7359;2011;2452;2011
7469;2011;1010;2011
0140;2011;1722;2011
5024;2011;13550;2011
6715;2011;6329;2011
6444;2011;2878;2011
9297;2011;3562;2011
8365;2011;7562;2011
8096;2011;2734;2011
0017;2011;6508;2011
7114;2011;1083;2011
0494;2011;4383;2011
3611;2011;1666;2011
9321;2011;1951;2011
4736;2011;2154;2011
7854;2011;1352;2011
4861;2011;1555;2011
4171;2011;1728;2011
4132;2011;177;2011
9196;2011;59660;2011
5173;2011;1772;2011
8521;2011;3931;2011
0981;2011;637;2011
2545;2011;152079;2011
4608;2011;4356;2011
1780;2011;509;2011
1534;2011;6347;2011
7870;2011;34380;2011
5377;2011;57233;2011
4796;2011;6427;2011
4107;2011;1065;2011
1273;2011;13131;2011
9412;2011;771;2011
0056;2011;2920;2011
2381;2011;17812;2011
7043;2011;857;2011
3895;2011;4424;2011
6453;2011;2744;2011
8824;2011;2844;2011
3968;2011;2211;2011
4654;2011;1953;2011
4471;2011;3687;2011
0521;2011;1172;2011
8788;2011;27423;2011
1973;2011;14464;2011
6249;2011;1082;2011
3574;2011;15884;2011
1604;2011;5923;2011
3046;2011;55083;2011
1326;2011;2085;2011
3541;2011;4045;2011
8629;2011;5339;2011
8122;2011;5165;2011
0084;2011;17455;2011
2450;2011;7341;2011
0822;2011;7960;2011
1885;2011;13843;2011
9970;2011;477;2011
3471;2011;1780;2011
5651;2011;2740;2011
7458;2011;3393;2011
0242;2011;21024;2011
8139;2011;17385;2011
8232;2011;10959;2011
3700;2011;69793;2011
4097;2011;318304;2011
6537;2011;2172;2011
9452;2011;11870;2011
3365;2011;56378;2011
9815;2011;10969;2011
1052;2011;15619;2011
4318;2011;19398;2011
1974;2011;14425;2011
1282;2011;19524;2011
9108;2011;5898;2011
4204;2011;25819;2011
3426;2011;48215;2011
9351;2011;28075;2011
2824;2011;20494;2011
7214;2011;44214;2011
3018;2011;13174;2011
1791;2011;14263;2011
2364;2011;39100;2011
9399;2011;26394;2011
9733;2011;60475;2011
8253;2011;49697;2011
5967;2011;19466;2011
7925;2011;25820;2011
7126;2011;21815;2011
4436;2011;1425;2011
0865;2011;17909;2011
1539;2011;27422;2011
8522;2011;18425;2011
8254;2011;25761;2011
2339;2011;6721;2011
7931;2011;9844;2011
8521;2011;26851;2011
2294;2011;27231;2011
3502;2011;8655;2011
1386;2011;27619;2011
3998;2011;12829;2011
9786;2011;18302;2011
1707;2011;7046;2011
9347;2011;6887;2011
3148;2011;17180;2011
3004;2011;13687;2011
0642;2011;3557;2011
4128;2011;5399;2011
5030;2011;22806;2011
1219;2011;32771;2011
1716;2011;15365;2011
3135;2011;7905;2011
1769;2011;10238;2011
4069;2011;31866;2011
7194;2011;49645;2011
0687;2011;5460;2011
9935;2011;32697;2011
7460;2011;5553;2011
4326;2011;4103;2011
8486;2011;2409;2011
9603;2011;16254;2011
8616;2011;7894;2011
9641;2011;16041;2011
2690;2011;11126;2011
1453;2011;1833;2011
5598;2011;16003;2011
1944;2011;9283;2011
5686;2011;16757;2011
8582;2011;200234;2011
9252;2011;4234;2011
3200;2011;14511;2011
0135;2011;89737;2011
6192;2011;16362;2011
0201;2011;20716;2011
8384;2011;6812;2011
1688;2011;11840;2011
6284;2011;8922;2011
7854;2011;39582;2011
9378;2011;36970;2011
3820;2011;15018;2011
0505;2011;27776;2011
6667;2011;15454;2011
5577;2011;32424;2011
0443;2011;6967;2011
5343;2011;6401;2011
6779;2011;10336;2011
9393;2011;14360;2011
0790;2011;19702;2011
3366;2011;5487;2011
7645;2011;10714;2011
1455;2011;9308;2011
6990;2011;4906;2011
6923;2011;6520;2011
7894;2011;5637;2011
5298;2011;6758;2011
7116;2011;4990;2011
5803;2011;9808;2011
5612;2011;4064;2011
7446;2011;1881;2011
7498;2011;2849;2011
1807;2011;7328;2011
8786;2011;10742;2011
3484;2011;1745;2011
7074;2011;2586;2011
2405;2011;12341;2011
9866;2011;3886;2011
7274;2011;20655;2011
9451;2011;3013;2011
6246;2011;4073;2011
7689;2011;5387;2011
6543;2011;12770;2011
7891;2011;6372;2011
5317;2011;24614;2011
4134;2011;5915;2011
1202;2011;5662;2011
3571;2011;4269;2011
8074;2011;9268;2011
4238;2011;3087;2011
5981;2011;5413;2011
6466;2011;27217;2011
0682;2011;15837;2011
2188;2011;21170;2011
2665;2011;1259;2011
0433;2011;1945;2011
0291;2011;5921;2011
0291;2011;94954;2011
8041;2011;8703;2011
5030;2011;14227;2011
4162;2011;11893;2011
6639;2011;14870;2011
2478;2011;9472;2011
4921;2011;1738;2011
6286;2011;11714;2011
3099;2011;9822;2011
5488;2011;7358;2011
1026;2011;2203;2011
7990;2011;3669;2011
1285;2011;3757;2011
7428;2011;13903;2011
5283;2011;2695;2011
5676;2011;3459;2011
7671;2011;5104;2011
2643;2011;32166;2011
3019;2011;5517;2011
1267;2011;2451;2011
0457;2011;8216;2011
2252;2011;2393;2011
1936;2011;5664;2011
9724;2011;1547;2011
0919;2011;9329;2011
6891;2011;1728;2011
9594;2011;6192;2011
3605;2011;5595;2011
2878;2011;10979;2011
7265;2011;9870;2011
8721;2011;8713;2011
0704;2011;4725;2011
0223;2011;1505;2011
0889;2011;8429;2011
5772;2011;5853;2011
6390;2011;5947;2011
1977;2011;3638;2011
8239;2011;3066;2011
3303;2011;7020;2011
7759;2011;1946;2011
3306;2011;4109;2011
4551;2011;5621;2011
0953;2011;4921;2011
4246;2011;3830;2011
7842;2011;14467;2011
7645;2011;2420;2011
4054;2011;4509;2011
9883;2011;1714;2011
7829;2011;15048;2011
6797;2011;12672;2011
1311;2011;12614;2011
7107;2011;2929;2011
4330;2011;14713;2011
3296;2011;17753;2011
5014;2011;5279;2011
3960;2011;12321;2011
4580;2011;4513;2011
3085;2011;14367;2011
2746;2011;7349;2011
9545;2011;2056;2011
7747;2011;2106;2011
5637;2011;2487;2011
1153;2011;5746;2011
1894;2011;1571;2011
6422;2011;2547;2011
8735;2011;1479;2011
0954;2011;1758;2011
9765;2011;674;2011
4769;2011;3857;2011
4804;2011;11782;2011
1526;2011;1862;2011
0544;2011;1406;2011
6030;2011;2672;2011
1247;2011;2912;2011
7113;2011;5230;2011
9325;2011;4100;2011
8776;2011;924;2011
3938;2011;1965;2011
0061;2011;427;2011
4751;2011;846;2011
4985;2011;1393;2011
5290;2011;699;2011
2232;2011;304;2011
8983;2011;1017;2011
9630;2011;2175;2011
9788;2011;861;2011
9081;2011;845;2011
7742;2011;1484;2011
4521;2011;1136;2011
7426;2011;719;2011
0175;2011;1950;2011
3392;2011;2608;2011
6440;2011;1474;2011
0762;2011;625;2011
8087;2011;3087;2011
3055;2011;2199;2011
8176;2011;4292;2011
6307;2011;896;2011
9252;2011;5931;2011
6494;2011;1714;2011
6795;2011;583;2011
0670;2011;5723;2011
6582;2011;4756;2011
7074;2011;1948;2011
6271;2011;13269;2011
6546;2011;13678;2011
8354;2011;5167;2011
9652;2011;4373;2011
0116;2011;5363;2011
8173;2011;1728;2011
2060;2011;17582;2011
3407;2011;546;2011
5528;2011;4188;2011
1330;2011;1734;2011
8705;2011;1323;2011
1840;2011;5577;2011
4925;2011;1504;2011
7094;2011;971;2011
8779;2011;3874;2011
9102;2011;5018;2011
8342;2011;2018;2011
5089;2011;6082;2011
0977;2011;4251;2011
7025;2011;1105;2011
2350;2011;6704;2011
4318;2011;67046;2011
8734;2011;4444;2011
5060;2011;1013;2011
5181;2011;13375;2011
4848;2011;1740;2011
5848;2011;2845;2011
7351;2011;1654;2011
9226;2011;3503;2011
4508;2011;3538;2011
6210;2011;1089;2011
3938;2011;1466;2011
0711;2011;1154;2011
2479;2011;769;2011
6989;2011;3161;2011
3893;2011;821;2011
1583;2011;1661;2011
1067;2011;1458;2011
0963;2011;6506;2011
6860;2011;1372;2011
4313;2011;830;2011
9008;2011;2408;2011
8373;2011;1146;2011
3049;2011;7114;2011
1821;2011;1556;2011
2982;2011;644;2011
0690;2011;1322;2011
2665;2011;7209;2011
6832;2011;3358;2011
6436;2011;3150;2011
1885;2011;2338;2011
9965;2011;712;2011
3628;2011;2072;2011
3885;2011;12170;2011
2410;2011;2921;2011
8270;2011;3147;2011
6975;2011;3139;2011
3184;2011;740;2011
7355;2011;3440;2011
3668;2011;1973;2011
4081;2011;1078;2011
1966;2011;12340;2011
6912;2011;796;2011
9042;2011;360;2011
6099;2011;1347;2011
0417;2011;772;2011
1083;2011;8948;2011
6109;2011;1140;2011
9256;2011;1053;2011
6299;2011;5414;2011
1502;2011;2371;2011
4530;2011;5081;2011
0810;2011;60059;2011
8385;2011;2545;2011
9956;2011;7416;2011
7987;2011;10112;2011
7498;2011;6655;2011
1844;2011;487;2011
6684;2011;17475;2011
6564;2011;16173;2011
6666;2011;4240;2011
7161;2011;2723;2011
4371;2011;2928;2011
2579;2011;1279;2011
0579;2011;1707;2011
1428;2011;4663;2011
1606;2011;5664;2011
9300;2011;5165;2011
2192;2011;1628;2011
1780;2011;7251;2011
7052;2011;1161;2011
4536;2011;1912;2011
6273;2011;21438;2011
5059;2011;1918;2011
2952;2011;836;2011
6690;2011;1455;2011
1120;2011;525;2011
5604;2011;735;2011
7159;2011;4394;2011
4560;2011;13807;2011
9084;2011;3005;2011
4229;2011;2979;2011
9782;2011;2062;2011
5532;2011;964;2011
0850;2011;9181;2011
3199;2011;1370;2011
1967;2011;10352;2011
8185;2011;1466;2011
8466;2011;2937;2011
5945;2011;2337;2011
5740;2011;1304;2011
9642;2011;1294;2011
6457;2011;1962;2011
3671;2011;788;2011
8228;2011;8632;2011
4296;2011;3444;2011
2733;2011;299;2011
9445;2011;2581;2011
0676;2011;17353;2011
0869;2011;2972;2011
5571;2011;10033;2011
0574;2011;345;2011
6354;2011;22527;2011
7468;2011;2982;2011
8584;2011;516;2011
9632;2011;2468;2011
3177;2011;3279;2011
0861;2011;883;2011
8954;2011;1326;2011
1416;2011;10270;2011
6187;2011;958;2011
9840;2011;1327;2011
5793;2011;1314;2011
6399;2011;38951;2011
8605;2011;69433;2011
6973;2011;1099;2011
1022;2011;9557;2011
2068;2011;5126;2011
3725;2011;4467;2011
6617;2011;959;2011
6743;2011;3943;2011
2708;2011;1401;2011
1646;2011;1121;2011
7008;2011;2218;2011
0600;2011;3083;2011
0161;2011;3037;2011
1137;2011;2239;2011
7961;2011;8083;2011
7085;2011;1733;2011
7482;2011;2326;2011
4629;2011;1886;2011
9546;2011;2690;2011
0811;2011;2038;2011
3359;2011;878;2011
2096;2011;990;2011
9328;2011;4081;2011
2379;2011;2268;2011
2541;2011;3486;2011
6500;2011;2541;2011
6003;2011;9604;2011
7812;2011;1230;2011
9158;2011;816;2011
2373;2011;1877;2011
3158;2011;2908;2011
2730;2011;1828;2011
0425;2011;3473;2011
3222;2011;3135;2011
8110;2011;1007;2011
6846;2011;9310;2011
1555;2011;1654;2011
6698;2011;18855;2011
8744;2011;1977;2011
2522;2011;4647;2011
8798;2011;3245;2011
5829;2011;1275;2011
0460;2011;427;2011
6014;2011;2394;2011
4127;2011;1328;2011
7394;2011;1141;2011
6663;2011;347;2011
8807;2011;16482;2011
2168;2011;807;2011
6176;2011;2253;2011
2016;2011;1379;2011
8673;2011;2013;2011
6546;2011;878;2011
3317;2011;1412;2011
2390;2011;1380;2011
8163;2011;1176;2011
4092;2011;831;2011
5918;2011;6564;2011
2809;2011;33953;2011
0290;2011;3317;2011
8772;2011;7220;2011
6841;2011;5685;2011
4913;2011;4350;2011
6600;2011;1890;2011
9125;2011;36792;2011
1240;2011;1185;2011
6823;2011;3101;2011
6715;2011;1065;2011
5715;2011;1606;2011
5719;2011;638;2011
8737;2011;3667;2011
3970;2011;1483;2011
9596;2011;2733;2011
5092;2011;1351;2011
6832;2011;1555;2011
5284;2011;17939;2011
6282;2011;733;2011
9284;2011;3465;2011
1183;2011;6002;2011
4949;2011;7381;2011
8985;2011;1214;2011
6934;2011;1769;2011
8441;2011;540;2011
3442;2011;3661;2011
5465;2011;2199;2011
3426;2011;1250;2011
1160;2011;1272;2011
6249;2011;1981;2011
4204;2011;4917;2011
2169;2011;2795;2011
5644;2011;1651;2011
4163;2011;2169;2011
1501;2011;3958;2011
4966;2011;1135;2011
5554;2011;10344;2011
4634;2011;1317;2011
5118;2011;561;2011
2734;2011;1009;2011
2636;2011;7165;2011
2874;2011;4508;2011
2200;2011;2097;2011
2778;2011;2138;2011
4561;2011;5054;2011
1208;2011;1031;2011
2216;2011;4605;2011
2150;2011;6048;2011
7168;2011;8886;2011
6494;2011;2716;2011
5337;2011;1180;2011
6418;2011;3207;2011
7330;2011;5207;2011
0838;2011;2485;2011
6368;2011;1008;2011
8829;2011;1886;2011
9328;2011;846;2011
8675;2011;790;2011
8792;2011;533;2011
0665;2011;3179;2011
5570;2011;1411;2011
3744;2011;7468;2011
4779;2011;4956;2011
0502;2011;1977;2011
1190;2011;2335;2011
4125;2011;1607;2011
7223;2011;90014;2011
9153;2011;595;2011
9582;2011;422;2011
3688;2011;1263;2011
8247;2011;6009;2011
2845;2011;1036;2011
3399;2011;1439;2011
0099;2011;2216;2011
8062;2011;4330;2011
5252;2011;6737;2011
0251;2011;5426;2011
8301;2011;3257;2011
0411;2011;3842;2011
3812;2011;2080;2011
8533;2011;614;2011
0372;2011;527;2011
7817;2011;2146;2011
5464;2011;3421;2011
0791;2011;6143;2011
1937;2011;4531;2011
2658;2011;4773;2011
5552;2011;1619;2011
2035;2011;620;2011
9401;2011;1280;2011
3341;2011;4477;2011
6834;2011;425;2011
9053;2011;2262;2011
8982;2011;937;2011
8432;2011;1165;2011
9398;2011;801;2011
7399;2011;1602;2011
8499;2011;4788;2011
2959;2011;876;2011
5793;2011;4756;2011
1687;2011;574;2011
3841;2011;1276;2011
3828;2011;2215;2011
8991;2011;1172;2011
7869;2011;2686;2011
6500;2011;2558;2011
8396;2011;2244;2011
3199;2011;700;2011
8918;2011;1655;2011
4530;2011;4311;2011
7227;2011;1776;2011
4844;2011;1313;2011
6942;2011;2150;2011
4332;2011;2073;2011
1712;2011;1830;2011
1558;2011;3347;2011
8090;2011;515;2011
4550;2011;7036;2011
6486;2011;3256;2011
2973;2011;4783;2011
3494;2011;2962;2011
7436;2011;4503;2011
2790;2011;829;2011
7924;2011;8967;2011
4957;2011;3139;2011
2796;2011;1640;2011
3260;2011;3408;2011
1084;2011;2450;2011
3058;2011;2712;2011
2624;2011;3892;2011
3698;2011;1119;2011
8782;2011;1837;2011
3295;2011;1735;2011
4255;2011;70483;2011
8961;2011;3200;2011
4872;2011;584;2011
1679;2011;2256;2011
9063;2011;1367;2011
7748;2011;4812;2011
0185;2011;1086;2011
8528;2011;10603;2011
7159;2011;2457;2011
9844;2011;4144;2011
3448;2011;1403;2011
9429;2011;455;2011
0561;2011;8826;2011
4995;2011;4171;2011
1371;2011;3638;2011
7427;2011;1217;2011
9648;2011;980;2011
4105;2011;724;2011
0092;2011;4436;2011
9521;2011;392;2011
2971;2011;794;2011
4621;2011;532;2011
2657;2011;1814;2011
1623;2011;2413;2011
5414;2011;792;2011
7562;2011;7087;2011
2342;2011;595;2011
9509;2011;6534;2011
9827;2011;10427;2011
2945;2011;5075;2011
3736;2011;924;2011
3800;2011;3440;2011
5555;2011;1769;2011
1061;2011;756;2011
5876;2011;1018;2011
3403;2011;1768;2011
9874;2011;2792;2011
7186;2011;1932;2011
8668;2011;19063;2011
0708;2011;7090;2011
9745;2011;3265;2011
1905;2011;409;2011
6906;2011;5315;2011
7538;2011;12484;2011
0708;2011;2979;2011
1551;2011;6540;2011
5190;2011;1574;2011
3362;2011;552;2011
4033;2011;1006;2011
5328;2011;5092;2011
4083;2011;11266;2011
4469;2011;2651;2011
7333;2011;3355;2011
4508;2011;6245;2011
4757;2011;6162;2011
8739;2011;5384;2011
6163;2011;2316;2011
1210;2011;18826;2011
5690;2011;640;2011
5105;2011;1248;2011
8735;2011;3731;2011
7699;2011;10837;2011
9980;2011;1216;2011
0361;2011;181701;2011
2369;2011;1904;2011
2229;2011;7847;2011
8565;2011;549;2011
8198;2011;6500;2011
9207;2011;1170;2011
5572;2011;14367;2011
2181;2011;868;2011
4002;2011;3156;2011
5662;2011;526;2011
5201;2011;2691;2011
3446;2011;4033;2011
0777;2011;1264;2011
3583;2011;540;2011
6363;2011;1825;2011
4089;2011;1011;2011
1995;2011;674;2011
9925;2011;320;2011
8795;2011;4063;2011
9996;2011;1352;2011
7968;2011;1263;2011
5297;2011;979;2011
1308;2011;5099;2011
8540;2011;2843;2011
0617;2011;911;2011
8595;2011;17123;2011
2146;2011;2157;2011
3085;2011;276;2011
7650;2011;1347;2011
1081;2011;2691;2011
5444;2011;15397;2011
1204;2011;546;2011
1240;2011;2221;2011
1747;2011;13533;2011
1980;2011;4312;2011
8932;2011;45770;2011
8093;2011;3070;2011
8616;2011;6958;2011
8321;2011;11608;2011
3202;2011;15153;2011
7569;2011;31771;2011
9007;2011;5434;2011
3374;2011;28347;2011
3149;2011;4281;2011
5738;2011;4275;2011
2581;2011;82339;2011
6328;2011;51141;2011
0074;2011;11516;2011
5311;2011;7743;2011
7263;2011;11081;2011
4571;2011;1561;2011
4154;2011;1767;2011
4210;2011;10912;2011
9436;2011;5107;2011
1187;2011;4441;2011
1336;2011;70013;2011
9625;2011;12136;2011
1029;2011;2153;2011
2764;2011;7818;2011
9748;2011;3867;2011
6975;2011;2186;2011
6806;2011;1300;2011
7839;2011;7480;2011
4356;2011;10429;2011
8358;2011;56427;2011
4298;2011;6618;2011
4710;2011;2030;2011
2934;2011;11213;2011
9696;2011;4852;2011
6253;2011;4138;2011
4101;2011;1496;2011
0237;2011;7375;2011
2312;2011;8358;2011
9459;2011;4198;2011
4560;2011;549;2011
5060;2011;7021;2011
6994;2011;1336;2011
7206;2011;3463;2011
1204;2011;11079;2011
5940;2011;36704;2011
7859;2011;9228;2011
9185;2011;11277;2011
1964;2011;3553;2011
0400;2011;3195;2011
0592;2011;1013;2011
2409;2011;14378;2011
8343;2011;5405;2011
5503;2011;2978;2011
4206;2011;3867;2011
1617;2011;12137;2011
1646;2011;4079;2011
4759;2011;1870;2011
4546;2011;11341;2011
5295;2011;12107;2011
4634;2011;7055;2011
3465;2011;1936;2011
8844;2011;2274;2011
1410;2011;2031;2011
9851;2011;1164;2011
1661;2011;1020;2011
9969;2011;1599;2011
5663;2011;7389;2011
3266;2011;3510;2011
4318;2011;6955;2011
4268;2011;6740;2011
2666;2011;3003;2011
4886;2011;28317;2011
1798;2011;38548;2011
8912;2011;6438;2011
0755;2011;3571;2011
0959;2011;2249;2011
5878;2011;658443;2011
0579;2011;31728;2011
1025;2011;3429;2011
3440;2011;2978;2011
9165;2011;6022;2011
6583;2011;3603;2011
9291;2011;3037;2011
0363;2011;5123;2011
7170;2011;1555;2011
5663;2011;2641;2011
8522;2011;5497;2011
7814;2011;8737;2011
3653;2011;1858;2011
7414;2011;941;2011
5987;2011;10969;2011
1931;2011;2828;2011
9024;2011;449;2011
6885;2011;26518;2011
8463;2011;12040;2011
5421;2011;4200;2011
0772;2011;10610;2011
1885;2011;3251;2011
2407;2011;1341;2011
7793;2011;3768;2011
9001;2011;2099;2011
0076;2011;2963;2011
7977;2011;20442;2011
6441;2011;3373;2011
6956;2011;640;2011
9813;2011;1075;2011
9346;2011;2070;2011
9386;2011;836;2011
2744;2011;2600;2011
6346;2011;1031;2011
1418;2011;42010;2011
0685;2011;678;2011
6646;2011;5872;2011
1664;2011;3357;2011
4275;2011;13260;2011
7645;2011;4558;2011
2587;2011;3456;2011
6218;2011;899;2011
7781;2011;1372;2011
4282;2011;3297;2011
8280;2011;1086;2011
0694;2011;2620;2011
9304;2011;2592;2011
1324;2011;484;2011
3367;2011;2887;2011
6563;2011;1563;2011
6938;2011;1552;2011
3311;2011;529;2011
2116;2011;1110;2011
1890;2011;906;2011
7262;2011;4047;2011
9981;2011;774;2011
9132;2011;3430;2011
5543;2011;3704;2011
6505;2011;3163;2011
3108;2011;2798;2011
9083;2011;384;2011
2904;2011;9570;2011
4823;2011;7215;2011
0474;2011;1534;2011
3838;2011;1846;2011
9835;2011;1659;2011
7899;2011;715;2011
7241;2011;2779;2011
3863;2011;1777;2011
9924;2011;916;2011
7212;2011;11801;2011
1099;2011;1567;2011
7352;2011;1020;2011
7094;2011;810;2011
8536;2011;628;2011
6942;2011;1578;2011
8503;2011;2403;2011
7621;2011;242659;2011
7022;2011;32318;2011
5356;2011;1334;2011
2692;2011;1010;2011
4678;2011;5022;2011
5996;2011;754;2011
2599;2011;2876;2011
3623;2011;653;2011
3769;2011;1651;2011
8008;2011;2459;2011
3090;2011;885;2011
5764;2011;825;2011
7367;2011;4037;2011
4154;2011;3749;2011
1783;2011;1412;2011
4348;2011;2169;2011
1757;2011;6407;2011
4792;2011;1246;2011
0766;2011;13542;2011
6164;2011;1429;2011
9687;2011;4000;2011
2019;2011;1133;2011
1173;2011;869;2011
1681;2011;231;2011
9060;2011;4206;2011
1325;2011;1146;2011
1511;2011;714;2011
5448;2011;2131;2011
1231;2011;6651;2011
0502;2011;7238;2011
6292;2011;3938;2011
1407;2011;2094;2011
6798;2011;2970;2011
8183;2011;3098;2011
9963;2011;1373;2011
1634;2011;1071;2011
9764;2011;13142;2011
1676;2011;1537;2011
6740;2011;4740;2011
7814;2011;901;2011
3859;2011;3294;2011
1175;2011;9298;2011
9740;2011;1420;2011
9173;2011;4686;2011
2623;2011;4104;2011
0755;2011;1796;2011
7618;2011;2260;2011
0270;2011;2777;2011
5246;2011;5185;2011
1331;2011;11115;2011
1260;2011;7497;2011
5008;2011;6722;2011
6669;2011;935;2011
0737;2011;3043;2011
2643;2011;1106;2011
6016;2011;1355;2011
5170;2011;3879;2011
2458;2011;8825;2011
2280;2011;7335;2011
9304;2011;5750;2011
9268;2011;4298;2011
3165;2011;58839;2011
2395;2011;3116;2011
7015;2011;9560;2011
5732;2011;3943;2011
2307;2011;2800;2011
8901;2011;1393;2011
0870;2011;3908;2011
3155;2011;2163;2011
4530;2011;6348;2011
3276;2011;10476;2011
8595;2011;35084;2011
9816;2011;8444;2011
0752;2011;3018;2011
1638;2011;3964;2011
0815;2011;3537;2011
8900;2011;945;2011
8750;2011;33702;2011
9760;2011;5884;2011
1421;2011;1230;2011
2217;2011;6305;2011
6783;2011;38732;2011
6320;2011;1917;2011
5780;2011;12770;2011
4124;2011;2549;2011
9092;2011;3021;2011
4873;2011;8137;2011
0626;2011;23928;2011
2257;2011;17363;2011
1009;2011;8918;2011
2987;2011;12884;2011
5006;2011;12572;2011
3693;2011;4527;2011
5210;2011;19506;2011
3715;2011;6132;2011
6663;2011;3511;2011
5594;2011;8157;2011
1674;2011;2726;2011
2752;2011;6576;2011
5212;2011;1475;2011
5183;2011;4880;2011
6678;2011;41101;2011
9909;2011;4654;2011
6292;2011;1427;2011
6333;2011;1033;2011
9464;2011;610;2011
5438;2011;4937;2011
2465;2011;61948;2011
1130;2011;3221;2011
3988;2011;4478;2011
0669;2011;77177;2011
0705;2011;1995;2011
5893;2011;12313;2011
6266;2011;3169;2011
5331;2011;1646;2011
4247;2011;11029;2011
8171;2011;27902;2011
2733;2011;2144;2011
9953;2011;11775;2011
7746;2011;23377;2011
8139;2011;5702;2011
9382;2011;6288;2011
7565;2011;7313;2011
5836;2011;1438;2011
3738;2011;3658;2011
8177;2011;1724;2011
0807;2011;8498;2011
7759;2011;5014;2011
1499;2011;5392;2011
7120;2011;13949;2011
1179;2011;4646;2011
2247;2011;5074;2011
1946;2011;5609;2011
0465;2011;2163;2011
7437;2011;28003;2011
2367;2011;3718;2011
3917;2011;13912;2011
5057;2011;14398;2011
8245;2011;2998;2011
5376;2011;22183;2011
1099;2011;7237;2011
2924;2011;7469;2011
1390;2011;861;2011
2777;2011;9648;2011
4134;2011;8240;2011
8920;2011;5239;2011
7242;2011;3281;2011
7058;2011;18284;2011
5219;2011;28928;2011
4413;2011;52966;2011
3333;2011;17644;2011
2208;2011;36608;2011
3264;2011;26585;2011
2753;2011;23919;2011
8569;2011;19389;2011
4172;2011;5405;2011
3735;2011;39350;2011
5540;2011;4530;2011
2097;2011;4748;2011
9022;2011;3298;2011
8952;2011;294467;2011
1599;2011;9741;2011
3544;2011;28123;2011
0163;2011;13187;2011
1486;2011;27300;2011
4453;2011;3043;2011
2466;2011;5452;2011
9571;2011;4038;2011
8462;2011;13935;2011
3066;2011;29885;2011
4748;2011;7887;2011
6713;2011;1100;2011
3175;2011;5281;2011
3009;2011;5369;2011
6868;2011;49782;2011
6999;2011;11809;2011
6505;2011;7251;2011
7851;2011;16575;2011
6802;2011;49473;2011
2394;2011;13367;2011
5431;2011;4150;2011
3861;2011;3302;2011
4331;2011;10819;2011
6137;2011;11119;2011
2139;2011;14747;2011
6313;2011;2804;2011
8496;2011;22552;2011
6490;2011;11802;2011
8122;2011;3504;2011
2721;2011;7322;2011
1180;2011;9868;2011
8595;2011;1648;2011
2767;2011;7358;2011
0259;2011;8449;2011
3092;2011;17253;2011
1562;2011;10612;2011
4902;2011;21457;2011
5218;2011;7830;2011
0944;2011;8276;2011
7508;2011;6502;2011
8653;2011;9402;2011
7833;2011;4030;2011
7004;2011;3690;2011
5280;2011;3733;2011
4684;2011;9964;2011
3740;2011;8271;2011
4008;2011;30063;2011
6296;2011;3156;2011
7530;2011;15460;2011
3698;2011;54793;2011
5500;2011;3189;2011
3764;2011;19267;2011
6595;2011;72942;2011
0850;2011;9885;2011
7215;2011;26278;2011
4725;2011;63117;2011
1579;2011;36226;2011
5914;2011;31724;2011
8310;2011;2136;2011
0509;2011;1131;2011
0628;2011;7304;2011
9089;2011;17938;2011
6155;2011;816;2011
8976;2011;2600;2011
4772;2011;23119;2011
2007;2011;12937;2011
7816;2011;24553;2011
4172;2011;13408;2011
9841;2011;24021;2011
9828;2011;22101;2011
5343;2011;9105;2011
4685;2011;21661;2011
7754;2011;122517;2011
0204;2011;7903;2011
3295;2011;8918;2011
0908;2011;3796;2011
9227;2011;12226;2011
4113;2011;40856;2011
8902;2011;674;2011
1886;2011;800;2011
2509;2011;614;2011
4460;2011;1970;2011
7940;2011;427;2011
8441;2011;1017;2011
5393;2011;3640;2011
7440;2011;3659;2011
7583;2011;284;2011
7144;2011;733;2011
8314;2011;1047;2011
6697;2011;548;2011
0770;2011;941;2011
0464;2011;642;2011
3436;2011;5783;2011
2502;2011;455;2011
6116;2011;1727;2011
3907;2011;1365;2011
1704;2011;890;2011
4001;2011;415;2011
0608;2011;1557;2011
0662;2011;586;2011
1904;2011;956;2011
6867;2011;583;2011
4578;2011;8879;2011
8495;2011;941;2011
6434;2011;685;2011
9593;2011;552;2011
3858;2011;127;2011
8547;2011;1949;2011
2256;2011;832;2011
8938;2011;871;2011
9467;2011;1431;2011
3750;2011;2853;2011
4655;2011;4045;2011
0310;2011;3228;2011
0898;2011;5923;2011
1279;2011;10905;2011
3942;2011;695;2011
8777;2011;3228;2011
8803;2011;2436;2011
2684;2011;4666;2011
5108;2011;22523;2011
7714;2011;2722;2011
1002;2011;756;2011
5953;2011;574;2011
0333;2011;126593;2011
5057;2011;1372;2011
5828;2011;172;2011
3396;2011;7401;2011
4487;2011;917;2011
0106;2011;14586;2011
2444;2011;3022;2011
2376;2011;2295;2011
5029;2011;996;2011
1853;2011;1603;2011
8063;2011;3014;2011
7367;2011;4348;2011
6815;2011;2369;2011
9539;2011;4152;2011
4089;2011;1690;2011
8773;2011;618;2011
9701;2011;1442;2011
3115;2011;764;2011
0430;2011;1507;2011
5753;2011;1335;2011
9218;2011;1213;2011
8081;2011;869;2011
1022;2011;669;2011
3275;2011;562;2011
3679;2011;3029;2011
4346;2011;2840;2011
6755;2011;2192;2011
3270;2011;1427;2011
4978;2011;2475;2011
5328;2011;8544;2011
4099;2011;667;2011
2661;2011;4046;2011
4345;2011;902;2011
5300;2011;2484;2011
0587;2011;2803;2011
2988;2011;2369;2011
1146;2011;562;2011
1494;2011;527;2011
4437;2011;1896;2011
7146;2011;1511;2011
7633;2011;10522;2011
8294;2011;2568;2011
8037;2011;1911;2011
7317;2011;340;2011
0590;2011;36696;2011
7374;2011;7366;2011
2372;2011;1371;2011
8209;2011;903;2011
9700;2011;432;2011
1843;2011;742;2011
6734;2011;920;2011
4318;2011;2999;2011
5957;2011;4351;2011
9957;2011;6858;2011
1765;2011;2156;2011
8335;2011;1260;2011
4462;2011;2548;2011
6759;2011;246;2011
0708;2011;2387;2011
8474;2011;1626;2011
7669;2011;2834;2011
7148;2011;1762;2011
9345;2011;2189;2011
5657;2011;1811;2011
3784;2011;11617;2011
0512;2011;1758;2011
8006;2011;690;2011
3156;2011;522;2011
0143;2011;2120;2011
5027;2011;2928;2011
7001;2011;362;2011
7539;2011;486;2011
1723;2011;26840;2011
6242;2011;879;2011
2269;2011;1154;2011
8516;2011;2893;2011
5839;2011;152360;2011
4888;2011;23466;2011
7167;2011;7891;2011
7736;2011;4343;2011
3042;2011;9487;2011
1360;2011;1700;2011
3087;2011;2127;2011
6223;2011;889;2011
5982;2011;512;2011
8014;2011;1061;2011
5101;2011;2780;2011
0144;2011;2236;2011
3687;2011;7675;2011
7868;2011;4517;2011
5065;2011;5224;2011
1794;2011;2603;2011
6259;2011;944;2011
9677;2011;1194;2011
9157;2011;7260;2011
4102;2011;70327;2011
1592;2011;1725;2011
6243;2011;1275;2011
5145;2011;843;2011
2413;2011;8034;2011
1629;2011;1836;2011
6382;2011;3821;2011
8293;2011;5234;2011
6857;2011;28908;2011
3934;2011;1429;2011
2889;2011;4814;2011
7060;2011;2662;2011
2851;2011;20070;2011
2940;2011;6589;2011
8443;2011;4011;2011
3587;2011;1271;2011
9080;2011;16841;2011
3871;2011;2087;2011
7937;2011;1855;2011
1982;2011;1142;2011
1839;2011;3778;2011
8211;2011;4297;2011
7065;2011;7900;2011
7509;2011;1952;2011
3074;2011;4927;2011
3596;2011;1126;2011
8870;2011;2028;2011
9708;2011;3523;2011
7935;2011;6907;2011
1937;2011;2434;2011
9315;2011;12843;2011
8877;2011;1526;2011
0545;2011;9074;2011
4217;2011;20429;2011
0356;2011;2259;2011
7598;2011;629;2011
7428;2011;725;2011
1778;2011;1301;2011
8361;2011;2883;2011
8991;2011;943;2011
7617;2011;1357;2011
6723;2011;2249;2011
5932;2011;2403;2011
6103;2011;923;2011
1826;2011;677;2011
7880;2011;908;2011
4494;2011;1153;2011
9502;2011;281;2011
3112;2011;1317;2011
1070;2011;1807;2011
3483;2011;9030;2011
3378;2011;15628;2011
4107;2011;262;2011
1193;2011;9286;2011
3582;2011;2570;2011
7946;2011;6515;2011
4660;2011;8512;2011
4812;2011;929;2011
5962;2011;1617;2011
4461;2011;5206;2011
8511;2011;421;2011
9013;2011;1002;2011
3078;2011;392;2011
3393;2011;18299;2011
0182;2011;2749;2011
4192;2011;385;2011
2629;2011;1559;2011
7555;2011;11521;2011
4018;2011;11583;2011
9870;2011;650;2011
4596;2011;11848;2011
5906;2011;1667;2011
8802;2011;4518;2011
5331;2011;2859;2011
5945;2011;7832;2011
9508;2011;1570;2011
6887;2011;3159;2011
5333;2011;15301;2011
2114;2011;50696;2011
9602;2011;8448;2011
2091;2011;3478;2011
8565;2011;5808;2011
7407;2011;19990;2011
1525;2011;4559;2011
9790;2011;1510;2011
7586;2011;4302;2011
8809;2011;14992;2011
7045;2011;2222;2011
6729;2011;6351;2011
8756;2011;12045;2011
1433;2011;361;2011
5471;2011;413;2011
3790;2011;1801;2011
5680;2011;2190;2011
7145;2011;811;2011
6768;2011;1411;2011
5349;2011;8454;2011
5859;2011;1716;2011
5139;2011;456;2011
8489;2011;5232;2011
8009;2011;769;2011
3167;2011;809;2011
6380;2011;735;2011
5447;2011;949;2011
5624;2011;1427;2011
4292;2011;1224;2011
8083;2011;356;2011
7064;2011;1654;2011
3894;2011;161;2011
9784;2011;547;2011
1987;2011;125;2011
7896;2011;1342;2011
8538;2011;266;2011
4723;2011;956;2011
2497;2011;1387;2011
4296;2011;210;2011
8761;2011;687;2011
5616;2011;730;2011
1728;2011;1932;2011
8862;2011;3240;2011
1501;2011;22023;2011
3726;2011;695;2011
7115;2011;972;2011
3511;2011;1847;2011
1461;2011;1060;2011
4490;2011;2455;2011
0189;2011;558;2011
2123;2011;2239;2011
9625;2011;1595;2011
7337;2011;878;2011
8320;2011;300;2011
5840;2011;459;2011
4436;2011;823;2011
4825;2011;334;2011
7364;2011;762;2011
6597;2011;2284;2011
2126;2011;1125;2011
6623;2011;986;2011
6049;2011;559;2011
3409;2011;1059;2011
9457;2011;537;2011
9289;2011;1394;2011
1965;2011;630;2011
5895;2011;368;2011
0760;2011;264;2011
9353;2011;761;2011
3179;2011;738;2011
3166;2011;2328;2011
7037;2011;726;2011
4518;2011;11260;2011
8469;2011;2868;2011
2051;2011;469;2011
8673;2011;277;2011
4520;2011;1514;2011
3604;2011;369;2011
9623;2011;4045;2011
5295;2011;942;2011
3723;2011;433;2011
3433;2011;367;2011
5735;2011;91;2011
0966;2011;1326;2011
5116;2011;722;2011
2197;2011;713;2011
7239;2011;147;2011
4117;2011;1630;2011
5886;2011;163;2011
0266;2011;1371;2011
2534;2011;9103;2011
5970;2011;2835;2011
4817;2011;943;2011
4597;2011;4622;2011
8205;2011;507;2011
4582;2011;793;2011
6423;2011;944;2011
2346;2011;4919;2011
6808;2011;1133;2011
6691;2011;1589;2011
0619;2011;465;2011
9861;2011;4359;2011
1972;2011;778;2011
5004;2011;1806;2011
0142;2011;713;2011
1807;2011;1182;2011
5715;2011;504;2011
9653;2011;1808;2011
8665;2011;351;2011
4698;2011;1258;2011
5723;2011;31389;2011
3276;2011;1481;2011
8160;2011;300;2011
8471;2011;2348;2011
3157;2011;278;2011
1091;2011;2144;2011
4581;2011;725;2011
2826;2011;3182;2011
3569;2011;2817;2011
2151;2011;4845;2011
0500;2011;380;2011
7954;2011;2438;2011
4749;2011;2547;2011
4676;2011;1582;2011
4524;2011;2224;2011
8527;2011;1853;2011
0628;2011;474;2011
6128;2011;185;2011
1726;2011;987;2011
3563;2011;829;2011
3786;2011;353;2011
8199;2011;2312;2011
7514;2011;510;2011
0044;2011;225;2011
8589;2011;2484;2011
3402;2011;420;2011
0943;2011;184;2011
8006;2011;10451;2011
7998;2011;995;2011
5843;2011;1217;2011
8464;2011;578;2011
2388;2011;2957;2011
0735;2011;856;2011
6098;2011;329;2011
7001;2011;1734;2011
6511;2011;328;2011
8094;2011;1172;2011
5607;2011;1171;2011
9310;2011;370;2011
1807;2011;319;2011
2425;2011;117;2011
0155;2011;8042;2011
8744;2011;459;2011
7929;2011;880;2011
7513;2011;2011;2011
0198;2011;638;2011
4744;2011;167;2011
1594;2011;535;2011
7228;2011;192;2011
4624;2011;1138;2011
8487;2011;263;2011
7826;2011;333;2011
8868;2011;3403;2011
3890;2011;1181;2011
6883;2011;44658;2011
8452;2011;1005;2011
3451;2011;885;2011
4533;2011;2165;2011
5573;2011;145;2011
2001;2011;366;2011
8025;2011;1225;2011
5139;2011;170;2011
1210;2011;7975;2011
5955;2011;213;2011
8608;2011;457;2011
9021;2011;884;2011
6248;2011;3645;2011
5718;2011;633;2011
9876;2011;2913;2011
7819;2011;2012;2011
7338;2011;14908;2011
6006;2011;1609;2011
0096;2011;357;2011
6492;2011;449;2011
0694;2011;714;2011
7415;2011;520;2011
4984;2011;3947;2011
2559;2011;126;2011
1389;2011;1604;2011
7653;2011;2489;2011
5560;2011;378;2011
6095;2011;550;2011
0732;2011;2214;2011
3092;2011;558;2011
6678;2011;648;2011
5025;2011;3994;2011
3909;2011;1456;2011
0973;2011;631;2011
5683;2011;1023;2011
0645;2011;4003;2011
1503;2011;2816;2011
1575;2011;1524;2011
5913;2011;551;2011
7505;2011;203;2011
2169;2011;2169;2011
0519;2011;3949;2011
3050;2011;1370;2011
2497;2011;2620;2011
1846;2011;2305;2011
8442;2011;1394;2011
0284;2011;218;2011
8493;2011;1526;2011
6512;2011;924;2011
0230;2011;88;2011
6112;2011;1683;2011
0298;2011;634;2011
5152;2011;2053;2011
2224;2011;2791;2011
6629;2011;140;2011
1400;2011;97;2011
3313;2011;759;2011
7379;2011;1336;2011
0670;2011;764;2011
7187;2011;1161;2011
2354;2011;962;2011
9799;2011;298;2011
3143;2011;2666;2011
7712;2011;224;2011
4709;2011;6156;2011
6768;2011;2538;2011
6653;2011;239;2011
1045;2011;3556;2011
2572;2011;1083;2011
4058;2011;576;2011
5859;2011;1255;2011
3978;2011;8210;2011
6991;2011;358;2011
8731;2011;189;2011
2610;2011;1443;2011
9495;2011;427;2011
4736;2011;1254;2011
6137;2011;1124;2011
2316;2011;1636;2011
6724;2011;3249;2011
2859;2011;2992;2011
9795;2011;2298;2011
0377;2011;4059;2011
5617;2011;2579;2011
6195;2011;5204;2011
3496;2011;1298;2011
2278;2011;3264;2011
8240;2011;3530;2011
9534;2011;4733;2011
1176;2011;2952;2011
5889;2011;5145;2011
1002;2011;14086;2011
7853;2011;1507;2011
7127;2011;851;2011
6640;2011;12727;2011
5476;2011;4411;2011
7243;2011;478;2011
5941;2011;2473;2011
7419;2011;3894;2011
6953;2011;2349;2011
2704;2011;4022;2011
0639;2011;7564;2011
3179;2011;1748;2011
7688;2011;1274;2011
6179;2011;4762;2011
8068;2011;274;2011
8932;2011;1776;2011
1833;2011;1453;2011
6954;2011;2709;2011
2583;2011;2311;2011
6556;2011;335;2011
4193;2011;1239;2011
2005;2011;762;2011
0526;2011;757;2011
6446;2011;8663;2011
4965;2011;2450;2011
3023;2011;2628;2011
1445;2011;2422;2011
0331;2011;2023;2011
6052;2011;128;2011
1348;2011;47322;2011
2384;2011;2242;2011
9135;2011;4909;2011
8954;2011;4234;2011
3309;2011;10599;2011
5859;2011;380;2011
0634;2011;14683;2011
5189;2011;8618;2011
4294;2011;505;2011
1193;2011;3581;2011
0584;2011;1978;2011
7993;2011;2470;2011
6072;2011;4218;2011
7102;2011;36;2011
5135;2011;3646;2011
9575;2011;8807;2011
0910;2011;6259;2011
0004;2011;7150;2011
6963;2011;1200;2011
4936;2011;4837;2011
5630;2011;3878;2011
1968;2011;404;2011
9972;2011;139;2011
7839;2011;1960;2011
2143;2011;1769;2011
6837;2011;1056;2011
1001;2011;2208;2011
6353;2011;2286;2011
4254;2011;2201;2011
7003;2011;6128;2011
8248;2011;3223;2011
5704;2011;2902;2011
8344;2011;2209;2011
2057;2011;2412;2011
2907;2011;2930;2011
1084;2011;147;2011
6290;2011;1689;2011
7516;2011;544;2011
9668;2011;2022;2011
7081;2011;184;2011
2463;2011;3409;2011
5992;2011;11667;2011
5679;2011;784;2011
7993;2011;320;2011
1157;2011;2832;2011
8153;2011;2951;2011
6500;2011;2700;2011
6085;2011;309;2011
6049;2011;2028;2011
1986;2011;289;2011
8317;2011;1176;2011
1303;2011;1736;2011
6411;2011;4384;2011
5038;2011;2236;2011
0835;2011;2655;2011
7726;2011;673;2011
7506;2011;2818;2011
7138;2011;3067;2011
6122;2011;14955;2011
0043;2011;1651;2011
6782;2011;3111;2011
3232;2011;1698;2011
9782;2011;4855;2011
0381;2011;2645;2011
0970;2011;835;2011
0980;2011;2277;2011
0688;2011;2141;2011
8695;2011;15641;2011
8023;2011;2191;2011
6998;2011;2850;2011
9361;2011;1196;2011
5317;2011;221;2011
6782;2011;1565;2011
0319;2011;2164;2011
3971;2011;2300;2011
0109;2011;1210;2011
9213;2011;2628;2011
4374;2011;2706;2011
3711;2011;2630;2011
3786;2011;43732;2011
4503;2011;7404;2011
7452;2011;61;2011
2472;2011;1402;2011
8334;2011;3257;2011
2024;2011;1582;2011
4767;2011;4323;2011
3856;2011;472;2011
7302;2011;1818;2011
5212;2011;2240;2011
5790;2011;5746;2011
7830;2011;2053;2011
4968;2011;1872;2011
5250;2011;1412;2011
2653;2011;1648;2011
3749;2011;2671;2011
9657;2011;1804;2011
1484;2011;3622;2011
5620;2011;3520;2011
0529;2011;12842;2011
5321;2011;1926;2011
7459;2011;2024;2011
0154;2011;2015;2011
8190;2011;3697;2011
8206;2011;3169;2011
0684;2011;6162;2011
2567;2011;911;2011
3773;2011;1551;2011
0146;2011;1676;2011
4986;2011;1759;2011
8824;2011;6949;2011
1698;2011;19015;2011
1953;2011;16816;2011
7666;2011;10094;2011
8499;2011;1164;2011
3450;2011;12407;2011
8400;2011;1454;2011
0985;2011;3396;2011
3216;2011;2238;2011
9373;2011;1024;2011
2495;2011;3304;2011
4400;2011;6984;2011
7659;2011;3392;2011
5208;2011;35158;2011
7915;2011;141678;2011
2646;2011;3065;2011
6958;2011;5337;2011
3734;2011;9026;2011
0587;2011;21288;2011
9692;2011;1599;2011
3019;2011;10037;2011
6767;2011;446;2011
2755;2011;848;2011
8381;2011;7293;2011
8034;2011;3045;2011
1360;2011;3033;2011
7408;2011;2280;2011
5887;2011;1070;2011
6654;2011;3151;2011
4275;2011;14298;2011
7758;2011;18158;2011
9995;2011;9730;2011
3521;2011;187735;2011
1066;2011;10024;2011
3768;2011;6038;2011
3109;2011;2330;2011
3762;2011;1693;2011
7254;2011;741;2011
6721;2011;2834;2011
0630;2011;1040;2011
9655;2011;1218;2011
0449;2011;3129;2011
6808;2011;15109;2011
2012;2011;5455;2011
9947;2011;59343;2011
4250;2011;3245;2011
6858;2011;10160;2011
6438;2011;15891;2011
6315;2011;3537;2011
7896;2011;6709;2011
4826;2011;1314;2011
3481;2011;9259;2011
8880;2011;3448;2011
9243;2011;5600;2011
9108;2011;2179;2011
8517;2011;897;2011
3117;2011;2268;2011
9212;2011;1325;2011
2595;2011;3313;2011
5577;2011;6527;2011
3549;2011;922;2011
6322;2011;1979;2011
2495;2011;2470;2011
3219;2011;1527;2011
9223;2011;3991;2011
6890;2011;666;2011
1225;2011;1097;2011
9691;2011;3397;2011
4627;2011;1264;2011
4447;2011;2432;2011
5938;2011;2105;2011
0030;2011;2362;2011
5038;2011;5651;2011
8395;2011;1844;2011
8975;2011;1443;2011
6319;2011;1988;2011
7009;2011;1677;2011
2254;2011;2374;2011
8113;2011;3871;2011
6692;2011;2082;2011
1519;2011;3521;2011
9325;2011;2208;2011
6532;2011;6883;2011
4089;2011;799;2011
3653;2011;1808;2011
3029;2011;1374;2011
2468;2011;6471;2011
9491;2011;1312;2011
8878;2011;8955;2011
7004;2011;1231;2011
5057;2011;1058;2011
5378;2011;4808;2011
8427;2011;4656;2011
3367;2011;4487;2011
7892;2011;2244;2011
5345;2011;2414;2011
3959;2011;1413;2011
6586;2011;3155;2011
5725;2011;6860;2011
8328;2011;965;2011
5926;2011;1208;2011
4369;2011;2502;2011
6462;2011;861;2011
4235;2011;1477;2011
1798;2011;2544;2011
6604;2011;6559;2011
6406;2011;686;2011
2027;2011;1099;2011
5709;2011;33423;2011
3751;2011;807;2011
7735;2011;1805;2011
4549;2011;1990;2011
1815;2011;464;2011
6569;2011;451;2011
5995;2011;2050;2011
6126;2011;256;2011
1563;2011;103;2011
2735;2011;923;2011
4656;2011;520;2011
1002;2011;4970;2011
5046;2011;730;2011
1292;2011;552;2011
5514;2011;1444;2011
9948;2011;231;2011
2233;2011;723;2011
0676;2011;685;2011
9645;2011;1656;2011
4193;2011;986;2011
5335;2011;5115;2011
2565;2011;174;2011
5227;2011;3480;2011
0681;2011;256;2011
1858;2011;338;2011
6545;2011;621;2011
2573;2011;586;2011
2167;2011;735;2011
8738;2011;4725;2011
5753;2011;1471;2011
7884;2011;107;2011
8911;2011;18294;2011
6091;2011;980;2011
3176;2011;159;2011
6467;2011;447;2011
8976;2011;187;2011
6546;2011;2394;2011
5784;2011;968;2011
2127;2011;7831;2011
2848;2011;245;2011
9219;2011;108;2011
1531;2011;262;2011
5680;2011;608;2011
4114;2011;395;2011
1763;2011;1471;2011
3537;2011;1544;2011
0549;2011;137;2011
9947;2011;2209;2011
1750;2011;416;2011
1483;2011;1259;2011
1708;2011;431;2011
7997;2011;882;2011
4390;2011;870;2011
3719;2011;15827;2011
9194;2011;3418;2011
3658;2011;1179;2011
5656;2011;1567;2011
6720;2011;2638;2011
8796;2011;748;2011
9024;2011;577;2011
1628;2011;2051;2011
3948;2011;283;2011
3739;2011;423;2011
1522;2011;770;2011
6756;2011;1390;2011
7054;2011;1271;2011
4181;2011;173;2011
3592;2011;4972;2011
7687;2011;773;2011
9006;2011;393;2011
6013;2011;212;2011
7344;2011;1697;2011
8893;2011;1270;2011
7344;2011;434;2011
7665;2011;2111;2011
4934;2011;30856;2011
6649;2011;182;2011
3806;2011;1236;2011
7332;2011;6788;2011
3834;2011;263;2011
6245;2011;1768;2011
3046;2011;1621;2011
1899;2011;1185;2011
9892;2011;1963;2011
8505;2011;12274;2011
3026;2011;1907;2011
8768;2011;2909;2011
8973;2011;805;2011
8381;2011;3983;2011
2785;2011;4921;2011
8371;2011;4278;2011
4285;2011;2334;2011
0129;2011;11292;2011
5196;2011;3312;2011
0697;2011;1911;2011
5852;2011;2652;2011
8220;2011;2497;2011
6361;2011;55079;2011
6111;2011;3438;2011
9960;2011;2147;2011
4411;2011;4031;2011
6928;2011;1657;2011
2847;2011;5116;2011
5989;2011;4577;2011
2468;2011;2251;2011
8176;2011;14089;2011
0008;2011;2177;2011
4860;2011;2503;2011
4258;2011;3953;2011
8973;2011;3729;2011
3890;2011;1819;2011
6497;2011;553;2011
4900;2011;1520;2011
1613;2011;1213;2011
1320;2011;2212;2011
4051;2011;3236;2011
1687;2011;5575;2011
3735;2011;1285;2011
8669;2011;2161;2011
8140;2011;818;2011
7449;2011;2061;2011
2049;2011;1359;2011
6731;2011;1071;2011
6501;2011;3839;2011
2850;2011;10825;2011
9802;2011;1127;2011
4109;2011;1521;2011
6349;2011;1300;2011
3230;2011;607;2011
3510;2011;3374;2011
1174;2011;6602;2011
3994;2011;1313;2011
8264;2011;888;2011
1114;2011;1672;2011
5149;2011;345;2011
8295;2011;1286;2011
1869;2011;6777;2011
6654;2011;12318;2011
0416;2011;258;2011
5853;2011;1784;2011
4236;2011;2963;2011
1381;2011;653;2011
0434;2011;5326;2011
3983;2011;8905;2011
2252;2011;8472;2011
2294;2011;4155;2011
6918;2011;1267;2011
8383;2011;9239;2011
7842;2011;5041;2011
7682;2011;144;2011
0203;2011;692;2011
5857;2011;1061;2011
6009;2011;443;2011
7603;2011;553;2011
4750;2011;14364;2011
5293;2011;2880;2011
9328;2011;686;2011
5900;2011;1439;2011
3317;2011;1105;2011
0599;2011;2851;2011
5415;2011;29182;2011
1010;2011;6332;2011
5920;2011;6381;2011
1820;2011;2972;2011
4364;2011;2120;2011
0554;2011;5153;2011
2299;2011;27668;2011
6861;2011;1349;2011
2739;2011;1526;2011
8744;2011;3380;2011
5918;2011;1634;2011
4953;2011;1468;2011
8946;2011;889;2011
0899;2011;5248;2011
3709;2011;6024;2011
4841;2011;3570;2011
6787;2011;2714;2011
8946;2011;11545;2011
0024;2011;1113;2011
3876;2011;3670;2011
4283;2011;1101;2011
2176;2011;14969;2011
4676;2011;2078;2011
8631;2011;6223;2011
2455;2011;17507;2011
7560;2011;6879;2011
5372;2011;7272;2011
9338;2011;10544;2011
7578;2011;15558;2011
8948;2011;11756;2011
9323;2011;16765;2011
6128;2011;5982;2011
4121;2011;33331;2011
4317;2011;4250;2011
6337;2011;2099;2011
9166;2011;17762;2011
4702;2011;7195;2011
3932;2011;6995;2011
0780;2011;6374;2011
5157;2011;37389;2011
9549;2011;8491;2011
5081;2011;15289;2011
5060;2011;2703;2011
7540;2011;40522;2011
2805;2011;24712;2011
3149;2011;7602;2011
1171;2011;8217;2011
2860;2011;34530;2011
2958;2011;42699;2011
1826;2011;7147;2011
3083;2011;23159;2011
3185;2011;4160;2011
1093;2011;5228;2011
0867;2011;120764;2011
4764;2011;23393;2011
8456;2011;22635;2011
8844;2011;4758;2011
8878;2011;4177;2011
9685;2011;3415;2011
0449;2011;43377;2011
4024;2011;22838;2011
2630;2011;8146;2011
2018;2011;4087;2011
3378;2011;8588;2011
7508;2011;10107;2011
8480;2011;12855;2011
9793;2011;7416;2011
5554;2011;4472;2011
5184;2011;9284;2011
8648;2011;13645;2011
7181;2011;25535;2011
7763;2011;6465;2011
0384;2011;5245;2011
8153;2011;10472;2011
9772;2011;15532;2011
1611;2011;3987;2011
9725;2011;3251;2011
4940;2011;3726;2011
5319;2011;666;2011
2112;2011;1971;2011
6124;2011;3407;2011
5320;2011;37243;2011
2041;2011;1025;2011
2618;2011;3321;2011
9249;2011;1177;2011
9294;2011;1446;2011
7274;2011;1006;2011
7625;2011;695;2011
4054;2011;1745;2011
9920;2011;456;2011
6156;2011;1217;2011
5337;2011;818;2011
4458;2011;7001;2011
4183;2011;13220;2011
2142;2011;435;2011
6262;2011;859;2011
9216;2011;400;2011
2351;2011;2393;2011
4509;2011;2542;2011
7156;2011;8325;2011
1670;2011;461;2011
9490;2011;776;2011
3789;2011;1008;2011
3504;2011;609;2011
0749;2011;787;2011
8470;2011;2812;2011
0023;2011;2464;2011
2677;2011;1716;2011
7932;2011;16064;2011
1256;2011;25599;2011
6456;2011;2063;2011
1790;2011;1413;2011
5172;2011;17075;2011
4918;2011;2369;2011
2924;2011;391;2011
9329;2011;2077;2011
8821;2011;100352;2011
3513;2011;94742;2011
2439;2011;54842;2011
9317;2011;31059;2011
6977;2011;12328;2011
4065;2011;9554;2011
2298;2011;14915;2011
0052;2011;6833;2011
4118;2011;55942;2011
7657;2011;14643;2011
