Codice Ripartizione geografica;Codice Regione;Codice Provincia/Uts;Codice Comune (alfanumerico);Codice Comune (numerico);Comune;Comune (dizione straniera);Sigla automobilistica;Capoluogo di Provincia/Uts;Capoluogo di Regione;Popolazione legale;Anno Censimento;Superficie (Kmq);Anno (Superficie);Popolazione residente;Anno (Popolazione residente)
1462;2007;2658;2007
7393;2007;3775;2007
3315;2007;480;2007
7314;2007;1676;2007
3796;2007;701;2007
8756;2007;6218;2007
6261;2007;260;2007
9193;2007;17074;2007
4860;2007;1977;2007
3085;2007;513;2007
8782;2007;853;2007
1668;2007;1053;2007
2172;2007;12015;2007
9605;2007;1349;2007
0859;2007;838;2007
0063;2007;3081;2007
5064;2007;493;2007
4054;2007;3679;2007
7105;2007;106;2007
0289;2007;3398;2007
8027;2007;1590;2007
2029;2007;3066;2007
9864;2007;631;2007
7343;2007;18062;2007
5979;2007;3299;2007
0819;2007;588;2007
2234;2007;2069;2007
3261;2007;13599;2007
9648;2007;549;2007
4189;2007;3686;2007
3712;2007;843;2007
9617;2007;2350;2007
9191;2007;3072;2007
2914;2007;8040;2007
7585;2007;4201;2007
1350;2007;482;2007
9504;2007;504;2007
5701;2007;8404;2007
3592;2007;1675;2007
5838;2007;1485;2007
6868;2007;1403;2007
4760;2007;1315;2007
0643;2007;1485;2007
1004;2007;6612;2007
0973;2007;6498;2007
2312;2007;3573;2007
4925;2007;7457;2007
1314;2007;6299;2007
0864;2007;1383;2007
1317;2007;1304;2007
8499;2007;5602;2007
9505;2007;321;2007
1953;2007;2453;2007
0319;2007;570;2007
4066;2007;2071;2007
5371;2007;1035;2007
2578;2007;767;2007
6894;2007;8984;2007
7149;2007;27347;2007
1250;2007;1807;2007
1726;2007;1494;2007
3137;2007;2779;2007
7115;2007;17408;2007
4732;2007;1702;2007
2796;2007;2090;2007
7063;2007;9840;2007
3756;2007;426;2007
1346;2007;6144;2007
3285;2007;2399;2007
9591;2007;5555;2007
1595;2007;1887;2007
0516;2007;1026;2007
8139;2007;165;2007
7001;2007;881;2007
4478;2007;335;2007
5698;2007;1677;2007
0221;2007;2180;2007
1975;2007;35186;2007
1189;2007;231;2007
7549;2007;975;2007
9165;2007;1643;2007
2378;2007;24282;2007
1638;2007;368;2007
9345;2007;143;2007
1962;2007;405;2007
7329;2007;18573;2007
6872;2007;200;2007
8788;2007;1511;2007
5727;2007;3172;2007
0993;2007;49603;2007
3321;2007;340;2007
5894;2007;643;2007
1131;2007;4682;2007
4914;2007;3366;2007
2384;2007;560;2007
8709;2007;1050;2007
7335;2007;7755;2007
3133;2007;10059;2007
5395;2007;8381;2007
5474;2007;277;2007
8499;2007;5058;2007
8929;2007;2466;2007
4091;2007;587;2007
0415;2007;2743;2007
3457;2007;858;2007
6427;2007;2269;2007
5075;2007;3747;2007
8185;2007;301;2007
9482;2007;1679;2007
1488;2007;2884;2007
4018;2007;549;2007
5108;2007;9533;2007
4442;2007;1337;2007
3833;2007;651;2007
7376;2007;15951;2007
8200;2007;2956;2007
9870;2007;736;2007
0935;2007;199;2007
3296;2007;1027;2007
1321;2007;37242;2007
7506;2007;57;2007
0292;2007;748;2007
7716;2007;393;2007
5042;2007;444;2007
1075;2007;24001;2007
0353;2007;1655;2007
7825;2007;7431;2007
2876;2007;5324;2007
2900;2007;1539;2007
4355;2007;14001;2007
6753;2007;197;2007
9366;2007;2051;2007
3912;2007;477;2007
5162;2007;1705;2007
7158;2007;1607;2007
2096;2007;1059;2007
1914;2007;1083;2007
8835;2007;395;2007
7414;2007;7845;2007
0398;2007;503;2007
2585;2007;575;2007
1404;2007;1223;2007
3129;2007;508;2007
2593;2007;1420;2007
2587;2007;63;2007
0706;2007;4031;2007
6942;2007;732;2007
3424;2007;4140;2007
5439;2007;934;2007
6383;2007;1201;2007
4420;2007;107;2007
0871;2007;874;2007
0825;2007;379;2007
3332;2007;683;2007
6554;2007;408;2007
5288;2007;55347;2007
5007;2007;42;2007
6567;2007;535;2007
4681;2007;936;2007
3567;2007;3527;2007
9036;2007;5507;2007
3896;2007;875;2007
4895;2007;788;2007
5625;2007;48602;2007
0453;2007;181;2007
3531;2007;6748;2007
0743;2007;328;2007
6422;2007;7866;2007
5542;2007;573;2007
3030;2007;1425;2007
2079;2007;22035;2007
1541;2007;814;2007
4885;2007;1154;2007
5770;2007;842;2007
7857;2007;3106;2007
4058;2007;1229;2007
0819;2007;844;2007
8878;2007;1963;2007
6886;2007;481;2007
4056;2007;1054;2007
5400;2007;3848;2007
5680;2007;248;2007
1730;2007;3778;2007
0906;2007;3484;2007
7080;2007;580;2007
1830;2007;752;2007
0041;2007;770;2007
3498;2007;645;2007
4634;2007;12909;2007
7183;2007;3061;2007
3376;2007;34594;2007
8196;2007;8426;2007
6488;2007;3607;2007
1459;2007;17536;2007
9034;2007;3309;2007
0343;2007;1343;2007
6186;2007;9835;2007
5611;2007;1143;2007
0609;2007;3805;2007
4476;2007;1042;2007
2017;2007;700;2007
6092;2007;289;2007
8455;2007;1894;2007
4785;2007;253;2007
5052;2007;1264;2007
2419;2007;806;2007
8803;2007;595;2007
0380;2007;330;2007
9559;2007;358;2007
7868;2007;1054;2007
6658;2007;1606;2007
6002;2007;82;2007
8334;2007;1067;2007
1075;2007;18681;2007
8318;2007;3939;2007
5714;2007;2727;2007
2461;2007;12148;2007
8733;2007;1623;2007
4998;2007;49145;2007
5756;2007;3057;2007
1912;2007;1770;2007
7039;2007;2040;2007
2107;2007;2937;2007
2664;2007;324;2007
6877;2007;1762;2007
4075;2007;257;2007
3732;2007;911;2007
0650;2007;4357;2007
9371;2007;2387;2007
1002;2007;791;2007
9519;2007;1758;2007
3197;2007;573;2007
1034;2007;575;2007
8859;2007;75;2007
4329;2007;1603;2007
2318;2007;5529;2007
9070;2007;3796;2007
3809;2007;377;2007
3037;2007;575;2007
9796;2007;4675;2007
6513;2007;3787;2007
8617;2007;1865;2007
8866;2007;2837;2007
4049;2007;2583;2007
7219;2007;1058;2007
6132;2007;3309;2007
7933;2007;883;2007
3442;2007;8783;2007
5517;2007;18974;2007
4446;2007;1486;2007
1243;2007;278;2007
1520;2007;3032;2007
5766;2007;1926;2007
5719;2007;3484;2007
3682;2007;4753;2007
7945;2007;4268;2007
1984;2007;10416;2007
2772;2007;240;2007
3112;2007;1166;2007
6768;2007;3300;2007
0308;2007;776;2007
3557;2007;1518;2007
9158;2007;862;2007
0578;2007;550;2007
3659;2007;46944;2007
2590;2007;1548;2007
6785;2007;1148;2007
2140;2007;262;2007
4686;2007;6280;2007
9879;2007;6681;2007
6751;2007;796;2007
0095;2007;884574;2007
8238;2007;2534;2007
4545;2007;578;2007
0981;2007;4570;2007
4059;2007;3727;2007
2448;2007;145;2007
3592;2007;351;2007
4544;2007;565;2007
3475;2007;11116;2007
9669;2007;185;2007
5375;2007;238;2007
2292;2007;1486;2007
5252;2007;3809;2007
1200;2007;946;2007
0792;2007;771;2007
9094;2007;3121;2007
8469;2007;121;2007
5579;2007;834;2007
0927;2007;1543;2007
1435;2007;970;2007
4424;2007;34191;2007
4882;2007;4826;2007
9431;2007;1477;2007
0690;2007;865;2007
6454;2007;257;2007
9337;2007;917;2007
9677;2007;531;2007
1543;2007;5279;2007
7854;2007;4816;2007
0306;2007;1029;2007
4088;2007;3158;2007
7080;2007;3012;2007
4091;2007;1006;2007
6868;2007;2039;2007
2927;2007;1204;2007
4228;2007;4212;2007
8767;2007;4819;2007
6940;2007;13562;2007
0574;2007;1193;2007
0748;2007;1361;2007
6817;2007;552;2007
1119;2007;1179;2007
4629;2007;14333;2007
9827;2007;8531;2007
0366;2007;436;2007
7804;2007;348;2007
5650;2007;2630;2007
3101;2007;998;2007
3156;2007;1385;2007
7885;2007;104;2007
8079;2007;304;2007
8058;2007;2095;2007
8706;2007;241;2007
5707;2007;2637;2007
0901;2007;13422;2007
2949;2007;2316;2007
2305;2007;183;2007
0776;2007;972;2007
1364;2007;240;2007
8004;2007;75;2007
1088;2007;1093;2007
0330;2007;1137;2007
1062;2007;930;2007
2050;2007;269;2007
6044;2007;352;2007
0488;2007;853;2007
5380;2007;58;2007
3078;2007;4627;2007
3878;2007;289;2007
2234;2007;127;2007
9676;2007;840;2007
8563;2007;286;2007
2233;2007;8106;2007
0162;2007;428;2007
4768;2007;1134;2007
1403;2007;248;2007
2424;2007;1257;2007
7629;2007;576;2007
6659;2007;8369;2007
5030;2007;882;2007
8817;2007;384;2007
0875;2007;339;2007
6440;2007;527;2007
9701;2007;929;2007
5740;2007;559;2007
0280;2007;4489;2007
6672;2007;808;2007
9178;2007;107;2007
1818;2007;1463;2007
7139;2007;870;2007
5035;2007;708;2007
5270;2007;233;2007
9396;2007;1341;2007
2949;2007;311;2007
3506;2007;1252;2007
6903;2007;131;2007
5976;2007;204;2007
1781;2007;579;2007
5389;2007;632;2007
1561;2007;4296;2007
8910;2007;454;2007
2700;2007;80;2007
0226;2007;63;2007
3032;2007;143;2007
2702;2007;132;2007
1298;2007;242;2007
4089;2007;467;2007
9160;2007;2517;2007
4754;2007;620;2007
8379;2007;188;2007
2681;2007;991;2007
8536;2007;61;2007
1875;2007;254;2007
7766;2007;127;2007
5981;2007;4113;2007
6327;2007;1794;2007
1294;2007;9106;2007
5335;2007;389;2007
2544;2007;424;2007
9053;2007;5105;2007
3140;2007;1246;2007
2491;2007;651;2007
6054;2007;7705;2007
7508;2007;3554;2007
4259;2007;2212;2007
1193;2007;7428;2007
7747;2007;45580;2007
5109;2007;476;2007
5822;2007;1609;2007
2573;2007;160;2007
5364;2007;1446;2007
9965;2007;889;2007
5153;2007;2244;2007
1699;2007;14291;2007
4928;2007;902;2007
1786;2007;9018;2007
4536;2007;1081;2007
6080;2007;1230;2007
5097;2007;1256;2007
3043;2007;1121;2007
0912;2007;1964;2007
2699;2007;20895;2007
3928;2007;4583;2007
7479;2007;2987;2007
7562;2007;1203;2007
3214;2007;2480;2007
9857;2007;10643;2007
6557;2007;2560;2007
0407;2007;1013;2007
5310;2007;916;2007
4909;2007;1557;2007
4849;2007;896;2007
7918;2007;314;2007
6412;2007;9744;2007
4855;2007;418;2007
8335;2007;1329;2007
3261;2007;1269;2007
6390;2007;6761;2007
1618;2007;507;2007
4493;2007;1164;2007
1035;2007;1516;2007
5068;2007;2437;2007
0977;2007;1409;2007
2522;2007;2644;2007
2146;2007;2060;2007
1702;2007;2704;2007
3693;2007;14656;2007
0493;2007;1128;2007
7542;2007;1815;2007
2884;2007;3340;2007
6442;2007;3653;2007
5821;2007;5793;2007
5183;2007;1356;2007
3337;2007;4834;2007
3718;2007;4212;2007
2834;2007;596;2007
5806;2007;2350;2007
6587;2007;1780;2007
8541;2007;268;2007
7880;2007;1590;2007
8639;2007;1144;2007
5349;2007;2513;2007
7187;2007;1070;2007
5211;2007;932;2007
5907;2007;2610;2007
2650;2007;1852;2007
3421;2007;761;2007
0495;2007;101666;2007
7944;2007;12979;2007
9351;2007;1950;2007
6500;2007;1184;2007
2271;2007;1853;2007
1018;2007;1115;2007
0713;2007;1319;2007
7660;2007;803;2007
8653;2007;1579;2007
2965;2007;1994;2007
1260;2007;1987;2007
8526;2007;917;2007
9764;2007;4017;2007
6909;2007;4807;2007
5426;2007;3140;2007
4512;2007;709;2007
8991;2007;1875;2007
5352;2007;578;2007
7543;2007;1513;2007
3719;2007;760;2007
9139;2007;1026;2007
3271;2007;2824;2007
4631;2007;489;2007
2378;2007;880;2007
2233;2007;19132;2007
0122;2007;1045;2007
5929;2007;4840;2007
8717;2007;1823;2007
7788;2007;2051;2007
2939;2007;877;2007
4632;2007;627;2007
5276;2007;180;2007
9173;2007;267;2007
5855;2007;30419;2007
5899;2007;258;2007
4547;2007;126;2007
2591;2007;95;2007
9174;2007;186;2007
9487;2007;1042;2007
2505;2007;5797;2007
3257;2007;1097;2007
7637;2007;666;2007
9923;2007;7632;2007
6892;2007;737;2007
0005;2007;653;2007
1195;2007;250;2007
6865;2007;3006;2007
0700;2007;164;2007
0030;2007;387;2007
0657;2007;3539;2007
4389;2007;478;2007
1118;2007;73;2007
7956;2007;3470;2007
2409;2007;139;2007
4778;2007;395;2007
3396;2007;11979;2007
5405;2007;201;2007
5453;2007;679;2007
9483;2007;9739;2007
5298;2007;29094;2007
2376;2007;316;2007
1797;2007;61;2007
1240;2007;323;2007
0639;2007;1118;2007
8440;2007;9779;2007
6378;2007;694;2007
6114;2007;223;2007
8655;2007;5661;2007
4476;2007;82;2007
5011;2007;124;2007
7246;2007;6749;2007
3287;2007;2958;2007
3047;2007;1129;2007
8380;2007;4339;2007
4192;2007;191;2007
8066;2007;1403;2007
1148;2007;2036;2007
9513;2007;184;2007
3404;2007;301;2007
1301;2007;1214;2007
8576;2007;389;2007
8028;2007;899;2007
5178;2007;347;2007
3070;2007;90;2007
2617;2007;138;2007
7202;2007;697;2007
6345;2007;851;2007
5227;2007;515;2007
4378;2007;650;2007
5946;2007;5342;2007
1052;2007;117;2007
4856;2007;6581;2007
0496;2007;2163;2007
1423;2007;486;2007
2414;2007;4597;2007
5961;2007;2046;2007
0744;2007;5806;2007
5350;2007;8105;2007
0188;2007;3757;2007
1219;2007;186;2007
9034;2007;91;2007
1508;2007;878;2007
0879;2007;2052;2007
9874;2007;2525;2007
5398;2007;1050;2007
3423;2007;3312;2007
1183;2007;390;2007
0529;2007;182;2007
6705;2007;53848;2007
3063;2007;2054;2007
5432;2007;3284;2007
6134;2007;4832;2007
9575;2007;7186;2007
2196;2007;101;2007
7314;2007;861;2007
9305;2007;1979;2007
5112;2007;1735;2007
0300;2007;471;2007
6666;2007;366;2007
2369;2007;24434;2007
1437;2007;823;2007
6433;2007;1523;2007
0106;2007;276;2007
9691;2007;537;2007
7412;2007;384;2007
2876;2007;3448;2007
7224;2007;2469;2007
9699;2007;367;2007
6768;2007;191;2007
9107;2007;2068;2007
8082;2007;1835;2007
4457;2007;3252;2007
4042;2007;80;2007
0629;2007;92;2007
7124;2007;1346;2007
1690;2007;2720;2007
8291;2007;510;2007
2005;2007;781;2007
2539;2007;859;2007
7390;2007;246;2007
8104;2007;1561;2007
2287;2007;218;2007
6562;2007;75;2007
5000;2007;1857;2007
2204;2007;2211;2007
0310;2007;1312;2007
7344;2007;3536;2007
9869;2007;2869;2007
3762;2007;1405;2007
1258;2007;84;2007
0258;2007;306;2007
2806;2007;774;2007
9056;2007;329;2007
0682;2007;282;2007
5111;2007;286;2007
4335;2007;624;2007
4386;2007;1306;2007
6796;2007;116;2007
9114;2007;1241;2007
9903;2007;601;2007
9818;2007;21951;2007
9330;2007;778;2007
2745;2007;2030;2007
8203;2007;4565;2007
5843;2007;607;2007
8403;2007;890;2007
6271;2007;705;2007
4303;2007;498;2007
1041;2007;225;2007
2211;2007;549;2007
6999;2007;1680;2007
9363;2007;277;2007
2358;2007;2146;2007
9934;2007;4308;2007
1919;2007;2039;2007
6758;2007;855;2007
3282;2007;937;2007
1826;2007;3471;2007
3029;2007;3184;2007
9261;2007;430;2007
5183;2007;428;2007
7070;2007;1041;2007
7055;2007;1024;2007
8083;2007;453;2007
3592;2007;96;2007
4950;2007;1873;2007
0873;2007;80;2007
2693;2007;2948;2007
6797;2007;593;2007
4039;2007;375;2007
4249;2007;236;2007
8932;2007;307;2007
2140;2007;132;2007
9187;2007;5383;2007
5693;2007;345;2007
3102;2007;2108;2007
6214;2007;2835;2007
1856;2007;98;2007
0347;2007;1209;2007
3043;2007;1016;2007
4774;2007;3033;2007
3146;2007;1201;2007
9229;2007;211;2007
2934;2007;277;2007
3851;2007;190;2007
0088;2007;521;2007
0306;2007;1959;2007
3739;2007;764;2007
3615;2007;498;2007
0562;2007;9977;2007
4700;2007;4245;2007
8436;2007;1082;2007
3520;2007;147;2007
8367;2007;165;2007
4212;2007;82;2007
0038;2007;2376;2007
8104;2007;540;2007
2988;2007;1534;2007
0152;2007;147;2007
4025;2007;1667;2007
6108;2007;2138;2007
2407;2007;714;2007
1492;2007;2890;2007
5076;2007;191;2007
3531;2007;1560;2007
5849;2007;392;2007
9004;2007;1003;2007
9166;2007;966;2007
5091;2007;341;2007
5052;2007;511;2007
0742;2007;179;2007
3254;2007;1420;2007
6960;2007;758;2007
5902;2007;16588;2007
1392;2007;81;2007
9069;2007;1118;2007
8454;2007;193;2007
2618;2007;473;2007
5040;2007;2766;2007
7088;2007;2650;2007
1069;2007;2082;2007
4544;2007;2317;2007
0758;2007;2673;2007
5721;2007;4105;2007
1142;2007;1402;2007
7876;2007;20596;2007
3878;2007;220;2007
4979;2007;2008;2007
3908;2007;534;2007
8995;2007;343;2007
6012;2007;517;2007
6848;2007;385;2007
4155;2007;6199;2007
0935;2007;2799;2007
0956;2007;114;2007
2013;2007;2045;2007
1829;2007;224;2007
6453;2007;527;2007
3901;2007;723;2007
8226;2007;68;2007
5956;2007;816;2007
5253;2007;347;2007
1439;2007;2098;2007
3126;2007;976;2007
1017;2007;800;2007
9559;2007;147;2007
9200;2007;62;2007
4094;2007;1617;2007
1540;2007;531;2007
0563;2007;1287;2007
1320;2007;6372;2007
0688;2007;2132;2007
7363;2007;3195;2007
9415;2007;2214;2007
7324;2007;2879;2007
3523;2007;5680;2007
7884;2007;777;2007
4958;2007;1476;2007
1692;2007;731;2007
0672;2007;445;2007
0900;2007;559;2007
4484;2007;1701;2007
5399;2007;546;2007
8608;2007;1010;2007
4124;2007;627;2007
3734;2007;73065;2007
4341;2007;421;2007
0660;2007;1023;2007
2796;2007;339;2007
3430;2007;454;2007
9008;2007;379;2007
7621;2007;901;2007
1608;2007;2457;2007
7884;2007;1737;2007
2931;2007;1406;2007
7149;2007;1333;2007
8923;2007;505;2007
4326;2007;10384;2007
7214;2007;968;2007
0565;2007;302;2007
6480;2007;676;2007
8391;2007;659;2007
5648;2007;3792;2007
3374;2007;1349;2007
8622;2007;669;2007
0881;2007;2826;2007
2882;2007;297;2007
0662;2007;184;2007
1785;2007;1927;2007
5499;2007;912;2007
2039;2007;793;2007
6068;2007;3246;2007
6273;2007;387;2007
8477;2007;678;2007
5928;2007;461;2007
9383;2007;265;2007
6529;2007;625;2007
7779;2007;401;2007
4170;2007;236;2007
5045;2007;481;2007
7326;2007;1287;2007
0489;2007;316;2007
5226;2007;1625;2007
0824;2007;224;2007
0231;2007;313;2007
4766;2007;285;2007
3333;2007;678;2007
4254;2007;588;2007
3986;2007;522;2007
9433;2007;5949;2007
7086;2007;542;2007
9251;2007;951;2007
9270;2007;1595;2007
1300;2007;567;2007
2168;2007;765;2007
8846;2007;608;2007
4721;2007;649;2007
7037;2007;2171;2007
5026;2007;2183;2007
8219;2007;359;2007
3739;2007;333;2007
9251;2007;407;2007
1551;2007;425;2007
4357;2007;237;2007
3971;2007;1189;2007
2321;2007;2410;2007
1103;2007;1031;2007
2057;2007;1007;2007
4210;2007;3346;2007
3291;2007;909;2007
8550;2007;984;2007
5373;2007;380;2007
4969;2007;980;2007
6348;2007;756;2007
1408;2007;1400;2007
4191;2007;2212;2007
1185;2007;1229;2007
4053;2007;212;2007
3631;2007;10193;2007
6170;2007;95;2007
0260;2007;459;2007
5630;2007;555;2007
0013;2007;629;2007
0820;2007;248;2007
0690;2007;736;2007
0036;2007;1989;2007
8582;2007;209;2007
0961;2007;1679;2007
7729;2007;818;2007
4172;2007;395;2007
1805;2007;521;2007
5631;2007;949;2007
5057;2007;472;2007
8377;2007;369;2007
9109;2007;1440;2007
8656;2007;8520;2007
1477;2007;126;2007
2094;2007;731;2007
6838;2007;1085;2007
8691;2007;1213;2007
3426;2007;635;2007
3277;2007;153;2007
4471;2007;302;2007
6804;2007;571;2007
2800;2007;165;2007
1173;2007;1720;2007
8030;2007;935;2007
5952;2007;219;2007
7599;2007;290;2007
0383;2007;2417;2007
1655;2007;717;2007
9754;2007;284;2007
7135;2007;1006;2007
6530;2007;860;2007
8798;2007;3190;2007
9480;2007;5418;2007
1268;2007;428;2007
2863;2007;677;2007
8624;2007;1759;2007
2967;2007;20057;2007
2298;2007;326;2007
5659;2007;89677;2007
1455;2007;773;2007
2135;2007;770;2007
1382;2007;1053;2007
3280;2007;500;2007
1269;2007;415;2007
9166;2007;5899;2007
2375;2007;297;2007
6197;2007;1462;2007
0526;2007;2069;2007
7128;2007;1743;2007
3258;2007;465;2007
4397;2007;777;2007
8874;2007;161;2007
5936;2007;1908;2007
3977;2007;1997;2007
6034;2007;628;2007
7230;2007;1418;2007
5297;2007;2539;2007
6136;2007;1211;2007
0235;2007;330;2007
5293;2007;489;2007
6326;2007;561;2007
2493;2007;543;2007
4376;2007;796;2007
0619;2007;547;2007
4663;2007;1907;2007
0526;2007;1051;2007
7892;2007;338;2007
4833;2007;385;2007
3394;2007;947;2007
2551;2007;102;2007
0154;2007;481;2007
3413;2007;770;2007
1637;2007;1174;2007
0104;2007;401;2007
2099;2007;35234;2007
9850;2007;954;2007
0373;2007;145;2007
8466;2007;1887;2007
0925;2007;3058;2007
7721;2007;945;2007
2089;2007;98;2007
4827;2007;402;2007
1282;2007;4639;2007
6600;2007;158;2007
9770;2007;2071;2007
5844;2007;506;2007
5776;2007;1579;2007
1106;2007;704;2007
4214;2007;5552;2007
4873;2007;432;2007
4466;2007;308;2007
5524;2007;547;2007
4427;2007;475;2007
7470;2007;339;2007
3008;2007;1603;2007
3002;2007;464;2007
6117;2007;1024;2007
8996;2007;373;2007
3874;2007;1030;2007
2191;2007;343;2007
4621;2007;200;2007
2762;2007;240;2007
8547;2007;759;2007
0138;2007;2414;2007
6148;2007;377;2007
7515;2007;495;2007
2861;2007;470;2007
4310;2007;580;2007
5649;2007;1446;2007
9336;2007;737;2007
0573;2007;2015;2007
5332;2007;1694;2007
7684;2007;1209;2007
1542;2007;828;2007
7165;2007;737;2007
2797;2007;161;2007
2764;2007;4626;2007
4494;2007;697;2007
3863;2007;363;2007
0802;2007;308;2007
9428;2007;533;2007
8021;2007;314;2007
5485;2007;770;2007
5358;2007;852;2007
8759;2007;1228;2007
0350;2007;113;2007
2319;2007;1523;2007
7375;2007;1285;2007
1998;2007;194;2007
2357;2007;1368;2007
5040;2007;2254;2007
7527;2007;682;2007
6941;2007;1153;2007
5408;2007;226;2007
5184;2007;239;2007
0326;2007;193;2007
6176;2007;613;2007
7473;2007;323;2007
3756;2007;328;2007
7241;2007;702;2007
4867;2007;364;2007
5982;2007;604;2007
4513;2007;380;2007
8515;2007;367;2007
7049;2007;1536;2007
9523;2007;446;2007
2197;2007;713;2007
2943;2007;716;2007
3104;2007;1526;2007
1948;2007;27789;2007
4629;2007;1389;2007
4278;2007;531;2007
5707;2007;261;2007
6908;2007;135;2007
0996;2007;430;2007
5434;2007;730;2007
3723;2007;11800;2007
3665;2007;1312;2007
1834;2007;1560;2007
4198;2007;251;2007
7376;2007;647;2007
5365;2007;765;2007
2811;2007;1140;2007
4645;2007;1269;2007
9973;2007;942;2007
6455;2007;779;2007
4427;2007;412;2007
7049;2007;3902;2007
9177;2007;1502;2007
9679;2007;693;2007
6495;2007;397;2007
0281;2007;1156;2007
0840;2007;368;2007
1766;2007;4834;2007
9724;2007;547;2007
0071;2007;2066;2007
1651;2007;1414;2007
7338;2007;1720;2007
5153;2007;676;2007
0516;2007;1458;2007
0734;2007;405;2007
5887;2007;184;2007
4612;2007;1515;2007
1543;2007;214;2007
2799;2007;1687;2007
5754;2007;415;2007
9156;2007;4216;2007
5706;2007;611;2007
1156;2007;1310;2007
6916;2007;4540;2007
8925;2007;598;2007
7065;2007;447;2007
7430;2007;438;2007
8532;2007;1221;2007
8426;2007;616;2007
9488;2007;6170;2007
3194;2007;1284;2007
1681;2007;1911;2007
5538;2007;1694;2007
9533;2007;223;2007
8545;2007;1171;2007
9542;2007;322;2007
9132;2007;2360;2007
2889;2007;2001;2007
2111;2007;1553;2007
0350;2007;597;2007
2664;2007;860;2007
7960;2007;894;2007
0894;2007;1416;2007
8666;2007;26206;2007
6032;2007;283;2007
2192;2007;666;2007
3854;2007;20101;2007
2934;2007;1109;2007
7258;2007;1118;2007
6455;2007;2273;2007
3073;2007;3149;2007
6091;2007;519;2007
4744;2007;999;2007
8689;2007;357;2007
5563;2007;1851;2007
0672;2007;745;2007
5618;2007;1200;2007
4829;2007;1199;2007
2458;2007;172;2007
1827;2007;746;2007
9640;2007;259;2007
8080;2007;603;2007
3923;2007;34222;2007
8405;2007;1307;2007
3596;2007;896;2007
6166;2007;437;2007
4208;2007;1370;2007
2436;2007;1982;2007
0314;2007;143;2007
0905;2007;236;2007
5133;2007;974;2007
2621;2007;853;2007
9864;2007;756;2007
1589;2007;636;2007
5415;2007;951;2007
5283;2007;86;2007
7924;2007;680;2007
4401;2007;401;2007
8619;2007;2412;2007
6811;2007;4818;2007
0426;2007;1477;2007
6059;2007;2930;2007
9801;2007;2694;2007
2542;2007;439;2007
2330;2007;216;2007
5692;2007;488;2007
1159;2007;1733;2007
7128;2007;448;2007
1716;2007;459;2007
9833;2007;1477;2007
3034;2007;3119;2007
5174;2007;317;2007
6500;2007;813;2007
6384;2007;1179;2007
0381;2007;603;2007
3781;2007;398;2007
6103;2007;1388;2007
0120;2007;671;2007
9365;2007;323;2007
9427;2007;1960;2007
6666;2007;791;2007
5491;2007;492;2007
7597;2007;1835;2007
6277;2007;1952;2007
3544;2007;2809;2007
4825;2007;153;2007
5598;2007;215;2007
2673;2007;488;2007
3295;2007;1485;2007
5619;2007;195;2007
7533;2007;817;2007
9214;2007;3938;2007
4018;2007;958;2007
0520;2007;3556;2007
8306;2007;121;2007
3385;2007;205;2007
6410;2007;1026;2007
7364;2007;3332;2007
3872;2007;384;2007
3858;2007;1245;2007
4576;2007;338;2007
4207;2007;218;2007
1772;2007;2927;2007
8769;2007;384;2007
5721;2007;4818;2007
2810;2007;4764;2007
4629;2007;543;2007
4757;2007;178;2007
4468;2007;618;2007
2147;2007;190;2007
1501;2007;2226;2007
3546;2007;1336;2007
3607;2007;2711;2007
7980;2007;1256;2007
6268;2007;475;2007
9364;2007;584;2007
0628;2007;189;2007
0925;2007;124;2007
1429;2007;360;2007
1000;2007;1259;2007
3196;2007;307;2007
6456;2007;10496;2007
9399;2007;466;2007
4357;2007;854;2007
9447;2007;5430;2007
4709;2007;316;2007
2910;2007;173;2007
8605;2007;1148;2007
9282;2007;364;2007
7924;2007;1263;2007
5850;2007;1130;2007
8569;2007;287;2007
5068;2007;597;2007
0919;2007;533;2007
3931;2007;1302;2007
8809;2007;586;2007
5548;2007;268;2007
5190;2007;799;2007
3343;2007;647;2007
1136;2007;2170;2007
6729;2007;6145;2007
9118;2007;1061;2007
2846;2007;2027;2007
7953;2007;1366;2007
3823;2007;41013;2007
3465;2007;690;2007
8968;2007;286;2007
6911;2007;227;2007
0473;2007;683;2007
7127;2007;371;2007
0261;2007;132;2007
8375;2007;254;2007
4462;2007;3523;2007
2994;2007;946;2007
2246;2007;585;2007
5045;2007;1428;2007
2304;2007;886;2007
3802;2007;853;2007
3127;2007;2316;2007
2099;2007;618;2007
8026;2007;511;2007
8563;2007;576;2007
3683;2007;396;2007
0712;2007;2827;2007
2848;2007;266;2007
8532;2007;3143;2007
3071;2007;1241;2007
2886;2007;1435;2007
9578;2007;53810;2007
6886;2007;2274;2007
8705;2007;318;2007
4660;2007;891;2007
3583;2007;13749;2007
9254;2007;221;2007
6060;2007;422;2007
8808;2007;1266;2007
6815;2007;7153;2007
1513;2007;445;2007
7256;2007;24689;2007
4645;2007;319;2007
5157;2007;470;2007
2440;2007;11030;2007
5752;2007;23522;2007
2458;2007;5629;2007
6771;2007;10711;2007
2966;2007;2150;2007
7987;2007;7389;2007
0930;2007;603;2007
2733;2007;607;2007
7924;2007;675;2007
6899;2007;1186;2007
3521;2007;2344;2007
3910;2007;5265;2007
7326;2007;2321;2007
4709;2007;457;2007
4026;2007;13411;2007
6034;2007;1573;2007
7456;2007;1588;2007
4005;2007;5741;2007
4707;2007;803;2007
7042;2007;320;2007
1432;2007;196;2007
5606;2007;5444;2007
9617;2007;3758;2007
1527;2007;5775;2007
2726;2007;1841;2007
4065;2007;1058;2007
8152;2007;2025;2007
7277;2007;257;2007
5253;2007;11851;2007
0314;2007;1227;2007
2237;2007;940;2007
7021;2007;475;2007
7242;2007;1969;2007
4313;2007;11303;2007
5718;2007;823;2007
7301;2007;1310;2007
8506;2007;139;2007
9575;2007;3357;2007
2979;2007;538;2007
2226;2007;882;2007
1779;2007;238;2007
6683;2007;2883;2007
1897;2007;224;2007
3129;2007;868;2007
4541;2007;1445;2007
1735;2007;511;2007
3321;2007;977;2007
4461;2007;844;2007
8780;2007;8754;2007
6453;2007;627;2007
9456;2007;885;2007
9184;2007;7268;2007
5972;2007;567;2007
7067;2007;747;2007
6560;2007;1941;2007
2710;2007;60660;2007
0198;2007;3945;2007
6807;2007;3061;2007
8062;2007;850;2007
2868;2007;227;2007
9651;2007;2486;2007
4468;2007;2453;2007
1688;2007;805;2007
7846;2007;8228;2007
9616;2007;13539;2007
9151;2007;401;2007
7617;2007;814;2007
8914;2007;2300;2007
8072;2007;357;2007
2972;2007;11559;2007
9322;2007;2345;2007
2766;2007;2734;2007
4242;2007;4590;2007
5133;2007;2111;2007
0618;2007;5891;2007
0653;2007;5628;2007
7402;2007;3049;2007
9059;2007;7483;2007
4580;2007;3492;2007
8222;2007;6588;2007
0656;2007;3240;2007
7499;2007;1682;2007
6951;2007;3910;2007
2310;2007;27510;2007
2837;2007;2562;2007
7229;2007;9160;2007
0821;2007;5410;2007
0024;2007;281;2007
7249;2007;593;2007
5252;2007;1877;2007
2539;2007;115;2007
6165;2007;504;2007
1627;2007;299;2007
9072;2007;597569;2007
8714;2007;153;2007
9693;2007;1565;2007
8763;2007;12997;2007
7100;2007;2255;2007
7183;2007;511;2007
5078;2007;1573;2007
4412;2007;3894;2007
9341;2007;2709;2007
6498;2007;1540;2007
2743;2007;3661;2007
2716;2007;2626;2007
6107;2007;2818;2007
6787;2007;245;2007
7247;2007;2089;2007
5215;2007;2317;2007
2369;2007;1042;2007
9885;2007;579;2007
5565;2007;2545;2007
5311;2007;506;2007
9310;2007;179;2007
6136;2007;29741;2007
7715;2007;10250;2007
7189;2007;1175;2007
1128;2007;4567;2007
8080;2007;89;2007
5932;2007;2933;2007
0827;2007;583;2007
5747;2007;2603;2007
0448;2007;10246;2007
9016;2007;5931;2007
7704;2007;1244;2007
7441;2007;3160;2007
2045;2007;7992;2007
6163;2007;18441;2007
0661;2007;4397;2007
5371;2007;613;2007
0146;2007;2364;2007
1384;2007;614;2007
6331;2007;2437;2007
6706;2007;778;2007
4259;2007;480;2007
7940;2007;2545;2007
1733;2007;4546;2007
5379;2007;10119;2007
9450;2007;2317;2007
5662;2007;7595;2007
1896;2007;1004;2007
3368;2007;1000;2007
9014;2007;1261;2007
7545;2007;1205;2007
7916;2007;633;2007
8633;2007;504;2007
0171;2007;8148;2007
0856;2007;1454;2007
2703;2007;6132;2007
2599;2007;712;2007
3922;2007;92389;2007
0078;2007;10712;2007
8140;2007;5574;2007
4273;2007;721;2007
9431;2007;1560;2007
8558;2007;8596;2007
7461;2007;641;2007
1382;2007;3921;2007
7633;2007;3423;2007
2664;2007;1710;2007
6636;2007;867;2007
8524;2007;8474;2007
5146;2007;21076;2007
7759;2007;1521;2007
5883;2007;2210;2007
2985;2007;991;2007
3713;2007;7365;2007
7008;2007;542;2007
7953;2007;413;2007
8821;2007;5024;2007
7261;2007;5659;2007
1519;2007;9761;2007
5059;2007;4741;2007
5062;2007;4283;2007
1722;2007;761;2007
9232;2007;1706;2007
5157;2007;1527;2007
5636;2007;624;2007
4320;2007;2467;2007
4769;2007;5276;2007
0169;2007;8916;2007
5653;2007;3217;2007
0300;2007;4219;2007
0382;2007;2040;2007
8461;2007;3311;2007
2924;2007;779;2007
1820;2007;1742;2007
9547;2007;1086;2007
3508;2007;881;2007
1189;2007;1216;2007
6200;2007;1027;2007
9058;2007;1113;2007
5128;2007;3145;2007
6598;2007;78941;2007
2718;2007;1769;2007
7280;2007;1686;2007
2635;2007;7705;2007
1414;2007;4604;2007
1269;2007;2636;2007
4234;2007;13563;2007
2131;2007;6135;2007
4002;2007;14390;2007
7494;2007;4830;2007
5879;2007;2593;2007
3228;2007;1315;2007
0381;2007;3940;2007
9092;2007;5628;2007
3442;2007;21149;2007
9547;2007;654;2007
9300;2007;14444;2007
9821;2007;571;2007
7509;2007;1265;2007
7907;2007;2045;2007
9003;2007;7857;2007
7590;2007;5315;2007
3176;2007;5225;2007
0035;2007;813;2007
1336;2007;9586;2007
1074;2007;3935;2007
9838;2007;1973;2007
8440;2007;4685;2007
6874;2007;1140;2007
5554;2007;2596;2007
5510;2007;776;2007
4407;2007;585;2007
1837;2007;3425;2007
5438;2007;3109;2007
0591;2007;2798;2007
8543;2007;191;2007
5272;2007;3297;2007
9590;2007;1600;2007
0684;2007;2970;2007
3987;2007;1402;2007
4905;2007;159;2007
6809;2007;11340;2007
6579;2007;6704;2007
5265;2007;676;2007
9787;2007;49404;2007
2312;2007;935;2007
9434;2007;9332;2007
8643;2007;4634;2007
6747;2007;2757;2007
7868;2007;9918;2007
6600;2007;3719;2007
4363;2007;2504;2007
1580;2007;5075;2007
4806;2007;8135;2007
6957;2007;2141;2007
0456;2007;1234;2007
4338;2007;1043;2007
3478;2007;10221;2007
9097;2007;4936;2007
8742;2007;5045;2007
4421;2007;5380;2007
5306;2007;8907;2007
1698;2007;3452;2007
8367;2007;4754;2007
2406;2007;11891;2007
7041;2007;1227;2007
0057;2007;14211;2007
0683;2007;1332;2007
2782;2007;1975;2007
7726;2007;1285;2007
0116;2007;16037;2007
4904;2007;3373;2007
8464;2007;6619;2007
8580;2007;290;2007
8082;2007;280;2007
4816;2007;1823;2007
8832;2007;1417;2007
1012;2007;1393;2007
5105;2007;1882;2007
6025;2007;4314;2007
2356;2007;4720;2007
7451;2007;4430;2007
2065;2007;11783;2007
9147;2007;7030;2007
7246;2007;868;2007
5175;2007;678;2007
4711;2007;226;2007
3374;2007;2994;2007
3750;2007;2432;2007
4481;2007;974;2007
7630;2007;1283;2007
4389;2007;3057;2007
0139;2007;16046;2007
0575;2007;37799;2007
0379;2007;10627;2007
0347;2007;4232;2007
9318;2007;5556;2007
5053;2007;16605;2007
7498;2007;6130;2007
6311;2007;3638;2007
6351;2007;2385;2007
4775;2007;17042;2007
5968;2007;3765;2007
0620;2007;276;2007
7363;2007;10062;2007
4185;2007;1542;2007
3321;2007;2287;2007
8657;2007;81221;2007
0848;2007;7278;2007
2078;2007;296;2007
8789;2007;6209;2007
7338;2007;6862;2007
7832;2007;8865;2007
2627;2007;5314;2007
6058;2007;495;2007
2206;2007;1479;2007
3792;2007;6091;2007
9506;2007;3976;2007
8386;2007;2513;2007
9921;2007;1135;2007
5896;2007;5022;2007
2401;2007;1645;2007
8076;2007;7309;2007
1121;2007;667;2007
6231;2007;4737;2007
5106;2007;3589;2007
7081;2007;586;2007
6808;2007;3011;2007
5853;2007;335;2007
8047;2007;2506;2007
1194;2007;4522;2007
6705;2007;1535;2007
5601;2007;262;2007
4718;2007;1252;2007
1737;2007;5902;2007
8334;2007;1942;2007
9720;2007;444;2007
0252;2007;1780;2007
7733;2007;3704;2007
1784;2007;7247;2007
1931;2007;7172;2007
5169;2007;410;2007
5295;2007;2068;2007
6757;2007;2166;2007
2534;2007;37197;2007
1053;2007;5058;2007
7176;2007;5514;2007
9442;2007;1230;2007
9237;2007;2823;2007
1719;2007;4155;2007
7329;2007;2994;2007
1514;2007;6117;2007
9963;2007;401;2007
8896;2007;1702;2007
2221;2007;4743;2007
5073;2007;2916;2007
9723;2007;1332;2007
6220;2007;837;2007
4466;2007;898;2007
6881;2007;2825;2007
9748;2007;267;2007
5479;2007;573;2007
1831;2007;8820;2007
2813;2007;6992;2007
6263;2007;1995;2007
3781;2007;691;2007
9034;2007;556;2007
6171;2007;542;2007
1169;2007;80324;2007
5288;2007;1197;2007
1917;2007;821;2007
1382;2007;740;2007
9305;2007;3358;2007
6466;2007;256;2007
6082;2007;607;2007
2764;2007;1484;2007
0436;2007;3479;2007
4878;2007;313;2007
9512;2007;1134;2007
8017;2007;16790;2007
9372;2007;2722;2007
5230;2007;1261;2007
1414;2007;3849;2007
3603;2007;3018;2007
9561;2007;5020;2007
2395;2007;9162;2007
7547;2007;913;2007
1256;2007;997;2007
4830;2007;246;2007
4163;2007;2203;2007
8250;2007;2917;2007
8991;2007;1283;2007
8403;2007;2744;2007
5458;2007;696;2007
9052;2007;5545;2007
9873;2007;8582;2007
1961;2007;984;2007
6825;2007;529;2007
8360;2007;2242;2007
0408;2007;1418;2007
5331;2007;453;2007
9352;2007;1831;2007
7039;2007;2087;2007
5636;2007;3249;2007
2977;2007;5777;2007
1337;2007;205;2007
0364;2007;4186;2007
4770;2007;8685;2007
6045;2007;1714;2007
1613;2007;2625;2007
6988;2007;5079;2007
8854;2007;2343;2007
9255;2007;10103;2007
0815;2007;600;2007
8027;2007;22916;2007
2885;2007;3425;2007
7701;2007;3250;2007
2814;2007;4069;2007
3255;2007;1016;2007
8974;2007;1735;2007
7270;2007;2121;2007
2230;2007;4469;2007
0152;2007;259;2007
5169;2007;2680;2007
6815;2007;7750;2007
7055;2007;1017;2007
0301;2007;1303;2007
9209;2007;2923;2007
9644;2007;11127;2007
6880;2007;2284;2007
4607;2007;2745;2007
3421;2007;1005;2007
2138;2007;1789;2007
5747;2007;224;2007
9935;2007;992;2007
7955;2007;979;2007
5334;2007;277;2007
9040;2007;847;2007
0749;2007;865;2007
8112;2007;275;2007
3802;2007;4239;2007
6400;2007;4448;2007
2991;2007;921;2007
2026;2007;1322;2007
9165;2007;424;2007
0752;2007;287;2007
5208;2007;1141;2007
0864;2007;1697;2007
5680;2007;7182;2007
5316;2007;5799;2007
7342;2007;616;2007
5077;2007;1072;2007
2137;2007;1729;2007
0917;2007;4391;2007
9930;2007;368;2007
1171;2007;935;2007
7868;2007;3135;2007
0937;2007;2513;2007
2332;2007;1186;2007
7425;2007;642;2007
2943;2007;653;2007
9054;2007;5696;2007
5288;2007;1238;2007
8070;2007;1301;2007
9091;2007;237;2007
2824;2007;8696;2007
7844;2007;4206;2007
6474;2007;2642;2007
1320;2007;2724;2007
6115;2007;188;2007
7405;2007;1633;2007
8606;2007;272;2007
1517;2007;2752;2007
0078;2007;752;2007
7469;2007;3914;2007
8680;2007;7328;2007
5952;2007;213;2007
7866;2007;1797;2007
9616;2007;367;2007
3462;2007;3170;2007
7750;2007;558;2007
3652;2007;1666;2007
1442;2007;3274;2007
2215;2007;141;2007
5948;2007;4383;2007
1065;2007;1289;2007
4214;2007;4033;2007
7070;2007;2063;2007
9723;2007;1020;2007
4884;2007;1062;2007
3122;2007;1537;2007
0700;2007;697;2007
0329;2007;1534;2007
4204;2007;476;2007
6854;2007;759;2007
7709;2007;7293;2007
5975;2007;2709;2007
7567;2007;2520;2007
0707;2007;367;2007
1361;2007;1084;2007
8352;2007;1499;2007
9901;2007;5262;2007
7335;2007;422;2007
5560;2007;3053;2007
4967;2007;3367;2007
7991;2007;533;2007
8975;2007;858;2007
5951;2007;653;2007
4263;2007;223;2007
4131;2007;1812;2007
9158;2007;4759;2007
1233;2007;1644;2007
6544;2007;555;2007
1650;2007;1425;2007
2927;2007;5649;2007
4605;2007;678;2007
7844;2007;695;2007
3244;2007;1099;2007
4294;2007;1012;2007
4612;2007;49;2007
1455;2007;1687;2007
9738;2007;3037;2007
8148;2007;11733;2007
7437;2007;1798;2007
2997;2007;30;2007
6867;2007;1262;2007
7998;2007;2318;2007
2534;2007;1962;2007
8988;2007;1834;2007
7265;2007;2326;2007
5844;2007;655;2007
7578;2007;2772;2007
0003;2007;296;2007
8248;2007;554;2007
8974;2007;2983;2007
8501;2007;453;2007
5235;2007;472;2007
4525;2007;4332;2007
8748;2007;21847;2007
6849;2007;105;2007
0512;2007;4644;2007
2737;2007;217;2007
3175;2007;4763;2007
3744;2007;9081;2007
2368;2007;879;2007
1463;2007;606;2007
3756;2007;2401;2007
0134;2007;2019;2007
7227;2007;4030;2007
5706;2007;3431;2007
0275;2007;2743;2007
7085;2007;935;2007
3774;2007;1092;2007
4053;2007;230;2007
5223;2007;1085;2007
7393;2007;2930;2007
7777;2007;29994;2007
2281;2007;14440;2007
4676;2007;2089;2007
9817;2007;4624;2007
8631;2007;5995;2007
4210;2007;6148;2007
2455;2007;17262;2007
5634;2007;19417;2007
3619;2007;10967;2007
0520;2007;8009;2007
3841;2007;16540;2007
7559;2007;6596;2007
5856;2007;3437;2007
4922;2007;7793;2007
5903;2007;3801;2007
5372;2007;7016;2007
9338;2007;9498;2007
1613;2007;3057;2007
7027;2007;14934;2007
7426;2007;1996;2007
8948;2007;11560;2007
8715;2007;7212;2007
6528;2007;4332;2007
1393;2007;36574;2007
9334;2007;16036;2007
3825;2007;25890;2007
6082;2007;5777;2007
4122;2007;32633;2007
9489;2007;2041;2007
0036;2007;25936;2007
4332;2007;4292;2007
8322;2007;4698;2007
7763;2007;5556;2007
5863;2007;8458;2007
9836;2007;13002;2007
7272;2007;1117;2007
1802;2007;6134;2007
5652;2007;2105;2007
2532;2007;12075;2007
0386;2007;5152;2007
8894;2007;17767;2007
4702;2007;7373;2007
2564;2007;3331;2007
3859;2007;13849;2007
2971;2007;3732;2007
5951;2007;5299;2007
6010;2007;18361;2007
2096;2007;12778;2007
3175;2007;1843;2007
1724;2007;10595;2007
3932;2007;6490;2007
0780;2007;6095;2007
2207;2007;29144;2007
0224;2007;4855;2007
1073;2007;14392;2007
9388;2007;22973;2007
5134;2007;35546;2007
7681;2007;13168;2007
7241;2007;71181;2007
6764;2007;3659;2007
9549;2007;7972;2007
3961;2007;47025;2007
1644;2007;1951;2007
4875;2007;14656;2007
6868;2007;16261;2007
4735;2007;19136;2007
0674;2007;20222;2007
8153;2007;9766;2007
4858;2007;2331;2007
3573;2007;32662;2007
9242;2007;8036;2007
4585;2007;3442;2007
0817;2007;19011;2007
6354;2007;5351;2007
7563;2007;38667;2007
4795;2007;2852;2007
2559;2007;8832;2007
9951;2007;26975;2007
7593;2007;7810;2007
2803;2007;23406;2007
5801;2007;18633;2007
4596;2007;2688;2007
1012;2007;1718;2007
1348;2007;8563;2007
2054;2007;9697;2007
0401;2007;7972;2007
9333;2007;24615;2007
3149;2007;7385;2007
6501;2007;55513;2007
9773;2007;15132;2007
1856;2007;7379;2007
2850;2007;33132;2007
4067;2007;3787;2007
2958;2007;39593;2007
4645;2007;9047;2007
1826;2007;7023;2007
9911;2007;23020;2007
2300;2007;8861;2007
2083;2007;5797;2007
3852;2007;3030;2007
3083;2007;22876;2007
0824;2007;11918;2007
9985;2007;16321;2007
8205;2007;18079;2007
6397;2007;3711;2007
3185;2007;3795;2007
6706;2007;1245440;2007
1093;2007;4742;2007
0966;2007;118962;2007
0014;2007;1200;2007
5128;2007;7425;2007
4764;2007;22832;2007
2583;2007;17224;2007
8760;2007;672;2007
8580;2007;22566;2007
4620;2007;20029;2007
8582;2007;3898;2007
6385;2007;13416;2007
8844;2007;4184;2007
9835;2007;3957;2007
9731;2007;1388;2007
1049;2007;46400;2007
6200;2007;5628;2007
2925;2007;25273;2007
8208;2007;10522;2007
9782;2007;10038;2007
2212;2007;21798;2007
6624;2007;9028;2007
9138;2007;15137;2007
0936;2007;33101;2007
7848;2007;8125;2007
1648;2007;4746;2007
1394;2007;7807;2007
0744;2007;6217;2007
9065;2007;4005;2007
0299;2007;13514;2007
2430;2007;49379;2007
9267;2007;4815;2007
7842;2007;6575;2007
0738;2007;4366;2007
1611;2007;3267;2007
9685;2007;3264;2007
6816;2007;5217;2007
2429;2007;40184;2007
5050;2007;7497;2007
8762;2007;31770;2007
2001;2007;6645;2007
8285;2007;34499;2007
9662;2007;4243;2007
5010;2007;8184;2007
2354;2007;4065;2007
7529;2007;10968;2007
4880;2007;32980;2007
5956;2007;20468;2007
0449;2007;41204;2007
6996;2007;78147;2007
4264;2007;7180;2007
7190;2007;18619;2007
4024;2007;21003;2007
6760;2007;13380;2007
2630;2007;7750;2007
2018;2007;3765;2007
4356;2007;4470;2007
7662;2007;18940;2007
0534;2007;12145;2007
9378;2007;2874;2007
3930;2007;8195;2007
9837;2007;5548;2007
5188;2007;7521;2007
7508;2007;9509;2007
0499;2007;8360;2007
1545;2007;7231;2007
8480;2007;12559;2007
9793;2007;7718;2007
5554;2007;4426;2007
5334;2007;9035;2007
3090;2007;3789;2007
6542;2007;3023;2007
5517;2007;8598;2007
8647;2007;13437;2007
7166;2007;25333;2007
7483;2007;14891;2007
1334;2007;9117;2007
6505;2007;4037;2007
4278;2007;1167;2007
5779;2007;6341;2007
5513;2007;6125;2007
5630;2007;5220;2007
7607;2007;10492;2007
6055;2007;2072;2007
2249;2007;832;2007
3527;2007;7665;2007
8094;2007;17810;2007
0154;2007;5773;2007
6065;2007;5720;2007
7305;2007;5833;2007
6709;2007;13191;2007
2949;2007;2331;2007
7270;2007;2902;2007
3472;2007;4592;2007
4369;2007;3678;2007
3077;2007;2794;2007
6932;2007;196;2007
4898;2007;535;2007
3078;2007;7518;2007
2892;2007;448;2007
5491;2007;4010;2007
9806;2007;662;2007
0745;2007;4261;2007
0807;2007;1683;2007
2680;2007;726;2007
1447;2007;2457;2007
1066;2007;113056;2007
8641;2007;1248;2007
6704;2007;549;2007
2008;2007;94;2007
5912;2007;5095;2007
2082;2007;5404;2007
1510;2007;7746;2007
4678;2007;6359;2007
8306;2007;1120;2007
0906;2007;1000;2007
7727;2007;5121;2007
4653;2007;767;2007
1864;2007;742;2007
5358;2007;7875;2007
1319;2007;7707;2007
2698;2007;4205;2007
1106;2007;5597;2007
1425;2007;116;2007
9947;2007;4982;2007
0832;2007;5587;2007
6677;2007;5149;2007
3336;2007;8158;2007
7239;2007;3829;2007
9440;2007;653;2007
2162;2007;4066;2007
6789;2007;1298;2007
7811;2007;7296;2007
7838;2007;3084;2007
3883;2007;15362;2007
8209;2007;4328;2007
1535;2007;367;2007
5891;2007;4515;2007
1132;2007;3852;2007
1746;2007;3730;2007
6219;2007;3336;2007
6773;2007;128;2007
1527;2007;9467;2007
7066;2007;2858;2007
5001;2007;3441;2007
5891;2007;1423;2007
6516;2007;2172;2007
0244;2007;1529;2007
9724;2007;2492;2007
6167;2007;3237;2007
5992;2007;4117;2007
0705;2007;1610;2007
5456;2007;2970;2007
8847;2007;5465;2007
8160;2007;6141;2007
3074;2007;5414;2007
7280;2007;5159;2007
1901;2007;8710;2007
6268;2007;1149;2007
5187;2007;10137;2007
7485;2007;1652;2007
4452;2007;3792;2007
5017;2007;986;2007
3490;2007;1873;2007
2228;2007;3158;2007
2120;2007;645;2007
6665;2007;8913;2007
9435;2007;3854;2007
4135;2007;3092;2007
7049;2007;7618;2007
4071;2007;276;2007
8075;2007;22608;2007
5582;2007;999;2007
0689;2007;3432;2007
1452;2007;1773;2007
7815;2007;7661;2007
0407;2007;1220;2007
4232;2007;3130;2007
2877;2007;1157;2007
0600;2007;3092;2007
7969;2007;3988;2007
9290;2007;715;2007
1428;2007;212;2007
8683;2007;3205;2007
0447;2007;3133;2007
2797;2007;229;2007
1342;2007;1056;2007
0319;2007;5617;2007
1267;2007;1482;2007
1962;2007;930;2007
4134;2007;5046;2007
1680;2007;401;2007
5881;2007;5633;2007
6976;2007;4925;2007
5201;2007;6182;2007
0001;2007;1685;2007
7413;2007;6099;2007
0692;2007;1240;2007
7773;2007;853;2007
9408;2007;7069;2007
8327;2007;199;2007
0586;2007;677;2007
1559;2007;4064;2007
6909;2007;4741;2007
7383;2007;653;2007
5315;2007;3671;2007
7896;2007;814;2007
9246;2007;5365;2007
0469;2007;2312;2007
4846;2007;813;2007
0689;2007;3962;2007
6702;2007;6049;2007
0512;2007;9456;2007
8383;2007;204;2007
1053;2007;2994;2007
3564;2007;200;2007
7535;2007;1134;2007
8156;2007;2852;2007
5627;2007;2635;2007
9226;2007;2687;2007
4646;2007;4406;2007
6417;2007;7238;2007
2348;2007;11441;2007
6274;2007;515;2007
8919;2007;1036;2007
3262;2007;187;2007
6636;2007;700;2007
7820;2007;803;2007
0766;2007;1712;2007
0963;2007;179;2007
1822;2007;5230;2007
5856;2007;11262;2007
2349;2007;2016;2007
0901;2007;3760;2007
9624;2007;3867;2007
7937;2007;5640;2007
2793;2007;2848;2007
8187;2007;368;2007
5999;2007;5419;2007
4799;2007;1803;2007
7022;2007;1425;2007
5451;2007;1049;2007
7653;2007;1230;2007
2378;2007;448;2007
4280;2007;95;2007
2861;2007;1518;2007
5898;2007;1941;2007
4816;2007;6709;2007
5512;2007;10835;2007
3776;2007;3210;2007
0976;2007;4829;2007
1983;2007;4415;2007
9556;2007;1890;2007
6248;2007;1173;2007
2817;2007;4745;2007
1151;2007;1616;2007
0748;2007;6044;2007
2202;2007;1222;2007
5213;2007;837;2007
8106;2007;3856;2007
3831;2007;17516;2007
3866;2007;458;2007
0675;2007;720;2007
0302;2007;885;2007
5339;2007;3801;2007
0260;2007;5175;2007
2465;2007;5140;2007
9533;2007;4930;2007
8036;2007;601;2007
0515;2007;3491;2007
6622;2007;6054;2007
6891;2007;9357;2007
9693;2007;1297;2007
8461;2007;2547;2007
5279;2007;2024;2007
5290;2007;22760;2007
3384;2007;2200;2007
7570;2007;1627;2007
9447;2007;691;2007
2123;2007;8815;2007
0350;2007;3958;2007
0243;2007;5354;2007
9670;2007;1003;2007
6107;2007;5388;2007
3737;2007;12016;2007
8250;2007;1064;2007
5411;2007;3805;2007
1257;2007;621;2007
1707;2007;2186;2007
3025;2007;4678;2007
1225;2007;6908;2007
4838;2007;8103;2007
6904;2007;2224;2007
6241;2007;1095;2007
5138;2007;9061;2007
2198;2007;27687;2007
4874;2007;9928;2007
3451;2007;1398;2007
7782;2007;9036;2007
8899;2007;1152;2007
8028;2007;3550;2007
8905;2007;599;2007
7640;2007;143;2007
2302;2007;216;2007
3797;2007;408;2007
8975;2007;316;2007
2916;2007;220;2007
8218;2007;7361;2007
3439;2007;7589;2007
6945;2007;4739;2007
4483;2007;1111;2007
7561;2007;1196;2007
3097;2007;603;2007
9822;2007;4539;2007
4954;2007;6819;2007
6029;2007;6398;2007
1595;2007;2019;2007
0419;2007;7162;2007
0010;2007;1540;2007
4317;2007;2554;2007
9523;2007;7387;2007
2123;2007;9127;2007
2970;2007;992;2007
3232;2007;744;2007
2506;2007;298;2007
8484;2007;2303;2007
1788;2007;1981;2007
5464;2007;1528;2007
2895;2007;6989;2007
5546;2007;1828;2007
7523;2007;2414;2007
8313;2007;468;2007
5601;2007;2619;2007
0191;2007;3474;2007
5695;2007;2625;2007
3457;2007;12241;2007
2121;2007;3913;2007
3363;2007;2387;2007
4918;2007;1131;2007
4204;2007;2149;2007
4434;2007;11207;2007
5925;2007;2409;2007
4633;2007;1779;2007
9148;2007;2315;2007
5442;2007;3609;2007
2870;2007;1448;2007
5299;2007;5388;2007
4199;2007;8754;2007
4960;2007;2774;2007
4824;2007;10468;2007
9887;2007;2287;2007
4114;2007;7451;2007
3801;2007;1498;2007
3567;2007;646;2007
9301;2007;4959;2007
3338;2007;188828;2007
8968;2007;687;2007
3082;2007;1973;2007
2958;2007;12117;2007
7369;2007;3320;2007
8272;2007;8196;2007
1074;2007;2482;2007
9465;2007;393;2007
9676;2007;4325;2007
6009;2007;8825;2007
8417;2007;11859;2007
1737;2007;7435;2007
1396;2007;6424;2007
4999;2007;9996;2007
2325;2007;10655;2007
3362;2007;1920;2007
6321;2007;6525;2007
3415;2007;10724;2007
0830;2007;1263;2007
5461;2007;4900;2007
5525;2007;662;2007
2989;2007;2009;2007
4642;2007;970;2007
9592;2007;18067;2007
9309;2007;1654;2007
7130;2007;588;2007
3068;2007;2718;2007
0465;2007;8009;2007
2698;2007;4767;2007
4749;2007;2319;2007
7875;2007;7469;2007
4370;2007;3439;2007
0748;2007;14099;2007
9733;2007;6929;2007
6046;2007;2018;2007
2960;2007;1227;2007
0712;2007;14794;2007
3209;2007;5184;2007
2625;2007;26072;2007
9031;2007;4446;2007
2398;2007;8043;2007
3061;2007;5137;2007
0159;2007;2180;2007
8367;2007;8096;2007
5861;2007;4732;2007
3928;2007;2661;2007
6562;2007;11448;2007
7532;2007;3084;2007
7959;2007;11212;2007
8026;2007;17527;2007
3811;2007;2209;2007
2837;2007;5172;2007
0891;2007;16123;2007
8933;2007;1878;2007
6657;2007;419;2007
9347;2007;154;2007
4195;2007;8967;2007
3283;2007;3947;2007
8235;2007;621;2007
4516;2007;13847;2007
0239;2007;1115;2007
4987;2007;1757;2007
4335;2007;3604;2007
1954;2007;14827;2007
4707;2007;634;2007
2553;2007;563;2007
7425;2007;390;2007
7179;2007;23735;2007
0958;2007;1460;2007
1125;2007;169;2007
5281;2007;3131;2007
8941;2007;2071;2007
4567;2007;3320;2007
6274;2007;4574;2007
8839;2007;13074;2007
7392;2007;4362;2007
0348;2007;716;2007
9306;2007;3235;2007
7265;2007;10789;2007
4888;2007;1710;2007
6521;2007;2290;2007
0259;2007;569;2007
6051;2007;1781;2007
8908;2007;4176;2007
6613;2007;21992;2007
5181;2007;4697;2007
5067;2007;791;2007
0780;2007;2385;2007
2115;2007;10882;2007
1574;2007;1900;2007
4579;2007;3887;2007
3116;2007;4217;2007
5439;2007;1989;2007
0333;2007;4149;2007
8481;2007;3236;2007
7797;2007;983;2007
8683;2007;11929;2007
9376;2007;2459;2007
2902;2007;12810;2007
8578;2007;1476;2007
8085;2007;4081;2007
6080;2007;3662;2007
8656;2007;212;2007
0034;2007;1920;2007
0393;2007;18907;2007
1816;2007;4267;2007
1537;2007;682;2007
3907;2007;6935;2007
6134;2007;2808;2007
8177;2007;4192;2007
9152;2007;621;2007
1258;2007;711;2007
4894;2007;1623;2007
9450;2007;4088;2007
2274;2007;8021;2007
2011;2007;2740;2007
1195;2007;2445;2007
2734;2007;3718;2007
6432;2007;5203;2007
4051;2007;1795;2007
2070;2007;6928;2007
0859;2007;6587;2007
3278;2007;3587;2007
1622;2007;2828;2007
4524;2007;1563;2007
2623;2007;383;2007
9888;2007;6290;2007
1597;2007;6610;2007
8506;2007;969;2007
9716;2007;3125;2007
4527;2007;6247;2007
4624;2007;3347;2007
2063;2007;12872;2007
1323;2007;4482;2007
8906;2007;8202;2007
8207;2007;4370;2007
4184;2007;8894;2007
0941;2007;16450;2007
8454;2007;5302;2007
4472;2007;3639;2007
5869;2007;3354;2007
3045;2007;10242;2007
2156;2007;3371;2007
5028;2007;2142;2007
2531;2007;4270;2007
6790;2007;12702;2007
2669;2007;1075;2007
4711;2007;1511;2007
5719;2007;1644;2007
4273;2007;3058;2007
2462;2007;7477;2007
7734;2007;1685;2007
8920;2007;1261;2007
4396;2007;1891;2007
8075;2007;1440;2007
2585;2007;1051;2007
8545;2007;1325;2007
4393;2007;5964;2007
1714;2007;7625;2007
7358;2007;12632;2007
6938;2007;2137;2007
1019;2007;5312;2007
7332;2007;582;2007
6802;2007;3703;2007
8574;2007;1270;2007
1237;2007;219;2007
7595;2007;8014;2007
0635;2007;3940;2007
9638;2007;4422;2007
1472;2007;1423;2007
2195;2007;10975;2007
8650;2007;1329;2007
1011;2007;5590;2007
2649;2007;746;2007
2237;2007;1856;2007
2214;2007;7849;2007
6815;2007;1102;2007
3021;2007;4585;2007
3442;2007;917;2007
7558;2007;213;2007
3279;2007;534;2007
4487;2007;2955;2007
4849;2007;1672;2007
0572;2007;436;2007
6624;2007;672;2007
7453;2007;846;2007
3380;2007;1722;2007
7079;2007;199;2007
4914;2007;998;2007
1426;2007;399;2007
6977;2007;6220;2007
8636;2007;2742;2007
8364;2007;2617;2007
8094;2007;1396;2007
1043;2007;436;2007
6391;2007;1115;2007
9286;2007;2359;2007
8351;2007;634;2007
1504;2007;774;2007
8102;2007;860;2007
6894;2007;3457;2007
0078;2007;9352;2007
9837;2007;144;2007
4926;2007;861;2007
8967;2007;1650;2007
8097;2007;131;2007
8099;2007;1428;2007
7807;2007;1507;2007
6302;2007;494;2007
4774;2007;850;2007
8049;2007;2557;2007
7359;2007;7977;2007
7338;2007;6782;2007
2679;2007;756;2007
6617;2007;6648;2007
7809;2007;1093;2007
7444;2007;1049;2007
2141;2007;659;2007
2591;2007;6361;2007
1232;2007;259;2007
5977;2007;1541;2007
3786;2007;214;2007
5598;2007;780;2007
8579;2007;3846;2007
4109;2007;1158;2007
4120;2007;3777;2007
8349;2007;1411;2007
0512;2007;5505;2007
9552;2007;1002;2007
8096;2007;1666;2007
3401;2007;1638;2007
8710;2007;768;2007
1138;2007;759;2007
0907;2007;2152;2007
4393;2007;1098;2007
8242;2007;384;2007
6095;2007;412;2007
0766;2007;3725;2007
5665;2007;4533;2007
1708;2007;1126;2007
2478;2007;836;2007
8364;2007;411;2007
1744;2007;1290;2007
2313;2007;259;2007
7761;2007;269;2007
7030;2007;9701;2007
1760;2007;9707;2007
9957;2007;375;2007
4113;2007;1299;2007
7503;2007;4545;2007
6127;2007;3059;2007
4203;2007;231;2007
3452;2007;2586;2007
2160;2007;4583;2007
6414;2007;1157;2007
7000;2007;5502;2007
8212;2007;465;2007
3416;2007;1279;2007
1659;2007;2431;2007
7457;2007;148;2007
3585;2007;2433;2007
8204;2007;2316;2007
2533;2007;1603;2007
1177;2007;2434;2007
2895;2007;1435;2007
8943;2007;6999;2007
1371;2007;433;2007
0203;2007;1151;2007
0508;2007;499;2007
5106;2007;1478;2007
5559;2007;3567;2007
0651;2007;969;2007
7416;2007;1722;2007
4035;2007;577;2007
4139;2007;424;2007
9744;2007;322;2007
1883;2007;718;2007
4933;2007;1820;2007
2990;2007;746;2007
9694;2007;15082;2007
0764;2007;377;2007
3810;2007;846;2007
9101;2007;175;2007
9792;2007;1180;2007
8066;2007;2039;2007
1018;2007;324;2007
3011;2007;1969;2007
2541;2007;68421;2007
2072;2007;900;2007
1530;2007;924;2007
1053;2007;2171;2007
3960;2007;2773;2007
3078;2007;1649;2007
0903;2007;735;2007
9573;2007;873;2007
4798;2007;1521;2007
1588;2007;457;2007
4616;2007;1068;2007
6677;2007;1286;2007
9155;2007;4907;2007
5408;2007;6179;2007
8679;2007;570;2007
4966;2007;98;2007
7641;2007;246;2007
3647;2007;548;2007
7133;2007;790;2007
0510;2007;1059;2007
5530;2007;677;2007
4116;2007;949;2007
4420;2007;765;2007
5512;2007;511;2007
4293;2007;758;2007
2686;2007;3829;2007
4521;2007;1208;2007
2907;2007;5351;2007
3323;2007;5924;2007
4207;2007;2007;2007
5912;2007;1709;2007
5572;2007;658;2007
8988;2007;577;2007
4715;2007;2593;2007
4973;2007;839;2007
8928;2007;578;2007
5419;2007;1801;2007
5741;2007;971;2007
7208;2007;258;2007
6711;2007;709;2007
7879;2007;5661;2007
8724;2007;1138;2007
2314;2007;567;2007
7819;2007;11411;2007
8479;2007;706;2007
2280;2007;1613;2007
6600;2007;605;2007
4934;2007;949;2007
9980;2007;342;2007
4385;2007;2253;2007
5020;2007;3139;2007
6271;2007;836;2007
0437;2007;3903;2007
8312;2007;1629;2007
4982;2007;3700;2007
1548;2007;972;2007
6826;2007;701;2007
8538;2007;226;2007
2357;2007;2256;2007
1612;2007;1457;2007
9834;2007;315;2007
6122;2007;3443;2007
1723;2007;120;2007
1961;2007;2972;2007
7086;2007;353;2007
4404;2007;1330;2007
1425;2007;5738;2007
3639;2007;58712;2007
8781;2007;79;2007
6085;2007;788;2007
7786;2007;2923;2007
4896;2007;1452;2007
4422;2007;38614;2007
7722;2007;130;2007
3999;2007;1092;2007
5293;2007;1539;2007
5828;2007;1135;2007
4037;2007;484;2007
3613;2007;462;2007
1915;2007;1461;2007
7500;2007;3083;2007
2161;2007;1252;2007
0775;2007;3585;2007
1983;2007;2028;2007
1210;2007;673;2007
3878;2007;4789;2007
9008;2007;1343;2007
1424;2007;594;2007
1071;2007;518;2007
6996;2007;1275;2007
9506;2007;1330;2007
6407;2007;718;2007
8381;2007;1998;2007
1471;2007;591;2007
1977;2007;449;2007
4543;2007;2446;2007
8750;2007;4111;2007
1935;2007;1830;2007
5180;2007;1184;2007
6570;2007;545;2007
4018;2007;1632;2007
5341;2007;14505;2007
2823;2007;1643;2007
7893;2007;591;2007
7877;2007;454;2007
0774;2007;9515;2007
8999;2007;5339;2007
7571;2007;355;2007
9178;2007;565;2007
1934;2007;2058;2007
9629;2007;924;2007
3600;2007;1193;2007
8526;2007;1088;2007
4080;2007;1401;2007
1284;2007;1674;2007
5182;2007;32974;2007
4818;2007;70868;2007
7577;2007;1378;2007
9370;2007;634;2007
7740;2007;438;2007
9906;2007;366;2007
6525;2007;3836;2007
7212;2007;515;2007
1938;2007;1103;2007
6431;2007;1110;2007
7072;2007;983;2007
1013;2007;1954;2007
5732;2007;1107;2007
7178;2007;1224;2007
2763;2007;671;2007
2582;2007;1401;2007
2896;2007;1949;2007
2234;2007;2878;2007
4655;2007;1261;2007
1916;2007;2003;2007
7616;2007;3039;2007
8225;2007;1312;2007
9196;2007;1622;2007
3428;2007;2212;2007
3944;2007;2448;2007
1532;2007;928;2007
4664;2007;996;2007
5835;2007;5725;2007
1541;2007;972;2007
4890;2007;2964;2007
9619;2007;1455;2007
8208;2007;3877;2007
2953;2007;8666;2007
6081;2007;3309;2007
5434;2007;1562;2007
0166;2007;715;2007
9694;2007;3757;2007
7631;2007;2468;2007
7288;2007;1123;2007
4355;2007;1316;2007
8500;2007;1571;2007
0610;2007;6745;2007
4015;2007;1385;2007
8622;2007;895;2007
5383;2007;1658;2007
9563;2007;1031;2007
7794;2007;3296;2007
9739;2007;472;2007
3332;2007;1983;2007
4011;2007;7667;2007
9631;2007;2326;2007
0470;2007;2890;2007
3647;2007;1154;2007
9264;2007;2161;2007
6828;2007;1453;2007
2144;2007;1867;2007
3799;2007;519;2007
0761;2007;1527;2007
7202;2007;613;2007
3092;2007;3504;2007
4937;2007;2988;2007
4254;2007;1034;2007
3201;2007;7784;2007
5681;2007;9121;2007
9595;2007;3145;2007
2090;2007;1604;2007
1073;2007;622;2007
0196;2007;6774;2007
2009;2007;1476;2007
9819;2007;460;2007
7693;2007;418;2007
1654;2007;509;2007
1215;2007;1809;2007
2196;2007;755;2007
9180;2007;2760;2007
0610;2007;1714;2007
1516;2007;3880;2007
6926;2007;4428;2007
4365;2007;3877;2007
1205;2007;589;2007
2425;2007;432;2007
0142;2007;3027;2007
4815;2007;9926;2007
2218;2007;5773;2007
0067;2007;2065;2007
0690;2007;3505;2007
0661;2007;886;2007
8219;2007;4108;2007
8664;2007;4548;2007
4259;2007;1342;2007
6958;2007;2226;2007
8495;2007;2537;2007
0306;2007;1578;2007
3399;2007;2781;2007
5751;2007;4719;2007
4042;2007;11242;2007
3392;2007;4985;2007
0224;2007;20912;2007
9096;2007;3858;2007
3082;2007;2631;2007
6487;2007;1171;2007
1670;2007;13765;2007
5305;2007;3364;2007
7729;2007;1518;2007
0314;2007;2841;2007
4871;2007;2415;2007
2204;2007;9976;2007
9966;2007;9016;2007
3783;2007;5820;2007
2002;2007;1705;2007
8062;2007;46677;2007
7890;2007;7041;2007
9126;2007;706;2007
0156;2007;7549;2007
7286;2007;3649;2007
8334;2007;5916;2007
0160;2007;4834;2007
7898;2007;2479;2007
8339;2007;6969;2007
5687;2007;7170;2007
7324;2007;999;2007
5877;2007;1732;2007
2586;2007;6494;2007
5518;2007;1730;2007
7187;2007;2232;2007
4430;2007;15295;2007
3788;2007;1176;2007
4355;2007;5889;2007
0358;2007;1355;2007
1481;2007;2571;2007
5452;2007;2715;2007
6105;2007;5338;2007
4216;2007;7205;2007
9847;2007;8291;2007
2701;2007;4377;2007
9405;2007;7623;2007
9671;2007;1789;2007
5304;2007;9043;2007
3852;2007;1209;2007
9393;2007;1833;2007
9551;2007;1278;2007
0443;2007;6392;2007
2015;2007;1689;2007
0834;2007;2624;2007
2712;2007;2235;2007
8966;2007;19650;2007
8411;2007;18445;2007
2882;2007;2081;2007
8397;2007;2136;2007
2024;2007;10716;2007
4845;2007;7067;2007
5642;2007;1678;2007
8331;2007;975;2007
0459;2007;387;2007
8938;2007;13620;2007
3240;2007;726;2007
1045;2007;3284;2007
6036;2007;1572;2007
1919;2007;99370;2007
1364;2007;665;2007
1440;2007;2066;2007
5765;2007;19968;2007
4802;2007;2584;2007
0587;2007;14807;2007
6620;2007;363;2007
6218;2007;7524;2007
3939;2007;2638;2007
0238;2007;5099;2007
7990;2007;2374;2007
1405;2007;6410;2007
7048;2007;1386;2007
7318;2007;2663;2007
0177;2007;5070;2007
5323;2007;3302;2007
1621;2007;2214;2007
0147;2007;638;2007
8833;2007;1284;2007
4115;2007;2421;2007
1891;2007;3274;2007
6161;2007;4750;2007
0870;2007;2470;2007
9202;2007;3308;2007
7661;2007;962;2007
2975;2007;2497;2007
5692;2007;3102;2007
9811;2007;1546;2007
2416;2007;864;2007
6231;2007;5119;2007
5937;2007;4557;2007
2737;2007;2482;2007
2114;2007;16245;2007
9142;2007;10909;2007
2586;2007;3845;2007
9038;2007;366;2007
3816;2007;1499;2007
8880;2007;1246;2007
4751;2007;5037;2007
2918;2007;2843;2007
8067;2007;2417;2007
8689;2007;870;2007
1192;2007;1554;2007
4986;2007;36165;2007
5542;2007;2713;2007
5522;2007;1547;2007
3774;2007;2196;2007
1965;2007;1655;2007
2569;2007;5354;2007
2859;2007;2803;2007
9595;2007;1906;2007
6846;2007;3856;2007
8163;2007;3463;2007
1710;2007;4545;2007
4018;2007;3370;2007
3951;2007;1386;2007
8555;2007;646;2007
3031;2007;182;2007
6269;2007;1645;2007
9030;2007;3350;2007
2454;2007;599;2007
3788;2007;274;2007
9478;2007;4312;2007
4705;2007;2854;2007
3640;2007;7321;2007
9928;2007;1280;2007
6500;2007;2817;2007
6357;2007;1154;2007
2044;2007;3382;2007
9557;2007;3147;2007
9165;2007;2917;2007
9627;2007;3473;2007
3362;2007;3634;2007
0272;2007;1738;2007
1274;2007;3075;2007
3091;2007;1579;2007
9080;2007;1892;2007
2586;2007;6792;2007
0264;2007;2795;2007
6841;2007;1461;2007
3162;2007;2614;2007
6073;2007;1368;2007
4033;2007;1919;2007
1451;2007;5915;2007
7006;2007;1891;2007
7111;2007;1261;2007
3421;2007;1698;2007
6350;2007;4001;2007
3835;2007;3268;2007
0589;2007;1832;2007
1711;2007;964;2007
6736;2007;2387;2007
6864;2007;977;2007
2975;2007;977;2007
2137;2007;2928;2007
8330;2007;1018;2007
9881;2007;2979;2007
9410;2007;2786;2007
7911;2007;5831;2007
1114;2007;2178;2007
6058;2007;3215;2007
4021;2007;4140;2007
9626;2007;899;2007
2043;2007;1448;2007
0499;2007;1919;2007
1378;2007;6008;2007
8931;2007;2691;2007
9188;2007;1280;2007
7227;2007;818;2007
8562;2007;8579;2007
9643;2007;1483;2007
9704;2007;3020;2007
8495;2007;210;2007
3783;2007;1003;2007
2176;2007;16059;2007
8973;2007;4107;2007
0710;2007;4751;2007
4595;2007;1426;2007
7805;2007;298;2007
9369;2007;2289;2007
7339;2007;591;2007
7110;2007;437;2007
5358;2007;1211;2007
6740;2007;1608;2007
4527;2007;407;2007
3152;2007;349;2007
6493;2007;679;2007
1751;2007;650;2007
3570;2007;6643;2007
7002;2007;812;2007
8896;2007;600;2007
1411;2007;3855;2007
0138;2007;267;2007
1671;2007;722;2007
4579;2007;154;2007
6070;2007;633;2007
4078;2007;371;2007
8753;2007;1372;2007
3945;2007;1230;2007
8087;2007;1076;2007
4132;2007;3099;2007
1988;2007;1417;2007
0233;2007;720;2007
2778;2007;1473;2007
6839;2007;1650;2007
0102;2007;1846;2007
8188;2007;594;2007
5698;2007;998;2007
1224;2007;931;2007
8202;2007;498;2007
1004;2007;241;2007
8717;2007;627;2007
5588;2007;2198;2007
8276;2007;1375;2007
1431;2007;983;2007
3757;2007;3863;2007
4843;2007;1002;2007
0280;2007;558;2007
2265;2007;2903;2007
3770;2007;245;2007
9628;2007;1872;2007
2251;2007;618;2007
5139;2007;424;2007
8070;2007;622;2007
2940;2007;377;2007
4976;2007;305;2007
6663;2007;3771;2007
1656;2007;6755;2007
2112;2007;726;2007
0249;2007;989;2007
3468;2007;819;2007
7370;2007;1528;2007
6375;2007;1659;2007
9892;2007;668;2007
6736;2007;594;2007
5107;2007;679;2007
1451;2007;435;2007
4701;2007;593;2007
1571;2007;241;2007
2634;2007;1173;2007
7723;2007;1222;2007
1145;2007;248;2007
5070;2007;431;2007
3367;2007;519;2007
9534;2007;4041;2007
6804;2007;581;2007
1293;2007;907;2007
4267;2007;843;2007
2822;2007;1068;2007
1495;2007;551;2007
9425;2007;464;2007
5765;2007;513;2007
6321;2007;3164;2007
6288;2007;1455;2007
2241;2007;1288;2007
6807;2007;341;2007
1251;2007;342;2007
8129;2007;2502;2007
3866;2007;747;2007
2578;2007;151;2007
3737;2007;2320;2007
7253;2007;464;2007
7271;2007;1200;2007
0919;2007;2555;2007
0786;2007;299;2007
4283;2007;201;2007
0549;2007;1306;2007
3161;2007;1089;2007
1781;2007;8305;2007
8283;2007;7226;2007
1428;2007;501;2007
2178;2007;899;2007
5775;2007;1587;2007
3726;2007;806;2007
1935;2007;294;2007
5277;2007;2158;2007
7283;2007;399;2007
0322;2007;118;2007
6281;2007;498;2007
3498;2007;886;2007
8409;2007;1638;2007
3530;2007;4913;2007
8790;2007;6565;2007
5916;2007;2631;2007
3273;2007;1575;2007
1156;2007;1128;2007
7605;2007;877;2007
2072;2007;248;2007
0838;2007;9098;2007
3814;2007;2626;2007
3042;2007;631;2007
8915;2007;1358;2007
6147;2007;1938;2007
4887;2007;1319;2007
9653;2007;933;2007
7464;2007;795;2007
2485;2007;796;2007
6050;2007;671;2007
6481;2007;188;2007
2113;2007;749;2007
2084;2007;1030;2007
3048;2007;1908;2007
3606;2007;806;2007
9782;2007;383;2007
3284;2007;19191;2007
8289;2007;1378;2007
9573;2007;625;2007
2335;2007;718;2007
3210;2007;3062;2007
2285;2007;2321;2007
9706;2007;1982;2007
8478;2007;353;2007
9648;2007;4450;2007
3732;2007;398;2007
8519;2007;218;2007
7873;2007;1403;2007
9063;2007;788;2007
3578;2007;1273;2007
7213;2007;15424;2007
4449;2007;601;2007
1279;2007;1360;2007
0833;2007;2745;2007
0030;2007;413;2007
7900;2007;1501;2007
2973;2007;395;2007
4144;2007;1604;2007
9843;2007;35723;2007
5800;2007;434;2007
8538;2007;841;2007
0575;2007;215;2007
9020;2007;534;2007
4054;2007;1177;2007
3158;2007;2653;2007
3639;2007;1055;2007
8749;2007;934;2007
1898;2007;725;2007
9965;2007;1347;2007
7121;2007;1577;2007
8085;2007;317;2007
9186;2007;1288;2007
2839;2007;479;2007
7417;2007;687;2007
8220;2007;940;2007
2522;2007;580;2007
0586;2007;1255;2007
2000;2007;1241;2007
4709;2007;723;2007
1459;2007;1123;2007
9221;2007;4618;2007
3312;2007;525;2007
1754;2007;1502;2007
3136;2007;2889;2007
5406;2007;1936;2007
7473;2007;1878;2007
7162;2007;640;2007
1147;2007;977;2007
3011;2007;1939;2007
0464;2007;1671;2007
5661;2007;770;2007
3449;2007;323;2007
5887;2007;606;2007
5452;2007;2802;2007
8220;2007;1039;2007
1797;2007;742;2007
4464;2007;3617;2007
2845;2007;1282;2007
3885;2007;1440;2007
1927;2007;701;2007
7025;2007;1383;2007
5785;2007;2103;2007
8748;2007;111117;2007
6056;2007;694;2007
2870;2007;2331;2007
1374;2007;239;2007
3284;2007;528;2007
8673;2007;1367;2007
0686;2007;818;2007
2836;2007;1108;2007
6412;2007;1887;2007
2081;2007;680;2007
8035;2007;2110;2007
9514;2007;132;2007
8501;2007;1151;2007
8181;2007;2108;2007
5177;2007;478;2007
3126;2007;996;2007
1287;2007;3515;2007
0385;2007;913;2007
7401;2007;2990;2007
6859;2007;1652;2007
7466;2007;1640;2007
3048;2007;369;2007
8813;2007;2222;2007
2532;2007;5315;2007
4707;2007;1978;2007
7377;2007;6076;2007
9381;2007;2604;2007
3252;2007;6419;2007
4475;2007;2955;2007
2005;2007;1806;2007
9947;2007;1979;2007
9666;2007;1429;2007
7947;2007;3607;2007
2727;2007;15147;2007
9786;2007;1401;2007
5832;2007;2518;2007
2259;2007;19185;2007
2692;2007;6629;2007
3727;2007;6786;2007
3173;2007;7875;2007
6006;2007;6045;2007
9017;2007;4113;2007
7243;2007;11416;2007
4283;2007;11547;2007
9093;2007;5011;2007
2710;2007;1472;2007
2950;2007;16010;2007
0620;2007;2411;2007
8123;2007;8465;2007
8968;2007;7905;2007
9135;2007;1037;2007
7441;2007;3513;2007
9479;2007;2475;2007
1024;2007;1756;2007
9638;2007;792;2007
8895;2007;193;2007
2113;2007;4114;2007
3694;2007;3806;2007
6603;2007;5566;2007
4866;2007;10634;2007
0029;2007;5176;2007
8295;2007;11310;2007
6777;2007;3179;2007
6371;2007;7146;2007
1487;2007;6457;2007
2724;2007;24863;2007
2792;2007;3619;2007
6220;2007;3086;2007
7080;2007;2184;2007
6508;2007;4668;2007
0624;2007;4433;2007
4704;2007;8279;2007
8497;2007;6186;2007
4219;2007;16939;2007
7779;2007;8440;2007
1335;2007;3212;2007
7257;2007;8546;2007
6103;2007;1225;2007
0015;2007;2644;2007
7259;2007;15444;2007
2605;2007;9213;2007
5284;2007;7077;2007
3894;2007;2478;2007
4271;2007;2108;2007
1486;2007;3583;2007
8143;2007;6084;2007
6461;2007;2791;2007
1597;2007;1589;2007
5476;2007;2114;2007
6955;2007;3761;2007
7923;2007;19267;2007
4033;2007;5118;2007
0107;2007;23032;2007
5055;2007;4084;2007
7507;2007;13540;2007
2399;2007;569;2007
1170;2007;2924;2007
2357;2007;12775;2007
4999;2007;11140;2007
4247;2007;2559;2007
2390;2007;1367;2007
3352;2007;976;2007
7205;2007;6780;2007
8267;2007;14202;2007
1450;2007;16344;2007
5401;2007;3137;2007
5271;2007;2330;2007
2919;2007;2770;2007
3481;2007;4937;2007
9430;2007;2675;2007
9617;2007;13521;2007
9017;2007;804;2007
9132;2007;258536;2007
8803;2007;4257;2007
1820;2007;2652;2007
7626;2007;8546;2007
9886;2007;5745;2007
3406;2007;31688;2007
8687;2007;13751;2007
2271;2007;4818;2007
6952;2007;1353;2007
2104;2007;2143;2007
1451;2007;1595;2007
7234;2007;11196;2007
0823;2007;2375;2007
5682;2007;7733;2007
3952;2007;3413;2007
1801;2007;25234;2007
9478;2007;6529;2007
0656;2007;926;2007
4513;2007;4381;2007
0619;2007;42194;2007
8006;2007;6293;2007
7608;2007;8602;2007
5675;2007;6608;2007
4405;2007;3041;2007
1555;2007;3567;2007
8845;2007;10893;2007
7110;2007;2656;2007
4723;2007;1337;2007
0208;2007;9923;2007
0402;2007;1767;2007
6523;2007;845;2007
7387;2007;3575;2007
3773;2007;3672;2007
7394;2007;13617;2007
6203;2007;2727;2007
4364;2007;6153;2007
6142;2007;12512;2007
7093;2007;2631;2007
7905;2007;1048;2007
2166;2007;3471;2007
8538;2007;2253;2007
5597;2007;11789;2007
1320;2007;6639;2007
5389;2007;11003;2007
2052;2007;1494;2007
0164;2007;13818;2007
6059;2007;1892;2007
1746;2007;3953;2007
2088;2007;751;2007
8665;2007;2436;2007
9964;2007;3265;2007
9503;2007;838;2007
3690;2007;1894;2007
3030;2007;4342;2007
0137;2007;3704;2007
4789;2007;8926;2007
2335;2007;134;2007
7928;2007;232;2007
7740;2007;5578;2007
4419;2007;15534;2007
5640;2007;3778;2007
3375;2007;2817;2007
5230;2007;14191;2007
7101;2007;9520;2007
5289;2007;13580;2007
9572;2007;3427;2007
4433;2007;2676;2007
4752;2007;6314;2007
5400;2007;23154;2007
4203;2007;4915;2007
7485;2007;2925;2007
6436;2007;3343;2007
0598;2007;1811;2007
4385;2007;2267;2007
3147;2007;9342;2007
2945;2007;3140;2007
0343;2007;1787;2007
4308;2007;7617;2007
3508;2007;2679;2007
0933;2007;1103;2007
1513;2007;4960;2007
8795;2007;8759;2007
0846;2007;3184;2007
5914;2007;776;2007
0235;2007;2042;2007
9066;2007;8117;2007
6154;2007;4429;2007
6338;2007;647;2007
8407;2007;3064;2007
2548;2007;2730;2007
3965;2007;5514;2007
1490;2007;6967;2007
1258;2007;4132;2007
3490;2007;14425;2007
3153;2007;13602;2007
5969;2007;7615;2007
2499;2007;600;2007
1161;2007;1058;2007
9908;2007;8358;2007
4751;2007;1152;2007
1135;2007;1781;2007
1081;2007;1581;2007
2082;2007;5693;2007
1282;2007;3682;2007
8595;2007;5367;2007
9223;2007;6145;2007
0019;2007;2606;2007
2041;2007;38758;2007
8118;2007;1912;2007
8975;2007;4359;2007
6616;2007;6539;2007
9343;2007;12192;2007
7211;2007;22266;2007
9407;2007;591;2007
7397;2007;5982;2007
6734;2007;11512;2007
9575;2007;8319;2007
2163;2007;26925;2007
9490;2007;1428;2007
3406;2007;3499;2007
8111;2007;1917;2007
9041;2007;2407;2007
5254;2007;112155;2007
2249;2007;1982;2007
7801;2007;6014;2007
6562;2007;6485;2007
9709;2007;1379;2007
0441;2007;846;2007
7230;2007;6700;2007
7411;2007;4225;2007
5210;2007;2915;2007
7145;2007;1355;2007
7629;2007;2658;2007
6479;2007;3596;2007
2211;2007;35875;2007
7551;2007;811;2007
5069;2007;2319;2007
3761;2007;1656;2007
1306;2007;1456;2007
0942;2007;4184;2007
9711;2007;1449;2007
5866;2007;446;2007
3382;2007;411;2007
1527;2007;2370;2007
8104;2007;6029;2007
9544;2007;520;2007
3557;2007;2678;2007
8034;2007;2144;2007
2988;2007;2767;2007
7502;2007;20335;2007
6181;2007;3388;2007
9588;2007;1224;2007
8511;2007;2640;2007
4784;2007;780;2007
3610;2007;3245;2007
6722;2007;1177;2007
4869;2007;2994;2007
1203;2007;4833;2007
0106;2007;1428;2007
9839;2007;4043;2007
3438;2007;605;2007
4044;2007;1576;2007
2410;2007;6154;2007
7803;2007;375;2007
0553;2007;4468;2007
9414;2007;354;2007
0170;2007;2012;2007
1719;2007;4067;2007
1401;2007;8441;2007
0163;2007;2431;2007
2213;2007;2618;2007
3095;2007;672;2007
2930;2007;1355;2007
1176;2007;1664;2007
1594;2007;410;2007
1268;2007;1770;2007
9234;2007;6641;2007
1806;2007;741;2007
6205;2007;2736;2007
6156;2007;1865;2007
0616;2007;1347;2007
2028;2007;9551;2007
3266;2007;527;2007
5689;2007;2601;2007
8581;2007;3268;2007
7910;2007;422;2007
5434;2007;1625;2007
0570;2007;1847;2007
2793;2007;1463;2007
9638;2007;4768;2007
9988;2007;527;2007
6393;2007;2127;2007
6932;2007;888;2007
0657;2007;1609;2007
8767;2007;894;2007
4693;2007;1003;2007
8003;2007;1064;2007
3319;2007;274;2007
9467;2007;6584;2007
2724;2007;4200;2007
3666;2007;8867;2007
1390;2007;5683;2007
7607;2007;7626;2007
0885;2007;7811;2007
0860;2007;4533;2007
8826;2007;10905;2007
9182;2007;12211;2007
4259;2007;10931;2007
7916;2007;2151;2007
6091;2007;33012;2007
1316;2007;6962;2007
9730;2007;2959;2007
1773;2007;3703;2007
9234;2007;3583;2007
8955;2007;3494;2007
8120;2007;2670;2007
7508;2007;5231;2007
5797;2007;5057;2007
3830;2007;34947;2007
2400;2007;7071;2007
5336;2007;6077;2007
8100;2007;4705;2007
5682;2007;5880;2007
3399;2007;8731;2007
0814;2007;3976;2007
3531;2007;5846;2007
5967;2007;5925;2007
7315;2007;3171;2007
7793;2007;6211;2007
1875;2007;5053;2007
3420;2007;6085;2007
0877;2007;4105;2007
4725;2007;8814;2007
2502;2007;8731;2007
0957;2007;4835;2007
7706;2007;9369;2007
8540;2007;4902;2007
7699;2007;9124;2007
3754;2007;2938;2007
8836;2007;3615;2007
2562;2007;27687;2007
2614;2007;3999;2007
4548;2007;1494;2007
0066;2007;30121;2007
7458;2007;4073;2007
7573;2007;2870;2007
7775;2007;10571;2007
9728;2007;6037;2007
3534;2007;19683;2007
8269;2007;4456;2007
7066;2007;3936;2007
5284;2007;2114;2007
0890;2007;21023;2007
2931;2007;7305;2007
0228;2007;12002;2007
4354;2007;7968;2007
2704;2007;11725;2007
0808;2007;836;2007
1102;2007;2252;2007
9146;2007;4930;2007
1036;2007;16530;2007
0402;2007;9563;2007
0349;2007;1763;2007
8912;2007;8949;2007
7927;2007;2252;2007
6438;2007;10695;2007
7761;2007;13698;2007
5512;2007;6513;2007
5047;2007;12757;2007
8167;2007;6633;2007
2585;2007;5319;2007
9825;2007;4920;2007
8094;2007;8581;2007
5057;2007;9618;2007
9659;2007;7350;2007
0152;2007;3181;2007
2274;2007;2021;2007
1513;2007;6365;2007
9531;2007;9821;2007
7251;2007;11170;2007
0979;2007;11830;2007
9061;2007;4605;2007
4945;2007;10257;2007
5787;2007;80334;2007
8943;2007;10743;2007
1591;2007;6930;2007
8489;2007;16164;2007
4258;2007;3740;2007
5337;2007;17938;2007
8023;2007;29213;2007
8222;2007;9747;2007
4961;2007;1798;2007
0637;2007;10310;2007
9341;2007;3951;2007
6009;2007;6870;2007
6147;2007;10029;2007
2990;2007;12299;2007
8344;2007;11753;2007
4373;2007;14993;2007
1037;2007;5855;2007
8022;2007;50505;2007
3147;2007;3258;2007
1116;2007;3246;2007
8350;2007;10760;2007
2839;2007;14663;2007
4536;2007;12714;2007
3103;2007;6979;2007
6401;2007;4245;2007
1039;2007;5998;2007
1823;2007;6501;2007
4840;2007;2739;2007
3959;2007;23869;2007
5176;2007;14312;2007
1755;2007;20617;2007
6122;2007;6428;2007
1379;2007;38023;2007
6301;2007;26046;2007
8684;2007;11030;2007
6898;2007;15474;2007
9962;2007;6379;2007
0705;2007;11235;2007
3110;2007;25118;2007
2155;2007;4567;2007
3288;2007;7774;2007
1835;2007;12236;2007
8768;2007;39310;2007
4043;2007;11743;2007
0509;2007;16779;2007
9665;2007;12766;2007
2872;2007;18914;2007
9521;2007;25383;2007
8155;2007;7525;2007
4413;2007;2305;2007
9986;2007;4652;2007
0199;2007;264297;2007
8657;2007;9379;2007
7134;2007;12921;2007
4379;2007;19151;2007
7852;2007;3316;2007
1907;2007;20944;2007
5705;2007;4695;2007
5158;2007;1865;2007
3439;2007;2143;2007
6428;2007;4503;2007
9418;2007;3688;2007
4195;2007;3097;2007
5865;2007;732;2007
2290;2007;4148;2007
6708;2007;2613;2007
3940;2007;8099;2007
7799;2007;3304;2007
5470;2007;6835;2007
2404;2007;15699;2007
7146;2007;13165;2007
2243;2007;2659;2007
1244;2007;11773;2007
1599;2007;5729;2007
2680;2007;2484;2007
8080;2007;1648;2007
6277;2007;7636;2007
2785;2007;4450;2007
3152;2007;4795;2007
5043;2007;5641;2007
1747;2007;1657;2007
7049;2007;5673;2007
7569;2007;2082;2007
6785;2007;19850;2007
0181;2007;6246;2007
2860;2007;9981;2007
3254;2007;5600;2007
7289;2007;6965;2007
8074;2007;16753;2007
6111;2007;7986;2007
9539;2007;7025;2007
2007;2007;4408;2007
7096;2007;4042;2007
1597;2007;4466;2007
4734;2007;1952;2007
9138;2007;8270;2007
1539;2007;7348;2007
1159;2007;6836;2007
0731;2007;3197;2007
5822;2007;8838;2007
7647;2007;1862;2007
2228;2007;5487;2007
7090;2007;2002;2007
2475;2007;2013;2007
3457;2007;2954;2007
1899;2007;10378;2007
5708;2007;17438;2007
0275;2007;9516;2007
3701;2007;10810;2007
0707;2007;10183;2007
4782;2007;5799;2007
9913;2007;205392;2007
1798;2007;3831;2007
4890;2007;1409;2007
9330;2007;11024;2007
6450;2007;9189;2007
7342;2007;18350;2007
8441;2007;2883;2007
8489;2007;2436;2007
8861;2007;4038;2007
5514;2007;13257;2007
6155;2007;3659;2007
6862;2007;4480;2007
5191;2007;14796;2007
9042;2007;4768;2007
7354;2007;2750;2007
8580;2007;9612;2007
3500;2007;6183;2007
1225;2007;12851;2007
8972;2007;4519;2007
3063;2007;2838;2007
9676;2007;7048;2007
7262;2007;2325;2007
9649;2007;7195;2007
9164;2007;2130;2007
9186;2007;2211;2007
5443;2007;9758;2007
3179;2007;21817;2007
1430;2007;7025;2007
8104;2007;4480;2007
2976;2007;8706;2007
8126;2007;2510;2007
0202;2007;7895;2007
8544;2007;6176;2007
6561;2007;12083;2007
2264;2007;4422;2007
0220;2007;2194;2007
3921;2007;4068;2007
2475;2007;1635;2007
0826;2007;944;2007
6619;2007;12564;2007
2625;2007;21132;2007
3484;2007;5391;2007
0063;2007;2446;2007
9403;2007;9204;2007
2258;2007;5581;2007
3664;2007;3409;2007
5644;2007;8725;2007
3883;2007;20424;2007
6257;2007;4728;2007
9278;2007;2916;2007
3784;2007;10745;2007
1221;2007;1438;2007
9692;2007;2645;2007
1226;2007;1350;2007
8464;2007;813;2007
6428;2007;2877;2007
5908;2007;931;2007
9938;2007;1727;2007
8401;2007;4448;2007
9128;2007;3054;2007
6175;2007;1895;2007
1701;2007;3849;2007
5469;2007;2626;2007
0651;2007;2845;2007
8512;2007;2134;2007
0394;2007;2698;2007
5664;2007;4213;2007
9767;2007;1547;2007
9323;2007;2773;2007
9708;2007;1128;2007
3702;2007;1626;2007
4214;2007;2257;2007
2027;2007;1206;2007
9928;2007;12224;2007
8436;2007;3756;2007
6761;2007;3621;2007
5785;2007;1927;2007
3220;2007;11152;2007
4846;2007;1744;2007
4542;2007;1680;2007
5588;2007;1296;2007
4101;2007;4231;2007
5315;2007;1847;2007
8780;2007;10259;2007
6938;2007;6429;2007
8042;2007;50327;2007
1589;2007;1214;2007
8712;2007;1188;2007
0454;2007;4057;2007
1383;2007;3249;2007
6775;2007;8490;2007
1880;2007;3027;2007
0739;2007;5319;2007
1513;2007;1180;2007
7259;2007;2192;2007
0496;2007;1049;2007
7667;2007;14551;2007
3473;2007;2230;2007
2611;2007;815;2007
6275;2007;1097;2007
9075;2007;3461;2007
7698;2007;2307;2007
2209;2007;2960;2007
2372;2007;1904;2007
2330;2007;3512;2007
0448;2007;5328;2007
1343;2007;2538;2007
0085;2007;1927;2007
9043;2007;796;2007
5056;2007;6700;2007
7768;2007;4099;2007
3179;2007;1688;2007
9325;2007;7533;2007
9782;2007;753;2007
2261;2007;2770;2007
6785;2007;2927;2007
8328;2007;3862;2007
4345;2007;1105;2007
7819;2007;737;2007
1668;2007;13153;2007
2086;2007;678;2007
1977;2007;750;2007
6458;2007;11417;2007
2141;2007;15378;2007
7505;2007;2164;2007
4140;2007;577;2007
6215;2007;3375;2007
7963;2007;2333;2007
5407;2007;2416;2007
3683;2007;225;2007
0083;2007;168;2007
7602;2007;1350;2007
7805;2007;3028;2007
1865;2007;6240;2007
2433;2007;4835;2007
3236;2007;1196;2007
7487;2007;676;2007
6626;2007;1063;2007
5943;2007;681;2007
0573;2007;11099;2007
8169;2007;4729;2007
1058;2007;432;2007
7854;2007;13226;2007
7578;2007;806;2007
2556;2007;3968;2007
7062;2007;6274;2007
8449;2007;207;2007
0467;2007;748;2007
3398;2007;2350;2007
2752;2007;6067;2007
2110;2007;1001;2007
0425;2007;6713;2007
8033;2007;1998;2007
6770;2007;6118;2007
2113;2007;2761;2007
4341;2007;1934;2007
7658;2007;1627;2007
5915;2007;571;2007
0528;2007;5196;2007
7760;2007;2312;2007
2909;2007;2712;2007
8947;2007;2881;2007
4040;2007;3012;2007
9039;2007;2106;2007
9331;2007;4854;2007
5500;2007;3012;2007
2965;2007;5323;2007
7488;2007;2468;2007
4140;2007;9049;2007
2423;2007;2862;2007
3360;2007;5725;2007
9831;2007;2619;2007
6625;2007;1598;2007
0541;2007;2735;2007
4131;2007;5524;2007
3697;2007;6833;2007
9087;2007;3432;2007
7205;2007;984;2007
2302;2007;1520;2007
8843;2007;4160;2007
4728;2007;291;2007
2346;2007;865;2007
6760;2007;1095;2007
0271;2007;3024;2007
4796;2007;589;2007
5973;2007;483;2007
3320;2007;5051;2007
9879;2007;5937;2007
3121;2007;1163;2007
3611;2007;335;2007
7703;2007;568;2007
5658;2007;2410;2007
8155;2007;4398;2007
3967;2007;2020;2007
4669;2007;2964;2007
7795;2007;8031;2007
9373;2007;7623;2007
0645;2007;5979;2007
9436;2007;1198;2007
9685;2007;2257;2007
6031;2007;2415;2007
9224;2007;1347;2007
5705;2007;1705;2007
4910;2007;412;2007
1649;2007;547;2007
5307;2007;3883;2007
1145;2007;956;2007
6615;2007;440;2007
7456;2007;1358;2007
4414;2007;708;2007
0497;2007;4202;2007
0411;2007;457;2007
4198;2007;9016;2007
3559;2007;4876;2007
3657;2007;13868;2007
9381;2007;2045;2007
3598;2007;2885;2007
6226;2007;10645;2007
9904;2007;2239;2007
6221;2007;3062;2007
8492;2007;2366;2007
7390;2007;641;2007
3221;2007;1777;2007
6830;2007;7653;2007
4599;2007;1682;2007
1708;2007;97055;2007
9180;2007;2927;2007
5509;2007;2265;2007
3306;2007;940;2007
9947;2007;2242;2007
5522;2007;1413;2007
5195;2007;789;2007
2113;2007;613;2007
9391;2007;1901;2007
3200;2007;1732;2007
0850;2007;7713;2007
0526;2007;1460;2007
8765;2007;389;2007
2509;2007;1781;2007
9242;2007;3032;2007
2626;2007;35538;2007
2200;2007;6502;2007
8541;2007;8589;2007
5915;2007;1584;2007
3593;2007;944;2007
7267;2007;27388;2007
5653;2007;735;2007
2050;2007;1666;2007
4983;2007;3734;2007
1084;2007;11891;2007
9396;2007;2245;2007
8862;2007;6383;2007
6311;2007;835;2007
4014;2007;1550;2007
0280;2007;1908;2007
9817;2007;1756;2007
6605;2007;6952;2007
1790;2007;2659;2007
0535;2007;1676;2007
3130;2007;8611;2007
6094;2007;863;2007
8518;2007;13262;2007
2239;2007;5975;2007
3996;2007;2103;2007
9997;2007;204090;2007
1450;2007;2019;2007
2695;2007;4803;2007
9471;2007;994;2007
3705;2007;3126;2007
5262;2007;3689;2007
2167;2007;7340;2007
4792;2007;5861;2007
9418;2007;2442;2007
1686;2007;312;2007
9833;2007;4795;2007
0763;2007;7374;2007
7485;2007;4622;2007
0451;2007;13209;2007
0524;2007;5411;2007
8170;2007;185;2007
6896;2007;1015;2007
3052;2007;729;2007
4718;2007;4447;2007
3548;2007;1594;2007
4990;2007;1630;2007
7690;2007;14248;2007
4768;2007;1970;2007
0994;2007;4834;2007
6120;2007;4181;2007
3300;2007;2378;2007
3974;2007;4268;2007
3361;2007;5443;2007
9336;2007;1204;2007
9250;2007;2389;2007
9571;2007;615;2007
7680;2007;820;2007
2346;2007;98261;2007
2849;2007;2303;2007
6068;2007;703;2007
3354;2007;8618;2007
9148;2007;4945;2007
8481;2007;5958;2007
8291;2007;6545;2007
1844;2007;10834;2007
1940;2007;5749;2007
3456;2007;973;2007
2598;2007;2823;2007
0121;2007;2057;2007
5659;2007;2335;2007
0366;2007;4131;2007
5628;2007;1899;2007
1220;2007;110;2007
7783;2007;2679;2007
1034;2007;2340;2007
8940;2007;2439;2007
5556;2007;3685;2007
7046;2007;2311;2007
0043;2007;803;2007
4879;2007;7124;2007
5911;2007;6874;2007
3542;2007;1993;2007
8310;2007;13204;2007
4058;2007;8740;2007
5320;2007;1121;2007
6973;2007;2142;2007
3458;2007;8085;2007
1166;2007;24447;2007
9754;2007;6568;2007
0045;2007;5455;2007
5224;2007;6105;2007
8424;2007;9291;2007
4850;2007;4468;2007
6128;2007;10441;2007
6364;2007;3054;2007
0415;2007;1080;2007
2015;2007;10111;2007
9563;2007;3746;2007
1728;2007;11643;2007
8016;2007;1240;2007
5979;2007;172138;2007
2339;2007;1190;2007
8900;2007;1480;2007
4623;2007;3103;2007
7549;2007;5168;2007
4989;2007;19465;2007
7094;2007;5432;2007
6405;2007;4206;2007
1352;2007;1869;2007
3863;2007;4719;2007
3326;2007;9433;2007
6961;2007;1200;2007
3864;2007;2100;2007
4779;2007;1188;2007
1470;2007;7451;2007
8602;2007;8967;2007
0776;2007;3428;2007
6414;2007;623;2007
9214;2007;2623;2007
0644;2007;1375;2007
6095;2007;1945;2007
8882;2007;8310;2007
9380;2007;9144;2007
5530;2007;3374;2007
1617;2007;9352;2007
0967;2007;5011;2007
0374;2007;5356;2007
4065;2007;1285;2007
5938;2007;10339;2007
3929;2007;5338;2007
6215;2007;4840;2007
5670;2007;4257;2007
7072;2007;18069;2007
8037;2007;4454;2007
0580;2007;14478;2007
0143;2007;8489;2007
6802;2007;10399;2007
0140;2007;9542;2007
0823;2007;3648;2007
8166;2007;1000;2007
5109;2007;23540;2007
6331;2007;6375;2007
1447;2007;5640;2007
6522;2007;6644;2007
9252;2007;14603;2007
6463;2007;955;2007
6124;2007;8904;2007
3867;2007;9883;2007
1064;2007;13231;2007
5507;2007;7074;2007
3054;2007;12706;2007
3061;2007;1399;2007
6605;2007;9082;2007
6650;2007;156640;2007
5618;2007;5835;2007
1697;2007;3975;2007
1955;2007;13997;2007
7176;2007;7429;2007
2932;2007;5672;2007
2317;2007;10565;2007
0477;2007;23965;2007
2538;2007;4465;2007
3728;2007;1982;2007
8178;2007;4245;2007
9712;2007;3401;2007
0792;2007;3984;2007
4662;2007;3840;2007
8736;2007;9129;2007
6891;2007;8221;2007
7071;2007;3180;2007
5407;2007;64870;2007
5111;2007;29368;2007
4211;2007;13378;2007
7494;2007;10616;2007
7719;2007;7086;2007
9637;2007;8884;2007
9086;2007;3088;2007
1257;2007;15502;2007
2741;2007;16588;2007
1401;2007;1298;2007
4536;2007;32330;2007
4588;2007;2094;2007
2960;2007;4103;2007
9070;2007;2957;2007
5808;2007;16492;2007
4655;2007;4392;2007
9959;2007;6166;2007
0836;2007;23410;2007
1907;2007;177471;2007
2213;2007;946;2007
2770;2007;2295;2007
0046;2007;3404;2007
3200;2007;14657;2007
8224;2007;10986;2007
4110;2007;2415;2007
7304;2007;16768;2007
5329;2007;2266;2007
7388;2007;1816;2007
5481;2007;3677;2007
5303;2007;6217;2007
9129;2007;754;2007
3098;2007;5792;2007
6636;2007;10778;2007
0582;2007;3774;2007
5570;2007;5422;2007
6472;2007;40648;2007
5537;2007;9135;2007
0778;2007;8044;2007
4711;2007;2663;2007
9282;2007;14747;2007
8449;2007;11447;2007
8613;2007;23189;2007
3646;2007;4878;2007
5961;2007;11612;2007
1032;2007;9448;2007
4835;2007;6191;2007
9855;2007;6471;2007
1059;2007;4867;2007
8567;2007;365983;2007
2729;2007;3278;2007
1849;2007;16911;2007
7514;2007;12717;2007
6025;2007;2116;2007
3333;2007;34270;2007
0408;2007;3370;2007
2605;2007;2003;2007
4651;2007;1230;2007
3224;2007;3373;2007
6222;2007;3951;2007
0705;2007;6239;2007
2379;2007;4777;2007
9004;2007;16704;2007
4148;2007;19858;2007
7335;2007;13969;2007
7577;2007;5976;2007
4976;2007;9145;2007
7526;2007;13137;2007
2317;2007;6145;2007
5571;2007;1904;2007
6696;2007;5260;2007
1535;2007;5712;2007
6887;2007;2228;2007
3692;2007;9852;2007
4024;2007;4125;2007
0214;2007;66703;2007
4499;2007;2371;2007
4056;2007;4435;2007
8160;2007;8326;2007
5263;2007;6575;2007
0922;2007;15700;2007
0660;2007;8591;2007
8402;2007;15347;2007
2750;2007;3898;2007
2528;2007;5659;2007
6857;2007;10920;2007
5675;2007;5144;2007
0081;2007;6248;2007
4513;2007;4449;2007
9471;2007;12086;2007
1289;2007;16841;2007
9370;2007;6967;2007
9262;2007;4782;2007
6371;2007;8001;2007
4634;2007;4609;2007
4325;2007;7709;2007
4106;2007;26163;2007
7240;2007;30347;2007
8561;2007;11265;2007
7917;2007;6898;2007
4485;2007;14573;2007
8431;2007;2944;2007
9401;2007;7447;2007
7471;2007;17266;2007
6633;2007;22199;2007
6328;2007;5508;2007
7618;2007;15335;2007
7415;2007;33418;2007
0719;2007;12781;2007
1224;2007;22520;2007
0051;2007;17507;2007
1548;2007;132439;2007
4347;2007;2853;2007
3382;2007;3148;2007
4368;2007;4697;2007
7068;2007;2411;2007
2715;2007;3780;2007
2906;2007;7275;2007
4716;2007;3676;2007
2452;2007;3400;2007
3405;2007;6535;2007
2297;2007;8992;2007
6429;2007;12138;2007
1978;2007;3485;2007
7894;2007;6905;2007
0155;2007;7026;2007
3280;2007;3965;2007
6244;2007;4614;2007
1668;2007;3977;2007
3751;2007;2317;2007
7904;2007;12234;2007
5792;2007;16310;2007
9578;2007;2006;2007
3336;2007;7749;2007
5001;2007;2772;2007
3734;2007;9155;2007
2737;2007;27988;2007
1994;2007;9581;2007
1390;2007;7181;2007
7525;2007;55912;2007
5495;2007;8246;2007
0548;2007;32159;2007
2479;2007;10037;2007
3976;2007;149030;2007
2582;2007;5677;2007
2639;2007;11334;2007
3707;2007;2554;2007
0383;2007;4442;2007
5143;2007;6113;2007
2402;2007;10172;2007
2325;2007;2364;2007
9501;2007;6426;2007
4132;2007;94463;2007
1691;2007;24168;2007
9279;2007;3675;2007
9702;2007;1723;2007
1974;2007;113967;2007
4588;2007;12684;2007
1294;2007;2509;2007
7738;2007;9971;2007
1380;2007;8048;2007
6261;2007;6536;2007
0703;2007;9892;2007
3352;2007;6700;2007
1613;2007;4807;2007
2600;2007;1656;2007
0420;2007;804;2007
3883;2007;6429;2007
5528;2007;823;2007
5580;2007;2133;2007
5310;2007;3308;2007
2861;2007;10503;2007
8676;2007;4251;2007
7145;2007;3642;2007
3027;2007;16736;2007
4263;2007;3078;2007
1952;2007;1308;2007
8860;2007;1969;2007
6846;2007;4359;2007
0969;2007;2106;2007
6379;2007;1574;2007
2569;2007;972;2007
2911;2007;767;2007
2126;2007;676;2007
4583;2007;8903;2007
2496;2007;2521;2007
9405;2007;1650;2007
2029;2007;7685;2007
6693;2007;481;2007
8393;2007;6087;2007
6672;2007;61498;2007
7023;2007;8531;2007
8757;2007;9786;2007
6301;2007;1023;2007
3672;2007;309;2007
0738;2007;1383;2007
9334;2007;5818;2007
5254;2007;4312;2007
3025;2007;678;2007
0145;2007;1425;2007
0743;2007;2118;2007
2754;2007;827;2007
3482;2007;1499;2007
9454;2007;1128;2007
2061;2007;2061;2007
6356;2007;4002;2007
8220;2007;11788;2007
2469;2007;2748;2007
2354;2007;669;2007
0451;2007;1658;2007
8116;2007;1278;2007
0064;2007;2801;2007
9679;2007;1237;2007
5642;2007;6263;2007
3124;2007;2578;2007
2874;2007;2644;2007
8359;2007;7242;2007
7946;2007;2241;2007
3609;2007;765;2007
7983;2007;3151;2007
3960;2007;6767;2007
7650;2007;93164;2007
2714;2007;2881;2007
9152;2007;1026;2007
9008;2007;2048;2007
2885;2007;723;2007
1974;2007;2088;2007
9853;2007;6355;2007
8859;2007;4794;2007
3992;2007;1406;2007
1388;2007;2998;2007
7981;2007;3463;2007
7437;2007;2404;2007
7291;2007;8305;2007
3376;2007;4065;2007
8758;2007;1617;2007
9072;2007;3509;2007
0786;2007;1367;2007
7994;2007;1128;2007
8708;2007;2390;2007
5867;2007;1154;2007
4058;2007;869;2007
0661;2007;7215;2007
5330;2007;6920;2007
4920;2007;15428;2007
8897;2007;4569;2007
9182;2007;100769;2007
3310;2007;5128;2007
0388;2007;1496;2007
4501;2007;2321;2007
0038;2007;6996;2007
8914;2007;2125;2007
0471;2007;4304;2007
5313;2007;1039;2007
3910;2007;18398;2007
9201;2007;1692;2007
3182;2007;3429;2007
9130;2007;3936;2007
6020;2007;14772;2007
2789;2007;5109;2007
4029;2007;4968;2007
0875;2007;31098;2007
7471;2007;27652;2007
2017;2007;9588;2007
1541;2007;1964;2007
9032;2007;39725;2007
8956;2007;12091;2007
4922;2007;6013;2007
2775;2007;1084;2007
6645;2007;3128;2007
3854;2007;2165;2007
3095;2007;10034;2007
5729;2007;2065;2007
5693;2007;2922;2007
8135;2007;6427;2007
4607;2007;1933;2007
9348;2007;3776;2007
6306;2007;1879;2007
7380;2007;31803;2007
2517;2007;6502;2007
0164;2007;3534;2007
3629;2007;762;2007
9833;2007;3836;2007
1979;2007;4136;2007
4060;2007;1913;2007
7778;2007;2019;2007
1118;2007;915;2007
2869;2007;4136;2007
2340;2007;7740;2007
7674;2007;43655;2007
5430;2007;3592;2007
3331;2007;3071;2007
6767;2007;3661;2007
4964;2007;2310;2007
8108;2007;138;2007
7793;2007;2435;2007
6721;2007;4189;2007
0544;2007;1740;2007
8643;2007;179;2007
2217;2007;1815;2007
8822;2007;6981;2007
8058;2007;611;2007
8464;2007;4888;2007
6594;2007;336;2007
5802;2007;571;2007
1968;2007;10517;2007
0661;2007;39528;2007
1987;2007;1290;2007
9648;2007;14890;2007
9097;2007;2164;2007
6696;2007;597;2007
3977;2007;237;2007
2165;2007;1608;2007
0499;2007;638;2007
2233;2007;903;2007
5783;2007;2526;2007
5238;2007;42089;2007
1001;2007;10273;2007
2583;2007;4897;2007
3565;2007;6921;2007
5077;2007;157;2007
8781;2007;6121;2007
9416;2007;3572;2007
6712;2007;3565;2007
0371;2007;7710;2007
4664;2007;811;2007
5807;2007;10100;2007
9085;2007;942;2007
0834;2007;1225;2007
6459;2007;2051;2007
2147;2007;893;2007
7972;2007;1437;2007
4519;2007;1192;2007
0307;2007;322;2007
5498;2007;6312;2007
2491;2007;11114;2007
5519;2007;15522;2007
4575;2007;21232;2007
1693;2007;816;2007
0195;2007;3807;2007
2549;2007;13144;2007
3837;2007;1500;2007
1649;2007;3432;2007
5375;2007;437;2007
6468;2007;1020;2007
9784;2007;1160;2007
1182;2007;19879;2007
5351;2007;9684;2007
8634;2007;2813;2007
2952;2007;443;2007
4246;2007;1213;2007
3927;2007;3213;2007
0623;2007;3682;2007
9725;2007;2971;2007
4940;2007;3787;2007
1937;2007;1969;2007
2174;2007;1368;2007
0182;2007;51215;2007
5319;2007;654;2007
2113;2007;1899;2007
2382;2007;1261;2007
9771;2007;8019;2007
7948;2007;3008;2007
0833;2007;2228;2007
9389;2007;3426;2007
3951;2007;3204;2007
9508;2007;1020;2007
3368;2007;5249;2007
6123;2007;3416;2007
5319;2007;37025;2007
8574;2007;9433;2007
3070;2007;1522;2007
2041;2007;995;2007
9946;2007;15257;2007
2619;2007;3326;2007
9249;2007;1168;2007
9293;2007;1367;2007
1722;2007;2519;2007
7276;2007;1010;2007
3038;2007;1610;2007
7625;2007;717;2007
4336;2007;4368;2007
9405;2007;2320;2007
4055;2007;1740;2007
9335;2007;563;2007
9920;2007;526;2007
2074;2007;2233;2007
6157;2007;1281;2007
4640;2007;617;2007
5337;2007;850;2007
4458;2007;6829;2007
4183;2007;13025;2007
2142;2007;432;2007
6263;2007;937;2007
7918;2007;686;2007
3742;2007;11236;2007
9216;2007;414;2007
2352;2007;2394;2007
4509;2007;2581;2007
7156;2007;8271;2007
1669;2007;491;2007
9488;2007;788;2007
3789;2007;1048;2007
3504;2007;613;2007
6024;2007;5285;2007
0748;2007;819;2007
6977;2007;211;2007
8469;2007;2394;2007
0023;2007;2485;2007
2677;2007;1673;2007
7934;2007;15905;2007
1256;2007;24584;2007
6456;2007;1959;2007
2781;2007;4435;2007
6318;2007;2173;2007
4370;2007;967;2007
4051;2007;46861;2007
1789;2007;1463;2007
5172;2007;16468;2007
4919;2007;2368;2007
2925;2007;393;2007
5831;2007;6882;2007
9329;2007;2120;2007
2092;2007;2212;2007
9874;2007;10782;2007
9352;2007;1978;2007
9229;2007;65136;2007
5395;2007;1093;2007
8289;2007;799;2007
7785;2007;2430;2007
1820;2007;8780;2007
6259;2007;4924;2007
6776;2007;4979;2007
8433;2007;68887;2007
7508;2007;10381;2007
5050;2007;2581;2007
1034;2007;2141;2007
4730;2007;7910;2007
4509;2007;2099;2007
3196;2007;4807;2007
6618;2007;1275;2007
5748;2007;13824;2007
7063;2007;6518;2007
4659;2007;10155;2007
2029;2007;7280;2007
4239;2007;31343;2007
0913;2007;2354;2007
9157;2007;44761;2007
0811;2007;644;2007
4821;2007;6112;2007
5217;2007;1869;2007
9410;2007;5212;2007
1950;2007;524;2007
8802;2007;7924;2007
8595;2007;639;2007
0403;2007;3906;2007
0979;2007;486;2007
8073;2007;84755;2007
2742;2007;22474;2007
2820;2007;2357;2007
3299;2007;1145;2007
6716;2007;4519;2007
5478;2007;3780;2007
0295;2007;2515;2007
6091;2007;24439;2007
7543;2007;2435;2007
0716;2007;8339;2007
1568;2007;1444;2007
5504;2007;13340;2007
1929;2007;758;2007
0817;2007;3322;2007
2191;2007;999;2007
3520;2007;346;2007
4193;2007;63036;2007
5653;2007;1813;2007
7895;2007;1371;2007
9916;2007;697;2007
6800;2007;16223;2007
0363;2007;8718;2007
9324;2007;1625;2007
2518;2007;7496;2007
9667;2007;6133;2007
0435;2007;3168;2007
0156;2007;7801;2007
6165;2007;20546;2007
1306;2007;10636;2007
6718;2007;20606;2007
1790;2007;19170;2007
6846;2007;9623;2007
2003;2007;88294;2007
3367;2007;1826;2007
5341;2007;8639;2007
9127;2007;24530;2007
2496;2007;1745;2007
6121;2007;6939;2007
0534;2007;11258;2007
7962;2007;5338;2007
1958;2007;4458;2007
0982;2007;25597;2007
2870;2007;10532;2007
0091;2007;4211;2007
3628;2007;17659;2007
9870;2007;15776;2007
7597;2007;41129;2007
9166;2007;6825;2007
4365;2007;17657;2007
3183;2007;10084;2007
2748;2007;16126;2007
6319;2007;5594;2007
2087;2007;46178;2007
1921;2007;13856;2007
5025;2007;16624;2007
3181;2007;355747;2007
9950;2007;4948;2007
1871;2007;22344;2007
1453;2007;4855;2007
3743;2007;13996;2007
7185;2007;14731;2007
3960;2007;6062;2007
8991;2007;18966;2007
2885;2007;1864;2007
0518;2007;3371;2007
7534;2007;3729;2007
6715;2007;12978;2007
9719;2007;12977;2007
1064;2007;1251;2007
5603;2007;7481;2007
3984;2007;20726;2007
6819;2007;15663;2007
1438;2007;8371;2007
8797;2007;7536;2007
8317;2007;17021;2007
2059;2007;1292;2007
5688;2007;4120;2007
6943;2007;49389;2007
2412;2007;7582;2007
7812;2007;47088;2007
8083;2007;17792;2007
0298;2007;7367;2007
9411;2007;5092;2007
8610;2007;8076;2007
1848;2007;14060;2007
6799;2007;3205;2007
2822;2007;13089;2007
7877;2007;4443;2007
5606;2007;3740;2007
3267;2007;385;2007
3312;2007;8639;2007
5193;2007;27665;2007
9607;2007;16377;2007
9832;2007;158699;2007
4508;2007;2234;2007
8590;2007;1961;2007
8830;2007;34327;2007
3301;2007;3656;2007
4807;2007;11962;2007
8950;2007;2235;2007
6232;2007;1211;2007
8177;2007;31855;2007
1943;2007;6899;2007
7469;2007;577;2007
4670;2007;3065;2007
4826;2007;7200;2007
9901;2007;5724;2007
1652;2007;6298;2007
9113;2007;10430;2007
6900;2007;5761;2007
2885;2007;992;2007
5436;2007;3715;2007
6236;2007;42008;2007
3167;2007;12307;2007
5196;2007;1960;2007
0157;2007;2366;2007
9916;2007;1552;2007
1072;2007;4195;2007
4313;2007;3370;2007
6140;2007;1251;2007
6579;2007;1380;2007
8542;2007;8782;2007
3259;2007;1197;2007
8574;2007;1893;2007
2359;2007;1802;2007
0930;2007;787;2007
2191;2007;10842;2007
6218;2007;622;2007
7062;2007;4557;2007
5160;2007;4932;2007
1798;2007;86792;2007
7025;2007;6084;2007
6847;2007;14604;2007
1841;2007;27351;2007
8395;2007;1561;2007
7682;2007;31088;2007
5023;2007;27719;2007
7925;2007;13128;2007
6216;2007;1657;2007
0355;2007;12029;2007
2830;2007;4375;2007
5827;2007;12208;2007
8835;2007;8283;2007
8409;2007;11115;2007
9192;2007;5874;2007
6897;2007;96673;2007
8360;2007;1164;2007
5121;2007;12508;2007
4651;2007;9842;2007
5561;2007;5302;2007
5301;2007;1623;2007
6283;2007;3321;2007
6002;2007;3036;2007
2701;2007;2809;2007
4628;2007;2131;2007
5814;2007;13092;2007
8681;2007;9144;2007
8936;2007;975;2007
3156;2007;2154;2007
1840;2007;9161;2007
9583;2007;22714;2007
7645;2007;9152;2007
0499;2007;3477;2007
4947;2007;5805;2007
8055;2007;3494;2007
7544;2007;3217;2007
9430;2007;583;2007
4157;2007;1845;2007
8718;2007;8513;2007
6641;2007;23411;2007
3016;2007;861;2007
5191;2007;3291;2007
3573;2007;6022;2007
0947;2007;3287;2007
0728;2007;6180;2007
4296;2007;3154;2007
4242;2007;16972;2007
1931;2007;16113;2007
1229;2007;1524;2007
7884;2007;2988;2007
8418;2007;6226;2007
8867;2007;1188;2007
9313;2007;12005;2007
9933;2007;6682;2007
6869;2007;7172;2007
8436;2007;3225;2007
6888;2007;3647;2007
7990;2007;2824;2007
9871;2007;8524;2007
6621;2007;2537;2007
5721;2007;2983;2007
5843;2007;7294;2007
6160;2007;1976;2007
1472;2007;8948;2007
0598;2007;20837;2007
8831;2007;2625;2007
8497;2007;5153;2007
3149;2007;14323;2007
7349;2007;8603;2007
9127;2007;7799;2007
5004;2007;1567;2007
6080;2007;2357;2007
6260;2007;4166;2007
9553;2007;2167;2007
5535;2007;28630;2007
4149;2007;1768;2007
0962;2007;1201;2007
5683;2007;1022;2007
0357;2007;5112;2007
1415;2007;1728;2007
5944;2007;7741;2007
4580;2007;937;2007
1182;2007;2707;2007
8062;2007;4754;2007
5774;2007;53046;2007
6603;2007;12538;2007
6041;2007;9288;2007
2429;2007;7514;2007
9755;2007;1395;2007
2541;2007;4213;2007
2591;2007;2433;2007
3607;2007;4059;2007
7664;2007;4657;2007
2319;2007;1665;2007
3280;2007;7378;2007
5518;2007;2704;2007
9001;2007;3068;2007
0182;2007;21788;2007
9382;2007;8728;2007
2486;2007;77771;2007
0115;2007;1434;2007
7728;2007;3690;2007
5051;2007;7391;2007
4428;2007;8728;2007
4002;2007;12639;2007
2049;2007;1237;2007
7973;2007;14892;2007
9578;2007;4014;2007
8586;2007;1178;2007
4661;2007;9399;2007
4512;2007;2769;2007
5236;2007;4476;2007
2874;2007;3523;2007
4320;2007;984;2007
5664;2007;3696;2007
5875;2007;1316;2007
6534;2007;1212;2007
1913;2007;26855;2007
6014;2007;20649;2007
0747;2007;4081;2007
2225;2007;4991;2007
7615;2007;2491;2007
8087;2007;4201;2007
8456;2007;3266;2007
4414;2007;3178;2007
2853;2007;15132;2007
7824;2007;1149;2007
5286;2007;3358;2007
9515;2007;7577;2007
3289;2007;39664;2007
6742;2007;3433;2007
7230;2007;18733;2007
0578;2007;1334;2007
5096;2007;9014;2007
6641;2007;54859;2007
3865;2007;2773;2007
4281;2007;1802;2007
4751;2007;3707;2007
6236;2007;6303;2007
2781;2007;15616;2007
7676;2007;32436;2007
1822;2007;661;2007
7327;2007;13942;2007
4887;2007;18027;2007
4082;2007;3790;2007
0046;2007;1681;2007
5123;2007;5639;2007
1554;2007;613;2007
5287;2007;1246;2007
0941;2007;1681;2007
1640;2007;6033;2007
5597;2007;4945;2007
9058;2007;1005;2007
9686;2007;5676;2007
3320;2007;5474;2007
5012;2007;158344;2007
4633;2007;3722;2007
4190;2007;2328;2007
0939;2007;150;2007
0182;2007;819;2007
9823;2007;11095;2007
5485;2007;589;2007
1428;2007;1504;2007
8493;2007;483;2007
8315;2007;1180;2007
4737;2007;2517;2007
6445;2007;8552;2007
1366;2007;38342;2007
8002;2007;16940;2007
6581;2007;6226;2007
1853;2007;8198;2007
8852;2007;3825;2007
8297;2007;16170;2007
3024;2007;3485;2007
2212;2007;413;2007
5734;2007;1459;2007
6057;2007;4975;2007
6122;2007;1858;2007
8952;2007;1551;2007
4964;2007;11705;2007
0359;2007;2818;2007
5120;2007;1762;2007
5686;2007;2785;2007
7841;2007;1835;2007
1424;2007;2179;2007
2156;2007;3023;2007
5505;2007;2910;2007
5861;2007;1940;2007
6187;2007;1721;2007
0882;2007;1934;2007
3808;2007;1922;2007
8297;2007;1605;2007
4282;2007;5107;2007
2172;2007;1739;2007
0869;2007;1272;2007
0591;2007;1212;2007
0978;2007;1612;2007
9836;2007;20334;2007
2658;2007;20927;2007
5297;2007;1881;2007
0911;2007;616;2007
0033;2007;1080;2007
5676;2007;294;2007
6029;2007;1957;2007
8956;2007;4702;2007
4517;2007;2352;2007
1632;2007;4821;2007
4298;2007;107984;2007
3387;2007;2529;2007
6054;2007;5767;2007
8706;2007;885;2007
8088;2007;3735;2007
5635;2007;1014;2007
5459;2007;4667;2007
1676;2007;1237;2007
9142;2007;3259;2007
5744;2007;4237;2007
6447;2007;1750;2007
6322;2007;886;2007
8477;2007;3193;2007
0374;2007;5208;2007
2907;2007;1802;2007
9683;2007;6251;2007
5769;2007;5350;2007
4110;2007;2100;2007
9150;2007;2474;2007
8891;2007;2327;2007
8237;2007;1394;2007
1950;2007;1318;2007
2211;2007;16052;2007
9558;2007;1695;2007
0306;2007;3651;2007
7859;2007;7758;2007
6785;2007;2197;2007
3737;2007;1697;2007
1734;2007;2958;2007
8083;2007;1491;2007
1023;2007;2284;2007
4203;2007;2832;2007
9421;2007;2437;2007
4293;2007;988;2007
6924;2007;975;2007
5404;2007;3562;2007
6168;2007;8473;2007
9300;2007;13212;2007
1400;2007;2006;2007
6834;2007;3266;2007
7096;2007;8815;2007
5055;2007;1089;2007
3110;2007;3550;2007
5591;2007;8287;2007
6051;2007;2227;2007
0051;2007;625;2007
5258;2007;8426;2007
2792;2007;1240;2007
7346;2007;2158;2007
5355;2007;8561;2007
9412;2007;6151;2007
3305;2007;16011;2007
7309;2007;419;2007
6910;2007;8036;2007
4944;2007;2992;2007
4516;2007;2601;2007
9623;2007;4126;2007
3071;2007;2327;2007
7710;2007;13092;2007
5289;2007;4794;2007
2267;2007;60332;2007
1430;2007;4391;2007
3306;2007;698;2007
3852;2007;2673;2007
9030;2007;2750;2007
9761;2007;280;2007
6446;2007;650;2007
9409;2007;649;2007
8182;2007;4566;2007
2929;2007;1007;2007
6240;2007;2767;2007
6212;2007;1711;2007
5461;2007;755;2007
3087;2007;1168;2007
4912;2007;290;2007
8422;2007;1004;2007
2697;2007;1216;2007
2532;2007;6863;2007
6506;2007;486;2007
3665;2007;454;2007
3718;2007;359;2007
6126;2007;193;2007
9475;2007;1596;2007
7540;2007;499;2007
3896;2007;354;2007
9223;2007;708;2007
5447;2007;3381;2007
6889;2007;527;2007
9624;2007;11853;2007
6211;2007;1543;2007
6853;2007;2881;2007
3898;2007;686;2007
8523;2007;1491;2007
7404;2007;376;2007
0180;2007;2597;2007
3338;2007;639;2007
2258;2007;3861;2007
0838;2007;104;2007
8517;2007;157;2007
8922;2007;567;2007
7472;2007;387;2007
7224;2007;985;2007
0398;2007;1228;2007
5865;2007;317;2007
7570;2007;770;2007
9405;2007;4049;2007
7279;2007;367;2007
6424;2007;291;2007
6888;2007;457;2007
3138;2007;188;2007
7761;2007;2373;2007
9304;2007;1290;2007
3815;2007;2123;2007
9813;2007;1338;2007
3948;2007;5709;2007
9469;2007;2705;2007
4995;2007;2265;2007
6696;2007;565;2007
0132;2007;769;2007
9787;2007;352;2007
4530;2007;46205;2007
7902;2007;1320;2007
7231;2007;592;2007
5551;2007;853;2007
5958;2007;559;2007
3505;2007;2916;2007
7281;2007;1095;2007
3838;2007;2035;2007
9796;2007;1412;2007
3291;2007;981;2007
7914;2007;1353;2007
3047;2007;1267;2007
5095;2007;243;2007
1839;2007;271;2007
7526;2007;231;2007
1123;2007;1565;2007
4997;2007;1712;2007
6399;2007;37323;2007
1659;2007;4164;2007
2338;2007;17204;2007
2154;2007;927;2007
6490;2007;45727;2007
3109;2007;1459;2007
5918;2007;17945;2007
1985;2007;1667;2007
7970;2007;13043;2007
7794;2007;3022;2007
0602;2007;17244;2007
4966;2007;478;2007
9371;2007;10137;2007
9174;2007;3698;2007
3730;2007;359;2007
5071;2007;7888;2007
3617;2007;380;2007
2891;2007;4821;2007
3793;2007;789;2007
1894;2007;8426;2007
8029;2007;7171;2007
5653;2007;7937;2007
2923;2007;869;2007
8793;2007;10085;2007
0752;2007;1137;2007
7448;2007;505;2007
3187;2007;33305;2007
8474;2007;1396;2007
3668;2007;635;2007
3770;2007;51798;2007
7493;2007;1570;2007
9854;2007;21316;2007
5491;2007;3569;2007
1861;2007;10974;2007
6584;2007;538;2007
1449;2007;11382;2007
4749;2007;20276;2007
6994;2007;5423;2007
0431;2007;1950;2007
0651;2007;5847;2007
8998;2007;23190;2007
1242;2007;1211;2007
1896;2007;788;2007
4028;2007;19532;2007
4716;2007;77161;2007
4509;2007;429;2007
7531;2007;5393;2007
7632;2007;12119;2007
9850;2007;963;2007
5174;2007;1490;2007
7166;2007;901;2007
9991;2007;6370;2007
6535;2007;771;2007
3561;2007;6552;2007
1913;2007;35942;2007
0667;2007;2735;2007
2684;2007;19343;2007
5712;2007;10059;2007
8416;2007;1404;2007
1399;2007;2016;2007
4257;2007;5007;2007
1250;2007;8495;2007
9352;2007;37118;2007
3928;2007;1991;2007
5872;2007;2571;2007
0842;2007;7663;2007
3969;2007;1366;2007
3249;2007;1908;2007
0960;2007;1664;2007
6413;2007;43073;2007
1598;2007;6770;2007
0164;2007;19349;2007
8028;2007;11844;2007
7577;2007;247;2007
9201;2007;759;2007
7449;2007;2406;2007
5727;2007;52612;2007
5195;2007;1124;2007
4305;2007;8065;2007
5617;2007;8528;2007
3835;2007;757;2007
8373;2007;219;2007
0854;2007;385;2007
7161;2007;14546;2007
4072;2007;301;2007
2646;2007;11035;2007
5724;2007;1013;2007
3502;2007;767;2007
3371;2007;2604557;2007
5016;2007;1435;2007
4283;2007;6363;2007
3047;2007;946;2007
4501;2007;1522;2007
5287;2007;2622;2007
9058;2007;16453;2007
3567;2007;3951;2007
8935;2007;3718;2007
6619;2007;3465;2007
1595;2007;177;2007
8619;2007;9186;2007
2313;2007;9097;2007
6439;2007;52228;2007
2670;2007;5112;2007
7793;2007;1037;2007
9863;2007;5462;2007
9371;2007;330;2007
7180;2007;309;2007
9132;2007;14006;2007
2312;2007;50532;2007
9435;2007;3907;2007
5367;2007;198;2007
0352;2007;15594;2007
5343;2007;11862;2007
9515;2007;36326;2007
0869;2007;39449;2007
9981;2007;36826;2007
6431;2007;12131;2007
8908;2007;60964;2007
9405;2007;27393;2007
1088;2007;63841;2007
4003;2007;1619;2007
3827;2007;670;2007
7045;2007;4473;2007
1569;2007;33860;2007
3114;2007;10956;2007
9130;2007;34731;2007
1690;2007;36248;2007
1985;2007;21055;2007
0971;2007;9880;2007
6174;2007;113918;2007
2423;2007;4153;2007
1331;2007;3035;2007
1345;2007;18986;2007
1013;2007;6083;2007
2215;2007;3968;2007
1023;2007;13633;2007
1563;2007;3264;2007
9808;2007;13666;2007
3661;2007;1285;2007
4927;2007;4588;2007
1656;2007;1089;2007
5036;2007;1168;2007
3721;2007;17952;2007
6307;2007;8358;2007
6104;2007;6754;2007
9962;2007;7857;2007
4710;2007;23323;2007
8186;2007;7152;2007
4897;2007;3311;2007
7401;2007;2916;2007
5876;2007;41320;2007
7454;2007;703;2007
3188;2007;284;2007
4662;2007;1898;2007
9544;2007;28592;2007
7097;2007;2975;2007
7257;2007;4362;2007
8136;2007;20607;2007
2368;2007;5392;2007
5217;2007;5869;2007
2942;2007;2433;2007
2398;2007;7606;2007
8889;2007;4481;2007
6376;2007;2604;2007
0535;2007;789;2007
1885;2007;8962;2007
7934;2007;2784;2007
4235;2007;1805;2007
3769;2007;669;2007
2708;2007;3034;2007
4194;2007;33295;2007
3207;2007;3553;2007
8819;2007;895;2007
9148;2007;3922;2007
4500;2007;4924;2007
0552;2007;22711;2007
0302;2007;8565;2007
4090;2007;7482;2007
5176;2007;1830;2007
6784;2007;971;2007
9886;2007;808;2007
3837;2007;1665;2007
5646;2007;4009;2007
7328;2007;585;2007
9996;2007;20758;2007
0805;2007;556;2007
9774;2007;9330;2007
1111;2007;3080;2007
1479;2007;1335;2007
8443;2007;47854;2007
8358;2007;2238;2007
7370;2007;1205;2007
5444;2007;2348;2007
3725;2007;1686;2007
0140;2007;12114;2007
7118;2007;12846;2007
5710;2007;3169;2007
6362;2007;8065;2007
1606;2007;1571;2007
3072;2007;3070;2007
8803;2007;1604;2007
1464;2007;1240;2007
9312;2007;3082;2007
3244;2007;5273;2007
3812;2007;4691;2007
4058;2007;2514;2007
6809;2007;4434;2007
8006;2007;13224;2007
8043;2007;1240;2007
6133;2007;5388;2007
5828;2007;993;2007
3317;2007;7439;2007
2138;2007;392;2007
6287;2007;2139;2007
7054;2007;3169;2007
7104;2007;3468;2007
0266;2007;1005;2007
1081;2007;1603;2007
0189;2007;1954;2007
1030;2007;6248;2007
5978;2007;1548;2007
5003;2007;2710;2007
3937;2007;3057;2007
6802;2007;842;2007
2210;2007;2588;2007
1176;2007;26099;2007
5679;2007;2611;2007
5901;2007;4906;2007
6444;2007;545;2007
9926;2007;1397;2007
0598;2007;4505;2007
3218;2007;1909;2007
6404;2007;1655;2007
2762;2007;2919;2007
5375;2007;1022;2007
6558;2007;1770;2007
6432;2007;20549;2007
2083;2007;843;2007
8354;2007;2270;2007
0226;2007;1260;2007
7672;2007;2698;2007
0989;2007;1758;2007
8618;2007;419;2007
0556;2007;1405;2007
3172;2007;7428;2007
1268;2007;4958;2007
0079;2007;5294;2007
8485;2007;52741;2007
4328;2007;2332;2007
7783;2007;5621;2007
6782;2007;1762;2007
0404;2007;5815;2007
9577;2007;5875;2007
0171;2007;1763;2007
3014;2007;5224;2007
4646;2007;9084;2007
3895;2007;1692;2007
6030;2007;19112;2007
3160;2007;6712;2007
2291;2007;8025;2007
3570;2007;14577;2007
4855;2007;20503;2007
5584;2007;10076;2007
9044;2007;8461;2007
0685;2007;76930;2007
0496;2007;1639;2007
3231;2007;1196;2007
7738;2007;1530;2007
3439;2007;4012;2007
9503;2007;22009;2007
2077;2007;5148;2007
7400;2007;7986;2007
6503;2007;492;2007
4670;2007;1357;2007
6894;2007;7050;2007
7843;2007;2157;2007
7113;2007;866;2007
6781;2007;1522;2007
9244;2007;4995;2007
8580;2007;8548;2007
1338;2007;717;2007
1131;2007;2306;2007
9275;2007;640;2007
4234;2007;3623;2007
0500;2007;6898;2007
9776;2007;9805;2007
5919;2007;785;2007
5891;2007;1179;2007
5573;2007;13889;2007
6330;2007;10576;2007
6723;2007;39098;2007
2069;2007;40076;2007
3040;2007;2421;2007
0960;2007;3291;2007
7166;2007;25836;2007
8339;2007;20038;2007
6084;2007;10831;2007
0206;2007;2742;2007
4954;2007;2455;2007
4292;2007;11629;2007
9339;2007;4599;2007
4929;2007;3089;2007
3783;2007;6439;2007
2451;2007;1870;2007
9126;2007;7890;2007
2092;2007;1523;2007
7437;2007;1665;2007
8922;2007;1796;2007
6402;2007;1457;2007
2195;2007;7420;2007
4795;2007;2498;2007
5286;2007;3489;2007
0384;2007;3692;2007
7120;2007;951;2007
0055;2007;519;2007
1507;2007;1891;2007
2174;2007;13164;2007
1790;2007;17373;2007
5033;2007;1025;2007
6099;2007;12325;2007
7121;2007;20281;2007
7191;2007;1004;2007
1312;2007;1966;2007
7852;2007;11818;2007
8351;2007;14086;2007
9201;2007;32537;2007
7297;2007;2680;2007
9668;2007;4816;2007
5227;2007;2398;2007
2007;2007;13964;2007
1747;2007;22682;2007
7653;2007;7349;2007
2119;2007;7376;2007
4301;2007;12829;2007
6990;2007;12871;2007
3939;2007;998;2007
6551;2007;16740;2007
5233;2007;6523;2007
4196;2007;1043;2007
9014;2007;2749;2007
5469;2007;5854;2007
8249;2007;10598;2007
9697;2007;6032;2007
7200;2007;3788;2007
7939;2007;7688;2007
0481;2007;6526;2007
7016;2007;6148;2007
8972;2007;8027;2007
2218;2007;2874;2007
0381;2007;5745;2007
1195;2007;2728;2007
9610;2007;1932;2007
6568;2007;868;2007
8169;2007;2645;2007
8340;2007;62016;2007
4626;2007;1510;2007
9401;2007;2026;2007
0788;2007;1896;2007
3059;2007;2471;2007
5858;2007;1121;2007
8038;2007;1519;2007
3398;2007;1502;2007
3966;2007;995;2007
2586;2007;1603;2007
7795;2007;1426;2007
4357;2007;2645;2007
5788;2007;1552;2007
7176;2007;2166;2007
8035;2007;3491;2007
3530;2007;4209;2007
6637;2007;2584;2007
2751;2007;2712;2007
8594;2007;4217;2007
1964;2007;2723;2007
9049;2007;2190;2007
9892;2007;3855;2007
7656;2007;3557;2007
3075;2007;1511;2007
4545;2007;1183;2007
5738;2007;1185;2007
4921;2007;1925;2007
8164;2007;2520;2007
7871;2007;529;2007
0975;2007;5395;2007
3809;2007;3906;2007
8753;2007;1925;2007
2035;2007;4159;2007
1636;2007;1818;2007
9367;2007;1718;2007
5073;2007;13315;2007
3315;2007;5188;2007
2987;2007;4181;2007
7490;2007;2608;2007
7988;2007;2091;2007
0009;2007;1952;2007
8327;2007;1567;2007
1537;2007;2115;2007
8130;2007;626;2007
2535;2007;3090;2007
9153;2007;2628;2007
0289;2007;2399;2007
7611;2007;1421;2007
6384;2007;1345;2007
6761;2007;5322;2007
3386;2007;9837;2007
7653;2007;3135;2007
9590;2007;3251;2007
8833;2007;2328;2007
2955;2007;2216;2007
3043;2007;854;2007
1870;2007;3635;2007
1840;2007;1251;2007
0421;2007;866;2007
2242;2007;3475;2007
3108;2007;4000;2007
2430;2007;1025;2007
3786;2007;11375;2007
0134;2007;4263;2007
2466;2007;661;2007
1266;2007;4027;2007
9987;2007;6485;2007
4911;2007;1558;2007
1549;2007;3539;2007
9905;2007;3018;2007
7986;2007;596;2007
7117;2007;53719;2007
9116;2007;63830;2007
8316;2007;7300;2007
4666;2007;6456;2007
7061;2007;36578;2007
4675;2007;27048;2007
9609;2007;9518;2007
3465;2007;27470;2007
5305;2007;10493;2007
6905;2007;15713;2007
2212;2007;37452;2007
0051;2007;12352;2007
3276;2007;5393;2007
0628;2007;7122;2007
6495;2007;2143;2007
2082;2007;21610;2007
8106;2007;49802;2007
3844;2007;3336;2007
8488;2007;8088;2007
1880;2007;13382;2007
5268;2007;19018;2007
5932;2007;3776;2007
1306;2007;79696;2007
8134;2007;66290;2007
8110;2007;6870;2007
2293;2007;19091;2007
3311;2007;12666;2007
7406;2007;6893;2007
4493;2007;1792;2007
2191;2007;12673;2007
0814;2007;16101;2007
3698;2007;31019;2007
0503;2007;15867;2007
6226;2007;110120;2007
6389;2007;29669;2007
8802;2007;18137;2007
1402;2007;18572;2007
0768;2007;4558;2007
0191;2007;6104;2007
7109;2007;1700;2007
6414;2007;58603;2007
2685;2007;7352;2007
5697;2007;30314;2007
8362;2007;13626;2007
8121;2007;37271;2007
2511;2007;7885;2007
7043;2007;13106;2007
2471;2007;33607;2007
9545;2007;971693;2007
1853;2007;33408;2007
0216;2007;23217;2007
6707;2007;14667;2007
3354;2007;12902;2007
5394;2007;6052;2007
2000;2007;20702;2007
0140;2007;13643;2007
7555;2007;39904;2007
4222;2007;25700;2007
6048;2007;57019;2007
4369;2007;81805;2007
2559;2007;10532;2007
4250;2007;25185;2007
1555;2007;38680;2007
8941;2007;54955;2007
3315;2007;7291;2007
0144;2007;10683;2007
1055;2007;47903;2007
1724;2007;26954;2007
9480;2007;3428;2007
6170;2007;9494;2007
1482;2007;8949;2007
7540;2007;28444;2007
9047;2007;32813;2007
9318;2007;19280;2007
3734;2007;5991;2007
8774;2007;15175;2007
5003;2007;5565;2007
4432;2007;3141;2007
6436;2007;34497;2007
9556;2007;16710;2007
6517;2007;8001;2007
4994;2007;17206;2007
5396;2007;46375;2007
6328;2007;87782;2007
2070;2007;3713;2007
3794;2007;20669;2007
8811;2007;28979;2007
9036;2007;4631;2007
2021;2007;22729;2007
9790;2007;11387;2007
2131;2007;9230;2007
0716;2007;5821;2007
8723;2007;3814;2007
0831;2007;4274;2007
6485;2007;2134;2007
1483;2007;1955;2007
7390;2007;23116;2007
5931;2007;11107;2007
3890;2007;7731;2007
5500;2007;55366;2007
8043;2007;3302;2007
2951;2007;4718;2007
1573;2007;4091;2007
7775;2007;2545;2007
8073;2007;384;2007
3340;2007;2612;2007
0621;2007;5279;2007
3488;2007;1101;2007
2827;2007;3680;2007
4879;2007;2402;2007
7239;2007;1602;2007
0937;2007;2001;2007
0746;2007;1014;2007
3663;2007;1174;2007
6888;2007;2200;2007
1700;2007;1686;2007
3430;2007;10130;2007
7261;2007;2478;2007
6074;2007;596;2007
6024;2007;2456;2007
3106;2007;3012;2007
6327;2007;1449;2007
3990;2007;1768;2007
5501;2007;3298;2007
7042;2007;3395;2007
3895;2007;5333;2007
0394;2007;4112;2007
3349;2007;3671;2007
2631;2007;825;2007
1148;2007;8284;2007
1256;2007;1981;2007
8730;2007;1882;2007
0921;2007;2819;2007
2956;2007;1698;2007
2933;2007;3732;2007
5111;2007;6438;2007
0681;2007;1224;2007
7454;2007;3281;2007
7195;2007;1738;2007
6840;2007;1954;2007
9019;2007;12465;2007
9585;2007;8143;2007
3734;2007;518;2007
0056;2007;4060;2007
2488;2007;3453;2007
9725;2007;10706;2007
4461;2007;2321;2007
2382;2007;1428;2007
9536;2007;7912;2007
0089;2007;3003;2007
6309;2007;5386;2007
5569;2007;882;2007
6654;2007;10379;2007
4756;2007;8631;2007
4120;2007;1339;2007
4535;2007;1712;2007
2983;2007;5255;2007
6005;2007;4414;2007
6764;2007;1839;2007
6255;2007;1845;2007
2187;2007;688;2007
4254;2007;2619;2007
1398;2007;375;2007
2415;2007;2508;2007
7281;2007;1585;2007
9911;2007;2934;2007
8428;2007;3534;2007
9311;2007;1913;2007
9083;2007;2337;2007
4554;2007;2370;2007
4116;2007;880;2007
8085;2007;3541;2007
9594;2007;816;2007
5865;2007;1227;2007
9153;2007;4738;2007
4659;2007;2672;2007
8989;2007;836;2007
5378;2007;1557;2007
1930;2007;1796;2007
9333;2007;1533;2007
0383;2007;1792;2007
4602;2007;867;2007
7449;2007;751;2007
1046;2007;4440;2007
4343;2007;1453;2007
7802;2007;2196;2007
4761;2007;1217;2007
1039;2007;1394;2007
0250;2007;993;2007
4994;2007;7271;2007
1867;2007;2883;2007
2135;2007;12100;2007
1034;2007;556;2007
6968;2007;3568;2007
6733;2007;3233;2007
3678;2007;1590;2007
7662;2007;1603;2007
4115;2007;2562;2007
2061;2007;1571;2007
5685;2007;2245;2007
0416;2007;1393;2007
2199;2007;572;2007
0025;2007;1145;2007
9641;2007;912;2007
9136;2007;2923;2007
1252;2007;1461;2007
1566;2007;2614;2007
0366;2007;995;2007
9992;2007;1909;2007
4183;2007;3991;2007
2100;2007;1289;2007
4968;2007;2870;2007
7664;2007;20354;2007
2302;2007;6339;2007
8222;2007;1115;2007
4817;2007;6793;2007
7001;2007;5421;2007
7655;2007;31340;2007
7339;2007;1692;2007
4528;2007;5691;2007
0048;2007;2326;2007
1206;2007;940;2007
6829;2007;2450;2007
9298;2007;16616;2007
8494;2007;50661;2007
7467;2007;898;2007
4087;2007;5572;2007
9179;2007;5501;2007
5398;2007;2656;2007
4328;2007;2897;2007
9093;2007;1556;2007
5769;2007;6998;2007
3034;2007;15828;2007
1530;2007;523;2007
7503;2007;1131;2007
0263;2007;21329;2007
8221;2007;1249;2007
5691;2007;1492;2007
7095;2007;4831;2007
5545;2007;2000;2007
6340;2007;1944;2007
4332;2007;7926;2007
0593;2007;2459;2007
0629;2007;672;2007
5851;2007;13405;2007
2937;2007;2797;2007
4074;2007;1291;2007
5311;2007;53628;2007
6166;2007;2010;2007
7508;2007;5016;2007
4579;2007;2544;2007
9681;2007;2374;2007
3734;2007;1295;2007
1577;2007;3827;2007
1281;2007;759;2007
7461;2007;907;2007
9342;2007;3280;2007
7318;2007;2563;2007
9664;2007;672;2007
6631;2007;591;2007
5727;2007;37421;2007
5341;2007;1317;2007
6874;2007;13141;2007
8817;2007;837;2007
8506;2007;1285;2007
0750;2007;5077;2007
6125;2007;11695;2007
9883;2007;1379;2007
7006;2007;1190;2007
3430;2007;1053;2007
7442;2007;1124;2007
4538;2007;1803;2007
2220;2007;908;2007
6759;2007;1506;2007
2415;2007;1082;2007
2958;2007;863;2007
6714;2007;5646;2007
3331;2007;21317;2007
6624;2007;2894;2007
1887;2007;1948;2007
4423;2007;2241;2007
2510;2007;2541;2007
8816;2007;9478;2007
1614;2007;12166;2007
1659;2007;589;2007
6911;2007;1677;2007
2247;2007;6973;2007
1938;2007;746;2007
9354;2007;46165;2007
6624;2007;23955;2007
7132;2007;2208;2007
2426;2007;2260;2007
7239;2007;6797;2007
6214;2007;3897;2007
1008;2007;1554;2007
5503;2007;1263;2007
6115;2007;719;2007
1160;2007;5488;2007
9190;2007;34855;2007
2980;2007;4098;2007
0374;2007;10383;2007
8138;2007;1790;2007
9994;2007;1043;2007
1584;2007;705;2007
4697;2007;1220;2007
7654;2007;1569;2007
2380;2007;2860;2007
0802;2007;5354;2007
1653;2007;2502;2007
1891;2007;24390;2007
6531;2007;3930;2007
2433;2007;2298;2007
6706;2007;2026;2007
0409;2007;933;2007
9350;2007;2506;2007
9221;2007;1259;2007
1579;2007;7480;2007
5575;2007;1746;2007
3133;2007;9250;2007
5882;2007;1776;2007
6679;2007;387;2007
1812;2007;892;2007
6883;2007;875;2007
6570;2007;639;2007
2843;2007;12664;2007
7851;2007;1975;2007
8518;2007;136421;2007
5936;2007;629;2007
3872;2007;6675;2007
9015;2007;3831;2007
0518;2007;4525;2007
0237;2007;2613;2007
1713;2007;9842;2007
2807;2007;962;2007
0544;2007;710;2007
5135;2007;1693;2007
9585;2007;1765;2007
3605;2007;3150;2007
6091;2007;736;2007
1433;2007;2752;2007
3297;2007;8736;2007
9173;2007;487;2007
1563;2007;9930;2007
7442;2007;2811;2007
1985;2007;7099;2007
0006;2007;31223;2007
7560;2007;5091;2007
8948;2007;49737;2007
8627;2007;1524;2007
2296;2007;360;2007
0330;2007;3953;2007
0424;2007;1423;2007
5692;2007;10302;2007
1133;2007;3428;2007
5173;2007;816;2007
2800;2007;1028;2007
2711;2007;8121;2007
4617;2007;1761;2007
0132;2007;1255;2007
0329;2007;2291;2007
2161;2007;580;2007
8260;2007;4113;2007
4361;2007;1712;2007
6021;2007;365;2007
3214;2007;8807;2007
7850;2007;1787;2007
5427;2007;3145;2007
5175;2007;8317;2007
0220;2007;12762;2007
2231;2007;385;2007
5166;2007;1483;2007
9550;2007;812;2007
4330;2007;408;2007
9283;2007;1212;2007
0844;2007;40432;2007
8519;2007;3692;2007
5883;2007;669;2007
4866;2007;1805;2007
1085;2007;764;2007
5930;2007;318;2007
1209;2007;1103;2007
3194;2007;1405;2007
4431;2007;171;2007
9029;2007;893;2007
7260;2007;699;2007
9013;2007;1085;2007
6989;2007;262;2007
6574;2007;951;2007
9597;2007;5337;2007
6392;2007;686;2007
6152;2007;263;2007
5744;2007;540;2007
7866;2007;93;2007
7974;2007;5458;2007
0314;2007;453;2007
8839;2007;348;2007
4488;2007;5851;2007
0985;2007;1100;2007
3193;2007;181;2007
2943;2007;1122;2007
7993;2007;11189;2007
1647;2007;1764;2007
3454;2007;1043;2007
4897;2007;312;2007
4473;2007;3409;2007
6043;2007;282;2007
9434;2007;999;2007
0194;2007;1387;2007
2093;2007;259;2007
9500;2007;1031;2007
6437;2007;455;2007
8595;2007;419;2007
7066;2007;751;2007
1491;2007;314;2007
4034;2007;2254;2007
2376;2007;585;2007
1065;2007;2101;2007
9049;2007;71253;2007
4692;2007;1743;2007
8646;2007;5836;2007
4411;2007;993;2007
9094;2007;3816;2007
5330;2007;1580;2007
2077;2007;431;2007
4114;2007;2702;2007
2798;2007;1515;2007
0037;2007;633;2007
6036;2007;1074;2007
8979;2007;597;2007
9041;2007;468;2007
3594;2007;1130;2007
1663;2007;698;2007
9992;2007;1940;2007
3769;2007;1223;2007
5870;2007;1302;2007
1546;2007;771;2007
1670;2007;2195;2007
7946;2007;4395;2007
0627;2007;1186;2007
8482;2007;1317;2007
4356;2007;3467;2007
4565;2007;1072;2007
6545;2007;513;2007
6735;2007;7942;2007
5962;2007;1038;2007
9925;2007;3009;2007
0010;2007;698;2007
3068;2007;712;2007
1002;2007;798;2007
6186;2007;483;2007
5454;2007;1587;2007
9611;2007;189;2007
9078;2007;1655;2007
7609;2007;3995;2007
0984;2007;135;2007
4917;2007;1782;2007
2122;2007;590;2007
8114;2007;1325;2007
9441;2007;405;2007
6989;2007;124;2007
0364;2007;2524;2007
6763;2007;2045;2007
3524;2007;599;2007
0024;2007;2999;2007
3816;2007;2720;2007
3409;2007;427;2007
9274;2007;25130;2007
4575;2007;6778;2007
6549;2007;354;2007
9561;2007;2965;2007
4430;2007;6066;2007
1994;2007;622;2007
9897;2007;166;2007
2152;2007;446;2007
7407;2007;945;2007
5243;2007;659;2007
1945;2007;946;2007
5965;2007;11543;2007
9198;2007;1899;2007
1359;2007;904;2007
1813;2007;11250;2007
8534;2007;2492;2007
0438;2007;7366;2007
8746;2007;2123;2007
4243;2007;7485;2007
7370;2007;1889;2007
1590;2007;524;2007
1758;2007;7358;2007
6807;2007;1247;2007
6850;2007;2386;2007
7942;2007;1622;2007
9393;2007;2649;2007
3629;2007;1903;2007
7366;2007;5377;2007
0132;2007;2228;2007
6322;2007;3504;2007
8131;2007;2480;2007
1134;2007;4360;2007
9438;2007;751;2007
3029;2007;1505;2007
7720;2007;363;2007
0022;2007;22698;2007
0451;2007;4981;2007
5937;2007;1141;2007
5650;2007;8022;2007
7268;2007;3465;2007
4475;2007;8954;2007
0112;2007;4978;2007
1503;2007;6885;2007
0981;2007;1712;2007
4853;2007;310;2007
1093;2007;14158;2007
7984;2007;606;2007
2666;2007;24521;2007
3619;2007;9431;2007
2024;2007;5415;2007
6259;2007;15246;2007
8397;2007;53520;2007
2171;2007;1679;2007
3803;2007;2741;2007
9730;2007;9290;2007
1357;2007;1482;2007
7566;2007;1168;2007
6581;2007;15976;2007
4015;2007;438;2007
5271;2007;3670;2007
9582;2007;1212;2007
9864;2007;361;2007
9116;2007;2834;2007
4127;2007;3832;2007
9893;2007;2037;2007
0820;2007;717;2007
5745;2007;908;2007
0255;2007;1489;2007
8181;2007;10071;2007
0216;2007;13740;2007
8796;2007;1369;2007
0955;2007;2031;2007
9837;2007;5770;2007
7325;2007;288;2007
9611;2007;1659;2007
3095;2007;1729;2007
4722;2007;1684;2007
0704;2007;3091;2007
4992;2007;7623;2007
2629;2007;6596;2007
5008;2007;1063;2007
5743;2007;47129;2007
2571;2007;3211;2007
7619;2007;1851;2007
1938;2007;12789;2007
3622;2007;119860;2007
3462;2007;537;2007
0483;2007;8016;2007
5578;2007;1369;2007
7711;2007;560;2007
0403;2007;5550;2007
0562;2007;998;2007
7944;2007;3287;2007
8039;2007;303;2007
4191;2007;315;2007
3975;2007;1963;2007
3410;2007;3958;2007
8876;2007;603;2007
0140;2007;17602;2007
6672;2007;2815;2007
9178;2007;3162;2007
1123;2007;863;2007
3297;2007;430;2007
1822;2007;787;2007
3302;2007;2728;2007
5443;2007;2323;2007
3917;2007;1250;2007
7168;2007;1194;2007
9760;2007;10648;2007
2605;2007;893;2007
5066;2007;395;2007
0774;2007;5082;2007
3819;2007;117;2007
9125;2007;1492;2007
8540;2007;724;2007
5643;2007;720;2007
5382;2007;1420;2007
6686;2007;1081;2007
0150;2007;6468;2007
0003;2007;3119;2007
0348;2007;5937;2007
8862;2007;4116;2007
0706;2007;448;2007
9854;2007;2016;2007
6780;2007;1030;2007
5667;2007;52712;2007
4612;2007;400;2007
7215;2007;943;2007
2952;2007;269;2007
0466;2007;547;2007
2342;2007;3048;2007
3910;2007;4757;2007
8472;2007;402;2007
9639;2007;1927;2007
6920;2007;1566;2007
5326;2007;1054;2007
1405;2007;6036;2007
0892;2007;424;2007
0890;2007;23617;2007
1473;2007;1124;2007
4882;2007;1953;2007
9899;2007;1154;2007
5592;2007;377;2007
4704;2007;1647;2007
6462;2007;3013;2007
8874;2007;1341;2007
5007;2007;9488;2007
5630;2007;461;2007
3712;2007;1483;2007
9367;2007;36200;2007
6155;2007;733;2007
1288;2007;398;2007
1795;2007;762;2007
7343;2007;4648;2007
4635;2007;1039;2007
2860;2007;161;2007
2680;2007;89;2007
9988;2007;818;2007
2123;2007;2582;2007
1033;2007;2241;2007
4460;2007;4072;2007
8748;2007;23477;2007
7796;2007;4550;2007
6285;2007;1448;2007
7780;2007;1063;2007
1930;2007;1153;2007
0201;2007;350;2007
0312;2007;568;2007
4826;2007;1684;2007
9215;2007;1140;2007
9473;2007;969;2007
1679;2007;2319;2007
1258;2007;1068;2007
4451;2007;906;2007
2985;2007;1446;2007
1630;2007;4129;2007
2198;2007;1883;2007
6994;2007;2335;2007
0059;2007;1397;2007
0066;2007;1515;2007
8107;2007;128;2007
2314;2007;291;2007
2691;2007;1087;2007
6714;2007;248;2007
7311;2007;11300;2007
4080;2007;1022;2007
6994;2007;18449;2007
7078;2007;1815;2007
8274;2007;2448;2007
0004;2007;5091;2007
2546;2007;3583;2007
5706;2007;1121;2007
8990;2007;466;2007
9592;2007;4239;2007
1177;2007;3150;2007
5280;2007;2013;2007
2887;2007;1066;2007
6763;2007;4042;2007
1148;2007;1537;2007
8822;2007;1539;2007
4397;2007;513;2007
2727;2007;1744;2007
3451;2007;38117;2007
1285;2007;1009;2007
7323;2007;2454;2007
2301;2007;1451;2007
3673;2007;138;2007
0991;2007;159;2007
5994;2007;714;2007
9948;2007;2712;2007
6291;2007;8114;2007
2797;2007;1691;2007
8100;2007;1422;2007
1117;2007;49980;2007
6986;2007;618;2007
7216;2007;2484;2007
4253;2007;966;2007
6792;2007;6832;2007
2766;2007;2254;2007
0650;2007;573;2007
2234;2007;367;2007
5442;2007;643;2007
6192;2007;1758;2007
9573;2007;1092;2007
9074;2007;4081;2007
7934;2007;704;2007
8931;2007;569;2007
6946;2007;798;2007
9089;2007;2241;2007
4682;2007;474;2007
7725;2007;3254;2007
3232;2007;1574;2007
6806;2007;1594;2007
7549;2007;830;2007
5262;2007;1144;2007
7148;2007;800;2007
9461;2007;5407;2007
7729;2007;1850;2007
7654;2007;7224;2007
2663;2007;882;2007
5626;2007;790;2007
8725;2007;589;2007
7288;2007;666;2007
5076;2007;1272;2007
4209;2007;1082;2007
4271;2007;1987;2007
2000;2007;164;2007
2140;2007;646;2007
6234;2007;1185;2007
9189;2007;1481;2007
5679;2007;1709;2007
7629;2007;431;2007
2909;2007;483;2007
3143;2007;6616;2007
6630;2007;473;2007
8402;2007;692;2007
8848;2007;1429;2007
8180;2007;1894;2007
4006;2007;3621;2007
5151;2007;1235;2007
2809;2007;1490;2007
0790;2007;237;2007
1133;2007;2578;2007
0324;2007;131;2007
0357;2007;5574;2007
9604;2007;593;2007
8271;2007;2859;2007
0445;2007;893;2007
7348;2007;1269;2007
2695;2007;689;2007
8460;2007;232;2007
3717;2007;726;2007
0823;2007;1294;2007
4484;2007;642;2007
0509;2007;1075;2007
0482;2007;1133;2007
6525;2007;4869;2007
3294;2007;784;2007
2836;2007;467;2007
3656;2007;4836;2007
8688;2007;349;2007
2474;2007;2056;2007
3689;2007;2089;2007
8338;2007;1419;2007
9697;2007;873;2007
6342;2007;31669;2007
7316;2007;817;2007
0582;2007;1468;2007
7013;2007;4970;2007
5110;2007;1055;2007
6495;2007;2851;2007
4777;2007;3079;2007
7358;2007;2532;2007
7439;2007;1051;2007
0115;2007;2003;2007
5018;2007;13528;2007
6659;2007;6312;2007
6445;2007;2897;2007
9296;2007;3668;2007
8365;2007;8158;2007
8068;2007;2699;2007
0009;2007;5995;2007
7074;2007;1104;2007
0494;2007;4436;2007
3631;2007;1819;2007
9320;2007;2036;2007
4735;2007;2008;2007
7861;2007;1387;2007
4839;2007;1590;2007
4215;2007;1816;2007
4134;2007;180;2007
9166;2007;58541;2007
5121;2007;1775;2007
8518;2007;3993;2007
0933;2007;684;2007
2566;2007;153566;2007
4612;2007;4343;2007
1780;2007;495;2007
1530;2007;6328;2007
7874;2007;34655;2007
5385;2007;57068;2007
6980;2007;12619;2007
4798;2007;6504;2007
4110;2007;1186;2007
1262;2007;13343;2007
9409;2007;890;2007
0111;2007;3076;2007
2363;2007;17763;2007
7028;2007;892;2007
3899;2007;4384;2007
6447;2007;2768;2007
8824;2007;2876;2007
3969;2007;2185;2007
4523;2007;1962;2007
4475;2007;3718;2007
0557;2007;1228;2007
2295;2007;14600;2007
8797;2007;26846;2007
1945;2007;14749;2007
6222;2007;1129;2007
3583;2007;16284;2007
1599;2007;5991;2007
3054;2007;55725;2007
1368;2007;2159;2007
3592;2007;4077;2007
8631;2007;4918;2007
8123;2007;4970;2007
0124;2007;17102;2007
7661;2007;14446;2007
2461;2007;7320;2007
0817;2007;7948;2007
1883;2007;13541;2007
9910;2007;520;2007
3470;2007;1835;2007
5672;2007;2628;2007
7455;2007;3207;2007
0240;2007;21468;2007
8140;2007;17073;2007
8228;2007;11041;2007
3698;2007;68357;2007
8809;2007;98732;2007
3866;2007;317345;2007
3518;2007;93438;2007
6534;2007;2015;2007
2434;2007;54100;2007
9455;2007;11258;2007
3373;2007;56537;2007
9814;2007;10506;2007
9318;2007;31163;2007
1383;2007;15203;2007
4316;2007;18009;2007
1980;2007;13254;2007
1283;2007;18994;2007
9108;2007;5492;2007
4205;2007;24884;2007
3438;2007;46985;2007
9365;2007;27914;2007
2978;2007;20518;2007
7093;2007;43802;2007
3018;2007;13040;2007
1847;2007;14004;2007
4083;2007;9751;2007
2430;2007;37816;2007
9395;2007;26380;2007
9735;2007;59917;2007
8895;2007;48723;2007
5995;2007;19495;2007
7924;2007;25208;2007
7127;2007;21548;2007
4440;2007;1476;2007
0856;2007;17238;2007
1539;2007;27671;2007
8524;2007;18108;2007
8250;2007;25932;2007
2338;2007;6851;2007
7932;2007;9677;2007
8496;2007;26570;2007
0061;2007;7035;2007
2299;2007;27370;2007
3505;2007;8709;2007
4127;2007;54883;2007
1053;2007;27387;2007
4004;2007;11761;2007
9785;2007;18512;2007
1713;2007;7122;2007
9348;2007;6463;2007
3131;2007;17303;2007
3008;2007;13447;2007
0639;2007;3526;2007
4123;2007;5548;2007
4860;2007;22526;2007
1218;2007;32759;2007
1633;2007;15049;2007
3285;2007;7363;2007
1773;2007;10246;2007
4088;2007;31738;2007
7197;2007;49308;2007
0687;2007;5501;2007
9936;2007;31719;2007
7458;2007;5373;2007
4326;2007;4223;2007
8487;2007;2350;2007
9598;2007;16365;2007
8622;2007;7865;2007
9626;2007;15729;2007
2689;2007;10665;2007
2198;2007;1823;2007
5594;2007;15923;2007
1945;2007;9181;2007
5688;2007;16698;2007
8686;2007;201698;2007
9250;2007;4258;2007
3199;2007;14588;2007
6281;2007;89004;2007
6181;2007;15746;2007
0197;2007;20584;2007
8391;2007;6814;2007
1692;2007;11950;2007
6282;2007;8935;2007
7138;2007;38832;2007
9382;2007;36805;2007
3816;2007;15194;2007
0523;2007;27455;2007
6670;2007;15288;2007
5568;2007;32483;2007
0438;2007;7033;2007
5347;2007;6350;2007
6771;2007;10479;2007
9404;2007;14645;2007
0790;2007;19879;2007
3365;2007;5265;2007
7635;2007;10687;2007
1454;2007;8983;2007
6992;2007;4998;2007
6922;2007;6572;2007
7894;2007;5375;2007
5298;2007;6514;2007
7115;2007;5118;2007
5803;2007;9800;2007
5614;2007;3791;2007
7446;2007;1893;2007
7498;2007;2931;2007
1805;2007;7408;2007
8784;2007;10896;2007
3483;2007;1773;2007
7075;2007;2602;2007
2407;2007;12278;2007
9867;2007;3871;2007
7274;2007;20397;2007
9451;2007;3103;2007
6247;2007;4148;2007
7690;2007;5415;2007
6541;2007;11715;2007
7891;2007;6580;2007
5310;2007;23808;2007
4131;2007;5783;2007
1202;2007;5767;2007
3572;2007;4234;2007
8067;2007;9125;2007
4239;2007;3179;2007
5982;2007;5509;2007
6471;2007;27613;2007
0766;2007;15945;2007
2142;2007;21019;2007
2664;2007;1209;2007
0434;2007;1808;2007
0292;2007;6045;2007
9964;2007;91061;2007
8051;2007;8385;2007
5021;2007;14156;2007
4167;2007;11066;2007
6639;2007;15108;2007
2479;2007;9610;2007
4921;2007;1813;2007
6288;2007;11827;2007
3098;2007;9714;2007
5488;2007;7447;2007
1027;2007;2221;2007
7990;2007;3670;2007
1286;2007;3866;2007
7430;2007;13879;2007
5283;2007;2752;2007
5676;2007;3473;2007
7672;2007;5185;2007
2404;2007;31439;2007
3020;2007;5593;2007
1266;2007;2537;2007
0767;2007;8269;2007
2249;2007;2469;2007
1936;2007;5536;2007
9724;2007;1586;2007
0919;2007;9480;2007
6891;2007;1756;2007
9595;2007;6077;2007
3605;2007;5622;2007
2879;2007;10738;2007
7266;2007;9812;2007
8722;2007;8862;2007
0704;2007;4689;2007
0223;2007;1477;2007
0888;2007;8024;2007
5773;2007;5850;2007
6434;2007;5951;2007
1975;2007;3653;2007
8241;2007;3097;2007
3303;2007;6969;2007
7759;2007;1974;2007
3312;2007;4187;2007
4549;2007;5565;2007
0952;2007;4987;2007
4247;2007;3859;2007
7841;2007;14848;2007
7645;2007;2512;2007
4053;2007;4451;2007
9883;2007;1698;2007
7833;2007;14184;2007
6796;2007;12679;2007
1310;2007;12684;2007
7107;2007;2943;2007
4333;2007;14587;2007
3298;2007;17790;2007
5014;2007;5284;2007
3962;2007;11751;2007
4580;2007;4349;2007
3084;2007;14327;2007
2747;2007;7496;2007
9545;2007;2084;2007
7748;2007;2195;2007
5637;2007;2537;2007
1329;2007;5358;2007
1891;2007;1655;2007
6428;2007;2621;2007
8730;2007;1540;2007
0960;2007;1823;2007
9759;2007;713;2007
4764;2007;3866;2007
4799;2007;11965;2007
1560;2007;1937;2007
0536;2007;1453;2007
6026;2007;2702;2007
1248;2007;3020;2007
7108;2007;5328;2007
9393;2007;4204;2007
8791;2007;918;2007
3933;2007;2004;2007
0062;2007;491;2007
4752;2007;894;2007
4987;2007;1508;2007
5287;2007;761;2007
2226;2007;333;2007
8974;2007;1100;2007
9704;2007;2227;2007
9720;2007;901;2007
9082;2007;901;2007
7744;2007;1590;2007
4522;2007;1240;2007
7381;2007;779;2007
0174;2007;2009;2007
3385;2007;2720;2007
6443;2007;1541;2007
0762;2007;660;2007
8094;2007;3129;2007
3050;2007;2331;2007
8176;2007;4328;2007
6309;2007;949;2007
9244;2007;6081;2007
6493;2007;1764;2007
6795;2007;651;2007
1534;2007;5874;2007
6584;2007;4941;2007
7081;2007;2083;2007
6261;2007;13497;2007
6602;2007;13533;2007
8330;2007;5252;2007
9669;2007;4557;2007
0118;2007;5212;2007
8172;2007;1833;2007
2237;2007;16929;2007
3406;2007;585;2007
5514;2007;4347;2007
1319;2007;1815;2007
8710;2007;1425;2007
1881;2007;5794;2007
2283;2007;1530;2007
7095;2007;1038;2007
8777;2007;3949;2007
9104;2007;5080;2007
8447;2007;2076;2007
5078;2007;6136;2007
0983;2007;4387;2007
7016;2007;1145;2007
2322;2007;6264;2007
4348;2007;67555;2007
8736;2007;4520;2007
5035;2007;1063;2007
5134;2007;13510;2007
4850;2007;1741;2007
7704;2007;2889;2007
7347;2007;1690;2007
9264;2007;3648;2007
4492;2007;3599;2007
6183;2007;1139;2007
3938;2007;1551;2007
0710;2007;1245;2007
2479;2007;851;2007
6984;2007;3520;2007
3892;2007;871;2007
1587;2007;1762;2007
1004;2007;1494;2007
0966;2007;6514;2007
6866;2007;1404;2007
4316;2007;863;2007
9003;2007;2406;2007
8366;2007;1165;2007
3055;2007;7311;2007
1820;2007;1656;2007
2984;2007;693;2007
0724;2007;1382;2007
2644;2007;6917;2007
6824;2007;3499;2007
6401;2007;3233;2007
1865;2007;2387;2007
9967;2007;723;2007
3645;2007;2201;2007
3884;2007;12100;2007
2497;2007;2988;2007
8277;2007;3288;2007
6975;2007;3142;2007
3182;2007;733;2007
7333;2007;3513;2007
3673;2007;2050;2007
4079;2007;1176;2007
2064;2007;12221;2007
6911;2007;821;2007
9044;2007;394;2007
6094;2007;1443;2007
0416;2007;791;2007
1084;2007;9141;2007
6111;2007;1157;2007
9259;2007;1083;2007
6294;2007;5523;2007
1508;2007;2456;2007
4602;2007;5285;2007
0939;2007;58958;2007
8387;2007;2599;2007
9960;2007;7696;2007
8072;2007;10118;2007
7501;2007;6537;2007
1843;2007;538;2007
6698;2007;17572;2007
6567;2007;15572;2007
6667;2007;4384;2007
7164;2007;2947;2007
4368;2007;2975;2007
2582;2007;1372;2007
0583;2007;1853;2007
1430;2007;5045;2007
1610;2007;5903;2007
9300;2007;5147;2007
2189;2007;1682;2007
1781;2007;6969;2007
7052;2007;1223;2007
4537;2007;1978;2007
6274;2007;21537;2007
5059;2007;2079;2007
2952;2007;838;2007
6690;2007;1585;2007
1106;2007;607;2007
5604;2007;794;2007
7159;2007;4468;2007
4560;2007;13806;2007
9084;2007;3042;2007
4229;2007;2948;2007
9782;2007;2115;2007
5532;2007;965;2007
0850;2007;9130;2007
3200;2007;1448;2007
1967;2007;10331;2007
8185;2007;1649;2007
8466;2007;3189;2007
5945;2007;2437;2007
5740;2007;1277;2007
9643;2007;1328;2007
6457;2007;2039;2007
3666;2007;802;2007
8228;2007;8576;2007
4296;2007;3557;2007
2733;2007;253;2007
9445;2007;2551;2007
0676;2007;17209;2007
9477;2007;3059;2007
5571;2007;10201;2007
0613;2007;453;2007
6358;2007;22645;2007
7468;2007;2837;2007
8584;2007;522;2007
9617;2007;2558;2007
3177;2007;3270;2007
0861;2007;946;2007
8954;2007;1436;2007
1417;2007;10302;2007
6187;2007;1044;2007
9840;2007;1317;2007
5793;2007;1365;2007
6399;2007;38370;2007
8606;2007;69498;2007
6974;2007;1150;2007
1022;2007;8891;2007
2068;2007;5080;2007
3725;2007;4441;2007
6617;2007;991;2007
6743;2007;4076;2007
2708;2007;1422;2007
1646;2007;1080;2007
7008;2007;2314;2007
0600;2007;3177;2007
0161;2007;2975;2007
1137;2007;2333;2007
7961;2007;8098;2007
7085;2007;1824;2007
7482;2007;2363;2007
4629;2007;1858;2007
9546;2007;2813;2007
0808;2007;2123;2007
3336;2007;911;2007
2096;2007;983;2007
9328;2007;4264;2007
2379;2007;2234;2007
2542;2007;3898;2007
6500;2007;2814;2007
6003;2007;9871;2007
7812;2007;1273;2007
9158;2007;859;2007
2373;2007;1852;2007
3158;2007;3043;2007
2731;2007;1811;2007
0425;2007;3279;2007
3222;2007;2904;2007
8110;2007;1004;2007
6846;2007;8993;2007
1555;2007;1687;2007
6698;2007;17445;2007
8744;2007;2049;2007
2533;2007;4763;2007
8770;2007;3473;2007
5830;2007;1344;2007
0460;2007;509;2007
6014;2007;2635;2007
4127;2007;1400;2007
7394;2007;1192;2007
6663;2007;358;2007
8807;2007;16657;2007
2168;2007;906;2007
6176;2007;2293;2007
2016;2007;1338;2007
8673;2007;2060;2007
6546;2007;909;2007
3317;2007;1453;2007
2390;2007;1415;2007
8163;2007;1258;2007
4092;2007;873;2007
5918;2007;6633;2007
4201;2007;33852;2007
0291;2007;3316;2007
8772;2007;7279;2007
6841;2007;5863;2007
4913;2007;4432;2007
6600;2007;1832;2007
9126;2007;36289;2007
1240;2007;1231;2007
6823;2007;3073;2007
6715;2007;1142;2007
5715;2007;1679;2007
5719;2007;641;2007
8737;2007;3745;2007
3970;2007;1591;2007
9596;2007;2760;2007
5092;2007;1420;2007
6832;2007;1643;2007
5285;2007;18126;2007
6283;2007;825;2007
9284;2007;3427;2007
1183;2007;6062;2007
4949;2007;7427;2007
8985;2007;1239;2007
6934;2007;1611;2007
8441;2007;561;2007
3442;2007;3697;2007
5466;2007;2264;2007
3426;2007;1322;2007
1160;2007;1293;2007
6249;2007;2062;2007
4204;2007;5041;2007
2170;2007;2883;2007
5644;2007;1558;2007
4163;2007;2155;2007
1502;2007;4137;2007
4967;2007;1201;2007
5554;2007;9853;2007
4635;2007;1398;2007
5118;2007;695;2007
2734;2007;1026;2007
2636;2007;7194;2007
2874;2007;4648;2007
2200;2007;2137;2007
2778;2007;2252;2007
4561;2007;5139;2007
1208;2007;913;2007
2217;2007;4664;2007
2182;2007;5876;2007
7168;2007;8923;2007
6494;2007;2773;2007
5337;2007;1232;2007
6418;2007;3361;2007
7330;2007;5021;2007
0838;2007;2180;2007
6368;2007;1037;2007
8829;2007;1943;2007
9328;2007;893;2007
8676;2007;885;2007
8792;2007;550;2007
0666;2007;3230;2007
5570;2007;1430;2007
3744;2007;7331;2007
4779;2007;4756;2007
0502;2007;2063;2007
1190;2007;2455;2007
4125;2007;1680;2007
7223;2007;91893;2007
9153;2007;638;2007
9582;2007;420;2007
3688;2007;1215;2007
8247;2007;6467;2007
2845;2007;1011;2007
3399;2007;1522;2007
0100;2007;2291;2007
8062;2007;3946;2007
5252;2007;6729;2007
0251;2007;5342;2007
8301;2007;3328;2007
0411;2007;3749;2007
3812;2007;2090;2007
8533;2007;632;2007
0371;2007;541;2007
7817;2007;2164;2007
5464;2007;3282;2007
0791;2007;6318;2007
1937;2007;4075;2007
2659;2007;4884;2007
5552;2007;1612;2007
2035;2007;699;2007
9402;2007;1233;2007
3341;2007;4458;2007
6834;2007;477;2007
9053;2007;2162;2007
8982;2007;972;2007
8432;2007;1263;2007
9398;2007;816;2007
7399;2007;1469;2007
8499;2007;4455;2007
2959;2007;874;2007
5792;2007;4721;2007
1687;2007;613;2007
3841;2007;1251;2007
3828;2007;2254;2007
8991;2007;1205;2007
7869;2007;2692;2007
6500;2007;2427;2007
8396;2007;2262;2007
3199;2007;673;2007
8918;2007;1736;2007
4530;2007;4193;2007
7228;2007;1863;2007
4844;2007;1270;2007
6942;2007;2130;2007
4332;2007;2211;2007
1712;2007;1872;2007
1559;2007;3300;2007
8091;2007;565;2007
4550;2007;6282;2007
6486;2007;3345;2007
2973;2007;4894;2007
3494;2007;2722;2007
7437;2007;4309;2007
2789;2007;899;2007
7924;2007;9410;2007
4957;2007;3259;2007
2796;2007;1691;2007
3260;2007;3399;2007
1084;2007;2456;2007
3058;2007;2671;2007
2624;2007;4033;2007
3697;2007;1180;2007
8782;2007;1929;2007
3295;2007;1787;2007
4255;2007;69931;2007
8961;2007;3393;2007
4872;2007;622;2007
1679;2007;2304;2007
9063;2007;1419;2007
7748;2007;4664;2007
0186;2007;1173;2007
8528;2007;10720;2007
7159;2007;2513;2007
9844;2007;4159;2007
3448;2007;1495;2007
9429;2007;457;2007
0561;2007;8397;2007
4995;2007;4039;2007
1371;2007;3745;2007
7427;2007;1276;2007
9648;2007;1043;2007
4105;2007;734;2007
0092;2007;4315;2007
9521;2007;357;2007
2971;2007;867;2007
4621;2007;581;2007
2657;2007;2023;2007
1624;2007;2448;2007
5414;2007;777;2007
7562;2007;7297;2007
2343;2007;627;2007
9509;2007;6517;2007
9827;2007;10412;2007
2945;2007;5128;2007
3736;2007;929;2007
3800;2007;3514;2007
5555;2007;1805;2007
1061;2007;795;2007
5876;2007;1122;2007
3403;2007;1871;2007
9874;2007;2842;2007
7186;2007;2037;2007
8668;2007;18406;2007
0708;2007;6923;2007
9745;2007;3381;2007
1905;2007;438;2007
6907;2007;5356;2007
7538;2007;12630;2007
0708;2007;3132;2007
1551;2007;6493;2007
5190;2007;1633;2007
3362;2007;588;2007
4033;2007;1021;2007
5328;2007;5040;2007
4083;2007;10841;2007
4469;2007;2699;2007
7332;2007;3450;2007
4508;2007;6433;2007
4757;2007;6287;2007
8739;2007;5506;2007
6163;2007;2429;2007
1210;2007;19280;2007
5690;2007;717;2007
5105;2007;1307;2007
8735;2007;3737;2007
7699;2007;11056;2007
9980;2007;1270;2007
0362;2007;181551;2007
2369;2007;1712;2007
2229;2007;7775;2007
8565;2007;651;2007
8197;2007;6606;2007
9207;2007;1272;2007
5572;2007;15286;2007
2181;2007;941;2007
4002;2007;3319;2007
5662;2007;561;2007
5201;2007;2822;2007
3446;2007;4100;2007
0777;2007;1428;2007
3583;2007;569;2007
6363;2007;1865;2007
4089;2007;1035;2007
1995;2007;697;2007
9925;2007;366;2007
8795;2007;4100;2007
9996;2007;1363;2007
7968;2007;1310;2007
5297;2007;1000;2007
1308;2007;5139;2007
8540;2007;3130;2007
0617;2007;921;2007
8595;2007;17042;2007
2146;2007;2231;2007
3086;2007;308;2007
7650;2007;1400;2007
1082;2007;2713;2007
5444;2007;15530;2007
1204;2007;536;2007
1240;2007;2241;2007
1747;2007;13408;2007
1980;2007;4424;2007
8932;2007;45270;2007
8093;2007;3127;2007
8636;2007;7215;2007
8321;2007;11262;2007
3203;2007;14802;2007
7570;2007;31226;2007
9007;2007;5270;2007
3517;2007;28181;2007
3149;2007;4362;2007
5738;2007;4437;2007
2581;2007;80893;2007
6329;2007;51046;2007
0074;2007;11401;2007
5311;2007;7471;2007
7263;2007;11247;2007
4571;2007;1650;2007
4154;2007;1800;2007
4210;2007;11244;2007
9436;2007;5189;2007
1187;2007;4207;2007
1193;2007;69325;2007
9625;2007;11817;2007
1009;2007;2245;2007
2764;2007;7757;2007
9748;2007;3951;2007
6975;2007;2279;2007
6806;2007;1349;2007
7839;2007;6508;2007
4356;2007;10031;2007
8351;2007;54435;2007
8343;2007;6135;2007
4710;2007;2023;2007
2934;2007;10721;2007
9696;2007;5002;2007
6253;2007;3887;2007
4101;2007;1533;2007
0237;2007;6787;2007
2312;2007;8396;2007
9460;2007;4301;2007
4560;2007;573;2007
5060;2007;6432;2007
5164;2007;1377;2007
7206;2007;3538;2007
1204;2007;10686;2007
5940;2007;32638;2007
7859;2007;9269;2007
9185;2007;10423;2007
1964;2007;3676;2007
0400;2007;3278;2007
0592;2007;1046;2007
2409;2007;14152;2007
8343;2007;5310;2007
5503;2007;3118;2007
4206;2007;3922;2007
1617;2007;11334;2007
1646;2007;4105;2007
4760;2007;1956;2007
6439;2007;11353;2007
5295;2007;11137;2007
4634;2007;7233;2007
3466;2007;1966;2007
8844;2007;2180;2007
1410;2007;2143;2007
9850;2007;1097;2007
1661;2007;1032;2007
9969;2007;1733;2007
5663;2007;6994;2007
3267;2007;3359;2007
4318;2007;7096;2007
4268;2007;6860;2007
2666;2007;3016;2007
4886;2007;26605;2007
1685;2007;35925;2007
8912;2007;6351;2007
0755;2007;3699;2007
0959;2007;2236;2007
5900;2007;665788;2007
6497;2007;31483;2007
1025;2007;3516;2007
3441;2007;3100;2007
9165;2007;5955;2007
6583;2007;3784;2007
9291;2007;3112;2007
0363;2007;5253;2007
7170;2007;1593;2007
5662;2007;2668;2007
8522;2007;5322;2007
7814;2007;8563;2007
3653;2007;1950;2007
7415;2007;983;2007
5995;2007;10339;2007
1931;2007;2828;2007
9024;2007;486;2007
1922;2007;26668;2007
8463;2007;11327;2007
5421;2007;4021;2007
6815;2007;9608;2007
1922;2007;3088;2007
2407;2007;1325;2007
7793;2007;3901;2007
9001;2007;2121;2007
0076;2007;2951;2007
8004;2007;19862;2007
6441;2007;3415;2007
6956;2007;677;2007
9812;2007;1307;2007
9346;2007;2265;2007
9386;2007;862;2007
2744;2007;2550;2007
6346;2007;1016;2007
1418;2007;41333;2007
0685;2007;679;2007
6646;2007;5734;2007
1664;2007;3463;2007
4276;2007;13046;2007
7645;2007;4416;2007
2587;2007;3587;2007
6219;2007;1005;2007
7781;2007;1423;2007
4281;2007;3367;2007
8280;2007;1095;2007
0694;2007;2734;2007
9304;2007;2605;2007
1324;2007;509;2007
3367;2007;2915;2007
6563;2007;1665;2007
6937;2007;1613;2007
3311;2007;561;2007
2116;2007;1151;2007
1890;2007;887;2007
7262;2007;4173;2007
9981;2007;840;2007
9132;2007;3319;2007
5543;2007;3659;2007
6505;2007;2993;2007
3107;2007;2908;2007
9083;2007;387;2007
2904;2007;9358;2007
4823;2007;7224;2007
0474;2007;1536;2007
3838;2007;1913;2007
9835;2007;1692;2007
7899;2007;702;2007
7241;2007;2698;2007
3864;2007;1822;2007
9924;2007;911;2007
7212;2007;11307;2007
1099;2007;1629;2007
7352;2007;871;2007
7094;2007;879;2007
8536;2007;656;2007
6942;2007;1612;2007
8503;2007;2342;2007
7508;2007;244713;2007
7023;2007;32489;2007
5356;2007;1349;2007
2692;2007;1069;2007
4678;2007;5188;2007
5996;2007;773;2007
2599;2007;3012;2007
3623;2007;721;2007
3769;2007;1742;2007
8009;2007;2569;2007
3090;2007;859;2007
5764;2007;882;2007
7368;2007;4237;2007
4154;2007;3657;2007
1783;2007;1520;2007
4347;2007;2135;2007
1757;2007;6207;2007
4792;2007;1260;2007
0766;2007;13202;2007
6164;2007;1461;2007
9687;2007;3931;2007
2019;2007;1262;2007
1173;2007;870;2007
1681;2007;231;2007
9060;2007;4194;2007
1325;2007;1198;2007
1510;2007;742;2007
5448;2007;2278;2007
1231;2007;6516;2007
0502;2007;7115;2007
6292;2007;4185;2007
1406;2007;2070;2007
6798;2007;3017;2007
8183;2007;3230;2007
9964;2007;1493;2007
1634;2007;1147;2007
9764;2007;13046;2007
1676;2007;1392;2007
6740;2007;4742;2007
7814;2007;892;2007
3859;2007;3440;2007
1175;2007;9098;2007
9740;2007;1485;2007
9173;2007;4553;2007
2623;2007;4054;2007
0755;2007;1720;2007
7618;2007;2430;2007
0269;2007;2835;2007
5246;2007;5188;2007
1332;2007;10985;2007
1260;2007;7199;2007
5008;2007;6969;2007
6669;2007;959;2007
0737;2007;3181;2007
2643;2007;1199;2007
6016;2007;1336;2007
5170;2007;3820;2007
2458;2007;9006;2007
2280;2007;6936;2007
9304;2007;5602;2007
9268;2007;4022;2007
3170;2007;57348;2007
2395;2007;3251;2007
7015;2007;9637;2007
5732;2007;4048;2007
2308;2007;2899;2007
8901;2007;1397;2007
0870;2007;4114;2007
3156;2007;2184;2007
4530;2007;6374;2007
3276;2007;10390;2007
8595;2007;33555;2007
9815;2007;8584;2007
0752;2007;3130;2007
1638;2007;4217;2007
0815;2007;3640;2007
8900;2007;989;2007
8745;2007;32560;2007
9760;2007;6002;2007
1421;2007;1228;2007
2217;2007;6094;2007
6783;2007;38705;2007
6320;2007;1975;2007
5780;2007;12846;2007
4124;2007;2601;2007
9092;2007;3036;2007
4873;2007;8450;2007
0626;2007;23561;2007
2257;2007;16697;2007
1009;2007;8933;2007
2987;2007;13143;2007
5006;2007;12956;2007
3693;2007;4458;2007
5210;2007;19563;2007
3715;2007;6342;2007
6663;2007;3629;2007
5594;2007;8075;2007
1674;2007;2820;2007
2752;2007;6615;2007
5212;2007;1536;2007
5183;2007;5098;2007
6678;2007;40632;2007
9909;2007;4733;2007
6292;2007;1447;2007
6333;2007;1088;2007
9465;2007;633;2007
5439;2007;5127;2007
2465;2007;61139;2007
1131;2007;3343;2007
3988;2007;4550;2007
0669;2007;75236;2007
0705;2007;2124;2007
5893;2007;12426;2007
6266;2007;3260;2007
5331;2007;1685;2007
4247;2007;11217;2007
8172;2007;27255;2007
2732;2007;2286;2007
9953;2007;11771;2007
7746;2007;23351;2007
8140;2007;5823;2007
9382;2007;6445;2007
7565;2007;7392;2007
5836;2007;1529;2007
3738;2007;3733;2007
8177;2007;1787;2007
0808;2007;8486;2007
7759;2007;5278;2007
1499;2007;5350;2007
7120;2007;13690;2007
1179;2007;4722;2007
2247;2007;5015;2007
1946;2007;5738;2007
0465;2007;2242;2007
7438;2007;28177;2007
2367;2007;3763;2007
3917;2007;14041;2007
5057;2007;14775;2007
8244;2007;2910;2007
5375;2007;21672;2007
1099;2007;7334;2007
2924;2007;7644;2007
1389;2007;894;2007
2777;2007;9835;2007
4134;2007;8261;2007
8921;2007;5425;2007
7242;2007;2929;2007
7058;2007;18293;2007
5344;2007;28429;2007
4288;2007;51992;2007
3333;2007;17020;2007
2208;2007;36227;2007
3264;2007;23993;2007
2753;2007;23473;2007
7257;2007;19085;2007
4172;2007;5371;2007
3734;2007;38701;2007
5540;2007;3797;2007
2097;2007;4795;2007
9021;2007;3434;2007
8974;2007;300890;2007
1599;2007;9671;2007
3224;2007;27014;2007
0164;2007;13189;2007
1500;2007;27803;2007
4453;2007;3204;2007
2466;2007;5458;2007
9571;2007;4088;2007
8462;2007;13026;2007
2795;2007;28105;2007
4748;2007;8008;2007
6713;2007;1038;2007
3176;2007;5307;2007
3009;2007;5424;2007
6782;2007;47339;2007
7064;2007;11245;2007
6505;2007;6939;2007
7851;2007;16373;2007
6802;2007;48285;2007
2334;2007;12172;2007
5431;2007;3904;2007
3861;2007;3309;2007
4330;2007;10646;2007
6137;2007;11167;2007
2459;2007;14817;2007
6313;2007;2972;2007
8477;2007;21866;2007
6490;2007;11258;2007
8123;2007;3892;2007
2721;2007;6679;2007
1248;2007;9966;2007
8595;2007;1704;2007
2767;2007;6960;2007
0258;2007;8247;2007
3092;2007;17322;2007
1562;2007;9812;2007
5170;2007;21531;2007
5218;2007;7578;2007
0944;2007;7705;2007
7508;2007;6756;2007
8654;2007;8994;2007
7833;2007;3743;2007
8317;2007;3638;2007
5280;2007;3454;2007
4684;2007;8426;2007
3740;2007;8109;2007
4008;2007;29676;2007
6296;2007;3249;2007
7530;2007;14969;2007
3699;2007;53961;2007
5500;2007;3328;2007
3764;2007;18772;2007
6595;2007;71018;2007
0850;2007;9578;2007
7215;2007;25795;2007
4725;2007;59496;2007
1579;2007;35013;2007
5914;2007;31487;2007
8310;2007;2227;2007
0509;2007;1154;2007
0628;2007;7348;2007
9090;2007;17704;2007
6156;2007;846;2007
8976;2007;2642;2007
4772;2007;22183;2007
2007;2007;12867;2007
7816;2007;24430;2007
4173;2007;12801;2007
9842;2007;23482;2007
9828;2007;21801;2007
5343;2007;9014;2007
4685;2007;21274;2007
7755;2007;122930;2007
0204;2007;7537;2007
3296;2007;9001;2007
0908;2007;3645;2007
9227;2007;12073;2007
3921;2007;40410;2007
8902;2007;732;2007
1886;2007;832;2007
2509;2007;627;2007
4459;2007;2073;2007
7940;2007;452;2007
8442;2007;1079;2007
5394;2007;3704;2007
7440;2007;3825;2007
7583;2007;305;2007
7144;2007;767;2007
8314;2007;1081;2007
6697;2007;586;2007
0769;2007;989;2007
0464;2007;621;2007
3435;2007;5697;2007
2502;2007;453;2007
6115;2007;1809;2007
3908;2007;1321;2007
1704;2007;940;2007
4001;2007;442;2007
0608;2007;1570;2007
0662;2007;610;2007
1904;2007;997;2007
6868;2007;578;2007
4578;2007;8942;2007
8495;2007;994;2007
6162;2007;700;2007
9593;2007;567;2007
3859;2007;134;2007
8547;2007;2039;2007
2256;2007;785;2007
8937;2007;919;2007
9467;2007;1489;2007
3749;2007;2947;2007
4655;2007;3442;2007
0311;2007;3368;2007
0898;2007;5803;2007
1281;2007;11017;2007
3942;2007;758;2007
8777;2007;3364;2007
8803;2007;2446;2007
2684;2007;4709;2007
4119;2007;21849;2007
7985;2007;2798;2007
1002;2007;732;2007
5952;2007;597;2007
0335;2007;124757;2007
5057;2007;1391;2007
5828;2007;193;2007
3396;2007;7322;2007
4487;2007;968;2007
0107;2007;14027;2007
2444;2007;3084;2007
2377;2007;2193;2007
5029;2007;984;2007
1853;2007;1638;2007
8063;2007;3063;2007
7367;2007;4102;2007
6815;2007;2476;2007
9538;2007;3984;2007
4089;2007;1689;2007
8773;2007;568;2007
9702;2007;1444;2007
3115;2007;787;2007
0432;2007;1419;2007
5753;2007;1412;2007
9218;2007;1247;2007
8083;2007;899;2007
1022;2007;689;2007
3276;2007;566;2007
3678;2007;3174;2007
4346;2007;2999;2007
6755;2007;2234;2007
3269;2007;1484;2007
4978;2007;2569;2007
5326;2007;8453;2007
4099;2007;721;2007
2661;2007;4220;2007
4344;2007;927;2007
5299;2007;2468;2007
0588;2007;2827;2007
2988;2007;2332;2007
1146;2007;590;2007
1494;2007;537;2007
4435;2007;2032;2007
7146;2007;1563;2007
7633;2007;10722;2007
8294;2007;2554;2007
8037;2007;1980;2007
7317;2007;357;2007
0589;2007;36741;2007
7375;2007;7483;2007
2372;2007;1427;2007
8209;2007;963;2007
9700;2007;463;2007
1843;2007;779;2007
6733;2007;941;2007
4318;2007;3060;2007
5958;2007;4490;2007
9956;2007;6477;2007
1765;2007;2216;2007
8336;2007;1324;2007
4462;2007;2682;2007
6759;2007;268;2007
0708;2007;2463;2007
8474;2007;1665;2007
7667;2007;2701;2007
7149;2007;1804;2007
9346;2007;2275;2007
5657;2007;1883;2007
3784;2007;11335;2007
0512;2007;1834;2007
8005;2007;759;2007
3156;2007;532;2007
0143;2007;2197;2007
5030;2007;2832;2007
7000;2007;401;2007
7539;2007;533;2007
1723;2007;26103;2007
6243;2007;949;2007
2270;2007;1098;2007
8518;2007;2902;2007
0476;2007;154910;2007
4887;2007;23070;2007
7167;2007;7472;2007
7736;2007;4116;2007
3042;2007;8771;2007
1361;2007;1680;2007
3086;2007;2106;2007
6223;2007;928;2007
5982;2007;541;2007
8014;2007;1029;2007
5101;2007;2852;2007
0146;2007;2362;2007
3689;2007;7228;2007
7868;2007;4616;2007
5067;2007;5131;2007
1794;2007;2641;2007
6258;2007;942;2007
9677;2007;1183;2007
9158;2007;7136;2007
4104;2007;69841;2007
1591;2007;1747;2007
6242;2007;1308;2007
5145;2007;925;2007
2412;2007;7440;2007
1629;2007;1884;2007
6381;2007;3846;2007
8293;2007;5310;2007
6740;2007;28827;2007
3934;2007;1489;2007
2889;2007;4605;2007
7060;2007;2413;2007
2850;2007;18743;2007
2939;2007;6224;2007
5926;2007;4126;2007
3587;2007;1313;2007
9078;2007;16306;2007
3871;2007;2095;2007
7937;2007;1845;2007
1982;2007;1144;2007
1839;2007;3833;2007
8211;2007;4050;2007
7064;2007;7146;2007
7509;2007;2029;2007
3074;2007;4927;2007
3593;2007;1183;2007
8870;2007;1878;2007
9709;2007;3346;2007
7935;2007;6970;2007
4453;2007;2202;2007
9317;2007;12240;2007
8876;2007;1400;2007
6260;2007;8844;2007
4332;2007;20969;2007
0356;2007;2369;2007
7596;2007;627;2007
7428;2007;791;2007
1777;2007;1349;2007
8361;2007;2973;2007
8991;2007;961;2007
7617;2007;1387;2007
6722;2007;2333;2007
5932;2007;2546;2007
6103;2007;964;2007
1826;2007;722;2007
7880;2007;908;2007
4495;2007;1192;2007
3061;2007;293;2007
3112;2007;1356;2007
1070;2007;1782;2007
3483;2007;8995;2007
4264;2007;14971;2007
4116;2007;286;2007
1182;2007;8937;2007
3578;2007;2443;2007
7940;2007;6526;2007
4660;2007;8368;2007
6012;2007;949;2007
5962;2007;1613;2007
4498;2007;5114;2007
8462;2007;429;2007
9063;2007;1109;2007
1878;2007;401;2007
3865;2007;18202;2007
0184;2007;2640;2007
4295;2007;407;2007
2629;2007;1579;2007
7365;2007;11063;2007
4014;2007;10818;2007
9870;2007;699;2007
1037;2007;11879;2007
5906;2007;1698;2007
8802;2007;4685;2007
5337;2007;2874;2007
6234;2007;7748;2007
9508;2007;1608;2007
6882;2007;3212;2007
4693;2007;15061;2007
1263;2007;50219;2007
9588;2007;8120;2007
2083;2007;3324;2007
8550;2007;5449;2007
7401;2007;19598;2007
1525;2007;4357;2007
9790;2007;1453;2007
7785;2007;4157;2007
8809;2007;14623;2007
7045;2007;2198;2007
6793;2007;6013;2007
8756;2007;11789;2007
1433;2007;386;2007
5471;2007;464;2007
3790;2007;1825;2007
5680;2007;2156;2007
7145;2007;893;2007
6768;2007;1326;2007
5245;2007;8527;2007
5859;2007;1635;2007
5139;2007;457;2007
8523;2007;5489;2007
8007;2007;771;2007
3130;2007;856;2007
6382;2007;740;2007
5447;2007;1014;2007
5623;2007;1479;2007
4291;2007;1241;2007
8025;2007;351;2007
7065;2007;1667;2007
3894;2007;155;2007
9783;2007;563;2007
1987;2007;133;2007
7896;2007;1406;2007
8538;2007;275;2007
4721;2007;951;2007
2497;2007;1387;2007
4281;2007;235;2007
8745;2007;726;2007
5617;2007;765;2007
1728;2007;1986;2007
8861;2007;3275;2007
1500;2007;21722;2007
3702;2007;699;2007
7117;2007;927;2007
3513;2007;1908;2007
1461;2007;1084;2007
4490;2007;2504;2007
0190;2007;558;2007
2086;2007;2305;2007
9626;2007;1487;2007
7338;2007;930;2007
8301;2007;324;2007
5839;2007;494;2007
4436;2007;886;2007
4776;2007;352;2007
7327;2007;840;2007
6578;2007;2259;2007
2027;2007;1127;2007
6577;2007;1024;2007
6050;2007;581;2007
3408;2007;1081;2007
9461;2007;563;2007
9289;2007;1345;2007
1965;2007;664;2007
5904;2007;376;2007
0758;2007;297;2007
9354;2007;825;2007
3181;2007;804;2007
3164;2007;2530;2007
7012;2007;754;2007
4514;2007;11328;2007
8469;2007;2892;2007
2051;2007;478;2007
8673;2007;277;2007
4520;2007;1573;2007
3605;2007;382;2007
9625;2007;3961;2007
5296;2007;1026;2007
3723;2007;473;2007
3433;2007;379;2007
5735;2007;95;2007
0966;2007;1292;2007
5116;2007;750;2007
2197;2007;741;2007
7239;2007;144;2007
4117;2007;1623;2007
5886;2007;165;2007
0265;2007;1530;2007
2533;2007;8944;2007
5970;2007;3025;2007
4817;2007;1005;2007
4597;2007;4710;2007
8204;2007;521;2007
4582;2007;828;2007
6424;2007;947;2007
2347;2007;5027;2007
6807;2007;1150;2007
6691;2007;1643;2007
0619;2007;459;2007
9861;2007;4572;2007
1972;2007;821;2007
5005;2007;1801;2007
0141;2007;747;2007
1807;2007;1173;2007
5715;2007;515;2007
9654;2007;1716;2007
8665;2007;363;2007
4698;2007;1264;2007
5686;2007;31701;2007
3275;2007;1427;2007
8161;2007;327;2007
8471;2007;2396;2007
3156;2007;294;2007
1092;2007;2135;2007
4581;2007;743;2007
2826;2007;3320;2007
3569;2007;2867;2007
2190;2007;4800;2007
0500;2007;411;2007
7953;2007;2520;2007
4748;2007;2495;2007
4676;2007;1634;2007
4524;2007;2279;2007
8526;2007;1912;2007
0628;2007;510;2007
6128;2007;178;2007
1726;2007;995;2007
3563;2007;846;2007
3786;2007;368;2007
8199;2007;2292;2007
7513;2007;542;2007
0044;2007;234;2007
8590;2007;2509;2007
3402;2007;449;2007
0943;2007;178;2007
8006;2007;10349;2007
7998;2007;986;2007
5844;2007;1254;2007
8465;2007;608;2007
2387;2007;3046;2007
0735;2007;869;2007
6098;2007;326;2007
7002;2007;1749;2007
6510;2007;351;2007
8094;2007;1151;2007
5607;2007;1205;2007
9310;2007;380;2007
1807;2007;322;2007
2425;2007;137;2007
0157;2007;8052;2007
8744;2007;452;2007
7929;2007;937;2007
7513;2007;2128;2007
0198;2007;632;2007
4744;2007;206;2007
1593;2007;568;2007
7228;2007;194;2007
4624;2007;1185;2007
8487;2007;268;2007
7827;2007;306;2007
8860;2007;3468;2007
3890;2007;1119;2007
6881;2007;45237;2007
8452;2007;1013;2007
3451;2007;895;2007
4533;2007;2160;2007
5570;2007;140;2007
2001;2007;405;2007
8025;2007;1231;2007
5139;2007;169;2007
1209;2007;7969;2007
5955;2007;237;2007
8608;2007;489;2007
9021;2007;904;2007
6248;2007;3681;2007
5719;2007;663;2007
9876;2007;2860;2007
7819;2007;2211;2007
7338;2007;14921;2007
6006;2007;1708;2007
0096;2007;333;2007
6492;2007;482;2007
0694;2007;743;2007
7415;2007;523;2007
4984;2007;3965;2007
2559;2007;141;2007
1379;2007;1639;2007
7653;2007;2489;2007
5560;2007;401;2007
6095;2007;518;2007
0733;2007;2253;2007
3092;2007;570;2007
6678;2007;643;2007
5025;2007;3950;2007
3909;2007;1502;2007
0974;2007;633;2007
5683;2007;982;2007
0645;2007;3938;2007
1503;2007;2901;2007
1575;2007;1556;2007
5913;2007;551;2007
7503;2007;200;2007
2158;2007;2246;2007
0519;2007;4032;2007
3050;2007;1493;2007
2497;2007;2697;2007
1802;2007;2420;2007
8441;2007;1429;2007
0284;2007;222;2007
8493;2007;1538;2007
6512;2007;889;2007
0230;2007;106;2007
6090;2007;1735;2007
0298;2007;649;2007
5152;2007;2077;2007
2223;2007;2881;2007
6629;2007;143;2007
1400;2007;105;2007
3313;2007;789;2007
7376;2007;1332;2007
0670;2007;788;2007
7187;2007;1201;2007
2355;2007;964;2007
9799;2007;298;2007
3143;2007;2598;2007
7712;2007;214;2007
4752;2007;6355;2007
6768;2007;2568;2007
6653;2007;224;2007
1045;2007;3784;2007
2572;2007;1160;2007
4058;2007;616;2007
5859;2007;1210;2007
3978;2007;8533;2007
6991;2007;401;2007
8731;2007;199;2007
2610;2007;1453;2007
9495;2007;432;2007
4736;2007;1307;2007
6136;2007;1162;2007
2316;2007;1684;2007
6703;2007;3250;2007
2859;2007;2915;2007
9795;2007;2211;2007
0399;2007;3839;2007
5617;2007;2562;2007
6195;2007;5066;2007
3496;2007;1285;2007
2278;2007;3270;2007
8240;2007;3363;2007
9535;2007;4731;2007
1176;2007;2928;2007
5889;2007;4714;2007
1002;2007;13962;2007
7876;2007;1502;2007
7127;2007;842;2007
6640;2007;12373;2007
5476;2007;4344;2007
7952;2007;493;2007
5941;2007;2408;2007
7396;2007;3861;2007
6954;2007;2292;2007
2704;2007;3950;2007
0639;2007;7165;2007
3179;2007;1704;2007
7688;2007;1327;2007
6179;2007;4612;2007
8068;2007;271;2007
8932;2007;1749;2007
1833;2007;1339;2007
6954;2007;2752;2007
2583;2007;2168;2007
6556;2007;356;2007
4193;2007;1235;2007
2020;2007;776;2007
0526;2007;759;2007
5957;2007;8646;2007
4965;2007;2395;2007
3058;2007;2556;2007
1445;2007;2361;2007
8887;2007;1779;2007
6052;2007;134;2007
1349;2007;46565;2007
2384;2007;2162;2007
9135;2007;4504;2007
8946;2007;4204;2007
3308;2007;10539;2007
5859;2007;389;2007
0635;2007;14578;2007
5188;2007;8175;2007
3584;2007;509;2007
1193;2007;3422;2007
0584;2007;2002;2007
7993;2007;2416;2007
6244;2007;4211;2007
7121;2007;39;2007
5135;2007;3581;2007
0149;2007;8389;2007
0882;2007;5956;2007
9960;2007;7057;2007
6963;2007;1188;2007
4959;2007;4677;2007
5630;2007;3844;2007
1969;2007;410;2007
9972;2007;142;2007
7839;2007;1906;2007
1470;2007;1623;2007
6837;2007;942;2007
0983;2007;2167;2007
6353;2007;2274;2007
5698;2007;2111;2007
7003;2007;5810;2007
8249;2007;3142;2007
6175;2007;2895;2007
8617;2007;2200;2007
1969;2007;2301;2007
2862;2007;2920;2007
1085;2007;142;2007
6290;2007;1574;2007
7516;2007;539;2007
9668;2007;1957;2007
7080;2007;205;2007
2464;2007;3259;2007
5977;2007;11319;2007
5679;2007;857;2007
7993;2007;326;2007
1158;2007;2837;2007
8153;2007;2828;2007
6500;2007;2673;2007
6085;2007;305;2007
6049;2007;1871;2007
1986;2007;289;2007
8317;2007;1184;2007
1303;2007;1624;2007
6411;2007;4151;2007
5038;2007;1967;2007
0835;2007;2601;2007
7725;2007;654;2007
7505;2007;2522;2007
7143;2007;3034;2007
6122;2007;14639;2007
0012;2007;1710;2007
6783;2007;2938;2007
3194;2007;1720;2007
9782;2007;4785;2007
0381;2007;2336;2007
0970;2007;912;2007
0980;2007;2273;2007
0680;2007;1934;2007
8695;2007;15201;2007
8023;2007;1921;2007
6998;2007;2847;2007
9356;2007;1212;2007
5317;2007;225;2007
6782;2007;1575;2007
0319;2007;1943;2007
3971;2007;2024;2007
0104;2007;1125;2007
9260;2007;2650;2007
4371;2007;2658;2007
3711;2007;2600;2007
3786;2007;42164;2007
4503;2007;7322;2007
7452;2007;64;2007
2472;2007;1443;2007
8337;2007;3207;2007
2024;2007;1393;2007
4767;2007;3655;2007
3856;2007;480;2007
7302;2007;1578;2007
5209;2007;1963;2007
5791;2007;5600;2007
7829;2007;1981;2007
4968;2007;1803;2007
5250;2007;1462;2007
2653;2007;1611;2007
3749;2007;2606;2007
9657;2007;1780;2007
1484;2007;3583;2007
5565;2007;3489;2007
0529;2007;12840;2007
5310;2007;1923;2007
7459;2007;2066;2007
0123;2007;2090;2007
8189;2007;3401;2007
8206;2007;2994;2007
0688;2007;5822;2007
2567;2007;874;2007
3773;2007;1480;2007
0034;2007;1629;2007
4986;2007;1645;2007
8823;2007;6594;2007
1694;2007;18094;2007
1953;2007;16576;2007
7664;2007;9441;2007
8500;2007;1326;2007
3450;2007;11398;2007
8400;2007;1468;2007
0985;2007;2767;2007
3225;2007;2100;2007
9351;2007;1030;2007
2491;2007;2936;2007
4400;2007;6549;2007
7700;2007;3249;2007
5057;2007;34444;2007
7001;2007;135803;2007
2632;2007;2884;2007
6957;2007;4397;2007
3722;2007;8677;2007
0048;2007;20413;2007
9694;2007;1440;2007
2979;2007;9740;2007
6672;2007;2976;2007
4275;2007;13507;2007
7726;2007;18278;2007
9995;2007;9503;2007
3093;2007;185762;2007
1380;2007;9778;2007
3723;2007;6062;2007
3109;2007;2343;2007
3762;2007;1742;2007
7254;2007;793;2007
6721;2007;2920;2007
0630;2007;1135;2007
9655;2007;1269;2007
0449;2007;3360;2007
6808;2007;14625;2007
2012;2007;5529;2007
9948;2007;59475;2007
4250;2007;3300;2007
6858;2007;9893;2007
6439;2007;14904;2007
6315;2007;3364;2007
7896;2007;6777;2007
4827;2007;1432;2007
3481;2007;9263;2007
8880;2007;3481;2007
9243;2007;5549;2007
9108;2007;2265;2007
8517;2007;988;2007
3117;2007;2273;2007
9213;2007;1448;2007
2596;2007;3285;2007
5577;2007;6302;2007
3549;2007;947;2007
6322;2007;2114;2007
2495;2007;2629;2007
3219;2007;1645;2007
9223;2007;4028;2007
6890;2007;710;2007
1226;2007;1123;2007
9691;2007;3460;2007
4627;2007;1307;2007
4448;2007;2937;2007
5938;2007;2162;2007
0030;2007;2508;2007
5038;2007;5753;2007
8395;2007;1885;2007
8975;2007;1437;2007
6319;2007;2022;2007
7009;2007;1701;2007
2254;2007;2390;2007
8113;2007;3360;2007
6692;2007;2134;2007
1519;2007;3626;2007
9325;2007;2296;2007
6532;2007;7019;2007
4089;2007;849;2007
3653;2007;1850;2007
3028;2007;1407;2007
2468;2007;6602;2007
9491;2007;1356;2007
8878;2007;8898;2007
7004;2007;1266;2007
5057;2007;1137;2007
5378;2007;4657;2007
8427;2007;4735;2007
3367;2007;4579;2007
7892;2007;2301;2007
5345;2007;2361;2007
3959;2007;1482;2007
6586;2007;3182;2007
5725;2007;6958;2007
8328;2007;1012;2007
5926;2007;1318;2007
4369;2007;2701;2007
6462;2007;865;2007
4236;2007;1549;2007
1798;2007;2511;2007
6604;2007;6775;2007
6406;2007;704;2007
2027;2007;1147;2007
5709;2007;33489;2007
3751;2007;829;2007
7735;2007;1828;2007
4549;2007;2074;2007
1815;2007;532;2007
6569;2007;443;2007
5995;2007;2067;2007
6127;2007;289;2007
1563;2007;106;2007
2735;2007;927;2007
4656;2007;533;2007
1003;2007;4873;2007
5046;2007;757;2007
1278;2007;548;2007
5515;2007;1400;2007
8775;2007;275;2007
2233;2007;661;2007
0676;2007;721;2007
9645;2007;1603;2007
4189;2007;1034;2007
5335;2007;5038;2007
2565;2007;183;2007
5227;2007;3524;2007
0681;2007;271;2007
1858;2007;358;2007
6546;2007;628;2007
2573;2007;529;2007
2167;2007;766;2007
8738;2007;4757;2007
5753;2007;1443;2007
7884;2007;118;2007
0084;2007;18239;2007
6091;2007;968;2007
3176;2007;182;2007
6467;2007;434;2007
8976;2007;208;2007
6517;2007;2397;2007
5785;2007;937;2007
2127;2007;7621;2007
2848;2007;269;2007
9219;2007;109;2007
1531;2007;271;2007
5680;2007;635;2007
4114;2007;471;2007
1763;2007;1451;2007
3537;2007;1527;2007
0549;2007;149;2007
0343;2007;2118;2007
1750;2007;427;2007
1483;2007;1219;2007
1708;2007;447;2007
7997;2007;889;2007
4381;2007;905;2007
3719;2007;15994;2007
9194;2007;3241;2007
3658;2007;1172;2007
5656;2007;1610;2007
6720;2007;2674;2007
8796;2007;802;2007
9024;2007;596;2007
1628;2007;2093;2007
3882;2007;282;2007
3804;2007;433;2007
1522;2007;796;2007
6756;2007;1311;2007
7054;2007;1262;2007
4182;2007;169;2007
3614;2007;5055;2007
7687;2007;745;2007
9006;2007;408;2007
6013;2007;253;2007
7344;2007;1707;2007
8894;2007;1257;2007
7344;2007;452;2007
7665;2007;2184;2007
4531;2007;30535;2007
6649;2007;190;2007
3806;2007;1262;2007
7333;2007;6858;2007
3834;2007;261;2007
6245;2007;1745;2007
3048;2007;1637;2007
1899;2007;1178;2007
9893;2007;1947;2007
8504;2007;11698;2007
3026;2007;1874;2007
8768;2007;2971;2007
8974;2007;815;2007
8381;2007;4021;2007
2783;2007;4647;2007
8371;2007;4500;2007
4286;2007;2259;2007
0131;2007;11382;2007
5196;2007;2819;2007
0697;2007;1889;2007
5852;2007;2667;2007
8221;2007;2504;2007
6356;2007;50791;2007
6107;2007;3593;2007
9962;2007;2132;2007
4411;2007;4101;2007
6928;2007;1650;2007
2846;2007;4984;2007
5988;2007;4159;2007
2468;2007;2059;2007
8178;2007;14120;2007
0007;2007;2123;2007
4861;2007;2576;2007
4258;2007;3899;2007
8969;2007;3816;2007
3889;2007;1677;2007
6497;2007;562;2007
4900;2007;1615;2007
1614;2007;1091;2007
1320;2007;2278;2007
4050;2007;3298;2007
1689;2007;5677;2007
3735;2007;1236;2007
8669;2007;2207;2007
8139;2007;864;2007
7449;2007;2187;2007
2050;2007;1460;2007
6730;2007;1094;2007
6500;2007;3767;2007
2849;2007;10356;2007
9804;2007;1119;2007
4109;2007;1563;2007
6349;2007;1355;2007
3230;2007;669;2007
3509;2007;3488;2007
1175;2007;6680;2007
3994;2007;1361;2007
8264;2007;919;2007
1114;2007;1657;2007
5149;2007;376;2007
8295;2007;1375;2007
1870;2007;6914;2007
6655;2007;12478;2007
0416;2007;264;2007
5853;2007;1811;2007
4236;2007;2987;2007
1381;2007;690;2007
0433;2007;5349;2007
3983;2007;9118;2007
2252;2007;8536;2007
2295;2007;4238;2007
6918;2007;1324;2007
8383;2007;9315;2007
7843;2007;5102;2007
7683;2007;163;2007
0203;2007;749;2007
5856;2007;1117;2007
6009;2007;467;2007
7603;2007;562;2007
4751;2007;14526;2007
5293;2007;2906;2007
9328;2007;699;2007
5900;2007;1468;2007
3317;2007;1132;2007
0598;2007;2843;2007
5414;2007;29652;2007
1012;2007;6435;2007
5920;2007;6494;2007
1819;2007;3026;2007
4365;2007;2106;2007
0555;2007;5201;2007
2300;2007;27795;2007
6862;2007;1390;2007
2739;2007;1508;2007
8746;2007;3380;2007
5918;2007;1708;2007
4952;2007;1462;2007
8947;2007;836;2007
0902;2007;5323;2007
3709;2007;6088;2007
4840;2007;3709;2007
6787;2007;2720;2007
8946;2007;11690;2007
0025;2007;1115;2007
3875;2007;3694;2007
4283;2007;1089;2007
