Codice Ripartizione geografica;Codice Regione;Codice Provincia/Uts;Codice Comune (alfanumerico);Codice Comune (numerico);Comune;Comune (dizione straniera);Sigla automobilistica;Capoluogo di Provincia/Uts;Capoluogo di Regione;Popolazione legale;Anno Censimento;Superficie (Kmq);Anno (Superficie);Popolazione residente;Anno (Popolazione residente)
1462;2008;2638;2008
7393;2008;3794;2008
3315;2008;477;2008
7314;2008;1715;2008
3796;2008;699;2008
8756;2008;6309;2008
6261;2008;266;2008
9193;2008;17059;2008
4860;2008;2001;2008
3085;2008;519;2008
8782;2008;888;2008
1668;2008;1022;2008
2172;2008;12040;2008
9605;2008;1353;2008
0859;2008;824;2008
0063;2008;3093;2008
5064;2008;503;2008
4054;2008;3764;2008
7105;2008;107;2008
0289;2008;3387;2008
8027;2008;1591;2008
2029;2008;3150;2008
9864;2008;619;2008
7343;2008;18102;2008
5979;2008;3373;2008
0819;2008;586;2008
2234;2008;2064;2008
3261;2008;13593;2008
9648;2008;560;2008
4189;2008;3692;2008
3712;2008;848;2008
9617;2008;2368;2008
9191;2008;3126;2008
2914;2008;8117;2008
7585;2008;4339;2008
1350;2008;486;2008
9504;2008;486;2008
5701;2008;8437;2008
3592;2008;1712;2008
5838;2008;1523;2008
6868;2008;1405;2008
4760;2008;1284;2008
0643;2008;1517;2008
1004;2008;6562;2008
0973;2008;6534;2008
2312;2008;3526;2008
4925;2008;7459;2008
1314;2008;6296;2008
0864;2008;1383;2008
1317;2008;1311;2008
8499;2008;5631;2008
9505;2008;320;2008
1953;2008;2486;2008
0319;2008;565;2008
4066;2008;2108;2008
5371;2008;1031;2008
2578;2008;760;2008
6894;2008;9102;2008
7149;2008;27857;2008
1250;2008;1843;2008
1726;2008;1478;2008
3137;2008;2841;2008
7115;2008;17780;2008
4732;2008;1756;2008
2796;2008;2124;2008
7063;2008;9922;2008
3756;2008;431;2008
1346;2008;6301;2008
3285;2008;2383;2008
9591;2008;5566;2008
1595;2008;1841;2008
0516;2008;1076;2008
8139;2008;171;2008
7001;2008;898;2008
4478;2008;352;2008
5698;2008;1692;2008
0221;2008;2169;2008
1975;2008;35720;2008
1189;2008;227;2008
7549;2008;975;2008
9165;2008;1690;2008
2378;2008;25108;2008
1638;2008;365;2008
9345;2008;151;2008
1962;2008;399;2008
7329;2008;18636;2008
6872;2008;211;2008
8788;2008;1530;2008
5727;2008;3272;2008
0993;2008;49561;2008
3321;2008;344;2008
5894;2008;615;2008
1131;2008;4666;2008
4914;2008;3402;2008
2384;2008;562;2008
8709;2008;1020;2008
7335;2008;7865;2008
3133;2008;10122;2008
5395;2008;8368;2008
5474;2008;272;2008
8499;2008;5152;2008
8929;2008;2401;2008
4091;2008;572;2008
0415;2008;2760;2008
3457;2008;880;2008
6427;2008;2289;2008
5075;2008;3739;2008
8185;2008;297;2008
9482;2008;1728;2008
1488;2008;2900;2008
4018;2008;559;2008
5108;2008;9546;2008
4442;2008;1310;2008
3833;2008;651;2008
7376;2008;16270;2008
8200;2008;3152;2008
9870;2008;733;2008
0935;2008;197;2008
3296;2008;1060;2008
1321;2008;37395;2008
7506;2008;54;2008
0292;2008;754;2008
7716;2008;388;2008
5042;2008;429;2008
1075;2008;24202;2008
0353;2008;1717;2008
7825;2008;7637;2008
2876;2008;5344;2008
2900;2008;1577;2008
4355;2008;14549;2008
6753;2008;194;2008
9366;2008;2038;2008
3912;2008;468;2008
5162;2008;1687;2008
7158;2008;1645;2008
2096;2008;1079;2008
1914;2008;1085;2008
8835;2008;401;2008
7414;2008;7812;2008
0398;2008;523;2008
2585;2008;572;2008
1404;2008;1244;2008
3129;2008;499;2008
2593;2008;1437;2008
2587;2008;62;2008
0706;2008;4010;2008
6942;2008;758;2008
3424;2008;4174;2008
5439;2008;935;2008
6383;2008;1208;2008
4420;2008;103;2008
0871;2008;861;2008
0825;2008;391;2008
3332;2008;684;2008
6554;2008;399;2008
5288;2008;56328;2008
5007;2008;43;2008
6567;2008;569;2008
4681;2008;963;2008
3567;2008;3532;2008
9036;2008;5470;2008
3896;2008;883;2008
4895;2008;793;2008
5625;2008;48747;2008
0453;2008;182;2008
3531;2008;6834;2008
0743;2008;325;2008
6422;2008;7873;2008
5542;2008;578;2008
3030;2008;1432;2008
2079;2008;22207;2008
1541;2008;827;2008
4885;2008;1136;2008
5770;2008;852;2008
7857;2008;3159;2008
4058;2008;1206;2008
0819;2008;855;2008
8878;2008;1943;2008
6886;2008;478;2008
4056;2008;1104;2008
5400;2008;3852;2008
5680;2008;233;2008
1730;2008;3835;2008
0906;2008;3478;2008
7080;2008;575;2008
1830;2008;763;2008
0041;2008;786;2008
3498;2008;618;2008
4634;2008;13541;2008
7183;2008;3062;2008
3376;2008;34919;2008
8196;2008;8498;2008
6488;2008;3620;2008
1459;2008;17984;2008
9034;2008;3357;2008
0343;2008;1375;2008
6186;2008;10090;2008
5611;2008;1146;2008
0609;2008;3834;2008
4476;2008;1064;2008
2017;2008;727;2008
6092;2008;277;2008
8455;2008;1923;2008
4785;2008;250;2008
5052;2008;1273;2008
2419;2008;814;2008
8803;2008;599;2008
0380;2008;331;2008
9559;2008;368;2008
7868;2008;1065;2008
6658;2008;1655;2008
6002;2008;81;2008
8334;2008;1087;2008
1075;2008;18893;2008
8318;2008;3968;2008
5714;2008;2727;2008
2461;2008;12329;2008
8733;2008;1662;2008
4998;2008;49176;2008
5756;2008;3047;2008
1912;2008;1798;2008
7039;2008;2066;2008
2107;2008;2973;2008
2664;2008;322;2008
6877;2008;1798;2008
4075;2008;280;2008
3732;2008;930;2008
0650;2008;4512;2008
9371;2008;2420;2008
1002;2008;780;2008
9519;2008;1783;2008
3197;2008;569;2008
1034;2008;541;2008
8859;2008;80;2008
4329;2008;1626;2008
2318;2008;5561;2008
9070;2008;3855;2008
3809;2008;379;2008
3037;2008;581;2008
9796;2008;4762;2008
6513;2008;3778;2008
8617;2008;1816;2008
8866;2008;2947;2008
4049;2008;2673;2008
7219;2008;1069;2008
6132;2008;3352;2008
7933;2008;858;2008
3442;2008;9009;2008
5517;2008;19248;2008
4446;2008;1480;2008
1243;2008;288;2008
1520;2008;3041;2008
5766;2008;1906;2008
5719;2008;3542;2008
3682;2008;4828;2008
7945;2008;4313;2008
1984;2008;10531;2008
2772;2008;232;2008
3112;2008;1164;2008
6768;2008;3365;2008
0308;2008;788;2008
3557;2008;1512;2008
9158;2008;884;2008
0578;2008;537;2008
3659;2008;47079;2008
2590;2008;1532;2008
6785;2008;1151;2008
2140;2008;270;2008
4686;2008;6320;2008
9879;2008;6751;2008
6751;2008;798;2008
0095;2008;887394;2008
8238;2008;2606;2008
4545;2008;592;2008
0981;2008;4586;2008
4059;2008;3831;2008
2448;2008;143;2008
3592;2008;349;2008
4544;2008;566;2008
3475;2008;11120;2008
9669;2008;181;2008
5375;2008;233;2008
2292;2008;1506;2008
5252;2008;3831;2008
1200;2008;936;2008
0792;2008;758;2008
9094;2008;3172;2008
8469;2008;115;2008
5579;2008;844;2008
0927;2008;1551;2008
1435;2008;970;2008
4424;2008;34288;2008
4882;2008;4906;2008
9431;2008;1450;2008
0690;2008;858;2008
6454;2008;251;2008
9337;2008;904;2008
9677;2008;535;2008
1543;2008;5324;2008
7854;2008;4829;2008
0306;2008;1037;2008
4088;2008;3169;2008
7080;2008;3041;2008
4091;2008;1010;2008
6868;2008;2043;2008
2927;2008;1175;2008
4228;2008;4205;2008
8767;2008;4825;2008
6940;2008;13741;2008
0574;2008;1200;2008
0748;2008;1345;2008
6817;2008;548;2008
1119;2008;1166;2008
4629;2008;14644;2008
9827;2008;8681;2008
0366;2008;424;2008
7804;2008;345;2008
5650;2008;2646;2008
3101;2008;966;2008
3156;2008;1396;2008
7885;2008;103;2008
8079;2008;296;2008
8058;2008;2102;2008
8706;2008;239;2008
5707;2008;2638;2008
0901;2008;13324;2008
2949;2008;2361;2008
2305;2008;186;2008
0776;2008;969;2008
1364;2008;237;2008
8004;2008;80;2008
1088;2008;1084;2008
0330;2008;1170;2008
1062;2008;931;2008
2050;2008;266;2008
6044;2008;340;2008
0488;2008;870;2008
5380;2008;53;2008
3078;2008;4608;2008
3878;2008;276;2008
2234;2008;131;2008
9676;2008;817;2008
8563;2008;290;2008
2233;2008;8111;2008
0162;2008;420;2008
4768;2008;1113;2008
1403;2008;236;2008
2424;2008;1225;2008
7629;2008;578;2008
6659;2008;8361;2008
5030;2008;890;2008
8817;2008;385;2008
0875;2008;342;2008
6440;2008;539;2008
9701;2008;921;2008
5740;2008;557;2008
0280;2008;4513;2008
6672;2008;819;2008
9178;2008;107;2008
1818;2008;1505;2008
7139;2008;877;2008
5035;2008;713;2008
5270;2008;243;2008
9396;2008;1320;2008
2949;2008;332;2008
3506;2008;1285;2008
6903;2008;140;2008
5976;2008;197;2008
1781;2008;576;2008
5389;2008;646;2008
1561;2008;4274;2008
8910;2008;444;2008
2700;2008;84;2008
0226;2008;63;2008
3032;2008;129;2008
2702;2008;130;2008
1298;2008;255;2008
4089;2008;472;2008
9160;2008;2480;2008
4754;2008;607;2008
8379;2008;190;2008
2681;2008;987;2008
8536;2008;64;2008
1875;2008;256;2008
7766;2008;119;2008
5981;2008;4147;2008
6327;2008;1813;2008
1294;2008;9034;2008
5335;2008;407;2008
2544;2008;426;2008
9053;2008;5124;2008
3140;2008;1261;2008
2491;2008;642;2008
6054;2008;7650;2008
7508;2008;3594;2008
4259;2008;2184;2008
1193;2008;7524;2008
7747;2008;45910;2008
5109;2008;494;2008
5822;2008;1620;2008
2573;2008;163;2008
5364;2008;1509;2008
9965;2008;902;2008
5153;2008;2295;2008
1699;2008;14497;2008
4928;2008;905;2008
1786;2008;9104;2008
4536;2008;1145;2008
6080;2008;1265;2008
5097;2008;1259;2008
3043;2008;1121;2008
0912;2008;1998;2008
2699;2008;21193;2008
3928;2008;4712;2008
7479;2008;2999;2008
7562;2008;1213;2008
3214;2008;2537;2008
9857;2008;10767;2008
6557;2008;2589;2008
0407;2008;1052;2008
5310;2008;925;2008
4909;2008;1543;2008
4849;2008;893;2008
7918;2008;323;2008
6412;2008;9895;2008
4855;2008;433;2008
8335;2008;1314;2008
3261;2008;1279;2008
6390;2008;6819;2008
1618;2008;507;2008
4493;2008;1189;2008
1035;2008;1543;2008
5068;2008;2485;2008
0977;2008;1432;2008
2522;2008;2692;2008
2146;2008;2083;2008
1702;2008;2720;2008
3693;2008;14900;2008
0493;2008;1316;2008
7542;2008;1843;2008
2884;2008;3372;2008
6442;2008;3674;2008
5821;2008;5799;2008
5183;2008;1396;2008
3337;2008;4869;2008
3718;2008;4288;2008
2834;2008;596;2008
5806;2008;2328;2008
6587;2008;1801;2008
8541;2008;260;2008
7880;2008;1565;2008
8639;2008;1170;2008
5349;2008;2559;2008
7187;2008;1109;2008
5211;2008;921;2008
5907;2008;2637;2008
2650;2008;1831;2008
3421;2008;778;2008
0495;2008;102273;2008
7944;2008;13151;2008
9351;2008;1962;2008
6500;2008;1153;2008
2271;2008;1965;2008
1018;2008;1086;2008
0713;2008;1353;2008
7660;2008;809;2008
8653;2008;1558;2008
2965;2008;2072;2008
1260;2008;2023;2008
8526;2008;916;2008
9764;2008;4053;2008
6909;2008;5122;2008
5426;2008;3167;2008
4512;2008;722;2008
8991;2008;1920;2008
5352;2008;590;2008
7543;2008;1494;2008
3719;2008;764;2008
9139;2008;1024;2008
3271;2008;2793;2008
4631;2008;505;2008
2378;2008;878;2008
2233;2008;19452;2008
0122;2008;1051;2008
5929;2008;4952;2008
8717;2008;1805;2008
7788;2008;2089;2008
2939;2008;901;2008
4632;2008;626;2008
5276;2008;175;2008
9173;2008;256;2008
5855;2008;30755;2008
5899;2008;256;2008
4547;2008;125;2008
2591;2008;90;2008
9174;2008;193;2008
9487;2008;1054;2008
2505;2008;5941;2008
3257;2008;1117;2008
7637;2008;679;2008
9923;2008;7738;2008
6892;2008;743;2008
0005;2008;662;2008
1195;2008;257;2008
6865;2008;3013;2008
0700;2008;158;2008
0030;2008;392;2008
0657;2008;3656;2008
4389;2008;489;2008
1118;2008;73;2008
7956;2008;3551;2008
2409;2008;130;2008
4778;2008;391;2008
3396;2008;12109;2008
5405;2008;203;2008
5453;2008;704;2008
9483;2008;9883;2008
5298;2008;29331;2008
2376;2008;317;2008
1797;2008;54;2008
1240;2008;332;2008
0639;2008;1131;2008
8440;2008;9909;2008
6378;2008;683;2008
6114;2008;219;2008
8655;2008;5695;2008
4476;2008;82;2008
5011;2008;126;2008
7246;2008;6787;2008
3287;2008;3002;2008
3047;2008;1166;2008
8380;2008;4391;2008
4192;2008;194;2008
8066;2008;1427;2008
1148;2008;2079;2008
9513;2008;178;2008
3404;2008;303;2008
1301;2008;1278;2008
8576;2008;383;2008
8028;2008;918;2008
5178;2008;344;2008
3070;2008;91;2008
2617;2008;134;2008
7202;2008;715;2008
6345;2008;873;2008
5227;2008;519;2008
4378;2008;680;2008
5946;2008;5461;2008
1052;2008;116;2008
4856;2008;6661;2008
0496;2008;2157;2008
1423;2008;474;2008
2414;2008;4678;2008
5961;2008;2095;2008
0744;2008;5869;2008
5350;2008;8294;2008
0188;2008;3801;2008
1219;2008;191;2008
9034;2008;92;2008
1508;2008;874;2008
0879;2008;2077;2008
9874;2008;2502;2008
5398;2008;1054;2008
3423;2008;3300;2008
1183;2008;386;2008
0529;2008;182;2008
6705;2008;54265;2008
3063;2008;2052;2008
5432;2008;3350;2008
6134;2008;4859;2008
9575;2008;7321;2008
2196;2008;103;2008
7314;2008;852;2008
9305;2008;2018;2008
5112;2008;1746;2008
0300;2008;485;2008
6666;2008;356;2008
2369;2008;24561;2008
1437;2008;824;2008
6433;2008;1526;2008
0106;2008;280;2008
9691;2008;557;2008
7412;2008;383;2008
2876;2008;3433;2008
7224;2008;2468;2008
9699;2008;355;2008
6768;2008;186;2008
9107;2008;2068;2008
8082;2008;1824;2008
4457;2008;3286;2008
4042;2008;80;2008
0629;2008;85;2008
7124;2008;1371;2008
1690;2008;2754;2008
8291;2008;514;2008
2005;2008;784;2008
2539;2008;857;2008
7390;2008;245;2008
8104;2008;1532;2008
2287;2008;229;2008
6562;2008;72;2008
5000;2008;1917;2008
2204;2008;2202;2008
0310;2008;1310;2008
7344;2008;3569;2008
9869;2008;2954;2008
3762;2008;1400;2008
1258;2008;84;2008
0258;2008;294;2008
2806;2008;769;2008
9056;2008;323;2008
0682;2008;267;2008
5111;2008;282;2008
4335;2008;624;2008
4386;2008;1340;2008
6796;2008;117;2008
9114;2008;1272;2008
9903;2008;594;2008
9818;2008;22304;2008
9330;2008;760;2008
2745;2008;2050;2008
8203;2008;4646;2008
5843;2008;591;2008
8403;2008;888;2008
6271;2008;720;2008
4303;2008;531;2008
1041;2008;226;2008
2211;2008;539;2008
6999;2008;1670;2008
9363;2008;270;2008
2358;2008;2163;2008
9934;2008;4312;2008
1919;2008;2074;2008
6758;2008;859;2008
3282;2008;967;2008
1826;2008;3514;2008
3029;2008;3276;2008
9261;2008;429;2008
5183;2008;415;2008
7070;2008;1047;2008
7055;2008;1043;2008
8083;2008;439;2008
3592;2008;91;2008
4950;2008;1836;2008
0873;2008;79;2008
2693;2008;2916;2008
6797;2008;586;2008
4039;2008;360;2008
4249;2008;237;2008
8932;2008;306;2008
2140;2008;126;2008
9187;2008;5459;2008
5693;2008;353;2008
3102;2008;2157;2008
6214;2008;2838;2008
1856;2008;97;2008
0347;2008;1245;2008
3043;2008;1018;2008
4774;2008;3123;2008
3146;2008;1217;2008
9229;2008;204;2008
2934;2008;274;2008
3851;2008;194;2008
0088;2008;503;2008
0306;2008;1969;2008
3739;2008;759;2008
3615;2008;498;2008
0562;2008;10045;2008
4700;2008;4251;2008
8436;2008;1082;2008
3520;2008;146;2008
8367;2008;170;2008
4212;2008;82;2008
0038;2008;2441;2008
8104;2008;548;2008
2988;2008;1535;2008
0152;2008;150;2008
4025;2008;1680;2008
6108;2008;2173;2008
2407;2008;722;2008
1492;2008;2855;2008
5076;2008;192;2008
3531;2008;1574;2008
5849;2008;400;2008
9004;2008;991;2008
9166;2008;977;2008
5091;2008;347;2008
5052;2008;527;2008
0742;2008;185;2008
3254;2008;1416;2008
6960;2008;760;2008
5902;2008;16742;2008
1392;2008;81;2008
9069;2008;1113;2008
8454;2008;191;2008
2618;2008;462;2008
5040;2008;2808;2008
7088;2008;2645;2008
1069;2008;2076;2008
4544;2008;2362;2008
0758;2008;2671;2008
5721;2008;4106;2008
1142;2008;1442;2008
7876;2008;20775;2008
3878;2008;220;2008
4979;2008;2029;2008
3908;2008;531;2008
8995;2008;344;2008
6012;2008;524;2008
6848;2008;381;2008
4155;2008;6326;2008
0935;2008;2828;2008
0956;2008;112;2008
2013;2008;2059;2008
1829;2008;225;2008
6453;2008;507;2008
3901;2008;726;2008
8226;2008;70;2008
5956;2008;793;2008
5253;2008;352;2008
1439;2008;2123;2008
3126;2008;991;2008
1017;2008;797;2008
9559;2008;146;2008
9200;2008;73;2008
4094;2008;1579;2008
1540;2008;531;2008
0563;2008;1267;2008
1320;2008;6372;2008
0688;2008;2144;2008
7363;2008;3212;2008
9415;2008;2316;2008
7324;2008;2875;2008
3523;2008;5743;2008
7884;2008;803;2008
4958;2008;1481;2008
1692;2008;712;2008
0672;2008;439;2008
0900;2008;553;2008
4484;2008;1715;2008
5399;2008;556;2008
8608;2008;993;2008
4124;2008;625;2008
3734;2008;73860;2008
4341;2008;423;2008
0660;2008;1052;2008
2796;2008;342;2008
3430;2008;444;2008
9008;2008;366;2008
7621;2008;917;2008
1608;2008;2502;2008
7884;2008;1740;2008
2931;2008;1421;2008
7149;2008;1325;2008
8923;2008;512;2008
4326;2008;10549;2008
7214;2008;990;2008
0565;2008;295;2008
6480;2008;675;2008
8391;2008;660;2008
5648;2008;3825;2008
3374;2008;1341;2008
8622;2008;664;2008
0881;2008;2814;2008
2882;2008;298;2008
0662;2008;184;2008
1785;2008;1927;2008
5499;2008;911;2008
2039;2008;795;2008
6068;2008;3235;2008
6273;2008;396;2008
8477;2008;724;2008
5928;2008;472;2008
9383;2008;259;2008
6529;2008;645;2008
7779;2008;406;2008
4170;2008;235;2008
5045;2008;477;2008
7326;2008;1310;2008
0489;2008;314;2008
5226;2008;1652;2008
0824;2008;243;2008
0231;2008;306;2008
4766;2008;294;2008
3333;2008;678;2008
4254;2008;613;2008
3986;2008;516;2008
9433;2008;5997;2008
7086;2008;532;2008
9251;2008;987;2008
9270;2008;1634;2008
1300;2008;570;2008
2168;2008;765;2008
8846;2008;606;2008
4721;2008;642;2008
7037;2008;2236;2008
5026;2008;2184;2008
8219;2008;353;2008
3739;2008;339;2008
9251;2008;403;2008
1551;2008;456;2008
4357;2008;235;2008
3971;2008;1146;2008
2321;2008;2417;2008
1103;2008;1050;2008
2057;2008;1021;2008
4210;2008;3325;2008
3291;2008;900;2008
8550;2008;993;2008
5373;2008;374;2008
4969;2008;1000;2008
6348;2008;779;2008
1408;2008;1455;2008
4191;2008;2241;2008
1185;2008;1217;2008
4053;2008;222;2008
3631;2008;10358;2008
6170;2008;95;2008
0260;2008;458;2008
5630;2008;550;2008
0013;2008;634;2008
0820;2008;243;2008
0690;2008;725;2008
0036;2008;1994;2008
8582;2008;212;2008
0961;2008;1690;2008
7729;2008;845;2008
4172;2008;388;2008
1805;2008;534;2008
5631;2008;945;2008
5057;2008;470;2008
8377;2008;379;2008
9109;2008;1478;2008
8656;2008;8541;2008
1477;2008;122;2008
2094;2008;740;2008
6838;2008;1079;2008
8691;2008;1218;2008
3426;2008;630;2008
3277;2008;151;2008
4471;2008;294;2008
6804;2008;561;2008
2800;2008;162;2008
1173;2008;1721;2008
8030;2008;921;2008
5952;2008;212;2008
7599;2008;286;2008
0383;2008;2463;2008
1655;2008;720;2008
9754;2008;277;2008
7135;2008;982;2008
6530;2008;868;2008
8798;2008;3196;2008
9480;2008;5599;2008
1268;2008;419;2008
2863;2008;670;2008
8624;2008;1731;2008
2967;2008;20071;2008
2298;2008;326;2008
5659;2008;90716;2008
1455;2008;794;2008
2135;2008;780;2008
1382;2008;1028;2008
3280;2008;504;2008
1269;2008;398;2008
6715;2008;6002;2008
2375;2008;308;2008
6197;2008;1431;2008
0526;2008;2070;2008
7128;2008;1769;2008
3258;2008;472;2008
4397;2008;796;2008
8874;2008;162;2008
5936;2008;1909;2008
3977;2008;2044;2008
6034;2008;617;2008
7230;2008;1426;2008
5297;2008;2582;2008
6136;2008;1246;2008
0235;2008;350;2008
5293;2008;485;2008
6326;2008;568;2008
2493;2008;533;2008
4376;2008;809;2008
0619;2008;554;2008
4663;2008;1910;2008
0526;2008;1093;2008
7892;2008;343;2008
4833;2008;416;2008
3394;2008;966;2008
2551;2008;102;2008
0154;2008;494;2008
3413;2008;792;2008
1637;2008;1283;2008
0104;2008;401;2008
2099;2008;35339;2008
9850;2008;968;2008
0373;2008;139;2008
8466;2008;1872;2008
0925;2008;3062;2008
7721;2008;951;2008
2089;2008;87;2008
4827;2008;407;2008
1282;2008;4653;2008
6600;2008;161;2008
9770;2008;2114;2008
5844;2008;504;2008
5776;2008;1566;2008
1106;2008;713;2008
4214;2008;5527;2008
4873;2008;429;2008
4466;2008;306;2008
5524;2008;540;2008
4427;2008;471;2008
7470;2008;324;2008
3008;2008;1567;2008
3002;2008;468;2008
6117;2008;1045;2008
8996;2008;381;2008
3874;2008;1068;2008
2191;2008;354;2008
4621;2008;205;2008
2762;2008;229;2008
8547;2008;739;2008
0138;2008;2440;2008
6148;2008;370;2008
7515;2008;496;2008
2861;2008;477;2008
4310;2008;577;2008
5649;2008;1458;2008
9336;2008;752;2008
0573;2008;2027;2008
5332;2008;1686;2008
7684;2008;1238;2008
1542;2008;839;2008
7165;2008;737;2008
2797;2008;173;2008
5214;2008;4623;2008
4494;2008;699;2008
3863;2008;357;2008
0802;2008;296;2008
9428;2008;556;2008
8021;2008;322;2008
5485;2008;774;2008
5358;2008;878;2008
8759;2008;1208;2008
0350;2008;101;2008
2319;2008;1523;2008
7375;2008;1302;2008
1998;2008;194;2008
2357;2008;1386;2008
5040;2008;2288;2008
7527;2008;690;2008
6941;2008;1139;2008
5408;2008;228;2008
5184;2008;241;2008
0326;2008;188;2008
6176;2008;617;2008
7473;2008;325;2008
3756;2008;314;2008
7241;2008;710;2008
4867;2008;353;2008
5982;2008;607;2008
4513;2008;352;2008
8515;2008;380;2008
7049;2008;1529;2008
9523;2008;436;2008
2197;2008;723;2008
2943;2008;722;2008
3104;2008;1522;2008
1948;2008;28100;2008
4629;2008;1381;2008
4278;2008;534;2008
5707;2008;265;2008
6908;2008;141;2008
0996;2008;420;2008
5434;2008;724;2008
3723;2008;11832;2008
3665;2008;1311;2008
1834;2008;1532;2008
4198;2008;248;2008
7376;2008;626;2008
5365;2008;785;2008
2811;2008;1171;2008
4645;2008;1275;2008
9973;2008;928;2008
6455;2008;822;2008
4427;2008;394;2008
7049;2008;3922;2008
9177;2008;1499;2008
9679;2008;660;2008
6495;2008;383;2008
0281;2008;1129;2008
0840;2008;378;2008
1766;2008;4926;2008
9724;2008;558;2008
0071;2008;2087;2008
1651;2008;1421;2008
7338;2008;1719;2008
5153;2008;679;2008
0516;2008;1455;2008
0734;2008;392;2008
5887;2008;166;2008
4612;2008;1537;2008
1543;2008;213;2008
2799;2008;1714;2008
5754;2008;403;2008
9156;2008;4227;2008
5706;2008;614;2008
1156;2008;1316;2008
6916;2008;4540;2008
8925;2008;607;2008
7065;2008;471;2008
7430;2008;454;2008
8532;2008;1197;2008
8426;2008;621;2008
9488;2008;6227;2008
3194;2008;1266;2008
1681;2008;1964;2008
5538;2008;1688;2008
9533;2008;237;2008
8545;2008;1157;2008
9542;2008;350;2008
9132;2008;2391;2008
2889;2008;2027;2008
2111;2008;1565;2008
0350;2008;594;2008
2664;2008;874;2008
7960;2008;890;2008
0894;2008;1442;2008
8666;2008;26528;2008
6032;2008;285;2008
2192;2008;688;2008
3854;2008;20121;2008
2934;2008;1112;2008
7258;2008;1097;2008
6455;2008;2251;2008
3073;2008;3206;2008
6091;2008;523;2008
4744;2008;1008;2008
8689;2008;354;2008
5563;2008;1868;2008
0672;2008;749;2008
5618;2008;1260;2008
4829;2008;1209;2008
2458;2008;166;2008
1827;2008;770;2008
9640;2008;262;2008
8080;2008;605;2008
3923;2008;34454;2008
8405;2008;1317;2008
3596;2008;899;2008
6166;2008;416;2008
4208;2008;1351;2008
2436;2008;2012;2008
0314;2008;143;2008
0905;2008;241;2008
5133;2008;970;2008
2621;2008;860;2008
9864;2008;738;2008
1589;2008;627;2008
5415;2008;966;2008
5283;2008;87;2008
7924;2008;688;2008
4401;2008;403;2008
8619;2008;2467;2008
6811;2008;4846;2008
0426;2008;1493;2008
6059;2008;2918;2008
9801;2008;2700;2008
2542;2008;460;2008
2330;2008;213;2008
5692;2008;490;2008
1159;2008;1732;2008
7128;2008;455;2008
1716;2008;473;2008
9833;2008;1530;2008
3034;2008;3195;2008
5174;2008;303;2008
6500;2008;810;2008
6384;2008;1178;2008
0381;2008;619;2008
3781;2008;406;2008
6103;2008;1409;2008
0120;2008;638;2008
9365;2008;228;2008
9427;2008;1967;2008
6666;2008;768;2008
5491;2008;481;2008
7597;2008;1858;2008
6277;2008;2000;2008
3544;2008;2888;2008
4825;2008;160;2008
5598;2008;219;2008
2673;2008;474;2008
3295;2008;1492;2008
5619;2008;195;2008
7533;2008;826;2008
9214;2008;3983;2008
4018;2008;968;2008
0520;2008;3654;2008
8306;2008;121;2008
3385;2008;210;2008
6410;2008;1031;2008
7364;2008;3336;2008
3872;2008;377;2008
3858;2008;1260;2008
4576;2008;343;2008
4207;2008;220;2008
1772;2008;2943;2008
8769;2008;370;2008
5721;2008;4830;2008
2810;2008;4805;2008
4629;2008;527;2008
4757;2008;186;2008
4468;2008;634;2008
2147;2008;194;2008
1501;2008;2234;2008
3546;2008;1351;2008
3607;2008;2738;2008
7980;2008;1270;2008
6268;2008;488;2008
9364;2008;594;2008
0628;2008;180;2008
0925;2008;120;2008
1429;2008;348;2008
1000;2008;1228;2008
3196;2008;322;2008
6456;2008;10600;2008
9399;2008;477;2008
4357;2008;874;2008
9447;2008;5443;2008
4709;2008;313;2008
2910;2008;160;2008
8605;2008;1188;2008
9282;2008;348;2008
7924;2008;1297;2008
5850;2008;1115;2008
8569;2008;289;2008
5068;2008;615;2008
0919;2008;540;2008
3931;2008;1320;2008
8809;2008;606;2008
5548;2008;266;2008
5190;2008;808;2008
3343;2008;680;2008
1136;2008;2167;2008
6729;2008;6168;2008
9118;2008;1112;2008
2846;2008;2049;2008
7953;2008;1435;2008
3823;2008;41463;2008
3465;2008;701;2008
8968;2008;288;2008
6911;2008;214;2008
0473;2008;670;2008
7127;2008;357;2008
0261;2008;137;2008
8375;2008;260;2008
4462;2008;3530;2008
2994;2008;922;2008
2246;2008;573;2008
5045;2008;1442;2008
2304;2008;913;2008
3802;2008;875;2008
3127;2008;2335;2008
2099;2008;606;2008
8026;2008;509;2008
8563;2008;574;2008
3683;2008;380;2008
0712;2008;2869;2008
2848;2008;270;2008
8532;2008;3129;2008
3071;2008;1260;2008
2886;2008;1387;2008
9578;2008;54355;2008
6886;2008;2299;2008
8705;2008;311;2008
4660;2008;896;2008
3583;2008;13821;2008
9254;2008;223;2008
6060;2008;413;2008
8808;2008;1281;2008
6815;2008;7198;2008
1513;2008;431;2008
7256;2008;24757;2008
4645;2008;295;2008
5157;2008;469;2008
2440;2008;11067;2008
5752;2008;23648;2008
2458;2008;5594;2008
6771;2008;10669;2008
2966;2008;2152;2008
7987;2008;7480;2008
0930;2008;634;2008
2733;2008;594;2008
7924;2008;694;2008
6899;2008;1196;2008
3521;2008;2371;2008
3910;2008;5271;2008
7326;2008;2322;2008
4709;2008;444;2008
4026;2008;13599;2008
6034;2008;1641;2008
7456;2008;1602;2008
4005;2008;5677;2008
4707;2008;826;2008
7042;2008;312;2008
1432;2008;189;2008
5606;2008;5436;2008
9617;2008;3688;2008
1527;2008;5866;2008
2726;2008;1857;2008
4065;2008;1087;2008
8152;2008;2018;2008
7277;2008;260;2008
5253;2008;11829;2008
0314;2008;1207;2008
2237;2008;949;2008
7021;2008;465;2008
7242;2008;1913;2008
4313;2008;11483;2008
5718;2008;829;2008
7301;2008;1291;2008
8506;2008;136;2008
9575;2008;3417;2008
2979;2008;556;2008
2226;2008;873;2008
1779;2008;233;2008
6683;2008;2889;2008
1897;2008;232;2008
3129;2008;891;2008
4541;2008;1532;2008
1735;2008;485;2008
3321;2008;976;2008
4461;2008;872;2008
8780;2008;8928;2008
6453;2008;636;2008
9456;2008;868;2008
9184;2008;7303;2008
5972;2008;570;2008
7067;2008;733;2008
6560;2008;1893;2008
2710;2008;61097;2008
0198;2008;3950;2008
6807;2008;3084;2008
8062;2008;854;2008
2868;2008;207;2008
9651;2008;2546;2008
4468;2008;2480;2008
1688;2008;795;2008
7846;2008;8280;2008
9616;2008;13595;2008
9151;2008;423;2008
7617;2008;819;2008
8914;2008;2381;2008
8072;2008;368;2008
2972;2008;11622;2008
9322;2008;2376;2008
2766;2008;2790;2008
4242;2008;4585;2008
5133;2008;2136;2008
0618;2008;5911;2008
0653;2008;5614;2008
7402;2008;3069;2008
9059;2008;7424;2008
4580;2008;3554;2008
8222;2008;6593;2008
0656;2008;3323;2008
7499;2008;1665;2008
6951;2008;4002;2008
2310;2008;27387;2008
2837;2008;2604;2008
7229;2008;9138;2008
0821;2008;5560;2008
0024;2008;275;2008
7249;2008;575;2008
5252;2008;1960;2008
2539;2008;110;2008
6165;2008;510;2008
1627;2008;299;2008
9072;2008;598438;2008
8714;2008;130;2008
9693;2008;1556;2008
8763;2008;12930;2008
7100;2008;2264;2008
7183;2008;517;2008
5078;2008;1583;2008
4412;2008;3877;2008
9341;2008;2688;2008
6498;2008;1585;2008
2743;2008;3730;2008
2716;2008;2643;2008
6107;2008;2849;2008
6787;2008;237;2008
7247;2008;2089;2008
5215;2008;2344;2008
2369;2008;1025;2008
9885;2008;607;2008
5565;2008;2578;2008
5311;2008;494;2008
9310;2008;172;2008
6136;2008;29764;2008
7715;2008;10208;2008
7189;2008;1172;2008
1128;2008;4616;2008
8080;2008;88;2008
5932;2008;2956;2008
0827;2008;582;2008
5747;2008;2651;2008
0448;2008;10102;2008
9016;2008;5913;2008
7704;2008;1234;2008
7441;2008;3206;2008
2045;2008;7989;2008
6163;2008;18484;2008
0661;2008;4330;2008
5371;2008;631;2008
0146;2008;2401;2008
1384;2008;617;2008
6331;2008;2402;2008
6706;2008;802;2008
4259;2008;455;2008
7940;2008;2555;2008
1733;2008;4592;2008
5379;2008;10223;2008
9450;2008;2398;2008
5662;2008;7677;2008
1896;2008;1003;2008
3368;2008;1021;2008
9014;2008;1257;2008
7545;2008;1218;2008
7916;2008;624;2008
8633;2008;512;2008
0171;2008;8259;2008
0856;2008;1479;2008
2703;2008;6173;2008
2599;2008;726;2008
3922;2008;93385;2008
0078;2008;10590;2008
8140;2008;5557;2008
4273;2008;706;2008
9431;2008;1533;2008
8558;2008;8506;2008
7461;2008;648;2008
1382;2008;3873;2008
7633;2008;3486;2008
2664;2008;1694;2008
6636;2008;847;2008
8524;2008;8524;2008
5146;2008;21441;2008
7759;2008;1506;2008
5883;2008;2165;2008
2985;2008;1009;2008
3713;2008;7419;2008
7008;2008;550;2008
7953;2008;416;2008
8821;2008;5077;2008
7261;2008;5631;2008
1519;2008;9784;2008
5059;2008;4769;2008
5062;2008;4379;2008
1722;2008;793;2008
9232;2008;1756;2008
5157;2008;1532;2008
5636;2008;637;2008
4320;2008;2525;2008
4769;2008;5336;2008
0169;2008;8962;2008
5653;2008;3273;2008
0300;2008;4206;2008
0382;2008;2029;2008
8461;2008;3350;2008
2924;2008;776;2008
1820;2008;1766;2008
9547;2008;1109;2008
3508;2008;884;2008
1189;2008;1232;2008
6200;2008;1071;2008
9058;2008;1123;2008
5128;2008;3108;2008
6598;2008;79843;2008
2718;2008;1787;2008
7280;2008;1706;2008
2635;2008;7755;2008
1414;2008;4607;2008
1269;2008;2635;2008
4234;2008;13876;2008
2131;2008;6272;2008
4002;2008;14951;2008
7494;2008;4902;2008
5879;2008;2647;2008
3228;2008;1332;2008
0381;2008;3914;2008
9092;2008;5674;2008
3442;2008;21221;2008
9547;2008;669;2008
9300;2008;14345;2008
9821;2008;575;2008
7509;2008;1278;2008
7907;2008;2039;2008
9003;2008;7851;2008
7590;2008;5324;2008
3176;2008;5459;2008
0035;2008;831;2008
1336;2008;9817;2008
1074;2008;3977;2008
9838;2008;1926;2008
8440;2008;4642;2008
6874;2008;1166;2008
5554;2008;2641;2008
5510;2008;789;2008
4407;2008;594;2008
1837;2008;3470;2008
5438;2008;3063;2008
0591;2008;2826;2008
8543;2008;193;2008
5272;2008;3349;2008
9590;2008;1619;2008
0684;2008;2995;2008
3987;2008;1403;2008
4905;2008;159;2008
6809;2008;11685;2008
6579;2008;6777;2008
5265;2008;707;2008
9787;2008;50000;2008
2312;2008;950;2008
9434;2008;9282;2008
8643;2008;4631;2008
6747;2008;2813;2008
7868;2008;10016;2008
6600;2008;3652;2008
4363;2008;2555;2008
1580;2008;5062;2008
4806;2008;8215;2008
6957;2008;2136;2008
0456;2008;1288;2008
4338;2008;1041;2008
3478;2008;10259;2008
9097;2008;5010;2008
8742;2008;5034;2008
4421;2008;5446;2008
5306;2008;9015;2008
1698;2008;3495;2008
8367;2008;4821;2008
2406;2008;11968;2008
7041;2008;1272;2008
0057;2008;14241;2008
0683;2008;1299;2008
2782;2008;1973;2008
7726;2008;1321;2008
0116;2008;16249;2008
4904;2008;3375;2008
8464;2008;6810;2008
8580;2008;310;2008
8082;2008;291;2008
4816;2008;1816;2008
8832;2008;1438;2008
1012;2008;1383;2008
5105;2008;1923;2008
6025;2008;4350;2008
2356;2008;4797;2008
7451;2008;4381;2008
2065;2008;11932;2008
9147;2008;7149;2008
7246;2008;852;2008
5175;2008;708;2008
4711;2008;224;2008
3374;2008;3002;2008
3750;2008;2425;2008
4481;2008;988;2008
7630;2008;1344;2008
4389;2008;3077;2008
0139;2008;16118;2008
0575;2008;38069;2008
0379;2008;10755;2008
0347;2008;4256;2008
9318;2008;5545;2008
5053;2008;16713;2008
7498;2008;6167;2008
6311;2008;3739;2008
6351;2008;2413;2008
4775;2008;17452;2008
5968;2008;3895;2008
0620;2008;274;2008
7363;2008;10132;2008
4185;2008;1582;2008
3321;2008;2265;2008
8657;2008;81003;2008
0848;2008;7283;2008
2078;2008;297;2008
8789;2008;6264;2008
7338;2008;6955;2008
7832;2008;8781;2008
2627;2008;5237;2008
6058;2008;548;2008
2206;2008;1496;2008
3792;2008;6168;2008
9506;2008;3998;2008
8386;2008;2581;2008
9921;2008;1147;2008
5896;2008;5015;2008
2401;2008;1672;2008
8076;2008;7442;2008
1121;2008;688;2008
6231;2008;4782;2008
5106;2008;3634;2008
7081;2008;601;2008
6808;2008;3021;2008
5853;2008;358;2008
8047;2008;2536;2008
1194;2008;4623;2008
6705;2008;1517;2008
5601;2008;268;2008
4718;2008;1236;2008
1737;2008;5981;2008
8334;2008;1965;2008
9720;2008;438;2008
0252;2008;1787;2008
7733;2008;3810;2008
1784;2008;7225;2008
1931;2008;7280;2008
5169;2008;450;2008
5295;2008;2047;2008
6757;2008;2140;2008
2534;2008;37755;2008
1053;2008;5148;2008
7176;2008;5572;2008
9442;2008;1221;2008
9237;2008;2864;2008
1719;2008;4190;2008
7329;2008;2986;2008
1514;2008;6167;2008
9963;2008;394;2008
8896;2008;1725;2008
2221;2008;4849;2008
5073;2008;3030;2008
9723;2008;1306;2008
6220;2008;856;2008
4466;2008;929;2008
6881;2008;2867;2008
9748;2008;266;2008
5479;2008;570;2008
1831;2008;8929;2008
2813;2008;6960;2008
6263;2008;2028;2008
3781;2008;693;2008
9034;2008;548;2008
6171;2008;549;2008
1169;2008;81351;2008
5288;2008;1211;2008
1917;2008;830;2008
1382;2008;729;2008
9305;2008;3359;2008
6466;2008;254;2008
6082;2008;588;2008
2764;2008;1478;2008
0436;2008;3488;2008
4878;2008;303;2008
9512;2008;1157;2008
8017;2008;16805;2008
9372;2008;2758;2008
5230;2008;1280;2008
1414;2008;3951;2008
3603;2008;3094;2008
9561;2008;5141;2008
2395;2008;9367;2008
7547;2008;898;2008
1256;2008;986;2008
4830;2008;239;2008
4163;2008;2253;2008
8250;2008;2904;2008
8991;2008;1303;2008
8403;2008;2772;2008
5458;2008;681;2008
9052;2008;5579;2008
9873;2008;8702;2008
1961;2008;966;2008
6825;2008;523;2008
8360;2008;2321;2008
0408;2008;1417;2008
5331;2008;474;2008
9352;2008;1824;2008
7039;2008;2080;2008
5636;2008;3483;2008
2977;2008;5799;2008
1337;2008;201;2008
0364;2008;4191;2008
4770;2008;8922;2008
6045;2008;1776;2008
1613;2008;2700;2008
6988;2008;5199;2008
8854;2008;2381;2008
9255;2008;10017;2008
0815;2008;642;2008
8027;2008;23239;2008
2885;2008;3413;2008
7701;2008;3204;2008
2814;2008;4135;2008
3255;2008;1028;2008
8974;2008;1696;2008
7270;2008;2166;2008
2230;2008;4538;2008
0152;2008;258;2008
5169;2008;2682;2008
6815;2008;7906;2008
7055;2008;1014;2008
0301;2008;1302;2008
9209;2008;2933;2008
9644;2008;11153;2008
6880;2008;2259;2008
4607;2008;2747;2008
3421;2008;948;2008
2138;2008;1787;2008
5747;2008;222;2008
9935;2008;1006;2008
7955;2008;1000;2008
5334;2008;276;2008
9040;2008;847;2008
0749;2008;837;2008
8112;2008;282;2008
3802;2008;4328;2008
6400;2008;4509;2008
2991;2008;910;2008
2026;2008;1325;2008
9165;2008;425;2008
0752;2008;300;2008
5208;2008;1187;2008
0864;2008;1727;2008
5680;2008;7324;2008
5316;2008;5884;2008
7342;2008;585;2008
5077;2008;1071;2008
2137;2008;1749;2008
0917;2008;4412;2008
9930;2008;357;2008
1171;2008;924;2008
7868;2008;3176;2008
0937;2008;2548;2008
2332;2008;1205;2008
7425;2008;665;2008
2943;2008;644;2008
9054;2008;5646;2008
5288;2008;1244;2008
8070;2008;1297;2008
9091;2008;241;2008
2824;2008;8832;2008
7844;2008;4236;2008
6474;2008;2672;2008
1320;2008;2690;2008
6115;2008;189;2008
7405;2008;1622;2008
8606;2008;279;2008
1517;2008;2785;2008
0078;2008;752;2008
7469;2008;3939;2008
8680;2008;7393;2008
5952;2008;215;2008
7866;2008;1814;2008
9616;2008;355;2008
3462;2008;3151;2008
7750;2008;551;2008
3652;2008;1640;2008
1442;2008;3300;2008
2215;2008;140;2008
5948;2008;4402;2008
1065;2008;1284;2008
4214;2008;4047;2008
7070;2008;2076;2008
9723;2008;1019;2008
4884;2008;1067;2008
3122;2008;1537;2008
0700;2008;681;2008
0329;2008;1542;2008
4204;2008;459;2008
6854;2008;767;2008
7709;2008;7226;2008
5975;2008;2682;2008
7567;2008;2517;2008
0707;2008;369;2008
1361;2008;1086;2008
8352;2008;1491;2008
9901;2008;5362;2008
7335;2008;420;2008
5560;2008;3096;2008
4967;2008;3414;2008
7991;2008;533;2008
8975;2008;854;2008
5951;2008;649;2008
4263;2008;219;2008
4131;2008;1800;2008
9158;2008;4764;2008
1233;2008;1634;2008
6544;2008;554;2008
1650;2008;1428;2008
2927;2008;5756;2008
4605;2008;675;2008
7844;2008;714;2008
3244;2008;1091;2008
4294;2008;1019;2008
4612;2008;42;2008
1455;2008;1696;2008
9738;2008;3014;2008
8148;2008;11768;2008
7437;2008;1847;2008
2997;2008;30;2008
6867;2008;1272;2008
7998;2008;2324;2008
2534;2008;1995;2008
8988;2008;1851;2008
7265;2008;2299;2008
5844;2008;664;2008
7578;2008;2821;2008
0003;2008;298;2008
8248;2008;557;2008
8974;2008;2957;2008
8501;2008;443;2008
5235;2008;475;2008
4525;2008;4303;2008
8748;2008;21914;2008
6849;2008;101;2008
0512;2008;4670;2008
2737;2008;211;2008
3175;2008;4776;2008
3744;2008;9082;2008
2368;2008;878;2008
1463;2008;614;2008
3756;2008;2461;2008
0134;2008;2015;2008
7227;2008;4025;2008
5706;2008;3449;2008
0275;2008;2731;2008
7085;2008;943;2008
3774;2008;1103;2008
4053;2008;227;2008
5223;2008;1072;2008
7393;2008;2978;2008
7777;2008;30485;2008
2281;2008;14519;2008
4676;2008;2076;2008
9817;2008;4608;2008
8631;2008;6092;2008
4210;2008;6272;2008
2455;2008;17384;2008
5634;2008;19426;2008
3619;2008;11199;2008
0520;2008;8028;2008
3841;2008;16900;2008
7559;2008;6704;2008
5856;2008;3576;2008
4922;2008;7877;2008
5903;2008;3848;2008
5372;2008;7022;2008
9338;2008;9816;2008
1613;2008;3030;2008
7027;2008;15045;2008
7426;2008;2039;2008
8948;2008;11691;2008
8715;2008;7218;2008
6528;2008;4329;2008
1393;2008;36349;2008
9334;2008;16293;2008
3825;2008;25858;2008
6082;2008;5803;2008
4122;2008;33021;2008
9489;2008;2118;2008
0036;2008;26130;2008
4332;2008;4294;2008
8322;2008;4723;2008
7763;2008;5912;2008
5863;2008;8439;2008
9836;2008;13132;2008
7272;2008;1115;2008
1802;2008;6253;2008
5652;2008;2122;2008
2532;2008;12119;2008
0386;2008;5196;2008
8894;2008;17736;2008
4702;2008;7287;2008
2564;2008;3598;2008
3859;2008;13949;2008
2971;2008;3711;2008
5951;2008;5272;2008
6010;2008;18598;2008
2096;2008;12989;2008
3175;2008;1920;2008
1724;2008;10681;2008
3932;2008;6695;2008
0780;2008;6239;2008
2207;2008;29611;2008
0224;2008;4862;2008
1073;2008;14409;2008
9388;2008;23183;2008
5134;2008;36105;2008
7681;2008;13228;2008
7241;2008;71344;2008
6764;2008;3701;2008
9549;2008;8141;2008
3961;2008;46753;2008
1644;2008;1975;2008
4875;2008;14889;2008
6868;2008;16523;2008
4735;2008;19478;2008
0674;2008;20217;2008
8153;2008;9880;2008
4858;2008;2429;2008
3573;2008;32795;2008
9242;2008;8057;2008
4585;2008;3427;2008
0817;2008;19149;2008
6354;2008;5487;2008
7563;2008;39542;2008
4795;2008;2869;2008
2559;2008;8931;2008
9951;2008;26883;2008
7593;2008;8246;2008
2803;2008;23804;2008
5801;2008;19000;2008
4596;2008;2700;2008
1012;2008;1731;2008
1348;2008;8583;2008
2054;2008;9919;2008
0401;2008;8054;2008
9333;2008;24824;2008
3149;2008;7489;2008
6501;2008;56406;2008
9773;2008;15278;2008
1856;2008;7629;2008
2850;2008;33594;2008
4067;2008;3883;2008
2958;2008;40202;2008
4645;2008;9200;2008
1826;2008;7030;2008
9911;2008;23091;2008
2300;2008;8861;2008
2083;2008;5833;2008
3852;2008;3149;2008
3083;2008;22865;2008
0824;2008;12048;2008
9985;2008;16515;2008
8205;2008;18183;2008
6397;2008;3754;2008
3185;2008;3938;2008
6706;2008;1237192;2008
1093;2008;4832;2008
0966;2008;119641;2008
0014;2008;1187;2008
5128;2008;7481;2008
4764;2008;23148;2008
2583;2008;17162;2008
8760;2008;689;2008
8580;2008;22684;2008
4620;2008;19920;2008
8582;2008;4213;2008
6385;2008;13535;2008
8844;2008;4412;2008
9835;2008;4051;2008
9731;2008;1419;2008
1049;2008;46561;2008
6200;2008;5723;2008
2925;2008;25901;2008
8208;2008;10613;2008
9782;2008;10241;2008
2212;2008;21973;2008
6624;2008;9045;2008
9138;2008;15065;2008
0936;2008;33717;2008
7848;2008;8129;2008
1648;2008;5095;2008
1394;2008;7856;2008
0744;2008;6436;2008
9065;2008;4063;2008
0299;2008;13635;2008
2430;2008;49597;2008
9267;2008;4852;2008
7842;2008;6753;2008
0738;2008;4393;2008
1611;2008;3470;2008
9685;2008;3330;2008
6816;2008;5258;2008
2429;2008;40345;2008
5050;2008;7424;2008
8762;2008;31752;2008
2001;2008;6583;2008
8285;2008;35175;2008
9662;2008;4343;2008
5010;2008;8173;2008
2354;2008;4082;2008
7529;2008;11111;2008
4880;2008;33196;2008
5956;2008;20724;2008
0449;2008;41981;2008
6996;2008;78105;2008
4264;2008;7207;2008
7190;2008;18727;2008
4024;2008;21657;2008
6760;2008;13610;2008
2630;2008;7926;2008
2018;2008;3847;2008
4356;2008;4602;2008
7662;2008;19242;2008
0534;2008;12203;2008
9378;2008;3065;2008
3930;2008;8206;2008
9837;2008;5764;2008
5188;2008;7451;2008
7508;2008;9725;2008
0499;2008;8471;2008
1545;2008;7383;2008
8480;2008;12658;2008
9793;2008;7733;2008
5554;2008;4430;2008
5334;2008;9160;2008
3090;2008;3803;2008
6542;2008;3128;2008
5517;2008;8669;2008
8647;2008;13508;2008
7166;2008;25364;2008
7483;2008;15618;2008
1334;2008;9065;2008
6505;2008;3992;2008
4278;2008;1126;2008
5779;2008;6503;2008
5513;2008;6180;2008
5630;2008;5251;2008
7607;2008;10825;2008
6055;2008;2130;2008
2249;2008;878;2008
3527;2008;7788;2008
8094;2008;17923;2008
0154;2008;5729;2008
6065;2008;5826;2008
7305;2008;5828;2008
6709;2008;13326;2008
2949;2008;2348;2008
7270;2008;2996;2008
3472;2008;4621;2008
4369;2008;3677;2008
3077;2008;2799;2008
6932;2008;202;2008
4898;2008;533;2008
3078;2008;7512;2008
2892;2008;447;2008
5491;2008;4045;2008
9806;2008;694;2008
0745;2008;4324;2008
0807;2008;1701;2008
2680;2008;729;2008
1447;2008;2467;2008
1066;2008;113866;2008
8641;2008;1278;2008
6704;2008;571;2008
2008;2008;93;2008
5912;2008;5344;2008
2082;2008;5581;2008
1510;2008;8172;2008
4678;2008;6466;2008
8306;2008;1126;2008
0906;2008;981;2008
7727;2008;5160;2008
4653;2008;752;2008
1864;2008;743;2008
5358;2008;8012;2008
1319;2008;7833;2008
2698;2008;4199;2008
1106;2008;5683;2008
1425;2008;103;2008
9947;2008;5148;2008
0832;2008;5670;2008
6677;2008;5214;2008
3336;2008;8245;2008
7239;2008;3868;2008
9440;2008;646;2008
2162;2008;4174;2008
6789;2008;1299;2008
7811;2008;7383;2008
7838;2008;3145;2008
3883;2008;15769;2008
8209;2008;4451;2008
1535;2008;370;2008
5891;2008;4607;2008
1132;2008;3921;2008
1746;2008;3793;2008
6219;2008;3315;2008
6773;2008;123;2008
1527;2008;9567;2008
7066;2008;2870;2008
5001;2008;3461;2008
5891;2008;1432;2008
6516;2008;2245;2008
0244;2008;1548;2008
9724;2008;2510;2008
6167;2008;3333;2008
5992;2008;4158;2008
0705;2008;1646;2008
5456;2008;3054;2008
8847;2008;5593;2008
8160;2008;6227;2008
3074;2008;5508;2008
7280;2008;5206;2008
1901;2008;8738;2008
6268;2008;1146;2008
5187;2008;10322;2008
7485;2008;1667;2008
4452;2008;3892;2008
5017;2008;972;2008
3490;2008;1894;2008
2228;2008;3184;2008
2120;2008;626;2008
6665;2008;9151;2008
9435;2008;3956;2008
4135;2008;3249;2008
7049;2008;7633;2008
4071;2008;270;2008
8075;2008;22814;2008
5582;2008;987;2008
0689;2008;3510;2008
1452;2008;1859;2008
7815;2008;7827;2008
0407;2008;1281;2008
4232;2008;3155;2008
2877;2008;1155;2008
0600;2008;3102;2008
7969;2008;4129;2008
9290;2008;722;2008
1428;2008;207;2008
8683;2008;3200;2008
0447;2008;3161;2008
2797;2008;229;2008
1342;2008;1059;2008
0319;2008;5681;2008
1267;2008;1485;2008
1962;2008;912;2008
4134;2008;5079;2008
1680;2008;386;2008
5881;2008;5742;2008
6976;2008;4981;2008
5201;2008;6318;2008
0001;2008;1671;2008
7413;2008;6185;2008
0692;2008;1246;2008
7773;2008;884;2008
9408;2008;7165;2008
8327;2008;196;2008
0586;2008;688;2008
1559;2008;4018;2008
6909;2008;4727;2008
7383;2008;653;2008
5315;2008;3738;2008
7896;2008;828;2008
9246;2008;5456;2008
0469;2008;2442;2008
4846;2008;844;2008
0689;2008;3972;2008
6702;2008;6176;2008
0512;2008;9848;2008
8383;2008;203;2008
1053;2008;3025;2008
3564;2008;202;2008
7535;2008;1178;2008
8156;2008;2952;2008
5627;2008;2632;2008
9226;2008;2765;2008
4646;2008;4543;2008
6417;2008;7323;2008
2348;2008;11488;2008
6274;2008;516;2008
8919;2008;1025;2008
3262;2008;190;2008
6636;2008;687;2008
7820;2008;789;2008
0766;2008;1715;2008
0963;2008;178;2008
1822;2008;5236;2008
5856;2008;11491;2008
2349;2008;2078;2008
0901;2008;3936;2008
9624;2008;4013;2008
7937;2008;5690;2008
2793;2008;2862;2008
8187;2008;372;2008
5999;2008;5525;2008
4799;2008;1828;2008
7022;2008;1453;2008
5451;2008;1082;2008
7653;2008;1261;2008
2378;2008;450;2008
4280;2008;88;2008
2861;2008;1543;2008
5898;2008;1923;2008
4816;2008;6736;2008
5512;2008;11063;2008
3776;2008;3243;2008
0976;2008;4887;2008
1983;2008;4480;2008
9556;2008;1904;2008
6248;2008;1154;2008
2817;2008;4841;2008
1151;2008;1658;2008
0748;2008;6037;2008
2202;2008;1283;2008
5213;2008;845;2008
8106;2008;3908;2008
3831;2008;17958;2008
3866;2008;443;2008
0675;2008;745;2008
0302;2008;916;2008
5339;2008;3830;2008
0260;2008;5165;2008
2465;2008;5216;2008
9533;2008;4945;2008
8036;2008;606;2008
0515;2008;3442;2008
6622;2008;6249;2008
6891;2008;9533;2008
9693;2008;1269;2008
8461;2008;2525;2008
5279;2008;1997;2008
5290;2008;23318;2008
3384;2008;2199;2008
7570;2008;1645;2008
9447;2008;709;2008
2123;2008;8941;2008
0350;2008;4019;2008
0243;2008;5464;2008
9670;2008;1014;2008
6107;2008;5529;2008
3737;2008;12360;2008
8250;2008;1048;2008
5411;2008;3839;2008
1257;2008;622;2008
1707;2008;2198;2008
3025;2008;4815;2008
1225;2008;7183;2008
4838;2008;8211;2008
6904;2008;2265;2008
6241;2008;1102;2008
5138;2008;9193;2008
2198;2008;28083;2008
4874;2008;10073;2008
3451;2008;1399;2008
7782;2008;9259;2008
8899;2008;1138;2008
8028;2008;3553;2008
8905;2008;598;2008
7640;2008;140;2008
2302;2008;216;2008
3797;2008;410;2008
8975;2008;310;2008
2916;2008;215;2008
8218;2008;7539;2008
3439;2008;7664;2008
6945;2008;4785;2008
4483;2008;1104;2008
7561;2008;1208;2008
3097;2008;604;2008
9822;2008;4610;2008
4954;2008;6835;2008
6029;2008;6461;2008
1595;2008;1997;2008
0419;2008;7313;2008
0010;2008;1533;2008
4317;2008;2653;2008
9523;2008;7666;2008
2123;2008;9122;2008
2970;2008;997;2008
3232;2008;712;2008
2506;2008;297;2008
8484;2008;2299;2008
1788;2008;1975;2008
5464;2008;1561;2008
2895;2008;7047;2008
5546;2008;1826;2008
7523;2008;2458;2008
8313;2008;482;2008
5601;2008;2614;2008
0191;2008;3517;2008
5695;2008;2659;2008
3457;2008;12537;2008
2121;2008;3916;2008
3363;2008;2417;2008
4918;2008;1154;2008
4204;2008;2161;2008
4434;2008;11380;2008
5925;2008;2496;2008
4633;2008;1768;2008
9148;2008;2406;2008
5442;2008;3593;2008
2870;2008;1479;2008
5299;2008;5488;2008
4199;2008;8930;2008
4960;2008;2752;2008
4824;2008;10590;2008
9887;2008;2262;2008
4114;2008;7474;2008
3801;2008;1590;2008
3567;2008;675;2008
9301;2008;4986;2008
3338;2008;189549;2008
8968;2008;683;2008
3082;2008;1999;2008
2958;2008;12273;2008
7369;2008;3408;2008
8272;2008;8299;2008
1074;2008;2472;2008
9465;2008;401;2008
9676;2008;4362;2008
6009;2008;8894;2008
8417;2008;12211;2008
1737;2008;7645;2008
1396;2008;6574;2008
4999;2008;10312;2008
2325;2008;10805;2008
3362;2008;1929;2008
6321;2008;6677;2008
3415;2008;10858;2008
0830;2008;1264;2008
5461;2008;4931;2008
5525;2008;678;2008
2989;2008;1979;2008
4642;2008;954;2008
9592;2008;18146;2008
9309;2008;1642;2008
7130;2008;576;2008
3068;2008;2762;2008
0465;2008;8295;2008
2698;2008;4761;2008
4749;2008;2344;2008
7875;2008;7558;2008
4370;2008;3536;2008
0748;2008;14457;2008
9733;2008;6998;2008
6046;2008;2021;2008
2960;2008;1267;2008
0712;2008;15229;2008
3209;2008;5384;2008
2625;2008;26327;2008
9031;2008;4442;2008
2398;2008;8244;2008
3061;2008;5218;2008
0159;2008;2208;2008
8367;2008;8267;2008
5861;2008;4743;2008
3928;2008;2698;2008
6562;2008;11576;2008
7532;2008;3080;2008
7959;2008;11518;2008
8026;2008;17838;2008
3811;2008;2214;2008
2837;2008;5281;2008
0891;2008;16299;2008
8933;2008;1894;2008
6657;2008;421;2008
9347;2008;158;2008
4195;2008;8998;2008
3283;2008;4045;2008
8235;2008;629;2008
4516;2008;14108;2008
0239;2008;1111;2008
4987;2008;1799;2008
4335;2008;3714;2008
1954;2008;15173;2008
4707;2008;640;2008
2553;2008;571;2008
7425;2008;397;2008
7179;2008;23766;2008
0958;2008;1466;2008
1125;2008;161;2008
5281;2008;3218;2008
8941;2008;2107;2008
4567;2008;3313;2008
6274;2008;4691;2008
8839;2008;13133;2008
7392;2008;4390;2008
0348;2008;703;2008
9306;2008;3264;2008
7265;2008;11075;2008
4888;2008;1743;2008
6521;2008;2371;2008
0259;2008;579;2008
6051;2008;1804;2008
8908;2008;4233;2008
6613;2008;22396;2008
5181;2008;4894;2008
5067;2008;799;2008
0780;2008;2462;2008
2115;2008;10895;2008
1574;2008;1932;2008
4579;2008;3934;2008
3116;2008;4382;2008
5439;2008;2033;2008
0333;2008;4223;2008
8481;2008;3226;2008
7797;2008;983;2008
8683;2008;12044;2008
9376;2008;2477;2008
2902;2008;13060;2008
8578;2008;1462;2008
8085;2008;4248;2008
6080;2008;3695;2008
8656;2008;204;2008
0034;2008;2009;2008
0393;2008;19057;2008
1816;2008;4359;2008
1537;2008;678;2008
3907;2008;7016;2008
6134;2008;2823;2008
8177;2008;4267;2008
9152;2008;618;2008
1258;2008;690;2008
4894;2008;1616;2008
9450;2008;4201;2008
2274;2008;8022;2008
2011;2008;2732;2008
1195;2008;2474;2008
2734;2008;3829;2008
6432;2008;5277;2008
4051;2008;1809;2008
2070;2008;7034;2008
0859;2008;6821;2008
3278;2008;3540;2008
1622;2008;2874;2008
4524;2008;1566;2008
2623;2008;394;2008
9888;2008;6463;2008
1597;2008;6797;2008
8506;2008;957;2008
9716;2008;3153;2008
4527;2008;6339;2008
4624;2008;3430;2008
2063;2008;12871;2008
1323;2008;4591;2008
8906;2008;8372;2008
8207;2008;4435;2008
4184;2008;9105;2008
0941;2008;16889;2008
8454;2008;5458;2008
4472;2008;3707;2008
5869;2008;3362;2008
3045;2008;10405;2008
2156;2008;3355;2008
5028;2008;2246;2008
2531;2008;4441;2008
6790;2008;13014;2008
2669;2008;1045;2008
4711;2008;1515;2008
5719;2008;1613;2008
4273;2008;3099;2008
2462;2008;7520;2008
7734;2008;1747;2008
8920;2008;1253;2008
4396;2008;1945;2008
8075;2008;1415;2008
2585;2008;1054;2008
8545;2008;1332;2008
4393;2008;6131;2008
1714;2008;7716;2008
7358;2008;13042;2008
6938;2008;2147;2008
1019;2008;5415;2008
7332;2008;584;2008
6802;2008;3831;2008
8574;2008;1298;2008
1237;2008;218;2008
7595;2008;8093;2008
0635;2008;3940;2008
9638;2008;4482;2008
1472;2008;1445;2008
2195;2008;11095;2008
8650;2008;1372;2008
1011;2008;5691;2008
2649;2008;722;2008
2237;2008;1881;2008
2214;2008;7974;2008
6815;2008;1109;2008
3021;2008;4647;2008
3442;2008;920;2008
7558;2008;209;2008
3279;2008;583;2008
4487;2008;3138;2008
4849;2008;1667;2008
0572;2008;438;2008
6624;2008;684;2008
7453;2008;838;2008
3380;2008;1737;2008
7079;2008;200;2008
4742;2008;1023;2008
1426;2008;505;2008
6977;2008;6307;2008
8636;2008;2789;2008
8364;2008;2655;2008
8094;2008;1388;2008
1043;2008;434;2008
6391;2008;1125;2008
9286;2008;2439;2008
8351;2008;654;2008
1504;2008;776;2008
8102;2008;870;2008
6894;2008;3537;2008
0078;2008;9372;2008
9837;2008;138;2008
4926;2008;888;2008
8967;2008;1705;2008
8097;2008;127;2008
8099;2008;1416;2008
7807;2008;1530;2008
6302;2008;500;2008
4774;2008;866;2008
8049;2008;2592;2008
7359;2008;8172;2008
7338;2008;6895;2008
2679;2008;755;2008
6617;2008;6720;2008
7982;2008;1056;2008
7444;2008;1096;2008
2141;2008;651;2008
2591;2008;6534;2008
1232;2008;239;2008
5977;2008;1633;2008
3786;2008;208;2008
5598;2008;767;2008
8579;2008;4390;2008
4109;2008;1188;2008
4120;2008;3904;2008
8349;2008;1398;2008
0512;2008;5621;2008
9552;2008;985;2008
8096;2008;1692;2008
3401;2008;1685;2008
8710;2008;771;2008
1138;2008;758;2008
0907;2008;2193;2008
4393;2008;1076;2008
8242;2008;373;2008
6095;2008;389;2008
0766;2008;3945;2008
5665;2008;4550;2008
1708;2008;1118;2008
2478;2008;870;2008
8364;2008;400;2008
1744;2008;1270;2008
2313;2008;226;2008
7761;2008;257;2008
7030;2008;9821;2008
1760;2008;9738;2008
9957;2008;377;2008
4113;2008;1332;2008
7503;2008;4735;2008
6127;2008;3136;2008
4203;2008;214;2008
3452;2008;2599;2008
2160;2008;4576;2008
6414;2008;1209;2008
7000;2008;5672;2008
8212;2008;446;2008
3416;2008;1280;2008
1659;2008;2493;2008
7457;2008;144;2008
3585;2008;2414;2008
8204;2008;2317;2008
2533;2008;1660;2008
1177;2008;2485;2008
2895;2008;1499;2008
8943;2008;7009;2008
1371;2008;409;2008
0203;2008;1147;2008
0508;2008;505;2008
5106;2008;1507;2008
5559;2008;3668;2008
0651;2008;950;2008
7416;2008;1721;2008
4035;2008;568;2008
4139;2008;417;2008
9744;2008;324;2008
1883;2008;729;2008
4933;2008;1771;2008
2990;2008;741;2008
9694;2008;15289;2008
0764;2008;368;2008
3810;2008;831;2008
9101;2008;176;2008
9792;2008;1179;2008
8066;2008;1999;2008
1018;2008;323;2008
3011;2008;1998;2008
2541;2008;68614;2008
2072;2008;928;2008
1530;2008;931;2008
1053;2008;2132;2008
3960;2008;2796;2008
3078;2008;1712;2008
0903;2008;747;2008
9573;2008;865;2008
4798;2008;1575;2008
1588;2008;451;2008
4616;2008;1058;2008
6677;2008;1356;2008
9155;2008;5013;2008
5408;2008;6217;2008
8679;2008;573;2008
4966;2008;86;2008
7641;2008;244;2008
3647;2008;576;2008
7133;2008;767;2008
0510;2008;1158;2008
5530;2008;687;2008
4116;2008;954;2008
4420;2008;766;2008
5512;2008;505;2008
4293;2008;742;2008
2686;2008;3887;2008
4521;2008;1187;2008
2907;2008;5428;2008
3323;2008;5878;2008
4207;2008;2028;2008
5912;2008;1709;2008
5572;2008;654;2008
8988;2008;570;2008
4715;2008;2594;2008
4973;2008;851;2008
8928;2008;590;2008
5419;2008;1821;2008
5741;2008;1023;2008
7208;2008;256;2008
6711;2008;703;2008
7879;2008;5765;2008
8724;2008;1125;2008
2314;2008;575;2008
7819;2008;11535;2008
8479;2008;707;2008
2280;2008;1640;2008
6600;2008;613;2008
4934;2008;965;2008
9980;2008;351;2008
4385;2008;2296;2008
5020;2008;3190;2008
6271;2008;844;2008
0437;2008;3962;2008
8312;2008;1761;2008
4982;2008;3743;2008
1548;2008;990;2008
6826;2008;699;2008
8538;2008;229;2008
2357;2008;2233;2008
1612;2008;1448;2008
9834;2008;315;2008
6122;2008;3407;2008
1723;2008;111;2008
1961;2008;2986;2008
7086;2008;377;2008
4404;2008;1332;2008
1425;2008;5859;2008
3639;2008;59932;2008
8781;2008;79;2008
6085;2008;788;2008
7786;2008;3015;2008
4896;2008;1547;2008
4422;2008;38834;2008
7722;2008;130;2008
3999;2008;1078;2008
5293;2008;1626;2008
5828;2008;1134;2008
4037;2008;482;2008
3613;2008;468;2008
1915;2008;1537;2008
7500;2008;3118;2008
2161;2008;1259;2008
0775;2008;3660;2008
1983;2008;2065;2008
1210;2008;687;2008
3878;2008;4825;2008
9008;2008;1406;2008
1424;2008;604;2008
1071;2008;511;2008
6996;2008;1270;2008
9506;2008;1339;2008
6407;2008;718;2008
8381;2008;2047;2008
1471;2008;588;2008
1977;2008;443;2008
4543;2008;2453;2008
8750;2008;4154;2008
1935;2008;1850;2008
5180;2008;1184;2008
6570;2008;547;2008
4018;2008;1683;2008
5341;2008;14820;2008
2823;2008;1652;2008
7893;2008;596;2008
7877;2008;468;2008
0774;2008;9609;2008
8999;2008;5465;2008
7571;2008;340;2008
9178;2008;567;2008
1934;2008;2130;2008
9629;2008;935;2008
3600;2008;1323;2008
8526;2008;1095;2008
4080;2008;1412;2008
1284;2008;1651;2008
5182;2008;33228;2008
4818;2008;71139;2008
7577;2008;1453;2008
9370;2008;664;2008
7740;2008;434;2008
9906;2008;347;2008
6525;2008;3881;2008
7212;2008;544;2008
1938;2008;1122;2008
6431;2008;1135;2008
7072;2008;960;2008
1013;2008;1956;2008
5732;2008;1158;2008
7178;2008;1255;2008
2763;2008;669;2008
2582;2008;1418;2008
2896;2008;1942;2008
2234;2008;2950;2008
4655;2008;1234;2008
1916;2008;2006;2008
7616;2008;3023;2008
8225;2008;1358;2008
9196;2008;1715;2008
3428;2008;2228;2008
3944;2008;2529;2008
1532;2008;838;2008
4664;2008;1006;2008
5835;2008;5734;2008
1541;2008;969;2008
4890;2008;3019;2008
9619;2008;1450;2008
8208;2008;3924;2008
2953;2008;8814;2008
6081;2008;3377;2008
5434;2008;1599;2008
0166;2008;722;2008
9694;2008;3762;2008
7631;2008;2524;2008
7288;2008;1152;2008
4355;2008;1284;2008
8500;2008;1598;2008
0610;2008;6785;2008
4015;2008;1389;2008
8622;2008;930;2008
5383;2008;1714;2008
9563;2008;1040;2008
7794;2008;3331;2008
9739;2008;470;2008
3332;2008;2032;2008
4011;2008;7822;2008
9631;2008;2374;2008
0470;2008;2992;2008
3647;2008;1174;2008
9264;2008;2190;2008
6828;2008;1471;2008
2144;2008;1912;2008
3799;2008;503;2008
0761;2008;1531;2008
7202;2008;616;2008
3092;2008;3621;2008
4937;2008;2988;2008
4254;2008;1036;2008
3201;2008;7791;2008
5681;2008;9140;2008
9595;2008;3133;2008
2090;2008;1629;2008
1073;2008;641;2008
0196;2008;6848;2008
2009;2008;1505;2008
9819;2008;437;2008
7693;2008;449;2008
1654;2008;518;2008
1215;2008;1840;2008
2196;2008;729;2008
9180;2008;2897;2008
0610;2008;1729;2008
1516;2008;3898;2008
6926;2008;4457;2008
4365;2008;3910;2008
1205;2008;599;2008
2425;2008;433;2008
0142;2008;2999;2008
4815;2008;10039;2008
2218;2008;5855;2008
0067;2008;2077;2008
0690;2008;3533;2008
0661;2008;858;2008
8219;2008;4162;2008
8664;2008;4540;2008
4259;2008;1346;2008
6958;2008;2234;2008
8495;2008;2602;2008
0306;2008;1593;2008
3399;2008;2865;2008
5751;2008;4837;2008
4042;2008;11565;2008
3392;2008;4990;2008
0224;2008;21611;2008
9096;2008;3857;2008
3082;2008;2629;2008
6487;2008;1209;2008
1670;2008;13991;2008
5305;2008;3395;2008
7729;2008;1503;2008
0314;2008;2952;2008
4871;2008;2428;2008
2204;2008;10027;2008
9966;2008;9148;2008
3783;2008;5948;2008
2002;2008;1676;2008
8062;2008;47321;2008
7890;2008;7069;2008
9126;2008;733;2008
0156;2008;7621;2008
7286;2008;3844;2008
8334;2008;5891;2008
0160;2008;4864;2008
7898;2008;2511;2008
8339;2008;7034;2008
5687;2008;7290;2008
7324;2008;1015;2008
5877;2008;1747;2008
2586;2008;6602;2008
5518;2008;1752;2008
7187;2008;2207;2008
4430;2008;15552;2008
3788;2008;1174;2008
4355;2008;5824;2008
0358;2008;1344;2008
1481;2008;2610;2008
5452;2008;2705;2008
6105;2008;5384;2008
4216;2008;7218;2008
9847;2008;8419;2008
2701;2008;4377;2008
9405;2008;7687;2008
9671;2008;1760;2008
5304;2008;9280;2008
3852;2008;1226;2008
9393;2008;1836;2008
9551;2008;1285;2008
0443;2008;6392;2008
2015;2008;1715;2008
0834;2008;2661;2008
2712;2008;2219;2008
8966;2008;20066;2008
8411;2008;18755;2008
2882;2008;2067;2008
8397;2008;2203;2008
2024;2008;10932;2008
4845;2008;7234;2008
5642;2008;1680;2008
8331;2008;1023;2008
0459;2008;388;2008
8938;2008;13726;2008
3240;2008;725;2008
1045;2008;3313;2008
6036;2008;1562;2008
1919;2008;100656;2008
1364;2008;676;2008
1440;2008;2113;2008
5765;2008;20274;2008
4802;2008;2618;2008
0587;2008;15103;2008
6620;2008;381;2008
6218;2008;7554;2008
3939;2008;2658;2008
0238;2008;5162;2008
7990;2008;2384;2008
1405;2008;6440;2008
7048;2008;1403;2008
7318;2008;2664;2008
0177;2008;5112;2008
5323;2008;3318;2008
1621;2008;2243;2008
0147;2008;636;2008
8833;2008;1303;2008
4115;2008;2408;2008
1891;2008;3260;2008
6161;2008;4822;2008
0870;2008;2525;2008
9202;2008;3349;2008
7661;2008;973;2008
2975;2008;2510;2008
5692;2008;3141;2008
9811;2008;1563;2008
2416;2008;878;2008
6231;2008;5135;2008
5937;2008;4638;2008
2737;2008;2545;2008
2114;2008;16522;2008
9142;2008;10967;2008
2586;2008;3857;2008
9038;2008;367;2008
3816;2008;1520;2008
8880;2008;1275;2008
4751;2008;5029;2008
2918;2008;2855;2008
8067;2008;2438;2008
8689;2008;874;2008
1192;2008;1591;2008
4986;2008;36563;2008
5542;2008;2742;2008
5522;2008;1553;2008
3774;2008;2184;2008
1965;2008;1708;2008
2569;2008;5413;2008
2859;2008;2864;2008
9595;2008;1915;2008
6846;2008;3840;2008
8163;2008;3490;2008
1710;2008;4571;2008
4018;2008;3425;2008
3951;2008;1391;2008
8555;2008;659;2008
3031;2008;181;2008
6269;2008;1710;2008
9030;2008;3362;2008
2454;2008;600;2008
3788;2008;270;2008
9478;2008;4311;2008
4705;2008;2842;2008
3640;2008;7408;2008
9928;2008;1269;2008
6500;2008;2805;2008
6357;2008;1177;2008
2044;2008;3440;2008
9557;2008;3166;2008
9165;2008;2953;2008
9627;2008;3490;2008
3362;2008;3654;2008
0272;2008;1739;2008
1274;2008;3086;2008
3091;2008;1587;2008
9080;2008;1892;2008
2586;2008;6858;2008
0264;2008;2795;2008
6841;2008;1476;2008
3162;2008;2623;2008
6073;2008;1351;2008
4033;2008;1921;2008
1451;2008;5914;2008
7006;2008;1864;2008
7111;2008;1249;2008
3421;2008;1698;2008
6350;2008;4090;2008
3835;2008;3281;2008
0589;2008;1841;2008
1711;2008;977;2008
6736;2008;2410;2008
6864;2008;997;2008
2975;2008;957;2008
2137;2008;2932;2008
8330;2008;1015;2008
9881;2008;3035;2008
9410;2008;2723;2008
7911;2008;5838;2008
1114;2008;2180;2008
6058;2008;3248;2008
4021;2008;4175;2008
9626;2008;909;2008
2043;2008;1462;2008
0499;2008;1917;2008
1378;2008;6151;2008
8931;2008;2690;2008
9188;2008;1281;2008
7227;2008;804;2008
8562;2008;8722;2008
9643;2008;1506;2008
9704;2008;3004;2008
8495;2008;207;2008
3783;2008;1016;2008
2176;2008;16273;2008
8973;2008;4125;2008
0710;2008;4830;2008
4595;2008;1430;2008
7805;2008;299;2008
9369;2008;2314;2008
7339;2008;605;2008
7110;2008;434;2008
5358;2008;1216;2008
6740;2008;1610;2008
4527;2008;423;2008
3152;2008;348;2008
6493;2008;703;2008
1751;2008;658;2008
3570;2008;6686;2008
7002;2008;800;2008
8896;2008;607;2008
1411;2008;3864;2008
0138;2008;258;2008
1671;2008;732;2008
4579;2008;149;2008
6070;2008;657;2008
4078;2008;375;2008
8753;2008;1409;2008
3945;2008;1242;2008
8087;2008;1096;2008
4132;2008;3183;2008
1988;2008;1539;2008
0233;2008;726;2008
2778;2008;1498;2008
6839;2008;1614;2008
0102;2008;1855;2008
8188;2008;597;2008
5698;2008;1030;2008
1224;2008;944;2008
8202;2008;501;2008
1004;2008;244;2008
8717;2008;623;2008
5588;2008;2207;2008
8276;2008;1369;2008
1431;2008;990;2008
3757;2008;3923;2008
4843;2008;1012;2008
0280;2008;570;2008
2265;2008;2953;2008
3770;2008;259;2008
9628;2008;1880;2008
2251;2008;625;2008
5139;2008;419;2008
8070;2008;626;2008
2940;2008;378;2008
4976;2008;316;2008
6663;2008;3833;2008
1656;2008;6732;2008
2112;2008;729;2008
0249;2008;977;2008
3468;2008;852;2008
7370;2008;1541;2008
6375;2008;1644;2008
9892;2008;663;2008
6736;2008;598;2008
5107;2008;731;2008
1451;2008;440;2008
4701;2008;597;2008
1571;2008;242;2008
2634;2008;1202;2008
7723;2008;1228;2008
1145;2008;241;2008
5070;2008;431;2008
3367;2008;526;2008
9534;2008;4182;2008
6804;2008;583;2008
1293;2008;909;2008
4267;2008;833;2008
2822;2008;1084;2008
1495;2008;519;2008
9425;2008;470;2008
5765;2008;527;2008
6321;2008;3161;2008
6288;2008;1494;2008
2241;2008;1290;2008
6807;2008;332;2008
1251;2008;358;2008
8129;2008;2496;2008
3866;2008;755;2008
2578;2008;147;2008
3737;2008;2332;2008
7253;2008;460;2008
7271;2008;1195;2008
0919;2008;2592;2008
0786;2008;323;2008
4283;2008;200;2008
0549;2008;1315;2008
3161;2008;1103;2008
1781;2008;8383;2008
8283;2008;7349;2008
1428;2008;496;2008
2178;2008;903;2008
5775;2008;1602;2008
3726;2008;803;2008
1935;2008;289;2008
5277;2008;2129;2008
7283;2008;413;2008
0322;2008;124;2008
6281;2008;490;2008
3498;2008;883;2008
8409;2008;1636;2008
3530;2008;4966;2008
8790;2008;6744;2008
5916;2008;2645;2008
3273;2008;1580;2008
1156;2008;1124;2008
7605;2008;896;2008
2072;2008;250;2008
0838;2008;9267;2008
3814;2008;2690;2008
3042;2008;622;2008
8915;2008;1357;2008
6147;2008;1944;2008
4887;2008;1355;2008
9653;2008;969;2008
7464;2008;789;2008
2485;2008;837;2008
6050;2008;683;2008
6481;2008;187;2008
2113;2008;746;2008
2084;2008;1023;2008
3048;2008;1890;2008
3606;2008;818;2008
9782;2008;385;2008
3284;2008;19615;2008
8289;2008;1369;2008
9573;2008;646;2008
2335;2008;704;2008
3210;2008;3071;2008
2285;2008;2336;2008
9706;2008;1994;2008
8478;2008;345;2008
9648;2008;4472;2008
3732;2008;387;2008
8519;2008;227;2008
7873;2008;1405;2008
9063;2008;797;2008
3578;2008;1276;2008
7213;2008;15611;2008
4449;2008;600;2008
1279;2008;1380;2008
0833;2008;2818;2008
0030;2008;415;2008
7900;2008;1477;2008
2973;2008;381;2008
4144;2008;1616;2008
9843;2008;36431;2008
5800;2008;416;2008
8538;2008;833;2008
0575;2008;217;2008
9020;2008;544;2008
4054;2008;1162;2008
3158;2008;2745;2008
3639;2008;1101;2008
8749;2008;956;2008
1898;2008;735;2008
9965;2008;1392;2008
7121;2008;1563;2008
8085;2008;324;2008
9186;2008;1263;2008
2839;2008;489;2008
7417;2008;715;2008
8220;2008;931;2008
2522;2008;594;2008
0586;2008;1251;2008
2000;2008;1282;2008
4709;2008;721;2008
1459;2008;1140;2008
9221;2008;4652;2008
3312;2008;554;2008
1754;2008;1493;2008
3136;2008;2922;2008
5406;2008;1927;2008
7473;2008;1905;2008
7162;2008;636;2008
1147;2008;960;2008
3011;2008;1974;2008
0464;2008;1721;2008
5661;2008;762;2008
3449;2008;323;2008
5887;2008;596;2008
5452;2008;2819;2008
8220;2008;1052;2008
1797;2008;748;2008
4464;2008;3661;2008
2845;2008;1324;2008
3885;2008;1468;2008
1927;2008;716;2008
7025;2008;1373;2008
5785;2008;2152;2008
8748;2008;112739;2008
6056;2008;708;2008
2870;2008;2368;2008
1374;2008;235;2008
3284;2008;530;2008
8673;2008;1368;2008
0686;2008;806;2008
2836;2008;1112;2008
6412;2008;1882;2008
2081;2008;700;2008
8035;2008;2141;2008
9514;2008;136;2008
8501;2008;1178;2008
8181;2008;2152;2008
5177;2008;506;2008
3126;2008;986;2008
1287;2008;3585;2008
0385;2008;933;2008
7401;2008;3027;2008
6859;2008;1638;2008
7466;2008;1663;2008
3048;2008;368;2008
8813;2008;2261;2008
2532;2008;5343;2008
4707;2008;2029;2008
8843;2008;6190;2008
9381;2008;2624;2008
3252;2008;6537;2008
4475;2008;2980;2008
2005;2008;1800;2008
9947;2008;1968;2008
9666;2008;1397;2008
7947;2008;3616;2008
2727;2008;15526;2008
9786;2008;1407;2008
5832;2008;2506;2008
2259;2008;19361;2008
2692;2008;6792;2008
3727;2008;7043;2008
3173;2008;8039;2008
6006;2008;6085;2008
9017;2008;4100;2008
7243;2008;11671;2008
4283;2008;11968;2008
9093;2008;5207;2008
2710;2008;1494;2008
2950;2008;16196;2008
0620;2008;2437;2008
8123;2008;8566;2008
8968;2008;8069;2008
9135;2008;1061;2008
7441;2008;3589;2008
9479;2008;2550;2008
1024;2008;1806;2008
9638;2008;784;2008
8895;2008;206;2008
2113;2008;4149;2008
3694;2008;3889;2008
6603;2008;5584;2008
4866;2008;10794;2008
0029;2008;5198;2008
8295;2008;11463;2008
6777;2008;3227;2008
6371;2008;7575;2008
1487;2008;6664;2008
2724;2008;25084;2008
2792;2008;3658;2008
6220;2008;3093;2008
7080;2008;2305;2008
6508;2008;4715;2008
0624;2008;4461;2008
4704;2008;8372;2008
8497;2008;6542;2008
4219;2008;16967;2008
7779;2008;8611;2008
1335;2008;3353;2008
7257;2008;8929;2008
6103;2008;1268;2008
0015;2008;2713;2008
7259;2008;15792;2008
2605;2008;9374;2008
5284;2008;7100;2008
3894;2008;2502;2008
4271;2008;2134;2008
1486;2008;3666;2008
8143;2008;6155;2008
6461;2008;2800;2008
1597;2008;1585;2008
5476;2008;2134;2008
6955;2008;3782;2008
7923;2008;19545;2008
4033;2008;5166;2008
0107;2008;23339;2008
5055;2008;4079;2008
7507;2008;13777;2008
2399;2008;558;2008
1170;2008;2975;2008
2357;2008;12884;2008
4999;2008;11288;2008
4247;2008;2568;2008
2390;2008;1340;2008
3352;2008;970;2008
7205;2008;6843;2008
8267;2008;14467;2008
1450;2008;16766;2008
5401;2008;3131;2008
5271;2008;2317;2008
2919;2008;2806;2008
3481;2008;4975;2008
9430;2008;2695;2008
9617;2008;13860;2008
9017;2008;782;2008
9132;2008;259297;2008
8803;2008;4444;2008
1820;2008;2668;2008
7626;2008;8824;2008
9886;2008;5792;2008
3406;2008;32199;2008
8687;2008;14015;2008
0806;2008;4815;2008
6952;2008;1368;2008
2104;2008;2163;2008
1451;2008;1650;2008
7234;2008;11457;2008
0823;2008;2335;2008
5682;2008;7831;2008
3952;2008;3355;2008
1801;2008;25508;2008
9478;2008;6488;2008
0656;2008;921;2008
4513;2008;4428;2008
0619;2008;42719;2008
8006;2008;6422;2008
7608;2008;8722;2008
5675;2008;6623;2008
4405;2008;3077;2008
1555;2008;3673;2008
8845;2008;11082;2008
7110;2008;2670;2008
4723;2008;1327;2008
0208;2008;10285;2008
0402;2008;1762;2008
6523;2008;836;2008
7387;2008;3615;2008
3773;2008;3792;2008
7394;2008;13810;2008
6203;2008;2766;2008
4364;2008;6172;2008
6142;2008;12676;2008
7093;2008;2627;2008
7905;2008;1040;2008
2166;2008;3470;2008
8538;2008;2225;2008
5597;2008;11917;2008
1320;2008;6799;2008
5389;2008;11010;2008
2052;2008;1495;2008
0164;2008;13911;2008
6059;2008;1923;2008
1746;2008;3978;2008
2088;2008;744;2008
8665;2008;2449;2008
9964;2008;3297;2008
9503;2008;838;2008
3690;2008;1885;2008
3030;2008;4312;2008
0137;2008;3719;2008
4789;2008;9129;2008
2335;2008;131;2008
7928;2008;229;2008
7740;2008;5592;2008
4419;2008;15587;2008
5640;2008;3772;2008
3375;2008;2804;2008
5230;2008;14455;2008
7101;2008;9565;2008
5289;2008;13639;2008
9572;2008;3457;2008
4433;2008;2688;2008
4752;2008;6469;2008
5400;2008;23628;2008
4203;2008;4978;2008
7485;2008;2916;2008
6436;2008;3379;2008
0598;2008;1822;2008
4385;2008;2407;2008
3147;2008;9266;2008
2945;2008;3204;2008
0343;2008;1811;2008
4308;2008;7674;2008
3508;2008;2691;2008
0933;2008;1126;2008
1513;2008;4975;2008
8795;2008;8847;2008
0846;2008;3227;2008
5914;2008;773;2008
0235;2008;2074;2008
9066;2008;8248;2008
6154;2008;4493;2008
6338;2008;638;2008
8407;2008;3093;2008
2548;2008;2804;2008
3965;2008;5581;2008
1490;2008;6913;2008
1258;2008;4174;2008
3490;2008;14620;2008
3153;2008;13884;2008
5969;2008;7802;2008
2499;2008;601;2008
1161;2008;1053;2008
9908;2008;8464;2008
4751;2008;1155;2008
1135;2008;1821;2008
1081;2008;1598;2008
2082;2008;5702;2008
1282;2008;3648;2008
8595;2008;5313;2008
9223;2008;6366;2008
0019;2008;2621;2008
2041;2008;39170;2008
8118;2008;1923;2008
8975;2008;4391;2008
6616;2008;6679;2008
9343;2008;12410;2008
7211;2008;22869;2008
9407;2008;582;2008
7397;2008;5973;2008
6734;2008;11715;2008
9575;2008;8486;2008
2163;2008;26801;2008
9490;2008;1419;2008
3406;2008;3465;2008
8111;2008;1870;2008
9041;2008;2401;2008
5254;2008;112886;2008
2249;2008;1998;2008
7801;2008;6105;2008
6562;2008;6616;2008
9709;2008;1385;2008
0441;2008;841;2008
7230;2008;6766;2008
7411;2008;4221;2008
5210;2008;3006;2008
7145;2008;1353;2008
7629;2008;2619;2008
6479;2008;3575;2008
2211;2008;35965;2008
7551;2008;815;2008
5069;2008;2277;2008
3761;2008;1653;2008
1306;2008;1488;2008
0942;2008;4164;2008
9711;2008;1450;2008
5866;2008;435;2008
3382;2008;417;2008
1527;2008;2364;2008
8104;2008;6021;2008
9544;2008;513;2008
3557;2008;2626;2008
8034;2008;2110;2008
2988;2008;2804;2008
7502;2008;20418;2008
6181;2008;3382;2008
9588;2008;1206;2008
8511;2008;2614;2008
4784;2008;764;2008
3610;2008;3174;2008
6722;2008;1167;2008
4869;2008;3011;2008
1203;2008;4940;2008
0106;2008;1408;2008
9839;2008;4072;2008
3438;2008;597;2008
4044;2008;1562;2008
2410;2008;6208;2008
7803;2008;364;2008
0553;2008;4476;2008
9414;2008;367;2008
0170;2008;2033;2008
1719;2008;4048;2008
1401;2008;8487;2008
0163;2008;2463;2008
2213;2008;2543;2008
3095;2008;684;2008
2930;2008;1333;2008
1176;2008;1648;2008
1594;2008;416;2008
1268;2008;1763;2008
9234;2008;6772;2008
1806;2008;735;2008
6205;2008;2709;2008
6156;2008;1861;2008
0616;2008;1324;2008
2028;2008;9711;2008
3266;2008;526;2008
5689;2008;2648;2008
8581;2008;3255;2008
7910;2008;428;2008
5434;2008;1581;2008
0570;2008;1843;2008
2793;2008;1455;2008
9638;2008;4776;2008
9988;2008;517;2008
6393;2008;2088;2008
6932;2008;858;2008
0657;2008;1573;2008
8767;2008;896;2008
4693;2008;978;2008
8003;2008;1063;2008
3319;2008;264;2008
9467;2008;6665;2008
2724;2008;4286;2008
3666;2008;8996;2008
1390;2008;5764;2008
7607;2008;7765;2008
0885;2008;7909;2008
0860;2008;4558;2008
8826;2008;10966;2008
9182;2008;12388;2008
4259;2008;11051;2008
7916;2008;2161;2008
6091;2008;33216;2008
1316;2008;6980;2008
9730;2008;2971;2008
1773;2008;3762;2008
9234;2008;3701;2008
8955;2008;3480;2008
8120;2008;2689;2008
7508;2008;5288;2008
5797;2008;5127;2008
3830;2008;34981;2008
2400;2008;7127;2008
5336;2008;6145;2008
8100;2008;4750;2008
5682;2008;5941;2008
3399;2008;8814;2008
0814;2008;3983;2008
3531;2008;5882;2008
5967;2008;6047;2008
7315;2008;3200;2008
7793;2008;6221;2008
1875;2008;5166;2008
3420;2008;6081;2008
0877;2008;4123;2008
4725;2008;9001;2008
2502;2008;8911;2008
0957;2008;4926;2008
7706;2008;9438;2008
8540;2008;4907;2008
7699;2008;9224;2008
3754;2008;2956;2008
8836;2008;3607;2008
2562;2008;27944;2008
2614;2008;4076;2008
4548;2008;1474;2008
0066;2008;30577;2008
7458;2008;4149;2008
7573;2008;2854;2008
7775;2008;10671;2008
9728;2008;6252;2008
3534;2008;19878;2008
8269;2008;4501;2008
7066;2008;3956;2008
5284;2008;2138;2008
0890;2008;21402;2008
2931;2008;7421;2008
0228;2008;12071;2008
4354;2008;8121;2008
2704;2008;11960;2008
0808;2008;811;2008
1102;2008;2267;2008
9146;2008;5046;2008
1036;2008;16790;2008
0402;2008;9697;2008
0349;2008;1768;2008
8912;2008;9080;2008
7927;2008;2261;2008
6438;2008;10771;2008
7761;2008;13841;2008
5512;2008;6618;2008
5047;2008;13009;2008
8167;2008;6758;2008
2585;2008;5338;2008
9825;2008;4981;2008
8094;2008;8811;2008
5057;2008;9837;2008
9659;2008;7387;2008
0152;2008;3208;2008
2274;2008;2018;2008
1513;2008;6439;2008
9531;2008;9911;2008
7251;2008;11317;2008
0979;2008;11947;2008
9061;2008;4614;2008
4945;2008;10407;2008
5787;2008;80820;2008
8943;2008;10792;2008
1591;2008;6998;2008
8489;2008;16422;2008
4258;2008;3794;2008
5337;2008;17964;2008
8023;2008;29218;2008
8222;2008;9881;2008
4961;2008;1845;2008
0637;2008;10615;2008
9341;2008;3945;2008
6009;2008;6886;2008
6147;2008;10144;2008
2990;2008;12554;2008
8344;2008;11818;2008
4373;2008;14926;2008
1037;2008;6039;2008
8022;2008;50512;2008
3147;2008;3290;2008
1116;2008;3231;2008
8350;2008;10734;2008
2839;2008;14863;2008
4536;2008;12755;2008
3103;2008;7215;2008
6401;2008;4288;2008
1039;2008;6015;2008
1823;2008;6594;2008
4840;2008;2780;2008
3959;2008;24225;2008
5176;2008;14839;2008
1755;2008;20942;2008
6122;2008;6425;2008
1379;2008;38421;2008
6301;2008;26322;2008
8684;2008;11331;2008
6898;2008;15677;2008
9962;2008;6540;2008
0705;2008;11567;2008
3110;2008;25294;2008
2155;2008;4672;2008
3288;2008;7985;2008
1835;2008;12431;2008
8768;2008;40010;2008
4043;2008;11820;2008
0509;2008;17163;2008
9665;2008;12987;2008
2872;2008;18986;2008
9521;2008;26051;2008
8155;2008;7651;2008
4413;2008;2281;2008
9986;2008;4691;2008
0199;2008;265045;2008
8657;2008;9682;2008
7134;2008;13040;2008
4379;2008;19287;2008
7852;2008;3387;2008
1907;2008;21674;2008
5705;2008;4717;2008
5158;2008;1859;2008
3439;2008;2154;2008
6428;2008;4578;2008
9418;2008;3712;2008
4195;2008;3136;2008
5865;2008;754;2008
2290;2008;4126;2008
6708;2008;2627;2008
3940;2008;8329;2008
7799;2008;3346;2008
5470;2008;6896;2008
2404;2008;15822;2008
7146;2008;13567;2008
2243;2008;2662;2008
1244;2008;11945;2008
1599;2008;5726;2008
2680;2008;2480;2008
8080;2008;1630;2008
6277;2008;7618;2008
2785;2008;4519;2008
3152;2008;4825;2008
5043;2008;5615;2008
1747;2008;1660;2008
7049;2008;5727;2008
7569;2008;2072;2008
6785;2008;19995;2008
0181;2008;6344;2008
2860;2008;10139;2008
3254;2008;5630;2008
7289;2008;7043;2008
8074;2008;16851;2008
6111;2008;8102;2008
9539;2008;7096;2008
2007;2008;4453;2008
7096;2008;4138;2008
1597;2008;4594;2008
4734;2008;1999;2008
9138;2008;8362;2008
1539;2008;7477;2008
1159;2008;7107;2008
0731;2008;3236;2008
5822;2008;8951;2008
7647;2008;1827;2008
2228;2008;5601;2008
7090;2008;2012;2008
2475;2008;1998;2008
3457;2008;2971;2008
1899;2008;10635;2008
5708;2008;17548;2008
0275;2008;9527;2008
3701;2008;10879;2008
0707;2008;10561;2008
4782;2008;5860;2008
9913;2008;207340;2008
1798;2008;3904;2008
4890;2008;1406;2008
9330;2008;11115;2008
6450;2008;9297;2008
7342;2008;18653;2008
8441;2008;2966;2008
8489;2008;2413;2008
8861;2008;4018;2008
5514;2008;13261;2008
6155;2008;3668;2008
6862;2008;4589;2008
5191;2008;15043;2008
9042;2008;4906;2008
7354;2008;2752;2008
8580;2008;9816;2008
3500;2008;6267;2008
1225;2008;13041;2008
8972;2008;4541;2008
3063;2008;2902;2008
9676;2008;7102;2008
7262;2008;2365;2008
9649;2008;7180;2008
9164;2008;2236;2008
9186;2008;2202;2008
5443;2008;9899;2008
3179;2008;21831;2008
1430;2008;7091;2008
8104;2008;4491;2008
2976;2008;8766;2008
8126;2008;2530;2008
0202;2008;8057;2008
8544;2008;6144;2008
6561;2008;12318;2008
2264;2008;4444;2008
0220;2008;2161;2008
3921;2008;4323;2008
2475;2008;1666;2008
0826;2008;941;2008
6619;2008;12707;2008
2625;2008;21311;2008
3484;2008;5438;2008
0063;2008;2397;2008
9403;2008;9365;2008
2258;2008;5721;2008
3664;2008;3432;2008
5644;2008;8756;2008
3883;2008;20519;2008
6257;2008;4673;2008
9278;2008;2922;2008
3784;2008;10757;2008
1221;2008;1432;2008
9692;2008;2643;2008
1226;2008;1361;2008
8464;2008;827;2008
6428;2008;2871;2008
5908;2008;951;2008
9938;2008;1721;2008
8401;2008;4458;2008
9128;2008;3021;2008
6175;2008;1917;2008
1701;2008;3821;2008
5469;2008;2568;2008
0651;2008;2790;2008
8512;2008;2100;2008
0394;2008;2687;2008
5664;2008;4303;2008
9767;2008;1544;2008
9323;2008;2773;2008
9708;2008;1138;2008
3702;2008;1651;2008
4214;2008;2288;2008
2027;2008;1218;2008
9928;2008;12278;2008
8436;2008;3706;2008
6761;2008;3545;2008
5785;2008;1935;2008
3220;2008;11227;2008
4846;2008;1707;2008
4542;2008;1687;2008
5588;2008;1272;2008
4101;2008;4176;2008
5315;2008;1925;2008
8780;2008;10226;2008
6938;2008;6449;2008
8042;2008;50317;2008
1589;2008;1224;2008
8712;2008;1208;2008
0454;2008;4069;2008
1383;2008;3286;2008
6775;2008;8535;2008
1880;2008;3032;2008
0739;2008;5330;2008
1513;2008;1245;2008
7259;2008;2163;2008
0496;2008;1101;2008
7667;2008;14615;2008
3473;2008;2244;2008
2611;2008;821;2008
6275;2008;1092;2008
9075;2008;3476;2008
7698;2008;2304;2008
2209;2008;2948;2008
2372;2008;1879;2008
2330;2008;3537;2008
0448;2008;5383;2008
0707;2008;2544;2008
0085;2008;1944;2008
9043;2008;799;2008
5056;2008;6707;2008
7768;2008;4134;2008
3179;2008;1710;2008
9325;2008;7588;2008
9782;2008;753;2008
2261;2008;2790;2008
6785;2008;2944;2008
8328;2008;3848;2008
4345;2008;1106;2008
7819;2008;725;2008
1668;2008;13381;2008
2086;2008;666;2008
1977;2008;735;2008
6458;2008;11453;2008
2141;2008;15450;2008
7505;2008;2177;2008
4140;2008;566;2008
6215;2008;3351;2008
7963;2008;2308;2008
5407;2008;2419;2008
3683;2008;223;2008
0083;2008;164;2008
7602;2008;1358;2008
7805;2008;3055;2008
1865;2008;6250;2008
2433;2008;4973;2008
3236;2008;1199;2008
7487;2008;668;2008
6626;2008;1045;2008
5943;2008;671;2008
0573;2008;11115;2008
8169;2008;4778;2008
1058;2008;416;2008
7854;2008;13517;2008
7578;2008;813;2008
3192;2008;3985;2008
7062;2008;6372;2008
8449;2008;198;2008
0467;2008;739;2008
3398;2008;2351;2008
2752;2008;6071;2008
2110;2008;986;2008
0425;2008;6724;2008
8033;2008;2002;2008
6770;2008;6322;2008
2113;2008;2748;2008
4341;2008;1898;2008
7658;2008;1627;2008
5915;2008;578;2008
0528;2008;5189;2008
7760;2008;2357;2008
2909;2008;2689;2008
8947;2008;2845;2008
4040;2008;3000;2008
9039;2008;2087;2008
9331;2008;4916;2008
5500;2008;3018;2008
2965;2008;5337;2008
7488;2008;2446;2008
4140;2008;9164;2008
2423;2008;2837;2008
3360;2008;5769;2008
9831;2008;2653;2008
6625;2008;1571;2008
0541;2008;2730;2008
4131;2008;5570;2008
3697;2008;6962;2008
9087;2008;3471;2008
7205;2008;976;2008
2302;2008;1518;2008
8843;2008;4216;2008
4728;2008;295;2008
2346;2008;828;2008
6760;2008;1085;2008
0271;2008;3024;2008
4796;2008;592;2008
5973;2008;493;2008
3320;2008;5074;2008
9879;2008;5961;2008
3121;2008;1141;2008
3611;2008;328;2008
7703;2008;554;2008
5658;2008;2448;2008
8155;2008;4416;2008
3967;2008;1993;2008
4669;2008;3000;2008
7795;2008;8087;2008
9373;2008;7666;2008
0645;2008;6046;2008
9436;2008;1198;2008
9685;2008;2267;2008
6031;2008;2408;2008
9224;2008;1358;2008
5705;2008;1698;2008
4910;2008;416;2008
1649;2008;528;2008
5307;2008;3946;2008
1145;2008;952;2008
6615;2008;430;2008
7456;2008;1367;2008
4414;2008;721;2008
0497;2008;4216;2008
0411;2008;456;2008
4198;2008;9064;2008
3559;2008;4850;2008
3657;2008;14041;2008
9381;2008;2025;2008
3598;2008;2920;2008
6226;2008;10694;2008
9904;2008;2258;2008
6221;2008;3050;2008
8492;2008;2375;2008
7390;2008;639;2008
3221;2008;1747;2008
6830;2008;7717;2008
4599;2008;1678;2008
1708;2008;98080;2008
9180;2008;2870;2008
5509;2008;2244;2008
3306;2008;926;2008
9947;2008;2247;2008
5522;2008;1419;2008
5195;2008;784;2008
2113;2008;602;2008
9391;2008;1898;2008
3200;2008;1700;2008
0850;2008;7709;2008
0526;2008;1463;2008
8765;2008;390;2008
2509;2008;1777;2008
9242;2008;3029;2008
2626;2008;35403;2008
2200;2008;6505;2008
8541;2008;8589;2008
5915;2008;1576;2008
3593;2008;999;2008
7267;2008;27592;2008
5653;2008;770;2008
2050;2008;1679;2008
4983;2008;3737;2008
1084;2008;11970;2008
9396;2008;2245;2008
8862;2008;6412;2008
6311;2008;830;2008
4014;2008;1575;2008
0280;2008;1923;2008
9817;2008;1763;2008
6605;2008;7052;2008
1790;2008;2687;2008
0535;2008;1717;2008
3130;2008;8570;2008
6094;2008;875;2008
8518;2008;13264;2008
2239;2008;5935;2008
3996;2008;2117;2008
9997;2008;203900;2008
1450;2008;2043;2008
2695;2008;4863;2008
9471;2008;996;2008
3705;2008;3061;2008
5262;2008;3688;2008
2167;2008;7432;2008
4792;2008;5998;2008
9418;2008;2460;2008
1686;2008;294;2008
9833;2008;4986;2008
0763;2008;7467;2008
7485;2008;4655;2008
0451;2008;13555;2008
0524;2008;5507;2008
8170;2008;176;2008
6896;2008;992;2008
3052;2008;706;2008
4718;2008;4483;2008
3548;2008;1547;2008
4990;2008;1540;2008
7690;2008;14572;2008
4768;2008;1979;2008
0994;2008;5044;2008
6120;2008;4348;2008
3300;2008;2425;2008
3974;2008;4274;2008
3361;2008;5546;2008
9336;2008;1206;2008
9250;2008;2347;2008
9571;2008;625;2008
7680;2008;827;2008
2346;2008;99769;2008
2849;2008;2283;2008
6068;2008;663;2008
3354;2008;8818;2008
9148;2008;4989;2008
8481;2008;6069;2008
8291;2008;6722;2008
1844;2008;11157;2008
1940;2008;5852;2008
3456;2008;972;2008
2598;2008;2851;2008
0121;2008;2055;2008
5659;2008;2338;2008
0366;2008;4223;2008
5628;2008;1931;2008
1220;2008;106;2008
7783;2008;2725;2008
1034;2008;2318;2008
8940;2008;2427;2008
5556;2008;3673;2008
7046;2008;2259;2008
0043;2008;780;2008
4879;2008;7150;2008
5911;2008;6933;2008
3542;2008;2053;2008
8310;2008;13535;2008
4058;2008;8905;2008
5320;2008;1149;2008
6973;2008;2130;2008
3458;2008;8220;2008
1166;2008;25020;2008
9754;2008;6819;2008
0045;2008;5472;2008
5224;2008;6219;2008
8424;2008;9565;2008
4850;2008;4555;2008
6128;2008;10614;2008
6364;2008;3188;2008
0415;2008;1046;2008
2015;2008;10279;2008
9563;2008;3717;2008
1728;2008;12001;2008
8016;2008;1232;2008
5979;2008;175856;2008
2339;2008;1170;2008
8900;2008;1489;2008
4623;2008;3137;2008
7549;2008;5275;2008
4989;2008;19666;2008
7094;2008;5464;2008
6405;2008;4296;2008
1352;2008;1854;2008
3863;2008;4826;2008
3326;2008;9461;2008
6961;2008;1231;2008
3864;2008;2124;2008
4779;2008;1160;2008
1470;2008;7598;2008
8602;2008;9119;2008
0776;2008;3485;2008
6414;2008;613;2008
9214;2008;2668;2008
0644;2008;1337;2008
6095;2008;1902;2008
8882;2008;8502;2008
9380;2008;9309;2008
5530;2008;3440;2008
1617;2008;9653;2008
0967;2008;5124;2008
0374;2008;5453;2008
4065;2008;1277;2008
5938;2008;10414;2008
3929;2008;5440;2008
6215;2008;4984;2008
5670;2008;4230;2008
7072;2008;18312;2008
8037;2008;4465;2008
0580;2008;14759;2008
0143;2008;8613;2008
6802;2008;10440;2008
0140;2008;9608;2008
0823;2008;3707;2008
8166;2008;973;2008
5109;2008;24285;2008
6331;2008;6568;2008
1447;2008;5730;2008
6522;2008;6690;2008
9252;2008;14853;2008
6463;2008;929;2008
6124;2008;9076;2008
3867;2008;10148;2008
1064;2008;13346;2008
5507;2008;7205;2008
3054;2008;12858;2008
3061;2008;1379;2008
6605;2008;9119;2008
6650;2008;159915;2008
5618;2008;5907;2008
1697;2008;3966;2008
1955;2008;14298;2008
7176;2008;7668;2008
2932;2008;5791;2008
2317;2008;10627;2008
0477;2008;24528;2008
2538;2008;4462;2008
3728;2008;1986;2008
8178;2008;4259;2008
9712;2008;3421;2008
0792;2008;3980;2008
4662;2008;3966;2008
8736;2008;9363;2008
6891;2008;8327;2008
7071;2008;3213;2008
5407;2008;66149;2008
5111;2008;30407;2008
4211;2008;13860;2008
7494;2008;10702;2008
7719;2008;7163;2008
9637;2008;8927;2008
9086;2008;3112;2008
1257;2008;15734;2008
2741;2008;16769;2008
1401;2008;1303;2008
4536;2008;32983;2008
4588;2008;2065;2008
2960;2008;4106;2008
9070;2008;2946;2008
5808;2008;16637;2008
4655;2008;4423;2008
9959;2008;6249;2008
0836;2008;24039;2008
1907;2008;178873;2008
2213;2008;983;2008
2770;2008;2271;2008
0046;2008;3416;2008
3200;2008;15009;2008
8224;2008;11050;2008
4110;2008;2446;2008
7304;2008;17107;2008
5329;2008;2304;2008
7388;2008;1785;2008
5481;2008;3713;2008
5303;2008;6294;2008
9129;2008;776;2008
3098;2008;5823;2008
6636;2008;10863;2008
0582;2008;3768;2008
5570;2008;5600;2008
6472;2008;40649;2008
5537;2008;9368;2008
0778;2008;8239;2008
4711;2008;2646;2008
9282;2008;14980;2008
8449;2008;11744;2008
8613;2008;23798;2008
3646;2008;4899;2008
5961;2008;11799;2008
1032;2008;9558;2008
4835;2008;6374;2008
9855;2008;6708;2008
1059;2008;4998;2008
8567;2008;368624;2008
2729;2008;3294;2008
1849;2008;17275;2008
7514;2008;12843;2008
6025;2008;2089;2008
3333;2008;34745;2008
0408;2008;3446;2008
2605;2008;2019;2008
4651;2008;1260;2008
3224;2008;3466;2008
6222;2008;4057;2008
0705;2008;6298;2008
2379;2008;4878;2008
9004;2008;16942;2008
4148;2008;20237;2008
7335;2008;14075;2008
7577;2008;5975;2008
4976;2008;9546;2008
7526;2008;13464;2008
2317;2008;6291;2008
5571;2008;1890;2008
6696;2008;5233;2008
1535;2008;5589;2008
6887;2008;2228;2008
3692;2008;10002;2008
4024;2008;4073;2008
0214;2008;67391;2008
4499;2008;2393;2008
4056;2008;4505;2008
8160;2008;8621;2008
5263;2008;6664;2008
0922;2008;16216;2008
0660;2008;8596;2008
8402;2008;15541;2008
2750;2008;3898;2008
2528;2008;5784;2008
6857;2008;10937;2008
5675;2008;5225;2008
0081;2008;6274;2008
4513;2008;4536;2008
9471;2008;12347;2008
1289;2008;16973;2008
9370;2008;6996;2008
9262;2008;4787;2008
6371;2008;8271;2008
4634;2008;4583;2008
4325;2008;7928;2008
4106;2008;26556;2008
7240;2008;30916;2008
8561;2008;11460;2008
7917;2008;7149;2008
4485;2008;14502;2008
8431;2008;2960;2008
9401;2008;7634;2008
7471;2008;17614;2008
6633;2008;22338;2008
6328;2008;5414;2008
7618;2008;15346;2008
7415;2008;34208;2008
0719;2008;12675;2008
1224;2008;22643;2008
0051;2008;17382;2008
1548;2008;133314;2008
4347;2008;2814;2008
3382;2008;3143;2008
4368;2008;4768;2008
7068;2008;2443;2008
2715;2008;3731;2008
2906;2008;7252;2008
4716;2008;3684;2008
2452;2008;3463;2008
3405;2008;6554;2008
2297;2008;9283;2008
6429;2008;12159;2008
1978;2008;3429;2008
7894;2008;7010;2008
0155;2008;7193;2008
3280;2008;3904;2008
6244;2008;4676;2008
1668;2008;3981;2008
3751;2008;2291;2008
7904;2008;12372;2008
5792;2008;16550;2008
9578;2008;2135;2008
3336;2008;7732;2008
5001;2008;2765;2008
3734;2008;9352;2008
2737;2008;28477;2008
1994;2008;9732;2008
1390;2008;7303;2008
7525;2008;56633;2008
5495;2008;8352;2008
0548;2008;32423;2008
2479;2008;10293;2008
3976;2008;151819;2008
2582;2008;5752;2008
2639;2008;11673;2008
3707;2008;2712;2008
0383;2008;4513;2008
5143;2008;6171;2008
2402;2008;10549;2008
2325;2008;2562;2008
9501;2008;6485;2008
4132;2008;94989;2008
1691;2008;24696;2008
9279;2008;3695;2008
9702;2008;1710;2008
1974;2008;115285;2008
4588;2008;12757;2008
1294;2008;2498;2008
7738;2008;10145;2008
1380;2008;8331;2008
6261;2008;6752;2008
0703;2008;10122;2008
3352;2008;6864;2008
1613;2008;4785;2008
2600;2008;1677;2008
0420;2008;821;2008
3883;2008;6486;2008
5528;2008;816;2008
5580;2008;2086;2008
5310;2008;3323;2008
2861;2008;10562;2008
8676;2008;4273;2008
7145;2008;3664;2008
3027;2008;16936;2008
4263;2008;3077;2008
1952;2008;1307;2008
8860;2008;1975;2008
6846;2008;4404;2008
0969;2008;2089;2008
6379;2008;1621;2008
2569;2008;994;2008
2911;2008;794;2008
2126;2008;686;2008
4583;2008;8941;2008
2496;2008;2481;2008
9405;2008;1669;2008
2029;2008;7903;2008
6693;2008;478;2008
8393;2008;6256;2008
6672;2008;63022;2008
7023;2008;8687;2008
8757;2008;9894;2008
6301;2008;1018;2008
3672;2008;303;2008
0738;2008;1374;2008
9334;2008;5823;2008
5254;2008;4452;2008
3025;2008;680;2008
0145;2008;1444;2008
0743;2008;2136;2008
2754;2008;848;2008
3482;2008;1509;2008
9454;2008;1117;2008
2061;2008;2154;2008
6356;2008;4012;2008
8220;2008;11816;2008
2469;2008;2782;2008
2354;2008;667;2008
0451;2008;1692;2008
8116;2008;1249;2008
0064;2008;2808;2008
9679;2008;1240;2008
5642;2008;6510;2008
3124;2008;2646;2008
2874;2008;2708;2008
8359;2008;7268;2008
7946;2008;2216;2008
3609;2008;745;2008
7983;2008;3116;2008
3960;2008;6716;2008
7650;2008;94413;2008
2714;2008;2891;2008
9152;2008;1037;2008
9008;2008;2082;2008
2885;2008;708;2008
1974;2008;2145;2008
9853;2008;6633;2008
8859;2008;4880;2008
3992;2008;1442;2008
1388;2008;3038;2008
7981;2008;3536;2008
7437;2008;2347;2008
7291;2008;8399;2008
3376;2008;4081;2008
8758;2008;1624;2008
9072;2008;3523;2008
0786;2008;1378;2008
7994;2008;1120;2008
8708;2008;2457;2008
5867;2008;1128;2008
4058;2008;900;2008
0661;2008;7553;2008
5330;2008;7031;2008
4920;2008;15487;2008
8897;2008;4713;2008
9182;2008;101219;2008
3310;2008;5073;2008
0388;2008;1496;2008
4501;2008;2344;2008
0038;2008;7073;2008
8914;2008;2222;2008
0471;2008;4639;2008
5313;2008;1069;2008
3910;2008;18535;2008
9201;2008;1704;2008
3182;2008;3496;2008
9130;2008;4050;2008
6020;2008;14923;2008
2789;2008;5145;2008
4029;2008;4950;2008
0875;2008;31398;2008
7471;2008;27596;2008
2017;2008;9677;2008
1541;2008;1908;2008
9032;2008;40247;2008
8956;2008;12230;2008
4922;2008;6111;2008
2775;2008;1106;2008
6645;2008;3229;2008
3854;2008;2145;2008
3095;2008;10103;2008
5729;2008;2070;2008
5693;2008;2942;2008
8135;2008;6546;2008
4607;2008;1970;2008
9348;2008;3865;2008
6306;2008;1868;2008
7380;2008;32596;2008
2517;2008;6683;2008
0164;2008;3529;2008
3629;2008;759;2008
9833;2008;4015;2008
1979;2008;4250;2008
4060;2008;1955;2008
7778;2008;2044;2008
1118;2008;924;2008
2869;2008;4176;2008
2340;2008;7790;2008
7674;2008;43840;2008
5430;2008;3654;2008
3331;2008;3079;2008
6767;2008;3717;2008
4964;2008;2339;2008
8108;2008;130;2008
7793;2008;2400;2008
6721;2008;4272;2008
0544;2008;1809;2008
8643;2008;174;2008
2217;2008;1857;2008
8822;2008;7020;2008
8058;2008;614;2008
8464;2008;4891;2008
6594;2008;323;2008
5802;2008;574;2008
1968;2008;10513;2008
0661;2008;39938;2008
1987;2008;1288;2008
9648;2008;15134;2008
9097;2008;2145;2008
6696;2008;604;2008
3977;2008;233;2008
2165;2008;1586;2008
0499;2008;695;2008
2233;2008;889;2008
5783;2008;2496;2008
5238;2008;42225;2008
1001;2008;10338;2008
2583;2008;4900;2008
3565;2008;7019;2008
5077;2008;150;2008
8781;2008;6369;2008
9416;2008;3590;2008
6712;2008;3560;2008
0371;2008;7864;2008
4664;2008;807;2008
5807;2008;10226;2008
9085;2008;952;2008
0834;2008;1211;2008
6459;2008;2051;2008
2147;2008;886;2008
7972;2008;1470;2008
4519;2008;1203;2008
0307;2008;309;2008
5498;2008;6440;2008
2491;2008;11382;2008
5519;2008;15799;2008
4575;2008;21476;2008
1693;2008;846;2008
0195;2008;3783;2008
2549;2008;13207;2008
3837;2008;1493;2008
1649;2008;3468;2008
5375;2008;458;2008
6468;2008;1013;2008
9784;2008;1142;2008
1182;2008;19985;2008
5351;2008;9736;2008
8634;2008;2789;2008
2952;2008;436;2008
4246;2008;1254;2008
3927;2008;3183;2008
0623;2008;3672;2008
9725;2008;3065;2008
4940;2008;3750;2008
1937;2008;1991;2008
2174;2008;1356;2008
0182;2008;51069;2008
5319;2008;657;2008
2113;2008;1946;2008
2382;2008;1219;2008
9771;2008;8190;2008
7948;2008;3010;2008
0833;2008;2289;2008
9389;2008;3487;2008
3951;2008;3217;2008
9508;2008;1011;2008
3368;2008;5373;2008
6123;2008;3471;2008
5319;2008;37260;2008
8574;2008;9418;2008
3070;2008;1488;2008
2041;2008;996;2008
9946;2008;15470;2008
2619;2008;3321;2008
9249;2008;1186;2008
9293;2008;1390;2008
1722;2008;2533;2008
7276;2008;1006;2008
3038;2008;1624;2008
7625;2008;719;2008
4336;2008;4395;2008
9405;2008;2341;2008
4055;2008;1758;2008
9335;2008;556;2008
9920;2008;502;2008
2074;2008;2230;2008
6157;2008;1263;2008
4640;2008;603;2008
5337;2008;837;2008
4458;2008;6894;2008
4183;2008;13143;2008
2142;2008;430;2008
6263;2008;902;2008
7918;2008;681;2008
3742;2008;11654;2008
9216;2008;413;2008
2352;2008;2389;2008
4509;2008;2558;2008
7156;2008;8383;2008
1669;2008;498;2008
9488;2008;793;2008
3789;2008;1033;2008
3504;2008;618;2008
6024;2008;5291;2008
0748;2008;819;2008
6977;2008;206;2008
8469;2008;2533;2008
0023;2008;2482;2008
2677;2008;1695;2008
7934;2008;16006;2008
1256;2008;24929;2008
6456;2008;1994;2008
2781;2008;4410;2008
6318;2008;2142;2008
4370;2008;965;2008
4051;2008;47139;2008
1789;2008;1477;2008
5172;2008;16743;2008
4919;2008;2388;2008
2925;2008;396;2008
5831;2008;7020;2008
9329;2008;2144;2008
2092;2008;2222;2008
9874;2008;10908;2008
9352;2008;1986;2008
9229;2008;65470;2008
5395;2008;1080;2008
8289;2008;801;2008
7785;2008;2415;2008
1820;2008;8694;2008
6259;2008;4989;2008
6776;2008;4970;2008
8433;2008;69705;2008
7508;2008;10415;2008
5050;2008;2605;2008
1034;2008;2177;2008
4730;2008;7903;2008
4509;2008;2117;2008
3196;2008;4865;2008
6618;2008;1250;2008
5748;2008;14318;2008
7063;2008;6552;2008
4659;2008;10195;2008
2029;2008;7344;2008
4239;2008;31833;2008
0913;2008;2337;2008
9157;2008;45034;2008
0811;2008;633;2008
4821;2008;6110;2008
5217;2008;1885;2008
9410;2008;5243;2008
1950;2008;495;2008
8802;2008;7772;2008
8595;2008;644;2008
0403;2008;3932;2008
0979;2008;500;2008
8073;2008;85917;2008
2742;2008;22711;2008
2820;2008;2352;2008
3299;2008;1149;2008
6716;2008;4578;2008
5478;2008;3773;2008
0295;2008;2499;2008
6091;2008;24647;2008
7543;2008;2463;2008
0716;2008;8478;2008
1568;2008;1470;2008
5504;2008;13408;2008
1929;2008;728;2008
0817;2008;3319;2008
2191;2008;1011;2008
3520;2008;348;2008
4193;2008;63500;2008
5653;2008;1781;2008
7895;2008;1380;2008
9916;2008;702;2008
6800;2008;16605;2008
0363;2008;8791;2008
9324;2008;1635;2008
2518;2008;7587;2008
9667;2008;6206;2008
0435;2008;3222;2008
0156;2008;7885;2008
6165;2008;20864;2008
1306;2008;10686;2008
6718;2008;20676;2008
1790;2008;19366;2008
6846;2008;9788;2008
2003;2008;89132;2008
3367;2008;1837;2008
5341;2008;8770;2008
9127;2008;24985;2008
2496;2008;1767;2008
6121;2008;6893;2008
0534;2008;11457;2008
7962;2008;5545;2008
1958;2008;4496;2008
0982;2008;25733;2008
2870;2008;10691;2008
0091;2008;4260;2008
3628;2008;17823;2008
9870;2008;16077;2008
7597;2008;41973;2008
9166;2008;6945;2008
4365;2008;17878;2008
3183;2008;10228;2008
2748;2008;16177;2008
6319;2008;5613;2008
2087;2008;46447;2008
1921;2008;14001;2008
5025;2008;16748;2008
3181;2008;357684;2008
9950;2008;4912;2008
1871;2008;22883;2008
1453;2008;4882;2008
3743;2008;14164;2008
7185;2008;14737;2008
3960;2008;6118;2008
8991;2008;19295;2008
2885;2008;1863;2008
0518;2008;3349;2008
7534;2008;3708;2008
6715;2008;13334;2008
9719;2008;13221;2008
1064;2008;1228;2008
5603;2008;7660;2008
3984;2008;20712;2008
6819;2008;15941;2008
1438;2008;8534;2008
8797;2008;7542;2008
8317;2008;17093;2008
2059;2008;1302;2008
5688;2008;4100;2008
6943;2008;49810;2008
2412;2008;7709;2008
7812;2008;47374;2008
8083;2008;17998;2008
0298;2008;7500;2008
9411;2008;5092;2008
8610;2008;8171;2008
1848;2008;14128;2008
6799;2008;3227;2008
2822;2008;13216;2008
7877;2008;4526;2008
5606;2008;3781;2008
3267;2008;379;2008
3312;2008;8628;2008
5193;2008;27941;2008
9607;2008;16561;2008
9832;2008;159195;2008
4508;2008;2227;2008
8590;2008;1968;2008
8830;2008;34620;2008
3301;2008;3679;2008
4807;2008;11953;2008
8950;2008;2195;2008
6232;2008;1215;2008
8177;2008;32029;2008
1943;2008;6979;2008
7469;2008;592;2008
4670;2008;3095;2008
4826;2008;7356;2008
9901;2008;5761;2008
1652;2008;6488;2008
8918;2008;11015;2008
6900;2008;5932;2008
2885;2008;1036;2008
5436;2008;3692;2008
6236;2008;42824;2008
3167;2008;12552;2008
5196;2008;1986;2008
0157;2008;2347;2008
9916;2008;1544;2008
1072;2008;4206;2008
4313;2008;3433;2008
6140;2008;1282;2008
6579;2008;1370;2008
8542;2008;8803;2008
3259;2008;1198;2008
8574;2008;1864;2008
2359;2008;1878;2008
0930;2008;767;2008
2191;2008;10999;2008
6218;2008;631;2008
7062;2008;4568;2008
5160;2008;4965;2008
1798;2008;86667;2008
7025;2008;6020;2008
6847;2008;15109;2008
2036;2008;27653;2008
8395;2008;1605;2008
7682;2008;31198;2008
5023;2008;27895;2008
7925;2008;13443;2008
6216;2008;1692;2008
0355;2008;12349;2008
2830;2008;4440;2008
5827;2008;12361;2008
8835;2008;8284;2008
8409;2008;11102;2008
9192;2008;5862;2008
6897;2008;97937;2008
8360;2008;1166;2008
5121;2008;12639;2008
4651;2008;9978;2008
5561;2008;5374;2008
5301;2008;1603;2008
6283;2008;3322;2008
6002;2008;3098;2008
2701;2008;2844;2008
4628;2008;2201;2008
5814;2008;13306;2008
8681;2008;9303;2008
8936;2008;970;2008
3156;2008;2143;2008
1840;2008;9142;2008
9583;2008;22884;2008
7645;2008;9316;2008
0499;2008;3507;2008
4947;2008;5870;2008
8055;2008;3568;2008
7544;2008;3341;2008
9430;2008;612;2008
4157;2008;1866;2008
8718;2008;8654;2008
6641;2008;23843;2008
3016;2008;853;2008
5191;2008;3311;2008
3573;2008;6190;2008
0947;2008;3279;2008
0728;2008;6276;2008
4296;2008;3219;2008
4242;2008;16961;2008
1931;2008;16230;2008
1229;2008;1498;2008
7884;2008;2949;2008
8418;2008;6309;2008
8867;2008;1154;2008
9313;2008;12166;2008
9933;2008;6743;2008
6869;2008;7199;2008
8436;2008;3230;2008
6888;2008;3783;2008
7990;2008;2906;2008
9871;2008;8807;2008
6621;2008;2520;2008
5721;2008;2963;2008
5843;2008;7377;2008
6160;2008;1942;2008
1472;2008;8911;2008
0598;2008;21197;2008
8831;2008;2681;2008
8497;2008;5207;2008
3149;2008;14448;2008
7349;2008;8880;2008
9127;2008;8162;2008
5004;2008;1567;2008
6080;2008;2429;2008
6260;2008;4189;2008
9553;2008;2166;2008
5535;2008;28840;2008
4149;2008;1742;2008
0962;2008;1204;2008
5683;2008;990;2008
0357;2008;5205;2008
1415;2008;1724;2008
5944;2008;7762;2008
4580;2008;916;2008
1182;2008;2750;2008
8062;2008;4811;2008
5774;2008;53416;2008
6603;2008;12735;2008
6041;2008;9578;2008
2429;2008;7539;2008
9755;2008;1386;2008
2541;2008;4340;2008
2591;2008;2502;2008
3607;2008;4147;2008
7664;2008;4683;2008
2319;2008;1663;2008
3280;2008;7423;2008
5518;2008;2678;2008
9001;2008;3102;2008
0182;2008;21926;2008
9382;2008;8904;2008
2486;2008;78983;2008
0115;2008;1465;2008
7728;2008;3716;2008
5051;2008;7523;2008
4428;2008;8799;2008
4002;2008;12775;2008
2049;2008;1222;2008
7973;2008;15015;2008
9578;2008;4015;2008
8586;2008;1150;2008
4661;2008;9492;2008
4512;2008;2798;2008
5236;2008;4562;2008
2874;2008;3617;2008
4320;2008;979;2008
5664;2008;3694;2008
5875;2008;1330;2008
6534;2008;1205;2008
1913;2008;26985;2008
6014;2008;21098;2008
0747;2008;4219;2008
2225;2008;5052;2008
7615;2008;2528;2008
8087;2008;4269;2008
8456;2008;3244;2008
4414;2008;3235;2008
2853;2008;15368;2008
7824;2008;1165;2008
5286;2008;3327;2008
9515;2008;7690;2008
3289;2008;39898;2008
6742;2008;3477;2008
7230;2008;19315;2008
0578;2008;1325;2008
5096;2008;9211;2008
6641;2008;55680;2008
3865;2008;2841;2008
4281;2008;1846;2008
4751;2008;3757;2008
6236;2008;6344;2008
2781;2008;15753;2008
7676;2008;32646;2008
1822;2008;665;2008
7327;2008;14178;2008
4887;2008;18244;2008
4082;2008;3834;2008
0046;2008;1689;2008
5123;2008;5669;2008
1554;2008;630;2008
5287;2008;1250;2008
0941;2008;1683;2008
1640;2008;6083;2008
5597;2008;4957;2008
9058;2008;1023;2008
9686;2008;5813;2008
3320;2008;5579;2008
5012;2008;160293;2008
4633;2008;3784;2008
4190;2008;2309;2008
0939;2008;146;2008
0182;2008;798;2008
9823;2008;11317;2008
5485;2008;588;2008
1428;2008;1501;2008
8493;2008;487;2008
8315;2008;1190;2008
4737;2008;2518;2008
6445;2008;8622;2008
1366;2008;38573;2008
8002;2008;17029;2008
6581;2008;6317;2008
1853;2008;8227;2008
8852;2008;3833;2008
8297;2008;16476;2008
3024;2008;3490;2008
2212;2008;423;2008
5734;2008;1469;2008
6057;2008;4990;2008
6122;2008;1851;2008
8952;2008;1554;2008
4964;2008;11711;2008
0359;2008;2830;2008
5120;2008;1822;2008
5686;2008;2833;2008
7841;2008;1865;2008
1424;2008;2217;2008
2156;2008;3041;2008
5505;2008;2932;2008
5861;2008;1952;2008
6187;2008;1756;2008
0882;2008;1922;2008
3808;2008;1904;2008
8297;2008;1610;2008
4282;2008;5161;2008
2172;2008;1760;2008
0869;2008;1239;2008
0591;2008;1241;2008
0978;2008;1592;2008
9836;2008;20320;2008
2658;2008;21041;2008
5297;2008;1904;2008
0911;2008;602;2008
0033;2008;1084;2008
5676;2008;280;2008
6029;2008;1949;2008
8956;2008;4762;2008
4517;2008;2376;2008
1632;2008;4943;2008
4298;2008;109080;2008
3387;2008;2556;2008
6054;2008;5735;2008
8706;2008;913;2008
8088;2008;3716;2008
5635;2008;1075;2008
5459;2008;4806;2008
1676;2008;1270;2008
9142;2008;3268;2008
5744;2008;4232;2008
6447;2008;1794;2008
6322;2008;873;2008
8477;2008;3175;2008
0374;2008;5284;2008
2907;2008;1820;2008
9683;2008;6462;2008
5769;2008;5413;2008
4110;2008;2082;2008
9150;2008;2561;2008
8891;2008;2321;2008
8237;2008;1388;2008
1950;2008;1295;2008
2211;2008;16145;2008
9558;2008;1700;2008
0306;2008;3733;2008
7859;2008;8016;2008
6785;2008;2255;2008
3737;2008;1672;2008
1734;2008;3014;2008
8083;2008;1484;2008
1023;2008;2315;2008
4203;2008;2851;2008
9421;2008;2427;2008
4293;2008;990;2008
6924;2008;954;2008
5404;2008;3570;2008
6168;2008;8630;2008
9300;2008;13332;2008
1400;2008;2008;2008
6834;2008;3584;2008
7096;2008;9052;2008
5055;2008;1057;2008
3110;2008;3601;2008
5591;2008;8451;2008
6051;2008;2234;2008
0051;2008;612;2008
5258;2008;8574;2008
2792;2008;1283;2008
7346;2008;2164;2008
5355;2008;8602;2008
9412;2008;6339;2008
3305;2008;16056;2008
7309;2008;395;2008
6910;2008;8109;2008
4944;2008;2939;2008
4516;2008;2628;2008
9623;2008;4138;2008
3071;2008;2337;2008
7710;2008;13282;2008
5289;2008;4843;2008
2267;2008;61901;2008
1430;2008;4548;2008
3306;2008;734;2008
3852;2008;2688;2008
9030;2008;2773;2008
9761;2008;271;2008
6446;2008;649;2008
9409;2008;669;2008
8182;2008;4603;2008
2929;2008;1012;2008
6240;2008;2797;2008
6212;2008;1723;2008
5461;2008;774;2008
3087;2008;1221;2008
4912;2008;300;2008
8422;2008;1025;2008
2697;2008;1247;2008
2532;2008;6956;2008
6506;2008;500;2008
3665;2008;447;2008
3718;2008;369;2008
6126;2008;204;2008
9475;2008;1626;2008
7540;2008;509;2008
3896;2008;331;2008
9223;2008;694;2008
5447;2008;3473;2008
6889;2008;572;2008
9624;2008;12259;2008
6211;2008;1555;2008
6853;2008;2948;2008
3898;2008;693;2008
8523;2008;1532;2008
7404;2008;394;2008
0180;2008;2628;2008
3338;2008;649;2008
2258;2008;3919;2008
0838;2008;91;2008
8517;2008;142;2008
8922;2008;577;2008
7472;2008;401;2008
7224;2008;962;2008
0398;2008;1260;2008
5865;2008;312;2008
7570;2008;784;2008
9405;2008;4150;2008
7279;2008;366;2008
6424;2008;285;2008
6888;2008;462;2008
3138;2008;193;2008
7761;2008;2292;2008
9304;2008;1301;2008
3815;2008;2159;2008
9813;2008;1356;2008
3948;2008;5887;2008
9469;2008;2766;2008
4995;2008;2368;2008
6696;2008;583;2008
0132;2008;743;2008
9787;2008;370;2008
4530;2008;46358;2008
7902;2008;1331;2008
7231;2008;623;2008
5551;2008;890;2008
5958;2008;566;2008
3505;2008;3001;2008
7281;2008;1100;2008
3838;2008;2127;2008
9796;2008;1455;2008
3291;2008;998;2008
7914;2008;1381;2008
3047;2008;1281;2008
5095;2008;250;2008
1839;2008;273;2008
7526;2008;226;2008
1123;2008;1579;2008
4997;2008;1746;2008
6399;2008;37574;2008
1659;2008;4242;2008
2338;2008;17973;2008
2154;2008;970;2008
6490;2008;48303;2008
3109;2008;1471;2008
5918;2008;18147;2008
1985;2008;1705;2008
7970;2008;13320;2008
7794;2008;3035;2008
0602;2008;17915;2008
4966;2008;467;2008
9371;2008;10564;2008
9174;2008;3823;2008
3730;2008;359;2008
5071;2008;8574;2008
3617;2008;397;2008
2891;2008;4788;2008
3793;2008;762;2008
1894;2008;8696;2008
8029;2008;7265;2008
5653;2008;8203;2008
2923;2008;858;2008
8793;2008;10320;2008
0752;2008;1166;2008
7448;2008;504;2008
3187;2008;34450;2008
8474;2008;1473;2008
3668;2008;666;2008
3770;2008;52020;2008
7493;2008;1750;2008
9854;2008;21596;2008
5491;2008;3730;2008
1861;2008;11962;2008
6584;2008;526;2008
1449;2008;11700;2008
4749;2008;20450;2008
6994;2008;5651;2008
0431;2008;1955;2008
0651;2008;5940;2008
8998;2008;23541;2008
1242;2008;1258;2008
1896;2008;803;2008
4028;2008;19841;2008
4716;2008;80117;2008
4509;2008;421;2008
7531;2008;5729;2008
7632;2008;12492;2008
9850;2008;993;2008
5174;2008;1518;2008
7166;2008;935;2008
9991;2008;6662;2008
6535;2008;795;2008
3561;2008;6760;2008
1913;2008;36671;2008
0667;2008;2854;2008
2684;2008;19917;2008
5712;2008;10618;2008
8416;2008;1416;2008
1399;2008;2052;2008
4257;2008;5078;2008
1250;2008;8651;2008
9352;2008;38322;2008
3928;2008;1973;2008
5872;2008;2642;2008
0842;2008;7903;2008
3969;2008;1357;2008
3249;2008;1930;2008
0960;2008;1710;2008
6413;2008;44430;2008
1598;2008;6810;2008
0164;2008;19953;2008
8028;2008;12150;2008
7577;2008;263;2008
9201;2008;809;2008
7449;2008;2453;2008
5727;2008;54924;2008
5195;2008;1173;2008
4305;2008;8815;2008
5617;2008;8906;2008
3835;2008;767;2008
8373;2008;215;2008
0854;2008;385;2008
7161;2008;14907;2008
4072;2008;302;2008
2646;2008;11223;2008
5724;2008;1041;2008
3502;2008;760;2008
3371;2008;2614065;2008
5016;2008;1451;2008
4283;2008;6746;2008
3047;2008;944;2008
4501;2008;1529;2008
5287;2008;2770;2008
9058;2008;16941;2008
3567;2008;4130;2008
8935;2008;3766;2008
6619;2008;3465;2008
1595;2008;179;2008
8619;2008;9239;2008
2313;2008;9203;2008
6439;2008;53336;2008
2670;2008;5171;2008
7793;2008;1061;2008
9863;2008;5565;2008
9371;2008;326;2008
7180;2008;312;2008
9132;2008;14402;2008
2312;2008;51632;2008
9435;2008;3983;2008
5367;2008;197;2008
0352;2008;16405;2008
5343;2008;12287;2008
9515;2008;37554;2008
0869;2008;41520;2008
9981;2008;37211;2008
6431;2008;12832;2008
8908;2008;63785;2008
9405;2008;28660;2008
1088;2008;66057;2008
4003;2008;1644;2008
3827;2008;660;2008
7045;2008;4502;2008
1569;2008;34318;2008
3114;2008;11066;2008
9130;2008;35522;2008
1690;2008;36431;2008
1985;2008;21067;2008
0971;2008;10149;2008
6174;2008;115787;2008
2423;2008;4159;2008
1331;2008;3072;2008
1345;2008;19133;2008
1013;2008;6084;2008
2215;2008;4000;2008
1023;2008;13720;2008
1563;2008;3285;2008
9808;2008;13848;2008
3661;2008;1300;2008
4927;2008;4550;2008
1656;2008;1105;2008
5036;2008;1181;2008
3721;2008;18467;2008
6307;2008;8481;2008
6104;2008;6791;2008
9962;2008;8330;2008
4710;2008;23741;2008
8186;2008;7237;2008
4897;2008;3330;2008
7401;2008;2987;2008
5876;2008;42118;2008
7454;2008;711;2008
3188;2008;292;2008
4662;2008;1913;2008
9544;2008;28670;2008
7097;2008;2951;2008
7257;2008;4341;2008
8136;2008;21017;2008
2368;2008;5385;2008
5217;2008;5905;2008
2942;2008;2423;2008
2398;2008;7560;2008
8889;2008;4505;2008
6376;2008;2631;2008
0535;2008;787;2008
1885;2008;8879;2008
7934;2008;2766;2008
4235;2008;1777;2008
3769;2008;654;2008
2708;2008;3018;2008
4194;2008;33501;2008
3207;2008;3570;2008
8819;2008;899;2008
9148;2008;3979;2008
4500;2008;4966;2008
0552;2008;22852;2008
0302;2008;8677;2008
4090;2008;7611;2008
5176;2008;1850;2008
6784;2008;955;2008
9886;2008;808;2008
3837;2008;1674;2008
5646;2008;3978;2008
7328;2008;589;2008
9996;2008;20878;2008
0805;2008;553;2008
9774;2008;9577;2008
1111;2008;3072;2008
1479;2008;1338;2008
8443;2008;47686;2008
8358;2008;2221;2008
7370;2008;1235;2008
5444;2008;2359;2008
3725;2008;1683;2008
0140;2008;12112;2008
7118;2008;12891;2008
5710;2008;3226;2008
6362;2008;8143;2008
1606;2008;1545;2008
3072;2008;3075;2008
8803;2008;1596;2008
1464;2008;1232;2008
9312;2008;3097;2008
3244;2008;5477;2008
3812;2008;4732;2008
4058;2008;2547;2008
6809;2008;4410;2008
8006;2008;13174;2008
8043;2008;1260;2008
6133;2008;5416;2008
5828;2008;1027;2008
3317;2008;7595;2008
2138;2008;390;2008
6287;2008;2148;2008
7054;2008;3176;2008
7104;2008;3455;2008
0266;2008;998;2008
1081;2008;1563;2008
0189;2008;1958;2008
1030;2008;6298;2008
5978;2008;1501;2008
5003;2008;2719;2008
3937;2008;3116;2008
6802;2008;822;2008
2210;2008;2647;2008
1176;2008;26231;2008
5679;2008;2613;2008
5901;2008;4971;2008
6444;2008;513;2008
9926;2008;1441;2008
0598;2008;4675;2008
3218;2008;1939;2008
6404;2008;1672;2008
2762;2008;2903;2008
5375;2008;1003;2008
6558;2008;1741;2008
6432;2008;20644;2008
2083;2008;846;2008
8354;2008;2306;2008
0226;2008;1272;2008
7672;2008;2685;2008
0989;2008;1754;2008
8618;2008;397;2008
0556;2008;1393;2008
3172;2008;7479;2008
1268;2008;4948;2008
0079;2008;5319;2008
8485;2008;52614;2008
4328;2008;2328;2008
7783;2008;5706;2008
6782;2008;1760;2008
0404;2008;5850;2008
9577;2008;5897;2008
0171;2008;1774;2008
3014;2008;5304;2008
4646;2008;9364;2008
3895;2008;1705;2008
6030;2008;19044;2008
3160;2008;6794;2008
2291;2008;8083;2008
3570;2008;14395;2008
4855;2008;20706;2008
5584;2008;10057;2008
9044;2008;8448;2008
0685;2008;76961;2008
0496;2008;1629;2008
3231;2008;1182;2008
7738;2008;1517;2008
3439;2008;4004;2008
9503;2008;22751;2008
2077;2008;5107;2008
7400;2008;7943;2008
6503;2008;464;2008
4670;2008;1339;2008
6894;2008;7173;2008
7843;2008;2143;2008
7113;2008;874;2008
6781;2008;1542;2008
9244;2008;4984;2008
8580;2008;8580;2008
1338;2008;710;2008
1131;2008;2279;2008
9275;2008;651;2008
4234;2008;3651;2008
0500;2008;6963;2008
9776;2008;9985;2008
5919;2008;788;2008
5891;2008;1160;2008
5573;2008;14063;2008
6330;2008;10645;2008
6723;2008;39103;2008
2069;2008;40087;2008
3040;2008;2400;2008
0960;2008;3279;2008
7166;2008;26223;2008
8339;2008;21696;2008
6084;2008;10880;2008
0206;2008;2851;2008
4954;2008;2420;2008
4292;2008;11577;2008
9339;2008;4635;2008
4929;2008;3118;2008
3783;2008;6370;2008
2451;2008;1930;2008
9126;2008;7887;2008
2092;2008;1543;2008
7437;2008;1669;2008
8922;2008;1803;2008
6402;2008;1438;2008
2195;2008;7497;2008
4795;2008;2492;2008
5286;2008;3459;2008
0384;2008;3696;2008
7120;2008;978;2008
0055;2008;533;2008
1507;2008;1872;2008
2174;2008;13149;2008
1790;2008;17356;2008
5033;2008;1030;2008
6099;2008;12411;2008
7121;2008;20758;2008
7191;2008;1021;2008
1312;2008;1960;2008
7852;2008;11995;2008
8351;2008;14060;2008
9201;2008;32591;2008
7297;2008;2691;2008
9668;2008;4882;2008
5227;2008;2365;2008
2007;2008;13988;2008
1747;2008;22588;2008
7653;2008;7363;2008
2119;2008;7583;2008
4301;2008;12795;2008
6990;2008;13140;2008
3939;2008;999;2008
6551;2008;17300;2008
5233;2008;6596;2008
4196;2008;1035;2008
9014;2008;2797;2008
5469;2008;6018;2008
8249;2008;10789;2008
9697;2008;6368;2008
7200;2008;3789;2008
7939;2008;7780;2008
0481;2008;6566;2008
7016;2008;6193;2008
8972;2008;8055;2008
2218;2008;2883;2008
0381;2008;5779;2008
1195;2008;2726;2008
9610;2008;1963;2008
6568;2008;870;2008
8169;2008;2635;2008
8340;2008;62123;2008
4626;2008;1470;2008
9401;2008;2060;2008
0788;2008;1870;2008
3059;2008;2508;2008
5858;2008;1115;2008
8038;2008;1539;2008
3398;2008;1505;2008
3966;2008;984;2008
2586;2008;1610;2008
7795;2008;1397;2008
4357;2008;2614;2008
5788;2008;1508;2008
7176;2008;2169;2008
8035;2008;3451;2008
3530;2008;4210;2008
6637;2008;2584;2008
2751;2008;2686;2008
8594;2008;4230;2008
1964;2008;2723;2008
9049;2008;2264;2008
9892;2008;3818;2008
7656;2008;3538;2008
3075;2008;1500;2008
4545;2008;1208;2008
5738;2008;1182;2008
4921;2008;1922;2008
8164;2008;2486;2008
7871;2008;513;2008
0975;2008;5377;2008
3809;2008;3965;2008
8753;2008;1915;2008
2035;2008;4182;2008
1636;2008;1717;2008
9367;2008;1695;2008
5073;2008;13474;2008
3315;2008;5173;2008
2987;2008;4144;2008
7490;2008;2633;2008
7988;2008;2098;2008
0009;2008;1976;2008
8327;2008;1580;2008
1537;2008;2091;2008
8130;2008;617;2008
2535;2008;3089;2008
9153;2008;2627;2008
0289;2008;2397;2008
7611;2008;1422;2008
6384;2008;1338;2008
6761;2008;5311;2008
3386;2008;9846;2008
7653;2008;3119;2008
9590;2008;3267;2008
8833;2008;2344;2008
2955;2008;2187;2008
3043;2008;828;2008
1870;2008;3643;2008
1840;2008;1275;2008
0421;2008;860;2008
2242;2008;3509;2008
3108;2008;3986;2008
2430;2008;1018;2008
3786;2008;11386;2008
0134;2008;4323;2008
2466;2008;651;2008
1266;2008;4066;2008
9987;2008;6637;2008
4911;2008;1564;2008
1549;2008;3547;2008
9905;2008;3028;2008
7986;2008;612;2008
7117;2008;54907;2008
9116;2008;63775;2008
8316;2008;7325;2008
4666;2008;6549;2008
7061;2008;36313;2008
4675;2008;27104;2008
9609;2008;9663;2008
3465;2008;27451;2008
5305;2008;10515;2008
6905;2008;15927;2008
2212;2008;37386;2008
0051;2008;12487;2008
3276;2008;5348;2008
0628;2008;7150;2008
6495;2008;2170;2008
2082;2008;21831;2008
8106;2008;49698;2008
3844;2008;3366;2008
8488;2008;8131;2008
1880;2008;13321;2008
5268;2008;18888;2008
5932;2008;3778;2008
1306;2008;79443;2008
8134;2008;66079;2008
8110;2008;6974;2008
2293;2008;18984;2008
3311;2008;12664;2008
7406;2008;6987;2008
4493;2008;1792;2008
2191;2008;12643;2008
0814;2008;16620;2008
3698;2008;30770;2008
0503;2008;15908;2008
6226;2008;111305;2008
6389;2008;29719;2008
8802;2008;18172;2008
1402;2008;18697;2008
0768;2008;4638;2008
0191;2008;6178;2008
7109;2008;1709;2008
6414;2008;58708;2008
2685;2008;7401;2008
5697;2008;30196;2008
8362;2008;13786;2008
8121;2008;37525;2008
2511;2008;7881;2008
7043;2008;13140;2008
2471;2008;33850;2008
9545;2008;964314;2008
1853;2008;33704;2008
0216;2008;23381;2008
6707;2008;14714;2008
3354;2008;12985;2008
5394;2008;6057;2008
2000;2008;20864;2008
0140;2008;13727;2008
7555;2008;39883;2008
4222;2008;25730;2008
6048;2008;56419;2008
4369;2008;81998;2008
2559;2008;10527;2008
4250;2008;25043;2008
1555;2008;39105;2008
8941;2008;54677;2008
3315;2008;7261;2008
0144;2008;10803;2008
1055;2008;47433;2008
1724;2008;27150;2008
9480;2008;3400;2008
6170;2008;9412;2008
1482;2008;8966;2008
7540;2008;28323;2008
9047;2008;33196;2008
9318;2008;19442;2008
3734;2008;6058;2008
8774;2008;15192;2008
5003;2008;5721;2008
4432;2008;3172;2008
6436;2008;34633;2008
9556;2008;16360;2008
6517;2008;8183;2008
4994;2008;17354;2008
5396;2008;43890;2008
6328;2008;87084;2008
2070;2008;3794;2008
3794;2008;20758;2008
8811;2008;29200;2008
9036;2008;4637;2008
2021;2008;22802;2008
9790;2008;11390;2008
2131;2008;9291;2008
0716;2008;5772;2008
8723;2008;3893;2008
0831;2008;4296;2008
6485;2008;2123;2008
1483;2008;1921;2008
7390;2008;23114;2008
5931;2008;11117;2008
3890;2008;7759;2008
5500;2008;55489;2008
8043;2008;3304;2008
2951;2008;4725;2008
1573;2008;4085;2008
7775;2008;2547;2008
8073;2008;382;2008
3340;2008;2564;2008
0621;2008;5180;2008
3488;2008;1123;2008
2827;2008;3643;2008
4879;2008;2424;2008
7239;2008;1590;2008
0937;2008;1982;2008
0746;2008;1028;2008
3663;2008;1186;2008
6888;2008;2181;2008
1700;2008;1701;2008
3430;2008;10087;2008
7261;2008;2499;2008
6074;2008;587;2008
6024;2008;2427;2008
3106;2008;3022;2008
6327;2008;1448;2008
3990;2008;1835;2008
5501;2008;3255;2008
7042;2008;3365;2008
3895;2008;5404;2008
0394;2008;4103;2008
3349;2008;3664;2008
2631;2008;811;2008
1148;2008;8294;2008
1256;2008;1994;2008
8730;2008;1862;2008
0921;2008;2775;2008
2956;2008;1689;2008
2933;2008;3647;2008
5111;2008;6449;2008
0681;2008;1219;2008
7454;2008;3266;2008
7195;2008;1717;2008
6840;2008;1958;2008
9019;2008;12504;2008
9585;2008;8071;2008
3734;2008;506;2008
0056;2008;4019;2008
2488;2008;3491;2008
9725;2008;11203;2008
4461;2008;2271;2008
2382;2008;1450;2008
9536;2008;7956;2008
0089;2008;3012;2008
6309;2008;5420;2008
5569;2008;873;2008
6654;2008;10410;2008
4756;2008;8688;2008
4120;2008;1345;2008
4535;2008;1715;2008
2983;2008;5300;2008
6005;2008;4403;2008
6764;2008;1872;2008
6255;2008;1894;2008
2187;2008;711;2008
4254;2008;2599;2008
1398;2008;374;2008
2415;2008;2468;2008
7281;2008;1575;2008
9911;2008;2955;2008
8428;2008;3606;2008
9311;2008;1917;2008
9083;2008;2239;2008
4554;2008;2411;2008
4116;2008;885;2008
8085;2008;3580;2008
9594;2008;802;2008
5865;2008;1230;2008
9153;2008;4753;2008
4659;2008;2675;2008
8989;2008;810;2008
5378;2008;1571;2008
1930;2008;1780;2008
9333;2008;1518;2008
0383;2008;1761;2008
4602;2008;852;2008
7449;2008;757;2008
1046;2008;4496;2008
4343;2008;1452;2008
7802;2008;2243;2008
4761;2008;1219;2008
1039;2008;1382;2008
0250;2008;999;2008
4994;2008;7265;2008
1867;2008;2926;2008
2135;2008;12234;2008
1034;2008;564;2008
6968;2008;3646;2008
6733;2008;3203;2008
3678;2008;1628;2008
7662;2008;1631;2008
4115;2008;2540;2008
2061;2008;1567;2008
5685;2008;2246;2008
0416;2008;1393;2008
2199;2008;584;2008
0025;2008;1100;2008
9641;2008;924;2008
9136;2008;2891;2008
1252;2008;1432;2008
1566;2008;2611;2008
0366;2008;1002;2008
9992;2008;1836;2008
4183;2008;3935;2008
2100;2008;1274;2008
4968;2008;2872;2008
7664;2008;20572;2008
2302;2008;6419;2008
8222;2008;1113;2008
4817;2008;6809;2008
7001;2008;5365;2008
7655;2008;31627;2008
7339;2008;1668;2008
4528;2008;5720;2008
0048;2008;2347;2008
1206;2008;917;2008
6829;2008;2436;2008
9298;2008;16737;2008
8494;2008;50744;2008
7467;2008;886;2008
4087;2008;5600;2008
9179;2008;5465;2008
5398;2008;2643;2008
4328;2008;2867;2008
9093;2008;1551;2008
5769;2008;7091;2008
3034;2008;15972;2008
1530;2008;494;2008
7503;2008;1125;2008
0263;2008;21696;2008
8221;2008;1249;2008
5691;2008;1494;2008
7095;2008;4863;2008
5545;2008;2019;2008
6340;2008;1957;2008
4332;2008;7975;2008
0593;2008;2506;2008
0629;2008;673;2008
5851;2008;13468;2008
2937;2008;2756;2008
4074;2008;1324;2008
5311;2008;53853;2008
6166;2008;1994;2008
7508;2008;5059;2008
4579;2008;2548;2008
9681;2008;2352;2008
3734;2008;1280;2008
1577;2008;3814;2008
1281;2008;753;2008
7461;2008;902;2008
9342;2008;3346;2008
7318;2008;2537;2008
9664;2008;668;2008
6631;2008;578;2008
5727;2008;37637;2008
5341;2008;1329;2008
6874;2008;13356;2008
8817;2008;829;2008
8506;2008;1296;2008
0750;2008;5249;2008
6125;2008;11849;2008
9883;2008;1364;2008
7006;2008;1248;2008
3430;2008;1044;2008
7442;2008;1196;2008
4538;2008;1782;2008
2220;2008;892;2008
6759;2008;1518;2008
2415;2008;1082;2008
2958;2008;874;2008
6714;2008;5644;2008
3331;2008;21516;2008
6624;2008;2861;2008
1887;2008;1947;2008
4423;2008;2249;2008
2510;2008;2533;2008
8816;2008;9569;2008
1614;2008;12333;2008
1659;2008;592;2008
6911;2008;1646;2008
2247;2008;6955;2008
1938;2008;749;2008
9354;2008;46371;2008
6624;2008;24079;2008
7132;2008;2224;2008
2426;2008;2230;2008
7239;2008;6892;2008
6214;2008;3932;2008
1008;2008;1556;2008
5503;2008;1249;2008
6115;2008;707;2008
1160;2008;5487;2008
9190;2008;35034;2008
2980;2008;4101;2008
0374;2008;10449;2008
8138;2008;1794;2008
9994;2008;1031;2008
1584;2008;706;2008
4697;2008;1229;2008
7654;2008;1520;2008
2380;2008;2858;2008
0802;2008;5375;2008
1653;2008;2485;2008
1891;2008;24718;2008
6531;2008;3946;2008
2433;2008;2307;2008
6706;2008;2022;2008
0409;2008;968;2008
9350;2008;2490;2008
9221;2008;1280;2008
1579;2008;7457;2008
5575;2008;1761;2008
3133;2008;9170;2008
5882;2008;1780;2008
6679;2008;396;2008
1812;2008;873;2008
6883;2008;867;2008
6570;2008;625;2008
2843;2008;12601;2008
7851;2008;2007;2008
8518;2008;136689;2008
5936;2008;605;2008
3872;2008;6651;2008
9015;2008;3810;2008
0518;2008;4494;2008
0237;2008;2641;2008
1713;2008;9931;2008
2807;2008;978;2008
0544;2008;707;2008
5135;2008;1696;2008
9585;2008;1754;2008
3605;2008;3165;2008
6091;2008;721;2008
1433;2008;2779;2008
3297;2008;8824;2008
9173;2008;467;2008
1563;2008;10043;2008
7442;2008;2776;2008
1985;2008;7064;2008
0006;2008;31262;2008
7560;2008;5056;2008
8948;2008;49931;2008
8627;2008;1532;2008
2296;2008;353;2008
0330;2008;3995;2008
0424;2008;1393;2008
5692;2008;10315;2008
1133;2008;3427;2008
5173;2008;819;2008
2800;2008;994;2008
2711;2008;8218;2008
4617;2008;1795;2008
0132;2008;1256;2008
0329;2008;2276;2008
2161;2008;590;2008
8260;2008;4109;2008
4361;2008;1712;2008
6021;2008;347;2008
3214;2008;8797;2008
7850;2008;1783;2008
5427;2008;3175;2008
5175;2008;8266;2008
0220;2008;12962;2008
2231;2008;385;2008
5166;2008;1480;2008
9550;2008;812;2008
4330;2008;390;2008
9283;2008;1218;2008
0844;2008;40797;2008
8519;2008;3695;2008
5883;2008;685;2008
4866;2008;1834;2008
1085;2008;759;2008
5930;2008;301;2008
1209;2008;1121;2008
3194;2008;1352;2008
4431;2008;167;2008
9029;2008;891;2008
7260;2008;678;2008
9013;2008;1089;2008
6989;2008;272;2008
6574;2008;957;2008
9597;2008;5381;2008
6392;2008;697;2008
6152;2008;254;2008
5744;2008;569;2008
7866;2008;102;2008
7974;2008;5522;2008
0314;2008;454;2008
8839;2008;346;2008
4488;2008;5860;2008
0985;2008;1103;2008
3193;2008;177;2008
2943;2008;1112;2008
7993;2008;11176;2008
1647;2008;1773;2008
3454;2008;1029;2008
4897;2008;318;2008
4473;2008;3417;2008
6043;2008;273;2008
9434;2008;984;2008
0194;2008;1382;2008
2093;2008;260;2008
9500;2008;1052;2008
6437;2008;455;2008
8595;2008;415;2008
7066;2008;818;2008
1491;2008;305;2008
4034;2008;2225;2008
2376;2008;584;2008
1065;2008;2122;2008
9049;2008;71683;2008
4692;2008;1727;2008
8646;2008;5818;2008
4411;2008;1014;2008
9094;2008;3861;2008
5330;2008;1576;2008
2077;2008;440;2008
4114;2008;2759;2008
2798;2008;1553;2008
0037;2008;610;2008
6036;2008;1070;2008
8979;2008;600;2008
9041;2008;447;2008
3594;2008;1122;2008
1663;2008;676;2008
9992;2008;1948;2008
3769;2008;1209;2008
5870;2008;1281;2008
1546;2008;787;2008
1670;2008;2232;2008
7946;2008;4367;2008
0627;2008;1178;2008
8482;2008;1333;2008
4356;2008;3511;2008
4565;2008;1069;2008
6545;2008;511;2008
6735;2008;7917;2008
5962;2008;1059;2008
9925;2008;2971;2008
0010;2008;694;2008
3068;2008;719;2008
1002;2008;867;2008
6186;2008;500;2008
5454;2008;1600;2008
9611;2008;188;2008
9078;2008;1657;2008
7609;2008;3975;2008
0984;2008;127;2008
4917;2008;1828;2008
2122;2008;595;2008
8114;2008;1334;2008
9441;2008;402;2008
6989;2008;129;2008
0364;2008;2497;2008
6763;2008;2018;2008
3524;2008;593;2008
0024;2008;3105;2008
3816;2008;2779;2008
3409;2008;398;2008
9274;2008;25054;2008
4575;2008;6931;2008
6549;2008;353;2008
9561;2008;2977;2008
4430;2008;6059;2008
1994;2008;609;2008
9897;2008;170;2008
2152;2008;436;2008
7407;2008;929;2008
5243;2008;679;2008
1945;2008;920;2008
5965;2008;11886;2008
9198;2008;1928;2008
1359;2008;900;2008
1813;2008;11296;2008
8534;2008;2484;2008
0438;2008;7381;2008
8746;2008;2122;2008
4243;2008;7468;2008
7370;2008;1926;2008
1590;2008;520;2008
1758;2008;7419;2008
6807;2008;1262;2008
6850;2008;2396;2008
7942;2008;1598;2008
9393;2008;2645;2008
3629;2008;1894;2008
7366;2008;5421;2008
0132;2008;2256;2008
6322;2008;3566;2008
8131;2008;2477;2008
1134;2008;4489;2008
9438;2008;728;2008
3029;2008;1525;2008
7720;2008;375;2008
0022;2008;23002;2008
0451;2008;4973;2008
5937;2008;1120;2008
5650;2008;8139;2008
7268;2008;3553;2008
4475;2008;9104;2008
0112;2008;5017;2008
1503;2008;6950;2008
0981;2008;1748;2008
4853;2008;296;2008
1093;2008;14358;2008
7984;2008;619;2008
2666;2008;24772;2008
3619;2008;9602;2008
2024;2008;5410;2008
6259;2008;15383;2008
8397;2008;54048;2008
2171;2008;1694;2008
3803;2008;2725;2008
9730;2008;9689;2008
1357;2008;1482;2008
7566;2008;1102;2008
6581;2008;16332;2008
4015;2008;454;2008
5271;2008;3669;2008
9582;2008;1208;2008
9864;2008;350;2008
9116;2008;2788;2008
4127;2008;3950;2008
9893;2008;2033;2008
0820;2008;727;2008
5745;2008;887;2008
0255;2008;1515;2008
8181;2008;10348;2008
0216;2008;14020;2008
8796;2008;1369;2008
0955;2008;1996;2008
9837;2008;5806;2008
7325;2008;284;2008
9611;2008;1644;2008
3095;2008;1738;2008
4722;2008;1659;2008
0704;2008;3072;2008
4992;2008;7662;2008
2629;2008;6822;2008
5008;2008;1049;2008
5743;2008;48405;2008
2571;2008;3284;2008
7619;2008;1865;2008
1938;2008;12889;2008
3622;2008;120588;2008
3462;2008;546;2008
0483;2008;8152;2008
5578;2008;1347;2008
7711;2008;551;2008
0403;2008;5562;2008
0562;2008;1002;2008
7944;2008;3341;2008
8039;2008;303;2008
4191;2008;300;2008
3975;2008;1997;2008
3410;2008;3974;2008
8876;2008;627;2008
0140;2008;18015;2008
6672;2008;2796;2008
9178;2008;3185;2008
1123;2008;878;2008
3297;2008;412;2008
1822;2008;777;2008
3302;2008;2766;2008
5443;2008;2308;2008
3917;2008;1237;2008
7168;2008;1182;2008
9760;2008;10750;2008
2605;2008;916;2008
5066;2008;402;2008
0774;2008;5130;2008
3819;2008;110;2008
9125;2008;1491;2008
8540;2008;707;2008
5643;2008;703;2008
5382;2008;1417;2008
6686;2008;1076;2008
0150;2008;6471;2008
0003;2008;3172;2008
0348;2008;5959;2008
8862;2008;4182;2008
0706;2008;437;2008
9854;2008;1974;2008
6780;2008;1014;2008
5667;2008;52873;2008
4612;2008;388;2008
7215;2008;921;2008
2952;2008;260;2008
0466;2008;565;2008
2342;2008;3006;2008
3910;2008;4832;2008
8472;2008;408;2008
9639;2008;1947;2008
6920;2008;1560;2008
5326;2008;1058;2008
1405;2008;6167;2008
0892;2008;412;2008
0890;2008;23840;2008
1473;2008;1115;2008
4882;2008;1944;2008
9899;2008;1147;2008
5592;2008;347;2008
4704;2008;1649;2008
6462;2008;3014;2008
8874;2008;1353;2008
5007;2008;9529;2008
5630;2008;453;2008
3712;2008;1466;2008
9367;2008;36386;2008
6155;2008;736;2008
1288;2008;384;2008
1795;2008;748;2008
7343;2008;4741;2008
4635;2008;1035;2008
2860;2008;165;2008
2680;2008;86;2008
9988;2008;808;2008
2123;2008;2601;2008
1033;2008;2238;2008
4460;2008;4104;2008
8748;2008;23589;2008
7796;2008;4588;2008
6285;2008;1436;2008
7780;2008;1042;2008
1930;2008;1167;2008
0201;2008;336;2008
0312;2008;536;2008
4826;2008;1668;2008
9215;2008;1134;2008
9473;2008;989;2008
1679;2008;2336;2008
1258;2008;1048;2008
4451;2008;903;2008
2985;2008;1436;2008
1630;2008;4188;2008
2198;2008;1859;2008
6994;2008;2353;2008
0059;2008;1395;2008
0066;2008;1502;2008
8107;2008;126;2008
2314;2008;283;2008
2691;2008;1070;2008
6714;2008;239;2008
7311;2008;11618;2008
4080;2008;1004;2008
6994;2008;18696;2008
7078;2008;1857;2008
8274;2008;2469;2008
0004;2008;5207;2008
2546;2008;3524;2008
5706;2008;1064;2008
8990;2008;465;2008
9592;2008;4245;2008
1177;2008;3131;2008
5280;2008;2004;2008
2887;2008;1046;2008
6763;2008;3992;2008
1148;2008;1506;2008
8822;2008;1542;2008
4397;2008;505;2008
2727;2008;1744;2008
3451;2008;38696;2008
1285;2008;985;2008
7323;2008;2480;2008
2301;2008;1474;2008
3673;2008;138;2008
0991;2008;157;2008
5994;2008;707;2008
9948;2008;2720;2008
6291;2008;8048;2008
2797;2008;1561;2008
8100;2008;1429;2008
1117;2008;49705;2008
6986;2008;630;2008
7216;2008;2495;2008
4253;2008;959;2008
6792;2008;6937;2008
2766;2008;2251;2008
0650;2008;570;2008
2234;2008;376;2008
5442;2008;637;2008
6192;2008;1724;2008
9573;2008;1076;2008
9074;2008;4035;2008
7934;2008;694;2008
8931;2008;547;2008
6946;2008;811;2008
9089;2008;2187;2008
4682;2008;468;2008
7725;2008;3302;2008
3232;2008;1563;2008
6806;2008;1555;2008
7549;2008;835;2008
5262;2008;1134;2008
7148;2008;779;2008
9461;2008;5443;2008
7729;2008;1857;2008
7654;2008;7191;2008
2663;2008;854;2008
5626;2008;793;2008
8725;2008;584;2008
7288;2008;653;2008
5076;2008;1291;2008
4209;2008;1063;2008
4271;2008;2050;2008
2000;2008;167;2008
2140;2008;618;2008
6234;2008;1148;2008
9189;2008;1489;2008
5679;2008;1707;2008
7629;2008;413;2008
2909;2008;497;2008
3143;2008;6671;2008
6630;2008;465;2008
8402;2008;680;2008
8848;2008;1434;2008
8180;2008;1846;2008
4006;2008;3595;2008
5151;2008;1233;2008
2809;2008;1490;2008
0790;2008;234;2008
1133;2008;2557;2008
0324;2008;135;2008
0357;2008;5537;2008
9604;2008;578;2008
8271;2008;2884;2008
0445;2008;886;2008
7348;2008;1261;2008
2695;2008;688;2008
8460;2008;227;2008
3717;2008;709;2008
0823;2008;1331;2008
4484;2008;653;2008
0509;2008;1067;2008
0482;2008;1125;2008
6525;2008;4867;2008
3294;2008;792;2008
2836;2008;475;2008
3656;2008;4817;2008
8688;2008;356;2008
2474;2008;2011;2008
3689;2008;2092;2008
8338;2008;1425;2008
9697;2008;866;2008
6342;2008;32257;2008
7316;2008;814;2008
0582;2008;1489;2008
7013;2008;4958;2008
5110;2008;1024;2008
6495;2008;2836;2008
4777;2008;3124;2008
7358;2008;2495;2008
7439;2008;1036;2008
0115;2008;1945;2008
5018;2008;13584;2008
6659;2008;6273;2008
6445;2008;2908;2008
9296;2008;3648;2008
8365;2008;7847;2008
8068;2008;2726;2008
0009;2008;6157;2008
7074;2008;1102;2008
0494;2008;4405;2008
3631;2008;1780;2008
9320;2008;2023;2008
4735;2008;2041;2008
7861;2008;1364;2008
4839;2008;1605;2008
4215;2008;1808;2008
4134;2008;183;2008
9166;2008;58951;2008
5121;2008;1756;2008
8518;2008;3995;2008
0933;2008;669;2008
2566;2008;153264;2008
4612;2008;4352;2008
1780;2008;503;2008
1530;2008;6339;2008
7874;2008;34602;2008
5385;2008;57019;2008
6980;2008;12659;2008
4798;2008;6549;2008
4110;2008;1150;2008
1262;2008;13186;2008
9409;2008;839;2008
0111;2008;3003;2008
2363;2008;17697;2008
7028;2008;880;2008
3899;2008;4385;2008
6447;2008;2779;2008
8824;2008;2833;2008
3969;2008;2198;2008
4523;2008;1955;2008
4475;2008;3705;2008
0557;2008;1236;2008
2295;2008;14669;2008
8797;2008;27073;2008
1945;2008;14675;2008
6222;2008;1140;2008
3583;2008;16197;2008
1599;2008;6020;2008
3054;2008;55541;2008
1368;2008;2146;2008
3592;2008;4110;2008
8631;2008;5005;2008
8123;2008;5048;2008
0124;2008;17182;2008
7661;2008;14403;2008
2461;2008;7375;2008
0817;2008;7988;2008
1883;2008;13680;2008
9910;2008;508;2008
3470;2008;1834;2008
5672;2008;2630;2008
7455;2008;3285;2008
0240;2008;21355;2008
8140;2008;17110;2008
8228;2008;11049;2008
3698;2008;68844;2008
8809;2008;99155;2008
3866;2008;316741;2008
3518;2008;93696;2008
6534;2008;2035;2008
2434;2008;54301;2008
9455;2008;11392;2008
3373;2008;56514;2008
9814;2008;10637;2008
9318;2008;31114;2008
1383;2008;15146;2008
4316;2008;18414;2008
1980;2008;13629;2008
1283;2008;19189;2008
9108;2008;5669;2008
4205;2008;25092;2008
3438;2008;47426;2008
9365;2008;28073;2008
2978;2008;20472;2008
7093;2008;43994;2008
3018;2008;13078;2008
1847;2008;14145;2008
4083;2008;9684;2008
2430;2008;38053;2008
9395;2008;26342;2008
9735;2008;60062;2008
8895;2008;49017;2008
5995;2008;19419;2008
7924;2008;25377;2008
7127;2008;21631;2008
4440;2008;1455;2008
0856;2008;17345;2008
1539;2008;27527;2008
8524;2008;18249;2008
8250;2008;25769;2008
2338;2008;6816;2008
7932;2008;9736;2008
8496;2008;26686;2008
0061;2008;6983;2008
2299;2008;27347;2008
3505;2008;8700;2008
4127;2008;55301;2008
1053;2008;27589;2008
4004;2008;11961;2008
9785;2008;18428;2008
1713;2008;7136;2008
9348;2008;6550;2008
3131;2008;17302;2008
3008;2008;13512;2008
0639;2008;3522;2008
4123;2008;5528;2008
4860;2008;22633;2008
1218;2008;32741;2008
1633;2008;15131;2008
3285;2008;7612;2008
1773;2008;10246;2008
4088;2008;31755;2008
7197;2008;49400;2008
0687;2008;5534;2008
9936;2008;32023;2008
7458;2008;5451;2008
4326;2008;4199;2008
8487;2008;2349;2008
9598;2008;16326;2008
8622;2008;7924;2008
9626;2008;15875;2008
2689;2008;10756;2008
2198;2008;1840;2008
5594;2008;16068;2008
1945;2008;9158;2008
5688;2008;16711;2008
8686;2008;201455;2008
9250;2008;4231;2008
3199;2008;14581;2008
6281;2008;88947;2008
6181;2008;15981;2008
0197;2008;20668;2008
8391;2008;6809;2008
1692;2008;11929;2008
6282;2008;8970;2008
7138;2008;39034;2008
9382;2008;36861;2008
3816;2008;15179;2008
0523;2008;27518;2008
6670;2008;15324;2008
5568;2008;32438;2008
0438;2008;7060;2008
5347;2008;6360;2008
6771;2008;10409;2008
9404;2008;14528;2008
0790;2008;19949;2008
3365;2008;5301;2008
7635;2008;10697;2008
1454;2008;9047;2008
6992;2008;4955;2008
6922;2008;6546;2008
7894;2008;5528;2008
5298;2008;6573;2008
7115;2008;5063;2008
5803;2008;9792;2008
5614;2008;3836;2008
7446;2008;1892;2008
7498;2008;2946;2008
1805;2008;7345;2008
8784;2008;10893;2008
3483;2008;1796;2008
7075;2008;2602;2008
2407;2008;12305;2008
9867;2008;3887;2008
7274;2008;20500;2008
9451;2008;3093;2008
6247;2008;4149;2008
7690;2008;5438;2008
6541;2008;11967;2008
7891;2008;6521;2008
5310;2008;24020;2008
4131;2008;5824;2008
1202;2008;5745;2008
3572;2008;4245;2008
8067;2008;9163;2008
4239;2008;3175;2008
5982;2008;5552;2008
6471;2008;27481;2008
0766;2008;15927;2008
2142;2008;20934;2008
2664;2008;1224;2008
0434;2008;1855;2008
0292;2008;6024;2008
9964;2008;92112;2008
8051;2008;8467;2008
5021;2008;14169;2008
4167;2008;11389;2008
6639;2008;15015;2008
2479;2008;9557;2008
4921;2008;1802;2008
6288;2008;11851;2008
3098;2008;9764;2008
5488;2008;7386;2008
1027;2008;2202;2008
7990;2008;3692;2008
1286;2008;3834;2008
7430;2008;13930;2008
5283;2008;2761;2008
5676;2008;3473;2008
7672;2008;5195;2008
2404;2008;31732;2008
3020;2008;5574;2008
1266;2008;2523;2008
0767;2008;8247;2008
2249;2008;2458;2008
1936;2008;5577;2008
9724;2008;1578;2008
0919;2008;9484;2008
6891;2008;1740;2008
9595;2008;6093;2008
3605;2008;5604;2008
2879;2008;10790;2008
7266;2008;9793;2008
8722;2008;8841;2008
0704;2008;4704;2008
0223;2008;1481;2008
0888;2008;8112;2008
5773;2008;5887;2008
6434;2008;5889;2008
1975;2008;3676;2008
8241;2008;3114;2008
3303;2008;6988;2008
7759;2008;1961;2008
3312;2008;4176;2008
4549;2008;5595;2008
0952;2008;4965;2008
4247;2008;3817;2008
7841;2008;14763;2008
7645;2008;2485;2008
4053;2008;4495;2008
9883;2008;1692;2008
7833;2008;14458;2008
6796;2008;12708;2008
1310;2008;12654;2008
7107;2008;2945;2008
4333;2008;14709;2008
3298;2008;17734;2008
5014;2008;5287;2008
3962;2008;11818;2008
4580;2008;4385;2008
3084;2008;14342;2008
2747;2008;7434;2008
9545;2008;2088;2008
7748;2008;2137;2008
5637;2008;2551;2008
1329;2008;5422;2008
1891;2008;1614;2008
6428;2008;2606;2008
8730;2008;1534;2008
0960;2008;1813;2008
9759;2008;699;2008
4764;2008;3892;2008
4799;2008;11926;2008
1560;2008;1922;2008
0536;2008;1456;2008
6026;2008;2706;2008
1248;2008;2982;2008
7108;2008;5316;2008
9393;2008;4167;2008
8791;2008;909;2008
3933;2008;1976;2008
0062;2008;471;2008
4752;2008;885;2008
4987;2008;1489;2008
5287;2008;742;2008
2226;2008;320;2008
8974;2008;1074;2008
9704;2008;2231;2008
9720;2008;904;2008
9082;2008;885;2008
7744;2008;1565;2008
4522;2008;1233;2008
7381;2008;759;2008
0174;2008;2007;2008
3385;2008;2721;2008
6443;2008;1523;2008
0762;2008;655;2008
8094;2008;3113;2008
3050;2008;2274;2008
8176;2008;4315;2008
6309;2008;918;2008
9244;2008;6078;2008
6493;2008;1748;2008
6795;2008;649;2008
1534;2008;5852;2008
6584;2008;4879;2008
7081;2008;2054;2008
6261;2008;13461;2008
6602;2008;13604;2008
8330;2008;5214;2008
9669;2008;4458;2008
0118;2008;5244;2008
8172;2008;1791;2008
2237;2008;17142;2008
3406;2008;585;2008
5514;2008;4334;2008
1319;2008;1789;2008
8710;2008;1404;2008
1881;2008;5744;2008
2283;2008;1521;2008
7095;2008;1053;2008
8777;2008;3943;2008
9104;2008;5082;2008
8447;2008;2055;2008
5078;2008;6111;2008
0983;2008;4367;2008
7016;2008;1131;2008
2322;2008;6468;2008
4348;2008;67471;2008
8736;2008;4485;2008
5035;2008;1059;2008
5134;2008;13502;2008
4850;2008;1743;2008
7704;2008;2896;2008
7347;2008;1693;2008
9264;2008;3607;2008
4492;2008;3582;2008
6183;2008;1136;2008
3938;2008;1543;2008
0710;2008;1212;2008
2479;2008;836;2008
6984;2008;3336;2008
3892;2008;854;2008
1587;2008;1743;2008
1004;2008;1485;2008
0966;2008;6519;2008
6866;2008;1408;2008
4316;2008;836;2008
9003;2008;2414;2008
8366;2008;1175;2008
3055;2008;7275;2008
1820;2008;1630;2008
2984;2008;668;2008
0724;2008;1372;2008
2644;2008;7015;2008
6824;2008;3467;2008
6401;2008;3208;2008
1865;2008;2407;2008
9967;2008;719;2008
3645;2008;2176;2008
3884;2008;12134;2008
2497;2008;2969;2008
8277;2008;3273;2008
6975;2008;3151;2008
3182;2008;749;2008
7333;2008;3477;2008
3673;2008;2048;2008
4079;2008;1151;2008
2064;2008;12241;2008
6911;2008;812;2008
9044;2008;381;2008
6094;2008;1406;2008
0416;2008;771;2008
1084;2008;9057;2008
6111;2008;1152;2008
9259;2008;1069;2008
6294;2008;5491;2008
1508;2008;2442;2008
4602;2008;5216;2008
0939;2008;59371;2008
8387;2008;2586;2008
9960;2008;7606;2008
8072;2008;10098;2008
7501;2008;6559;2008
1843;2008;529;2008
6698;2008;17566;2008
6567;2008;15741;2008
6667;2008;4327;2008
7164;2008;2890;2008
4368;2008;2996;2008
2582;2008;1353;2008
0583;2008;1814;2008
1430;2008;4923;2008
1610;2008;5828;2008
9300;2008;5179;2008
2189;2008;1686;2008
1781;2008;7033;2008
7052;2008;1209;2008
4537;2008;1969;2008
6274;2008;21536;2008
5059;2008;2024;2008
2952;2008;833;2008
6690;2008;1526;2008
1106;2008;599;2008
5604;2008;777;2008
7159;2008;4454;2008
4560;2008;13925;2008
9084;2008;3044;2008
4229;2008;2954;2008
9782;2008;2110;2008
5532;2008;977;2008
0850;2008;9138;2008
3200;2008;1429;2008
1967;2008;10360;2008
8185;2008;1605;2008
8466;2008;3097;2008
5945;2008;2442;2008
5740;2008;1264;2008
9643;2008;1349;2008
6457;2008;2008;2008
3666;2008;800;2008
8228;2008;8609;2008
4296;2008;3542;2008
2733;2008;260;2008
9445;2008;2542;2008
0676;2008;17285;2008
9477;2008;3013;2008
5571;2008;10268;2008
0613;2008;418;2008
6358;2008;22617;2008
7468;2008;2848;2008
8584;2008;517;2008
9617;2008;2555;2008
3177;2008;3276;2008
0861;2008;928;2008
8954;2008;1398;2008
1417;2008;10326;2008
6187;2008;1004;2008
9840;2008;1304;2008
5793;2008;1355;2008
6399;2008;38681;2008
8606;2008;69343;2008
6974;2008;1144;2008
1022;2008;9079;2008
2068;2008;5108;2008
3725;2008;4435;2008
6617;2008;997;2008
6743;2008;4048;2008
2708;2008;1419;2008
1646;2008;1090;2008
7008;2008;2267;2008
0600;2008;3169;2008
0161;2008;2980;2008
1137;2008;2301;2008
7961;2008;8163;2008
7085;2008;1813;2008
7482;2008;2366;2008
4629;2008;1865;2008
9546;2008;2803;2008
0808;2008;2093;2008
3336;2008;899;2008
2096;2008;980;2008
9328;2008;4143;2008
2379;2008;2227;2008
2542;2008;3814;2008
6500;2008;2730;2008
6003;2008;9815;2008
7812;2008;1260;2008
9158;2008;844;2008
2373;2008;1865;2008
3158;2008;2888;2008
2731;2008;1799;2008
0425;2008;3401;2008
3222;2008;2999;2008
8110;2008;999;2008
6846;2008;9192;2008
1555;2008;1667;2008
6698;2008;17764;2008
8744;2008;2024;2008
2533;2008;4814;2008
8770;2008;3406;2008
5830;2008;1344;2008
0460;2008;489;2008
6014;2008;2575;2008
4127;2008;1411;2008
7394;2008;1208;2008
6663;2008;351;2008
8807;2008;16565;2008
2168;2008;878;2008
6176;2008;2287;2008
2016;2008;1337;2008
8673;2008;2037;2008
6546;2008;905;2008
3317;2008;1457;2008
2390;2008;1418;2008
8163;2008;1257;2008
4092;2008;855;2008
5918;2008;6615;2008
4201;2008;33822;2008
0291;2008;3331;2008
8772;2008;7221;2008
6841;2008;5827;2008
4913;2008;4393;2008
6600;2008;1871;2008
9126;2008;36375;2008
1240;2008;1227;2008
6823;2008;3093;2008
6715;2008;1121;2008
5715;2008;1649;2008
5719;2008;629;2008
8737;2008;3719;2008
3970;2008;1569;2008
9596;2008;2780;2008
5092;2008;1408;2008
6832;2008;1617;2008
5285;2008;18054;2008
6283;2008;793;2008
9284;2008;3437;2008
1183;2008;6088;2008
4949;2008;7377;2008
8985;2008;1245;2008
6934;2008;1639;2008
8441;2008;560;2008
3442;2008;3675;2008
5466;2008;2265;2008
3426;2008;1324;2008
1160;2008;1302;2008
6249;2008;2038;2008
4204;2008;5047;2008
2170;2008;2882;2008
5644;2008;1583;2008
4163;2008;2164;2008
1502;2008;4118;2008
4967;2008;1168;2008
5554;2008;10121;2008
4635;2008;1383;2008
5118;2008;674;2008
2734;2008;1041;2008
2636;2008;7172;2008
2874;2008;4602;2008
2200;2008;2149;2008
2778;2008;2211;2008
4561;2008;5059;2008
1208;2008;857;2008
2217;2008;4653;2008
2182;2008;5905;2008
7168;2008;8942;2008
6494;2008;2784;2008
5337;2008;1207;2008
6418;2008;3287;2008
7330;2008;5182;2008
0838;2008;2257;2008
6368;2008;1017;2008
8829;2008;1961;2008
9328;2008;860;2008
8676;2008;850;2008
8792;2008;544;2008
0666;2008;3236;2008
5570;2008;1434;2008
3744;2008;7405;2008
4779;2008;4814;2008
0502;2008;2027;2008
1190;2008;2401;2008
4125;2008;1665;2008
7223;2008;91189;2008
9153;2008;624;2008
9582;2008;402;2008
3688;2008;1229;2008
8247;2008;6269;2008
2845;2008;1000;2008
3399;2008;1499;2008
0100;2008;2271;2008
8062;2008;4098;2008
5252;2008;6749;2008
0251;2008;5357;2008
8301;2008;3296;2008
0411;2008;3786;2008
3812;2008;2090;2008
8533;2008;626;2008
0371;2008;559;2008
7817;2008;2163;2008
5464;2008;3368;2008
0791;2008;6278;2008
1937;2008;4250;2008
2659;2008;4837;2008
5552;2008;1648;2008
2035;2008;675;2008
9402;2008;1255;2008
3341;2008;4482;2008
6834;2008;471;2008
9053;2008;2226;2008
8982;2008;949;2008
8432;2008;1218;2008
9398;2008;820;2008
7399;2008;1524;2008
8499;2008;4529;2008
2959;2008;890;2008
5792;2008;4710;2008
1687;2008;618;2008
3841;2008;1251;2008
3828;2008;2244;2008
8991;2008;1183;2008
7869;2008;2686;2008
6500;2008;2461;2008
8396;2008;2245;2008
3199;2008;720;2008
8918;2008;1701;2008
4530;2008;4220;2008
7228;2008;1856;2008
4844;2008;1305;2008
6942;2008;2147;2008
4332;2008;2182;2008
1712;2008;1864;2008
1559;2008;3282;2008
8091;2008;560;2008
4550;2008;6465;2008
6486;2008;3322;2008
2973;2008;4847;2008
3494;2008;2810;2008
7437;2008;4422;2008
2789;2008;877;2008
7924;2008;9302;2008
4957;2008;3213;2008
2796;2008;1692;2008
3260;2008;3392;2008
1084;2008;2455;2008
3058;2008;2694;2008
2624;2008;4017;2008
3697;2008;1178;2008
8782;2008;1898;2008
3295;2008;1785;2008
4255;2008;70169;2008
8961;2008;3347;2008
4872;2008;611;2008
1679;2008;2276;2008
9063;2008;1431;2008
7748;2008;4647;2008
0186;2008;1144;2008
8528;2008;10689;2008
7159;2008;2500;2008
9844;2008;4187;2008
3448;2008;1473;2008
9429;2008;454;2008
0561;2008;8478;2008
4995;2008;4066;2008
1371;2008;3740;2008
7427;2008;1259;2008
9648;2008;1014;2008
4105;2008;740;2008
0092;2008;4351;2008
9521;2008;362;2008
2971;2008;854;2008
4621;2008;565;2008
2657;2008;1984;2008
1624;2008;2425;2008
5414;2008;767;2008
7562;2008;7231;2008
2343;2008;623;2008
9509;2008;6468;2008
9827;2008;10372;2008
2945;2008;5122;2008
3736;2008;932;2008
3800;2008;3492;2008
5555;2008;1817;2008
1061;2008;770;2008
5876;2008;1097;2008
3403;2008;1828;2008
9874;2008;2805;2008
7186;2008;2008;2008
8668;2008;18521;2008
0708;2008;6944;2008
9745;2008;3349;2008
1905;2008;427;2008
6907;2008;5350;2008
7538;2008;12567;2008
0708;2008;3096;2008
1551;2008;6528;2008
5190;2008;1615;2008
3362;2008;560;2008
4033;2008;999;2008
5328;2008;5072;2008
4083;2008;10940;2008
4469;2008;2715;2008
7332;2008;3440;2008
4508;2008;6381;2008
4757;2008;6287;2008
8739;2008;5499;2008
6163;2008;2422;2008
1210;2008;19127;2008
5690;2008;718;2008
5105;2008;1295;2008
8735;2008;3721;2008
7699;2008;11051;2008
9980;2008;1256;2008
0362;2008;181379;2008
2369;2008;1793;2008
2229;2008;7772;2008
8565;2008;640;2008
8197;2008;6530;2008
9207;2008;1280;2008
5572;2008;14825;2008
2181;2008;926;2008
4002;2008;3283;2008
5662;2008;564;2008
5201;2008;2776;2008
3446;2008;4094;2008
0777;2008;1390;2008
3583;2008;567;2008
6363;2008;1847;2008
4089;2008;1033;2008
1995;2008;684;2008
9925;2008;366;2008
8795;2008;4101;2008
9996;2008;1337;2008
7968;2008;1259;2008
5297;2008;1021;2008
1308;2008;5112;2008
8540;2008;3004;2008
0617;2008;918;2008
8595;2008;17025;2008
2146;2008;2218;2008
3086;2008;296;2008
7650;2008;1421;2008
1082;2008;2688;2008
5444;2008;15483;2008
1204;2008;551;2008
1240;2008;2227;2008
1747;2008;13439;2008
1980;2008;4381;2008
8932;2008;45515;2008
8093;2008;3129;2008
8636;2008;7131;2008
8321;2008;11324;2008
3203;2008;14907;2008
7570;2008;31266;2008
9007;2008;5375;2008
3517;2008;27983;2008
3149;2008;4343;2008
5738;2008;4403;2008
2581;2008;81254;2008
6329;2008;51029;2008
0074;2008;11474;2008
5311;2008;7562;2008
7263;2008;11195;2008
4571;2008;1616;2008
4154;2008;1786;2008
4210;2008;11152;2008
9436;2008;5171;2008
1187;2008;4280;2008
1193;2008;69471;2008
9625;2008;12048;2008
1009;2008;2218;2008
2764;2008;7757;2008
9748;2008;3934;2008
6975;2008;2260;2008
6806;2008;1353;2008
7839;2008;6925;2008
4356;2008;10158;2008
8351;2008;54955;2008
8343;2008;6481;2008
4710;2008;2030;2008
2934;2008;10862;2008
9696;2008;4961;2008
6253;2008;3993;2008
4101;2008;1535;2008
0237;2008;6873;2008
2312;2008;8385;2008
9460;2008;4306;2008
4560;2008;566;2008
5060;2008;6555;2008
5164;2008;1381;2008
7206;2008;3513;2008
1204;2008;10864;2008
5940;2008;33653;2008
7859;2008;9292;2008
9185;2008;10742;2008
1964;2008;3638;2008
0400;2008;3262;2008
0592;2008;1035;2008
2409;2008;14174;2008
8343;2008;5338;2008
5503;2008;3040;2008
4206;2008;3923;2008
1617;2008;11608;2008
1646;2008;4121;2008
4760;2008;1975;2008
6439;2008;11371;2008
5295;2008;11590;2008
4634;2008;7236;2008
3466;2008;1946;2008
8844;2008;2205;2008
1410;2008;2131;2008
9850;2008;1089;2008
1661;2008;1031;2008
9969;2008;1693;2008
5663;2008;7221;2008
3267;2008;3452;2008
4318;2008;7059;2008
4268;2008;6834;2008
2666;2008;2990;2008
4886;2008;27097;2008
1685;2008;36623;2008
8912;2008;6415;2008
0755;2008;3650;2008
0959;2008;2190;2008
5900;2008;662726;2008
6497;2008;31370;2008
1025;2008;3493;2008
3441;2008;3085;2008
9165;2008;5953;2008
6583;2008;3754;2008
9291;2008;3086;2008
0363;2008;5245;2008
7170;2008;1587;2008
5662;2008;2697;2008
8522;2008;5428;2008
7814;2008;8676;2008
3653;2008;1937;2008
7415;2008;966;2008
5995;2008;10509;2008
1931;2008;2825;2008
9024;2008;471;2008
1922;2008;26605;2008
8463;2008;11513;2008
5421;2008;4054;2008
6815;2008;9815;2008
1922;2008;3126;2008
2407;2008;1335;2008
7793;2008;3839;2008
9001;2008;2081;2008
0076;2008;2946;2008
8004;2008;20021;2008
6441;2008;3413;2008
6956;2008;661;2008
9812;2008;1230;2008
9346;2008;2208;2008
9386;2008;858;2008
2744;2008;2589;2008
6346;2008;1010;2008
1418;2008;41607;2008
0685;2008;664;2008
6646;2008;5746;2008
1664;2008;3433;2008
4276;2008;13106;2008
7645;2008;4483;2008
2587;2008;3537;2008
6219;2008;996;2008
7781;2008;1408;2008
4281;2008;3403;2008
8280;2008;1065;2008
0694;2008;2692;2008
9304;2008;2600;2008
1324;2008;509;2008
3367;2008;2928;2008
6563;2008;1659;2008
6937;2008;1595;2008
3311;2008;559;2008
2116;2008;1145;2008
1890;2008;890;2008
7262;2008;4144;2008
9981;2008;826;2008
9132;2008;3375;2008
5543;2008;3738;2008
6505;2008;3011;2008
3107;2008;2894;2008
9083;2008;381;2008
2904;2008;9472;2008
4823;2008;7237;2008
0474;2008;1537;2008
3838;2008;1901;2008
9835;2008;1678;2008
7899;2008;695;2008
7241;2008;2736;2008
3864;2008;1820;2008
9924;2008;919;2008
7212;2008;11466;2008
1099;2008;1627;2008
7352;2008;906;2008
7094;2008;866;2008
8536;2008;649;2008
6942;2008;1608;2008
8503;2008;2386;2008
7508;2008;244218;2008
7023;2008;32489;2008
5356;2008;1366;2008
2692;2008;1048;2008
4678;2008;5141;2008
5996;2008;771;2008
2599;2008;2961;2008
3623;2008;707;2008
3769;2008;1728;2008
8009;2008;2546;2008
3090;2008;901;2008
5764;2008;875;2008
7368;2008;4159;2008
4154;2008;3670;2008
1783;2008;1516;2008
4347;2008;2168;2008
1757;2008;6271;2008
4792;2008;1249;2008
0766;2008;13301;2008
6164;2008;1449;2008
9687;2008;3986;2008
2019;2008;1224;2008
1173;2008;880;2008
1681;2008;251;2008
9060;2008;4282;2008
1325;2008;1205;2008
1510;2008;728;2008
5448;2008;2286;2008
1231;2008;6572;2008
0502;2008;7174;2008
6292;2008;4138;2008
1406;2008;2084;2008
6798;2008;3013;2008
8183;2008;3200;2008
9964;2008;1476;2008
1634;2008;1116;2008
9764;2008;13071;2008
1676;2008;1469;2008
6740;2008;4781;2008
7814;2008;896;2008
3859;2008;3412;2008
1175;2008;9127;2008
9740;2008;1462;2008
9173;2008;4583;2008
2623;2008;4062;2008
0755;2008;1739;2008
7618;2008;2459;2008
0269;2008;2830;2008
5246;2008;5238;2008
1332;2008;11071;2008
1260;2008;7328;2008
5008;2008;6914;2008
6669;2008;960;2008
0737;2008;3146;2008
2643;2008;1180;2008
6016;2008;1370;2008
5170;2008;3783;2008
2458;2008;8992;2008
2280;2008;7065;2008
9304;2008;5655;2008
9268;2008;4172;2008
3170;2008;57667;2008
2395;2008;3205;2008
7015;2008;9616;2008
5732;2008;4021;2008
2308;2008;2894;2008
8901;2008;1416;2008
0870;2008;4096;2008
3156;2008;2179;2008
4530;2008;6395;2008
3276;2008;10374;2008
8595;2008;34121;2008
9815;2008;8537;2008
0752;2008;3132;2008
1638;2008;4122;2008
0815;2008;3606;2008
8900;2008;994;2008
8745;2008;32883;2008
9760;2008;5990;2008
1421;2008;1214;2008
2217;2008;6115;2008
6783;2008;38732;2008
6320;2008;1957;2008
5780;2008;12870;2008
4124;2008;2551;2008
9092;2008;3034;2008
4873;2008;8394;2008
0626;2008;23716;2008
2257;2008;16899;2008
1009;2008;8913;2008
2987;2008;12936;2008
5006;2008;12724;2008
3693;2008;4474;2008
5210;2008;19519;2008
3715;2008;6292;2008
6663;2008;3585;2008
5594;2008;8049;2008
1674;2008;2772;2008
2752;2008;6636;2008
5212;2008;1513;2008
5183;2008;5081;2008
6678;2008;40787;2008
9909;2008;4741;2008
6292;2008;1447;2008
6333;2008;1092;2008
9465;2008;620;2008
5439;2008;5031;2008
2465;2008;61522;2008
1131;2008;3327;2008
3988;2008;4518;2008
0669;2008;75665;2008
0705;2008;2106;2008
5893;2008;12398;2008
6266;2008;3253;2008
5331;2008;1664;2008
4247;2008;11229;2008
8172;2008;27483;2008
2732;2008;2244;2008
9953;2008;11815;2008
7746;2008;23374;2008
8140;2008;5801;2008
9382;2008;6424;2008
7565;2008;7392;2008
5836;2008;1497;2008
3738;2008;3753;2008
8177;2008;1765;2008
0808;2008;8513;2008
7759;2008;5180;2008
1499;2008;5387;2008
7120;2008;13849;2008
1179;2008;4704;2008
2247;2008;5035;2008
1946;2008;5741;2008
0465;2008;2220;2008
7438;2008;28120;2008
2367;2008;3780;2008
3917;2008;14050;2008
5057;2008;14708;2008
8244;2008;2903;2008
5375;2008;21814;2008
1099;2008;7309;2008
2924;2008;7622;2008
1389;2008;889;2008
2777;2008;9804;2008
4134;2008;8280;2008
8921;2008;5373;2008
7242;2008;2986;2008
7058;2008;18374;2008
5344;2008;28676;2008
4288;2008;52131;2008
3333;2008;17255;2008
2208;2008;36366;2008
3264;2008;24716;2008
2753;2008;23659;2008
7257;2008;19180;2008
4172;2008;5467;2008
3734;2008;38870;2008
5540;2008;4023;2008
2097;2008;4775;2008
9021;2008;3419;2008
8974;2008;298813;2008
1599;2008;9625;2008
3224;2008;27375;2008
0164;2008;13332;2008
1500;2008;27598;2008
4453;2008;3180;2008
2466;2008;5507;2008
9571;2008;4050;2008
8462;2008;13323;2008
2795;2008;28714;2008
4748;2008;7961;2008
6713;2008;1041;2008
3176;2008;5314;2008
3009;2008;5354;2008
6782;2008;48048;2008
7064;2008;11460;2008
6505;2008;7046;2008
7851;2008;16417;2008
6802;2008;48716;2008
2334;2008;12486;2008
5431;2008;3979;2008
3861;2008;3260;2008
4330;2008;10714;2008
6137;2008;11153;2008
2459;2008;14940;2008
6313;2008;2920;2008
8477;2008;21916;2008
6490;2008;11413;2008
8123;2008;3678;2008
2721;2008;6857;2008
1248;2008;9960;2008
8595;2008;1709;2008
2767;2008;7063;2008
0258;2008;8291;2008
3092;2008;17347;2008
1562;2008;10103;2008
5170;2008;21569;2008
5218;2008;7606;2008
0944;2008;7799;2008
7508;2008;6721;2008
8654;2008;9144;2008
7833;2008;3817;2008
8317;2008;3650;2008
5280;2008;3573;2008
4684;2008;8694;2008
3740;2008;8139;2008
4008;2008;29834;2008
6296;2008;3241;2008
7530;2008;15020;2008
3699;2008;54329;2008
5500;2008;3324;2008
3764;2008;18942;2008
6595;2008;71384;2008
0850;2008;9488;2008
7215;2008;25997;2008
4725;2008;60520;2008
1579;2008;35291;2008
5914;2008;31494;2008
8310;2008;2187;2008
0509;2008;1149;2008
0628;2008;7373;2008
9090;2008;17858;2008
6156;2008;818;2008
8976;2008;2644;2008
4772;2008;22603;2008
2007;2008;12826;2008
7816;2008;24469;2008
4173;2008;12953;2008
9842;2008;23680;2008
9828;2008;21934;2008
5343;2008;9075;2008
4685;2008;21520;2008
7755;2008;123438;2008
0204;2008;7667;2008
3296;2008;8992;2008
0908;2008;3665;2008
9227;2008;12170;2008
3921;2008;40604;2008
8902;2008;718;2008
1886;2008;830;2008
2509;2008;615;2008
4459;2008;2034;2008
7940;2008;453;2008
8442;2008;1052;2008
5394;2008;3735;2008
7440;2008;3786;2008
7583;2008;293;2008
7144;2008;764;2008
8314;2008;1082;2008
6697;2008;576;2008
0769;2008;963;2008
0464;2008;612;2008
3435;2008;5760;2008
2502;2008;458;2008
6115;2008;1792;2008
3908;2008;1345;2008
1704;2008;933;2008
4001;2008;439;2008
0608;2008;1557;2008
0662;2008;613;2008
1904;2008;998;2008
6868;2008;570;2008
4578;2008;8947;2008
8495;2008;979;2008
6162;2008;693;2008
9593;2008;565;2008
3859;2008;133;2008
8547;2008;2040;2008
2256;2008;804;2008
8937;2008;913;2008
9467;2008;1465;2008
3749;2008;2939;2008
4655;2008;3629;2008
0311;2008;3326;2008
0898;2008;5864;2008
1281;2008;10979;2008
3942;2008;741;2008
8777;2008;3328;2008
8803;2008;2430;2008
2684;2008;4688;2008
4119;2008;22123;2008
7985;2008;2748;2008
1002;2008;754;2008
5952;2008;584;2008
0335;2008;125289;2008
5057;2008;1398;2008
5828;2008;186;2008
3396;2008;7317;2008
4487;2008;958;2008
0107;2008;14219;2008
2444;2008;3062;2008
2377;2008;2289;2008
5029;2008;999;2008
1853;2008;1626;2008
8063;2008;3049;2008
7367;2008;4186;2008
6815;2008;2441;2008
9538;2008;4061;2008
4089;2008;1689;2008
8773;2008;587;2008
9702;2008;1449;2008
3115;2008;788;2008
0432;2008;1447;2008
5753;2008;1399;2008
9218;2008;1227;2008
8083;2008;886;2008
1022;2008;689;2008
3276;2008;561;2008
3678;2008;3127;2008
4346;2008;2953;2008
6755;2008;2225;2008
3269;2008;1457;2008
4978;2008;2523;2008
5326;2008;8498;2008
4099;2008;704;2008
2661;2008;4173;2008
4344;2008;915;2008
5299;2008;2484;2008
0588;2008;2806;2008
2988;2008;2331;2008
1146;2008;575;2008
1494;2008;518;2008
4435;2008;2012;2008
7146;2008;1576;2008
7633;2008;10725;2008
8294;2008;2585;2008
8037;2008;1962;2008
7317;2008;352;2008
0589;2008;36761;2008
7375;2008;7431;2008
2372;2008;1414;2008
8209;2008;948;2008
9700;2008;459;2008
1843;2008;757;2008
6733;2008;932;2008
4318;2008;3053;2008
5958;2008;4433;2008
9956;2008;6634;2008
1765;2008;2197;2008
8336;2008;1322;2008
4462;2008;2662;2008
6759;2008;246;2008
0708;2008;2422;2008
8474;2008;1674;2008
7667;2008;2751;2008
7149;2008;1815;2008
9346;2008;2247;2008
5657;2008;1844;2008
3784;2008;11420;2008
0512;2008;1824;2008
8005;2008;754;2008
3156;2008;523;2008
0143;2008;2211;2008
5030;2008;2898;2008
7000;2008;385;2008
7539;2008;517;2008
1723;2008;26366;2008
6243;2008;936;2008
2270;2008;1098;2008
8518;2008;2887;2008
0476;2008;154058;2008
4887;2008;23315;2008
7167;2008;7673;2008
7736;2008;4138;2008
3042;2008;8942;2008
1361;2008;1686;2008
3086;2008;2116;2008
6223;2008;898;2008
5982;2008;532;2008
8014;2008;1040;2008
5101;2008;2837;2008
0146;2008;2306;2008
3689;2008;7338;2008
7868;2008;4590;2008
5067;2008;5136;2008
1794;2008;2625;2008
6258;2008;948;2008
9677;2008;1198;2008
9158;2008;7157;2008
4104;2008;70033;2008
1591;2008;1740;2008
6242;2008;1299;2008
5145;2008;902;2008
2412;2008;7621;2008
1629;2008;1879;2008
6381;2008;3907;2008
8293;2008;5364;2008
6740;2008;28888;2008
3934;2008;1464;2008
2889;2008;4629;2008
7060;2008;2523;2008
2850;2008;19229;2008
2939;2008;6348;2008
5926;2008;4073;2008
3587;2008;1296;2008
9078;2008;16504;2008
3871;2008;2077;2008
7937;2008;1838;2008
1982;2008;1161;2008
1839;2008;3845;2008
8211;2008;4111;2008
7064;2008;7351;2008
7509;2008;2030;2008
3074;2008;4940;2008
3593;2008;1174;2008
8870;2008;1861;2008
9709;2008;3435;2008
7935;2008;6957;2008
4453;2008;2247;2008
9317;2008;12387;2008
8876;2008;1427;2008
6260;2008;8826;2008
4332;2008;20964;2008
0356;2008;2308;2008
7596;2008;620;2008
7428;2008;774;2008
1777;2008;1335;2008
8361;2008;2957;2008
8991;2008;976;2008
7617;2008;1374;2008
6722;2008;2309;2008
5932;2008;2514;2008
6103;2008;939;2008
1826;2008;711;2008
7880;2008;902;2008
4495;2008;1187;2008
3061;2008;294;2008
3112;2008;1300;2008
1070;2008;1801;2008
3483;2008;9147;2008
4264;2008;15274;2008
4116;2008;276;2008
1182;2008;9175;2008
3578;2008;2503;2008
7940;2008;6540;2008
4660;2008;8484;2008
6012;2008;938;2008
5962;2008;1635;2008
4498;2008;5187;2008
8462;2008;432;2008
9063;2008;1071;2008
1878;2008;405;2008
3865;2008;18386;2008
0184;2008;2672;2008
4295;2008;399;2008
2629;2008;1587;2008
7365;2008;11197;2008
4014;2008;11151;2008
9870;2008;709;2008
1037;2008;11917;2008
5906;2008;1688;2008
8802;2008;4692;2008
5337;2008;2897;2008
6234;2008;7964;2008
9508;2008;1597;2008
6882;2008;3228;2008
4693;2008;15284;2008
1263;2008;50739;2008
9588;2008;8320;2008
2083;2008;3479;2008
8550;2008;5523;2008
7401;2008;20025;2008
1525;2008;4503;2008
9790;2008;1491;2008
7785;2008;4235;2008
8809;2008;14847;2008
7045;2008;2218;2008
6793;2008;6126;2008
8756;2008;11911;2008
1433;2008;374;2008
5471;2008;442;2008
3790;2008;1844;2008
5680;2008;2224;2008
7145;2008;870;2008
6768;2008;1354;2008
5245;2008;8464;2008
5859;2008;1688;2008
5139;2008;464;2008
8523;2008;5431;2008
8007;2008;750;2008
3130;2008;847;2008
6382;2008;741;2008
5447;2008;975;2008
5623;2008;1459;2008
4291;2008;1235;2008
8025;2008;355;2008
7065;2008;1640;2008
3894;2008;156;2008
9783;2008;540;2008
1987;2008;139;2008
7896;2008;1388;2008
8538;2008;276;2008
4721;2008;959;2008
2497;2008;1369;2008
4281;2008;233;2008
8745;2008;717;2008
5617;2008;741;2008
1728;2008;1978;2008
8861;2008;3277;2008
1500;2008;21681;2008
3702;2008;709;2008
7117;2008;956;2008
3513;2008;1891;2008
1461;2008;1077;2008
4490;2008;2493;2008
0190;2008;571;2008
2086;2008;2280;2008
9626;2008;1515;2008
7338;2008;923;2008
8301;2008;318;2008
5839;2008;466;2008
4436;2008;871;2008
4776;2008;344;2008
7327;2008;837;2008
6578;2008;2249;2008
2027;2008;1151;2008
6577;2008;1018;2008
6050;2008;581;2008
3408;2008;1080;2008
9461;2008;548;2008
9289;2008;1366;2008
1965;2008;659;2008
5904;2008;377;2008
0758;2008;282;2008
9354;2008;788;2008
3181;2008;800;2008
3164;2008;2455;2008
7012;2008;763;2008
4514;2008;11321;2008
8469;2008;2874;2008
2051;2008;469;2008
8673;2008;278;2008
4520;2008;1568;2008
3605;2008;386;2008
9625;2008;3974;2008
5296;2008;1006;2008
3723;2008;461;2008
3433;2008;383;2008
5735;2008;91;2008
0966;2008;1289;2008
5116;2008;741;2008
2197;2008;731;2008
7239;2008;155;2008
4117;2008;1631;2008
5886;2008;164;2008
0265;2008;1471;2008
2533;2008;8994;2008
5970;2008;2970;2008
4817;2008;983;2008
4597;2008;4710;2008
8204;2008;512;2008
4582;2008;819;2008
6424;2008;948;2008
2347;2008;4959;2008
6807;2008;1145;2008
6691;2008;1623;2008
0619;2008;453;2008
9861;2008;4530;2008
1972;2008;815;2008
5005;2008;1798;2008
0141;2008;737;2008
1807;2008;1167;2008
5715;2008;522;2008
9654;2008;1742;2008
8665;2008;369;2008
4698;2008;1263;2008
5686;2008;31593;2008
3275;2008;1472;2008
8161;2008;326;2008
8471;2008;2391;2008
3156;2008;295;2008
1092;2008;2131;2008
4581;2008;737;2008
2826;2008;3307;2008
3569;2008;2868;2008
2190;2008;4785;2008
0500;2008;401;2008
7953;2008;2510;2008
4748;2008;2493;2008
4676;2008;1610;2008
4524;2008;2265;2008
8526;2008;1896;2008
0628;2008;494;2008
6128;2008;183;2008
1726;2008;969;2008
3563;2008;858;2008
3786;2008;358;2008
8199;2008;2295;2008
7513;2008;544;2008
0044;2008;235;2008
8590;2008;2492;2008
3402;2008;442;2008
0943;2008;186;2008
8006;2008;10349;2008
7998;2008;982;2008
5844;2008;1278;2008
8465;2008;605;2008
2387;2008;3006;2008
0735;2008;866;2008
6098;2008;328;2008
7002;2008;1744;2008
6510;2008;345;2008
8094;2008;1162;2008
5607;2008;1198;2008
9310;2008;375;2008
1807;2008;320;2008
2425;2008;136;2008
0157;2008;8093;2008
8744;2008;460;2008
7929;2008;928;2008
7513;2008;2109;2008
0198;2008;647;2008
4744;2008;209;2008
1593;2008;568;2008
7228;2008;193;2008
4624;2008;1170;2008
8487;2008;268;2008
7827;2008;335;2008
8860;2008;3470;2008
3890;2008;1182;2008
6881;2008;44964;2008
8452;2008;1024;2008
3451;2008;900;2008
4533;2008;2189;2008
5570;2008;149;2008
2001;2008;391;2008
8025;2008;1240;2008
5139;2008;161;2008
1209;2008;8000;2008
5955;2008;222;2008
8608;2008;495;2008
9021;2008;892;2008
6248;2008;3683;2008
5719;2008;657;2008
9876;2008;2897;2008
7819;2008;2171;2008
7338;2008;14953;2008
6006;2008;1719;2008
0096;2008;341;2008
6492;2008;487;2008
0694;2008;727;2008
7415;2008;519;2008
4984;2008;3916;2008
2559;2008;145;2008
1379;2008;1635;2008
7653;2008;2479;2008
5560;2008;394;2008
6095;2008;540;2008
0733;2008;2272;2008
3092;2008;570;2008
6678;2008;673;2008
5025;2008;3969;2008
3909;2008;1462;2008
0974;2008;626;2008
5683;2008;989;2008
0645;2008;3965;2008
1503;2008;2882;2008
1575;2008;1546;2008
5913;2008;556;2008
7503;2008;198;2008
2158;2008;2240;2008
0519;2008;4064;2008
3050;2008;1464;2008
2497;2008;2723;2008
1802;2008;2398;2008
8441;2008;1444;2008
0284;2008;224;2008
8493;2008;1525;2008
6512;2008;906;2008
0230;2008;103;2008
6090;2008;1733;2008
0298;2008;639;2008
5152;2008;2135;2008
2223;2008;2851;2008
6629;2008;145;2008
1400;2008;99;2008
3313;2008;777;2008
7376;2008;1353;2008
0670;2008;774;2008
7187;2008;1199;2008
2355;2008;974;2008
9799;2008;295;2008
3143;2008;2592;2008
7712;2008;217;2008
4752;2008;6319;2008
6768;2008;2553;2008
6653;2008;219;2008
1045;2008;3742;2008
2572;2008;1158;2008
4058;2008;591;2008
5859;2008;1220;2008
3978;2008;8509;2008
6991;2008;395;2008
8731;2008;200;2008
2610;2008;1445;2008
9495;2008;427;2008
4736;2008;1293;2008
6136;2008;1150;2008
2316;2008;1700;2008
6703;2008;3227;2008
2859;2008;2980;2008
9795;2008;2260;2008
0399;2008;3910;2008
5617;2008;2567;2008
6195;2008;5129;2008
3496;2008;1287;2008
2278;2008;3309;2008
8240;2008;3446;2008
9535;2008;4769;2008
1176;2008;2965;2008
5889;2008;4951;2008
1002;2008;14145;2008
7876;2008;1506;2008
7127;2008;855;2008
6640;2008;12477;2008
5476;2008;4387;2008
7952;2008;470;2008
5941;2008;2418;2008
7396;2008;3849;2008
6954;2008;2306;2008
2704;2008;4000;2008
0639;2008;7289;2008
3179;2008;1712;2008
7688;2008;1339;2008
6179;2008;4722;2008
8068;2008;263;2008
8932;2008;1773;2008
1833;2008;1376;2008
6954;2008;2745;2008
2583;2008;2213;2008
6556;2008;360;2008
4193;2008;1241;2008
2020;2008;795;2008
0526;2008;771;2008
5957;2008;8625;2008
4965;2008;2413;2008
3058;2008;2585;2008
1445;2008;2408;2008
8887;2008;1840;2008
6052;2008;129;2008
1349;2008;46658;2008
2384;2008;2189;2008
9135;2008;4638;2008
8946;2008;4210;2008
3308;2008;10633;2008
5859;2008;381;2008
0635;2008;14678;2008
5188;2008;8441;2008
3584;2008;507;2008
1193;2008;3520;2008
0584;2008;1975;2008
7993;2008;2431;2008
6244;2008;4213;2008
7121;2008;39;2008
5135;2008;3598;2008
0149;2008;8571;2008
0882;2008;6091;2008
9960;2008;7065;2008
6963;2008;1188;2008
4959;2008;4770;2008
5630;2008;3887;2008
1969;2008;417;2008
9972;2008;142;2008
7839;2008;1964;2008
1470;2008;1685;2008
6837;2008;949;2008
0983;2008;2156;2008
6353;2008;2291;2008
5698;2008;2119;2008
7003;2008;5866;2008
8249;2008;3190;2008
6175;2008;2904;2008
8617;2008;2210;2008
1969;2008;2320;2008
2862;2008;2953;2008
1085;2008;155;2008
6290;2008;1660;2008
7516;2008;534;2008
9668;2008;1974;2008
7080;2008;203;2008
2464;2008;3339;2008
5977;2008;11397;2008
5679;2008;832;2008
7993;2008;334;2008
1158;2008;2839;2008
8153;2008;2863;2008
6500;2008;2693;2008
6085;2008;314;2008
6049;2008;1914;2008
1986;2008;294;2008
8317;2008;1160;2008
1303;2008;1656;2008
6411;2008;4271;2008
5038;2008;2079;2008
0835;2008;2667;2008
7725;2008;697;2008
7505;2008;2561;2008
7143;2008;3026;2008
6122;2008;14777;2008
0012;2008;1728;2008
6783;2008;3052;2008
3194;2008;1720;2008
9782;2008;4814;2008
0381;2008;2478;2008
0970;2008;900;2008
0980;2008;2302;2008
0680;2008;1970;2008
8695;2008;15321;2008
8023;2008;2067;2008
6998;2008;2840;2008
9356;2008;1205;2008
5317;2008;224;2008
6782;2008;1583;2008
0319;2008;1976;2008
3971;2008;2129;2008
0104;2008;1220;2008
9260;2008;2645;2008
4371;2008;2675;2008
3711;2008;2595;2008
3786;2008;42708;2008
4503;2008;7353;2008
7452;2008;77;2008
2472;2008;1427;2008
8337;2008;3229;2008
2024;2008;1512;2008
4767;2008;3954;2008
3856;2008;469;2008
7302;2008;1683;2008
5209;2008;2073;2008
5791;2008;5750;2008
7829;2008;2034;2008
4968;2008;1812;2008
5250;2008;1465;2008
2653;2008;1618;2008
3749;2008;2648;2008
9657;2008;1743;2008
1484;2008;3601;2008
5565;2008;3557;2008
0529;2008;12988;2008
5310;2008;1913;2008
7459;2008;2072;2008
0123;2008;2086;2008
8189;2008;3513;2008
8206;2008;3082;2008
0688;2008;5910;2008
2567;2008;887;2008
3773;2008;1565;2008
0034;2008;1665;2008
4986;2008;1713;2008
8823;2008;6753;2008
1694;2008;18466;2008
1953;2008;16684;2008
7664;2008;9687;2008
8500;2008;1231;2008
3450;2008;11741;2008
8400;2008;1459;2008
0985;2008;3016;2008
3225;2008;2146;2008
9351;2008;1037;2008
2491;2008;3098;2008
4400;2008;6672;2008
7700;2008;3341;2008
5057;2008;34749;2008
7001;2008;137652;2008
2632;2008;2938;2008
6957;2008;4692;2008
3722;2008;8807;2008
0048;2008;20611;2008
9694;2008;1445;2008
2979;2008;9937;2008
6672;2008;3010;2008
4275;2008;13781;2008
7726;2008;18445;2008
9995;2008;9651;2008
3093;2008;185563;2008
1380;2008;9871;2008
3723;2008;6141;2008
3109;2008;2378;2008
3762;2008;1732;2008
7254;2008;788;2008
6721;2008;2915;2008
0630;2008;1119;2008
9655;2008;1231;2008
0449;2008;3251;2008
6808;2008;14789;2008
2012;2008;5498;2008
9948;2008;59380;2008
4250;2008;3309;2008
6858;2008;9874;2008
6439;2008;15211;2008
6315;2008;3402;2008
7896;2008;6783;2008
4827;2008;1397;2008
3481;2008;9234;2008
8880;2008;3494;2008
9243;2008;5609;2008
9108;2008;2267;2008
8517;2008;963;2008
3117;2008;2243;2008
9213;2008;1417;2008
2596;2008;3291;2008
5577;2008;6374;2008
3549;2008;954;2008
6322;2008;2082;2008
2495;2008;2581;2008
3219;2008;1628;2008
9223;2008;4024;2008
6890;2008;680;2008
1226;2008;1092;2008
9691;2008;3457;2008
4627;2008;1300;2008
4448;2008;2826;2008
5938;2008;2173;2008
0030;2008;2452;2008
5038;2008;5712;2008
8395;2008;1892;2008
8975;2008;1438;2008
6319;2008;1987;2008
7009;2008;1709;2008
2254;2008;2386;2008
8113;2008;3469;2008
6692;2008;2136;2008
1519;2008;3627;2008
9325;2008;2305;2008
6532;2008;7010;2008
4089;2008;847;2008
3653;2008;1852;2008
3028;2008;1400;2008
2468;2008;6543;2008
9491;2008;1321;2008
8878;2008;8961;2008
7004;2008;1248;2008
5057;2008;1105;2008
5378;2008;4680;2008
8427;2008;4727;2008
3367;2008;4546;2008
7892;2008;2259;2008
5345;2008;2366;2008
3959;2008;1463;2008
6586;2008;3182;2008
5725;2008;6963;2008
8328;2008;989;2008
5926;2008;1313;2008
4369;2008;2647;2008
6462;2008;855;2008
4236;2008;1531;2008
1798;2008;2508;2008
6604;2008;6754;2008
6406;2008;702;2008
2027;2008;1129;2008
5709;2008;33378;2008
3751;2008;826;2008
7735;2008;1820;2008
4549;2008;2036;2008
1815;2008;521;2008
6569;2008;457;2008
5995;2008;2039;2008
6127;2008;288;2008
1563;2008;112;2008
2735;2008;953;2008
4656;2008;526;2008
1003;2008;4842;2008
5046;2008;752;2008
1278;2008;538;2008
5515;2008;1396;2008
8775;2008;259;2008
2233;2008;664;2008
0676;2008;715;2008
9645;2008;1608;2008
4189;2008;1040;2008
5335;2008;5058;2008
2565;2008;180;2008
5227;2008;3524;2008
0681;2008;272;2008
1858;2008;358;2008
6546;2008;610;2008
2573;2008;549;2008
2167;2008;763;2008
8738;2008;4714;2008
5753;2008;1449;2008
7884;2008;115;2008
0084;2008;18329;2008
6091;2008;975;2008
3176;2008;175;2008
6467;2008;439;2008
8976;2008;216;2008
6517;2008;2369;2008
5785;2008;940;2008
2127;2008;7720;2008
2848;2008;272;2008
9219;2008;109;2008
1531;2008;271;2008
5680;2008;625;2008
4114;2008;463;2008
1763;2008;1457;2008
3537;2008;1512;2008
0549;2008;149;2008
0343;2008;2150;2008
1750;2008;434;2008
1483;2008;1236;2008
1708;2008;446;2008
7997;2008;899;2008
4381;2008;893;2008
3719;2008;16016;2008
9194;2008;3320;2008
3658;2008;1160;2008
5656;2008;1613;2008
6720;2008;2665;2008
8796;2008;775;2008
9024;2008;598;2008
1628;2008;2076;2008
3882;2008;285;2008
3804;2008;430;2008
1522;2008;788;2008
6756;2008;1337;2008
7054;2008;1267;2008
4182;2008;163;2008
3614;2008;5045;2008
7687;2008;750;2008
9006;2008;410;2008
6013;2008;246;2008
7344;2008;1703;2008
8894;2008;1270;2008
7344;2008;454;2008
7665;2008;2164;2008
4531;2008;30715;2008
6649;2008;180;2008
3806;2008;1241;2008
7333;2008;6878;2008
3834;2008;262;2008
6245;2008;1739;2008
3048;2008;1640;2008
1899;2008;1180;2008
9893;2008;1950;2008
8504;2008;12019;2008
3026;2008;1890;2008
8768;2008;2991;2008
8974;2008;811;2008
8381;2008;4009;2008
2783;2008;4744;2008
8371;2008;4446;2008
4286;2008;2334;2008
0131;2008;11408;2008
5196;2008;2902;2008
0697;2008;1893;2008
5852;2008;2693;2008
8221;2008;2478;2008
6356;2008;52298;2008
6107;2008;3545;2008
9962;2008;2142;2008
4411;2008;4163;2008
6928;2008;1669;2008
2846;2008;5122;2008
5988;2008;4279;2008
2468;2008;2136;2008
8178;2008;14101;2008
0007;2008;2143;2008
4861;2008;2572;2008
4258;2008;3946;2008
8969;2008;3783;2008
3889;2008;1736;2008
6497;2008;565;2008
4900;2008;1583;2008
1614;2008;1153;2008
1320;2008;2250;2008
4050;2008;3259;2008
1689;2008;5651;2008
3735;2008;1234;2008
8669;2008;2181;2008
8139;2008;879;2008
7449;2008;2154;2008
2050;2008;1445;2008
6730;2008;1081;2008
6500;2008;3794;2008
2849;2008;10549;2008
9804;2008;1130;2008
4109;2008;1543;2008
6349;2008;1352;2008
3230;2008;651;2008
3509;2008;3445;2008
1175;2008;6652;2008
3994;2008;1342;2008
8264;2008;892;2008
1114;2008;1656;2008
5149;2008;373;2008
8295;2008;1350;2008
1870;2008;6852;2008
6655;2008;12420;2008
0416;2008;258;2008
5853;2008;1791;2008
4236;2008;2967;2008
1381;2008;666;2008
0433;2008;5332;2008
3983;2008;9123;2008
2252;2008;8537;2008
2295;2008;4240;2008
6918;2008;1313;2008
8383;2008;9299;2008
7843;2008;5055;2008
7683;2008;159;2008
0203;2008;744;2008
5856;2008;1110;2008
6009;2008;464;2008
7603;2008;564;2008
4751;2008;14487;2008
5293;2008;2889;2008
9328;2008;687;2008
5900;2008;1481;2008
3317;2008;1115;2008
0598;2008;2872;2008
5414;2008;29485;2008
1012;2008;6432;2008
5920;2008;6457;2008
1819;2008;3015;2008
4365;2008;2131;2008
0555;2008;5152;2008
2300;2008;27811;2008
6862;2008;1373;2008
2739;2008;1522;2008
8746;2008;3380;2008
5918;2008;1722;2008
4952;2008;1489;2008
8947;2008;832;2008
0902;2008;5331;2008
3709;2008;6044;2008
4840;2008;3673;2008
6787;2008;2738;2008
8946;2008;11682;2008
0025;2008;1104;2008
3875;2008;3697;2008
4283;2008;1094;2008
