Codice Ripartizione geografica;Codice Regione;Codice Provincia/Uts;Codice Comune (alfanumerico);Codice Comune (numerico);Comune;Comune (dizione straniera);Sigla automobilistica;Capoluogo di Provincia/Uts;Capoluogo di Regione;Popolazione legale;Anno Censimento;Superficie (Kmq);Anno (Superficie);Popolazione residente;Anno (Popolazione residente)
1462;2010;2615;2010
7393;2010;3762;2010
3315;2010;468;2010
7314;2010;1774;2010
3796;2010;709;2010
8756;2010;6344;2010
6261;2010;270;2010
9193;2010;17000;2010
4860;2010;1986;2010
3085;2010;523;2010
8782;2010;885;2010
1668;2010;1055;2010
2172;2010;12211;2010
9605;2010;1371;2010
0859;2010;831;2010
0063;2010;3184;2010
5064;2010;551;2010
4054;2010;3829;2010
7105;2010;98;2010
0289;2010;3338;2010
8027;2010;1623;2010
2029;2010;3219;2010
9864;2010;598;2010
7343;2010;18138;2010
5979;2010;3375;2010
0819;2010;567;2010
2234;2010;2087;2010
3261;2010;13497;2010
9648;2010;559;2010
4189;2010;3709;2010
3712;2010;836;2010
9617;2010;2359;2010
9191;2010;3089;2010
2914;2010;8288;2010
7585;2010;4434;2010
1350;2010;476;2010
9504;2010;483;2010
5701;2010;8492;2010
3592;2010;1749;2010
5838;2010;1534;2010
6868;2010;1409;2010
4760;2010;1266;2010
0643;2010;1564;2010
1004;2010;6465;2010
0973;2010;6401;2010
2312;2010;3563;2010
4925;2010;7570;2010
1314;2010;6264;2010
0864;2010;1386;2010
1317;2010;1301;2010
8499;2010;5560;2010
9505;2010;300;2010
1953;2010;2588;2010
0319;2010;557;2010
4066;2010;2121;2010
5371;2010;1006;2010
2578;2010;772;2010
6894;2010;9192;2010
7149;2010;28546;2010
1250;2010;1838;2010
1726;2010;1496;2010
3137;2010;2872;2010
7115;2010;18369;2010
4732;2010;1810;2010
2796;2010;2175;2010
7063;2010;9978;2010
3756;2010;422;2010
1346;2010;6322;2010
3285;2010;2360;2010
9591;2010;5612;2010
1595;2010;1864;2010
0516;2010;1073;2010
8139;2010;167;2010
7001;2010;995;2010
4478;2010;360;2010
5698;2010;1696;2010
0221;2010;2143;2010
1975;2010;35986;2010
1189;2010;215;2010
7549;2010;948;2010
9165;2010;1684;2010
2378;2010;26057;2010
1638;2010;368;2010
9345;2010;236;2010
1962;2010;387;2010
7329;2010;18715;2010
6872;2010;211;2010
8788;2010;1570;2010
5727;2010;3238;2010
0993;2010;49629;2010
3321;2010;362;2010
5894;2010;615;2010
1131;2010;4672;2010
4914;2010;3383;2010
2384;2010;527;2010
8709;2010;990;2010
7335;2010;7858;2010
3133;2010;10084;2010
5395;2010;8440;2010
5474;2010;269;2010
8499;2010;5301;2010
8929;2010;2363;2010
4091;2010;568;2010
0415;2010;2725;2010
3457;2010;856;2010
6427;2010;2370;2010
5075;2010;3674;2010
8185;2010;274;2010
9482;2010;1735;2010
1488;2010;2845;2010
4018;2010;561;2010
5108;2010;9507;2010
4442;2010;1279;2010
3833;2010;662;2010
7376;2010;16529;2010
8200;2010;3513;2010
9870;2010;744;2010
0935;2010;197;2010
3296;2010;1053;2010
1321;2010;37545;2010
7506;2010;47;2010
0292;2010;743;2010
7716;2010;395;2010
5042;2010;426;2010
1075;2010;23958;2010
0353;2010;1809;2010
7825;2010;8452;2010
2876;2010;5244;2010
2900;2010;1523;2010
4355;2010;15371;2010
6753;2010;188;2010
9366;2010;1985;2010
3912;2010;458;2010
5162;2010;1634;2010
7158;2010;1702;2010
2096;2010;1059;2010
1914;2010;1117;2010
8835;2010;375;2010
7414;2010;7635;2010
0398;2010;530;2010
2585;2010;559;2010
1404;2010;1241;2010
3129;2010;471;2010
2593;2010;1413;2010
2587;2010;60;2010
0706;2010;4019;2010
6942;2010;716;2010
3424;2010;4142;2010
5439;2010;893;2010
6383;2010;1258;2010
4420;2010;97;2010
0871;2010;843;2010
0825;2010;413;2010
3332;2010;664;2010
6554;2010;396;2010
5288;2010;56945;2010
5007;2010;42;2010
6567;2010;689;2010
4681;2010;1014;2010
3567;2010;3491;2010
9036;2010;5388;2010
3896;2010;884;2010
4895;2010;806;2010
5625;2010;48499;2010
0453;2010;187;2010
3531;2010;6896;2010
0743;2010;320;2010
6422;2010;7986;2010
5542;2010;574;2010
3030;2010;1450;2010
2079;2010;22241;2010
1541;2010;815;2010
4885;2010;1137;2010
5770;2010;891;2010
7857;2010;3175;2010
4058;2010;1240;2010
0819;2010;845;2010
8878;2010;1986;2010
6886;2010;482;2010
4056;2010;1098;2010
5400;2010;3896;2010
5680;2010;218;2010
1730;2010;3936;2010
0906;2010;3417;2010
7080;2010;573;2010
1830;2010;740;2010
0041;2010;771;2010
3498;2010;627;2010
4634;2010;14057;2010
7183;2010;3062;2010
3376;2010;35536;2010
8196;2010;8529;2010
6488;2010;3711;2010
1459;2010;18196;2010
9034;2010;3432;2010
0343;2010;1378;2010
6186;2010;10151;2010
5611;2010;1081;2010
0609;2010;3731;2010
4476;2010;1118;2010
2017;2010;761;2010
6092;2010;265;2010
8455;2010;1934;2010
4785;2010;247;2010
5052;2010;1304;2010
2419;2010;796;2010
8803;2010;565;2010
0380;2010;340;2010
9559;2010;367;2010
7868;2010;1072;2010
6658;2010;1691;2010
6002;2010;71;2010
8334;2010;1162;2010
1075;2010;19323;2010
8318;2010;4173;2010
5714;2010;2721;2010
2461;2010;12301;2010
8733;2010;1670;2010
4998;2010;48983;2010
5756;2010;3019;2010
1912;2010;1761;2010
7039;2010;2014;2010
2107;2010;2962;2010
2664;2010;315;2010
6877;2010;1837;2010
4075;2010;251;2010
3732;2010;897;2010
0650;2010;4582;2010
9371;2010;2407;2010
1002;2010;763;2010
9519;2010;1777;2010
3197;2010;571;2010
1034;2010;543;2010
8859;2010;78;2010
4329;2010;1658;2010
2318;2010;5641;2010
9070;2010;3931;2010
3809;2010;373;2010
3037;2010;576;2010
9796;2010;4820;2010
6513;2010;3761;2010
8617;2010;1875;2010
8866;2010;3032;2010
4049;2010;2733;2010
7219;2010;1040;2010
6132;2010;3385;2010
7933;2010;866;2010
3442;2010;9637;2010
5517;2010;19197;2010
4446;2010;1451;2010
1243;2010;283;2010
1520;2010;3131;2010
5766;2010;1913;2010
5719;2010;3617;2010
3682;2010;4811;2010
7945;2010;4393;2010
1984;2010;10698;2010
2772;2010;239;2010
3112;2010;1141;2010
6768;2010;3314;2010
0308;2010;813;2010
3557;2010;1502;2010
9158;2010;872;2010
0578;2010;522;2010
3659;2010;47299;2010
2590;2010;1565;2010
6785;2010;1116;2010
2140;2010;275;2010
4686;2010;6359;2010
9879;2010;6697;2010
6751;2010;797;2010
0095;2010;889969;2010
8238;2010;2733;2010
4545;2010;594;2010
0981;2010;4664;2010
4059;2010;3847;2010
2448;2010;131;2010
3592;2010;349;2010
4544;2010;563;2010
3475;2010;10948;2010
9669;2010;190;2010
5375;2010;225;2010
2292;2010;1477;2010
5252;2010;3847;2010
1200;2010;948;2010
0792;2010;802;2010
9094;2010;3178;2010
8469;2010;111;2010
5579;2010;833;2010
0927;2010;1509;2010
1435;2010;957;2010
4424;2010;34318;2010
4882;2010;5011;2010
9431;2010;1460;2010
0690;2010;832;2010
6454;2010;247;2010
9337;2010;886;2010
9677;2010;494;2010
1543;2010;5254;2010
7854;2010;4841;2010
0306;2010;1129;2010
4088;2010;3321;2010
7080;2010;3028;2010
4091;2010;1013;2010
6868;2010;2076;2010
2927;2010;1121;2010
4228;2010;4154;2010
8767;2010;4870;2010
6940;2010;14083;2010
0574;2010;1217;2010
0748;2010;1335;2010
6817;2010;543;2010
1119;2010;1138;2010
4629;2010;14951;2010
9827;2010;8685;2010
0366;2010;432;2010
7804;2010;340;2010
5650;2010;2706;2010
3101;2010;928;2010
3156;2010;1382;2010
7885;2010;88;2010
8079;2010;249;2010
8058;2010;2060;2010
8706;2010;220;2010
5707;2010;2619;2010
0901;2010;13196;2010
2949;2010;2359;2010
2305;2010;188;2010
0776;2010;930;2010
1364;2010;246;2010
8004;2010;78;2010
1088;2010;1045;2010
0330;2010;1144;2010
1062;2010;896;2010
2050;2010;273;2010
6044;2010;328;2010
0488;2010;864;2010
5380;2010;49;2010
3078;2010;4571;2010
3878;2010;265;2010
2234;2010;108;2010
9676;2010;829;2010
8563;2010;277;2010
2233;2010;8048;2010
0162;2010;418;2010
4768;2010;1076;2010
1403;2010;219;2010
2424;2010;1221;2010
7629;2010;565;2010
6659;2010;8305;2010
5030;2010;897;2010
8817;2010;390;2010
0875;2010;354;2010
6440;2010;544;2010
9701;2010;900;2010
5740;2010;583;2010
0280;2010;4484;2010
6672;2010;827;2010
9178;2010;106;2010
1818;2010;1509;2010
7139;2010;811;2010
5035;2010;745;2010
5270;2010;259;2010
9396;2010;1292;2010
2949;2010;336;2010
3506;2010;1337;2010
6903;2010;141;2010
5976;2010;194;2010
1781;2010;590;2010
5389;2010;666;2010
1561;2010;4279;2010
8910;2010;415;2010
2700;2010;72;2010
0226;2010;68;2010
3032;2010;117;2010
2702;2010;135;2010
1298;2010;249;2010
4089;2010;469;2010
9160;2010;2470;2010
4754;2010;601;2010
8379;2010;192;2010
2681;2010;997;2010
8536;2010;65;2010
1875;2010;226;2010
7766;2010;118;2010
5981;2010;4200;2010
6327;2010;1773;2010
1294;2010;8946;2010
5335;2010;406;2010
2544;2010;415;2010
9053;2010;5147;2010
3140;2010;1254;2010
2491;2010;720;2010
6054;2010;7581;2010
7508;2010;3588;2010
4259;2010;2148;2010
1193;2010;7593;2010
7747;2010;46506;2010
5109;2010;488;2010
5822;2010;1622;2010
2573;2010;175;2010
5364;2010;1550;2010
9965;2010;885;2010
5153;2010;2244;2010
1699;2010;14450;2010
4928;2010;889;2010
1786;2010;9244;2010
4536;2010;1186;2010
6080;2010;1216;2010
5097;2010;1299;2010
3043;2010;1185;2010
0912;2010;2069;2010
2699;2010;21338;2010
3928;2010;4863;2010
7479;2010;3036;2010
7562;2010;1230;2010
3214;2010;2609;2010
9857;2010;10799;2010
6557;2010;2596;2010
0407;2010;1082;2010
5310;2010;925;2010
4909;2010;1567;2010
4849;2010;885;2010
7918;2010;342;2010
6412;2010;10118;2010
4855;2010;412;2010
8335;2010;1277;2010
3261;2010;1256;2010
6390;2010;6868;2010
1618;2010;490;2010
4493;2010;1232;2010
1035;2010;1548;2010
5068;2010;2594;2010
0977;2010;1444;2010
2522;2010;2672;2010
2146;2010;2084;2010
1702;2010;2731;2010
3693;2010;15272;2010
0493;2010;1343;2010
7542;2010;1843;2010
2884;2010;3394;2010
6442;2010;3721;2010
5821;2010;5659;2010
5183;2010;1430;2010
3337;2010;4735;2010
3718;2010;4443;2010
2834;2010;611;2010
5806;2010;2314;2010
6587;2010;1771;2010
8541;2010;251;2010
7880;2010;1566;2010
8639;2010;1127;2010
5349;2010;2583;2010
7187;2010;1167;2010
5211;2010;909;2010
5907;2010;2701;2010
2650;2010;1840;2010
3421;2010;781;2010
0495;2010;103471;2010
7944;2010;13570;2010
9351;2010;1954;2010
6500;2010;1166;2010
2271;2010;2055;2010
1018;2010;1070;2010
0713;2010;1380;2010
7660;2010;811;2010
8653;2010;1569;2010
2965;2010;2158;2010
1260;2010;2009;2010
8526;2010;940;2010
9764;2010;4078;2010
6909;2010;5349;2010
5426;2010;3159;2010
4512;2010;701;2010
8991;2010;1980;2010
5352;2010;587;2010
7543;2010;1466;2010
3719;2010;771;2010
9139;2010;1057;2010
3271;2010;2831;2010
4631;2010;510;2010
2378;2010;862;2010
2233;2010;19941;2010
0122;2010;1025;2010
5929;2010;4989;2010
8717;2010;1858;2010
7788;2010;2085;2010
2939;2010;900;2010
4632;2010;595;2010
5276;2010;175;2010
9173;2010;257;2010
5855;2010;31074;2010
5899;2010;260;2010
4547;2010;129;2010
2591;2010;73;2010
9174;2010;205;2010
9487;2010;1052;2010
2505;2010;6053;2010
3257;2010;1061;2010
7637;2010;670;2010
9923;2010;7853;2010
6892;2010;720;2010
0005;2010;661;2010
1195;2010;238;2010
6865;2010;3123;2010
0700;2010;146;2010
0030;2010;389;2010
0657;2010;3687;2010
4389;2010;462;2010
1118;2010;66;2010
7956;2010;3773;2010
2409;2010;115;2010
4778;2010;393;2010
3396;2010;12387;2010
5405;2010;183;2010
5453;2010;682;2010
9483;2010;9820;2010
5298;2010;29443;2010
2376;2010;320;2010
1797;2010;48;2010
1240;2010;314;2010
0639;2010;1097;2010
8440;2010;10057;2010
6378;2010;668;2010
6114;2010;201;2010
8655;2010;5725;2010
4476;2010;84;2010
5011;2010;121;2010
7246;2010;6747;2010
3287;2010;3007;2010
3047;2010;1122;2010
8380;2010;4356;2010
4192;2010;180;2010
8066;2010;1456;2010
1148;2010;2143;2010
9513;2010;181;2010
3404;2010;275;2010
1301;2010;1335;2010
8576;2010;370;2010
8028;2010;901;2010
5178;2010;340;2010
3070;2010;85;2010
2617;2010;138;2010
7202;2010;714;2010
6345;2010;873;2010
5227;2010;512;2010
4378;2010;640;2010
5946;2010;5491;2010
1052;2010;103;2010
4856;2010;6721;2010
0496;2010;2141;2010
1423;2010;467;2010
2414;2010;4762;2010
5961;2010;2155;2010
0744;2010;5798;2010
5350;2010;8598;2010
0188;2010;3758;2010
1219;2010;203;2010
9034;2010;85;2010
1508;2010;907;2010
0879;2010;2077;2010
9874;2010;2428;2010
5398;2010;1045;2010
3423;2010;3336;2010
1183;2010;400;2010
0529;2010;174;2010
6705;2010;55153;2010
3063;2010;2060;2010
5432;2010;3473;2010
6134;2010;4883;2010
9575;2010;7302;2010
2196;2010;103;2010
7314;2010;834;2010
9305;2010;2062;2010
5112;2010;1765;2010
0300;2010;482;2010
6666;2010;356;2010
2369;2010;24789;2010
1437;2010;818;2010
6433;2010;1560;2010
0106;2010;295;2010
9691;2010;593;2010
7412;2010;403;2010
2876;2010;3403;2010
7224;2010;2560;2010
9699;2010;334;2010
6768;2010;184;2010
9107;2010;2146;2010
8082;2010;1924;2010
4457;2010;3440;2010
4042;2010;83;2010
0629;2010;78;2010
7124;2010;1390;2010
1690;2010;2744;2010
8291;2010;500;2010
2005;2010;808;2010
2539;2010;868;2010
7390;2010;244;2010
8104;2010;1519;2010
2287;2010;227;2010
6562;2010;54;2010
5000;2010;1979;2010
2204;2010;2215;2010
0310;2010;1329;2010
7344;2010;3707;2010
9869;2010;3017;2010
3762;2010;1453;2010
1258;2010;75;2010
0258;2010;273;2010
2806;2010;778;2010
9056;2010;323;2010
0682;2010;269;2010
5111;2010;276;2010
4335;2010;616;2010
4386;2010;1318;2010
6796;2010;107;2010
9114;2010;1314;2010
9903;2010;575;2010
9818;2010;22379;2010
9330;2010;737;2010
2745;2010;2070;2010
8203;2010;4700;2010
5843;2010;586;2010
8403;2010;870;2010
6271;2010;737;2010
4303;2010;535;2010
1041;2010;220;2010
2211;2010;542;2010
6999;2010;1677;2010
9363;2010;279;2010
2358;2010;2215;2010
9934;2010;4259;2010
1919;2010;2110;2010
6758;2010;868;2010
3282;2010;962;2010
1826;2010;3567;2010
3029;2010;3342;2010
9261;2010;430;2010
5183;2010;410;2010
7070;2010;1066;2010
7055;2010;1029;2010
8083;2010;432;2010
3592;2010;80;2010
4950;2010;1778;2010
0873;2010;76;2010
2693;2010;2934;2010
6797;2010;584;2010
4039;2010;334;2010
4249;2010;236;2010
8932;2010;306;2010
2140;2010;126;2010
9187;2010;5508;2010
5693;2010;351;2010
3102;2010;2184;2010
6214;2010;2852;2010
1856;2010;94;2010
0347;2010;1253;2010
3043;2010;1001;2010
4774;2010;3286;2010
3146;2010;1201;2010
9229;2010;182;2010
2934;2010;275;2010
3851;2010;183;2010
0088;2010;505;2010
0306;2010;1981;2010
3739;2010;741;2010
3615;2010;475;2010
0562;2010;10136;2010
4700;2010;4212;2010
8436;2010;1074;2010
3520;2010;140;2010
8367;2010;150;2010
4212;2010;79;2010
0038;2010;2437;2010
8104;2010;531;2010
2988;2010;1599;2010
0152;2010;157;2010
4025;2010;1684;2010
6108;2010;2126;2010
2407;2010;737;2010
1492;2010;2888;2010
5076;2010;179;2010
3531;2010;1574;2010
5849;2010;373;2010
9004;2010;1001;2010
9166;2010;929;2010
5091;2010;365;2010
5052;2010;526;2010
0742;2010;176;2010
3254;2010;1400;2010
6960;2010;728;2010
5902;2010;16981;2010
1392;2010;99;2010
9069;2010;1080;2010
8454;2010;193;2010
2618;2010;452;2010
5040;2010;2918;2010
7088;2010;2582;2010
1069;2010;2066;2010
4544;2010;2391;2010
0758;2010;2748;2010
5721;2010;4100;2010
1142;2010;1422;2010
7876;2010;20966;2010
3878;2010;207;2010
4979;2010;2092;2010
3908;2010;532;2010
8995;2010;327;2010
6012;2010;516;2010
6848;2010;366;2010
4155;2010;6402;2010
0935;2010;2848;2010
0956;2010;111;2010
2013;2010;2034;2010
1829;2010;214;2010
6453;2010;502;2010
3901;2010;719;2010
8226;2010;65;2010
5956;2010;837;2010
5253;2010;357;2010
1439;2010;2180;2010
3126;2010;953;2010
1017;2010;800;2010
9559;2010;126;2010
9200;2010;64;2010
4094;2010;1481;2010
1540;2010;565;2010
0563;2010;1236;2010
1320;2010;6480;2010
0688;2010;2219;2010
7363;2010;3231;2010
9415;2010;2452;2010
7324;2010;2917;2010
3523;2010;5799;2010
7884;2010;785;2010
4958;2010;1507;2010
1692;2010;697;2010
0672;2010;425;2010
0900;2010;549;2010
4484;2010;1684;2010
5399;2010;552;2010
8608;2010;1010;2010
4124;2010;642;2010
3734;2010;75227;2010
4341;2010;424;2010
0660;2010;1092;2010
2796;2010;325;2010
3430;2010;448;2010
9008;2010;359;2010
7621;2010;914;2010
1608;2010;2503;2010
7884;2010;1815;2010
2931;2010;1402;2010
7149;2010;1348;2010
8923;2010;504;2010
4326;2010;10607;2010
7214;2010;1025;2010
0565;2010;302;2010
6480;2010;682;2010
8391;2010;627;2010
5648;2010;3825;2010
3374;2010;1275;2010
8622;2010;631;2010
0881;2010;2794;2010
2882;2010;302;2010
0662;2010;180;2010
1785;2010;1922;2010
5499;2010;915;2010
2039;2010;787;2010
6068;2010;3241;2010
6273;2010;411;2010
8477;2010;716;2010
5928;2010;480;2010
9383;2010;223;2010
6529;2010;662;2010
7779;2010;429;2010
4170;2010;228;2010
5045;2010;452;2010
7326;2010;1304;2010
0489;2010;320;2010
5226;2010;1599;2010
0824;2010;207;2010
0231;2010;317;2010
4766;2010;282;2010
3333;2010;680;2010
4254;2010;604;2010
3986;2010;524;2010
9433;2010;6057;2010
7086;2010;548;2010
9251;2010;1037;2010
9270;2010;1619;2010
1300;2010;573;2010
2168;2010;749;2010
8846;2010;630;2010
4721;2010;621;2010
7037;2010;2274;2010
5026;2010;2146;2010
8219;2010;336;2010
3739;2010;318;2010
9251;2010;407;2010
1551;2010;462;2010
4357;2010;225;2010
3971;2010;1149;2010
2321;2010;2386;2010
1103;2010;1041;2010
2057;2010;1003;2010
4210;2010;3235;2010
3291;2010;882;2010
8550;2010;947;2010
5373;2010;364;2010
4969;2010;960;2010
6348;2010;791;2010
1408;2010;1410;2010
4191;2010;2293;2010
1185;2010;1191;2010
4053;2010;208;2010
3631;2010;10360;2010
6170;2010;92;2010
0260;2010;457;2010
5630;2010;525;2010
0013;2010;624;2010
0820;2010;237;2010
0690;2010;687;2010
0036;2010;1988;2010
8582;2010;189;2010
0961;2010;1676;2010
7729;2010;839;2010
4172;2010;388;2010
1805;2010;499;2010
5631;2010;960;2010
5057;2010;441;2010
8377;2010;353;2010
9109;2010;1460;2010
8656;2010;8444;2010
1477;2010;122;2010
2094;2010;713;2010
6838;2010;1073;2010
8691;2010;1227;2010
3426;2010;599;2010
3277;2010;143;2010
4471;2010;284;2010
6804;2010;597;2010
2800;2010;156;2010
1173;2010;1716;2010
8030;2010;912;2010
5952;2010;199;2010
7599;2010;279;2010
0383;2010;2520;2010
1655;2010;678;2010
9754;2010;263;2010
7135;2010;974;2010
6530;2010;890;2010
8798;2010;3214;2010
9480;2010;5755;2010
1268;2010;398;2010
2863;2010;666;2010
8624;2010;1696;2010
2967;2010;20240;2010
2298;2010;322;2010
5659;2010;92221;2010
1455;2010;771;2010
2135;2010;781;2010
1382;2010;987;2010
3280;2010;500;2010
1269;2010;379;2010
6715;2010;6125;2010
2375;2010;311;2010
6197;2010;1426;2010
0526;2010;2099;2010
7128;2010;1760;2010
3258;2010;499;2010
4397;2010;777;2010
8874;2010;172;2010
5936;2010;1947;2010
3977;2010;2001;2010
6034;2010;613;2010
7230;2010;1461;2010
5297;2010;2550;2010
6136;2010;1231;2010
0235;2010;328;2010
5293;2010;458;2010
6326;2010;563;2010
2493;2010;529;2010
4376;2010;815;2010
0619;2010;559;2010
4663;2010;1930;2010
0526;2010;1069;2010
7892;2010;328;2010
4833;2010;444;2010
3394;2010;967;2010
2551;2010;85;2010
0154;2010;478;2010
3413;2010;814;2010
1637;2010;1197;2010
0104;2010;419;2010
2099;2010;35516;2010
9850;2010;1007;2010
0373;2010;124;2010
8466;2010;1847;2010
0925;2010;3068;2010
7721;2010;924;2010
2089;2010;85;2010
4827;2010;424;2010
1282;2010;4646;2010
6600;2010;151;2010
9770;2010;2076;2010
5844;2010;490;2010
5776;2010;1552;2010
1106;2010;690;2010
4214;2010;5472;2010
4873;2010;420;2010
4466;2010;316;2010
5524;2010;525;2010
4427;2010;469;2010
7470;2010;335;2010
3008;2010;1519;2010
3002;2010;464;2010
6117;2010;1018;2010
8996;2010;371;2010
3874;2010;1093;2010
2191;2010;343;2010
4621;2010;199;2010
2762;2010;229;2010
8547;2010;726;2010
0138;2010;2457;2010
6148;2010;364;2010
7515;2010;509;2010
2861;2010;458;2010
4310;2010;546;2010
5649;2010;1458;2010
9336;2010;730;2010
0573;2010;1996;2010
5332;2010;1670;2010
7684;2010;1223;2010
1542;2010;854;2010
7165;2010;721;2010
2797;2010;181;2010
5214;2010;4734;2010
4494;2010;745;2010
3863;2010;356;2010
0802;2010;301;2010
9428;2010;546;2010
8021;2010;315;2010
5485;2010;742;2010
5358;2010;877;2010
8759;2010;1184;2010
0350;2010;92;2010
2319;2010;1478;2010
7375;2010;1319;2010
1998;2010;190;2010
2357;2010;1395;2010
5040;2010;2256;2010
7527;2010;688;2010
6941;2010;1103;2010
5408;2010;218;2010
5184;2010;239;2010
0326;2010;181;2010
6176;2010;595;2010
7473;2010;309;2010
3756;2010;293;2010
7241;2010;706;2010
4867;2010;320;2010
5982;2010;579;2010
4513;2010;340;2010
8515;2010;350;2010
7049;2010;1515;2010
9523;2010;429;2010
2197;2010;733;2010
2943;2010;704;2010
3104;2010;1482;2010
1948;2010;28233;2010
4629;2010;1371;2010
4278;2010;518;2010
5707;2010;266;2010
6908;2010;123;2010
0996;2010;405;2010
5434;2010;675;2010
3723;2010;11873;2010
3665;2010;1322;2010
1834;2010;1500;2010
4198;2010;234;2010
7376;2010;635;2010
5365;2010;740;2010
2811;2010;1218;2010
4645;2010;1253;2010
9973;2010;915;2010
6455;2010;812;2010
4427;2010;385;2010
7049;2010;3860;2010
9177;2010;1497;2010
9679;2010;634;2010
6495;2010;381;2010
0281;2010;1097;2010
0840;2010;378;2010
1766;2010;4892;2010
9724;2010;564;2010
0071;2010;2126;2010
1651;2010;1410;2010
7338;2010;1678;2010
5153;2010;679;2010
0516;2010;1440;2010
0734;2010;368;2010
5887;2010;156;2010
4612;2010;1539;2010
1543;2010;217;2010
2799;2010;1662;2010
5754;2010;380;2010
9156;2010;4252;2010
5706;2010;603;2010
1156;2010;1287;2010
6916;2010;4472;2010
8925;2010;621;2010
7065;2010;443;2010
7430;2010;454;2010
8532;2010;1208;2010
8426;2010;588;2010
9488;2010;6373;2010
3194;2010;1295;2010
1681;2010;2026;2010
5538;2010;1678;2010
9533;2010;228;2010
8545;2010;1137;2010
9542;2010;361;2010
9132;2010;2418;2010
2889;2010;2054;2010
2111;2010;1570;2010
0350;2010;640;2010
2664;2010;901;2010
7960;2010;900;2010
0894;2010;1407;2010
8666;2010;26730;2010
6032;2010;276;2010
2192;2010;666;2010
3854;2010;19997;2010
2934;2010;1064;2010
7258;2010;1090;2010
6455;2010;2269;2010
3073;2010;3250;2010
6091;2010;511;2010
4744;2010;994;2010
8689;2010;337;2010
5563;2010;1857;2010
0672;2010;731;2010
5618;2010;1267;2010
4829;2010;1239;2010
2458;2010;169;2010
1827;2010;777;2010
9640;2010;255;2010
8080;2010;618;2010
3923;2010;34446;2010
8405;2010;1319;2010
3596;2010;906;2010
6166;2010;335;2010
4208;2010;1358;2010
2436;2010;2059;2010
0314;2010;132;2010
0905;2010;244;2010
5133;2010;967;2010
2621;2010;859;2010
9864;2010;755;2010
1589;2010;608;2010
5415;2010;944;2010
5283;2010;95;2010
7924;2010;702;2010
4401;2010;403;2010
8619;2010;2509;2010
6811;2010;4936;2010
0426;2010;1476;2010
6059;2010;2836;2010
9801;2010;2637;2010
2542;2010;478;2010
2330;2010;219;2010
5692;2010;485;2010
1159;2010;1759;2010
7128;2010;456;2010
1716;2010;482;2010
9833;2010;1624;2010
3034;2010;3318;2010
5174;2010;307;2010
6500;2010;812;2010
6384;2010;1182;2010
0381;2010;638;2010
3781;2010;419;2010
6103;2010;1390;2010
0120;2010;756;2010
9365;2010;110;2010
9427;2010;2072;2010
6666;2010;761;2010
5491;2010;471;2010
7597;2010;1844;2010
6277;2010;2065;2010
3544;2010;2961;2010
4825;2010;166;2010
5598;2010;224;2010
2673;2010;460;2010
3295;2010;1524;2010
5619;2010;194;2010
7533;2010;831;2010
9214;2010;4030;2010
4018;2010;992;2010
0520;2010;3817;2010
8306;2010;113;2010
3385;2010;207;2010
6410;2010;1038;2010
7364;2010;3291;2010
3872;2010;380;2010
3858;2010;1263;2010
4576;2010;326;2010
4207;2010;213;2010
1772;2010;3123;2010
8769;2010;373;2010
5721;2010;4692;2010
2810;2010;4880;2010
4629;2010;524;2010
4757;2010;195;2010
4468;2010;650;2010
2147;2010;176;2010
1501;2010;2143;2010
3546;2010;1338;2010
3607;2010;2720;2010
7980;2010;1262;2010
6268;2010;478;2010
9364;2010;625;2010
0628;2010;177;2010
0925;2010;123;2010
1429;2010;356;2010
1000;2010;1212;2010
3196;2010;338;2010
6456;2010;10575;2010
9399;2010;478;2010
4357;2010;873;2010
9447;2010;5531;2010
4709;2010;310;2010
2910;2010;159;2010
8605;2010;1257;2010
9282;2010;341;2010
7924;2010;1274;2010
5850;2010;1152;2010
8569;2010;284;2010
5068;2010;603;2010
0919;2010;574;2010
3931;2010;1328;2010
8809;2010;634;2010
5548;2010;255;2010
5190;2010;835;2010
3343;2010;711;2010
1136;2010;2298;2010
6729;2010;6163;2010
9118;2010;1069;2010
2846;2010;2029;2010
7953;2010;1457;2010
3823;2010;42319;2010
3465;2010;708;2010
8968;2010;286;2010
6911;2010;213;2010
0473;2010;661;2010
7127;2010;367;2010
0261;2010;124;2010
8375;2010;239;2010
4462;2010;3518;2010
2994;2010;906;2010
2246;2010;547;2010
5045;2010;1404;2010
2304;2010;920;2010
3802;2010;834;2010
3127;2010;2353;2010
2099;2010;610;2010
8026;2010;510;2010
8563;2010;572;2010
3683;2010;380;2010
0712;2010;2884;2010
2848;2010;285;2010
8532;2010;3179;2010
3071;2010;1323;2010
2886;2010;1386;2010
9578;2010;55151;2010
6886;2010;2288;2010
8705;2010;317;2010
4660;2010;970;2010
3583;2010;14187;2010
9254;2010;238;2010
6060;2010;391;2010
8808;2010;1320;2010
6815;2010;7142;2010
1513;2010;432;2010
7256;2010;24690;2010
4645;2010;308;2010
5157;2010;473;2010
2440;2010;11168;2010
5752;2010;23890;2010
2458;2010;5596;2010
6771;2010;10525;2010
2966;2010;2142;2010
7987;2010;7533;2010
0930;2010;614;2010
2733;2010;595;2010
7924;2010;692;2010
6899;2010;1139;2010
3521;2010;2425;2010
3910;2010;5216;2010
7326;2010;2368;2010
4709;2010;419;2010
4026;2010;13523;2010
6034;2010;1687;2010
7456;2010;1577;2010
4005;2010;5654;2010
4707;2010;779;2010
7042;2010;325;2010
1432;2010;182;2010
5606;2010;5411;2010
9617;2010;3705;2010
1527;2010;5966;2010
2726;2010;1946;2010
4065;2010;1076;2010
8152;2010;2007;2010
7277;2010;265;2010
5253;2010;11760;2010
0314;2010;1251;2010
2237;2010;948;2010
7021;2010;468;2010
7242;2010;1854;2010
4313;2010;11764;2010
5718;2010;877;2010
7301;2010;1211;2010
8506;2010;127;2010
9575;2010;3484;2010
2979;2010;541;2010
2226;2010;860;2010
1779;2010;222;2010
6683;2010;2846;2010
1897;2010;233;2010
3129;2010;910;2010
4541;2010;1557;2010
1735;2010;482;2010
3321;2010;960;2010
4461;2010;873;2010
8780;2010;9089;2010
6453;2010;646;2010
9456;2010;861;2010
9184;2010;7354;2010
5972;2010;576;2010
7067;2010;752;2010
6560;2010;1861;2010
2710;2010;61505;2010
0198;2010;3950;2010
6807;2010;3072;2010
8062;2010;864;2010
2868;2010;212;2010
9651;2010;2676;2010
4468;2010;2499;2010
1688;2010;786;2010
7846;2010;8381;2010
9616;2010;13571;2010
9151;2010;417;2010
7617;2010;819;2010
8914;2010;2490;2010
8072;2010;330;2010
2972;2010;11680;2010
9322;2010;2531;2010
2766;2010;2822;2010
4242;2010;4540;2010
5133;2010;2167;2010
0618;2010;5789;2010
0653;2010;5546;2010
7402;2010;3046;2010
9059;2010;7416;2010
4580;2010;3609;2010
8222;2010;6674;2010
0656;2010;3276;2010
7499;2010;1659;2010
6951;2010;4023;2010
2310;2010;27564;2010
2837;2010;2612;2010
7229;2010;9168;2010
0821;2010;5677;2010
0024;2010;272;2010
7249;2010;576;2010
5252;2010;2002;2010
2539;2010;105;2010
6165;2010;506;2010
1627;2010;276;2010
9072;2010;596364;2010
8714;2010;120;2010
9693;2010;1536;2010
8763;2010;12785;2010
7100;2010;2350;2010
7183;2010;533;2010
5078;2010;1611;2010
4412;2010;3797;2010
9341;2010;2718;2010
6498;2010;1631;2010
2743;2010;3768;2010
2716;2010;2724;2010
6107;2010;2886;2010
6787;2010;217;2010
7247;2010;2112;2010
5215;2010;2408;2010
2369;2010;972;2010
9885;2010;601;2010
5565;2010;2625;2010
5311;2010;467;2010
9310;2010;170;2010
6136;2010;30009;2010
7715;2010;10121;2010
7189;2010;1095;2010
1128;2010;4593;2010
8080;2010;78;2010
5932;2010;2950;2010
0827;2010;570;2010
5747;2010;2668;2010
0448;2010;9849;2010
9016;2010;5934;2010
7704;2010;1256;2010
7441;2010;3227;2010
2045;2010;7974;2010
6163;2010;18446;2010
0661;2010;4436;2010
5371;2010;590;2010
0146;2010;2437;2010
1384;2010;625;2010
6331;2010;2337;2010
6706;2010;798;2010
4259;2010;473;2010
7940;2010;2559;2010
1733;2010;4565;2010
5379;2010;10383;2010
9450;2010;2401;2010
5662;2010;7855;2010
1896;2010;991;2010
3368;2010;995;2010
9014;2010;1275;2010
7545;2010;1180;2010
7916;2010;593;2010
8633;2010;534;2010
0171;2010;8298;2010
0856;2010;1448;2010
2703;2010;6371;2010
2599;2010;707;2010
3922;2010;93780;2010
0078;2010;10302;2010
8140;2010;5569;2010
4273;2010;675;2010
9431;2010;1517;2010
8558;2010;8424;2010
7461;2010;619;2010
1382;2010;3805;2010
7633;2010;3536;2010
2664;2010;1687;2010
6636;2010;814;2010
8524;2010;8720;2010
5146;2010;21799;2010
7759;2010;1475;2010
5883;2010;2142;2010
2985;2010;968;2010
3713;2010;7370;2010
7008;2010;541;2010
7953;2010;400;2010
8821;2010;5266;2010
7261;2010;5649;2010
1519;2010;9890;2010
5059;2010;4873;2010
5062;2010;4491;2010
1722;2010;807;2010
9232;2010;1757;2010
5157;2010;1554;2010
5636;2010;654;2010
4320;2010;2582;2010
4769;2010;5429;2010
0169;2010;9090;2010
5653;2010;3265;2010
0300;2010;4262;2010
0382;2010;2113;2010
8461;2010;3352;2010
2924;2010;834;2010
1820;2010;1798;2010
9547;2010;1172;2010
3508;2010;878;2010
1189;2010;1236;2010
6200;2010;1040;2010
9058;2010;1170;2010
5128;2010;3134;2010
6598;2010;80183;2010
2718;2010;1852;2010
7280;2010;1752;2010
2635;2010;7859;2010
1414;2010;4553;2010
1269;2010;2627;2010
4234;2010;14223;2010
2131;2010;6442;2010
4002;2010;16068;2010
7494;2010;4919;2010
5879;2010;2666;2010
3228;2010;1342;2010
0381;2010;3895;2010
9092;2010;5715;2010
3442;2010;21449;2010
9547;2010;663;2010
9300;2010;14295;2010
9821;2010;548;2010
7509;2010;1290;2010
7907;2010;2019;2010
9003;2010;7845;2010
7590;2010;5292;2010
3176;2010;5676;2010
0035;2010;830;2010
1336;2010;9979;2010
1074;2010;3996;2010
9838;2010;1936;2010
8440;2010;4763;2010
6874;2010;1181;2010
5554;2010;2643;2010
5510;2010;767;2010
4407;2010;612;2010
1837;2010;3561;2010
5438;2010;3088;2010
0591;2010;2893;2010
8543;2010;190;2010
5272;2010;3403;2010
9590;2010;1667;2010
0684;2010;3005;2010
3987;2010;1451;2010
4905;2010;156;2010
6809;2010;12071;2010
6579;2010;6792;2010
5265;2010;696;2010
9787;2010;50833;2010
2312;2010;984;2010
9434;2010;9245;2010
8643;2010;4635;2010
6747;2010;2880;2010
7868;2010;10317;2010
6600;2010;3739;2010
4363;2010;2678;2010
1580;2010;5081;2010
4806;2010;8393;2010
6957;2010;2227;2010
0456;2010;1273;2010
4338;2010;1094;2010
3478;2010;10383;2010
9097;2010;5176;2010
8742;2010;5088;2010
4421;2010;5488;2010
5306;2010;8930;2010
1698;2010;3584;2010
8367;2010;4875;2010
2406;2010;11947;2010
7041;2010;1235;2010
0057;2010;14302;2010
0683;2010;1319;2010
2782;2010;2013;2010
7726;2010;1324;2010
0116;2010;16519;2010
4904;2010;3399;2010
8464;2010;7174;2010
8580;2010;307;2010
8082;2010;288;2010
4816;2010;1815;2010
8832;2010;1463;2010
1012;2010;1406;2010
5105;2010;1962;2010
6025;2010;4352;2010
2356;2010;4855;2010
7451;2010;4322;2010
2065;2010;12185;2010
9147;2010;7393;2010
7246;2010;853;2010
5175;2010;759;2010
4711;2010;213;2010
3374;2010;3045;2010
3750;2010;2414;2010
4481;2010;941;2010
7630;2010;1350;2010
4389;2010;3043;2010
0139;2010;16240;2010
0575;2010;38699;2010
0379;2010;10769;2010
0347;2010;4324;2010
9318;2010;5578;2010
5053;2010;17000;2010
7498;2010;6244;2010
6311;2010;3795;2010
6351;2010;2471;2010
4775;2010;17781;2010
5968;2010;4012;2010
0620;2010;263;2010
7363;2010;10426;2010
4185;2010;1595;2010
3321;2010;2365;2010
8657;2010;80453;2010
0848;2010;7335;2010
2078;2010;258;2010
8789;2010;6258;2010
7338;2010;7120;2010
7832;2010;8957;2010
2627;2010;5237;2010
6058;2010;584;2010
2206;2010;1505;2010
3792;2010;6279;2010
9506;2010;4121;2010
8386;2010;2682;2010
9921;2010;1185;2010
5896;2010;5075;2010
2401;2010;1743;2010
8076;2010;7671;2010
1121;2010;685;2010
6231;2010;4954;2010
5106;2010;3625;2010
7081;2010;622;2010
6808;2010;3071;2010
5853;2010;363;2010
8047;2010;2582;2010
1194;2010;4812;2010
6705;2010;1529;2010
5601;2010;281;2010
4718;2010;1244;2010
1737;2010;6133;2010
8765;2010;1994;2010
9720;2010;413;2010
0252;2010;1789;2010
7733;2010;3907;2010
1784;2010;7352;2010
1931;2010;7558;2010
5169;2010;448;2010
5295;2010;2045;2010
6757;2010;2139;2010
2534;2010;38863;2010
1053;2010;5110;2010
7176;2010;5529;2010
9442;2010;1214;2010
9237;2010;2896;2010
1719;2010;4311;2010
7329;2010;2970;2010
1082;2010;6232;2010
9963;2010;413;2010
8896;2010;1710;2010
2221;2010;4910;2010
5073;2010;3175;2010
9723;2010;1304;2010
6220;2010;875;2010
4466;2010;1027;2010
6881;2010;2933;2010
9748;2010;248;2010
5479;2010;552;2010
1831;2010;9029;2010
2813;2010;6926;2010
6263;2010;2107;2010
3781;2010;702;2010
9034;2010;555;2010
6171;2010;529;2010
1169;2010;82601;2010
5288;2010;1172;2010
1917;2010;826;2010
1382;2010;722;2010
9305;2010;3455;2010
6466;2010;248;2010
6082;2010;577;2010
2764;2010;1453;2010
0436;2010;3472;2010
4878;2010;278;2010
9512;2010;1202;2010
8017;2010;16716;2010
9372;2010;2769;2010
5230;2010;1243;2010
1414;2010;4187;2010
3603;2010;3127;2010
9561;2010;5256;2010
2395;2010;9540;2010
7547;2010;857;2010
1256;2010;996;2010
4830;2010;235;2010
4163;2010;2282;2010
8250;2010;2885;2010
8991;2010;1341;2010
8403;2010;2804;2010
5458;2010;636;2010
9052;2010;5674;2010
9873;2010;8902;2010
1961;2010;952;2010
6825;2010;524;2010
8360;2010;2428;2010
0408;2010;1415;2010
5331;2010;467;2010
9352;2010;1845;2010
7039;2010;2045;2010
5636;2010;3712;2010
2977;2010;5806;2010
1337;2010;196;2010
0364;2010;4196;2010
4770;2010;9292;2010
6045;2010;1791;2010
1613;2010;2662;2010
6988;2010;5318;2010
8854;2010;2444;2010
9255;2010;10012;2010
0815;2010;662;2010
8027;2010;23616;2010
2885;2010;3352;2010
7701;2010;3224;2010
2814;2010;4104;2010
3255;2010;1019;2010
8974;2010;1680;2010
7270;2010;2200;2010
2230;2010;4723;2010
0152;2010;260;2010
5169;2010;2648;2010
6815;2010;8214;2010
7055;2010;1022;2010
0301;2010;1262;2010
9209;2010;2913;2010
9644;2010;11345;2010
6880;2010;2287;2010
4607;2010;2750;2010
3421;2010;977;2010
2138;2010;1751;2010
5747;2010;194;2010
9935;2010;1018;2010
7955;2010;1036;2010
5334;2010;270;2010
9040;2010;849;2010
0749;2010;784;2010
8112;2010;270;2010
3802;2010;4373;2010
6400;2010;4612;2010
2991;2010;908;2010
2026;2010;1326;2010
9165;2010;415;2010
0752;2010;313;2010
5208;2010;1192;2010
0864;2010;1759;2010
5680;2010;7552;2010
5316;2010;6016;2010
7342;2010;600;2010
5077;2010;1046;2010
2137;2010;1777;2010
0917;2010;4463;2010
9930;2010;348;2010
1171;2010;911;2010
7868;2010;3190;2010
0937;2010;2541;2010
2332;2010;1237;2010
7425;2010;661;2010
2943;2010;640;2010
9054;2010;5749;2010
5288;2010;1216;2010
8070;2010;1258;2010
9091;2010;236;2010
2824;2010;8967;2010
7844;2010;4396;2010
6474;2010;2690;2010
1320;2010;2672;2010
6115;2010;183;2010
7405;2010;1641;2010
8606;2010;284;2010
1517;2010;2857;2010
0078;2010;754;2010
7469;2010;4003;2010
8680;2010;7708;2010
5952;2010;212;2010
7866;2010;1795;2010
9616;2010;355;2010
3462;2010;3139;2010
7750;2010;553;2010
3652;2010;1606;2010
1442;2010;3294;2010
2215;2010;134;2010
5948;2010;4341;2010
1065;2010;1280;2010
4214;2010;4053;2010
7070;2010;2092;2010
9723;2010;1035;2010
4884;2010;1043;2010
3122;2010;1510;2010
0700;2010;677;2010
0329;2010;1548;2010
4204;2010;464;2010
6854;2010;753;2010
7709;2010;7303;2010
5975;2010;2602;2010
7567;2010;2533;2010
0707;2010;376;2010
1361;2010;1098;2010
8352;2010;1483;2010
9901;2010;5383;2010
7335;2010;432;2010
5560;2010;3195;2010
4967;2010;3519;2010
7991;2010;555;2010
8975;2010;841;2010
5951;2010;625;2010
4263;2010;199;2010
4131;2010;1833;2010
9158;2010;4634;2010
1233;2010;1634;2010
6544;2010;552;2010
1650;2010;1393;2010
2927;2010;5933;2010
4605;2010;670;2010
7844;2010;740;2010
3244;2010;1061;2010
4294;2010;1011;2010
4612;2010;46;2010
1455;2010;1738;2010
9738;2010;3056;2010
8148;2010;11839;2010
7437;2010;1838;2010
2997;2010;33;2010
6867;2010;1300;2010
7998;2010;2329;2010
2534;2010;1960;2010
8988;2010;1893;2010
7265;2010;2316;2010
5844;2010;659;2010
7578;2010;2885;2010
0003;2010;297;2010
8248;2010;564;2010
8974;2010;2915;2010
8501;2010;410;2010
5235;2010;500;2010
4525;2010;4282;2010
8748;2010;21930;2010
6849;2010;111;2010
0512;2010;4751;2010
2737;2010;193;2010
3175;2010;4709;2010
3744;2010;9166;2010
2368;2010;840;2010
1463;2010;636;2010
3756;2010;2519;2010
0134;2010;2019;2010
7227;2010;4059;2010
5706;2010;3505;2010
0275;2010;2727;2010
7085;2010;943;2010
3774;2010;1096;2010
4053;2010;217;2010
5223;2010;1048;2010
7393;2010;2978;2010
7777;2010;31228;2010
9817;2010;4660;2010
4210;2010;6473;2010
5634;2010;19350;2010
3619;2010;11512;2010
0520;2010;8096;2010
3841;2010;17060;2010
5856;2010;3671;2010
4922;2010;7755;2010
5903;2010;3800;2010
1613;2010;3087;2010
7426;2010;2019;2010
8715;2010;7195;2010
6528;2010;4271;2010
1393;2010;36013;2010
3825;2010;25915;2010
9489;2010;2169;2010
0036;2010;26517;2010
8322;2010;4761;2010
5863;2010;8605;2010
9836;2010;13401;2010
7272;2010;1190;2010
1802;2010;6458;2010
2532;2010;12371;2010
2564;2010;3885;2010
3859;2010;14209;2010
2971;2010;3847;2010
5951;2010;5361;2010
6010;2010;18628;2010
2096;2010;13094;2010
3175;2010;1920;2010
1724;2010;10904;2010
2207;2010;30459;2010
0224;2010;4912;2010
1073;2010;14672;2010
9388;2010;23528;2010
7681;2010;13788;2010
7241;2010;71984;2010
6764;2010;4091;2010
3961;2010;46566;2010
1644;2010;1955;2010
6868;2010;17268;2010
4735;2010;19980;2010
0674;2010;20284;2010
3573;2010;33775;2010
9242;2010;8166;2010
4585;2010;3568;2010
0817;2010;19158;2010
6354;2010;5761;2010
4795;2010;3000;2010
2559;2010;8926;2010
9951;2010;26662;2010
7593;2010;8564;2010
5801;2010;19416;2010
4596;2010;2775;2010
1012;2010;1711;2010
1348;2010;8648;2010
2054;2010;10445;2010
0401;2010;8372;2010
9333;2010;25106;2010
6501;2010;57429;2010
4067;2010;4006;2010
4645;2010;9570;2010
9911;2010;23076;2010
2300;2010;9078;2010
2083;2010;5995;2010
3852;2010;3295;2010
0824;2010;12137;2010
9985;2010;16856;2010
8205;2010;18249;2010
6397;2010;3894;2010
6706;2010;1260239;2010
0014;2010;1199;2010
5128;2010;7624;2010
2583;2010;17236;2010
8760;2010;693;2010
4620;2010;20017;2010
8582;2010;4340;2010
6385;2010;13472;2010
9835;2010;4128;2010
9731;2010;1478;2010
1049;2010;46972;2010
6200;2010;5856;2010
2925;2010;26620;2010
8208;2010;11014;2010
9782;2010;10436;2010
2212;2010;22444;2010
6624;2010;9034;2010
9138;2010;14884;2010
0936;2010;35178;2010
7848;2010;8178;2010
1648;2010;5499;2010
1394;2010;7923;2010
0744;2010;6880;2010
0299;2010;13916;2010
2430;2010;50076;2010
9267;2010;4859;2010
7842;2010;6892;2010
0738;2010;4433;2010
6816;2010;5399;2010
2429;2010;40639;2010
5050;2010;7358;2010
8762;2010;31586;2010
2001;2010;6698;2010
8285;2010;36031;2010
9662;2010;4722;2010
5010;2010;8246;2010
2354;2010;4158;2010
7529;2010;11220;2010
4880;2010;33698;2010
5956;2010;21015;2010
6996;2010;77893;2010
4264;2010;7377;2010
7190;2010;19236;2010
6760;2010;13958;2010
4356;2010;4749;2010
7662;2010;19773;2010
0534;2010;11999;2010
9378;2010;3306;2010
9837;2010;5962;2010
5188;2010;7441;2010
0499;2010;8838;2010
1545;2010;7956;2010
3090;2010;3829;2010
6542;2010;3166;2010
5517;2010;9021;2010
7483;2010;16383;2010
1334;2010;9036;2010
6505;2010;4032;2010
4278;2010;1391;2010
5779;2010;6606;2010
5513;2010;6184;2010
5630;2010;5312;2010
7607;2010;10953;2010
6055;2010;2144;2010
2249;2010;855;2010
3527;2010;8014;2010
8094;2010;18105;2010
0154;2010;5719;2010
6065;2010;5991;2010
7305;2010;5818;2010
6709;2010;13650;2010
2949;2010;2332;2010
7270;2010;3114;2010
3472;2010;4723;2010
4369;2010;3648;2010
3077;2010;2773;2010
6932;2010;183;2010
4898;2010;530;2010
3078;2010;7607;2010
2892;2010;437;2010
5491;2010;4150;2010
9806;2010;724;2010
0745;2010;4393;2010
0807;2010;1754;2010
2680;2010;727;2010
1447;2010;2469;2010
1066;2010;116522;2010
8641;2010;1307;2010
6704;2010;606;2010
2008;2010;79;2010
5912;2010;5658;2010
2082;2010;5728;2010
1510;2010;8826;2010
4678;2010;6515;2010
8306;2010;1113;2010
0906;2010;978;2010
7727;2010;5219;2010
4653;2010;760;2010
1864;2010;730;2010
5358;2010;8241;2010
1319;2010;7831;2010
2698;2010;4167;2010
1106;2010;5915;2010
1425;2010;95;2010
9947;2010;5347;2010
0832;2010;5831;2010
6677;2010;5336;2010
3336;2010;8283;2010
7239;2010;4018;2010
9440;2010;623;2010
2162;2010;4289;2010
6789;2010;1338;2010
7811;2010;7729;2010
7838;2010;3140;2010
3883;2010;15979;2010
8209;2010;4536;2010
1535;2010;358;2010
5891;2010;4638;2010
1132;2010;3994;2010
1746;2010;3913;2010
6219;2010;3337;2010
6773;2010;119;2010
1527;2010;9706;2010
7066;2010;2905;2010
5001;2010;3465;2010
5891;2010;1434;2010
6516;2010;2449;2010
0244;2010;1598;2010
9724;2010;2524;2010
6167;2010;3446;2010
5992;2010;4229;2010
0705;2010;1673;2010
5456;2010;3217;2010
8847;2010;5815;2010
8160;2010;6270;2010
3074;2010;5702;2010
7280;2010;5180;2010
1901;2010;8703;2010
6268;2010;1142;2010
5187;2010;10560;2010
7485;2010;1659;2010
4452;2010;4136;2010
5017;2010;961;2010
3490;2010;1948;2010
2228;2010;3305;2010
2120;2010;626;2010
6665;2010;9225;2010
9435;2010;4075;2010
4135;2010;3346;2010
7049;2010;7651;2010
4071;2010;263;2010
8075;2010;23046;2010
5582;2010;965;2010
0689;2010;3516;2010
1452;2010;1888;2010
7815;2010;7906;2010
0407;2010;1308;2010
4232;2010;3178;2010
2877;2010;1150;2010
0600;2010;3082;2010
7969;2010;4294;2010
9290;2010;687;2010
1428;2010;202;2010
8683;2010;3147;2010
0447;2010;3306;2010
2797;2010;226;2010
1342;2010;1064;2010
0319;2010;5653;2010
1267;2010;1508;2010
1962;2010;909;2010
4134;2010;5145;2010
1680;2010;372;2010
5881;2010;5907;2010
6976;2010;5032;2010
5201;2010;6390;2010
0001;2010;1667;2010
7413;2010;6290;2010
0692;2010;1250;2010
7773;2010;919;2010
9408;2010;7290;2010
8327;2010;191;2010
0586;2010;664;2010
1559;2010;4096;2010
6909;2010;4703;2010
7383;2010;641;2010
5315;2010;3800;2010
7896;2010;843;2010
9246;2010;5351;2010
0469;2010;2556;2010
4846;2010;874;2010
0689;2010;3991;2010
6702;2010;6416;2010
0512;2010;10073;2010
8383;2010;197;2010
1053;2010;2964;2010
3564;2010;204;2010
7535;2010;1205;2010
8156;2010;3152;2010
5627;2010;2594;2010
9226;2010;2869;2010
4646;2010;4591;2010
6417;2010;7441;2010
2348;2010;11554;2010
6274;2010;527;2010
8919;2010;1059;2010
3262;2010;182;2010
6636;2010;657;2010
7820;2010;824;2010
0766;2010;1735;2010
0963;2010;175;2010
1822;2010;5137;2010
5856;2010;11866;2010
2349;2010;2079;2010
0901;2010;3995;2010
9624;2010;4190;2010
7937;2010;5782;2010
2793;2010;2811;2010
8187;2010;378;2010
5999;2010;5724;2010
4799;2010;1857;2010
7022;2010;1519;2010
5451;2010;1101;2010
7653;2010;1260;2010
2378;2010;441;2010
4280;2010;86;2010
2861;2010;1571;2010
5898;2010;1921;2010
4816;2010;6766;2010
5512;2010;11336;2010
3776;2010;3218;2010
0976;2010;5054;2010
1983;2010;4574;2010
9556;2010;1877;2010
6248;2010;1171;2010
2817;2010;4877;2010
1151;2010;1684;2010
0748;2010;5990;2010
2202;2010;1294;2010
5213;2010;854;2010
8106;2010;3927;2010
3831;2010;18685;2010
3866;2010;433;2010
0675;2010;732;2010
0302;2010;925;2010
5339;2010;3952;2010
0260;2010;5096;2010
2465;2010;5383;2010
9533;2010;4971;2010
8036;2010;587;2010
0515;2010;3505;2010
6622;2010;6447;2010
6891;2010;9808;2010
9693;2010;1258;2010
8461;2010;2539;2010
5279;2010;2008;2010
5290;2010;24157;2010
3384;2010;2182;2010
7570;2010;1707;2010
9447;2010;701;2010
2123;2010;9068;2010
0350;2010;4226;2010
0243;2010;5435;2010
9670;2010;1033;2010
6107;2010;5640;2010
3737;2010;12659;2010
8250;2010;1059;2010
5411;2010;3856;2010
1257;2010;612;2010
1707;2010;2150;2010
3025;2010;4831;2010
1225;2010;7630;2010
4838;2010;8269;2010
6904;2010;2306;2010
6241;2010;1110;2010
5138;2010;9463;2010
2198;2010;28515;2010
4874;2010;10243;2010
3451;2010;1397;2010
7782;2010;9578;2010
8899;2010;1093;2010
8028;2010;3758;2010
8905;2010;616;2010
7640;2010;139;2010
2302;2010;209;2010
3797;2010;420;2010
8975;2010;293;2010
2916;2010;216;2010
8218;2010;7723;2010
3439;2010;7759;2010
6945;2010;4842;2010
4483;2010;1125;2010
7561;2010;1252;2010
3097;2010;603;2010
9822;2010;4717;2010
4954;2010;6809;2010
6029;2010;6574;2010
1595;2010;1985;2010
0419;2010;7620;2010
0010;2010;1518;2010
4317;2010;2716;2010
9523;2010;8104;2010
2123;2010;9068;2010
2970;2010;982;2010
3232;2010;719;2010
2506;2010;309;2010
8484;2010;2367;2010
1788;2010;1932;2010
5464;2010;1581;2010
2895;2010;7130;2010
5546;2010;1837;2010
7523;2010;2449;2010
8313;2010;482;2010
5601;2010;2545;2010
0191;2010;3529;2010
5695;2010;2870;2010
3457;2010;12770;2010
2121;2010;3955;2010
3363;2010;2394;2010
4918;2010;1193;2010
4204;2010;2217;2010
4434;2010;11753;2010
5925;2010;2570;2010
4633;2010;1740;2010
9148;2010;2435;2010
5442;2010;3598;2010
2870;2010;1470;2010
5299;2010;5492;2010
4199;2010;9102;2010
4960;2010;2677;2010
4824;2010;10744;2010
9887;2010;2274;2010
4114;2010;7475;2010
3801;2010;1628;2010
3567;2010;670;2010
9301;2010;4906;2010
3338;2010;191072;2010
8968;2010;688;2010
3082;2010;2058;2010
2958;2010;12587;2010
7369;2010;3472;2010
8272;2010;8544;2010
1074;2010;2503;2010
9465;2010;400;2010
9676;2010;4481;2010
6009;2010;9163;2010
8417;2010;12581;2010
1737;2010;7939;2010
1396;2010;6533;2010
4999;2010;10772;2010
2325;2010;11154;2010
3362;2010;1888;2010
6321;2010;6969;2010
3415;2010;10974;2010
0830;2010;1252;2010
5461;2010;4976;2010
5525;2010;668;2010
2989;2010;1952;2010
4642;2010;942;2010
9592;2010;18547;2010
9309;2010;1645;2010
7130;2010;576;2010
3068;2010;2760;2010
0465;2010;8515;2010
2698;2010;4740;2010
4749;2010;2264;2010
7875;2010;7582;2010
4370;2010;3648;2010
0748;2010;14890;2010
9733;2010;7093;2010
6046;2010;2010;2010
2960;2010;1356;2010
0712;2010;15608;2010
3209;2010;5549;2010
2625;2010;26722;2010
9031;2010;4513;2010
2398;2010;8405;2010
3061;2010;5353;2010
0159;2010;2172;2010
8367;2010;8424;2010
5861;2010;4754;2010
3928;2010;2730;2010
6562;2010;11748;2010
7532;2010;3036;2010
7959;2010;11681;2010
8026;2010;18345;2010
3811;2010;2218;2010
2837;2010;5308;2010
0891;2010;16527;2010
8933;2010;1882;2010
6657;2010;399;2010
9347;2010;154;2010
4195;2010;9087;2010
3283;2010;4142;2010
8235;2010;621;2010
4516;2010;14414;2010
0239;2010;1148;2010
4987;2010;1785;2010
4335;2010;3809;2010
1954;2010;15597;2010
4707;2010;610;2010
2553;2010;591;2010
7425;2010;414;2010
7179;2010;23576;2010
0958;2010;1503;2010
1125;2010;153;2010
5281;2010;3315;2010
8941;2010;2101;2010
4567;2010;3343;2010
6274;2010;4837;2010
8839;2010;13072;2010
7392;2010;4448;2010
0348;2010;686;2010
9306;2010;3315;2010
7265;2010;11480;2010
4888;2010;1803;2010
6521;2010;2440;2010
0259;2010;564;2010
6051;2010;1804;2010
8908;2010;4367;2010
6613;2010;23254;2010
5181;2010;5063;2010
5067;2010;791;2010
0780;2010;2545;2010
2115;2010;11058;2010
1574;2010;1943;2010
4579;2010;4041;2010
3116;2010;4561;2010
5439;2010;2097;2010
0333;2010;4296;2010
8481;2010;3255;2010
7797;2010;986;2010
8683;2010;12366;2010
9376;2010;2493;2010
2902;2010;13629;2010
8578;2010;1454;2010
8085;2010;4287;2010
6080;2010;3729;2010
8656;2010;201;2010
0034;2010;2025;2010
0393;2010;19556;2010
1816;2010;4436;2010
1537;2010;654;2010
3907;2010;7157;2010
6134;2010;2825;2010
8177;2010;4492;2010
9152;2010;614;2010
1258;2010;689;2010
4894;2010;1621;2010
9450;2010;4353;2010
2274;2010;8082;2010
2011;2010;2727;2010
1195;2010;2463;2010
2734;2010;3882;2010
6432;2010;5252;2010
4051;2010;1752;2010
2070;2010;7156;2010
0859;2010;6878;2010
3278;2010;3475;2010
1622;2010;2945;2010
4524;2010;1586;2010
2623;2010;400;2010
9888;2010;6872;2010
1597;2010;7110;2010
8506;2010;969;2010
9716;2010;3255;2010
4527;2010;6406;2010
4624;2010;3393;2010
2063;2010;13133;2010
1323;2010;4760;2010
8906;2010;8714;2010
8207;2010;4455;2010
4184;2010;9266;2010
0941;2010;17605;2010
8454;2010;5725;2010
4472;2010;3775;2010
5869;2010;3374;2010
3045;2010;10483;2010
2156;2010;3410;2010
5028;2010;2415;2010
2531;2010;4616;2010
6790;2010;13402;2010
2669;2010;1019;2010
4711;2010;1500;2010
5719;2010;1602;2010
4273;2010;3099;2010
2462;2010;7675;2010
7734;2010;1801;2010
8920;2010;1262;2010
4396;2010;1921;2010
8075;2010;1386;2010
2585;2010;1081;2010
8545;2010;1309;2010
4393;2010;6316;2010
1714;2010;7973;2010
7358;2010;13344;2010
6938;2010;2133;2010
1019;2010;5529;2010
7332;2010;573;2010
6802;2010;3929;2010
8574;2010;1334;2010
1237;2010;213;2010
7595;2010;8158;2010
0635;2010;3892;2010
9638;2010;4490;2010
1472;2010;1475;2010
2195;2010;10893;2010
8650;2010;1455;2010
1011;2010;5721;2010
2649;2010;732;2010
2237;2010;1936;2010
2214;2010;8185;2010
6815;2010;1109;2010
3021;2010;4703;2010
3442;2010;900;2010
7558;2010;223;2010
3279;2010;561;2010
4487;2010;3294;2010
4849;2010;1640;2010
0572;2010;404;2010
6624;2010;680;2010
7366;2010;882;2010
3380;2010;1721;2010
7079;2010;172;2010
4742;2010;1048;2010
1426;2010;567;2010
6977;2010;6309;2010
8636;2010;2808;2010
8364;2010;2676;2010
8094;2010;1389;2010
1043;2010;439;2010
6391;2010;1080;2010
9286;2010;2598;2010
8351;2010;659;2010
1504;2010;712;2010
8102;2010;859;2010
6894;2010;3537;2010
0078;2010;9215;2010
9837;2010;131;2010
5013;2010;976;2010
8967;2010;1681;2010
8097;2010;121;2010
8099;2010;1441;2010
7807;2010;1520;2010
6302;2010;476;2010
4774;2010;886;2010
8049;2010;2526;2010
7359;2010;8410;2010
7338;2010;6988;2010
2679;2010;739;2010
6617;2010;6832;2010
7982;2010;1037;2010
7444;2010;1082;2010
2141;2010;632;2010
2591;2010;6593;2010
1232;2010;238;2010
5977;2010;1816;2010
3786;2010;207;2010
5598;2010;768;2010
8579;2010;4908;2010
4109;2010;1216;2010
4120;2010;4015;2010
8349;2010;1361;2010
0512;2010;5644;2010
9552;2010;1008;2010
8096;2010;1653;2010
3401;2010;1779;2010
8710;2010;779;2010
1138;2010;741;2010
0907;2010;2159;2010
4393;2010;1046;2010
8242;2010;359;2010
6095;2010;374;2010
0766;2010;4218;2010
5665;2010;4582;2010
1708;2010;1133;2010
2478;2010;841;2010
8364;2010;398;2010
1744;2010;1229;2010
2313;2010;230;2010
7761;2010;254;2010
7030;2010;9928;2010
1760;2010;9813;2010
9957;2010;374;2010
4113;2010;1367;2010
7503;2010;4998;2010
6127;2010;3199;2010
4203;2010;209;2010
3452;2010;2650;2010
2160;2010;4597;2010
6414;2010;1313;2010
7000;2010;5947;2010
8212;2010;436;2010
3416;2010;1227;2010
1659;2010;2675;2010
7457;2010;143;2010
3585;2010;2309;2010
8204;2010;2381;2010
2533;2010;1700;2010
1177;2010;2460;2010
2895;2010;1579;2010
8943;2010;6987;2010
1371;2010;394;2010
0203;2010;1125;2010
0508;2010;512;2010
5106;2010;1509;2010
5559;2010;3740;2010
0651;2010;930;2010
7416;2010;1695;2010
4035;2010;583;2010
4139;2010;391;2010
9744;2010;313;2010
1883;2010;721;2010
4933;2010;1748;2010
2990;2010;729;2010
9694;2010;15324;2010
0764;2010;372;2010
3810;2010;810;2010
9101;2010;180;2010
9792;2010;1181;2010
8066;2010;1917;2010
1018;2010;326;2010
3011;2010;2014;2010
2541;2010;69429;2010
2072;2010;925;2010
1530;2010;911;2010
1053;2010;2149;2010
3960;2010;2799;2010
3078;2010;1719;2010
0903;2010;734;2010
9573;2010;816;2010
4798;2010;1577;2010
1588;2010;430;2010
4616;2010;1076;2010
6677;2010;1461;2010
9155;2010;5118;2010
5408;2010;6153;2010
8679;2010;566;2010
4966;2010;80;2010
7641;2010;240;2010
3647;2010;617;2010
7133;2010;752;2010
0510;2010;1319;2010
5530;2010;650;2010
4116;2010;938;2010
4420;2010;748;2010
5512;2010;498;2010
4293;2010;745;2010
2686;2010;3786;2010
4521;2010;1175;2010
2907;2010;5696;2010
3323;2010;5754;2010
4207;2010;1996;2010
5912;2010;1673;2010
5572;2010;844;2010
8988;2010;528;2010
4715;2010;2498;2010
4973;2010;856;2010
8928;2010;606;2010
5419;2010;1774;2010
5741;2010;999;2010
7208;2010;255;2010
6711;2010;683;2010
7879;2010;5828;2010
8724;2010;1127;2010
2314;2010;596;2010
7819;2010;11652;2010
8479;2010;656;2010
2280;2010;1673;2010
6600;2010;605;2010
4934;2010;976;2010
9980;2010;339;2010
4385;2010;2347;2010
5020;2010;3365;2010
6271;2010;848;2010
0437;2010;4261;2010
8312;2010;1973;2010
4982;2010;3837;2010
1548;2010;1021;2010
6826;2010;673;2010
8538;2010;234;2010
2357;2010;2184;2010
1612;2010;1519;2010
9834;2010;309;2010
6122;2010;3408;2010
1723;2010;104;2010
1961;2010;3029;2010
7086;2010;373;2010
4404;2010;1314;2010
1425;2010;5921;2010
3639;2010;61308;2010
8781;2010;77;2010
6085;2010;784;2010
7786;2010;3158;2010
4896;2010;1551;2010
4422;2010;38860;2010
7722;2010;130;2010
3999;2010;1035;2010
5293;2010;1695;2010
5828;2010;1116;2010
4037;2010;489;2010
3613;2010;442;2010
1915;2010;1648;2010
7500;2010;3227;2010
2161;2010;1311;2010
0775;2010;3766;2010
1983;2010;2072;2010
1210;2010;722;2010
3878;2010;4791;2010
9008;2010;1486;2010
1424;2010;619;2010
1071;2010;474;2010
6996;2010;1279;2010
9506;2010;1304;2010
6407;2010;694;2010
8381;2010;2094;2010
1471;2010;593;2010
1977;2010;436;2010
4543;2010;2470;2010
8750;2010;4104;2010
1935;2010;1862;2010
5180;2010;1188;2010
6570;2010;547;2010
4018;2010;1764;2010
5341;2010;15044;2010
2823;2010;1674;2010
7893;2010;592;2010
7877;2010;463;2010
0774;2010;9525;2010
8999;2010;5605;2010
7571;2010;328;2010
9178;2010;559;2010
1934;2010;2250;2010
9629;2010;938;2010
3600;2010;1317;2010
8526;2010;1134;2010
4080;2010;1433;2010
1284;2010;1642;2010
5182;2010;33392;2010
4818;2010;70679;2010
7577;2010;1526;2010
9370;2010;671;2010
7740;2010;445;2010
9906;2010;317;2010
6525;2010;3880;2010
7212;2010;565;2010
1938;2010;1175;2010
6431;2010;1147;2010
7072;2010;944;2010
1013;2010;2000;2010
5732;2010;1175;2010
7178;2010;1318;2010
2763;2010;658;2010
2582;2010;1473;2010
2896;2010;1892;2010
2234;2010;2922;2010
4655;2010;1223;2010
1916;2010;2063;2010
7616;2010;2974;2010
8225;2010;1437;2010
9196;2010;1851;2010
3428;2010;2336;2010
3944;2010;2597;2010
1532;2010;837;2010
4664;2010;992;2010
5835;2010;5815;2010
1541;2010;955;2010
4890;2010;3050;2010
9619;2010;1487;2010
8208;2010;3867;2010
2953;2010;8991;2010
6081;2010;3357;2010
5434;2010;1616;2010
0166;2010;694;2010
9694;2010;3634;2010
7631;2010;2567;2010
7288;2010;1171;2010
4355;2010;1291;2010
8500;2010;1618;2010
0610;2010;6692;2010
4015;2010;1448;2010
8622;2010;923;2010
5383;2010;1772;2010
9563;2010;1051;2010
7794;2010;3381;2010
9739;2010;530;2010
3332;2010;2068;2010
4011;2010;7925;2010
9631;2010;2434;2010
0470;2010;3043;2010
3647;2010;1173;2010
9264;2010;2219;2010
6828;2010;1460;2010
2144;2010;1872;2010
3799;2010;484;2010
0761;2010;1509;2010
7202;2010;614;2010
3092;2010;3657;2010
4937;2010;3024;2010
4254;2010;1015;2010
3201;2010;7745;2010
5681;2010;9115;2010
9595;2010;3128;2010
2090;2010;1588;2010
1073;2010;643;2010
0196;2010;6863;2010
2009;2010;1536;2010
9819;2010;449;2010
7693;2010;448;2010
1654;2010;502;2010
1215;2010;1792;2010
2196;2010;686;2010
9180;2010;2899;2010
0610;2010;1752;2010
1516;2010;3906;2010
6926;2010;4448;2010
4365;2010;4000;2010
1205;2010;565;2010
2425;2010;410;2010
0142;2010;3051;2010
4815;2010;10070;2010
2218;2010;5908;2010
0067;2010;2094;2010
0690;2010;3510;2010
0661;2010;806;2010
8219;2010;4141;2010
8664;2010;4530;2010
4259;2010;1335;2010
6958;2010;2210;2010
8495;2010;2590;2010
0306;2010;1572;2010
3399;2010;2993;2010
5751;2010;4822;2010
4042;2010;11809;2010
3392;2010;5151;2010
0224;2010;22168;2010
9096;2010;3894;2010
3082;2010;2688;2010
6487;2010;1177;2010
1670;2010;14396;2010
5305;2010;3424;2010
7729;2010;1480;2010
0314;2010;2988;2010
4871;2010;2402;2010
2204;2010;10275;2010
9966;2010;9198;2010
3783;2010;6129;2010
2002;2010;1680;2010
8062;2010;47293;2010
7890;2010;6978;2010
9126;2010;732;2010
0156;2010;7682;2010
7286;2010;4024;2010
8334;2010;5946;2010
0160;2010;4833;2010
7898;2010;2522;2010
8339;2010;7060;2010
5687;2010;7288;2010
7324;2010;1052;2010
5877;2010;1754;2010
2586;2010;6585;2010
5518;2010;1772;2010
7187;2010;2278;2010
4430;2010;15882;2010
3788;2010;1210;2010
4355;2010;5759;2010
0358;2010;1330;2010
1481;2010;2557;2010
5452;2010;2637;2010
6105;2010;5367;2010
4216;2010;7252;2010
9847;2010;8531;2010
2701;2010;4366;2010
9405;2010;7744;2010
9671;2010;1785;2010
5304;2010;9425;2010
3852;2010;1278;2010
9393;2010;1833;2010
9551;2010;1269;2010
0443;2010;6350;2010
2015;2010;1632;2010
0834;2010;2618;2010
2712;2010;2227;2010
8966;2010;20497;2010
8411;2010;19312;2010
2882;2010;2047;2010
8397;2010;2235;2010
2024;2010;11019;2010
4845;2010;7337;2010
5642;2010;1664;2010
8331;2010;1040;2010
0459;2010;379;2010
8938;2010;14039;2010
3240;2010;753;2010
1045;2010;3364;2010
6036;2010;1612;2010
1919;2010;102809;2010
1364;2010;659;2010
1440;2010;2096;2010
5765;2010;20642;2010
4802;2010;2648;2010
0587;2010;15427;2010
6620;2010;400;2010
6218;2010;7581;2010
3939;2010;2660;2010
0238;2010;5260;2010
7990;2010;2388;2010
1405;2010;6447;2010
7048;2010;1392;2010
7318;2010;2714;2010
0177;2010;5140;2010
5323;2010;3298;2010
1621;2010;2253;2010
0147;2010;651;2010
8833;2010;1326;2010
4115;2010;2437;2010
1891;2010;3303;2010
6161;2010;4996;2010
0870;2010;2622;2010
9202;2010;3468;2010
7661;2010;976;2010
2975;2010;2558;2010
5692;2010;3159;2010
9811;2010;1639;2010
2416;2010;878;2010
6231;2010;5139;2010
5937;2010;4838;2010
2737;2010;2619;2010
2114;2010;16983;2010
9142;2010;11183;2010
2586;2010;3920;2010
9038;2010;345;2010
3816;2010;1539;2010
8880;2010;1300;2010
4751;2010;5076;2010
2918;2010;2883;2010
8067;2010;2510;2010
8689;2010;883;2010
1192;2010;1628;2010
4986;2010;37444;2010
5542;2010;2797;2010
5522;2010;1626;2010
3774;2010;2169;2010
1965;2010;1812;2010
2569;2010;5549;2010
2859;2010;2886;2010
9595;2010;1899;2010
6846;2010;3876;2010
8163;2010;3531;2010
1710;2010;4608;2010
4018;2010;3524;2010
3951;2010;1451;2010
8555;2010;682;2010
3031;2010;195;2010
6269;2010;1750;2010
9030;2010;3362;2010
2454;2010;592;2010
3788;2010;275;2010
9478;2010;4361;2010
4705;2010;2860;2010
3640;2010;7595;2010
9928;2010;1317;2010
6500;2010;2932;2010
6357;2010;1198;2010
2044;2010;3506;2010
9557;2010;3188;2010
9165;2010;2933;2010
9627;2010;3534;2010
3362;2010;3752;2010
0272;2010;1739;2010
1274;2010;3132;2010
3091;2010;1594;2010
9080;2010;1892;2010
2586;2010;6891;2010
0264;2010;2831;2010
6841;2010;1474;2010
3162;2010;2641;2010
6073;2010;1325;2010
4033;2010;1953;2010
1451;2010;5980;2010
7006;2010;1832;2010
7111;2010;1207;2010
3421;2010;1724;2010
6350;2010;4103;2010
3835;2010;3299;2010
0589;2010;1845;2010
1711;2010;985;2010
6736;2010;2447;2010
6864;2010;1006;2010
2975;2010;957;2010
2137;2010;2925;2010
8330;2010;996;2010
9881;2010;3055;2010
9410;2010;2739;2010
7911;2010;5884;2010
1114;2010;2254;2010
6058;2010;3249;2010
4021;2010;4221;2010
9626;2010;925;2010
2043;2010;1473;2010
0499;2010;1911;2010
1378;2010;6362;2010
8931;2010;2738;2010
9188;2010;1307;2010
7227;2010;782;2010
8562;2010;8957;2010
9643;2010;1513;2010
9704;2010;3000;2010
8495;2010;231;2010
3783;2010;1029;2010
2176;2010;16774;2010
8973;2010;4115;2010
0710;2010;4889;2010
4594;2010;1479;2010
7805;2010;285;2010
9369;2010;2495;2010
7110;2010;441;2010
6740;2010;1579;2010
4527;2010;415;2010
3152;2010;351;2010
6493;2010;703;2010
1751;2010;669;2010
3570;2010;6796;2010
7002;2010;812;2010
8896;2010;580;2010
1411;2010;3893;2010
0138;2010;256;2010
1671;2010;714;2010
4579;2010;143;2010
6070;2010;679;2010
4078;2010;361;2010
8753;2010;1481;2010
3945;2010;1289;2010
8087;2010;1107;2010
4132;2010;3324;2010
1988;2010;1559;2010
0233;2010;741;2010
0233;2010;1520;2010
6839;2010;1599;2010
0102;2010;1903;2010
8188;2010;603;2010
5698;2010;1068;2010
1224;2010;968;2010
8202;2010;513;2010
1004;2010;238;2010
8717;2010;635;2010
5588;2010;2268;2010
8276;2010;1340;2010
1431;2010;1018;2010
3757;2010;3980;2010
4843;2010;1029;2010
0280;2010;537;2010
2265;2010;2939;2010
3770;2010;259;2010
9628;2010;1859;2010
2251;2010;622;2010
5139;2010;407;2010
8070;2010;661;2010
2940;2010;384;2010
4976;2010;310;2010
6663;2010;3888;2010
1656;2010;6768;2010
2112;2010;730;2010
0249;2010;993;2010
7370;2010;1551;2010
6375;2010;1635;2010
9892;2010;680;2010
6736;2010;584;2010
5107;2010;701;2010
1451;2010;435;2010
4701;2010;608;2010
1571;2010;254;2010
5179;2010;1234;2010
7723;2010;1252;2010
1145;2010;248;2010
5070;2010;444;2010
3367;2010;550;2010
9534;2010;4433;2010
6804;2010;613;2010
1293;2010;912;2010
4267;2010;831;2010
2822;2010;1109;2010
1495;2010;516;2010
9425;2010;475;2010
5765;2010;519;2010
6321;2010;3109;2010
6288;2010;1482;2010
2241;2010;1313;2010
6807;2010;330;2010
1251;2010;385;2010
8129;2010;2487;2010
3866;2010;748;2010
2578;2010;147;2010
3737;2010;2286;2010
7253;2010;440;2010
7271;2010;1199;2010
0919;2010;2593;2010
0786;2010;344;2010
4283;2010;208;2010
0549;2010;1299;2010
3161;2010;1099;2010
1781;2010;8593;2010
8283;2010;7517;2010
1428;2010;487;2010
2178;2010;901;2010
3726;2010;861;2010
1935;2010;292;2010
5277;2010;2153;2010
7283;2010;450;2010
0322;2010;116;2010
6281;2010;500;2010
3498;2010;865;2010
8409;2010;1630;2010
3530;2010;5148;2010
8790;2010;6837;2010
5916;2010;2689;2010
1156;2010;1124;2010
7605;2010;872;2010
2072;2010;240;2010
0838;2010;9473;2010
3814;2010;2765;2010
3042;2010;621;2010
8915;2010;1395;2010
6147;2010;1951;2010
4887;2010;1381;2010
9653;2010;1029;2010
7464;2010;796;2010
2485;2010;840;2010
6050;2010;718;2010
6481;2010;180;2010
2113;2010;765;2010
2084;2010;1026;2010
3048;2010;1900;2010
3606;2010;826;2010
9782;2010;382;2010
3284;2010;20453;2010
8289;2010;1373;2010
2335;2010;683;2010
3210;2010;3132;2010
2285;2010;2375;2010
9706;2010;2101;2010
8478;2010;338;2010
9648;2010;4535;2010
3732;2010;394;2010
8519;2010;217;2010
7873;2010;1397;2010
9063;2010;773;2010
3578;2010;1268;2010
7213;2010;15920;2010
4449;2010;611;2010
1279;2010;1389;2010
0833;2010;2814;2010
0030;2010;423;2010
7900;2010;1473;2010
2973;2010;395;2010
4144;2010;1598;2010
9843;2010;37655;2010
5800;2010;416;2010
8538;2010;830;2010
0575;2010;202;2010
9020;2010;547;2010
4054;2010;1176;2010
3158;2010;2855;2010
3639;2010;1091;2010
8749;2010;926;2010
1898;2010;743;2010
9965;2010;1392;2010
7121;2010;1533;2010
8085;2010;332;2010
9186;2010;1269;2010
2839;2010;491;2010
7417;2010;730;2010
8220;2010;891;2010
2522;2010;596;2010
0586;2010;1286;2010
2000;2010;1278;2010
4709;2010;723;2010
1459;2010;1150;2010
9221;2010;4680;2010
3312;2010;550;2010
1754;2010;1480;2010
3136;2010;2962;2010
5406;2010;1943;2010
7473;2010;1996;2010
7162;2010;624;2010
1147;2010;978;2010
3011;2010;2013;2010
0464;2010;1869;2010
5661;2010;753;2010
3449;2010;320;2010
5887;2010;602;2010
5452;2010;2864;2010
4464;2010;3631;2010
2845;2010;1310;2010
3885;2010;1455;2010
1927;2010;703;2010
7025;2010;1364;2010
5785;2010;2146;2010
8748;2010;114781;2010
6056;2010;712;2010
2870;2010;2389;2010
1374;2010;225;2010
3284;2010;552;2010
8673;2010;1362;2010
0686;2010;828;2010
2836;2010;1138;2010
6412;2010;1887;2010
2081;2010;725;2010
8035;2010;2194;2010
9514;2010;154;2010
8501;2010;1182;2010
8181;2010;2192;2010
5177;2010;516;2010
3126;2010;990;2010
1287;2010;3678;2010
0385;2010;993;2010
7401;2010;3160;2010
6859;2010;1660;2010
7466;2010;1662;2010
3048;2010;350;2010
1133;2010;2915;2010
3670;2010;5496;2010
8813;2010;2346;2010
2532;2010;5264;2010
4707;2010;2150;2010
8843;2010;6190;2010
9381;2010;2661;2010
3252;2010;6641;2010
4475;2010;2990;2010
2005;2010;1827;2010
9947;2010;1996;2010
9666;2010;1442;2010
7947;2010;3593;2010
2727;2010;15850;2010
9786;2010;1405;2010
5832;2010;2523;2010
2259;2010;19491;2010
2692;2010;6857;2010
3727;2010;7360;2010
3173;2010;8087;2010
6006;2010;5991;2010
9017;2010;4018;2010
7243;2010;11735;2010
4283;2010;12301;2010
9093;2010;5374;2010
2710;2010;1546;2010
2950;2010;16285;2010
0620;2010;2452;2010
8123;2010;8638;2010
8968;2010;8243;2010
9135;2010;1068;2010
7441;2010;3598;2010
9479;2010;2582;2010
1024;2010;1816;2010
9638;2010;780;2010
8895;2010;225;2010
2113;2010;4126;2010
3694;2010;3959;2010
6603;2010;5498;2010
4866;2010;10861;2010
0029;2010;5344;2010
8295;2010;11506;2010
6777;2010;3252;2010
6371;2010;8024;2010
1487;2010;6840;2010
2724;2010;25240;2010
2792;2010;3728;2010
6220;2010;3110;2010
7080;2010;2419;2010
6508;2010;4723;2010
0624;2010;4542;2010
4704;2010;8422;2010
8497;2010;6967;2010
4219;2010;17074;2010
7779;2010;8660;2010
1335;2010;3375;2010
7257;2010;9351;2010
6103;2010;1264;2010
0015;2010;2872;2010
7259;2010;16233;2010
2605;2010;9627;2010
5284;2010;7071;2010
3894;2010;2557;2010
4271;2010;2141;2010
1486;2010;3737;2010
8143;2010;6177;2010
6461;2010;2821;2010
1597;2010;1547;2010
5476;2010;2164;2010
6955;2010;3721;2010
7923;2010;20256;2010
4033;2010;5138;2010
0107;2010;24055;2010
5055;2010;4175;2010
7507;2010;14173;2010
2399;2010;561;2010
1170;2010;3011;2010
2357;2010;13004;2010
4999;2010;11439;2010
4247;2010;2611;2010
2390;2010;1350;2010
3352;2010;944;2010
7205;2010;6908;2010
8267;2010;14665;2010
1450;2010;16925;2010
5401;2010;3135;2010
5271;2010;2289;2010
2919;2010;2821;2010
3481;2010;4930;2010
9430;2010;2700;2010
9617;2010;14325;2010
9017;2010;782;2010
9132;2010;257068;2010
8803;2010;4664;2010
1820;2010;2659;2010
7626;2010;9320;2010
9886;2010;5829;2010
3406;2010;32842;2010
8687;2010;14374;2010
0806;2010;4863;2010
6952;2010;1401;2010
2104;2010;2081;2010
1451;2010;1641;2010
7234;2010;11654;2010
0823;2010;2284;2010
5682;2010;7921;2010
3952;2010;3313;2010
1801;2010;25711;2010
9478;2010;6432;2010
0656;2010;886;2010
4513;2010;4569;2010
0619;2010;43173;2010
8006;2010;6492;2010
7608;2010;8719;2010
5675;2010;6697;2010
4405;2010;3118;2010
1555;2010;3841;2010
8845;2010;11226;2010
7110;2010;2622;2010
4723;2010;1339;2010
0208;2010;10484;2010
0402;2010;1782;2010
6523;2010;831;2010
7387;2010;3659;2010
3773;2010;3806;2010
7394;2010;14153;2010
6203;2010;2835;2010
4364;2010;6149;2010
6142;2010;12799;2010
7093;2010;2630;2010
7905;2010;978;2010
2166;2010;3406;2010
8538;2010;2198;2010
5597;2010;11986;2010
1320;2010;7049;2010
5389;2010;11136;2010
2052;2010;1496;2010
0164;2010;13940;2010
6059;2010;1859;2010
1746;2010;3976;2010
2088;2010;721;2010
8665;2010;2451;2010
9964;2010;3346;2010
9503;2010;840;2010
3690;2010;1884;2010
3030;2010;4308;2010
0137;2010;3756;2010
4789;2010;9508;2010
2335;2010;125;2010
7928;2010;229;2010
7740;2010;5635;2010
4419;2010;15868;2010
5640;2010;3744;2010
3375;2010;2795;2010
5230;2010;14565;2010
7101;2010;9759;2010
5289;2010;13781;2010
9572;2010;3534;2010
4433;2010;2628;2010
4752;2010;6509;2010
5400;2010;23487;2010
4203;2010;4972;2010
7485;2010;2894;2010
6436;2010;3313;2010
0598;2010;1804;2010
4385;2010;2579;2010
3147;2010;9237;2010
2945;2010;3187;2010
0343;2010;1775;2010
4308;2010;7694;2010
3508;2010;3072;2010
0933;2010;1145;2010
1513;2010;5067;2010
8795;2010;8861;2010
0846;2010;3165;2010
5914;2010;763;2010
0235;2010;2070;2010
9066;2010;8281;2010
6154;2010;4510;2010
6338;2010;584;2010
8407;2010;3125;2010
2548;2010;2804;2010
3965;2010;5703;2010
1490;2010;6831;2010
1258;2010;4266;2010
3490;2010;14542;2010
3153;2010;14056;2010
5969;2010;7918;2010
2499;2010;632;2010
1161;2010;1033;2010
9908;2010;8498;2010
4751;2010;1154;2010
1135;2010;1769;2010
1081;2010;1596;2010
2082;2010;5795;2010
1282;2010;3562;2010
8595;2010;5287;2010
9223;2010;6557;2010
0019;2010;2584;2010
2041;2010;39259;2010
8118;2010;1886;2010
8975;2010;4434;2010
6616;2010;6960;2010
9343;2010;12560;2010
7211;2010;23195;2010
9407;2010;576;2010
7397;2010;6043;2010
6734;2010;11830;2010
9575;2010;8599;2010
2163;2010;26694;2010
9490;2010;1416;2010
3406;2010;3379;2010
8111;2010;1880;2010
9041;2010;2434;2010
5254;2010;113453;2010
2249;2010;1967;2010
7801;2010;6196;2010
6562;2010;6611;2010
9709;2010;1368;2010
0441;2010;805;2010
7230;2010;6725;2010
7411;2010;4225;2010
5210;2010;2999;2010
7145;2010;1348;2010
7629;2010;2522;2010
6479;2010;3505;2010
2211;2010;35989;2010
7551;2010;821;2010
5069;2010;2226;2010
3761;2010;1621;2010
1306;2010;1415;2010
0942;2010;4175;2010
9711;2010;1423;2010
5866;2010;440;2010
3382;2010;396;2010
1527;2010;2361;2010
8104;2010;6005;2010
9544;2010;516;2010
3557;2010;2598;2010
8034;2010;2067;2010
2988;2010;2761;2010
7502;2010;20624;2010
6181;2010;3328;2010
9588;2010;1197;2010
8511;2010;2528;2010
4784;2010;734;2010
3610;2010;3107;2010
6722;2010;1160;2010
4869;2010;2983;2010
1203;2010;5024;2010
0106;2010;1397;2010
9839;2010;4001;2010
3438;2010;575;2010
4044;2010;1519;2010
2410;2010;6238;2010
7803;2010;335;2010
0553;2010;4421;2010
9414;2010;387;2010
0170;2010;1968;2010
1719;2010;3984;2010
1401;2010;8449;2010
0163;2010;2507;2010
2213;2010;2537;2010
3095;2010;674;2010
2930;2010;1324;2010
1176;2010;1617;2010
1594;2010;408;2010
1268;2010;1711;2010
9234;2010;6757;2010
1806;2010;696;2010
6205;2010;2668;2010
6156;2010;1805;2010
0616;2010;1304;2010
2028;2010;9878;2010
3266;2010;520;2010
5689;2010;2597;2010
8581;2010;3235;2010
7910;2010;424;2010
5434;2010;1542;2010
0570;2010;1783;2010
2793;2010;1439;2010
9638;2010;4773;2010
9988;2010;517;2010
6393;2010;2066;2010
6932;2010;843;2010
0657;2010;1534;2010
8767;2010;910;2010
4693;2010;926;2010
8003;2010;1019;2010
3319;2010;269;2010
9467;2010;6770;2010
2724;2010;4342;2010
3666;2010;9012;2010
1390;2010;5850;2010
7607;2010;7787;2010
0885;2010;7981;2010
0860;2010;4657;2010
8826;2010;11098;2010
9182;2010;12702;2010
4259;2010;11036;2010
7916;2010;2212;2010
6091;2010;33201;2010
1316;2010;7049;2010
9730;2010;2997;2010
1774;2010;3823;2010
9234;2010;3676;2010
8955;2010;3457;2010
8120;2010;2725;2010
7508;2010;5350;2010
5797;2010;5164;2010
3830;2010;35051;2010
2400;2010;7139;2010
5336;2010;6244;2010
8100;2010;4717;2010
5682;2010;6036;2010
3399;2010;8932;2010
0814;2010;3955;2010
3531;2010;5761;2010
5967;2010;6047;2010
7315;2010;3200;2010
7793;2010;6148;2010
1875;2010;5178;2010
3420;2010;6156;2010
0877;2010;4169;2010
4725;2010;9068;2010
2502;2010;9082;2010
0957;2010;4972;2010
7706;2010;9580;2010
8540;2010;4961;2010
7699;2010;9316;2010
3754;2010;2959;2010
8836;2010;3494;2010
2562;2010;27833;2010
2614;2010;4061;2010
4548;2010;1457;2010
0066;2010;30894;2010
7458;2010;4352;2010
7573;2010;2773;2010
7775;2010;10651;2010
9728;2010;6635;2010
3534;2010;20078;2010
8269;2010;4459;2010
7066;2010;3888;2010
5284;2010;2168;2010
0890;2010;21608;2010
2931;2010;7550;2010
0228;2010;12087;2010
4354;2010;8254;2010
2704;2010;12213;2010
0808;2010;803;2010
1102;2010;2225;2010
9146;2010;5058;2010
1036;2010;16910;2010
0402;2010;9719;2010
0349;2010;1845;2010
8912;2010;9246;2010
7927;2010;2261;2010
6438;2010;10874;2010
7761;2010;13999;2010
5512;2010;6658;2010
5047;2010;13156;2010
8167;2010;6866;2010
2585;2010;5384;2010
9825;2010;4978;2010
8094;2010;9024;2010
5057;2010;9975;2010
9659;2010;7415;2010
0152;2010;3192;2010
2274;2010;1959;2010
1513;2010;6309;2010
9531;2010;9969;2010
7251;2010;11700;2010
0979;2010;11853;2010
9061;2010;4608;2010
4945;2010;10579;2010
5787;2010;81284;2010
8943;2010;10775;2010
1591;2010;7067;2010
8489;2010;16497;2010
4258;2010;3814;2010
5337;2010;17922;2010
8023;2010;28844;2010
8222;2010;9989;2010
4961;2010;1797;2010
0637;2010;10969;2010
9341;2010;3980;2010
6009;2010;6933;2010
6147;2010;10291;2010
2990;2010;12914;2010
8344;2010;11862;2010
4373;2010;14895;2010
1037;2010;6195;2010
8022;2010;50181;2010
3147;2010;3320;2010
1116;2010;3201;2010
8350;2010;10672;2010
2839;2010;15037;2010
4536;2010;12715;2010
3103;2010;7726;2010
6401;2010;4214;2010
1039;2010;6059;2010
1823;2010;6743;2010
4840;2010;2812;2010
3959;2010;24770;2010
5176;2010;15899;2010
1755;2010;21151;2010
6122;2010;6527;2010
1379;2010;38607;2010
6301;2010;26641;2010
8684;2010;11497;2010
6898;2010;15754;2010
9962;2010;6778;2010
0705;2010;11890;2010
3110;2010;25268;2010
2155;2010;4686;2010
3288;2010;8170;2010
1835;2010;12669;2010
8768;2010;40784;2010
4043;2010;12044;2010
0509;2010;17253;2010
9665;2010;13030;2010
2872;2010;18972;2010
9521;2010;26769;2010
8155;2010;7533;2010
4413;2010;2306;2010
9986;2010;4735;2010
0199;2010;265366;2010
8657;2010;9953;2010
7134;2010;13206;2010
4379;2010;19499;2010
7852;2010;3400;2010
1907;2010;23016;2010
5705;2010;4624;2010
5158;2010;1848;2010
3439;2010;2164;2010
6428;2010;4716;2010
9418;2010;3696;2010
4195;2010;3094;2010
5865;2010;742;2010
2290;2010;3997;2010
6708;2010;2621;2010
3940;2010;8444;2010
7799;2010;3363;2010
5470;2010;6862;2010
2404;2010;16009;2010
7146;2010;14005;2010
2243;2010;2732;2010
1244;2010;12086;2010
1599;2010;5720;2010
2680;2010;2484;2010
8080;2010;1611;2010
6277;2010;7579;2010
2785;2010;4621;2010
3152;2010;4853;2010
5043;2010;5490;2010
1747;2010;1638;2010
7049;2010;5739;2010
7569;2010;2061;2010
6785;2010;19895;2010
0181;2010;6400;2010
2860;2010;10363;2010
3254;2010;5537;2010
7289;2010;7209;2010
8074;2010;16671;2010
6111;2010;8189;2010
9539;2010;7095;2010
2007;2010;4433;2010
7096;2010;4250;2010
1597;2010;4666;2010
4734;2010;2021;2010
9138;2010;8550;2010
1539;2010;7701;2010
1159;2010;7207;2010
0731;2010;3205;2010
5822;2010;9027;2010
7647;2010;1802;2010
2228;2010;5832;2010
7090;2010;1990;2010
2475;2010;2028;2010
3457;2010;2850;2010
1899;2010;10859;2010
5708;2010;17482;2010
0275;2010;9480;2010
3701;2010;11058;2010
0707;2010;10851;2010
4782;2010;5925;2010
9913;2010;209216;2010
1798;2010;3956;2010
4890;2010;1400;2010
9330;2010;11151;2010
6450;2010;9314;2010
7342;2010;19075;2010
8441;2010;3056;2010
8489;2010;2425;2010
8861;2010;3907;2010
5514;2010;13275;2010
6155;2010;3673;2010
6862;2010;4768;2010
5191;2010;15505;2010
9042;2010;4927;2010
7354;2010;2741;2010
8580;2010;9962;2010
3500;2010;6255;2010
1225;2010;13137;2010
8972;2010;4611;2010
3063;2010;2995;2010
9676;2010;7133;2010
7262;2010;2329;2010
9649;2010;7216;2010
9164;2010;2380;2010
9186;2010;2172;2010
5443;2010;10033;2010
3179;2010;22054;2010
1430;2010;7206;2010
8104;2010;4392;2010
2976;2010;8872;2010
8126;2010;2600;2010
0202;2010;8182;2010
8544;2010;6234;2010
6561;2010;12587;2010
2264;2010;4443;2010
0220;2010;2184;2010
3921;2010;4516;2010
2475;2010;1713;2010
0826;2010;950;2010
6619;2010;12771;2010
2625;2010;21924;2010
3484;2010;5502;2010
0063;2010;2349;2010
9403;2010;9756;2010
2258;2010;5872;2010
3664;2010;3391;2010
5644;2010;8905;2010
3883;2010;20388;2010
6257;2010;4616;2010
9278;2010;2838;2010
3784;2010;10653;2010
1221;2010;1412;2010
9692;2010;2613;2010
1226;2010;1517;2010
8464;2010;814;2010
6428;2010;2893;2010
5908;2010;981;2010
9938;2010;1689;2010
8401;2010;4347;2010
9128;2010;2960;2010
6175;2010;1865;2010
1701;2010;3750;2010
5469;2010;2545;2010
0651;2010;2713;2010
8512;2010;2000;2010
0394;2010;2641;2010
5664;2010;4330;2010
9767;2010;1529;2010
9323;2010;2760;2010
9708;2010;1118;2010
3702;2010;1655;2010
4214;2010;2216;2010
2027;2010;1200;2010
9928;2010;12085;2010
8436;2010;3682;2010
6761;2010;3601;2010
5785;2010;1908;2010
3220;2010;11388;2010
4846;2010;1676;2010
4542;2010;1692;2010
5588;2010;1279;2010
4101;2010;4134;2010
5315;2010;2048;2010
8780;2010;10118;2010
6938;2010;6505;2010
8042;2010;50883;2010
1589;2010;1199;2010
8712;2010;1204;2010
0454;2010;4033;2010
1383;2010;3325;2010
6775;2010;8514;2010
1880;2010;2994;2010
0739;2010;5201;2010
1513;2010;1217;2010
7259;2010;2168;2010
0496;2010;1033;2010
7667;2010;14680;2010
3473;2010;2275;2010
2611;2010;822;2010
6275;2010;1048;2010
9075;2010;3458;2010
7698;2010;2259;2010
2209;2010;2902;2010
2372;2010;1879;2010
2330;2010;3583;2010
0448;2010;5366;2010
0707;2010;2574;2010
0085;2010;1932;2010
9043;2010;808;2010
5056;2010;6692;2010
7768;2010;4123;2010
3179;2010;1668;2010
9325;2010;7705;2010
2261;2010;2807;2010
6785;2010;2917;2010
8328;2010;3890;2010
4345;2010;1103;2010
7819;2010;705;2010
1668;2010;13451;2010
2086;2010;639;2010
1977;2010;699;2010
6458;2010;11462;2010
2141;2010;15732;2010
7505;2010;2243;2010
4140;2010;538;2010
6215;2010;3290;2010
7963;2010;2250;2010
5407;2010;2417;2010
3683;2010;200;2010
0083;2010;141;2010
7602;2010;1353;2010
7805;2010;3007;2010
1865;2010;6326;2010
2433;2010;5039;2010
3236;2010;1207;2010
7487;2010;660;2010
6626;2010;1049;2010
5943;2010;639;2010
0573;2010;11157;2010
8169;2010;4789;2010
1058;2010;393;2010
7854;2010;13659;2010
7578;2010;800;2010
3192;2010;3920;2010
7062;2010;6503;2010
8449;2010;181;2010
0467;2010;705;2010
3398;2010;2389;2010
2752;2010;6050;2010
2110;2010;955;2010
0425;2010;6641;2010
8033;2010;1954;2010
6770;2010;6763;2010
2113;2010;2722;2010
4341;2010;1832;2010
7658;2010;1631;2010
5915;2010;555;2010
0528;2010;5061;2010
7760;2010;2367;2010
2909;2010;2658;2010
8947;2010;2775;2010
4040;2010;3006;2010
9039;2010;2046;2010
9331;2010;5037;2010
5500;2010;3016;2010
2965;2010;5446;2010
7488;2010;2392;2010
4140;2010;9291;2010
2423;2010;2783;2010
3360;2010;5711;2010
9831;2010;2611;2010
6625;2010;1528;2010
0541;2010;2667;2010
4131;2010;5589;2010
3697;2010;6892;2010
9087;2010;3557;2010
7205;2010;948;2010
2302;2010;1482;2010
8843;2010;4197;2010
4728;2010;275;2010
2346;2010;826;2010
6760;2010;1038;2010
0271;2010;2981;2010
4796;2010;573;2010
5973;2010;505;2010
3320;2010;5049;2010
9879;2010;6017;2010
3121;2010;1094;2010
3611;2010;320;2010
7703;2010;510;2010
5658;2010;2462;2010
8155;2010;4440;2010
3967;2010;2055;2010
4669;2010;3000;2010
7795;2010;8123;2010
9373;2010;7706;2010
0645;2010;6100;2010
9436;2010;1201;2010
9685;2010;2200;2010
6031;2010;2427;2010
9224;2010;1328;2010
5705;2010;1681;2010
4910;2010;420;2010
1649;2010;500;2010
5307;2010;3923;2010
1145;2010;940;2010
6615;2010;410;2010
7456;2010;1360;2010
4414;2010;690;2010
0497;2010;4154;2010
4198;2010;9101;2010
3559;2010;4623;2010
3657;2010;14225;2010
9381;2010;1979;2010
3598;2010;2890;2010
6226;2010;10629;2010
9904;2010;2245;2010
6221;2010;3005;2010
8492;2010;2323;2010
7390;2010;656;2010
3221;2010;1738;2010
6830;2010;7688;2010
4599;2010;1696;2010
1708;2010;98602;2010
9180;2010;2867;2010
5509;2010;2224;2010
3306;2010;925;2010
9947;2010;2226;2010
5522;2010;1396;2010
5195;2010;778;2010
2113;2010;607;2010
9391;2010;1849;2010
0193;2010;1218;2010
3200;2010;1741;2010
0850;2010;7642;2010
0526;2010;1447;2010
8765;2010;383;2010
2509;2010;1747;2010
9242;2010;3049;2010
2626;2010;35289;2010
2200;2010;6556;2010
8541;2010;8496;2010
5915;2010;1598;2010
3593;2010;971;2010
7267;2010;27399;2010
5653;2010;760;2010
2050;2010;1659;2010
4983;2010;3714;2010
1084;2010;12015;2010
9396;2010;2262;2010
8862;2010;6343;2010
6311;2010;810;2010
4014;2010;1552;2010
0280;2010;2007;2010
9817;2010;1737;2010
6605;2010;7185;2010
1790;2010;2748;2010
0535;2010;1724;2010
3130;2010;8619;2010
6094;2010;886;2010
8518;2010;13172;2010
2239;2010;5890;2010
3996;2010;2084;2010
9997;2010;203474;2010
1450;2010;2087;2010
2695;2010;4843;2010
9471;2010;984;2010
3705;2010;3018;2010
5262;2010;3703;2010
2167;2010;7634;2010
4792;2010;6086;2010
9418;2010;2495;2010
1686;2010;282;2010
9833;2010;4876;2010
0763;2010;7614;2010
7485;2010;4753;2010
0451;2010;13751;2010
0524;2010;5567;2010
8170;2010;170;2010
6896;2010;981;2010
3052;2010;684;2010
4718;2010;4486;2010
3548;2010;1484;2010
4990;2010;1494;2010
7690;2010;14934;2010
4768;2010;2021;2010
0994;2010;5331;2010
6120;2010;4372;2010
3300;2010;2403;2010
3974;2010;4223;2010
3361;2010;5459;2010
9336;2010;1127;2010
9250;2010;2293;2010
9571;2010;598;2010
7680;2010;810;2010
2346;2010;101077;2010
2849;2010;2293;2010
6068;2010;645;2010
3354;2010;9019;2010
9148;2010;5022;2010
8481;2010;6334;2010
8291;2010;6866;2010
1844;2010;11452;2010
1940;2010;5828;2010
3456;2010;937;2010
2598;2010;2854;2010
0121;2010;1991;2010
5659;2010;2289;2010
0366;2010;4273;2010
5628;2010;1948;2010
1220;2010;94;2010
7783;2010;2654;2010
1034;2010;2207;2010
8940;2010;2381;2010
5556;2010;3659;2010
7046;2010;2179;2010
0043;2010;787;2010
4879;2010;7296;2010
5911;2010;7033;2010
3542;2010;2091;2010
8310;2010;13987;2010
4058;2010;9031;2010
5320;2010;1137;2010
6973;2010;2117;2010
3458;2010;8497;2010
1166;2010;25795;2010
9754;2010;7028;2010
0045;2010;5484;2010
5224;2010;6232;2010
8424;2010;9775;2010
4850;2010;4761;2010
6128;2010;10663;2010
6364;2010;3364;2010
0415;2010;1015;2010
2015;2010;10485;2010
9563;2010;3697;2010
1728;2010;12611;2010
8016;2010;1193;2010
5979;2010;179734;2010
2339;2010;1090;2010
8900;2010;1506;2010
4623;2010;3096;2010
7549;2010;5351;2010
4989;2010;19697;2010
7094;2010;5531;2010
6405;2010;4320;2010
1352;2010;1864;2010
3863;2010;4871;2010
3326;2010;9651;2010
6961;2010;1238;2010
3864;2010;2151;2010
4779;2010;1130;2010
1470;2010;7643;2010
8602;2010;9260;2010
0776;2010;3659;2010
6414;2010;577;2010
9214;2010;2691;2010
0644;2010;1295;2010
6095;2010;1863;2010
8882;2010;8736;2010
9380;2010;9459;2010
5530;2010;3429;2010
1617;2010;9930;2010
0967;2010;5256;2010
0374;2010;5553;2010
4065;2010;1319;2010
5938;2010;10441;2010
3929;2010;5510;2010
6215;2010;5138;2010
5670;2010;4209;2010
7072;2010;18637;2010
8037;2010;4509;2010
0580;2010;14932;2010
0143;2010;8577;2010
6802;2010;10622;2010
0140;2010;9713;2010
0823;2010;3758;2010
8166;2010;983;2010
5109;2010;25091;2010
6331;2010;6697;2010
1447;2010;5893;2010
6522;2010;6678;2010
9252;2010;15007;2010
6463;2010;867;2010
6124;2010;9103;2010
3867;2010;10297;2010
1064;2010;13572;2010
5507;2010;7204;2010
3054;2010;13055;2010
3061;2010;1295;2010
6605;2010;9253;2010
6650;2010;164683;2010
5618;2010;6070;2010
1697;2010;4063;2010
1955;2010;14396;2010
7176;2010;7853;2010
2932;2010;5890;2010
2317;2010;10884;2010
0477;2010;24855;2010
2538;2010;4516;2010
3728;2010;1970;2010
8178;2010;4258;2010
9712;2010;3391;2010
0792;2010;3912;2010
4662;2010;4058;2010
8736;2010;9644;2010
6891;2010;8550;2010
7071;2010;3178;2010
5407;2010;67831;2010
5111;2010;31864;2010
4211;2010;14136;2010
7494;2010;11011;2010
7719;2010;7297;2010
9637;2010;8994;2010
9086;2010;3079;2010
1257;2010;15871;2010
2741;2010;16961;2010
1401;2010;1311;2010
4536;2010;33673;2010
4588;2010;2047;2010
2960;2010;4087;2010
9070;2010;2897;2010
5808;2010;16749;2010
4655;2010;4702;2010
9959;2010;6299;2010
0836;2010;24315;2010
1907;2010;181177;2010
2213;2010;999;2010
2770;2010;2244;2010
0046;2010;3407;2010
3200;2010;15306;2010
8224;2010;11195;2010
4110;2010;2401;2010
7304;2010;17223;2010
5329;2010;2293;2010
7388;2010;1774;2010
5481;2010;3781;2010
5303;2010;6238;2010
9129;2010;756;2010
3098;2010;6036;2010
6636;2010;11046;2010
0582;2010;3719;2010
5570;2010;5801;2010
6472;2010;40539;2010
5537;2010;9317;2010
0778;2010;8137;2010
4711;2010;2635;2010
9282;2010;15155;2010
8449;2010;12096;2010
8613;2010;24408;2010
3646;2010;4941;2010
5961;2010;11885;2010
1032;2010;9718;2010
4835;2010;6689;2010
9855;2010;6744;2010
1059;2010;5252;2010
8567;2010;373618;2010
2729;2010;3309;2010
1849;2010;17865;2010
7514;2010;13091;2010
6025;2010;2028;2010
3333;2010;35217;2010
0408;2010;3459;2010
2605;2010;1967;2010
4651;2010;1240;2010
3224;2010;3499;2010
6222;2010;4255;2010
0705;2010;6407;2010
2379;2010;4900;2010
9004;2010;17356;2010
4148;2010;20489;2010
7335;2010;14267;2010
7577;2010;5908;2010
4976;2010;9953;2010
7526;2010;13592;2010
2317;2010;6465;2010
5571;2010;1907;2010
6696;2010;5114;2010
1535;2010;5517;2010
6887;2010;2244;2010
3692;2010;10632;2010
4024;2010;4048;2010
0214;2010;68289;2010
4499;2010;2349;2010
4056;2010;4491;2010
8160;2010;8742;2010
5263;2010;6746;2010
0922;2010;16538;2010
0660;2010;8668;2010
8402;2010;15683;2010
2750;2010;3843;2010
2528;2010;5966;2010
6857;2010;10889;2010
5675;2010;5240;2010
0081;2010;6313;2010
4513;2010;4701;2010
9471;2010;12750;2010
1289;2010;17088;2010
9370;2010;6897;2010
9262;2010;4741;2010
6371;2010;8284;2010
4634;2010;4471;2010
4325;2010;8208;2010
4106;2010;27001;2010
7240;2010;31182;2010
8561;2010;11749;2010
7917;2010;7263;2010
4485;2010;14609;2010
8431;2010;2751;2010
9401;2010;7730;2010
7471;2010;18182;2010
6633;2010;22332;2010
6328;2010;5283;2010
7618;2010;15282;2010
7415;2010;35078;2010
0719;2010;12573;2010
1224;2010;22732;2010
0051;2010;17146;2010
1548;2010;133922;2010
4347;2010;2800;2010
3382;2010;3063;2010
4368;2010;4897;2010
7068;2010;2373;2010
2715;2010;3611;2010
2906;2010;7167;2010
4716;2010;3689;2010
2452;2010;3509;2010
3405;2010;6535;2010
2297;2010;9630;2010
6429;2010;12341;2010
1978;2010;3427;2010
7894;2010;7072;2010
0155;2010;7427;2010
3280;2010;3915;2010
6244;2010;4608;2010
1668;2010;3936;2010
3751;2010;2237;2010
7904;2010;12317;2010
5792;2010;16644;2010
9578;2010;2317;2010
3336;2010;7778;2010
5001;2010;2752;2010
3734;2010;9542;2010
2737;2010;29031;2010
1994;2010;9917;2010
1390;2010;7387;2010
7525;2010;57780;2010
5495;2010;8378;2010
0548;2010;32348;2010
2479;2010;10590;2010
3976;2010;155028;2010
2582;2010;5782;2010
2639;2010;12153;2010
3707;2010;2814;2010
0383;2010;4474;2010
5143;2010;6163;2010
2402;2010;10873;2010
2325;2010;2737;2010
9501;2010;6530;2010
4132;2010;96317;2010
1691;2010;25386;2010
9279;2010;3833;2010
9702;2010;1697;2010
1974;2010;116892;2010
4588;2010;12959;2010
1294;2010;2507;2010
7738;2010;10286;2010
1380;2010;8809;2010
6261;2010;6896;2010
0703;2010;10102;2010
3352;2010;7051;2010
1613;2010;4766;2010
2600;2010;1703;2010
0420;2010;795;2010
3883;2010;6533;2010
5528;2010;823;2010
5580;2010;2035;2010
5310;2010;3360;2010
2861;2010;10947;2010
8676;2010;4250;2010
7145;2010;3601;2010
3027;2010;17571;2010
4263;2010;3252;2010
1952;2010;1272;2010
8860;2010;1990;2010
6846;2010;4518;2010
0969;2010;2044;2010
6379;2010;1638;2010
2569;2010;991;2010
2911;2010;802;2010
2126;2010;650;2010
4583;2010;9076;2010
2496;2010;2391;2010
9405;2010;1673;2010
2029;2010;7912;2010
8393;2010;6224;2010
6672;2010;63180;2010
7023;2010;8637;2010
8757;2010;9872;2010
6301;2010;1012;2010
3672;2010;309;2010
0738;2010;1363;2010
9334;2010;5870;2010
5254;2010;4677;2010
3025;2010;659;2010
0145;2010;1506;2010
0743;2010;2116;2010
3482;2010;1474;2010
9454;2010;1127;2010
2061;2010;2155;2010
6356;2010;3948;2010
8220;2010;11844;2010
2469;2010;2720;2010
2354;2010;681;2010
0451;2010;1687;2010
8116;2010;1215;2010
0064;2010;2729;2010
9679;2010;1183;2010
5642;2010;6692;2010
3124;2010;2796;2010
2874;2010;2783;2010
7946;2010;2170;2010
3609;2010;745;2010
3960;2010;6613;2010
7650;2010;94724;2010
2714;2010;2898;2010
9152;2010;1025;2010
9008;2010;2134;2010
2885;2010;697;2010
1974;2010;2110;2010
9853;2010;6779;2010
8859;2010;4952;2010
3992;2010;1444;2010
7981;2010;3511;2010
7291;2010;8611;2010
3376;2010;4105;2010
8758;2010;1591;2010
9072;2010;3462;2010
0786;2010;1461;2010
7994;2010;1109;2010
8708;2010;2590;2010
4058;2010;910;2010
0661;2010;7782;2010
5330;2010;7055;2010
4920;2010;15567;2010
8897;2010;4799;2010
9182;2010;101682;2010
3310;2010;4983;2010
0388;2010;1468;2010
4501;2010;2290;2010
0038;2010;7226;2010
8914;2010;2358;2010
0471;2010;4801;2010
5313;2010;1050;2010
3910;2010;18727;2010
9201;2010;1728;2010
3182;2010;3497;2010
9130;2010;3996;2010
6020;2010;14941;2010
2789;2010;5115;2010
4029;2010;4901;2010
0875;2010;31418;2010
7471;2010;27183;2010
2017;2010;9638;2010
1541;2010;1937;2010
9032;2010;40420;2010
8956;2010;12485;2010
4922;2010;6149;2010
2775;2010;1096;2010
6645;2010;3277;2010
3854;2010;2081;2010
3095;2010;10157;2010
5729;2010;2119;2010
5693;2010;3024;2010
8135;2010;6649;2010
4607;2010;1964;2010
9348;2010;3793;2010
6306;2010;1892;2010
7380;2010;33686;2010
2517;2010;6761;2010
0164;2010;3478;2010
3629;2010;761;2010
9833;2010;4304;2010
1979;2010;4347;2010
4060;2010;1957;2010
7778;2010;2085;2010
1118;2010;907;2010
2869;2010;4242;2010
2340;2010;7556;2010
7674;2010;44380;2010
5430;2010;3704;2010
3331;2010;3015;2010
6767;2010;3873;2010
4964;2010;2319;2010
8108;2010;128;2010
7793;2010;2417;2010
6721;2010;4224;2010
0544;2010;1851;2010
8643;2010;163;2010
2217;2010;1871;2010
8822;2010;7011;2010
8058;2010;598;2010
8464;2010;4820;2010
6594;2010;315;2010
5802;2010;528;2010
1968;2010;10594;2010
0661;2010;40386;2010
1987;2010;1281;2010
9648;2010;15444;2010
9097;2010;2173;2010
6696;2010;577;2010
3977;2010;221;2010
2165;2010;1527;2010
0499;2010;641;2010
2233;2010;884;2010
5783;2010;2471;2010
5238;2010;42327;2010
1001;2010;10237;2010
2583;2010;4848;2010
3565;2010;7155;2010
5077;2010;151;2010
8781;2010;6805;2010
9416;2010;3559;2010
6712;2010;3666;2010
0371;2010;8059;2010
4664;2010;780;2010
5807;2010;10349;2010
9085;2010;934;2010
0834;2010;1172;2010
6459;2010;2047;2010
2147;2010;850;2010
7972;2010;1487;2010
4519;2010;1271;2010
0307;2010;309;2010
5498;2010;6588;2010
2491;2010;11656;2010
5519;2010;15857;2010
4575;2010;21613;2010
1693;2010;859;2010
0195;2010;3729;2010
2549;2010;13080;2010
3837;2010;1489;2010
1649;2010;3397;2010
5375;2010;440;2010
6468;2010;1009;2010
9784;2010;1097;2010
1182;2010;20419;2010
5351;2010;9734;2010
8634;2010;2746;2010
2952;2010;441;2010
4246;2010;1207;2010
3927;2010;3083;2010
0623;2010;3841;2010
1937;2010;1903;2010
2174;2010;1299;2010
0182;2010;50587;2010
2382;2010;1137;2010
9771;2010;8431;2010
7948;2010;2949;2010
0833;2010;2349;2010
9389;2010;3510;2010
3951;2010;3191;2010
9508;2010;1014;2010
3368;2010;5379;2010
8574;2010;9320;2010
3070;2010;1451;2010
9946;2010;15597;2010
1722;2010;2513;2010
3038;2010;1681;2010
4336;2010;4591;2010
9405;2010;2270;2010
9335;2010;531;2010
2074;2010;2205;2010
4640;2010;591;2010
7918;2010;650;2010
3742;2010;12214;2010
6024;2010;5224;2010
6977;2010;210;2010
2781;2010;4377;2010
6318;2010;2104;2010
4370;2010;957;2010
4051;2010;47538;2010
5831;2010;7132;2010
2092;2010;2181;2010
9874;2010;11290;2010
9352;2010;1930;2010
9229;2010;65287;2010
5395;2010;1036;2010
8289;2010;773;2010
7785;2010;2393;2010
1820;2010;8470;2010
6259;2010;5039;2010
6776;2010;4999;2010
8433;2010;70306;2010
7508;2010;10429;2010
5050;2010;2623;2010
1034;2010;2175;2010
4730;2010;7713;2010
4509;2010;2093;2010
3196;2010;4847;2010
6618;2010;1220;2010
5748;2010;14933;2010
7063;2010;6487;2010
4659;2010;10281;2010
2029;2010;7382;2010
4239;2010;32501;2010
0913;2010;2320;2010
9157;2010;45856;2010
0811;2010;611;2010
4821;2010;6085;2010
5217;2010;1882;2010
9410;2010;5296;2010
1950;2010;505;2010
8802;2010;7706;2010
8595;2010;628;2010
0403;2010;3921;2010
0979;2010;479;2010
8073;2010;87061;2010
2742;2010;22893;2010
2820;2010;2286;2010
3299;2010;1143;2010
6716;2010;4525;2010
5478;2010;3752;2010
0295;2010;2497;2010
6091;2010;24755;2010
7543;2010;2478;2010
0716;2010;8736;2010
1568;2010;1479;2010
5504;2010;13293;2010
1929;2010;702;2010
0817;2010;3339;2010
2191;2010;999;2010
3520;2010;341;2010
4193;2010;64016;2010
5653;2010;1730;2010
7895;2010;1400;2010
9916;2010;698;2010
6800;2010;17020;2010
0363;2010;8874;2010
9324;2010;1592;2010
2518;2010;7702;2010
9667;2010;6380;2010
0435;2010;3240;2010
0156;2010;7822;2010
6165;2010;21240;2010
1306;2010;10733;2010
6718;2010;20853;2010
1790;2010;19705;2010
6846;2010;9595;2010
2003;2010;89758;2010
3367;2010;1839;2010
5341;2010;8826;2010
9127;2010;25326;2010
2496;2010;1749;2010
6121;2010;6807;2010
0534;2010;11516;2010
7962;2010;5655;2010
1958;2010;4443;2010
0982;2010;25665;2010
2870;2010;10745;2010
0091;2010;4368;2010
3628;2010;18058;2010
9870;2010;16379;2010
7597;2010;43435;2010
9166;2010;7237;2010
4365;2010;17870;2010
3183;2010;10483;2010
2748;2010;16229;2010
6319;2010;5759;2010
2087;2010;47271;2010
1921;2010;14169;2010
5025;2010;16909;2010
3181;2010;365681;2010
9950;2010;4925;2010
1871;2010;23133;2010
1453;2010;4918;2010
3743;2010;14253;2010
7185;2010;14844;2010
3960;2010;6314;2010
8991;2010;19507;2010
2885;2010;1874;2010
0518;2010;3311;2010
7534;2010;3760;2010
6715;2010;13632;2010
9719;2010;13333;2010
1064;2010;1206;2010
5603;2010;7668;2010
3984;2010;20575;2010
6819;2010;16252;2010
1438;2010;8722;2010
8797;2010;7459;2010
8317;2010;17150;2010
2059;2010;1254;2010
5688;2010;4234;2010
6943;2010;50108;2010
2412;2010;7845;2010
7812;2010;47696;2010
8083;2010;18262;2010
0298;2010;7722;2010
9411;2010;5182;2010
8610;2010;8222;2010
1848;2010;14335;2010
6799;2010;3241;2010
2822;2010;13339;2010
7877;2010;4607;2010
5606;2010;3843;2010
3267;2010;406;2010
3312;2010;8811;2010
5193;2010;28398;2010
9607;2010;16868;2010
9832;2010;160233;2010
4508;2010;2215;2010
8590;2010;1994;2010
8830;2010;34951;2010
3301;2010;3828;2010
4807;2010;12187;2010
8950;2010;2263;2010
6232;2010;1222;2010
8177;2010;32296;2010
1943;2010;7049;2010
7469;2010;557;2010
4670;2010;3153;2010
4826;2010;7690;2010
9901;2010;5852;2010
1652;2010;6491;2010
8918;2010;11625;2010
6900;2010;6140;2010
2885;2010;1056;2010
5436;2010;3682;2010
6236;2010;44000;2010
3167;2010;13050;2010
5196;2010;2037;2010
0157;2010;2301;2010
9916;2010;1505;2010
1072;2010;4138;2010
4313;2010;3586;2010
6140;2010;1310;2010
6579;2010;1371;2010
8542;2010;8819;2010
3259;2010;1191;2010
8574;2010;1864;2010
2359;2010;1933;2010
0930;2010;781;2010
2191;2010;11175;2010
6218;2010;636;2010
7062;2010;4626;2010
5160;2010;4967;2010
1798;2010;87543;2010
7025;2010;5955;2010
6847;2010;15379;2010
2036;2010;28100;2010
8395;2010;1643;2010
7682;2010;31720;2010
5023;2010;28086;2010
7925;2010;14251;2010
6216;2010;1713;2010
0355;2010;12739;2010
2830;2010;4531;2010
5827;2010;12446;2010
8835;2010;8446;2010
8409;2010;10997;2010
9192;2010;5798;2010
6897;2010;99197;2010
8360;2010;1112;2010
5121;2010;12541;2010
4651;2010;10147;2010
5561;2010;5500;2010
5301;2010;1554;2010
6283;2010;3293;2010
6002;2010;3070;2010
2701;2010;2772;2010
4628;2010;2232;2010
5814;2010;13482;2010
8681;2010;9492;2010
8936;2010;935;2010
3156;2010;2088;2010
1840;2010;9153;2010
9583;2010;22892;2010
7645;2010;9491;2010
0499;2010;3585;2010
4947;2010;5913;2010
8055;2010;3592;2010
7544;2010;3374;2010
9430;2010;615;2010
4157;2010;1841;2010
8718;2010;8724;2010
6641;2010;24069;2010
3016;2010;877;2010
5191;2010;3271;2010
3573;2010;6414;2010
0947;2010;3258;2010
0728;2010;6360;2010
4296;2010;3136;2010
4242;2010;16951;2010
1931;2010;16309;2010
1229;2010;1451;2010
7884;2010;2952;2010
8418;2010;6353;2010
8867;2010;1135;2010
9313;2010;12328;2010
9933;2010;6685;2010
6869;2010;7238;2010
8436;2010;3185;2010
6888;2010;3877;2010
7990;2010;2934;2010
9871;2010;9054;2010
6621;2010;2476;2010
5721;2010;2898;2010
5843;2010;7328;2010
6160;2010;1975;2010
1472;2010;8853;2010
0598;2010;21484;2010
8831;2010;2750;2010
8497;2010;5224;2010
3149;2010;14465;2010
7349;2010;9156;2010
9127;2010;8765;2010
5004;2010;1540;2010
6080;2010;2431;2010
6260;2010;4199;2010
9553;2010;2172;2010
5535;2010;29319;2010
4149;2010;1699;2010
0962;2010;1175;2010
5683;2010;944;2010
0357;2010;5262;2010
1415;2010;1707;2010
5944;2010;7771;2010
4580;2010;907;2010
1182;2010;2778;2010
8062;2010;4849;2010
5774;2010;53993;2010
6603;2010;12800;2010
6041;2010;9929;2010
2429;2010;7495;2010
9755;2010;1372;2010
2541;2010;4388;2010
2591;2010;2516;2010
3607;2010;4203;2010
7664;2010;4691;2010
2319;2010;1626;2010
3280;2010;7394;2010
5518;2010;2735;2010
9001;2010;3203;2010
0182;2010;21956;2010
9382;2010;8902;2010
2486;2010;80948;2010
0115;2010;1465;2010
7728;2010;3701;2010
5051;2010;7525;2010
4428;2010;8743;2010
4002;2010;12832;2010
2049;2010;1223;2010
7973;2010;15162;2010
9578;2010;3921;2010
8586;2010;1127;2010
4661;2010;9477;2010
4512;2010;2730;2010
5236;2010;4575;2010
2874;2010;3701;2010
4320;2010;1003;2010
5664;2010;3635;2010
5875;2010;1408;2010
6534;2010;1180;2010
1913;2010;27440;2010
6014;2010;21534;2010
0747;2010;4313;2010
2225;2010;5106;2010
7615;2010;2524;2010
8087;2010;4331;2010
8456;2010;3253;2010
4414;2010;3311;2010
2853;2010;15428;2010
7824;2010;1144;2010
5286;2010;3446;2010
9515;2010;7821;2010
3289;2010;40172;2010
6742;2010;3558;2010
7230;2010;20441;2010
0578;2010;1313;2010
5096;2010;9466;2010
6641;2010;56594;2010
3865;2010;2824;2010
4281;2010;1850;2010
4751;2010;3817;2010
6236;2010;6350;2010
2781;2010;15587;2010
7676;2010;32618;2010
1822;2010;621;2010
7327;2010;14586;2010
4887;2010;18677;2010
4082;2010;3854;2010
0046;2010;1624;2010
5123;2010;5687;2010
1554;2010;632;2010
5287;2010;1215;2010
0941;2010;1655;2010
1640;2010;6026;2010
5597;2010;4942;2010
9058;2010;975;2010
9686;2010;5859;2010
3320;2010;5605;2010
5012;2010;163252;2010
4633;2010;3813;2010
4190;2010;2228;2010
0939;2010;138;2010
0182;2010;768;2010
9823;2010;11360;2010
5485;2010;577;2010
1428;2010;1478;2010
8493;2010;485;2010
8315;2010;1147;2010
4737;2010;2518;2010
6445;2010;8651;2010
1366;2010;38742;2010
8002;2010;17099;2010
6581;2010;6533;2010
1853;2010;8319;2010
8852;2010;3856;2010
8297;2010;16582;2010
3024;2010;3500;2010
2212;2010;410;2010
5734;2010;1474;2010
6057;2010;5016;2010
6122;2010;1863;2010
8952;2010;1536;2010
4964;2010;11817;2010
0359;2010;2849;2010
5120;2010;1884;2010
5686;2010;2823;2010
7841;2010;1905;2010
1424;2010;2196;2010
2156;2010;3042;2010
5505;2010;2922;2010
5861;2010;1973;2010
6187;2010;1720;2010
0882;2010;1926;2010
3808;2010;1880;2010
8297;2010;1567;2010
4282;2010;5198;2010
2172;2010;1762;2010
0869;2010;1290;2010
0591;2010;1246;2010
0978;2010;1565;2010
9836;2010;20248;2010
2658;2010;21143;2010
5297;2010;1920;2010
0911;2010;595;2010
0033;2010;1073;2010
5676;2010;259;2010
6029;2010;1960;2010
8956;2010;4886;2010
4517;2010;2348;2010
1632;2010;4965;2010
4298;2010;110362;2010
3387;2010;2582;2010
6054;2010;5668;2010
8706;2010;906;2010
8088;2010;3724;2010
5635;2010;1087;2010
5459;2010;4902;2010
1676;2010;1299;2010
9142;2010;3338;2010
5744;2010;4178;2010
6447;2010;1830;2010
6322;2010;917;2010
8477;2010;3177;2010
0374;2010;5261;2010
2907;2010;1752;2010
9683;2010;6601;2010
5769;2010;5479;2010
4110;2010;2047;2010
9150;2010;2589;2010
8891;2010;2384;2010
8237;2010;1360;2010
1950;2010;1265;2010
2211;2010;15992;2010
9558;2010;1669;2010
0306;2010;3740;2010
7859;2010;8270;2010
6785;2010;2206;2010
3737;2010;1653;2010
1734;2010;2985;2010
8083;2010;1477;2010
1023;2010;2335;2010
4203;2010;2820;2010
9421;2010;2386;2010
4293;2010;941;2010
6924;2010;924;2010
5404;2010;3536;2010
6168;2010;8797;2010
9300;2010;13460;2010
1400;2010;1988;2010
6834;2010;3839;2010
7096;2010;9443;2010
5055;2010;1039;2010
3110;2010;3680;2010
5591;2010;8666;2010
6051;2010;2177;2010
0051;2010;620;2010
5258;2010;8536;2010
2792;2010;1329;2010
7346;2010;2165;2010
5355;2010;8596;2010
9412;2010;6559;2010
3305;2010;16295;2010
7309;2010;364;2010
6910;2010;8190;2010
4944;2010;2934;2010
4516;2010;2638;2010
9623;2010;4187;2010
3071;2010;2319;2010
7710;2010;13546;2010
5289;2010;4826;2010
2267;2010;63058;2010
1430;2010;4852;2010
3306;2010;687;2010
3852;2010;2669;2010
9030;2010;2736;2010
9761;2010;275;2010
6446;2010;680;2010
9409;2010;661;2010
8182;2010;4647;2010
2929;2010;1003;2010
6240;2010;2742;2010
6212;2010;1735;2010
5461;2010;764;2010
3087;2010;1251;2010
4912;2010;311;2010
8422;2010;1054;2010
2697;2010;1284;2010
2532;2010;6961;2010
6506;2010;483;2010
3665;2010;446;2010
3718;2010;383;2010
6126;2010;191;2010
9475;2010;1632;2010
7540;2010;513;2010
3896;2010;321;2010
9223;2010;681;2010
5447;2010;3628;2010
6889;2010;570;2010
9624;2010;12636;2010
6211;2010;1506;2010
6853;2010;3007;2010
3898;2010;701;2010
8523;2010;1538;2010
7404;2010;368;2010
0180;2010;2546;2010
3338;2010;612;2010
2258;2010;3829;2010
0838;2010;110;2010
8517;2010;132;2010
8922;2010;547;2010
7472;2010;415;2010
7224;2010;935;2010
0398;2010;1253;2010
5865;2010;309;2010
7570;2010;766;2010
9405;2010;4235;2010
7279;2010;366;2010
6424;2010;268;2010
6888;2010;455;2010
3138;2010;178;2010
7761;2010;2268;2010
9304;2010;1262;2010
3815;2010;2151;2010
9813;2010;1362;2010
3948;2010;6022;2010
9469;2010;2823;2010
4995;2010;2500;2010
6696;2010;585;2010
0132;2010;713;2010
9787;2010;359;2010
4530;2010;46735;2010
7902;2010;1296;2010
7231;2010;628;2010
5551;2010;870;2010
5958;2010;564;2010
3505;2010;3019;2010
7281;2010;1111;2010
3838;2010;2203;2010
9796;2010;1478;2010
3291;2010;1039;2010
7914;2010;1402;2010
3047;2010;1271;2010
5095;2010;249;2010
1839;2010;259;2010
7526;2010;212;2010
1123;2010;1559;2010
4997;2010;1768;2010
6399;2010;38974;2010
1659;2010;4210;2010
2338;2010;18522;2010
2154;2010;958;2010
6490;2010;51507;2010
3109;2010;1432;2010
5918;2010;18297;2010
1985;2010;1656;2010
7970;2010;13673;2010
7794;2010;2991;2010
0602;2010;18519;2010
4966;2010;479;2010
9371;2010;11038;2010
9174;2010;4021;2010
3730;2010;354;2010
5071;2010;9400;2010
3617;2010;355;2010
2891;2010;4687;2010
3793;2010;743;2010
1894;2010;8811;2010
8029;2010;7393;2010
5653;2010;8358;2010
2923;2010;862;2010
8793;2010;10513;2010
0752;2010;1190;2010
7448;2010;487;2010
3187;2010;35402;2010
8474;2010;1442;2010
3668;2010;648;2010
3770;2010;51970;2010
7493;2010;1848;2010
9854;2010;21728;2010
5491;2010;3905;2010
1861;2010;13152;2010
6584;2010;512;2010
1449;2010;12139;2010
4749;2010;20868;2010
6994;2010;5826;2010
0431;2010;1959;2010
0651;2010;5986;2010
8998;2010;23943;2010
1242;2010;1252;2010
1896;2010;784;2010
4028;2010;19939;2010
4716;2010;81632;2010
4509;2010;402;2010
7531;2010;5905;2010
7632;2010;12971;2010
9850;2010;1007;2010
5174;2010;1487;2010
7166;2010;927;2010
9991;2010;7005;2010
6535;2010;797;2010
3561;2010;6892;2010
1913;2010;38318;2010
0667;2010;3014;2010
2684;2010;20856;2010
5712;2010;11205;2010
8416;2010;1420;2010
1399;2010;2139;2010
4257;2010;5133;2010
1250;2010;8730;2010
9352;2010;39235;2010
3928;2010;2031;2010
5872;2010;2698;2010
0842;2010;8136;2010
3969;2010;1350;2010
3249;2010;1961;2010
0960;2010;1800;2010
6413;2010;45912;2010
1598;2010;6777;2010
0164;2010;20730;2010
8028;2010;12432;2010
7577;2010;278;2010
9201;2010;817;2010
7449;2010;2454;2010
5727;2010;57444;2010
5195;2010;1149;2010
4305;2010;9536;2010
5617;2010;9469;2010
3835;2010;766;2010
8373;2010;208;2010
0854;2010;389;2010
7161;2010;15684;2010
4072;2010;289;2010
2646;2010;11255;2010
5724;2010;1035;2010
3502;2010;766;2010
3371;2010;2657058;2010
5016;2010;1413;2010
4283;2010;6953;2010
3047;2010;958;2010
4501;2010;1568;2010
5287;2010;2915;2010
9058;2010;17573;2010
3567;2010;4550;2010
8935;2010;3783;2010
6619;2010;3392;2010
1595;2010;188;2010
8619;2010;9264;2010
2313;2010;9175;2010
6439;2010;54119;2010
2670;2010;5187;2010
7793;2010;1056;2010
9863;2010;5456;2010
9371;2010;304;2010
7180;2010;325;2010
9132;2010;14940;2010
2312;2010;52341;2010
9435;2010;3992;2010
5367;2010;191;2010
0352;2010;17077;2010
5343;2010;12887;2010
9515;2010;38534;2010
0869;2010;43340;2010
9981;2010;37661;2010
6431;2010;13736;2010
8908;2010;67907;2010
9405;2010;30264;2010
1088;2010;67794;2010
4003;2010;1626;2010
3827;2010;654;2010
7045;2010;4469;2010
1569;2010;35318;2010
3114;2010;11132;2010
9130;2010;36812;2010
1690;2010;36873;2010
1985;2010;21059;2010
0971;2010;10465;2010
6174;2010;118335;2010
2423;2010;4164;2010
1331;2010;3080;2010
1345;2010;19386;2010
1013;2010;6141;2010
2215;2010;4047;2010
1023;2010;13910;2010
1563;2010;3269;2010
9808;2010;13971;2010
3661;2010;1248;2010
4927;2010;4565;2010
1656;2010;1100;2010
5036;2010;1132;2010
3721;2010;18950;2010
6307;2010;8672;2010
6104;2010;6864;2010
9962;2010;9021;2010
4710;2010;24197;2010
8186;2010;7267;2010
4897;2010;3334;2010
7401;2010;2934;2010
5876;2010;43912;2010
7454;2010;720;2010
3188;2010;295;2010
4662;2010;1917;2010
9544;2010;28873;2010
7097;2010;2879;2010
7257;2010;4342;2010
8136;2010;21479;2010
2368;2010;5299;2010
5217;2010;5860;2010
2942;2010;2384;2010
2398;2010;7456;2010
8889;2010;4475;2010
6376;2010;2643;2010
0535;2010;783;2010
1885;2010;8868;2010
7934;2010;2816;2010
4235;2010;1755;2010
3769;2010;653;2010
2708;2010;2968;2010
4194;2010;33684;2010
3207;2010;3530;2010
8819;2010;893;2010
9148;2010;3986;2010
4500;2010;4953;2010
0552;2010;23016;2010
0302;2010;8777;2010
4090;2010;7704;2010
5176;2010;1883;2010
6784;2010;980;2010
9886;2010;748;2010
3837;2010;1676;2010
5646;2010;3947;2010
7328;2010;584;2010
9996;2010;21053;2010
0805;2010;559;2010
9774;2010;9622;2010
1111;2010;3040;2010
1479;2010;1318;2010
8443;2010;47553;2010
8358;2010;2188;2010
7370;2010;1257;2010
5444;2010;2344;2010
3725;2010;1672;2010
0140;2010;11973;2010
7118;2010;12908;2010
5710;2010;3277;2010
6362;2010;8244;2010
1606;2010;1536;2010
3072;2010;3112;2010
8803;2010;1579;2010
1464;2010;1252;2010
9312;2010;3037;2010
3244;2010;6084;2010
3812;2010;4705;2010
4058;2010;2570;2010
6809;2010;4380;2010
8006;2010;13300;2010
8043;2010;1230;2010
6133;2010;5416;2010
5828;2010;995;2010
3317;2010;7601;2010
2138;2010;363;2010
6287;2010;2128;2010
7054;2010;3166;2010
7104;2010;3397;2010
0266;2010;984;2010
1081;2010;1582;2010
0189;2010;1973;2010
1030;2010;6234;2010
5978;2010;1444;2010
5003;2010;2721;2010
3937;2010;3104;2010
6802;2010;796;2010
2210;2010;2633;2010
1176;2010;26307;2010
5679;2010;2521;2010
5901;2010;4893;2010
6444;2010;481;2010
9926;2010;1431;2010
0598;2010;4627;2010
3218;2010;1889;2010
6404;2010;1708;2010
2762;2010;2824;2010
5375;2010;992;2010
6558;2010;1710;2010
6432;2010;20812;2010
2083;2010;817;2010
8354;2010;2273;2010
0226;2010;1294;2010
7672;2010;2669;2010
0989;2010;1744;2010
8618;2010;387;2010
0556;2010;1404;2010
3172;2010;7617;2010
1268;2010;4965;2010
0079;2010;5372;2010
8485;2010;52612;2010
4328;2010;2303;2010
7783;2010;5772;2010
6782;2010;1769;2010
0404;2010;5771;2010
9577;2010;5820;2010
0171;2010;1876;2010
3014;2010;5462;2010
4646;2010;9736;2010
3895;2010;1659;2010
6030;2010;19086;2010
3160;2010;6962;2010
2291;2010;8199;2010
3570;2010;14038;2010
4855;2010;21211;2010
5584;2010;10180;2010
9044;2010;8470;2010
0685;2010;77299;2010
0496;2010;1623;2010
3231;2010;1197;2010
7738;2010;1526;2010
3439;2010;3972;2010
9503;2010;23615;2010
2077;2010;5071;2010
7400;2010;8352;2010
6503;2010;444;2010
4670;2010;1285;2010
6894;2010;7189;2010
7843;2010;2155;2010
7113;2010;855;2010
6781;2010;1563;2010
9244;2010;5000;2010
8580;2010;8691;2010
1338;2010;672;2010
1131;2010;2254;2010
9275;2010;661;2010
4234;2010;3661;2010
0500;2010;7024;2010
9776;2010;10437;2010
5919;2010;764;2010
5891;2010;1181;2010
5573;2010;14530;2010
6330;2010;10730;2010
6723;2010;39299;2010
2069;2010;40362;2010
3040;2010;2367;2010
0960;2010;3289;2010
7166;2010;27076;2010
8339;2010;24388;2010
6084;2010;11103;2010
0206;2010;2934;2010
4954;2010;2405;2010
4292;2010;11530;2010
9339;2010;4740;2010
4929;2010;3088;2010
3783;2010;6295;2010
2451;2010;1815;2010
9126;2010;7795;2010
2092;2010;1595;2010
7437;2010;1638;2010
8922;2010;1758;2010
6402;2010;1377;2010
2195;2010;7630;2010
4795;2010;2439;2010
5286;2010;3415;2010
0384;2010;3686;2010
7120;2010;964;2010
0055;2010;481;2010
1507;2010;1851;2010
2174;2010;13410;2010
1790;2010;17471;2010
5033;2010;1018;2010
6099;2010;13047;2010
7121;2010;21473;2010
7191;2010;978;2010
1312;2010;2012;2010
7852;2010;12118;2010
8351;2010;14174;2010
9201;2010;33168;2010
7297;2010;2740;2010
9668;2010;5054;2010
5227;2010;2325;2010
2007;2010;14223;2010
1747;2010;22511;2010
7653;2010;7507;2010
2119;2010;7996;2010
4301;2010;12676;2010
6990;2010;13634;2010
3939;2010;957;2010
6551;2010;17709;2010
5233;2010;6595;2010
4196;2010;999;2010
9014;2010;2818;2010
5469;2010;6264;2010
8249;2010;11248;2010
9697;2010;7009;2010
7200;2010;3772;2010
7939;2010;7798;2010
0481;2010;6770;2010
7016;2010;6399;2010
8972;2010;8115;2010
2218;2010;2873;2010
0381;2010;5795;2010
1195;2010;2729;2010
9610;2010;2002;2010
6568;2010;861;2010
8169;2010;2591;2010
8340;2010;61917;2010
4626;2010;1486;2010
9401;2010;2072;2010
0788;2010;1845;2010
3059;2010;2631;2010
5858;2010;1092;2010
8038;2010;1534;2010
3398;2010;1490;2010
3966;2010;961;2010
2586;2010;1564;2010
7795;2010;1372;2010
4357;2010;2640;2010
5788;2010;1444;2010
7176;2010;2118;2010
8035;2010;3416;2010
3530;2010;4125;2010
6637;2010;2495;2010
2751;2010;2635;2010
8594;2010;4214;2010
1964;2010;2739;2010
9049;2010;2260;2010
9892;2010;3763;2010
7656;2010;3512;2010
3075;2010;1480;2010
4545;2010;1232;2010
5738;2010;1137;2010
4921;2010;1911;2010
8164;2010;2436;2010
7871;2010;523;2010
0975;2010;5280;2010
3809;2010;4041;2010
8753;2010;1902;2010
2035;2010;4152;2010
1636;2010;1679;2010
9367;2010;1659;2010
5073;2010;13529;2010
3315;2010;5118;2010
2987;2010;4113;2010
7490;2010;2563;2010
7988;2010;2085;2010
0009;2010;2004;2010
8327;2010;1572;2010
1537;2010;2089;2010
8130;2010;602;2010
2535;2010;3082;2010
9153;2010;2678;2010
0289;2010;2330;2010
7611;2010;1389;2010
6384;2010;1285;2010
6761;2010;5194;2010
3386;2010;9850;2010
7653;2010;3059;2010
9590;2010;3218;2010
8833;2010;2356;2010
2955;2010;2211;2010
3043;2010;890;2010
1870;2010;3589;2010
1840;2010;1307;2010
0421;2010;924;2010
2242;2010;3635;2010
3108;2010;4055;2010
2430;2010;989;2010
3786;2010;11429;2010
0134;2010;4284;2010
2466;2010;665;2010
1266;2010;4027;2010
9987;2010;6992;2010
4911;2010;1568;2010
1549;2010;3489;2010
9905;2010;2976;2010
7986;2010;644;2010
7117;2010;56214;2010
9116;2010;64149;2010
8316;2010;7409;2010
4666;2010;6644;2010
7061;2010;35634;2010
4675;2010;27076;2010
9609;2010;9927;2010
3465;2010;27627;2010
5305;2010;10578;2010
6905;2010;16053;2010
2212;2010;37601;2010
0051;2010;12643;2010
3276;2010;5410;2010
0628;2010;7151;2010
6495;2010;2297;2010
2082;2010;22305;2010
8106;2010;50076;2010
3844;2010;3347;2010
8488;2010;8228;2010
1880;2010;13345;2010
5268;2010;18753;2010
5932;2010;3852;2010
1306;2010;79122;2010
8134;2010;66018;2010
8110;2010;7388;2010
2293;2010;18979;2010
3311;2010;12718;2010
7406;2010;7281;2010
4493;2010;1832;2010
2191;2010;12527;2010
0814;2010;17202;2010
3698;2010;30614;2010
0503;2010;15933;2010
6226;2010;114591;2010
6389;2010;29673;2010
8802;2010;18155;2010
1402;2010;18805;2010
0768;2010;4719;2010
0191;2010;6243;2010
7109;2010;1698;2010
6414;2010;58638;2010
2685;2010;7503;2010
5697;2010;30283;2010
8362;2010;13942;2010
8121;2010;37712;2010
2511;2010;8002;2010
7043;2010;13207;2010
2471;2010;34400;2010
9545;2010;963214;2010
1853;2010;33885;2010
0216;2010;23815;2010
6707;2010;14992;2010
3354;2010;13076;2010
5394;2010;6032;2010
2000;2010;21151;2010
0140;2010;13626;2010
7555;2010;40081;2010
4222;2010;25628;2010
6048;2010;56105;2010
4369;2010;82274;2010
2559;2010;10453;2010
4250;2010;25085;2010
1555;2010;39727;2010
8941;2010;54485;2010
3315;2010;7276;2010
0144;2010;11122;2010
1055;2010;46669;2010
1724;2010;27590;2010
9480;2010;3503;2010
6170;2010;9427;2010
1482;2010;9032;2010
7540;2010;28297;2010
9047;2010;33874;2010
9318;2010;19619;2010
3734;2010;6162;2010
8774;2010;15444;2010
5003;2010;5768;2010
4432;2010;3197;2010
6436;2010;35059;2010
9556;2010;16524;2010
6517;2010;8260;2010
4994;2010;17630;2010
5396;2010;43500;2010
6328;2010;86730;2010
2070;2010;3767;2010
3794;2010;20921;2010
8811;2010;30261;2010
9036;2010;4564;2010
2021;2010;23110;2010
9790;2010;11735;2010
2131;2010;9279;2010
0716;2010;5712;2010
8723;2010;3976;2010
0831;2010;4322;2010
6485;2010;2076;2010
1483;2010;1856;2010
7390;2010;22959;2010
5931;2010;11097;2010
3890;2010;7901;2010
5500;2010;55535;2010
8043;2010;3280;2010
2951;2010;4740;2010
1573;2010;4011;2010
7775;2010;2551;2010
8073;2010;373;2010
3340;2010;2552;2010
0621;2010;5021;2010
3488;2010;1159;2010
2827;2010;3585;2010
4879;2010;2418;2010
7239;2010;1523;2010
0937;2010;1931;2010
0746;2010;987;2010
3663;2010;1176;2010
6888;2010;2141;2010
1700;2010;1714;2010
3430;2010;10016;2010
7261;2010;2507;2010
6074;2010;573;2010
6024;2010;2384;2010
3106;2010;3016;2010
6327;2010;1444;2010
3990;2010;1898;2010
5501;2010;3128;2010
7042;2010;3337;2010
3895;2010;5385;2010
0394;2010;4019;2010
3349;2010;3667;2010
2631;2010;766;2010
1148;2010;8328;2010
1256;2010;2010;2010
8730;2010;1827;2010
0921;2010;2731;2010
2956;2010;1655;2010
2933;2010;3640;2010
5111;2010;6415;2010
0681;2010;1237;2010
7454;2010;3272;2010
7195;2010;1714;2010
6840;2010;1963;2010
9019;2010;12466;2010
9585;2010;7985;2010
3734;2010;475;2010
0056;2010;3947;2010
2488;2010;3457;2010
9725;2010;12015;2010
4461;2010;2305;2010
2382;2010;1429;2010
9536;2010;7981;2010
0089;2010;3027;2010
6309;2010;5450;2010
5569;2010;839;2010
6654;2010;10581;2010
4756;2010;8820;2010
4120;2010;1328;2010
4535;2010;1683;2010
2983;2010;5333;2010
6005;2010;4278;2010
6764;2010;1950;2010
6255;2010;1851;2010
2187;2010;706;2010
4254;2010;2558;2010
1398;2010;352;2010
2415;2010;2427;2010
7281;2010;1573;2010
9911;2010;2969;2010
8428;2010;3696;2010
9311;2010;1922;2010
9083;2010;2222;2010
4554;2010;2359;2010
4116;2010;886;2010
8085;2010;3619;2010
9594;2010;789;2010
5865;2010;1217;2010
9153;2010;4731;2010
4659;2010;2600;2010
8989;2010;793;2010
5378;2010;1595;2010
1930;2010;1725;2010
9333;2010;1456;2010
0383;2010;1699;2010
4602;2010;850;2010
7449;2010;767;2010
1046;2010;4402;2010
4343;2010;1414;2010
7802;2010;2209;2010
4761;2010;1193;2010
1039;2010;1368;2010
0250;2010;1022;2010
4994;2010;7228;2010
1867;2010;2966;2010
2135;2010;12453;2010
1034;2010;593;2010
6968;2010;3692;2010
6733;2010;3168;2010
3678;2010;1649;2010
7662;2010;1618;2010
4115;2010;2482;2010
2061;2010;1564;2010
5685;2010;2234;2010
0416;2010;1377;2010
2199;2010;589;2010
0025;2010;1089;2010
9641;2010;936;2010
9136;2010;2873;2010
1252;2010;1429;2010
1566;2010;2575;2010
0366;2010;1018;2010
9992;2010;1800;2010
4183;2010;3859;2010
2100;2010;1225;2010
4968;2010;2866;2010
7664;2010;20980;2010
2302;2010;6506;2010
8222;2010;1106;2010
4817;2010;6970;2010
7001;2010;5275;2010
7655;2010;32388;2010
7339;2010;1596;2010
4528;2010;5736;2010
0048;2010;2333;2010
1206;2010;904;2010
6829;2010;2436;2010
9298;2010;16834;2010
8494;2010;50871;2010
7467;2010;864;2010
4087;2010;5550;2010
9179;2010;5387;2010
5398;2010;2606;2010
4328;2010;2850;2010
9093;2010;1582;2010
5769;2010;7118;2010
3034;2010;16096;2010
1530;2010;478;2010
7503;2010;1098;2010
0263;2010;22095;2010
8221;2010;1225;2010
5691;2010;1471;2010
7095;2010;4983;2010
5545;2010;2001;2010
6340;2010;1888;2010
4332;2010;8216;2010
0593;2010;2613;2010
0629;2010;668;2010
5851;2010;13644;2010
2937;2010;2679;2010
4074;2010;1359;2010
5311;2010;54146;2010
6166;2010;1977;2010
7508;2010;5136;2010
4579;2010;2535;2010
9681;2010;2316;2010
3734;2010;1269;2010
1577;2010;3797;2010
1281;2010;740;2010
7461;2010;898;2010
9342;2010;3354;2010
7318;2010;2568;2010
9664;2010;666;2010
6631;2010;586;2010
5727;2010;38331;2010
5341;2010;1333;2010
6874;2010;13601;2010
8817;2010;848;2010
8506;2010;1285;2010
0750;2010;5327;2010
6125;2010;11993;2010
9883;2010;1360;2010
7006;2010;1250;2010
3430;2010;1034;2010
7442;2010;1187;2010
4538;2010;1731;2010
2220;2010;856;2010
6759;2010;1494;2010
2415;2010;1101;2010
2958;2010;775;2010
6714;2010;5611;2010
3331;2010;22004;2010
6624;2010;2823;2010
1887;2010;1909;2010
4423;2010;2270;2010
2510;2010;2556;2010
8816;2010;9980;2010
1614;2010;12552;2010
1659;2010;577;2010
6911;2010;1652;2010
2247;2010;6886;2010
1938;2010;728;2010
9354;2010;46372;2010
6624;2010;24217;2010
7132;2010;2271;2010
2426;2010;2274;2010
7239;2010;6945;2010
6214;2010;3924;2010
1008;2010;1602;2010
5503;2010;1185;2010
6115;2010;737;2010
1160;2010;5432;2010
9190;2010;35390;2010
2980;2010;4107;2010
0374;2010;10612;2010
8138;2010;1776;2010
9994;2010;1018;2010
1584;2010;716;2010
4697;2010;1213;2010
7654;2010;1473;2010
2380;2010;2844;2010
0802;2010;5333;2010
1653;2010;2433;2010
1891;2010;25072;2010
6531;2010;3938;2010
2433;2010;2274;2010
6706;2010;2075;2010
0409;2010;977;2010
9350;2010;2509;2010
9221;2010;1241;2010
1579;2010;7430;2010
5575;2010;1727;2010
3133;2010;9083;2010
5882;2010;1711;2010
6679;2010;403;2010
1812;2010;853;2010
6883;2010;894;2010
6570;2010;581;2010
2843;2010;12587;2010
7851;2010;2024;2010
8518;2010;136430;2010
5936;2010;601;2010
3872;2010;6692;2010
9015;2010;3851;2010
0518;2010;4436;2010
0237;2010;2616;2010
1713;2010;10153;2010
2807;2010;987;2010
0544;2010;675;2010
5135;2010;1733;2010
9585;2010;1759;2010
3605;2010;3208;2010
6091;2010;716;2010
1433;2010;2800;2010
3297;2010;8878;2010
9173;2010;483;2010
1563;2010;10342;2010
7442;2010;2739;2010
1985;2010;6982;2010
0006;2010;31236;2010
7560;2010;5082;2010
8948;2010;50391;2010
8627;2010;1536;2010
2296;2010;356;2010
0330;2010;4019;2010
0424;2010;1377;2010
5692;2010;10229;2010
1133;2010;3425;2010
5173;2010;795;2010
2800;2010;968;2010
2711;2010;8217;2010
4617;2010;1799;2010
0132;2010;1301;2010
0329;2010;2247;2010
2161;2010;577;2010
8260;2010;4125;2010
4361;2010;1719;2010
6021;2010;313;2010
3214;2010;8757;2010
7850;2010;1742;2010
5427;2010;3241;2010
5175;2010;8206;2010
0220;2010;13063;2010
2231;2010;370;2010
5166;2010;1465;2010
9550;2010;816;2010
4330;2010;388;2010
9283;2010;1175;2010
0844;2010;41407;2010
8519;2010;3703;2010
5883;2010;692;2010
4866;2010;1853;2010
1085;2010;744;2010
5930;2010;285;2010
1209;2010;1136;2010
3194;2010;1474;2010
4431;2010;150;2010
9029;2010;868;2010
7260;2010;640;2010
9013;2010;1055;2010
6989;2010;278;2010
6574;2010;944;2010
9597;2010;5387;2010
6392;2010;679;2010
6152;2010;240;2010
5744;2010;562;2010
7866;2010;92;2010
7974;2010;5501;2010
0314;2010;474;2010
8839;2010;339;2010
4488;2010;6056;2010
0985;2010;1124;2010
3193;2010;178;2010
2943;2010;1082;2010
7993;2010;11048;2010
1647;2010;1704;2010
3454;2010;1013;2010
4897;2010;315;2010
4473;2010;3392;2010
6043;2010;262;2010
9434;2010;971;2010
0194;2010;1361;2010
2093;2010;250;2010
9500;2010;1063;2010
6437;2010;451;2010
8595;2010;413;2010
7066;2010;682;2010
1491;2010;280;2010
4034;2010;2207;2010
2376;2010;613;2010
1065;2010;2181;2010
9049;2010;70912;2010
4692;2010;1750;2010
8646;2010;5895;2010
4411;2010;1010;2010
9094;2010;3842;2010
5330;2010;1544;2010
2077;2010;414;2010
4114;2010;2823;2010
2798;2010;1526;2010
0037;2010;585;2010
6036;2010;1112;2010
8979;2010;558;2010
9041;2010;443;2010
3594;2010;1154;2010
1663;2010;637;2010
9992;2010;1883;2010
3769;2010;1230;2010
5870;2010;1242;2010
1546;2010;766;2010
1670;2010;2265;2010
7946;2010;4295;2010
0627;2010;1173;2010
8482;2010;1374;2010
4356;2010;3782;2010
4565;2010;1059;2010
6545;2010;526;2010
6735;2010;7866;2010
5962;2010;1049;2010
9925;2010;2886;2010
0010;2010;681;2010
3068;2010;723;2010
1002;2010;907;2010
6186;2010;529;2010
5454;2010;1524;2010
9611;2010;175;2010
9078;2010;1664;2010
7609;2010;3944;2010
0984;2010;143;2010
4917;2010;1823;2010
2122;2010;615;2010
8114;2010;1247;2010
9441;2010;413;2010
6989;2010;116;2010
0364;2010;2459;2010
6763;2010;1957;2010
3524;2010;596;2010
0024;2010;3256;2010
3816;2010;2809;2010
3409;2010;406;2010
9274;2010;24913;2010
4575;2010;7012;2010
6549;2010;340;2010
9561;2010;3009;2010
4430;2010;6178;2010
1994;2010;613;2010
9897;2010;155;2010
2152;2010;433;2010
7407;2010;931;2010
5243;2010;675;2010
1945;2010;914;2010
5965;2010;12154;2010
9198;2010;1914;2010
1359;2010;890;2010
1813;2010;11191;2010
8534;2010;2442;2010
0438;2010;7231;2010
8746;2010;2088;2010
4243;2010;7413;2010
7370;2010;1973;2010
1590;2010;504;2010
1758;2010;7406;2010
6807;2010;1251;2010
6850;2010;2392;2010
7942;2010;1582;2010
9393;2010;2657;2010
3629;2010;1825;2010
7366;2010;5418;2010
0132;2010;2246;2010
6322;2010;3747;2010
8131;2010;2490;2010
1134;2010;4743;2010
9438;2010;702;2010
3029;2010;1441;2010
7720;2010;375;2010
0022;2010;23305;2010
0451;2010;4923;2010
5937;2010;1116;2010
5650;2010;8251;2010
7268;2010;3647;2010
4475;2010;9255;2010
0112;2010;5129;2010
1503;2010;6933;2010
0981;2010;1798;2010
4853;2010;298;2010
1093;2010;14640;2010
7984;2010;582;2010
2666;2010;24965;2010
3619;2010;9752;2010
2024;2010;5355;2010
6259;2010;15530;2010
8397;2010;54480;2010
2171;2010;1680;2010
3803;2010;2729;2010
9730;2010;10277;2010
1357;2010;1451;2010
7566;2010;1049;2010
6581;2010;16344;2010
4015;2010;435;2010
5271;2010;3675;2010
9582;2010;1192;2010
9864;2010;344;2010
9116;2010;2707;2010
4127;2010;4007;2010
9893;2010;2028;2010
0820;2010;694;2010
5745;2010;889;2010
0255;2010;1471;2010
8181;2010;10496;2010
0216;2010;14446;2010
8796;2010;1373;2010
0955;2010;1937;2010
9837;2010;5973;2010
7325;2010;285;2010
9611;2010;1613;2010
3095;2010;1715;2010
4722;2010;1629;2010
0704;2010;3034;2010
4992;2010;7702;2010
2629;2010;6976;2010
5008;2010;1061;2010
5743;2010;50780;2010
2571;2010;3266;2010
7619;2010;1846;2010
1938;2010;12858;2010
3622;2010;121351;2010
3462;2010;531;2010
0483;2010;8433;2010
5578;2010;1344;2010
7711;2010;522;2010
0403;2010;5517;2010
0562;2010;993;2010
7944;2010;3608;2010
8039;2010;322;2010
4191;2010;306;2010
3975;2010;1944;2010
3410;2010;3896;2010
8876;2010;608;2010
0140;2010;18422;2010
6672;2010;2750;2010
9178;2010;3215;2010
1123;2010;879;2010
3297;2010;399;2010
1822;2010;765;2010
3302;2010;2850;2010
5443;2010;2284;2010
3917;2010;1206;2010
7168;2010;1146;2010
9760;2010;10729;2010
2605;2010;903;2010
5066;2010;380;2010
0774;2010;5206;2010
3819;2010;101;2010
9125;2010;1467;2010
8540;2010;714;2010
5643;2010;664;2010
5382;2010;1362;2010
6686;2010;1033;2010
0150;2010;6380;2010
0003;2010;3157;2010
0348;2010;5907;2010
8862;2010;4295;2010
0706;2010;426;2010
9854;2010;1936;2010
6780;2010;989;2010
5667;2010;52719;2010
4612;2010;370;2010
7215;2010;897;2010
2952;2010;246;2010
0466;2010;548;2010
2342;2010;2995;2010
3910;2010;4873;2010
8472;2010;400;2010
9639;2010;1942;2010
6920;2010;1535;2010
5326;2010;1033;2010
1405;2010;6212;2010
0892;2010;405;2010
0890;2010;24166;2010
1473;2010;1089;2010
4882;2010;1907;2010
9899;2010;1107;2010
5592;2010;336;2010
4704;2010;1591;2010
6462;2010;2983;2010
8874;2010;1304;2010
5007;2010;9456;2010
5630;2010;444;2010
3712;2010;1411;2010
9367;2010;36177;2010
6155;2010;734;2010
1288;2010;379;2010
1795;2010;720;2010
7343;2010;4830;2010
4635;2010;1046;2010
2860;2010;140;2010
2680;2010;77;2010
9988;2010;766;2010
2123;2010;2588;2010
1033;2010;2292;2010
4460;2010;4105;2010
8748;2010;23698;2010
7796;2010;4511;2010
6285;2010;1412;2010
7780;2010;1006;2010
1930;2010;1132;2010
0201;2010;322;2010
0312;2010;517;2010
4826;2010;1696;2010
9215;2010;1122;2010
9473;2010;958;2010
1679;2010;2323;2010
1258;2010;1028;2010
4451;2010;878;2010
2985;2010;1398;2010
1630;2010;4230;2010
2198;2010;1814;2010
6994;2010;2369;2010
0059;2010;1339;2010
0066;2010;1466;2010
8107;2010;110;2010
2314;2010;260;2010
2691;2010;1043;2010
6714;2010;217;2010
7311;2010;12491;2010
4080;2010;1007;2010
6994;2010;19098;2010
7078;2010;1853;2010
8274;2010;2489;2010
0004;2010;5263;2010
2546;2010;3440;2010
5706;2010;990;2010
8990;2010;427;2010
9592;2010;4156;2010
1177;2010;3079;2010
5280;2010;1950;2010
2887;2010;951;2010
6763;2010;4118;2010
1148;2010;1423;2010
8822;2010;1597;2010
4397;2010;482;2010
2727;2010;1736;2010
3451;2010;39765;2010
1285;2010;1010;2010
7323;2010;2430;2010
2301;2010;1452;2010
3673;2010;128;2010
0991;2010;153;2010
5994;2010;697;2010
9948;2010;2757;2010
6291;2010;7965;2010
2797;2010;1542;2010
8100;2010;1395;2010
1117;2010;49072;2010
6986;2010;638;2010
7216;2010;2557;2010
4253;2010;942;2010
6792;2010;7030;2010
2766;2010;2221;2010
0650;2010;591;2010
2234;2010;358;2010
5442;2010;604;2010
6192;2010;1672;2010
9573;2010;1038;2010
9074;2010;3946;2010
7934;2010;694;2010
8931;2010;471;2010
6946;2010;810;2010
9089;2010;2120;2010
4682;2010;438;2010
7725;2010;3295;2010
3232;2010;1511;2010
6806;2010;1496;2010
7549;2010;869;2010
5262;2010;1119;2010
7148;2010;778;2010
9461;2010;5459;2010
7729;2010;1818;2010
7654;2010;7166;2010
2663;2010;827;2010
5626;2010;744;2010
8725;2010;550;2010
7288;2010;634;2010
5076;2010;1258;2010
4209;2010;1095;2010
4271;2010;2139;2010
2000;2010;163;2010
2140;2010;579;2010
6234;2010;1151;2010
9189;2010;1452;2010
5679;2010;1671;2010
7629;2010;392;2010
2909;2010;460;2010
3143;2010;6654;2010
6630;2010;473;2010
8402;2010;653;2010
8848;2010;1545;2010
8180;2010;1783;2010
4006;2010;3600;2010
5151;2010;1217;2010
2809;2010;1461;2010
0790;2010;236;2010
1133;2010;2554;2010
0324;2010;125;2010
0357;2010;5448;2010
9604;2010;551;2010
8271;2010;2995;2010
0445;2010;860;2010
7348;2010;1244;2010
2695;2010;694;2010
8460;2010;214;2010
3717;2010;708;2010
0823;2010;1421;2010
4484;2010;633;2010
0509;2010;1050;2010
0482;2010;1082;2010
6525;2010;4853;2010
3294;2010;806;2010
2836;2010;472;2010
3656;2010;4720;2010
8688;2010;342;2010
2474;2010;1932;2010
3689;2010;2007;2010
8338;2010;1379;2010
9697;2010;824;2010
6342;2010;32603;2010
7316;2010;804;2010
0582;2010;1482;2010
7013;2010;4835;2010
5110;2010;998;2010
6495;2010;2797;2010
4777;2010;3146;2010
7358;2010;2472;2010
7439;2010;1017;2010
0115;2010;1775;2010
5018;2010;13615;2010
6659;2010;6313;2010
6445;2010;2900;2010
9296;2010;3592;2010
8365;2010;7686;2010
8068;2010;2740;2010
0009;2010;6502;2010
7074;2010;1088;2010
0494;2010;4347;2010
3631;2010;1707;2010
9320;2010;1983;2010
4735;2010;2136;2010
7861;2010;1369;2010
4839;2010;1571;2010
4215;2010;1741;2010
4134;2010;174;2010
9165;2010;59641;2010
5121;2010;1771;2010
8518;2010;3945;2010
0933;2010;661;2010
2566;2010;152528;2010
4612;2010;4413;2010
1780;2010;493;2010
1530;2010;6380;2010
7874;2010;34479;2010
5385;2010;57344;2010
4798;2010;6524;2010
4110;2010;1086;2010
1262;2010;13216;2010
9409;2010;793;2010
0111;2010;2990;2010
2363;2010;17788;2010
7028;2010;873;2010
3899;2010;4370;2010
6447;2010;2769;2010
8824;2010;2842;2010
3969;2010;2211;2010
4523;2010;1982;2010
4475;2010;3687;2010
0557;2010;1206;2010
8797;2010;27356;2010
1945;2010;14490;2010
6222;2010;1110;2010
3583;2010;16038;2010
1599;2010;6015;2010
3054;2010;55318;2010
1368;2010;2134;2010
3592;2010;4122;2010
8631;2010;5277;2010
8123;2010;5123;2010
0124;2010;17391;2010
2461;2010;7389;2010
0817;2010;7981;2010
1883;2010;13874;2010
9910;2010;498;2010
3470;2010;1797;2010
5672;2010;2680;2010
7455;2010;3412;2010
0240;2010;21105;2010
8140;2010;17298;2010
8228;2010;10998;2010
3698;2010;69609;2010
3866;2010;318574;2010
6534;2010;2133;2010
9455;2010;11727;2010
3373;2010;56474;2010
9814;2010;10852;2010
1383;2010;15410;2010
4316;2010;19165;2010
1980;2010;14283;2010
1283;2010;19407;2010
9108;2010;5887;2010
4205;2010;25733;2010
3438;2010;47971;2010
9365;2010;28046;2010
2978;2010;20501;2010
7093;2010;44251;2010
3018;2010;13162;2010
1847;2010;14214;2010
2430;2010;38878;2010
9395;2010;26406;2010
9735;2010;60369;2010
8895;2010;49557;2010
5995;2010;19502;2010
7924;2010;25788;2010
7127;2010;21759;2010
4440;2010;1449;2010
0856;2010;17687;2010
1539;2010;27404;2010
8524;2010;18361;2010
8250;2010;25765;2010
2338;2010;6762;2010
7932;2010;9769;2010
8496;2010;26804;2010
2299;2010;27286;2010
3505;2010;8633;2010
1053;2010;27671;2010
4004;2010;12556;2010
9785;2010;18343;2010
1713;2010;7078;2010
9348;2010;6783;2010
3131;2010;17213;2010
3008;2010;13666;2010
0639;2010;3565;2010
4123;2010;5422;2010
4860;2010;22770;2010
1218;2010;32755;2010
1633;2010;15289;2010
3285;2010;7906;2010
1773;2010;10276;2010
4088;2010;31888;2010
7197;2010;49642;2010
0687;2010;5506;2010
9936;2010;32460;2010
7458;2010;5514;2010
4326;2010;4160;2010
8487;2010;2413;2010
9598;2010;16280;2010
8622;2010;7883;2010
9626;2010;16048;2010
2689;2010;10987;2010
2198;2010;1850;2010
5594;2010;16015;2010
1945;2010;9278;2010
5688;2010;16758;2010
8686;2010;200752;2010
9250;2010;4238;2010
3199;2010;14545;2010
6281;2010;89572;2010
6181;2010;16305;2010
0197;2010;20720;2010
8391;2010;6818;2010
1692;2010;11890;2010
6282;2010;8954;2010
7138;2010;39432;2010
9382;2010;36971;2010
3816;2010;15160;2010
0523;2010;27786;2010
6670;2010;15428;2010
5568;2010;32407;2010
0438;2010;7047;2010
5347;2010;6407;2010
6771;2010;10345;2010
9404;2010;14440;2010
0790;2010;19791;2010
3365;2010;5444;2010
7635;2010;10713;2010
1454;2010;9271;2010
6992;2010;4955;2010
6922;2010;6547;2010
7894;2010;5572;2010
5298;2010;6715;2010
7115;2010;5032;2010
5803;2010;9844;2010
5614;2010;3991;2010
7446;2010;1881;2010
7498;2010;2893;2010
1805;2010;7300;2010
8784;2010;10825;2010
3483;2010;1767;2010
7075;2010;2606;2010
2407;2010;12389;2010
9867;2010;3889;2010
7274;2010;20606;2010
9451;2010;3044;2010
6247;2010;4142;2010
7690;2010;5431;2010
6541;2010;12486;2010
7891;2010;6428;2010
5310;2010;24527;2010
4131;2010;5856;2010
1202;2010;5699;2010
3572;2010;4276;2010
8067;2010;9269;2010
4239;2010;3140;2010
5982;2010;5507;2010
6471;2010;27331;2010
0766;2010;15809;2010
2142;2010;21185;2010
2664;2010;1257;2010
0434;2010;1917;2010
0292;2010;5944;2010
9964;2010;94340;2010
8051;2010;8601;2010
5021;2010;14246;2010
4167;2010;11835;2010
6639;2010;14963;2010
2479;2010;9490;2010
4921;2010;1759;2010
6288;2010;11790;2010
3098;2010;9834;2010
5488;2010;7347;2010
1027;2010;2213;2010
7990;2010;3693;2010
1286;2010;3784;2010
7430;2010;13967;2010
5283;2010;2704;2010
5676;2010;3464;2010
7672;2010;5118;2010
2404;2010;32007;2010
3020;2010;5531;2010
1266;2010;2488;2010
0767;2010;8221;2010
2249;2010;2418;2010
1936;2010;5644;2010
9724;2010;1583;2010
0919;2010;9377;2010
6891;2010;1736;2010
9595;2010;6131;2010
3605;2010;5637;2010
2879;2010;10896;2010
7266;2010;9841;2010
8722;2010;8787;2010
0704;2010;4744;2010
0223;2010;1497;2010
0888;2010;8382;2010
5773;2010;5885;2010
6434;2010;5943;2010
1975;2010;3629;2010
8241;2010;3062;2010
3303;2010;7042;2010
7759;2010;1941;2010
3312;2010;4125;2010
4549;2010;5570;2010
0952;2010;4917;2010
4247;2010;3809;2010
7841;2010;14573;2010
7645;2010;2452;2010
4053;2010;4506;2010
9883;2010;1716;2010
7833;2010;14890;2010
6796;2010;12682;2010
1310;2010;12607;2010
7107;2010;2936;2010
4333;2010;14670;2010
3298;2010;17768;2010
5014;2010;5316;2010
3962;2010;12187;2010
4580;2010;4460;2010
3084;2010;14364;2010
2747;2010;7413;2010
9545;2010;2062;2010
7748;2010;2126;2010
5637;2010;2498;2010
1329;2010;5646;2010
1891;2010;1596;2010
6428;2010;2578;2010
8730;2010;1481;2010
0960;2010;1794;2010
9759;2010;694;2010
4764;2010;3867;2010
4799;2010;11859;2010
1560;2010;1888;2010
0536;2010;1425;2010
6026;2010;2686;2010
1248;2010;2928;2010
7108;2010;5270;2010
9393;2010;4113;2010
8791;2010;921;2010
3933;2010;1957;2010
0062;2010;440;2010
4752;2010;861;2010
4987;2010;1428;2010
5287;2010;710;2010
2226;2010;323;2010
8974;2010;1023;2010
9704;2010;2170;2010
9720;2010;871;2010
9082;2010;860;2010
7744;2010;1499;2010
4522;2010;1165;2010
7381;2010;725;2010
0174;2010;1975;2010
3385;2010;2636;2010
6443;2010;1476;2010
0762;2010;636;2010
8094;2010;3111;2010
3050;2010;2238;2010
8176;2010;4305;2010
6309;2010;896;2010
9244;2010;5958;2010
6493;2010;1720;2010
6795;2010;609;2010
1534;2010;5774;2010
6584;2010;4781;2010
7081;2010;1979;2010
6261;2010;13330;2010
6602;2010;13649;2010
8330;2010;5176;2010
9669;2010;4401;2010
0118;2010;5360;2010
8172;2010;1725;2010
2237;2010;17379;2010
3406;2010;554;2010
5514;2010;4246;2010
1319;2010;1751;2010
8710;2010;1330;2010
1881;2010;5635;2010
2283;2010;1511;2010
7095;2010;983;2010
8777;2010;3864;2010
9104;2010;5045;2010
8447;2010;2031;2010
5078;2010;6072;2010
0983;2010;4309;2010
7016;2010;1109;2010
2322;2010;6664;2010
4348;2010;67056;2010
8736;2010;4440;2010
5035;2010;1027;2010
5134;2010;13475;2010
4850;2010;1737;2010
7704;2010;2851;2010
7347;2010;1669;2010
9264;2010;3543;2010
4492;2010;3543;2010
6183;2010;1117;2010
3938;2010;1491;2010
0710;2010;1171;2010
2479;2010;797;2010
6984;2010;3221;2010
3892;2010;831;2010
1587;2010;1694;2010
1004;2010;1485;2010
0966;2010;6498;2010
6866;2010;1356;2010
4316;2010;829;2010
9003;2010;2383;2010
8366;2010;1158;2010
3055;2010;7204;2010
1820;2010;1576;2010
2984;2010;654;2010
0724;2010;1356;2010
2644;2010;7127;2010
6824;2010;3376;2010
6401;2010;3162;2010
1865;2010;2345;2010
9967;2010;720;2010
3645;2010;2120;2010
3884;2010;12160;2010
2497;2010;2913;2010
8277;2010;3167;2010
6975;2010;3119;2010
3182;2010;741;2010
7333;2010;3433;2010
3673;2010;2014;2010
4079;2010;1106;2010
2064;2010;12281;2010
6911;2010;805;2010
9044;2010;371;2010
6094;2010;1360;2010
0416;2010;772;2010
1084;2010;9016;2010
6111;2010;1142;2010
9259;2010;1054;2010
6294;2010;5460;2010
1508;2010;2393;2010
4602;2010;5138;2010
0939;2010;59813;2010
8387;2010;2554;2010
9960;2010;7488;2010
8072;2010;10127;2010
7501;2010;6638;2010
1843;2010;500;2010
6698;2010;17447;2010
6567;2010;15953;2010
6667;2010;4244;2010
7164;2010;2765;2010
4368;2010;2967;2010
2582;2010;1327;2010
0583;2010;1720;2010
1430;2010;4754;2010
1610;2010;5747;2010
9300;2010;5166;2010
2189;2010;1666;2010
1781;2010;7107;2010
7052;2010;1174;2010
4537;2010;1895;2010
6274;2010;21547;2010
5059;2010;1950;2010
2952;2010;845;2010
6690;2010;1465;2010
1106;2010;537;2010
5604;2010;746;2010
7159;2010;4410;2010
4560;2010;13785;2010
9084;2010;3032;2010
4229;2010;2957;2010
9782;2010;2067;2010
5532;2010;964;2010
0850;2010;9146;2010
3200;2010;1402;2010
1967;2010;10358;2010
8185;2010;1533;2010
8466;2010;2963;2010
5945;2010;2388;2010
5740;2010;1300;2010
9643;2010;1322;2010
6457;2010;1970;2010
3666;2010;797;2010
8228;2010;8631;2010
4296;2010;3481;2010
2733;2010;277;2010
9445;2010;2561;2010
0676;2010;17325;2010
0869;2010;3006;2010
5571;2010;10081;2010
0613;2010;363;2010
6358;2010;22572;2010
7468;2010;2812;2010
8584;2010;502;2010
9617;2010;2519;2010
3177;2010;3285;2010
0861;2010;912;2010
8954;2010;1344;2010
1417;2010;10321;2010
6187;2010;974;2010
9840;2010;1337;2010
5793;2010;1330;2010
6399;2010;39027;2010
8606;2010;69728;2010
6974;2010;1110;2010
1022;2010;9394;2010
2068;2010;5153;2010
3725;2010;4451;2010
6617;2010;957;2010
6743;2010;3938;2010
2708;2010;1405;2010
1646;2010;1095;2010
7008;2010;2213;2010
0600;2010;3115;2010
0161;2010;3012;2010
1137;2010;2270;2010
7961;2010;8099;2010
7085;2010;1753;2010
7482;2010;2350;2010
4629;2010;1882;2010
9546;2010;2734;2010
0808;2010;2048;2010
3336;2010;887;2010
2096;2010;980;2010
9328;2010;4076;2010
2379;2010;2268;2010
2542;2010;3564;2010
6500;2010;2598;2010
6003;2010;9657;2010
7812;2010;1236;2010
9158;2010;824;2010
2373;2010;1876;2010
3158;2010;2877;2010
2731;2010;1825;2010
0425;2010;3528;2010
3222;2010;3078;2010
8110;2010;973;2010
6846;2010;9260;2010
1555;2010;1652;2010
6698;2010;18556;2010
8744;2010;1999;2010
2533;2010;4726;2010
8770;2010;3306;2010
5830;2010;1301;2010
0460;2010;440;2010
6014;2010;2439;2010
4127;2010;1342;2010
7394;2010;1149;2010
6663;2010;343;2010
8807;2010;16503;2010
2168;2010;841;2010
6176;2010;2272;2010
2016;2010;1331;2010
8673;2010;2019;2010
6546;2010;885;2010
3317;2010;1447;2010
2390;2010;1388;2010
8163;2010;1192;2010
4092;2010;833;2010
5918;2010;6560;2010
2810;2010;33730;2010
0291;2010;3308;2010
8772;2010;7226;2010
6841;2010;5774;2010
4913;2010;4345;2010
6600;2010;1861;2010
9126;2010;36442;2010
1240;2010;1194;2010
6823;2010;3100;2010
6715;2010;1085;2010
5715;2010;1607;2010
5719;2010;631;2010
8737;2010;3668;2010
3970;2010;1509;2010
9596;2010;2766;2010
5092;2010;1353;2010
6832;2010;1565;2010
5285;2010;17919;2010
6283;2010;761;2010
9284;2010;3489;2010
1183;2010;6042;2010
4949;2010;7327;2010
8985;2010;1206;2010
6934;2010;1731;2010
8441;2010;537;2010
3442;2010;3651;2010
5466;2010;2232;2010
3426;2010;1258;2010
1160;2010;1279;2010
6249;2010;2001;2010
4204;2010;4910;2010
2170;2010;2785;2010
5644;2010;1644;2010
4163;2010;2183;2010
1502;2010;3999;2010
4967;2010;1160;2010
5554;2010;10294;2010
4635;2010;1347;2010
5118;2010;587;2010
2734;2010;1008;2010
2636;2010;7183;2010
2874;2010;4524;2010
2200;2010;2121;2010
2778;2010;2157;2010
4561;2010;5044;2010
1208;2010;828;2010
2217;2010;4613;2010
2182;2010;6051;2010
7168;2010;8820;2010
6494;2010;2783;2010
5337;2010;1179;2010
6418;2010;3251;2010
7330;2010;5277;2010
0838;2010;2407;2010
6368;2010;1009;2010
8829;2010;1909;2010
9328;2010;845;2010
8676;2010;816;2010
8792;2010;539;2010
0666;2010;3231;2010
5570;2010;1421;2010
3744;2010;7516;2010
4779;2010;4861;2010
0502;2010;2004;2010
1190;2010;2378;2010
4125;2010;1635;2010
7223;2010;90334;2010
9153;2010;594;2010
9582;2010;412;2010
3688;2010;1273;2010
8247;2010;6068;2010
2845;2010;979;2010
3399;2010;1468;2010
0100;2010;2245;2010
8062;2010;4283;2010
5252;2010;6740;2010
0251;2010;5443;2010
8301;2010;3276;2010
0411;2010;3844;2010
3812;2010;2094;2010
8533;2010;614;2010
0371;2010;523;2010
7817;2010;2182;2010
5464;2010;3426;2010
0791;2010;6151;2010
1937;2010;4488;2010
2659;2010;4769;2010
5552;2010;1638;2010
2035;2010;636;2010
9402;2010;1271;2010
3341;2010;4451;2010
6834;2010;445;2010
9053;2010;2257;2010
8982;2010;947;2010
8432;2010;1191;2010
9398;2010;799;2010
7399;2010;1584;2010
8499;2010;4682;2010
2959;2010;871;2010
5792;2010;4735;2010
1687;2010;599;2010
3841;2010;1276;2010
3828;2010;2226;2010
8991;2010;1159;2010
7869;2010;2698;2010
6500;2010;2528;2010
8396;2010;2257;2010
3199;2010;712;2010
8918;2010;1674;2010
4530;2010;4286;2010
7228;2010;1782;2010
4844;2010;1333;2010
6942;2010;2134;2010
4332;2010;2101;2010
1712;2010;1849;2010
1559;2010;3304;2010
8091;2010;532;2010
4550;2010;6895;2010
6486;2010;3276;2010
2973;2010;4780;2010
3494;2010;2899;2010
7437;2010;4469;2010
2789;2010;865;2010
7924;2010;9042;2010
4957;2010;3165;2010
2796;2010;1665;2010
3260;2010;3378;2010
1084;2010;2460;2010
3058;2010;2702;2010
2624;2010;3946;2010
3697;2010;1134;2010
8782;2010;1884;2010
3295;2010;1741;2010
4255;2010;70496;2010
8961;2010;3248;2010
4872;2010;583;2010
1679;2010;2276;2010
9063;2010;1375;2010
7748;2010;4771;2010
0186;2010;1109;2010
8528;2010;10611;2010
7159;2010;2486;2010
9844;2010;4107;2010
3448;2010;1423;2010
9429;2010;463;2010
0561;2010;8875;2010
4995;2010;4139;2010
1371;2010;3671;2010
7427;2010;1223;2010
9648;2010;993;2010
4105;2010;713;2010
0092;2010;4388;2010
9521;2010;390;2010
2971;2010;814;2010
4621;2010;544;2010
2657;2010;1862;2010
1624;2010;2425;2010
5414;2010;792;2010
7562;2010;7152;2010
2343;2010;600;2010
9509;2010;6458;2010
9827;2010;10324;2010
2945;2010;5127;2010
3736;2010;933;2010
3800;2010;3471;2010
5555;2010;1784;2010
1061;2010;755;2010
5876;2010;1046;2010
3403;2010;1809;2010
9874;2010;2765;2010
7186;2010;1951;2010
8668;2010;18921;2010
0708;2010;7027;2010
9745;2010;3286;2010
1905;2010;419;2010
6907;2010;5315;2010
7538;2010;12542;2010
0708;2010;3009;2010
1551;2010;6538;2010
5190;2010;1596;2010
3362;2010;557;2010
4033;2010;994;2010
5328;2010;5077;2010
4083;2010;11160;2010
4469;2010;2690;2010
7332;2010;3430;2010
4508;2010;6330;2010
4757;2010;6149;2010
8739;2010;5456;2010
6163;2010;2339;2010
1210;2010;18888;2010
5690;2010;669;2010
5105;2010;1255;2010
8735;2010;3723;2010
7699;2010;10965;2010
9980;2010;1222;2010
0362;2010;182042;2010
2369;2010;1850;2010
2229;2010;7864;2010
8565;2010;577;2010
8197;2010;6490;2010
9207;2010;1174;2010
5572;2010;14453;2010
2181;2010;889;2010
4002;2010;3209;2010
5662;2010;546;2010
5201;2010;2732;2010
3446;2010;4073;2010
0777;2010;1287;2010
3583;2010;553;2010
6363;2010;1866;2010
4089;2010;1044;2010
1995;2010;680;2010
9925;2010;339;2010
8795;2010;4086;2010
9996;2010;1330;2010
7968;2010;1279;2010
5297;2010;990;2010
1308;2010;5130;2010
8540;2010;2860;2010
0617;2010;909;2010
8595;2010;17135;2010
2146;2010;2166;2010
3086;2010;287;2010
7650;2010;1379;2010
1082;2010;2697;2010
5444;2010;15394;2010
1204;2010;534;2010
1240;2010;2228;2010
1747;2010;13452;2010
1980;2010;4322;2010
8932;2010;45581;2010
8093;2010;3089;2010
8636;2010;7036;2010
8321;2010;11536;2010
3203;2010;15131;2010
7570;2010;31734;2010
9007;2010;5438;2010
3517;2010;28403;2010
3149;2010;4298;2010
5738;2010;4301;2010
2581;2010;81934;2010
6329;2010;51153;2010
0074;2010;11495;2010
5311;2010;7740;2010
7263;2010;11109;2010
4571;2010;1579;2010
4154;2010;1743;2010
4210;2010;10987;2010
9436;2010;5118;2010
1187;2010;4385;2010
1193;2010;70056;2010
9625;2010;12117;2010
1009;2010;2182;2010
2764;2010;7816;2010
9748;2010;3905;2010
6975;2010;2200;2010
6806;2010;1335;2010
7839;2010;7275;2010
4356;2010;10308;2010
8351;2010;56005;2010
4297;2010;6615;2010
4710;2010;2023;2010
2934;2010;11153;2010
9696;2010;4878;2010
6253;2010;4060;2010
4101;2010;1501;2010
0237;2010;7194;2010
2312;2010;8384;2010
9460;2010;4214;2010
4560;2010;553;2010
5060;2010;6943;2010
6990;2010;1354;2010
7206;2010;3476;2010
1204;2010;11005;2010
5940;2010;35942;2010
7859;2010;9289;2010
9185;2010;11206;2010
1964;2010;3609;2010
0400;2010;3198;2010
0592;2010;1012;2010
2409;2010;14317;2010
8343;2010;5365;2010
5503;2010;2983;2010
4206;2010;3882;2010
1617;2010;12040;2010
1646;2010;4102;2010
4760;2010;1917;2010
4613;2010;11353;2010
5295;2010;12033;2010
4634;2010;7096;2010
3466;2010;1936;2010
8844;2010;2255;2010
1410;2010;2089;2010
9850;2010;1179;2010
1661;2010;1020;2010
9969;2010;1628;2010
5663;2010;7324;2010
3267;2010;3509;2010
4318;2010;6976;2010
4268;2010;6776;2010
2666;2010;2983;2010
4886;2010;28017;2010
1685;2010;38208;2010
8912;2010;6455;2010
0755;2010;3598;2010
0959;2010;2264;2010
5900;2010;659924;2010
0543;2010;31708;2010
1025;2010;3459;2010
3441;2010;2981;2010
9165;2010;5991;2010
6583;2010;3651;2010
9291;2010;3058;2010
0363;2010;5138;2010
7170;2010;1601;2010
5662;2010;2674;2010
8522;2010;5453;2010
7814;2010;8759;2010
3653;2010;1900;2010
7415;2010;923;2010
5995;2010;10913;2010
1931;2010;2832;2010
9024;2010;453;2010
1922;2010;26807;2010
8463;2010;11849;2010
5421;2010;4154;2010
6815;2010;10398;2010
1922;2010;3249;2010
2407;2010;1340;2010
7793;2010;3777;2010
9001;2010;2107;2010
0076;2010;2957;2010
8004;2010;20328;2010
6441;2010;3380;2010
6956;2010;639;2010
9812;2010;1105;2010
9346;2010;2115;2010
9386;2010;838;2010
2744;2010;2577;2010
6346;2010;992;2010
1418;2010;42008;2010
0685;2010;695;2010
6646;2010;5839;2010
1664;2010;3393;2010
4276;2010;13210;2010
7645;2010;4549;2010
2587;2010;3454;2010
6219;2010;944;2010
7781;2010;1392;2010
4281;2010;3341;2010
8280;2010;1075;2010
0694;2010;2638;2010
9304;2010;2584;2010
1324;2010;497;2010
3367;2010;2902;2010
6563;2010;1600;2010
6937;2010;1560;2010
3311;2010;540;2010
2116;2010;1106;2010
1890;2010;922;2010
7262;2010;4054;2010
9981;2010;804;2010
9132;2010;3458;2010
5543;2010;3698;2010
6505;2010;3154;2010
3107;2010;2844;2010
9083;2010;386;2010
2904;2010;9530;2010
4823;2010;7189;2010
0474;2010;1549;2010
3838;2010;1844;2010
9835;2010;1672;2010
7899;2010;700;2010
7241;2010;2746;2010
3864;2010;1810;2010
9924;2010;914;2010
7212;2010;11644;2010
1099;2010;1584;2010
7352;2010;953;2010
7094;2010;830;2010
8536;2010;650;2010
6942;2010;1591;2010
8503;2010;2410;2010
7508;2010;243847;2010
7023;2010;32474;2010
5356;2010;1339;2010
2692;2010;1016;2010
4678;2010;5076;2010
5996;2010;754;2010
2599;2010;2903;2010
3623;2010;670;2010
3769;2010;1672;2010
8009;2010;2464;2010
3090;2010;891;2010
5764;2010;849;2010
7368;2010;4080;2010
4154;2010;3769;2010
1783;2010;1450;2010
4347;2010;2178;2010
1757;2010;6412;2010
4792;2010;1242;2010
0766;2010;13495;2010
6164;2010;1452;2010
9687;2010;4036;2010
2019;2010;1165;2010
1173;2010;875;2010
1681;2010;233;2010
9060;2010;4230;2010
1325;2010;1166;2010
1510;2010;718;2010
5448;2010;2185;2010
1231;2010;6674;2010
0502;2010;7228;2010
6292;2010;4007;2010
1406;2010;2080;2010
6798;2010;2968;2010
8183;2010;3125;2010
9964;2010;1422;2010
1634;2010;1079;2010
9764;2010;13153;2010
1676;2010;1522;2010
6740;2010;4786;2010
7814;2010;897;2010
3859;2010;3332;2010
1175;2010;9239;2010
9740;2010;1427;2010
9173;2010;4655;2010
2623;2010;4071;2010
0755;2010;1809;2010
7618;2010;2345;2010
0269;2010;2779;2010
5246;2010;5240;2010
1332;2010;11075;2010
1260;2010;7392;2010
5008;2010;6772;2010
6669;2010;941;2010
0737;2010;3092;2010
2643;2010;1129;2010
6016;2010;1364;2010
5170;2010;3853;2010
2458;2010;8912;2010
2280;2010;7276;2010
9304;2010;5751;2010
9268;2010;4266;2010
3170;2010;58544;2010
2395;2010;3156;2010
7015;2010;9571;2010
5732;2010;3958;2010
2308;2010;2799;2010
8901;2010;1387;2010
0870;2010;3961;2010
3156;2010;2163;2010
4530;2010;6418;2010
3276;2010;10500;2010
8595;2010;34831;2010
9815;2010;8475;2010
0752;2010;3034;2010
1638;2010;3966;2010
0815;2010;3526;2010
8900;2010;949;2010
8745;2010;33585;2010
9760;2010;5906;2010
1421;2010;1231;2010
2217;2010;6257;2010
6783;2010;38810;2010
6320;2010;1910;2010
5780;2010;12786;2010
4124;2010;2550;2010
9092;2010;3039;2010
4873;2010;8230;2010
0626;2010;23964;2010
2257;2010;17156;2010
1009;2010;8881;2010
2987;2010;12876;2010
5006;2010;12589;2010
3693;2010;4576;2010
5210;2010;19517;2010
3715;2010;6186;2010
6663;2010;3541;2010
5594;2010;8114;2010
1674;2010;2752;2010
2752;2010;6633;2010
5212;2010;1511;2010
5183;2010;4967;2010
6678;2010;41000;2010
9909;2010;4652;2010
6292;2010;1435;2010
6333;2010;1047;2010
9465;2010;614;2010
5439;2010;4997;2010
2465;2010;61953;2010
1131;2010;3266;2010
3988;2010;4495;2010
0669;2010;76860;2010
0705;2010;2055;2010
5893;2010;12391;2010
6266;2010;3200;2010
5331;2010;1668;2010
4247;2010;11122;2010
8172;2010;27829;2010
2732;2010;2168;2010
9953;2010;11849;2010
7746;2010;23488;2010
8140;2010;5771;2010
9382;2010;6352;2010
7565;2010;7370;2010
5836;2010;1467;2010
3738;2010;3679;2010
8177;2010;1755;2010
0808;2010;8494;2010
7759;2010;5074;2010
1499;2010;5385;2010
7120;2010;13983;2010
1179;2010;4677;2010
2247;2010;5029;2010
1946;2010;5649;2010
0465;2010;2186;2010
7438;2010;27979;2010
2367;2010;3738;2010
3917;2010;13957;2010
5057;2010;14502;2010
8244;2010;2999;2010
5375;2010;22213;2010
1099;2010;7281;2010
2924;2010;7497;2010
1389;2010;891;2010
2777;2010;9686;2010
4134;2010;8258;2010
8921;2010;5283;2010
7242;2010;3226;2010
7058;2010;18151;2010
5344;2010;28824;2010
4288;2010;52743;2010
3333;2010;17550;2010
2208;2010;36651;2010
3264;2010;25976;2010
2753;2010;23876;2010
7257;2010;19343;2010
4172;2010;5431;2010
3734;2010;39212;2010
5540;2010;4484;2010
2097;2010;4751;2010
9021;2010;3347;2010
8974;2010;296683;2010
1599;2010;9767;2010
3224;2010;27832;2010
0164;2010;13259;2010
1500;2010;27279;2010
4453;2010;3056;2010
2466;2010;5454;2010
9571;2010;4049;2010
8462;2010;13812;2010
2795;2010;30078;2010
4748;2010;7927;2010
6713;2010;1090;2010
3176;2010;5321;2010
3009;2010;5314;2010
6782;2010;49142;2010
7064;2010;11817;2010
6505;2010;7192;2010
7851;2010;16533;2010
6802;2010;49259;2010
2334;2010;13020;2010
5431;2010;4105;2010
3861;2010;3291;2010
4330;2010;10818;2010
6137;2010;11143;2010
2459;2010;14837;2010
6313;2010;2871;2010
8477;2010;22368;2010
6490;2010;11569;2010
8123;2010;3560;2010
2721;2010;7115;2010
1248;2010;9859;2010
8595;2010;1666;2010
2767;2010;7309;2010
0258;2010;8384;2010
3092;2010;17251;2010
1562;2010;10483;2010
5170;2010;21412;2010
5218;2010;7742;2010
0944;2010;8064;2010
7508;2010;6619;2010
8654;2010;9350;2010
7833;2010;3949;2010
8317;2010;3684;2010
5280;2010;3639;2010
4684;2010;9525;2010
3740;2010;8199;2010
4008;2010;30105;2010
6296;2010;3165;2010
7530;2010;15428;2010
3699;2010;54731;2010
5500;2010;3230;2010
3764;2010;19116;2010
6595;2010;72547;2010
0850;2010;9684;2010
7215;2010;26312;2010
4725;2010;62389;2010
1579;2010;36007;2010
5914;2010;31669;2010
8310;2010;2151;2010
0509;2010;1147;2010
0628;2010;7327;2010
9090;2010;17969;2010
6156;2010;817;2010
8976;2010;2597;2010
4772;2010;22943;2010
2007;2010;12910;2010
7816;2010;24626;2010
4173;2010;13253;2010
9842;2010;23937;2010
9828;2010;22076;2010
5343;2010;9079;2010
4685;2010;21686;2010
7755;2010;122994;2010
0204;2010;7896;2010
3296;2010;8951;2010
0908;2010;3789;2010
9227;2010;12143;2010
3921;2010;40756;2010
8902;2010;698;2010
1886;2010;810;2010
2509;2010;599;2010
4459;2010;2003;2010
7940;2010;430;2010
8442;2010;1033;2010
5394;2010;3673;2010
7440;2010;3719;2010
7583;2010;285;2010
7144;2010;753;2010
8314;2010;1055;2010
6697;2010;563;2010
0769;2010;953;2010
0464;2010;625;2010
3435;2010;5800;2010
2502;2010;461;2010
6115;2010;1747;2010
3908;2010;1357;2010
1704;2010;913;2010
4001;2010;421;2010
0608;2010;1545;2010
0662;2010;601;2010
1904;2010;972;2010
6868;2010;579;2010
4578;2010;8889;2010
8495;2010;961;2010
6162;2010;686;2010
9593;2010;556;2010
3859;2010;125;2010
8547;2010;1970;2010
2256;2010;832;2010
8937;2010;885;2010
9467;2010;1439;2010
3749;2010;2869;2010
4655;2010;3932;2010
0311;2010;3219;2010
0898;2010;5929;2010
1281;2010;10941;2010
3942;2010;712;2010
8777;2010;3276;2010
8803;2010;2460;2010
2684;2010;4700;2010
4119;2010;22421;2010
7985;2010;2740;2010
1002;2010;751;2010
5952;2010;579;2010
0335;2010;126343;2010
5057;2010;1405;2010
5828;2010;172;2010
3396;2010;7392;2010
4487;2010;937;2010
0107;2010;14499;2010
2444;2010;3025;2010
2377;2010;2299;2010
5029;2010;1002;2010
1853;2010;1603;2010
8063;2010;3037;2010
7367;2010;4301;2010
6815;2010;2398;2010
9538;2010;4131;2010
4089;2010;1706;2010
8773;2010;619;2010
9702;2010;1447;2010
3115;2010;767;2010
0432;2010;1504;2010
5753;2010;1363;2010
9218;2010;1223;2010
8083;2010;881;2010
1022;2010;666;2010
3276;2010;563;2010
3678;2010;3054;2010
4346;2010;2872;2010
6755;2010;2206;2010
3269;2010;1426;2010
4978;2010;2467;2010
5326;2010;8517;2010
4099;2010;684;2010
2661;2010;4086;2010
4344;2010;901;2010
5299;2010;2468;2010
0588;2010;2802;2010
2988;2010;2343;2010
1146;2010;574;2010
1494;2010;508;2010
4435;2010;1931;2010
7146;2010;1507;2010
7633;2010;10634;2010
8294;2010;2585;2010
8037;2010;1939;2010
7317;2010;342;2010
0589;2010;36834;2010
7375;2010;7391;2010
2372;2010;1391;2010
8209;2010;918;2010
9700;2010;445;2010
1843;2010;754;2010
6733;2010;931;2010
4318;2010;3031;2010
5958;2010;4400;2010
9956;2010;6812;2010
1765;2010;2160;2010
8336;2010;1278;2010
4462;2010;2587;2010
6759;2010;254;2010
0708;2010;2407;2010
8474;2010;1644;2010
7667;2010;2813;2010
7149;2010;1789;2010
9346;2010;2209;2010
5657;2010;1836;2010
3784;2010;11535;2010
0512;2010;1759;2010
8005;2010;718;2010
3156;2010;526;2010
0143;2010;2133;2010
5030;2010;2903;2010
7000;2010;381;2010
7539;2010;495;2010
1723;2010;26712;2010
6243;2010;884;2010
2270;2010;1132;2010
8518;2010;2920;2010
0476;2010;152857;2010
4887;2010;23607;2010
7167;2010;7819;2010
7736;2010;4254;2010
3042;2010;9300;2010
1361;2010;1685;2010
3086;2010;2120;2010
6223;2010;896;2010
5982;2010;514;2010
8014;2010;1057;2010
5101;2010;2789;2010
0146;2010;2257;2010
3689;2010;7598;2010
7868;2010;4554;2010
5067;2010;5199;2010
1794;2010;2614;2010
6258;2010;939;2010
9677;2010;1203;2010
9158;2010;7256;2010
4104;2010;70375;2010
1591;2010;1742;2010
6242;2010;1286;2010
5145;2010;876;2010
2412;2010;7870;2010
1629;2010;1835;2010
6381;2010;3847;2010
8293;2010;5249;2010
6740;2010;28911;2010
3934;2010;1431;2010
2889;2010;4728;2010
7060;2010;2619;2010
2850;2010;19750;2010
2939;2010;6529;2010
5926;2010;4010;2010
3587;2010;1281;2010
9078;2010;16708;2010
3871;2010;2100;2010
7937;2010;1855;2010
1982;2010;1141;2010
1839;2010;3782;2010
8211;2010;4278;2010
7064;2010;7792;2010
7509;2010;1970;2010
3074;2010;4966;2010
3593;2010;1140;2010
8870;2010;1997;2010
9709;2010;3514;2010
7935;2010;6963;2010
4453;2010;2394;2010
9317;2010;12777;2010
8876;2010;1493;2010
6260;2010;8978;2010
4332;2010;20516;2010
0356;2010;2286;2010
7596;2010;622;2010
7428;2010;745;2010
1777;2010;1310;2010
8361;2010;2927;2010
8991;2010;961;2010
7617;2010;1358;2010
6722;2010;2270;2010
5932;2010;2430;2010
6103;2010;924;2010
1826;2010;685;2010
7880;2010;910;2010
4495;2010;1163;2010
3061;2010;287;2010
3112;2010;1329;2010
1070;2010;1790;2010
3483;2010;9113;2010
4264;2010;15469;2010
4116;2010;256;2010
1182;2010;9228;2010
3578;2010;2557;2010
7940;2010;6534;2010
4660;2010;8502;2010
4812;2010;935;2010
5962;2010;1608;2010
4498;2010;5217;2010
8462;2010;426;2010
9063;2010;1029;2010
3078;2010;402;2010
3865;2010;18272;2010
0184;2010;2732;2010
4295;2010;387;2010
2629;2010;1554;2010
7365;2010;11451;2010
4014;2010;11472;2010
9870;2010;680;2010
1037;2010;11904;2010
5906;2010;1696;2010
8802;2010;4545;2010
5337;2010;2866;2010
6234;2010;7885;2010
9508;2010;1599;2010
6882;2010;3196;2010
4693;2010;15332;2010
1263;2010;50850;2010
9588;2010;8434;2010
2083;2010;3484;2010
8550;2010;5679;2010
7401;2010;19909;2010
1525;2010;4591;2010
9790;2010;1515;2010
7785;2010;4285;2010
8809;2010;15030;2010
7045;2010;2228;2010
6793;2010;6260;2010
8756;2010;11972;2010
1433;2010;378;2010
5471;2010;416;2010
3790;2010;1843;2010
5680;2010;2226;2010
7145;2010;831;2010
6768;2010;1385;2010
5245;2010;8468;2010
5859;2010;1746;2010
5139;2010;455;2010
8523;2010;5304;2010
8007;2010;773;2010
3130;2010;817;2010
6382;2010;731;2010
5447;2010;941;2010
5623;2010;1423;2010
4291;2010;1216;2010
8025;2010;360;2010
7065;2010;1648;2010
3894;2010;162;2010
9783;2010;550;2010
1987;2010;132;2010
7896;2010;1346;2010
8538;2010;270;2010
4721;2010;955;2010
2497;2010;1375;2010
4281;2010;213;2010
8745;2010;713;2010
5617;2010;734;2010
1728;2010;1943;2010
8861;2010;3223;2010
1500;2010;21949;2010
3702;2010;720;2010
7117;2010;949;2010
3513;2010;1860;2010
1461;2010;1072;2010
4490;2010;2473;2010
0190;2010;570;2010
2086;2010;2256;2010
9626;2010;1551;2010
7338;2010;885;2010
8301;2010;308;2010
5839;2010;471;2010
4436;2010;839;2010
4776;2010;335;2010
7327;2010;788;2010
6578;2010;2280;2010
2027;2010;1155;2010
6577;2010;998;2010
6050;2010;574;2010
3408;2010;1075;2010
9461;2010;535;2010
9289;2010;1380;2010
1965;2010;638;2010
5904;2010;366;2010
0758;2010;257;2010
9354;2010;754;2010
3181;2010;757;2010
3164;2010;2362;2010
7012;2010;740;2010
4514;2010;11250;2010
8469;2010;2853;2010
2051;2010;474;2010
8673;2010;282;2010
4520;2010;1519;2010
3605;2010;380;2010
9625;2010;4068;2010
5296;2010;958;2010
3723;2010;443;2010
3433;2010;360;2010
5735;2010;94;2010
0966;2010;1331;2010
5116;2010;743;2010
2197;2010;710;2010
7239;2010;149;2010
4117;2010;1648;2010
5886;2010;157;2010
0265;2010;1418;2010
2533;2010;9084;2010
5970;2010;2882;2010
4817;2010;950;2010
4597;2010;4669;2010
8204;2010;513;2010
4582;2010;807;2010
6424;2010;938;2010
2347;2010;4963;2010
6807;2010;1146;2010
6691;2010;1608;2010
0619;2010;469;2010
9861;2010;4419;2010
1972;2010;792;2010
5005;2010;1795;2010
0141;2010;713;2010
1807;2010;1174;2010
5715;2010;512;2010
9654;2010;1796;2010
8665;2010;354;2010
4698;2010;1255;2010
5686;2010;31463;2010
3275;2010;1482;2010
8161;2010;313;2010
8471;2010;2365;2010
3156;2010;281;2010
1092;2010;2149;2010
4581;2010;735;2010
2826;2010;3237;2010
3569;2010;2826;2010
2190;2010;4813;2010
0500;2010;390;2010
7953;2010;2459;2010
4748;2010;2525;2010
4676;2010;1585;2010
4524;2010;2246;2010
8526;2010;1877;2010
0628;2010;493;2010
6128;2010;186;2010
1726;2010;975;2010
3563;2010;837;2010
3786;2010;357;2010
8199;2010;2300;2010
7513;2010;521;2010
0044;2010;230;2010
8590;2010;2494;2010
3402;2010;426;2010
0943;2010;185;2010
8006;2010;10427;2010
7998;2010;989;2010
5844;2010;1226;2010
8465;2010;589;2010
2387;2010;2973;2010
0735;2010;869;2010
6098;2010;325;2010
7002;2010;1762;2010
6510;2010;342;2010
8094;2010;1164;2010
5607;2010;1180;2010
9310;2010;376;2010
1807;2010;316;2010
2425;2010;124;2010
0157;2010;8089;2010
8744;2010;473;2010
7929;2010;904;2010
7513;2010;2035;2010
0198;2010;650;2010
4744;2010;170;2010
1593;2010;558;2010
7228;2010;190;2010
4624;2010;1126;2010
8487;2010;264;2010
7827;2010;330;2010
8860;2010;3466;2010
3890;2010;1175;2010
6881;2010;44726;2010
8452;2010;1003;2010
3451;2010;892;2010
4533;2010;2197;2010
5570;2010;149;2010
2001;2010;366;2010
8025;2010;1231;2010
5139;2010;162;2010
1209;2010;8026;2010
5955;2010;223;2010
8608;2010;476;2010
9021;2010;902;2010
6248;2010;3616;2010
5719;2010;639;2010
9876;2010;2929;2010
7819;2010;2016;2010
7338;2010;14881;2010
6006;2010;1638;2010
0096;2010;349;2010
6492;2010;459;2010
0694;2010;717;2010
7415;2010;507;2010
4984;2010;3919;2010
2559;2010;133;2010
1379;2010;1605;2010
7653;2010;2503;2010
5560;2010;386;2010
6095;2010;544;2010
0733;2010;2246;2010
3092;2010;556;2010
6678;2010;662;2010
5025;2010;3981;2010
3909;2010;1463;2010
0974;2010;618;2010
5683;2010;995;2010
0645;2010;4002;2010
1503;2010;2831;2010
1575;2010;1551;2010
5913;2010;556;2010
7503;2010;209;2010
2158;2010;2185;2010
0519;2010;4006;2010
3050;2010;1398;2010
2497;2010;2678;2010
1802;2010;2349;2010
8441;2010;1395;2010
0284;2010;222;2010
8493;2010;1520;2010
6512;2010;925;2010
0230;2010;95;2010
6090;2010;1672;2010
0298;2010;627;2010
5152;2010;2079;2010
2223;2010;2730;2010
6629;2010;147;2010
1400;2010;99;2010
3313;2010;762;2010
7376;2010;1335;2010
0670;2010;763;2010
7187;2010;1177;2010
2355;2010;971;2010
9799;2010;299;2010
3143;2010;2655;2010
7712;2010;233;2010
4752;2010;6226;2010
6768;2010;2503;2010
6653;2010;240;2010
1045;2010;3574;2010
2572;2010;1127;2010
4058;2010;580;2010
5859;2010;1209;2010
3978;2010;8354;2010
6991;2010;377;2010
8731;2010;190;2010
2610;2010;1424;2010
9495;2010;431;2010
4736;2010;1259;2010
6136;2010;1153;2010
2316;2010;1644;2010
6703;2010;3274;2010
2859;2010;2982;2010
9795;2010;2297;2010
0399;2010;3963;2010
5617;2010;2553;2010
6195;2010;5175;2010
3496;2010;1323;2010
2278;2010;3295;2010
8240;2010;3519;2010
9535;2010;4745;2010
1176;2010;3012;2010
5889;2010;5088;2010
1002;2010;14156;2010
7876;2010;1511;2010
7127;2010;862;2010
6640;2010;12663;2010
5476;2010;4383;2010
7952;2010;479;2010
5941;2010;2460;2010
7396;2010;3834;2010
6954;2010;2336;2010
2704;2010;4052;2010
0639;2010;7465;2010
3179;2010;1754;2010
7688;2010;1291;2010
6179;2010;4777;2010
8068;2010;267;2010
8932;2010;1784;2010
1833;2010;1420;2010
6954;2010;2738;2010
2583;2010;2286;2010
6556;2010;351;2010
4193;2010;1278;2010
2020;2010;776;2010
0526;2010;765;2010
5957;2010;8625;2010
4965;2010;2436;2010
3058;2010;2641;2010
1445;2010;2416;2010
8887;2010;1962;2010
6052;2010;122;2010
1349;2010;47116;2010
2384;2010;2214;2010
9135;2010;4818;2010
8946;2010;4257;2010
3308;2010;10614;2010
5859;2010;369;2010
0635;2010;14741;2010
5188;2010;8508;2010
3584;2010;518;2010
1193;2010;3544;2010
0584;2010;1979;2010
7993;2010;2478;2010
6244;2010;4213;2010
7121;2010;36;2010
5135;2010;3613;2010
0149;2010;8757;2010
0882;2010;6229;2010
9960;2010;7158;2010
6963;2010;1202;2010
4959;2010;4803;2010
5630;2010;3916;2010
1969;2010;408;2010
9972;2010;141;2010
7839;2010;1961;2010
1470;2010;1745;2010
6837;2010;969;2010
0983;2010;2187;2010
6353;2010;2310;2010
5698;2010;2160;2010
7003;2010;6090;2010
8249;2010;3227;2010
6175;2010;2959;2010
8617;2010;2235;2010
1969;2010;2362;2010
2862;2010;2942;2010
1085;2010;150;2010
6290;2010;1693;2010
7516;2010;537;2010
9668;2010;1961;2010
7080;2010;187;2010
2464;2010;3389;2010
5977;2010;11598;2010
5679;2010;802;2010
7993;2010;313;2010
1158;2010;2864;2010
8153;2010;2959;2010
6500;2010;2720;2010
6085;2010;319;2010
6049;2010;1988;2010
1986;2010;293;2010
8317;2010;1184;2010
1303;2010;1687;2010
6411;2010;4369;2010
5038;2010;2169;2010
0835;2010;2685;2010
7725;2010;670;2010
7505;2010;2693;2010
7143;2010;3081;2010
6122;2010;14968;2010
0012;2010;1672;2010
6783;2010;3124;2010
3194;2010;1714;2010
9782;2010;4855;2010
0381;2010;2598;2010
0970;2010;879;2010
0980;2010;2270;2010
0680;2010;2081;2010
8695;2010;15473;2010
8023;2010;2152;2010
6998;2010;2857;2010
9356;2010;1193;2010
5317;2010;237;2010
6782;2010;1569;2010
0319;2010;2143;2010
3971;2010;2278;2010
0104;2010;1206;2010
9260;2010;2649;2010
4371;2010;2679;2010
3711;2010;2606;2010
3786;2010;43616;2010
4503;2010;7354;2010
7452;2010;69;2010
2472;2010;1422;2010
8337;2010;3262;2010
2024;2010;1544;2010
4767;2010;4167;2010
3856;2010;469;2010
7302;2010;1754;2010
5209;2010;2190;2010
5791;2010;5733;2010
7829;2010;2033;2010
4968;2010;1897;2010
5250;2010;1432;2010
2653;2010;1617;2010
3749;2010;2666;2010
9657;2010;1806;2010
1484;2010;3616;2010
5565;2010;3520;2010
0529;2010;12929;2010
5310;2010;1920;2010
7459;2010;1986;2010
0123;2010;2009;2010
8189;2010;3645;2010
8206;2010;3097;2010
0688;2010;6041;2010
2567;2010;905;2010
3773;2010;1570;2010
0034;2010;1640;2010
4986;2010;1772;2010
8823;2010;6803;2010
1694;2010;18921;2010
1953;2010;16647;2010
7664;2010;10062;2010
8500;2010;1150;2010
3450;2010;12190;2010
8400;2010;1455;2010
0985;2010;3280;2010
3225;2010;2227;2010
9351;2010;1043;2010
2491;2010;3267;2010
4400;2010;6927;2010
7700;2010;3414;2010
5057;2010;35286;2010
7001;2010;140887;2010
2632;2010;2970;2010
6957;2010;5111;2010
3722;2010;9025;2010
0048;2010;21084;2010
9694;2010;1588;2010
2979;2010;9996;2010
6693;2010;451;2010
2754;2010;851;2010
8359;2010;7301;2010
7983;2010;3011;2010
1388;2010;3027;2010
7437;2010;2291;2010
5867;2010;1077;2010
6672;2010;3101;2010
4275;2010;14103;2010
7726;2010;18379;2010
9995;2010;9835;2010
3093;2010;187805;2010
1380;2010;9968;2010
3723;2010;6072;2010
3109;2010;2360;2010
3762;2010;1703;2010
7254;2010;768;2010
6721;2010;2877;2010
0630;2010;1076;2010
9655;2010;1227;2010
0449;2010;3179;2010
6808;2010;14995;2010
2012;2010;5466;2010
9948;2010;59488;2010
4250;2010;3298;2010
6858;2010;10093;2010
6439;2010;15687;2010
6315;2010;3537;2010
7896;2010;6733;2010
4827;2010;1371;2010
3481;2010;9316;2010
8880;2010;3482;2010
9243;2010;5599;2010
9108;2010;2236;2010
8517;2010;915;2010
3117;2010;2254;2010
9213;2010;1332;2010
2596;2010;3301;2010
5577;2010;6496;2010
3549;2010;956;2010
6322;2010;2013;2010
2495;2010;2513;2010
3219;2010;1561;2010
9223;2010;4033;2010
6890;2010;660;2010
1226;2010;1084;2010
9691;2010;3404;2010
4627;2010;1281;2010
4448;2010;2487;2010
5938;2010;2135;2010
0030;2010;2413;2010
5038;2010;5663;2010
8395;2010;1867;2010
8975;2010;1446;2010
6319;2010;2004;2010
7009;2010;1686;2010
2254;2010;2410;2010
8113;2010;3718;2010
6692;2010;2088;2010
1519;2010;3561;2010
9325;2010;2223;2010
6532;2010;6941;2010
4089;2010;807;2010
3653;2010;1832;2010
3028;2010;1409;2010
2468;2010;6557;2010
9491;2010;1317;2010
8878;2010;8958;2010
7004;2010;1238;2010
5057;2010;1056;2010
5378;2010;4719;2010
8427;2010;4680;2010
3367;2010;4472;2010
7892;2010;2253;2010
5345;2010;2420;2010
3959;2010;1433;2010
6586;2010;3166;2010
5725;2010;6877;2010
8328;2010;987;2010
5926;2010;1204;2010
4369;2010;2556;2010
6462;2010;860;2010
4236;2010;1494;2010
1798;2010;2531;2010
6604;2010;6618;2010
6406;2010;688;2010
2027;2010;1115;2010
5709;2010;33543;2010
3751;2010;805;2010
7735;2010;1808;2010
4549;2010;2024;2010
1815;2010;480;2010
6569;2010;457;2010
5995;2010;2085;2010
6127;2010;263;2010
1563;2010;109;2010
2735;2010;932;2010
4656;2010;520;2010
1003;2010;4932;2010
5046;2010;721;2010
1278;2010;553;2010
5515;2010;1438;2010
8775;2010;242;2010
2233;2010;683;2010
0676;2010;700;2010
9645;2010;1627;2010
4189;2010;1002;2010
5335;2010;5083;2010
2565;2010;172;2010
5227;2010;3466;2010
0681;2010;266;2010
1858;2010;346;2010
6546;2010;594;2010
2573;2010;589;2010
2167;2010;753;2010
8738;2010;4763;2010
5753;2010;1481;2010
7884;2010;107;2010
0084;2010;18354;2010
6091;2010;976;2010
3176;2010;162;2010
6467;2010;441;2010
8976;2010;188;2010
6517;2010;2397;2010
5785;2010;961;2010
2127;2010;7785;2010
2848;2010;245;2010
9219;2010;110;2010
1531;2010;267;2010
5680;2010;616;2010
4114;2010;419;2010
1763;2010;1483;2010
3537;2010;1532;2010
0549;2010;143;2010
0343;2010;2156;2010
1750;2010;420;2010
1483;2010;1247;2010
1708;2010;432;2010
7997;2010;896;2010
4381;2010;878;2010
3719;2010;15938;2010
9194;2010;3396;2010
3658;2010;1174;2010
5656;2010;1584;2010
6720;2010;2672;2010
8796;2010;770;2010
9024;2010;584;2010
1628;2010;2039;2010
3882;2010;281;2010
3804;2010;431;2010
1522;2010;764;2010
6756;2010;1383;2010
7054;2010;1262;2010
4182;2010;162;2010
3614;2010;5049;2010
7687;2010;779;2010
9006;2010;396;2010
6013;2010;217;2010
7344;2010;1691;2010
8894;2010;1255;2010
7344;2010;444;2010
7665;2010;2141;2010
4531;2010;30795;2010
6649;2010;191;2010
3806;2010;1221;2010
7333;2010;6882;2010
3834;2010;263;2010
6245;2010;1768;2010
3048;2010;1627;2010
1899;2010;1176;2010
9893;2010;1951;2010
8504;2010;12204;2010
3026;2010;1897;2010
8768;2010;2925;2010
8974;2010;804;2010
8381;2010;3984;2010
2783;2010;4868;2010
8371;2010;4316;2010
4286;2010;2364;2010
0131;2010;11377;2010
5196;2010;3230;2010
0697;2010;1891;2010
5852;2010;2692;2010
8221;2010;2479;2010
6356;2010;54126;2010
6107;2010;3469;2010
9962;2010;2155;2010
4411;2010;4062;2010
6928;2010;1649;2010
2846;2010;5111;2010
5988;2010;4510;2010
2468;2010;2182;2010
8178;2010;14094;2010
0007;2010;2147;2010
4861;2010;2527;2010
4258;2010;3955;2010
8969;2010;3729;2010
3889;2010;1780;2010
6497;2010;556;2010
4900;2010;1546;2010
1614;2010;1175;2010
1320;2010;2240;2010
4050;2010;3238;2010
1689;2010;5553;2010
3735;2010;1268;2010
8669;2010;2153;2010
8139;2010;828;2010
7449;2010;2097;2010
2050;2010;1396;2010
6730;2010;1086;2010
6500;2010;3830;2010
2849;2010;10738;2010
9804;2010;1127;2010
4109;2010;1546;2010
6349;2010;1322;2010
3230;2010;614;2010
3509;2010;3405;2010
1175;2010;6587;2010
3994;2010;1331;2010
8264;2010;894;2010
1114;2010;1683;2010
5149;2010;357;2010
8295;2010;1288;2010
1870;2010;6817;2010
6655;2010;12417;2010
0416;2010;264;2010
5853;2010;1799;2010
4236;2010;2969;2010
1381;2010;649;2010
0433;2010;5349;2010
3983;2010;8954;2010
2252;2010;8504;2010
2295;2010;4192;2010
6918;2010;1311;2010
8383;2010;9301;2010
7843;2010;5062;2010
7683;2010;145;2010
0203;2010;707;2010
5856;2010;1070;2010
6009;2010;444;2010
7603;2010;568;2010
4751;2010;14384;2010
5293;2010;2881;2010
9328;2010;688;2010
5900;2010;1439;2010
3317;2010;1115;2010
0598;2010;2866;2010
5414;2010;29252;2010
1012;2010;6376;2010
5920;2010;6431;2010
1819;2010;2973;2010
4365;2010;2148;2010
0555;2010;5167;2010
2300;2010;27711;2010
6862;2010;1361;2010
2739;2010;1520;2010
8746;2010;3386;2010
5918;2010;1655;2010
4952;2010;1481;2010
8947;2010;860;2010
0902;2010;5249;2010
3709;2010;6017;2010
4840;2010;3598;2010
6787;2010;2706;2010
8946;2010;11568;2010
0025;2010;1104;2010
3875;2010;3683;2010
4283;2010;1110;2010
2281;2010;14767;2010
4676;2010;2057;2010
8631;2010;6155;2010
2455;2010;17450;2010
7559;2010;6797;2010
5372;2010;7175;2010
9338;2010;10410;2010
7027;2010;15435;2010
8948;2010;11694;2010
9334;2010;16653;2010
6082;2010;5928;2010
4122;2010;33307;2010
4332;2010;4253;2010
5652;2010;2100;2010
8894;2010;17820;2010
4702;2010;7185;2010
3932;2010;6837;2010
0780;2010;6347;2010
5134;2010;36833;2010
9549;2010;8395;2010
4875;2010;15221;2010
4858;2010;2602;2010
7563;2010;40305;2010
2803;2010;24375;2010
3149;2010;7599;2010
1856;2010;7989;2010
2850;2010;34129;2010
2958;2010;41773;2010
1826;2010;7189;2010
3083;2010;23064;2010
3185;2010;4110;2010
1093;2010;5024;2010
0966;2010;120791;2010
4764;2010;23271;2010
8580;2010;22598;2010
8844;2010;4653;2010
9065;2010;4194;2010
9685;2010;3414;2010
0449;2010;42618;2010
4024;2010;22629;2010
2630;2010;8042;2010
2018;2010;3988;2010
3930;2010;8382;2010
7508;2010;9987;2010
8480;2010;12797;2010
9793;2010;7591;2010
5554;2010;4419;2010
5334;2010;9312;2010
8647;2010;13553;2010
7166;2010;25477;2010
7763;2010;6311;2010
0386;2010;5180;2010
8153;2010;10358;2010
9773;2010;15493;2010
1611;2010;3861;2010
9725;2010;3199;2010
4940;2010;3764;2010
5319;2010;675;2010
2113;2010;1941;2010
6123;2010;3420;2010
5319;2010;37156;2010
2041;2010;1026;2010
2619;2010;3282;2010
9249;2010;1174;2010
9293;2010;1435;2010
7276;2010;996;2010
7625;2010;684;2010
4055;2010;1755;2010
9920;2010;460;2010
6157;2010;1222;2010
5337;2010;830;2010
4458;2010;7021;2010
4183;2010;13223;2010
2142;2010;435;2010
6263;2010;869;2010
9216;2010;408;2010
2352;2010;2392;2010
4509;2010;2550;2010
7156;2010;8359;2010
1669;2010;472;2010
9488;2010;771;2010
3789;2010;1021;2010
3504;2010;619;2010
0748;2010;810;2010
8469;2010;2695;2010
0023;2010;2472;2010
2677;2010;1724;2010
7934;2010;16123;2010
1256;2010;25377;2010
6456;2010;2037;2010
1789;2010;1452;2010
5172;2010;16994;2010
4919;2010;2355;2010
2925;2010;385;2010
9329;2010;2113;2010
8809;2010;100044;2010
3518;2010;94334;2010
2434;2010;54806;2010
9318;2010;31124;2010
6980;2010;12479;2010
4083;2010;9638;2010
2295;2010;14883;2010
0061;2010;6878;2010
4127;2010;55765;2010
7661;2010;14569;2010
