Codice Ripartizione geografica;Codice Regione;Codice Provincia/Uts;Codice Comune (alfanumerico);Codice Comune (numerico);Comune;Comune (dizione straniera);Sigla automobilistica;Capoluogo di Provincia/Uts;Capoluogo di Regione;Popolazione legale;Anno Censimento;Superficie (Kmq);Anno (Superficie);Popolazione residente;Anno (Popolazione residente)
1462;2001;2557;2001
7393;2001;3543;2001
3315;2001;480;2001
7315;2001;1687;2001
3796;2001;619;2001
8756;2001;5648;2001
6261;2001;293;2001
9193;2001;16647;2001
4861;2001;1712;2001
3085;2001;474;2001
8782;2001;777;2001
1668;2001;908;2001
2172;2001;11066;2001
9606;2001;1272;2001
0859;2001;796;2001
0063;2001;3025;2001
5064;2001;514;2001
4054;2001;3258;2001
7105;2001;99;2001
0289;2001;3414;2001
8027;2001;1480;2001
2029;2001;3029;2001
9864;2001;586;2001
7343;2001;18216;2001
5980;2001;2850;2001
0819;2001;593;2001
2234;2001;1977;2001
3261;2001;12755;2001
9648;2001;494;2001
4189;2001;3639;2001
3711;2001;790;2001
9617;2001;2223;2001
9191;2001;2926;2001
2914;2001;7432;2001
7585;2001;4010;2001
1350;2001;469;2001
9504;2001;434;2001
5701;2001;7306;2001
3592;2001;1655;2001
5838;2001;1333;2001
6868;2001;1301;2001
4759;2001;1344;2001
0643;2001;1370;2001
1004;2001;6445;2001
0973;2001;6560;2001
2312;2001;3513;2001
4925;2001;7120;2001
1314;2001;5789;2001
0863;2001;1285;2001
1317;2001;1301;2001
8498;2001;5116;2001
9505;2001;270;2001
1953;2001;2084;2001
0319;2001;543;2001
4066;2001;1889;2001
5371;2001;1006;2001
2578;2001;762;2001
6894;2001;8639;2001
7149;2001;24941;2001
1250;2001;1698;2001
1725;2001;1452;2001
3137;2001;2640;2001
7115;2001;15852;2001
4732;2001;1414;2001
2796;2001;1872;2001
7062;2001;8959;2001
3756;2001;441;2001
1346;2001;5485;2001
3285;2001;2290;2001
9591;2001;5280;2001
1595;2001;1774;2001
0516;2001;1027;2001
8139;2001;163;2001
7001;2001;967;2001
4478;2001;362;2001
5698;2001;1693;2001
0221;2001;2183;2001
1975;2001;32912;2001
1189;2001;197;2001
7549;2001;1003;2001
9165;2001;1595;2001
2377;2001;23627;2001
1638;2001;341;2001
9345;2001;268;2001
1962;2001;338;2001
7329;2001;18180;2001
6872;2001;156;2001
8788;2001;1469;2001
5727;2001;2889;2001
0993;2001;46560;2001
3321;2001;316;2001
5895;2001;632;2001
1131;2001;4384;2001
4914;2001;3162;2001
2384;2001;545;2001
8709;2001;925;2001
7335;2001;6823;2001
3133;2001;9995;2001
5395;2001;8229;2001
5474;2001;283;2001
8499;2001;4314;2001
8929;2001;2339;2001
4090;2001;610;2001
0415;2001;2549;2001
3457;2001;870;2001
6427;2001;2179;2001
5075;2001;3714;2001
8185;2001;288;2001
9482;2001;1624;2001
1488;2001;2716;2001
4018;2001;540;2001
5109;2001;9040;2001
4438;2001;1281;2001
3833;2001;695;2001
7376;2001;14525;2001
8200;2001;2194;2001
9870;2001;680;2001
0935;2001;216;2001
3297;2001;982;2001
1320;2001;38647;2001
7506;2001;61;2001
0292;2001;661;2001
7716;2001;397;2001
5042;2001;406;2001
1074;2001;23521;2001
0353;2001;1330;2001
7825;2001;6460;2001
2876;2001;5141;2001
2899;2001;1385;2001
4355;2001;11930;2001
6753;2001;218;2001
9366;2001;1955;2001
3912;2001;484;2001
5162;2001;1804;2001
7158;2001;1507;2001
2095;2001;1006;2001
1914;2001;1003;2001
8835;2001;334;2001
7414;2001;7858;2001
0398;2001;489;2001
2585;2001;537;2001
1404;2001;1149;2001
3129;2001;491;2001
2593;2001;1190;2001
2587;2001;72;2001
0706;2001;3965;2001
6942;2001;695;2001
3425;2001;3961;2001
5440;2001;916;2001
6383;2001;1180;2001
4420;2001;104;2001
0871;2001;887;2001
0825;2001;395;2001
3332;2001;662;2001
6553;2001;424;2001
5286;2001;53346;2001
5007;2001;43;2001
6567;2001;588;2001
4681;2001;886;2001
3567;2001;3458;2001
9036;2001;5272;2001
3896;2001;831;2001
4895;2001;757;2001
5625;2001;47786;2001
0453;2001;202;2001
3530;2001;6236;2001
0743;2001;334;2001
6422;2001;7749;2001
5542;2001;543;2001
3030;2001;1291;2001
2079;2001;21552;2001
1541;2001;777;2001
4885;2001;951;2001
5770;2001;737;2001
7857;2001;2676;2001
4058;2001;1167;2001
0819;2001;782;2001
8878;2001;1878;2001
6886;2001;463;2001
4056;2001;913;2001
5401;2001;3758;2001
5680;2001;224;2001
1731;2001;3685;2001
0906;2001;3728;2001
7080;2001;558;2001
1830;2001;765;2001
0041;2001;700;2001
3498;2001;604;2001
4635;2001;11229;2001
7183;2001;2942;2001
3375;2001;33457;2001
8196;2001;8239;2001
6487;2001;3240;2001
1459;2001;16127;2001
9035;2001;3142;2001
0343;2001;1253;2001
6187;2001;8985;2001
5611;2001;1081;2001
0609;2001;3757;2001
4476;2001;938;2001
2017;2001;442;2001
6092;2001;311;2001
8455;2001;1791;2001
4785;2001;259;2001
5052;2001;1219;2001
2419;2001;755;2001
8803;2001;601;2001
0380;2001;321;2001
9559;2001;399;2001
7867;2001;1081;2001
6658;2001;1435;2001
6001;2001;84;2001
8334;2001;973;2001
1076;2001;17606;2001
8316;2001;3819;2001
5714;2001;2680;2001
2461;2001;11985;2001
8733;2001;1424;2001
4999;2001;49789;2001
5756;2001;3027;2001
1912;2001;1632;2001
7038;2001;1985;2001
2107;2001;2935;2001
2665;2001;375;2001
6877;2001;1651;2001
4074;2001;257;2001
3732;2001;961;2001
0650;2001;3619;2001
9371;2001;2053;2001
1002;2001;773;2001
9519;2001;1672;2001
3197;2001;467;2001
1034;2001;529;2001
8859;2001;78;2001
4329;2001;1476;2001
2318;2001;5143;2001
9069;2001;3552;2001
3810;2001;361;2001
3037;2001;427;2001
9796;2001;4357;2001
6512;2001;3687;2001
8617;2001;1834;2001
8865;2001;2602;2001
4049;2001;2393;2001
7218;2001;948;2001
6132;2001;3082;2001
7933;2001;765;2001
3442;2001;7241;2001
5518;2001;17801;2001
4447;2001;1481;2001
1243;2001;270;2001
1520;2001;2820;2001
5766;2001;1798;2001
5720;2001;3387;2001
3681;2001;4270;2001
7945;2001;4017;2001
1984;2001;10208;2001
2772;2001;183;2001
3112;2001;987;2001
6768;2001;3071;2001
0308;2001;734;2001
3557;2001;1431;2001
9158;2001;839;2001
0578;2001;514;2001
3658;2001;46944;2001
2590;2001;1578;2001
6785;2001;1170;2001
2140;2001;259;2001
4686;2001;6026;2001
9878;2001;6559;2001
6751;2001;820;2001
0095;2001;866325;2001
8238;2001;2372;2001
4546;2001;628;2001
0981;2001;4557;2001
4059;2001;3324;2001
2447;2001;139;2001
3589;2001;381;2001
4548;2001;543;2001
3475;2001;10368;2001
9669;2001;200;2001
5375;2001;253;2001
2292;2001;1352;2001
5252;2001;3535;2001
1200;2001;727;2001
0791;2001;736;2001
9093;2001;3136;2001
8458;2001;126;2001
5579;2001;695;2001
0927;2001;1407;2001
1435;2001;973;2001
4424;2001;35646;2001
4883;2001;4476;2001
9431;2001;1467;2001
0691;2001;864;2001
6454;2001;231;2001
9333;2001;905;2001
9677;2001;523;2001
1542;2001;5057;2001
7854;2001;4785;2001
0306;2001;1008;2001
4088;2001;2801;2001
7080;2001;2720;2001
4093;2001;962;2001
6868;2001;2027;2001
2927;2001;1189;2001
4228;2001;4164;2001
8767;2001;4616;2001
6941;2001;13416;2001
0574;2001;1068;2001
0748;2001;1418;2001
6817;2001;498;2001
1119;2001;1213;2001
4629;2001;12996;2001
9826;2001;6989;2001
0366;2001;458;2001
7804;2001;340;2001
5649;2001;2605;2001
3101;2001;1030;2001
3156;2001;1405;2001
7885;2001;99;2001
8080;2001;259;2001
8057;2001;2029;2001
8706;2001;277;2001
5707;2001;2564;2001
0900;2001;13906;2001
2949;2001;2161;2001
2305;2001;188;2001
0775;2001;942;2001
1364;2001;226;2001
8004;2001;72;2001
1088;2001;1062;2001
0330;2001;987;2001
1062;2001;949;2001
2050;2001;248;2001
6044;2001;351;2001
0489;2001;908;2001
5380;2001;47;2001
3077;2001;4517;2001
3878;2001;261;2001
2234;2001;111;2001
9676;2001;869;2001
8563;2001;272;2001
2233;2001;7602;2001
0162;2001;432;2001
4769;2001;1039;2001
1404;2001;246;2001
2425;2001;1212;2001
7629;2001;563;2001
6658;2001;8589;2001
5029;2001;832;2001
8817;2001;381;2001
0875;2001;338;2001
6440;2001;525;2001
9701;2001;939;2001
5740;2001;537;2001
0280;2001;4308;2001
6673;2001;810;2001
9178;2001;100;2001
1817;2001;1475;2001
7139;2001;845;2001
5035;2001;606;2001
5270;2001;256;2001
9396;2001;1333;2001
2949;2001;339;2001
3506;2001;1127;2001
6903;2001;115;2001
5976;2001;191;2001
1782;2001;588;2001
5389;2001;587;2001
1561;2001;4251;2001
8910;2001;422;2001
2700;2001;69;2001
0226;2001;72;2001
3032;2001;156;2001
2702;2001;140;2001
1298;2001;234;2001
4089;2001;409;2001
9160;2001;2456;2001
4754;2001;613;2001
8379;2001;186;2001
2682;2001;1006;2001
8536;2001;92;2001
1875;2001;251;2001
7766;2001;131;2001
5981;2001;4073;2001
6327;2001;1812;2001
1295;2001;9233;2001
5335;2001;369;2001
2544;2001;441;2001
9054;2001;5008;2001
3140;2001;1198;2001
2491;2001;626;2001
6053;2001;7590;2001
7508;2001;3511;2001
4258;2001;2359;2001
1193;2001;7387;2001
7746;2001;45130;2001
5109;2001;539;2001
5823;2001;1632;2001
2573;2001;137;2001
5364;2001;1185;2001
9965;2001;889;2001
5157;2001;2189;2001
1699;2001;14301;2001
4928;2001;941;2001
1785;2001;8397;2001
4537;2001;1101;2001
6081;2001;1191;2001
5097;2001;1168;2001
3043;2001;1041;2001
0911;2001;1882;2001
2699;2001;19278;2001
3928;2001;3840;2001
7478;2001;2715;2001
7563;2001;1136;2001
3215;2001;2347;2001
9857;2001;9654;2001
6558;2001;2526;2001
0407;2001;833;2001
5310;2001;844;2001
4909;2001;1447;2001
4849;2001;807;2001
7918;2001;261;2001
6412;2001;8761;2001
4854;2001;399;2001
8335;2001;1288;2001
3260;2001;1219;2001
6389;2001;6676;2001
1618;2001;415;2001
4493;2001;941;2001
1035;2001;1429;2001
5068;2001;2257;2001
0977;2001;1236;2001
2522;2001;2475;2001
2146;2001;2116;2001
1703;2001;2550;2001
3693;2001;13475;2001
0493;2001;960;2001
7543;2001;1667;2001
2884;2001;3147;2001
6442;2001;3709;2001
5820;2001;5974;2001
5183;2001;1226;2001
3337;2001;4706;2001
3718;2001;3720;2001
2834;2001;585;2001
5804;2001;2412;2001
6586;2001;1664;2001
8541;2001;265;2001
7880;2001;1414;2001
8639;2001;1083;2001
5349;2001;2318;2001
7187;2001;958;2001
5207;2001;955;2001
5906;2001;2731;2001
2649;2001;1565;2001
3421;2001;715;2001
0495;2001;100810;2001
7944;2001;12177;2001
9352;2001;1728;2001
6500;2001;1118;2001
2270;2001;1583;2001
1013;2001;1146;2001
0716;2001;1303;2001
7661;2001;774;2001
8653;2001;1481;2001
2965;2001;1809;2001
1260;2001;1940;2001
8527;2001;901;2001
9764;2001;4198;2001
6909;2001;4221;2001
5426;2001;3074;2001
4511;2001;740;2001
8991;2001;1735;2001
5352;2001;560;2001
7543;2001;1455;2001
3719;2001;726;2001
9139;2001;856;2001
3271;2001;2822;2001
4631;2001;468;2001
2378;2001;871;2001
2233;2001;16890;2001
0122;2001;942;2001
5929;2001;4403;2001
8716;2001;1572;2001
7788;2001;2076;2001
2939;2001;842;2001
4632;2001;600;2001
5276;2001;195;2001
9173;2001;261;2001
5853;2001;29886;2001
5900;2001;251;2001
4546;2001;105;2001
2591;2001;100;2001
9174;2001;165;2001
9488;2001;1024;2001
2505;2001;5409;2001
3257;2001;1081;2001
7637;2001;642;2001
9924;2001;7234;2001
6892;2001;682;2001
0005;2001;619;2001
1195;2001;266;2001
6865;2001;2721;2001
0700;2001;179;2001
0030;2001;381;2001
0657;2001;3298;2001
4389;2001;445;2001
1118;2001;79;2001
7956;2001;3009;2001
2409;2001;117;2001
4778;2001;367;2001
3397;2001;11244;2001
5405;2001;204;2001
5452;2001;693;2001
9483;2001;9209;2001
5298;2001;27968;2001
2376;2001;293;2001
1797;2001;63;2001
1240;2001;348;2001
0639;2001;1132;2001
8440;2001;9495;2001
6378;2001;720;2001
6114;2001;237;2001
8656;2001;5195;2001
4476;2001;93;2001
5010;2001;132;2001
7246;2001;6209;2001
3287;2001;2665;2001
3048;2001;1064;2001
8380;2001;4002;2001
4192;2001;169;2001
8065;2001;1358;2001
1148;2001;1726;2001
9513;2001;225;2001
3404;2001;243;2001
1301;2001;1180;2001
8576;2001;374;2001
8029;2001;861;2001
5178;2001;338;2001
3070;2001;113;2001
2616;2001;116;2001
7202;2001;632;2001
6344;2001;875;2001
5227;2001;523;2001
4377;2001;560;2001
5946;2001;5069;2001
1052;2001;108;2001
4858;2001;6212;2001
0496;2001;2077;2001
1423;2001;466;2001
2414;2001;4207;2001
5961;2001;1882;2001
0745;2001;5719;2001
5350;2001;7215;2001
0188;2001;3689;2001
1219;2001;188;2001
9034;2001;99;2001
1508;2001;865;2001
0879;2001;1895;2001
9874;2001;2534;2001
5398;2001;1063;2001
3423;2001;3123;2001
1183;2001;403;2001
0529;2001;204;2001
6702;2001;52309;2001
3063;2001;2039;2001
5432;2001;2968;2001
6134;2001;4552;2001
9575;2001;7011;2001
2196;2001;109;2001
7313;2001;838;2001
9303;2001;1893;2001
5111;2001;1749;2001
0300;2001;402;2001
6666;2001;385;2001
2368;2001;23884;2001
1437;2001;864;2001
6433;2001;1399;2001
0106;2001;321;2001
9691;2001;475;2001
7411;2001;348;2001
2877;2001;3486;2001
7225;2001;2322;2001
9699;2001;392;2001
6768;2001;185;2001
9107;2001;1918;2001
8082;2001;1822;2001
4459;2001;3019;2001
4042;2001;79;2001
0629;2001;108;2001
7124;2001;1286;2001
1690;2001;2608;2001
8291;2001;523;2001
2005;2001;682;2001
2538;2001;839;2001
7390;2001;269;2001
8104;2001;1541;2001
2287;2001;243;2001
6562;2001;66;2001
5000;2001;1659;2001
2204;2001;2105;2001
0310;2001;1348;2001
7344;2001;3354;2001
9869;2001;2699;2001
3762;2001;1289;2001
1258;2001;98;2001
0258;2001;314;2001
2806;2001;668;2001
9056;2001;362;2001
0682;2001;290;2001
5111;2001;315;2001
4335;2001;628;2001
4387;2001;1208;2001
6796;2001;125;2001
9114;2001;1179;2001
9903;2001;522;2001
9816;2001;21881;2001
9330;2001;745;2001
2745;2001;1918;2001
8203;2001;4306;2001
5843;2001;594;2001
8403;2001;872;2001
6271;2001;731;2001
4303;2001;456;2001
1041;2001;222;2001
2210;2001;570;2001
6999;2001;1600;2001
9362;2001;307;2001
2358;2001;1932;2001
9935;2001;4110;2001
1920;2001;2002;2001
6758;2001;852;2001
3283;2001;906;2001
1826;2001;3291;2001
3028;2001;2939;2001
9261;2001;422;2001
5183;2001;418;2001
7070;2001;1026;2001
7054;2001;938;2001
8083;2001;473;2001
3592;2001;100;2001
4952;2001;1963;2001
0873;2001;78;2001
2693;2001;3072;2001
6797;2001;556;2001
4039;2001;400;2001
4248;2001;245;2001
8932;2001;329;2001
2140;2001;131;2001
9187;2001;5216;2001
5692;2001;368;2001
3102;2001;1819;2001
6213;2001;2706;2001
1856;2001;114;2001
0347;2001;1033;2001
3043;2001;995;2001
4774;2001;2757;2001
3147;2001;1140;2001
9229;2001;205;2001
2935;2001;320;2001
3851;2001;214;2001
0088;2001;451;2001
0306;2001;1960;2001
3739;2001;807;2001
3615;2001;493;2001
0562;2001;9834;2001
4700;2001;4185;2001
8438;2001;1036;2001
3520;2001;149;2001
8367;2001;163;2001
4212;2001;85;2001
0038;2001;2315;2001
8104;2001;560;2001
2988;2001;1463;2001
0152;2001;155;2001
4025;2001;1609;2001
6108;2001;2008;2001
2407;2001;671;2001
1492;2001;2784;2001
5076;2001;191;2001
3530;2001;1325;2001
5849;2001;360;2001
9004;2001;921;2001
9166;2001;935;2001
5090;2001;309;2001
5051;2001;490;2001
0742;2001;198;2001
3255;2001;1497;2001
6961;2001;693;2001
5903;2001;15641;2001
1394;2001;89;2001
9069;2001;1152;2001
8454;2001;188;2001
2617;2001;476;2001
5041;2001;2509;2001
7087;2001;2612;2001
1069;2001;2068;2001
4544;2001;2091;2001
0758;2001;2520;2001
5721;2001;4041;2001
1142;2001;1242;2001
7876;2001;19876;2001
3878;2001;209;2001
4980;2001;1908;2001
3907;2001;493;2001
8995;2001;352;2001
6012;2001;455;2001
6848;2001;385;2001
4155;2001;5776;2001
0935;2001;2630;2001
0957;2001;103;2001
2014;2001;1947;2001
1829;2001;228;2001
6453;2001;515;2001
3900;2001;665;2001
8226;2001;67;2001
5956;2001;773;2001
5253;2001;356;2001
1439;2001;1982;2001
3127;2001;955;2001
1017;2001;793;2001
9559;2001;161;2001
9200;2001;56;2001
4094;2001;1512;2001
1540;2001;514;2001
0563;2001;1328;2001
1320;2001;6198;2001
0688;2001;2063;2001
7364;2001;3013;2001
9415;2001;2066;2001
7323;2001;2884;2001
3523;2001;5450;2001
7882;2001;775;2001
4959;2001;1389;2001
1690;2001;742;2001
0672;2001;458;2001
0900;2001;569;2001
4484;2001;1689;2001
5399;2001;462;2001
8608;2001;999;2001
4124;2001;606;2001
3734;2001;71306;2001
4341;2001;368;2001
0660;2001;1004;2001
2796;2001;320;2001
3430;2001;398;2001
9008;2001;376;2001
7621;2001;927;2001
1609;2001;1991;2001
7884;2001;1565;2001
2931;2001;1396;2001
7150;2001;1259;2001
8923;2001;495;2001
4326;2001;10219;2001
7214;2001;835;2001
0565;2001;303;2001
6479;2001;685;2001
8391;2001;594;2001
5648;2001;3642;2001
3374;2001;1228;2001
8622;2001;646;2001
0881;2001;2658;2001
2882;2001;291;2001
0662;2001;168;2001
1785;2001;1764;2001
5499;2001;925;2001
2039;2001;777;2001
6068;2001;3027;2001
6273;2001;393;2001
8477;2001;600;2001
5928;2001;460;2001
8121;2001;238;2001
6529;2001;589;2001
7779;2001;447;2001
4170;2001;255;2001
5046;2001;462;2001
7326;2001;1235;2001
0489;2001;295;2001
5226;2001;1535;2001
0824;2001;167;2001
0232;2001;297;2001
4766;2001;283;2001
3333;2001;626;2001
4254;2001;564;2001
3986;2001;477;2001
9433;2001;5888;2001
7086;2001;496;2001
9251;2001;948;2001
9270;2001;1482;2001
1300;2001;537;2001
2168;2001;691;2001
8846;2001;616;2001
4722;2001;637;2001
7037;2001;2048;2001
5027;2001;2033;2001
8218;2001;387;2001
3740;2001;305;2001
9251;2001;359;2001
1551;2001;398;2001
4357;2001;267;2001
3972;2001;1161;2001
2321;2001;2203;2001
1103;2001;886;2001
2057;2001;967;2001
4210;2001;3315;2001
3291;2001;806;2001
8550;2001;976;2001
5373;2001;357;2001
4969;2001;934;2001
6348;2001;691;2001
1408;2001;1382;2001
4192;2001;2081;2001
1185;2001;1214;2001
4053;2001;231;2001
3632;2001;9997;2001
6170;2001;100;2001
0260;2001;450;2001
5630;2001;540;2001
0013;2001;573;2001
0820;2001;229;2001
1951;2001;639;2001
0036;2001;1982;2001
8583;2001;196;2001
0961;2001;1555;2001
7729;2001;868;2001
4172;2001;372;2001
1804;2001;557;2001
5631;2001;933;2001
5057;2001;525;2001
8377;2001;403;2001
9109;2001;1416;2001
8656;2001;7660;2001
1477;2001;134;2001
2094;2001;701;2001
6837;2001;1017;2001
8691;2001;1055;2001
3426;2001;642;2001
3277;2001;160;2001
4471;2001;280;2001
6804;2001;538;2001
2800;2001;139;2001
1173;2001;1605;2001
8030;2001;889;2001
5952;2001;188;2001
7599;2001;301;2001
0383;2001;2122;2001
1656;2001;677;2001
9754;2001;262;2001
7135;2001;998;2001
6530;2001;820;2001
8798;2001;2937;2001
9480;2001;4728;2001
1268;2001;381;2001
2863;2001;694;2001
8624;2001;1731;2001
2968;2001;19173;2001
2297;2001;355;2001
5659;2001;85474;2001
1455;2001;794;2001
2133;2001;778;2001
1381;2001;1020;2001
3280;2001;485;2001
1270;2001;390;2001
9166;2001;5753;2001
2376;2001;285;2001
6197;2001;1442;2001
0526;2001;1895;2001
7128;2001;1716;2001
3258;2001;444;2001
4397;2001;771;2001
8874;2001;133;2001
5936;2001;1752;2001
3976;2001;1960;2001
6034;2001;613;2001
7230;2001;1362;2001
5297;2001;2484;2001
6137;2001;1172;2001
0236;2001;304;2001
5293;2001;498;2001
6327;2001;641;2001
2494;2001;536;2001
4376;2001;737;2001
0620;2001;547;2001
4663;2001;1845;2001
0526;2001;970;2001
7892;2001;311;2001
4832;2001;443;2001
3394;2001;912;2001
2552;2001;118;2001
0153;2001;460;2001
3413;2001;803;2001
1637;2001;1146;2001
0104;2001;374;2001
2102;2001;35280;2001
9850;2001;863;2001
0373;2001;152;2001
8467;2001;1842;2001
0925;2001;3040;2001
7721;2001;868;2001
2089;2001;95;2001
4830;2001;397;2001
1282;2001;4277;2001
6601;2001;151;2001
9771;2001;1883;2001
5844;2001;471;2001
5775;2001;1429;2001
1107;2001;637;2001
4214;2001;5640;2001
4874;2001;394;2001
4465;2001;308;2001
5525;2001;512;2001
4427;2001;426;2001
7470;2001;338;2001
3008;2001;1605;2001
3002;2001;424;2001
6116;2001;999;2001
8996;2001;347;2001
3873;2001;956;2001
2191;2001;364;2001
4621;2001;204;2001
2762;2001;248;2001
8548;2001;827;2001
0138;2001;2388;2001
6148;2001;329;2001
7515;2001;458;2001
2861;2001;419;2001
4310;2001;565;2001
5649;2001;1462;2001
9335;2001;692;2001
0573;2001;1850;2001
5333;2001;1678;2001
7683;2001;1254;2001
1542;2001;780;2001
7165;2001;681;2001
2797;2001;124;2001
2763;2001;4514;2001
4494;2001;693;2001
3864;2001;363;2001
0802;2001;308;2001
9427;2001;534;2001
8021;2001;290;2001
5485;2001;769;2001
5358;2001;803;2001
8760;2001;1220;2001
0350;2001;117;2001
2319;2001;1436;2001
7375;2001;1187;2001
1998;2001;185;2001
2357;2001;1363;2001
5039;2001;2031;2001
7528;2001;736;2001
6940;2001;1093;2001
5408;2001;226;2001
5185;2001;225;2001
0326;2001;204;2001
6175;2001;642;2001
7472;2001;335;2001
3756;2001;315;2001
7240;2001;689;2001
4867;2001;334;2001
5983;2001;581;2001
4513;2001;301;2001
8515;2001;347;2001
7049;2001;1571;2001
9524;2001;458;2001
2196;2001;705;2001
2942;2001;707;2001
3105;2001;1502;2001
1947;2001;27225;2001
4629;2001;1374;2001
4278;2001;527;2001
5708;2001;275;2001
6908;2001;143;2001
0994;2001;418;2001
5434;2001;652;2001
3724;2001;11648;2001
3665;2001;1278;2001
1834;2001;1557;2001
4198;2001;239;2001
7375;2001;683;2001
5366;2001;713;2001
2811;2001;1005;2001
4645;2001;1307;2001
9973;2001;932;2001
6455;2001;725;2001
4426;2001;422;2001
7049;2001;3780;2001
9177;2001;1551;2001
9679;2001;674;2001
6495;2001;396;2001
0280;2001;1196;2001
0840;2001;394;2001
1765;2001;4749;2001
9724;2001;534;2001
0071;2001;2074;2001
1649;2001;1281;2001
7338;2001;1749;2001
5153;2001;690;2001
0517;2001;1429;2001
0734;2001;373;2001
5887;2001;165;2001
4613;2001;1336;2001
1543;2001;217;2001
2799;2001;1653;2001
5754;2001;468;2001
9156;2001;4226;2001
5706;2001;573;2001
1154;2001;1269;2001
6917;2001;4608;2001
8925;2001;543;2001
7066;2001;419;2001
7430;2001;438;2001
8532;2001;1148;2001
8426;2001;613;2001
9488;2001;5807;2001
3194;2001;1286;2001
1680;2001;1823;2001
5538;2001;1688;2001
9533;2001;241;2001
8544;2001;1209;2001
9542;2001;320;2001
9132;2001;2106;2001
2892;2001;1978;2001
2111;2001;1453;2001
0351;2001;605;2001
2664;2001;806;2001
7960;2001;843;2001
0894;2001;1372;2001
8666;2001;25204;2001
6032;2001;280;2001
2192;2001;675;2001
3854;2001;20348;2001
2934;2001;1096;2001
7258;2001;1133;2001
6455;2001;2024;2001
3071;2001;2870;2001
6091;2001;514;2001
4744;2001;917;2001
8689;2001;312;2001
5562;2001;1735;2001
0672;2001;755;2001
5617;2001;1150;2001
4829;2001;1199;2001
2458;2001;158;2001
1827;2001;762;2001
9640;2001;241;2001
8080;2001;582;2001
3923;2001;34018;2001
8405;2001;1267;2001
3596;2001;833;2001
6166;2001;312;2001
4208;2001;1263;2001
2435;2001;1845;2001
0314;2001;139;2001
0905;2001;240;2001
5133;2001;893;2001
2621;2001;882;2001
9864;2001;687;2001
1589;2001;581;2001
5415;2001;943;2001
5283;2001;92;2001
7924;2001;636;2001
4399;2001;417;2001
8619;2001;2264;2001
6811;2001;4689;2001
0448;2001;1462;2001
6059;2001;2784;2001
9801;2001;2632;2001
2542;2001;373;2001
2330;2001;199;2001
5692;2001;435;2001
1159;2001;1609;2001
7129;2001;413;2001
1716;2001;462;2001
9833;2001;1250;2001
3034;2001;2740;2001
5174;2001;292;2001
6500;2001;787;2001
6384;2001;1144;2001
0381;2001;545;2001
3781;2001;402;2001
6103;2001;1346;2001
0121;2001;611;2001
9365;2001;94;2001
9427;2001;1880;2001
6666;2001;718;2001
5491;2001;473;2001
7597;2001;1744;2001
6277;2001;1896;2001
3544;2001;2577;2001
4825;2001;160;2001
5598;2001;217;2001
2673;2001;480;2001
3295;2001;1387;2001
5620;2001;201;2001
7533;2001;714;2001
9214;2001;3825;2001
4018;2001;961;2001
0520;2001;3112;2001
8306;2001;113;2001
3385;2001;196;2001
6410;2001;852;2001
7364;2001;2967;2001
3872;2001;341;2001
3858;2001;1130;2001
4576;2001;310;2001
4207;2001;185;2001
1772;2001;2616;2001
8769;2001;381;2001
5721;2001;4711;2001
2810;2001;4175;2001
4629;2001;493;2001
4757;2001;193;2001
4468;2001;612;2001
2147;2001;178;2001
1501;2001;2190;2001
3547;2001;1256;2001
3607;2001;2623;2001
7980;2001;1076;2001
6268;2001;455;2001
9364;2001;578;2001
0628;2001;209;2001
0922;2001;130;2001
1429;2001;344;2001
1000;2001;1270;2001
3196;2001;277;2001
6456;2001;10282;2001
9399;2001;497;2001
4357;2001;836;2001
9447;2001;5052;2001
4709;2001;305;2001
2910;2001;179;2001
8605;2001;1039;2001
9282;2001;388;2001
7924;2001;1295;2001
5850;2001;1184;2001
8569;2001;237;2001
5068;2001;609;2001
0919;2001;475;2001
3931;2001;1153;2001
8809;2001;532;2001
5548;2001;276;2001
5190;2001;716;2001
3342;2001;596;2001
1136;2001;1896;2001
6729;2001;6163;2001
9117;2001;1014;2001
2846;2001;1905;2001
7953;2001;1193;2001
3823;2001;39371;2001
3465;2001;645;2001
8968;2001;270;2001
6911;2001;243;2001
0473;2001;700;2001
7126;2001;386;2001
0261;2001;141;2001
8375;2001;234;2001
4462;2001;3336;2001
2994;2001;862;2001
2246;2001;568;2001
5047;2001;1330;2001
2304;2001;930;2001
3802;2001;823;2001
3127;2001;1995;2001
2099;2001;642;2001
8026;2001;477;2001
8562;2001;537;2001
3683;2001;388;2001
0712;2001;2743;2001
2848;2001;255;2001
8532;2001;2945;2001
3071;2001;1169;2001
2886;2001;1391;2001
9576;2001;50677;2001
6886;2001;2061;2001
8705;2001;341;2001
4660;2001;832;2001
3583;2001;12863;2001
9254;2001;215;2001
6060;2001;406;2001
8808;2001;1083;2001
6815;2001;7163;2001
1513;2001;439;2001
7256;2001;24658;2001
4645;2001;291;2001
5157;2001;426;2001
2440;2001;10409;2001
5752;2001;22681;2001
2458;2001;5619;2001
6771;2001;10892;2001
2965;2001;2199;2001
7987;2001;6750;2001
0930;2001;561;2001
2733;2001;533;2001
7924;2001;631;2001
6899;2001;1145;2001
3521;2001;2049;2001
3910;2001;5067;2001
7326;2001;2079;2001
4709;2001;451;2001
4026;2001;13377;2001
6034;2001;1461;2001
7455;2001;1574;2001
4005;2001;5654;2001
4707;2001;769;2001
7042;2001;285;2001
1432;2001;193;2001
5606;2001;5295;2001
9617;2001;3785;2001
1527;2001;5283;2001
2726;2001;1568;2001
4065;2001;1029;2001
8151;2001;1943;2001
7277;2001;238;2001
5253;2001;11814;2001
0314;2001;960;2001
2237;2001;892;2001
7021;2001;416;2001
7242;2001;2158;2001
4313;2001;10584;2001
5718;2001;708;2001
7301;2001;1291;2001
8506;2001;130;2001
9575;2001;3251;2001
2980;2001;553;2001
2225;2001;862;2001
1778;2001;220;2001
6683;2001;2930;2001
1897;2001;220;2001
3129;2001;815;2001
4541;2001;1086;2001
1736;2001;466;2001
3321;2001;936;2001
4461;2001;810;2001
8781;2001;8586;2001
6453;2001;556;2001
9456;2001;819;2001
9185;2001;7016;2001
5971;2001;542;2001
7067;2001;704;2001
6561;2001;1769;2001
2710;2001;59931;2001
0198;2001;3800;2001
6807;2001;2945;2001
8062;2001;743;2001
2868;2001;204;2001
9651;2001;2079;2001
4468;2001;2147;2001
1688;2001;857;2001
7846;2001;7988;2001
9616;2001;13452;2001
9151;2001;423;2001
7617;2001;682;2001
8914;2001;1991;2001
8072;2001;293;2001
2972;2001;11394;2001
9322;2001;2142;2001
2765;2001;2596;2001
4242;2001;4577;2001
5133;2001;2018;2001
0618;2001;5974;2001
0652;2001;5512;2001
7401;2001;3160;2001
9059;2001;7508;2001
4580;2001;3258;2001
8222;2001;5912;2001
0656;2001;3064;2001
7499;2001;1486;2001
6952;2001;3742;2001
2310;2001;27467;2001
2838;2001;2483;2001
7229;2001;9083;2001
0821;2001;5284;2001
0024;2001;254;2001
7249;2001;560;2001
5252;2001;1780;2001
2539;2001;122;2001
6165;2001;479;2001
1627;2001;333;2001
9076;2001;610366;2001
8714;2001;145;2001
9694;2001;1484;2001
8762;2001;12917;2001
7100;2001;2216;2001
7183;2001;500;2001
5078;2001;1473;2001
4412;2001;4073;2001
9341;2001;2623;2001
6498;2001;1306;2001
2743;2001;3506;2001
2716;2001;2553;2001
6108;2001;2733;2001
6787;2001;278;2001
7247;2001;1973;2001
5215;2001;2320;2001
2369;2001;935;2001
9884;2001;608;2001
5565;2001;2455;2001
5311;2001;525;2001
9310;2001;155;2001
6136;2001;29121;2001
7715;2001;10168;2001
7189;2001;1242;2001
1129;2001;4473;2001
8079;2001;92;2001
5932;2001;3056;2001
0827;2001;559;2001
5747;2001;2404;2001
0448;2001;10360;2001
9015;2001;5951;2001
7704;2001;1246;2001
7441;2001;3122;2001
2044;2001;7849;2001
6163;2001;19028;2001
0661;2001;4232;2001
5372;2001;613;2001
0146;2001;2203;2001
1384;2001;536;2001
6331;2001;2196;2001
6706;2001;737;2001
4259;2001;490;2001
7940;2001;2409;2001
1733;2001;4517;2001
5378;2001;9903;2001
9450;2001;2228;2001
5662;2001;7383;2001
1896;2001;971;2001
3368;2001;1019;2001
9014;2001;1183;2001
7545;2001;1169;2001
7916;2001;630;2001
8633;2001;554;2001
0171;2001;7910;2001
0856;2001;1458;2001
2703;2001;5581;2001
2599;2001;743;2001
3929;2001;91326;2001
0079;2001;10863;2001
8141;2001;5627;2001
4273;2001;661;2001
9431;2001;1567;2001
8558;2001;8345;2001
7462;2001;649;2001
1382;2001;4084;2001
7633;2001;3369;2001
2663;2001;1804;2001
6636;2001;842;2001
8524;2001;8339;2001
5146;2001;20026;2001
7759;2001;1548;2001
5883;2001;2350;2001
2985;2001;1078;2001
3713;2001;7425;2001
7008;2001;511;2001
7953;2001;372;2001
8821;2001;4902;2001
7261;2001;5495;2001
1519;2001;9315;2001
5059;2001;4517;2001
5062;2001;3808;2001
1722;2001;697;2001
9232;2001;1689;2001
5157;2001;1219;2001
5636;2001;603;2001
4320;2001;2347;2001
4769;2001;4836;2001
0168;2001;8251;2001
5653;2001;3106;2001
0300;2001;3811;2001
0382;2001;2017;2001
8461;2001;3123;2001
2924;2001;713;2001
1820;2001;1658;2001
9547;2001;955;2001
3508;2001;807;2001
1189;2001;1054;2001
6200;2001;952;2001
9058;2001;1080;2001
5128;2001;3161;2001
6598;2001;75910;2001
2718;2001;1780;2001
7280;2001;1577;2001
2635;2001;7304;2001
1414;2001;4249;2001
1269;2001;2603;2001
4234;2001;12075;2001
2131;2001;5653;2001
4002;2001;12083;2001
7494;2001;4594;2001
5879;2001;2421;2001
3228;2001;1224;2001
0381;2001;4015;2001
9092;2001;5067;2001
3442;2001;20706;2001
9547;2001;541;2001
9300;2001;14545;2001
9821;2001;500;2001
7509;2001;1238;2001
7907;2001;1967;2001
9003;2001;7695;2001
7590;2001;4855;2001
3176;2001;4798;2001
0035;2001;782;2001
1336;2001;8692;2001
1074;2001;3717;2001
9838;2001;1958;2001
8440;2001;4584;2001
6874;2001;954;2001
5554;2001;2349;2001
5510;2001;777;2001
4407;2001;574;2001
1837;2001;3088;2001
5438;2001;2798;2001
0591;2001;2559;2001
8543;2001;197;2001
5272;2001;3014;2001
9590;2001;1513;2001
0684;2001;2625;2001
3985;2001;1319;2001
4905;2001;147;2001
6809;2001;10410;2001
6579;2001;6355;2001
5265;2001;560;2001
9787;2001;46595;2001
2312;2001;837;2001
9434;2001;9391;2001
8643;2001;4517;2001
6747;2001;2555;2001
7868;2001;9021;2001
6600;2001;3596;2001
4363;2001;2486;2001
1580;2001;4829;2001
4806;2001;7459;2001
6957;2001;1900;2001
0456;2001;1177;2001
4338;2001;803;2001
3478;2001;9776;2001
9097;2001;4684;2001
8742;2001;4692;2001
4421;2001;5248;2001
5306;2001;8723;2001
1698;2001;2888;2001
8367;2001;4071;2001
2406;2001;11510;2001
7041;2001;943;2001
0057;2001;14235;2001
0683;2001;1398;2001
2782;2001;1999;2001
7726;2001;1112;2001
0115;2001;15169;2001
4904;2001;3150;2001
8464;2001;5970;2001
8580;2001;293;2001
8082;2001;272;2001
4816;2001;1683;2001
8831;2001;1232;2001
1012;2001;1190;2001
5105;2001;1704;2001
6025;2001;4174;2001
2356;2001;4164;2001
7451;2001;4264;2001
2065;2001;10811;2001
9147;2001;6376;2001
7246;2001;793;2001
5175;2001;448;2001
4711;2001;246;2001
3373;2001;3070;2001
3750;2001;2384;2001
4481;2001;859;2001
7630;2001;1114;2001
4389;2001;2851;2001
0139;2001;15357;2001
0575;2001;36863;2001
0379;2001;9801;2001
0348;2001;4040;2001
9318;2001;5614;2001
5053;2001;16209;2001
7498;2001;5857;2001
6311;2001;3195;2001
6351;2001;2243;2001
4775;2001;15966;2001
5968;2001;3325;2001
0619;2001;259;2001
7363;2001;9493;2001
4185;2001;1465;2001
3321;2001;2205;2001
8657;2001;80770;2001
0848;2001;6994;2001
2078;2001;348;2001
8789;2001;5760;2001
7338;2001;6742;2001
7832;2001;8412;2001
2627;2001;4971;2001
6058;2001;428;2001
2206;2001;1251;2001
3792;2001;5948;2001
9506;2001;3978;2001
8386;2001;2262;2001
9921;2001;1108;2001
5896;2001;4562;2001
2401;2001;1623;2001
8076;2001;7051;2001
1121;2001;653;2001
6231;2001;4467;2001
5106;2001;3177;2001
7081;2001;511;2001
6808;2001;2932;2001
5853;2001;311;2001
8047;2001;2311;2001
1194;2001;4239;2001
6705;2001;1501;2001
5601;2001;249;2001
4718;2001;1226;2001
1737;2001;5104;2001
8334;2001;1830;2001
9720;2001;419;2001
0252;2001;1726;2001
7734;2001;2985;2001
1784;2001;6771;2001
1931;2001;6627;2001
5169;2001;368;2001
5295;2001;1859;2001
6756;2001;2257;2001
2534;2001;35168;2001
1053;2001;4909;2001
7176;2001;4835;2001
9442;2001;1202;2001
9237;2001;2577;2001
1719;2001;3791;2001
7329;2001;2694;2001
1514;2001;5341;2001
9963;2001;386;2001
8897;2001;1716;2001
2221;2001;4385;2001
5073;2001;2383;2001
9722;2001;1254;2001
6220;2001;768;2001
4466;2001;757;2001
6881;2001;2728;2001
9748;2001;311;2001
5479;2001;502;2001
1831;2001;8603;2001
2813;2001;6684;2001
6263;2001;1906;2001
3781;2001;664;2001
9034;2001;529;2001
6171;2001;557;2001
1169;2001;78559;2001
5288;2001;1157;2001
1917;2001;730;2001
1382;2001;765;2001
9305;2001;3199;2001
6466;2001;258;2001
6082;2001;506;2001
2764;2001;1436;2001
0436;2001;3467;2001
4878;2001;311;2001
9512;2001;997;2001
8016;2001;16462;2001
9372;2001;2520;2001
5230;2001;1166;2001
1414;2001;3439;2001
3604;2001;2562;2001
9561;2001;4639;2001
2395;2001;8256;2001
7547;2001;1027;2001
1256;2001;876;2001
4830;2001;252;2001
4163;2001;2050;2001
8251;2001;2905;2001
8991;2001;1264;2001
8402;2001;2634;2001
5458;2001;685;2001
9052;2001;5049;2001
9873;2001;7815;2001
1961;2001;890;2001
6825;2001;468;2001
8360;2001;2188;2001
0408;2001;1300;2001
5331;2001;401;2001
9352;2001;1788;2001
7039;2001;2074;2001
5636;2001;2268;2001
2977;2001;5528;2001
1337;2001;206;2001
0364;2001;3961;2001
4770;2001;7948;2001
6045;2001;1456;2001
1613;2001;2378;2001
6988;2001;4777;2001
8854;2001;1967;2001
9254;2001;9703;2001
0815;2001;461;2001
8027;2001;20274;2001
2885;2001;3479;2001
7701;2001;3117;2001
2814;2001;3610;2001
3255;2001;948;2001
8974;2001;1771;2001
7270;2001;1932;2001
2230;2001;4294;2001
0152;2001;288;2001
5169;2001;2483;2001
6815;2001;6930;2001
7055;2001;1065;2001
0301;2001;1298;2001
9209;2001;2893;2001
9644;2001;10373;2001
6880;2001;2099;2001
4607;2001;2344;2001
3421;2001;932;2001
2138;2001;1532;2001
5747;2001;198;2001
9934;2001;871;2001
7955;2001;1021;2001
5334;2001;299;2001
9040;2001;802;2001
0749;2001;897;2001
8112;2001;262;2001
3802;2001;4068;2001
6400;2001;4143;2001
2991;2001;916;2001
2026;2001;1171;2001
9165;2001;398;2001
0752;2001;274;2001
5208;2001;1069;2001
0864;2001;1493;2001
5679;2001;6328;2001
5315;2001;5519;2001
7342;2001;605;2001
5077;2001;1124;2001
2137;2001;1477;2001
0917;2001;4184;2001
9930;2001;417;2001
0667;2001;763;2001
7199;2001;1095;2001
1171;2001;926;2001
7868;2001;2784;2001
0937;2001;2246;2001
2331;2001;1203;2001
7425;2001;646;2001
2943;2001;673;2001
9054;2001;5371;2001
5288;2001;1215;2001
8069;2001;1313;2001
9091;2001;202;2001
2824;2001;7849;2001
7844;2001;3853;2001
6474;2001;2449;2001
1320;2001;2570;2001
6115;2001;213;2001
7405;2001;1715;2001
8606;2001;295;2001
1517;2001;2331;2001
0078;2001;730;2001
7469;2001;3853;2001
8680;2001;6486;2001
5952;2001;194;2001
3743;2001;405;2001
3462;2001;3083;2001
7750;2001;548;2001
3652;2001;1581;2001
1442;2001;3125;2001
2215;2001;145;2001
5948;2001;4164;2001
1065;2001;1220;2001
4214;2001;4087;2001
7070;2001;2041;2001
9723;2001;954;2001
4884;2001;1085;2001
3122;2001;1576;2001
0700;2001;694;2001
0329;2001;1544;2001
4204;2001;485;2001
6854;2001;687;2001
7709;2001;7227;2001
5976;2001;2752;2001
7567;2001;2494;2001
0707;2001;334;2001
1361;2001;1024;2001
8352;2001;1455;2001
9901;2001;5124;2001
7335;2001;352;2001
5560;2001;3000;2001
4967;2001;3161;2001
7991;2001;535;2001
8976;2001;878;2001
5951;2001;655;2001
4263;2001;244;2001
4132;2001;1756;2001
9158;2001;4815;2001
1233;2001;1692;2001
6544;2001;590;2001
1650;2001;1438;2001
2928;2001;5065;2001
4605;2001;637;2001
7844;2001;687;2001
3244;2001;1041;2001
4294;2001;978;2001
4612;2001;42;2001
1455;2001;1621;2001
9738;2001;2893;2001
4021;2001;11074;2001
7437;2001;1648;2001
2997;2001;33;2001
6866;2001;1191;2001
7998;2001;2308;2001
2534;2001;1908;2001
8988;2001;1814;2001
7265;2001;2244;2001
5844;2001;607;2001
7578;2001;2727;2001
0003;2001;302;2001
8248;2001;504;2001
8974;2001;2831;2001
8501;2001;466;2001
5235;2001;451;2001
4525;2001;4499;2001
8748;2001;21587;2001
6849;2001;116;2001
0512;2001;4501;2001
2737;2001;260;2001
3175;2001;4790;2001
3744;2001;9050;2001
2368;2001;887;2001
1463;2001;573;2001
3756;2001;2179;2001
0134;2001;1943;2001
7227;2001;3910;2001
5706;2001;3222;2001
0277;2001;2739;2001
7085;2001;961;2001
3774;2001;1121;2001
4054;2001;239;2001
5223;2001;1114;2001
7393;2001;2958;2001
7776;2001;27792;2001
2278;2001;12709;2001
4676;2001;1971;2001
9817;2001;4155;2001
8631;2001;5219;2001
4210;2001;5441;2001
2455;2001;16697;2001
5633;2001;18792;2001
3528;2001;9816;2001
0520;2001;7471;2001
3841;2001;15758;2001
7559;2001;5938;2001
5856;2001;2880;2001
4922;2001;8359;2001
5903;2001;3525;2001
5372;2001;6174;2001
9338;2001;8322;2001
1613;2001;2946;2001
7027;2001;14213;2001
7426;2001;1714;2001
8948;2001;11098;2001
8714;2001;6931;2001
6528;2001;4294;2001
1393;2001;36579;2001
9334;2001;13387;2001
3825;2001;27151;2001
6082;2001;5616;2001
4122;2001;31484;2001
9488;2001;1413;2001
0036;2001;24905;2001
4331;2001;4166;2001
8322;2001;4230;2001
7763;2001;4582;2001
5863;2001;8513;2001
9835;2001;12509;2001
7272;2001;1023;2001
1802;2001;4864;2001
5652;2001;1711;2001
2532;2001;11800;2001
0388;2001;4529;2001
8894;2001;16117;2001
4702;2001;7323;2001
2564;2001;2414;2001
3859;2001;12691;2001
2971;2001;3592;2001
5951;2001;4631;2001
6010;2001;16647;2001
2097;2001;12361;2001
3175;2001;1572;2001
1724;2001;9996;2001
3932;2001;6109;2001
0781;2001;5432;2001
2208;2001;26962;2001
0225;2001;4341;2001
1073;2001;13913;2001
9388;2001;23563;2001
5134;2001;33114;2001
7681;2001;12346;2001
7241;2001;71954;2001
6764;2001;3292;2001
9549;2001;7645;2001
3960;2001;48238;2001
1644;2001;1937;2001
4875;2001;14214;2001
6869;2001;13751;2001
4735;2001;18074;2001
0677;2001;20006;2001
8154;2001;9234;2001
4859;2001;1841;2001
3573;2001;33344;2001
9242;2001;7507;2001
4585;2001;3073;2001
0817;2001;19862;2001
6354;2001;4593;2001
7563;2001;35140;2001
4789;2001;2340;2001
2559;2001;8108;2001
9951;2001;27301;2001
7593;2001;5527;2001
2803;2001;21855;2001
5801;2001;17726;2001
4596;2001;2100;2001
1012;2001;1312;2001
1348;2001;8255;2001
2054;2001;8926;2001
0401;2001;7258;2001
9333;2001;23692;2001
3149;2001;6424;2001
6502;2001;53721;2001
9772;2001;14362;2001
1856;2001;6480;2001
2850;2001;31573;2001
4067;2001;3405;2001
2957;2001;34473;2001
4645;2001;8245;2001
1826;2001;6460;2001
9910;2001;22884;2001
2300;2001;7798;2001
2061;2001;5180;2001
3852;2001;2464;2001
3083;2001;21258;2001
0824;2001;10273;2001
9986;2001;15729;2001
8206;2001;18520;2001
6397;2001;3473;2001
3185;2001;3517;2001
6705;2001;1252862;2001
1093;2001;4139;2001
0966;2001;120129;2001
0014;2001;1145;2001
5130;2001;6240;2001
4765;2001;21243;2001
2583;2001;16780;2001
8760;2001;637;2001
8580;2001;22014;2001
4621;2001;19885;2001
8582;2001;3035;2001
6385;2001;13342;2001
8844;2001;3449;2001
9857;2001;3761;2001
9731;2001;1347;2001
1048;2001;45389;2001
6200;2001;5183;2001
2925;2001;23992;2001
8210;2001;10118;2001
9782;2001;10417;2001
2212;2001;20313;2001
6624;2001;8310;2001
9138;2001;15826;2001
0936;2001;32100;2001
7848;2001;7847;2001
1648;2001;3531;2001
1394;2001;7236;2001
0744;2001;5985;2001
9065;2001;3732;2001
0298;2001;13016;2001
2430;2001;50366;2001
9267;2001;4305;2001
7841;2001;6181;2001
0738;2001;4314;2001
1611;2001;2352;2001
9685;2001;3080;2001
6816;2001;4752;2001
2429;2001;37222;2001
5049;2001;7249;2001
8761;2001;32392;2001
2001;2001;6165;2001
8285;2001;31337;2001
9662;2001;3868;2001
5010;2001;7465;2001
2356;2001;3440;2001
7620;2001;10200;2001
4880;2001;33209;2001
5956;2001;18958;2001
0449;2001;39225;2001
6996;2001;78768;2001
4263;2001;5787;2001
7187;2001;17145;2001
4024;2001;18683;2001
6759;2001;12084;2001
2630;2001;7039;2001
2018;2001;3293;2001
4356;2001;3770;2001
7662;2001;18165;2001
0534;2001;11595;2001
9374;2001;2236;2001
3930;2001;7700;2001
9838;2001;4344;2001
5188;2001;7191;2001
7508;2001;8666;2001
0499;2001;6837;2001
1545;2001;6630;2001
8480;2001;12650;2001
9793;2001;7643;2001
5554;2001;4249;2001
5335;2001;8857;2001
3090;2001;3096;2001
6540;2001;2350;2001
5515;2001;7864;2001
8647;2001;12978;2001
7167;2001;25521;2001
7482;2001;13860;2001
1334;2001;7531;2001
6506;2001;4016;2001
4278;2001;1109;2001
5779;2001;5413;2001
5513;2001;6111;2001
5630;2001;4896;2001
7607;2001;10351;2001
6055;2001;1888;2001
2249;2001;806;2001
3527;2001;6750;2001
8094;2001;16446;2001
0154;2001;5724;2001
6065;2001;4947;2001
7305;2001;5781;2001
6709;2001;12058;2001
2949;2001;2243;2001
7270;2001;2371;2001
3472;2001;4347;2001
4369;2001;3700;2001
3077;2001;2292;2001
6932;2001;200;2001
4898;2001;482;2001
3078;2001;6784;2001
2892;2001;483;2001
5491;2001;3629;2001
9806;2001;607;2001
0745;2001;3988;2001
0807;2001;1555;2001
2680;2001;713;2001
1447;2001;2365;2001
1066;2001;112895;2001
8641;2001;1147;2001
6704;2001;522;2001
2008;2001;93;2001
5912;2001;4227;2001
2082;2001;4166;2001
1511;2001;6264;2001
4678;2001;5446;2001
8306;2001;936;2001
0906;2001;994;2001
7727;2001;4561;2001
4653;2001;753;2001
1864;2001;765;2001
5358;2001;7163;2001
1319;2001;6734;2001
2841;2001;4269;2001
1106;2001;4761;2001
1425;2001;87;2001
9947;2001;4182;2001
0832;2001;4679;2001
6677;2001;4794;2001
3336;2001;8056;2001
7239;2001;3437;2001
9440;2001;595;2001
2162;2001;3686;2001
6789;2001;1196;2001
7811;2001;7239;2001
7838;2001;2824;2001
3883;2001;14109;2001
8209;2001;3322;2001
1535;2001;381;2001
5891;2001;4149;2001
1132;2001;3489;2001
1746;2001;3359;2001
6219;2001;3442;2001
6773;2001;107;2001
1527;2001;9000;2001
7066;2001;2555;2001
5001;2001;3286;2001
5891;2001;1415;2001
6516;2001;1686;2001
0244;2001;1402;2001
9724;2001;2082;2001
6167;2001;2664;2001
5992;2001;3916;2001
0705;2001;1376;2001
5456;2001;2700;2001
8847;2001;5057;2001
8160;2001;5605;2001
3074;2001;4930;2001
7280;2001;4868;2001
1900;2001;8254;2001
6268;2001;1143;2001
5187;2001;9466;2001
7485;2001;1652;2001
4452;2001;2921;2001
5017;2001;931;2001
3490;2001;1659;2001
2228;2001;2744;2001
2120;2001;623;2001
6740;2001;8451;2001
9435;2001;3169;2001
4135;2001;2295;2001
7049;2001;7225;2001
4071;2001;312;2001
8075;2001;21520;2001
5582;2001;1011;2001
0715;2001;3101;2001
1452;2001;1480;2001
7815;2001;6823;2001
0407;2001;1174;2001
4233;2001;2651;2001
2877;2001;1123;2001
0600;2001;2909;2001
7970;2001;3636;2001
9290;2001;691;2001
1428;2001;213;2001
8683;2001;2847;2001
0447;2001;2715;2001
2797;2001;229;2001
1342;2001;1097;2001
0318;2001;5640;2001
1267;2001;1320;2001
1962;2001;900;2001
4134;2001;4967;2001
1680;2001;379;2001
5881;2001;4642;2001
6976;2001;4625;2001
5202;2001;5057;2001
0001;2001;1769;2001
7413;2001;5383;2001
0692;2001;1227;2001
7773;2001;725;2001
9408;2001;6347;2001
8327;2001;187;2001
0586;2001;629;2001
1559;2001;3842;2001
6909;2001;4940;2001
7383;2001;706;2001
5315;2001;3271;2001
7896;2001;744;2001
9170;2001;5446;2001
0469;2001;2097;2001
4846;2001;726;2001
0689;2001;3182;2001
6702;2001;5607;2001
0512;2001;8575;2001
8383;2001;223;2001
1053;2001;2593;2001
3564;2001;194;2001
7535;2001;935;2001
8156;2001;2384;2001
5627;2001;2262;2001
9227;2001;2586;2001
4646;2001;3926;2001
6417;2001;6905;2001
2348;2001;11103;2001
6274;2001;534;2001
8919;2001;1142;2001
3262;2001;192;2001
6636;2001;710;2001
7820;2001;710;2001
0767;2001;1507;2001
0963;2001;211;2001
1822;2001;4063;2001
5856;2001;10621;2001
2349;2001;1879;2001
0901;2001;3333;2001
9624;2001;3611;2001
7936;2001;5001;2001
2793;2001;2702;2001
8187;2001;379;2001
5999;2001;5177;2001
4799;2001;1746;2001
7021;2001;1385;2001
5451;2001;929;2001
7653;2001;1184;2001
2378;2001;473;2001
4280;2001;98;2001
2860;2001;1244;2001
5898;2001;2037;2001
4816;2001;6887;2001
5512;2001;9614;2001
3776;2001;2931;2001
0976;2001;4247;2001
1983;2001;4181;2001
9556;2001;1776;2001
6248;2001;1024;2001
2817;2001;4526;2001
1151;2001;1489;2001
0748;2001;5813;2001
2202;2001;1087;2001
5213;2001;835;2001
8105;2001;3295;2001
3831;2001;15624;2001
3866;2001;496;2001
0675;2001;630;2001
0302;2001;846;2001
5339;2001;3387;2001
0260;2001;4994;2001
2465;2001;4509;2001
9533;2001;4974;2001
8036;2001;638;2001
0515;2001;3190;2001
6622;2001;5727;2001
6891;2001;8715;2001
9692;2001;1300;2001
8400;2001;2380;2001
5279;2001;2007;2001
5290;2001;20306;2001
3384;2001;2191;2001
7570;2001;1515;2001
9447;2001;616;2001
2123;2001;8323;2001
0350;2001;3341;2001
0218;2001;4924;2001
9670;2001;828;2001
6107;2001;4436;2001
3738;2001;10340;2001
8250;2001;934;2001
5411;2001;3319;2001
1257;2001;580;2001
1707;2001;2263;2001
3025;2001;4201;2001
1224;2001;5041;2001
4838;2001;7790;2001
6904;2001;2037;2001
6241;2001;1062;2001
5138;2001;8289;2001
2198;2001;25753;2001
4873;2001;8635;2001
3451;2001;1272;2001
7782;2001;8448;2001
8899;2001;1167;2001
8028;2001;3593;2001
8905;2001;619;2001
7640;2001;158;2001
2302;2001;233;2001
3797;2001;415;2001
8975;2001;334;2001
2916;2001;264;2001
8218;2001;6695;2001
3440;2001;6505;2001
6945;2001;4692;2001
4483;2001;1022;2001
7561;2001;984;2001
3097;2001;652;2001
9822;2001;4178;2001
4954;2001;6621;2001
6029;2001;5830;2001
1595;2001;1750;2001
0419;2001;6416;2001
0010;2001;1551;2001
4317;2001;2287;2001
9523;2001;7082;2001
2040;2001;9013;2001
2970;2001;917;2001
3232;2001;694;2001
2506;2001;277;2001
8484;2001;2054;2001
1788;2001;1420;2001
3163;2001;1420;2001
2895;2001;6425;2001
5546;2001;1874;2001
7524;2001;2340;2001
8313;2001;440;2001
5601;2001;2505;2001
0191;2001;3124;2001
5695;2001;1888;2001
3457;2001;11373;2001
2123;2001;3916;2001
3363;2001;2190;2001
4918;2001;1125;2001
4204;2001;1811;2001
4434;2001;9320;2001
5925;2001;1864;2001
4633;2001;1843;2001
9148;2001;2202;2001
5442;2001;3504;2001
2870;2001;1383;2001
5299;2001;4621;2001
4199;2001;7985;2001
4957;2001;2710;2001
4824;2001;9725;2001
9887;2001;2317;2001
4114;2001;7419;2001
3801;2001;1050;2001
3567;2001;614;2001
9301;2001;4945;2001
3338;2001;187856;2001
8968;2001;544;2001
3082;2001;1615;2001
2959;2001;10686;2001
7369;2001;2560;2001
8272;2001;7451;2001
1074;2001;2428;2001
9465;2001;445;2001
9676;2001;3851;2001
6010;2001;8359;2001
8417;2001;10415;2001
1737;2001;6682;2001
1396;2001;5383;2001
4999;2001;8164;2001
2325;2001;9248;2001
3362;2001;1912;2001
6321;2001;5784;2001
3414;2001;9819;2001
0830;2001;1261;2001
5461;2001;4747;2001
5524;2001;662;2001
2989;2001;1852;2001
4642;2001;1023;2001
9592;2001;17398;2001
9310;2001;1515;2001
7130;2001;574;2001
3068;2001;2634;2001
0465;2001;7081;2001
2698;2001;4372;2001
4749;2001;2341;2001
7875;2001;6502;2001
4370;2001;2710;2001
0748;2001;12820;2001
9733;2001;6283;2001
6046;2001;1992;2001
2960;2001;978;2001
0712;2001;13600;2001
3209;2001;4249;2001
2625;2001;23716;2001
9031;2001;4304;2001
2398;2001;6868;2001
3061;2001;4692;2001
0158;2001;1931;2001
8367;2001;7477;2001
5862;2001;4538;2001
3928;2001;2526;2001
6562;2001;10941;2001
7532;2001;3015;2001
7959;2001;10077;2001
8026;2001;15640;2001
3811;2001;1917;2001
2837;2001;4780;2001
0891;2001;14513;2001
8934;2001;1695;2001
6657;2001;447;2001
9347;2001;138;2001
4194;2001;8420;2001
3283;2001;3540;2001
8235;2001;651;2001
4516;2001;12585;2001
0237;2001;1022;2001
4987;2001;1718;2001
4335;2001;2915;2001
1954;2001;12246;2001
4707;2001;578;2001
2553;2001;511;2001
7425;2001;402;2001
7179;2001;23768;2001
0957;2001;1234;2001
1126;2001;184;2001
5281;2001;2421;2001
8941;2001;2108;2001
4567;2001;3321;2001
6275;2001;3776;2001
8838;2001;12628;2001
7392;2001;4134;2001
0348;2001;720;2001
9305;2001;3054;2001
7265;2001;9400;2001
4888;2001;1485;2001
6521;2001;1697;2001
0259;2001;581;2001
6051;2001;1771;2001
8908;2001;3620;2001
6612;2001;19213;2001
5181;2001;4018;2001
5067;2001;771;2001
0780;2001;2033;2001
2115;2001;10459;2001
1574;2001;1831;2001
4579;2001;3528;2001
3116;2001;3687;2001
5439;2001;1897;2001
0333;2001;3369;2001
8481;2001;2919;2001
7797;2001;930;2001
8682;2001;11174;2001
9376;2001;2289;2001
2902;2001;11187;2001
8581;2001;1436;2001
8085;2001;3498;2001
6080;2001;3376;2001
8656;2001;249;2001
0034;2001;1669;2001
0393;2001;17332;2001
1814;2001;3463;2001
1537;2001;672;2001
3907;2001;5921;2001
6134;2001;2588;2001
8177;2001;3892;2001
9152;2001;604;2001
1258;2001;699;2001
4894;2001;1606;2001
9449;2001;3778;2001
2277;2001;7717;2001
2011;2001;2492;2001
1195;2001;2040;2001
2734;2001;3407;2001
6432;2001;4140;2001
4048;2001;1867;2001
2069;2001;6473;2001
0859;2001;6342;2001
3278;2001;2892;2001
1622;2001;2638;2001
4524;2001;1489;2001
2623;2001;389;2001
9888;2001;5106;2001
1597;2001;5887;2001
8506;2001;917;2001
9716;2001;2784;2001
4527;2001;5845;2001
6923;2001;3013;2001
2064;2001;12364;2001
1324;2001;3752;2001
8906;2001;7544;2001
8207;2001;4171;2001
4184;2001;7642;2001
0941;2001;14429;2001
8454;2001;4608;2001
4472;2001;3205;2001
5869;2001;3178;2001
3045;2001;10032;2001
2158;2001;2964;2001
5028;2001;1473;2001
2531;2001;3456;2001
6790;2001;11675;2001
2668;2001;1155;2001
4711;2001;1475;2001
5718;2001;1568;2001
4273;2001;2851;2001
2462;2001;6501;2001
7734;2001;1520;2001
8920;2001;1206;2001
4396;2001;1468;2001
8075;2001;1348;2001
2585;2001;1012;2001
8545;2001;1273;2001
4393;2001;5130;2001
1714;2001;7019;2001
7358;2001;11022;2001
6941;2001;1921;2001
1019;2001;4837;2001
7332;2001;583;2001
6802;2001;3211;2001
8574;2001;1140;2001
1238;2001;290;2001
7595;2001;7541;2001
0635;2001;3814;2001
9639;2001;4226;2001
1472;2001;1422;2001
2195;2001;10058;2001
8650;2001;1234;2001
1011;2001;4760;2001
2649;2001;754;2001
2237;2001;1706;2001
2213;2001;7494;2001
6815;2001;1143;2001
3021;2001;4134;2001
3442;2001;765;2001
7558;2001;204;2001
3279;2001;503;2001
4487;2001;2266;2001
4849;2001;1565;2001
0572;2001;395;2001
6624;2001;636;2001
7453;2001;816;2001
3382;2001;1499;2001
7079;2001;198;2001
4914;2001;894;2001
1426;2001;353;2001
6977;2001;5357;2001
8637;2001;2397;2001
8364;2001;1603;2001
8094;2001;1407;2001
1043;2001;432;2001
6391;2001;1017;2001
9286;2001;1671;2001
8351;2001;602;2001
1504;2001;921;2001
8102;2001;940;2001
8309;2001;3133;2001
0078;2001;9308;2001
9837;2001;131;2001
4926;2001;761;2001
8967;2001;1627;2001
8097;2001;135;2001
8099;2001;1334;2001
7807;2001;1297;2001
6302;2001;432;2001
4773;2001;858;2001
8049;2001;2533;2001
7358;2001;7029;2001
7339;2001;5833;2001
2679;2001;754;2001
6618;2001;6310;2001
7809;2001;1018;2001
7444;2001;969;2001
2141;2001;640;2001
2591;2001;5328;2001
1232;2001;273;2001
5977;2001;1156;2001
3786;2001;207;2001
5598;2001;760;2001
8579;2001;3315;2001
4109;2001;1203;2001
4120;2001;3234;2001
8349;2001;1364;2001
0512;2001;4970;2001
9552;2001;907;2001
8096;2001;1636;2001
4577;2001;1357;2001
8710;2001;783;2001
1138;2001;729;2001
0907;2001;1895;2001
4394;2001;1088;2001
8242;2001;368;2001
6095;2001;426;2001
0766;2001;2156;2001
5665;2001;4190;2001
1708;2001;1094;2001
2478;2001;843;2001
8364;2001;417;2001
1744;2001;1313;2001
2313;2001;222;2001
7761;2001;277;2001
7030;2001;8334;2001
1760;2001;9215;2001
9957;2001;356;2001
4112;2001;913;2001
7506;2001;3909;2001
6128;2001;2806;2001
4203;2001;230;2001
3452;2001;2219;2001
2159;2001;4116;2001
6414;2001;1075;2001
7000;2001;4202;2001
8212;2001;453;2001
3416;2001;1174;2001
1659;2001;2187;2001
7456;2001;155;2001
3585;2001;2373;2001
8204;2001;2152;2001
2533;2001;1384;2001
1177;2001;1916;2001
2895;2001;1026;2001
8943;2001;6925;2001
1370;2001;486;2001
0203;2001;1162;2001
0508;2001;536;2001
5106;2001;1478;2001
5560;2001;3172;2001
0651;2001;957;2001
7416;2001;1655;2001
4035;2001;549;2001
4139;2001;381;2001
9744;2001;326;2001
1882;2001;671;2001
4933;2001;1673;2001
2990;2001;725;2001
9694;2001;14231;2001
0764;2001;380;2001
3810;2001;776;2001
9101;2001;200;2001
9793;2001;1144;2001
8066;2001;2004;2001
1018;2001;320;2001
3011;2001;1709;2001
2680;2001;71343;2001
2072;2001;870;2001
1530;2001;919;2001
1054;2001;2165;2001
3960;2001;2590;2001
3078;2001;1555;2001
0903;2001;631;2001
9573;2001;855;2001
4798;2001;1343;2001
0134;2001;494;2001
4616;2001;1000;2001
6677;2001;1163;2001
9155;2001;4446;2001
5408;2001;6137;2001
8679;2001;553;2001
4966;2001;101;2001
7641;2001;225;2001
3647;2001;192;2001
7133;2001;898;2001
0510;2001;629;2001
5530;2001;708;2001
4116;2001;933;2001
4420;2001;799;2001
5512;2001;421;2001
4293;2001;743;2001
2547;2001;3399;2001
4521;2001;1211;2001
2907;2001;5060;2001
3323;2001;5820;2001
4207;2001;1856;2001
5912;2001;1613;2001
5572;2001;375;2001
8987;2001;616;2001
4715;2001;2572;2001
4973;2001;826;2001
8928;2001;523;2001
5419;2001;1896;2001
5741;2001;881;2001
7208;2001;252;2001
6711;2001;698;2001
7878;2001;5226;2001
8724;2001;1031;2001
2314;2001;525;2001
7819;2001;10738;2001
8478;2001;697;2001
2280;2001;1538;2001
6600;2001;556;2001
4934;2001;544;2001
9980;2001;362;2001
4385;2001;1892;2001
5020;2001;2536;2001
6271;2001;803;2001
0476;2001;3554;2001
8312;2001;1204;2001
4982;2001;3435;2001
1548;2001;637;2001
6827;2001;682;2001
8538;2001;229;2001
2357;2001;2227;2001
1612;2001;1334;2001
9834;2001;335;2001
6122;2001;3530;2001
1723;2001;103;2001
1961;2001;2253;2001
7086;2001;323;2001
4404;2001;1317;2001
1425;2001;4255;2001
3640;2001;57463;2001
8781;2001;72;2001
6085;2001;687;2001
7786;2001;2666;2001
3720;2001;1129;2001
4422;2001;38132;2001
7722;2001;131;2001
3999;2001;1125;2001
5293;2001;1161;2001
5828;2001;1185;2001
4037;2001;449;2001
3613;2001;467;2001
1915;2001;1203;2001
7500;2001;2940;2001
2161;2001;1221;2001
0775;2001;2993;2001
1983;2001;1902;2001
1210;2001;668;2001
3878;2001;4518;2001
9008;2001;1110;2001
1424;2001;565;2001
1071;2001;533;2001
6997;2001;1251;2001
9506;2001;1224;2001
6407;2001;616;2001
8381;2001;1606;2001
1471;2001;541;2001
1977;2001;433;2001
4543;2001;2094;2001
8751;2001;4086;2001
1935;2001;1558;2001
5180;2001;1094;2001
6570;2001;587;2001
4018;2001;1325;2001
5341;2001;13804;2001
2823;2001;1644;2001
7893;2001;583;2001
7877;2001;392;2001
0774;2001;8910;2001
8999;2001;4919;2001
7571;2001;347;2001
9178;2001;580;2001
1933;2001;1717;2001
9629;2001;859;2001
3600;2001;1276;2001
8526;2001;991;2001
4082;2001;1361;2001
1284;2001;1627;2001
5182;2001;32933;2001
4818;2001;70965;2001
7577;2001;1164;2001
9370;2001;670;2001
7740;2001;399;2001
9906;2001;348;2001
6525;2001;3495;2001
7212;2001;548;2001
1937;2001;858;2001
6431;2001;1150;2001
7072;2001;968;2001
1013;2001;1641;2001
5732;2001;1085;2001
7178;2001;888;2001
2763;2001;611;2001
2582;2001;1298;2001
2894;2001;1905;2001
2234;2001;2798;2001
4655;2001;1230;2001
1916;2001;1682;2001
7616;2001;2887;2001
8225;2001;1143;2001
9196;2001;1250;2001
3428;2001;1926;2001
3944;2001;2212;2001
1532;2001;792;2001
4664;2001;960;2001
5835;2001;5510;2001
1541;2001;929;2001
4890;2001;3016;2001
9619;2001;1514;2001
8208;2001;3588;2001
2953;2001;7811;2001
6082;2001;2648;2001
5434;2001;1485;2001
0166;2001;755;2001
9694;2001;3510;2001
7631;2001;2355;2001
7288;2001;899;2001
4354;2001;1171;2001
8500;2001;1424;2001
0610;2001;6791;2001
4012;2001;1210;2001
8622;2001;700;2001
5383;2001;1235;2001
9563;2001;954;2001
7794;2001;3057;2001
9738;2001;437;2001
3332;2001;1925;2001
4008;2001;6989;2001
9631;2001;2250;2001
0470;2001;2530;2001
3647;2001;930;2001
9264;2001;2050;2001
6829;2001;1475;2001
2144;2001;1540;2001
3799;2001;469;2001
0761;2001;1580;2001
7202;2001;636;2001
3092;2001;3059;2001
4940;2001;2796;2001
4254;2001;985;2001
3200;2001;7301;2001
5681;2001;8627;2001
9595;2001;3241;2001
2090;2001;1536;2001
1073;2001;623;2001
0196;2001;5892;2001
2010;2001;1453;2001
9819;2001;429;2001
7693;2001;293;2001
1654;2001;516;2001
1215;2001;1836;2001
2196;2001;717;2001
9180;2001;2377;2001
0610;2001;1678;2001
1516;2001;3631;2001
6926;2001;3962;2001
4365;2001;3687;2001
1205;2001;617;2001
2425;2001;451;2001
0143;2001;2923;2001
4816;2001;9469;2001
2219;2001;5459;2001
0068;2001;1624;2001
0690;2001;3263;2001
0661;2001;890;2001
8219;2001;4093;2001
8664;2001;4532;2001
4259;2001;1329;2001
6958;2001;2061;2001
8495;2001;2174;2001
0306;2001;1479;2001
3399;2001;2608;2001
5751;2001;4237;2001
4042;2001;9881;2001
3392;2001;4875;2001
0225;2001;18443;2001
9097;2001;3666;2001
3082;2001;2457;2001
6487;2001;1152;2001
1670;2001;12345;2001
5305;2001;3106;2001
7726;2001;1644;2001
0314;2001;2534;2001
4871;2001;2446;2001
2204;2001;9556;2001
9967;2001;8038;2001
3783;2001;5181;2001
2001;2001;1777;2001
8063;2001;47892;2001
7889;2001;6957;2001
9126;2001;594;2001
0156;2001;7225;2001
7286;2001;3344;2001
8333;2001;5668;2001
0160;2001;4532;2001
7898;2001;1969;2001
8339;2001;7193;2001
5686;2001;6633;2001
7324;2001;839;2001
5876;2001;1632;2001
2586;2001;6290;2001
5518;2001;1568;2001
7186;2001;1926;2001
4430;2001;13865;2001
3788;2001;1235;2001
4355;2001;5846;2001
0357;2001;1389;2001
1481;2001;2472;2001
5452;2001;2791;2001
6105;2001;5024;2001
4215;2001;6615;2001
9847;2001;7688;2001
2701;2001;4285;2001
9406;2001;7516;2001
9671;2001;1691;2001
5304;2001;7534;2001
3848;2001;1188;2001
9393;2001;1840;2001
9551;2001;1231;2001
0440;2001;6467;2001
2015;2001;1718;2001
0834;2001;2284;2001
2712;2001;2256;2001
8966;2001;17699;2001
8411;2001;16953;2001
2882;2001;2044;2001
8397;2001;2100;2001
2024;2001;10100;2001
4846;2001;6627;2001
5642;2001;1651;2001
8331;2001;795;2001
0459;2001;387;2001
8938;2001;12676;2001
3240;2001;712;2001
1044;2001;3024;2001
6036;2001;1514;2001
1919;2001;94894;2001
1364;2001;631;2001
1440;2001;2054;2001
5766;2001;18363;2001
4801;2001;2298;2001
0587;2001;13611;2001
6620;2001;318;2001
6217;2001;6842;2001
3939;2001;2460;2001
0239;2001;4861;2001
7990;2001;2333;2001
1405;2001;5994;2001
7048;2001;1223;2001
7319;2001;2647;2001
0177;2001;4629;2001
5323;2001;3109;2001
1620;2001;2082;2001
0147;2001;592;2001
8834;2001;1259;2001
4115;2001;2376;2001
1890;2001;3237;2001
6161;2001;4342;2001
0870;2001;2245;2001
9202;2001;3029;2001
7661;2001;894;2001
2974;2001;2383;2001
5692;2001;2869;2001
9811;2001;1366;2001
2416;2001;876;2001
6231;2001;4869;2001
5936;2001;4156;2001
2737;2001;2267;2001
2115;2001;15084;2001
9142;2001;9761;2001
2586;2001;3700;2001
9038;2001;349;2001
3816;2001;1456;2001
8880;2001;1191;2001
4751;2001;4830;2001
2916;2001;2684;2001
8067;2001;2183;2001
8689;2001;883;2001
1192;2001;1447;2001
4986;2001;33649;2001
5542;2001;2529;2001
5522;2001;1478;2001
3774;2001;2170;2001
1965;2001;1578;2001
2569;2001;5088;2001
2858;2001;2440;2001
9595;2001;1833;2001
6845;2001;3575;2001
8163;2001;3023;2001
1710;2001;4470;2001
4018;2001;3194;2001
3951;2001;1310;2001
8555;2001;552;2001
3031;2001;181;2001
6269;2001;1448;2001
9030;2001;3137;2001
2454;2001;631;2001
3788;2001;286;2001
9478;2001;4013;2001
4705;2001;2707;2001
3640;2001;7000;2001
9928;2001;1196;2001
6500;2001;2629;2001
6357;2001;1149;2001
2044;2001;2944;2001
9557;2001;3099;2001
9165;2001;2706;2001
9627;2001;3421;2001
3362;2001;3437;2001
0272;2001;1686;2001
1274;2001;2842;2001
3091;2001;1599;2001
9080;2001;1727;2001
2587;2001;6617;2001
0263;2001;2688;2001
6841;2001;1453;2001
3162;2001;2523;2001
6073;2001;1392;2001
4030;2001;1902;2001
1451;2001;5724;2001
7006;2001;1850;2001
7111;2001;1312;2001
3421;2001;1576;2001
6350;2001;3604;2001
3836;2001;3200;2001
0589;2001;1813;2001
1711;2001;880;2001
6736;2001;2346;2001
6864;2001;966;2001
2975;2001;943;2001
2137;2001;3002;2001
8331;2001;841;2001
9881;2001;2799;2001
9410;2001;2612;2001
7911;2001;5515;2001
1114;2001;2099;2001
6058;2001;3120;2001
4020;2001;3579;2001
9626;2001;881;2001
2043;2001;1310;2001
0499;2001;1831;2001
1378;2001;5787;2001
8931;2001;2540;2001
9188;2001;1230;2001
7227;2001;786;2001
8566;2001;7361;2001
9642;2001;1440;2001
9704;2001;2833;2001
8495;2001;210;2001
3783;2001;1012;2001
2176;2001;14528;2001
8974;2001;3910;2001
0709;2001;4432;2001
4594;2001;1394;2001
7804;2001;294;2001
9368;2001;1754;2001
7339;2001;571;2001
7110;2001;434;2001
5358;2001;1068;2001
6740;2001;1534;2001
4527;2001;374;2001
3152;2001;325;2001
6493;2001;665;2001
1748;2001;668;2001
3570;2001;6168;2001
7003;2001;697;2001
8896;2001;579;2001
1420;2001;3620;2001
0138;2001;288;2001
1671;2001;738;2001
4579;2001;144;2001
6070;2001;595;2001
4078;2001;359;2001
8753;2001;1230;2001
3945;2001;1133;2001
8086;2001;1031;2001
4132;2001;2779;2001
1988;2001;1104;2001
0234;2001;724;2001
2778;2001;1447;2001
6838;2001;1656;2001
0101;2001;1823;2001
8187;2001;578;2001
5698;2001;944;2001
1224;2001;912;2001
8202;2001;496;2001
1004;2001;237;2001
8717;2001;618;2001
5588;2001;2061;2001
8275;2001;1444;2001
1431;2001;892;2001
3757;2001;3626;2001
4843;2001;929;2001
0281;2001;461;2001
2265;2001;2732;2001
3770;2001;224;2001
9628;2001;1743;2001
2251;2001;566;2001
5139;2001;405;2001
8070;2001;575;2001
2940;2001;401;2001
4975;2001;300;2001
6663;2001;3112;2001
1657;2001;6421;2001
2112;2001;685;2001
0249;2001;898;2001
3468;2001;747;2001
7370;2001;1496;2001
6375;2001;1485;2001
9892;2001;599;2001
6736;2001;547;2001
5107;2001;644;2001
1451;2001;423;2001
4702;2001;587;2001
1571;2001;208;2001
2634;2001;1101;2001
7723;2001;1163;2001
1145;2001;223;2001
5070;2001;432;2001
3367;2001;448;2001
9534;2001;3397;2001
6804;2001;553;2001
1293;2001;898;2001
4267;2001;809;2001
2822;2001;1028;2001
1495;2001;544;2001
9426;2001;436;2001
5765;2001;500;2001
6322;2001;3081;2001
6288;2001;1445;2001
2241;2001;1161;2001
6807;2001;350;2001
1253;2001;382;2001
8130;2001;2391;2001
3867;2001;695;2001
2579;2001;142;2001
3730;2001;2338;2001
7253;2001;470;2001
7271;2001;1138;2001
0919;2001;2463;2001
0786;2001;294;2001
4283;2001;183;2001
0549;2001;1183;2001
3161;2001;1078;2001
1782;2001;7580;2001
8283;2001;6336;2001
1428;2001;463;2001
2178;2001;860;2001
5775;2001;1419;2001
3727;2001;723;2001
1934;2001;295;2001
5277;2001;2142;2001
7283;2001;351;2001
0322;2001;105;2001
6281;2001;439;2001
3498;2001;871;2001
8408;2001;1658;2001
3530;2001;4686;2001
8790;2001;5946;2001
5915;2001;2597;2001
3274;2001;1489;2001
1156;2001;1099;2001
7605;2001;750;2001
2072;2001;300;2001
0838;2001;8488;2001
3821;2001;2292;2001
3042;2001;599;2001
8915;2001;1207;2001
6147;2001;1657;2001
4887;2001;1285;2001
9653;2001;882;2001
7463;2001;826;2001
2485;2001;762;2001
6051;2001;582;2001
6481;2001;191;2001
2113;2001;683;2001
2084;2001;1014;2001
3046;2001;1832;2001
3606;2001;793;2001
9782;2001;350;2001
3283;2001;16888;2001
8290;2001;1389;2001
9573;2001;598;2001
2335;2001;774;2001
3210;2001;3051;2001
2285;2001;2130;2001
9706;2001;1783;2001
8478;2001;370;2001
9647;2001;4306;2001
3732;2001;404;2001
8519;2001;193;2001
7873;2001;1456;2001
9063;2001;769;2001
3578;2001;1204;2001
7212;2001;14781;2001
4449;2001;592;2001
1279;2001;1252;2001
0833;2001;2470;2001
0030;2001;383;2001
7900;2001;1436;2001
2973;2001;353;2001
4144;2001;1465;2001
9842;2001;33442;2001
5800;2001;411;2001
8539;2001;812;2001
0574;2001;204;2001
9020;2001;493;2001
4053;2001;1114;2001
3158;2001;2404;2001
3639;2001;905;2001
8749;2001;907;2001
1898;2001;659;2001
9965;2001;1271;2001
7121;2001;1436;2001
8085;2001;269;2001
9186;2001;1218;2001
2839;2001;440;2001
7417;2001;668;2001
8220;2001;902;2001
2522;2001;533;2001
0588;2001;1120;2001
2000;2001;1177;2001
4709;2001;679;2001
1459;2001;1061;2001
9219;2001;4442;2001
3312;2001;448;2001
1754;2001;1437;2001
3136;2001;2545;2001
5405;2001;1787;2001
7473;2001;1883;2001
7161;2001;617;2001
1148;2001;854;2001
3011;2001;1738;2001
0463;2001;1450;2001
5660;2001;745;2001
3449;2001;318;2001
5887;2001;557;2001
5452;2001;2610;2001
8218;2001;995;2001
1797;2001;670;2001
4464;2001;3435;2001
2845;2001;1195;2001
3884;2001;1412;2001
1927;2001;677;2001
7025;2001;1204;2001
5785;2001;1945;2001
8746;2001;104932;2001
6056;2001;655;2001
2870;2001;2222;2001
1374;2001;216;2001
3284;2001;562;2001
8674;2001;1387;2001
0686;2001;799;2001
2836;2001;1032;2001
6413;2001;1859;2001
2081;2001;675;2001
8034;2001;1970;2001
9514;2001;109;2001
8501;2001;1068;2001
8181;2001;1894;2001
5177;2001;407;2001
3126;2001;806;2001
1287;2001;3131;2001
0385;2001;820;2001
7401;2001;2801;2001
6859;2001;1575;2001
7466;2001;1553;2001
3048;2001;345;2001
8813;2001;1954;2001
2532;2001;5020;2001
4707;2001;1839;2001
7377;2001;5289;2001
9381;2001;2358;2001
3252;2001;6317;2001
4475;2001;2635;2001
2005;2001;1694;2001
9947;2001;1884;2001
9666;2001;1346;2001
7947;2001;3196;2001
2727;2001;13439;2001
9785;2001;1313;2001
5832;2001;2358;2001
2259;2001;17004;2001
2692;2001;5806;2001
3727;2001;5671;2001
3173;2001;7502;2001
6006;2001;5912;2001
9014;2001;4147;2001
7243;2001;10246;2001
4282;2001;8633;2001
9093;2001;4163;2001
2710;2001;1303;2001
2949;2001;15302;2001
0620;2001;2042;2001
8123;2001;7889;2001
8968;2001;6924;2001
9137;2001;1059;2001
7440;2001;2992;2001
9480;2001;2210;2001
1024;2001;1625;2001
9635;2001;782;2001
8896;2001;190;2001
2113;2001;3818;2001
3691;2001;3602;2001
6603;2001;5525;2001
4866;2001;10028;2001
0029;2001;4900;2001
8295;2001;10510;2001
6777;2001;2852;2001
6372;2001;5971;2001
1489;2001;6043;2001
2723;2001;24295;2001
2780;2001;3404;2001
6220;2001;2903;2001
7080;2001;1876;2001
6508;2001;4596;2001
0624;2001;4190;2001
4705;2001;7079;2001
8497;2001;4939;2001
4219;2001;16210;2001
7779;2001;7900;2001
1335;2001;2857;2001
7257;2001;7527;2001
6103;2001;1127;2001
0015;2001;2361;2001
7259;2001;12435;2001
2604;2001;8481;2001
5284;2001;6615;2001
3894;2001;2440;2001
4272;2001;1974;2001
1486;2001;3387;2001
8143;2001;5666;2001
6460;2001;2658;2001
1597;2001;1371;2001
5476;2001;2103;2001
6955;2001;3766;2001
7923;2001;17548;2001
4033;2001;4904;2001
0107;2001;21299;2001
5055;2001;3985;2001
7507;2001;13105;2001
2399;2001;579;2001
1171;2001;2845;2001
2357;2001;12500;2001
4999;2001;9712;2001
4245;2001;2454;2001
2390;2001;1246;2001
3352;2001;1002;2001
7205;2001;6576;2001
8267;2001;13041;2001
1450;2001;14287;2001
5401;2001;2986;2001
5271;2001;2377;2001
2919;2001;2608;2001
3481;2001;4892;2001
9430;2001;2419;2001
9617;2001;10924;2001
9016;2001;794;2001
9127;2001;253059;2001
8803;2001;3710;2001
1820;2001;2617;2001
7626;2001;6813;2001
9889;2001;5357;2001
3411;2001;29376;2001
8686;2001;12083;2001
2272;2001;4339;2001
6952;2001;1254;2001
2102;2001;1997;2001
1451;2001;1258;2001
7234;2001;9565;2001
0823;2001;2277;2001
5682;2001;7039;2001
3953;2001;3354;2001
1801;2001;23131;2001
9487;2001;6513;2001
0656;2001;858;2001
4513;2001;3967;2001
0619;2001;40721;2001
8006;2001;5472;2001
7607;2001;7889;2001
5675;2001;6214;2001
4405;2001;2857;2001
1555;2001;2949;2001
8844;2001;10118;2001
7110;2001;2534;2001
4723;2001;1269;2001
0208;2001;8496;2001
0402;2001;1741;2001
6523;2001;833;2001
7387;2001;3290;2001
3773;2001;3536;2001
7394;2001;12478;2001
6203;2001;2508;2001
4364;2001;5484;2001
6142;2001;12146;2001
7093;2001;2553;2001
7905;2001;1056;2001
2166;2001;3336;2001
8538;2001;2217;2001
5597;2001;10598;2001
1320;2001;5690;2001
5389;2001;10448;2001
2052;2001;1465;2001
0164;2001;13121;2001
6058;2001;2015;2001
1746;2001;3801;2001
2088;2001;730;2001
8665;2001;2331;2001
9963;2001;3181;2001
9503;2001;788;2001
3690;2001;1746;2001
3030;2001;4264;2001
0137;2001;3320;2001
4789;2001;8025;2001
2335;2001;127;2001
7927;2001;244;2001
7740;2001;5329;2001
4420;2001;14012;2001
5639;2001;3721;2001
3375;2001;2913;2001
5230;2001;12322;2001
7100;2001;8874;2001
5288;2001;12838;2001
9572;2001;3136;2001
4433;2001;2430;2001
4752;2001;5771;2001
5400;2001;21098;2001
4203;2001;4623;2001
7485;2001;2755;2001
6435;2001;3093;2001
0597;2001;1735;2001
4385;2001;2033;2001
3147;2001;8762;2001
2945;2001;2849;2001
0343;2001;1662;2001
4309;2001;6668;2001
3509;2001;2317;2001
0933;2001;988;2001
1513;2001;4877;2001
8795;2001;8283;2001
0846;2001;3084;2001
5914;2001;818;2001
0235;2001;1844;2001
9066;2001;7727;2001
6154;2001;4218;2001
6338;2001;725;2001
8407;2001;2846;2001
2548;2001;2597;2001
3968;2001;4647;2001
1490;2001;7259;2001
1258;2001;3766;2001
3490;2001;13927;2001
3153;2001;12535;2001
5969;2001;6582;2001
2499;2001;566;2001
1161;2001;1024;2001
9908;2001;7908;2001
4751;2001;1097;2001
1135;2001;1781;2001
1081;2001;1489;2001
2082;2001;5284;2001
1282;2001;3392;2001
8595;2001;5110;2001
9223;2001;5557;2001
0019;2001;2327;2001
2041;2001;37458;2001
8118;2001;1754;2001
8976;2001;4139;2001
6616;2001;5723;2001
9343;2001;10429;2001
7211;2001;20890;2001
9407;2001;621;2001
7397;2001;5492;2001
6731;2001;11012;2001
9575;2001;7779;2001
2163;2001;27193;2001
9490;2001;1484;2001
3406;2001;3556;2001
8111;2001;1952;2001
9041;2001;2344;2001
5255;2001;107461;2001
2251;2001;1871;2001
7801;2001;5417;2001
6562;2001;6124;2001
9709;2001;1243;2001
0441;2001;867;2001
7230;2001;6165;2001
7411;2001;4280;2001
5210;2001;2787;2001
7145;2001;1406;2001
7630;2001;2789;2001
6482;2001;3627;2001
2211;2001;35045;2001
7551;2001;776;2001
5070;2001;2405;2001
3760;2001;1714;2001
1306;2001;1481;2001
0942;2001;4074;2001
9711;2001;1569;2001
5866;2001;478;2001
3382;2001;407;2001
1527;2001;2446;2001
8105;2001;6070;2001
9544;2001;551;2001
3557;2001;2648;2001
8035;2001;2205;2001
2989;2001;2708;2001
7503;2001;19269;2001
6181;2001;3396;2001
9589;2001;1231;2001
8511;2001;2898;2001
4786;2001;876;2001
3611;2001;3405;2001
6722;2001;1198;2001
4869;2001;2956;2001
1203;2001;4501;2001
0106;2001;1415;2001
9839;2001;4121;2001
3439;2001;567;2001
4044;2001;1614;2001
2411;2001;6228;2001
7803;2001;359;2001
0553;2001;4397;2001
9411;2001;360;2001
0170;2001;2022;2001
1718;2001;3860;2001
1401;2001;7913;2001
0163;2001;2348;2001
2213;2001;2315;2001
3095;2001;679;2001
2931;2001;1444;2001
1176;2001;1594;2001
1594;2001;425;2001
1268;2001;1836;2001
9234;2001;6420;2001
1806;2001;813;2001
6201;2001;2895;2001
6156;2001;1717;2001
0617;2001;1351;2001
2028;2001;8702;2001
3266;2001;556;2001
5689;2001;2592;2001
8581;2001;3184;2001
7910;2001;423;2001
5435;2001;1683;2001
0570;2001;1782;2001
2795;2001;1527;2001
9638;2001;4494;2001
9988;2001;555;2001
6393;2001;2029;2001
6932;2001;860;2001
0657;2001;1650;2001
8767;2001;936;2001
4693;2001;993;2001
8003;2001;1178;2001
3319;2001;298;2001
9468;2001;6119;2001
2724;2001;3443;2001
3666;2001;7655;2001
1390;2001;4916;2001
7607;2001;6357;2001
0885;2001;7023;2001
0860;2001;4406;2001
8826;2001;9812;2001
9182;2001;9530;2001
4259;2001;8945;2001
7916;2001;1867;2001
6091;2001;31511;2001
1317;2001;6346;2001
9730;2001;2689;2001
1773;2001;3156;2001
9234;2001;3121;2001
8955;2001;3332;2001
8120;2001;2563;2001
7508;2001;5074;2001
5797;2001;4577;2001
3830;2001;35147;2001
2401;2001;6387;2001
5336;2001;5743;2001
8100;2001;4309;2001
5682;2001;5705;2001
3399;2001;7872;2001
0814;2001;3644;2001
3531;2001;5479;2001
5968;2001;5476;2001
7312;2001;2921;2001
7793;2001;6153;2001
1875;2001;4325;2001
3420;2001;5956;2001
0876;2001;3979;2001
4725;2001;7753;2001
2502;2001;7779;2001
0957;2001;4121;2001
7707;2001;7846;2001
8540;2001;4857;2001
7699;2001;7591;2001
3753;2001;2700;2001
8836;2001;3429;2001
2562;2001;26319;2001
2613;2001;3553;2001
4548;2001;1429;2001
0069;2001;27625;2001
7458;2001;3772;2001
7573;2001;2629;2001
7775;2001;9626;2001
9728;2001;6743;2001
3534;2001;17369;2001
8269;2001;4069;2001
7066;2001;3595;2001
5284;2001;2006;2001
0890;2001;18458;2001
2931;2001;7059;2001
0228;2001;10692;2001
4354;2001;7125;2001
2704;2001;9818;2001
0808;2001;735;2001
1102;2001;2022;2001
9146;2001;4124;2001
1036;2001;14741;2001
0403;2001;9285;2001
0349;2001;1805;2001
8912;2001;7503;2001
7927;2001;2122;2001
6438;2001;9669;2001
7761;2001;11898;2001
5512;2001;5590;2001
5047;2001;11424;2001
8167;2001;6182;2001
2585;2001;4876;2001
9825;2001;4559;2001
8093;2001;7241;2001
5057;2001;8788;2001
9659;2001;6528;2001
0154;2001;3009;2001
2274;2001;1975;2001
1513;2001;5783;2001
9531;2001;9104;2001
7251;2001;9279;2001
0979;2001;10759;2001
9061;2001;4530;2001
4945;2001;9091;2001
5787;2001;80227;2001
8942;2001;10628;2001
1591;2001;6423;2001
8486;2001;13851;2001
4258;2001;3412;2001
5337;2001;16930;2001
8023;2001;29193;2001
8222;2001;9071;2001
4961;2001;1699;2001
0636;2001;8590;2001
9341;2001;3507;2001
6011;2001;6281;2001
6147;2001;9209;2001
2990;2001;10936;2001
8344;2001;11357;2001
4373;2001;15488;2001
1037;2001;5104;2001
8022;2001;51789;2001
3144;2001;3156;2001
1116;2001;3248;2001
8350;2001;10466;2001
2840;2001;14418;2001
4536;2001;12506;2001
3103;2001;5780;2001
6402;2001;4021;2001
1038;2001;5847;2001
1823;2001;5921;2001
4839;2001;2690;2001
3960;2001;22698;2001
5176;2001;12195;2001
1755;2001;19451;2001
6122;2001;6045;2001
1377;2001;35342;2001
6301;2001;26226;2001
8683;2001;10265;2001
6898;2001;14840;2001
9962;2001;5940;2001
0705;2001;9176;2001
3110;2001;24561;2001
2155;2001;3988;2001
3288;2001;7258;2001
1835;2001;11584;2001
8768;2001;35425;2001
4042;2001;11429;2001
0509;2001;13698;2001
9664;2001;11726;2001
2872;2001;17335;2001
9522;2001;24490;2001
8155;2001;7033;2001
4412;2001;1983;2001
9986;2001;4307;2001
0200;2001;270985;2001
8657;2001;8105;2001
7134;2001;11852;2001
4376;2001;18177;2001
7852;2001;3160;2001
1910;2001;19116;2001
5705;2001;4737;2001
5158;2001;1883;2001
3439;2001;2029;2001
6428;2001;4119;2001
9418;2001;3868;2001
4195;2001;3131;2001
5865;2001;784;2001
2290;2001;4140;2001
6708;2001;2500;2001
3940;2001;6958;2001
7799;2001;3151;2001
5469;2001;6117;2001
2404;2001;14780;2001
7146;2001;11482;2001
2243;2001;2164;2001
1244;2001;10691;2001
1598;2001;5371;2001
2680;2001;2449;2001
8080;2001;1524;2001
6277;2001;7031;2001
2785;2001;4094;2001
3152;2001;4844;2001
5043;2001;5508;2001
1747;2001;1692;2001
7050;2001;4720;2001
7569;2001;2034;2001
6784;2001;18740;2001
0181;2001;5614;2001
2860;2001;8968;2001
3254;2001;5307;2001
7289;2001;6303;2001
8074;2001;16728;2001
6111;2001;7450;2001
9540;2001;6608;2001
2007;2001;4221;2001
7096;2001;3454;2001
1597;2001;3767;2001
4734;2001;1677;2001
9138;2001;6906;2001
1539;2001;6858;2001
1159;2001;5766;2001
0731;2001;3099;2001
5821;2001;7727;2001
7647;2001;1803;2001
2229;2001;4710;2001
7090;2001;1814;2001
2476;2001;1933;2001
3457;2001;2956;2001
1899;2001;8459;2001
5709;2001;17462;2001
0275;2001;9375;2001
3701;2001;10399;2001
0707;2001;8147;2001
4782;2001;5403;2001
9914;2001;204458;2001
1798;2001;3705;2001
4890;2001;1411;2001
9330;2001;10689;2001
6450;2001;8614;2001
7342;2001;17486;2001
8442;2001;2345;2001
8489;2001;2371;2001
8861;2001;3760;2001
5514;2001;12080;2001
6155;2001;3455;2001
6862;2001;4168;2001
5191;2001;13678;2001
9042;2001;4488;2001
7354;2001;2583;2001
8580;2001;7859;2001
3500;2001;5831;2001
1224;2001;11436;2001
8972;2001;4372;2001
3063;2001;2476;2001
9676;2001;6405;2001
7262;2001;2232;2001
9648;2001;6669;2001
9164;2001;1764;2001
9186;2001;2241;2001
5443;2001;8975;2001
3179;2001;19741;2001
1430;2001;7060;2001
8104;2001;4452;2001
2976;2001;8274;2001
8126;2001;2140;2001
0202;2001;6947;2001
8544;2001;5883;2001
6561;2001;10997;2001
2264;2001;3984;2001
0220;2001;2234;2001
3921;2001;2916;2001
2475;2001;1566;2001
0826;2001;926;2001
6619;2001;11761;2001
2624;2001;19480;2001
3484;2001;5037;2001
0063;2001;2420;2001
9403;2001;7962;2001
2258;2001;4866;2001
3664;2001;3426;2001
5644;2001;8130;2001
3883;2001;20630;2001
6256;2001;4880;2001
9278;2001;2884;2001
3784;2001;10406;2001
1221;2001;1409;2001
9693;2001;2622;2001
1226;2001;1321;2001
8465;2001;853;2001
6428;2001;2832;2001
5908;2001;932;2001
9938;2001;1759;2001
8401;2001;4315;2001
9128;2001;3050;2001
6176;2001;1862;2001
1701;2001;3937;2001
5469;2001;2636;2001
0651;2001;2957;2001
8512;2001;2094;2001
0393;2001;2764;2001
5664;2001;4164;2001
9767;2001;1618;2001
9323;2001;2747;2001
9708;2001;1135;2001
3702;2001;1634;2001
4214;2001;2247;2001
2027;2001;1145;2001
9927;2001;12170;2001
8436;2001;3715;2001
6761;2001;3588;2001
5785;2001;1935;2001
3220;2001;10011;2001
4845;2001;1736;2001
4542;2001;1714;2001
5589;2001;1272;2001
4101;2001;3947;2001
5315;2001;1516;2001
8780;2001;10658;2001
6939;2001;6134;2001
8042;2001;50233;2001
1589;2001;1259;2001
8712;2001;1202;2001
0454;2001;3873;2001
1383;2001;3009;2001
6775;2001;8278;2001
1880;2001;3141;2001
0739;2001;5238;2001
1513;2001;1211;2001
7260;2001;2192;2001
0496;2001;1027;2001
7667;2001;14391;2001
3473;2001;2168;2001
2611;2001;775;2001
6275;2001;1159;2001
9075;2001;3325;2001
7698;2001;2251;2001
2209;2001;2921;2001
2372;2001;1828;2001
2330;2001;3410;2001
0448;2001;4907;2001
1343;2001;2541;2001
0085;2001;1822;2001
9043;2001;780;2001
5056;2001;6685;2001
7768;2001;3800;2001
3180;2001;1640;2001
9325;2001;7239;2001
9782;2001;700;2001
2261;2001;2816;2001
6785;2001;2851;2001
8328;2001;3723;2001
4345;2001;1135;2001
7819;2001;768;2001
1668;2001;12487;2001
2086;2001;656;2001
1977;2001;814;2001
6458;2001;11357;2001
2141;2001;14420;2001
7505;2001;2152;2001
4140;2001;639;2001
6215;2001;3300;2001
7701;2001;2216;2001
5407;2001;2332;2001
3683;2001;255;2001
0083;2001;191;2001
7602;2001;1349;2001
7805;2001;3081;2001
1865;2001;6038;2001
2433;2001;4287;2001
3236;2001;1193;2001
7483;2001;733;2001
6625;2001;1120;2001
5942;2001;716;2001
1781;2001;11075;2001
8169;2001;4621;2001
1058;2001;486;2001
7854;2001;11889;2001
7578;2001;863;2001
2556;2001;3891;2001
7063;2001;6018;2001
8449;2001;190;2001
0467;2001;783;2001
3989;2001;2279;2001
2752;2001;5902;2001
2110;2001;1034;2001
0425;2001;6819;2001
8033;2001;2048;2001
6770;2001;5391;2001
2113;2001;2700;2001
4341;2001;2091;2001
7658;2001;1554;2001
5915;2001;534;2001
0528;2001;4875;2001
7760;2001;2166;2001
2909;2001;2646;2001
8947;2001;2828;2001
4040;2001;2887;2001
9039;2001;2210;2001
9331;2001;4593;2001
5500;2001;3040;2001
2965;2001;5312;2001
7488;2001;2588;2001
4140;2001;8690;2001
2423;2001;2906;2001
3360;2001;5471;2001
9831;2001;2569;2001
6625;2001;1759;2001
0541;2001;2672;2001
4131;2001;5277;2001
3697;2001;6336;2001
9087;2001;2956;2001
7204;2001;1063;2001
2302;2001;1510;2001
8487;2001;3998;2001
4728;2001;295;2001
2346;2001;904;2001
6760;2001;1193;2001
0271;2001;3015;2001
4796;2001;639;2001
5973;2001;483;2001
3320;2001;4717;2001
0235;2001;5559;2001
3121;2001;1276;2001
3611;2001;356;2001
7703;2001;634;2001
5920;2001;2273;2001
8155;2001;4021;2001
3967;2001;1964;2001
4669;2001;2959;2001
7795;2001;7879;2001
9373;2001;7302;2001
0645;2001;5723;2001
9436;2001;1177;2001
9685;2001;2140;2001
6031;2001;2330;2001
9224;2001;1293;2001
5705;2001;1610;2001
4910;2001;414;2001
1649;2001;663;2001
5307;2001;3852;2001
1145;2001;1023;2001
6615;2001;456;2001
7456;2001;1392;2001
4414;2001;713;2001
0497;2001;4104;2001
0411;2001;464;2001
3607;2001;8695;2001
3559;2001;5075;2001
3657;2001;12357;2001
9381;2001;1985;2001
3598;2001;2669;2001
6226;2001;10582;2001
9904;2001;2265;2001
6221;2001;3223;2001
8491;2001;2481;2001
7390;2001;646;2001
3221;2001;1755;2001
6830;2001;7323;2001
4599;2001;1701;2001
1708;2001;95357;2001
9180;2001;2885;2001
4301;2001;2290;2001
3306;2001;905;2001
9947;2001;2185;2001
5522;2001;1337;2001
5195;2001;693;2001
2113;2001;635;2001
9391;2001;1902;2001
3200;2001;1604;2001
0850;2001;7420;2001
0526;2001;1389;2001
8765;2001;434;2001
2509;2001;1715;2001
9242;2001;2695;2001
2626;2001;35633;2001
2200;2001;6414;2001
8541;2001;8719;2001
5915;2001;1517;2001
3593;2001;933;2001
7268;2001;26402;2001
5653;2001;693;2001
2050;2001;1644;2001
4983;2001;3596;2001
1084;2001;11117;2001
9396;2001;2095;2001
8862;2001;5798;2001
6311;2001;820;2001
4014;2001;1405;2001
0280;2001;1876;2001
9817;2001;1707;2001
6605;2001;6643;2001
1790;2001;2445;2001
0535;2001;1565;2001
3130;2001;8765;2001
6093;2001;847;2001
8518;2001;13241;2001
2239;2001;5895;2001
3997;2001;2174;2001
0033;2001;211042;2001
1450;2001;2018;2001
2695;2001;4673;2001
9471;2001;953;2001
3705;2001;3174;2001
5262;2001;3804;2001
2167;2001;6889;2001
4793;2001;5453;2001
9418;2001;2321;2001
1686;2001;302;2001
9833;2001;4501;2001
0763;2001;6879;2001
7485;2001;4540;2001
0452;2001;11952;2001
0523;2001;4841;2001
8170;2001;222;2001
6897;2001;1066;2001
3052;2001;817;2001
4717;2001;4181;2001
3548;2001;1861;2001
4990;2001;1976;2001
7690;2001;13339;2001
4768;2001;1691;2001
0994;2001;3758;2001
6120;2001;3472;2001
3300;2001;2358;2001
3974;2001;4205;2001
3361;2001;5252;2001
9336;2001;1356;2001
9250;2001;2391;2001
9571;2001;725;2001
7680;2001;906;2001
2346;2001;95517;2001
2849;2001;2203;2001
6068;2001;693;2001
3354;2001;7499;2001
9148;2001;4833;2001
8481;2001;5244;2001
8291;2001;5526;2001
1844;2001;8874;2001
1941;2001;5237;2001
3456;2001;947;2001
2598;2001;2592;2001
0121;2001;1998;2001
5659;2001;2445;2001
0366;2001;3556;2001
5628;2001;1917;2001
1220;2001;138;2001
7783;2001;2662;2001
1034;2001;2197;2001
8939;2001;2703;2001
5556;2001;3809;2001
7046;2001;2416;2001
0043;2001;897;2001
4879;2001;7080;2001
5911;2001;6836;2001
3542;2001;1815;2001
8310;2001;11903;2001
4057;2001;7998;2001
5321;2001;1096;2001
6973;2001;2303;2001
3460;2001;7241;2001
1166;2001;23396;2001
9754;2001;6355;2001
0045;2001;4890;2001
5224;2001;5985;2001
8423;2001;8388;2001
4850;2001;3824;2001
6128;2001;9116;2001
6364;2001;2935;2001
0415;2001;1245;2001
2014;2001;8893;2001
9563;2001;3727;2001
1728;2001;10647;2001
8016;2001;1358;2001
5979;2001;163905;2001
2339;2001;1275;2001
8901;2001;1510;2001
4623;2001;3123;2001
7549;2001;4600;2001
4989;2001;17906;2001
7094;2001;5048;2001
6405;2001;3930;2001
1352;2001;1896;2001
3864;2001;4345;2001
3325;2001;8691;2001
6961;2001;1282;2001
3864;2001;2118;2001
4779;2001;1277;2001
1471;2001;5962;2001
8603;2001;7968;2001
0777;2001;3046;2001
6414;2001;656;2001
9214;2001;2236;2001
0644;2001;1535;2001
6094;2001;2011;2001
8882;2001;7767;2001
9380;2001;8143;2001
5530;2001;3260;2001
1617;2001;7777;2001
0967;2001;4654;2001
0375;2001;4832;2001
4065;2001;1345;2001
5938;2001;7891;2001
3929;2001;4903;2001
6215;2001;4536;2001
5670;2001;4113;2001
7072;2001;14321;2001
8037;2001;4377;2001
0580;2001;11841;2001
0143;2001;7874;2001
6802;2001;10041;2001
0140;2001;8944;2001
0823;2001;3387;2001
8166;2001;1000;2001
5108;2001;20590;2001
6331;2001;5523;2001
1446;2001;5386;2001
6522;2001;6232;2001
9252;2001;13873;2001
6463;2001;1001;2001
6123;2001;8531;2001
3867;2001;8786;2001
1065;2001;11896;2001
5507;2001;6528;2001
3054;2001;11292;2001
3061;2001;1471;2001
6604;2001;8575;2001
6650;2001;142115;2001
5617;2001;5259;2001
1697;2001;3639;2001
1955;2001;11529;2001
7176;2001;6514;2001
2931;2001;5223;2001
2318;2001;9743;2001
0477;2001;22846;2001
2538;2001;4286;2001
3728;2001;1972;2001
8178;2001;3795;2001
9712;2001;3022;2001
0792;2001;4124;2001
4662;2001;3384;2001
8736;2001;7628;2001
6891;2001;7778;2001
7072;2001;3055;2001
5407;2001;61452;2001
5110;2001;25393;2001
4211;2001;12083;2001
7494;2001;9608;2001
7719;2001;6739;2001
9638;2001;8309;2001
9092;2001;2904;2001
1257;2001;15194;2001
2741;2001;16115;2001
1399;2001;1361;2001
4535;2001;30075;2001
4588;2001;2150;2001
2958;2001;3736;2001
9071;2001;3034;2001
5808;2001;15906;2001
4656;2001;3766;2001
9960;2001;5614;2001
0838;2001;22096;2001
1907;2001;175694;2001
2213;2001;924;2001
2770;2001;2313;2001
0045;2001;3183;2001
3200;2001;12568;2001
8223;2001;10417;2001
4110;2001;2461;2001
7304;2001;15101;2001
5329;2001;2132;2001
7389;2001;1860;2001
5481;2001;3540;2001
5302;2001;5360;2001
9129;2001;736;2001
3098;2001;5313;2001
6636;2001;10019;2001
0583;2001;3533;2001
5570;2001;4454;2001
6472;2001;39988;2001
5537;2001;8362;2001
0779;2001;6961;2001
4711;2001;2683;2001
9285;2001;13218;2001
8449;2001;10947;2001
8613;2001;21277;2001
3647;2001;4573;2001
5961;2001;10377;2001
1033;2001;8727;2001
4835;2001;5632;2001
9855;2001;6102;2001
1059;2001;4548;2001
8566;2001;370797;2001
2729;2001;3040;2001
1849;2001;15436;2001
2429;2001;11632;2001
6025;2001;2132;2001
3333;2001;33015;2001
0409;2001;2929;2001
2605;2001;1820;2001
4651;2001;1249;2001
3223;2001;3170;2001
6220;2001;3484;2001
0705;2001;5058;2001
2379;2001;4006;2001
9004;2001;16075;2001
4148;2001;19208;2001
7335;2001;13595;2001
7579;2001;6031;2001
4976;2001;7793;2001
7527;2001;11888;2001
2317;2001;5636;2001
5572;2001;1794;2001
6697;2001;4781;2001
1535;2001;5182;2001
6887;2001;2102;2001
3693;2001;8720;2001
4024;2001;3704;2001
0215;2001;64410;2001
4499;2001;2248;2001
4055;2001;4159;2001
8160;2001;7238;2001
5263;2001;6281;2001
0922;2001;13568;2001
0660;2001;7572;2001
8403;2001;13705;2001
1172;2001;3634;2001
2528;2001;5191;2001
6857;2001;10293;2001
5675;2001;4463;2001
0080;2001;5285;2001
4513;2001;4232;2001
9472;2001;10457;2001
1289;2001;16230;2001
9370;2001;6658;2001
9261;2001;4666;2001
1456;2001;6313;2001
6212;2001;4380;2001
4325;2001;6249;2001
4107;2001;23978;2001
7240;2001;29454;2001
8561;2001;9905;2001
7918;2001;5955;2001
4485;2001;13756;2001
8430;2001;2548;2001
9401;2001;6754;2001
7471;2001;15973;2001
6632;2001;21614;2001
6329;2001;5826;2001
7625;2001;15714;2001
7413;2001;29296;2001
0720;2001;13049;2001
1224;2001;20320;2001
0052;2001;18026;2001
1546;2001;131072;2001
4348;2001;2834;2001
3382;2001;3340;2001
4368;2001;4384;2001
7069;2001;2338;2001
2715;2001;3818;2001
2905;2001;7468;2001
4715;2001;3661;2001
2452;2001;3325;2001
3406;2001;6933;2001
2297;2001;7668;2001
6429;2001;11928;2001
1978;2001;3787;2001
7894;2001;6142;2001
0155;2001;6560;2001
3280;2001;3936;2001
6244;2001;4750;2001
1668;2001;4082;2001
3751;2001;2304;2001
7904;2001;11741;2001
5792;2001;16090;2001
9578;2001;1759;2001
3338;2001;7521;2001
5000;2001;2842;2001
3734;2001;8201;2001
2737;2001;25882;2001
1994;2001;8824;2001
1390;2001;6856;2001
7525;2001;53678;2001
5495;2001;7493;2001
0548;2001;31661;2001
2478;2001;8512;2001
3976;2001;134758;2001
2582;2001;5316;2001
2639;2001;10503;2001
3707;2001;2134;2001
0383;2001;4201;2001
5144;2001;6128;2001
2402;2001;9322;2001
2325;2001;2035;2001
9501;2001;6011;2001
4133;2001;90941;2001
1691;2001;21692;2001
9279;2001;3785;2001
9702;2001;1586;2001
1974;2001;108407;2001
4588;2001;11464;2001
1294;2001;2289;2001
7738;2001;9408;2001
1380;2001;6782;2001
6261;2001;5587;2001
0703;2001;9384;2001
3353;2001;6202;2001
1612;2001;4736;2001
2600;2001;1589;2001
0419;2001;853;2001
3883;2001;6174;2001
5528;2001;878;2001
5580;2001;2109;2001
5310;2001;2823;2001
2861;2001;9446;2001
8677;2001;4274;2001
7146;2001;3688;2001
3027;2001;14808;2001
4261;2001;2882;2001
1950;2001;1317;2001
8860;2001;2017;2001
6846;2001;4179;2001
0968;2001;2109;2001
6379;2001;1421;2001
2569;2001;981;2001
2911;2001;702;2001
2126;2001;656;2001
4583;2001;9049;2001
2496;2001;2544;2001
9406;2001;1609;2001
2029;2001;6517;2001
6693;2001;509;2001
8393;2001;5104;2001
6672;2001;57469;2001
7023;2001;7611;2001
8757;2001;9610;2001
6301;2001;1034;2001
3672;2001;373;2001
0738;2001;1303;2001
9334;2001;5368;2001
5254;2001;3374;2001
3025;2001;658;2001
0145;2001;1231;2001
0743;2001;2018;2001
2754;2001;807;2001
3481;2001;1441;2001
9454;2001;1020;2001
2061;2001;1751;2001
6356;2001;3843;2001
8220;2001;11075;2001
2469;2001;2358;2001
2354;2001;684;2001
0451;2001;1300;2001
8116;2001;1257;2001
0064;2001;2577;2001
9679;2001;1152;2001
5642;2001;5345;2001
3124;2001;2129;2001
2874;2001;2238;2001
8357;2001;6709;2001
7946;2001;2271;2001
3609;2001;722;2001
7983;2001;3129;2001
3960;2001;6802;2001
7650;2001;90956;2001
2714;2001;2454;2001
9152;2001;975;2001
9008;2001;1956;2001
2885;2001;707;2001
1974;2001;2046;2001
9853;2001;5103;2001
8858;2001;4145;2001
3992;2001;1301;2001
1392;2001;2718;2001
7981;2001;3355;2001
7438;2001;2352;2001
7291;2001;6818;2001
3376;2001;3866;2001
8758;2001;1513;2001
9072;2001;3460;2001
0785;2001;1226;2001
7994;2001;1180;2001
8708;2001;2213;2001
5866;2001;1091;2001
4058;2001;817;2001
0661;2001;4810;2001
5330;2001;6655;2001
4920;2001;15280;2001
8897;2001;4177;2001
9184;2001;100710;2001
3310;2001;5296;2001
0388;2001;1475;2001
4501;2001;2185;2001
0038;2001;6494;2001
8914;2001;1710;2001
0471;2001;3620;2001
5313;2001;971;2001
3910;2001;16910;2001
9201;2001;1691;2001
3182;2001;3210;2001
9130;2001;3317;2001
6020;2001;14047;2001
2789;2001;5147;2001
4029;2001;4730;2001
0879;2001;30013;2001
7471;2001;28355;2001
2017;2001;9260;2001
1539;2001;1977;2001
9032;2001;39228;2001
8956;2001;11265;2001
4922;2001;5743;2001
2775;2001;969;2001
6645;2001;2764;2001
3854;2001;2169;2001
3095;2001;9178;2001
5729;2001;1568;2001
5693;2001;2457;2001
8135;2001;5533;2001
4607;2001;1772;2001
9348;2001;3319;2001
6306;2001;1691;2001
7380;2001;29432;2001
2517;2001;6023;2001
0163;2001;3527;2001
3629;2001;752;2001
9833;2001;3010;2001
1979;2001;3589;2001
4060;2001;1736;2001
7778;2001;1924;2001
1118;2001;840;2001
2869;2001;3931;2001
2341;2001;7425;2001
7674;2001;41564;2001
5430;2001;3465;2001
3330;2001;3011;2001
6767;2001;3313;2001
4964;2001;2227;2001
8108;2001;135;2001
7793;2001;2427;2001
6720;2001;3908;2001
0544;2001;1629;2001
8643;2001;158;2001
2217;2001;1717;2001
8822;2001;6838;2001
8058;2001;581;2001
8463;2001;4563;2001
6591;2001;369;2001
5802;2001;585;2001
1968;2001;10105;2001
0661;2001;38365;2001
1987;2001;1217;2001
9648;2001;13715;2001
9096;2001;2089;2001
6696;2001;612;2001
3977;2001;232;2001
2165;2001;1603;2001
0499;2001;672;2001
2233;2001;921;2001
5783;2001;2491;2001
5239;2001;40942;2001
1002;2001;10133;2001
2582;2001;4802;2001
3565;2001;6582;2001
5077;2001;169;2001
8781;2001;5194;2001
9416;2001;3241;2001
6712;2001;3209;2001
0371;2001;7335;2001
4664;2001;810;2001
5807;2001;9216;2001
9085;2001;915;2001
0834;2001;1298;2001
6459;2001;2049;2001
2147;2001;873;2001
7972;2001;1379;2001
4519;2001;1232;2001
0307;2001;297;2001
5498;2001;5820;2001
2491;2001;9439;2001
5518;2001;14507;2001
4575;2001;20021;2001
1693;2001;760;2001
0196;2001;3821;2001
2549;2001;12795;2001
3836;2001;1496;2001
1649;2001;3360;2001
5375;2001;434;2001
6468;2001;896;2001
9782;2001;1145;2001
1182;2001;18671;2001
5351;2001;9442;2001
8634;2001;2766;2001
2952;2001;425;2001
4247;2001;1171;2001
3927;2001;3348;2001
0623;2001;3407;2001
9725;2001;2311;2001
4940;2001;3963;2001
1937;2001;1971;2001
2167;2001;1478;2001
0182;2001;51345;2001
5319;2001;667;2001
2113;2001;1795;2001
2382;2001;1264;2001
9771;2001;7218;2001
7948;2001;3011;2001
0833;2001;2034;2001
9389;2001;3165;2001
3951;2001;3101;2001
9508;2001;1038;2001
3368;2001;5013;2001
6123;2001;3164;2001
5319;2001;35682;2001
8574;2001;8844;2001
3070;2001;1606;2001
2041;2001;956;2001
9946;2001;14278;2001
2619;2001;3142;2001
9249;2001;1149;2001
9293;2001;1202;2001
1721;2001;2358;2001
7276;2001;980;2001
3038;2001;1588;2001
7625;2001;742;2001
4336;2001;4003;2001
9405;2001;2325;2001
4055;2001;1783;2001
9335;2001;558;2001
9920;2001;524;2001
2074;2001;2197;2001
6158;2001;1296;2001
4640;2001;618;2001
5337;2001;861;2001
4458;2001;6668;2001
4183;2001;12837;2001
2142;2001;449;2001
6263;2001;964;2001
7918;2001;678;2001
3743;2001;10368;2001
9216;2001;406;2001
2352;2001;2385;2001
4509;2001;2546;2001
7156;2001;7820;2001
1669;2001;505;2001
9488;2001;821;2001
3789;2001;1033;2001
3504;2001;608;2001
6024;2001;5342;2001
0748;2001;826;2001
6977;2001;221;2001
8469;2001;1973;2001
0023;2001;2535;2001
2677;2001;1585;2001
7934;2001;15840;2001
1256;2001;22763;2001
6457;2001;1870;2001
2781;2001;4333;2001
6318;2001;2193;2001
4370;2001;1000;2001
4052;2001;45070;2001
1789;2001;1489;2001
5172;2001;15289;2001
4919;2001;2309;2001
2925;2001;411;2001
5831;2001;5883;2001
9329;2001;2126;2001
2092;2001;2264;2001
9873;2001;10155;2001
9352;2001;2007;2001
9229;2001;64927;2001
1546;2001;1231;2001
8289;2001;798;2001
7785;2001;2466;2001
5669;2001;9179;2001
6259;2001;4387;2001
6776;2001;4874;2001
8433;2001;66715;2001
7508;2001;10020;2001
5050;2001;2564;2001
1034;2001;1815;2001
4730;2001;8206;2001
4509;2001;2050;2001
3196;2001;4603;2001
6618;2001;1374;2001
5748;2001;11210;2001
7062;2001;6572;2001
4659;2001;10011;2001
2030;2001;7362;2001
4239;2001;30245;2001
0913;2001;2393;2001
9156;2001;42507;2001
0811;2001;644;2001
4821;2001;6061;2001
5217;2001;1879;2001
9408;2001;4814;2001
1950;2001;517;2001
8802;2001;8446;2001
8595;2001;658;2001
0402;2001;3792;2001
0979;2001;535;2001
8074;2001;82042;2001
2742;2001;20521;2001
2820;2001;2512;2001
3300;2001;1189;2001
6716;2001;4350;2001
5478;2001;3711;2001
0296;2001;2553;2001
6091;2001;24377;2001
7543;2001;2369;2001
0716;2001;7117;2001
1568;2001;1421;2001
5504;2001;12678;2001
1929;2001;779;2001
0817;2001;3366;2001
2191;2001;1117;2001
3520;2001;389;2001
4193;2001;61194;2001
5655;2001;1787;2001
7895;2001;1398;2001
9915;2001;703;2001
6800;2001;14622;2001
0363;2001;8035;2001
9322;2001;1697;2001
2518;2001;6770;2001
9667;2001;6013;2001
0436;2001;2910;2001
0156;2001;7214;2001
6165;2001;19910;2001
1307;2001;10137;2001
6718;2001;19954;2001
1790;2001;17395;2001
6846;2001;9085;2001
2001;2001;84335;2001
3366;2001;1864;2001
5341;2001;7608;2001
9127;2001;22740;2001
2497;2001;1602;2001
6120;2001;7125;2001
0534;2001;10195;2001
7962;2001;4727;2001
1958;2001;3973;2001
0982;2001;25186;2001
2869;2001;9497;2001
0090;2001;3866;2001
3628;2001;15892;2001
9870;2001;15018;2001
7597;2001;37247;2001
9166;2001;5970;2001
4365;2001;17052;2001
3183;2001;9597;2001
2748;2001;15705;2001
6319;2001;4962;2001
2087;2001;44207;2001
1921;2001;14059;2001
5025;2001;16279;2001
3181;2001;356018;2001
9951;2001;4779;2001
1869;2001;21167;2001
1453;2001;4697;2001
3742;2001;12868;2001
7185;2001;14666;2001
3960;2001;5516;2001
8991;2001;17859;2001
2885;2001;1672;2001
0519;2001;3615;2001
7534;2001;3426;2001
6715;2001;11230;2001
9719;2001;11339;2001
1064;2001;1293;2001
5603;2001;7270;2001
3984;2001;20632;2001
6818;2001;14209;2001
1438;2001;7556;2001
8797;2001;6696;2001
8317;2001;16741;2001
2059;2001;1178;2001
5688;2001;3755;2001
6943;2001;50213;2001
2412;2001;6801;2001
7812;2001;46140;2001
8083;2001;15619;2001
0298;2001;7133;2001
9412;2001;4861;2001
8610;2001;7147;2001
1848;2001;13771;2001
6799;2001;3081;2001
2827;2001;12528;2001
7878;2001;4166;2001
5606;2001;3116;2001
3267;2001;334;2001
3312;2001;8206;2001
5193;2001;26490;2001
9607;2001;15865;2001
9832;2001;156432;2001
4508;2001;2148;2001
8590;2001;1885;2001
8832;2001;33900;2001
3301;2001;3216;2001
4807;2001;11503;2001
8950;2001;2159;2001
6233;2001;949;2001
8177;2001;30603;2001
1937;2001;6523;2001
7469;2001;551;2001
4670;2001;2899;2001
4826;2001;6132;2001
9901;2001;5445;2001
1652;2001;5828;2001
9114;2001;8609;2001
6900;2001;5093;2001
2885;2001;1011;2001
5436;2001;3534;2001
6233;2001;38282;2001
3172;2001;11376;2001
5196;2001;1815;2001
0157;2001;2459;2001
9916;2001;1561;2001
1072;2001;3757;2001
4313;2001;3122;2001
6140;2001;1023;2001
6579;2001;1373;2001
8542;2001;8058;2001
3259;2001;1146;2001
8575;2001;2008;2001
2359;2001;1431;2001
0930;2001;702;2001
2191;2001;9679;2001
6218;2001;619;2001
7062;2001;4531;2001
5160;2001;4819;2001
1801;2001;89785;2001
7025;2001;6309;2001
6847;2001;12570;2001
1840;2001;24974;2001
8395;2001;1343;2001
7681;2001;30495;2001
5023;2001;26388;2001
7924;2001;12491;2001
6216;2001;1465;2001
0352;2001;10833;2001
2830;2001;3936;2001
5827;2001;11426;2001
8835;2001;7921;2001
8409;2001;11252;2001
9192;2001;5856;2001
6896;2001;91564;2001
8360;2001;1212;2001
5121;2001;11488;2001
4651;2001;9321;2001
5561;2001;4854;2001
5301;2001;1625;2001
6283;2001;3323;2001
6002;2001;2735;2001
2701;2001;2855;2001
4628;2001;1987;2001
5814;2001;12018;2001
8681;2001;7843;2001
8936;2001;950;2001
3155;2001;2220;2001
1839;2001;8676;2001
9583;2001;21996;2001
7645;2001;8406;2001
0499;2001;3427;2001
4947;2001;5149;2001
8055;2001;3477;2001
7545;2001;2760;2001
9430;2001;581;2001
4157;2001;1873;2001
8719;2001;8117;2001
6641;2001;22275;2001
3016;2001;848;2001
5191;2001;3105;2001
3573;2001;5428;2001
0948;2001;3323;2001
0727;2001;5859;2001
4296;2001;3084;2001
4242;2001;16989;2001
1931;2001;15655;2001
1229;2001;1455;2001
7884;2001;3001;2001
8417;2001;5492;2001
8867;2001;1171;2001
9313;2001;11184;2001
9933;2001;6824;2001
6869;2001;6491;2001
8436;2001;3165;2001
6888;2001;2927;2001
7991;2001;2667;2001
9872;2001;7530;2001
6621;2001;2512;2001
5722;2001;2858;2001
5843;2001;6972;2001
6160;2001;1916;2001
1472;2001;8622;2001
0598;2001;19515;2001
8831;2001;2374;2001
8497;2001;5122;2001
3149;2001;13901;2001
7349;2001;7907;2001
9127;2001;7180;2001
5004;2001;1410;2001
6080;2001;1941;2001
6260;2001;4193;2001
9553;2001;2224;2001
5534;2001;27409;2001
4149;2001;1667;2001
0962;2001;1219;2001
5683;2001;976;2001
0357;2001;4781;2001
1414;2001;1744;2001
5945;2001;7106;2001
4580;2001;902;2001
1182;2001;2462;2001
8062;2001;4526;2001
5774;2001;52499;2001
6603;2001;11782;2001
6041;2001;8370;2001
2429;2001;7113;2001
9755;2001;1419;2001
2541;2001;4098;2001
2591;2001;2414;2001
3607;2001;3750;2001
7663;2001;4316;2001
2319;2001;1814;2001
3280;2001;7277;2001
5518;2001;2688;2001
9000;2001;3042;2001
0182;2001;21105;2001
9382;2001;8216;2001
2486;2001;71207;2001
0115;2001;1401;2001
7728;2001;3720;2001
5051;2001;6879;2001
4428;2001;8802;2001
4002;2001;12153;2001
2049;2001;1252;2001
7973;2001;14595;2001
9578;2001;4128;2001
8586;2001;1232;2001
4662;2001;9192;2001
4512;2001;2764;2001
5236;2001;4387;2001
2875;2001;3145;2001
4320;2001;945;2001
5664;2001;3901;2001
5875;2001;1207;2001
6534;2001;1318;2001
1913;2001;25422;2001
6014;2001;18349;2001
0747;2001;3777;2001
2225;2001;4788;2001
7615;2001;2361;2001
8087;2001;3960;2001
8459;2001;3257;2001
4414;2001;3049;2001
2853;2001;14325;2001
7824;2001;1129;2001
5286;2001;3129;2001
9516;2001;7104;2001
3291;2001;37861;2001
6742;2001;2922;2001
7229;2001;15242;2001
0578;2001;1287;2001
5096;2001;8070;2001
6644;2001;51245;2001
3865;2001;2440;2001
4281;2001;1732;2001
4751;2001;3368;2001
6236;2001;6045;2001
2780;2001;15088;2001
7676;2001;31665;2001
1821;2001;664;2001
7326;2001;12321;2001
4886;2001;16372;2001
4083;2001;3529;2001
0046;2001;1627;2001
5123;2001;5623;2001
1553;2001;681;2001
5287;2001;1231;2001
0940;2001;1554;2001
1641;2001;5896;2001
5599;2001;4866;2001
9058;2001;956;2001
9686;2001;5326;2001
3320;2001;5069;2001
5013;2001;149516;2001
4633;2001;3651;2001
4190;2001;2337;2001
0939;2001;172;2001
0180;2001;816;2001
9823;2001;10396;2001
5485;2001;556;2001
1427;2001;1477;2001
8493;2001;453;2001
8314;2001;1200;2001
4736;2001;2457;2001
6445;2001;8283;2001
1365;2001;37877;2001
8001;2001;16686;2001
6582;2001;5404;2001
1853;2001;7797;2001
8852;2001;3592;2001
8297;2001;15233;2001
3024;2001;3477;2001
2212;2001;427;2001
5734;2001;1349;2001
6056;2001;4545;2001
6121;2001;1822;2001
8952;2001;1507;2001
4964;2001;11094;2001
0361;2001;2685;2001
5120;2001;1700;2001
5687;2001;2654;2001
7845;2001;1820;2001
1425;2001;2160;2001
2155;2001;3033;2001
5505;2001;2692;2001
5862;2001;1902;2001
6187;2001;1691;2001
0882;2001;1788;2001
3808;2001;1792;2001
8297;2001;1600;2001
4282;2001;4624;2001
2172;2001;1748;2001
0869;2001;1260;2001
0590;2001;1233;2001
0978;2001;1640;2001
9836;2001;20071;2001
2658;2001;20701;2001
5296;2001;1829;2001
0911;2001;575;2001
0033;2001;1050;2001
5676;2001;265;2001
6029;2001;1769;2001
8956;2001;4512;2001
4519;2001;2296;2001
1634;2001;4404;2001
4299;2001;104855;2001
3387;2001;2373;2001
6056;2001;5790;2001
8706;2001;864;2001
8088;2001;3641;2001
5635;2001;955;2001
5458;2001;4303;2001
1676;2001;1139;2001
9141;2001;3203;2001
5743;2001;4106;2001
6447;2001;1614;2001
6322;2001;853;2001
8477;2001;3088;2001
0375;2001;5051;2001
2907;2001;1688;2001
9683;2001;5637;2001
5769;2001;5201;2001
4110;2001;1904;2001
9151;2001;2150;2001
8891;2001;2251;2001
8237;2001;1344;2001
1950;2001;1290;2001
2211;2001;15215;2001
9558;2001;1732;2001
0306;2001;3343;2001
7859;2001;6691;2001
6785;2001;1734;2001
3737;2001;1727;2001
1734;2001;2774;2001
8083;2001;1495;2001
1023;2001;2278;2001
4202;2001;2956;2001
9421;2001;2459;2001
4293;2001;1026;2001
6924;2001;919;2001
5404;2001;3436;2001
6167;2001;7649;2001
9300;2001;12710;2001
1400;2001;1932;2001
6834;2001;2387;2001
7096;2001;7817;2001
5055;2001;1167;2001
3110;2001;2949;2001
5591;2001;7827;2001
6051;2001;2224;2001
0049;2001;621;2001
5258;2001;7496;2001
2792;2001;1156;2001
7346;2001;2062;2001
5355;2001;8229;2001
9412;2001;5099;2001
3305;2001;15199;2001
7309;2001;411;2001
6910;2001;7729;2001
4944;2001;2925;2001
4516;2001;2512;2001
9623;2001;3893;2001
3071;2001;2096;2001
7710;2001;11971;2001
5289;2001;4682;2001
2267;2001;59230;2001
1430;2001;3225;2001
3281;2001;725;2001
3853;2001;2809;2001
9029;2001;2833;2001
9761;2001;291;2001
6446;2001;618;2001
9403;2001;724;2001
8189;2001;4518;2001
2929;2001;920;2001
6240;2001;2858;2001
6212;2001;1616;2001
5461;2001;688;2001
3087;2001;1090;2001
4912;2001;282;2001
8422;2001;936;2001
2697;2001;1263;2001
2532;2001;6511;2001
6505;2001;479;2001
3664;2001;492;2001
3718;2001;380;2001
6126;2001;171;2001
9475;2001;1486;2001
7540;2001;516;2001
3896;2001;379;2001
9221;2001;709;2001
5447;2001;3390;2001
6888;2001;559;2001
9624;2001;10900;2001
6212;2001;1601;2001
6853;2001;2487;2001
3898;2001;632;2001
8523;2001;1469;2001
7403;2001;348;2001
0181;2001;2716;2001
3339;2001;675;2001
2257;2001;3747;2001
0838;2001;125;2001
8518;2001;141;2001
8922;2001;561;2001
7472;2001;370;2001
7221;2001;913;2001
0398;2001;1267;2001
5865;2001;341;2001
7570;2001;726;2001
9405;2001;3688;2001
7276;2001;359;2001
6424;2001;224;2001
6887;2001;426;2001
3138;2001;177;2001
7764;2001;2542;2001
9304;2001;1324;2001
3815;2001;2102;2001
9813;2001;1216;2001
3948;2001;5160;2001
9469;2001;2522;2001
4995;2001;2052;2001
6696;2001;526;2001
0132;2001;816;2001
9787;2001;415;2001
4528;2001;43890;2001
7902;2001;1276;2001
7231;2001;629;2001
5551;2001;826;2001
5958;2001;560;2001
3505;2001;2458;2001
7281;2001;997;2001
3838;2001;1742;2001
9796;2001;1207;2001
3291;2001;905;2001
7914;2001;1233;2001
3047;2001;1202;2001
5095;2001;262;2001
1839;2001;246;2001
7526;2001;271;2001
1123;2001;1623;2001
4997;2001;1618;2001
6399;2001;33837;2001
1659;2001;4170;2001
2338;2001;14367;2001
2154;2001;908;2001
6491;2001;37389;2001
3109;2001;1329;2001
5918;2001;17905;2001
1985;2001;1537;2001
7970;2001;11859;2001
7794;2001;3020;2001
0602;2001;13615;2001
4966;2001;481;2001
9371;2001;8858;2001
9174;2001;3327;2001
3730;2001;365;2001
5070;2001;5802;2001
3617;2001;329;2001
2891;2001;4924;2001
3793;2001;750;2001
1894;2001;7927;2001
8029;2001;6437;2001
5653;2001;7191;2001
2924;2001;739;2001
8793;2001;9538;2001
0752;2001;1058;2001
7448;2001;476;2001
3188;2001;27328;2001
8474;2001;1158;2001
3668;2001;618;2001
3770;2001;50039;2001
7493;2001;1567;2001
9854;2001;20746;2001
5492;2001;3347;2001
1861;2001;7929;2001
6584;2001;498;2001
1449;2001;9458;2001
4749;2001;19369;2001
6994;2001;4608;2001
0431;2001;1752;2001
0650;2001;5327;2001
8998;2001;22216;2001
1242;2001;1201;2001
1896;2001;767;2001
4028;2001;17621;2001
4716;2001;68032;2001
4509;2001;492;2001
7531;2001;3753;2001
7632;2001;10074;2001
9850;2001;949;2001
5174;2001;1306;2001
7166;2001;782;2001
9991;2001;5864;2001
6535;2001;770;2001
3561;2001;5511;2001
1913;2001;32890;2001
0667;2001;2526;2001
2684;2001;16440;2001
5712;2001;8235;2001
8416;2001;1372;2001
1398;2001;1919;2001
4257;2001;4834;2001
1251;2001;8224;2001
9352;2001;34244;2001
3928;2001;1829;2001
5872;2001;2360;2001
0842;2001;6691;2001
3969;2001;1249;2001
3249;2001;1715;2001
0960;2001;1417;2001
6413;2001;36319;2001
1598;2001;6396;2001
0164;2001;17199;2001
8028;2001;10690;2001
7577;2001;215;2001
9201;2001;729;2001
7449;2001;2163;2001
5727;2001;43792;2001
5195;2001;1032;2001
4305;2001;6505;2001
5617;2001;6909;2001
3835;2001;772;2001
8373;2001;246;2001
0854;2001;357;2001
7161;2001;13195;2001
4072;2001;295;2001
2646;2001;10067;2001
5724;2001;1011;2001
3502;2001;804;2001
3372;2001;2545977;2001
5016;2001;1380;2001
4283;2001;5716;2001
3047;2001;889;2001
4501;2001;1446;2001
5287;2001;2344;2001
9058;2001;15005;2001
3567;2001;3107;2001
8935;2001;3553;2001
6619;2001;3270;2001
1595;2001;170;2001
8619;2001;8794;2001
2313;2001;9029;2001
6439;2001;49270;2001
2670;2001;4932;2001
7793;2001;930;2001
9863;2001;4608;2001
9370;2001;374;2001
7180;2001;301;2001
9132;2001;12279;2001
2311;2001;48267;2001
9435;2001;3713;2001
5367;2001;217;2001
0352;2001;12867;2001
5343;2001;10362;2001
9515;2001;30448;2001
0869;2001;27515;2001
9981;2001;36026;2001
6431;2001;9500;2001
8908;2001;50919;2001
9405;2001;22712;2001
1088;2001;55944;2001
4003;2001;1634;2001
3827;2001;731;2001
7045;2001;4524;2001
1569;2001;32622;2001
3115;2001;10535;2001
9130;2001;31145;2001
1690;2001;34855;2001
1985;2001;21167;2001
0971;2001;8733;2001
6174;2001;108234;2001
2423;2001;4134;2001
1331;2001;3023;2001
1345;2001;17824;2001
1013;2001;5984;2001
2215;2001;3791;2001
1023;2001;13026;2001
1563;2001;3132;2001
9808;2001;13140;2001
3661;2001;1242;2001
4927;2001;4386;2001
1656;2001;1095;2001
5036;2001;1204;2001
3721;2001;16212;2001
6307;2001;8052;2001
6105;2001;6524;2001
9962;2001;6609;2001
4710;2001;21919;2001
8186;2001;7039;2001
4897;2001;3108;2001
7401;2001;2734;2001
5876;2001;36723;2001
7454;2001;641;2001
3188;2001;311;2001
4662;2001;1849;2001
9544;2001;27128;2001
7097;2001;3025;2001
7257;2001;4238;2001
8136;2001;19103;2001
2368;2001;5345;2001
5217;2001;6019;2001
2942;2001;2455;2001
2398;2001;7606;2001
8889;2001;4485;2001
6376;2001;2562;2001
0535;2001;771;2001
1885;2001;8876;2001
7934;2001;2648;2001
4234;2001;1801;2001
3769;2001;671;2001
2708;2001;3206;2001
4194;2001;32820;2001
3207;2001;3563;2001
8819;2001;880;2001
9148;2001;3746;2001
4500;2001;5031;2001
0552;2001;22315;2001
0302;2001;8242;2001
4091;2001;7051;2001
5176;2001;1852;2001
6784;2001;930;2001
9886;2001;824;2001
3837;2001;1732;2001
5646;2001;4130;2001
7328;2001;627;2001
9996;2001;20121;2001
0808;2001;556;2001
9774;2001;8765;2001
1111;2001;3204;2001
1479;2001;1287;2001
8442;2001;48727;2001
8358;2001;2141;2001
7370;2001;1225;2001
5444;2001;2228;2001
3724;2001;1659;2001
0140;2001;12196;2001
7118;2001;12752;2001
5710;2001;3078;2001
6363;2001;7647;2001
1606;2001;1673;2001
3072;2001;2916;2001
8800;2001;1567;2001
1464;2001;1200;2001
9312;2001;3117;2001
3243;2001;4508;2001
3812;2001;4700;2001
4058;2001;2439;2001
6809;2001;4448;2001
8005;2001;13259;2001
8043;2001;1274;2001
6133;2001;5284;2001
5828;2001;1021;2001
3317;2001;7433;2001
2138;2001;365;2001
6286;2001;2191;2001
7054;2001;3055;2001
7104;2001;3573;2001
0266;2001;981;2001
1081;2001;1592;2001
0189;2001;1940;2001
1030;2001;6331;2001
5978;2001;1637;2001
5003;2001;2667;2001
3937;2001;2943;2001
6803;2001;851;2001
2210;2001;2569;2001
1176;2001;25987;2001
5679;2001;2498;2001
5901;2001;4764;2001
6444;2001;592;2001
9926;2001;1281;2001
0598;2001;4346;2001
3218;2001;1822;2001
6404;2001;1428;2001
2762;2001;3116;2001
5376;2001;1053;2001
6558;2001;1855;2001
6434;2001;19826;2001
2083;2001;805;2001
8355;2001;2151;2001
0226;2001;1243;2001
7672;2001;2626;2001
0989;2001;1755;2001
8618;2001;415;2001
0556;2001;1465;2001
3172;2001;7136;2001
1268;2001;4926;2001
0080;2001;5189;2001
8486;2001;53295;2001
4328;2001;2272;2001
7783;2001;5083;2001
6782;2001;1756;2001
0403;2001;5857;2001
9577;2001;5860;2001
0171;2001;1740;2001
3014;2001;5133;2001
4646;2001;7515;2001
3895;2001;1640;2001
6030;2001;19100;2001
3160;2001;6350;2001
2291;2001;8178;2001
3569;2001;14806;2001
4854;2001;19846;2001
5584;2001;9576;2001
9044;2001;7849;2001
0686;2001;75106;2001
0496;2001;1635;2001
3230;2001;1206;2001
7738;2001;1475;2001
3440;2001;3986;2001
9503;2001;18621;2001
2077;2001;5002;2001
7400;2001;7453;2001
6503;2001;525;2001
4670;2001;1386;2001
6894;2001;6998;2001
7843;2001;2106;2001
7113;2001;849;2001
6781;2001;1462;2001
9244;2001;4894;2001
8580;2001;8573;2001
1338;2001;761;2001
1131;2001;2372;2001
9275;2001;648;2001
4234;2001;3682;2001
0500;2001;6834;2001
9776;2001;8914;2001
5919;2001;778;2001
5892;2001;1216;2001
5573;2001;13060;2001
6330;2001;10123;2001
6723;2001;37558;2001
2069;2001;39920;2001
3040;2001;3082;2001
0960;2001;3314;2001
7166;2001;24159;2001
8339;2001;13065;2001
6084;2001;10332;2001
0206;2001;2450;2001
4954;2001;2512;2001
4292;2001;11446;2001
9339;2001;4474;2001
4929;2001;3039;2001
3783;2001;6481;2001
2451;2001;1859;2001
9126;2001;6737;2001
2092;2001;1711;2001
7437;2001;1698;2001
8922;2001;1733;2001
6402;2001;1343;2001
2195;2001;7157;2001
4795;2001;2501;2001
5286;2001;3715;2001
0384;2001;3798;2001
7120;2001;1031;2001
0055;2001;518;2001
1507;2001;1908;2001
2174;2001;12498;2001
1789;2001;16782;2001
5033;2001;1051;2001
6099;2001;11630;2001
7121;2001;18757;2001
7191;2001;1008;2001
1312;2001;1899;2001
7852;2001;10046;2001
8351;2001;13518;2001
9201;2001;30689;2001
7297;2001;2650;2001
9668;2001;4402;2001
5227;2001;2399;2001
2007;2001;13387;2001
1747;2001;22771;2001
7653;2001;7252;2001
2119;2001;6831;2001
4301;2001;13031;2001
6989;2001;9842;2001
3939;2001;1072;2001
6551;2001;14139;2001
5234;2001;6243;2001
4196;2001;1122;2001
9014;2001;2541;2001
5469;2001;5708;2001
8249;2001;10332;2001
9697;2001;5436;2001
7200;2001;3866;2001
7939;2001;7154;2001
0481;2001;6636;2001
7016;2001;5844;2001
8972;2001;7610;2001
2218;2001;2755;2001
0381;2001;5671;2001
1195;2001;2745;2001
9610;2001;1883;2001
6568;2001;857;2001
8169;2001;2835;2001
8340;2001;61742;2001
4626;2001;1508;2001
9401;2001;1891;2001
0788;2001;1932;2001
3059;2001;2346;2001
5858;2001;1129;2001
8038;2001;1507;2001
3398;2001;1578;2001
3967;2001;1066;2001
2586;2001;1698;2001
7795;2001;1473;2001
4357;2001;2623;2001
5788;2001;1806;2001
7176;2001;2210;2001
8035;2001;3409;2001
3530;2001;4179;2001
6637;2001;2669;2001
2751;2001;3040;2001
8593;2001;4388;2001
1964;2001;2640;2001
9049;2001;2055;2001
9892;2001;3867;2001
7656;2001;3419;2001
3075;2001;1549;2001
4545;2001;1116;2001
5738;2001;1201;2001
4921;2001;1963;2001
8164;2001;2692;2001
7871;2001;610;2001
0975;2001;5582;2001
3809;2001;3620;2001
8753;2001;1858;2001
2035;2001;4094;2001
1636;2001;1936;2001
9367;2001;1826;2001
5073;2001;12890;2001
3315;2001;5105;2001
2987;2001;4269;2001
7490;2001;2646;2001
7988;2001;2004;2001
0009;2001;1748;2001
8327;2001;1519;2001
1537;2001;2184;2001
8130;2001;665;2001
2535;2001;3012;2001
9153;2001;2557;2001
0289;2001;2516;2001
7611;2001;1418;2001
6384;2001;1357;2001
6763;2001;5818;2001
3386;2001;9515;2001
7653;2001;3277;2001
9590;2001;3152;2001
8833;2001;2346;2001
2955;2001;2277;2001
3043;2001;875;2001
1870;2001;3737;2001
1840;2001;1177;2001
0421;2001;806;2001
2242;2001;3216;2001
3108;2001;3715;2001
2430;2001;1064;2001
3786;2001;11568;2001
0134;2001;4196;2001
2466;2001;643;2001
1266;2001;4160;2001
9987;2001;5743;2001
4911;2001;1601;2001
1549;2001;3517;2001
9905;2001;3023;2001
7986;2001;680;2001
7117;2001;45912;2001
9117;2001;62315;2001
8315;2001;7351;2001
4666;2001;5859;2001
7062;2001;38499;2001
4675;2001;26522;2001
9609;2001;8586;2001
3465;2001;27598;2001
5305;2001;10621;2001
6905;2001;15268;2001
2212;2001;37048;2001
0051;2001;12101;2001
3276;2001;5307;2001
0628;2001;7060;2001
6496;2001;2026;2001
2082;2001;20707;2001
8106;2001;47980;2001
3844;2001;3256;2001
8488;2001;7394;2001
1880;2001;13265;2001
5268;2001;20062;2001
5932;2001;3654;2001
1306;2001;82040;2001
8134;2001;66822;2001
8110;2001;6706;2001
2293;2001;18930;2001
3311;2001;12548;2001
7406;2001;6838;2001
4493;2001;1765;2001
2191;2001;12113;2001
0814;2001;14569;2001
3698;2001;32737;2001
0503;2001;15090;2001
6226;2001;98597;2001
6388;2001;29557;2001
8802;2001;18632;2001
1402;2001;18266;2001
0768;2001;4264;2001
0191;2001;5619;2001
7109;2001;1815;2001
6414;2001;57529;2001
2685;2001;6205;2001
5696;2001;30097;2001
8362;2001;12911;2001
8121;2001;34502;2001
2511;2001;7679;2001
7043;2001;12845;2001
2471;2001;30238;2001
9545;2001;1002659;2001
1853;2001;32766;2001
0216;2001;22724;2001
6707;2001;14610;2001
3354;2001;12841;2001
5395;2001;5893;2001
1999;2001;19666;2001
0140;2001;13331;2001
7555;2001;40574;2001
4221;2001;25685;2001
6049;2001;60193;2001
4370;2001;78863;2001
2559;2001;10575;2001
4249;2001;24503;2001
1555;2001;36619;2001
8939;2001;56703;2001
3315;2001;7182;2001
0144;2001;10051;2001
1055;2001;50702;2001
1724;2001;24791;2001
9480;2001;3375;2001
6171;2001;9853;2001
1483;2001;8419;2001
7540;2001;28016;2001
9047;2001;31617;2001
9317;2001;18158;2001
3734;2001;5543;2001
8774;2001;14764;2001
5004;2001;4886;2001
4432;2001;3055;2001
6436;2001;33300;2001
9556;2001;16561;2001
6519;2001;7478;2001
4994;2001;15893;2001
5395;2001;48033;2001
6333;2001;90510;2001
2070;2001;3263;2001
3794;2001;20047;2001
8811;2001;26195;2001
9036;2001;4624;2001
2021;2001;21632;2001
9791;2001;10866;2001
2131;2001;9160;2001
0715;2001;5917;2001
8723;2001;3235;2001
0831;2001;4145;2001
6485;2001;2284;2001
1484;2001;2061;2001
7391;2001;23463;2001
5931;2001;11109;2001
3890;2001;7670;2001
5500;2001;52763;2001
8043;2001;3325;2001
2951;2001;4631;2001
1573;2001;4368;2001
7775;2001;2568;2001
8072;2001;411;2001
3355;2001;2856;2001
0622;2001;5828;2001
3488;2001;1067;2001
2827;2001;3786;2001
4880;2001;2279;2001
7239;2001;1694;2001
0937;2001;2067;2001
0746;2001;949;2001
3663;2001;1230;2001
6888;2001;2531;2001
1700;2001;1715;2001
3430;2001;10153;2001
7261;2001;2301;2001
6074;2001;606;2001
6024;2001;2489;2001
3106;2001;2864;2001
6327;2001;1453;2001
3990;2001;1571;2001
5501;2001;3333;2001
7042;2001;3448;2001
3895;2001;5096;2001
0393;2001;4126;2001
3349;2001;3825;2001
2631;2001;948;2001
1148;2001;8262;2001
1256;2001;1861;2001
8730;2001;2012;2001
0921;2001;2995;2001
2956;2001;1733;2001
2933;2001;3627;2001
5110;2001;6113;2001
0681;2001;1294;2001
7454;2001;3100;2001
7195;2001;1603;2001
6840;2001;1988;2001
9019;2001;11765;2001
9585;2001;8273;2001
3734;2001;581;2001
0056;2001;4266;2001
2488;2001;3379;2001
9726;2001;8662;2001
4461;2001;2296;2001
2382;2001;1469;2001
9535;2001;7754;2001
0089;2001;3044;2001
6309;2001;5315;2001
5569;2001;913;2001
6654;2001;9531;2001
4756;2001;8044;2001
4120;2001;1412;2001
4535;2001;1654;2001
2983;2001;4920;2001
6005;2001;4407;2001
6764;2001;1636;2001
6255;2001;1726;2001
2187;2001;657;2001
4254;2001;2701;2001
1398;2001;393;2001
2415;2001;2548;2001
7281;2001;1641;2001
9911;2001;3004;2001
8428;2001;3245;2001
9311;2001;1580;2001
9083;2001;3006;2001
4554;2001;2333;2001
4116;2001;903;2001
8085;2001;3345;2001
9594;2001;791;2001
5865;2001;1228;2001
9153;2001;4685;2001
4659;2001;2387;2001
8989;2001;860;2001
5378;2001;1431;2001
1930;2001;1905;2001
9333;2001;1510;2001
0381;2001;1935;2001
4602;2001;934;2001
7448;2001;726;2001
1046;2001;4250;2001
4343;2001;1445;2001
7802;2001;1932;2001
4762;2001;1333;2001
1039;2001;1434;2001
0235;2001;879;2001
4994;2001;7036;2001
1867;2001;2398;2001
2134;2001;11806;2001
1034;2001;567;2001
6968;2001;3183;2001
6733;2001;3263;2001
3677;2001;1560;2001
7662;2001;1543;2001
4115;2001;2745;2001
2061;2001;1562;2001
5685;2001;2203;2001
0416;2001;1365;2001
2199;2001;635;2001
0025;2001;1281;2001
9641;2001;940;2001
9136;2001;3099;2001
1252;2001;1474;2001
1566;2001;2548;2001
0366;2001;991;2001
9992;2001;1995;2001
4183;2001;4222;2001
2100;2001;1426;2001
4967;2001;3014;2001
7664;2001;19960;2001
2302;2001;6317;2001
8222;2001;1272;2001
4817;2001;6748;2001
7001;2001;5428;2001
7655;2001;29776;2001
7339;2001;1803;2001
4528;2001;5392;2001
0047;2001;2230;2001
1206;2001;958;2001
6829;2001;2468;2001
9298;2001;15189;2001
8494;2001;50377;2001
7467;2001;1001;2001
4087;2001;5235;2001
9179;2001;5652;2001
5398;2001;2586;2001
4332;2001;2999;2001
9093;2001;1368;2001
5768;2001;6833;2001
3035;2001;15315;2001
1530;2001;558;2001
7503;2001;1141;2001
0264;2001;20224;2001
8221;2001;1299;2001
5691;2001;1663;2001
7096;2001;4589;2001
5545;2001;2024;2001
6341;2001;2138;2001
4332;2001;7797;2001
0593;2001;2251;2001
0629;2001;959;2001
5851;2001;12880;2001
2937;2001;3014;2001
4074;2001;1266;2001
5311;2001;52655;2001
6166;2001;2052;2001
7508;2001;4829;2001
4579;2001;2508;2001
9681;2001;2359;2001
3734;2001;1340;2001
1577;2001;3825;2001
1281;2001;698;2001
7461;2001;939;2001
9342;2001;3166;2001
7318;2001;2463;2001
9664;2001;762;2001
6631;2001;621;2001
5727;2001;35827;2001
5341;2001;1388;2001
6874;2001;12303;2001
8817;2001;807;2001
8506;2001;1292;2001
0750;2001;4163;2001
6125;2001;10991;2001
9883;2001;1466;2001
7006;2001;1115;2001
3430;2001;1008;2001
7442;2001;1087;2001
4538;2001;1948;2001
2220;2001;932;2001
6758;2001;1583;2001
2416;2001;1106;2001
2957;2001;879;2001
6714;2001;5728;2001
3331;2001;20362;2001
6624;2001;3013;2001
1887;2001;1818;2001
4423;2001;2189;2001
2510;2001;2460;2001
8817;2001;7825;2001
1614;2001;11534;2001
1659;2001;620;2001
6910;2001;1678;2001
2247;2001;7199;2001
1938;2001;777;2001
9354;2001;46546;2001
6624;2001;23871;2001
7132;2001;2034;2001
2425;2001;2193;2001
7239;2001;6405;2001
6214;2001;3996;2001
1007;2001;1535;2001
5503;2001;1291;2001
6115;2001;804;2001
1161;2001;5402;2001
9191;2001;32344;2001
2980;2001;4097;2001
0374;2001;10191;2001
8138;2001;1858;2001
9994;2001;1098;2001
1584;2001;722;2001
4696;2001;1233;2001
7654;2001;1775;2001
2380;2001;3027;2001
0799;2001;5322;2001
1653;2001;2498;2001
1891;2001;22699;2001
6531;2001;3888;2001
2433;2001;2334;2001
6706;2001;1917;2001
0409;2001;864;2001
9350;2001;2504;2001
9210;2001;1329;2001
1579;2001;7434;2001
5575;2001;1741;2001
3133;2001;9107;2001
5882;2001;2190;2001
6678;2001;415;2001
1813;2001;983;2001
6883;2001;909;2001
6570;2001;696;2001
2841;2001;12722;2001
7851;2001;2022;2001
8517;2001;138068;2001
5935;2001;686;2001
3872;2001;5990;2001
9015;2001;3739;2001
0517;2001;4598;2001
0237;2001;2163;2001
1713;2001;9487;2001
2807;2001;1002;2001
0544;2001;764;2001
5135;2001;1635;2001
9584;2001;1837;2001
3605;2001;3304;2001
6089;2001;812;2001
1436;2001;2743;2001
3297;2001;8391;2001
9173;2001;582;2001
1563;2001;9285;2001
7442;2001;2999;2001
1985;2001;7026;2001
0005;2001;31039;2001
7560;2001;5187;2001
8949;2001;47229;2001
8628;2001;1487;2001
2296;2001;397;2001
0331;2001;3818;2001
0424;2001;1464;2001
5692;2001;10108;2001
1133;2001;3451;2001
5173;2001;848;2001
2800;2001;1086;2001
2715;2001;8214;2001
4617;2001;1518;2001
0133;2001;1221;2001
0329;2001;2382;2001
2160;2001;603;2001
8260;2001;3910;2001
4361;2001;1763;2001
6021;2001;398;2001
3214;2001;8812;2001
7850;2001;1766;2001
5427;2001;3007;2001
5175;2001;8532;2001
0220;2001;12541;2001
2231;2001;399;2001
5166;2001;1475;2001
9550;2001;727;2001
4330;2001;427;2001
9284;2001;1239;2001
0844;2001;38274;2001
8515;2001;3695;2001
5883;2001;643;2001
4866;2001;1796;2001
1085;2001;775;2001
5930;2001;343;2001
1209;2001;1033;2001
3199;2001;1499;2001
4431;2001;145;2001
9029;2001;910;2001
7261;2001;682;2001
9014;2001;1040;2001
6992;2001;259;2001
6574;2001;954;2001
9597;2001;5431;2001
6392;2001;684;2001
6152;2001;265;2001
5744;2001;512;2001
7866;2001;92;2001
7974;2001;5091;2001
0314;2001;525;2001
8839;2001;399;2001
4491;2001;5649;2001
0985;2001;1044;2001
3193;2001;198;2001
2943;2001;1238;2001
7993;2001;10978;2001
1647;2001;1664;2001
3454;2001;1080;2001
4896;2001;281;2001
4470;2001;3318;2001
6043;2001;312;2001
9434;2001;1061;2001
0194;2001;1504;2001
2093;2001;264;2001
9500;2001;998;2001
6437;2001;438;2001
8595;2001;416;2001
7066;2001;672;2001
1491;2001;313;2001
4034;2001;2277;2001
2376;2001;628;2001
1065;2001;1828;2001
9050;2001;68670;2001
4692;2001;1743;2001
8646;2001;5552;2001
4406;2001;942;2001
9092;2001;3538;2001
5330;2001;1441;2001
2077;2001;464;2001
4115;2001;2919;2001
2799;2001;1536;2001
0037;2001;628;2001
6036;2001;1022;2001
8979;2001;608;2001
9041;2001;460;2001
3594;2001;952;2001
1663;2001;798;2001
9992;2001;1982;2001
3769;2001;1203;2001
5877;2001;1266;2001
1546;2001;700;2001
1672;2001;2114;2001
7946;2001;4520;2001
0627;2001;1202;2001
8482;2001;1247;2001
4356;2001;3056;2001
4565;2001;1011;2001
6545;2001;547;2001
6737;2001;7812;2001
5958;2001;1091;2001
9926;2001;2961;2001
0010;2001;682;2001
3066;2001;757;2001
1002;2001;524;2001
6186;2001;445;2001
5454;2001;1428;2001
9611;2001;184;2001
9078;2001;1606;2001
7609;2001;3999;2001
0984;2001;142;2001
4917;2001;1602;2001
2122;2001;560;2001
8113;2001;1339;2001
9441;2001;436;2001
6990;2001;118;2001
0362;2001;2569;2001
6763;2001;2122;2001
3524;2001;594;2001
0023;2001;2746;2001
3816;2001;2512;2001
3409;2001;477;2001
9269;2001;25354;2001
4575;2001;6519;2001
6549;2001;379;2001
9559;2001;2950;2001
4430;2001;6002;2001
1994;2001;636;2001
9897;2001;201;2001
2152;2001;432;2001
7412;2001;1002;2001
5243;2001;589;2001
1945;2001;1004;2001
5964;2001;10365;2001
9198;2001;1766;2001
1358;2001;961;2001
1814;2001;11248;2001
8534;2001;2384;2001
0437;2001;6924;2001
8747;2001;2189;2001
4242;2001;7264;2001
7370;2001;1813;2001
1590;2001;544;2001
1758;2001;6654;2001
6807;2001;1387;2001
6851;2001;2560;2001
7942;2001;1621;2001
9394;2001;2754;2001
3629;2001;1969;2001
7365;2001;5242;2001
0132;2001;2200;2001
6321;2001;3268;2001
8131;2001;2481;2001
1134;2001;3757;2001
9439;2001;845;2001
3029;2001;1537;2001
7721;2001;389;2001
0022;2001;21399;2001
0451;2001;4878;2001
5937;2001;1179;2001
5649;2001;8047;2001
7267;2001;3319;2001
4477;2001;8296;2001
0112;2001;4400;2001
1503;2001;6793;2001
0981;2001;1754;2001
4852;2001;310;2001
1092;2001;13087;2001
7984;2001;691;2001
2666;2001;22991;2001
3621;2001;8821;2001
2025;2001;5279;2001
6260;2001;14479;2001
8396;2001;50978;2001
2171;2001;1679;2001
3802;2001;2690;2001
9730;2001;7856;2001
1357;2001;1491;2001
7595;2001;1271;2001
6581;2001;13472;2001
4015;2001;422;2001
5272;2001;3737;2001
9582;2001;1267;2001
9864;2001;413;2001
9114;2001;2984;2001
4127;2001;3723;2001
9886;2001;2117;2001
0819;2001;732;2001
5745;2001;885;2001
0255;2001;1535;2001
8181;2001;9080;2001
0216;2001;12019;2001
8796;2001;1387;2001
0967;2001;2043;2001
9837;2001;5387;2001
7322;2001;285;2001
9612;2001;1669;2001
3095;2001;1727;2001
4724;2001;1798;2001
0704;2001;3076;2001
4992;2001;7610;2001
2628;2001;5636;2001
5010;2001;1112;2001
5743;2001;40933;2001
2571;2001;3177;2001
7619;2001;1685;2001
1933;2001;12484;2001
3625;2001;116360;2001
3466;2001;556;2001
0482;2001;7522;2001
5577;2001;1351;2001
7711;2001;608;2001
0403;2001;5561;2001
0562;2001;993;2001
7943;2001;3105;2001
8046;2001;304;2001
4190;2001;363;2001
3977;2001;1961;2001
3408;2001;3992;2001
8876;2001;614;2001
0140;2001;15423;2001
6672;2001;2764;2001
9177;2001;3149;2001
1123;2001;851;2001
3297;2001;446;2001
1813;2001;884;2001
3302;2001;2534;2001
5443;2001;2337;2001
3917;2001;1323;2001
7168;2001;1262;2001
9761;2001;10382;2001
2605;2001;956;2001
5065;2001;440;2001
0774;2001;4922;2001
3819;2001;125;2001
9125;2001;1508;2001
8540;2001;741;2001
5643;2001;781;2001
5382;2001;1389;2001
6686;2001;1080;2001
0150;2001;6483;2001
0003;2001;2948;2001
0348;2001;5971;2001
8861;2001;3912;2001
0706;2001;479;2001
9854;2001;2227;2001
6780;2001;1096;2001
5667;2001;52562;2001
4612;2001;420;2001
7215;2001;957;2001
2952;2001;282;2001
0466;2001;587;2001
2342;2001;3050;2001
3910;2001;4426;2001
8472;2001;411;2001
9639;2001;1934;2001
6920;2001;1624;2001
5326;2001;1122;2001
1405;2001;5350;2001
0892;2001;454;2001
0890;2001;22914;2001
1473;2001;1081;2001
4882;2001;1933;2001
9899;2001;1278;2001
5592;2001;390;2001
4704;2001;1694;2001
6462;2001;3074;2001
8873;2001;1310;2001
5007;2001;9531;2001
5630;2001;514;2001
3710;2001;1486;2001
9366;2001;35770;2001
6155;2001;769;2001
1288;2001;404;2001
1795;2001;817;2001
7343;2001;4505;2001
4635;2001;1113;2001
2860;2001;187;2001
2680;2001;106;2001
9988;2001;928;2001
2123;2001;2407;2001
1034;2001;2065;2001
4460;2001;4052;2001
8748;2001;22684;2001
7796;2001;4414;2001
6285;2001;1480;2001
7780;2001;1164;2001
1930;2001;1171;2001
0201;2001;360;2001
0313;2001;552;2001
4826;2001;1657;2001
9215;2001;1183;2001
9473;2001;938;2001
1679;2001;2341;2001
1258;2001;1100;2001
4451;2001;934;2001
2985;2001;1431;2001
1630;2001;3816;2001
2198;2001;1958;2001
6994;2001;2345;2001
0059;2001;1409;2001
0066;2001;1658;2001
8107;2001;153;2001
2314;2001;334;2001
2691;2001;1194;2001
6714;2001;288;2001
7311;2001;10035;2001
4080;2001;971;2001
6994;2001;17242;2001
7078;2001;1728;2001
8275;2001;2448;2001
0003;2001;4898;2001
2546;2001;3691;2001
5706;2001;1392;2001
8990;2001;507;2001
9592;2001;4177;2001
1177;2001;3085;2001
5280;2001;1943;2001
2887;2001;1169;2001
6763;2001;3746;2001
1148;2001;1581;2001
8822;2001;1236;2001
4397;2001;562;2001
2727;2001;1756;2001
3450;2001;35388;2001
1285;2001;1054;2001
7323;2001;2439;2001
2301;2001;1478;2001
3673;2001;152;2001
0991;2001;160;2001
5994;2001;798;2001
9948;2001;2643;2001
6291;2001;8308;2001
2797;2001;1856;2001
8100;2001;1406;2001
1117;2001;50846;2001
6986;2001;625;2001
7216;2001;2079;2001
4253;2001;1055;2001
6792;2001;6326;2001
2766;2001;2437;2001
0650;2001;629;2001
2234;2001;420;2001
5442;2001;655;2001
6192;2001;1892;2001
9573;2001;1140;2001
9074;2001;4261;2001
7934;2001;722;2001
8931;2001;670;2001
6946;2001;812;2001
9090;2001;2460;2001
4682;2001;506;2001
7725;2001;3168;2001
3232;2001;1614;2001
6807;2001;1738;2001
7549;2001;854;2001
5262;2001;1151;2001
7148;2001;777;2001
9461;2001;5167;2001
7729;2001;1910;2001
7654;2001;7056;2001
2663;2001;919;2001
5626;2001;950;2001
8725;2001;649;2001
7288;2001;751;2001
5076;2001;1339;2001
4209;2001;1067;2001
4271;2001;1822;2001
2000;2001;184;2001
2140;2001;673;2001
6234;2001;1235;2001
9189;2001;1588;2001
5679;2001;1866;2001
7629;2001;491;2001
2909;2001;469;2001
3143;2001;6690;2001
6630;2001;556;2001
8402;2001;761;2001
8848;2001;1281;2001
8180;2001;1935;2001
4006;2001;3409;2001
5151;2001;1286;2001
2809;2001;1598;2001
0790;2001;259;2001
1133;2001;2545;2001
0324;2001;166;2001
0357;2001;5691;2001
9604;2001;666;2001
8271;2001;2587;2001
0445;2001;951;2001
7348;2001;1303;2001
2695;2001;623;2001
8460;2001;269;2001
3717;2001;805;2001
0823;2001;1107;2001
4484;2001;659;2001
0509;2001;1071;2001
0482;2001;1163;2001
6525;2001;4821;2001
3294;2001;723;2001
2837;2001;440;2001
3656;2001;4925;2001
8688;2001;393;2001
2475;2001;2267;2001
3689;2001;2165;2001
8338;2001;1435;2001
9697;2001;991;2001
6342;2001;30303;2001
7316;2001;886;2001
0582;2001;1547;2001
7014;2001;5310;2001
5110;2001;1110;2001
6495;2001;3062;2001
4777;2001;2766;2001
7358;2001;2704;2001
7438;2001;1130;2001
0114;2001;2222;2001
5018;2001;13654;2001
6659;2001;6378;2001
6445;2001;3082;2001
9296;2001;3972;2001
8365;2001;8602;2001
8068;2001;2826;2001
0009;2001;5905;2001
7074;2001;1291;2001
0494;2001;4706;2001
3631;2001;1950;2001
9320;2001;2153;2001
4735;2001;1954;2001
7861;2001;1458;2001
4839;2001;1751;2001
4214;2001;1981;2001
4134;2001;185;2001
9165;2001;57406;2001
5120;2001;1785;2001
8518;2001;4105;2001
0932;2001;755;2001
2566;2001;155223;2001
4612;2001;4525;2001
1780;2001;370;2001
1531;2001;6267;2001
7874;2001;35160;2001
5385;2001;57706;2001
6980;2001;12569;2001
4798;2001;6328;2001
4109;2001;1406;2001
1262;2001;13897;2001
9409;2001;946;2001
0111;2001;3307;2001
4616;2001;17661;2001
7028;2001;966;2001
3899;2001;4335;2001
6447;2001;2957;2001
8824;2001;2880;2001
3971;2001;2309;2001
4522;2001;2039;2001
4475;2001;3758;2001
0556;2001;1313;2001
2295;2001;14355;2001
8797;2001;26159;2001
1945;2001;15749;2001
6222;2001;1495;2001
3583;2001;18025;2001
1599;2001;6107;2001
3053;2001;55789;2001
1369;2001;2312;2001
3592;2001;4343;2001
8631;2001;4739;2001
8123;2001;5029;2001
0124;2001;17033;2001
7661;2001;14463;2001
2461;2001;7479;2001
0817;2001;8123;2001
1882;2001;13433;2001
9910;2001;595;2001
3470;2001;1991;2001
3420;2001;2581;2001
7455;2001;3002;2001
0240;2001;21592;2001
8140;2001;16226;2001
8225;2001;10874;2001
3698;2001;64225;2001
8809;2001;95728;2001
3867;2001;316714;2001
3518;2001;92156;2001
6534;2001;1926;2001
2434;2001;51690;2001
9455;2001;10154;2001
3375;2001;56949;2001
9814;2001;9855;2001
9318;2001;31467;2001
1383;2001;14382;2001
4316;2001;16718;2001
1980;2001;11993;2001
1286;2001;18262;2001
9108;2001;4718;2001
4205;2001;24054;2001
3438;2001;44971;2001
9365;2001;27670;2001
2977;2001;20286;2001
7092;2001;42220;2001
3018;2001;12454;2001
1847;2001;13910;2001
4083;2001;10220;2001
2430;2001;35976;2001
9395;2001;25924;2001
9734;2001;62516;2001
8895;2001;46738;2001
5995;2001;19569;2001
7924;2001;23680;2001
7125;2001;20838;2001
4440;2001;1519;2001
0856;2001;16371;2001
1539;2001;28154;2001
8524;2001;17562;2001
8250;2001;25717;2001
2338;2001;6957;2001
7932;2001;9370;2001
8496;2001;26077;2001
0061;2001;7350;2001
2299;2001;27512;2001
3505;2001;8910;2001
4127;2001;53227;2001
1053;2001;26294;2001
4004;2001;11325;2001
9785;2001;17176;2001
1713;2001;7295;2001
9348;2001;6054;2001
3131;2001;17384;2001
3008;2001;13001;2001
0639;2001;3518;2001
4123;2001;5650;2001
4860;2001;22137;2001
1217;2001;31864;2001
1633;2001;14996;2001
3285;2001;5816;2001
1773;2001;10180;2001
4088;2001;31738;2001
7199;2001;48784;2001
0688;2001;5388;2001
9936;2001;30949;2001
7458;2001;5195;2001
4326;2001;4275;2001
8487;2001;2394;2001
9597;2001;16575;2001
8622;2001;7477;2001
9626;2001;15811;2001
2688;2001;10233;2001
8386;2001;1770;2001
5594;2001;15648;2001
1945;2001;8833;2001
5688;2001;16144;2001
2499;2001;202133;2001
9250;2001;4079;2001
3199;2001;14559;2001
6281;2001;89051;2001
6181;2001;14965;2001
0197;2001;21326;2001
8391;2001;6825;2001
1692;2001;12079;2001
6282;2001;8741;2001
7138;2001;38732;2001
9381;2001;36261;2001
3816;2001;15359;2001
0524;2001;27548;2001
6670;2001;15176;2001
5568;2001;32895;2001
0438;2001;7101;2001
5347;2001;6239;2001
6771;2001;10549;2001
9404;2001;14995;2001
0789;2001;20045;2001
3365;2001;5129;2001
7635;2001;10617;2001
1455;2001;8669;2001
6992;2001;4708;2001
6922;2001;6550;2001
7895;2001;5081;2001
5298;2001;6047;2001
7115;2001;5130;2001
5803;2001;9684;2001
5614;2001;3449;2001
7446;2001;1853;2001
7498;2001;3041;2001
1805;2001;7302;2001
8784;2001;11240;2001
3483;2001;1751;2001
7075;2001;2810;2001
2407;2001;12155;2001
9866;2001;3833;2001
7273;2001;20553;2001
9451;2001;3101;2001
6247;2001;4086;2001
7690;2001;5454;2001
7252;2001;10694;2001
7892;2001;6676;2001
5310;2001;22288;2001
4136;2001;5644;2001
1202;2001;5731;2001
3571;2001;4123;2001
8073;2001;9085;2001
4240;2001;3291;2001
5982;2001;5668;2001
6232;2001;28079;2001
0767;2001;15873;2001
2141;2001;20251;2001
2664;2001;1282;2001
0434;2001;1796;2001
0292;2001;6175;2001
9964;2001;83359;2001
8051;2001;7964;2001
5021;2001;13935;2001
3456;2001;10155;2001
6639;2001;15271;2001
2479;2001;9522;2001
4921;2001;1766;2001
6288;2001;11619;2001
3098;2001;9298;2001
5488;2001;7468;2001
1027;2001;2209;2001
7990;2001;3752;2001
1286;2001;3945;2001
7430;2001;13677;2001
5283;2001;2768;2001
5676;2001;3504;2001
7672;2001;5263;2001
2405;2001;30528;2001
3020;2001;5917;2001
1265;2001;2659;2001
0767;2001;8453;2001
2249;2001;2489;2001
1936;2001;5274;2001
9724;2001;1593;2001
0919;2001;9581;2001
6891;2001;1744;2001
9596;2001;6069;2001
3605;2001;5632;2001
2878;2001;10323;2001
7266;2001;9531;2001
8722;2001;8865;2001
0704;2001;4490;2001
0223;2001;1446;2001
0888;2001;7352;2001
5773;2001;5736;2001
6434;2001;6137;2001
1975;2001;3723;2001
8242;2001;3104;2001
3303;2001;6752;2001
7759;2001;1902;2001
3541;2001;4071;2001
4549;2001;5527;2001
0952;2001;4934;2001
4246;2001;3814;2001
7841;2001;15345;2001
7645;2001;2688;2001
4053;2001;4596;2001
9883;2001;1789;2001
7833;2001;12778;2001
6796;2001;12439;2001
1310;2001;12509;2001
7107;2001;2867;2001
4333;2001;14137;2001
3298;2001;17391;2001
5014;2001;5299;2001
3962;2001;10805;2001
4580;2001;4338;2001
3084;2001;14055;2001
2746;2001;7574;2001
9545;2001;2205;2001
7748;2001;2217;2001
5637;2001;2561;2001
1329;2001;4459;2001
1891;2001;1798;2001
6428;2001;3002;2001
8730;2001;1595;2001
0960;2001;1947;2001
9759;2001;792;2001
4764;2001;3729;2001
4799;2001;12023;2001
1552;2001;1997;2001
0536;2001;1512;2001
6026;2001;2761;2001
1248;2001;3245;2001
7108;2001;5427;2001
9393;2001;4071;2001
8792;2001;899;2001
3933;2001;2210;2001
0062;2001;580;2001
4752;2001;974;2001
4988;2001;1590;2001
5287;2001;852;2001
2226;2001;412;2001
8974;2001;1230;2001
9704;2001;2335;2001
9720;2001;982;2001
9082;2001;968;2001
7744;2001;1727;2001
4522;2001;1436;2001
7381;2001;835;2001
0174;2001;2134;2001
3384;2001;3009;2001
6443;2001;1619;2001
0762;2001;763;2001
8094;2001;3302;2001
3050;2001;2531;2001
8176;2001;4359;2001
6309;2001;1013;2001
9243;2001;6110;2001
6493;2001;1830;2001
6795;2001;759;2001
1535;2001;6124;2001
6584;2001;5275;2001
7081;2001;2245;2001
6261;2001;13786;2001
6602;2001;13251;2001
8331;2001;5259;2001
9669;2001;5125;2001
0118;2001;4704;2001
8172;2001;1858;2001
2237;2001;16096;2001
3406;2001;606;2001
5514;2001;4579;2001
1319;2001;2001;2001
8710;2001;1563;2001
1899;2001;6099;2001
2283;2001;1552;2001
7095;2001;1177;2001
8777;2001;3962;2001
9104;2001;5176;2001
8449;2001;2139;2001
5077;2001;6188;2001
0983;2001;4526;2001
7016;2001;1305;2001
2322;2001;5484;2001
4348;2001;68960;2001
8736;2001;4654;2001
5035;2001;1207;2001
5133;2001;13432;2001
4850;2001;1772;2001
7704;2001;2997;2001
7347;2001;1754;2001
9264;2001;3890;2001
4492;2001;3678;2001
6183;2001;1258;2001
3938;2001;1628;2001
0710;2001;1302;2001
2479;2001;879;2001
6984;2001;3827;2001
3892;2001;956;2001
1587;2001;1910;2001
1002;2001;1466;2001
0966;2001;6634;2001
6866;2001;1346;2001
4316;2001;868;2001
9003;2001;2353;2001
8366;2001;1230;2001
3055;2001;7176;2001
1820;2001;1766;2001
2984;2001;748;2001
0724;2001;1534;2001
2644;2001;6402;2001
6824;2001;3610;2001
6401;2001;3249;2001
1865;2001;2391;2001
9967;2001;785;2001
3645;2001;2211;2001
3884;2001;12134;2001
2501;2001;3098;2001
8277;2001;3487;2001
6975;2001;3197;2001
3182;2001;728;2001
7333;2001;4000;2001
3673;2001;2426;2001
4079;2001;1270;2001
2064;2001;11973;2001
6911;2001;884;2001
9044;2001;440;2001
6094;2001;1523;2001
0415;2001;793;2001
1084;2001;9352;2001
6111;2001;1199;2001
9259;2001;1181;2001
6294;2001;5781;2001
1508;2001;2604;2001
4602;2001;5723;2001
0939;2001;57873;2001
8387;2001;2622;2001
9960;2001;7997;2001
8072;2001;10112;2001
7501;2001;6417;2001
1843;2001;586;2001
6697;2001;17791;2001
6566;2001;15083;2001
6667;2001;4479;2001
7164;2001;3218;2001
4368;2001;3093;2001
2582;2001;1505;2001
0583;2001;2292;2001
1430;2001;5596;2001
1609;2001;6309;2001
9300;2001;5508;2001
2189;2001;1792;2001
1781;2001;6726;2001
7052;2001;1284;2001
4536;2001;2067;2001
6274;2001;21889;2001
5059;2001;2435;2001
2952;2001;891;2001
6690;2001;1780;2001
1106;2001;740;2001
5604;2001;766;2001
7159;2001;4489;2001
4560;2001;13259;2001
9084;2001;3139;2001
4228;2001;2811;2001
9782;2001;3015;2001
5531;2001;925;2001
0850;2001;8880;2001
3200;2001;1540;2001
1967;2001;10924;2001
8185;2001;1891;2001
8466;2001;3384;2001
5945;2001;2540;2001
5740;2001;1206;2001
9643;2001;1429;2001
6457;2001;2630;2001
3666;2001;871;2001
8228;2001;8288;2001
4296;2001;3537;2001
2733;2001;385;2001
9445;2001;2479;2001
0676;2001;17556;2001
9477;2001;3070;2001
5571;2001;10030;2001
0613;2001;464;2001
6357;2001;22381;2001
7468;2001;3174;2001
8584;2001;529;2001
9617;2001;2923;2001
3177;2001;3235;2001
0861;2001;1017;2001
8954;2001;1462;2001
1417;2001;10322;2001
6187;2001;1121;2001
9840;2001;1386;2001
5793;2001;1413;2001
6400;2001;38188;2001
8605;2001;72940;2001
6974;2001;1262;2001
1022;2001;8665;2001
2068;2001;5071;2001
3725;2001;4190;2001
6617;2001;930;2001
6743;2001;4199;2001
2708;2001;1410;2001
1646;2001;1015;2001
7008;2001;2454;2001
0600;2001;3345;2001
0161;2001;3088;2001
1138;2001;2500;2001
7961;2001;8299;2001
7085;2001;1869;2001
7482;2001;2383;2001
4629;2001;1530;2001
9546;2001;3059;2001
0808;2001;2269;2001
3336;2001;904;2001
2096;2001;1000;2001
9328;2001;4180;2001
2379;2001;2343;2001
2542;2001;4335;2001
6500;2001;3134;2001
6003;2001;10447;2001
7812;2001;1331;2001
9159;2001;887;2001
2373;2001;2078;2001
3158;2001;3032;2001
2731;2001;1720;2001
0425;2001;2562;2001
3222;2001;2337;2001
8110;2001;1021;2001
6846;2001;8081;2001
1555;2001;1755;2001
6698;2001;17365;2001
8744;2001;2139;2001
2533;2001;4962;2001
8770;2001;3719;2001
5830;2001;1508;2001
0460;2001;547;2001
6014;2001;2955;2001
4127;2001;1502;2001
7394;2001;1921;2001
6663;2001;373;2001
8807;2001;17181;2001
2168;2001;1014;2001
6176;2001;2317;2001
2016;2001;1379;2001
8673;2001;2126;2001
6546;2001;975;2001
3317;2001;1379;2001
2391;2001;1462;2001
8163;2001;1228;2001
4092;2001;911;2001
5918;2001;6279;2001
4201;2001;34410;2001
0291;2001;3363;2001
8772;2001;7742;2001
6841;2001;5882;2001
4913;2001;4409;2001
6600;2001;1757;2001
9126;2001;35814;2001
1240;2001;1291;2001
6823;2001;2818;2001
6715;2001;1276;2001
5715;2001;1656;2001
5719;2001;700;2001
8737;2001;3939;2001
3970;2001;1761;2001
9596;2001;2569;2001
5092;2001;1397;2001
6832;2001;1707;2001
5285;2001;18563;2001
6283;2001;904;2001
9284;2001;3432;2001
1183;2001;5911;2001
4949;2001;7628;2001
8985;2001;1284;2001
6934;2001;1395;2001
8441;2001;607;2001
3442;2001;3711;2001
5466;2001;2295;2001
3426;2001;1380;2001
1160;2001;1308;2001
6249;2001;2213;2001
4204;2001;4828;2001
2170;2001;3113;2001
5644;2001;1412;2001
4163;2001;2036;2001
1502;2001;4296;2001
4967;2001;1388;2001
5554;2001;10046;2001
4635;2001;1578;2001
5118;2001;866;2001
2734;2001;1043;2001
2636;2001;7012;2001
2874;2001;4851;2001
2200;2001;2019;2001
2778;2001;2356;2001
4561;2001;5216;2001
1208;2001;1129;2001
2216;2001;4904;2001
2183;2001;5841;2001
7168;2001;9021;2001
6494;2001;2688;2001
5337;2001;1322;2001
6418;2001;3486;2001
7330;2001;4746;2001
0838;2001;1854;2001
6368;2001;1091;2001
8829;2001;2007;2001
9328;2001;863;2001
8676;2001;955;2001
8792;2001;571;2001
0666;2001;3420;2001
5570;2001;1396;2001
3743;2001;7045;2001
4779;2001;4564;2001
0502;2001;2071;2001
1190;2001;2599;2001
4125;2001;1779;2001
7223;2001;95091;2001
9153;2001;643;2001
9582;2001;494;2001
3688;2001;1348;2001
8247;2001;7114;2001
2845;2001;1030;2001
3399;2001;1657;2001
0100;2001;2438;2001
8062;2001;3287;2001
5252;2001;6640;2001
0251;2001;5233;2001
8301;2001;3483;2001
0411;2001;3604;2001
3812;2001;2109;2001
8533;2001;651;2001
0371;2001;573;2001
7817;2001;2197;2001
5464;2001;3609;2001
0791;2001;6445;2001
1937;2001;3824;2001
2659;2001;5302;2001
5552;2001;1587;2001
2035;2001;835;2001
9402;2001;1304;2001
3341;2001;4330;2001
6834;2001;544;2001
9053;2001;2197;2001
8982;2001;1024;2001
8432;2001;1400;2001
9398;2001;903;2001
7399;2001;1311;2001
8499;2001;4434;2001
2959;2001;841;2001
5792;2001;4708;2001
1687;2001;636;2001
3841;2001;1429;2001
3828;2001;2193;2001
8991;2001;1302;2001
7869;2001;2989;2001
6500;2001;2314;2001
8396;2001;2418;2001
3199;2001;598;2001
8918;2001;1869;2001
4530;2001;4282;2001
7227;2001;1914;2001
4845;2001;1131;2001
6942;2001;2276;2001
4332;2001;2319;2001
1712;2001;2001;2001
1559;2001;3095;2001
8091;2001;593;2001
4550;2001;5755;2001
6486;2001;3580;2001
2973;2001;5156;2001
3494;2001;2311;2001
7436;2001;3828;2001
2789;2001;925;2001
7924;2001;10006;2001
4957;2001;3493;2001
2796;2001;1621;2001
3260;2001;3183;2001
1084;2001;2265;2001
3059;2001;2664;2001
2624;2001;4075;2001
3697;2001;1344;2001
8782;2001;2430;2001
3295;2001;1888;2001
4255;2001;70477;2001
8960;2001;3477;2001
4872;2001;678;2001
1679;2001;2377;2001
9063;2001;1442;2001
7748;2001;4814;2001
0188;2001;1279;2001
8528;2001;11196;2001
7159;2001;2423;2001
9844;2001;4042;2001
3448;2001;1581;2001
9430;2001;471;2001
0561;2001;8343;2001
4995;2001;3963;2001
1371;2001;3877;2001
7427;2001;1393;2001
9648;2001;1176;2001
4105;2001;737;2001
0092;2001;4065;2001
9521;2001;401;2001
2971;2001;958;2001
4621;2001;622;2001
2657;2001;2313;2001
1624;2001;2443;2001
5414;2001;775;2001
7561;2001;7754;2001
2343;2001;677;2001
9509;2001;6453;2001
9827;2001;10688;2001
2945;2001;5063;2001
3736;2001;974;2001
3800;2001;3579;2001
5555;2001;1870;2001
1061;2001;843;2001
5876;2001;1204;2001
3403;2001;2290;2001
9874;2001;2964;2001
7186;2001;2173;2001
8668;2001;17768;2001
0708;2001;7048;2001
9745;2001;3600;2001
1905;2001;479;2001
6907;2001;5695;2001
7539;2001;12971;2001
0708;2001;3370;2001
1551;2001;6410;2001
5190;2001;1728;2001
3362;2001;590;2001
4033;2001;1068;2001
5328;2001;4990;2001
4083;2001;10505;2001
4469;2001;2795;2001
7332;2001;3433;2001
4508;2001;6893;2001
4757;2001;6425;2001
8739;2001;5546;2001
6163;2001;2703;2001
1209;2001;19432;2001
5690;2001;793;2001
5105;2001;1493;2001
8735;2001;3820;2001
7699;2001;11581;2001
9979;2001;1329;2001
0361;2001;179966;2001
2369;2001;1609;2001
2229;2001;7630;2001
8562;2001;793;2001
8198;2001;6748;2001
9210;2001;1347;2001
5572;2001;15038;2001
2181;2001;1084;2001
4002;2001;3367;2001
5662;2001;604;2001
5199;2001;3333;2001
3446;2001;4110;2001
0777;2001;1706;2001
3583;2001;620;2001
6363;2001;1983;2001
4089;2001;1088;2001
1995;2001;717;2001
9925;2001;435;2001
8795;2001;4059;2001
9996;2001;1382;2001
7968;2001;1462;2001
5297;2001;1044;2001
1308;2001;5169;2001
8540;2001;3335;2001
0617;2001;955;2001
8595;2001;16731;2001
2145;2001;2317;2001
3086;2001;392;2001
7650;2001;1366;2001
1081;2001;2814;2001
5444;2001;15794;2001
1204;2001;538;2001
1240;2001;2325;2001
1747;2001;13113;2001
1980;2001;4343;2001
8931;2001;43897;2001
8093;2001;3197;2001
8635;2001;7489;2001
8321;2001;11270;2001
3203;2001;14564;2001
7569;2001;30570;2001
9007;2001;4817;2001
3516;2001;29201;2001
3148;2001;4120;2001
5739;2001;4659;2001
2580;2001;77859;2001
6329;2001;50366;2001
0073;2001;10968;2001
5311;2001;7209;2001
7263;2001;11382;2001
4570;2001;1713;2001
4155;2001;1827;2001
4210;2001;11562;2001
9436;2001;5090;2001
1187;2001;3798;2001
1194;2001;68460;2001
9626;2001;11351;2001
1009;2001;2418;2001
2764;2001;7342;2001
9748;2001;4192;2001
6975;2001;2489;2001
6806;2001;1367;2001
7839;2001;5267;2001
4355;2001;9199;2001
8351;2001;51093;2001
8343;2001;5679;2001
4710;2001;2032;2001
2934;2001;10310;2001
9697;2001;5193;2001
6253;2001;3467;2001
4101;2001;1752;2001
0237;2001;6251;2001
2312;2001;8516;2001
9459;2001;4560;2001
4562;2001;607;2001
5060;2001;5764;2001
5164;2001;1397;2001
7206;2001;3711;2001
1204;2001;10106;2001
5940;2001;25771;2001
7859;2001;9635;2001
9185;2001;9006;2001
1963;2001;3826;2001
0401;2001;3412;2001
0593;2001;992;2001
2410;2001;13800;2001
8343;2001;5379;2001
5502;2001;3296;2001
4206;2001;3969;2001
1617;2001;10235;2001
1646;2001;4234;2001
4760;2001;1974;2001
6439;2001;11397;2001
5295;2001;9451;2001
4635;2001;7590;2001
3465;2001;2091;2001
8844;2001;1890;2001
1410;2001;2303;2001
9852;2001;1139;2001
1660;2001;1076;2001
9968;2001;1913;2001
5663;2001;6216;2001
3267;2001;3134;2001
4317;2001;7380;2001
4267;2001;6950;2001
2663;2001;3037;2001
4886;2001;23229;2001
1685;2001;31990;2001
8912;2001;6170;2001
0755;2001;3864;2001
0959;2001;2531;2001
5900;2001;687042;2001
6497;2001;30970;2001
1025;2001;3682;2001
3443;2001;3296;2001
9165;2001;6213;2001
6583;2001;4151;2001
9291;2001;3102;2001
0363;2001;5691;2001
7171;2001;1786;2001
5662;2001;2846;2001
8522;2001;5001;2001
7815;2001;8331;2001
3653;2001;2154;2001
7416;2001;876;2001
5995;2001;9503;2001
1931;2001;2723;2001
9024;2001;506;2001
1922;2001;26924;2001
8463;2001;10683;2001
5422;2001;3475;2001
6815;2001;8275;2001
1922;2001;2759;2001
2407;2001;1333;2001
7793;2001;4144;2001
9001;2001;2179;2001
0075;2001;3082;2001
8004;2001;18265;2001
6441;2001;3373;2001
6956;2001;703;2001
9812;2001;1198;2001
9346;2001;2472;2001
9386;2001;929;2001
2744;2001;2573;2001
6346;2001;1122;2001
1418;2001;41289;2001
0685;2001;744;2001
6646;2001;5483;2001
1665;2001;3557;2001
4275;2001;12672;2001
7645;2001;4020;2001
2587;2001;3593;2001
6219;2001;1148;2001
7781;2001;1554;2001
4281;2001;3551;2001
8280;2001;1084;2001
0694;2001;2905;2001
9304;2001;2813;2001
1324;2001;530;2001
3367;2001;2849;2001
6563;2001;1791;2001
6937;2001;1676;2001
3312;2001;617;2001
2116;2001;1230;2001
1890;2001;865;2001
7262;2001;4338;2001
9981;2001;958;2001
9132;2001;3276;2001
5543;2001;3388;2001
6505;2001;2700;2001
3107;2001;3118;2001
9083;2001;406;2001
2904;2001;9154;2001
4824;2001;7227;2001
0474;2001;1575;2001
3838;2001;2009;2001
9835;2001;1683;2001
7899;2001;643;2001
7241;2001;2481;2001
3863;2001;1896;2001
9924;2001;999;2001
7212;2001;10546;2001
1100;2001;1648;2001
7352;2001;846;2001
7094;2001;966;2001
8536;2001;758;2001
6941;2001;1746;2001
8503;2001;2174;2001
7508;2001;251908;2001
7023;2001;32074;2001
5356;2001;1434;2001
2692;2001;1101;2001
4678;2001;5536;2001
5996;2001;810;2001
2598;2001;3086;2001
3623;2001;777;2001
3769;2001;1784;2001
8009;2001;2828;2001
3090;2001;860;2001
5764;2001;957;2001
7368;2001;4502;2001
4154;2001;3585;2001
1783;2001;1710;2001
4347;2001;2096;2001
1756;2001;6117;2001
4792;2001;1238;2001
0766;2001;13082;2001
6164;2001;1545;2001
9687;2001;3800;2001
2020;2001;1392;2001
1173;2001;931;2001
1681;2001;250;2001
9060;2001;4021;2001
1325;2001;1169;2001
1511;2001;831;2001
5448;2001;2330;2001
1232;2001;6302;2001
0502;2001;6929;2001
6292;2001;4544;2001
1406;2001;2193;2001
6798;2001;3076;2001
8183;2001;3503;2001
9964;2001;1669;2001
1634;2001;1165;2001
9765;2001;12832;2001
1676;2001;1341;2001
6740;2001;4701;2001
7814;2001;810;2001
3859;2001;3852;2001
1175;2001;8884;2001
9740;2001;1566;2001
9173;2001;4625;2001
2623;2001;4121;2001
0755;2001;1668;2001
7618;2001;2565;2001
0270;2001;3030;2001
5246;2001;5228;2001
1331;2001;10757;2001
1260;2001;6511;2001
5008;2001;7514;2001
6669;2001;1047;2001
0737;2001;3347;2001
2642;2001;1367;2001
6016;2001;1200;2001
5170;2001;3688;2001
2459;2001;8532;2001
2280;2001;6542;2001
9304;2001;5369;2001
9268;2001;3692;2001
3169;2001;54605;2001
2395;2001;3758;2001
7014;2001;10061;2001
5732;2001;4214;2001
2308;2001;3151;2001
8901;2001;1518;2001
0870;2001;4437;2001
3156;2001;2176;2001
4529;2001;6411;2001
3275;2001;11064;2001
8595;2001;31721;2001
9815;2001;8773;2001
0752;2001;3245;2001
1638;2001;4965;2001
0814;2001;4051;2001
8900;2001;949;2001
8745;2001;31059;2001
9760;2001;6194;2001
1421;2001;1288;2001
2217;2001;5711;2001
6784;2001;37941;2001
6320;2001;2088;2001
5780;2001;12768;2001
4124;2001;2734;2001
9092;2001;3117;2001
4873;2001;8765;2001
0626;2001;21549;2001
2257;2001;15925;2001
1009;2001;10066;2001
2988;2001;13326;2001
5006;2001;14112;2001
3693;2001;4434;2001
5211;2001;20160;2001
3715;2001;6157;2001
6663;2001;3765;2001
5594;2001;8179;2001
1673;2001;3061;2001
2752;2001;6551;2001
5212;2001;1722;2001
5183;2001;5381;2001
6678;2001;40288;2001
9908;2001;4783;2001
6292;2001;1496;2001
6333;2001;1219;2001
9465;2001;676;2001
5439;2001;5360;2001
2462;2001;61362;2001
1131;2001;3632;2001
3989;2001;4349;2001
0669;2001;72742;2001
0705;2001;2355;2001
5893;2001;12626;2001
6266;2001;3433;2001
5331;2001;1770;2001
4247;2001;11527;2001
8171;2001;27659;2001
2732;2001;2474;2001
9953;2001;11742;2001
7748;2001;23153;2001
8140;2001;6069;2001
9381;2001;6427;2001
7565;2001;7876;2001
5836;2001;1641;2001
3738;2001;3841;2001
8177;2001;1917;2001
0808;2001;8330;2001
7759;2001;6050;2001
1499;2001;5382;2001
7120;2001;13085;2001
1179;2001;4827;2001
2247;2001;4868;2001
1947;2001;5902;2001
0465;2001;2446;2001
7438;2001;28940;2001
2367;2001;3766;2001
3917;2001;14135;2001
5057;2001;14817;2001
8244;2001;3017;2001
5374;2001;21012;2001
1099;2001;7318;2001
2924;2001;7722;2001
1389;2001;951;2001
2778;2001;10064;2001
4134;2001;8651;2001
8921;2001;5682;2001
7243;2001;2545;2001
7058;2001;18271;2001
5343;2001;27007;2001
4289;2001;50233;2001
3333;2001;15393;2001
2207;2001;34498;2001
3264;2001;20456;2001
2753;2001;22488;2001
7255;2001;18485;2001
4172;2001;5199;2001
3734;2001;37438;2001
5540;2001;3016;2001
2097;2001;4685;2001
9022;2001;3738;2001
8977;2001;312513;2001
1599;2001;9665;2001
3224;2001;26378;2001
0164;2001;13380;2001
1500;2001;27377;2001
4453;2001;3169;2001
2466;2001;5429;2001
9572;2001;4032;2001
8462;2001;11106;2001
2795;2001;24551;2001
4748;2001;8179;2001
6713;2001;1097;2001
3176;2001;5590;2001
3009;2001;6320;2001
6782;2001;44011;2001
7063;2001;10219;2001
6505;2001;6228;2001
7851;2001;16550;2001
6802;2001;45782;2001
2334;2001;10135;2001
5431;2001;3658;2001
3861;2001;3525;2001
4330;2001;10474;2001
6137;2001;11205;2001
2459;2001;13955;2001
6313;2001;2962;2001
8476;2001;20772;2001
6491;2001;10348;2001
8123;2001;4756;2001
2721;2001;5877;2001
1248;2001;10438;2001
8595;2001;1638;2001
2767;2001;6758;2001
0259;2001;7883;2001
3092;2001;17014;2001
1562;2001;8257;2001
5169;2001;20535;2001
5218;2001;7251;2001
0944;2001;6598;2001
7508;2001;7090;2001
8653;2001;8173;2001
7833;2001;3670;2001
8317;2001;3542;2001
5280;2001;3091;2001
4684;2001;8011;2001
3740;2001;8112;2001
4008;2001;29050;2001
6296;2001;3347;2001
7530;2001;14455;2001
3699;2001;52689;2001
5500;2001;3340;2001
3764;2001;17954;2001
6595;2001;68927;2001
0850;2001;8480;2001
7215;2001;25577;2001
4725;2001;55366;2001
1579;2001;33893;2001
5914;2001;31334;2001
8310;2001;2316;2001
0509;2001;1189;2001
0628;2001;7517;2001
9089;2001;16896;2001
6155;2001;903;2001
8976;2001;2752;2001
4772;2001;20666;2001
2008;2001;12948;2001
7816;2001;24722;2001
4172;2001;12226;2001
9842;2001;23050;2001
9828;2001;21346;2001
5343;2001;9072;2001
4685;2001;20149;2001
7755;2001;123522;2001
0204;2001;7213;2001
3296;2001;9076;2001
0908;2001;3504;2001
9227;2001;11784;2001
3046;2001;1682;2001
9892;2001;1941;2001
3923;2001;38391;2001
8902;2001;816;2001
1886;2001;843;2001
8505;2001;10762;2001
2509;2001;671;2001
4460;2001;2171;2001
8768;2001;3155;2001
7940;2001;498;2001
8442;2001;1130;2001
5393;2001;3797;2001
7440;2001;4088;2001
8974;2001;886;2001
7583;2001;323;2001
7144;2001;800;2001
8381;2001;4133;2001
8315;2001;1193;2001
6697;2001;634;2001
0769;2001;1063;2001
8371;2001;4630;2001
0464;2001;600;2001
3436;2001;5402;2001
2502;2001;523;2001
6116;2001;1913;2001
3907;2001;1274;2001
1704;2001;976;2001
4001;2001;473;2001
0608;2001;1569;2001
0662;2001;688;2001
1904;2001;1109;2001
6868;2001;586;2001
4578;2001;9028;2001
8495;2001;1021;2001
0130;2001;11372;2001
0697;2001;1819;2001
5852;2001;2656;2001
6162;2001;805;2001
9593;2001;624;2001
3858;2001;134;2001
8220;2001;2438;2001
8547;2001;2068;2001
2256;2001;756;2001
8938;2001;1011;2001
9468;2001;1572;2001
3750;2001;3000;2001
6360;2001;45367;2001
4655;2001;2856;2001
6109;2001;3735;2001
0310;2001;3495;2001
0898;2001;5722;2001
1280;2001;11312;2001
3942;2001;835;2001
4411;2001;3451;2001
8776;2001;3505;2001
8803;2001;2489;2001
2684;2001;4793;2001
4120;2001;21055;2001
7985;2001;2995;2001
1002;2001;704;2001
5952;2001;622;2001
1899;2001;1094;2001
2847;2001;4347;2001
0333;2001;120808;2001
5057;2001;1461;2001
5828;2001;223;2001
3397;2001;7361;2001
4487;2001;1006;2001
0105;2001;12842;2001
8177;2001;13982;2001
2444;2001;3167;2001
2376;2001;1872;2001
5029;2001;1021;2001
0008;2001;2023;2001
1853;2001;1664;2001
8063;2001;3053;2001
7367;2001;3739;2001
6815;2001;2578;2001
9539;2001;3706;2001
2470;2001;1962;2001
3026;2001;1840;2001
4089;2001;1716;2001
4285;2001;1962;2001
5196;2001;2213;2001
6927;2001;1623;2001
8773;2001;566;2001
9702;2001;1431;2001
3115;2001;804;2001
0430;2001;1123;2001
9960;2001;2108;2001
5753;2001;1528;2001
4858;2001;2722;2001
9218;2001;1304;2001
8081;2001;960;2001
4258;2001;3862;2001
8972;2001;3885;2001
1022;2001;740;2001
3276;2001;588;2001
3679;2001;3477;2001
4346;2001;3263;2001
6755;2001;2333;2001
3269;2001;1538;2001
0155;2001;7926;2001
2787;2001;3925;2001
4978;2001;2882;2001
5327;2001;8195;2001
4099;2001;759;2001
6497;2001;548;2001
0356;2001;2521;2001
7597;2001;688;2001
7428;2001;836;2001
8744;2001;490;2001
2661;2001;4377;2001
4345;2001;983;2001
4900;2001;1666;2001
5299;2001;2349;2001
0587;2001;3000;2001
7929;2001;1000;2001
1777;2001;1453;2001
1613;2001;945;2001
1320;2001;2293;2001
2988;2001;2296;2001
8361;2001;3067;2001
4051;2001;3343;2001
7514;2001;2295;2001
1688;2001;5830;2001
1146;2001;644;2001
3736;2001;1333;2001
1494;2001;528;2001
4437;2001;2205;2001
8669;2001;2113;2001
7146;2001;1659;2001
7633;2001;11105;2001
0197;2001;593;2001
8294;2001;2579;2001
8037;2001;2058;2001
4744;2001;179;2001
1593;2001;640;2001
7317;2001;376;2001
0589;2001;36694;2001
8991;2001;1010;2001
7617;2001;1430;2001
6722;2001;2429;2001
7374;2001;7602;2001
2372;2001;1570;2001
8209;2001;1051;2001
9700;2001;464;2001
1843;2001;767;2001
6733;2001;951;2001
4319;2001;3138;2001
5958;2001;4539;2001
9957;2001;5873;2001
1765;2001;2300;2001
5932;2001;2736;2001
8335;2001;1423;2001
4462;2001;3014;2001
6760;2001;260;2001
8141;2001;942;2001
0708;2001;2520;2001
8474;2001;1732;2001
7449;2001;2329;2001
7668;2001;2396;2001
6103;2001;1043;2001
7228;2001;203;2001
5988;2001;3097;2001
7148;2001;1904;2001
1826;2001;754;2001
2049;2001;1582;2001
7880;2001;1012;2001
9345;2001;2382;2001
5657;2001;1967;2001
3784;2001;10948;2001
0512;2001;1948;2001
4624;2001;1229;2001
6731;2001;1121;2001
6501;2001;3716;2001
8006;2001;800;2001
3156;2001;579;2001
8487;2001;268;2001
0143;2001;2386;2001
5027;2001;2719;2001
2849;2001;9977;2001
9803;2001;1117;2001
4109;2001;1607;2001
6349;2001;1437;2001
3230;2001;760;2001
3510;2001;3695;2001
4494;2001;1205;2001
3890;2001;1467;2001
7001;2001;405;2001
1174;2001;7013;2001
7539;2001;577;2001
1722;2001;23995;2001
6242;2001;969;2001
2269;2001;1079;2001
3994;2001;1421;2001
3317;2001;1161;2001
8517;2001;2976;2001
0473;2001;163719;2001
0598;2001;2747;2001
4887;2001;21380;2001
5415;2001;30386;2001
1012;2001;6419;2001
8263;2001;1009;2001
7167;2001;6814;2001
7736;2001;4022;2001
3042;2001;7999;2001
1360;2001;1532;2001
5920;2001;6586;2001
3087;2001;2139;2001
1819;2001;3125;2001
1114;2001;1710;2001
5148;2001;383;2001
6223;2001;987;2001
8294;2001;1423;2001
4365;2001;2089;2001
5982;2001;553;2001
0555;2001;5172;2001
1869;2001;6955;2001
8014;2001;1079;2001
5101;2001;2964;2001
6654;2001;12678;2001
2299;2001;28166;2001
0416;2001;271;2001
5853;2001;1861;2001
0145;2001;2463;2001
3687;2001;6775;2001
7868;2001;4500;2001
5067;2001;4676;2001
2739;2001;1494;2001
8745;2001;3358;2001
1794;2001;2815;2001
5918;2001;1701;2001
6259;2001;1005;2001
4236;2001;3038;2001
1381;2001;712;2001
4953;2001;1466;2001
9677;2001;1237;2001
0900;2001;5378;2001
9158;2001;6516;2001
4104;2001;68182;2001
0433;2001;5277;2001
1591;2001;1742;2001
6243;2001;1413;2001
3983;2001;9422;2001
3709;2001;6100;2001
2252;2001;8514;2001
5145;2001;977;2001
2412;2001;6812;2001
4840;2001;3758;2001
1629;2001;1890;2001
6787;2001;2576;2001
8947;2001;11735;2001
6382;2001;3884;2001
2294;2001;4350;2001
8293;2001;5248;2001
6918;2001;1350;2001
6740;2001;27648;2001
3934;2001;1517;2001
2889;2001;4392;2001
7060;2001;2271;2001
8383;2001;9536;2001
7843;2001;5167;2001
2850;2001;15259;2001
2940;2001;5954;2001
7682;2001;166;2001
0203;2001;800;2001
5927;2001;4133;2001
3587;2001;1385;2001
9079;2001;15238;2001
3871;2001;2181;2001
7937;2001;1580;2001
1982;2001;1171;2001
1838;2001;3974;2001
0024;2001;1119;2001
5857;2001;1175;2001
6009;2001;535;2001
8211;2001;3747;2001
7603;2001;610;2001
7065;2001;6677;2001
7510;2001;2006;2001
4750;2001;14714;2001
5293;2001;2955;2001
3875;2001;3693;2001
9328;2001;698;2001
5900;2001;1494;2001
3076;2001;4843;2001
3595;2001;1350;2001
8870;2001;1770;2001
9709;2001;2887;2001
7934;2001;7072;2001
4454;2001;1937;2001
6861;2001;1469;2001
4283;2001;1114;2001
9316;2001;10800;2001
8875;2001;1312;2001
8946;2001;869;2001
6260;2001;7907;2001
4332;2001;20772;2001
3061;2001;318;2001
3112;2001;1234;2001
1070;2001;1600;2001
3483;2001;8225;2001
4265;2001;12899;2001
4115;2001;298;2001
1182;2001;8125;2001
3578;2001;2139;2001
7936;2001;6313;2001
4660;2001;8108;2001
6012;2001;896;2001
5962;2001;1408;2001
4499;2001;4534;2001
8460;2001;460;2001
9063;2001;1184;2001
1878;2001;416;2001
3865;2001;16994;2001
0185;2001;2517;2001
4302;2001;423;2001
2629;2001;1523;2001
7364;2001;10216;2001
4134;2001;9501;2001
9870;2001;648;2001
1037;2001;11700;2001
5907;2001;1729;2001
8802;2001;4671;2001
5337;2001;2766;2001
6236;2001;7404;2001
9508;2001;1605;2001
6883;2001;3109;2001
4693;2001;13620;2001
1263;2001;49090;2001
9587;2001;6971;2001
2083;2001;2585;2001
8430;2001;4846;2001
7400;2001;18281;2001
1525;2001;4320;2001
9790;2001;1336;2001
7785;2001;3816;2001
8809;2001;13338;2001
7045;2001;2127;2001
6795;2001;5326;2001
8756;2001;11100;2001
1434;2001;407;2001
5469;2001;438;2001
3790;2001;1768;2001
5680;2001;1947;2001
7145;2001;893;2001
6768;2001;1273;2001
5245;2001;8432;2001
5859;2001;1373;2001
5139;2001;461;2001
8524;2001;5836;2001
8007;2001;874;2001
3129;2001;921;2001
6382;2001;719;2001
5447;2001;1128;2001
5623;2001;1527;2001
4291;2001;1241;2001
8024;2001;357;2001
7065;2001;1636;2001
3894;2001;144;2001
9783;2001;577;2001
1987;2001;131;2001
7896;2001;1442;2001
8538;2001;276;2001
4721;2001;952;2001
2497;2001;1400;2001
4281;2001;265;2001
8745;2001;744;2001
5617;2001;836;2001
1728;2001;1975;2001
8861;2001;3399;2001
1500;2001;21178;2001
3702;2001;720;2001
7117;2001;908;2001
3513;2001;1948;2001
1461;2001;1069;2001
4490;2001;2464;2001
0189;2001;598;2001
2086;2001;2396;2001
9626;2001;1321;2001
7338;2001;990;2001
8301;2001;380;2001
5839;2001;424;2001
4436;2001;957;2001
4775;2001;326;2001
7327;2001;937;2001
6578;2001;2200;2001
2026;2001;1130;2001
6576;2001;1065;2001
6050;2001;623;2001
3408;2001;1087;2001
9461;2001;658;2001
9289;2001;1341;2001
1965;2001;647;2001
5904;2001;403;2001
0758;2001;277;2001
9354;2001;947;2001
3181;2001;921;2001
3164;2001;2928;2001
7012;2001;804;2001
4514;2001;11193;2001
8469;2001;2814;2001
2051;2001;536;2001
8673;2001;295;2001
4520;2001;1621;2001
3604;2001;407;2001
9624;2001;3928;2001
5296;2001;1157;2001
3723;2001;481;2001
3433;2001;430;2001
5735;2001;95;2001
0966;2001;1254;2001
5116;2001;840;2001
2196;2001;678;2001
7239;2001;157;2001
4117;2001;1694;2001
5886;2001;180;2001
0266;2001;1624;2001
2533;2001;8777;2001
5970;2001;3120;2001
4817;2001;1057;2001
4598;2001;4564;2001
8204;2001;560;2001
4582;2001;902;2001
6424;2001;958;2001
2346;2001;4967;2001
6808;2001;1199;2001
6691;2001;1668;2001
0619;2001;510;2001
9861;2001;4758;2001
1972;2001;892;2001
5004;2001;1730;2001
0142;2001;781;2001
1807;2001;1224;2001
5715;2001;574;2001
9653;2001;1624;2001
8665;2001;394;2001
4698;2001;1273;2001
5688;2001;31138;2001
3275;2001;1338;2001
8160;2001;350;2001
8472;2001;2502;2001
3156;2001;302;2001
1092;2001;2132;2001
4581;2001;822;2001
2826;2001;3501;2001
3569;2001;2905;2001
2187;2001;4412;2001
0500;2001;452;2001
7954;2001;2659;2001
4748;2001;2405;2001
4676;2001;1717;2001
4524;2001;2440;2001
8526;2001;1966;2001
0628;2001;563;2001
6128;2001;169;2001
1726;2001;997;2001
3563;2001;860;2001
3786;2001;399;2001
8199;2001;2149;2001
7513;2001;590;2001
0045;2001;243;2001
8590;2001;2488;2001
3402;2001;497;2001
0943;2001;198;2001
8006;2001;10211;2001
7998;2001;997;2001
5844;2001;1295;2001
8464;2001;630;2001
2388;2001;3098;2001
0735;2001;935;2001
6098;2001;319;2001
7002;2001;1790;2001
6511;2001;387;2001
8094;2001;1182;2001
5607;2001;1166;2001
9310;2001;370;2001
1807;2001;315;2001
2425;2001;140;2001
7827;2001;315;2001
8860;2001;3531;2001
3890;2001;1158;2001
6882;2001;45806;2001
8452;2001;1078;2001
3451;2001;844;2001
4533;2001;2096;2001
5570;2001;138;2001
2002;2001;398;2001
8025;2001;1180;2001
5139;2001;179;2001
1209;2001;7800;2001
5955;2001;209;2001
8608;2001;446;2001
9021;2001;861;2001
6247;2001;3646;2001
5718;2001;659;2001
9876;2001;2797;2001
7819;2001;2356;2001
7338;2001;15243;2001
6006;2001;1870;2001
0096;2001;333;2001
6492;2001;474;2001
0693;2001;723;2001
7415;2001;446;2001
4984;2001;3841;2001
2559;2001;110;2001
1379;2001;1601;2001
7653;2001;2446;2001
5560;2001;378;2001
6095;2001;572;2001
0733;2001;2307;2001
3092;2001;642;2001
6678;2001;595;2001
5026;2001;4012;2001
3909;2001;1424;2001
0974;2001;670;2001
5683;2001;1012;2001
0645;2001;3920;2001
1503;2001;2864;2001
1574;2001;1591;2001
5912;2001;549;2001
7503;2001;185;2001
2157;2001;2216;2001
0519;2001;3833;2001
3050;2001;1491;2001
2497;2001;2732;2001
1803;2001;2431;2001
8442;2001;1293;2001
0284;2001;239;2001
8493;2001;1529;2001
6512;2001;861;2001
0230;2001;87;2001
6090;2001;1675;2001
0297;2001;594;2001
5151;2001;2030;2001
2223;2001;2738;2001
6629;2001;141;2001
1400;2001;100;2001
3313;2001;835;2001
7376;2001;1327;2001
0670;2001;782;2001
7187;2001;1182;2001
2355;2001;928;2001
9800;2001;309;2001
3143;2001;2667;2001
7712;2001;187;2001
4752;2001;6864;2001
6768;2001;2509;2001
6653;2001;249;2001
1045;2001;3957;2001
2572;2001;1140;2001
4058;2001;670;2001
5859;2001;1131;2001
3978;2001;8389;2001
6991;2001;376;2001
8731;2001;190;2001
2610;2001;1408;2001
9495;2001;411;2001
4736;2001;1260;2001
6136;2001;1071;2001
2315;2001;1797;2001
6703;2001;3146;2001
2859;2001;2621;2001
9795;2001;2006;2001
0399;2001;3332;2001
5617;2001;2451;2001
6195;2001;4828;2001
3496;2001;1291;2001
2278;2001;3320;2001
8298;2001;3099;2001
9535;2001;4111;2001
1176;2001;2721;2001
5889;2001;4039;2001
1002;2001;13859;2001
7876;2001;1452;2001
7127;2001;882;2001
6639;2001;11905;2001
5476;2001;4085;2001
7952;2001;455;2001
5941;2001;2192;2001
7396;2001;3540;2001
6895;2001;2261;2001
2704;2001;3845;2001
0639;2001;6269;2001
3179;2001;1470;2001
7688;2001;1245;2001
6179;2001;4394;2001
8068;2001;261;2001
8932;2001;1528;2001
1833;2001;1020;2001
6954;2001;2741;2001
2583;2001;2101;2001
6556;2001;348;2001
4193;2001;1110;2001
2020;2001;737;2001
0526;2001;783;2001
5957;2001;8631;2001
4965;2001;2177;2001
3058;2001;2523;2001
1445;2001;1934;2001
8887;2001;1612;2001
6052;2001;138;2001
1349;2001;45565;2001
2384;2001;2025;2001
9135;2001;4065;2001
8946;2001;4202;2001
3307;2001;10033;2001
5859;2001;374;2001
0635;2001;14101;2001
5188;2001;7230;2001
3585;2001;483;2001
1193;2001;3105;2001
0584;2001;1963;2001
7993;2001;2472;2001
6245;2001;4180;2001
7121;2001;33;2001
5135;2001;3307;2001
0149;2001;7981;2001
0882;2001;5746;2001
9960;2001;6719;2001
6963;2001;1111;2001
4959;2001;4339;2001
5630;2001;3239;2001
1969;2001;436;2001
9972;2001;146;2001
7839;2001;1759;2001
1470;2001;1580;2001
6837;2001;876;2001
0983;2001;1988;2001
6353;2001;2249;2001
5698;2001;1918;2001
7003;2001;4988;2001
8249;2001;2681;2001
6175;2001;2569;2001
8617;2001;2001;2001
1969;2001;2201;2001
2862;2001;2606;2001
1085;2001;172;2001
6290;2001;1557;2001
7516;2001;461;2001
9668;2001;1743;2001
7080;2001;238;2001
2464;2001;3006;2001
5978;2001;10848;2001
5679;2001;838;2001
7993;2001;324;2001
1158;2001;2784;2001
8153;2001;2244;2001
6500;2001;2606;2001
6085;2001;289;2001
6049;2001;1758;2001
1986;2001;275;2001
8317;2001;1118;2001
1303;2001;1040;2001
6410;2001;3739;2001
5038;2001;1597;2001
0835;2001;2365;2001
7725;2001;588;2001
7504;2001;1962;2001
7136;2001;2455;2001
6122;2001;13900;2001
0012;2001;1760;2001
6781;2001;2262;2001
3194;2001;1742;2001
9782;2001;4754;2001
0381;2001;1642;2001
0970;2001;865;2001
0981;2001;2046;2001
0677;2001;1565;2001
8695;2001;14385;2001
8022;2001;1488;2001
6996;2001;2512;2001
9357;2001;1201;2001
5317;2001;219;2001
6782;2001;1490;2001
0319;2001;1583;2001
3971;2001;1819;2001
0109;2001;678;2001
9261;2001;2526;2001
4371;2001;2633;2001
3711;2001;2505;2001
3786;2001;40923;2001
4502;2001;6940;2001
7452;2001;67;2001
2472;2001;1057;2001
8337;2001;3338;2001
2024;2001;1175;2001
4767;2001;3200;2001
3856;2001;445;2001
7302;2001;1256;2001
5212;2001;1519;2001
5802;2001;4824;2001
7829;2001;1906;2001
4968;2001;1608;2001
5250;2001;1215;2001
2654;2001;1307;2001
3750;2001;2227;2001
9657;2001;1628;2001
1484;2001;3431;2001
5565;2001;3242;2001
0528;2001;12095;2001
5310;2001;1793;2001
7459;2001;1751;2001
0125;2001;2014;2001
8187;2001;3201;2001
8205;2001;2331;2001
0684;2001;5044;2001
2567;2001;714;2001
3773;2001;1270;2001
0034;2001;1211;2001
4986;2001;1316;2001
8826;2001;5258;2001
1694;2001;15423;2001
1953;2001;15705;2001
7664;2001;8587;2001
8500;2001;1047;2001
3450;2001;10219;2001
8400;2001;1457;2001
0985;2001;1937;2001
3224;2001;1761;2001
9351;2001;928;2001
2491;2001;2108;2001
4400;2001;6026;2001
7700;2001;2906;2001
5057;2001;33967;2001
7000;2001;128531;2001
2632;2001;2482;2001
6958;2001;3109;2001
3722;2001;7834;2001
0048;2001;18952;2001
9691;2001;1182;2001
2978;2001;8736;2001
6672;2001;2845;2001
4275;2001;11879;2001
7726;2001;17532;2001
9995;2001;8666;2001
3093;2001;173129;2001
1380;2001;9094;2001
3723;2001;5548;2001
3109;2001;2456;2001
3761;2001;1773;2001
7254;2001;863;2001
6721;2001;3159;2001
0630;2001;1268;2001
9655;2001;1357;2001
0449;2001;3593;2001
6808;2001;14003;2001
2012;2001;5488;2001
9948;2001;60059;2001
4250;2001;3364;2001
6858;2001;10827;2001
6439;2001;14236;2001
6315;2001;3244;2001
7896;2001;7077;2001
4827;2001;1616;2001
3481;2001;9595;2001
8880;2001;3389;2001
9243;2001;5611;2001
9108;2001;2413;2001
8517;2001;1097;2001
3117;2001;2322;2001
9213;2001;1571;2001
2595;2001;3160;2001
5577;2001;6084;2001
3549;2001;975;2001
6322;2001;2366;2001
2495;2001;3038;2001
3219;2001;1784;2001
9223;2001;4086;2001
6890;2001;764;2001
1226;2001;1205;2001
9691;2001;3635;2001
4627;2001;1305;2001
4448;2001;3547;2001
5938;2001;2186;2001
0030;2001;2687;2001
5038;2001;6285;2001
8395;2001;1843;2001
8975;2001;1375;2001
6319;2001;2353;2001
7009;2001;1666;2001
2254;2001;2481;2001
8113;2001;2671;2001
6692;2001;2266;2001
1519;2001;3628;2001
9325;2001;2250;2001
6532;2001;7135;2001
4089;2001;883;2001
3653;2001;2017;2001
3028;2001;1473;2001
2468;2001;6754;2001
9491;2001;1367;2001
8878;2001;8594;2001
7004;2001;1366;2001
5057;2001;1310;2001
5378;2001;4449;2001
8427;2001;4723;2001
3367;2001;4639;2001
7892;2001;2298;2001
5345;2001;2328;2001
3959;2001;1593;2001
6586;2001;3236;2001
5725;2001;7072;2001
8328;2001;1073;2001
5926;2001;1568;2001
4369;2001;3069;2001
6462;2001;808;2001
4236;2001;1600;2001
1798;2001;2490;2001
6602;2001;6823;2001
6406;2001;757;2001
2027;2001;1220;2001
5709;2001;33869;2001
3751;2001;882;2001
7735;2001;1738;2001
4549;2001;2174;2001
1815;2001;542;2001
6569;2001;442;2001
5995;2001;1884;2001
6127;2001;279;2001
1563;2001;117;2001
2736;2001;962;2001
4656;2001;582;2001
1004;2001;4557;2001
5046;2001;632;2001
1281;2001;523;2001
5515;2001;1371;2001
8775;2001;308;2001
2233;2001;556;2001
0676;2001;759;2001
9646;2001;1525;2001
4190;2001;1046;2001
5336;2001;4983;2001
2565;2001;173;2001
5228;2001;3300;2001
0681;2001;299;2001
1858;2001;397;2001
6545;2001;604;2001
2573;2001;530;2001
2167;2001;727;2001
8738;2001;4677;2001
5753;2001;1480;2001
7884;2001;118;2001
0084;2001;18468;2001
6091;2001;958;2001
3176;2001;232;2001
6467;2001;448;2001
8976;2001;206;2001
6524;2001;2331;2001
5785;2001;790;2001
2127;2001;7540;2001
2848;2001;302;2001
9219;2001;126;2001
1531;2001;280;2001
5680;2001;647;2001
4114;2001;443;2001
1763;2001;1474;2001
3537;2001;1422;2001
0549;2001;172;2001
0342;2001;2033;2001
1750;2001;395;2001
1483;2001;1204;2001
1708;2001;440;2001
7998;2001;874;2001
4381;2001;841;2001
3719;2001;15377;2001
9194;2001;3227;2001
3658;2001;1217;2001
5656;2001;1654;2001
6720;2001;2688;2001
8796;2001;775;2001
9023;2001;596;2001
1628;2001;2047;2001
3882;2001;316;2001
3804;2001;434;2001
1522;2001;819;2001
6756;2001;1150;2001
7054;2001;1209;2001
4182;2001;180;2001
3613;2001;4825;2001
7687;2001;746;2001
9006;2001;371;2001
6013;2001;274;2001
7344;2001;1705;2001
8894;2001;1262;2001
7344;2001;513;2001
7664;2001;2210;2001
4524;2001;30066;2001
6649;2001;204;2001
3806;2001;1087;2001
7333;2001;6898;2001
3834;2001;241;2001
6245;2001;1716;2001
