Codice Ripartizione geografica;Codice Regione;Codice Provincia (Storico);Codice Provincia/Uts;Codice Comune (alfanumerico);Codice Comune (numerico);Comune;Comune (dizione straniera);Sigla automobilistica;Capoluogo di Provincia/Uts;Capoluogo di Regione;Popolazione legale;Anno Censimento;Superficie (Kmq);Anno (Superficie);Popolazione residente;Anno (Popolazione residente)
1;1;1;201;1001;1001;Agliè;;TO;0;0;2644;2011;13,1462;2017;2658;2017
1;1;1;201;1002;1002;Airasca;;TO;0;0;3819;2011;15,7393;2017;3671;2017
1;1;1;201;1003;1003;Ala di Stura;;TO;0;0;462;2011;46,3315;2017;446;2017
1;1;1;201;1004;1004;Albiano d'Ivrea;;TO;0;0;1791;2011;11,7314;2017;1681;2017
1;1;1;201;1005;1005;Alice Superiore;;TO;0;0;701;2011;7,3796;2017;722;2017
1;1;1;201;1006;1006;Almese;;TO;0;0;6303;2011;17,8756;2017;6412;2017
1;1;1;201;1007;1007;Alpette;;TO;0;0;277;2011;5,6261;2017;246;2017
1;1;1;201;1008;1008;Alpignano;;TO;0;0;16893;2011;11,9193;2017;17201;2017
1;1;1;201;1009;1009;Andezeno;;TO;0;0;1966;2011;7,4860;2017;2018;2017
1;1;1;201;1010;1010;Andrate;;TO;0;0;512;2011;9,3085;2017;490;2017
1;1;1;201;1011;1011;Angrogna;;TO;0;0;870;2011;38,8782;2017;865;2017
1;1;1;201;1012;1012;Arignano;;TO;0;0;1039;2011;8,1668;2017;1089;2017
1;1;1;201;1013;1013;Avigliana;;TO;0;0;12129;2011;23,2172;2017;12427;2017
1;1;1;201;1014;1014;Azeglio;;TO;0;0;1347;2011;9,9605;2017;1262;2017
1;1;1;201;1015;1015;Bairo;;TO;0;0;816;2011;7,0859;2017;794;2017
1;1;1;201;1016;1016;Balangero;;TO;0;0;3161;2011;13,0063;2017;3181;2017
1;1;1;201;1017;1017;Baldissero Canavese;;TO;0;0;534;2011;4,5064;2017;539;2017
1;1;1;201;1018;1018;Baldissero Torinese;;TO;0;0;3783;2011;15,4054;2017;3671;2017
1;1;1;201;1019;1019;Balme;;TO;0;0;95;2011;62,7105;2017;114;2017
1;1;1;201;1020;1020;Banchette;;TO;0;0;3280;2011;2,0289;2017;3224;2017
1;1;1;201;1021;1021;Barbania;;TO;0;0;1623;2011;12,8027;2017;1565;2017
1;1;1;201;1022;1022;Bardonecchia;;TO;0;0;3212;2011;132,2030;2017;3136;2017
1;1;1;201;1023;1023;Barone Canavese;;TO;0;0;599;2011;3,9864;2017;588;2017
1;1;1;201;1024;1024;Beinasco;;TO;0;0;18104;2011;6,7343;2017;17980;2017
1;1;1;201;1025;1025;Bibiana;;TO;0;0;3376;2011;18,5979;2017;3450;2017
1;1;1;201;1026;1026;Bobbio Pellice;;TO;0;0;566;2011;94,0819;2017;552;2017
1;1;1;201;1027;1027;Bollengo;;TO;0;0;2112;2011;14,2234;2017;2145;2017
1;1;1;201;1028;1028;Borgaro Torinese;;TO;0;0;11723;2011;11,1039;2017;11932;2017
1;1;1;201;1029;1029;Borgiallo;;TO;0;0;550;2011;6,9648;2017;586;2017
1;1;1;201;1030;1030;Borgofranco d'Ivrea;;TO;0;0;3643;2011;13,4189;2017;3638;2017
1;1;1;201;1031;1031;Borgomasino;;TO;0;0;835;2011;12,3712;2017;802;2017
1;1;1;201;1032;1032;Borgone Susa;;TO;0;0;2320;2011;4,9617;2017;2197;2017
1;1;1;201;1033;1033;Bosconero;;TO;0;0;3056;2011;10,9190;2017;3121;2017
1;1;1;201;1034;1034;Brandizzo;;TO;0;0;8402;2011;6,2914;2017;8601;2017
1;1;1;201;1035;1035;Bricherasio;;TO;0;0;4517;2011;22,7585;2017;4622;2017
1;1;1;201;1036;1036;Brosso;;TO;0;0;460;2011;11,1350;2017;406;2017
1;1;1;201;1037;1037;Brozolo;;TO;0;0;471;2011;8,9504;2017;444;2017
1;1;1;201;1038;1038;Bruino;;TO;0;0;8479;2011;5,5701;2017;8543;2017
1;1;1;201;1039;1039;Brusasco;;TO;0;0;1726;2011;14,3592;2017;1528;2017
1;1;1;201;1040;1040;Bruzolo;;TO;0;0;1545;2011;12,5598;2017;1534;2017
1;1;1;201;1041;1041;Buriasco;;TO;0;0;1405;2011;14,6868;2017;1365;2017
1;1;1;201;1042;1042;Burolo;;TO;0;0;1228;2011;5,4760;2017;1160;2017
1;1;1;201;1043;1043;Busano;;TO;0;0;1588;2011;5,0591;2017;1628;2017
1;1;1;201;1044;1044;Bussoleno;;TO;0;0;6363;2011;37,0661;2017;5942;2017
1;1;1;201;1045;1045;Buttigliera Alta;;TO;0;0;6386;2011;8,0973;2017;6433;2017
1;1;1;201;1046;1046;Cafasse;;TO;0;0;3511;2011;10,2312;2017;3408;2017
1;1;1;201;1047;1047;Caluso;;TO;0;0;7483;2011;39,4925;2017;7440;2017
1;1;1;201;1048;1048;Cambiano;;TO;0;0;6215;2011;14,1314;2017;6044;2017
1;1;1;201;1049;1049;Campiglione Fenile;;TO;0;0;1382;2011;11,0863;2017;1367;2017
1;1;1;201;1050;1050;Candia Canavese;;TO;0;0;1286;2011;9,1318;2017;1217;2017
1;1;1;201;1051;1051;Candiolo;;TO;0;0;5566;2011;11,8499;2017;5598;2017
1;1;1;201;1052;1052;Canischio;;TO;0;0;294;2011;11,9505;2017;275;2017
1;1;1;201;1053;1053;Cantalupa;;TO;0;0;2527;2011;11,1953;2017;2621;2017
1;1;1;201;1054;1054;Cantoira;;TO;0;0;554;2011;23,0319;2017;570;2017
1;1;1;201;1055;1055;Caprie;;TO;0;0;2116;2011;16,4078;2017;2078;2017
1;1;1;201;1056;1056;Caravino;;TO;0;0;995;2011;11,5371;2017;931;2017
1;1;1;201;1057;1057;Carema;;TO;0;0;772;2011;10,2579;2017;760;2017
1;1;1;201;1058;1058;Carignano;;TO;0;0;9156;2011;50,6790;2017;9347;2017
1;1;1;201;1059;1059;Carmagnola;;TO;0;0;28563;2011;95,7148;2017;28646;2017
1;1;1;201;1060;1060;Casalborgone;;TO;0;0;1820;2011;20,1250;2017;1867;2017
1;1;1;201;1061;1061;Cascinette d'Ivrea;;TO;0;0;1491;2011;2,1726;2017;1531;2017
1;1;1;201;1062;1062;Caselette;;TO;0;0;2931;2011;14,3136;2017;3055;2017
1;1;1;201;1063;1063;Caselle Torinese;;TO;0;0;13389;2011;23,5513;2017;13933;2017
1;1;1;201;1064;1064;Castagneto Po;;TO;0;0;1791;2011;11,4732;2017;1775;2017
1;1;1;201;1065;1065;Castagnole Piemonte;;TO;0;0;2193;2011;17,2796;2017;2237;2017
1;1;1;201;1066;1066;Castellamonte;;TO;0;0;9917;2011;38,7063;2017;9980;2017
1;1;1;201;1067;1067;Castelnuovo Nigra;;TO;0;0;417;2011;28,3756;2017;444;2017
1;1;1;201;1068;1068;Castiglione Torinese;;TO;0;0;6363;2011;14,1345;2017;6543;2017
1;1;1;201;1069;1069;Cavagnolo;;TO;0;0;2309;2011;12,3285;2017;2304;2017
1;1;1;201;1070;1070;Cavour;;TO;0;0;5568;2011;48,9591;2017;5484;2017
1;1;1;201;1071;1071;Cercenasco;;TO;0;0;1857;2011;13,1595;2017;1806;2017
1;1;1;201;1072;1072;Ceres;;TO;0;0;1056;2011;28,0516;2017;1038;2017
1;1;1;201;1073;1073;Ceresole Reale;;TO;0;0;159;2011;99,8147;2017;162;2017
1;1;1;201;1074;1074;Cesana Torinese;;TO;0;0;1007;2011;121,7001;2017;953;2017
1;1;1;201;1075;1075;Chialamberto;;TO;0;0;364;2011;35,4478;2017;348;2017
1;1;1;201;1076;1076;Chianocco;;TO;0;0;1700;2011;18,6134;2017;1612;2017
1;1;1;201;1077;1077;Chiaverano;;TO;0;0;2106;2011;12,0221;2017;2082;2017
1;1;1;201;1078;1078;Chieri;;TO;0;0;35962;2011;54,1975;2017;36440;2017
1;1;1;201;1079;1079;Chiesanuova;;TO;0;0;203;2011;4,1189;2017;230;2017
1;1;1;201;1080;1080;Chiomonte;;TO;0;0;932;2011;26,7549;2017;892;2017
1;1;1;201;1081;1081;Chiusa di San Michele;;TO;0;0;1691;2011;5,9165;2017;1652;2017
1;1;1;201;1082;1082;Chivasso;;TO;0;0;25914;2011;51,2378;2017;26898;2017
1;1;1;201;1083;1083;Ciconio;;TO;0;0;371;2011;3,1638;2017;394;2017
1;1;1;201;1084;1084;Cintano;;TO;0;0;261;2011;4,9345;2017;255;2017
1;1;1;201;1085;1085;Cinzano;;TO;0;0;375;2011;6,1962;2017;343;2017
1;1;1;201;1086;1086;Ciriè;;TO;0;0;18415;2011;17,7329;2017;18409;2017
1;1;1;201;1087;1087;Claviere;;TO;0;0;192;2011;2,6872;2017;208;2017
1;1;1;201;1088;1088;Coassolo Torinese;;TO;0;0;1550;2011;27,8788;2017;1520;2017
1;1;1;201;1089;1089;Coazze;;TO;0;0;3084;2011;56,5727;2017;3135;2017
1;1;1;201;1090;1090;Collegno;;TO;0;0;49083;2011;18,0993;2017;49550;2017
1;1;1;201;1091;1091;Colleretto Castelnuovo;;TO;0;0;347;2011;6,3321;2017;327;2017
1;1;1;201;1092;1092;Colleretto Giacosa;;TO;0;0;603;2011;4,5894;2017;580;2017
1;1;1;201;1093;1093;Condove;;TO;0;0;4670;2011;71,1131;2017;4604;2017
1;1;1;201;1094;1094;Corio;;TO;0;0;3330;2011;41,4914;2017;3224;2017
1;1;1;201;1095;1095;Cossano Canavese;;TO;0;0;522;2011;3,2384;2017;514;2017
1;1;1;201;1096;1096;Cuceglio;;TO;0;0;997;2011;6,8709;2017;992;2017
1;1;1;201;1097;1097;Cumiana;;TO;0;0;7825;2011;60,7335;2017;7904;2017
1;1;1;201;1098;1098;Cuorgnè;;TO;0;0;10084;2011;19,3134;2017;9712;2017
1;1;1;201;1099;1099;Druento;;TO;0;0;8436;2011;27,5395;2017;8787;2017
1;1;1;201;1100;1100;Exilles;;TO;0;0;266;2011;46,5474;2017;260;2017
1;1;1;201;1101;1101;Favria;;TO;0;0;5230;2011;14,8499;2017;5147;2017
1;1;1;201;1102;1102;Feletto;;TO;0;0;2269;2011;7,8931;2017;2267;2017
1;1;1;201;1103;1103;Fenestrelle;;TO;0;0;553;2011;49,4091;2017;519;2017
1;1;1;201;1104;1104;Fiano;;TO;0;0;2713;2011;12,0415;2017;2680;2017
1;1;1;201;1105;1105;Fiorano Canavese;;TO;0;0;837;2011;4,3457;2017;779;2017
1;1;1;201;1106;1106;Foglizzo;;TO;0;0;2331;2011;15,6427;2017;2318;2017
1;1;1;201;1107;1107;Forno Canavese;;TO;0;0;3612;2011;16,5003;2017;3393;2017
1;1;1;201;1108;1108;Frassinetto;;TO;0;0;272;2011;24,8185;2017;276;2017
1;1;1;201;1109;1109;Front;;TO;0;0;1726;2011;10,9482;2017;1658;2017
1;1;1;201;1110;1110;Frossasco;;TO;0;0;2840;2011;20,1488;2017;2870;2017
1;1;1;201;1111;1111;Garzigliana;;TO;0;0;557;2011;7,4018;2017;535;2017
1;1;1;201;1112;1112;Gassino Torinese;;TO;0;0;9536;2011;20,5108;2017;9372;2017
1;1;1;201;1113;1113;Germagnano;;TO;0;0;1256;2011;14,4442;2017;1184;2017
1;1;1;201;1114;1114;Giaglione;;TO;0;0;653;2011;33,3833;2017;622;2017
1;1;1;201;1115;1115;Giaveno;;TO;0;0;16281;2011;71,7376;2017;16288;2017
1;1;1;201;1116;1116;Givoletto;;TO;0;0;3640;2011;12,8199;2017;3990;2017
1;1;1;201;1117;1117;Gravere;;TO;0;0;715;2011;18,9870;2017;676;2017
1;1;1;201;1118;1118;Groscavallo;;TO;0;0;191;2011;92,0935;2017;206;2017
1;1;1;201;1119;1119;Grosso;;TO;0;0;1040;2011;4,3296;2017;1015;2017
1;1;1;201;1120;1120;Grugliasco;;TO;0;0;37194;2011;13,1321;2017;36964;2017
1;1;1;201;1121;1121;Ingria;;TO;0;0;49;2011;14,7506;2017;46;2017
1;1;1;201;1122;1122;Inverso Pinasca;;TO;0;0;741;2011;8,0292;2017;709;2017
1;1;1;201;1123;1123;Isolabella;;TO;0;0;393;2011;4,7716;2017;382;2017
1;1;1;201;1124;1124;Issiglio;;TO;0;0;425;2011;5,5042;2017;404;2017
1;1;1;201;1125;1125;Ivrea;;TO;0;0;23592;2011;30,1075;2017;23509;2017
1;1;1;201;1126;1126;La Cassa;;TO;0;0;1781;2011;12,0353;2017;1812;2017
1;1;1;201;1127;1127;La Loggia;;TO;0;0;8631;2011;12,7929;2017;8816;2017
1;1;1;201;1128;1128;Lanzo Torinese;;TO;0;0;5150;2011;10,2876;2017;4961;2017
1;1;1;201;1129;1129;Lauriano;;TO;0;0;1493;2011;14,2900;2017;1471;2017
1;1;1;201;1130;1130;Leini;;TO;0;0;15320;2011;31,9191;2017;16399;2017
1;1;1;201;1131;1131;Lemie;;TO;0;0;189;2011;45,6753;2017;184;2017
1;1;1;201;1132;1132;Lessolo;;TO;0;0;1982;2011;7,9366;2017;1865;2017
1;1;1;201;1133;1133;Levone;;TO;0;0;439;2011;5,3912;2017;451;2017
1;1;1;201;1134;1134;Locana;;TO;0;0;1601;2011;132,5173;2017;1452;2017
1;1;1;201;1135;1135;Lombardore;;TO;0;0;1706;2011;12,7158;2017;1725;2017
1;1;1;201;1136;1136;Lombriasco;;TO;0;0;1056;2011;7,2096;2017;1026;2017
1;1;1;201;1137;1137;Loranzè;;TO;0;0;1126;2011;4,1914;2017;1171;2017
1;1;1;201;1138;1138;Lugnacco;;TO;0;0;379;2011;4,8835;2017;353;2017
1;1;1;201;1139;1139;Luserna San Giovanni;;TO;0;0;7531;2011;17,7414;2017;7302;2017
1;1;1;201;1140;1140;Lusernetta;;TO;0;0;524;2011;7,0398;2017;492;2017
1;1;1;201;1141;1141;Lusigliè;;TO;0;0;556;2011;5,2585;2017;558;2017
1;1;1;201;1142;1142;Macello;;TO;0;0;1238;2011;14,1404;2017;1171;2017
1;1;1;201;1143;1143;Maglione;;TO;0;0;468;2011;6,3129;2017;423;2017
1;1;1;201;1144;1144;Marentino;;TO;0;0;1383;2011;11,2593;2017;1334;2017
1;1;1;201;1145;1145;Massello;;TO;0;0;58;2011;38,2587;2017;52;2017
1;1;1;201;1146;1146;Mathi;;TO;0;0;3985;2011;7,0706;2017;3923;2017
1;1;1;201;1147;1147;Mattie;;TO;0;0;707;2011;28,6942;2017;664;2017
1;1;1;201;1148;1148;Mazzè;;TO;0;0;4152;2011;27,3424;2017;4109;2017
1;1;1;201;1149;1149;Meana di Susa;;TO;0;0;880;2011;16,5439;2017;842;2017
1;1;1;201;1150;1150;Mercenasco;;TO;0;0;1267;2011;12,6383;2017;1238;2017
1;1;1;201;1151;1151;Meugliano;;TO;0;0;93;2011;4,4420;2017;78;2017
1;1;1;201;1152;1152;Mezzenile;;TO;0;0;834;2011;29,0871;2017;809;2017
1;1;1;201;1153;1153;Mombello di Torino;;TO;0;0;411;2011;4,0825;2017;413;2017
1;1;1;201;1154;1154;Mompantero;;TO;0;0;651;2011;30,3332;2017;653;2017
1;1;1;201;1155;1155;Monastero di Lanzo;;TO;0;0;381;2011;17,6554;2017;352;2017
1;1;1;201;1156;1156;Moncalieri;;TO;0;0;55875;2011;47,5288;2017;56777;2017
1;1;1;201;1157;1157;Moncenisio;;TO;0;0;42;2011;4,5007;2017;28;2017
1;1;1;201;1158;1158;Montaldo Torinese;;TO;0;0;749;2011;4,6567;2017;751;2017
1;1;1;201;1159;1159;Montalenghe;;TO;0;0;1030;2011;6,4681;2017;994;2017
1;1;1;201;1160;1160;Montalto Dora;;TO;0;0;3450;2011;7,3567;2017;3410;2017
1;1;1;201;1161;1161;Montanaro;;TO;0;0;5375;2011;20,9036;2017;5246;2017
1;1;1;201;1162;1162;Monteu da Po;;TO;0;0;901;2011;7,3896;2017;890;2017
1;1;1;201;1163;1163;Moriondo Torinese;;TO;0;0;820;2011;6,4895;2017;832;2017
1;1;1;201;1164;1164;Nichelino;;TO;0;0;47851;2011;20,5627;2017;47467;2017
1;1;1;201;1165;1165;Noasca;;TO;0;0;169;2011;78,0481;2017;119;2017
1;1;1;201;1166;1166;Nole;;TO;0;0;6910;2011;11,3530;2017;6936;2017
1;1;1;201;1167;1167;Nomaglio;;TO;0;0;312;2011;3,0743;2017;279;2017
1;1;1;201;1168;1168;;;TO;0;0;7998;2011;24,6422;2017;8039;2017
1;1;1;201;1169;1169;Novalesa;;TO;0;0;560;2011;28,5542;2017;546;2017
1;1;1;201;1170;1170;Oglianico;;TO;0;0;1426;2011;6,3030;2017;1507;2017
1;1;1;201;1171;1171;Orbassano;;TO;0;0;22537;2011;22,2078;2017;23346;2017
1;1;1;201;1172;1172;Orio Canavese;;TO;0;0;829;2011;7,1541;2017;783;2017
1;1;1;201;1173;1173;Osasco;;TO;0;0;1124;2011;5,4885;2017;1154;2017
1;1;1;201;1174;1174;Osasio;;TO;0;0;913;2011;4,5771;2017;930;2017
1;1;1;201;1175;1175;Oulx;;TO;0;0;3160;2011;99,7857;2017;3368;2017
1;1;1;201;1176;1176;Ozegna;;TO;0;0;1235;2011;5,4058;2017;1208;2017
1;1;1;201;1177;1177;Palazzo Canavese;;TO;0;0;843;2011;5,0819;2017;844;2017
1;1;1;201;1178;1178;Pancalieri;;TO;0;0;1985;2011;15,8878;2017;2039;2017
1;1;1;201;1179;1179;Parella;;TO;0;0;468;2011;2,6886;2017;431;2017
1;1;1;201;1180;1180;Pavarolo;;TO;0;0;1119;2011;4,4056;2017;1105;2017
1;1;1;201;1181;1181;Pavone Canavese;;TO;0;0;3890;2011;11,5400;2017;3850;2017
1;1;1;201;1182;1182;Pecco;;TO;0;0;209;2011;1,5680;2017;220;2017
1;1;1;201;1183;1183;Pecetto Torinese;;TO;0;0;3877;2011;9,1730;2017;4064;2017
1;1;1;201;1184;1184;Perosa Argentina;;TO;0;0;3405;2011;26,0906;2017;3225;2017
1;1;1;201;1185;1185;Perosa Canavese;;TO;0;0;556;2011;4,7080;2017;537;2017
1;1;1;201;1186;1186;Perrero;;TO;0;0;723;2011;63,1830;2017;664;2017
1;1;1;201;1187;1187;Pertusio;;TO;0;0;773;2011;4,0041;2017;764;2017
1;1;1;201;1188;1188;Pessinetto;;TO;0;0;607;2011;5,3498;2017;613;2017
1;1;1;201;1189;1189;Pianezza;;TO;0;0;14169;2011;16,4634;2017;15266;2017
1;1;1;201;1190;1190;Pinasca;;TO;0;0;3049;2011;34,7183;2017;2947;2017
1;1;1;201;1191;1191;Pinerolo;;TO;0;0;34854;2011;50,3376;2017;35593;2017
1;1;1;201;1192;1192;Pino Torinese;;TO;0;0;8481;2011;21,8196;2017;8380;2017
1;1;1;201;1193;1193;Piobesi Torinese;;TO;0;0;3713;2011;19,6488;2017;3798;2017
1;1;1;201;1194;1194;Piossasco;;TO;0;0;18186;2011;40,1459;2017;18141;2017
1;1;1;201;1195;1195;Piscina;;TO;0;0;3450;2011;9,9034;2017;3393;2017
1;1;1;201;1196;1196;Piverone;;TO;0;0;1378;2011;11,0343;2017;1333;2017
1;1;1;201;1197;1197;Poirino;;TO;0;0;10220;2011;75,6186;2017;10435;2017
1;1;1;201;1198;1198;Pomaretto;;TO;0;0;1068;2011;8,5611;2017;1006;2017
1;1;1;201;1199;1199;Pont Canavese;;TO;0;0;3676;2011;19,0609;2017;3290;2017
1;1;1;201;1200;1200;Porte;;TO;0;0;1113;2011;4,4476;2017;1048;2017
1;1;1;201;1201;1201;Pragelato;;TO;0;0;724;2011;89,2017;2017;774;2017
1;1;1;201;1202;1202;Prali;;TO;0;0;272;2011;72,6092;2017;246;2017
1;1;1;201;1203;1203;Pralormo;;TO;0;0;1945;2011;29,8455;2017;1926;2017
1;1;1;201;1204;1204;Pramollo;;TO;0;0;242;2011;22,4785;2017;230;2017
1;1;1;201;1205;1205;Prarostino;;TO;0;0;1289;2011;10,5052;2017;1276;2017
1;1;1;201;1206;1206;Prascorsano;;TO;0;0;781;2011;6,2419;2017;748;2017
1;1;1;201;1207;1207;Pratiglione;;TO;0;0;548;2011;7,8803;2017;509;2017
1;1;1;201;1208;1208;Quagliuzzo;;TO;0;0;331;2011;2,0380;2017;331;2017
1;1;1;201;1209;1209;Quassolo;;TO;0;0;359;2011;3,9559;2017;348;2017
1;1;1;201;1210;1210;Quincinetto;;TO;0;0;1048;2011;17,7879;2017;1028;2017
1;1;1;201;1211;1211;Reano;;TO;0;0;1689;2011;6,6658;2017;1763;2017
1;1;1;201;1212;1212;Ribordone;;TO;0;0;67;2011;43,6002;2017;48;2017
1;1;1;201;1213;1213;Rivalba;;TO;0;0;1159;2011;10,8334;2017;1173;2017
1;1;1;201;1214;1214;Rivalta di Torino;;TO;0;0;19245;2011;25,1076;2017;20060;2017
1;1;1;201;1215;1215;Riva presso Chieri;;TO;0;0;4207;2011;35,8318;2017;4682;2017
1;1;1;201;1216;1216;Rivara;;TO;0;0;2666;2011;12,5838;2017;2600;2017
1;1;1;201;1217;1217;Rivarolo Canavese;;TO;0;0;12356;2011;32,2459;2017;12507;2017
1;1;1;201;1218;1218;Rivarossa;;TO;0;0;1626;2011;10,8733;2017;1577;2017
1;1;1;201;1219;1219;Rivoli;;TO;0;0;48632;2011;29,4998;2017;47924;2017
1;1;1;201;1220;1220;Robassomero;;TO;0;0;2976;2011;8,5756;2017;3109;2017
1;1;1;201;1221;1221;Rocca Canavese;;TO;0;0;1754;2011;14,1912;2017;1711;2017
1;1;1;201;1222;1222;Roletto;;TO;0;0;1989;2011;9,7039;2017;2019;2017
1;1;1;201;1223;1223;Romano Canavese;;TO;0;0;2937;2011;11,2106;2017;2678;2017
1;1;1;201;1224;1224;Ronco Canavese;;TO;0;0;313;2011;96,2686;2017;307;2017
1;1;1;201;1225;1225;Rondissone;;TO;0;0;1834;2011;10,6877;2017;1868;2017
1;1;1;201;1226;1226;Rorà;;TO;0;0;255;2011;12,4075;2017;244;2017
1;1;1;201;1227;1227;Roure;;TO;0;0;888;2011;59,3732;2017;834;2017
1;1;1;201;1228;1228;Rosta;;TO;0;0;4621;2011;9,0650;2017;4873;2017
1;1;1;201;1229;1229;Rubiana;;TO;0;0;2417;2011;26,9371;2017;2381;2017
1;1;1;201;1230;1230;Rueglio;;TO;0;0;773;2011;15,1002;2017;772;2017
1;1;1;201;1231;1231;Salassa;;TO;0;0;1795;2011;4,9519;2017;1862;2017
1;1;1;201;1232;1232;Salbertrand;;TO;0;0;579;2011;38,3198;2017;577;2017
1;1;1;201;1233;1233;Salerano Canavese;;TO;0;0;522;2011;2,1034;2017;474;2017
1;1;1;201;1234;1234;Salza di Pinerolo;;TO;0;0;78;2011;15,8859;2017;75;2017
1;1;1;201;1235;1235;Samone;;TO;0;0;1614;2011;2,4330;2017;1574;2017
1;1;1;201;1236;1236;San Benigno Canavese;;TO;0;0;5615;2011;22,2318;2017;6042;2017
1;1;1;201;1237;1237;San Carlo Canavese;;TO;0;0;3874;2011;20,9068;2017;4035;2017
1;1;1;201;1238;1238;San Colombano Belmonte;;TO;0;0;376;2011;3,3809;2017;345;2017
1;1;1;201;1239;1239;San Didero;;TO;0;0;566;2011;3,3037;2017;538;2017
1;1;1;201;1240;1240;San Francesco al Campo;;TO;0;0;4825;2011;14,9796;2017;4868;2017
1;1;1;201;1241;1241;Sangano;;TO;0;0;3807;2011;6,6513;2017;3790;2017
1;1;1;201;1242;1242;San Germano Chisone;;TO;0;0;1874;2011;15,8616;2017;1780;2017
1;1;1;201;1243;1243;San Gillio;;TO;0;0;3023;2011;8,8866;2017;3103;2017
1;1;1;201;1244;1244;San Giorgio Canavese;;TO;0;0;2705;2011;20,4049;2017;2559;2017
1;1;1;201;1245;1245;San Giorio di Susa;;TO;0;0;1040;2011;19,7366;2017;1011;2017
1;1;1;201;1246;1246;San Giusto Canavese;;TO;0;0;3397;2011;9,6132;2017;3337;2017
1;1;1;201;1247;1247;San Martino Canavese;;TO;0;0;851;2011;9,7933;2017;829;2017
1;1;1;201;1248;1248;San Maurizio Canavese;;TO;0;0;9646;2011;17,3442;2017;10279;2017
1;1;1;201;1249;1249;San Mauro Torinese;;TO;0;0;18925;2011;12,5517;2017;18896;2017
1;1;1;201;1250;1250;San Pietro Val Lemina;;TO;0;0;1430;2011;12,4446;2017;1477;2017
1;1;1;201;1251;1251;San Ponso;;TO;0;0;279;2011;2,1243;2017;264;2017
1;1;1;201;1252;1252;San Raffaele Cimena;;TO;0;0;3107;2011;11,1520;2017;3111;2017
1;1;1;201;1253;1253;San Sebastiano da Po;;TO;0;0;1909;2011;16,5766;2017;1934;2017
1;1;1;201;1254;1254;San Secondo di Pinerolo;;TO;0;0;3608;2011;12,5719;2017;3665;2017
1;1;1;201;1255;1255;Sant'Ambrogio di Torino;;TO;0;0;4753;2011;8,3683;2017;4708;2017
1;1;1;201;1256;1256;Sant'Antonino di Susa;;TO;0;0;4333;2011;9,7945;2017;4247;2017
1;1;1;201;1257;1257;Santena;;TO;0;0;10738;2011;16,1983;2017;10684;2017
1;1;1;201;1258;1258;Sauze di Cesana;;TO;0;0;219;2011;78,2772;2017;251;2017
1;1;1;201;1259;1259;Sauze d'Oulx;;TO;0;0;1111;2011;17,3112;2017;1077;2017
1;1;1;201;1260;1260;Scalenghe;;TO;0;0;3303;2011;31,6768;2017;3279;2017
1;1;1;201;1261;1261;Scarmagno;;TO;0;0;812;2011;8,0308;2017;834;2017
1;1;1;201;1262;1262;Sciolze;;TO;0;0;1513;2011;11,3557;2017;1471;2017
1;1;1;201;1263;1263;Sestriere;;TO;0;0;838;2011;25,9158;2017;932;2017
1;1;1;201;1264;1264;Settimo Rottaro;;TO;0;0;503;2011;6,0578;2017;481;2017
1;1;1;201;1265;1265;Settimo Torinese;;TO;0;0;46873;2011;31,4505;2017;47091;2017
1;1;1;201;1266;1266;Settimo Vittone;;TO;0;0;1543;2011;23,2604;2017;1544;2017
1;1;1;201;1267;1267;Sparone;;TO;0;0;1085;2011;29,6785;2017;979;2017
1;1;1;201;1268;1268;Strambinello;;TO;0;0;264;2011;2,2140;2017;276;2017
1;1;1;201;1269;1269;Strambino;;TO;0;0;6336;2011;22,4686;2017;6207;2017
1;1;1;201;1270;1270;Susa;;TO;0;0;6629;2011;10,9879;2017;6354;2017
1;1;1;201;1271;1271;Tavagnasco;;TO;0;0;813;2011;8,6751;2017;784;2017
1;1;1;201;1272;1272;Torino;;TO;1;1;872367;2011;130,0091;2017;868878;2017
1;1;1;201;1273;1273;Torrazza Piemonte;;TO;0;0;2816;2011;9,8238;2017;2900;2017
1;1;1;201;1274;1274;Torre Canavese;;TO;0;0;589;2011;5,4545;2017;596;2017
1;1;1;201;1275;1275;Torre Pellice;;TO;0;0;4573;2011;21,0981;2017;4513;2017
1;1;1;201;1276;1276;Trana;;TO;0;0;3881;2011;16,4059;2017;3871;2017
1;1;1;201;1277;1277;Trausella;;TO;0;0;131;2011;12,2462;2017;122;2017
1;1;1;201;1278;1278;Traversella;;TO;0;0;350;2011;39,3597;2017;331;2017
1;1;1;201;1279;1279;Traves;;TO;0;0;553;2011;10,4544;2017;524;2017
1;1;1;201;1280;1280;Trofarello;;TO;0;0;10911;2011;12,3475;2017;10838;2017
1;1;1;201;1281;1281;Usseaux;;TO;0;0;185;2011;37,9669;2017;186;2017
1;1;1;201;1282;1282;Usseglio;;TO;0;0;219;2011;98,5375;2017;198;2017
1;1;1;201;1283;1283;Vaie;;TO;0;0;1455;2011;7,2292;2017;1452;2017
1;1;1;201;1284;1284;Val della Torre;;TO;0;0;3812;2011;36,5253;2017;3905;2017
1;1;1;201;1285;1285;Valgioie;;TO;0;0;948;2011;9,1200;2017;923;2017
1;1;1;201;1286;1286;Vallo Torinese;;TO;0;0;785;2011;6,0792;2017;771;2017
1;1;1;201;1287;1287;Valperga;;TO;0;0;3163;2011;11,9094;2017;3074;2017
1;1;1;201;1288;1288;Valprato Soana;;TO;0;0;112;2011;71,8527;2017;102;2017
1;1;1;201;1289;1289;Varisella;;TO;0;0;830;2011;22,5579;2017;822;2017
1;1;1;201;1290;1290;Vauda Canavese;;TO;0;0;1465;2011;7,0929;2017;1445;2017
1;1;1;201;1291;1291;Venaus;;TO;0;0;959;2011;19,1435;2017;886;2017
1;1;1;201;1292;1292;Venaria Reale;;TO;0;0;33741;2011;20,4424;2017;33627;2017
1;1;1;201;1293;1293;Verolengo;;TO;0;0;4962;2011;29,4882;2017;4839;2017
1;1;1;201;1294;1294;Verrua Savoia;;TO;0;0;1459;2011;31,9431;2017;1398;2017
1;1;1;201;1295;1295;Vestignè;;TO;0;0;830;2011;12,0691;2017;807;2017
1;1;1;201;1296;1296;Vialfrè;;TO;0;0;254;2011;4,6453;2017;253;2017
1;1;1;201;1297;1297;Vico Canavese;;TO;0;0;882;2011;32,9363;2017;826;2017
1;1;1;201;1298;1298;Vidracco;;TO;0;0;500;2011;2,9677;2017;532;2017
1;1;1;201;1299;1299;Vigone;;TO;0;0;5217;2011;41,1543;2017;5152;2017
1;1;1;201;1300;1300;Villafranca Piemonte;;TO;0;0;4825;2011;50,7854;2017;4651;2017
1;1;1;201;1301;1301;Villanova Canavese;;TO;0;0;1135;2011;4,0306;2017;1207;2017
1;1;1;201;1302;1302;Villarbasse;;TO;0;0;3323;2011;10,4088;2017;3490;2017
1;1;1;201;1303;1303;Villar Dora;;TO;0;0;2951;2011;5,7067;2017;2877;2017
1;1;1;201;1304;1304;Villareggia;;TO;0;0;1012;2011;11,4091;2017;1003;2017
1;1;1;201;1305;1305;Villar Focchiardo;;TO;0;0;2068;2011;25,6868;2017;1975;2017
1;1;1;201;1306;1306;Villar Pellice;;TO;0;0;1120;2011;60,2927;2017;1084;2017
1;1;1;201;1307;1307;Villar Perosa;;TO;0;0;4149;2011;11,4228;2017;4042;2017
1;1;1;201;1308;1308;Villastellone;;TO;0;0;4864;2011;19,8767;2017;4657;2017
1;1;1;201;1309;1309;Vinovo;;TO;0;0;14108;2011;17,6941;2017;14914;2017
1;1;1;201;1310;1310;Virle Piemonte;;TO;0;0;1191;2011;14,0573;2017;1198;2017
1;1;1;201;1311;1311;Vische;;TO;0;0;1314;2011;17,0748;2017;1262;2017
1;1;1;201;1312;1312;Vistrorio;;TO;0;0;521;2011;4,6817;2017;526;2017
1;1;1;201;1313;1313;Viù;;TO;0;0;1118;2011;84,1119;2017;1046;2017
1;1;1;201;1314;1314;Volpiano;;TO;0;0;14998;2011;32,4629;2017;15395;2017
1;1;1;201;1315;1315;Volvera;;TO;0;0;8690;2011;20,9827;2017;8658;2017
1;1;1;201;1316;1316;Mappano;;TO;0;0;7012;2011;9,8143;2017;7291;2017
1;1;2;2;2002;2002;Alagna Valsesia;;VC;0;0;420;2011;72,0383;2017;429;2017
1;1;2;2;2003;2003;Albano Vercellese;;VC;0;0;334;2011;13,7804;2017;332;2017
1;1;2;2;2004;2004;Alice Castello;;VC;0;0;2721;2011;24,5650;2017;2645;2017
1;1;2;2;2006;2006;Arborio;;VC;0;0;909;2011;23,3101;2017;870;2017
1;1;2;2;2007;2007;Asigliano Vercellese;;VC;0;0;1401;2011;26,3156;2017;1417;2017
1;1;2;2;2008;2008;Balmuccia;;VC;0;0;94;2011;9,7885;2017;110;2017
1;1;2;2;2009;2009;Balocco;;VC;0;0;239;2011;16,8079;2017;227;2017
1;1;2;2;2011;2011;Bianzè;;VC;0;0;2028;2011;41,8058;2017;1931;2017
1;1;2;2;2014;2014;Boccioleto;;VC;0;0;219;2011;33,8706;2017;188;2017
1;1;2;2;2015;2015;Borgo d'Ale;;VC;0;0;2588;2011;39,5707;2017;2351;2017
1;1;2;2;2016;2016;Borgosesia;;VC;0;0;13031;2011;41,0901;2017;12690;2017
1;1;2;2;2017;2017;Borgo Vercelli;;VC;0;0;2295;2011;19,2949;2017;2200;2017
1;1;2;2;2019;2019;Breia;;VC;0;0;178;2011;7,2305;2017;174;2017
1;1;2;2;2021;2021;Buronzo;;VC;0;0;916;2011;25,0776;2017;867;2017
1;1;2;2;2025;2025;Campertogno;;VC;0;0;243;2011;34,1364;2017;242;2017
1;1;2;2;2029;2029;Carcoforo;;VC;0;0;75;2011;22,8004;2017;70;2017
1;1;2;2;2030;2030;Caresana;;VC;0;0;1028;2011;24,1087;2017;1068;2017
1;1;2;2;2031;2031;Caresanablot;;VC;0;0;1137;2011;11,0218;2017;1121;2017
1;1;2;2;2032;2032;Carisio;;VC;0;0;864;2011;30,1062;2017;807;2017
1;1;2;2;2033;2033;Casanova Elvo;;VC;0;0;265;2011;16,2050;2017;218;2017
1;1;2;2;2035;2035;San Giacomo Vercellese;;VC;0;0;329;2011;9,6044;2017;318;2017
1;1;2;2;2038;2038;Cellio;;VC;0;0;849;2011;10,0488;2017;844;2017
1;1;2;2;2041;2041;Cervatto;;VC;0;0;48;2011;9,5380;2017;53;2017
1;1;2;2;2042;2042;Cigliano;;VC;0;0;4547;2011;25,3078;2017;4500;2017
1;1;2;2;2043;2043;Civiasco;;VC;0;0;265;2011;7,3878;2017;244;2017
1;1;2;2;2045;2045;Collobiano;;VC;0;0;105;2011;9,2234;2017;90;2017
1;1;2;2;2047;2047;Costanzana;;VC;0;0;816;2011;20,9676;2017;770;2017
1;1;2;2;2048;2048;Cravagliana;;VC;0;0;278;2011;34,8563;2017;254;2017
1;1;2;2;2049;2049;Crescentino;;VC;0;0;7984;2011;48,2233;2017;7769;2017
1;1;2;2;2052;2052;Crova;;VC;0;0;410;2011;14,0162;2017;393;2017
1;1;2;2;2054;2054;Desana;;VC;0;0;1055;2011;16,4768;2017;1071;2017
1;1;2;2;2057;2057;Fobello;;VC;0;0;219;2011;28,1403;2017;192;2017
1;1;2;2;2058;2058;Fontanetto Po;;VC;0;0;1203;2011;23,2424;2017;1134;2017
1;1;2;2;2059;2059;Formigliana;;VC;0;0;550;2011;16,7629;2017;499;2017
1;1;2;2;2061;2061;Gattinara;;VC;0;0;8272;2011;33,6659;2017;7947;2017
1;1;2;2;2062;2062;Ghislarengo;;VC;0;0;899;2011;12,5030;2017;855;2017
1;1;2;2;2065;2065;Greggio;;VC;0;0;382;2011;11,8817;2017;350;2017
1;1;2;2;2066;2066;Guardabosone;;VC;0;0;340;2011;6,0875;2017;336;2017
1;1;2;2;2067;2067;Lamporo;;VC;0;0;546;2011;9,6440;2017;532;2017
1;1;2;2;2068;2068;Lenta;;VC;0;0;878;2011;18,9701;2017;837;2017
1;1;2;2;2070;2070;Lignana;;VC;0;0;579;2011;22,5740;2017;548;2017
1;1;2;2;2071;2071;Livorno Ferraris;;VC;0;0;4450;2011;58,0280;2017;4261;2017
1;1;2;2;2072;2072;Lozzolo;;VC;0;0;819;2011;6,6672;2017;830;2017
1;1;2;2;2078;2078;Mollia;;VC;0;0;104;2011;13,9178;2017;96;2017
1;1;2;2;2079;2079;Moncrivello;;VC;0;0;1465;2011;20,1818;2017;1387;2017
1;1;2;2;2082;2082;Motta de' Conti;;VC;0;0;804;2011;11,7150;2017;764;2017
1;1;2;2;2088;2088;Olcenengo;;VC;0;0;754;2011;16,5035;2017;780;2017
1;1;2;2;2089;2089;Oldenico;;VC;0;0;252;2011;6,5270;2017;223;2017
1;1;2;2;2090;2090;Palazzolo Vercellese;;VC;0;0;1292;2011;13,9396;2017;1191;2017
1;1;2;2;2091;2091;Pertengo;;VC;0;0;321;2011;8,2949;2017;302;2017
1;1;2;2;2093;2093;Pezzana;;VC;0;0;1346;2011;17,3517;2017;1311;2017
1;1;2;2;2096;2096;Pila;;VC;0;0;137;2011;8,6903;2017;141;2017
1;1;2;2;2097;2097;Piode;;VC;0;0;193;2011;13,5976;2017;190;2017
1;1;2;2;2102;2102;Postua;;VC;0;0;594;2011;16,1782;2017;583;2017
1;1;2;2;2104;2104;Prarolo;;VC;0;0;672;2011;11,5388;2017;734;2017
1;1;2;2;2107;2107;Quarona;;VC;0;0;4246;2011;16,1560;2017;4049;2017
1;1;2;2;2108;2108;Quinto Vercellese;;VC;0;0;400;2011;10,9022;2017;377;2017
1;1;2;2;2110;2110;Rassa;;VC;0;0;66;2011;43,2698;2017;65;2017
1;1;2;2;2111;2111;Rima San Giuseppe;;VC;0;0;67;2011;36,0226;2017;34;2017
1;1;2;2;2112;2112;Rimasco;;VC;0;0;123;2011;24,3032;2017;125;2017
1;1;2;2;2113;2113;Rimella;;VC;0;0;137;2011;26,2702;2017;139;2017
1;1;2;2;2114;2114;Riva Valdobbia;;VC;0;0;251;2011;61,1321;2017;267;2017
1;1;2;2;2115;2115;Rive;;VC;0;0;469;2011;9,4089;2017;451;2017
1;1;2;2;2116;2116;Roasio;;VC;0;0;2465;2011;27,9160;2017;2320;2017
1;1;2;2;2118;2118;Ronsecco;;VC;0;0;580;2011;24,4754;2017;541;2017
1;1;2;2;2121;2121;Rossa;;VC;0;0;194;2011;11,8379;2017;182;2017
1;1;2;2;2122;2122;Rovasenda;;VC;0;0;979;2011;29,2681;2017;952;2017
1;1;2;2;2123;2123;Sabbia;;VC;0;0;57;2011;14,8536;2017;59;2017
1;1;2;2;2126;2126;Salasco;;VC;0;0;237;2011;12,1875;2017;208;2017
1;1;2;2;2127;2127;Sali Vercellese;;VC;0;0;114;2011;8,7766;2017;106;2017
1;1;2;2;2128;2128;Saluggia;;VC;0;0;4170;2011;31,5982;2017;4001;2017
1;1;2;2;2131;2131;San Germano Vercellese;;VC;0;0;1768;2011;30,6327;2017;1563;2017
1;1;2;2;2133;2133;Santhià;;VC;0;0;8825;2011;53,1294;2017;8371;2017
1;1;2;2;2134;2134;Scopa;;VC;0;0;391;2011;22,5335;2017;401;2017
1;1;2;2;2135;2135;Scopello;;VC;0;0;402;2011;18,2544;2017;357;2017
1;1;2;2;2137;2137;Serravalle Sesia;;VC;0;0;5141;2011;20,9053;2017;4948;2017
1;1;2;2;2142;2142;Stroppiana;;VC;0;0;1258;2011;18,3140;2017;1201;2017
1;1;2;2;2147;2147;Tricerro;;VC;0;0;709;2011;12,2491;2017;717;2017
1;1;2;2;2148;2148;Trino;;VC;0;0;7437;2011;70,6054;2017;6939;2017
1;1;2;2;2150;2150;Tronzano Vercellese;;VC;0;0;3558;2011;44,7508;2017;3473;2017
1;1;2;2;2152;2152;Valduggia;;VC;0;0;2117;2011;28,4259;2017;1963;2017
1;1;2;2;2156;2156;Varallo;;VC;0;0;7485;2011;88,1193;2017;7124;2017
1;1;2;2;2158;2158;Vercelli;;VC;1;0;46308;2011;79,7743;2017;46525;2017
1;1;2;2;2163;2163;Villarboit;;VC;0;0;465;2011;25,5109;2017;440;2017
1;1;2;2;2164;2164;Villata;;VC;0;0;1618;2011;14,5822;2017;1555;2017
1;1;2;2;2166;2166;Vocca;;VC;0;0;162;2011;20,2573;2017;165;2017
1;1;3;3;3001;3001;Agrate Conturbia;;NO;0;0;1554;2011;14,5364;2017;1542;2017
1;1;3;3;3002;3002;Ameno;;NO;0;0;874;2011;9,9965;2017;916;2017
1;1;3;3;3006;3006;Armeno;;NO;0;0;2201;2011;31,5154;2017;2223;2017
1;1;3;3;3008;3008;Arona;;NO;0;0;14195;2011;15,1698;2017;13839;2017
1;1;3;3;3012;3012;Barengo;;NO;0;0;852;2011;19,4928;2017;794;2017
1;1;3;3;3016;3016;Bellinzago Novarese;;NO;0;0;9375;2011;39,1786;2017;9632;2017
1;1;3;3;3018;3018;Biandrate;;NO;0;0;1200;2011;12,4536;2017;1293;2017
1;1;3;3;3019;3019;Boca;;NO;0;0;1227;2011;9,6080;2017;1203;2017
1;1;3;3;3021;3021;Bogogno;;NO;0;0;1325;2011;8,5097;2017;1265;2017
1;1;3;3;3022;3022;Bolzano Novarese;;NO;0;0;1176;2011;3,3043;2017;1184;2017
1;1;3;3;3023;3023;Borgolavezzaro;;NO;0;0;2083;2011;21,0913;2017;2036;2017
1;1;3;3;3024;3024;Borgomanero;;NO;0;0;21166;2011;32,2699;2017;21428;2017
1;1;3;3;3025;3025;Borgo Ticino;;NO;0;0;4929;2011;13,3738;2017;5050;2017
1;1;3;3;3026;3026;Briga Novarese;;NO;0;0;3050;2011;4,7479;2017;2839;2017
1;1;3;3;3027;3027;Briona;;NO;0;0;1234;2011;24,7562;2017;1151;2017
1;1;3;3;3030;3030;Caltignaga;;NO;0;0;2585;2011;22,3213;2017;2516;2017
1;1;3;3;3032;3032;Cameri;;NO;0;0;10770;2011;39,9850;2017;10852;2017
1;1;3;3;3036;3036;Carpignano Sesia;;NO;0;0;2578;2011;14,6557;2017;2506;2017
1;1;3;3;3037;3037;Casalbeltrame;;NO;0;0;1076;2011;16,0407;2017;977;2017
1;1;3;3;3039;3039;Casaleggio Novara;;NO;0;0;930;2011;10,5310;2017;926;2017
1;1;3;3;3040;3040;Casalino;;NO;0;0;1555;2011;39,4901;2017;1511;2017
1;1;3;3;3041;3041;Casalvolone;;NO;0;0;867;2011;17,4849;2017;881;2017
1;1;3;3;3042;3042;Castellazzo Novarese;;NO;0;0;323;2011;10,7918;2017;336;2017
1;1;3;3;3043;3043;Castelletto sopra Ticino;;NO;0;0;10005;2011;14,6411;2017;9810;2017
1;1;3;3;3044;3044;Cavaglietto;;NO;0;0;407;2011;6,4855;2017;384;2017
1;1;3;3;3045;3045;Cavaglio d'Agogna;;NO;0;0;1280;2011;9,8335;2017;1172;2017
1;1;3;3;3047;3047;Cavallirio;;NO;0;0;1249;2011;8,3261;2017;1331;2017
1;1;3;3;3049;3049;Cerano;;NO;0;0;6728;2011;32,6332;2017;6723;2017
1;1;3;3;3051;3051;Colazza;;NO;0;0;463;2011;3,1618;2017;446;2017
1;1;3;3;3052;3052;Comignago;;NO;0;0;1223;2011;4,4493;2017;1257;2017
1;1;3;3;3055;3055;Cressa;;NO;0;0;1571;2011;7,1035;2017;1610;2017
1;1;3;3;3058;3058;Cureggio;;NO;0;0;2604;2011;8,5068;2017;2604;2017
1;1;3;3;3060;3060;Divignano;;NO;0;0;1445;2011;5,0977;2017;1385;2017
1;1;3;3;3062;3062;Dormelletto;;NO;0;0;2643;2011;7,2522;2017;2506;2017
1;1;3;3;3065;3065;Fara Novarese;;NO;0;0;2113;2011;9,2147;2017;2029;2017
1;1;3;3;3066;3066;Fontaneto d'Agogna;;NO;0;0;2731;2011;21,1702;2017;2642;2017
1;1;3;3;3068;3068;Galliate;;NO;0;0;15008;2011;29,3662;2017;15481;2017
1;1;3;3;3069;3069;Garbagna Novarese;;NO;0;0;1350;2011;10,0494;2017;1441;2017
1;1;3;3;3070;3070;Gargallo;;NO;0;0;1869;2011;3,7542;2017;1825;2017
1;1;3;3;3071;3071;Gattico;;NO;0;0;3361;2011;16,2884;2017;3319;2017
1;1;3;3;3073;3073;Ghemme;;NO;0;0;3617;2011;20,6442;2017;3552;2017
1;1;3;3;3076;3076;Gozzano;;NO;0;0;5601;2011;12,5821;2017;5614;2017
1;1;3;3;3077;3077;Granozzo con Monticello;;NO;0;0;1432;2011;19,5208;2017;1380;2017
1;1;3;3;3079;3079;Grignasco;;NO;0;0;4691;2011;14,3337;2017;4448;2017
1;1;3;3;3082;3082;Invorio;;NO;0;0;4464;2011;17,3717;2017;4405;2017
1;1;3;3;3083;3083;Landiona;;NO;0;0;590;2011;7,2834;2017;571;2017
1;1;3;3;3084;3084;Lesa;;NO;0;0;2236;2011;13,5806;2017;2226;2017
1;1;3;3;3088;3088;Maggiora;;NO;0;0;1742;2011;10,6587;2017;1679;2017
1;1;3;3;3090;3090;Mandello Vitta;;NO;0;0;244;2011;5,8541;2017;232;2017
1;1;3;3;3091;3091;Marano Ticino;;NO;0;0;1554;2011;7,7879;2017;1654;2017
1;1;3;3;3093;3093;Massino Visconti;;NO;0;0;1111;2011;6,8639;2017;1090;2017
1;1;3;3;3095;3095;Meina;;NO;0;0;2556;2011;7,5349;2017;2479;2017
1;1;3;3;3097;3097;Mezzomerico;;NO;0;0;1176;2011;7,7187;2017;1238;2017
1;1;3;3;3098;3098;Miasino;;NO;0;0;887;2011;5,5210;2017;796;2017
1;1;3;3;3100;3100;Momo;;NO;0;0;2673;2011;23,5907;2017;2500;2017
1;1;3;3;3103;3103;Nebbiuno;;NO;0;0;1856;2011;8,2651;2017;1815;2017
1;1;3;3;3104;3104;Nibbiola;;NO;0;0;792;2011;11,3421;2017;826;2017
1;1;3;3;3106;3106;Novara;;NO;1;0;101952;2011;103,0492;2017;103260;2017
1;1;3;3;3108;3108;Oleggio;;NO;0;0;13650;2011;37,7943;2017;14064;2017
1;1;3;3;3109;3109;Oleggio Castello;;NO;0;0;1968;2011;5,9351;2017;2123;2017
1;1;3;3;3112;3112;Orta San Giulio;;NO;0;0;1163;2011;6,6500;2017;1307;2017
1;1;3;3;3114;3114;Paruzzaro;;NO;0;0;2088;2011;5,2272;2017;2197;2017
1;1;3;3;3115;3115;Pella;;NO;0;0;1038;2011;8,1345;2017;973;2017
1;1;3;3;3116;3116;Pettenasco;;NO;0;0;1368;2011;7,0713;2017;1375;2017
1;1;3;3;3119;3119;Pisano;;NO;0;0;770;2011;2,7659;2017;792;2017
1;1;3;3;3120;3120;Pogno;;NO;0;0;1538;2011;9,8653;2017;1401;2017
1;1;3;3;3121;3121;Pombia;;NO;0;0;2182;2011;12,2966;2017;2171;2017
1;1;3;3;3122;3122;Prato Sesia;;NO;0;0;1993;2011;12,1260;2017;1872;2017
1;1;3;3;3129;3129;Recetto;;NO;0;0;916;2011;8,8526;2017;936;2017
1;1;3;3;3130;3130;Romagnano Sesia;;NO;0;0;4049;2011;17,9764;2017;3882;2017
1;1;3;3;3131;3131;Romentino;;NO;0;0;5379;2011;17,6906;2017;5562;2017
1;1;3;3;3133;3133;San Maurizio d'Opaglio;;NO;0;0;3104;2011;8,5099;2017;3046;2017
1;1;3;3;3134;3134;San Nazzaro Sesia;;NO;0;0;690;2011;11,4512;2017;722;2017
1;1;3;3;3135;3135;San Pietro Mosezzo;;NO;0;0;1996;2011;34,8992;2017;1953;2017
1;1;3;3;3138;3138;Sillavengo;;NO;0;0;595;2011;9,5352;2017;559;2017
1;1;3;3;3139;3139;Sizzano;;NO;0;0;1446;2011;10,7543;2017;1447;2017
1;1;3;3;3140;3140;Soriso;;NO;0;0;781;2011;6,3719;2017;760;2017
1;1;3;3;3141;3141;Sozzago;;NO;0;0;1055;2011;12,9144;2017;1068;2017
1;1;3;3;3143;3143;Suno;;NO;0;0;2808;2011;21,3271;2017;2762;2017
1;1;3;3;3144;3144;Terdobbiate;;NO;0;0;500;2011;8,4632;2017;465;2017
1;1;3;3;3146;3146;Tornaco;;NO;0;0;876;2011;13,2408;2017;911;2017
1;1;3;3;3149;3149;Trecate;;NO;0;0;19856;2011;38,2224;2017;20485;2017
1;1;3;3;3153;3153;Vaprio d'Agogna;;NO;0;0;1015;2011;10,0123;2017;999;2017
1;1;3;3;3154;3154;Varallo Pombia;;NO;0;0;5004;2011;13,6120;2017;4910;2017
1;1;3;3;3157;3157;Veruno;;NO;0;0;1844;2011;9,8717;2017;1845;2017
1;1;3;3;3158;3158;Vespolate;;NO;0;0;2067;2011;17,7798;2017;2016;2017
1;1;3;3;3159;3159;Vicolungo;;NO;0;0;883;2011;13,2939;2017;882;2017
1;1;3;3;3164;3164;Vinzaglio;;NO;0;0;588;2011;15,4636;2017;576;2017
1;1;4;4;4001;4001;Acceglio;;CN;0;0;174;2011;151,5276;2017;161;2017
1;1;4;4;4002;4002;Aisone;;CN;0;0;254;2011;36,9173;2017;238;2017
1;1;4;4;4003;4003;Alba;;CN;0;0;30804;2011;53,5853;2017;31452;2017
1;1;4;4;4004;4004;Albaretto della Torre;;CN;0;0;259;2011;4,5899;2017;231;2017
1;1;4;4;4005;4005;Alto;;CN;0;0;121;2011;7,4616;2017;129;2017
1;1;4;4;4006;4006;Argentera;;CN;0;0;79;2011;76,2591;2017;75;2017
1;1;4;4;4007;4007;Arguello;;CN;0;0;201;2011;4,9174;2017;199;2017
1;1;4;4;4008;4008;Bagnasco;;CN;0;0;1038;2011;30,9490;2017;1007;2017
1;1;4;4;4009;4009;Bagnolo Piemonte;;CN;0;0;6040;2011;63,2505;2017;5974;2017
1;1;4;4;4010;4010;Baldissero d'Alba;;CN;0;0;1086;2011;15,3257;2017;1056;2017
1;1;4;4;4011;4011;Barbaresco;;CN;0;0;677;2011;7,7637;2017;647;2017
1;1;4;4;4012;4012;Barge;;CN;0;0;7861;2011;81,9923;2017;7611;2017
1;1;4;4;4013;4013;Barolo;;CN;0;0;705;2011;5,6892;2017;715;2017
1;1;4;4;4014;4014;Bastia Mondovì;;CN;0;0;646;2011;12,0006;2017;650;2017
1;1;4;4;4015;4015;Battifollo;;CN;0;0;234;2011;11,1195;2017;235;2017
1;1;4;4;4016;4016;Beinette;;CN;0;0;3200;2011;17,6865;2017;3471;2017
1;1;4;4;4017;4017;Bellino;;CN;0;0;135;2011;62,0700;2017;101;2017
1;1;4;4;4018;4018;Belvedere Langhe;;CN;0;0;370;2011;5,0030;2017;370;2017
1;1;4;4;4019;4019;Bene Vagienna;;CN;0;0;3671;2011;48,9673;2017;3657;2017
1;1;4;4;4020;4020;Benevello;;CN;0;0;457;2011;5,4389;2017;487;2017
1;1;4;4;4021;4021;Bergolo;;CN;0;0;67;2011;3,1118;2017;67;2017
1;1;4;4;4022;4022;Bernezzo;;CN;0;0;3785;2011;25,8445;2017;4132;2017
1;1;4;4;4023;4023;Bonvicino;;CN;0;0;107;2011;7,2409;2017;98;2017
1;1;4;4;4024;4024;Borgomale;;CN;0;0;389;2011;8,4778;2017;390;2017
1;1;4;4;4025;4025;Borgo San Dalmazzo;;CN;0;0;12372;2011;22,3397;2017;12525;2017
1;1;4;4;4026;4026;Bosia;;CN;0;0;181;2011;5,5405;2017;179;2017
1;1;4;4;4027;4027;Bossolasco;;CN;0;0;676;2011;14,5453;2017;647;2017
1;1;4;4;4028;4028;Boves;;CN;0;0;9725;2011;50,9483;2017;9746;2017
1;1;4;4;4029;4029;Bra;;CN;0;0;28935;2011;59,5298;2017;29495;2017
1;1;4;4;4030;4030;Briaglia;;CN;0;0;324;2011;6,2376;2017;308;2017
1;1;4;4;4031;4031;Briga Alta;;CN;0;0;48;2011;52,1796;2017;40;2017
1;1;4;4;4032;4032;Brondello;;CN;0;0;287;2011;10,1240;2017;270;2017
1;1;4;4;4033;4033;Brossasco;;CN;0;0;1109;2011;28,0639;2017;1072;2017
1;1;4;4;4034;4034;Busca;;CN;0;0;10049;2011;65,8443;2017;10059;2017
1;1;4;4;4035;4035;Camerana;;CN;0;0;655;2011;23,6378;2017;616;2017
1;1;4;4;4036;4036;Camo;;CN;0;0;200;2011;3,6114;2017;189;2017
1;1;4;4;4037;4037;Canale;;CN;0;0;5636;2011;17,8655;2017;5637;2017
1;1;4;4;4038;4038;Canosio;;CN;0;0;82;2011;48,4476;2017;80;2017
1;1;4;4;4039;4039;Caprauna;;CN;0;0;120;2011;11,5018;2017;105;2017
1;1;4;4;4040;4040;Caraglio;;CN;0;0;6755;2011;41,6759;2017;6820;2017
1;1;4;4;4041;4041;Caramagna Piemonte;;CN;0;0;3032;2011;26,3287;2017;3052;2017
1;1;4;4;4042;4042;Cardè;;CN;0;0;1134;2011;19,3047;2017;1134;2017
1;1;4;4;4043;4043;Carrù;;CN;0;0;4428;2011;25,8380;2017;4427;2017
1;1;4;4;4044;4044;Cartignano;;CN;0;0;178;2011;6,4192;2017;178;2017
1;1;4;4;4045;4045;Casalgrasso;;CN;0;0;1448;2011;17,8066;2017;1447;2017
1;1;4;4;4046;4046;Castagnito;;CN;0;0;2113;2011;7,1148;2017;2156;2017
1;1;4;4;4047;4047;Casteldelfino;;CN;0;0;179;2011;33,9513;2017;149;2017
1;1;4;4;4048;4048;Castellar;;CN;0;0;284;2011;3,3404;2017;300;2017
1;1;4;4;4049;4049;Castelletto Stura;;CN;0;0;1351;2011;17,1301;2017;1377;2017
1;1;4;4;4050;4050;Castelletto Uzzone;;CN;0;0;365;2011;14,8584;2017;305;2017
1;1;4;4;4051;4051;Castellinaldo d'Alba;;CN;0;0;897;2011;7,8028;2017;924;2017
1;1;4;4;4052;4052;Castellino Tanaro;;CN;0;0;337;2011;11,5178;2017;297;2017
1;1;4;4;4053;4053;Castelmagno;;CN;0;0;82;2011;49,3070;2017;59;2017
1;1;4;4;4054;4054;Castelnuovo di Ceva;;CN;0;0;139;2011;6,2621;2017;133;2017
1;1;4;4;4055;4055;Castiglione Falletto;;CN;0;0;708;2011;4,7202;2017;704;2017
1;1;4;4;4056;4056;Castiglione Tinella;;CN;0;0;871;2011;11,6345;2017;858;2017
1;1;4;4;4057;4057;Castino;;CN;0;0;500;2011;15,5227;2017;491;2017
1;1;4;4;4058;4058;Cavallerleone;;CN;0;0;652;2011;16,4378;2017;672;2017
1;1;4;4;4059;4059;Cavallermaggiore;;CN;0;0;5472;2011;51,5946;2017;5438;2017
1;1;4;4;4060;4060;Celle di Macra;;CN;0;0;93;2011;31,1052;2017;96;2017
1;1;4;4;4061;4061;Centallo;;CN;0;0;6817;2011;42,4848;2017;7015;2017
1;1;4;4;4062;4062;Ceresole Alba;;CN;0;0;2115;2011;37,0496;2017;2061;2017
1;1;4;4;4063;4063;Cerretto Langhe;;CN;0;0;455;2011;10,1423;2017;444;2017
1;1;4;4;4064;4064;Cervasca;;CN;0;0;4804;2011;18,2419;2017;5148;2017
1;1;4;4;4065;4065;Cervere;;CN;0;0;2162;2011;18,5961;2017;2267;2017
1;1;4;4;4066;4066;Ceva;;CN;0;0;5757;2011;43,1656;2017;5743;2017
1;1;4;4;4067;4067;Cherasco;;CN;0;0;8652;2011;81,5351;2017;9226;2017
1;1;4;4;4068;4068;Chiusa di Pesio;;CN;0;0;3730;2011;95,0188;2017;3643;2017
1;1;4;4;4069;4069;Cigliè;;CN;0;0;196;2011;6,1219;2017;183;2017
1;1;4;4;4070;4070;Cissone;;CN;0;0;82;2011;5,9034;2017;91;2017
1;1;4;4;4071;4071;Clavesana;;CN;0;0;900;2011;17,1508;2017;822;2017
1;1;4;4;4072;4072;Corneliano d'Alba;;CN;0;0;2037;2011;10,0878;2017;2103;2017
1;1;4;4;4073;4073;Cortemilia;;CN;0;0;2388;2011;24,9874;2017;2277;2017
1;1;4;4;4074;4074;Cossano Belbo;;CN;0;0;1030;2011;20,5398;2017;964;2017
1;1;4;4;4075;4075;Costigliole Saluzzo;;CN;0;0;3344;2011;15,3423;2017;3349;2017
1;1;4;4;4076;4076;Cravanzana;;CN;0;0;408;2011;8,1183;2017;386;2017
1;1;4;4;4077;4077;Crissolo;;CN;0;0;172;2011;52,0529;2017;160;2017
1;1;4;4;4078;4078;Cuneo;;CN;1;0;55013;2011;119,6691;2017;56261;2017
1;1;4;4;4079;4079;Demonte;;CN;0;0;2059;2011;127,3063;2017;1978;2017
1;1;4;4;4080;4080;Diano d'Alba;;CN;0;0;3451;2011;17,5432;2017;3606;2017
1;1;4;4;4081;4081;Dogliani;;CN;0;0;4805;2011;35,6829;2017;4777;2017
1;1;4;4;4082;4082;Dronero;;CN;0;0;7205;2011;58,9574;2017;7069;2017
1;1;4;4;4083;4083;Elva;;CN;0;0;94;2011;26,2196;2017;89;2017
1;1;4;4;4084;4084;Entracque;;CN;0;0;807;2011;160,7314;2017;834;2017
1;1;4;4;4085;4085;Envie;;CN;0;0;2057;2011;24,9305;2017;2012;2017
1;1;4;4;4086;4086;Farigliano;;CN;0;0;1747;2011;16,4418;2017;1739;2017
1;1;4;4;4087;4087;Faule;;CN;0;0;496;2011;7,0300;2017;497;2017
1;1;4;4;4088;4088;Feisoglio;;CN;0;0;344;2011;7,6666;2017;309;2017
1;1;4;4;4089;4089;Fossano;;CN;0;0;24710;2011;130,1434;2017;24666;2017
1;1;4;4;4090;4090;Frabosa Soprana;;CN;0;0;815;2011;47,1437;2017;763;2017
1;1;4;4;4091;4091;Frabosa Sottana;;CN;0;0;1494;2011;37,6433;2017;1552;2017
1;1;4;4;4092;4092;Frassino;;CN;0;0;290;2011;17,0106;2017;273;2017
1;1;4;4;4093;4093;Gaiola;;CN;0;0;600;2011;4,9691;2017;592;2017
1;1;4;4;4094;4094;Gambasca;;CN;0;0;408;2011;5,7412;2017;360;2017
1;1;4;4;4095;4095;Garessio;;CN;0;0;3362;2011;131,2810;2017;3151;2017
1;1;4;4;4096;4096;Genola;;CN;0;0;2596;2011;13,7224;2017;2636;2017
1;1;4;4;4097;4097;Gorzegno;;CN;0;0;322;2011;13,9699;2017;285;2017
1;1;4;4;4098;4098;Gottasecca;;CN;0;0;174;2011;13,6769;2017;142;2017
1;1;4;4;4099;4099;Govone;;CN;0;0;2157;2011;18,9108;2017;2268;2017
1;1;4;4;4100;4100;Grinzane Cavour;;CN;0;0;1938;2011;3,8082;2017;1961;2017
1;1;4;4;4101;4101;Guarene;;CN;0;0;3435;2011;13,4459;2017;3539;2017
1;1;4;4;4102;4102;Igliano;;CN;0;0;84;2011;3,4042;2017;68;2017
1;1;4;4;4103;4103;Isasca;;CN;0;0;78;2011;5,0784;2017;82;2017
1;1;4;4;4104;4104;Lagnasco;;CN;0;0;1405;2011;17,7124;2017;1445;2017
1;1;4;4;4105;4105;La Morra;;CN;0;0;2718;2011;24,1658;2017;2767;2017
1;1;4;4;4106;4106;Lequio Berria;;CN;0;0;494;2011;11,8291;2017;473;2017
1;1;4;4;4107;4107;Lequio Tanaro;;CN;0;0;819;2011;12,2004;2017;757;2017
1;1;4;4;4108;4108;Lesegno;;CN;0;0;854;2011;14,2414;2017;828;2017
1;1;4;4;4109;4109;Levice;;CN;0;0;246;2011;15,7390;2017;217;2017
1;1;4;4;4110;4110;Limone Piemonte;;CN;0;0;1490;2011;70,8104;2017;1486;2017
1;1;4;4;4111;4111;Lisio;;CN;0;0;214;2011;8,2287;2017;189;2017
1;1;4;4;4112;4112;Macra;;CN;0;0;52;2011;24,6562;2017;59;2017
1;1;4;4;4113;4113;Magliano Alfieri;;CN;0;0;2026;2011;9,5000;2017;2137;2017
1;1;4;4;4114;4114;Magliano Alpi;;CN;0;0;2231;2011;33,2204;2017;2189;2017
1;1;4;4;4115;4115;Mango;;CN;0;0;1334;2011;20,0310;2017;1285;2017
1;1;4;4;4116;4116;Manta;;CN;0;0;3735;2011;11,7345;2017;3820;2017
1;1;4;4;4117;4117;Marene;;CN;0;0;3055;2011;28,9869;2017;3323;2017
1;1;4;4;4118;4118;Margarita;;CN;0;0;1432;2011;11,3762;2017;1407;2017
1;1;4;4;4119;4119;Marmora;;CN;0;0;74;2011;41,1258;2017;58;2017
1;1;4;4;4120;4120;Marsaglia;;CN;0;0;261;2011;13,0258;2017;227;2017
1;1;4;4;4121;4121;Martiniana Po;;CN;0;0;781;2011;13,2806;2017;773;2017
1;1;4;4;4122;4122;Melle;;CN;0;0;326;2011;27,9056;2017;298;2017
1;1;4;4;4123;4123;Moiola;;CN;0;0;252;2011;15,0682;2017;237;2017
1;1;4;4;4124;4124;Mombarcaro;;CN;0;0;274;2011;20,5111;2017;253;2017
1;1;4;4;4125;4125;Mombasiglio;;CN;0;0;616;2011;17,3498;2017;616;2017
1;1;4;4;4126;4126;Monastero di Vasco;;CN;0;0;1319;2011;17,4382;2017;1305;2017
1;1;4;4;4127;4127;Monasterolo Casotto;;CN;0;0;101;2011;7,6796;2017;86;2017
1;1;4;4;4128;4128;Monasterolo di Savigliano;;CN;0;0;1357;2011;14,9114;2017;1372;2017
1;1;4;4;4129;4129;Monchiero;;CN;0;0;558;2011;4,9903;2017;588;2017
1;1;4;4;4130;4130;Mondovì;;CN;0;0;22253;2011;87,0516;2017;22392;2017
1;1;4;4;4131;4131;Monesiglio;;CN;0;0;712;2011;12,9330;2017;632;2017
1;1;4;4;4132;4132;Monforte d'Alba;;CN;0;0;2042;2011;25,2745;2017;2017;2017
1;1;4;4;4133;4133;Montà;;CN;0;0;4715;2011;26,8203;2017;4710;2017
1;1;4;4;4134;4134;Montaldo di Mondovì;;CN;0;0;571;2011;23,5797;2017;564;2017
1;1;4;4;4135;4135;Montaldo Roero;;CN;0;0;872;2011;11,8403;2017;862;2017
1;1;4;4;4136;4136;Montanera;;CN;0;0;733;2011;11,6271;2017;745;2017
1;1;4;4;4137;4137;Montelupo Albese;;CN;0;0;531;2011;6,4303;2017;493;2017
1;1;4;4;4138;4138;Montemale di Cuneo;;CN;0;0;218;2011;11,1041;2017;231;2017
1;1;4;4;4139;4139;Monterosso Grana;;CN;0;0;536;2011;42,2211;2017;530;2017
1;1;4;4;4140;4140;Monteu Roero;;CN;0;0;1667;2011;24,6999;2017;1608;2017
1;1;4;4;4141;4141;Montezemolo;;CN;0;0;270;2011;6,9363;2017;257;2017
1;1;4;4;4142;4142;Monticello d'Alba;;CN;0;0;2216;2011;10,2358;2017;2318;2017
1;1;4;4;4143;4143;Moretta;;CN;0;0;4237;2011;23,9934;2017;4096;2017
1;1;4;4;4144;4144;Morozzo;;CN;0;0;2115;2011;22,1919;2017;2038;2017
1;1;4;4;4145;4145;Murazzano;;CN;0;0;840;2011;27,6758;2017;817;2017
1;1;4;4;4146;4146;Murello;;CN;0;0;962;2011;17,3282;2017;941;2017
1;1;4;4;4147;4147;Narzole;;CN;0;0;3532;2011;26,1826;2017;3505;2017
1;1;4;4;4148;4148;Neive;;CN;0;0;3341;2011;21,3028;2017;3412;2017
1;1;4;4;4149;4149;Neviglie;;CN;0;0;425;2011;7,9261;2017;376;2017
1;1;4;4;4150;4150;Niella Belbo;;CN;0;0;401;2011;11,5183;2017;366;2017
1;1;4;4;4151;4151;Niella Tanaro;;CN;0;0;1035;2011;15,7070;2017;1035;2017
1;1;4;4;4152;4152;Novello;;CN;0;0;1023;2011;11,7055;2017;979;2017
1;1;4;4;4153;4153;Nucetto;;CN;0;0;432;2011;7,8083;2017;417;2017
1;1;4;4;4154;4154;Oncino;;CN;0;0;82;2011;47,3592;2017;82;2017
1;1;4;4;4155;4155;Ormea;;CN;0;0;1723;2011;124,4931;2017;1584;2017
1;1;4;4;4156;4156;Ostana;;CN;0;0;81;2011;14,0873;2017;82;2017
1;1;4;4;4157;4157;Paesana;;CN;0;0;2868;2011;58,2693;2017;2745;2017
1;1;4;4;4158;4158;Pagno;;CN;0;0;572;2011;8,6797;2017;578;2017
1;1;4;4;4159;4159;Pamparato;;CN;0;0;329;2011;34,5115;2017;301;2017
1;1;4;4;4160;4160;Paroldo;;CN;0;0;228;2011;12,4249;2017;212;2017
1;1;4;4;4161;4161;Perletto;;CN;0;0;305;2011;9,8932;2017;278;2017
1;1;4;4;4162;4162;Perlo;;CN;0;0;126;2011;10,2155;2017;116;2017
1;1;4;4;4163;4163;Peveragno;;CN;0;0;5481;2011;67,9186;2017;5578;2017
1;1;4;4;4164;4164;Pezzolo Valle Uzzone;;CN;0;0;354;2011;26,5691;2017;353;2017
1;1;4;4;4165;4165;Pianfei;;CN;0;0;2222;2011;15,3103;2017;2141;2017
1;1;4;4;4166;4166;Piasco;;CN;0;0;2821;2011;10,6214;2017;2783;2017
1;1;4;4;4167;4167;Pietraporzio;;CN;0;0;91;2011;55,1856;2017;79;2017
1;1;4;4;4168;4168;Piobesi d'Alba;;CN;0;0;1248;2011;4,0347;2017;1370;2017
1;1;4;4;4169;4169;Piozzo;;CN;0;0;1007;2011;14,3043;2017;1001;2017
1;1;4;4;4170;4170;Pocapaglia;;CN;0;0;3330;2011;17,4774;2017;3332;2017
1;1;4;4;4171;4171;Polonghera;;CN;0;0;1193;2011;10,3146;2017;1136;2017
1;1;4;4;4172;4172;Pontechianale;;CN;0;0;182;2011;94,9229;2017;164;2017
1;1;4;4;4173;4173;Pradleves;;CN;0;0;272;2011;19,2934;2017;233;2017
1;1;4;4;4174;4174;Prazzo;;CN;0;0;175;2011;52,3851;2017;168;2017
1;1;4;4;4175;4175;Priero;;CN;0;0;487;2011;20,0092;2017;527;2017
1;1;4;4;4176;4176;Priocca;;CN;0;0;2001;2011;9,0306;2017;2005;2017
1;1;4;4;4177;4177;Priola;;CN;0;0;719;2011;27,3754;2017;693;2017
1;1;4;4;4178;4178;Prunetto;;CN;0;0;471;2011;14,3615;2017;450;2017
1;1;4;4;4179;4179;Racconigi;;CN;0;0;10028;2011;48,0562;2017;9937;2017
1;1;4;4;4180;4180;Revello;;CN;0;0;4203;2011;52,4700;2017;4254;2017
1;1;4;4;4181;4181;Rifreddo;;CN;0;0;1072;2011;6,8436;2017;1045;2017
1;1;4;4;4182;4182;Rittana;;CN;0;0;135;2011;11,3520;2017;108;2017
1;1;4;4;4183;4183;Roaschia;;CN;0;0;138;2011;23,8368;2017;107;2017
1;1;4;4;4184;4184;Roascio;;CN;0;0;83;2011;6,4212;2017;96;2017
1;1;4;4;4185;4185;Robilante;;CN;0;0;2424;2011;25,0038;2017;2276;2017
1;1;4;4;4186;4186;Roburent;;CN;0;0;513;2011;29,8104;2017;504;2017
1;1;4;4;4187;4187;Roccabruna;;CN;0;0;1589;2011;24,2989;2017;1578;2017
1;1;4;4;4188;4188;Rocca Cigliè;;CN;0;0;154;2011;7,0152;2017;134;2017
1;1;4;4;4189;4189;Rocca de' Baldi;;CN;0;0;1698;2011;26,4023;2017;1648;2017
1;1;4;4;4190;4190;Roccaforte Mondovì;;CN;0;0;2148;2011;84,6105;2017;2142;2017
1;1;4;4;4191;4191;Roccasparvera;;CN;0;0;737;2011;11,2407;2017;749;2017
1;1;4;4;4192;4192;Roccavione;;CN;0;0;2876;2011;19,1492;2017;2658;2017
1;1;4;4;4193;4193;Rocchetta Belbo;;CN;0;0;181;2011;4,5076;2017;165;2017
1;1;4;4;4194;4194;Roddi;;CN;0;0;1546;2011;9,3530;2017;1650;2017
1;1;4;4;4195;4195;Roddino;;CN;0;0;377;2011;10,5849;2017;409;2017
1;1;4;4;4196;4196;Rodello;;CN;0;0;1004;2011;8,9004;2017;957;2017
1;1;4;4;4197;4197;Rossana;;CN;0;0;909;2011;19,9166;2017;883;2017
1;1;4;4;4198;4198;Ruffia;;CN;0;0;350;2011;7,5091;2017;363;2017
1;1;4;4;4199;4199;Sale delle Langhe;;CN;0;0;525;2011;10,5052;2017;574;2017
1;1;4;4;4200;4200;Sale San Giovanni;;CN;0;0;178;2011;8,0742;2017;170;2017
1;1;4;4;4201;4201;Saliceto;;CN;0;0;1382;2011;24,3254;2017;1275;2017
1;1;4;4;4202;4202;Salmour;;CN;0;0;706;2011;12,6960;2017;719;2017
1;1;4;4;4203;4203;Saluzzo;;CN;0;0;16940;2011;76,5902;2017;16780;2017
1;1;4;4;4204;4204;Sambuco;;CN;0;0;100;2011;46,1392;2017;88;2017
1;1;4;4;4205;4205;Sampeyre;;CN;0;0;1069;2011;98,9069;2017;1008;2017
1;1;4;4;4206;4206;San Benedetto Belbo;;CN;0;0;191;2011;4,8454;2017;169;2017
1;1;4;4;4207;4207;San Damiano Macra;;CN;0;0;439;2011;54,2618;2017;413;2017
1;1;4;4;4208;4208;Sanfrè;;CN;0;0;2901;2011;15,5040;2017;3023;2017
1;1;4;4;4209;4209;Sanfront;;CN;0;0;2530;2011;39,7088;2017;2368;2017
1;1;4;4;4210;4210;San Michele Mondovì;;CN;0;0;2034;2011;18,1119;2017;1965;2017
1;1;4;4;4211;4211;Sant'Albano Stura;;CN;0;0;2380;2011;27,4544;2017;2402;2017
1;1;4;4;4212;4212;Santa Vittoria d'Alba;;CN;0;0;2748;2011;10,0758;2017;2801;2017
1;1;4;4;4213;4213;Santo Stefano Belbo;;CN;0;0;4055;2011;23,5722;2017;3916;2017
1;1;4;4;4214;4214;Santo Stefano Roero;;CN;0;0;1407;2011;13,1142;2017;1377;2017
1;1;4;4;4215;4215;Savigliano;;CN;0;0;20935;2011;110,7876;2017;21531;2017
1;1;4;4;4216;4216;Scagnello;;CN;0;0;207;2011;9,3878;2017;186;2017
1;1;4;4;4217;4217;Scarnafigi;;CN;0;0;2094;2011;30,4979;2017;2160;2017
1;1;4;4;4218;4218;Serralunga d'Alba;;CN;0;0;524;2011;8,3908;2017;562;2017
1;1;4;4;4219;4219;Serravalle Langhe;;CN;0;0;323;2011;8,8995;2017;303;2017
1;1;4;4;4220;4220;Sinio;;CN;0;0;516;2011;8,6012;2017;525;2017
1;1;4;4;4221;4221;Somano;;CN;0;0;361;2011;11,6848;2017;344;2017
1;1;4;4;4222;4222;Sommariva del Bosco;;CN;0;0;6394;2011;35,4155;2017;6321;2017
1;1;4;4;4223;4223;Sommariva Perno;;CN;0;0;2828;2011;17,0935;2017;2807;2017
1;1;4;4;4224;4224;Stroppo;;CN;0;0;107;2011;28,0956;2017;107;2017
1;1;4;4;4225;4225;Tarantasca;;CN;0;0;2009;2011;12,2016;2017;2111;2017
1;1;4;4;4226;4226;Torre Bormida;;CN;0;0;211;2011;7,1829;2017;178;2017
1;1;4;4;4227;4227;Torre Mondovì;;CN;0;0;494;2011;18,5376;2017;484;2017
1;1;4;4;4228;4228;Torre San Giorgio;;CN;0;0;709;2011;5,3901;2017;730;2017
1;1;4;4;4229;4229;Torresina;;CN;0;0;65;2011;3,8226;2017;52;2017
1;1;4;4;4230;4230;Treiso;;CN;0;0;820;2011;9,5956;2017;785;2017
1;1;4;4;4231;4231;Trezzo Tinella;;CN;0;0;341;2011;10,5253;2017;318;2017
1;1;4;4;4232;4232;Trinità;;CN;0;0;2188;2011;28,3367;2017;2227;2017
1;1;4;4;4233;4233;Valdieri;;CN;0;0;924;2011;153,3126;2017;942;2017
1;1;4;4;4234;4234;Valgrana;;CN;0;0;817;2011;23,1017;2017;783;2017
1;1;4;4;4235;4235;Valloriate;;CN;0;0;121;2011;16,9559;2017;110;2017
1;1;4;4;4236;4236;Valmala;;CN;0;0;64;2011;10,9200;2017;49;2017
1;1;4;4;4237;4237;Venasca;;CN;0;0;1472;2011;20,3938;2017;1388;2017
1;1;4;4;4238;4238;Verduno;;CN;0;0;577;2011;7,1571;2017;555;2017
1;1;4;4;4239;4239;Vernante;;CN;0;0;1217;2011;62,0563;2017;1135;2017
1;1;4;4;4240;4240;Verzuolo;;CN;0;0;6409;2011;26,1320;2017;6482;2017
1;1;4;4;4241;4241;Vezza d'Alba;;CN;0;0;2206;2011;14,0688;2017;2269;2017
1;1;4;4;4242;4242;Vicoforte;;CN;0;0;3167;2011;25,7363;2017;3185;2017
1;1;4;4;4243;4243;Vignolo;;CN;0;0;2487;2011;7,9417;2017;2595;2017
1;1;4;4;4244;4244;Villafalletto;;CN;0;0;2899;2011;29,7324;2017;2914;2017
1;1;4;4;4245;4245;Villanova Mondovì;;CN;0;0;5769;2011;28,2878;2017;5832;2017
1;1;4;4;4246;4246;Villanova Solaro;;CN;0;0;777;2011;14,7884;2017;761;2017
1;1;4;4;4247;4247;Villar San Costanzo;;CN;0;0;1502;2011;19,4958;2017;1597;2017
1;1;4;4;4248;4248;Vinadio;;CN;0;0;684;2011;183,1692;2017;639;2017
1;1;4;4;4249;4249;Viola;;CN;0;0;425;2011;21,0672;2017;371;2017
1;1;4;4;4250;4250;Vottignasco;;CN;0;0;547;2011;8,0900;2017;534;2017
1;1;5;5;5001;5001;Agliano Terme;;AT;0;0;1673;2011;15,4485;2017;1633;2017
1;1;5;5;5002;5002;Albugnano;;AT;0;0;541;2011;9,5399;2017;508;2017
1;1;5;5;5003;5003;Antignano;;AT;0;0;1025;2011;10,8608;2017;975;2017
1;1;5;5;5004;5004;Aramengo;;AT;0;0;632;2011;11,4124;2017;589;2017
1;1;5;5;5005;5005;Asti;;AT;1;0;73899;2011;151,3113;2017;75755;2017
1;1;5;5;5006;5006;Azzano d'Asti;;AT;0;0;419;2011;6,4341;2017;376;2017
1;1;5;5;5007;5007;Baldichieri d'Asti;;AT;0;0;1114;2011;5,0660;2017;1127;2017
1;1;5;5;5008;5008;Belveglio;;AT;0;0;326;2011;5,2796;2017;326;2017
1;1;5;5;5009;5009;Berzano di San Pietro;;AT;0;0;431;2011;7,3430;2017;413;2017
1;1;5;5;5010;5010;Bruno;;AT;0;0;351;2011;8,9008;2017;321;2017
1;1;5;5;5011;5011;Bubbio;;AT;0;0;912;2011;15,7621;2017;845;2017
1;1;5;5;5012;5012;Buttigliera d'Asti;;AT;0;0;2552;2011;19,1608;2017;2573;2017
1;1;5;5;5013;5013;Calamandrana;;AT;0;0;1784;2011;12,7884;2017;1750;2017
1;1;5;5;5014;5014;Calliano;;AT;0;0;1392;2011;17,2931;2017;1267;2017
1;1;5;5;5015;5015;Calosso;;AT;0;0;1331;2011;15,7149;2017;1248;2017
1;1;5;5;5016;5016;Camerano Casasco;;AT;0;0;480;2011;6,8923;2017;459;2017
1;1;5;5;5017;5017;Canelli;;AT;0;0;10569;2011;23,4326;2017;10310;2017
1;1;5;5;5018;5018;Cantarana;;AT;0;0;1023;2011;9,7214;2017;1027;2017
1;1;5;5;5019;5019;Capriglio;;AT;0;0;300;2011;5,0565;2017;287;2017
1;1;5;5;5020;5020;Casorzo;;AT;0;0;657;2011;12,6480;2017;618;2017
1;1;5;5;5021;5021;Cassinasco;;AT;0;0;590;2011;11,8391;2017;588;2017
1;1;5;5;5022;5022;Castagnole delle Lanze;;AT;0;0;3784;2011;21,5648;2017;3732;2017
1;1;5;5;5023;5023;Castagnole Monferrato;;AT;0;0;1271;2011;17,3374;2017;1227;2017
1;1;5;5;5024;5024;Castel Boglione;;AT;0;0;614;2011;11,8622;2017;594;2017
1;1;5;5;5025;5025;Castell'Alfero;;AT;0;0;2750;2011;20,0881;2017;2694;2017
1;1;5;5;5026;5026;Castellero;;AT;0;0;302;2011;4,2882;2017;290;2017
1;1;5;5;5027;5027;Castelletto Molina;;AT;0;0;184;2011;3,0662;2017;162;2017
1;1;5;5;5028;5028;Castello di Annone;;AT;0;0;1928;2011;23,1785;2017;1861;2017
1;1;5;5;5029;5029;Castelnuovo Belbo;;AT;0;0;895;2011;9,5499;2017;849;2017
1;1;5;5;5030;5030;Castelnuovo Calcea;;AT;0;0;765;2011;8,2039;2017;742;2017
1;1;5;5;5031;5031;Castelnuovo Don Bosco;;AT;0;0;3260;2011;21,6068;2017;3195;2017
1;1;5;5;5032;5032;Castel Rocchero;;AT;0;0;396;2011;5,6273;2017;394;2017
1;1;5;5;5033;5033;Cellarengo;;AT;0;0;714;2011;10,8477;2017;703;2017
1;1;5;5;5034;5034;Celle Enomondo;;AT;0;0;480;2011;5,5928;2017;476;2017
1;1;5;5;5035;5035;Cerreto d'Asti;;AT;0;0;220;2011;3,9384;2017;228;2017
1;1;5;5;5036;5036;Cerro Tanaro;;AT;0;0;670;2011;4,6529;2017;588;2017
1;1;5;5;5037;5037;Cessole;;AT;0;0;420;2011;11,7779;2017;399;2017
1;1;5;5;5038;5038;Chiusano d'Asti;;AT;0;0;226;2011;2,4170;2017;236;2017
1;1;5;5;5039;5039;Cinaglio;;AT;0;0;455;2011;5,5045;2017;440;2017
1;1;5;5;5040;5040;Cisterna d'Asti;;AT;0;0;1286;2011;10,7326;2017;1210;2017
1;1;5;5;5041;5041;Coazzolo;;AT;0;0;316;2011;4,0489;2017;292;2017
1;1;5;5;5042;5042;Cocconato;;AT;0;0;1564;2011;16,5226;2017;1444;2017
1;1;5;5;5044;5044;Corsione;;AT;0;0;205;2011;5,0824;2017;212;2017
1;1;5;5;5045;5045;Cortandone;;AT;0;0;323;2011;5,0231;2017;318;2017
1;1;5;5;5046;5046;Cortanze;;AT;0;0;288;2011;4,4766;2017;275;2017
1;1;5;5;5047;5047;Cortazzone;;AT;0;0;657;2011;10,3333;2017;637;2017
1;1;5;5;5048;5048;Cortiglione;;AT;0;0;576;2011;8,4254;2017;560;2017
1;1;5;5;5049;5049;Cossombrato;;AT;0;0;541;2011;5,3987;2017;496;2017
1;1;5;5;5050;5050;Costigliole d'Asti;;AT;0;0;5969;2011;36,9432;2017;5818;2017
1;1;5;5;5051;5051;Cunico;;AT;0;0;528;2011;6,7531;2017;475;2017
1;1;5;5;5052;5052;Dusino San Michele;;AT;0;0;1044;2011;11,9251;2017;1030;2017
1;1;5;5;5053;5053;Ferrere;;AT;0;0;1602;2011;13,9270;2017;1580;2017
1;1;5;5;5054;5054;Fontanile;;AT;0;0;566;2011;8,1300;2017;557;2017
1;1;5;5;5055;5055;Frinco;;AT;0;0;731;2011;7,2168;2017;755;2017
1;1;5;5;5056;5056;Grana;;AT;0;0;622;2011;5,8883;2017;589;2017
1;1;5;5;5057;5057;Grazzano Badoglio;;AT;0;0;618;2011;10,4721;2017;606;2017
1;1;5;5;5058;5058;Incisa Scapaccino;;AT;0;0;2276;2011;20,7037;2017;2185;2017
1;1;5;5;5059;5059;Isola d'Asti;;AT;0;0;2121;2011;13,5026;2017;2026;2017
1;1;5;5;5060;5060;Loazzolo;;AT;0;0;337;2011;14,8219;2017;341;2017
1;1;5;5;5061;5061;Maranzana;;AT;0;0;307;2011;4,3739;2017;255;2017
1;1;5;5;5062;5062;Maretto;;AT;0;0;405;2011;4,9251;2017;362;2017
1;1;5;5;5063;5063;Moasca;;AT;0;0;470;2011;4,1551;2017;492;2017
1;1;5;5;5064;5064;Mombaldone;;AT;0;0;221;2011;11,9588;2017;204;2017
1;1;5;5;5065;5065;Mombaruzzo;;AT;0;0;1153;2011;22,3971;2017;1099;2017
1;1;5;5;5066;5066;Mombercelli;;AT;0;0;2343;2011;14,2321;2017;2203;2017
1;1;5;5;5067;5067;Monale;;AT;0;0;1026;2011;9,1104;2017;1014;2017
1;1;5;5;5068;5068;Monastero Bormida;;AT;0;0;1006;2011;14,2057;2017;939;2017
1;1;5;5;5069;5069;Moncalvo;;AT;0;0;3184;2011;17,4210;2017;2962;2017
1;1;5;5;5070;5070;Moncucco Torinese;;AT;0;0;878;2011;14,3291;2017;902;2017
1;1;5;5;5071;5071;Mongardino;;AT;0;0;951;2011;6,8550;2017;917;2017
1;1;5;5;5072;5072;Montabone;;AT;0;0;347;2011;8,5373;2017;342;2017
1;1;5;5;5073;5073;Montafia;;AT;0;0;904;2011;14,4970;2017;931;2017
1;1;5;5;5074;5074;Montaldo Scarampi;;AT;0;0;788;2011;6,6348;2017;745;2017
1;1;5;5;5075;5075;Montechiaro d'Asti;;AT;0;0;1380;2011;10,1408;2017;1282;2017
1;1;5;5;5076;5076;Montegrosso d'Asti;;AT;0;0;2264;2011;15,4192;2017;2340;2017
1;1;5;5;5077;5077;Montemagno;;AT;0;0;1162;2011;16,0976;2017;1126;2017
1;1;5;5;5079;5079;Moransengo;;AT;0;0;212;2011;5,4053;2017;203;2017
1;1;5;5;5080;5080;Nizza Monferrato;;AT;0;0;10372;2011;30,3632;2017;10306;2017
1;1;5;5;5081;5081;Olmo Gentile;;AT;0;0;90;2011;5,6170;2017;77;2017
1;1;5;5;5082;5082;Passerano Marmorito;;AT;0;0;443;2011;12,0260;2017;435;2017
1;1;5;5;5083;5083;Penango;;AT;0;0;516;2011;9,5630;2017;474;2017
1;1;5;5;5084;5084;Piea;;AT;0;0;612;2011;9,0013;2017;598;2017
1;1;5;5;5085;5085;Pino d'Asti;;AT;0;0;221;2011;4,0820;2017;228;2017
1;1;5;5;5086;5086;Piovà Massaia;;AT;0;0;680;2011;11,0244;2017;622;2017
1;1;5;5;5087;5087;Portacomaro;;AT;0;0;1976;2011;11,0036;2017;1988;2017
1;1;5;5;5088;5088;Quaranti;;AT;0;0;184;2011;2,8582;2017;173;2017
1;1;5;5;5089;5089;Refrancore;;AT;0;0;1669;2011;13,2049;2017;1552;2017
1;1;5;5;5090;5090;Revigliasco d'Asti;;AT;0;0;833;2011;8,8350;2017;790;2017
1;1;5;5;5091;5091;Roatto;;AT;0;0;374;2011;6,4171;2017;376;2017
1;1;5;5;5092;5092;Robella;;AT;0;0;504;2011;12,1805;2017;485;2017
1;1;5;5;5093;5093;Rocca d'Arazzo;;AT;0;0;944;2011;12,5631;2017;918;2017
1;1;5;5;5094;5094;Roccaverano;;AT;0;0;447;2011;29,9827;2017;395;2017
1;1;5;5;5095;5095;Rocchetta Palafea;;AT;0;0;347;2011;7,8377;2017;343;2017
1;1;5;5;5096;5096;Rocchetta Tanaro;;AT;0;0;1437;2011;15,9109;2017;1446;2017
1;1;5;5;5097;5097;San Damiano d'Asti;;AT;0;0;8373;2011;47,8656;2017;8247;2017
1;1;5;5;5098;5098;San Giorgio Scarampi;;AT;0;0;131;2011;6,1477;2017;115;2017
1;1;5;5;5099;5099;San Martino Alfieri;;AT;0;0;712;2011;7,2094;2017;661;2017
1;1;5;5;5100;5100;San Marzano Oliveto;;AT;0;0;1067;2011;9,6838;2017;1036;2017
1;1;5;5;5101;5101;San Paolo Solbrito;;AT;0;0;1197;2011;11,8691;2017;1167;2017
1;1;5;5;5103;5103;Scurzolengo;;AT;0;0;596;2011;5,3426;2017;532;2017
1;1;5;5;5104;5104;Serole;;AT;0;0;142;2011;12,3285;2017;111;2017
1;1;5;5;5105;5105;Sessame;;AT;0;0;284;2011;8,4471;2017;264;2017
1;1;5;5;5106;5106;Settime;;AT;0;0;581;2011;6,6804;2017;548;2017
1;1;5;5;5107;5107;Soglio;;AT;0;0;160;2011;3,2800;2017;145;2017
1;1;5;5;5108;5108;Tigliole;;AT;0;0;1734;2011;16,1173;2017;1722;2017
1;1;5;5;5109;5109;Tonco;;AT;0;0;899;2011;11,7833;2017;842;2017
1;1;5;5;5110;5110;Tonengo;;AT;0;0;197;2011;5,5952;2017;249;2017
1;1;5;5;5111;5111;Vaglio Serra;;AT;0;0;284;2011;4,7599;2017;285;2017
1;1;5;5;5112;5112;Valfenera;;AT;0;0;2519;2011;22,0383;2017;2473;2017
1;1;5;5;5113;5113;Vesime;;AT;0;0;661;2011;13,1655;2017;636;2017
1;1;5;5;5114;5114;Viale;;AT;0;0;261;2011;3,9754;2017;241;2017
1;1;5;5;5115;5115;Viarigi;;AT;0;0;955;2011;13,6219;2017;921;2017
1;1;5;5;5116;5116;Vigliano d'Asti;;AT;0;0;887;2011;6,6530;2017;791;2017
1;1;5;5;5117;5117;Villafranca d'Asti;;AT;0;0;3250;2011;12,8798;2017;3020;2017
1;1;5;5;5118;5118;Villanova d'Asti;;AT;0;0;5774;2011;41,9480;2017;5566;2017
1;1;5;5;5119;5119;Villa San Secondo;;AT;0;0;410;2011;6,1268;2017;379;2017
1;1;5;5;5120;5120;Vinchio;;AT;0;0;657;2011;9,2863;2017;587;2017
1;1;5;5;5121;5121;Montiglio Monferrato;;AT;0;0;1687;2011;26,8624;2017;1624;2017
1;1;6;6;6001;6001;Acqui Terme;;AL;0;0;20054;2011;33,2967;2017;19898;2017
1;1;6;6;6002;6002;Albera Ligure;;AL;0;0;329;2011;21,2298;2017;309;2017
1;1;6;6;6003;6003;Alessandria;;AL;1;0;89411;2011;203,5657;2017;93378;2017
1;1;6;6;6004;6004;Alfiano Natta;;AL;0;0;754;2011;13,1588;2017;779;2017
1;1;6;6;6005;6005;Alice Bel Colle;;AL;0;0;774;2011;12,2135;2017;754;2017
1;1;6;6;6006;6006;Alluvioni Cambiò;;AL;0;0;961;2011;9,1382;2017;913;2017
1;1;6;6;6007;6007;Altavilla Monferrato;;AL;0;0;497;2011;11,3280;2017;446;2017
1;1;6;6;6008;6008;Alzano Scrivia;;AL;0;0;380;2011;2,1269;2017;373;2017
1;1;6;6;6009;6009;Arquata Scrivia;;AL;0;0;6068;2011;29,2434;2017;6362;2017
1;1;6;6;6010;6010;Avolasca;;AL;0;0;306;2011;12,2375;2017;274;2017
1;1;6;6;6011;6011;Balzola;;AL;0;0;1420;2011;16,6197;2017;1346;2017
1;1;6;6;6012;6012;Basaluzzo;;AL;0;0;2071;2011;15,0526;2017;2100;2017
1;1;6;6;6013;6013;Bassignana;;AL;0;0;1742;2011;28,7122;2017;1668;2017
1;1;6;6;6014;6014;Belforte Monferrato;;AL;0;0;505;2011;8,3258;2017;513;2017
1;1;6;6;6015;6015;Bergamasco;;AL;0;0;765;2011;13,4397;2017;728;2017
1;1;6;6;6016;6016;Berzano di Tortona;;AL;0;0;171;2011;2,8874;2017;154;2017
1;1;6;6;6017;6017;Bistagno;;AL;0;0;1930;2011;17,5936;2017;1819;2017
1;1;6;6;6018;6018;Borghetto di Borbera;;AL;0;0;1991;2011;39,3977;2017;2000;2017
1;1;6;6;6019;6019;Borgoratto Alessandrino;;AL;0;0;617;2011;6,6034;2017;567;2017
1;1;6;6;6020;6020;Borgo San Martino;;AL;0;0;1470;2011;9,7230;2017;1388;2017
1;1;6;6;6021;6021;Bosco Marengo;;AL;0;0;2531;2011;44,5297;2017;2375;2017
1;1;6;6;6022;6022;Bosio;;AL;0;0;1240;2011;67,6133;2017;1192;2017
1;1;6;6;6023;6023;Bozzole;;AL;0;0;331;2011;9,0235;2017;340;2017
1;1;6;6;6024;6024;Brignano-Frascata;;AL;0;0;451;2011;17,5285;2017;445;2017
1;1;6;6;6025;6025;Cabella Ligure;;AL;0;0;554;2011;46,6332;2017;530;2017
1;1;6;6;6026;6026;Camagna Monferrato;;AL;0;0;510;2011;9,2493;2017;512;2017
1;1;6;6;6027;6027;Camino;;AL;0;0;802;2011;18,4376;2017;765;2017
1;1;6;6;6028;6028;Cantalupo Ligure;;AL;0;0;549;2011;24,0619;2017;504;2017
1;1;6;6;6029;6029;Capriata d'Orba;;AL;0;0;1926;2011;28,4663;2017;1852;2017
1;1;6;6;6030;6030;Carbonara Scrivia;;AL;0;0;1055;2011;5,0526;2017;1130;2017
1;1;6;6;6031;6031;Carentino;;AL;0;0;325;2011;9,7892;2017;330;2017
1;1;6;6;6032;6032;Carezzano;;AL;0;0;444;2011;10,4833;2017;436;2017
1;1;6;6;6033;6033;Carpeneto;;AL;0;0;991;2011;13,3394;2017;975;2017
1;1;6;6;6034;6034;Carrega Ligure;;AL;0;0;83;2011;55,2555;2017;86;2017
1;1;6;6;6035;6035;Carrosio;;AL;0;0;481;2011;6,9232;2017;505;2017
1;1;6;6;6036;6036;Cartosio;;AL;0;0;811;2011;16,3412;2017;749;2017
1;1;6;6;6037;6037;Casal Cermelli;;AL;0;0;1235;2011;12,1635;2017;1211;2017
1;1;6;6;6038;6038;Casaleggio Boiro;;AL;0;0;401;2011;12,0104;2017;377;2017
1;1;6;6;6039;6039;Casale Monferrato;;AL;0;0;34812;2011;86,2097;2017;34037;2017
1;1;6;6;6040;6040;Casalnoceto;;AL;0;0;1015;2011;12,9866;2017;956;2017
1;1;6;6;6041;6041;Casasco;;AL;0;0;124;2011;9,0373;2017;136;2017
1;1;6;6;6042;6042;Cassano Spinola;;AL;0;0;1793;2011;13,8466;2017;1698;2017
1;1;6;6;6043;6043;Cassine;;AL;0;0;3048;2011;33,0925;2017;2940;2017
1;1;6;6;6044;6044;Cassinelle;;AL;0;0;937;2011;23,7721;2017;921;2017
1;1;6;6;6045;6045;Castellania;;AL;0;0;91;2011;7,2089;2017;93;2017
1;1;6;6;6046;6046;Castellar Guidobono;;AL;0;0;427;2011;2,4828;2017;388;2017
1;1;6;6;6047;6047;Castellazzo Bormida;;AL;0;0;4566;2011;45,1283;2017;4434;2017
1;1;6;6;6048;6048;Castelletto d'Erro;;AL;0;0;150;2011;4,6600;2017;152;2017
1;1;6;6;6049;6049;Castelletto d'Orba;;AL;0;0;2096;2011;13,9770;2017;1939;2017
1;1;6;6;6050;6050;Castelletto Merli;;AL;0;0;484;2011;11,5908;2017;462;2017
1;1;6;6;6051;6051;Castelletto Monferrato;;AL;0;0;1558;2011;9,5776;2017;1519;2017
1;1;6;6;6052;6052;Castelnuovo Bormida;;AL;0;0;680;2011;13,1107;2017;670;2017
1;1;6;6;6053;6053;Castelnuovo Scrivia;;AL;0;0;5414;2011;45,4213;2017;5200;2017
1;1;6;6;6054;6054;Castelspina;;AL;0;0;422;2011;5,4872;2017;412;2017
1;1;6;6;6055;6055;Cavatore;;AL;0;0;301;2011;10,4466;2017;285;2017
1;1;6;6;6056;6056;Cella Monte;;AL;0;0;528;2011;5,5524;2017;504;2017
1;1;6;6;6057;6057;Cereseto;;AL;0;0;457;2011;10,4427;2017;410;2017
1;1;6;6;6058;6058;Cerreto Grue;;AL;0;0;325;2011;4,7470;2017;305;2017
1;1;6;6;6059;6059;Cerrina Monferrato;;AL;0;0;1495;2011;17,3008;2017;1378;2017
1;1;6;6;6060;6060;Coniolo;;AL;0;0;451;2011;10,3002;2017;460;2017
1;1;6;6;6061;6061;Conzano;;AL;0;0;1015;2011;11,6117;2017;951;2017
1;1;6;6;6062;6062;Costa Vescovato;;AL;0;0;357;2011;7,8996;2017;329;2017
1;1;6;6;6063;6063;Cremolino;;AL;0;0;1062;2011;14,3874;2017;1075;2017
1;1;6;6;6064;6064;Cuccaro Monferrato;;AL;0;0;339;2011;5,2191;2017;323;2017
1;1;6;6;6065;6065;Denice;;AL;0;0;190;2011;7,4621;2017;175;2017
1;1;6;6;6066;6066;Dernice;;AL;0;0;210;2011;18,2763;2017;185;2017
1;1;6;6;6067;6067;Fabbrica Curone;;AL;0;0;695;2011;53,8484;2017;626;2017
1;1;6;6;6068;6068;Felizzano;;AL;0;0;2421;2011;25,0138;2017;2282;2017
1;1;6;6;6069;6069;Fraconalto;;AL;0;0;352;2011;17,6161;2017;332;2017
1;1;6;6;6070;6070;Francavilla Bisio;;AL;0;0;518;2011;7,7515;2017;509;2017
1;1;6;6;6071;6071;Frascaro;;AL;0;0;446;2011;5,2861;2017;428;2017
1;1;6;6;6072;6072;Frassinello Monferrato;;AL;0;0;533;2011;8,4310;2017;492;2017
1;1;6;6;6073;6073;Frassineto Po;;AL;0;0;1471;2011;29,5609;2017;1407;2017
1;1;6;6;6074;6074;Fresonara;;AL;0;0;739;2011;6,9336;2017;697;2017
1;1;6;6;6075;6075;Frugarolo;;AL;0;0;2012;2011;27,0575;2017;1927;2017
1;1;6;6;6076;6076;Fubine Monferrato;;AL;0;0;1657;2011;25,5333;2017;1591;2017
1;1;6;6;6077;6077;Gabiano;;AL;0;0;1212;2011;17,7684;2017;1132;2017
1;1;6;6;6078;6078;Gamalero;;AL;0;0;847;2011;12,1543;2017;825;2017
1;1;6;6;6079;6079;Garbagna;;AL;0;0;707;2011;20,7165;2017;687;2017
1;1;6;6;6080;6080;Gavazzana;;AL;0;0;172;2011;3,2797;2017;183;2017
1;1;6;6;6081;6081;Gavi;;AL;0;0;4707;2011;45,0432;2017;4521;2017
1;1;6;6;6082;6082;Giarole;;AL;0;0;720;2011;5,4494;2017;708;2017
1;1;6;6;6083;6083;Gremiasco;;AL;0;0;344;2011;17,3842;2017;319;2017
1;1;6;6;6084;6084;Grognardo;;AL;0;0;296;2011;9,0802;2017;257;2017
1;1;6;6;6085;6085;Grondona;;AL;0;0;545;2011;25,9429;2017;491;2017
1;1;6;6;6086;6086;Guazzora;;AL;0;0;313;2011;2,8021;2017;301;2017
1;1;6;6;6087;6087;Isola Sant'Antonio;;AL;0;0;734;2011;23,5483;2017;676;2017
1;1;6;6;6088;6088;Lerma;;AL;0;0;873;2011;14,5358;2017;844;2017
1;1;6;6;6089;6089;Lu;;AL;0;0;1181;2011;21,8759;2017;1101;2017
1;1;6;6;6090;6090;Malvicino;;AL;0;0;84;2011;9,0350;2017;79;2017
1;1;6;6;6091;6091;Masio;;AL;0;0;1465;2011;22,2319;2017;1368;2017
1;1;6;6;6092;6092;Melazzo;;AL;0;0;1315;2011;19,7375;2017;1296;2017
1;1;6;6;6093;6093;Merana;;AL;0;0;185;2011;9,1998;2017;194;2017
1;1;6;6;6094;6094;Mirabello Monferrato;;AL;0;0;1401;2011;13,2357;2017;1325;2017
1;1;6;6;6095;6095;Molare;;AL;0;0;2269;2011;32,5040;2017;2106;2017
1;1;6;6;6096;6096;Molino dei Torti;;AL;0;0;653;2011;2,7527;2017;605;2017
1;1;6;6;6097;6097;Mombello Monferrato;;AL;0;0;1087;2011;19,6941;2017;1037;2017
1;1;6;6;6098;6098;Momperone;;AL;0;0;219;2011;8,5400;2017;227;2017
1;1;6;6;6099;6099;Moncestino;;AL;0;0;228;2011;6,5185;2017;201;2017
1;1;6;6;6100;6100;Mongiardino Ligure;;AL;0;0;177;2011;29,0329;2017;159;2017
1;1;6;6;6101;6101;Monleale;;AL;0;0;593;2011;9,6176;2017;574;2017
1;1;6;6;6102;6102;Montacuto;;AL;0;0;306;2011;23,7473;2017;263;2017
1;1;6;6;6103;6103;Montaldeo;;AL;0;0;291;2011;5,3756;2017;259;2017
1;1;6;6;6104;6104;Montaldo Bormida;;AL;0;0;708;2011;5,7241;2017;625;2017
1;1;6;6;6105;6105;Montecastello;;AL;0;0;324;2011;7,4867;2017;314;2017
1;1;6;6;6106;6106;Montechiaro d'Acqui;;AL;0;0;568;2011;17,5982;2017;547;2017
1;1;6;6;6107;6107;Montegioco;;AL;0;0;326;2011;5,4513;2017;324;2017
1;1;6;6;6108;6108;Montemarzino;;AL;0;0;341;2011;9,8515;2017;308;2017
1;1;6;6;6109;6109;Morano sul Po;;AL;0;0;1511;2011;17,7049;2017;1412;2017
1;1;6;6;6110;6110;Morbello;;AL;0;0;408;2011;23,9524;2017;422;2017
1;1;6;6;6111;6111;Mornese;;AL;0;0;726;2011;13,2197;2017;720;2017
1;1;6;6;6112;6112;Morsasco;;AL;0;0;712;2011;10,2943;2017;671;2017
1;1;6;6;6113;6113;Murisengo;;AL;0;0;1450;2011;15,3104;2017;1403;2017
1;1;6;6;6114;6114;Novi Ligure;;AL;0;0;27682;2011;55,1948;2017;28172;2017
1;1;6;6;6115;6115;Occimiano;;AL;0;0;1367;2011;22,4629;2017;1291;2017
1;1;6;6;6116;6116;Odalengo Grande;;AL;0;0;487;2011;15,4279;2017;427;2017
1;1;6;6;6117;6117;Odalengo Piccolo;;AL;0;0;270;2011;7,5707;2017;267;2017
1;1;6;6;6118;6118;Olivola;;AL;0;0;123;2011;2,6908;2017;118;2017
1;1;6;6;6119;6119;Orsara Bormida;;AL;0;0;406;2011;5,0996;2017;406;2017
1;1;6;6;6120;6120;Ottiglio;;AL;0;0;672;2011;14,5434;2017;622;2017
1;1;6;6;6121;6121;Ovada;;AL;0;0;11685;2011;35,3724;2017;11310;2017
1;1;6;6;6122;6122;Oviglio;;AL;0;0;1319;2011;27,3665;2017;1256;2017
1;1;6;6;6123;6123;Ozzano Monferrato;;AL;0;0;1506;2011;15,1834;2017;1415;2017
1;1;6;6;6124;6124;Paderna;;AL;0;0;231;2011;4,4198;2017;215;2017
1;1;6;6;6125;6125;Pareto;;AL;0;0;602;2011;41,7376;2017;519;2017
1;1;6;6;6126;6126;Parodi Ligure;;AL;0;0;710;2011;12,5365;2017;640;2017
1;1;6;6;6127;6127;Pasturana;;AL;0;0;1256;2011;5,2811;2017;1301;2017
1;1;6;6;6128;6128;Pecetto di Valenza;;AL;0;0;1233;2011;11,3546;2017;1235;2017
1;1;6;6;6129;6129;Pietra Marazzi;;AL;0;0;900;2011;7,9973;2017;947;2017
1;1;6;6;6130;6130;Piovera;;AL;0;0;830;2011;15,6455;2017;822;2017
1;1;6;6;6131;6131;Pomaro Monferrato;;AL;0;0;390;2011;13,4427;2017;370;2017
1;1;6;6;6132;6132;Pontecurone;;AL;0;0;3850;2011;29,7041;2017;3570;2017
1;1;6;6;6133;6133;Pontestura;;AL;0;0;1508;2011;18,9177;2017;1427;2017
1;1;6;6;6134;6134;Ponti;;AL;0;0;618;2011;11,9679;2017;570;2017
1;1;6;6;6135;6135;Ponzano Monferrato;;AL;0;0;380;2011;11,6495;2017;337;2017
1;1;6;6;6136;6136;Ponzone;;AL;0;0;1071;2011;69,0281;2017;999;2017
1;1;6;6;6137;6137;Pozzol Groppo;;AL;0;0;365;2011;14,0866;2017;309;2017
1;1;6;6;6138;6138;Pozzolo Formigaro;;AL;0;0;4910;2011;36,1765;2017;4610;2017
1;1;6;6;6139;6139;Prasco;;AL;0;0;552;2011;5,9724;2017;483;2017
1;1;6;6;6140;6140;Predosa;;AL;0;0;2092;2011;33,0071;2017;2008;2017
1;1;6;6;6141;6141;Quargnento;;AL;0;0;1397;2011;36,1651;2017;1389;2017
1;1;6;6;6142;6142;Quattordio;;AL;0;0;1668;2011;17,7338;2017;1637;2017
1;1;6;6;6143;6143;Ricaldone;;AL;0;0;675;2011;10,5153;2017;653;2017
1;1;6;6;6144;6144;Rivalta Bormida;;AL;0;0;1417;2011;10,0516;2017;1449;2017
1;1;6;6;6145;6145;Rivarone;;AL;0;0;363;2011;6,0734;2017;409;2017
1;1;6;6;6146;6146;Roccaforte Ligure;;AL;0;0;154;2011;20,5892;2017;125;2017
1;1;6;6;6147;6147;Rocca Grimalda;;AL;0;0;1495;2011;15,4612;2017;1508;2017
1;1;6;6;6148;6148;Rocchetta Ligure;;AL;0;0;210;2011;10,1543;2017;217;2017
1;1;6;6;6149;6149;Rosignano Monferrato;;AL;0;0;1641;2011;19,2799;2017;1530;2017
1;1;6;6;6150;6150;Sala Monferrato;;AL;0;0;377;2011;7,5754;2017;342;2017
1;1;6;6;6151;6151;Sale;;AL;0;0;4218;2011;44,9156;2017;4047;2017
1;1;6;6;6152;6152;San Cristoforo;;AL;0;0;607;2011;3,5706;2017;594;2017
1;1;6;6;6153;6153;San Giorgio Monferrato;;AL;0;0;1279;2011;7,1156;2017;1245;2017
1;1;6;6;6154;6154;San Salvatore Monferrato;;AL;0;0;4449;2011;31,6916;2017;4254;2017
1;1;6;6;6155;6155;San Sebastiano Curone;;AL;0;0;591;2011;3,8925;2017;565;2017
1;1;6;6;6156;6156;Sant'Agata Fossili;;AL;0;0;441;2011;7,7065;2017;403;2017
1;1;6;6;6157;6157;Sardigliano;;AL;0;0;452;2011;12,7430;2017;408;2017
1;1;6;6;6158;6158;Sarezzano;;AL;0;0;1193;2011;13,8532;2017;1149;2017
1;1;6;6;6159;6159;Serralunga di Crea;;AL;0;0;579;2011;8,8425;2017;533;2017
1;1;6;6;6160;6160;Serravalle Scrivia;;AL;0;0;6322;2011;15,9488;2017;5932;2017
1;1;6;6;6161;6161;Sezzadio;;AL;0;0;1294;2011;34,3195;2017;1216;2017
1;1;6;6;6162;6162;Silvano d'Orba;;AL;0;0;2056;2011;12,1681;2017;1961;2017
1;1;6;6;6163;6163;Solero;;AL;0;0;1660;2011;22,5538;2017;1673;2017
1;1;6;6;6164;6164;Solonghello;;AL;0;0;221;2011;4,9533;2017;212;2017
1;1;6;6;6165;6165;Spigno Monferrato;;AL;0;0;1126;2011;54,8544;2017;1013;2017
1;1;6;6;6166;6166;Spineto Scrivia;;AL;0;0;332;2011;3,9542;2017;354;2017
1;1;6;6;6167;6167;Stazzano;;AL;0;0;2425;2011;17,9132;2017;2420;2017
1;1;6;6;6168;6168;Strevi;;AL;0;0;2039;2011;15,2889;2017;1935;2017
1;1;6;6;6169;6169;Tagliolo Monferrato;;AL;0;0;1606;2011;26,2111;2017;1565;2017
1;1;6;6;6170;6170;Tassarolo;;AL;0;0;636;2011;7,0350;2017;651;2017
1;1;6;6;6171;6171;Terruggia;;AL;0;0;901;2011;7,2664;2017;935;2017
1;1;6;6;6172;6172;Terzo;;AL;0;0;907;2011;8,7960;2017;879;2017
1;1;6;6;6173;6173;Ticineto;;AL;0;0;1424;2011;8,0894;2017;1332;2017
1;1;6;6;6174;6174;Tortona;;AL;0;0;25986;2011;98,8666;2017;27415;2017
1;1;6;6;6175;6175;Treville;;AL;0;0;271;2011;4,6032;2017;290;2017
1;1;6;6;6176;6176;Trisobbio;;AL;0;0;671;2011;9,2191;2017;679;2017
1;1;6;6;6177;6177;Valenza;;AL;0;0;19671;2011;48,4945;2017;18839;2017
1;1;6;6;6178;6178;Valmacca;;AL;0;0;1055;2011;12,2936;2017;1015;2017
1;1;6;6;6179;6179;Vignale Monferrato;;AL;0;0;1068;2011;18,7258;2017;991;2017
1;1;6;6;6180;6180;Vignole Borbera;;AL;0;0;2245;2011;8,6455;2017;2110;2017
1;1;6;6;6181;6181;Viguzzolo;;AL;0;0;3209;2011;18,3072;2017;3124;2017
1;1;6;6;6182;6182;Villadeati;;AL;0;0;523;2011;14,6091;2017;474;2017
1;1;6;6;6183;6183;Villalvernia;;AL;0;0;966;2011;4,4744;2017;893;2017
1;1;6;6;6184;6184;Villamiroglio;;AL;0;0;332;2011;9,8688;2017;305;2017
1;1;6;6;6185;6185;Villanova Monferrato;;AL;0;0;1849;2011;16,5563;2017;1841;2017
1;1;6;6;6186;6186;Villaromagnano;;AL;0;0;700;2011;6,0672;2017;675;2017
1;1;6;6;6187;6187;Visone;;AL;0;0;1257;2011;12,5617;2017;1221;2017
1;1;6;6;6188;6188;Volpedo;;AL;0;0;1212;2011;10,4833;2017;1188;2017
1;1;6;6;6189;6189;Volpeglino;;AL;0;0;160;2011;3,2458;2017;137;2017
1;1;6;6;6190;6190;Voltaggio;;AL;0;0;759;2011;52,1828;2017;723;2017
1;2;7;7;7001;7001;Allein;;AO;0;0;248;2011;7,9640;2017;220;2017
1;2;7;7;7002;7002;Antey-Saint-André;;AO;0;0;626;2011;11,8080;2017;580;2017
1;2;7;7;7003;7003;Aosta;;AO;1;1;34102;2011;21,3923;2017;34193;2017
1;2;7;7;7004;7004;Arnad;;AO;0;0;1294;2011;28,8405;2017;1257;2017
1;2;7;7;7005;7005;Arvier;;AO;0;0;892;2011;33,3596;2017;872;2017
1;2;7;7;7006;7006;Avise;;AO;0;0;348;2011;52,6166;2017;299;2017
1;2;7;7;7007;7007;Ayas;;AO;0;0;1359;2011;129,4208;2017;1395;2017
1;2;7;7;7008;7008;Aymavilles;;AO;0;0;2072;2011;53,2436;2017;2068;2017
1;2;7;7;7009;7009;Bard;;AO;0;0;125;2011;3,0315;2017;114;2017
1;2;7;7;7010;7010;Bionaz;;AO;0;0;234;2011;142,0905;2017;247;2017
1;2;7;7;7011;7011;Brissogne;;AO;0;0;983;2011;25,5133;2017;957;2017
1;2;7;7;7012;7012;Brusson;;AO;0;0;852;2011;55,2621;2017;907;2017
1;2;7;7;7013;7013;Challand-Saint-Anselme;;AO;0;0;756;2011;27,9864;2017;753;2017
1;2;7;7;7014;7014;Challand-Saint-Victor;;AO;0;0;611;2011;25,1589;2017;565;2017
1;2;7;7;7015;7015;Chambave;;AO;0;0;939;2011;21,5416;2017;955;2017
1;2;7;7;7016;7016;Chamois;;AO;0;0;94;2011;14,5283;2017;98;2017
1;2;7;7;7017;7017;Champdepraz;;AO;0;0;702;2011;48,7924;2017;722;2017
1;2;7;7;7018;7018;Champorcher;;AO;0;0;398;2011;68,4352;2017;403;2017
1;2;7;7;7019;7019;Charvensod;;AO;0;0;2507;2011;25,8619;2017;2369;2017
1;2;7;7;7020;7020;Châtillon;;AO;0;0;4946;2011;39,6811;2017;4606;2017
1;2;7;7;7021;7021;Cogne;;AO;0;0;1453;2011;213,0372;2017;1402;2017
1;2;7;7;7022;7022;Courmayeur;;AO;0;0;2815;2011;209,6059;2017;2800;2017
1;2;7;7;7023;7023;Donnas;;AO;0;0;2624;2011;33,9770;2017;2516;2017
1;2;7;7;7024;7024;Doues;;AO;0;0;477;2011;16,2542;2017;511;2017
1;2;7;7;7025;7025;Emarèse;;AO;0;0;228;2011;10,2330;2017;225;2017
1;2;7;7;7026;7026;Etroubles;;AO;0;0;496;2011;39,5692;2017;491;2017
1;2;7;7;7027;7027;Fénis;;AO;0;0;1766;2011;68,1198;2017;1809;2017
1;2;7;7;7028;7028;Fontainemore;;AO;0;0;449;2011;31,7089;2017;442;2017
1;2;7;7;7029;7029;Gaby;;AO;0;0;487;2011;32,1712;2017;475;2017
1;2;7;7;7030;7030;Gignod;;AO;0;0;1692;2011;25,9833;2017;1685;2017
1;2;7;7;7031;7031;Gressan;;AO;0;0;3306;2011;25,3034;2017;3409;2017
1;2;7;7;7032;7032;Gressoney-La-Trinité;;AO;0;0;311;2011;66,5161;2017;301;2017
1;2;7;7;7033;7033;Gressoney-Saint-Jean;;AO;0;0;814;2011;69,6471;2017;832;2017
1;2;7;7;7034;7034;Hône;;AO;0;0;1175;2011;12,6384;2017;1156;2017
1;2;7;7;7035;7035;Introd;;AO;0;0;632;2011;20,0381;2017;671;2017
1;2;7;7;7036;7036;Issime;;AO;0;0;422;2011;35,3779;2017;417;2017
1;2;7;7;7037;7037;Issogne;;AO;0;0;1396;2011;23,6103;2017;1358;2017
1;2;7;7;7038;7038;Jovençan;;AO;0;0;758;2011;7,0120;2017;746;2017
1;2;7;7;7039;7039;La Magdeleine;;AO;0;0;111;2011;8,9365;2017;112;2017
1;2;7;7;7040;7040;La Salle;;AO;0;0;2071;2011;83,9427;2017;2037;2017
1;2;7;7;7041;7041;La Thuile;;AO;0;0;776;2011;125,6666;2017;797;2017
1;2;7;7;7042;7042;Lillianes;;AO;0;0;465;2011;18,5463;2017;457;2017
1;2;7;7;7043;7043;Montjovet;;AO;0;0;1831;2011;18,7597;2017;1811;2017
1;2;7;7;7044;7044;Morgex;;AO;0;0;2069;2011;43,6277;2017;2111;2017
1;2;7;7;7045;7045;Nus;;AO;0;0;2943;2011;57,3544;2017;2971;2017
1;2;7;7;7046;7046;Ollomont;;AO;0;0;158;2011;53,4825;2017;158;2017
1;2;7;7;7047;7047;Oyace;;AO;0;0;225;2011;30,5598;2017;217;2017
1;2;7;7;7048;7048;Perloz;;AO;0;0;453;2011;23,2665;2017;481;2017
1;2;7;7;7049;7049;Pollein;;AO;0;0;1531;2011;15,3295;2017;1529;2017
1;2;7;7;7050;7050;Pontboset;;AO;0;0;195;2011;33,5599;2017;179;2017
1;2;7;7;7051;7051;Pontey;;AO;0;0;818;2011;15,7533;2017;825;2017
1;2;7;7;7052;7052;Pont-Saint-Martin;;AO;0;0;4005;2011;6,9224;2017;3716;2017
1;2;7;7;7053;7053;Pré-Saint-Didier;;AO;0;0;1012;2011;33,4018;2017;1027;2017
1;2;7;7;7054;7054;Quart;;AO;0;0;3872;2011;62,0520;2017;4021;2017
1;2;7;7;7055;7055;Rhêmes-Notre-Dame;;AO;0;0;114;2011;86,8333;2017;85;2017
1;2;7;7;7056;7056;Rhêmes-Saint-Georges;;AO;0;0;196;2011;36,3385;2017;178;2017
1;2;7;7;7057;7057;Roisan;;AO;0;0;1042;2011;14,6410;2017;1035;2017
1;2;7;7;7058;7058;Saint-Christophe;;AO;0;0;3356;2011;14,7364;2017;3428;2017
1;2;7;7;7059;7059;Saint-Denis;;AO;0;0;382;2011;11,3872;2017;379;2017
1;2;7;7;7060;7060;Saint-Marcel;;AO;0;0;1275;2011;42,3820;2017;1362;2017
1;2;7;7;7061;7061;Saint-Nicolas;;AO;0;0;315;2011;15,4576;2017;313;2017
1;2;7;7;7062;7062;Saint-Oyen;;AO;0;0;217;2011;9,4206;2017;194;2017
1;2;7;7;7063;7063;Saint-Pierre;;AO;0;0;3112;2011;26,1772;2017;3184;2017
1;2;7;7;7064;7064;Saint-Rhémy-en-Bosses;;AO;0;0;367;2011;64,8770;2017;349;2017
1;2;7;7;7065;7065;Saint-Vincent;;AO;0;0;4654;2011;20,5721;2017;4500;2017
1;2;7;7;7066;7066;Sarre;;AO;0;0;4857;2011;28,2810;2017;4865;2017
1;2;7;7;7067;7067;Torgnon;;AO;0;0;517;2011;42,4629;2017;597;2017
1;2;7;7;7068;7068;Valgrisenche;;AO;0;0;198;2011;113,4757;2017;195;2017
1;2;7;7;7069;7069;Valpelline;;AO;0;0;655;2011;31,4468;2017;632;2017
1;2;7;7;7070;7070;Valsavarenche;;AO;0;0;187;2011;138,2088;2017;174;2017
1;2;7;7;7071;7071;Valtournenche;;AO;0;0;2147;2011;116,1501;2017;2287;2017
1;2;7;7;7072;7072;Verrayes;;AO;0;0;1344;2011;22,3546;2017;1298;2017
1;2;7;7;7073;7073;Verrès;;AO;0;0;2711;2011;8,3607;2017;2602;2017
1;2;7;7;7074;7074;Villeneuve;;AO;0;0;1236;2011;8,7979;2017;1281;2017
1;7;8;8;8001;8001;Airole;;IM;0;0;461;2011;14,6268;2017;387;2017
1;7;8;8;8002;8002;Apricale;;IM;0;0;625;2011;19,9364;2017;578;2017
1;7;8;8;8003;8003;Aquila d'Arroscia;;IM;0;0;176;2011;10,0601;2017;158;2017
1;7;8;8;8004;8004;Armo;;IM;0;0;124;2011;10,0925;2017;113;2017
1;7;8;8;8005;8005;Aurigo;;IM;0;0;346;2011;9,1429;2017;335;2017
1;7;8;8;8006;8006;Badalucco;;IM;0;0;1190;2011;16,0999;2017;1112;2017
1;7;8;8;8007;8007;Bajardo;;IM;0;0;312;2011;24,3196;2017;329;2017
1;7;8;8;8008;8008;Bordighera;;IM;0;0;10416;2011;10,6456;2017;10202;2017
1;7;8;8;8009;8009;Borghetto d'Arroscia;;IM;0;0;463;2011;25,9387;2017;446;2017
1;7;8;8;8010;8010;Borgomaro;;IM;0;0;873;2011;23,4357;2017;877;2017
1;7;8;8;8011;8011;Camporosso;;IM;0;0;5419;2011;17,9447;2017;5477;2017
1;7;8;8;8012;8012;Caravonica;;IM;0;0;303;2011;4,4708;2017;266;2017
1;7;8;8;8013;8013;Carpasio;;IM;0;0;153;2011;16,2910;2017;142;2017
1;7;8;8;8014;8014;Castellaro;;IM;0;0;1233;2011;7,8606;2017;1264;2017
1;7;8;8;8015;8015;Castel Vittorio;;IM;0;0;329;2011;25,9282;2017;287;2017
1;7;8;8;8016;8016;Ceriana;;IM;0;0;1253;2011;31,7924;2017;1187;2017
1;7;8;8;8017;8017;Cervo;;IM;0;0;1128;2011;3,5850;2017;1107;2017
1;7;8;8;8018;8018;Cesio;;IM;0;0;286;2011;8,8570;2017;280;2017
1;7;8;8;8019;8019;Chiusanico;;IM;0;0;603;2011;13,5068;2017;573;2017
1;7;8;8;8020;8020;Chiusavecchia;;IM;0;0;565;2011;4,0918;2017;543;2017
1;7;8;8;8021;8021;Cipressa;;IM;0;0;1271;2011;9,3930;2017;1251;2017
1;7;8;8;8022;8022;Civezza;;IM;0;0;640;2011;3,8809;2017;589;2017
1;7;8;8;8023;8023;Cosio d'Arroscia;;IM;0;0;248;2011;40,5548;2017;204;2017
1;7;8;8;8024;8024;Costarainera;;IM;0;0;803;2011;2,5190;2017;800;2017
1;7;8;8;8025;8025;Diano Arentino;;IM;0;0;678;2011;8,3343;2017;698;2017
1;7;8;8;8026;8026;Diano Castello;;IM;0;0;2257;2011;6,1136;2017;2245;2017
1;7;8;8;8027;8027;Diano Marina;;IM;0;0;6004;2011;6,6729;2017;5839;2017
1;7;8;8;8028;8028;Diano San Pietro;;IM;0;0;1101;2011;11,9117;2017;1129;2017
1;7;8;8;8029;8029;Dolceacqua;;IM;0;0;1990;2011;20,2846;2017;2065;2017
1;7;8;8;8030;8030;Dolcedo;;IM;0;0;1451;2011;19,7953;2017;1367;2017
1;7;8;8;8031;8031;Imperia;;IM;1;0;42322;2011;45,3823;2017;42064;2017
1;7;8;8;8032;8032;Isolabona;;IM;0;0;678;2011;12,3465;2017;683;2017
1;7;8;8;8033;8033;Lucinasco;;IM;0;0;280;2011;7,8969;2017;278;2017
1;7;8;8;8034;8034;Mendatica;;IM;0;0;205;2011;30,6912;2017;185;2017
1;7;8;8;8035;8035;Molini di Triora;;IM;0;0;626;2011;58,0472;2017;588;2017
1;7;8;8;8036;8036;Montalto Ligure;;IM;0;0;364;2011;13,7127;2017;400;2017
1;7;8;8;8037;8037;Montegrosso Pian Latte;;IM;0;0;121;2011;10,0261;2017;124;2017
1;7;8;8;8038;8038;Olivetta San Michele;;IM;0;0;225;2011;13,8375;2017;212;2017
1;7;8;8;8039;8039;Ospedaletti;;IM;0;0;3386;2011;5,4462;2017;3207;2017
1;7;8;8;8040;8040;Perinaldo;;IM;0;0;912;2011;20,2994;2017;851;2017
1;7;8;8;8041;8041;Pietrabruna;;IM;0;0;541;2011;10,2246;2017;466;2017
1;7;8;8;8042;8042;Pieve di Teco;;IM;0;0;1400;2011;40,5045;2017;1319;2017
1;7;8;8;8043;8043;Pigna;;IM;0;0;894;2011;53,2305;2017;823;2017
1;7;8;8;8044;8044;Pompeiana;;IM;0;0;809;2011;5,3802;2017;833;2017
1;7;8;8;8045;8045;Pontedassio;;IM;0;0;2356;2011;13,3128;2017;2323;2017
1;7;8;8;8046;8046;Pornassio;;IM;0;0;584;2011;27,2114;2017;650;2017
1;7;8;8;8047;8047;Prelà;;IM;0;0;500;2011;14,8026;2017;487;2017
1;7;8;8;8048;8048;Ranzo;;IM;0;0;556;2011;10,8563;2017;556;2017
1;7;8;8;8049;8049;Rezzo;;IM;0;0;371;2011;37,3683;2017;342;2017
1;7;8;8;8050;8050;Riva Ligure;;IM;0;0;2861;2011;2,0712;2017;2884;2017
1;7;8;8;8051;8051;Rocchetta Nervina;;IM;0;0;272;2011;15,2848;2017;288;2017
1;7;8;8;8052;8052;San Bartolomeo al Mare;;IM;0;0;3127;2011;10,8533;2017;3049;2017
1;7;8;8;8053;8053;San Biagio della Cima;;IM;0;0;1278;2011;4,3070;2017;1295;2017
1;7;8;8;8054;8054;San Lorenzo al Mare;;IM;0;0;1373;2011;1,2886;2017;1263;2017
1;7;8;8;8055;8055;Sanremo;;IM;0;0;54137;2011;55,9577;2017;52646;2017
1;7;8;8;8056;8056;Santo Stefano al Mare;;IM;0;0;2239;2011;2,6886;2017;2140;2017
1;7;8;8;8057;8057;Seborga;;IM;0;0;323;2011;4,8705;2017;295;2017
1;7;8;8;8058;8058;Soldano;;IM;0;0;985;2011;3,4660;2017;1019;2017
1;7;8;8;8059;8059;Taggia;;IM;0;0;14032;2011;31,3583;2017;14078;2017
1;7;8;8;8060;8060;Terzorio;;IM;0;0;232;2011;1,9254;2017;234;2017
1;7;8;8;8061;8061;Triora;;IM;0;0;374;2011;67,6060;2017;348;2017
1;7;8;8;8062;8062;Vallebona;;IM;0;0;1332;2011;5,8808;2017;1300;2017
1;7;8;8;8063;8063;Vallecrosia;;IM;0;0;7032;2011;3,6815;2017;6946;2017
1;7;8;8;8064;8064;Vasia;;IM;0;0;424;2011;11,1513;2017;397;2017
1;7;8;8;8065;8065;Ventimiglia;;IM;0;0;23926;2011;53,7257;2017;23908;2017
1;7;8;8;8066;8066;Vessalico;;IM;0;0;287;2011;10,4645;2017;288;2017
1;7;8;8;8067;8067;Villa Faraldi;;IM;0;0;437;2011;9,5157;2017;462;2017
1;7;9;9;9001;9001;Alassio;;SV;0;0;11026;2011;17,2476;2017;10698;2017
1;7;9;9;9002;9002;Albenga;;SV;0;0;23576;2011;36,5751;2017;23565;2017
1;7;9;9;9003;9003;Albissola Marina;;SV;0;0;5564;2011;3,2457;2017;5340;2017
1;7;9;9;9004;9004;Albisola Superiore;;SV;0;0;10407;2011;28,6771;2017;10066;2017
1;7;9;9;9005;9005;Altare;;SV;0;0;2127;2011;11,2964;2017;2037;2017
1;7;9;9;9006;9006;Andora;;SV;0;0;7470;2011;31,7987;2017;7375;2017
1;7;9;9;9007;9007;Arnasco;;SV;0;0;630;2011;6,0930;2017;637;2017
1;7;9;9;9008;9008;Balestrino;;SV;0;0;597;2011;11,2733;2017;553;2017
1;7;9;9;9009;9009;Bardineto;;SV;0;0;697;2011;29,7933;2017;740;2017
1;7;9;9;9010;9010;Bergeggi;;SV;0;0;1126;2011;3,6899;2017;1118;2017
1;7;9;9;9011;9011;Boissano;;SV;0;0;2437;2011;8,3522;2017;2498;2017
1;7;9;9;9012;9012;Borghetto Santo Spirito;;SV;0;0;5154;2011;5,3910;2017;4786;2017
1;7;9;9;9013;9013;Borgio Verezzi;;SV;0;0;2327;2011;2,7326;2017;2182;2017
1;7;9;9;9014;9014;Bormida;;SV;0;0;401;2011;22,4709;2017;386;2017
1;7;9;9;9015;9015;Cairo Montenotte;;SV;0;0;13237;2011;100,4026;2017;13016;2017
1;7;9;9;9016;9016;Calice Ligure;;SV;0;0;1683;2011;20,6034;2017;1731;2017
1;7;9;9;9017;9017;Calizzano;;SV;0;0;1550;2011;62,7437;2017;1477;2017
1;7;9;9;9018;9018;Carcare;;SV;0;0;5605;2011;10,4005;2017;5568;2017
1;7;9;9;9019;9019;Casanova Lerrone;;SV;0;0;744;2011;24,2297;2017;738;2017
1;7;9;9;9020;9020;Castelbianco;;SV;0;0;321;2011;14,7042;2017;323;2017
1;7;9;9;9021;9021;Castelvecchio di Rocca Barbena;;SV;0;0;172;2011;16,1434;2017;136;2017
1;7;9;9;9022;9022;Celle Ligure;;SV;0;0;5353;2011;9,5606;2017;5226;2017
1;7;9;9;9023;9023;Cengio;;SV;0;0;3678;2011;18,9617;2017;3414;2017
1;7;9;9;9024;9024;Ceriale;;SV;0;0;5815;2011;11,1527;2017;5526;2017
1;7;9;9;9025;9025;Cisano sul Neva;;SV;0;0;1964;2011;12,2727;2017;2048;2017
1;7;9;9;9026;9026;Cosseria;;SV;0;0;1080;2011;12,4065;2017;1081;2017
1;7;9;9;9027;9027;Dego;;SV;0;0;2003;2011;66,8145;2017;1977;2017
1;7;9;9;9028;9028;Erli;;SV;0;0;256;2011;16,7298;2017;230;2017
1;7;9;9;9029;9029;Finale Ligure;;SV;0;0;11724;2011;35,5254;2017;11449;2017
1;7;9;9;9030;9030;Garlenda;;SV;0;0;1214;2011;8,0315;2017;1234;2017
1;7;9;9;9031;9031;Giustenice;;SV;0;0;946;2011;17,2237;2017;998;2017
1;7;9;9;9032;9032;Giusvalla;;SV;0;0;460;2011;19,7021;2017;427;2017
1;7;9;9;9033;9033;Laigueglia;;SV;0;0;1800;2011;2,7242;2017;1787;2017
1;7;9;9;9034;9034;Loano;;SV;0;0;11563;2011;13,4774;2017;11062;2017
1;7;9;9;9035;9035;Magliolo;;SV;0;0;917;2011;19,5718;2017;986;2017
1;7;9;9;9036;9036;Mallare;;SV;0;0;1200;2011;31,7301;2017;1108;2017
1;7;9;9;9037;9037;Massimino;;SV;0;0;121;2011;7,8507;2017;103;2017
1;7;9;9;9038;9038;Millesimo;;SV;0;0;3426;2011;15,9575;2017;3299;2017
1;7;9;9;9039;9039;Mioglia;;SV;0;0;539;2011;19,2980;2017;514;2017
1;7;9;9;9040;9040;Murialdo;;SV;0;0;838;2011;39,2213;2017;833;2017
1;7;9;9;9041;9041;Nasino;;SV;0;0;222;2011;22,1769;2017;191;2017
1;7;9;9;9042;9042;Noli;;SV;0;0;2801;2011;9,6682;2017;2666;2017
1;7;9;9;9043;9043;Onzo;;SV;0;0;234;2011;8,2263;2017;218;2017
1;7;9;9;9044;9044;Orco Feglino;;SV;0;0;895;2011;17,3130;2017;886;2017
1;7;9;9;9045;9045;Ortovero;;SV;0;0;1583;2011;9,6586;2017;1572;2017
1;7;9;9;9046;9046;Osiglia;;SV;0;0;469;2011;28,1736;2017;452;2017
1;7;9;9;9047;9047;Pallare;;SV;0;0;957;2011;21,3321;2017;924;2017
1;7;9;9;9048;9048;Piana Crixia;;SV;0;0;857;2011;30,4451;2017;806;2017
1;7;9;9;9049;9049;Pietra Ligure;;SV;0;0;8880;2011;9,8781;2017;8687;2017
1;7;9;9;9050;9050;Plodio;;SV;0;0;648;2011;8,6454;2017;634;2017
1;7;9;9;9051;9051;Pontinvrea;;SV;0;0;846;2011;24,9456;2017;822;2017
1;7;9;9;9052;9052;Quiliano;;SV;0;0;7336;2011;49,9186;2017;7142;2017
1;7;9;9;9053;9053;Rialto;;SV;0;0;564;2011;19,5971;2017;562;2017
1;7;9;9;9054;9054;Roccavignale;;SV;0;0;746;2011;17,7066;2017;773;2017
1;7;9;9;9055;9055;Sassello;;SV;0;0;1882;2011;100,6560;2017;1755;2017
1;7;9;9;9056;9056;Savona;;SV;1;0;60661;2011;65,3174;2017;60103;2017
1;7;9;9;9057;9057;Spotorno;;SV;0;0;3886;2011;8,0198;2017;3659;2017
1;7;9;9;9058;9058;Stella;;SV;0;0;3066;2011;43,6807;2017;3018;2017
1;7;9;9;9059;9059;Stellanello;;SV;0;0;858;2011;17,8062;2017;806;2017
1;7;9;9;9060;9060;Testico;;SV;0;0;212;2011;10,2868;2017;193;2017
1;7;9;9;9061;9061;Toirano;;SV;0;0;2669;2011;18,9652;2017;2634;2017
1;7;9;9;9062;9062;Tovo San Giacomo;;SV;0;0;2489;2011;9,4467;2017;2558;2017
1;7;9;9;9063;9063;Urbe;;SV;0;0;769;2011;31,1689;2017;700;2017
1;7;9;9;9064;9064;Vado Ligure;;SV;0;0;8232;2011;23,7846;2017;8335;2017
1;7;9;9;9065;9065;Varazze;;SV;0;0;13461;2011;47,9963;2017;13075;2017
1;7;9;9;9066;9066;Vendone;;SV;0;0;403;2011;9,9150;2017;374;2017
1;7;9;9;9067;9067;Vezzi Portio;;SV;0;0;810;2011;8,7616;2017;824;2017
1;7;9;9;9068;9068;Villanova d'Albenga;;SV;0;0;2522;2011;15,8914;2017;2735;2017
1;7;9;9;9069;9069;Zuccarello;;SV;0;0;322;2011;10,8070;2017;322;2017
1;7;10;210;10001;10001;Arenzano;;GE;0;0;11584;2011;24,2972;2017;11426;2017
1;7;10;210;10002;10002;Avegno;;GE;0;0;2539;2011;10,9322;2017;2525;2017
1;7;10;210;10003;10003;Bargagli;;GE;0;0;2810;2011;16,2765;2017;2695;2017
1;7;10;210;10004;10004;Bogliasco;;GE;0;0;4486;2011;4,4242;2017;4334;2017
1;7;10;210;10005;10005;Borzonasca;;GE;0;0;2124;2011;80,5133;2017;2039;2017
1;7;10;210;10006;10006;Busalla;;GE;0;0;5741;2011;17,0618;2017;5485;2017
1;7;10;210;10007;10007;Camogli;;GE;0;0;5481;2011;10,0652;2017;5234;2017
1;7;10;210;10008;10008;Campo Ligure;;GE;0;0;3045;2011;23,7401;2017;2876;2017
1;7;10;210;10009;10009;Campomorone;;GE;0;0;7306;2011;25,9059;2017;6870;2017
1;7;10;210;10010;10010;Carasco;;GE;0;0;3649;2011;8,4579;2017;3715;2017
1;7;10;210;10011;10011;Casarza Ligure;;GE;0;0;6708;2011;27,8222;2017;6753;2017
1;7;10;210;10012;10012;Casella;;GE;0;0;3232;2011;8,0656;2017;3130;2017
1;7;10;210;10013;10013;Castiglione Chiavarese;;GE;0;0;1642;2011;29,7498;2017;1576;2017
1;7;10;210;10014;10014;Ceranesi;;GE;0;0;4006;2011;30,6952;2017;3818;2017
1;7;10;210;10015;10015;Chiavari;;GE;0;0;27338;2011;12,2310;2017;27252;2017
1;7;10;210;10016;10016;Cicagna;;GE;0;0;2566;2011;11,2837;2017;2436;2017
1;7;10;210;10017;10017;Cogoleto;;GE;0;0;9145;2011;20,7228;2017;9236;2017
1;7;10;210;10018;10018;Cogorno;;GE;0;0;5641;2011;9,0821;2017;5753;2017
1;7;10;210;10019;10019;Coreglia Ligure;;GE;0;0;274;2011;8,0024;2017;261;2017
1;7;10;210;10020;10020;Crocefieschi;;GE;0;0;561;2011;11,7248;2017;545;2017
1;7;10;210;10021;10021;Davagna;;GE;0;0;1927;2011;20,5252;2017;1918;2017
1;7;10;210;10022;10022;Fascia;;GE;0;0;100;2011;11,2540;2017;71;2017
1;7;10;210;10023;10023;Favale di Malvaro;;GE;0;0;504;2011;16,6164;2017;468;2017
1;7;10;210;10024;10024;Fontanigorda;;GE;0;0;274;2011;16,1628;2017;264;2017
1;7;10;210;10025;10025;Genova;;GE;1;1;586180;2011;240,2876;2017;572320;2017
1;7;10;210;10026;10026;Gorreto;;GE;0;0;107;2011;18,8760;2017;95;2017
1;7;10;210;10027;10027;Isola del Cantone;;GE;0;0;1535;2011;47,9672;2017;1457;2017
1;7;10;210;10028;10028;Lavagna;;GE;0;0;12579;2011;13,8763;2017;12494;2017
1;7;10;210;10029;10029;Leivi;;GE;0;0;2349;2011;9,7099;2017;2458;2017
1;7;10;210;10030;10030;Lorsica;;GE;0;0;519;2011;17,7184;2017;440;2017
1;7;10;210;10031;10031;Lumarzo;;GE;0;0;1594;2011;25,5078;2017;1538;2017
1;7;10;210;10032;10032;Masone;;GE;0;0;3758;2011;29,4412;2017;3691;2017
1;7;10;210;10033;10033;Mele;;GE;0;0;2687;2011;16,9335;2017;2715;2017
1;7;10;210;10034;10034;Mezzanego;;GE;0;0;1624;2011;28,6498;2017;1542;2017
1;7;10;210;10035;10035;Mignanego;;GE;0;0;3756;2011;16,2743;2017;3638;2017
1;7;10;210;10036;10036;Moconesi;;GE;0;0;2695;2011;16,2718;2017;2536;2017
1;7;10;210;10037;10037;Moneglia;;GE;0;0;2890;2011;15,6107;2017;2763;2017
1;7;10;210;10038;10038;Montebruno;;GE;0;0;217;2011;17,6787;2017;230;2017
1;7;10;210;10039;10039;Montoggio;;GE;0;0;2062;2011;47,7246;2017;2003;2017
1;7;10;210;10040;10040;Ne;;GE;0;0;2361;2011;63,5214;2017;2197;2017
1;7;10;210;10041;10041;Neirone;;GE;0;0;984;2011;30,2369;2017;843;2017
1;7;10;210;10042;10042;Orero;;GE;0;0;604;2011;15,9884;2017;540;2017
1;7;10;210;10043;10043;Pieve Ligure;;GE;0;0;2582;2011;3,5565;2017;2485;2017
1;7;10;210;10044;10044;Portofino;;GE;0;0;453;2011;2,5311;2017;397;2017
1;7;10;210;10045;10045;Propata;;GE;0;0;161;2011;16,9310;2017;134;2017
1;7;10;210;10046;10046;Rapallo;;GE;0;0;29226;2011;33,6210;2017;29220;2017
1;7;10;210;10047;10047;Recco;;GE;0;0;10106;2011;9,7716;2017;9709;2017
1;7;10;210;10048;10048;Rezzoaglio;;GE;0;0;1080;2011;104,7190;2017;970;2017
1;7;10;210;10049;10049;Ronco Scrivia;;GE;0;0;4558;2011;30,1115;2017;4322;2017
1;7;10;210;10050;10050;Rondanina;;GE;0;0;69;2011;12,8079;2017;60;2017
1;7;10;210;10051;10051;Rossiglione;;GE;0;0;2932;2011;47,5932;2017;2704;2017
1;7;10;210;10052;10052;Rovegno;;GE;0;0;568;2011;44,0858;2017;512;2017
1;7;10;210;10053;10053;San Colombano Certenoli;;GE;0;0;2687;2011;41,5747;2017;2625;2017
1;7;10;210;10054;10054;Santa Margherita Ligure;;GE;0;0;9709;2011;10,0436;2017;9126;2017
1;7;10;210;10055;10055;Sant'Olcese;;GE;0;0;5911;2011;21,9016;2017;5911;2017
1;7;10;210;10056;10056;Santo Stefano d'Aveto;;GE;0;0;1217;2011;54,7734;2017;1093;2017
1;7;10;210;10057;10057;Savignone;;GE;0;0;3226;2011;21,7440;2017;3119;2017
1;7;10;210;10058;10058;Serra Riccò;;GE;0;0;7931;2011;26,2045;2017;7857;2017
1;7;10;210;10059;10059;Sestri Levante;;GE;0;0;18172;2011;33,6163;2017;18361;2017
1;7;10;210;10060;10060;Sori;;GE;0;0;4404;2011;13,0661;2017;4129;2017
1;7;10;210;10061;10061;Tiglieto;;GE;0;0;580;2011;24,5372;2017;539;2017
1;7;10;210;10062;10062;Torriglia;;GE;0;0;2392;2011;60,0146;2017;2278;2017
1;7;10;210;10063;10063;Tribogna;;GE;0;0;620;2011;7,1383;2017;601;2017
1;7;10;210;10064;10064;Uscio;;GE;0;0;2275;2011;9,6332;2017;2217;2017
1;7;10;210;10065;10065;Valbrevenna;;GE;0;0;812;2011;34,6707;2017;788;2017
1;7;10;210;10066;10066;Vobbia;;GE;0;0;463;2011;33,4257;2017;404;2017
1;7;10;210;10067;10067;Zoagli;;GE;0;0;2516;2011;7,7878;2017;2407;2017
1;7;11;11;11001;11001;Ameglia;;SP;0;0;4484;2011;14,1732;2017;4365;2017
1;7;11;11;11002;11002;Arcola;;SP;0;0;10316;2011;16,5379;2017;10340;2017
1;7;11;11;11003;11003;Beverino;;SP;0;0;2403;2011;34,9450;2017;2381;2017
1;7;11;11;11004;11004;Bolano;;SP;0;0;7759;2011;14,5663;2017;7730;2017
1;7;11;11;11005;11005;Bonassola;;SP;0;0;995;2011;9,1896;2017;834;2017
1;7;11;11;11006;11006;Borghetto di Vara;;SP;0;0;1008;2011;27,3369;2017;934;2017
1;7;11;11;11007;11007;Brugnato;;SP;0;0;1266;2011;11,9013;2017;1320;2017
1;7;11;11;11008;11008;Calice al Cornoviglio;;SP;0;0;1146;2011;33,7544;2017;1106;2017
1;7;11;11;11009;11009;Carro;;SP;0;0;580;2011;31,7917;2017;526;2017
1;7;11;11;11010;11010;Carrodano;;SP;0;0;521;2011;21,8632;2017;483;2017
1;7;11;11;11011;11011;Castelnuovo Magra;;SP;0;0;8269;2011;15,0170;2017;8348;2017
1;7;11;11;11012;11012;Deiva Marina;;SP;0;0;1438;2011;14,0856;2017;1335;2017
1;7;11;11;11013;11013;Follo;;SP;0;0;6337;2011;23,2703;2017;6301;2017
1;7;11;11;11014;11014;Framura;;SP;0;0;683;2011;19,2599;2017;650;2017
1;7;11;11;11015;11015;La Spezia;;SP;1;0;92659;2011;51,3951;2017;92821;2017
1;7;11;11;11016;11016;Lerici;;SP;0;0;10090;2011;16,0078;2017;9922;2017
1;7;11;11;11017;11017;Levanto;;SP;0;0;5509;2011;36,8140;2017;5387;2017
1;7;11;11;11018;11018;Maissana;;SP;0;0;659;2011;45,4274;2017;615;2017
1;7;11;11;11019;11019;Monterosso al Mare;;SP;0;0;1481;2011;10,9431;2017;1429;2017
1;7;11;11;11020;11020;Luni;;SP;0;0;8405;2011;13,8558;2017;8334;2017
1;7;11;11;11021;11021;Pignone;;SP;0;0;599;2011;17,7462;2017;575;2017
1;7;11;11;11022;11022;Portovenere;;SP;0;0;3702;2011;7,6646;2017;3519;2017
1;7;11;11;11023;11023;Riccò del Golfo di Spezia;;SP;0;0;3537;2011;37,7634;2017;3668;2017
1;7;11;11;11024;11024;Riomaggiore;;SP;0;0;1669;2011;10,2663;2017;1487;2017
1;7;11;11;11025;11025;Rocchetta di Vara;;SP;0;0;785;2011;32,6636;2017;700;2017
1;7;11;11;11026;11026;Santo Stefano di Magra;;SP;0;0;8790;2011;13,8524;2017;9512;2017
1;7;11;11;11027;11027;Sarzana;;SP;0;0;21829;2011;34,5374;2017;22095;2017
1;7;11;11;11028;11028;Sesta Godano;;SP;0;0;1452;2011;67,7758;2017;1328;2017
1;7;11;11;11029;11029;Varese Ligure;;SP;0;0;2103;2011;137,5884;2017;1997;2017
1;7;11;11;11030;11030;Vernazza;;SP;0;0;941;2011;12,2984;2017;818;2017
1;7;11;11;11031;11031;Vezzano Ligure;;SP;0;0;7391;2011;18,3684;2017;7245;2017
1;7;11;11;11032;11032;Zignago;;SP;0;0;524;2011;28,7008;2017;509;2017
1;3;12;12;12001;12001;Agra;;VA;0;0;379;2011;2,7953;2017;396;2017
1;3;12;12;12002;12002;Albizzate;;VA;0;0;5292;2011;3,8821;2017;5258;2017
1;3;12;12;12003;12003;Angera;;VA;0;0;5622;2011;17,7261;2017;5485;2017
1;3;12;12;12004;12004;Arcisate;;VA;0;0;9850;2011;12,1264;2017;9840;2017
1;3;12;12;12005;12005;Arsago Seprio;;VA;0;0;4845;2011;10,5059;2017;4888;2017
1;3;12;12;12006;12006;Azzate;;VA;0;0;4554;2011;4,5062;2017;4666;2017
1;3;12;12;12007;12007;Azzio;;VA;0;0;802;2011;2,1722;2017;757;2017
1;3;12;12;12008;12008;Barasso;;VA;0;0;1710;2011;3,9232;2017;1679;2017
1;3;12;12;12009;12009;Bardello;;VA;0;0;1550;2011;2,5157;2017;1608;2017
1;3;12;12;12010;12010;Bedero Valcuvia;;VA;0;0;667;2011;2,5636;2017;662;2017
1;3;12;12;12011;12011;Besano;;VA;0;0;2603;2011;3,4320;2017;2529;2017
1;3;12;12;12012;12012;Besnate;;VA;0;0;5464;2011;7,4769;2017;5427;2017
1;3;12;12;12013;12013;Besozzo;;VA;0;0;8994;2011;13,9454;2017;8966;2017
1;3;12;12;12014;12014;Biandronno;;VA;0;0;3285;2011;9,5209;2017;3299;2017
1;3;12;12;12015;12015;Bisuschio;;VA;0;0;4267;2011;7,0300;2017;4308;2017
1;3;12;12;12016;12016;Bodio Lomnago;;VA;0;0;2119;2011;4,0386;2017;2199;2017
1;3;12;12;12017;12017;Brebbia;;VA;0;0;3362;2011;6,8686;2017;3191;2017
1;3;12;12;12018;12018;Bregano;;VA;0;0;839;2011;2,2924;2017;852;2017
1;3;12;12;12019;12019;Brenta;;VA;0;0;1798;2011;4,1820;2017;1679;2017
1;3;12;12;12020;12020;Brezzo di Bedero;;VA;0;0;1185;2011;9,9542;2017;1180;2017
1;3;12;12;12021;12021;Brinzio;;VA;0;0;873;2011;6,3963;2017;808;2017
1;3;12;12;12022;12022;Brissago-Valtravaglia;;VA;0;0;1250;2011;6,1189;2017;1199;2017
1;3;12;12;12023;12023;Brunello;;VA;0;0;1030;2011;1,6200;2017;975;2017
1;3;12;12;12024;12024;Brusimpiano;;VA;0;0;1208;2011;5,9058;2017;1186;2017
1;3;12;12;12025;12025;Buguggiate;;VA;0;0;3115;2011;2,5045;2017;3087;2017
1;3;12;12;12026;12026;Busto Arsizio;;VA;0;0;79692;2011;30,6597;2017;83196;2017
1;3;12;12;12027;12027;Cadegliano-Viconago;;VA;0;0;1867;2011;10,2718;2017;2145;2017
1;3;12;12;12028;12028;Cadrezzate;;VA;0;0;1818;2011;4,7280;2017;1781;2017
1;3;12;12;12029;12029;Cairate;;VA;0;0;7830;2011;11,2635;2017;7700;2017
1;3;12;12;12030;12030;Cantello;;VA;0;0;4569;2011;9,1334;2017;4691;2017
1;3;12;12;12031;12031;Caravate;;VA;0;0;2612;2011;5,1270;2017;2578;2017
1;3;12;12;12032;12032;Cardano al Campo;;VA;0;0;14136;2011;9,4198;2017;14463;2017
1;3;12;12;12033;12033;Carnago;;VA;0;0;6502;2011;6,2131;2017;6697;2017
1;3;12;12;12034;12034;Caronno Pertusella;;VA;0;0;16397;2011;8,5453;2017;17745;2017
1;3;12;12;12035;12035;Caronno Varesino;;VA;0;0;4940;2011;5,7494;2017;4827;2017
1;3;12;12;12036;12036;Casale Litta;;VA;0;0;2652;2011;10,5879;2017;2711;2017
1;3;12;12;12037;12037;Casalzuigno;;VA;0;0;1304;2011;7,3228;2017;1333;2017
1;3;12;12;12038;12038;Casciago;;VA;0;0;3865;2011;4,0454;2017;3759;2017
1;3;12;12;12039;12039;Casorate Sempione;;VA;0;0;5726;2011;6,9092;2017;5653;2017
1;3;12;12;12040;12040;Cassano Magnago;;VA;0;0;21386;2011;12,3442;2017;21480;2017
1;3;12;12;12041;12041;Cassano Valcuvia;;VA;0;0;665;2011;3,9547;2017;669;2017
1;3;12;12;12042;12042;Castellanza;;VA;0;0;14244;2011;6,9206;2017;14252;2017
1;3;12;12;12043;12043;Castello Cabiaglio;;VA;0;0;530;2011;6,9824;2017;553;2017
1;3;12;12;12044;12044;Castelseprio;;VA;0;0;1281;2011;3,7509;2017;1307;2017
1;3;12;12;12045;12045;Castelveccana;;VA;0;0;2000;2011;20,7887;2017;1967;2017
1;3;12;12;12046;12046;Castiglione Olona;;VA;0;0;7836;2011;6,9003;2017;7612;2017
1;3;12;12;12047;12047;Castronno;;VA;0;0;5248;2011;3,7590;2017;5177;2017
1;3;12;12;12048;12048;Cavaria con Premezzo;;VA;0;0;5713;2011;3,3176;2017;5820;2017
1;3;12;12;12049;12049;Cazzago Brabbia;;VA;0;0;828;2011;4,0039;2017;809;2017
1;3;12;12;12050;12050;Cislago;;VA;0;0;9984;2011;11,1336;2017;10250;2017
1;3;12;12;12051;12051;Cittiglio;;VA;0;0;3972;2011;11,1074;2017;3839;2017
1;3;12;12;12052;12052;Clivio;;VA;0;0;1942;2011;2,9838;2017;1883;2017
1;3;12;12;12053;12053;Cocquio-Trevisago;;VA;0;0;4756;2011;9,8056;2017;4741;2017
1;3;12;12;12054;12054;Comabbio;;VA;0;0;1194;2011;4,6874;2017;1173;2017
1;3;12;12;12055;12055;Comerio;;VA;0;0;2616;2011;5,5493;2017;2851;2017
1;3;12;12;12056;12056;Cremenaga;;VA;0;0;768;2011;4,5510;2017;789;2017
1;3;12;12;12057;12057;Crosio della Valle;;VA;0;0;611;2011;1,4407;2017;603;2017
1;3;12;12;12058;12058;Cuasso al Monte;;VA;0;0;3604;2011;16,1837;2017;3559;2017
1;3;12;12;12059;12059;Cugliate-Fabiasco;;VA;0;0;3074;2011;6,5438;2017;3033;2017
1;3;12;12;12060;12060;Cunardo;;VA;0;0;2887;2011;6,0591;2017;3011;2017
1;3;12;12;12061;12061;Curiglia con Monteviasco;;VA;0;0;190;2011;10,8543;2017;173;2017
1;3;12;12;12062;12062;Cuveglio;;VA;0;0;3397;2011;7,5272;2017;3355;2017
1;3;12;12;12063;12063;Cuvio;;VA;0;0;1698;2011;5,9590;2017;1642;2017
1;3;12;12;12064;12064;Daverio;;VA;0;0;3075;2011;4,0249;2017;3052;2017
1;3;12;12;12065;12065;Dumenza;;VA;0;0;1433;2011;18,3987;2017;1445;2017
1;3;12;12;12066;12066;Duno;;VA;0;0;159;2011;2,4905;2017;120;2017
1;3;12;12;12067;12067;Fagnano Olona;;VA;0;0;12141;2011;8,6809;2017;12383;2017
1;3;12;12;12068;12068;Ferno;;VA;0;0;6786;2011;8,6579;2017;6797;2017
1;3;12;12;12069;12069;Ferrera di Varese;;VA;0;0;693;2011;1,5265;2017;695;2017
1;3;12;12;12070;12070;Gallarate;;VA;0;0;50456;2011;20,9823;2017;53951;2017
1;3;12;12;12071;12071;Galliate Lombardo;;VA;0;0;982;2011;3,2748;2017;998;2017
1;3;12;12;12072;12072;Gavirate;;VA;0;0;9209;2011;12,0086;2017;9304;2017
1;3;12;12;12073;12073;Gazzada Schianno;;VA;0;0;4644;2011;4,8411;2017;4595;2017
1;3;12;12;12074;12074;Gemonio;;VA;0;0;2883;2011;3,6747;2017;2878;2017
1;3;12;12;12075;12075;Gerenzano;;VA;0;0;10411;2011;9,7868;2017;10786;2017
1;3;12;12;12076;12076;Germignaga;;VA;0;0;3724;2011;4,6598;2017;3903;2017
1;3;12;12;12077;12077;Golasecca;;VA;0;0;2653;2011;7,4364;2017;2695;2017
1;3;12;12;12078;12078;Gorla Maggiore;;VA;0;0;5081;2011;5,1580;2017;5027;2017
1;3;12;12;12079;12079;Gorla Minore;;VA;0;0;8398;2011;7,4805;2017;8301;2017
1;3;12;12;12080;12080;Gornate Olona;;VA;0;0;2227;2011;4,6957;2017;2188;2017
1;3;12;12;12081;12081;Grantola;;VA;0;0;1271;2011;2,0456;2017;1245;2017
1;3;12;12;12082;12082;Inarzo;;VA;0;0;1073;2011;2,4338;2017;1079;2017
1;3;12;12;12083;12083;Induno Olona;;VA;0;0;10336;2011;12,3655;2017;10144;2017
1;3;12;12;12084;12084;Ispra;;VA;0;0;5178;2011;15,9092;2017;5244;2017
1;3;12;12;12085;12085;Jerago con Orago;;VA;0;0;5084;2011;3,8742;2017;5063;2017
1;3;12;12;12086;12086;Lavena Ponte Tresa;;VA;0;0;5414;2011;4,4421;2017;5602;2017
1;3;12;12;12087;12087;Laveno-Mombello;;VA;0;0;8905;2011;23,5301;2017;8616;2017
1;3;12;12;12088;12088;Leggiuno;;VA;0;0;3571;2011;13,1894;2017;3784;2017
1;3;12;12;12089;12089;Lonate Ceppino;;VA;0;0;4860;2011;4,8367;2017;4971;2017
1;3;12;12;12090;12090;Lonate Pozzolo;;VA;0;0;11748;2011;29,2406;2017;11693;2017
1;3;12;12;12091;12091;Lozza;;VA;0;0;1237;2011;1,7099;2017;1253;2017
1;3;12;12;12092;12092;Luino;;VA;0;0;14276;2011;21,0057;2017;14581;2017
1;3;12;12;12093;12093;Luvinate;;VA;0;0;1309;2011;4,0713;2017;1360;2017
1;3;12;12;12095;12095;Malgesso;;VA;0;0;1298;2011;2,7726;2017;1275;2017
1;3;12;12;12096;12096;Malnate;;VA;0;0;16604;2011;9,0012;2017;16582;2017
1;3;12;12;12097;12097;Marchirolo;;VA;0;0;3381;2011;5,4904;2017;3373;2017
1;3;12;12;12098;12098;Marnate;;VA;0;0;7299;2011;4,8464;2017;7861;2017
1;3;12;12;12099;12099;Marzio;;VA;0;0;303;2011;1,8580;2017;366;2017
1;3;12;12;12100;12100;Masciago Primo;;VA;0;0;290;2011;1,8082;2017;302;2017
1;3;12;12;12101;12101;Mercallo;;VA;0;0;1827;2011;5,4816;2017;1790;2017
1;3;12;12;12102;12102;Mesenzana;;VA;0;0;1486;2011;4,8831;2017;1516;2017
1;3;12;12;12103;12103;Montegrino Valtravaglia;;VA;0;0;1414;2011;10,1012;2017;1456;2017
1;3;12;12;12104;12104;Monvalle;;VA;0;0;1944;2011;4,5406;2017;1927;2017
1;3;12;12;12105;12105;Morazzone;;VA;0;0;4303;2011;5,6025;2017;4255;2017
1;3;12;12;12106;12106;Mornago;;VA;0;0;4834;2011;12,2356;2017;4974;2017
1;3;12;12;12107;12107;Oggiona con Santo Stefano;;VA;0;0;4295;2011;2,7451;2017;4317;2017
1;3;12;12;12108;12108;Olgiate Olona;;VA;0;0;12215;2011;7,2066;2017;12429;2017
1;3;12;12;12109;12109;Origgio;;VA;0;0;7416;2011;7,9149;2017;7808;2017
1;3;12;12;12110;12110;Orino;;VA;0;0;840;2011;3,7246;2017;833;2017
1;3;12;12;12111;12111;Osmate;;VA;0;0;772;2011;3,5175;2017;817;2017
1;3;12;12;12113;12113;Porto Ceresio;;VA;0;0;3001;2011;5,3374;2017;2895;2017
1;3;12;12;12114;12114;Porto Valtravaglia;;VA;0;0;2348;2011;16,3739;2017;2308;2017
1;3;12;12;12115;12115;Rancio Valcuvia;;VA;0;0;935;2011;4,4481;2017;925;2017
1;3;12;12;12116;12116;Ranco;;VA;0;0;1326;2011;6,7632;2017;1278;2017
1;3;12;12;12117;12117;Saltrio;;VA;0;0;3013;2011;3,4390;2017;3054;2017
1;3;12;12;12118;12118;Samarate;;VA;0;0;16168;2011;16,0140;2017;15941;2017
1;3;12;12;12119;12119;Saronno;;VA;0;0;38598;2011;11,0575;2017;38948;2017
1;3;12;12;12120;12120;Sesto Calende;;VA;0;0;10819;2011;25,0379;2017;11112;2017
1;3;12;12;12121;12121;Solbiate Arno;;VA;0;0;4274;2011;3,0347;2017;4119;2017
1;3;12;12;12122;12122;Solbiate Olona;;VA;0;0;5579;2011;4,9318;2017;5451;2017
1;3;12;12;12123;12123;Somma Lombardo;;VA;0;0;16905;2011;30,5053;2017;17515;2017
1;3;12;12;12124;12124;Sumirago;;VA;0;0;6254;2011;11,7498;2017;6149;2017
1;3;12;12;12125;12125;Taino;;VA;0;0;3762;2011;7,6311;2017;3668;2017
1;3;12;12;12126;12126;Ternate;;VA;0;0;2474;2011;4,6798;2017;2557;2017
1;3;12;12;12127;12127;Tradate;;VA;0;0;17729;2011;21,4775;2017;18583;2017
1;3;12;12;12128;12128;Travedona-Monate;;VA;0;0;4022;2011;9,5968;2017;4101;2017
1;3;12;12;12129;12129;Tronzano Lago Maggiore;;VA;0;0;254;2011;11,0619;2017;231;2017
1;3;12;12;12130;12130;Uboldo;;VA;0;0;10446;2011;10,7362;2017;10500;2017
1;3;12;12;12131;12131;Valganna;;VA;0;0;1584;2011;12,4185;2017;1601;2017
1;3;12;12;12132;12132;Varano Borghi;;VA;0;0;2418;2011;3,3321;2017;2465;2017
1;3;12;12;12133;12133;Varese;;VA;1;0;79793;2011;54,8393;2017;80686;2017
1;3;12;12;12134;12134;Vedano Olona;;VA;0;0;7301;2011;7,0848;2017;7383;2017
1;3;12;12;12136;12136;Venegono Inferiore;;VA;0;0;6238;2011;5,8788;2017;6093;2017
1;3;12;12;12137;12137;Venegono Superiore;;VA;0;0;7180;2011;6,7338;2017;7202;2017
1;3;12;12;12138;12138;Vergiate;;VA;0;0;8967;2011;21,7832;2017;8656;2017
1;3;12;12;12139;12139;Viggiù;;VA;0;0;5207;2011;9,2627;2017;5250;2017
1;3;12;12;12140;12140;Vizzola Ticino;;VA;0;0;576;2011;7,6059;2017;574;2017
1;3;12;12;12141;12141;Sangiano;;VA;0;0;1536;2011;2,2206;2017;1515;2017
1;3;12;12;12142;12142;Maccagno con Pino e Veddasca;;VA;0;0;2444;2011;41,9571;2017;2574;2017
1;3;13;13;13003;13003;Albavilla;;CO;0;0;6255;2011;10,3792;2017;6348;2017
1;3;13;13;13004;13004;Albese con Cassano;;CO;0;0;4164;2011;7,9506;2017;4175;2017
1;3;13;13;13005;13005;Albiolo;;CO;0;0;2679;2011;2,8386;2017;2698;2017
1;3;13;13;13006;13006;Alserio;;CO;0;0;1176;2011;1,9921;2017;1262;2017
1;3;13;13;13007;13007;Alzate Brianza;;CO;0;0;5019;2011;7,5847;2017;4950;2017
1;3;13;13;13009;13009;Anzano del Parco;;CO;0;0;1757;2011;3,2450;2017;1806;2017
1;3;13;13;13010;13010;Appiano Gentile;;CO;0;0;7718;2011;12,8076;2017;7678;2017
1;3;13;13;13011;13011;Argegno;;CO;0;0;667;2011;4,1121;2017;663;2017
1;3;13;13;13012;13012;Arosio;;CO;0;0;4987;2011;2,5822;2017;5021;2017
1;3;13;13;13013;13013;Asso;;CO;0;0;3625;2011;6,5106;2017;3562;2017
1;3;13;13;13015;13015;Barni;;CO;0;0;597;2011;5,7157;2017;582;2017
1;3;13;13;13021;13021;Bene Lario;;CO;0;0;342;2011;5,5854;2017;329;2017
1;3;13;13;13022;13022;Beregazzo con Figliaro;;CO;0;0;2577;2011;3,8047;2017;2734;2017
1;3;13;13;13023;13023;Binago;;CO;0;0;4776;2011;7,1194;2017;4729;2017
1;3;13;13;13024;13024;Bizzarone;;CO;0;0;1517;2011;2,6705;2017;1561;2017
1;3;13;13;13025;13025;Blessagno;;CO;0;0;284;2011;3,5601;2017;265;2017
1;3;13;13;13026;13026;Blevio;;CO;0;0;1185;2011;5,4718;2017;1169;2017
1;3;13;13;13028;13028;Bregnano;;CO;0;0;6229;2011;6,1737;2017;6451;2017
1;3;13;13;13029;13029;Brenna;;CO;0;0;2011;2011;4,8311;2017;2170;2017
1;3;13;13;13030;13030;Brienno;;CO;0;0;402;2011;8,9720;2017;334;2017
1;3;13;13;13032;13032;Brunate;;CO;0;0;1766;2011;2,0251;2017;1690;2017
1;3;13;13;13034;13034;Bulgarograsso;;CO;0;0;3883;2011;3,7733;2017;3996;2017
1;3;13;13;13035;13035;Cabiate;;CO;0;0;7412;2011;3,1784;2017;7449;2017
1;3;13;13;13036;13036;Cadorago;;CO;0;0;7631;2011;7,1615;2017;7906;2017
1;3;13;13;13037;13037;Caglio;;CO;0;0;430;2011;6,5169;2017;451;2017
1;3;13;13;13038;13038;Cagno;;CO;0;0;2058;2011;3,5295;2017;2052;2017
1;3;13;13;13040;13040;Campione d'Italia;;CO;0;0;2158;2011;2,6757;2017;1929;2017
1;3;13;13;13041;13041;Cantù;;CO;0;0;38717;2011;23,2534;2017;39675;2017
1;3;13;13;13042;13042;Canzo;;CO;0;0;5109;2011;11,1053;2017;5037;2017
1;3;13;13;13043;13043;Capiago Intimiano;;CO;0;0;5525;2011;5,7175;2017;5498;2017
1;3;13;13;13044;13044;Carate Urio;;CO;0;0;1216;2011;6,9442;2017;1167;2017
1;3;13;13;13045;13045;Carbonate;;CO;0;0;2905;2011;4,9237;2017;2892;2017
1;3;13;13;13046;13046;Carimate;;CO;0;0;4327;2011;5,1719;2017;4507;2017
1;3;13;13;13047;13047;Carlazzo;;CO;0;0;2972;2011;12,7329;2017;3089;2017
1;3;13;13;13048;13048;Carugo;;CO;0;0;6243;2011;4,1945;2017;6542;2017
1;3;13;13;13050;13050;Casasco d'Intelvi;;CO;0;0;418;2011;3,9962;2017;475;2017
1;3;13;13;13052;13052;Caslino d'Erba;;CO;0;0;1692;2011;6,8896;2017;1674;2017
1;3;13;13;13053;13053;Casnate con Bernate;;CO;0;0;4915;2011;5,2221;2017;4935;2017
1;3;13;13;13055;13055;Cassina Rizzardi;;CO;0;0;3175;2011;3,5073;2017;3341;2017
1;3;13;13;13058;13058;Castelmarte;;CO;0;0;1286;2011;1,9723;2017;1266;2017
1;3;13;13;13059;13059;Castelnuovo Bozzente;;CO;0;0;889;2011;3,6220;2017;908;2017
1;3;13;13;13060;13060;Castiglione d'Intelvi;;CO;0;0;1057;2011;4,4466;2017;1206;2017
1;3;13;13;13062;13062;Cavargna;;CO;0;0;242;2011;14,9748;2017;205;2017
1;3;13;13;13063;13063;Cerano d'Intelvi;;CO;0;0;536;2011;5,5479;2017;553;2017
1;3;13;13;13064;13064;Cermenate;;CO;0;0;9023;2011;8,1831;2017;9099;2017
1;3;13;13;13065;13065;Cernobbio;;CO;0;0;6830;2011;12,2813;2017;6674;2017
1;3;13;13;13068;13068;Cirimido;;CO;0;0;2109;2011;2,6263;2017;2131;2017
1;3;13;13;13071;13071;Claino con Osteno;;CO;0;0;543;2011;12,9034;2017;551;2017
1;3;13;13;13074;13074;Colonno;;CO;0;0;529;2011;5,6171;2017;500;2017
1;3;13;13;13075;13075;Como;;CO;1;0;82045;2011;37,1412;2017;86121;2017
1;3;13;13;13077;13077;Corrido;;CO;0;0;841;2011;6,1917;2017;808;2017
1;3;13;13;13083;13083;Cremia;;CO;0;0;709;2011;10,1382;2017;673;2017
1;3;13;13;13084;13084;Cucciago;;CO;0;0;3450;2011;4,9305;2017;3436;2017
1;3;13;13;13085;13085;Cusino;;CO;0;0;238;2011;9,6466;2017;207;2017
1;3;13;13;13087;13087;Dizzasco;;CO;0;0;565;2011;3,6082;2017;615;2017
1;3;13;13;13089;13089;Domaso;;CO;0;0;1455;2011;6,2764;2017;1479;2017
1;3;13;13;13090;13090;Dongo;;CO;0;0;3489;2011;7,0436;2017;3375;2017
1;3;13;13;13092;13092;Dosso del Liro;;CO;0;0;275;2011;23,4878;2017;250;2017
1;3;13;13;13095;13095;Erba;;CO;0;0;16503;2011;17,8017;2017;16223;2017
1;3;13;13;13097;13097;Eupilio;;CO;0;0;2769;2011;6,9373;2017;2624;2017
1;3;13;13;13098;13098;Faggeto Lario;;CO;0;0;1235;2011;17,5230;2017;1205;2017
1;3;13;13;13099;13099;Faloppio;;CO;0;0;4274;2011;4,1414;2017;4672;2017
1;3;13;13;13100;13100;Fenegrò;;CO;0;0;3147;2011;5,3603;2017;3214;2017
1;3;13;13;13101;13101;Figino Serenza;;CO;0;0;5226;2011;4,9561;2017;5143;2017
1;3;13;13;13102;13102;Fino Mornasco;;CO;0;0;9569;2011;7,2711;2017;9780;2017
1;3;13;13;13106;13106;Garzeno;;CO;0;0;852;2011;28,7547;2017;746;2017
1;3;13;13;13107;13107;Gera Lario;;CO;0;0;1016;2011;7,1792;2017;1041;2017
1;3;13;13;13110;13110;Grandate;;CO;0;0;2862;2011;2,8250;2017;2835;2017
1;3;13;13;13111;13111;Grandola ed Uniti;;CO;0;0;1313;2011;16,8991;2017;1282;2017
1;3;13;13;13113;13113;Griante;;CO;0;0;623;2011;6,5458;2017;637;2017
1;3;13;13;13114;13114;Guanzate;;CO;0;0;5705;2011;6,9053;2017;5789;2017
1;3;13;13;13118;13118;Inverigo;;CO;0;0;8926;2011;9,9865;2017;9068;2017
1;3;13;13;13119;13119;Laglio;;CO;0;0;917;2011;6,1961;2017;883;2017
1;3;13;13;13120;13120;Laino;;CO;0;0;517;2011;6,6825;2017;506;2017
1;3;13;13;13121;13121;Lambrugo;;CO;0;0;2469;2011;1,8360;2017;2513;2017
1;3;13;13;13123;13123;Lasnigo;;CO;0;0;462;2011;5,5255;2017;472;2017
1;3;13;13;13126;13126;Lezzeno;;CO;0;0;2052;2011;20,7039;2017;2101;2017
1;3;13;13;13128;13128;Limido Comasco;;CO;0;0;3793;2011;4,5636;2017;3826;2017
1;3;13;13;13129;13129;Lipomo;;CO;0;0;5800;2011;2,2977;2017;5893;2017
1;3;13;13;13130;13130;Livo;;CO;0;0;190;2011;33,1337;2017;172;2017
1;3;13;13;13131;13131;Locate Varesino;;CO;0;0;4216;2011;6,0364;2017;4230;2017
1;3;13;13;13133;13133;Lomazzo;;CO;0;0;9194;2011;9,4770;2017;9745;2017
1;3;13;13;13134;13134;Longone al Segrino;;CO;0;0;1780;2011;1,6045;2017;1894;2017
1;3;13;13;13135;13135;Luisago;;CO;0;0;2686;2011;2,1613;2017;2740;2017
1;3;13;13;13136;13136;Lurago d'Erba;;CO;0;0;5335;2011;4,6988;2017;5307;2017
1;3;13;13;13137;13137;Lurago Marinone;;CO;0;0;2456;2011;3,8854;2017;2565;2017
1;3;13;13;13138;13138;Lurate Caccivio;;CO;0;0;9922;2011;5,9357;2017;9732;2017
1;3;13;13;13139;13139;Magreglio;;CO;0;0;645;2011;3,0815;2017;678;2017
1;3;13;13;13143;13143;Mariano Comense;;CO;0;0;23500;2011;13,8027;2017;24505;2017
1;3;13;13;13144;13144;Maslianico;;CO;0;0;3305;2011;1,2884;2017;3263;2017
1;3;13;13;13145;13145;Menaggio;;CO;0;0;3182;2011;11,7701;2017;3092;2017
1;3;13;13;13147;13147;Merone;;CO;0;0;4155;2011;3,2814;2017;4068;2017
1;3;13;13;13152;13152;Moltrasio;;CO;0;0;1640;2011;8,8973;2017;1618;2017
1;3;13;13;13153;13153;Monguzzo;;CO;0;0;2230;2011;3,7270;2017;2342;2017
1;3;13;13;13154;13154;Montano Lucino;;CO;0;0;4775;2011;5,2231;2017;5204;2017
1;3;13;13;13155;13155;Montemezzo;;CO;0;0;261;2011;9,0152;2017;227;2017
1;3;13;13;13157;13157;Montorfano;;CO;0;0;2619;2011;3,5169;2017;2542;2017
1;3;13;13;13159;13159;Mozzate;;CO;0;0;8208;2011;10,6815;2017;8628;2017
1;3;13;13;13160;13160;Musso;;CO;0;0;1019;2011;3,7055;2017;992;2017
1;3;13;13;13161;13161;Nesso;;CO;0;0;1241;2011;15,0301;2017;1222;2017
1;3;13;13;13163;13163;Novedrate;;CO;0;0;2873;2011;2,9210;2017;2897;2017
1;3;13;13;13165;13165;Olgiate Comasco;;CO;0;0;11401;2011;10,9644;2017;11440;2017
1;3;13;13;13169;13169;Oltrona di San Mamette;;CO;0;0;2289;2011;2,6880;2017;2384;2017
1;3;13;13;13170;13170;Orsenigo;;CO;0;0;2757;2011;4,4607;2017;2765;2017
1;3;13;13;13178;13178;Peglio;;CO;0;0;185;2011;10,5747;2017;181;2017
1;3;13;13;13183;13183;Pianello del Lario;;CO;0;0;1041;2011;9,7955;2017;1041;2017
1;3;13;13;13184;13184;Pigra;;CO;0;0;266;2011;4,5334;2017;244;2017
1;3;13;13;13185;13185;Plesio;;CO;0;0;842;2011;16,9040;2017;836;2017
1;3;13;13;13186;13186;Pognana Lario;;CO;0;0;764;2011;5,0749;2017;686;2017
1;3;13;13;13187;13187;Ponna;;CO;0;0;267;2011;5,8112;2017;237;2017
1;3;13;13;13188;13188;Ponte Lambro;;CO;0;0;4345;2011;3,3802;2017;4283;2017
1;3;13;13;13189;13189;Porlezza;;CO;0;0;4661;2011;18,6399;2017;4825;2017
1;3;13;13;13192;13192;Proserpio;;CO;0;0;892;2011;2,2991;2017;941;2017
1;3;13;13;13193;13193;Pusiano;;CO;0;0;1327;2011;3,2026;2017;1355;2017
1;3;13;13;13195;13195;Rezzago;;CO;0;0;317;2011;4,0752;2017;308;2017
1;3;13;13;13197;13197;Rodero;;CO;0;0;1210;2011;2,5208;2017;1343;2017
1;3;13;13;13199;13199;Ronago;;CO;0;0;1754;2011;2,0864;2017;1686;2017
1;3;13;13;13201;13201;Rovellasca;;CO;0;0;7565;2011;3,5679;2017;7799;2017
1;3;13;13;13202;13202;Rovello Porro;;CO;0;0;6035;2011;5,5316;2017;6072;2017
1;3;13;13;13203;13203;Sala Comacina;;CO;0;0;614;2011;4,7342;2017;541;2017
1;3;13;13;13204;13204;San Bartolomeo Val Cavargna;;CO;0;0;1041;2011;10,5076;2017;988;2017
1;3;13;13;13205;13205;San Fedele Intelvi;;CO;0;0;1752;2011;11,2137;2017;1798;2017
1;3;13;13;13206;13206;San Fermo della Battaglia;;CO;0;0;7380;2011;5,7797;2017;7716;2017
1;3;13;13;13207;13207;San Nazzaro Val Cavargna;;CO;0;0;338;2011;12,9930;2017;296;2017
1;3;13;13;13211;13211;Schignano;;CO;0;0;874;2011;10,1171;2017;842;2017
1;3;13;13;13212;13212;Senna Comasco;;CO;0;0;3171;2011;2,7868;2017;3138;2017
1;3;13;13;13215;13215;Solbiate;;CO;0;0;2530;2011;4,0937;2017;2615;2017
1;3;13;13;13216;13216;Sorico;;CO;0;0;1234;2011;24,4370;2017;1265;2017
1;3;13;13;13217;13217;Sormano;;CO;0;0;633;2011;10,7425;2017;628;2017
1;3;13;13;13218;13218;Stazzona;;CO;0;0;634;2011;7,2943;2017;602;2017
1;3;13;13;13222;13222;Tavernerio;;CO;0;0;5705;2011;11,8815;2017;5735;2017
1;3;13;13;13223;13223;Torno;;CO;0;0;1203;2011;7,5288;2017;1113;2017
1;3;13;13;13226;13226;Trezzone;;CO;0;0;237;2011;3,9091;2017;229;2017
1;3;13;13;13227;13227;Turate;;CO;0;0;8973;2011;10,2824;2017;9403;2017
1;3;13;13;13228;13228;Uggiate-Trevano;;CO;0;0;4451;2011;5,7844;2017;4892;2017
1;3;13;13;13229;13229;Valbrona;;CO;0;0;2656;2011;13,6474;2017;2646;2017
1;3;13;13;13232;13232;Valmorea;;CO;0;0;2656;2011;3,1320;2017;2620;2017
1;3;13;13;13233;13233;Val Rezzo;;CO;0;0;179;2011;6,6115;2017;167;2017
1;3;13;13;13234;13234;Valsolda;;CO;0;0;1647;2011;31,7405;2017;1536;2017
1;3;13;13;13236;13236;Veleso;;CO;0;0;274;2011;5,8606;2017;219;2017
1;3;13;13;13238;13238;Veniano;;CO;0;0;2887;2011;3,1517;2017;3020;2017
1;3;13;13;13239;13239;Vercana;;CO;0;0;751;2011;15,0078;2017;760;2017
1;3;13;13;13242;13242;Vertemate con Minoprio;;CO;0;0;3982;2011;5,7469;2017;4148;2017
1;3;13;13;13245;13245;Villa Guardia;;CO;0;0;7793;2011;7,8577;2017;7976;2017
1;3;13;13;13246;13246;Zelbio;;CO;0;0;220;2011;4,5952;2017;209;2017
1;3;13;13;13248;13248;San Siro;;CO;0;0;1758;2011;18,7866;2017;1740;2017
1;3;13;13;13249;13249;Gravedona ed Uniti;;CO;0;0;4209;2011;39,8520;2017;4175;2017
1;3;13;13;13250;13250;Bellagio;;CO;0;0;3796;2011;29,0589;2017;3730;2017
1;3;13;13;13251;13251;Colverde;;CO;0;0;5234;2011;8,5814;2017;5330;2017
1;3;13;13;13252;13252;Tremezzina;;CO;0;0;5078;2011;29,4097;2017;5085;2017
1;3;13;13;13253;13253;Alta Valle Intelvi;;CO;0;0;2835;2011;24,9508;2017;2933;2017
1;3;14;14;14001;14001;Albaredo per San Marco;;SO;0;0;349;2011;18,9604;2017;298;2017
1;3;14;14;14002;14002;Albosaggia;;SO;0;0;3146;2011;34,3464;2017;3013;2017
1;3;14;14;14003;14003;Andalo Valtellino;;SO;0;0;552;2011;6,7750;2017;580;2017
1;3;14;14;14004;14004;Aprica;;SO;0;0;1588;2011;20,3652;2017;1585;2017
1;3;14;14;14005;14005;Ardenno;;SO;0;0;3270;2011;17,1442;2017;3257;2017
1;3;14;14;14006;14006;Bema;;SO;0;0;130;2011;19,2215;2017;111;2017
1;3;14;14;14007;14007;Berbenno di Valtellina;;SO;0;0;4308;2011;35,5949;2017;4127;2017
1;3;14;14;14008;14008;Bianzone;;SO;0;0;1273;2011;17,1065;2017;1324;2017
1;3;14;14;14009;14009;Bormio;;SO;0;0;4036;2011;41,4364;2017;4213;2017
1;3;14;14;14010;14010;Buglio in Monte;;SO;0;0;2091;2011;27,7070;2017;2000;2017
1;3;14;14;14011;14011;Caiolo;;SO;0;0;1035;2011;32,9723;2017;1074;2017
1;3;14;14;14012;14012;Campodolcino;;SO;0;0;1037;2011;48,4884;2017;933;2017
1;3;14;14;14013;14013;Caspoggio;;SO;0;0;1500;2011;7,3122;2017;1377;2017
1;3;14;14;14014;14014;Castello dell'Acqua;;SO;0;0;643;2011;14,0700;2017;627;2017
1;3;14;14;14015;14015;Castione Andevenno;;SO;0;0;1562;2011;17,0329;2017;1560;2017
1;3;14;14;14016;14016;Cedrasco;;SO;0;0;455;2011;14,4204;2017;440;2017
1;3;14;14;14017;14017;Cercino;;SO;0;0;754;2011;5,6946;2017;763;2017
1;3;14;14;14018;14018;Chiavenna;;SO;0;0;7297;2011;10,7742;2017;7268;2017
1;3;14;14;14019;14019;Chiesa in Valmalenco;;SO;0;0;2591;2011;107,5975;2017;2465;2017
1;3;14;14;14020;14020;Chiuro;;SO;0;0;2524;2011;51,7567;2017;2544;2017
1;3;14;14;14021;14021;Cino;;SO;0;0;373;2011;5,0707;2017;339;2017
1;3;14;14;14022;14022;Civo;;SO;0;0;1114;2011;25,1361;2017;1119;2017
1;3;14;14;14023;14023;Colorina;;SO;0;0;1460;2011;17,8352;2017;1426;2017
1;3;14;14;14024;14024;Cosio Valtellino;;SO;0;0;5400;2011;23,9902;2017;5463;2017
1;3;14;14;14025;14025;Dazio;;SO;0;0;424;2011;3,7335;2017;444;2017
1;3;14;14;14026;14026;Delebio;;SO;0;0;3173;2011;22,4380;2017;3263;2017
1;3;14;14;14027;14027;Dubino;;SO;0;0;3551;2011;13,2392;2017;3678;2017
1;3;14;14;14028;14028;Faedo Valtellino;;SO;0;0;545;2011;4,7990;2017;555;2017
1;3;14;14;14029;14029;Forcola;;SO;0;0;835;2011;15,8975;2017;798;2017
1;3;14;14;14030;14030;Fusine;;SO;0;0;611;2011;37,5950;2017;570;2017
1;3;14;14;14031;14031;Gerola Alta;;SO;0;0;189;2011;37,4263;2017;178;2017
1;3;14;14;14032;14032;Gordona;;SO;0;0;1903;2011;62,7928;2017;1970;2017
1;3;14;14;14033;14033;Grosio;;SO;0;0;4619;2011;126,9158;2017;4412;2017
1;3;14;14;14034;14034;Grosotto;;SO;0;0;1615;2011;53,1233;2017;1627;2017
1;3;14;14;14035;14035;Madesimo;;SO;0;0;540;2011;85,6544;2017;527;2017
1;3;14;14;14036;14036;Lanzada;;SO;0;0;1372;2011;117,1650;2017;1338;2017
1;3;14;14;14037;14037;Livigno;;SO;0;0;5976;2011;227,2927;2017;6603;2017
1;3;14;14;14038;14038;Lovero;;SO;0;0;667;2011;13,4606;2017;663;2017
1;3;14;14;14039;14039;Mantello;;SO;0;0;732;2011;3,7844;2017;767;2017
1;3;14;14;14040;14040;Mazzo di Valtellina;;SO;0;0;1041;2011;15,3245;2017;1004;2017
1;3;14;14;14041;14041;Mello;;SO;0;0;1001;2011;11,4294;2017;957;2017
1;3;14;14;14043;14043;Mese;;SO;0;0;1747;2011;4,1455;2017;1812;2017
1;3;14;14;14044;14044;Montagna in Valtellina;;SO;0;0;3031;2011;44,9738;2017;3041;2017
1;3;14;14;14045;14045;Morbegno;;SO;0;0;11786;2011;14,8160;2017;12441;2017
1;3;14;14;14046;14046;Novate Mezzola;;SO;0;0;1814;2011;99,7437;2017;1888;2017
1;3;14;14;14047;14047;Pedesina;;SO;0;0;30;2011;6,2997;2017;40;2017
1;3;14;14;14048;14048;Piantedo;;SO;0;0;1321;2011;6,8047;2017;1373;2017
1;3;14;14;14049;14049;Piateda;;SO;0;0;2309;2011;70,7998;2017;2148;2017
1;3;14;14;14050;14050;Piuro;;SO;0;0;1950;2011;84,2534;2017;1929;2017
1;3;14;14;14051;14051;Poggiridenti;;SO;0;0;1865;2011;2,8988;2017;1902;2017
1;3;14;14;14052;14052;Ponte in Valtellina;;SO;0;0;2304;2011;67,7265;2017;2289;2017
1;3;14;14;14053;14053;Postalesio;;SO;0;0;659;2011;10,5844;2017;656;2017
1;3;14;14;14054;14054;Prata Camportaccio;;SO;0;0;2921;2011;27,9382;2017;2942;2017
1;3;14;14;14055;14055;Rasura;;SO;0;0;292;2011;6,0003;2017;291;2017
1;3;14;14;14056;14056;Rogolo;;SO;0;0;564;2011;12,8248;2017;556;2017
1;3;14;14;14057;14057;Samolaco;;SO;0;0;2884;2011;45,7953;2017;2885;2017
1;3;14;14;14058;14058;San Giacomo Filippo;;SO;0;0;395;2011;61,8501;2017;346;2017
1;3;14;14;14059;14059;Sernio;;SO;0;0;500;2011;9,5233;2017;475;2017
1;3;14;14;14060;14060;Sondalo;;SO;0;0;4237;2011;95,4525;2017;4115;2017
1;3;14;14;14061;14061;Sondrio;;SO;1;0;21642;2011;20,8748;2017;21587;2017
1;3;14;14;14062;14062;Spriana;;SO;0;0;101;2011;7,6849;2017;88;2017
1;3;14;14;14063;14063;Talamona;;SO;0;0;4768;2011;21,0512;2017;4635;2017
1;3;14;14;14064;14064;Tartano;;SO;0;0;190;2011;47,2736;2017;205;2017
1;3;14;14;14065;14065;Teglio;;SO;0;0;4654;2011;115,3175;2017;4507;2017
1;3;14;14;14066;14066;Tirano;;SO;0;0;9073;2011;32,3745;2017;9005;2017
1;3;14;14;14067;14067;Torre di Santa Maria;;SO;0;0;824;2011;44,2368;2017;747;2017
1;3;14;14;14068;14068;Tovo di Sant'Agata;;SO;0;0;624;2011;11,1463;2017;630;2017
1;3;14;14;14069;14069;Traona;;SO;0;0;2536;2011;6,3664;2017;2779;2017
1;3;14;14;14070;14070;Tresivio;;SO;0;0;2002;2011;15,0134;2017;1992;2017
1;3;14;14;14071;14071;Valdidentro;;SO;0;0;4045;2011;226,7227;2017;4108;2017
1;3;14;14;14072;14072;Valdisotto;;SO;0;0;3533;2011;89,5706;2017;3596;2017
1;3;14;14;14073;14073;Valfurva;;SO;0;0;2703;2011;214,9861;2017;2578;2017
1;3;14;14;14074;14074;Val Masino;;SO;0;0;939;2011;116,7085;2017;901;2017
1;3;14;14;14075;14075;Verceia;;SO;0;0;1093;2011;11,3774;2017;1100;2017
1;3;14;14;14076;14076;Vervio;;SO;0;0;209;2011;12,4053;2017;213;2017
1;3;14;14;14077;14077;Villa di Chiavenna;;SO;0;0;1030;2011;32,5223;2017;989;2017
1;3;14;14;14078;14078;Villa di Tirano;;SO;0;0;2957;2011;24,7393;2017;2976;2017
1;3;15;215;15002;15002;Abbiategrasso;;MI;0;0;30994;2011;47,7776;2017;32567;2017
1;3;15;215;15005;15005;Albairate;;MI;0;0;4621;2011;14,9817;2017;4683;2017
1;3;15;215;15007;15007;Arconate;;MI;0;0;6524;2011;8,4210;2017;6636;2017
1;3;15;215;15009;15009;Arese;;MI;0;0;19138;2011;6,5634;2017;18939;2017
1;3;15;215;15010;15010;Arluno;;MI;0;0;11495;2011;12,3585;2017;12047;2017
1;3;15;215;15011;15011;Assago;;MI;0;0;8124;2011;8,0523;2017;8885;2017
1;3;15;215;15012;15012;Bareggio;;MI;0;0;17035;2011;11,3842;2017;17141;2017
1;3;15;215;15014;15014;Basiano;;MI;0;0;3639;2011;4,5856;2017;3682;2017
1;3;15;215;15015;15015;Basiglio;;MI;0;0;7567;2011;8,4922;2017;7779;2017
1;3;15;215;15016;15016;Bellinzago Lombardo;;MI;0;0;3810;2011;4,5903;2017;3827;2017
1;3;15;215;15019;15019;Bernate Ticino;;MI;0;0;3071;2011;12,1619;2017;3045;2017
1;3;15;215;15022;15022;Besate;;MI;0;0;2022;2011;12,7426;2017;2044;2017
1;3;15;215;15024;15024;Binasco;;MI;0;0;7158;2011;3,8715;2017;7238;2017
1;3;15;215;15026;15026;Boffalora sopra Ticino;;MI;0;0;4195;2011;7,6536;2017;4103;2017
1;3;15;215;15027;15027;Bollate;;MI;0;0;35557;2011;13,1225;2017;36037;2017
1;3;15;215;15032;15032;Bresso;;MI;0;0;25712;2011;3,3824;2017;26260;2017
1;3;15;215;15035;15035;Bubbiano;;MI;0;0;2215;2011;2,9490;2017;2384;2017
1;3;15;215;15036;15036;Buccinasco;;MI;0;0;26503;2011;12,0056;2017;27035;2017
1;3;15;215;15038;15038;Buscate;;MI;0;0;4751;2011;7,8322;2017;4705;2017
1;3;15;215;15040;15040;Bussero;;MI;0;0;8532;2011;4,5863;2017;8430;2017
1;3;15;215;15041;15041;Busto Garolfo;;MI;0;0;13479;2011;12,9872;2017;13841;2017
1;3;15;215;15042;15042;Calvignasco;;MI;0;0;1182;2011;1,7272;2017;1181;2017
1;3;15;215;15044;15044;Cambiago;;MI;0;0;6508;2011;7,1802;2017;6880;2017
1;3;15;215;15046;15046;Canegrate;;MI;0;0;12438;2011;5,2538;2017;12442;2017
1;3;15;215;15050;15050;Carpiano;;MI;0;0;3976;2011;17,2436;2017;4118;2017
1;3;15;215;15051;15051;Carugate;;MI;0;0;14175;2011;5,3860;2017;15361;2017
1;3;15;215;15055;15055;Casarile;;MI;0;0;3867;2011;7,3249;2017;4055;2017
1;3;15;215;15058;15058;Casorezzo;;MI;0;0;5355;2011;6,5951;2017;5425;2017
1;3;15;215;15059;15059;Cassano d'Adda;;MI;0;0;18552;2011;18,6010;2017;18679;2017
1;3;15;215;15060;15060;Cassina de' Pecchi;;MI;0;0;13206;2011;7,2095;2017;13799;2017
1;3;15;215;15061;15061;Cassinetta di Lugagnano;;MI;0;0;1884;2011;3,3175;2017;1877;2017
1;3;15;215;15062;15062;Castano Primo;;MI;0;0;10990;2011;19,1729;2017;11161;2017
1;3;15;215;15070;15070;Cernusco sul Naviglio;;MI;0;0;30697;2011;13,2206;2017;34213;2017
1;3;15;215;15071;15071;Cerro al Lambro;;MI;0;0;4956;2011;9,9631;2017;5086;2017
1;3;15;215;15072;15072;Cerro Maggiore;;MI;0;0;14735;2011;10,1212;2017;15209;2017
1;3;15;215;15074;15074;Cesano Boscone;;MI;0;0;23398;2011;3,9388;2017;23132;2017
1;3;15;215;15076;15076;Cesate;;MI;0;0;13858;2011;5,7681;2017;14292;2017
1;3;15;215;15077;15077;Cinisello Balsamo;;MI;0;0;71128;2011;12,7241;2017;74153;2017
1;3;15;215;15078;15078;Cisliano;;MI;0;0;4263;2011;14,6764;2017;4872;2017
1;3;15;215;15081;15081;Cologno Monzese;;MI;0;0;45786;2011;8,4021;2017;46929;2017
1;3;15;215;15082;15082;Colturano;;MI;0;0;1952;2011;4,1644;2017;2076;2017
1;3;15;215;15085;15085;Corbetta;;MI;0;0;17460;2011;18,6867;2017;18213;2017
1;3;15;215;15086;15086;Cormano;;MI;0;0;19944;2011;4,4734;2017;20140;2017
1;3;15;215;15087;15087;Cornaredo;;MI;0;0;20121;2011;11,0674;2017;20072;2017
1;3;15;215;15093;15093;Corsico;;MI;0;0;33669;2011;5,3556;2017;33688;2017
1;3;15;215;15096;15096;Cuggiono;;MI;0;0;8142;2011;14,9253;2017;8200;2017
1;3;15;215;15097;15097;Cusago;;MI;0;0;3597;2011;11,4585;2017;4002;2017
1;3;15;215;15098;15098;Cusano Milanino;;MI;0;0;18905;2011;3,0817;2017;18313;2017
1;3;15;215;15099;15099;Dairago;;MI;0;0;5862;2011;5,6355;2017;6396;2017
1;3;15;215;15101;15101;Dresano;;MI;0;0;3023;2011;3,4790;2017;3034;2017
1;3;15;215;15103;15103;Gaggiano;;MI;0;0;8933;2011;26,2559;2017;9066;2017
1;3;15;215;15105;15105;Garbagnate Milanese;;MI;0;0;26262;2011;8,9131;2017;27028;2017
1;3;15;215;15106;15106;Gessate;;MI;0;0;8664;2011;7,7593;2017;8741;2017
1;3;15;215;15108;15108;Gorgonzola;;MI;0;0;19402;2011;10,5801;2017;20230;2017
1;3;15;215;15110;15110;Grezzago;;MI;0;0;2842;2011;2,4595;2017;3015;2017
1;3;15;215;15112;15112;Gudo Visconti;;MI;0;0;1711;2011;6,1012;2017;1613;2017
1;3;15;215;15113;15113;Inveruno;;MI;0;0;8609;2011;12,1348;2017;8562;2017
1;3;15;215;15114;15114;Inzago;;MI;0;0;10540;2011;12,2054;2017;11197;2017
1;3;15;215;15115;15115;Lacchiarella;;MI;0;0;8390;2011;24,0401;2017;8871;2017
1;3;15;215;15116;15116;Lainate;;MI;0;0;25054;2011;12,8701;2017;25312;2017
1;3;15;215;15118;15118;Legnano;;MI;0;0;57647;2011;17,6970;2017;59069;2017
1;3;15;215;15122;15122;Liscate;;MI;0;0;4050;2011;9,4068;2017;4060;2017
1;3;15;215;15125;15125;Locate di Triulzi;;MI;0;0;9655;2011;12,6103;2017;10271;2017
1;3;15;215;15130;15130;Magenta;;MI;0;0;22877;2011;21,9920;2017;23805;2017
1;3;15;215;15131;15131;Magnago;;MI;0;0;9085;2011;11,2300;2017;9133;2017
1;3;15;215;15134;15134;Marcallo con Casone;;MI;0;0;6032;2011;8,2083;2017;6237;2017
1;3;15;215;15136;15136;Masate;;MI;0;0;3312;2011;4,3852;2017;3469;2017
1;3;15;215;15139;15139;Mediglia;;MI;0;0;12080;2011;21,9547;2017;11897;2017
1;3;15;215;15140;15140;Melegnano;;MI;0;0;16774;2011;4,9985;2017;18098;2017
1;3;15;215;15142;15142;Melzo;;MI;0;0;18203;2011;9,8204;2017;18578;2017
1;3;15;215;15144;15144;Mesero;;MI;0;0;3909;2011;5,6397;2017;4152;2017
1;3;15;215;15146;15146;Milano;;MI;1;1;1242123;2011;181,6783;2017;1380995;2017
1;3;15;215;15150;15150;Morimondo;;MI;0;0;1183;2011;26,0014;2017;1105;2017
1;3;15;215;15151;15151;Motta Visconti;;MI;0;0;7601;2011;10,5128;2017;7925;2017
1;3;15;215;15154;15154;Nerviano;;MI;0;0;17089;2011;13,2430;2017;17012;2017
1;3;15;215;15155;15155;Nosate;;MI;0;0;689;2011;4,8763;2017;663;2017
1;3;15;215;15157;15157;Novate Milanese;;MI;0;0;19938;2011;5,4619;2017;19968;2017
1;3;15;215;15158;15158;Noviglio;;MI;0;0;4237;2011;15,8582;2017;4448;2017
1;3;15;215;15159;15159;Opera;;MI;0;0;13226;2011;7,6385;2017;13751;2017
1;3;15;215;15164;15164;Ossona;;MI;0;0;4134;2011;5,9834;2017;4248;2017
1;3;15;215;15165;15165;Ozzero;;MI;0;0;1467;2011;10,9731;2017;1457;2017
1;3;15;215;15166;15166;Paderno Dugnano;;MI;0;0;46562;2011;14,1139;2017;47493;2017
1;3;15;215;15167;15167;Pantigliate;;MI;0;0;5841;2011;5,6921;2017;5898;2017
1;3;15;215;15168;15168;Parabiago;;MI;0;0;26617;2011;14,3077;2017;28041;2017
1;3;15;215;15169;15169;Paullo;;MI;0;0;11014;2011;8,8211;2017;11312;2017
1;3;15;215;15170;15170;Pero;;MI;0;0;10291;2011;4,9782;2017;11038;2017
1;3;15;215;15171;15171;Peschiera Borromeo;;MI;0;0;22254;2011;23,2212;2017;23349;2017
1;3;15;215;15172;15172;Pessano con Bornago;;MI;0;0;9064;2011;6,6624;2017;9046;2017
1;3;15;215;15173;15173;Pieve Emanuele;;MI;0;0;14868;2011;12,9138;2017;15632;2017
1;3;15;215;15175;15175;Pioltello;;MI;0;0;35066;2011;13,0937;2017;36301;2017
1;3;15;215;15176;15176;Pogliano Milanese;;MI;0;0;8141;2011;4,7848;2017;8376;2017
1;3;15;215;15177;15177;Pozzo d'Adda;;MI;0;0;5667;2011;4,1648;2017;6093;2017
1;3;15;215;15178;15178;Pozzuolo Martesana;;MI;0;0;7983;2011;12,1394;2017;8307;2017
1;3;15;215;15179;15179;Pregnana Milanese;;MI;0;0;6867;2011;5,0744;2017;7310;2017
1;3;15;215;15181;15181;Rescaldina;;MI;0;0;13920;2011;8,0299;2017;14147;2017
1;3;15;215;15182;15182;Rho;;MI;0;0;50052;2011;22,2431;2017;50468;2017
1;3;15;215;15183;15183;Robecchetto con Induno;;MI;0;0;4869;2011;13,9280;2017;4832;2017
1;3;15;215;15184;15184;Robecco sul Naviglio;;MI;0;0;6842;2011;19,7849;2017;6687;2017
1;3;15;215;15185;15185;Rodano;;MI;0;0;4526;2011;13,0728;2017;4632;2017
1;3;15;215;15188;15188;Rosate;;MI;0;0;5395;2011;18,6816;2017;5736;2017
1;3;15;215;15189;15189;Rozzano;;MI;0;0;39983;2011;12,2433;2017;41674;2017
1;3;15;215;15191;15191;San Colombano al Lambro;;MI;0;0;7336;2011;16,5504;2017;7351;2017
1;3;15;215;15192;15192;San Donato Milanese;;MI;0;0;30992;2011;12,8731;2017;32192;2017
1;3;15;215;15194;15194;San Giorgio su Legnano;;MI;0;0;6730;2011;2,1680;2017;6702;2017
1;3;15;215;15195;15195;San Giuliano Milanese;;MI;0;0;35971;2011;30,8676;2017;37793;2017
1;3;15;215;15200;15200;Santo Stefano Ticino;;MI;0;0;4801;2011;4,9662;2017;4958;2017
1;3;15;215;15201;15201;San Vittore Olona;;MI;0;0;8254;2011;3,4807;2017;8325;2017
1;3;15;215;15202;15202;San Zenone al Lambro;;MI;0;0;4186;2011;7,2355;2017;4397;2017
1;3;15;215;15204;15204;Sedriano;;MI;0;0;11270;2011;7,7527;2017;12225;2017
1;3;15;215;15205;15205;Segrate;;MI;0;0;33519;2011;17,4936;2017;34920;2017
1;3;15;215;15206;15206;Senago;;MI;0;0;20914;2011;8,5991;2017;21591;2017
1;3;15;215;15209;15209;Sesto San Giovanni;;MI;0;0;76514;2011;11,6992;2017;81717;2017
1;3;15;215;15210;15210;Settala;;MI;0;0;7328;2011;17,4236;2017;7306;2017
1;3;15;215;15211;15211;Settimo Milanese;;MI;0;0;19148;2011;10,7192;2017;19723;2017
1;3;15;215;15213;15213;Solaro;;MI;0;0;13890;2011;6,6760;2017;14023;2017
1;3;15;215;15219;15219;Trezzano Rosa;;MI;0;0;4861;2011;3,4356;2017;5132;2017
1;3;15;215;15220;15220;Trezzano sul Naviglio;;MI;0;0;20018;2011;10,7662;2017;20808;2017
1;3;15;215;15221;15221;Trezzo sull'Adda;;MI;0;0;11883;2011;13,0534;2017;11913;2017
1;3;15;215;15222;15222;Tribiano;;MI;0;0;3312;2011;6,9957;2017;3554;2017
1;3;15;215;15224;15224;Truccazzano;;MI;0;0;5968;2011;21,9838;2017;5846;2017
1;3;15;215;15226;15226;Turbigo;;MI;0;0;7389;2011;8,5193;2017;7188;2017
1;3;15;215;15229;15229;Vanzago;;MI;0;0;8914;2011;6,0535;2017;9270;2017
1;3;15;215;15230;15230;Vaprio d'Adda;;MI;0;0;8126;2011;7,1545;2017;8972;2017
1;3;15;215;15235;15235;Vermezzo;;MI;0;0;3829;2011;6,3090;2017;3948;2017
1;3;15;215;15236;15236;Vernate;;MI;0;0;3181;2011;14,6541;2017;3329;2017
1;3;15;215;15237;15237;Vignate;;MI;0;0;9053;2011;8,5527;2017;9240;2017
1;3;15;215;15242;15242;Vimodrone;;MI;0;0;16426;2011;4,7367;2017;16873;2017
1;3;15;215;15243;15243;Vittuone;;MI;0;0;8949;2011;6,1334;2017;8934;2017
1;3;15;215;15244;15244;Vizzolo Predabissi;;MI;0;0;4045;2011;5,6505;2017;3996;2017
1;3;15;215;15246;15246;Zelo Surrigone;;MI;0;0;1477;2011;4,4278;2017;1858;2017
1;3;15;215;15247;15247;Zibido San Giacomo;;MI;0;0;6552;2011;24,5779;2017;6756;2017
1;3;15;215;15248;15248;Villa Cortese;;MI;0;0;6150;2011;3,5480;2017;6179;2017
1;3;15;215;15249;15249;Vanzaghello;;MI;0;0;5344;2011;5,5630;2017;5396;2017
1;3;15;215;15250;15250;Baranzate;;MI;0;0;10779;2011;2,7721;2017;11659;2017
1;3;16;16;16001;16001;Adrara San Martino;;BG;0;0;2161;2011;12,6055;2017;2229;2017
1;3;16;16;16002;16002;Adrara San Rocco;;BG;0;0;836;2011;9,2249;2017;820;2017
1;3;16;16;16003;16003;Albano Sant'Alessandro;;BG;0;0;8029;2011;5,3528;2017;8186;2017
1;3;16;16;16004;16004;Albino;;BG;0;0;18087;2011;31,8094;2017;17863;2017
1;3;16;16;16005;16005;Almè;;BG;0;0;5665;2011;2,0003;2017;5595;2017
1;3;16;16;16006;16006;Almenno San Bartolomeo;;BG;0;0;6030;2011;10,6064;2017;6226;2017
1;3;16;16;16007;16007;Almenno San Salvatore;;BG;0;0;5831;2011;4,7305;2017;5692;2017
1;3;16;16;16008;16008;Alzano Lombardo;;BG;0;0;13591;2011;13,6844;2017;13487;2017
1;3;16;16;16009;16009;Ambivere;;BG;0;0;2354;2011;3,2756;2017;2342;2017
1;3;16;16;16010;16010;Antegnate;;BG;0;0;3107;2011;9,7270;2017;3173;2017
1;3;16;16;16011;16011;Arcene;;BG;0;0;4731;2011;4,3472;2017;4844;2017
1;3;16;16;16012;16012;Ardesio;;BG;0;0;3632;2011;54,4369;2017;3491;2017
1;3;16;16;16013;16013;Arzago d'Adda;;BG;0;0;2760;2011;9,3077;2017;2702;2017
1;3;16;16;16014;16014;Averara;;BG;0;0;182;2011;10,6932;2017;178;2017
1;3;16;16;16015;16015;Aviatico;;BG;0;0;517;2011;8,4898;2017;569;2017
1;3;16;16;16016;16016;Azzano San Paolo;;BG;0;0;7597;2011;4,2922;2017;7579;2017
1;3;16;16;16017;16017;Azzone;;BG;0;0;433;2011;17,2892;2017;387;2017
1;3;16;16;16018;16018;Bagnatica;;BG;0;0;4154;2011;6,5491;2017;4286;2017
1;3;16;16;16019;16019;Barbata;;BG;0;0;698;2011;7,9806;2017;709;2017
1;3;16;16;16020;16020;Bariano;;BG;0;0;4350;2011;7,0711;2017;4226;2017
1;3;16;16;16021;16021;Barzana;;BG;0;0;1790;2011;2,0744;2017;1970;2017
1;3;16;16;16022;16022;Bedulita;;BG;0;0;723;2011;4,2680;2017;731;2017
1;3;16;16;16023;16023;Berbenno;;BG;0;0;2442;2011;6,1447;2017;2370;2017
1;3;16;16;16024;16024;Bergamo;;BG;1;0;115349;2011;40,1515;2017;119648;2017
1;3;16;16;16025;16025;Berzo San Fermo;;BG;0;0;1298;2011;5,8641;2017;1371;2017
1;3;16;16;16026;16026;Bianzano;;BG;0;0;605;2011;6,6704;2017;609;2017
1;3;16;16;16027;16027;Blello;;BG;0;0;76;2011;2,2008;2017;75;2017
1;3;16;16;16028;16028;Bolgare;;BG;0;0;5760;2011;8,5910;2017;6172;2017
1;3;16;16;16029;16029;Boltiere;;BG;0;0;5814;2011;4,2082;2017;6093;2017
1;3;16;16;16030;16030;Bonate Sopra;;BG;0;0;8920;2011;6,1510;2017;9891;2017
1;3;16;16;16031;16031;Bonate Sotto;;BG;0;0;6455;2011;6,4678;2017;6662;2017
1;3;16;16;16032;16032;Borgo di Terzo;;BG;0;0;1090;2011;1,8306;2017;1141;2017
1;3;16;16;16033;16033;Bossico;;BG;0;0;969;2011;7,0906;2017;992;2017
1;3;16;16;16034;16034;Bottanuco;;BG;0;0;5176;2011;5,7727;2017;5102;2017
1;3;16;16;16035;16035;Bracca;;BG;0;0;749;2011;5,4653;2017;706;2017
1;3;16;16;16036;16036;Branzi;;BG;0;0;732;2011;26,1864;2017;716;2017
1;3;16;16;16037;16037;Brembate;;BG;0;0;8293;2011;5,5323;2017;8534;2017
1;3;16;16;16038;16038;Brembate di Sopra;;BG;0;0;7771;2011;4,1390;2017;7813;2017
1;3;16;16;16040;16040;Brignano Gera d'Adda;;BG;0;0;5937;2011;12,1106;2017;5997;2017
1;3;16;16;16041;16041;Brumano;;BG;0;0;95;2011;8,1408;2017;117;2017
1;3;16;16;16042;16042;Brusaporto;;BG;0;0;5393;2011;4,9947;2017;5581;2017
1;3;16;16;16043;16043;Calcinate;;BG;0;0;5782;2011;15,0832;2017;5910;2017
1;3;16;16;16044;16044;Calcio;;BG;0;0;5336;2011;15,6678;2017;5290;2017
1;3;16;16;16046;16046;Calusco d'Adda;;BG;0;0;8233;2011;8,3336;2017;8312;2017
1;3;16;16;16047;16047;Calvenzano;;BG;0;0;4061;2011;6,7240;2017;4232;2017
1;3;16;16;16048;16048;Camerata Cornello;;BG;0;0;627;2011;12,9440;2017;612;2017
1;3;16;16;16049;16049;Canonica d'Adda;;BG;0;0;4207;2011;3,2052;2017;4386;2017
1;3;16;16;16050;16050;Capizzone;;BG;0;0;1301;2011;4,6789;2017;1220;2017
1;3;16;16;16051;16051;Capriate San Gervasio;;BG;0;0;7777;2011;5,7846;2017;8093;2017
1;3;16;16;16052;16052;Caprino Bergamasco;;BG;0;0;3127;2011;8,7838;2017;3095;2017
1;3;16;16;16053;16053;Caravaggio;;BG;0;0;15882;2011;33,3883;2017;16298;2017
1;3;16;16;16055;16055;Carobbio degli Angeli;;BG;0;0;4549;2011;6,8209;2017;4690;2017
1;3;16;16;16056;16056;Carona;;BG;0;0;359;2011;44,1535;2017;311;2017
1;3;16;16;16057;16057;Carvico;;BG;0;0;4666;2011;4,5891;2017;4637;2017
1;3;16;16;16058;16058;Casazza;;BG;0;0;4021;2011;7,1131;2017;3984;2017
1;3;16;16;16059;16059;Casirate d'Adda;;BG;0;0;3894;2011;10,1746;2017;4027;2017
1;3;16;16;16060;16060;Casnigo;;BG;0;0;3334;2011;13,6219;2017;3215;2017
1;3;16;16;16061;16061;Cassiglio;;BG;0;0;122;2011;13,6773;2017;108;2017
1;3;16;16;16062;16062;Castelli Calepio;;BG;0;0;9612;2011;10,1528;2017;10206;2017
1;3;16;16;16063;16063;Castel Rozzone;;BG;0;0;2896;2011;1,7066;2017;2847;2017
1;3;16;16;16064;16064;Castione della Presolana;;BG;0;0;3455;2011;42,5001;2017;3416;2017
1;3;16;16;16065;16065;Castro;;BG;0;0;1383;2011;2,5891;2017;1304;2017
1;3;16;16;16066;16066;Cavernago;;BG;0;0;2508;2011;7,6516;2017;2563;2017
1;3;16;16;16067;16067;Cazzano Sant'Andrea;;BG;0;0;1594;2011;2,0244;2017;1662;2017
1;3;16;16;16068;16068;Cenate Sopra;;BG;0;0;2505;2011;6,9724;2017;2560;2017
1;3;16;16;16069;16069;Cenate Sotto;;BG;0;0;3494;2011;4,6167;2017;3796;2017
1;3;16;16;16070;16070;Cene;;BG;0;0;4229;2011;8,5992;2017;4279;2017
1;3;16;16;16071;16071;Cerete;;BG;0;0;1646;2011;14,0705;2017;1596;2017
1;3;16;16;16072;16072;Chignolo d'Isola;;BG;0;0;3214;2011;5,5456;2017;3357;2017
1;3;16;16;16073;16073;Chiuduno;;BG;0;0;5852;2011;6,8847;2017;6011;2017
1;3;16;16;16074;16074;Cisano Bergamasco;;BG;0;0;6268;2011;7,8160;2017;6331;2017
1;3;16;16;16075;16075;Ciserano;;BG;0;0;5688;2011;5,3074;2017;5653;2017
1;3;16;16;16076;16076;Cividate al Piano;;BG;0;0;5157;2011;9,7280;2017;5107;2017
1;3;16;16;16077;16077;Clusone;;BG;0;0;8678;2011;26,1901;2017;8588;2017
1;3;16;16;16078;16078;Colere;;BG;0;0;1137;2011;18,6268;2017;1123;2017
1;3;16;16;16079;16079;Cologno al Serio;;BG;0;0;10596;2011;18,5187;2017;11090;2017
1;3;16;16;16080;16080;Colzate;;BG;0;0;1664;2011;6,7485;2017;1647;2017
1;3;16;16;16081;16081;Comun Nuovo;;BG;0;0;4163;2011;6,4452;2017;4353;2017
1;3;16;16;16082;16082;Corna Imagna;;BG;0;0;953;2011;4,5017;2017;926;2017
1;3;16;16;16083;16083;Cortenuova;;BG;0;0;1942;2011;7,3490;2017;1973;2017
1;3;16;16;16084;16084;Costa di Mezzate;;BG;0;0;3271;2011;5,2228;2017;3308;2017
1;3;16;16;16085;16085;Costa Valle Imagna;;BG;0;0;620;2011;4,2120;2017;587;2017
1;3;16;16;16086;16086;Costa Volpino;;BG;0;0;9194;2011;18,6664;2017;9217;2017
1;3;16;16;16087;16087;Covo;;BG;0;0;4066;2011;12,9435;2017;4022;2017
1;3;16;16;16088;16088;Credaro;;BG;0;0;3336;2011;3,4135;2017;3490;2017
1;3;16;16;16089;16089;Curno;;BG;0;0;7635;2011;4,7049;2017;7480;2017
1;3;16;16;16090;16090;Cusio;;BG;0;0;252;2011;9,4071;2017;235;2017
1;3;16;16;16091;16091;Dalmine;;BG;0;0;22881;2011;11,8075;2017;23421;2017
1;3;16;16;16092;16092;Dossena;;BG;0;0;962;2011;19,5582;2017;917;2017
1;3;16;16;16093;16093;Endine Gaiano;;BG;0;0;3519;2011;21,0690;2017;3431;2017
1;3;16;16;16094;16094;Entratico;;BG;0;0;1878;2011;4,1452;2017;1979;2017
1;3;16;16;16096;16096;Fara Gera d'Adda;;BG;0;0;7913;2011;10,7926;2017;7882;2017
1;3;16;16;16097;16097;Fara Olivana con Sola;;BG;0;0;1268;2011;5,0407;2017;1276;2017
1;3;16;16;16098;16098;Filago;;BG;0;0;3176;2011;5,4233;2017;3146;2017
1;3;16;16;16099;16099;Fino del Monte;;BG;0;0;1131;2011;4,2877;2017;1146;2017
1;3;16;16;16100;16100;Fiorano al Serio;;BG;0;0;3071;2011;1,0601;2017;3019;2017
1;3;16;16;16101;16101;Fontanella;;BG;0;0;4339;2011;17,7970;2017;4584;2017
1;3;16;16;16102;16102;Fonteno;;BG;0;0;685;2011;10,9290;2017;585;2017
1;3;16;16;16103;16103;Foppolo;;BG;0;0;202;2011;16,1428;2017;188;2017
1;3;16;16;16104;16104;Foresto Sparso;;BG;0;0;3153;2011;7,8683;2017;3113;2017
1;3;16;16;16105;16105;Fornovo San Giovanni;;BG;0;0;3319;2011;7,0448;2017;3418;2017
1;3;16;16;16106;16106;Fuipiano Valle Imagna;;BG;0;0;221;2011;4,2797;2017;211;2017
1;3;16;16;16107;16107;Gandellino;;BG;0;0;1046;2011;25,1342;2017;986;2017
1;3;16;16;16108;16108;Gandino;;BG;0;0;5576;2011;29,0319;2017;5389;2017
1;3;16;16;16109;16109;Gandosso;;BG;0;0;1502;2011;3,1267;2017;1461;2017
1;3;16;16;16110;16110;Gaverina Terme;;BG;0;0;871;2011;5,1962;2017;865;2017
1;3;16;16;16111;16111;Gazzaniga;;BG;0;0;5160;2011;14,4134;2017;5050;2017
1;3;16;16;16113;16113;Ghisalba;;BG;0;0;5923;2011;10,5881;2017;6129;2017
1;3;16;16;16114;16114;Gorlago;;BG;0;0;5028;2011;5,6976;2017;5145;2017
1;3;16;16;16115;16115;Gorle;;BG;0;0;6445;2011;2,5200;2017;6535;2017
1;3;16;16;16116;16116;Gorno;;BG;0;0;1636;2011;10,0000;2017;1575;2017
1;3;16;16;16117;16117;Grassobbio;;BG;0;0;6345;2011;8,7413;2017;6425;2017
1;3;16;16;16118;16118;Gromo;;BG;0;0;1239;2011;20,0692;2017;1202;2017
1;3;16;16;16119;16119;Grone;;BG;0;0;913;2011;7,7773;2017;896;2017
1;3;16;16;16120;16120;Grumello del Monte;;BG;0;0;7228;2011;9,9408;2017;7421;2017
1;3;16;16;16121;16121;Isola di Fondra;;BG;0;0;192;2011;12,8327;2017;176;2017
1;3;16;16;16122;16122;Isso;;BG;0;0;660;2011;5,0586;2017;633;2017
1;3;16;16;16123;16123;Lallio;;BG;0;0;4124;2011;2,1560;2017;4137;2017
1;3;16;16;16124;16124;Leffe;;BG;0;0;4671;2011;6,6909;2017;4452;2017
1;3;16;16;16125;16125;Lenna;;BG;0;0;641;2011;12,7383;2017;594;2017
1;3;16;16;16126;16126;Levate;;BG;0;0;3802;2011;5,5314;2017;3762;2017
1;3;16;16;16127;16127;Locatello;;BG;0;0;819;2011;3,7896;2017;811;2017
1;3;16;16;16128;16128;Lovere;;BG;0;0;5318;2011;7,9247;2017;5181;2017
1;3;16;16;16129;16129;Lurano;;BG;0;0;2580;2011;4,0469;2017;2862;2017
1;3;16;16;16130;16130;Luzzana;;BG;0;0;891;2011;3,4846;2017;914;2017
1;3;16;16;16131;16131;Madone;;BG;0;0;3943;2011;3,0689;2017;4046;2017
1;3;16;16;16132;16132;Mapello;;BG;0;0;6453;2011;8,6573;2017;6818;2017
1;3;16;16;16133;16133;Martinengo;;BG;0;0;10088;2011;22,0512;2017;10451;2017
1;3;16;16;16134;16134;Mezzoldo;;BG;0;0;193;2011;18,8383;2017;160;2017
1;3;16;16;16135;16135;Misano di Gera d'Adda;;BG;0;0;2927;2011;6,1053;2017;2929;2017
1;3;16;16;16136;16136;Moio de' Calvi;;BG;0;0;213;2011;6,3564;2017;204;2017
1;3;16;16;16137;16137;Monasterolo del Castello;;BG;0;0;1190;2011;8,7535;2017;1119;2017
1;3;16;16;16139;16139;Montello;;BG;0;0;3173;2011;1,8156;2017;3223;2017
1;3;16;16;16140;16140;Morengo;;BG;0;0;2581;2011;9,5662;2017;2523;2017
1;3;16;16;16141;16141;Mornico al Serio;;BG;0;0;2890;2011;6,9226;2017;2893;2017
1;3;16;16;16142;16142;Mozzanica;;BG;0;0;4574;2011;9,4646;2017;4507;2017
1;3;16;16;16143;16143;Mozzo;;BG;0;0;7460;2011;3,6417;2017;7405;2017
1;3;16;16;16144;16144;Nembro;;BG;0;0;11542;2011;15,2348;2017;11490;2017
1;3;16;16;16145;16145;Olmo al Brembo;;BG;0;0;518;2011;7,9033;2017;496;2017
1;3;16;16;16146;16146;Oltre il Colle;;BG;0;0;1058;2011;32,8919;2017;1008;2017
1;3;16;16;16147;16147;Oltressenda Alta;;BG;0;0;174;2011;17,3262;2017;145;2017
1;3;16;16;16148;16148;Oneta;;BG;0;0;652;2011;18,6636;2017;600;2017
1;3;16;16;16149;16149;Onore;;BG;0;0;846;2011;11,7820;2017;894;2017
1;3;16;16;16150;16150;Orio al Serio;;BG;0;0;1733;2011;3,0417;2017;1720;2017
1;3;16;16;16151;16151;Ornica;;BG;0;0;172;2011;15,0963;2017;151;2017
1;3;16;16;16152;16152;Osio Sopra;;BG;0;0;5079;2011;5,1822;2017;5209;2017
1;3;16;16;16153;16153;Osio Sotto;;BG;0;0;12080;2011;7,5856;2017;12390;2017
1;3;16;16;16154;16154;Pagazzano;;BG;0;0;2082;2011;5,2349;2017;2057;2017
1;3;16;16;16155;16155;Paladina;;BG;0;0;3996;2011;2,0866;2017;4031;2017
1;3;16;16;16156;16156;Palazzago;;BG;0;0;4293;2011;13,9600;2017;4495;2017
1;3;16;16;16157;16157;Palosco;;BG;0;0;5773;2011;10,7937;2017;5739;2017
1;3;16;16;16158;16158;Parre;;BG;0;0;2807;2011;22,2794;2017;2728;2017
1;3;16;16;16159;16159;Parzanica;;BG;0;0;373;2011;9,8187;2017;366;2017
1;3;16;16;16160;16160;Pedrengo;;BG;0;0;5799;2011;3,5999;2017;6001;2017
1;3;16;16;16161;16161;Peia;;BG;0;0;1864;2011;4,4799;2017;1831;2017
1;3;16;16;16162;16162;Pianico;;BG;0;0;1512;2011;2,7022;2017;1448;2017
1;3;16;16;16163;16163;Piario;;BG;0;0;1109;2011;1,5451;2017;1077;2017
1;3;16;16;16164;16164;Piazza Brembana;;BG;0;0;1235;2011;6,7653;2017;1213;2017
1;3;16;16;16165;16165;Piazzatorre;;BG;0;0;437;2011;24,2379;2017;395;2017
1;3;16;16;16166;16166;Piazzolo;;BG;0;0;84;2011;4,1521;2017;91;2017
1;3;16;16;16167;16167;Pognano;;BG;0;0;1581;2011;3,2861;2017;1623;2017
1;3;16;16;16168;16168;Ponte Nossa;;BG;0;0;1913;2011;5,5898;2017;1763;2017
1;3;16;16;16169;16169;Ponteranica;;BG;0;0;6788;2011;8,4769;2017;6811;2017
1;3;16;16;16170;16170;Ponte San Pietro;;BG;0;0;11273;2011;4,5861;2017;11355;2017
1;3;16;16;16171;16171;Pontida;;BG;0;0;3210;2011;10,3776;2017;3342;2017
1;3;16;16;16172;16172;Pontirolo Nuovo;;BG;0;0;4993;2011;11,0976;2017;4972;2017
1;3;16;16;16173;16173;Pradalunga;;BG;0;0;4636;2011;8,1982;2017;4669;2017
1;3;16;16;16174;16174;Predore;;BG;0;0;1859;2011;10,9556;2017;1855;2017
1;3;16;16;16175;16175;Premolo;;BG;0;0;1171;2011;17,6248;2017;1119;2017
1;3;16;16;16176;16176;Presezzo;;BG;0;0;4934;2011;2,2818;2017;4905;2017
1;3;16;16;16177;16177;Pumenengo;;BG;0;0;1695;2011;10,1151;2017;1701;2017
1;3;16;16;16178;16178;Ranica;;BG;0;0;5986;2011;4,0613;2017;5948;2017
1;3;16;16;16179;16179;Ranzanico;;BG;0;0;1261;2011;7,2137;2017;1237;2017
1;3;16;16;16180;16180;Riva di Solto;;BG;0;0;862;2011;8,5213;2017;918;2017
1;3;16;16;16182;16182;Rogno;;BG;0;0;3888;2011;15,8105;2017;3871;2017
1;3;16;16;16183;16183;Romano di Lombardia;;BG;0;0;18784;2011;19,3831;2017;20185;2017
1;3;16;16;16184;16184;Roncobello;;BG;0;0;429;2011;25,3866;2017;438;2017
1;3;16;16;16185;16185;Roncola;;BG;0;0;739;2011;5,0675;2017;796;2017
1;3;16;16;16186;16186;Rota d'Imagna;;BG;0;0;926;2011;6,0302;2017;922;2017
1;3;16;16;16187;16187;Rovetta;;BG;0;0;3953;2011;24,5339;2017;4190;2017
1;3;16;16;16188;16188;San Giovanni Bianco;;BG;0;0;5071;2011;31,0260;2017;4795;2017
1;3;16;16;16189;16189;San Paolo d'Argon;;BG;0;0;5386;2011;5,2465;2017;5655;2017
1;3;16;16;16190;16190;San Pellegrino Terme;;BG;0;0;4950;2011;22,9533;2017;4837;2017
1;3;16;16;16191;16191;Santa Brigida;;BG;0;0;597;2011;13,8036;2017;542;2017
1;3;16;16;16193;16193;Sarnico;;BG;0;0;6390;2011;6,6621;2017;6620;2017
1;3;16;16;16194;16194;Scanzorosciate;;BG;0;0;9835;2011;10,6892;2017;10016;2017
1;3;16;16;16195;16195;Schilpario;;BG;0;0;1250;2011;63,9693;2017;1182;2017
1;3;16;16;16196;16196;Sedrina;;BG;0;0;2507;2011;5,8461;2017;2448;2017
1;3;16;16;16197;16197;Selvino;;BG;0;0;1991;2011;6,5279;2017;2049;2017
1;3;16;16;16198;16198;Seriate;;BG;0;0;24336;2011;12,5348;2017;24954;2017
1;3;16;16;16199;16199;Serina;;BG;0;0;2165;2011;27,3384;2017;2062;2017
1;3;16;16;16200;16200;Solto Collina;;BG;0;0;1735;2011;11,7570;2017;1795;2017
1;3;16;16;16201;16201;Songavazzo;;BG;0;0;702;2011;12,9447;2017;708;2017
1;3;16;16;16202;16202;Sorisole;;BG;0;0;9097;2011;12,2515;2017;9021;2017
1;3;16;16;16203;16203;Sotto il Monte Giovanni XXIII;;BG;0;0;4291;2011;5,0233;2017;4502;2017
1;3;16;16;16204;16204;Sovere;;BG;0;0;5509;2011;18,0243;2017;5260;2017
1;3;16;16;16205;16205;Spinone al Lago;;BG;0;0;1038;2011;1,9736;2017;1021;2017
1;3;16;16;16206;16206;Spirano;;BG;0;0;5639;2011;9,6107;2017;5684;2017
1;3;16;16;16207;16207;Stezzano;;BG;0;0;12623;2011;9,3738;2017;13062;2017
1;3;16;16;16208;16208;Strozza;;BG;0;0;1066;2011;3,8250;2017;1066;2017
1;3;16;16;16209;16209;Suisio;;BG;0;0;3873;2011;4,5411;2017;3753;2017
1;3;16;16;16210;16210;Taleggio;;BG;0;0;603;2011;47,1257;2017;549;2017
1;3;16;16;16211;16211;Tavernola Bergamasca;;BG;0;0;2140;2011;11,1708;2017;2049;2017
1;3;16;16;16212;16212;Telgate;;BG;0;0;4857;2011;8,3026;2017;4998;2017
1;3;16;16;16213;16213;Terno d'Isola;;BG;0;0;7665;2011;4,1331;2017;8068;2017
1;3;16;16;16214;16214;Torre Boldone;;BG;0;0;8333;2011;3,4836;2017;8709;2017
1;3;16;16;16216;16216;Torre de' Roveri;;BG;0;0;2310;2011;2,6902;2017;2458;2017
1;3;16;16;16217;16217;Torre Pallavicina;;BG;0;0;1114;2011;10,6241;2017;1058;2017
1;3;16;16;16218;16218;Trescore Balneario;;BG;0;0;9427;2011;13,5138;2017;9648;2017
1;3;16;16;16219;16219;Treviglio;;BG;0;0;28410;2011;32,2198;2017;29794;2017
1;3;16;16;16220;16220;Treviolo;;BG;0;0;10302;2011;8,4874;2017;10764;2017
1;3;16;16;16221;16221;Ubiale Clanezzo;;BG;0;0;1399;2011;7,3454;2017;1381;2017
1;3;16;16;16222;16222;Urgnano;;BG;0;0;9549;2011;14,7781;2017;9858;2017
1;3;16;16;16223;16223;Valbondione;;BG;0;0;1085;2011;96,8899;2017;1048;2017
1;3;16;16;16224;16224;Valbrembo;;BG;0;0;3886;2011;3,7966;2017;4297;2017
1;3;16;16;16225;16225;Valgoglio;;BG;0;0;607;2011;31,8905;2017;596;2017
1;3;16;16;16226;16226;Valleve;;BG;0;0;136;2011;14,7640;2017;132;2017
1;3;16;16;16227;16227;Valnegra;;BG;0;0;207;2011;2,2302;2017;212;2017
1;3;16;16;16229;16229;Valtorta;;BG;0;0;292;2011;30,8975;2017;269;2017
1;3;16;16;16230;16230;Vedeseta;;BG;0;0;210;2011;19,2916;2017;210;2017
1;3;16;16;16232;16232;Verdellino;;BG;0;0;7654;2011;3,8218;2017;7521;2017
1;3;16;16;16233;16233;Verdello;;BG;0;0;7748;2011;7,3439;2017;8033;2017
1;3;16;16;16234;16234;Vertova;;BG;0;0;4844;2011;15,6945;2017;4639;2017
1;3;16;16;16235;16235;Viadanica;;BG;0;0;1084;2011;5,4483;2017;1126;2017
1;3;16;16;16236;16236;Vigano San Martino;;BG;0;0;1252;2011;3,7561;2017;1356;2017
1;3;16;16;16237;16237;Vigolo;;BG;0;0;607;2011;12,3097;2017;575;2017
1;3;16;16;16238;16238;Villa d'Adda;;BG;0;0;4735;2011;5,9822;2017;4638;2017
1;3;16;16;16239;16239;Villa d'Almè;;BG;0;0;6811;2011;6,4860;2017;6653;2017
1;3;16;16;16240;16240;Villa di Serio;;BG;0;0;6620;2011;4,6029;2017;6744;2017
1;3;16;16;16241;16241;Villa d'Ogna;;BG;0;0;1971;2011;5,1595;2017;1878;2017
1;3;16;16;16242;16242;Villongo;;BG;0;0;7619;2011;6,0419;2017;7973;2017
1;3;16;16;16243;16243;Vilminore di Scalve;;BG;0;0;1491;2011;41,0010;2017;1475;2017
1;3;16;16;16244;16244;Zandobbio;;BG;0;0;2720;2011;6,4317;2017;2714;2017
1;3;16;16;16245;16245;Zanica;;BG;0;0;8193;2011;14,9523;2017;8669;2017
1;3;16;16;16246;16246;Zogno;;BG;0;0;9054;2011;35,2123;2017;8893;2017
1;3;16;16;16247;16247;Costa Serina;;BG;0;0;973;2011;12,2970;2017;924;2017
1;3;16;16;16248;16248;Algua;;BG;0;0;721;2011;8,3232;2017;680;2017
1;3;16;16;16249;16249;Cornalba;;BG;0;0;301;2011;9,2506;2017;307;2017
1;3;16;16;16250;16250;Medolago;;BG;0;0;2340;2011;3,7995;2017;2371;2017
1;3;16;16;16251;16251;Solza;;BG;0;0;1961;2011;1,2277;2017;2064;2017
1;3;16;16;16252;16252;Sant'Omobono Terme;;BG;0;0;3893;2011;16,4334;2017;3931;2017
1;3;16;16;16253;16253;Val Brembilla;;BG;0;0;4522;2011;31,4376;2017;4329;2017
1;3;17;17;17001;17001;Acquafredda;;BS;0;0;1579;2011;9,5463;2017;1567;2017
1;3;17;17;17002;17002;Adro;;BS;0;0;7114;2011;14,2895;2017;7104;2017
1;3;17;17;17003;17003;Agnosine;;BS;0;0;1833;2011;13,5546;2017;1717;2017
1;3;17;17;17004;17004;Alfianello;;BS;0;0;2451;2011;13,7523;2017;2432;2017
1;3;17;17;17005;17005;Anfo;;BS;0;0;472;2011;23,8313;2017;492;2017
1;3;17;17;17006;17006;Angolo Terme;;BS;0;0;2503;2011;30,5601;2017;2382;2017
1;3;17;17;17007;17007;Artogne;;BS;0;0;3571;2011;21,0191;2017;3569;2017
1;3;17;17;17008;17008;Azzano Mella;;BS;0;0;2969;2011;10,5695;2017;3304;2017
1;3;17;17;17009;17009;Bagnolo Mella;;BS;0;0;12692;2011;31,3457;2017;12530;2017
1;3;17;17;17010;17010;Bagolino;;BS;0;0;3940;2011;109,1983;2017;3852;2017
1;3;17;17;17011;17011;Barbariga;;BS;0;0;2388;2011;11,3363;2017;2312;2017
1;3;17;17;17012;17012;Barghe;;BS;0;0;1188;2011;5,4918;2017;1186;2017
1;3;17;17;17013;17013;Bassano Bresciano;;BS;0;0;2224;2011;9,4204;2017;2304;2017
1;3;17;17;17014;17014;Bedizzole;;BS;0;0;11816;2011;26,4434;2017;12133;2017
1;3;17;17;17015;17015;Berlingo;;BS;0;0;2582;2011;4,5925;2017;2723;2017
1;3;17;17;17016;17016;Berzo Demo;;BS;0;0;1720;2011;15,4633;2017;1646;2017
1;3;17;17;17017;17017;Berzo Inferiore;;BS;0;0;2456;2011;21,9148;2017;2478;2017
1;3;17;17;17018;17018;Bienno;;BS;0;0;3958;2011;46,8065;2017;3789;2017
1;3;17;17;17019;17019;Bione;;BS;0;0;1471;2011;17,2870;2017;1376;2017
1;3;17;17;17020;17020;Borgo San Giacomo;;BS;0;0;5496;2011;29,5299;2017;5386;2017
1;3;17;17;17021;17021;Borgosatollo;;BS;0;0;9094;2011;8,4199;2017;9157;2017
1;3;17;17;17022;17022;Borno;;BS;0;0;2630;2011;30,4960;2017;2605;2017
1;3;17;17;17023;17023;Botticino;;BS;0;0;10788;2011;18,4824;2017;10786;2017
1;3;17;17;17024;17024;Bovegno;;BS;0;0;2269;2011;47,9887;2017;2154;2017
1;3;17;17;17025;17025;Bovezzo;;BS;0;0;7483;2011;6,4114;2017;7392;2017
1;3;17;17;17026;17026;Brandico;;BS;0;0;1611;2011;8,3802;2017;1667;2017
1;3;17;17;17027;17027;Braone;;BS;0;0;657;2011;13,3567;2017;678;2017
1;3;17;17;17028;17028;Breno;;BS;0;0;4920;2011;59,9347;2017;4794;2017
1;3;17;17;17029;17029;Brescia;;BS;1;0;189902;2011;90,3337;2017;194255;2017
1;3;17;17;17030;17030;Brione;;BS;0;0;685;2011;6,8968;2017;719;2017
1;3;17;17;17031;17031;Caino;;BS;0;0;2079;2011;17,3082;2017;2101;2017
1;3;17;17;17032;17032;Calcinato;;BS;0;0;12599;2011;33,2958;2017;12771;2017
1;3;17;17;17033;17033;Calvagese della Riviera;;BS;0;0;3461;2011;11,7369;2017;3517;2017
1;3;17;17;17034;17034;Calvisano;;BS;0;0;8537;2011;44,8271;2017;8510;2017
1;3;17;17;17035;17035;Capo di Ponte;;BS;0;0;2509;2011;18,1074;2017;2481;2017
1;3;17;17;17036;17036;Capovalle;;BS;0;0;388;2011;22,9465;2017;359;2017
1;3;17;17;17037;17037;Capriano del Colle;;BS;0;0;4553;2011;13,9676;2017;4617;2017
1;3;17;17;17038;17038;Capriolo;;BS;0;0;9115;2011;10,6009;2017;9316;2017
1;3;17;17;17039;17039;Carpenedolo;;BS;0;0;12649;2011;29,8418;2017;12827;2017
1;3;17;17;17040;17040;Castegnato;;BS;0;0;8031;2011;9,2048;2017;8410;2017
1;3;17;17;17041;17041;Castelcovati;;BS;0;0;6593;2011;6,1396;2017;6483;2017
1;3;17;17;17042;17042;Castel Mella;;BS;0;0;10840;2011;7,5285;2017;10914;2017
1;3;17;17;17043;17043;Castenedolo;;BS;0;0;11160;2011;26,1950;2017;11392;2017
1;3;17;17;17044;17044;Casto;;BS;0;0;1864;2011;21,3362;2017;1706;2017
1;3;17;17;17045;17045;Castrezzato;;BS;0;0;7083;2011;13,6321;2017;7021;2017
1;3;17;17;17046;17046;Cazzago San Martino;;BS;0;0;10959;2011;22,3415;2017;10995;2017
1;3;17;17;17047;17047;Cedegolo;;BS;0;0;1246;2011;11,0830;2017;1167;2017
1;3;17;17;17048;17048;Cellatica;;BS;0;0;4945;2011;6,5461;2017;4882;2017
1;3;17;17;17049;17049;Cerveno;;BS;0;0;663;2011;21,5525;2017;660;2017
1;3;17;17;17050;17050;Ceto;;BS;0;0;1950;2011;32,3011;2017;1881;2017
1;3;17;17;17051;17051;Cevo;;BS;0;0;930;2011;35,4688;2017;864;2017
1;3;17;17;17052;17052;Chiari;;BS;0;0;18391;2011;37,9592;2017;18880;2017
1;3;17;17;17053;17053;Cigole;;BS;0;0;1619;2011;9,9309;2017;1546;2017
1;3;17;17;17054;17054;Cimbergo;;BS;0;0;562;2011;24,7130;2017;537;2017
1;3;17;17;17055;17055;Cividate Camuno;;BS;0;0;2762;2011;3,3068;2017;2763;2017
1;3;17;17;17056;17056;Coccaglio;;BS;0;0;8469;2011;12,0465;2017;8657;2017
1;3;17;17;17057;17057;Collebeato;;BS;0;0;4698;2011;5,2698;2017;4650;2017
1;3;17;17;17058;17058;Collio;;BS;0;0;2227;2011;53,4749;2017;2104;2017
1;3;17;17;17059;17059;Cologne;;BS;0;0;7534;2011;13,7875;2017;7485;2017
1;3;17;17;17060;17060;Comezzano-Cizzago;;BS;0;0;3717;2011;15,4370;2017;3918;2017
1;3;17;17;17061;17061;Concesio;;BS;0;0;14813;2011;19,0748;2017;15511;2017
1;3;17;17;17062;17062;Corte Franca;;BS;0;0;7078;2011;13,9733;2017;7197;2017
1;3;17;17;17063;17063;Corteno Golgi;;BS;0;0;2015;2011;82,6046;2017;1968;2017
1;3;17;17;17064;17064;Corzano;;BS;0;0;1397;2011;12,2960;2017;1392;2017
1;3;17;17;17065;17065;Darfo Boario Terme;;BS;0;0;15524;2011;36,0712;2017;15618;2017
1;3;17;17;17066;17066;Dello;;BS;0;0;5576;2011;23,3209;2017;5542;2017
1;3;17;17;17067;17067;Desenzano del Garda;;BS;0;0;26793;2011;59,2622;2017;28786;2017
1;3;17;17;17068;17068;Edolo;;BS;0;0;4509;2011;88,9031;2017;4531;2017
1;3;17;17;17069;17069;Erbusco;;BS;0;0;8286;2011;16,2398;2017;8504;2017
1;3;17;17;17070;17070;Esine;;BS;0;0;5351;2011;30,3061;2017;5225;2017
1;3;17;17;17071;17071;Fiesse;;BS;0;0;2175;2011;16,0159;2017;2037;2017
1;3;17;17;17072;17072;Flero;;BS;0;0;8440;2011;9,8367;2017;8796;2017
1;3;17;17;17073;17073;Gambara;;BS;0;0;4697;2011;31,5861;2017;4729;2017
1;3;17;17;17074;17074;Gardone Riviera;;BS;0;0;2713;2011;21,3930;2017;2619;2017
1;3;17;17;17075;17075;Gardone Val Trompia;;BS;0;0;11700;2011;26,6562;2017;11545;2017
1;3;17;17;17076;17076;Gargnano;;BS;0;0;3033;2011;76,7514;2017;2833;2017
1;3;17;17;17077;17077;Gavardo;;BS;0;0;11686;2011;29,7959;2017;12097;2017
1;3;17;17;17078;17078;Ghedi;;BS;0;0;18321;2011;60,8401;2017;18552;2017
1;3;17;17;17079;17079;Gianico;;BS;0;0;2196;2011;13,3811;2017;2183;2017
1;3;17;17;17080;17080;Gottolengo;;BS;0;0;5238;2011;29,2837;2017;5103;2017
1;3;17;17;17081;17081;Gussago;;BS;0;0;16403;2011;25,0891;2017;16549;2017
1;3;17;17;17082;17082;Idro;;BS;0;0;1892;2011;22,8902;2017;1934;2017
1;3;17;17;17083;17083;Incudine;;BS;0;0;403;2011;19,6657;2017;371;2017
1;3;17;17;17084;17084;Irma;;BS;0;0;147;2011;4,9347;2017;131;2017
1;3;17;17;17085;17085;Iseo;;BS;0;0;9100;2011;28,4194;2017;9129;2017
1;3;17;17;17086;17086;Isorella;;BS;0;0;4091;2011;15,3283;2017;4045;2017
1;3;17;17;17087;17087;Lavenone;;BS;0;0;607;2011;31,8235;2017;539;2017
1;3;17;17;17088;17088;Leno;;BS;0;0;14364;2011;58,4516;2017;14074;2017
1;3;17;17;17089;17089;Limone sul Garda;;BS;0;0;1151;2011;23,0259;2017;1173;2017
1;3;17;17;17090;17090;Lodrino;;BS;0;0;1750;2011;16,4987;2017;1666;2017
1;3;17;17;17091;17091;Lograto;;BS;0;0;3793;2011;12,4335;2017;3762;2017
1;3;17;17;17092;17092;Lonato del Garda;;BS;0;0;15559;2011;68,1954;2017;16296;2017
1;3;17;17;17093;17093;Longhena;;BS;0;0;607;2011;3,4707;2017;584;2017
1;3;17;17;17094;17094;Losine;;BS;0;0;591;2011;6,2553;2017;615;2017
1;3;17;17;17095;17095;Lozio;;BS;0;0;418;2011;23,7425;2017;403;2017
1;3;17;17;17096;17096;Lumezzane;;BS;0;0;23390;2011;31,7179;2017;22102;2017
1;3;17;17;17097;17097;Maclodio;;BS;0;0;1501;2011;5,0958;2017;1471;2017
1;3;17;17;17098;17098;Magasa;;BS;0;0;145;2011;19,1109;2017;129;2017
1;3;17;17;17099;17099;Mairano;;BS;0;0;3329;2011;11,5281;2017;3431;2017
1;3;17;17;17100;17100;Malegno;;BS;0;0;2078;2011;6,8941;2017;1976;2017
1;3;17;17;17101;17101;Malonno;;BS;0;0;3320;2011;31,4567;2017;3191;2017
1;3;17;17;17102;17102;Manerba del Garda;;BS;0;0;4902;2011;36,6294;2017;5244;2017
1;3;17;17;17103;17103;Manerbio;;BS;0;0;12869;2011;27,8839;2017;12990;2017
1;3;17;17;17104;17104;Marcheno;;BS;0;0;4359;2011;22,7392;2017;4267;2017
1;3;17;17;17105;17105;Marmentino;;BS;0;0;676;2011;18,0348;2017;657;2017
1;3;17;17;17106;17106;Marone;;BS;0;0;3293;2011;23,9307;2017;3167;2017
1;3;17;17;17107;17107;Mazzano;;BS;0;0;11487;2011;15,7265;2017;12326;2017
1;3;17;17;17108;17108;Milzano;;BS;0;0;1799;2011;8,4888;2017;1744;2017
1;3;17;17;17109;17109;Moniga del Garda;;BS;0;0;2436;2011;14,6529;2017;2534;2017
1;3;17;17;17110;17110;Monno;;BS;0;0;564;2011;31,0259;2017;528;2017
1;3;17;17;17111;17111;Monte Isola;;BS;0;0;1804;2011;12,6051;2017;1740;2017
1;3;17;17;17112;17112;Monticelli Brusati;;BS;0;0;4401;2011;10,8908;2017;4480;2017
1;3;17;17;17113;17113;Montichiari;;BS;0;0;23734;2011;81,6613;2017;25430;2017
1;3;17;17;17114;17114;Montirone;;BS;0;0;5044;2011;10,5181;2017;5051;2017
1;3;17;17;17115;17115;Mura;;BS;0;0;790;2011;12,5067;2017;783;2017
1;3;17;17;17116;17116;Muscoline;;BS;0;0;2547;2011;10,0780;2017;2643;2017
1;3;17;17;17117;17117;Nave;;BS;0;0;10957;2011;27,2115;2017;10624;2017
1;3;17;17;17118;17118;Niardo;;BS;0;0;1950;2011;22,1574;2017;1989;2017
1;3;17;17;17119;17119;Nuvolento;;BS;0;0;4011;2011;7,4576;2017;3925;2017
1;3;17;17;17120;17120;Nuvolera;;BS;0;0;4535;2011;13,3116;2017;4689;2017
1;3;17;17;17121;17121;Odolo;;BS;0;0;2086;2011;6,5439;2017;1943;2017
1;3;17;17;17122;17122;Offlaga;;BS;0;0;4269;2011;23,0333;2017;4073;2017
1;3;17;17;17123;17123;Ome;;BS;0;0;3238;2011;9,8482;2017;3210;2017
1;3;17;17;17124;17124;Ono San Pietro;;BS;0;0;1002;2011;13,7797;2017;972;2017
1;3;17;17;17125;17125;Orzinuovi;;BS;0;0;12343;2011;47,8684;2017;12309;2017
1;3;17;17;17126;17126;Orzivecchi;;BS;0;0;2485;2011;9,9376;2017;2443;2017
1;3;17;17;17127;17127;Ospitaletto;;BS;0;0;13579;2011;9,2903;2017;14279;2017
1;3;17;17;17128;17128;Ossimo;;BS;0;0;1442;2011;14,8578;2017;1446;2017
1;3;17;17;17129;17129;Padenghe sul Garda;;BS;0;0;4276;2011;26,8091;2017;4579;2017
1;3;17;17;17130;17130;Paderno Franciacorta;;BS;0;0;3699;2011;5,6080;2017;3642;2017
1;3;17;17;17131;17131;Paisco Loveno;;BS;0;0;198;2011;35,8656;2017;189;2017
1;3;17;17;17132;17132;Paitone;;BS;0;0;2091;2011;8,0034;2017;2135;2017
1;3;17;17;17133;17133;Palazzolo sull'Oglio;;BS;0;0;19472;2011;23,0393;2017;19879;2017
1;3;17;17;17134;17134;Paratico;;BS;0;0;4464;2011;6,1816;2017;4749;2017
1;3;17;17;17135;17135;Paspardo;;BS;0;0;646;2011;11,1537;2017;602;2017
1;3;17;17;17136;17136;Passirano;;BS;0;0;7114;2011;13,3907;2017;7021;2017
1;3;17;17;17137;17137;Pavone del Mella;;BS;0;0;2838;2011;11,6134;2017;2712;2017
1;3;17;17;17138;17138;San Paolo;;BS;0;0;4504;2011;18,8177;2017;4497;2017
1;3;17;17;17139;17139;Pertica Alta;;BS;0;0;599;2011;20,9152;2017;568;2017
1;3;17;17;17140;17140;Pertica Bassa;;BS;0;0;686;2011;30,1258;2017;639;2017
1;3;17;17;17141;17141;Pezzaze;;BS;0;0;1586;2011;21,4894;2017;1509;2017
1;3;17;17;17142;17142;Pian Camuno;;BS;0;0;4400;2011;10,9450;2017;4656;2017
1;3;17;17;17143;17143;Pisogne;;BS;0;0;8112;2011;49,2273;2017;7984;2017
1;3;17;17;17144;17144;Polaveno;;BS;0;0;2661;2011;9,2011;2017;2529;2017
1;3;17;17;17145;17145;Polpenazze del Garda;;BS;0;0;2468;2011;9,1195;2017;2621;2017
1;3;17;17;17146;17146;Pompiano;;BS;0;0;3893;2011;15,2734;2017;3751;2017
1;3;17;17;17147;17147;Poncarale;;BS;0;0;5219;2011;12,6432;2017;5193;2017
1;3;17;17;17148;17148;Ponte di Legno;;BS;0;0;1754;2011;100,4260;2017;1757;2017
1;3;17;17;17149;17149;Pontevico;;BS;0;0;7121;2011;29,2070;2017;7041;2017
1;3;17;17;17150;17150;Pontoglio;;BS;0;0;6894;2011;11,0859;2017;6853;2017
1;3;17;17;17151;17151;Pozzolengo;;BS;0;0;3438;2011;21,3264;2017;3561;2017
1;3;17;17;17152;17152;Pralboino;;BS;0;0;2912;2011;17,1622;2017;2918;2017
1;3;17;17;17153;17153;Preseglie;;BS;0;0;1577;2011;11,4524;2017;1533;2017
1;3;17;17;17155;17155;Prevalle;;BS;0;0;6816;2011;9,9892;2017;6795;2017
1;3;17;17;17156;17156;Provaglio d'Iseo;;BS;0;0;7136;2011;16,1597;2017;7327;2017
1;3;17;17;17157;17157;Provaglio Val Sabbia;;BS;0;0;966;2011;14,8506;2017;908;2017
1;3;17;17;17158;17158;Puegnago del Garda;;BS;0;0;3263;2011;10,9716;2017;3395;2017
1;3;17;17;17159;17159;Quinzano d'Oglio;;BS;0;0;6390;2011;21,4527;2017;6199;2017
1;3;17;17;17160;17160;Remedello;;BS;0;0;3387;2011;21,4624;2017;3353;2017
1;3;17;17;17161;17161;Rezzato;;BS;0;0;12933;2011;18,2064;2017;13381;2017
1;3;17;17;17162;17162;Roccafranca;;BS;0;0;4767;2011;19,1322;2017;4783;2017
1;3;17;17;17163;17163;Rodengo Saiano;;BS;0;0;8795;2011;12,8593;2017;9637;2017
1;3;17;17;17164;17164;Roè Volciano;;BS;0;0;4465;2011;5,8207;2017;4520;2017
1;3;17;17;17165;17165;Roncadelle;;BS;0;0;9265;2011;9,3899;2017;9346;2017
1;3;17;17;17166;17166;Rovato;;BS;0;0;17562;2011;26,0941;2017;18785;2017
1;3;17;17;17167;17167;Rudiano;;BS;0;0;5699;2011;9,8454;2017;5751;2017
1;3;17;17;17168;17168;Sabbio Chiese;;BS;0;0;3831;2011;18,4472;2017;3879;2017
1;3;17;17;17169;17169;Sale Marasino;;BS;0;0;3370;2011;16,5869;2017;3362;2017
1;3;17;17;17170;17170;Salò;;BS;0;0;10350;2011;27,3048;2017;10558;2017
1;3;17;17;17171;17171;San Felice del Benaco;;BS;0;0;3403;2011;20,2166;2017;3381;2017
1;3;17;17;17172;17172;San Gervasio Bresciano;;BS;0;0;2469;2011;10,5028;2017;2548;2017
1;3;17;17;17173;17173;San Zeno Naviglio;;BS;0;0;4601;2011;6,2531;2017;4676;2017
1;3;17;17;17174;17174;Sarezzo;;BS;0;0;13469;2011;17,6790;2017;13351;2017
1;3;17;17;17175;17175;Saviore dell'Adamello;;BS;0;0;992;2011;84,2677;2017;882;2017
1;3;17;17;17176;17176;Sellero;;BS;0;0;1506;2011;14,4711;2017;1445;2017
1;3;17;17;17177;17177;Seniga;;BS;0;0;1581;2011;13,5719;2017;1437;2017
1;3;17;17;17178;17178;Serle;;BS;0;0;3092;2011;18,4273;2017;3012;2017
1;3;17;17;17179;17179;Sirmione;;BS;0;0;7438;2011;26,2480;2017;7995;2017
1;3;17;17;17180;17180;Soiano del Lago;;BS;0;0;1785;2011;5,7734;2017;1862;2017
1;3;17;17;17181;17181;Sonico;;BS;0;0;1270;2011;60,8920;2017;1255;2017
1;3;17;17;17182;17182;Sulzano;;BS;0;0;1892;2011;10,4396;2017;1950;2017
1;3;17;17;17183;17183;Tavernole sul Mella;;BS;0;0;1359;2011;19,8075;2017;1250;2017
1;3;17;17;17184;17184;Temù;;BS;0;0;1083;2011;43,2570;2017;1110;2017
1;3;17;17;17185;17185;Tignale;;BS;0;0;1298;2011;45,8569;2017;1221;2017
1;3;17;17;17186;17186;Torbole Casaglia;;BS;0;0;6370;2011;13,4393;2017;6493;2017
1;3;17;17;17187;17187;Toscolano-Maderno;;BS;0;0;7994;2011;58,1706;2017;7771;2017
1;3;17;17;17188;17188;Travagliato;;BS;0;0;13447;2011;17,7358;2017;13733;2017
1;3;17;17;17189;17189;Tremosine sul Garda;;BS;0;0;2125;2011;72,6815;2017;2095;2017
1;3;17;17;17190;17190;Trenzano;;BS;0;0;5480;2011;20,1018;2017;5358;2017
1;3;17;17;17191;17191;Treviso Bresciano;;BS;0;0;566;2011;17,7332;2017;529;2017
1;3;17;17;17192;17192;Urago d'Oglio;;BS;0;0;3877;2011;10,6801;2017;3715;2017
1;3;17;17;17193;17193;Vallio Terme;;BS;0;0;1372;2011;14,8574;2017;1398;2017
1;3;17;17;17194;17194;Valvestino;;BS;0;0;212;2011;31,1204;2017;185;2017
1;3;17;17;17195;17195;Verolanuova;;BS;0;0;8133;2011;25,7595;2017;8106;2017
1;3;17;17;17196;17196;Verolavecchia;;BS;0;0;3875;2011;21,0635;2017;3740;2017
1;3;17;17;17197;17197;Vestone;;BS;0;0;4461;2011;12,9638;2017;4270;2017
1;3;17;17;17198;17198;Vezza d'Oglio;;BS;0;0;1476;2011;54,1472;2017;1450;2017
1;3;17;17;17199;17199;Villa Carcina;;BS;0;0;10755;2011;14,2195;2017;10649;2017
1;3;17;17;17200;17200;Villachiara;;BS;0;0;1432;2011;16,8650;2017;1411;2017
1;3;17;17;17201;17201;Villanuova sul Clisi;;BS;0;0;5661;2011;9,1011;2017;5786;2017
1;3;17;17;17202;17202;Vione;;BS;0;0;723;2011;35,2649;2017;687;2017
1;3;17;17;17203;17203;Visano;;BS;0;0;1933;2011;11,2237;2017;1946;2017
1;3;17;17;17204;17204;Vobarno;;BS;0;0;8150;2011;53,2214;2017;8084;2017
1;3;17;17;17205;17205;Zone;;BS;0;0;1091;2011;19,6815;2017;1064;2017
1;3;17;17;17206;17206;Piancogno;;BS;0;0;4679;2011;14,3021;2017;4636;2017
1;3;18;18;18001;18001;Alagna;;PV;0;0;882;2011;8,3442;2017;825;2017
1;3;18;18;18002;18002;Albaredo Arnaboldi;;PV;0;0;225;2011;8,7570;2017;257;2017
1;3;18;18;18003;18003;Albonese;;PV;0;0;565;2011;4,3279;2017;549;2017
1;3;18;18;18004;18004;Albuzzano;;PV;0;0;3355;2011;15,4488;2017;3530;2017
1;3;18;18;18005;18005;Arena Po;;PV;0;0;1625;2011;22,4871;2017;1568;2017
1;3;18;18;18006;18006;Badia Pavese;;PV;0;0;402;2011;5,0572;2017;368;2017
1;3;18;18;18007;18007;Bagnaria;;PV;0;0;675;2011;16,6641;2017;665;2017
1;3;18;18;18008;18008;Barbianello;;PV;0;0;890;2011;11,7124;2017;852;2017
1;3;18;18;18009;18009;Bascapè;;PV;0;0;1715;2011;13,3380;2017;1806;2017
1;3;18;18;18011;18011;Bastida Pancarana;;PV;0;0;1032;2011;12,5000;2017;1015;2017
1;3;18;18;18012;18012;Battuda;;PV;0;0;582;2011;7,1426;2017;675;2017
1;3;18;18;18013;18013;Belgioioso;;PV;0;0;6287;2011;24,6867;2017;6196;2017
1;3;18;18;18014;18014;Bereguardo;;PV;0;0;2775;2011;17,8636;2017;2824;2017
1;3;18;18;18015;18015;Borgarello;;PV;0;0;2659;2011;4,8364;2017;2661;2017
1;3;18;18;18016;18016;Borgo Priolo;;PV;0;0;1382;2011;28,8094;2017;1453;2017
1;3;18;18;18017;18017;Borgoratto Mormorolo;;PV;0;0;423;2011;16,1043;2017;422;2017
1;3;18;18;18018;18018;Borgo San Siro;;PV;0;0;1035;2011;17,6391;2017;999;2017
1;3;18;18;18019;18019;Bornasco;;PV;0;0;2589;2011;12,9286;2017;2701;2017
1;3;18;18;18020;18020;Bosnasco;;PV;0;0;633;2011;4,8363;2017;615;2017
1;3;18;18;18021;18021;Brallo di Pregola;;PV;0;0;689;2011;46,1441;2017;579;2017
1;3;18;18;18022;18022;Breme;;PV;0;0;853;2011;18,8137;2017;760;2017
1;3;18;18;18023;18023;Bressana Bottarone;;PV;0;0;3535;2011;12,6873;2017;3462;2017
1;3;18;18;18024;18024;Broni;;PV;0;0;9073;2011;20,8467;2017;9241;2017
1;3;18;18;18025;18025;Calvignano;;PV;0;0;128;2011;6,9837;2017;112;2017
1;3;18;18;18026;18026;Campospinoso;;PV;0;0;990;2011;3,6864;2017;1069;2017
1;3;18;18;18027;18027;Candia Lomellina;;PV;0;0;1636;2011;27,8967;2017;1560;2017
1;3;18;18;18028;18028;Canevino;;PV;0;0;112;2011;4,8094;2017;107;2017
1;3;18;18;18029;18029;Canneto Pavese;;PV;0;0;1423;2011;5,8147;2017;1379;2017
1;3;18;18;18030;18030;Carbonara al Ticino;;PV;0;0;1516;2011;14,7807;2017;1458;2017
1;3;18;18;18031;18031;Casanova Lonati;;PV;0;0;483;2011;4,6302;2017;449;2017
1;3;18;18;18032;18032;Casatisma;;PV;0;0;895;2011;5,4774;2017;888;2017
1;3;18;18;18033;18033;Casei Gerola;;PV;0;0;2500;2011;24,8050;2017;2447;2017
1;3;18;18;18034;18034;Casorate Primo;;PV;0;0;8480;2011;9,7359;2017;8622;2017
1;3;18;18;18035;18035;Cassolnovo;;PV;0;0;6940;2011;31,7358;2017;6936;2017
1;3;18;18;18036;18036;Castana;;PV;0;0;744;2011;5,2772;2017;705;2017
1;3;18;18;18037;18037;Casteggio;;PV;0;0;6836;2011;17,6617;2017;6666;2017
1;3;18;18;18038;18038;Castelletto di Branduzzo;;PV;0;0;1037;2011;11,7724;2017;1072;2017
1;3;18;18;18039;18039;Castello d'Agogna;;PV;0;0;1091;2011;10,7444;2017;1170;2017
1;3;18;18;18040;18040;Castelnovetto;;PV;0;0;624;2011;18,2141;2017;561;2017
1;3;18;18;18041;18041;Cava Manara;;PV;0;0;6586;2011;17,2590;2017;6707;2017
1;3;18;18;18042;18042;Cecima;;PV;0;0;233;2011;10,1244;2017;236;2017
1;3;18;18;18043;18043;Ceranova;;PV;0;0;1894;2011;4,5977;2017;2221;2017
1;3;18;18;18044;18044;Ceretto Lomellina;;PV;0;0;205;2011;7,3786;2017;195;2017
1;3;18;18;18045;18045;Cergnago;;PV;0;0;754;2011;13,5598;2017;713;2017
1;3;18;18;18046;18046;Certosa di Pavia;;PV;0;0;5004;2011;10,8579;2017;5359;2017
1;3;18;18;18047;18047;Cervesina;;PV;0;0;1224;2011;12,4109;2017;1245;2017
1;3;18;18;18048;18048;Chignolo Po;;PV;0;0;3992;2011;23,3884;2017;3938;2017
1;3;18;18;18049;18049;Cigognola;;PV;0;0;1363;2011;7,8757;2017;1308;2017
1;3;18;18;18050;18050;Cilavegna;;PV;0;0;5656;2011;18,0511;2017;5479;2017
1;3;18;18;18051;18051;Codevilla;;PV;0;0;1000;2011;12,9551;2017;989;2017
1;3;18;18;18052;18052;Confienza;;PV;0;0;1671;2011;26,8065;2017;1612;2017
1;3;18;18;18053;18053;Copiano;;PV;0;0;1794;2011;4,3401;2017;1732;2017
1;3;18;18;18054;18054;Corana;;PV;0;0;798;2011;12,8710;2017;794;2017
1;3;18;18;18057;18057;Corvino San Quirico;;PV;0;0;1034;2011;4,3728;2017;1032;2017
1;3;18;18;18058;18058;Costa de' Nobili;;PV;0;0;351;2011;11,8242;2017;375;2017
1;3;18;18;18059;18059;Cozzo;;PV;0;0;371;2011;17,6095;2017;365;2017
1;3;18;18;18060;18060;Cura Carpignano;;PV;0;0;4371;2011;11,0854;2017;4913;2017
1;3;18;18;18061;18061;Dorno;;PV;0;0;4584;2011;30,5665;2017;4626;2017
1;3;18;18;18062;18062;Ferrera Erbognone;;PV;0;0;1121;2011;19,1708;2017;1124;2017
1;3;18;18;18063;18063;Filighera;;PV;0;0;849;2011;8,2478;2017;824;2017
1;3;18;18;18064;18064;Fortunago;;PV;0;0;383;2011;17,8248;2017;372;2017
1;3;18;18;18065;18065;Frascarolo;;PV;0;0;1214;2011;24,1753;2017;1190;2017
1;3;18;18;18066;18066;Galliavola;;PV;0;0;213;2011;9,2313;2017;193;2017
1;3;18;18;18067;18067;Gambarana;;PV;0;0;242;2011;11,7761;2017;212;2017
1;3;18;18;18068;18068;Gambolò;;PV;0;0;9779;2011;51,7030;2017;9832;2017
1;3;18;18;18069;18069;Garlasco;;PV;0;0;9791;2011;39,1760;2017;9737;2017
1;3;18;18;18071;18071;Gerenzago;;PV;0;0;1386;2011;5,4113;2017;1423;2017
1;3;18;18;18072;18072;Giussago;;PV;0;0;5049;2011;24,7226;2017;5135;2017
1;3;18;18;18073;18073;Godiasco Salice Terme;;PV;0;0;3130;2011;20,6103;2017;3232;2017
1;3;18;18;18074;18074;Golferenzo;;PV;0;0;206;2011;4,4207;2017;195;2017
1;3;18;18;18075;18075;Gravellona Lomellina;;PV;0;0;2688;2011;20,3439;2017;2722;2017
1;3;18;18;18076;18076;Gropello Cairoli;;PV;0;0;4592;2011;26,2160;2017;4430;2017
1;3;18;18;18077;18077;Inverno e Monteleone;;PV;0;0;1390;2011;9,6414;2017;1489;2017
1;3;18;18;18078;18078;Landriano;;PV;0;0;5917;2011;15,5872;2017;6278;2017
1;3;18;18;18079;18079;Langosco;;PV;0;0;436;2011;15,8206;2017;368;2017
1;3;18;18;18080;18080;Lardirago;;PV;0;0;1200;2011;5,3416;2017;1172;2017
1;3;18;18;18081;18081;Linarolo;;PV;0;0;2754;2011;13,1660;2017;2793;2017
1;3;18;18;18082;18082;Lirio;;PV;0;0;136;2011;1,7457;2017;128;2017
1;3;18;18;18083;18083;Lomello;;PV;0;0;2295;2011;22,3585;2017;2176;2017
1;3;18;18;18084;18084;Lungavilla;;PV;0;0;2412;2011;6,8204;2017;2408;2017
1;3;18;18;18085;18085;Magherno;;PV;0;0;1690;2011;5,2532;2017;1707;2017
1;3;18;18;18086;18086;Marcignago;;PV;0;0;2440;2011;10,1177;2017;2433;2017
1;3;18;18;18087;18087;Marzano;;PV;0;0;1559;2011;9,2895;2017;1648;2017
1;3;18;18;18088;18088;Mede;;PV;0;0;6912;2011;32,8944;2017;6497;2017
1;3;18;18;18089;18089;Menconico;;PV;0;0;378;2011;28,1384;2017;359;2017
1;3;18;18;18090;18090;Mezzana Bigli;;PV;0;0;1108;2011;19,0204;2017;1050;2017
1;3;18;18;18091;18091;Mezzana Rabattone;;PV;0;0;502;2011;7,0642;2017;473;2017
1;3;18;18;18092;18092;Mezzanino;;PV;0;0;1494;2011;12,5106;2017;1376;2017
1;3;18;18;18093;18093;Miradolo Terme;;PV;0;0;3792;2011;9,5559;2017;3835;2017
1;3;18;18;18094;18094;Montalto Pavese;;PV;0;0;924;2011;19,0651;2017;881;2017
1;3;18;18;18095;18095;Montebello della Battaglia;;PV;0;0;1689;2011;15,7416;2017;1582;2017
1;3;18;18;18096;18096;Montecalvo Versiggia;;PV;0;0;561;2011;11,4035;2017;525;2017
1;3;18;18;18097;18097;Montescano;;PV;0;0;383;2011;2,4046;2017;424;2017
1;3;18;18;18098;18098;Montesegale;;PV;0;0;307;2011;14,9744;2017;286;2017
1;3;18;18;18099;18099;Monticelli Pavese;;PV;0;0;711;2011;20,1925;2017;705;2017
1;3;18;18;18100;18100;Montù Beccaria;;PV;0;0;1722;2011;15,4933;2017;1639;2017
1;3;18;18;18101;18101;Mornico Losana;;PV;0;0;721;2011;8,2991;2017;618;2017
1;3;18;18;18102;18102;Mortara;;PV;0;0;15156;2011;51,9694;2017;15158;2017
1;3;18;18;18103;18103;Nicorvo;;PV;0;0;364;2011;8,0764;2017;301;2017
1;3;18;18;18104;18104;Olevano di Lomellina;;PV;0;0;783;2011;15,3810;2017;720;2017
1;3;18;18;18105;18105;Oliva Gessi;;PV;0;0;173;2011;3,9101;2017;177;2017
1;3;18;18;18106;18106;Ottobiano;;PV;0;0;1181;2011;24,9793;2017;1103;2017
1;3;18;18;18107;18107;Palestro;;PV;0;0;1885;2011;18,8064;2017;1879;2017
1;3;18;18;18108;18108;Pancarana;;PV;0;0;316;2011;6,1018;2017;321;2017
1;3;18;18;18109;18109;Parona;;PV;0;0;1987;2011;9,3012;2017;1913;2017
1;3;18;18;18110;18110;Pavia;;PV;1;0;68280;2011;63,2453;2017;71537;2017
1;3;18;18;18111;18111;Pietra de' Giorgi;;PV;0;0;915;2011;11,2007;2017;840;2017
1;3;18;18;18112;18112;Pieve Albignola;;PV;0;0;916;2011;18,1530;2017;850;2017
1;3;18;18;18113;18113;Pieve del Cairo;;PV;0;0;2108;2011;25,1059;2017;1949;2017
1;3;18;18;18114;18114;Pieve Porto Morone;;PV;0;0;2788;2011;16,3963;2017;2656;2017
1;3;18;18;18115;18115;Pinarolo Po;;PV;0;0;1702;2011;11,3078;2017;1679;2017
1;3;18;18;18116;18116;Pizzale;;PV;0;0;722;2011;7,0903;2017;721;2017
1;3;18;18;18117;18117;Ponte Nizza;;PV;0;0;811;2011;22,9572;2017;783;2017
1;3;18;18;18118;18118;Portalbera;;PV;0;0;1551;2011;4,4798;2017;1492;2017
1;3;18;18;18119;18119;Rea;;PV;0;0;432;2011;2,1597;2017;415;2017
1;3;18;18;18120;18120;Redavalle;;PV;0;0;1056;2011;5,4149;2017;1066;2017
1;3;18;18;18121;18121;Retorbido;;PV;0;0;1506;2011;11,6677;2017;1537;2017
1;3;18;18;18122;18122;Rivanazzano Terme;;PV;0;0;5186;2011;28,9155;2017;5301;2017
1;3;18;18;18123;18123;Robbio;;PV;0;0;6164;2011;40,5407;2017;5781;2017
1;3;18;18;18124;18124;Robecco Pavese;;PV;0;0;569;2011;6,9345;2017;540;2017
1;3;18;18;18125;18125;Rocca de' Giorgi;;PV;0;0;79;2011;10,4966;2017;86;2017
1;3;18;18;18126;18126;Rocca Susella;;PV;0;0;234;2011;12,7641;2017;215;2017
1;3;18;18;18127;18127;Rognano;;PV;0;0;619;2011;9,3647;2017;644;2017
1;3;18;18;18128;18128;Romagnese;;PV;0;0;744;2011;29,7174;2017;677;2017
1;3;18;18;18129;18129;Roncaro;;PV;0;0;1385;2011;5,0510;2017;1574;2017
1;3;18;18;18130;18130;Rosasco;;PV;0;0;638;2011;19,5525;2017;569;2017
1;3;18;18;18131;18131;Rovescala;;PV;0;0;917;2011;8,4128;2017;890;2017
1;3;18;18;18132;18132;Ruino;;PV;0;0;745;2011;21,4541;2017;703;2017
1;3;18;18;18133;18133;San Cipriano Po;;PV;0;0;516;2011;8,5045;2017;481;2017
1;3;18;18;18134;18134;San Damiano al Colle;;PV;0;0;719;2011;6,4309;2017;652;2017
1;3;18;18;18135;18135;San Genesio ed Uniti;;PV;0;0;3788;2011;9,2687;2017;3948;2017
1;3;18;18;18136;18136;San Giorgio di Lomellina;;PV;0;0;1155;2011;25,4521;2017;1063;2017
1;3;18;18;18137;18137;San Martino Siccomario;;PV;0;0;5738;2011;14,2906;2017;6152;2017
1;3;18;18;18138;18138;Sannazzaro de' Burgondi;;PV;0;0;5644;2011;23,3323;2017;5343;2017
1;3;18;18;18139;18139;Santa Cristina e Bissone;;PV;0;0;2028;2011;22,4207;2017;1933;2017
1;3;18;18;18140;18140;Santa Giuletta;;PV;0;0;1685;2011;11,5912;2017;1586;2017
1;3;18;18;18141;18141;Sant'Alessio con Vialone;;PV;0;0;840;2011;6,5572;2017;965;2017
1;3;18;18;18142;18142;Santa Margherita di Staffora;;PV;0;0;513;2011;36,9011;2017;514;2017
1;3;18;18;18143;18143;Santa Maria della Versa;;PV;0;0;2476;2011;18,4738;2017;2249;2017
1;3;18;18;18144;18144;Sant'Angelo Lomellina;;PV;0;0;864;2011;10,4973;2017;772;2017
1;3;18;18;18145;18145;San Zenone al Po;;PV;0;0;598;2011;6,8927;2017;558;2017
1;3;18;18;18146;18146;Sartirana Lomellina;;PV;0;0;1760;2011;29,5419;2017;1595;2017
1;3;18;18;18147;18147;Scaldasole;;PV;0;0;967;2011;11,5741;2017;912;2017
1;3;18;18;18148;18148;Semiana;;PV;0;0;257;2011;9,7208;2017;219;2017
1;3;18;18;18149;18149;Silvano Pietra;;PV;0;0;680;2011;13,6711;2017;674;2017
1;3;18;18;18150;18150;Siziano;;PV;0;0;5807;2011;11,7879;2017;6045;2017
1;3;18;18;18151;18151;Sommo;;PV;0;0;1146;2011;14,8724;2017;1149;2017
1;3;18;18;18152;18152;Spessa;;PV;0;0;602;2011;12,2314;2017;571;2017
1;3;18;18;18153;18153;Stradella;;PV;0;0;11639;2011;18,8352;2017;11727;2017
1;3;18;18;18154;18154;Suardi;;PV;0;0;651;2011;9,8480;2017;605;2017
1;3;18;18;18155;18155;Torrazza Coste;;PV;0;0;1693;2011;16,2281;2017;1644;2017
1;3;18;18;18156;18156;Torre Beretti e Castellaro;;PV;0;0;588;2011;17,6600;2017;556;2017
1;3;18;18;18157;18157;Torre d'Arese;;PV;0;0;977;2011;4,4934;2017;951;2017
1;3;18;18;18158;18158;Torre de' Negri;;PV;0;0;347;2011;4,0091;2017;322;2017
1;3;18;18;18159;18159;Torre d'Isola;;PV;0;0;2395;2011;16,4385;2017;2399;2017
1;3;18;18;18160;18160;Torrevecchia Pia;;PV;0;0;3427;2011;16,5019;2017;3512;2017
1;3;18;18;18161;18161;Torricella Verzate;;PV;0;0;837;2011;3,6271;2017;821;2017
1;3;18;18;18162;18162;Travacò Siccomario;;PV;0;0;4361;2011;17,0449;2017;4420;2017
1;3;18;18;18163;18163;Trivolzio;;PV;0;0;2036;2011;3,8312;2017;2228;2017
1;3;18;18;18164;18164;Tromello;;PV;0;0;3828;2011;35,4982;2017;3756;2017
1;3;18;18;18165;18165;Trovo;;PV;0;0;1023;2011;8,1549;2017;1011;2017
1;3;18;18;18166;18166;Val di Nizza;;PV;0;0;655;2011;29,6826;2017;611;2017
1;3;18;18;18167;18167;Valeggio;;PV;0;0;236;2011;9,8538;2017;217;2017
1;3;18;18;18168;18168;Valle Lomellina;;PV;0;0;2153;2011;27,2357;2017;2160;2017
1;3;18;18;18169;18169;Valle Salimbene;;PV;0;0;1537;2011;7,1611;2017;1472;2017
1;3;18;18;18170;18170;Valverde;;PV;0;0;299;2011;14,9834;2017;291;2017
1;3;18;18;18171;18171;Varzi;;PV;0;0;3405;2011;57,6150;2017;3217;2017
1;3;18;18;18172;18172;Velezzo Lomellina;;PV;0;0;101;2011;8,1723;2017;101;2017
1;3;18;18;18173;18173;Vellezzo Bellini;;PV;0;0;3066;2011;8,1961;2017;3330;2017
1;3;18;18;18174;18174;Verretto;;PV;0;0;386;2011;2,7086;2017;384;2017
1;3;18;18;18175;18175;Verrua Po;;PV;0;0;1319;2011;11,4404;2017;1249;2017
1;3;18;18;18176;18176;Vidigulfo;;PV;0;0;5933;2011;16,1425;2017;6359;2017
1;3;18;18;18177;18177;Vigevano;;PV;0;0;60109;2011;81,3639;2017;62443;2017
1;3;18;18;18178;18178;Villa Biscossi;;PV;0;0;75;2011;4,8781;2017;73;2017
1;3;18;18;18179;18179;Villanova d'Ardenghi;;PV;0;0;770;2011;6,6085;2017;772;2017
1;3;18;18;18180;18180;Villanterio;;PV;0;0;3153;2011;14,7674;2017;3371;2017
1;3;18;18;18181;18181;Vistarino;;PV;0;0;1546;2011;9,4896;2017;1532;2017
1;3;18;18;18182;18182;Voghera;;PV;0;0;38174;2011;63,4415;2017;39006;2017
1;3;18;18;18183;18183;Volpara;;PV;0;0;133;2011;3,7730;2017;133;2017
1;3;18;18;18184;18184;Zavattarello;;PV;0;0;1036;2011;28,4013;2017;1018;2017
1;3;18;18;18185;18185;Zeccone;;PV;0;0;1696;2011;5,5293;2017;1682;2017
1;3;18;18;18186;18186;Zeme;;PV;0;0;1082;2011;24,5828;2017;1032;2017
1;3;18;18;18187;18187;Zenevredo;;PV;0;0;478;2011;5,4037;2017;472;2017
1;3;18;18;18188;18188;Zerbo;;PV;0;0;445;2011;6,3614;2017;410;2017
1;3;18;18;18189;18189;Zerbolò;;PV;0;0;1653;2011;37,1915;2017;1779;2017
1;3;18;18;18190;18190;Zinasco;;PV;0;0;3223;2011;29,7366;2017;3169;2017
1;3;18;18;18191;18191;Cornale e Bastida;;PV;0;0;895;2011;3,8218;2017;866;2017
1;3;18;18;18192;18192;Corteolona e Genzone;;PV;0;0;2490;2011;14,0864;2017;2524;2017
1;3;19;19;19001;19001;Acquanegra Cremonese;;CR;0;0;1302;2011;9,2161;2017;1175;2017
1;3;19;19;19002;19002;Agnadello;;CR;0;0;3757;2011;12,0775;2017;3871;2017
1;3;19;19;19003;19003;Annicco;;CR;0;0;2075;2011;19,1983;2017;2021;2017
1;3;19;19;19004;19004;Azzanello;;CR;0;0;717;2011;11,1210;2017;630;2017
1;3;19;19;19005;19005;Bagnolo Cremasco;;CR;0;0;4788;2011;10,3878;2017;4855;2017
1;3;19;19;19006;19006;Bonemerse;;CR;0;0;1485;2011;5,9007;2017;1521;2017
1;3;19;19;19007;19007;Bordolano;;CR;0;0;621;2011;8,1424;2017;604;2017
1;3;19;19;19008;19008;Ca' d'Andrea;;CR;0;0;480;2011;17,1071;2017;423;2017
1;3;19;19;19009;19009;Calvatone;;CR;0;0;1260;2011;13,6997;2017;1197;2017
1;3;19;19;19010;19010;Camisano;;CR;0;0;1303;2011;10,9506;2017;1257;2017
1;3;19;19;19011;19011;Campagnola Cremasca;;CR;0;0;683;2011;4,6407;2017;668;2017
1;3;19;19;19012;19012;Capergnanica;;CR;0;0;2095;2011;6,8381;2017;2167;2017
1;3;19;19;19013;19013;Cappella Cantone;;CR;0;0;577;2011;13,1471;2017;554;2017
1;3;19;19;19014;19014;Cappella de' Picenardi;;CR;0;0;439;2011;14,1977;2017;408;2017
1;3;19;19;19015;19015;Capralba;;CR;0;0;2452;2011;13,4543;2017;2302;2017
1;3;19;19;19016;19016;Casalbuttano ed Uniti;;CR;0;0;4103;2011;22,8750;2017;3830;2017
1;3;19;19;19017;19017;Casale Cremasco-Vidolasco;;CR;0;0;1826;2011;9,1935;2017;1839;2017
1;3;19;19;19018;19018;Casaletto Ceredano;;CR;0;0;1180;2011;6,5180;2017;1175;2017
1;3;19;19;19019;19019;Casaletto di Sopra;;CR;0;0;548;2011;8,6570;2017;529;2017
1;3;19;19;19020;19020;Casaletto Vaprio;;CR;0;0;1761;2011;5,4019;2017;1764;2017
1;3;19;19;19021;19021;Casalmaggiore;;CR;0;0;15111;2011;64,5301;2017;15386;2017
1;3;19;19;19022;19022;Casalmorano;;CR;0;0;1680;2011;12,2823;2017;1616;2017
1;3;19;19;19023;19023;Casteldidone;;CR;0;0;576;2011;10,7893;2017;563;2017
1;3;19;19;19024;19024;Castel Gabbiano;;CR;0;0;455;2011;5,7876;2017;449;2017
1;3;19;19;19025;19025;Castelleone;;CR;0;0;9506;2011;45,0774;2017;9380;2017
1;3;19;19;19026;19026;Castelverde;;CR;0;0;5651;2011;30,8909;2017;5622;2017
1;3;19;19;19027;19027;Castelvisconti;;CR;0;0;330;2011;9,7571;2017;321;2017
1;3;19;19;19028;19028;Cella Dati;;CR;0;0;553;2011;18,9178;2017;513;2017
1;3;19;19;19029;19029;Chieve;;CR;0;0;2240;2011;6,1934;2017;2265;2017
1;3;19;19;19030;19030;Cicognolo;;CR;0;0;955;2011;6,9629;2017;945;2017
1;3;19;19;19031;19031;Cingia de' Botti;;CR;0;0;1371;2011;14,3599;2017;1217;2017
1;3;19;19;19032;19032;Corte de' Cortesi con Cignone;;CR;0;0;1123;2011;12,8526;2017;1070;2017
1;3;19;19;19033;19033;Corte de' Frati;;CR;0;0;1423;2011;20,4080;2017;1371;2017
1;3;19;19;19034;19034;Credera Rubbiano;;CR;0;0;1645;2011;14,1284;2017;1593;2017
1;3;19;19;19035;19035;Crema;;CR;0;0;33091;2011;34,5182;2017;34090;2017
1;3;19;19;19036;19036;Cremona;;CR;1;0;69589;2011;70,4916;2017;71653;2017
1;3;19;19;19037;19037;Cremosano;;CR;0;0;1580;2011;5,7577;2017;1772;2017
1;3;19;19;19038;19038;Crotta d'Adda;;CR;0;0;654;2011;12,9377;2017;633;2017
1;3;19;19;19039;19039;Cumignano sul Naviglio;;CR;0;0;447;2011;6,7740;2017;453;2017
1;3;19;19;19040;19040;Derovere;;CR;0;0;310;2011;9,9906;2017;303;2017
1;3;19;19;19041;19041;Dovera;;CR;0;0;3865;2011;20,6525;2017;3797;2017
1;3;19;19;19042;19042;Drizzona;;CR;0;0;552;2011;11,7212;2017;578;2017
1;3;19;19;19043;19043;Fiesco;;CR;0;0;1200;2011;8,1938;2017;1189;2017
1;3;19;19;19044;19044;Formigara;;CR;0;0;1116;2011;12,6430;2017;1023;2017
1;3;19;19;19045;19045;Gabbioneta-Binanuova;;CR;0;0;899;2011;15,7072;2017;853;2017
1;3;19;19;19046;19046;Gadesco-Pieve Delmona;;CR;0;0;2015;2011;17,1013;2017;1983;2017
1;3;19;19;19047;19047;Genivolta;;CR;0;0;1178;2011;18,5732;2017;1166;2017
1;3;19;19;19048;19048;Gerre de' Caprioli;;CR;0;0;1283;2011;7,7187;2017;1330;2017
1;3;19;19;19049;19049;Gombito;;CR;0;0;636;2011;9,2764;2017;632;2017
1;3;19;19;19050;19050;Grontardo;;CR;0;0;1469;2011;12,2582;2017;1486;2017
1;3;19;19;19051;19051;Grumello Cremonese ed Uniti;;CR;0;0;1873;2011;22,2897;2017;1764;2017
1;3;19;19;19052;19052;Gussola;;CR;0;0;2873;2011;25,2261;2017;2664;2017
1;3;19;19;19053;19053;Isola Dovarese;;CR;0;0;1231;2011;9,4655;2017;1169;2017
1;3;19;19;19054;19054;Izano;;CR;0;0;2068;2011;6,1916;2017;1967;2017
1;3;19;19;19055;19055;Madignano;;CR;0;0;2931;2011;10,7616;2017;2851;2017
1;3;19;19;19056;19056;Malagnino;;CR;0;0;1525;2011;10,8226;2017;1724;2017
1;3;19;19;19057;19057;Martignana di Po;;CR;0;0;1893;2011;14,9198;2017;2036;2017
1;3;19;19;19058;19058;Monte Cremasco;;CR;0;0;2356;2011;2,3428;2017;2319;2017
1;3;19;19;19059;19059;Montodine;;CR;0;0;2606;2011;11,3943;2017;2487;2017
1;3;19;19;19060;19060;Moscazzano;;CR;0;0;822;2011;8,1532;2017;769;2017
1;3;19;19;19061;19061;Motta Baluffi;;CR;0;0;980;2011;16,4676;2017;889;2017
1;3;19;19;19062;19062;Offanengo;;CR;0;0;5869;2011;12,5835;2017;5948;2017
1;3;19;19;19063;19063;Olmeneta;;CR;0;0;967;2011;9,1541;2017;935;2017
1;3;19;19;19064;19064;Ostiano;;CR;0;0;3020;2011;19,4890;2017;2897;2017
1;3;19;19;19065;19065;Paderno Ponchielli;;CR;0;0;1480;2011;23,9619;2017;1407;2017
1;3;19;19;19066;19066;Palazzo Pignano;;CR;0;0;3848;2011;8,8208;2017;3777;2017
1;3;19;19;19067;19067;Pandino;;CR;0;0;8885;2011;22,2953;2017;8935;2017
1;3;19;19;19068;19068;Persico Dosimo;;CR;0;0;3372;2011;20,6076;2017;3358;2017
1;3;19;19;19069;19069;Pescarolo ed Uniti;;CR;0;0;1608;2011;16,5434;2017;1514;2017
1;3;19;19;19070;19070;Pessina Cremonese;;CR;0;0;673;2011;22,0166;2017;621;2017
1;3;19;19;19071;19071;Piadena;;CR;0;0;3580;2011;19,9694;2017;3409;2017
1;3;19;19;19072;19072;Pianengo;;CR;0;0;2561;2011;5,7631;2017;2516;2017
1;3;19;19;19073;19073;Pieranica;;CR;0;0;1152;2011;2,7288;2017;1119;2017
1;3;19;19;19074;19074;Pieve d'Olmi;;CR;0;0;1295;2011;19,4371;2017;1275;2017
1;3;19;19;19075;19075;Pieve San Giacomo;;CR;0;0;1624;2011;14,8500;2017;1567;2017
1;3;19;19;19076;19076;Pizzighettone;;CR;0;0;6703;2011;32,0610;2017;6432;2017
1;3;19;19;19077;19077;Pozzaglio ed Uniti;;CR;0;0;1471;2011;20,4015;2017;1455;2017
1;3;19;19;19078;19078;Quintano;;CR;0;0;910;2011;2,8622;2017;906;2017
1;3;19;19;19079;19079;Ricengo;;CR;0;0;1770;2011;12,5383;2017;1707;2017
1;3;19;19;19080;19080;Ripalta Arpina;;CR;0;0;1055;2011;6,9564;2017;989;2017
1;3;19;19;19081;19081;Ripalta Cremasca;;CR;0;0;3394;2011;11,7794;2017;3349;2017
1;3;19;19;19082;19082;Ripalta Guerina;;CR;0;0;535;2011;2,9739;2017;532;2017
1;3;19;19;19083;19083;Rivarolo del Re ed Uniti;;CR;0;0;2077;2011;27,3332;2017;1948;2017
1;3;19;19;19084;19084;Rivolta d'Adda;;CR;0;0;7918;2011;30,4011;2017;7951;2017
1;3;19;19;19085;19085;Robecco d'Oglio;;CR;0;0;2438;2011;17,9631;2017;2316;2017
1;3;19;19;19086;19086;Romanengo;;CR;0;0;3021;2011;15,0470;2017;3042;2017
1;3;19;19;19087;19087;Salvirola;;CR;0;0;1169;2011;7,3647;2017;1150;2017
1;3;19;19;19088;19088;San Bassano;;CR;0;0;2207;2011;13,9264;2017;2167;2017
1;3;19;19;19089;19089;San Daniele Po;;CR;0;0;1419;2011;22,6817;2017;1361;2017
1;3;19;19;19090;19090;San Giovanni in Croce;;CR;0;0;1875;2011;16,2144;2017;1897;2017
1;3;19;19;19091;19091;San Martino del Lago;;CR;0;0;473;2011;10,3799;2017;432;2017
1;3;19;19;19092;19092;Scandolara Ravara;;CR;0;0;1466;2011;17,0761;2017;1333;2017
1;3;19;19;19093;19093;Scandolara Ripa d'Oglio;;CR;0;0;623;2011;5,7202;2017;541;2017
1;3;19;19;19094;19094;Sergnano;;CR;0;0;3631;2011;12,3092;2017;3523;2017
1;3;19;19;19095;19095;Sesto ed Uniti;;CR;0;0;3075;2011;26,4937;2017;3196;2017
1;3;19;19;19096;19096;Solarolo Rainerio;;CR;0;0;1007;2011;11,4254;2017;918;2017
1;3;19;19;19097;19097;Soncino;;CR;0;0;7699;2011;45,3201;2017;7602;2017
1;3;19;19;19098;19098;Soresina;;CR;0;0;8995;2011;28,5680;2017;8725;2017
1;3;19;19;19099;19099;Sospiro;;CR;0;0;3236;2011;18,9595;2017;3056;2017
1;3;19;19;19100;19100;Spinadesco;;CR;0;0;1575;2011;17,2122;2017;1497;2017
1;3;19;19;19101;19101;Spineda;;CR;0;0;633;2011;10,1073;2017;611;2017
1;3;19;19;19102;19102;Spino d'Adda;;CR;0;0;6851;2011;20,0196;2017;6855;2017
1;3;19;19;19103;19103;Stagno Lombardo;;CR;0;0;1570;2011;40,1949;2017;1524;2017
1;3;19;19;19104;19104;Ticengo;;CR;0;0;448;2011;7,9819;2017;431;2017
1;3;19;19;19105;19105;Torlino Vimercati;;CR;0;0;449;2011;5,7693;2017;470;2017
1;3;19;19;19106;19106;Tornata;;CR;0;0;491;2011;10,1654;2017;475;2017
1;3;19;19;19107;19107;Torre de' Picenardi;;CR;0;0;1769;2011;17,1215;2017;1679;2017
1;3;19;19;19108;19108;Torricella del Pizzo;;CR;0;0;678;2011;23,2227;2017;587;2017
1;3;19;19;19109;19109;Trescore Cremasco;;CR;0;0;2882;2011;5,9179;2017;2848;2017
1;3;19;19;19110;19110;Trigolo;;CR;0;0;1760;2011;16,0610;2017;1704;2017
1;3;19;19;19111;19111;Vaiano Cremasco;;CR;0;0;3869;2011;6,1516;2017;3692;2017
1;3;19;19;19112;19112;Vailate;;CR;0;0;4460;2011;9,6926;2017;4515;2017
1;3;19;19;19113;19113;Vescovato;;CR;0;0;3991;2011;17,4365;2017;3873;2017
1;3;19;19;19114;19114;Volongo;;CR;0;0;578;2011;8,1205;2017;495;2017
1;3;19;19;19115;19115;Voltido;;CR;0;0;405;2011;12,2425;2017;343;2017
1;3;20;20;20001;20001;Acquanegra sul Chiese;;MN;0;0;2996;2011;28,0142;2017;2891;2017
1;3;20;20;20002;20002;Asola;;MN;0;0;10077;2011;73,4814;2017;10052;2017
1;3;20;20;20003;20003;Bagnolo San Vito;;MN;0;0;5874;2011;49,2032;2017;5812;2017
1;3;20;20;20004;20004;Bigarello;;MN;0;0;2083;2011;26,9955;2017;2144;2017
1;3;20;20;20006;20006;Borgofranco sul Po;;MN;0;0;790;2011;15,0666;2017;766;2017
1;3;20;20;20007;20007;Bozzolo;;MN;0;0;4181;2011;18,8219;2017;4108;2017
1;3;20;20;20008;20008;Canneto sull'Oglio;;MN;0;0;4511;2011;25,8665;2017;4394;2017
1;3;20;20;20009;20009;Carbonara di Po;;MN;0;0;1333;2011;15,4282;2017;1260;2017
1;3;20;20;20010;20010;Casalmoro;;MN;0;0;2204;2011;13,6958;2017;2201;2017
1;3;20;20;20011;20011;Casaloldo;;MN;0;0;2621;2011;16,8495;2017;2658;2017
1;3;20;20;20012;20012;Casalromano;;MN;0;0;1551;2011;12,0306;2017;1500;2017
1;3;20;20;20013;20013;Castelbelforte;;MN;0;0;3069;2011;22,3420;2017;3154;2017
1;3;20;20;20014;20014;Castel d'Ario;;MN;0;0;4787;2011;22,5780;2017;4583;2017
1;3;20;20;20015;20015;Castel Goffredo;;MN;0;0;12065;2011;42,4042;2017;12467;2017
1;3;20;20;20016;20016;Castellucchio;;MN;0;0;5205;2011;46,3392;2017;5178;2017
1;3;20;20;20017;20017;Castiglione delle Stiviere;;MN;0;0;22052;2011;42,0224;2017;23257;2017
1;3;20;20;20018;20018;Cavriana;;MN;0;0;3911;2011;36,9097;2017;3796;2017
1;3;20;20;20019;20019;Ceresara;;MN;0;0;2712;2011;37,3082;2017;2590;2017
1;3;20;20;20020;20020;Commessaggio;;MN;0;0;1169;2011;11,6487;2017;1115;2017
1;3;20;20;20021;20021;Curtatone;;MN;0;0;14570;2011;67,4705;2017;14760;2017
1;3;20;20;20022;20022;Dosolo;;MN;0;0;3385;2011;25,5363;2017;3393;2017
1;3;20;20;20024;20024;Gazoldo degli Ippoliti;;MN;0;0;2968;2011;13,0314;2017;2936;2017
1;3;20;20;20025;20025;Gazzuolo;;MN;0;0;2392;2011;22,4871;2017;2207;2017
1;3;20;20;20026;20026;Goito;;MN;0;0;10289;2011;79,2204;2017;10155;2017
1;3;20;20;20027;20027;Gonzaga;;MN;0;0;9138;2011;49,8828;2017;9019;2017
1;3;20;20;20028;20028;Guidizzolo;;MN;0;0;6147;2011;22,3782;2017;5938;2017
1;3;20;20;20029;20029;Magnacavallo;;MN;0;0;1669;2011;28,2002;2017;1505;2017
1;3;20;20;20030;20030;Mantova;;MN;1;0;46649;2011;63,8062;2017;48784;2017
1;3;20;20;20031;20031;Marcaria;;MN;0;0;6913;2011;89,7889;2017;6532;2017
1;3;20;20;20032;20032;Mariana Mantovana;;MN;0;0;729;2011;8,9126;2017;750;2017
1;3;20;20;20033;20033;Marmirolo;;MN;0;0;7759;2011;42,0156;2017;7715;2017
1;3;20;20;20034;20034;Medole;;MN;0;0;4038;2011;25,7286;2017;4089;2017
1;3;20;20;20035;20035;Moglia;;MN;0;0;5923;2011;31,8488;2017;5410;2017
1;3;20;20;20036;20036;Monzambano;;MN;0;0;4837;2011;30,0185;2017;4814;2017
1;3;20;20;20037;20037;Motteggiana;;MN;0;0;2516;2011;24,7898;2017;2535;2017
1;3;20;20;20038;20038;Ostiglia;;MN;0;0;6940;2011;39,8312;2017;6719;2017
1;3;20;20;20039;20039;Pegognaga;;MN;0;0;7244;2011;46,5686;2017;6989;2017
1;3;20;20;20040;20040;Pieve di Coriano;;MN;0;0;1041;2011;12,7324;2017;1017;2017
1;3;20;20;20041;20041;Piubega;;MN;0;0;1768;2011;16,5877;2017;1663;2017
1;3;20;20;20042;20042;Poggio Rusco;;MN;0;0;6521;2011;42,2867;2017;6491;2017
1;3;20;20;20043;20043;Pomponesco;;MN;0;0;1763;2011;12,5587;2017;1650;2017
1;3;20;20;20044;20044;Ponti sul Mincio;;MN;0;0;2272;2011;11,7200;2017;2386;2017
1;3;20;20;20045;20045;Porto Mantovano;;MN;0;0;15918;2011;37,4430;2017;16367;2017
1;3;20;20;20046;20046;Quingentole;;MN;0;0;1194;2011;14,3788;2017;1162;2017
1;3;20;20;20047;20047;Quistello;;MN;0;0;5722;2011;45,4336;2017;5524;2017
1;3;20;20;20048;20048;Redondesco;;MN;0;0;1335;2011;19,0358;2017;1264;2017
1;3;20;20;20049;20049;Revere;;MN;0;0;2545;2011;14,1481;2017;2469;2017
1;3;20;20;20050;20050;Rivarolo Mantovano;;MN;0;0;2608;2011;25,5452;2017;2519;2017
1;3;20;20;20051;20051;Rodigo;;MN;0;0;5360;2011;41,6105;2017;5238;2017
1;3;20;20;20052;20052;Roncoferraro;;MN;0;0;7201;2011;63,4333;2017;6930;2017
1;3;20;20;20053;20053;Roverbella;;MN;0;0;8500;2011;62,9802;2017;8467;2017
1;3;20;20;20054;20054;Sabbioneta;;MN;0;0;4313;2011;37,2701;2017;4141;2017
1;3;20;20;20055;20055;San Benedetto Po;;MN;0;0;7724;2011;69,9405;2017;6964;2017
1;3;20;20;20056;20056;San Giacomo delle Segnate;;MN;0;0;1779;2011;15,9779;2017;1553;2017
1;3;20;20;20057;20057;San Giorgio di Mantova;;MN;0;0;9398;2011;24,5304;2017;9577;2017
1;3;20;20;20058;20058;San Giovanni del Dosso;;MN;0;0;1298;2011;15,3962;2017;1234;2017
1;3;20;20;20059;20059;San Martino dall'Argine;;MN;0;0;1811;2011;16,9393;2017;1739;2017
1;3;20;20;20060;20060;Schivenoglia;;MN;0;0;1240;2011;12,9551;2017;1169;2017
1;3;20;20;20061;20061;Sermide e Felonica;;MN;0;0;7726;2011;79,8282;2017;7263;2017
1;3;20;20;20062;20062;Serravalle a Po;;MN;0;0;1593;2011;26,2024;2017;1493;2017
1;3;20;20;20063;20063;Solferino;;MN;0;0;2531;2011;13,0834;2017;2624;2017
1;3;20;20;20064;20064;Sustinente;;MN;0;0;2240;2011;26,2721;2017;2009;2017
1;3;20;20;20065;20065;Suzzara;;MN;0;0;20545;2011;61,0987;2017;21083;2017
1;3;20;20;20066;20066;Viadana;;MN;0;0;19157;2011;103,8408;2017;19643;2017
1;3;20;20;20067;20067;Villa Poma;;MN;0;0;2033;2011;14,2882;2017;1962;2017
1;3;20;20;20068;20068;Villimpenta;;MN;0;0;2205;2011;14,8432;2017;2145;2017
1;3;20;20;20070;20070;Volta Mantovana;;MN;0;0;7298;2011;50,4845;2017;7280;2017
1;3;20;20;20071;20071;Borgo Virgilio;;MN;0;0;14400;2011;69,9866;2017;14372;2017
2;4;21;21;21001;21001;Aldino/Aldein;Aldein;BZ;0;0;1651;2011;62,6899;2017;1678;2017
2;4;21;21;21002;21002;Andriano/Andrian;Andrian;BZ;0;0;1035;2011;4,8912;2017;1026;2017
2;4;21;21;21003;21003;Anterivo/Altrei;Altrei;BZ;0;0;383;2011;11,0641;2017;399;2017
2;4;21;21;21004;21004;Appiano sulla strada del vino/Eppan an der Weinstraße;Eppan an der Weinstraße;BZ;0;0;13988;2011;59,4501;2017;14813;2017
2;4;21;21;21005;21005;Avelengo/Hafling;Hafling;BZ;0;0;739;2011;27,3952;2017;777;2017
2;4;21;21;21006;21006;Badia/Abtei;Abtei;BZ;0;0;3360;2011;83,0703;2017;3534;2017
2;4;21;21;21007;21007;Barbiano/Barbian;Barbian;BZ;0;0;1596;2011;24,5112;2017;1699;2017
2;4;21;21;21008;21008;Bolzano/Bozen;Bozen;BZ;1;0;102575;2011;52,2910;2017;107091;2017
2;4;21;21;21009;21009;Braies/Prags;Prags;BZ;0;0;672;2011;90,2130;2017;657;2017
2;4;21;21;21010;21010;Brennero/Brenner;Brenner;BZ;0;0;2087;2011;114,2919;2017;2178;2017
2;4;21;21;21011;21011;Bressanone/Brixen;Brixen;BZ;0;0;20677;2011;84,6986;2017;21986;2017
2;4;21;21;21012;21012;Bronzolo/Branzoll;Branzoll;BZ;0;0;2628;2011;7,5395;2017;2800;2017
2;4;21;21;21013;21013;Brunico/Bruneck;Bruneck;BZ;0;0;15397;2011;44,9974;2017;16630;2017
2;4;21;21;21014;21014;Caines/Kuens;Kuens;BZ;0;0;413;2011;1,6344;2017;399;2017
2;4;21;21;21015;21015;Caldaro sulla strada del vino/Kaltern an der Weinstraße;Kaltern an der Weinstraße;BZ;0;0;7660;2011;48,0442;2017;8004;2017
2;4;21;21;21016;21016;Campo di Trens/Freienfeld;Freienfeld;BZ;0;0;2671;2011;95,3854;2017;2640;2017
2;4;21;21;21017;21017;Campo Tures/Sand in Taufers;Sand in Taufers;BZ;0;0;5272;2011;163,9801;2017;5389;2017
2;4;21;21;21018;21018;Castelbello-Ciardes/Kastelbell-Tschars;Kastelbell-Tschars;BZ;0;0;2378;2011;53,7910;2017;2316;2017
2;4;21;21;21019;21019;Castelrotto/Kastelruth;Kastelruth;BZ;0;0;6459;2011;117,8970;2017;6905;2017
2;4;21;21;21020;21020;Cermes/Tscherms;Tscherms;BZ;0;0;1411;2011;6,6239;2017;1552;2017
2;4;21;21;21021;21021;Chienes/Kiens;Kiens;BZ;0;0;2695;2011;33,6801;2017;2823;2017
2;4;21;21;21022;21022;Chiusa/Klausen;Klausen;BZ;0;0;5144;2011;51,2890;2017;5118;2017
2;4;21;21;21023;21023;Cornedo all'Isarco/Karneid;Karneid;BZ;0;0;3312;2011;40,6107;2017;3400;2017
2;4;21;21;21024;21024;Cortaccia sulla strada del vino/Kurtatsch an der Weinstraße;Kurtatsch an der Weinstraße;BZ;0;0;2228;2011;29,2676;2017;2228;2017
2;4;21;21;21025;21025;Cortina sulla strada del vino/Kurtinig an der Weinstraße;Kurtinig an der Weinstraße;BZ;0;0;656;2011;1,9990;2017;659;2017
2;4;21;21;21026;21026;Corvara in Badia/Corvara;Corvara;BZ;0;0;1320;2011;38,8358;2017;1377;2017
2;4;21;21;21027;21027;Curon Venosta/Graun im Vinschgau;Graun im Vinschgau;BZ;0;0;2423;2011;209,6475;2017;2341;2017
2;4;21;21;21028;21028;Dobbiaco/Toblach;Toblach;BZ;0;0;3314;2011;125,3018;2017;3331;2017
2;4;21;21;21029;21029;Egna/Neumarkt;Neumarkt;BZ;0;0;4992;2011;23,5693;2017;5273;2017
2;4;21;21;21030;21030;Falzes/Pfalzen;Pfalzen;BZ;0;0;2668;2011;33,1315;2017;2808;2017
2;4;21;21;21031;21031;Fiè allo Sciliar/Völs am Schlern;Völs am Schlern;BZ;0;0;3451;2011;43,9578;2017;3569;2017
2;4;21;21;21032;21032;Fortezza/Franzensfeste;Franzensfeste;BZ;0;0;970;2011;61,7720;2017;1004;2017
2;4;21;21;21033;21033;Funes/Villnöß;Villnöß;BZ;0;0;2571;2011;81,3811;2017;2608;2017
2;4;21;21;21034;21034;Gais/Gais;Gais;BZ;0;0;3167;2011;60,6146;2017;3257;2017
2;4;21;21;21035;21035;Gargazzone/Gargazon;Gargazon;BZ;0;0;1665;2011;4,9136;2017;1701;2017
2;4;21;21;21036;21036;Glorenza/Glurns;Glurns;BZ;0;0;889;2011;13,2189;2017;872;2017
2;4;21;21;21037;21037;Laces/Latsch;Latsch;BZ;0;0;5126;2011;78,7048;2017;5211;2017
2;4;21;21;21038;21038;Lagundo/Algund;Algund;BZ;0;0;4873;2011;23,6837;2017;5013;2017
2;4;21;21;21039;21039;Laion/Lajen;Lajen;BZ;0;0;2619;2011;37,5250;2017;2674;2017
2;4;21;21;21040;21040;Laives/Leifers;Leifers;BZ;0;0;16909;2011;24,1083;2017;18006;2017
2;4;21;21;21041;21041;Lana/Lana;Lana;BZ;0;0;11251;2011;36,1238;2017;12205;2017
2;4;21;21;21042;21042;Lasa/Laas;Laas;BZ;0;0;3932;2011;110,2235;2017;3995;2017
2;4;21;21;21043;21043;Lauregno/Laurein;Laurein;BZ;0;0;344;2011;13,8848;2017;343;2017
2;4;21;21;21044;21044;Luson/Lüsen;Lüsen;BZ;0;0;1527;2011;74,4127;2017;1518;2017
2;4;21;21;21045;21045;Magrè sulla strada del vino/Margreid an der Weinstraße;Margreid an der Weinstraße;BZ;0;0;1281;2011;13,8641;2017;1292;2017
2;4;21;21;21046;21046;Malles Venosta/Mals;Mals;BZ;0;0;5086;2011;247,4250;2017;5197;2017
2;4;21;21;21047;21047;Marebbe/Enneberg;Enneberg;BZ;0;0;2907;2011;160,2279;2017;3025;2017
2;4;21;21;21048;21048;Marlengo/Marling;Marling;BZ;0;0;2533;2011;12,8631;2017;2690;2017
2;4;21;21;21049;21049;Martello/Martell;Martell;BZ;0;0;879;2011;142,7992;2017;853;2017
2;4;21;21;21050;21050;Meltina/Mölten;Mölten;BZ;0;0;1648;2011;36,9539;2017;1686;2017
2;4;21;21;21051;21051;Merano/Meran;Meran;BZ;0;0;37368;2011;26,3399;2017;40237;2017
2;4;21;21;21052;21052;Monguelfo-Tesido/Welsberg-Taisten;Welsberg-Taisten;BZ;0;0;2797;2011;46,4364;2017;2859;2017
2;4;21;21;21053;21053;Montagna/Montan;Montan;BZ;0;0;1627;2011;19,5102;2017;1683;2017
2;4;21;21;21054;21054;Moso in Passiria/Moos in Passeier;Moos in Passeier;BZ;0;0;2171;2011;193,5284;2017;2083;2017
2;4;21;21;21055;21055;Nalles/Nals;Nals;BZ;0;0;1831;2011;12,2399;2017;2029;2017
2;4;21;21;21056;21056;Naturno/Naturns;Naturns;BZ;0;0;5554;2011;67,1127;2017;5804;2017
2;4;21;21;21057;21057;Naz-Sciaves/Natz-Schabs;Natz-Schabs;BZ;0;0;2886;2011;15,9599;2017;3185;2017
2;4;21;21;21058;21058;Nova Levante/Welschnofen;Welschnofen;BZ;0;0;1903;2011;51,0956;2017;1976;2017
2;4;21;21;21059;21059;Nova Ponente/Deutschnofen;Deutschnofen;BZ;0;0;3898;2011;112,4933;2017;3912;2017
2;4;21;21;21060;21060;Ora/Auer;Auer;BZ;0;0;3554;2011;11,7880;2017;3793;2017
2;4;21;21;21061;21061;Ortisei/St. Ulrich;St. Ulrich;BZ;0;0;4653;2011;24,1564;2017;4908;2017
2;4;21;21;21062;21062;Parcines/Partschins;Partschins;BZ;0;0;3536;2011;55,3974;2017;3725;2017
2;4;21;21;21063;21063;Perca/Percha;Percha;BZ;0;0;1460;2011;30,3640;2017;1567;2017
2;4;21;21;21064;21064;Plaus/Plaus;Plaus;BZ;0;0;692;2011;4,8660;2017;711;2017
2;4;21;21;21065;21065;Ponte Gardena/Waidbruck;Waidbruck;BZ;0;0;195;2011;2,3282;2017;194;2017
2;4;21;21;21066;21066;Postal/Burgstall;Burgstall;BZ;0;0;1763;2011;6,6921;2017;1913;2017
2;4;21;21;21067;21067;Prato allo Stelvio/Prad am Stilfserjoch;Prad am Stilfserjoch;BZ;0;0;3356;2011;51,0018;2017;3586;2017
2;4;21;21;21068;21068;Predoi/Prettau;Prettau;BZ;0;0;604;2011;86,3567;2017;549;2017
2;4;21;21;21069;21069;Proves/Proveis;Proveis;BZ;0;0;267;2011;18,3685;2017;270;2017
2;4;21;21;21070;21070;Racines/Ratschings;Ratschings;BZ;0;0;4389;2011;203,2838;2017;4470;2017
2;4;21;21;21071;21071;Rasun-Anterselva/Rasen-Antholz;Rasen-Antholz;BZ;0;0;2869;2011;121,5728;2017;2910;2017
2;4;21;21;21072;21072;Renon/Ritten;Ritten;BZ;0;0;7642;2011;111,3601;2017;7885;2017
2;4;21;21;21073;21073;Rifiano/Riffian;Riffian;BZ;0;0;1333;2011;35,9426;2017;1365;2017
2;4;21;21;21074;21074;Rio di Pusteria/Mühlbach;Mühlbach;BZ;0;0;2912;2011;83,8233;2017;3062;2017
2;4;21;21;21075;21075;Rodengo/Rodeneck;Rodeneck;BZ;0;0;1195;2011;29,6182;2017;1233;2017
2;4;21;21;21076;21076;Salorno/Salurn;Salurn;BZ;0;0;3533;2011;33,1250;2017;3823;2017
2;4;21;21;21077;21077;San Candido/Innichen;Innichen;BZ;0;0;3204;2011;79,8468;2017;3380;2017
2;4;21;21;21079;21079;San Genesio Atesino/Jenesien;Jenesien;BZ;0;0;2937;2011;68,8368;2017;3074;2017
2;4;21;21;21080;21080;San Leonardo in Passiria/St. Leonhard in Passeier;St. Leonhard in Passeier;BZ;0;0;3508;2011;89,0273;2017;3523;2017
2;4;21;21;21081;21081;San Lorenzo di Sebato/St. Lorenzen;St. Lorenzen;BZ;0;0;3767;2011;51,4599;2017;3882;2017
2;4;21;21;21082;21082;San Martino in Badia/St. Martin in Thurn;St. Martin in Thurn;BZ;0;0;1729;2011;75,9429;2017;1755;2017
2;4;21;21;21083;21083;San Martino in Passiria/St. Martin in Passeier;St. Martin in Passeier;BZ;0;0;3136;2011;29,9913;2017;3210;2017
2;4;21;21;21084;21084;San Pancrazio/St. Pankraz;St. Pankraz;BZ;0;0;1584;2011;63,1725;2017;1552;2017
2;4;21;21;21085;21085;Santa Cristina Valgardena/St. Christina in Gröden;St. Christina in Gröden;BZ;0;0;1871;2011;31,9231;2017;1961;2017
2;4;21;21;21086;21086;Sarentino/Sarntal;Sarntal;BZ;0;0;6890;2011;302,2703;2017;7105;2017
2;4;21;21;21087;21087;Scena/Schenna;Schenna;BZ;0;0;2838;2011;48,1303;2017;2891;2017
2;4;21;21;21088;21088;Selva dei Molini/Mühlwald;Mühlwald;BZ;0;0;1473;2011;104,7871;2017;1454;2017
2;4;21;21;21089;21089;Selva di Val Gardena/Wolkenstein in Gröden;Wolkenstein in Gröden;BZ;0;0;2660;2011;56,2399;2017;2628;2017
2;4;21;21;21091;21091;Senales/Schnals;Schnals;BZ;0;0;1314;2011;209,8369;2017;1224;2017
2;4;21;21;21092;21092;Sesto/Sexten;Sexten;BZ;0;0;1937;2011;80,4290;2017;1901;2017
2;4;21;21;21093;21093;Silandro/Schlanders;Schlanders;BZ;0;0;5947;2011;115,1716;2017;6112;2017
2;4;21;21;21094;21094;Sluderno/Schluderns;Schluderns;BZ;0;0;1832;2011;20,7177;2017;1801;2017
2;4;21;21;21095;21095;Stelvio/Stilfs;Stilfs;BZ;0;0;1190;2011;141,6216;2017;1146;2017
2;4;21;21;21096;21096;Terento/Terenten;Terenten;BZ;0;0;1733;2011;42,1614;2017;1768;2017
2;4;21;21;21097;21097;Terlano/Terlan;Terlan;BZ;0;0;4139;2011;18,5685;2017;4405;2017
2;4;21;21;21098;21098;Termeno sulla strada del vino/Tramin an der Weinstraße;Tramin an der Weinstraße;BZ;0;0;3305;2011;19,4389;2017;3429;2017
2;4;21;21;21099;21099;Tesimo/Tisens;Tisens;BZ;0;0;1854;2011;38,1250;2017;1990;2017
2;4;21;21;21100;21100;Tires/Tiers;Tiers;BZ;0;0;967;2011;42,1810;2017;991;2017
2;4;21;21;21101;21101;Tirolo/Tirol;Tirol;BZ;0;0;2450;2011;25,6182;2017;2453;2017
2;4;21;21;21102;21102;Trodena nel parco naturale/Truden im Naturpark;Truden im Naturpark;BZ;0;0;1021;2011;20,5608;2017;1035;2017
2;4;21;21;21103;21103;Tubre/Taufers im Münstertal;Taufers im Münstertal;BZ;0;0;965;2011;46,2665;2017;968;2017
2;4;21;21;21104;21104;Ultimo/Ulten;Ulten;BZ;0;0;2920;2011;208,1174;2017;2850;2017
2;4;21;21;21105;21105;Vadena/Pfatten;Pfatten;BZ;0;0;1016;2011;13,7358;2017;1051;2017
2;4;21;21;21106;21106;Valdaora/Olang;Olang;BZ;0;0;3110;2011;49,0760;2017;3155;2017
2;4;21;21;21107;21107;Val di Vizze/Pfitsch;Pfitsch;BZ;0;0;2736;2011;142,1207;2017;3056;2017
2;4;21;21;21108;21108;Valle Aurina/Ahrntal;Ahrntal;BZ;0;0;5910;2011;187,8882;2017;6001;2017
2;4;21;21;21109;21109;Valle di Casies/Gsies;Gsies;BZ;0;0;2262;2011;110,1339;2017;2321;2017
2;4;21;21;21110;21110;Vandoies/Vintl;Vintl;BZ;0;0;3251;2011;110,8179;2017;3315;2017
2;4;21;21;21111;21111;Varna/Vahrn;Vahrn;BZ;0;0;4253;2011;70,3417;2017;4544;2017
2;4;21;21;21112;21112;Verano/Vöran;Vöran;BZ;0;0;929;2011;22,0090;2017;958;2017
2;4;21;21;21113;21113;Villabassa/Niederdorf;Niederdorf;BZ;0;0;1479;2011;18,0325;2017;1593;2017
2;4;21;21;21114;21114;Villandro/Villanders;Villanders;BZ;0;0;1893;2011;43,9501;2017;1957;2017
2;4;21;21;21115;21115;Vipiteno/Sterzing;Sterzing;BZ;0;0;6390;2011;32,9648;2017;6983;2017
2;4;21;21;21116;21116;Velturno/Feldthurns;Feldthurns;BZ;0;0;2742;2011;24,5844;2017;2880;2017
2;4;21;21;21117;21117;La Valle/Wengen;Wengen;BZ;0;0;1299;2011;38,9177;2017;1407;2017
2;4;21;21;21118;21118;Senale-San Felice/Unsere Liebe Frau im Walde-St. Felix;Unsere Liebe Frau im Walde-St. Felix;BZ;0;0;782;2011;27,6313;2017;781;2017
2;4;22;22;22001;22001;Ala;;TN;0;0;8887;2011;119,8550;2017;8802;2017
2;4;22;22;22002;22002;Albiano;;TN;0;0;1508;2011;9,9642;2017;1494;2017
2;4;22;22;22003;22003;Aldeno;;TN;0;0;3036;2011;8,9704;2017;3151;2017
2;4;22;22;22005;22005;Andalo;;TN;0;0;1026;2011;11,3783;2017;1103;2017
2;4;22;22;22006;22006;Arco;;TN;0;0;16871;2011;63,2175;2017;17697;2017
2;4;22;22;22007;22007;Avio;;TN;0;0;4115;2011;68,8883;2017;4083;2017
2;4;22;22;22009;22009;Baselga di Pinè;;TN;0;0;4928;2011;41,0709;2017;5092;2017
2;4;22;22;22011;22011;Bedollo;;TN;0;0;1479;2011;27,4595;2017;1481;2017
2;4;22;22;22013;22013;Besenello;;TN;0;0;2511;2011;25,9369;2017;2670;2017
2;4;22;22;22015;22015;Bieno;;TN;0;0;430;2011;11,7110;2017;440;2017
2;4;22;22;22017;22017;Bleggio Superiore;;TN;0;0;1600;2011;32,6740;2017;1600;2017
2;4;22;22;22018;22018;Bocenago;;TN;0;0;407;2011;8,4527;2017;395;2017
2;4;22;22;22021;22021;Bondone;;TN;0;0;668;2011;19,1849;2017;669;2017
2;4;22;22;22022;22022;Borgo Valsugana;;TN;0;0;6826;2011;52,3633;2017;6960;2017
2;4;22;22;22025;22025;Brentonico;;TN;0;0;3882;2011;62,7400;2017;3972;2017
2;4;22;22;22026;22026;Bresimo;;TN;0;0;254;2011;41,0139;2017;250;2017
2;4;22;22;22027;22027;Brez;;TN;0;0;706;2011;19,1671;2017;754;2017
2;4;22;22;22029;22029;Caderzone Terme;;TN;0;0;669;2011;18,6070;2017;669;2017
2;4;22;22;22030;22030;Cagnò;;TN;0;0;360;2011;3,4079;2017;329;2017
2;4;22;22;22032;22032;Calceranica al Lago;;TN;0;0;1305;2011;3,3945;2017;1373;2017
2;4;22;22;22033;22033;Caldes;;TN;0;0;1090;2011;20,8086;2017;1097;2017
2;4;22;22;22034;22034;Caldonazzo;;TN;0;0;3340;2011;21,4132;2017;3778;2017
2;4;22;22;22035;22035;Calliano;;TN;0;0;1611;2011;10,1988;2017;1936;2017
2;4;22;22;22036;22036;Campitello di Fassa;;TN;0;0;737;2011;25,0233;2017;736;2017
2;4;22;22;22037;22037;Campodenno;;TN;0;0;1498;2011;25,0230;2017;1478;2017
2;4;22;22;22038;22038;Canal San Bovo;;TN;0;0;1592;2011;125,6823;2017;1513;2017
2;4;22;22;22039;22039;Canazei;;TN;0;0;1907;2011;67,0177;2017;1926;2017
2;4;22;22;22040;22040;Capriana;;TN;0;0;605;2011;12,8188;2017;596;2017
2;4;22;22;22041;22041;Carano;;TN;0;0;1073;2011;13,5701;2017;1103;2017
2;4;22;22;22042;22042;Carisolo;;TN;0;0;984;2011;25,1224;2017;968;2017
2;4;22;22;22043;22043;Carzano;;TN;0;0;505;2011;1,8202;2017;527;2017
2;4;22;22;22045;22045;Castel Condino;;TN;0;0;238;2011;11,1004;2017;237;2017
2;4;22;22;22046;22046;Castelfondo;;TN;0;0;632;2011;25,8716;2017;604;2017
2;4;22;22;22047;22047;Castello-Molina di Fiemme;;TN;0;0;2267;2011;54,5589;2017;2309;2017
2;4;22;22;22048;22048;Castello Tesino;;TN;0;0;1315;2011;112,8343;2017;1214;2017
2;4;22;22;22049;22049;Castelnuovo;;TN;0;0;1035;2011;13,1441;2017;1047;2017
2;4;22;22;22050;22050;Cavalese;;TN;0;0;3953;2011;45,3757;2017;4095;2017
2;4;22;22;22051;22051;Cavareno;;TN;0;0;1037;2011;9,4842;2017;1084;2017
2;4;22;22;22052;22052;Cavedago;;TN;0;0;530;2011;10,0280;2017;531;2017
2;4;22;22;22053;22053;Cavedine;;TN;0;0;2916;2011;38,2265;2017;2951;2017
2;4;22;22;22054;22054;Cavizzana;;TN;0;0;259;2011;3,3770;2017;243;2017
2;4;22;22;22058;22058;Cimone;;TN;0;0;685;2011;9,8070;2017;703;2017
2;4;22;22;22059;22059;Cinte Tesino;;TN;0;0;372;2011;30,2967;2017;353;2017
2;4;22;22;22060;22060;Cis;;TN;0;0;309;2011;5,4976;2017;306;2017
2;4;22;22;22061;22061;Civezzano;;TN;0;0;3904;2011;15,6663;2017;3978;2017
2;4;22;22;22062;22062;Cles;;TN;0;0;6769;2011;39,1656;2017;6972;2017
2;4;22;22;22063;22063;Cloz;;TN;0;0;729;2011;8,2112;2017;677;2017
2;4;22;22;22064;22064;Commezzadura;;TN;0;0;993;2011;22,0249;2017;1016;2017
2;4;22;22;22068;22068;Croviana;;TN;0;0;693;2011;4,9892;2017;692;2017
2;4;22;22;22070;22070;Daiano;;TN;0;0;692;2011;9,5107;2017;662;2017
2;4;22;22;22071;22071;Dambel;;TN;0;0;435;2011;5,1451;2017;430;2017
2;4;22;22;22074;22074;Denno;;TN;0;0;1252;2011;10,6440;2017;1267;2017
2;4;22;22;22078;22078;Drena;;TN;0;0;551;2011;8,3367;2017;573;2017
2;4;22;22;22079;22079;Dro;;TN;0;0;4566;2011;27,9534;2017;4995;2017
2;4;22;22;22080;22080;Faedo;;TN;0;0;610;2011;10,6804;2017;648;2017
2;4;22;22;22081;22081;Fai della Paganella;;TN;0;0;898;2011;12,1293;2017;904;2017
2;4;22;22;22083;22083;Fiavè;;TN;0;0;1098;2011;24,2822;2017;1080;2017
2;4;22;22;22085;22085;Fierozzo;;TN;0;0;481;2011;17,9425;2017;483;2017
2;4;22;22;22087;22087;Folgaria;;TN;0;0;3130;2011;71,6258;2017;3180;2017
2;4;22;22;22088;22088;Fondo;;TN;0;0;1435;2011;30,6288;2017;1450;2017
2;4;22;22;22089;22089;Fornace;;TN;0;0;1321;2011;7,2241;2017;1338;2017
2;4;22;22;22090;22090;Frassilongo;;TN;0;0;321;2011;16,6807;2017;349;2017
2;4;22;22;22091;22091;Garniga Terme;;TN;0;0;381;2011;13,1251;2017;376;2017
2;4;22;22;22092;22092;Giovo;;TN;0;0;2465;2011;20,8129;2017;2536;2017
2;4;22;22;22093;22093;Giustino;;TN;0;0;743;2011;39,3866;2017;726;2017
2;4;22;22;22095;22095;Grigno;;TN;0;0;2271;2011;46,3809;2017;2197;2017
2;4;22;22;22097;22097;Imer;;TN;0;0;1183;2011;27,7294;2017;1195;2017
2;4;22;22;22098;22098;Isera;;TN;0;0;2625;2011;14,0920;2017;2793;2017
2;4;22;22;22102;22102;Lavarone;;TN;0;0;1087;2011;26,3125;2017;1162;2017
2;4;22;22;22103;22103;Lavis;;TN;0;0;8636;2011;12,1781;2017;8999;2017
2;4;22;22;22104;22104;Levico Terme;;TN;0;0;7516;2011;62,8282;2017;8001;2017
2;4;22;22;22106;22106;Livo;;TN;0;0;887;2011;15,2178;2017;832;2017
2;4;22;22;22108;22108;Lona-Lases;;TN;0;0;876;2011;11,3726;2017;880;2017
2;4;22;22;22109;22109;Luserna;;TN;0;0;279;2011;8,1971;2017;266;2017
2;4;22;22;22110;22110;Malé;;TN;0;0;2135;2011;26,5277;2017;2233;2017
2;4;22;22;22111;22111;Malosco;;TN;0;0;445;2011;6,7284;2017;435;2017
2;4;22;22;22112;22112;Massimeno;;TN;0;0;124;2011;21,0322;2017;137;2017
2;4;22;22;22113;22113;Mazzin;;TN;0;0;494;2011;23,6281;2017;573;2017
2;4;22;22;22114;22114;Mezzana;;TN;0;0;884;2011;27,3498;2017;903;2017
2;4;22;22;22115;22115;Mezzano;;TN;0;0;1615;2011;48,8455;2017;1619;2017
2;4;22;22;22116;22116;Mezzocorona;;TN;0;0;5161;2011;25,3530;2017;5495;2017
2;4;22;22;22117;22117;Mezzolombardo;;TN;0;0;6817;2011;13,8790;2017;7143;2017
2;4;22;22;22118;22118;Moena;;TN;0;0;2690;2011;82,5944;2017;2656;2017
2;4;22;22;22120;22120;Molveno;;TN;0;0;1110;2011;34,1156;2017;1134;2017
2;4;22;22;22123;22123;Mori;;TN;0;0;9456;2011;34,4834;2017;9824;2017
2;4;22;22;22124;22124;Nago-Torbole;;TN;0;0;2728;2011;28,3842;2017;2816;2017
2;4;22;22;22126;22126;Nave San Rocco;;TN;0;0;1391;2011;4,8915;2017;1412;2017
2;4;22;22;22127;22127;Nogaredo;;TN;0;0;1917;2011;3,6147;2017;2085;2017
2;4;22;22;22128;22128;Nomi;;TN;0;0;1403;2011;6,4887;2017;1354;2017
2;4;22;22;22129;22129;Novaledo;;TN;0;0;1018;2011;7,9653;2017;1086;2017
2;4;22;22;22130;22130;Ospedaletto;;TN;0;0;820;2011;16,7474;2017;799;2017
2;4;22;22;22131;22131;Ossana;;TN;0;0;844;2011;25,2486;2017;840;2017
2;4;22;22;22133;22133;Palù del Fersina;;TN;0;0;169;2011;16,6481;2017;167;2017
2;4;22;22;22134;22134;Panchià;;TN;0;0;771;2011;20,2112;2017;844;2017
2;4;22;22;22135;22135;Ronzo-Chienis;;TN;0;0;1001;2011;13,2084;2017;988;2017
2;4;22;22;22136;22136;Peio;;TN;0;0;1891;2011;162,3024;2017;1845;2017
2;4;22;22;22137;22137;Pellizzano;;TN;0;0;811;2011;48,3606;2017;782;2017
2;4;22;22;22138;22138;Pelugo;;TN;0;0;379;2011;22,9782;2017;389;2017
2;4;22;22;22139;22139;Pergine Valsugana;;TN;0;0;20446;2011;54,3284;2017;21482;2017
2;4;22;22;22142;22142;Pieve Tesino;;TN;0;0;681;2011;69,2335;2017;668;2017
2;4;22;22;22143;22143;Pinzolo;;TN;0;0;3117;2011;69,3210;2017;3057;2017
2;4;22;22;22144;22144;Pomarolo;;TN;0;0;2355;2011;9,2285;2017;2486;2017
2;4;22;22;22145;22145;Pozza di Fassa;;TN;0;0;2138;2011;72,9722;2017;2315;2017
2;4;22;22;22147;22147;Predazzo;;TN;0;0;4531;2011;109,9648;2017;4530;2017
2;4;22;22;22150;22150;Rabbi;;TN;0;0;1400;2011;132,7874;2017;1366;2017
2;4;22;22;22152;22152;Revò;;TN;0;0;1265;2011;13,3578;2017;1281;2017
2;4;22;22;22153;22153;Riva del Garda;;TN;0;0;15838;2011;40,7248;2017;17633;2017
2;4;22;22;22154;22154;Romallo;;TN;0;0;604;2011;2,4449;2017;619;2017
2;4;22;22;22155;22155;Romeno;;TN;0;0;1374;2011;9,1279;2017;1403;2017
2;4;22;22;22156;22156;Roncegno Terme;;TN;0;0;2814;2011;38,0833;2017;2873;2017
2;4;22;22;22157;22157;Ronchi Valsugana;;TN;0;0;421;2011;10,0030;2017;440;2017
2;4;22;22;22159;22159;Ronzone;;TN;0;0;391;2011;5,2973;2017;437;2017
2;4;22;22;22160;22160;Roverè della Luna;;TN;0;0;1573;2011;10,4144;2017;1651;2017
2;4;22;22;22161;22161;Rovereto;;TN;0;0;37754;2011;50,9842;2017;39852;2017
2;4;22;22;22162;22162;Ruffrè-Mendola;;TN;0;0;416;2011;6,5800;2017;413;2017
2;4;22;22;22163;22163;Rumo;;TN;0;0;822;2011;30,8540;2017;809;2017
2;4;22;22;22164;22164;Sagron Mis;;TN;0;0;183;2011;11,0617;2017;189;2017
2;4;22;22;22165;22165;Samone;;TN;0;0;544;2011;4,9020;2017;554;2017
2;4;22;22;22167;22167;San Michele all'Adige;;TN;0;0;2911;2011;5,3158;2017;3147;2017
2;4;22;22;22168;22168;Sant'Orsola Terme;;TN;0;0;1073;2011;15,3639;2017;1137;2017
2;4;22;22;22169;22169;Sanzeno;;TN;0;0;928;2011;7,8749;2017;926;2017
2;4;22;22;22170;22170;Sarnonico;;TN;0;0;749;2011;12,1898;2017;780;2017
2;4;22;22;22171;22171;Scurelle;;TN;0;0;1401;2011;29,9965;2017;1422;2017
2;4;22;22;22172;22172;Segonzano;;TN;0;0;1531;2011;20,7121;2017;1450;2017
2;4;22;22;22173;22173;Sfruz;;TN;0;0;323;2011;11,8085;2017;352;2017
2;4;22;22;22176;22176;Soraga di Fassa;;TN;0;0;736;2011;19,7447;2017;700;2017
2;4;22;22;22177;22177;Sover;;TN;0;0;882;2011;14,8220;2017;836;2017
2;4;22;22;22179;22179;Spiazzo;;TN;0;0;1315;2011;71,0600;2017;1252;2017
2;4;22;22;22180;22180;Spormaggiore;;TN;0;0;1259;2011;30,2000;2017;1256;2017
2;4;22;22;22181;22181;Sporminore;;TN;0;0;714;2011;17,4709;2017;710;2017
2;4;22;22;22182;22182;Stenico;;TN;0;0;1137;2011;49,1459;2017;1190;2017
2;4;22;22;22183;22183;Storo;;TN;0;0;4655;2011;62,9318;2017;4602;2017
2;4;22;22;22184;22184;Strembo;;TN;0;0;531;2011;38,3312;2017;562;2017
2;4;22;22;22188;22188;Telve;;TN;0;0;1995;2011;64,7474;2017;2024;2017
2;4;22;22;22189;22189;Telve di Sopra;;TN;0;0;617;2011;17,7162;2017;599;2017
2;4;22;22;22190;22190;Tenna;;TN;0;0;955;2011;3,1147;2017;1020;2017
2;4;22;22;22191;22191;Tenno;;TN;0;0;1967;2011;28,3011;2017;1987;2017
2;4;22;22;22193;22193;Terragnolo;;TN;0;0;755;2011;39,5662;2017;716;2017
2;4;22;22;22195;22195;Terzolas;;TN;0;0;606;2011;5,5888;2017;634;2017
2;4;22;22;22196;22196;Tesero;;TN;0;0;2868;2011;50,5452;2017;2905;2017
2;4;22;22;22199;22199;Tione di Trento;;TN;0;0;3608;2011;33,4464;2017;3615;2017
2;4;22;22;22200;22200;Ton;;TN;0;0;1319;2011;26,2845;2017;1333;2017
2;4;22;22;22202;22202;Torcegno;;TN;0;0;697;2011;15,1927;2017;701;2017
2;4;22;22;22203;22203;Trambileno;;TN;0;0;1355;2011;50,6989;2017;1471;2017
2;4;22;22;22205;22205;Trento;;TN;1;1;114198;2011;157,8748;2017;119004;2017
2;4;22;22;22209;22209;Valfloriana;;TN;0;0;530;2011;39,3284;2017;476;2017
2;4;22;22;22210;22210;Vallarsa;;TN;0;0;1343;2011;77,8636;2017;1360;2017
2;4;22;22;22211;22211;Varena;;TN;0;0;845;2011;23,0686;2017;848;2017
2;4;22;22;22213;22213;Vermiglio;;TN;0;0;1869;2011;95,6345;2017;1853;2017
2;4;22;22;22216;22216;Vignola-Falesina;;TN;0;0;162;2011;11,9514;2017;163;2017
2;4;22;22;22217;22217;Vigo di Fassa;;TN;0;0;1207;2011;26,8501;2017;1246;2017
2;4;22;22;22222;22222;Villa Lagarina;;TN;0;0;3692;2011;24,1287;2017;3808;2017
2;4;22;22;22224;22224;Volano;;TN;0;0;3125;2011;10,7401;2017;3034;2017
2;4;22;22;22225;22225;Zambana;;TN;0;0;1620;2011;11,6859;2017;1725;2017
2;4;22;22;22226;22226;Ziano di Fiemme;;TN;0;0;1679;2011;35,7467;2017;1745;2017
2;4;22;22;22228;22228;Comano Terme;;TN;0;0;2913;2011;68,1133;2017;2966;2017
2;4;22;22;22229;22229;Ledro;;TN;0;0;5448;2011;156,3723;2017;5343;2017
2;4;22;22;22230;22230;Predaia;;TN;0;0;6522;2011;80,0485;2017;6689;2017
2;4;22;22;22231;22231;San Lorenzo Dorsino;;TN;0;0;1607;2011;73,9123;2017;1569;2017
2;4;22;22;22232;22232;Valdaone;;TN;0;0;1220;2011;177,0828;2017;1192;2017
2;4;22;22;22233;22233;Dimaro Folgarida;;TN;0;0;2132;2011;36,5328;2017;2150;2017
2;4;22;22;22234;22234;Pieve di Bono-Prezzo;;TN;0;0;1541;2011;24,6809;2017;1429;2017
2;4;22;22;22235;22235;Altavalle;;TN;0;0;1640;2011;33,5472;2017;1640;2017
2;4;22;22;22236;22236;Altopiano della Vigolana;;TN;0;0;4802;2011;45,0271;2017;5057;2017
2;4;22;22;22237;22237;Amblar-Don;;TN;0;0;478;2011;19,9640;2017;503;2017
2;4;22;22;22238;22238;Borgo Chiese;;TN;0;0;2083;2011;53,7123;2017;2032;2017
2;4;22;22;22239;22239;Borgo Lares;;TN;0;0;707;2011;22,6200;2017;717;2017
2;4;22;22;22240;22240;Castel Ivano;;TN;0;0;3381;2011;34,8203;2017;3316;2017
2;4;22;22;22241;22241;Cembra Lisignago;;TN;0;0;2332;2011;24,1056;2017;2307;2017
2;4;22;22;22242;22242;Contà;;TN;0;0;1383;2011;19,4692;2017;1424;2017
2;4;22;22;22243;22243;Madruzzo;;TN;0;0;2783;2011;28,9303;2017;2891;2017
2;4;22;22;22244;22244;Porte di Rendena;;TN;0;0;1757;2011;40,7133;2017;1807;2017
2;4;22;22;22245;22245;Primiero San Martino di Castrozza;;TN;0;0;5406;2011;200,0489;2017;5422;2017
2;4;22;22;22246;22246;Sella Giudicarie;;TN;0;0;2918;2011;85,7572;2017;2950;2017
2;4;22;22;22247;22247;Tre Ville;;TN;0;0;1396;2011;81,4868;2017;1428;2017
2;4;22;22;22248;22248;Vallelaghi;;TN;0;0;4798;2011;72,4548;2017;5084;2017
2;4;22;22;22249;22249;Ville d'Anaunia;;TN;0;0;4902;2011;89,1318;2017;4868;2017
2;5;23;23;23001;23001;Affi;;VR;0;0;2297;2011;9,8814;2017;2325;2017
2;5;23;23;23002;23002;Albaredo d'Adige;;VR;0;0;5232;2011;28,2532;2017;5159;2017
2;5;23;23;23003;23003;Angiari;;VR;0;0;2164;2011;13,4706;2017;2307;2017
2;5;23;23;23004;23004;Arcole;;VR;0;0;6144;2011;18,8657;2017;6198;2017
2;5;23;23;23005;23005;Badia Calavena;;VR;0;0;2661;2011;26,9382;2017;2606;2017
2;5;23;23;23006;23006;Bardolino;;VR;0;0;6714;2011;57,3221;2017;7151;2017
2;5;23;23;23007;23007;Belfiore;;VR;0;0;3008;2011;26,4474;2017;3135;2017
2;5;23;23;23008;23008;Bevilacqua;;VR;0;0;1787;2011;12,2007;2017;1696;2017
2;5;23;23;23009;23009;Bonavigo;;VR;0;0;2024;2011;17,9947;2017;2000;2017
2;5;23;23;23010;23010;Boschi Sant'Anna;;VR;0;0;1454;2011;8,9664;2017;1393;2017
2;5;23;23;23011;23011;Bosco Chiesanuova;;VR;0;0;3546;2011;64,7987;2017;3558;2017
2;5;23;23;23012;23012;Bovolone;;VR;0;0;15846;2011;41,2729;2017;16059;2017
2;5;23;23;23013;23013;Brentino Belluno;;VR;0;0;1406;2011;25,9838;2017;1364;2017
2;5;23;23;23014;23014;Brenzone sul Garda;;VR;0;0;2496;2011;51,5829;2017;2460;2017
2;5;23;23;23015;23015;Bussolengo;;VR;0;0;19483;2011;24,2258;2017;20094;2017
2;5;23;23;23016;23016;Buttapietra;;VR;0;0;6867;2011;17,2692;2017;6955;2017
2;5;23;23;23017;23017;Caldiero;;VR;0;0;7374;2011;10,3727;2017;7844;2017
2;5;23;23;23018;23018;Caprino Veronese;;VR;0;0;8065;2011;47,3173;2017;8437;2017
2;5;23;23;23019;23019;Casaleone;;VR;0;0;5939;2011;38,6028;2017;5571;2017
2;5;23;23;23020;23020;Castagnaro;;VR;0;0;3930;2011;34,7978;2017;3744;2017
2;5;23;23;23021;23021;Castel d'Azzano;;VR;0;0;11739;2011;9,7241;2017;11857;2017
2;5;23;23;23022;23022;Castelnuovo del Garda;;VR;0;0;12199;2011;34,4290;2017;13066;2017
2;5;23;23;23023;23023;Cavaion Veronese;;VR;0;0;5471;2011;12,9092;2017;5866;2017
2;5;23;23;23024;23024;Cazzano di Tramigna;;VR;0;0;1555;2011;12,2708;2017;1511;2017
2;5;23;23;23025;23025;Cerea;;VR;0;0;16251;2011;70,2947;2017;16560;2017
2;5;23;23;23026;23026;Cerro Veronese;;VR;0;0;2434;2011;10,0567;2017;2437;2017
2;5;23;23;23027;23027;Cologna Veneta;;VR;0;0;8607;2011;42,8339;2017;8462;2017
2;5;23;23;23028;23028;Colognola ai Colli;;VR;0;0;8141;2011;20,8968;2017;8553;2017
2;5;23;23;23029;23029;Concamarise;;VR;0;0;1078;2011;7,9136;2017;1077;2017
2;5;23;23;23030;23030;Costermano sul Garda;;VR;0;0;3586;2011;16,7441;2017;3705;2017
2;5;23;23;23031;23031;Dolcè;;VR;0;0;2573;2011;30,9499;2017;2503;2017
2;5;23;23;23032;23032;Erbè;;VR;0;0;1841;2011;16,1025;2017;1914;2017
2;5;23;23;23033;23033;Erbezzo;;VR;0;0;767;2011;31,9690;2017;738;2017
2;5;23;23;23034;23034;Ferrara di Monte Baldo;;VR;0;0;221;2011;26,8895;2017;269;2017
2;5;23;23;23035;23035;Fumane;;VR;0;0;4151;2011;34,2113;2017;4114;2017
2;5;23;23;23036;23036;Garda;;VR;0;0;3978;2011;14,3691;2017;4064;2017
2;5;23;23;23037;23037;Gazzo Veronese;;VR;0;0;5477;2011;56,6542;2017;5321;2017
2;5;23;23;23038;23038;Grezzana;;VR;0;0;10827;2011;49,4866;2017;10649;2017
2;5;23;23;23039;23039;Illasi;;VR;0;0;5302;2011;25,0029;2017;5196;2017
2;5;23;23;23040;23040;Isola della Scala;;VR;0;0;11457;2011;69,8295;2017;11494;2017
2;5;23;23;23041;23041;Isola Rizza;;VR;0;0;3255;2011;16,6774;2017;3196;2017
2;5;23;23;23042;23042;Lavagno;;VR;0;0;8101;2011;14,6372;2017;8303;2017
2;5;23;23;23043;23043;Lazise;;VR;0;0;6695;2011;63,1465;2017;6895;2017
2;5;23;23;23044;23044;Legnago;;VR;0;0;24992;2011;79,2725;2017;24941;2017
2;5;23;23;23045;23045;Malcesine;;VR;0;0;3685;2011;69,2779;2017;3672;2017
2;5;23;23;23046;23046;Marano di Valpolicella;;VR;0;0;3083;2011;18,6220;2017;3147;2017
2;5;23;23;23047;23047;Mezzane di Sotto;;VR;0;0;2463;2011;19,7080;2017;2506;2017
2;5;23;23;23048;23048;Minerbe;;VR;0;0;4667;2011;29,6505;2017;4540;2017
2;5;23;23;23049;23049;Montecchia di Crosara;;VR;0;0;4462;2011;21,0625;2017;4287;2017
2;5;23;23;23050;23050;Monteforte d'Alpone;;VR;0;0;8410;2011;20,4705;2017;8808;2017
2;5;23;23;23051;23051;Mozzecane;;VR;0;0;7005;2011;24,8517;2017;7592;2017
2;5;23;23;23052;23052;Negrar;;VR;0;0;16935;2011;40,4219;2017;16945;2017
2;5;23;23;23053;23053;Nogara;;VR;0;0;8574;2011;38,7778;2017;8437;2017
2;5;23;23;23054;23054;Nogarole Rocca;;VR;0;0;3455;2011;29,1355;2017;3604;2017
2;5;23;23;23055;23055;Oppeano;;VR;0;0;9427;2011;46,7257;2017;9890;2017
2;5;23;23;23056;23056;Palù;;VR;0;0;1284;2011;13,6103;2017;1226;2017
2;5;23;23;23057;23057;Pastrengo;;VR;0;0;2893;2011;9,0015;2017;3147;2017
2;5;23;23;23058;23058;Pescantina;;VR;0;0;16326;2011;19,7259;2017;17101;2017
2;5;23;23;23059;23059;Peschiera del Garda;;VR;0;0;9598;2011;18,2606;2017;10687;2017
2;5;23;23;23060;23060;Povegliano Veronese;;VR;0;0;7064;2011;18,5283;2017;7198;2017
2;5;23;23;23061;23061;Pressana;;VR;0;0;2564;2011;17,3894;2017;2531;2017
2;5;23;23;23062;23062;Rivoli Veronese;;VR;0;0;2127;2011;18,4271;2017;2220;2017
2;5;23;23;23063;23063;Roncà;;VR;0;0;3726;2011;18,1485;2017;3835;2017
2;5;23;23;23064;23064;Ronco all'Adige;;VR;0;0;6179;2011;42,8144;2017;5930;2017
2;5;23;23;23065;23065;Roverchiara;;VR;0;0;2740;2011;19,6466;2017;2677;2017
2;5;23;23;23066;23066;Roveredo di Guà;;VR;0;0;1541;2011;10,1597;2017;1594;2017
2;5;23;23;23067;23067;Roverè Veronese;;VR;0;0;2127;2011;36,5476;2017;2086;2017
2;5;23;23;23068;23068;Salizzole;;VR;0;0;3745;2011;30,6954;2017;3803;2017
2;5;23;23;23069;23069;San Bonifacio;;VR;0;0;20275;2011;33,7920;2017;20841;2017
2;5;23;23;23070;23070;San Giovanni Ilarione;;VR;0;0;5111;2011;25,4033;2017;5057;2017
2;5;23;23;23071;23071;San Giovanni Lupatoto;;VR;0;0;24148;2011;19,0108;2017;24946;2017
2;5;23;23;23072;23072;Sanguinetto;;VR;0;0;4140;2011;13,5055;2017;3982;2017
2;5;23;23;23073;23073;San Martino Buon Albergo;;VR;0;0;14283;2011;34,7507;2017;15431;2017
2;5;23;23;23074;23074;San Mauro di Saline;;VR;0;0;553;2011;11,2398;2017;569;2017
2;5;23;23;23075;23075;San Pietro di Morubio;;VR;0;0;3024;2011;16,1169;2017;2969;2017
2;5;23;23;23076;23076;San Pietro in Cariano;;VR;0;0;12930;2011;20,2358;2017;12710;2017
2;5;23;23;23077;23077;Sant'Ambrogio di Valpolicella;;VR;0;0;11422;2011;23,4999;2017;11761;2017
2;5;23;23;23078;23078;Sant'Anna d'Alfaedo;;VR;0;0;2564;2011;43,4279;2017;2535;2017
2;5;23;23;23079;23079;San Zeno di Montagna;;VR;0;0;1367;2011;28,2389;2017;1356;2017
2;5;23;23;23080;23080;Selva di Progno;;VR;0;0;934;2011;41,3327;2017;898;2017
2;5;23;23;23081;23081;Soave;;VR;0;0;6908;2011;22,7206;2017;7076;2017
2;5;23;23;23082;23082;Sommacampagna;;VR;0;0;14615;2011;40,8265;2017;14734;2017
2;5;23;23;23083;23083;Sona;;VR;0;0;17030;2011;41,1449;2017;17662;2017
2;5;23;23;23084;23084;Sorgà;;VR;0;0;3112;2011;31,5347;2017;3009;2017
2;5;23;23;23085;23085;Terrazzo;;VR;0;0;2290;2011;20,5271;2017;2169;2017
2;5;23;23;23086;23086;Torri del Benaco;;VR;0;0;2802;2011;46,2913;2017;3007;2017
2;5;23;23;23087;23087;Tregnago;;VR;0;0;4926;2011;37,3481;2017;4921;2017
2;5;23;23;23088;23088;Trevenzuolo;;VR;0;0;2731;2011;26,9416;2017;2745;2017
2;5;23;23;23089;23089;Valeggio sul Mincio;;VR;0;0;14300;2011;63,9590;2017;15336;2017
2;5;23;23;23090;23090;Velo Veronese;;VR;0;0;781;2011;18,9017;2017;751;2017
2;5;23;23;23091;23091;Verona;;VR;1;0;252520;2011;198,9134;2017;257845;2017
2;5;23;23;23092;23092;Veronella;;VR;0;0;4670;2011;20,8801;2017;5033;2017
2;5;23;23;23093;23093;Vestenanova;;VR;0;0;2618;2011;24,1820;2017;2561;2017
2;5;23;23;23094;23094;Vigasio;;VR;0;0;9438;2011;30,7626;2017;10083;2017
2;5;23;23;23095;23095;Villa Bartolomea;;VR;0;0;5841;2011;52,9886;2017;5870;2017
2;5;23;23;23096;23096;Villafranca di Verona;;VR;0;0;32747;2011;57,3407;2017;33273;2017
2;5;23;23;23097;23097;Zevio;;VR;0;0;14413;2011;54,8687;2017;15014;2017
2;5;23;23;23098;23098;Zimella;;VR;0;0;4834;2011;20,0992;2017;4825;2017
2;5;24;24;24001;24001;Agugliaro;;VI;0;0;1422;2011;14,6954;2017;1393;2017
2;5;24;24;24002;24002;Albettone;;VI;0;0;2066;2011;20,2106;2017;2053;2017
2;5;24;24;24003;24003;Alonte;;VI;0;0;1647;2011;11,1452;2017;1615;2017
2;5;24;24;24004;24004;Altavilla Vicentina;;VI;0;0;11760;2011;16,7234;2017;11944;2017
2;5;24;24;24005;24005;Altissimo;;VI;0;0;2266;2011;15,0861;2017;2210;2017
2;5;24;24;24006;24006;Arcugnano;;VI;0;0;7899;2011;41,5682;2017;7776;2017
2;5;24;24;24007;24007;Arsiero;;VI;0;0;3303;2011;41,3952;2017;3141;2017
2;5;24;24;24008;24008;Arzignano;;VI;0;0;25589;2011;34,1902;2017;25411;2017
2;5;24;24;24009;24009;Asiago;;VI;0;0;6391;2011;162,9335;2017;6430;2017
2;5;24;24;24010;24010;Asigliano Veneto;;VI;0;0;877;2011;8,0656;2017;857;2017
2;5;24;24;24011;24011;Barbarano Vicentino;;VI;0;0;4576;2011;19,4513;2017;4575;2017
2;5;24;24;24012;24012;Bassano del Grappa;;VI;0;0;42984;2011;47,0617;2017;43052;2017
2;5;24;24;24013;24013;Bolzano Vicentino;;VI;0;0;6509;2011;19,8367;2017;6453;2017
2;5;24;24;24014;24014;Breganze;;VI;0;0;8693;2011;21,7608;2017;8599;2017
2;5;24;24;24015;24015;Brendola;;VI;0;0;6722;2011;25,5675;2017;6588;2017
2;5;24;24;24016;24016;Bressanvido;;VI;0;0;3108;2011;8,4405;2017;3158;2017
2;5;24;24;24017;24017;Brogliano;;VI;0;0;3900;2011;12,1551;2017;4003;2017
2;5;24;24;24018;24018;Caldogno;;VI;0;0;11221;2011;15,8845;2017;11238;2017
2;5;24;24;24019;24019;Caltrano;;VI;0;0;2607;2011;22,7111;2017;2504;2017
2;5;24;24;24020;24020;Calvene;;VI;0;0;1323;2011;11,4722;2017;1330;2017
2;5;24;24;24021;24021;Camisano Vicentino;;VI;0;0;10624;2011;30,0209;2017;11249;2017
2;5;24;24;24022;24022;Campiglia dei Berici;;VI;0;0;1791;2011;11,0401;2017;1690;2017
2;5;24;24;24023;24023;Campolongo sul Brenta;;VI;0;0;830;2011;9,6523;2017;804;2017
2;5;24;24;24024;24024;Carrè;;VI;0;0;3647;2011;8,7389;2017;3586;2017
2;5;24;24;24025;24025;Cartigliano;;VI;0;0;3802;2011;7,3770;2017;3795;2017
2;5;24;24;24026;24026;Cassola;;VI;0;0;14128;2011;12,7395;2017;14581;2017
2;5;24;24;24027;24027;Castegnero;;VI;0;0;2857;2011;11,6202;2017;2893;2017
2;5;24;24;24028;24028;Castelgomberto;;VI;0;0;6098;2011;17,4369;2017;6097;2017
2;5;24;24;24029;24029;Chiampo;;VI;0;0;12859;2011;22,6040;2017;12718;2017
2;5;24;24;24030;24030;Chiuppano;;VI;0;0;2626;2011;4,7093;2017;2527;2017
2;5;24;24;24031;24031;Cismon del Grappa;;VI;0;0;964;2011;34,7913;2017;926;2017
2;5;24;24;24032;24032;Cogollo del Cengio;;VI;0;0;3390;2011;36,2167;2017;3231;2017
2;5;24;24;24033;24033;Conco;;VI;0;0;2206;2011;26,8538;2017;2131;2017
2;5;24;24;24034;24034;Cornedo Vicentino;;VI;0;0;11939;2011;23,5599;2017;11972;2017
2;5;24;24;24035;24035;Costabissara;;VI;0;0;7161;2011;13,1320;2017;7626;2017
2;5;24;24;24036;24036;Creazzo;;VI;0;0;11038;2011;10,5285;2017;11279;2017
2;5;24;24;24037;24037;Crespadoro;;VI;0;0;1452;2011;30,2015;2017;1294;2017
2;5;24;24;24038;24038;Dueville;;VI;0;0;13888;2011;20,0095;2017;13798;2017
2;5;24;24;24039;24039;Enego;;VI;0;0;1825;2011;52,6032;2017;1642;2017
2;5;24;24;24040;24040;Fara Vicentino;;VI;0;0;3943;2011;15,1748;2017;3687;2017
2;5;24;24;24041;24041;Foza;;VI;0;0;717;2011;35,2089;2017;694;2017
2;5;24;24;24042;24042;Gallio;;VI;0;0;2413;2011;47,8665;2017;2411;2017
2;5;24;24;24043;24043;Gambellara;;VI;0;0;3319;2011;12,9966;2017;3389;2017
2;5;24;24;24044;24044;Gambugliano;;VI;0;0;851;2011;7,9503;2017;841;2017
2;5;24;24;24046;24046;Grisignano di Zocco;;VI;0;0;4292;2011;17,0202;2017;4295;2017
2;5;24;24;24047;24047;Grumolo delle Abbadesse;;VI;0;0;3741;2011;15,0136;2017;3719;2017
2;5;24;24;24048;24048;Isola Vicentina;;VI;0;0;9639;2011;26,4789;2017;10192;2017
2;5;24;24;24049;24049;Laghi;;VI;0;0;123;2011;22,2370;2017;132;2017
2;5;24;24;24050;24050;Lastebasse;;VI;0;0;229;2011;18,7970;2017;199;2017
2;5;24;24;24051;24051;Longare;;VI;0;0;5654;2011;22,7741;2017;5659;2017
2;5;24;24;24052;24052;Lonigo;;VI;0;0;15581;2011;49,4205;2017;16127;2017
2;5;24;24;24053;24053;Lugo di Vicenza;;VI;0;0;3739;2011;14,5640;2017;3667;2017
2;5;24;24;24054;24054;Lusiana;;VI;0;0;2740;2011;34,3374;2017;2598;2017
2;5;24;24;24055;24055;Malo;;VI;0;0;14641;2011;30,5281;2017;14691;2017
2;5;24;24;24056;24056;Marano Vicentino;;VI;0;0;9662;2011;12,7254;2017;9523;2017
2;5;24;24;24057;24057;Marostica;;VI;0;0;13783;2011;36,5289;2017;14043;2017
2;5;24;24;24058;24058;Mason Vicentino;;VI;0;0;3517;2011;11,9571;2017;3498;2017
2;5;24;24;24059;24059;Molvena;;VI;0;0;2596;2011;7,4433;2017;2569;2017
2;5;24;24;24060;24060;Montebello Vicentino;;VI;0;0;6531;2011;21,4752;2017;6492;2017
2;5;24;24;24061;24061;Montecchio Maggiore;;VI;0;0;23315;2011;30,5401;2017;23040;2017
2;5;24;24;24062;24062;Montecchio Precalcino;;VI;0;0;4988;2011;14,4203;2017;5046;2017
2;5;24;24;24063;24063;Monte di Malo;;VI;0;0;2887;2011;23,7485;2017;2825;2017
2;5;24;24;24064;24064;Montegalda;;VI;0;0;3343;2011;17,4127;2017;3414;2017
2;5;24;24;24065;24065;Montegaldella;;VI;0;0;1788;2011;13,5735;2017;1769;2017
2;5;24;24;24066;24066;Monteviale;;VI;0;0;2600;2011;8,4385;2017;2847;2017
2;5;24;24;24067;24067;Monticello Conte Otto;;VI;0;0;9156;2011;10,2417;2017;8845;2017
2;5;24;24;24068;24068;Montorso Vicentino;;VI;0;0;3179;2011;9,2946;2017;3072;2017
2;5;24;24;24069;24069;Mossano;;VI;0;0;1776;2011;14,0344;2017;1787;2017
2;5;24;24;24070;24070;Mussolente;;VI;0;0;7653;2011;15,4308;2017;7600;2017
2;5;24;24;24071;24071;Nanto;;VI;0;0;3082;2011;14,3508;2017;3106;2017
2;5;24;24;24072;24072;Nogarole Vicentino;;VI;0;0;1136;2011;9,0933;2017;1204;2017
2;5;24;24;24073;24073;Nove;;VI;0;0;5069;2011;8,1511;2017;4957;2017
2;5;24;24;24074;24074;Noventa Vicentina;;VI;0;0;8810;2011;22,8794;2017;8872;2017
2;5;24;24;24075;24075;Orgiano;;VI;0;0;3151;2011;18,0844;2017;3037;2017
2;5;24;24;24076;24076;Pedemonte;;VI;0;0;768;2011;12,5920;2017;742;2017
2;5;24;24;24077;24077;Pianezze;;VI;0;0;2060;2011;5,0235;2017;2168;2017
2;5;24;24;24078;24078;Piovene Rocchette;;VI;0;0;8295;2011;12,9065;2017;8283;2017
2;5;24;24;24079;24079;Pojana Maggiore;;VI;0;0;4459;2011;28,6152;2017;4331;2017
2;5;24;24;24080;24080;Posina;;VI;0;0;577;2011;43,6354;2017;555;2017
2;5;24;24;24081;24081;Pove del Grappa;;VI;0;0;3093;2011;9,8406;2017;3126;2017
2;5;24;24;24082;24082;Pozzoleone;;VI;0;0;2793;2011;11,2548;2017;2763;2017
2;5;24;24;24083;24083;Quinto Vicentino;;VI;0;0;5694;2011;17,3964;2017;5746;2017
2;5;24;24;24084;24084;Recoaro Terme;;VI;0;0;6764;2011;60,1484;2017;6298;2017
2;5;24;24;24085;24085;Roana;;VI;0;0;4317;2011;78,1257;2017;4303;2017
2;5;24;24;24086;24086;Romano d'Ezzelino;;VI;0;0;14484;2011;21,3495;2017;14213;2017
2;5;24;24;24087;24087;Rosà;;VI;0;0;14071;2011;24,3153;2017;14372;2017
2;5;24;24;24088;24088;Rossano Veneto;;VI;0;0;7922;2011;10,5966;2017;8095;2017
2;5;24;24;24089;24089;Rotzo;;VI;0;0;638;2011;28,2505;2017;663;2017
2;5;24;24;24090;24090;Salcedo;;VI;0;0;1038;2011;6,1160;2017;1036;2017
2;5;24;24;24091;24091;Sandrigo;;VI;0;0;8392;2011;27,9910;2017;8370;2017
2;5;24;24;24093;24093;San Nazario;;VI;0;0;1740;2011;23,1136;2017;1641;2017
2;5;24;24;24094;24094;San Pietro Mussolino;;VI;0;0;1613;2011;4,1081;2017;1588;2017
2;5;24;24;24095;24095;Santorso;;VI;0;0;5746;2011;13,2085;2017;5696;2017
2;5;24;24;24096;24096;San Vito di Leguzzano;;VI;0;0;3584;2011;6,1264;2017;3538;2017
2;5;24;24;24097;24097;Sarcedo;;VI;0;0;5303;2011;13,8528;2017;5285;2017
2;5;24;24;24098;24098;Sarego;;VI;0;0;6641;2011;23,9223;2017;6666;2017
2;5;24;24;24099;24099;Schiavon;;VI;0;0;2600;2011;12,0019;2017;2633;2017
2;5;24;24;24100;24100;Schio;;VI;0;0;39131;2011;66,2059;2017;38998;2017
2;5;24;24;24101;24101;Solagna;;VI;0;0;1895;2011;15,8119;2017;1863;2017
2;5;24;24;24102;24102;Sossano;;VI;0;0;4401;2011;20,8975;2017;4268;2017
2;5;24;24;24103;24103;Sovizzo;;VI;0;0;7034;2011;15,6614;2017;7580;2017
2;5;24;24;24104;24104;Tezze sul Brenta;;VI;0;0;12600;2011;17,9344;2017;12754;2017
2;5;24;24;24105;24105;Thiene;;VI;0;0;23254;2011;19,7031;2017;23866;2017
2;5;24;24;24106;24106;Tonezza del Cimone;;VI;0;0;577;2011;13,9407;2017;519;2017
2;5;24;24;24107;24107;Torrebelvicino;;VI;0;0;5989;2011;20,7397;2017;5828;2017
2;5;24;24;24108;24108;Torri di Quartesolo;;VI;0;0;11755;2011;18,6733;2017;11674;2017
2;5;24;24;24110;24110;Trissino;;VI;0;0;8620;2011;21,9571;2017;8669;2017
2;5;24;24;24111;24111;Valdagno;;VI;0;0;26575;2011;50,2157;2017;25529;2017
2;5;24;24;24112;24112;Valdastico;;VI;0;0;1389;2011;23,9487;2017;1267;2017
2;5;24;24;24113;24113;Valli del Pasubio;;VI;0;0;3345;2011;49,3448;2017;3150;2017
2;5;24;24;24114;24114;Valstagna;;VI;0;0;1851;2011;25,8110;2017;1770;2017
2;5;24;24;24115;24115;Velo d'Astico;;VI;0;0;2400;2011;21,9041;2017;2351;2017
2;5;24;24;24116;24116;Vicenza;;VI;1;0;111500;2011;80,5798;2017;110756;2017
2;5;24;24;24117;24117;Villaga;;VI;0;0;1963;2011;23,2250;2017;1910;2017
2;5;24;24;24118;24118;Villaverla;;VI;0;0;6169;2011;15,7881;2017;6115;2017
2;5;24;24;24119;24119;Zanè;;VI;0;0;6642;2011;7,6450;2017;6664;2017
2;5;24;24;24120;24120;Zermeghedo;;VI;0;0;1358;2011;2,9709;2017;1375;2017
2;5;24;24;24121;24121;Zovencedo;;VI;0;0;796;2011;9,0441;2017;754;2017
2;5;24;24;24122;24122;Zugliano;;VI;0;0;6690;2011;13,7301;2017;6833;2017
2;5;24;24;24123;24123;Val Liona;;VI;0;0;3047;2011;27,8442;2017;3025;2017
2;5;25;25;25001;25001;Agordo;;BL;0;0;4249;2011;23,7425;2017;4100;2017
2;5;25;25;25002;25002;Alano di Piave;;BL;0;0;2926;2011;36,5210;2017;2776;2017
2;5;25;25;25003;25003;Alleghe;;BL;0;0;1331;2011;29,7145;2017;1202;2017
2;5;25;25;25004;25004;Arsiè;;BL;0;0;2465;2011;64,7612;2017;2268;2017
2;5;25;25;25005;25005;Auronzo di Cadore;;BL;0;0;3453;2011;220,5522;2017;3310;2017
2;5;25;25;25006;25006;Belluno;;BL;1;0;35591;2011;147,2211;2017;35510;2017
2;5;25;25;25007;25007;Borca di Cadore;;BL;0;0;818;2011;26,7552;2017;815;2017
2;5;25;25;25008;25008;Calalzo di Cadore;;BL;0;0;2173;2011;43,5069;2017;1987;2017
2;5;25;25;25010;25010;Cencenighe Agordino;;BL;0;0;1402;2011;18,1305;2017;1262;2017
2;5;25;25;25011;25011;Cesiomaggiore;;BL;0;0;4145;2011;82,0893;2017;3956;2017
2;5;25;25;25012;25012;Chies d'Alpago;;BL;0;0;1411;2011;44,9711;2017;1333;2017
2;5;25;25;25013;25013;Cibiana di Cadore;;BL;0;0;423;2011;21,5866;2017;399;2017
2;5;25;25;25014;25014;Colle Santa Lucia;;BL;0;0;391;2011;15,3388;2017;358;2017
2;5;25;25;25015;25015;Comelico Superiore;;BL;0;0;2341;2011;96,0918;2017;2140;2017
2;5;25;25;25016;25016;Cortina d'Ampezzo;;BL;0;0;5890;2011;252,8033;2017;5827;2017
2;5;25;25;25017;25017;Danta di Cadore;;BL;0;0;514;2011;7,9544;2017;450;2017
2;5;25;25;25018;25018;Domegge di Cadore;;BL;0;0;2575;2011;50,3570;2017;2367;2017
2;5;25;25;25019;25019;Falcade;;BL;0;0;2055;2011;52,7950;2017;1884;2017
2;5;25;25;25021;25021;Feltre;;BL;0;0;20525;2011;99,7878;2017;20493;2017
2;5;25;25;25022;25022;Fonzaso;;BL;0;0;3322;2011;27,6181;2017;3176;2017
2;5;25;25;25023;25023;Canale d'Agordo;;BL;0;0;1172;2011;45,9550;2017;1114;2017
2;5;25;25;25025;25025;Gosaldo;;BL;0;0;723;2011;48,4729;2017;606;2017
2;5;25;25;25026;25026;Lamon;;BL;0;0;3046;2011;54,3520;2017;2829;2017
2;5;25;25;25027;25027;La Valle Agordina;;BL;0;0;1150;2011;48,6721;2017;1085;2017
2;5;25;25;25028;25028;Lentiai;;BL;0;0;2979;2011;37,4870;2017;2949;2017
2;5;25;25;25029;25029;Limana;;BL;0;0;5061;2011;39,1203;2017;5332;2017
2;5;25;25;25030;25030;Livinallongo del Col di Lana;;BL;0;0;1384;2011;100,0052;2017;1313;2017
2;5;25;25;25032;25032;Lorenzago di Cadore;;BL;0;0;567;2011;27,3486;2017;556;2017
2;5;25;25;25033;25033;Lozzo di Cadore;;BL;0;0;1497;2011;30,4042;2017;1319;2017
2;5;25;25;25034;25034;Mel;;BL;0;0;6182;2011;86,2409;2017;5871;2017
2;5;25;25;25035;25035;Ospitale di Cadore;;BL;0;0;326;2011;39,7816;2017;274;2017
2;5;25;25;25036;25036;Pedavena;;BL;0;0;4429;2011;25,0553;2017;4478;2017
2;5;25;25;25037;25037;Perarolo di Cadore;;BL;0;0;383;2011;43,9431;2017;369;2017
2;5;25;25;25039;25039;Pieve di Cadore;;BL;0;0;3956;2011;67,1701;2017;3771;2017
2;5;25;25;25040;25040;Ponte nelle Alpi;;BL;0;0;8387;2011;58,1400;2017;8186;2017
2;5;25;25;25043;25043;Rivamonte Agordino;;BL;0;0;666;2011;23,3040;2017;635;2017
2;5;25;25;25044;25044;Rocca Pietore;;BL;0;0;1322;2011;73,2883;2017;1205;2017
2;5;25;25;25045;25045;San Gregorio nelle Alpi;;BL;0;0;1607;2011;19,1176;2017;1622;2017
2;5;25;25;25046;25046;San Nicolò di Comelico;;BL;0;0;405;2011;24,1594;2017;393;2017
2;5;25;25;25047;25047;San Pietro di Cadore;;BL;0;0;1690;2011;52,1269;2017;1608;2017
2;5;25;25;25048;25048;Santa Giustina;;BL;0;0;6767;2011;35,9234;2017;6769;2017
2;5;25;25;25049;25049;San Tomaso Agordino;;BL;0;0;683;2011;19,1806;2017;635;2017
2;5;25;25;25050;25050;Santo Stefano di Cadore;;BL;0;0;2663;2011;100,6204;2017;2491;2017
2;5;25;25;25051;25051;San Vito di Cadore;;BL;0;0;1813;2011;61,6156;2017;1873;2017
2;5;25;25;25053;25053;Sedico;;BL;0;0;9906;2011;91,2029;2017;10133;2017
2;5;25;25;25054;25054;Selva di Cadore;;BL;0;0;517;2011;33,3266;2017;508;2017
2;5;25;25;25055;25055;Seren del Grappa;;BL;0;0;2557;2011;62,5288;2017;2459;2017
2;5;25;25;25056;25056;Sospirolo;;BL;0;0;3213;2011;65,8581;2017;3090;2017
2;5;25;25;25057;25057;Soverzene;;BL;0;0;418;2011;14,7922;2017;385;2017
2;5;25;25;25058;25058;Sovramonte;;BL;0;0;1514;2011;50,5416;2017;1422;2017
2;5;25;25;25059;25059;Taibon Agordino;;BL;0;0;1788;2011;90,0587;2017;1749;2017
2;5;25;25;25060;25060;Tambre;;BL;0;0;1425;2011;45,2770;2017;1363;2017
2;5;25;25;25061;25061;Trichiana;;BL;0;0;4832;2011;43,9637;2017;4791;2017
2;5;25;25;25062;25062;Vallada Agordina;;BL;0;0;514;2011;12,9989;2017;504;2017
2;5;25;25;25063;25063;Valle di Cadore;;BL;0;0;2052;2011;40,6394;2017;1876;2017
2;5;25;25;25065;25065;Vigo di Cadore;;BL;0;0;1499;2011;70,0659;2017;1414;2017
2;5;25;25;25066;25066;Vodo Cadore;;BL;0;0;891;2011;46,8767;2017;859;2017
2;5;25;25;25067;25067;Voltago Agordino;;BL;0;0;914;2011;23,4694;2017;855;2017
2;5;25;25;25069;25069;Zoppè di Cadore;;BL;0;0;265;2011;4,3319;2017;218;2017
2;5;25;25;25070;25070;Quero Vas;;BL;0;0;3338;2011;45,9145;2017;3139;2017
2;5;25;25;25071;25071;Longarone;;BL;0;0;5555;2011;122,3607;2017;5225;2017
2;5;25;25;25072;25072;Alpago;;BL;0;0;7175;2011;80,3408;2017;6856;2017
2;5;25;25;25073;25073;Val di Zoldo;;BL;0;0;3464;2011;141,6513;2017;3083;2017
2;5;26;26;26001;26001;Altivole;;TV;0;0;6720;2011;21,9467;2017;6932;2017
2;5;26;26;26002;26002;Arcade;;TV;0;0;4366;2011;8,2724;2017;4539;2017
2;5;26;26;26003;26003;Asolo;;TV;0;0;8952;2011;25,3668;2017;9013;2017
2;5;26;26;26004;26004;Borso del Grappa;;TV;0;0;5913;2011;33,1390;2017;5908;2017
2;5;26;26;26005;26005;Breda di Piave;;TV;0;0;7750;2011;25,7608;2017;7838;2017
2;5;26;26;26006;26006;Caerano di San Marco;;TV;0;0;7941;2011;12,0885;2017;7959;2017
2;5;26;26;26007;26007;Cappella Maggiore;;TV;0;0;4677;2011;11,0891;2017;4683;2017
2;5;26;26;26008;26008;Carbonera;;TV;0;0;11135;2011;19,8826;2017;11213;2017
2;5;26;26;26009;26009;Casale sul Sile;;TV;0;0;12722;2011;26,9182;2017;12855;2017
2;5;26;26;26010;26010;Casier;;TV;0;0;11018;2011;13,4217;2017;11376;2017
2;5;26;26;26011;26011;Castelcucco;;TV;0;0;2189;2011;8,7916;2017;2249;2017
2;5;26;26;26012;26012;Castelfranco Veneto;;TV;0;0;32894;2011;51,6090;2017;33444;2017
2;5;26;26;26013;26013;Castello di Godego;;TV;0;0;7013;2011;18,1318;2017;7207;2017
2;5;26;26;26014;26014;Cavaso del Tomba;;TV;0;0;2996;2011;18,9730;2017;2879;2017
2;5;26;26;26015;26015;Cessalto;;TV;0;0;3834;2011;28,1773;2017;3833;2017
2;5;26;26;26016;26016;Chiarano;;TV;0;0;3695;2011;19,9235;2017;3732;2017
2;5;26;26;26017;26017;Cimadolmo;;TV;0;0;3413;2011;17,8957;2017;3406;2017
2;5;26;26;26018;26018;Cison di Valmarino;;TV;0;0;2711;2011;28,8120;2017;2622;2017
2;5;26;26;26019;26019;Codognè;;TV;0;0;5311;2011;21,7507;2017;5309;2017
2;5;26;26;26020;26020;Colle Umberto;;TV;0;0;5177;2011;13,5797;2017;5073;2017
2;5;26;26;26021;26021;Conegliano;;TV;0;0;34428;2011;36,3983;2017;34883;2017
2;5;26;26;26022;26022;Cordignano;;TV;0;0;7096;2011;26,2483;2017;7054;2017
2;5;26;26;26023;26023;Cornuda;;TV;0;0;6217;2011;12,5101;2017;6206;2017
2;5;26;26;26024;26024;Crespano del Grappa;;TV;0;0;4713;2011;17,8100;2017;4450;2017
2;5;26;26;26025;26025;Crocetta del Montello;;TV;0;0;6029;2011;26,5683;2017;6099;2017
2;5;26;26;26026;26026;Farra di Soligo;;TV;0;0;8956;2011;28,3399;2017;8761;2017
2;5;26;26;26027;26027;Follina;;TV;0;0;3939;2011;24,0814;2017;3814;2017
2;5;26;26;26028;26028;Fontanelle;;TV;0;0;5804;2011;35,3529;2017;5716;2017
2;5;26;26;26029;26029;Fonte;;TV;0;0;6019;2011;14,5967;2017;5825;2017
2;5;26;26;26030;26030;Fregona;;TV;0;0;3169;2011;42,7229;2017;2954;2017
2;5;26;26;26031;26031;Gaiarine;;TV;0;0;6136;2011;28,7778;2017;6015;2017
2;5;26;26;26032;26032;Giavera del Montello;;TV;0;0;5144;2011;20,1877;2017;5172;2017
2;5;26;26;26033;26033;Godega di Sant'Urbano;;TV;0;0;6112;2011;24,3420;2017;6017;2017
2;5;26;26;26034;26034;Gorgo al Monticano;;TV;0;0;4182;2011;27,0883;2017;4100;2017
2;5;26;26;26035;26035;Istrana;;TV;0;0;9041;2011;26,4776;2017;9128;2017
2;5;26;26;26036;26036;Loria;;TV;0;0;9097;2011;23,2505;2017;9279;2017
2;5;26;26;26037;26037;Mansuè;;TV;0;0;4974;2011;27,0947;2017;4974;2017
2;5;26;26;26038;26038;Mareno di Piave;;TV;0;0;9667;2011;27,7706;2017;9564;2017
2;5;26;26;26039;26039;Maser;;TV;0;0;4962;2011;25,8539;2017;5128;2017
2;5;26;26;26040;26040;Maserada sul Piave;;TV;0;0;9293;2011;28,7696;2017;9335;2017
2;5;26;26;26041;26041;Meduna di Livenza;;TV;0;0;2947;2011;15,3788;2017;2896;2017
2;5;26;26;26042;26042;Miane;;TV;0;0;3436;2011;30,8836;2017;3277;2017
2;5;26;26;26043;26043;Mogliano Veneto;;TV;0;0;27608;2011;46,2562;2017;27734;2017
2;5;26;26;26044;26044;Monastier di Treviso;;TV;0;0;4087;2011;25,2613;2017;4349;2017
2;5;26;26;26045;26045;Monfumo;;TV;0;0;1442;2011;11,4548;2017;1352;2017
2;5;26;26;26046;26046;Montebelluna;;TV;0;0;30765;2011;49,0063;2017;31298;2017
2;5;26;26;26047;26047;Morgano;;TV;0;0;4362;2011;11,7610;2017;4497;2017
2;5;26;26;26048;26048;Moriago della Battaglia;;TV;0;0;2785;2011;13,7573;2017;2789;2017
2;5;26;26;26049;26049;Motta di Livenza;;TV;0;0;10681;2011;37,7775;2017;10780;2017
2;5;26;26;26050;26050;Nervesa della Battaglia;;TV;0;0;6854;2011;34,9727;2017;6605;2017
2;5;26;26;26051;26051;Oderzo;;TV;0;0;20068;2011;42,3532;2017;20238;2017
2;5;26;26;26052;26052;Ormelle;;TV;0;0;4464;2011;18,8269;2017;4446;2017
2;5;26;26;26053;26053;Orsago;;TV;0;0;3917;2011;10,7066;2017;3878;2017
2;5;26;26;26054;26054;Paderno del Grappa;;TV;0;0;2169;2011;19,5285;2017;2186;2017
2;5;26;26;26055;26055;Paese;;TV;0;0;21432;2011;38,0890;2017;21626;2017
2;5;26;26;26056;26056;Pederobba;;TV;0;0;7573;2011;27,3165;2017;7334;2017
2;5;26;26;26057;26057;Pieve di Soligo;;TV;0;0;12057;2011;19,0228;2017;11941;2017
2;5;26;26;26058;26058;Ponte di Piave;;TV;0;0;8312;2011;32,4357;2017;8313;2017
2;5;26;26;26059;26059;Ponzano Veneto;;TV;0;0;12194;2011;22,2704;2017;12750;2017
2;5;26;26;26060;26060;Portobuffolè;;TV;0;0;790;2011;5,0807;2017;771;2017
2;5;26;26;26061;26061;Possagno;;TV;0;0;2195;2011;12,1102;2017;2140;2017
2;5;26;26;26062;26062;Povegliano;;TV;0;0;5052;2011;12,9146;2017;5203;2017
2;5;26;26;26063;26063;Preganziol;;TV;0;0;16772;2011;23,1084;2017;17067;2017
2;5;26;26;26064;26064;Quinto di Treviso;;TV;0;0;9745;2011;19,0403;2017;9830;2017
2;5;26;26;26065;26065;Refrontolo;;TV;0;0;1824;2011;13,0349;2017;1734;2017
2;5;26;26;26066;26066;Resana;;TV;0;0;9290;2011;24,8911;2017;9477;2017
2;5;26;26;26067;26067;Revine Lago;;TV;0;0;2241;2011;18,7927;2017;2149;2017
2;5;26;26;26068;26068;Riese Pio X;;TV;0;0;10858;2011;30,6437;2017;10943;2017
2;5;26;26;26069;26069;Roncade;;TV;0;0;14037;2011;61,7762;2017;14525;2017
2;5;26;26;26070;26070;Salgareda;;TV;0;0;6599;2011;27,5510;2017;6650;2017
2;5;26;26;26071;26071;San Biagio di Callalta;;TV;0;0;13039;2011;48,5044;2017;12870;2017
2;5;26;26;26072;26072;San Fior;;TV;0;0;6813;2011;17,8168;2017;6941;2017
2;5;26;26;26073;26073;San Pietro di Feletto;;TV;0;0;5355;2011;19,2525;2017;5208;2017
2;5;26;26;26074;26074;San Polo di Piave;;TV;0;0;4929;2011;20,9825;2017;4889;2017
2;5;26;26;26075;26075;Santa Lucia di Piave;;TV;0;0;9081;2011;19,8098;2017;9087;2017
2;5;26;26;26076;26076;San Vendemiano;;TV;0;0;10080;2011;18,4963;2017;9967;2017
2;5;26;26;26077;26077;San Zenone degli Ezzelini;;TV;0;0;7391;2011;19,9661;2017;7346;2017
2;5;26;26;26078;26078;Sarmede;;TV;0;0;3174;2011;18,0133;2017;3026;2017
2;5;26;26;26079;26079;Segusino;;TV;0;0;1941;2011;18,2274;2017;1891;2017
2;5;26;26;26080;26080;Sernaglia della Battaglia;;TV;0;0;6325;2011;20,1512;2017;6154;2017
2;5;26;26;26081;26081;Silea;;TV;0;0;9923;2011;18,9531;2017;9999;2017
2;5;26;26;26082;26082;Spresiano;;TV;0;0;11659;2011;25,7247;2017;11989;2017
2;5;26;26;26083;26083;Susegana;;TV;0;0;11702;2011;44,0980;2017;11780;2017
2;5;26;26;26084;26084;Tarzo;;TV;0;0;4583;2011;23,9059;2017;4323;2017
2;5;26;26;26085;26085;Trevignano;;TV;0;0;10565;2011;26,4946;2017;10713;2017
2;5;26;26;26086;26086;Treviso;;TV;1;0;81014;2011;55,5781;2017;85136;2017
2;5;26;26;26087;26087;Valdobbiadene;;TV;0;0;10690;2011;62,8942;2017;10339;2017
2;5;26;26;26088;26088;Vazzola;;TV;0;0;7009;2011;26,1591;2017;6950;2017
2;5;26;26;26089;26089;Vedelago;;TV;0;0;16434;2011;61,8489;2017;16639;2017
2;5;26;26;26090;26090;Vidor;;TV;0;0;3769;2011;13,4259;2017;3666;2017
2;5;26;26;26091;26091;Villorba;;TV;0;0;17883;2011;30,5337;2017;17634;2017
2;5;26;26;26092;26092;Vittorio Veneto;;TV;0;0;28656;2011;82,8023;2017;28201;2017
2;5;26;26;26093;26093;Volpago del Montello;;TV;0;0;10045;2011;44,8222;2017;10191;2017
2;5;26;26;26094;26094;Zenson di Piave;;TV;0;0;1783;2011;9,4961;2017;1799;2017
2;5;26;26;26095;26095;Zero Branco;;TV;0;0;10986;2011;26,0637;2017;11286;2017
2;5;27;227;27001;27001;Annone Veneto;;VE;0;0;3976;2011;25,9339;2017;3915;2017
2;5;27;227;27002;27002;Campagna Lupia;;VE;0;0;6936;2011;87,5910;2017;7236;2017
2;5;27;227;27003;27003;Campolongo Maggiore;;VE;0;0;10342;2011;23,6146;2017;10700;2017
2;5;27;227;27004;27004;Camponogara;;VE;0;0;12920;2011;21,2990;2017;13177;2017
2;5;27;227;27005;27005;Caorle;;VE;0;0;11793;2011;153,8340;2017;11622;2017
2;5;27;227;27006;27006;Cavarzere;;VE;0;0;14816;2011;140,4375;2017;13721;2017
2;5;27;227;27007;27007;Ceggia;;VE;0;0;6213;2011;22,1039;2017;6077;2017
2;5;27;227;27008;27008;Chioggia;;VE;0;0;49735;2011;187,9113;2017;48886;2017
2;5;27;227;27009;27009;Cinto Caomaggiore;;VE;0;0;3285;2011;21,3196;2017;3229;2017
2;5;27;227;27010;27010;Cona;;VE;0;0;3175;2011;65,1112;2017;2936;2017
2;5;27;227;27011;27011;Concordia Sagittaria;;VE;0;0;10640;2011;66,8349;2017;10305;2017
2;5;27;227;27012;27012;Dolo;;VE;0;0;14982;2011;24,2840;2017;14989;2017
2;5;27;227;27013;27013;Eraclea;;VE;0;0;12689;2011;95,4535;2017;12295;2017
2;5;27;227;27014;27014;Fiesso d'Artico;;VE;0;0;7728;2011;6,3104;2017;8276;2017
2;5;27;227;27015;27015;Fossalta di Piave;;VE;0;0;4214;2011;9,6402;2017;4166;2017
2;5;27;227;27016;27016;Fossalta di Portogruaro;;VE;0;0;6075;2011;31,1041;2017;6187;2017
2;5;27;227;27017;27017;Fossò;;VE;0;0;6786;2011;10,1823;2017;7049;2017
2;5;27;227;27018;27018;Gruaro;;VE;0;0;2802;2011;17,4881;2017;2820;2017
2;5;27;227;27019;27019;Jesolo;;VE;0;0;24479;2011;96,3967;2017;25734;2017
2;5;27;227;27020;27020;Marcon;;VE;0;0;16215;2011;25,5472;2017;17366;2017
2;5;27;227;27021;27021;Martellago;;VE;0;0;21171;2011;20,1706;2017;21469;2017
2;5;27;227;27022;27022;Meolo;;VE;0;0;6465;2011;26,6120;2017;6338;2017
2;5;27;227;27023;27023;Mira;;VE;0;0;38552;2011;99,1344;2017;38544;2017
2;5;27;227;27024;27024;Mirano;;VE;0;0;26456;2011;45,6303;2017;27181;2017
2;5;27;227;27025;27025;Musile di Piave;;VE;0;0;11518;2011;44,8684;2017;11409;2017
2;5;27;227;27026;27026;Noale;;VE;0;0;15708;2011;24,6898;2017;16003;2017
2;5;27;227;27027;27027;Noventa di Piave;;VE;0;0;6843;2011;17,9961;2017;6943;2017
2;5;27;227;27028;27028;Pianiga;;VE;0;0;11968;2011;20,0674;2017;12376;2017
2;5;27;227;27029;27029;Portogruaro;;VE;0;0;25140;2011;102,3109;2017;24770;2017
2;5;27;227;27030;27030;Pramaggiore;;VE;0;0;4640;2011;24,2151;2017;4596;2017
2;5;27;227;27031;27031;Quarto d'Altino;;VE;0;0;8199;2011;28,3286;2017;7997;2017
2;5;27;227;27032;27032;Salzano;;VE;0;0;12678;2011;17,1836;2017;12881;2017
2;5;27;227;27033;27033;San Donà di Piave;;VE;0;0;40646;2011;78,8769;2017;41974;2017
2;5;27;227;27034;27034;San Michele al Tagliamento;;VE;0;0;12028;2011;114,4092;2017;11791;2017
2;5;27;227;27035;27035;Santa Maria di Sala;;VE;0;0;17295;2011;28,0510;2017;17813;2017
2;5;27;227;27036;27036;San Stino di Livenza;;VE;0;0;13042;2011;67,9666;2017;12799;2017
2;5;27;227;27037;27037;Scorzè;;VE;0;0;18904;2011;33,2872;2017;18761;2017
2;5;27;227;27038;27038;Spinea;;VE;0;0;26862;2011;14,9588;2017;27403;2017
2;5;27;227;27039;27039;Stra;;VE;0;0;7566;2011;8,8154;2017;7617;2017
2;5;27;227;27040;27040;Teglio Veneto;;VE;0;0;2325;2011;11,4427;2017;2355;2017
2;5;27;227;27041;27041;Torre di Mosto;;VE;0;0;4739;2011;37,9981;2017;4781;2017
2;5;27;227;27042;27042;Venezia;;VE;1;1;261362;2011;415,8927;2017;260585;2017
2;5;27;227;27043;27043;Vigonovo;;VE;0;0;9892;2011;12,8657;2017;10013;2017
2;5;27;227;27044;27044;Cavallino-Treporti;;VE;0;0;13162;2011;44,7138;2017;13522;2017
2;5;28;28;28001;28001;Abano Terme;;PD;0;0;19349;2011;21,4081;2017;19712;2017
2;5;28;28;28002;28002;Agna;;PD;0;0;3400;2011;18,8041;2017;3291;2017
2;5;28;28;28003;28003;Albignasego;;PD;0;0;23464;2011;21,1553;2017;25588;2017
2;5;28;28;28004;28004;Anguillara Veneta;;PD;0;0;4594;2011;21,6650;2017;4327;2017
2;5;28;28;28005;28005;Arquà Petrarca;;PD;0;0;1847;2011;12,5158;2017;1848;2017
2;5;28;28;28006;28006;Arre;;PD;0;0;2191;2011;12,3439;2017;2156;2017
2;5;28;28;28007;28007;Arzergrande;;PD;0;0;4682;2011;13,6428;2017;4816;2017
2;5;28;28;28008;28008;Bagnoli di Sopra;;PD;0;0;3626;2011;34,9770;2017;3570;2017
2;5;28;28;28009;28009;Baone;;PD;0;0;3108;2011;24,4195;2017;3109;2017
2;5;28;28;28010;28010;Barbona;;PD;0;0;733;2011;8,5865;2017;645;2017
2;5;28;28;28011;28011;Battaglia Terme;;PD;0;0;3933;2011;6,2291;2017;3822;2017
2;5;28;28;28012;28012;Boara Pisani;;PD;0;0;2611;2011;16,6614;2017;2484;2017
2;5;28;28;28013;28013;Borgoricco;;PD;0;0;8478;2011;20,3938;2017;8790;2017
2;5;28;28;28014;28014;Bovolenta;;PD;0;0;3349;2011;22,7798;2017;3468;2017
2;5;28;28;28015;28015;Brugine;;PD;0;0;6812;2011;19,5470;2017;7134;2017
2;5;28;28;28016;28016;Cadoneghe;;PD;0;0;15964;2011;12,9249;2017;16188;2017
2;5;28;28;28017;28017;Campodarsego;;PD;0;0;14169;2011;25,7182;2017;14568;2017
2;5;28;28;28018;28018;Campodoro;;PD;0;0;2725;2011;11,2241;2017;2628;2017
2;5;28;28;28019;28019;Camposampiero;;PD;0;0;12019;2011;21,1245;2017;11981;2017
2;5;28;28;28020;28020;Campo San Martino;;PD;0;0;5724;2011;13,1599;2017;5730;2017
2;5;28;28;28021;28021;Candiana;;PD;0;0;2468;2011;22,2680;2017;2336;2017
2;5;28;28;28022;28022;Carceri;;PD;0;0;1600;2011;9,8081;2017;1543;2017
2;5;28;28;28023;28023;Carmignano di Brenta;;PD;0;0;7540;2011;14,6815;2017;7532;2017
2;5;28;28;28026;28026;Cartura;;PD;0;0;4623;2011;16,2785;2017;4647;2017
2;5;28;28;28027;28027;Casale di Scodosia;;PD;0;0;4866;2011;21,3152;2017;4813;2017
2;5;28;28;28028;28028;Casalserugo;;PD;0;0;5452;2011;15,5043;2017;5374;2017
2;5;28;28;28029;28029;Castelbaldo;;PD;0;0;1625;2011;15,1745;2017;1517;2017
2;5;28;28;28030;28030;Cervarese Santa Croce;;PD;0;0;5698;2011;17,7049;2017;5774;2017
2;5;28;28;28031;28031;Cinto Euganeo;;PD;0;0;2023;2011;19,7569;2017;1990;2017
2;5;28;28;28032;28032;Cittadella;;PD;0;0;19956;2011;36,6783;2017;20057;2017
2;5;28;28;28033;28033;Codevigo;;PD;0;0;6453;2011;70,0181;2017;6444;2017
2;5;28;28;28034;28034;Conselve;;PD;0;0;10293;2011;24,2861;2017;10114;2017
2;5;28;28;28035;28035;Correzzola;;PD;0;0;5488;2011;42,3257;2017;5188;2017
2;5;28;28;28036;28036;Curtarolo;;PD;0;0;7175;2011;14,7290;2017;7298;2017
2;5;28;28;28037;28037;Este;;PD;0;0;16576;2011;32,8074;2017;16317;2017
2;5;28;28;28038;28038;Fontaniva;;PD;0;0;8168;2011;20,6111;2017;8038;2017
2;5;28;28;28039;28039;Galliera Veneta;;PD;0;0;7042;2011;8,9542;2017;7089;2017
2;5;28;28;28040;28040;Galzignano Terme;;PD;0;0;4416;2011;18,2007;2017;4360;2017
2;5;28;28;28041;28041;Gazzo;;PD;0;0;4291;2011;22,7096;2017;4268;2017
2;5;28;28;28042;28042;Grantorto;;PD;0;0;4661;2011;14,1029;2017;4563;2017
2;5;28;28;28043;28043;Granze;;PD;0;0;2022;2011;11,4734;2017;2017;2017
2;5;28;28;28044;28044;Legnaro;;PD;0;0;8544;2011;14,9138;2017;8931;2017
2;5;28;28;28045;28045;Limena;;PD;0;0;7699;2011;15,1553;2017;7745;2017
2;5;28;28;28046;28046;Loreggia;;PD;0;0;7297;2011;19,1159;2017;7644;2017
2;5;28;28;28047;28047;Lozzo Atestino;;PD;0;0;3179;2011;24,0731;2017;3098;2017
2;5;28;28;28048;28048;Maserà di Padova;;PD;0;0;9045;2011;17,5821;2017;9160;2017
2;5;28;28;28049;28049;Masi;;PD;0;0;1782;2011;13,7649;2017;1781;2017
2;5;28;28;28050;28050;Massanzago;;PD;0;0;5872;2011;13,2228;2017;6026;2017
2;5;28;28;28051;28051;Megliadino San Fidenzio;;PD;0;0;1952;2011;15,7090;2017;1911;2017
2;5;28;28;28052;28052;Megliadino San Vitale;;PD;0;0;1977;2011;15,2476;2017;1858;2017
2;5;28;28;28053;28053;Merlara;;PD;0;0;2831;2011;21,3456;2017;2664;2017
2;5;28;28;28054;28054;Mestrino;;PD;0;0;10961;2011;19,2180;2017;11298;2017
2;5;28;28;28055;28055;Monselice;;PD;0;0;17451;2011;50,5708;2017;17577;2017
2;5;28;28;28056;28056;Montagnana;;PD;0;0;9421;2011;45,0279;2017;8996;2017
2;5;28;28;28057;28057;Montegrotto Terme;;PD;0;0;11074;2011;15,3700;2017;11441;2017
2;5;28;28;28058;28058;Noventa Padovana;;PD;0;0;10881;2011;7,0781;2017;11366;2017
2;5;28;28;28059;28059;Ospedaletto Euganeo;;PD;0;0;5876;2011;21,4782;2017;5622;2017
2;5;28;28;28060;28060;Padova;;PD;1;0;206192;2011;93,0257;2017;209425;2017
2;5;28;28;28061;28061;Pernumia;;PD;0;0;3915;2011;13,1797;2017;3834;2017
2;5;28;28;28062;28062;Piacenza d'Adige;;PD;0;0;1379;2011;18,4889;2017;1287;2017
2;5;28;28;28063;28063;Piazzola sul Brenta;;PD;0;0;11130;2011;40,9328;2017;11182;2017
2;5;28;28;28064;28064;Piombino Dese;;PD;0;0;9276;2011;29,6247;2017;9504;2017
2;5;28;28;28065;28065;Piove di Sacco;;PD;0;0;19067;2011;35,7342;2017;19705;2017
2;5;28;28;28066;28066;Polverara;;PD;0;0;3104;2011;9,8439;2017;3353;2017
2;5;28;28;28067;28067;Ponso;;PD;0;0;2449;2011;10,8489;2017;2433;2017
2;5;28;28;28068;28068;Pontelongo;;PD;0;0;3902;2011;10,8862;2017;3756;2017
2;5;28;28;28069;28069;Ponte San Nicolò;;PD;0;0;13237;2011;13,5210;2017;13576;2017
2;5;28;28;28070;28070;Pozzonovo;;PD;0;0;3653;2011;24,4761;2017;3560;2017
2;5;28;28;28071;28071;Rovolon;;PD;0;0;4777;2011;27,6862;2017;4918;2017
2;5;28;28;28072;28072;Rubano;;PD;0;0;15669;2011;14,5124;2017;16265;2017
2;5;28;28;28073;28073;Saccolongo;;PD;0;0;4934;2011;13,7992;2017;4969;2017
2;5;28;28;28074;28074;Saletto;;PD;0;0;2730;2011;10,7353;2017;2805;2017
2;5;28;28;28075;28075;San Giorgio delle Pertiche;;PD;0;0;9979;2011;18,8582;2017;10028;2017
2;5;28;28;28076;28076;San Giorgio in Bosco;;PD;0;0;6244;2011;28,3502;2017;6316;2017
2;5;28;28;28077;28077;San Martino di Lupari;;PD;0;0;13052;2011;24,1222;2017;13076;2017
2;5;28;28;28078;28078;San Pietro in Gu;;PD;0;0;4576;2011;17,9003;2017;4421;2017
2;5;28;28;28079;28079;San Pietro Viminario;;PD;0;0;3003;2011;13,3064;2017;3035;2017
2;5;28;28;28080;28080;Santa Giustina in Colle;;PD;0;0;7131;2011;17,9675;2017;7246;2017
2;5;28;28;28081;28081;Santa Margherita d'Adige;;PD;0;0;2299;2011;12,7262;2017;2263;2017
2;5;28;28;28082;28082;Sant'Angelo di Piove di Sacco;;PD;0;0;7211;2011;13,9648;2017;7174;2017
2;5;28;28;28083;28083;Sant'Elena;;PD;0;0;2430;2011;8,9164;2017;2498;2017
2;5;28;28;28084;28084;Sant'Urbano;;PD;0;0;2162;2011;31,9186;2017;2005;2017
2;5;28;28;28085;28085;Saonara;;PD;0;0;10043;2011;13,5443;2017;10411;2017
2;5;28;28;28086;28086;Selvazzano Dentro;;PD;0;0;22145;2011;19,5168;2017;22846;2017
2;5;28;28;28087;28087;Solesino;;PD;0;0;7180;2011;10,1429;2017;6964;2017
2;5;28;28;28088;28088;Stanghella;;PD;0;0;4331;2011;19,8106;2017;4105;2017
2;5;28;28;28089;28089;Teolo;;PD;0;0;8866;2011;31,2006;2017;8980;2017
2;5;28;28;28090;28090;Terrassa Padovana;;PD;0;0;2625;2011;14,8125;2017;2662;2017
2;5;28;28;28091;28091;Tombolo;;PD;0;0;8227;2011;11,0202;2017;8340;2017
2;5;28;28;28092;28092;Torreglia;;PD;0;0;6206;2011;18,8543;2017;6076;2017
2;5;28;28;28093;28093;Trebaseleghe;;PD;0;0;12579;2011;30,6561;2017;12815;2017
2;5;28;28;28094;28094;Tribano;;PD;0;0;4431;2011;19,2263;2017;4394;2017
2;5;28;28;28095;28095;Urbana;;PD;0;0;2186;2011;17,0220;2017;2140;2017
2;5;28;28;28096;28096;Veggiano;;PD;0;0;4543;2011;16,4121;2017;4741;2017
2;5;28;28;28097;28097;Vescovana;;PD;0;0;1717;2011;22,2473;2017;1810;2017
2;5;28;28;28098;28098;Vighizzolo d'Este;;PD;0;0;935;2011;17,0825;2017;905;2017
2;5;28;28;28099;28099;Vigodarzere;;PD;0;0;12885;2011;19,9160;2017;12961;2017
2;5;28;28;28100;28100;Vigonza;;PD;0;0;21993;2011;33,3229;2017;22804;2017
2;5;28;28;28101;28101;Villa del Conte;;PD;0;0;5504;2011;17,3484;2017;5454;2017
2;5;28;28;28102;28102;Villa Estense;;PD;0;0;2322;2011;16,0063;2017;2217;2017
2;5;28;28;28103;28103;Villafranca Padovana;;PD;0;0;9797;2011;23,9549;2017;10454;2017
2;5;28;28;28104;28104;Villanova di Camposampiero;;PD;0;0;5929;2011;12,2262;2017;6141;2017
2;5;28;28;28105;28105;Vo';;PD;0;0;3417;2011;20,3663;2017;3346;2017
2;5;28;28;28106;28106;Due Carrare;;PD;0;0;8943;2011;26,5644;2017;9012;2017
2;5;29;29;29001;29001;Adria;;RO;0;0;20233;2011;113,3883;2017;19285;2017
2;5;29;29;29002;29002;Ariano nel Polesine;;RO;0;0;4554;2011;80,6097;2017;4238;2017
2;5;29;29;29003;29003;Arquà Polesine;;RO;0;0;2811;2011;19,9278;2017;2664;2017
2;5;29;29;29004;29004;Badia Polesine;;RO;0;0;10536;2011;44,5341;2017;10251;2017
2;5;29;29;29005;29005;Bagnolo di Po;;RO;0;0;1374;2011;21,3580;2017;1221;2017
2;5;29;29;29006;29006;Bergantino;;RO;0;0;2626;2011;17,9675;2017;2516;2017
2;5;29;29;29007;29007;Bosaro;;RO;0;0;1508;2011;6,1227;2017;1470;2017
2;5;29;29;29008;29008;Calto;;RO;0;0;819;2011;10,8475;2017;719;2017
2;5;29;29;29009;29009;Canaro;;RO;0;0;2853;2011;32,6473;2017;2700;2017
2;5;29;29;29010;29010;Canda;;RO;0;0;1007;2011;14,3743;2017;885;2017
2;5;29;29;29011;29011;Castelguglielmo;;RO;0;0;1646;2011;22,1291;2017;1539;2017
2;5;29;29;29012;29012;Castelmassa;;RO;0;0;4291;2011;11,8404;2017;4065;2017
2;5;29;29;29013;29013;Castelnovo Bariano;;RO;0;0;2931;2011;37,9133;2017;2717;2017
2;5;29;29;29014;29014;Ceneselli;;RO;0;0;1813;2011;28,6176;2017;1633;2017
2;5;29;29;29015;29015;Ceregnano;;RO;0;0;3691;2011;30,1699;2017;3527;2017
2;5;29;29;29017;29017;Corbola;;RO;0;0;2514;2011;18,5470;2017;2362;2017
2;5;29;29;29018;29018;Costa di Rovigo;;RO;0;0;2683;2011;16,0651;2017;2560;2017
2;5;29;29;29019;29019;Crespino;;RO;0;0;1970;2011;31,8550;2017;1855;2017
2;5;29;29;29021;29021;Ficarolo;;RO;0;0;2609;2011;18,0738;2017;2386;2017
2;5;29;29;29022;29022;Fiesso Umbertiano;;RO;0;0;4275;2011;27,5396;2017;3958;2017
2;5;29;29;29023;29023;Frassinelle Polesine;;RO;0;0;1529;2011;21,9767;2017;1392;2017
2;5;29;29;29024;29024;Fratta Polesine;;RO;0;0;2782;2011;20,9677;2017;2627;2017
2;5;29;29;29025;29025;Gaiba;;RO;0;0;1094;2011;11,9896;2017;1035;2017
2;5;29;29;29026;29026;Gavello;;RO;0;0;1605;2011;24,3701;2017;1531;2017
2;5;29;29;29027;29027;Giacciano con Baruchella;;RO;0;0;2182;2011;18,4203;2017;2111;2017
2;5;29;29;29028;29028;Guarda Veneta;;RO;0;0;1185;2011;17,2052;2017;1127;2017
2;5;29;29;29029;29029;Lendinara;;RO;0;0;12024;2011;55,0601;2017;11669;2017
2;5;29;29;29030;29030;Loreo;;RO;0;0;3568;2011;39,8436;2017;3411;2017
2;5;29;29;29031;29031;Lusia;;RO;0;0;3595;2011;17,6764;2017;3405;2017
2;5;29;29;29032;29032;Melara;;RO;0;0;1870;2011;17,5809;2017;1777;2017
2;5;29;29;29033;29033;Occhiobello;;RO;0;0;11351;2011;32,3261;2017;11880;2017
2;5;29;29;29034;29034;Papozze;;RO;0;0;1645;2011;21,4869;2017;1468;2017
2;5;29;29;29035;29035;Pettorazza Grimani;;RO;0;0;1669;2011;21,4544;2017;1554;2017
2;5;29;29;29036;29036;Pincara;;RO;0;0;1262;2011;17,5061;2017;1148;2017
2;5;29;29;29037;29037;Polesella;;RO;0;0;4079;2011;16,4116;2017;3887;2017
2;5;29;29;29038;29038;Pontecchio Polesine;;RO;0;0;2078;2011;11,5313;2017;2227;2017
2;5;29;29;29039;29039;Porto Tolle;;RO;0;0;10058;2011;256,8764;2017;9695;2017
2;5;29;29;29040;29040;Rosolina;;RO;0;0;6481;2011;74,6930;2017;6453;2017
2;5;29;29;29041;29041;Rovigo;;RO;1;0;50164;2011;108,8039;2017;50286;2017
2;5;29;29;29042;29042;Salara;;RO;0;0;1214;2011;14,1558;2017;1152;2017
2;5;29;29;29043;29043;San Bellino;;RO;0;0;1156;2011;15,8257;2017;1076;2017
2;5;29;29;29044;29044;San Martino di Venezze;;RO;0;0;4035;2011;31,0456;2017;3877;2017
2;5;29;29;29045;29045;Stienta;;RO;0;0;3329;2011;24,0221;2017;3226;2017
2;5;29;29;29046;29046;Taglio di Po;;RO;0;0;8495;2011;78,6785;2017;8205;2017
2;5;29;29;29047;29047;Trecenta;;RO;0;0;2956;2011;35,0778;2017;2700;2017
2;5;29;29;29048;29048;Villadose;;RO;0;0;5188;2011;32,0740;2017;5031;2017
2;5;29;29;29049;29049;Villamarzana;;RO;0;0;1202;2011;14,1513;2017;1167;2017
2;5;29;29;29050;29050;Villanova del Ghebbo;;RO;0;0;2164;2011;11,7258;2017;2017;2017
2;5;29;29;29051;29051;Villanova Marchesana;;RO;0;0;1000;2011;18,0497;2017;920;2017
2;5;29;29;29052;29052;Porto Viro;;RO;0;0;14645;2011;133,7666;2017;14265;2017
2;6;30;30;30001;30001;Aiello del Friuli;;UD;0;0;2272;2011;13,3473;2017;2250;2017
2;6;30;30;30002;30002;Amaro;;UD;0;0;841;2011;33,2611;2017;859;2017
2;6;30;30;30003;30003;Ampezzo;;UD;0;0;1030;2011;73,6275;2017;982;2017
2;6;30;30;30004;30004;Aquileia;;UD;0;0;3441;2011;37,4382;2017;3313;2017
2;6;30;30;30005;30005;Arta Terme;;UD;0;0;2243;2011;42,7698;2017;2076;2017
2;6;30;30;30006;30006;Artegna;;UD;0;0;2877;2011;11,2209;2017;2831;2017
2;6;30;30;30007;30007;Attimis;;UD;0;0;1861;2011;33,2372;2017;1743;2017
2;6;30;30;30008;30008;Bagnaria Arsa;;UD;0;0;3577;2011;19,2330;2017;3490;2017
2;6;30;30;30009;30009;Basiliano;;UD;0;0;5353;2011;43,0279;2017;5344;2017
2;6;30;30;30010;30010;Bertiolo;;UD;0;0;2577;2011;26,0516;2017;2407;2017
2;6;30;30;30011;30011;Bicinicco;;UD;0;0;1922;2011;16,0085;2017;1868;2017
2;6;30;30;30012;30012;Bordano;;UD;0;0;789;2011;14,9043;2017;737;2017
2;6;30;30;30013;30013;Buja;;UD;0;0;6627;2011;25,5056;2017;6503;2017
2;6;30;30;30014;30014;Buttrio;;UD;0;0;4039;2011;17,7768;2017;4051;2017
2;6;30;30;30015;30015;Camino al Tagliamento;;UD;0;0;1660;2011;22,3179;2017;1617;2017
2;6;30;30;30016;30016;Campoformido;;UD;0;0;7679;2011;21,9325;2017;7786;2017
2;6;30;30;30018;30018;Carlino;;UD;0;0;2790;2011;30,2261;2017;2803;2017
2;6;30;30;30019;30019;Cassacco;;UD;0;0;2911;2011;11,6785;2017;2927;2017
2;6;30;30;30020;30020;Castions di Strada;;UD;0;0;3866;2011;32,8328;2017;3759;2017
2;6;30;30;30021;30021;Cavazzo Carnico;;UD;0;0;1087;2011;39,4345;2017;1020;2017
2;6;30;30;30022;30022;Cercivento;;UD;0;0;696;2011;15,7819;2017;671;2017
2;6;30;30;30023;30023;Cervignano del Friuli;;UD;0;0;13409;2011;29,1668;2017;13705;2017
2;6;30;30;30024;30024;Chiopris-Viscone;;UD;0;0;620;2011;9,2130;2017;639;2017
2;6;30;30;30025;30025;Chiusaforte;;UD;0;0;703;2011;100,1977;2017;632;2017
2;6;30;30;30026;30026;Cividale del Friuli;;UD;0;0;11378;2011;50,6458;2017;11194;2017
2;6;30;30;30027;30027;Codroipo;;UD;0;0;15806;2011;75,2010;2017;16115;2017
2;6;30;30;30028;30028;Colloredo di Monte Albano;;UD;0;0;2231;2011;21,7505;2017;2198;2017
2;6;30;30;30029;30029;Comeglians;;UD;0;0;532;2011;19,4140;2017;492;2017
2;6;30;30;30030;30030;Corno di Rosazzo;;UD;0;0;3269;2011;12,6215;2017;3185;2017
2;6;30;30;30031;30031;Coseano;;UD;0;0;2247;2011;23,7787;2017;2175;2017
2;6;30;30;30032;30032;Dignano;;UD;0;0;2389;2011;27,6037;2017;2302;2017
2;6;30;30;30033;30033;Dogna;;UD;0;0;192;2011;70,3683;2017;167;2017
2;6;30;30;30034;30034;Drenchia;;UD;0;0;134;2011;12,0083;2017;115;2017
2;6;30;30;30035;30035;Enemonzo;;UD;0;0;1351;2011;23,7602;2017;1310;2017
2;6;30;30;30036;30036;Faedis;;UD;0;0;3014;2011;46,7805;2017;2879;2017
2;6;30;30;30037;30037;Fagagna;;UD;0;0;6279;2011;37,1864;2017;6156;2017
2;6;30;30;30038;30038;Fiumicello;;UD;0;0;5021;2011;23,2424;2017;5016;2017
2;6;30;30;30039;30039;Flaibano;;UD;0;0;1197;2011;17,3415;2017;1118;2017
2;6;30;30;30040;30040;Forni Avoltri;;UD;0;0;642;2011;80,7485;2017;566;2017
2;6;30;30;30041;30041;Forni di Sopra;;UD;0;0;1027;2011;81,6557;2017;954;2017
2;6;30;30;30042;30042;Forni di Sotto;;UD;0;0;620;2011;93,5943;2017;583;2017
2;6;30;30;30043;30043;Gemona del Friuli;;UD;0;0;11141;2011;56,0573;2017;10910;2017
2;6;30;30;30044;30044;Gonars;;UD;0;0;4790;2011;19,8169;2017;4700;2017
2;6;30;30;30045;30045;Grimacco;;UD;0;0;374;2011;16,1058;2017;335;2017
2;6;30;30;30046;30046;Latisana;;UD;0;0;13647;2011;37,7963;2017;13448;2017
2;6;30;30;30047;30047;Lauco;;UD;0;0;784;2011;34,7578;2017;727;2017
2;6;30;30;30048;30048;Lestizza;;UD;0;0;3885;2011;34,3383;2017;3756;2017
2;6;30;30;30049;30049;Lignano Sabbiadoro;;UD;0;0;6447;2011;15,7064;2017;6828;2017
2;6;30;30;30050;30050;Ligosullo;;UD;0;0;142;2011;16,8449;2017;104;2017
2;6;30;30;30051;30051;Lusevera;;UD;0;0;700;2011;53,0467;2017;627;2017
2;6;30;30;30052;30052;Magnano in Riviera;;UD;0;0;2366;2011;8,3404;2017;2331;2017
2;6;30;30;30053;30053;Majano;;UD;0;0;6051;2011;28,2752;2017;5910;2017
2;6;30;30;30054;30054;Malborghetto Valbruna;;UD;0;0;969;2011;124,2110;2017;913;2017
2;6;30;30;30055;30055;Manzano;;UD;0;0;6581;2011;31,0425;2017;6303;2017
2;6;30;30;30056;30056;Marano Lagunare;;UD;0;0;1963;2011;85,8033;2017;1798;2017
2;6;30;30;30057;30057;Martignacco;;UD;0;0;6796;2011;26,6770;2017;6874;2017
2;6;30;30;30058;30058;Mereto di Tomba;;UD;0;0;2709;2011;27,2869;2017;2611;2017
2;6;30;30;30059;30059;Moggio Udinese;;UD;0;0;1814;2011;142,4341;2017;1705;2017
2;6;30;30;30060;30060;Moimacco;;UD;0;0;1648;2011;11,7658;2017;1666;2017
2;6;30;30;30061;30061;Montenars;;UD;0;0;558;2011;20,5915;2017;512;2017
2;6;30;30;30062;30062;Mortegliano;;UD;0;0;5045;2011;30,0528;2017;4906;2017
2;6;30;30;30063;30063;Moruzzo;;UD;0;0;2391;2011;17,7760;2017;2508;2017
2;6;30;30;30064;30064;Muzzana del Turgnano;;UD;0;0;2641;2011;24,2909;2017;2485;2017
2;6;30;30;30065;30065;Nimis;;UD;0;0;2778;2011;33,8948;2017;2709;2017
2;6;30;30;30066;30066;Osoppo;;UD;0;0;3006;2011;22,4040;2017;2858;2017
2;6;30;30;30067;30067;Ovaro;;UD;0;0;2010;2011;57,9039;2017;1883;2017
2;6;30;30;30068;30068;Pagnacco;;UD;0;0;5044;2011;14,9331;2017;5035;2017
2;6;30;30;30069;30069;Palazzolo dello Stella;;UD;0;0;3008;2011;34,5500;2017;2869;2017
2;6;30;30;30070;30070;Palmanova;;UD;0;0;5409;2011;13,2774;2017;5360;2017
2;6;30;30;30071;30071;Paluzza;;UD;0;0;2372;2011;69,7487;2017;2162;2017
2;6;30;30;30072;30072;Pasian di Prato;;UD;0;0;9375;2011;15,4140;2017;9364;2017
2;6;30;30;30073;30073;Paularo;;UD;0;0;2737;2011;84,2423;2017;2571;2017
2;6;30;30;30074;30074;Pavia di Udine;;UD;0;0;5698;2011;34,3360;2017;5586;2017
2;6;30;30;30075;30075;Pocenia;;UD;0;0;2595;2011;23,9831;2017;2473;2017
2;6;30;30;30076;30076;Pontebba;;UD;0;0;1503;2011;99,6625;2017;1395;2017
2;6;30;30;30077;30077;Porpetto;;UD;0;0;2650;2011;18,0541;2017;2575;2017
2;6;30;30;30078;30078;Povoletto;;UD;0;0;5572;2011;38,4131;2017;5421;2017
2;6;30;30;30079;30079;Pozzuolo del Friuli;;UD;0;0;6880;2011;34,3697;2017;6936;2017
2;6;30;30;30080;30080;Pradamano;;UD;0;0;3536;2011;15,9086;2017;3624;2017
2;6;30;30;30081;30081;Prato Carnico;;UD;0;0;927;2011;81,7207;2017;901;2017
2;6;30;30;30082;30082;Precenicco;;UD;0;0;1484;2011;27,2302;2017;1448;2017
2;6;30;30;30083;30083;Premariacco;;UD;0;0;4187;2011;39,8850;2017;4070;2017
2;6;30;30;30084;30084;Preone;;UD;0;0;266;2011;22,4728;2017;234;2017
2;6;30;30;30085;30085;Prepotto;;UD;0;0;809;2011;33,2345;2017;759;2017
2;6;30;30;30086;30086;Pulfero;;UD;0;0;1033;2011;48,6760;2017;921;2017
2;6;30;30;30087;30087;Ragogna;;UD;0;0;3023;2011;22,0271;2017;2851;2017
2;6;30;30;30088;30088;Ravascletto;;UD;0;0;560;2011;26,4796;2017;528;2017
2;6;30;30;30089;30089;Raveo;;UD;0;0;508;2011;12,5973;2017;451;2017
2;6;30;30;30090;30090;Reana del Rojale;;UD;0;0;5032;2011;20,3320;2017;4910;2017
2;6;30;30;30091;30091;Remanzacco;;UD;0;0;6066;2011;30,9872;2017;6155;2017
2;6;30;30;30092;30092;Resia;;UD;0;0;1091;2011;119,3121;2017;998;2017
2;6;30;30;30093;30093;Resiutta;;UD;0;0;315;2011;20,3611;2017;285;2017
2;6;30;30;30094;30094;Rigolato;;UD;0;0;502;2011;30,7703;2017;430;2017
2;6;30;30;30095;30095;Rive d'Arcano;;UD;0;0;2479;2011;22,5658;2017;2463;2017
2;6;30;30;30097;30097;Ronchis;;UD;0;0;2054;2011;18,3968;2017;2020;2017
2;6;30;30;30098;30098;Ruda;;UD;0;0;2995;2011;19,4636;2017;2912;2017
2;6;30;30;30099;30099;San Daniele del Friuli;;UD;0;0;8072;2011;34,7795;2017;7983;2017
2;6;30;30;30100;30100;San Giorgio di Nogaro;;UD;0;0;7681;2011;25,9373;2017;7484;2017
2;6;30;30;30101;30101;San Giovanni al Natisone;;UD;0;0;6117;2011;24,0601;2017;6115;2017
2;6;30;30;30102;30102;San Leonardo;;UD;0;0;1161;2011;26,9138;2017;1114;2017
2;6;30;30;30103;30103;San Pietro al Natisone;;UD;0;0;2223;2011;23,9685;2017;2140;2017
2;6;30;30;30104;30104;Santa Maria la Longa;;UD;0;0;2417;2011;19,6031;2017;2309;2017
2;6;30;30;30105;30105;San Vito al Torre;;UD;0;0;1333;2011;11,9224;2017;1254;2017
2;6;30;30;30106;30106;San Vito di Fagagna;;UD;0;0;1682;2011;8,5705;2017;1667;2017
2;6;30;30;30107;30107;Sauris;;UD;0;0;419;2011;41,4911;2017;405;2017
2;6;30;30;30108;30108;Savogna;;UD;0;0;482;2011;22,1649;2017;381;2017
2;6;30;30;30109;30109;Sedegliano;;UD;0;0;3937;2011;50,4220;2017;3772;2017
2;6;30;30;30110;30110;Socchieve;;UD;0;0;941;2011;66,1145;2017;896;2017
2;6;30;30;30111;30111;Stregna;;UD;0;0;398;2011;19,6913;2017;343;2017
2;6;30;30;30112;30112;Sutrio;;UD;0;0;1371;2011;20,7456;2017;1290;2017
2;6;30;30;30113;30113;Taipana;;UD;0;0;679;2011;65,4414;2017;595;2017
2;6;30;30;30114;30114;Talmassons;;UD;0;0;4144;2011;43,0497;2017;4010;2017
2;6;30;30;30116;30116;Tarcento;;UD;0;0;9095;2011;35,4193;2017;8945;2017
2;6;30;30;30117;30117;Tarvisio;;UD;0;0;4577;2011;208,3559;2017;4224;2017
2;6;30;30;30118;30118;Tavagnacco;;UD;0;0;14262;2011;15,3441;2017;14973;2017
2;6;30;30;30120;30120;Terzo d'Aquileia;;UD;0;0;2881;2011;28,3598;2017;2850;2017
2;6;30;30;30121;30121;Tolmezzo;;UD;0;0;10570;2011;64,6226;2017;10236;2017
2;6;30;30;30122;30122;Torreano;;UD;0;0;2213;2011;34,9904;2017;2124;2017
2;6;30;30;30123;30123;Torviscosa;;UD;0;0;2969;2011;48,6221;2017;2805;2017
2;6;30;30;30124;30124;Trasaghis;;UD;0;0;2298;2011;77,8492;2017;2215;2017
2;6;30;30;30125;30125;Treppo Carnico;;UD;0;0;642;2011;18,7390;2017;607;2017
2;6;30;30;30126;30126;Treppo Grande;;UD;0;0;1741;2011;11,3221;2017;1710;2017
2;6;30;30;30127;30127;Tricesimo;;UD;0;0;7609;2011;17,6830;2017;7614;2017
2;6;30;30;30128;30128;Trivignano Udinese;;UD;0;0;1689;2011;18,4599;2017;1630;2017
2;6;30;30;30129;30129;Udine;;UD;1;0;98287;2011;57,1924;2017;100354;2017
2;6;30;30;30130;30130;Varmo;;UD;0;0;2830;2011;34,9183;2017;2731;2017
2;6;30;30;30131;30131;Venzone;;UD;0;0;2230;2011;54,5509;2017;1943;2017
2;6;30;30;30132;30132;Verzegnis;;UD;0;0;906;2011;39,3306;2017;860;2017
2;6;30;30;30133;30133;Villa Santina;;UD;0;0;2222;2011;12,9947;2017;2219;2017
2;6;30;30;30134;30134;Villa Vicentina;;UD;0;0;1387;2011;5,5565;2017;1370;2017
2;6;30;30;30135;30135;Visco;;UD;0;0;775;2011;3,5386;2017;787;2017
2;6;30;30;30136;30136;Zuglio;;UD;0;0;606;2011;18,2113;2017;579;2017
2;6;30;30;30137;30137;Forgaria nel Friuli;;UD;0;0;1826;2011;28,9391;2017;1776;2017
2;6;30;30;30138;30138;Campolongo Tapogliano;;UD;0;0;1210;2011;11,0193;2017;1157;2017
2;6;30;30;30188;30188;Rivignano Teor;;UD;0;0;6403;2011;47,7536;2017;6278;2017
2;6;30;30;30189;30189;Sappada;;UD;0;0;1306;2011;62,0628;2017;1320;2017
2;6;31;31;31001;31001;Capriva del Friuli;;GO;0;0;1731;2011;6,3200;2017;1716;2017
2;6;31;31;31002;31002;Cormons;;GO;0;0;7543;2011;35,0850;2017;7229;2017
2;6;31;31;31003;31003;Doberdò del Lago-Doberdob;Doberdob;GO;0;0;1441;2011;27,0526;2017;1383;2017
2;6;31;31;31004;31004;Dolegna del Collio;;GO;0;0;390;2011;12,8765;2017;347;2017
2;6;31;31;31005;31005;Farra d'Isonzo;;GO;0;0;1752;2011;10,2510;2017;1713;2017
2;6;31;31;31006;31006;Fogliano Redipuglia;;GO;0;0;3052;2011;7,9241;2017;3003;2017
2;6;31;31;31007;31007;Gorizia;;GO;1;0;35212;2011;41,2626;2017;33967;2017
2;6;31;31;31008;31008;Gradisca d'Isonzo;;GO;0;0;6528;2011;11,2200;2017;6426;2017
2;6;31;31;31009;31009;Grado;;GO;0;0;8462;2011;111,3235;2017;8152;2017
2;6;31;31;31010;31010;Mariano del Friuli;;GO;0;0;1600;2011;8,5915;2017;1493;2017
2;6;31;31;31011;31011;Medea;;GO;0;0;970;2011;7,3593;2017;965;2017
2;6;31;31;31012;31012;Monfalcone;;GO;0;0;27041;2011;19,7274;2017;27679;2017
2;6;31;31;31013;31013;Moraro;;GO;0;0;767;2011;3,5654;2017;754;2017
2;6;31;31;31014;31014;Mossa;;GO;0;0;1659;2011;6,2051;2017;1562;2017
2;6;31;31;31015;31015;Romans d'Isonzo;;GO;0;0;3702;2011;15,4983;2017;3727;2017
2;6;31;31;31016;31016;Ronchi dei Legionari;;GO;0;0;11960;2011;17,1084;2017;11897;2017
2;6;31;31;31017;31017;Sagrado;;GO;0;0;2236;2011;13,9395;2017;2168;2017
2;6;31;31;31018;31018;San Canzian d'Isonzo;;GO;0;0;6309;2011;33,8903;2017;6205;2017
2;6;31;31;31019;31019;San Floriano del Collio-Števerjan;Števerjan;GO;0;0;798;2011;10,6311;2017;775;2017
2;6;31;31;31020;31020;San Lorenzo Isontino;;GO;0;0;1548;2011;4,4013;2017;1546;2017
2;6;31;31;31021;31021;San Pier d'Isonzo;;GO;0;0;2019;2011;9,0280;2017;2020;2017
2;6;31;31;31022;31022;Savogna d'Isonzo-Sovodnje ob Soči;Sovodnje ob Soči;GO;0;0;1727;2011;16,9815;2017;1680;2017
2;6;31;31;31023;31023;Staranzano;;GO;0;0;7199;2011;19,6605;2017;7284;2017
2;6;31;31;31024;31024;Turriaco;;GO;0;0;2780;2011;5,1749;2017;2830;2017
2;6;31;31;31025;31025;Villesse;;GO;0;0;1717;2011;12,0535;2017;1697;2017
2;6;32;32;32001;32001;Duino Aurisina-Devin Nabrežina;Devin Nabrežina;TS;0;0;8586;2011;45,3135;2017;8409;2017
2;6;32;32;32002;32002;Monrupino-Repentabor;Repentabor;TS;0;0;881;2011;12,6103;2017;876;2017
2;6;32;32;32003;32003;Muggia;;TS;0;0;13022;2011;13,8518;2017;13029;2017
2;6;32;32;32004;32004;San Dorligo della Valle-Dolina;Dolina;TS;0;0;5912;2011;24,2218;2017;5767;2017
2;6;32;32;32005;32005;Sgonico-Zgonik;Zgonik;TS;0;0;2077;2011;31,4024;2017;2043;2017
2;6;32;32;32006;32006;Trieste;;TS;1;1;202123;2011;85,1039;2017;202150;2017
2;8;33;33;33001;33001;Agazzano;;PC;0;0;2070;2011;36,1450;2017;2041;2017
2;8;33;33;33002;33002;Alseno;;PC;0;0;4823;2011;55,2695;2017;4675;2017
2;8;33;33;33003;33003;Besenzone;;PC;0;0;976;2011;23,9471;2017;968;2017
2;8;33;33;33004;33004;Bettola;;PC;0;0;2999;2011;122,3705;2017;2744;2017
2;8;33;33;33005;33005;Bobbio;;PC;0;0;3711;2011;106,5214;2017;3590;2017
2;8;33;33;33006;33006;Borgonovo Val Tidone;;PC;0;0;7631;2011;51,2167;2017;7901;2017
2;8;33;33;33007;33007;Cadeo;;PC;0;0;6052;2011;38,4792;2017;6031;2017
2;8;33;33;33008;33008;Calendasco;;PC;0;0;2448;2011;36,9357;2017;2457;2017
2;8;33;33;33009;33009;Caminata;;PC;0;0;276;2011;3,1702;2017;245;2017
2;8;33;33;33010;33010;Caorso;;PC;0;0;4830;2011;40,9806;2017;4707;2017
2;8;33;33;33011;33011;Carpaneto Piacentino;;PC;0;0;7537;2011;63,0763;2017;7663;2017
2;8;33;33;33012;33012;Castell'Arquato;;PC;0;0;4712;2011;52,7485;2017;4639;2017
2;8;33;33;33013;33013;Castel San Giovanni;;PC;0;0;13629;2011;44,0397;2017;13753;2017
2;8;33;33;33014;33014;Castelvetro Piacentino;;PC;0;0;5584;2011;35,0518;2017;5347;2017
2;8;33;33;33015;33015;Cerignale;;PC;0;0;155;2011;30,8180;2017;121;2017
2;8;33;33;33016;33016;Coli;;PC;0;0;955;2011;71,6896;2017;881;2017
2;8;33;33;33017;33017;Corte Brugnatella;;PC;0;0;671;2011;46,3089;2017;581;2017
2;8;33;33;33018;33018;Cortemaggiore;;PC;0;0;4456;2011;36,4718;2017;4626;2017
2;8;33;33;33019;33019;Farini;;PC;0;0;1455;2011;112,3548;2017;1206;2017
2;8;33;33;33020;33020;Ferriere;;PC;0;0;1425;2011;178,4949;2017;1241;2017
2;8;33;33;33021;33021;Fiorenzuola d'Arda;;PC;0;0;14886;2011;59,7690;2017;15032;2017
2;8;33;33;33022;33022;Gazzola;;PC;0;0;1999;2011;44,4768;2017;2051;2017
2;8;33;33;33023;33023;Gossolengo;;PC;0;0;5431;2011;31,0994;2017;5675;2017
2;8;33;33;33024;33024;Gragnano Trebbiense;;PC;0;0;4386;2011;34,6120;2017;4585;2017
2;8;33;33;33025;33025;Gropparello;;PC;0;0;2324;2011;56,3300;2017;2242;2017
2;8;33;33;33026;33026;Lugagnano Val d'Arda;;PC;0;0;4155;2011;54,3974;2017;3948;2017
2;8;33;33;33027;33027;Monticelli d'Ongina;;PC;0;0;5428;2011;46,3298;2017;5255;2017
2;8;33;33;33028;33028;Morfasso;;PC;0;0;1105;2011;83,9336;2017;977;2017
2;8;33;33;33029;33029;Nibbiano;;PC;0;0;2263;2011;43,9205;2017;2094;2017
2;8;33;33;33030;33030;Ottone;;PC;0;0;570;2011;98,9494;2017;501;2017
2;8;33;33;33031;33031;Pecorara;;PC;0;0;810;2011;53,7648;2017;696;2017
2;8;33;33;33032;33032;Piacenza;;PC;1;0;100311;2011;118,2281;2017;103215;2017
2;8;33;33;33033;33033;Pianello Val Tidone;;PC;0;0;2290;2011;36,2849;2017;2234;2017
2;8;33;33;33034;33034;Piozzano;;PC;0;0;642;2011;43,6068;2017;626;2017
2;8;33;33;33035;33035;Podenzano;;PC;0;0;8990;2011;44,3354;2017;9113;2017
2;8;33;33;33036;33036;Ponte dell'Olio;;PC;0;0;4936;2011;43,9148;2017;4704;2017
2;8;33;33;33037;33037;Pontenure;;PC;0;0;6373;2011;33,8481;2017;6490;2017
2;8;33;33;33038;33038;Rivergaro;;PC;0;0;6853;2011;43,8291;2017;7051;2017
2;8;33;33;33039;33039;Rottofreno;;PC;0;0;11641;2011;35,1646;2017;12089;2017
2;8;33;33;33040;33040;San Giorgio Piacentino;;PC;0;0;5818;2011;49,1940;2017;5686;2017
2;8;33;33;33041;33041;San Pietro in Cerro;;PC;0;0;926;2011;27,3456;2017;834;2017
2;8;33;33;33042;33042;Sarmato;;PC;0;0;2919;2011;27,2585;2017;2852;2017
2;8;33;33;33043;33043;Travo;;PC;0;0;1993;2011;81,0121;2017;2125;2017
2;8;33;33;33044;33044;Vernasca;;PC;0;0;2241;2011;72,5658;2017;2057;2017
2;8;33;33;33045;33045;Vigolzone;;PC;0;0;4268;2011;42,0366;2017;4327;2017
2;8;33;33;33046;33046;Villanova sull'Arda;;PC;0;0;1936;2011;36,5647;2017;1740;2017
2;8;33;33;33047;33047;Zerba;;PC;0;0;92;2011;24,1270;2017;78;2017
2;8;33;33;33048;33048;Ziano Piacentino;;PC;0;0;2635;2011;32,7755;2017;2510;2017
2;8;34;34;34001;34001;Albareto;;PR;0;0;2165;2011;104,1033;2017;2159;2017
2;8;34;34;34002;34002;Bardi;;PR;0;0;2337;2011;189,8940;2017;2177;2017
2;8;34;34;34003;34003;Bedonia;;PR;0;0;3617;2011;169,5556;2017;3370;2017
2;8;34;34;34004;34004;Berceto;;PR;0;0;2144;2011;131,7046;2017;2020;2017
2;8;34;34;34005;34005;Bore;;PR;0;0;799;2011;43,0043;2017;732;2017
2;8;34;34;34006;34006;Borgo Val di Taro;;PR;0;0;7275;2011;151,4879;2017;6922;2017
2;8;34;34;34007;34007;Busseto;;PR;0;0;7043;2011;76,5911;2017;6908;2017
2;8;34;34;34008;34008;Calestano;;PR;0;0;2033;2011;57,3542;2017;2141;2017
2;8;34;34;34009;34009;Collecchio;;PR;0;0;13893;2011;58,8310;2017;14625;2017
2;8;34;34;34010;34010;Colorno;;PR;0;0;8920;2011;48,4061;2017;9008;2017
2;8;34;34;34011;34011;Compiano;;PR;0;0;1122;2011;37,5320;2017;1091;2017
2;8;34;34;34012;34012;Corniglio;;PR;0;0;1997;2011;165,6975;2017;1862;2017
2;8;34;34;34013;34013;Felino;;PR;0;0;8621;2011;38,3458;2017;8885;2017
2;8;34;34;34014;34014;Fidenza;;PR;0;0;25521;2011;95,1166;2017;26760;2017
2;8;34;34;34015;34015;Fontanellato;;PR;0;0;6963;2011;53,9754;2017;7000;2017
2;8;34;34;34016;34016;Fontevivo;;PR;0;0;5428;2011;26,0045;2017;5524;2017
2;8;34;34;34017;34017;Fornovo di Taro;;PR;0;0;6192;2011;57,5224;2017;5955;2017
2;8;34;34;34018;34018;Langhirano;;PR;0;0;9784;2011;70,8424;2017;10277;2017
2;8;34;34;34019;34019;Lesignano de' Bagni;;PR;0;0;4759;2011;47,4850;2017;4996;2017
2;8;34;34;34020;34020;Medesano;;PR;0;0;10663;2011;88,7682;2017;10891;2017
2;8;34;34;34021;34021;Mezzani;;PR;0;0;3382;2011;27,6387;2017;3193;2017
2;8;34;34;34022;34022;Monchio delle Corti;;PR;0;0;985;2011;69,0416;2017;898;2017
2;8;34;34;34023;34023;Montechiarugolo;;PR;0;0;10482;2011;48,2015;2017;10907;2017
2;8;34;34;34024;34024;Neviano degli Arduini;;PR;0;0;3691;2011;105,9563;2017;3610;2017
2;8;34;34;34025;34025;Noceto;;PR;0;0;12705;2011;79,1728;2017;12906;2017
2;8;34;34;34026;34026;Palanzano;;PR;0;0;1165;2011;69,8016;2017;1127;2017
2;8;34;34;34027;34027;Parma;;PR;1;0;175895;2011;260,5979;2017;197301;2017
2;8;34;34;34028;34028;Pellegrino Parmense;;PR;0;0;1066;2011;82,0786;2017;1040;2017
2;8;34;34;34030;34030;Roccabianca;;PR;0;0;3069;2011;40,4590;2017;2957;2017
2;8;34;34;34031;34031;Sala Baganza;;PR;0;0;5392;2011;30,7549;2017;5607;2017
2;8;34;34;34032;34032;Salsomaggiore Terme;;PR;0;0;19505;2011;81,4989;2017;19286;2017
2;8;34;34;34033;34033;San Secondo Parmense;;PR;0;0;5519;2011;37,7094;2017;5625;2017
2;8;34;34;34035;34035;Solignano;;PR;0;0;1809;2011;73,1352;2017;1756;2017
2;8;34;34;34036;34036;Soragna;;PR;0;0;4872;2011;45,3863;2017;4823;2017
2;8;34;34;34037;34037;Sorbolo;;PR;0;0;9602;2011;39,3325;2017;9428;2017
2;8;34;34;34038;34038;Terenzo;;PR;0;0;1195;2011;72,6961;2017;1193;2017
2;8;34;34;34039;34039;Tizzano Val Parma;;PR;0;0;2113;2011;78,3864;2017;2093;2017
2;8;34;34;34040;34040;Tornolo;;PR;0;0;1102;2011;67,4779;2017;960;2017
2;8;34;34;34041;34041;Torrile;;PR;0;0;7458;2011;37,1470;2017;7691;2017
2;8;34;34;34042;34042;Traversetolo;;PR;0;0;9275;2011;54,8602;2017;9470;2017
2;8;34;34;34044;34044;Valmozzola;;PR;0;0;567;2011;67,6414;2017;519;2017
2;8;34;34;34045;34045;Varano de' Melegari;;PR;0;0;2689;2011;64,9214;2017;2646;2017
2;8;34;34;34046;34046;Varsi;;PR;0;0;1281;2011;80,0644;2017;1213;2017
2;8;34;34;34049;34049;Sissa Trecasali;;PR;0;0;7991;2011;72,7144;2017;7780;2017
2;8;34;34;34050;34050;Polesine Zibello;;PR;0;0;3348;2011;48,5037;2017;3154;2017
2;8;35;35;35001;35001;Albinea;;RE;0;0;8755;2011;43,8883;2017;8861;2017
2;8;35;35;35002;35002;Bagnolo in Piano;;RE;0;0;9386;2011;26,9392;2017;9659;2017
2;8;35;35;35003;35003;Baiso;;RE;0;0;3403;2011;75,5530;2017;3258;2017
2;8;35;35;35004;35004;Bibbiano;;RE;0;0;9965;2011;28,1622;2017;10187;2017
2;8;35;35;35005;35005;Boretto;;RE;0;0;5263;2011;18,0943;2017;5289;2017
2;8;35;35;35006;35006;Brescello;;RE;0;0;5546;2011;24,0376;2017;5605;2017
2;8;35;35;35008;35008;Cadelbosco di Sopra;;RE;0;0;10409;2011;43,5957;2017;10623;2017
2;8;35;35;35009;35009;Campagnola Emilia;;RE;0;0;5493;2011;24,3929;2017;5570;2017
2;8;35;35;35010;35010;Campegine;;RE;0;0;5114;2011;22,6234;2017;5236;2017
2;8;35;35;35011;35011;Carpineti;;RE;0;0;4178;2011;89,5670;2017;4016;2017
2;8;35;35;35012;35012;Casalgrande;;RE;0;0;18635;2011;37,7068;2017;19234;2017
2;8;35;35;35013;35013;Casina;;RE;0;0;4534;2011;63,8037;2017;4485;2017
2;8;35;35;35014;35014;Castellarano;;RE;0;0;14838;2011;58,0580;2017;15232;2017
2;8;35;35;35015;35015;Castelnovo di Sotto;;RE;0;0;8594;2011;35,0143;2017;8423;2017
2;8;35;35;35016;35016;Castelnovo ne' Monti;;RE;0;0;10481;2011;96,6802;2017;10442;2017
2;8;35;35;35017;35017;Cavriago;;RE;0;0;9698;2011;16,9945;2017;9887;2017
2;8;35;35;35018;35018;Canossa;;RE;0;0;3785;2011;53,0823;2017;3745;2017
2;8;35;35;35020;35020;Correggio;;RE;0;0;24825;2011;77,5093;2017;25650;2017
2;8;35;35;35021;35021;Fabbrico;;RE;0;0;6696;2011;23,6332;2017;6603;2017
2;8;35;35;35022;35022;Gattatico;;RE;0;0;5899;2011;42,1447;2017;5726;2017
2;8;35;35;35023;35023;Gualtieri;;RE;0;0;6639;2011;35,6438;2017;6409;2017
2;8;35;35;35024;35024;Guastalla;;RE;0;0;14786;2011;52,9206;2017;14965;2017
2;8;35;35;35026;35026;Luzzara;;RE;0;0;9169;2011;38,5245;2017;8906;2017
2;8;35;35;35027;35027;Montecchio Emilia;;RE;0;0;10201;2011;24,3868;2017;10553;2017
2;8;35;35;35028;35028;Novellara;;RE;0;0;13455;2011;58,1064;2017;13581;2017
2;8;35;35;35029;35029;Poviglio;;RE;0;0;7045;2011;43,5507;2017;7120;2017
2;8;35;35;35030;35030;Quattro Castella;;RE;0;0;12909;2011;46,3056;2017;13265;2017
2;8;35;35;35032;35032;Reggiolo;;RE;0;0;9217;2011;42,6623;2017;9025;2017
2;8;35;35;35033;35033;Reggio nell'Emilia;;RE;1;0;162082;2011;230,6805;2017;170151;2017
2;8;35;35;35034;35034;Rio Saliceto;;RE;0;0;6092;2011;22,5618;2017;6134;2017
2;8;35;35;35035;35035;Rolo;;RE;0;0;4038;2011;14,1703;2017;4050;2017
2;8;35;35;35036;35036;Rubiera;;RE;0;0;14421;2011;25,1941;2017;14821;2017
2;8;35;35;35037;35037;San Martino in Rio;;RE;0;0;7773;2011;22,7176;2017;8047;2017
2;8;35;35;35038;35038;San Polo d'Enza;;RE;0;0;5949;2011;32,2932;2017;6161;2017
2;8;35;35;35039;35039;Sant'Ilario d'Enza;;RE;0;0;10939;2011;20,2331;2017;11164;2017
2;8;35;35;35040;35040;Scandiano;;RE;0;0;24792;2011;50,0478;2017;25712;2017
2;8;35;35;35041;35041;Toano;;RE;0;0;4458;2011;67,2538;2017;4421;2017
2;8;35;35;35042;35042;Vetto;;RE;0;0;1956;2011;53,3728;2017;1848;2017
2;8;35;35;35043;35043;Vezzano sul Crostolo;;RE;0;0;4214;2011;37,8178;2017;4295;2017
2;8;35;35;35044;35044;Viano;;RE;0;0;3377;2011;44,9712;2017;3342;2017
2;8;35;35;35045;35045;Villa Minozzo;;RE;0;0;3900;2011;168,0773;2017;3658;2017
2;8;35;35;35046;35046;Ventasso;;RE;0;0;4407;2011;258,1724;2017;4229;2017
2;8;36;36;36001;36001;Bastiglia;;MO;0;0;3985;2011;10,4662;2017;4179;2017
2;8;36;36;36002;36002;Bomporto;;MO;0;0;9761;2011;38,8735;2017;10067;2017
2;8;36;36;36003;36003;Campogalliano;;MO;0;0;8514;2011;35,6891;2017;8738;2017
2;8;36;36;36004;36004;Camposanto;;MO;0;0;3171;2011;22,7072;2017;3174;2017
2;8;36;36;36005;36005;Carpi;;MO;0;0;67268;2011;131,5407;2017;71404;2017
2;8;36;36;36006;36006;Castelfranco Emilia;;MO;0;0;31656;2011;102,5111;2017;32769;2017
2;8;36;36;36007;36007;Castelnuovo Rangone;;MO;0;0;14116;2011;22,4407;2017;15011;2017
2;8;36;36;36008;36008;Castelvetro di Modena;;MO;0;0;11012;2011;49,7830;2017;11302;2017
2;8;36;36;36009;36009;Cavezzo;;MO;0;0;7196;2011;26,7719;2017;7043;2017
2;8;36;36;36010;36010;Concordia sulla Secchia;;MO;0;0;8968;2011;40,9448;2017;8334;2017
2;8;36;36;36011;36011;Fanano;;MO;0;0;3028;2011;89,9056;2017;2944;2017
2;8;36;36;36012;36012;Finale Emilia;;MO;0;0;15713;2011;105,1257;2017;15522;2017
2;8;36;36;36013;36013;Fiorano Modenese;;MO;0;0;16945;2011;26,2317;2017;17139;2017
2;8;36;36;36014;36014;Fiumalbo;;MO;0;0;1304;2011;39,1349;2017;1233;2017
2;8;36;36;36015;36015;Formigine;;MO;0;0;33667;2011;46,7584;2017;34258;2017
2;8;36;36;36016;36016;Frassinoro;;MO;0;0;1997;2011;95,4568;2017;1880;2017
2;8;36;36;36017;36017;Guiglia;;MO;0;0;3999;2011;48,2960;2017;3897;2017
2;8;36;36;36018;36018;Lama Mocogno;;MO;0;0;2844;2011;63,9070;2017;2701;2017
2;8;36;36;36019;36019;Maranello;;MO;0;0;16622;2011;32,5808;2017;17476;2017
2;8;36;36;36020;36020;Marano sul Panaro;;MO;0;0;4787;2011;45,4654;2017;5180;2017
2;8;36;36;36021;36021;Medolla;;MO;0;0;6322;2011;26,9959;2017;6268;2017
2;8;36;36;36022;36022;Mirandola;;MO;0;0;23960;2011;137,0459;2017;23619;2017
2;8;36;36;36023;36023;Modena;;MO;1;0;179149;2011;183,1730;2017;186850;2017
2;8;36;36;36024;36024;Montecreto;;MO;0;0;1000;2011;31,2213;2017;922;2017
2;8;36;36;36025;36025;Montefiorino;;MO;0;0;2253;2011;45,2770;2017;2151;2017
2;8;36;36;36026;36026;Montese;;MO;0;0;3357;2011;81,0046;2017;3331;2017
2;8;36;36;36027;36027;Nonantola;;MO;0;0;15179;2011;55,3200;2017;15826;2017
2;8;36;36;36028;36028;Novi di Modena;;MO;0;0;10972;2011;51,8080;2017;9958;2017
2;8;36;36;36029;36029;Palagano;;MO;0;0;2354;2011;60,4110;2017;2146;2017
2;8;36;36;36030;36030;Pavullo nel Frignano;;MO;0;0;17198;2011;143,7304;2017;17441;2017
2;8;36;36;36031;36031;Pievepelago;;MO;0;0;2241;2011;76,5344;2017;2317;2017
2;8;36;36;36032;36032;Polinago;;MO;0;0;1742;2011;53,7389;2017;1652;2017
2;8;36;36;36033;36033;Prignano sulla Secchia;;MO;0;0;3773;2011;79,6652;2017;3747;2017
2;8;36;36;36034;36034;Ravarino;;MO;0;0;6165;2011;28,5303;2017;6101;2017
2;8;36;36;36035;36035;Riolunato;;MO;0;0;759;2011;44,9129;2017;693;2017
2;8;36;36;36036;36036;San Cesario sul Panaro;;MO;0;0;6117;2011;27,3097;2017;6468;2017
2;8;36;36;36037;36037;San Felice sul Panaro;;MO;0;0;11026;2011;51,6636;2017;10801;2017
2;8;36;36;36038;36038;San Possidonio;;MO;0;0;3621;2011;17,0582;2017;3507;2017
2;8;36;36;36039;36039;San Prospero;;MO;0;0;5841;2011;34,5570;2017;5912;2017
2;8;36;36;36040;36040;Sassuolo;;MO;0;0;39885;2011;38,4032;2017;40289;2017
2;8;36;36;36041;36041;Savignano sul Panaro;;MO;0;0;9276;2011;25,5540;2017;9151;2017
2;8;36;36;36042;36042;Serramazzoni;;MO;0;0;8014;2011;93,9602;2017;8279;2017
2;8;36;36;36043;36043;Sestola;;MO;0;0;2602;2011;52,4711;2017;2474;2017
2;8;36;36;36044;36044;Soliera;;MO;0;0;15061;2011;50,9283;2017;15284;2017
2;8;36;36;36045;36045;Spilamberto;;MO;0;0;12130;2011;29,7918;2017;12661;2017
2;8;36;36;36046;36046;Vignola;;MO;0;0;24344;2011;22,8613;2017;25260;2017
2;8;36;36;36047;36047;Zocca;;MO;0;0;4883;2011;69,3646;2017;4603;2017
2;8;37;237;37001;37001;Anzola dell'Emilia;;BO;0;0;11851;2011;36,5961;2017;12283;2017
2;8;37;237;37002;37002;Argelato;;BO;0;0;9656;2011;35,1033;2017;9872;2017
2;8;37;237;37003;37003;Baricella;;BO;0;0;6763;2011;45,4839;2017;6983;2017
2;8;37;237;37005;37005;Bentivoglio;;BO;0;0;5358;2011;51,1055;2017;5519;2017
2;8;37;237;37006;37006;Bologna;;BO;1;1;371337;2011;140,8566;2017;390956;2017
2;8;37;237;37007;37007;Borgo Tossignano;;BO;0;0;3302;2011;29,2729;2017;3231;2017
2;8;37;237;37008;37008;Budrio;;BO;0;0;18008;2011;120,1849;2017;18166;2017
2;8;37;237;37009;37009;Calderara di Reno;;BO;0;0;13148;2011;40,7517;2017;13225;2017
2;8;37;237;37010;37010;Camugnano;;BO;0;0;2000;2011;96,5976;2017;1835;2017
2;8;37;237;37011;37011;Casalecchio di Reno;;BO;0;0;35173;2011;17,3334;2017;36180;2017
2;8;37;237;37012;37012;Casalfiumanese;;BO;0;0;3461;2011;82,0283;2017;3460;2017
2;8;37;237;37013;37013;Castel d'Aiano;;BO;0;0;1951;2011;45,2605;2017;1873;2017
2;8;37;237;37014;37014;Castel del Rio;;BO;0;0;1230;2011;52,5914;2017;1216;2017
2;8;37;237;37015;37015;Castel di Casio;;BO;0;0;3479;2011;47,3257;2017;3437;2017
2;8;37;237;37016;37016;Castel Guelfo di Bologna;;BO;0;0;4277;2011;28,6088;2017;4481;2017
2;8;37;237;37017;37017;Castello d'Argile;;BO;0;0;6458;2011;29,0706;2017;6595;2017
2;8;37;237;37019;37019;Castel Maggiore;;BO;0;0;17507;2011;30,9004;2017;18296;2017
2;8;37;237;37020;37020;Castel San Pietro Terme;;BO;0;0;20468;2011;148,4147;2017;20720;2017
2;8;37;237;37021;37021;Castenaso;;BO;0;0;14352;2011;35,7333;2017;15374;2017
2;8;37;237;37022;37022;Castiglione dei Pepoli;;BO;0;0;5870;2011;65,7611;2017;5535;2017
2;8;37;237;37024;37024;Crevalcore;;BO;0;0;13527;2011;102,7526;2017;13428;2017
2;8;37;237;37025;37025;Dozza;;BO;0;0;6440;2011;24,2317;2017;6555;2017
2;8;37;237;37026;37026;Fontanelice;;BO;0;0;1927;2011;36,5572;2017;1943;2017
2;8;37;237;37027;37027;Gaggio Montano;;BO;0;0;5066;2011;58,6697;2017;4802;2017
2;8;37;237;37028;37028;Galliera;;BO;0;0;5462;2011;37,1536;2017;5444;2017
2;8;37;237;37030;37030;Granarolo dell'Emilia;;BO;0;0;10766;2011;34,3693;2017;11998;2017
2;8;37;237;37031;37031;Grizzana Morandi;;BO;0;0;3982;2011;77,4024;2017;3867;2017
2;8;37;237;37032;37032;Imola;;BO;0;0;67892;2011;205,0213;2017;70480;2017
2;8;37;237;37033;37033;Lizzano in Belvedere;;BO;0;0;2309;2011;85,4470;2017;2189;2017
2;8;37;237;37034;37034;Loiano;;BO;0;0;4434;2011;52,4056;2017;4275;2017
2;8;37;237;37035;37035;Malalbergo;;BO;0;0;8771;2011;53,8163;2017;9071;2017
2;8;37;237;37036;37036;Marzabotto;;BO;0;0;6684;2011;74,5263;2017;6818;2017
2;8;37;237;37037;37037;Medicina;;BO;0;0;16526;2011;159,1056;2017;16696;2017
2;8;37;237;37038;37038;Minerbio;;BO;0;0;8674;2011;43,0663;2017;8797;2017
2;8;37;237;37039;37039;Molinella;;BO;0;0;15651;2011;127,8402;2017;15658;2017
2;8;37;237;37040;37040;Monghidoro;;BO;0;0;3806;2011;48,2812;2017;3676;2017
2;8;37;237;37041;37041;Monterenzio;;BO;0;0;5853;2011;105,2554;2017;6105;2017
2;8;37;237;37042;37042;Monte San Pietro;;BO;0;0;10820;2011;74,6857;2017;10962;2017
2;8;37;237;37044;37044;Monzuno;;BO;0;0;6133;2011;65,0081;2017;6354;2017
2;8;37;237;37045;37045;Mordano;;BO;0;0;4644;2011;21,4513;2017;4684;2017
2;8;37;237;37046;37046;Ozzano dell'Emilia;;BO;0;0;12870;2011;64,9471;2017;13963;2017
2;8;37;237;37047;37047;Pianoro;;BO;0;0;16890;2011;107,1290;2017;17436;2017
2;8;37;237;37048;37048;Pieve di Cento;;BO;0;0;6895;2011;15,9368;2017;7001;2017
2;8;37;237;37050;37050;Sala Bolognese;;BO;0;0;8245;2011;45,6367;2017;8416;2017
2;8;37;237;37051;37051;San Benedetto Val di Sambro;;BO;0;0;4393;2011;66,4675;2017;4213;2017
2;8;37;237;37052;37052;San Giorgio di Piano;;BO;0;0;8201;2011;30,4326;2017;8853;2017
2;8;37;237;37053;37053;San Giovanni in Persiceto;;BO;0;0;26992;2011;114,4106;2017;28006;2017
2;8;37;237;37054;37054;San Lazzaro di Savena;;BO;0;0;31091;2011;44,7241;2017;32334;2017
2;8;37;237;37055;37055;San Pietro in Casale;;BO;0;0;11736;2011;65,8561;2017;12405;2017
2;8;37;237;37056;37056;Sant'Agata Bolognese;;BO;0;0;7140;2011;34,7917;2017;7389;2017
2;8;37;237;37057;37057;Sasso Marconi;;BO;0;0;14545;2011;96,4485;2017;14802;2017
2;8;37;237;37059;37059;Vergato;;BO;0;0;7642;2011;59,9401;2017;7620;2017
2;8;37;237;37060;37060;Zola Predosa;;BO;0;0;18193;2011;37,7472;2017;19002;2017
2;8;37;237;37061;37061;Valsamoggia;;BO;0;0;29427;2011;178,1313;2017;31127;2017
2;8;37;237;37062;37062;Alto Reno Terme;;BO;0;0;6967;2011;73,6224;2017;6944;2017
2;8;38;38;38001;38001;Argenta;;FE;0;0;22133;2011;311,6630;2017;21132;2017
2;8;38;38;38002;38002;Berra;;FE;0;0;5160;2011;68,6292;2017;4710;2017
2;8;38;38;38003;38003;Bondeno;;FE;0;0;15116;2011;174,7530;2017;14220;2017
2;8;38;38;38004;38004;Cento;;FE;0;0;34723;2011;64,7415;2017;35475;2017
2;8;38;38;38005;38005;Codigoro;;FE;0;0;12389;2011;170,0084;2017;11823;2017
2;8;38;38;38006;38006;Comacchio;;FE;0;0;22648;2011;284,1224;2017;21987;2017
2;8;38;38;38007;38007;Copparo;;FE;0;0;17017;2011;157,0042;2017;16097;2017
2;8;38;38;38008;38008;Ferrara;;FE;1;0;132545;2011;405,1396;2017;132889;2017
2;8;38;38;38009;38009;Formignana;;FE;0;0;2803;2011;22,4345;2017;2713;2017
2;8;38;38;38010;38010;Jolanda di Savoia;;FE;0;0;3003;2011;108,3382;2017;2820;2017
2;8;38;38;38011;38011;Lagosanto;;FE;0;0;4952;2011;34,4368;2017;4807;2017
2;8;38;38;38012;38012;Masi Torello;;FE;0;0;2368;2011;22,7071;2017;2319;2017
2;8;38;38;38014;38014;Mesola;;FE;0;0;7140;2011;84,2986;2017;6802;2017
2;8;38;38;38017;38017;Ostellato;;FE;0;0;6453;2011;173,3408;2017;5985;2017
2;8;38;38;38018;38018;Poggio Renatico;;FE;0;0;9674;2011;80,2322;2017;9720;2017
2;8;38;38;38019;38019;Portomaggiore;;FE;0;0;12185;2011;126,6429;2017;11532;2017
2;8;38;38;38020;38020;Ro;;FE;0;0;3348;2011;43,1926;2017;3201;2017
2;8;38;38;38022;38022;Vigarano Mainarda;;FE;0;0;7431;2011;42,0182;2017;7600;2017
2;8;38;38;38023;38023;Voghiera;;FE;0;0;3847;2011;40,3268;2017;3719;2017
2;8;38;38;38024;38024;Tresigallo;;FE;0;0;4561;2011;20,6241;2017;4384;2017
2;8;38;38;38025;38025;Goro;;FE;0;0;3895;2011;33,1713;2017;3729;2017
2;8;38;38;38027;38027;Fiscaglia;;FE;0;0;9519;2011;116,1817;2017;8847;2017
2;8;38;38;38028;38028;Terre del Reno;;FE;0;0;10571;2011;51,0347;2017;9936;2017
2;8;39;39;39001;39001;Alfonsine;;RA;0;0;12245;2011;106,7905;2017;11850;2017
2;8;39;39;39002;39002;Bagnacavallo;;RA;0;0;16715;2011;79,5793;2017;16747;2017
2;8;39;39;39003;39003;Bagnara di Romagna;;RA;0;0;2348;2011;9,9578;2017;2452;2017
2;8;39;39;39004;39004;Brisighella;;RA;0;0;7664;2011;194,3190;2017;7507;2017
2;8;39;39;39005;39005;Casola Valsenio;;RA;0;0;2724;2011;84,4135;2017;2611;2017
2;8;39;39;39006;39006;Castel Bolognese;;RA;0;0;9519;2011;32,3734;2017;9595;2017
2;8;39;39;39007;39007;Cervia;;RA;0;0;28896;2011;82,2725;2017;28507;2017
2;8;39;39;39008;39008;Conselice;;RA;0;0;9837;2011;60,1994;2017;9754;2017
2;8;39;39;39009;39009;Cotignola;;RA;0;0;7384;2011;35,1390;2017;7462;2017
2;8;39;39;39010;39010;Faenza;;RA;0;0;57748;2011;215,7569;2017;58118;2017
2;8;39;39;39011;39011;Fusignano;;RA;0;0;8259;2011;24,5496;2017;8154;2017
2;8;39;39;39012;39012;Lugo;;RA;0;0;32062;2011;117,0548;2017;31820;2017
2;8;39;39;39013;39013;Massa Lombarda;;RA;0;0;10449;2011;37,2479;2017;10513;2017
2;8;39;39;39014;39014;Ravenna;;RA;1;0;153740;2011;653,8119;2017;159678;2017
2;8;39;39;39015;39015;Riolo Terme;;RA;0;0;5777;2011;44,2582;2017;5658;2017
2;8;39;39;39016;39016;Russi;;RA;0;0;12083;2011;46,2594;2017;12163;2017
2;8;39;39;39017;39017;Sant'Agata sul Santerno;;RA;0;0;2822;2011;9,3707;2017;2923;2017
2;8;39;39;39018;39018;Solarolo;;RA;0;0;4489;2011;26,0383;2017;4427;2017
2;8;40;40;40001;40001;Bagno di Romagna;;FC;0;0;6138;2011;233,5005;2017;5898;2017
2;8;40;40;40003;40003;Bertinoro;;FC;0;0;10798;2011;57,2533;2017;10904;2017
2;8;40;40;40004;40004;Borghi;;FC;0;0;2718;2011;30,2325;2017;2836;2017
2;8;40;40;40005;40005;Castrocaro Terme e Terra del Sole;;FC;0;0;6512;2011;38,9501;2017;6325;2017
2;8;40;40;40007;40007;Cesena;;FC;0;0;95990;2011;249,4614;2017;96736;2017
2;8;40;40;40008;40008;Cesenatico;;FC;0;0;25412;2011;45,1634;2017;26091;2017
2;8;40;40;40009;40009;Civitella di Romagna;;FC;0;0;3792;2011;117,9290;2017;3726;2017
2;8;40;40;40011;40011;Dovadola;;FC;0;0;1661;2011;38,9702;2017;1583;2017
2;8;40;40;40012;40012;Forlì;;FC;1;0;116434;2011;228,1972;2017;117876;2017
2;8;40;40;40013;40013;Forlimpopoli;;FC;0;0;12982;2011;24,4588;2017;13281;2017
2;8;40;40;40014;40014;Galeata;;FC;0;0;2516;2011;63,1294;2017;2482;2017
2;8;40;40;40015;40015;Gambettola;;FC;0;0;10238;2011;7,7713;2017;10515;2017
2;8;40;40;40016;40016;Gatteo;;FC;0;0;8910;2011;14,1380;2017;9062;2017
2;8;40;40;40018;40018;Longiano;;FC;0;0;6837;2011;23,5760;2017;7165;2017
2;8;40;40;40019;40019;Meldola;;FC;0;0;10000;2011;79,0775;2017;9931;2017
2;8;40;40;40020;40020;Mercato Saraceno;;FC;0;0;6997;2011;99,3304;2017;6851;2017
2;8;40;40;40022;40022;Modigliana;;FC;0;0;4726;2011;101,1628;2017;4467;2017
2;8;40;40;40028;40028;Montiano;;FC;0;0;1701;2011;9,2571;2017;1690;2017
2;8;40;40;40031;40031;Portico e San Benedetto;;FC;0;0;769;2011;61,0511;2017;772;2017
2;8;40;40;40032;40032;Predappio;;FC;0;0;6519;2011;91,3883;2017;6198;2017
2;8;40;40;40033;40033;Premilcuore;;FC;0;0;803;2011;98,5567;2017;782;2017
2;8;40;40;40036;40036;Rocca San Casciano;;FC;0;0;2000;2011;50,5580;2017;1868;2017
2;8;40;40;40037;40037;Roncofreddo;;FC;0;0;3395;2011;51,5260;2017;3391;2017
2;8;40;40;40041;40041;San Mauro Pascoli;;FC;0;0;11090;2011;17,2873;2017;11891;2017
2;8;40;40;40043;40043;Santa Sofia;;FC;0;0;4193;2011;148,8602;2017;4129;2017
2;8;40;40;40044;40044;Sarsina;;FC;0;0;3602;2011;100,7182;2017;3425;2017
2;8;40;40;40045;40045;Savignano sul Rubicone;;FC;0;0;17521;2011;23,3027;2017;17742;2017
2;8;40;40;40046;40046;Sogliano al Rubicone;;FC;0;0;3251;2011;93,4291;2017;3211;2017
2;8;40;40;40049;40049;Tredozio;;FC;0;0;1259;2011;62,1988;2017;1177;2017
2;8;40;40;40050;40050;Verghereto;;FC;0;0;1974;2011;117,8823;2017;1862;2017
3;11;41;41;41001;41001;Acqualagna;;PU;0;0;4496;2011;50,6846;2017;4413;2017
3;11;41;41;41002;41002;Apecchio;;PU;0;0;2013;2011;103,1077;2017;1819;2017
3;11;41;41;41003;41003;Auditore;;PU;0;0;1624;2011;20,6385;2017;1535;2017
3;11;41;41;41005;41005;Belforte all'Isauro;;PU;0;0;788;2011;12,2898;2017;736;2017
3;11;41;41;41006;41006;Borgo Pace;;PU;0;0;643;2011;56,2216;2017;593;2017
3;11;41;41;41007;41007;Cagli;;PU;0;0;9013;2011;226,4575;2017;8558;2017
3;11;41;41;41008;41008;Cantiano;;PU;0;0;2356;2011;83,2457;2017;2190;2017
3;11;41;41;41009;41009;Carpegna;;PU;0;0;1670;2011;28,9389;2017;1696;2017
3;11;41;41;41010;41010;Cartoceto;;PU;0;0;7850;2011;23,2029;2017;7937;2017
3;11;41;41;41013;41013;Fano;;PU;0;0;60217;2011;120,3167;2017;60908;2017
3;11;41;41;41014;41014;Fermignano;;PU;0;0;8615;2011;43,7022;2017;8471;2017
3;11;41;41;41015;41015;Fossombrone;;PU;0;0;9858;2011;106,8757;2017;9468;2017
3;11;41;41;41016;41016;Fratte Rosa;;PU;0;0;1017;2011;15,6300;2017;961;2017
3;11;41;41;41017;41017;Frontino;;PU;0;0;313;2011;10,3673;2017;277;2017
3;11;41;41;41018;41018;Frontone;;PU;0;0;1348;2011;36,0741;2017;1303;2017
3;11;41;41;41019;41019;Gabicce Mare;;PU;0;0;5845;2011;4,9349;2017;5716;2017
3;11;41;41;41020;41020;Gradara;;PU;0;0;4758;2011;17,5257;2017;4900;2017
3;11;41;41;41021;41021;Isola del Piano;;PU;0;0;635;2011;23,3024;2017;597;2017
3;11;41;41;41022;41022;Lunano;;PU;0;0;1528;2011;15,0143;2017;1484;2017
3;11;41;41;41023;41023;Macerata Feltria;;PU;0;0;2072;2011;40,0743;2017;2031;2017
3;11;41;41;41025;41025;Mercatello sul Metauro;;PU;0;0;1437;2011;68,3532;2017;1360;2017
3;11;41;41;41026;41026;Mercatino Conca;;PU;0;0;1108;2011;13,9454;2017;1034;2017
3;11;41;41;41027;41027;Mombaroccio;;PU;0;0;2134;2011;28,2059;2017;2095;2017
3;11;41;41;41028;41028;Mondavio;;PU;0;0;3929;2011;29,6355;2017;3856;2017
3;11;41;41;41029;41029;Mondolfo;;PU;0;0;14419;2011;24,3413;2017;13908;2017
3;11;41;41;41030;41030;Montecalvo in Foglia;;PU;0;0;2700;2011;18,2470;2017;2752;2017
3;11;41;41;41031;41031;Monte Cerignone;;PU;0;0;678;2011;18,2355;2017;660;2017
3;11;41;41;41032;41032;Monteciccardo;;PU;0;0;1686;2011;26,0431;2017;1648;2017
3;11;41;41;41033;41033;Montecopiolo;;PU;0;0;1175;2011;35,8116;2017;1098;2017
3;11;41;41;41034;41034;Montefelcino;;PU;0;0;2726;2011;39,0064;2017;2598;2017
3;11;41;41;41035;41035;Monte Grimano Terme;;PU;0;0;1166;2011;23,9678;2017;1094;2017
3;11;41;41;41036;41036;Montelabbate;;PU;0;0;6719;2011;19,5650;2017;6923;2017
3;11;41;41;41038;41038;Monte Porzio;;PU;0;0;2802;2011;18,2874;2017;2803;2017
3;11;41;41;41041;41041;Peglio;;PU;0;0;735;2011;21,3607;2017;736;2017
3;11;41;41;41043;41043;Pergola;;PU;0;0;6555;2011;112,3954;2017;6213;2017
3;11;41;41;41044;41044;Pesaro;;PU;1;0;94237;2011;126,7685;2017;94795;2017
3;11;41;41;41045;41045;Petriano;;PU;0;0;2814;2011;11,2713;2017;2761;2017
3;11;41;41;41047;41047;Piandimeleto;;PU;0;0;2146;2011;39,9011;2017;2142;2017
3;11;41;41;41048;41048;Pietrarubbia;;PU;0;0;689;2011;13,2885;2017;649;2017
3;11;41;41;41049;41049;Piobbico;;PU;0;0;2109;2011;48,1975;2017;1998;2017
3;11;41;41;41051;41051;San Costanzo;;PU;0;0;4841;2011;40,8860;2017;4735;2017
3;11;41;41;41054;41054;San Lorenzo in Campo;;PU;0;0;3496;2011;28,7980;2017;3357;2017
3;11;41;41;41057;41057;Sant'Angelo in Vado;;PU;0;0;4107;2011;67,3367;2017;4079;2017
3;11;41;41;41058;41058;Sant'Ippolito;;PU;0;0;1574;2011;19,8757;2017;1511;2017
3;11;41;41;41059;41059;Sassocorvaro;;PU;0;0;3456;2011;66,9073;2017;3426;2017
3;11;41;41;41060;41060;Sassofeltrio;;PU;0;0;1445;2011;21,0784;2017;1410;2017
3;11;41;41;41061;41061;Serra Sant'Abbondio;;PU;0;0;1099;2011;32,8009;2017;997;2017
3;11;41;41;41064;41064;Tavoleto;;PU;0;0;894;2011;12,4065;2017;863;2017
3;11;41;41;41065;41065;Tavullia;;PU;0;0;7866;2011;42,0639;2017;7976;2017
3;11;41;41;41066;41066;Urbania;;PU;0;0;7077;2011;77,5329;2017;7097;2017
3;11;41;41;41067;41067;Urbino;;PU;0;0;15501;2011;226,4923;2017;14364;2017
3;11;41;41;41068;41068;Vallefoglia;;PU;0;0;14814;2011;39,5691;2017;14954;2017
3;11;41;41;41069;41069;Colli al Metauro;;PU;0;0;12166;2011;46,1679;2017;12276;2017
3;11;41;41;41070;41070;Terre Roveresche;;PU;0;0;5624;2011;70,3655;2017;5272;2017
3;11;42;42;42001;42001;Agugliano;;AN;0;0;4870;2011;21,8901;2017;4836;2017
3;11;42;42;42002;42002;Ancona;;AN;1;1;100497;2011;124,8683;2017;99412;2017
3;11;42;42;42003;42003;Arcevia;;AN;0;0;4914;2011;128,3310;2017;4511;2017
3;11;42;42;42004;42004;Barbara;;AN;0;0;1408;2011;11,0386;2017;1333;2017
3;11;42;42;42005;42005;Belvedere Ostrense;;AN;0;0;2288;2011;29,4501;2017;2200;2017
3;11;42;42;42006;42006;Camerano;;AN;0;0;7213;2011;20,0041;2017;7279;2017
3;11;42;42;42007;42007;Camerata Picena;;AN;0;0;2419;2011;11,8916;2017;2552;2017
3;11;42;42;42008;42008;Castelbellino;;AN;0;0;4763;2011;6,0471;2017;4992;2017
3;11;42;42;42010;42010;Castelfidardo;;AN;0;0;18645;2011;33,3901;2017;18307;2017
3;11;42;42;42011;42011;Castelleone di Suasa;;AN;0;0;1702;2011;15,9198;2017;1598;2017
3;11;42;42;42012;42012;Castelplanio;;AN;0;0;3482;2011;15,3181;2017;3621;2017
3;11;42;42;42013;42013;Cerreto d'Esi;;AN;0;0;3967;2011;16,9129;2017;3640;2017
3;11;42;42;42014;42014;Chiaravalle;;AN;0;0;14858;2011;17,6020;2017;14797;2017
3;11;42;42;42015;42015;Corinaldo;;AN;0;0;5106;2011;49,2789;2017;4957;2017
3;11;42;42;42016;42016;Cupramontana;;AN;0;0;4838;2011;27,4029;2017;4616;2017
3;11;42;42;42017;42017;Fabriano;;AN;0;0;31020;2011;272,0776;2017;30846;2017
3;11;42;42;42018;42018;Falconara Marittima;;AN;0;0;26710;2011;25,8148;2017;25984;2017
3;11;42;42;42019;42019;Filottrano;;AN;0;0;9622;2011;71,2015;2017;9354;2017
3;11;42;42;42020;42020;Genga;;AN;0;0;1875;2011;73,1543;2017;1765;2017
3;11;42;42;42021;42021;Jesi;;AN;0;0;40303;2011;108,9032;2017;39933;2017
3;11;42;42;42022;42022;Loreto;;AN;0;0;12533;2011;17,8954;2017;12937;2017
3;11;42;42;42023;42023;Maiolati Spontini;;AN;0;0;6175;2011;21,4923;2017;6166;2017
3;11;42;42;42024;42024;Mergo;;AN;0;0;1083;2011;7,2775;2017;1002;2017
3;11;42;42;42025;42025;Monsano;;AN;0;0;3353;2011;14,6644;2017;3384;2017
3;11;42;42;42026;42026;Montecarotto;;AN;0;0;2080;2011;24,3854;2017;1922;2017
3;11;42;42;42027;42027;Montemarciano;;AN;0;0;10110;2011;22,3106;2017;9885;2017
3;11;42;42;42029;42029;Monte Roberto;;AN;0;0;3026;2011;13,5694;2017;3102;2017
3;11;42;42;42030;42030;Monte San Vito;;AN;0;0;6706;2011;21,8135;2017;6832;2017
3;11;42;42;42031;42031;Morro d'Alba;;AN;0;0;1977;2011;19,4605;2017;1873;2017
3;11;42;42;42032;42032;Numana;;AN;0;0;3716;2011;10,9349;2017;3757;2017
3;11;42;42;42033;42033;Offagna;;AN;0;0;1880;2011;10,6305;2017;1989;2017
3;11;42;42;42034;42034;Osimo;;AN;0;0;33991;2011;106,7377;2017;34947;2017
3;11;42;42;42035;42035;Ostra;;AN;0;0;6743;2011;47,2517;2017;6729;2017
3;11;42;42;42036;42036;Ostra Vetere;;AN;0;0;3471;2011;30,0164;2017;3312;2017
3;11;42;42;42037;42037;Poggio San Marcello;;AN;0;0;731;2011;13,3629;2017;683;2017
3;11;42;42;42038;42038;Polverigi;;AN;0;0;4327;2011;24,9832;2017;4582;2017
3;11;42;42;42040;42040;Rosora;;AN;0;0;1988;2011;9,4061;2017;1940;2017
3;11;42;42;42041;42041;San Marcello;;AN;0;0;2069;2011;25,7778;2017;2024;2017
3;11;42;42;42042;42042;San Paolo di Jesi;;AN;0;0;902;2011;10,1118;2017;914;2017
3;11;42;42;42043;42043;Santa Maria Nuova;;AN;0;0;4199;2011;18,2869;2017;4168;2017
3;11;42;42;42044;42044;Sassoferrato;;AN;0;0;7532;2011;137,2273;2017;7109;2017
3;11;42;42;42045;42045;Senigallia;;AN;0;0;44361;2011;117,7689;2017;44371;2017
3;11;42;42;42046;42046;Serra de' Conti;;AN;0;0;3722;2011;24,5430;2017;3754;2017
3;11;42;42;42047;42047;Serra San Quirico;;AN;0;0;2967;2011;49,3330;2017;2728;2017
3;11;42;42;42048;42048;Sirolo;;AN;0;0;3856;2011;16,6769;2017;4044;2017
3;11;42;42;42049;42049;Staffolo;;AN;0;0;2290;2011;27,4964;2017;2229;2017
3;11;42;42;42050;42050;Trecastelli;;AN;0;0;7577;2011;39,3019;2017;7617;2017
3;11;43;43;43002;43002;Apiro;;MC;0;0;2421;2011;53,7792;2017;2231;2017
3;11;43;43;43003;43003;Appignano;;MC;0;0;4212;2011;22,6722;2017;4181;2017
3;11;43;43;43004;43004;Belforte del Chienti;;MC;0;0;1860;2011;16,0545;2017;1885;2017
3;11;43;43;43005;43005;Bolognola;;MC;0;0;161;2011;25,8647;2017;137;2017
3;11;43;43;43006;43006;Caldarola;;MC;0;0;1839;2011;29,2218;2017;1740;2017
3;11;43;43;43007;43007;Camerino;;MC;0;0;6902;2011;129,8821;2017;6966;2017
3;11;43;43;43008;43008;Camporotondo di Fiastrone;;MC;0;0;589;2011;8,8058;2017;534;2017
3;11;43;43;43009;43009;Castelraimondo;;MC;0;0;4741;2011;44,8463;2017;4509;2017
3;11;43;43;43010;43010;Castelsantangelo sul Nera;;MC;0;0;310;2011;70,6713;2017;266;2017
3;11;43;43;43011;43011;Cessapalombo;;MC;0;0;546;2011;27,5803;2017;491;2017
3;11;43;43;43012;43012;Cingoli;;MC;0;0;10509;2011;148,1969;2017;10064;2017
3;11;43;43;43013;43013;Civitanova Marche;;MC;0;0;40217;2011;46,0658;2017;41950;2017
3;11;43;43;43014;43014;Colmurano;;MC;0;0;1278;2011;11,1987;2017;1242;2017
3;11;43;43;43015;43015;Corridonia;;MC;0;0;15322;2011;61,9643;2017;15359;2017
3;11;43;43;43016;43016;Esanatoglia;;MC;0;0;2147;2011;47,9090;2017;1997;2017
3;11;43;43;43017;43017;Fiastra;;MC;0;0;700;2011;84,4799;2017;656;2017
3;11;43;43;43019;43019;Fiuminata;;MC;0;0;1497;2011;76,2168;2017;1326;2017
3;11;43;43;43020;43020;Gagliole;;MC;0;0;655;2011;24,0501;2017;602;2017
3;11;43;43;43021;43021;Gualdo;;MC;0;0;868;2011;22,2234;2017;777;2017
3;11;43;43;43022;43022;Loro Piceno;;MC;0;0;2481;2011;32,5783;2017;2363;2017
3;11;43;43;43023;43023;Macerata;;MC;1;0;42019;2011;92,5263;2017;41635;2017
3;11;43;43;43024;43024;Matelica;;MC;0;0;10178;2011;81,1000;2017;9666;2017
3;11;43;43;43025;43025;Mogliano;;MC;0;0;4773;2011;29,2582;2017;4557;2017
3;11;43;43;43026;43026;Montecassiano;;MC;0;0;7185;2011;33,3569;2017;7107;2017
3;11;43;43;43027;43027;Monte Cavallo;;MC;0;0;149;2011;38,5079;2017;128;2017
3;11;43;43;43028;43028;Montecosaro;;MC;0;0;6918;2011;21,8779;2017;7212;2017
3;11;43;43;43029;43029;Montefano;;MC;0;0;3555;2011;33,9412;2017;3468;2017
3;11;43;43;43030;43030;Montelupone;;MC;0;0;3658;2011;32,6715;2017;3562;2017
3;11;43;43;43031;43031;Monte San Giusto;;MC;0;0;8071;2011;20,0369;2017;7864;2017
3;11;43;43;43032;43032;Monte San Martino;;MC;0;0;792;2011;18,4669;2017;741;2017
3;11;43;43;43033;43033;Morrovalle;;MC;0;0;10287;2011;42,5803;2017;10001;2017
3;11;43;43;43034;43034;Muccia;;MC;0;0;929;2011;25,9085;2017;899;2017
3;11;43;43;43035;43035;Penna San Giovanni;;MC;0;0;1154;2011;28,0835;2017;1055;2017
3;11;43;43;43036;43036;Petriolo;;MC;0;0;1977;2011;15,6459;2017;1943;2017
3;11;43;43;43038;43038;Pieve Torina;;MC;0;0;1483;2011;74,7979;2017;1396;2017
3;11;43;43;43039;43039;Pioraco;;MC;0;0;1250;2011;19,4522;2017;1110;2017
3;11;43;43;43040;43040;Poggio San Vicino;;MC;0;0;297;2011;13,0308;2017;246;2017
3;11;43;43;43041;43041;Pollenza;;MC;0;0;6583;2011;39,5473;2017;6606;2017
3;11;43;43;43042;43042;Porto Recanati;;MC;0;0;11495;2011;17,2489;2017;12178;2017
3;11;43;43;43043;43043;Potenza Picena;;MC;0;0;15843;2011;48,5522;2017;15796;2017
3;11;43;43;43044;43044;Recanati;;MC;0;0;21416;2011;103,4588;2017;21118;2017
3;11;43;43;43045;43045;Ripe San Ginesio;;MC;0;0;860;2011;10,1694;2017;845;2017
3;11;43;43;43046;43046;San Ginesio;;MC;0;0;3644;2011;78,0195;2017;3401;2017
3;11;43;43;43047;43047;San Severino Marche;;MC;0;0;13018;2011;194,2547;2017;12484;2017
3;11;43;43;43048;43048;Sant'Angelo in Pontano;;MC;0;0;1483;2011;27,3837;2017;1375;2017
3;11;43;43;43049;43049;Sarnano;;MC;0;0;3367;2011;63,1659;2017;3195;2017
3;11;43;43;43050;43050;Sefro;;MC;0;0;431;2011;42,5370;2017;396;2017
3;11;43;43;43051;43051;Serrapetrona;;MC;0;0;1008;2011;37,6468;2017;928;2017
3;11;43;43;43052;43052;Serravalle di Chienti;;MC;0;0;1085;2011;95,9871;2017;1065;2017
3;11;43;43;43053;43053;Tolentino;;MC;0;0;20336;2011;95,1181;2017;19281;2017
3;11;43;43;43054;43054;Treia;;MC;0;0;9745;2011;93,5356;2017;9336;2017
3;11;43;43;43055;43055;Urbisaglia;;MC;0;0;2712;2011;22,8633;2017;2585;2017
3;11;43;43;43056;43056;Ussita;;MC;0;0;420;2011;55,2948;2017;415;2017
3;11;43;43;43057;43057;Visso;;MC;0;0;1180;2011;100,4148;2017;1074;2017
3;11;43;43;43058;43058;Valfornace;;MC;0;0;1051;2011;48,6127;2017;1000;2017
3;11;44;44;44001;44001;Acquasanta Terme;;AP;0;0;3050;2011;138,3914;2017;2801;2017
3;11;44;44;44002;44002;Acquaviva Picena;;AP;0;0;3848;2011;21,0624;2017;3778;2017
3;11;44;44;44005;44005;Appignano del Tronto;;AP;0;0;1852;2011;23,1943;2017;1754;2017
3;11;44;44;44006;44006;Arquata del Tronto;;AP;0;0;1287;2011;92,1821;2017;1117;2017
3;11;44;44;44007;44007;Ascoli Piceno;;AP;1;0;49958;2011;158,0203;2017;48608;2017
3;11;44;44;44010;44010;Carassai;;AP;0;0;1116;2011;22,2382;2017;1057;2017
3;11;44;44;44011;44011;Castel di Lama;;AP;0;0;8470;2011;10,9762;2017;8632;2017
3;11;44;44;44012;44012;Castignano;;AP;0;0;2947;2011;38,7952;2017;2752;2017
3;11;44;44;44013;44013;Castorano;;AP;0;0;2322;2011;14,0833;2017;2372;2017
3;11;44;44;44014;44014;Colli del Tronto;;AP;0;0;3566;2011;5,9390;2017;3716;2017
3;11;44;44;44015;44015;Comunanza;;AP;0;0;3204;2011;54,3954;2017;3067;2017
3;11;44;44;44016;44016;Cossignano;;AP;0;0;1015;2011;14,9507;2017;959;2017
3;11;44;44;44017;44017;Cupra Marittima;;AP;0;0;5378;2011;17,3366;2017;5382;2017
3;11;44;44;44020;44020;Folignano;;AP;0;0;9302;2011;14,8568;2017;9234;2017
3;11;44;44;44021;44021;Force;;AP;0;0;1428;2011;34,3072;2017;1286;2017
3;11;44;44;44023;44023;Grottammare;;AP;0;0;15615;2011;17,9947;2017;16100;2017
3;11;44;44;44027;44027;Maltignano;;AP;0;0;2483;2011;8,1726;2017;2372;2017
3;11;44;44;44029;44029;Massignano;;AP;0;0;1655;2011;16,3038;2017;1646;2017
3;11;44;44;44031;44031;Monsampolo del Tronto;;AP;0;0;4563;2011;15,4334;2017;4553;2017
3;11;44;44;44032;44032;Montalto delle Marche;;AP;0;0;2260;2011;33,9400;2017;2071;2017
3;11;44;44;44034;44034;Montedinove;;AP;0;0;505;2011;11,9333;2017;488;2017
3;11;44;44;44036;44036;Montefiore dell'Aso;;AP;0;0;2180;2011;28,2074;2017;2055;2017
3;11;44;44;44038;44038;Montegallo;;AP;0;0;573;2011;48,4639;2017;505;2017
3;11;44;44;44044;44044;Montemonaco;;AP;0;0;635;2011;67,7926;2017;576;2017
3;11;44;44;44045;44045;Monteprandone;;AP;0;0;12211;2011;26,3736;2017;12696;2017
3;11;44;44;44054;44054;Offida;;AP;0;0;5215;2011;49,6025;2017;4949;2017
3;11;44;44;44056;44056;Palmiano;;AP;0;0;214;2011;12,6977;2017;186;2017
3;11;44;44;44063;44063;Ripatransone;;AP;0;0;4341;2011;74,2773;2017;4257;2017
3;11;44;44;44064;44064;Roccafluvione;;AP;0;0;2061;2011;60,6319;2017;1992;2017
3;11;44;44;44065;44065;Rotella;;AP;0;0;936;2011;27,4373;2017;876;2017
3;11;44;44;44066;44066;San Benedetto del Tronto;;AP;0;0;46963;2011;25,4053;2017;47400;2017
3;11;44;44;44071;44071;Spinetoli;;AP;0;0;7108;2011;12,5824;2017;7137;2017
3;11;44;44;44073;44073;Venarotta;;AP;0;0;2146;2011;30,2096;2017;2054;2017
3;9;45;45;45001;45001;Aulla;;MS;0;0;11284;2011;59,9874;2017;10915;2017
3;9;45;45;45002;45002;Bagnone;;MS;0;0;1926;2011;73,9351;2017;1827;2017
3;9;45;45;45003;45003;Carrara;;MS;0;0;64689;2011;71,2778;2017;61984;2017
3;9;45;45;45004;45004;Casola in Lunigiana;;MS;0;0;1003;2011;41,5412;2017;1010;2017
3;9;45;45;45005;45005;Comano;;MS;0;0;755;2011;53,8314;2017;711;2017
3;9;45;45;45006;45006;Filattiera;;MS;0;0;2361;2011;48,7783;2017;2279;2017
3;9;45;45;45007;45007;Fivizzano;;MS;0;0;8267;2011;181,1155;2017;7785;2017
3;9;45;45;45008;45008;Fosdinovo;;MS;0;0;4971;2011;48,3949;2017;4756;2017
3;9;45;45;45009;45009;Licciana Nardi;;MS;0;0;4955;2011;55,6777;2017;4890;2017
3;9;45;45;45010;45010;Massa;;MS;1;0;68856;2011;93,8397;2017;68243;2017
3;9;45;45;45011;45011;Montignoso;;MS;0;0;10226;2011;16,7091;2017;10284;2017
3;9;45;45;45012;45012;Mulazzo;;MS;0;0;2566;2011;62,5051;2017;2398;2017
3;9;45;45;45013;45013;Podenzana;;MS;0;0;2142;2011;17,1035;2017;2178;2017
3;9;45;45;45014;45014;Pontremoli;;MS;0;0;7633;2011;182,5158;2017;7209;2017
3;9;45;45;45015;45015;Tresana;;MS;0;0;2085;2011;44,4507;2017;1991;2017
3;9;45;45;45016;45016;Villafranca in Lunigiana;;MS;0;0;4730;2011;29,3197;2017;4687;2017
3;9;45;45;45017;45017;Zeri;;MS;0;0;1201;2011;73,6187;2017;1060;2017
3;9;46;46;46001;46001;Altopascio;;LU;0;0;15072;2011;28,5991;2017;15562;2017
3;9;46;46;46002;46002;Bagni di Lucca;;LU;0;0;6207;2011;164,7064;2017;5988;2017
3;9;46;46;46003;46003;Barga;;LU;0;0;10125;2011;66,4641;2017;9853;2017
3;9;46;46;46004;46004;Borgo a Mozzano;;LU;0;0;7227;2011;72,2028;2017;7073;2017
3;9;46;46;46005;46005;Camaiore;;LU;0;0;32083;2011;85,3877;2017;31835;2017
3;9;46;46;46006;46006;Camporgiano;;LU;0;0;2285;2011;27,0912;2017;2137;2017
3;9;46;46;46007;46007;Capannori;;LU;0;0;44898;2011;156,1777;2017;45349;2017
3;9;46;46;46008;46008;Careggine;;LU;0;0;584;2011;24,0810;2017;541;2017
3;9;46;46;46009;46009;Castelnuovo di Garfagnana;;LU;0;0;6059;2011;28,4824;2017;5951;2017
3;9;46;46;46010;46010;Castiglione di Garfagnana;;LU;0;0;1860;2011;48,5253;2017;1787;2017
3;9;46;46;46011;46011;Coreglia Antelminelli;;LU;0;0;5232;2011;52,9404;2017;5225;2017
3;9;46;46;46013;46013;Forte dei Marmi;;LU;0;0;7660;2011;8,8827;2017;7225;2017
3;9;46;46;46014;46014;Fosciandora;;LU;0;0;621;2011;19,8594;2017;580;2017
3;9;46;46;46015;46015;Gallicano;;LU;0;0;3882;2011;31,0403;2017;3742;2017
3;9;46;46;46017;46017;Lucca;;LU;1;0;87200;2011;185,7334;2017;88742;2017
3;9;46;46;46018;46018;Massarosa;;LU;0;0;22330;2011;68,2379;2017;21912;2017
3;9;46;46;46019;46019;Minucciano;;LU;0;0;2221;2011;57,2823;2017;2035;2017
3;9;46;46;46020;46020;Molazzana;;LU;0;0;1127;2011;31,3297;2017;1052;2017
3;9;46;46;46021;46021;Montecarlo;;LU;0;0;4454;2011;15,6300;2017;4435;2017
3;9;46;46;46022;46022;Pescaglia;;LU;0;0;3645;2011;70,5479;2017;3442;2017
3;9;46;46;46023;46023;Piazza al Serchio;;LU;0;0;2458;2011;27,0295;2017;2330;2017
3;9;46;46;46024;46024;Pietrasanta;;LU;0;0;24179;2011;41,6686;2017;23242;2017
3;9;46;46;46025;46025;Pieve Fosciana;;LU;0;0;2418;2011;28,7546;2017;2499;2017
3;9;46;46;46026;46026;Porcari;;LU;0;0;8604;2011;17,8894;2017;8846;2017
3;9;46;46;46027;46027;San Romano in Garfagnana;;LU;0;0;1459;2011;26,1567;2017;1408;2017
3;9;46;46;46028;46028;Seravezza;;LU;0;0;13238;2011;39,4678;2017;12964;2017
3;9;46;46;46030;46030;Stazzema;;LU;0;0;3318;2011;80,1265;2017;3037;2017
3;9;46;46;46031;46031;Vagli Sotto;;LU;0;0;991;2011;41,2192;2017;938;2017
3;9;46;46;46033;46033;Viareggio;;LU;0;0;61857;2011;32,5275;2017;60813;2017
3;9;46;46;46034;46034;Villa Basilica;;LU;0;0;1700;2011;36,5731;2017;1589;2017
3;9;46;46;46035;46035;Villa Collemandina;;LU;0;0;1363;2011;34,7900;2017;1305;2017
3;9;46;46;46036;46036;Fabbriche di Vergemoli;;LU;0;0;820;2011;42,5469;2017;819;2017
3;9;46;46;46037;46037;Sillano Giuncugnano;;LU;0;0;1150;2011;81,2949;2017;1073;2017
3;9;47;47;47002;47002;Agliana;;PT;0;0;16792;2011;11,6792;2017;17718;2017
3;9;47;47;47003;47003;Buggiano;;PT;0;0;8735;2011;16,0642;2017;8722;2017
3;9;47;47;47005;47005;Lamporecchio;;PT;0;0;7583;2011;22,2518;2017;7474;2017
3;9;47;47;47006;47006;Larciano;;PT;0;0;6418;2011;24,9667;2017;6323;2017
3;9;47;47;47007;47007;Marliana;;PT;0;0;3201;2011;43,0435;2017;3113;2017
3;9;47;47;47008;47008;Massa e Cozzile;;PT;0;0;7786;2011;16,0119;2017;7925;2017
3;9;47;47;47009;47009;Monsummano Terme;;PT;0;0;20767;2011;32,6232;2017;21193;2017
3;9;47;47;47010;47010;Montale;;PT;0;0;10682;2011;32,1174;2017;10837;2017
3;9;47;47;47011;47011;Montecatini-Terme;;PT;0;0;19674;2011;17,6864;2017;19699;2017
3;9;47;47;47012;47012;Pescia;;PT;0;0;19435;2011;79,1246;2017;19377;2017
3;9;47;47;47013;47013;Pieve a Nievole;;PT;0;0;9460;2011;12,6668;2017;9143;2017
3;9;47;47;47014;47014;Pistoia;;PT;1;0;89101;2011;236,3969;2017;90513;2017
3;9;47;47;47016;47016;Ponte Buggianese;;PT;0;0;8771;2011;29,5227;2017;8937;2017
3;9;47;47;47017;47017;Quarrata;;PT;0;0;25378;2011;45,9127;2017;26317;2017
3;9;47;47;47018;47018;Sambuca Pistoiese;;PT;0;0;1680;2011;77,2396;2017;1580;2017
3;9;47;47;47020;47020;Serravalle Pistoiese;;PT;0;0;11517;2011;42,0349;2017;11606;2017
3;9;47;47;47021;47021;Uzzano;;PT;0;0;5690;2011;7,8501;2017;5657;2017
3;9;47;47;47022;47022;Chiesina Uzzanese;;PT;0;0;4479;2011;7,2510;2017;4529;2017
3;9;47;47;47023;47023;Abetone Cutigliano;;PT;0;0;2248;2011;74,9918;2017;2053;2017
3;9;47;47;47024;47024;San Marcello Piteglio;;PT;0;0;8469;2011;134,7274;2017;7949;2017
3;9;48;248;48001;48001;Bagno a Ripoli;;FI;0;0;25403;2011;74,0913;2017;25415;2017
3;9;48;248;48002;48002;Barberino di Mugello;;FI;0;0;10461;2011;133,3254;2017;10791;2017
3;9;48;248;48003;48003;Barberino Val d'Elsa;;FI;0;0;4351;2011;65,9607;2017;4351;2017
3;9;48;248;48004;48004;Borgo San Lorenzo;;FI;0;0;17854;2011;146,3627;2017;18169;2017
3;9;48;248;48005;48005;Calenzano;;FI;0;0;16637;2011;76,9699;2017;18020;2017
3;9;48;248;48006;48006;Campi Bisenzio;;FI;0;0;42929;2011;28,7516;2017;45701;2017
3;9;48;248;48008;48008;Capraia e Limite;;FI;0;0;7298;2011;24,9167;2017;7772;2017
3;9;48;248;48010;48010;Castelfiorentino;;FI;0;0;17489;2011;66,3437;2017;17191;2017
3;9;48;248;48011;48011;Cerreto Guidi;;FI;0;0;10364;2011;49,3050;2017;10991;2017
3;9;48;248;48012;48012;Certaldo;;FI;0;0;15935;2011;75,2749;2017;15937;2017
3;9;48;248;48013;48013;Dicomano;;FI;0;0;5670;2011;61,6319;2017;5487;2017
3;9;48;248;48014;48014;Empoli;;FI;0;0;46541;2011;62,4217;2017;48675;2017
3;9;48;248;48015;48015;Fiesole;;FI;0;0;13990;2011;42,1928;2017;13977;2017
3;9;48;248;48017;48017;Firenze;;FI;1;1;358079;2011;102,3156;2017;373991;2017
3;9;48;248;48018;48018;Firenzuola;;FI;0;0;4828;2011;271,9594;2017;4595;2017
3;9;48;248;48019;48019;Fucecchio;;FI;0;0;22785;2011;65,1757;2017;23215;2017
3;9;48;248;48020;48020;Gambassi Terme;;FI;0;0;4900;2011;83,2314;2017;4843;2017
3;9;48;248;48021;48021;Greve in Chianti;;FI;0;0;13886;2011;169,3743;2017;13682;2017
3;9;48;248;48022;48022;Impruneta;;FI;0;0;14667;2011;48,7144;2017;14480;2017
3;9;48;248;48024;48024;Lastra a Signa;;FI;0;0;18960;2011;42,8991;2017;20019;2017
3;9;48;248;48025;48025;Londa;;FI;0;0;1827;2011;59,2885;2017;1889;2017
3;9;48;248;48026;48026;Marradi;;FI;0;0;3257;2011;154,0525;2017;3061;2017
3;9;48;248;48027;48027;Montaione;;FI;0;0;3776;2011;104,7585;2017;3632;2017
3;9;48;248;48028;48028;Montelupo Fiorentino;;FI;0;0;13653;2011;24,6575;2017;14234;2017
3;9;48;248;48030;48030;Montespertoli;;FI;0;0;13195;2011;124,8777;2017;13304;2017
3;9;48;248;48031;48031;Palazzuolo sul Senio;;FI;0;0;1188;2011;109,1026;2017;1139;2017
3;9;48;248;48032;48032;Pelago;;FI;0;0;7509;2011;54,5602;2017;7685;2017
3;9;48;248;48033;48033;Pontassieve;;FI;0;0;20529;2011;114,3984;2017;20559;2017
3;9;48;248;48035;48035;Reggello;;FI;0;0;16076;2011;121,6458;2017;16536;2017
3;9;48;248;48036;48036;Rignano sull'Arno;;FI;0;0;8600;2011;54,1439;2017;8731;2017
3;9;48;248;48037;48037;Rufina;;FI;0;0;7382;2011;45,8797;2017;7249;2017
3;9;48;248;48038;48038;San Casciano in Val di Pesa;;FI;0;0;16883;2011;107,8317;2017;17025;2017
3;9;48;248;48039;48039;San Godenzo;;FI;0;0;1231;2011;99,1989;2017;1133;2017
3;9;48;248;48041;48041;Scandicci;;FI;0;0;49765;2011;59,6923;2017;51063;2017
3;9;48;248;48043;48043;Sesto Fiorentino;;FI;0;0;47742;2011;48,8110;2017;48499;2017
3;9;48;248;48044;48044;Signa;;FI;0;0;17451;2011;18,8084;2017;18524;2017
3;9;48;248;48045;48045;Tavarnelle Val di Pesa;;FI;0;0;7675;2011;57,0298;2017;7692;2017
3;9;48;248;48046;48046;Vaglia;;FI;0;0;5065;2011;56,9411;2017;5129;2017
3;9;48;248;48049;48049;Vicchio;;FI;0;0;8117;2011;138,8610;2017;8102;2017
3;9;48;248;48050;48050;Vinci;;FI;0;0;14105;2011;54,1848;2017;14630;2017
3;9;48;248;48052;48052;Figline e Incisa Valdarno;;FI;0;0;23124;2011;97,9012;2017;23621;2017
3;9;48;248;48053;48053;Scarperia e San Piero;;FI;0;0;11968;2011;115,8099;2017;12174;2017
3;9;49;49;49001;49001;Bibbona;;LI;0;0;3209;2011;65,6114;2017;3185;2017
3;9;49;49;49002;49002;Campiglia Marittima;;LI;0;0;13220;2011;83,2760;2017;13010;2017
3;9;49;49;49003;49003;Campo nell'Elba;;LI;0;0;4553;2011;55,7876;2017;4762;2017
3;9;49;49;49004;49004;Capoliveri;;LI;0;0;3763;2011;39,5606;2017;3962;2017
3;9;49;49;49005;49005;Capraia Isola;;LI;0;0;394;2011;19,3267;2017;397;2017
3;9;49;49;49006;49006;Castagneto Carducci;;LI;0;0;8462;2011;142,3149;2017;8863;2017
3;9;49;49;49007;49007;Cecina;;LI;0;0;27992;2011;42,4945;2017;27887;2017
3;9;49;49;49008;49008;Collesalvetti;;LI;0;0;16707;2011;107,9895;2017;16609;2017
3;9;49;49;49009;49009;Livorno;;LI;1;0;157052;2011;104,7138;2017;158062;2017
3;9;49;49;49010;49010;Marciana;;LI;0;0;2208;2011;45,4509;2017;2105;2017
3;9;49;49;49011;49011;Marciana Marina;;LI;0;0;1946;2011;5,8590;2017;1945;2017
3;9;49;49;49012;49012;Piombino;;LI;0;0;34419;2011;129,8069;2017;33694;2017
3;9;49;49;49013;49013;Porto Azzurro;;LI;0;0;3826;2011;13,3301;2017;3732;2017
3;9;49;49;49014;49014;Portoferraio;;LI;0;0;11641;2011;48,4808;2017;11881;2017
3;9;49;49;49015;49015;Rio Marina;;LI;0;0;2235;2011;19,8950;2017;2151;2017
3;9;49;49;49016;49016;Rio nell'Elba;;LI;0;0;1170;2011;16,6232;2017;1097;2017
3;9;49;49;49017;49017;Rosignano Marittimo;;LI;0;0;31752;2011;120,6514;2017;30762;2017
3;9;49;49;49018;49018;San Vincenzo;;LI;0;0;7023;2011;33,1539;2017;6801;2017
3;9;49;49;49019;49019;Sassetta;;LI;0;0;533;2011;26,7469;2017;492;2017
3;9;49;49;49020;49020;Suvereto;;LI;0;0;3142;2011;92,3809;2017;3086;2017
3;9;50;50;50001;50001;Bientina;;PI;0;0;7766;2011;29,4899;2017;8376;2017
3;9;50;50;50002;50002;Buti;;PI;0;0;5773;2011;23,0257;2017;5650;2017
3;9;50;50;50003;50003;Calci;;PI;0;0;6409;2011;25,1051;2017;6335;2017
3;9;50;50;50004;50004;Calcinaia;;PI;0;0;11684;2011;14,8907;2017;12470;2017
3;9;50;50;50005;50005;Capannoli;;PI;0;0;6213;2011;22,7250;2017;6361;2017
3;9;50;50;50006;50006;Casale Marittimo;;PI;0;0;1084;2011;14,3589;2017;1095;2017
3;9;50;50;50008;50008;Cascina;;PI;0;0;43833;2011;78,6061;2017;44851;2017
3;9;50;50;50009;50009;Castelfranco di Sotto;;PI;0;0;12904;2011;48,2483;2017;13227;2017
3;9;50;50;50010;50010;Castellina Marittima;;PI;0;0;1985;2011;45,5735;2017;1929;2017
3;9;50;50;50011;50011;Castelnuovo di Val di Cecina;;PI;0;0;2290;2011;89,0162;2017;2175;2017
3;9;50;50;50012;50012;Chianni;;PI;0;0;1457;2011;61,9916;2017;1351;2017
3;9;50;50;50014;50014;Fauglia;;PI;0;0;3592;2011;42,4313;2017;3688;2017
3;9;50;50;50015;50015;Guardistallo;;PI;0;0;1254;2011;23,6101;2017;1211;2017
3;9;50;50;50016;50016;Lajatico;;PI;0;0;1376;2011;72,6651;2017;1298;2017
3;9;50;50;50019;50019;Montecatini Val di Cecina;;PI;0;0;1820;2011;154,9495;2017;1685;2017
3;9;50;50;50020;50020;Montescudaio;;PI;0;0;1958;2011;20,1518;2017;2183;2017
3;9;50;50;50021;50021;Monteverdi Marittimo;;PI;0;0;778;2011;98,0741;2017;743;2017
3;9;50;50;50022;50022;Montopoli in Val d'Arno;;PI;0;0;11167;2011;30,1734;2017;11171;2017
3;9;50;50;50023;50023;Orciano Pisano;;PI;0;0;635;2011;11,6218;2017;627;2017
3;9;50;50;50024;50024;Palaia;;PI;0;0;4572;2011;73,6440;2017;4556;2017
3;9;50;50;50025;50025;Peccioli;;PI;0;0;4939;2011;92,5368;2017;4696;2017
3;9;50;50;50026;50026;Pisa;;PI;1;0;85858;2011;185,0690;2017;90949;2017
3;9;50;50;50027;50027;Pomarance;;PI;0;0;5845;2011;227,8437;2017;5656;2017
3;9;50;50;50028;50028;Ponsacco;;PI;0;0;15237;2011;19,8828;2017;15465;2017
3;9;50;50;50029;50029;Pontedera;;PI;0;0;28061;2011;46,0346;2017;28904;2017
3;9;50;50;50030;50030;Riparbella;;PI;0;0;1631;2011;58,9604;2017;1634;2017
3;9;50;50;50031;50031;San Giuliano Terme;;PI;0;0;31103;2011;91,9400;2017;31114;2017
3;9;50;50;50032;50032;San Miniato;;PI;0;0;27585;2011;102,5828;2017;27743;2017
3;9;50;50;50033;50033;Santa Croce sull'Arno;;PI;0;0;14061;2011;16,7885;2017;14516;2017
3;9;50;50;50034;50034;Santa Luce;;PI;0;0;1737;2011;66,6216;2017;1662;2017
3;9;50;50;50035;50035;Santa Maria a Monte;;PI;0;0;12847;2011;38,0351;2017;12952;2017
3;9;50;50;50036;50036;Terricciola;;PI;0;0;4511;2011;43,2830;2017;4510;2017
3;9;50;50;50037;50037;Vecchiano;;PI;0;0;12366;2011;67,5491;2017;12033;2017
3;9;50;50;50038;50038;Vicopisano;;PI;0;0;8479;2011;26,8681;2017;8633;2017
3;9;50;50;50039;50039;Volterra;;PI;0;0;10689;2011;252,6378;2017;10288;2017
3;9;50;50;50040;50040;Casciana Terme Lari;;PI;0;0;12366;2011;81,3978;2017;12484;2017
3;9;50;50;50041;50041;Crespina Lorenzana;;PI;0;0;5325;2011;46,4332;2017;5415;2017
3;9;51;51;51001;51001;Anghiari;;AR;0;0;5672;2011;130,9192;2017;5548;2017
3;9;51;51;51002;51002;Arezzo;;AR;1;0;98144;2011;384,7537;2017;98807;2017
3;9;51;51;51003;51003;Badia Tedalda;;AR;0;0;1091;2011;118,7171;2017;1062;2017
3;9;51;51;51004;51004;Bibbiena;;AR;0;0;12284;2011;86,5122;2017;12012;2017
3;9;51;51;51005;51005;Bucine;;AR;0;0;10033;2011;131,6157;2017;9986;2017
3;9;51;51;51006;51006;Capolona;;AR;0;0;5428;2011;47,5561;2017;5464;2017
3;9;51;51;51007;51007;Caprese Michelangelo;;AR;0;0;1516;2011;66,5302;2017;1415;2017
3;9;51;51;51008;51008;Castel Focognano;;AR;0;0;3239;2011;56,6283;2017;3075;2017
3;9;51;51;51010;51010;Castel San Niccolò;;AR;0;0;2739;2011;83,2702;2017;2667;2017
3;9;51;51;51011;51011;Castiglion Fibocchi;;AR;0;0;2218;2011;25,4628;2017;2129;2017
3;9;51;51;51012;51012;Castiglion Fiorentino;;AR;0;0;13166;2011;111,4256;2017;13158;2017
3;9;51;51;51013;51013;Cavriglia;;AR;0;0;9458;2011;60,8681;2017;9507;2017
3;9;51;51;51014;51014;Chitignano;;AR;0;0;933;2011;14,8936;2017;910;2017
3;9;51;51;51015;51015;Chiusi della Verna;;AR;0;0;2058;2011;102,3216;2017;1998;2017
3;9;51;51;51016;51016;Civitella in Val di Chiana;;AR;0;0;9111;2011;100,3260;2017;9038;2017
3;9;51;51;51017;51017;Cortona;;AR;0;0;22495;2011;342,7316;2017;21869;2017
3;9;51;51;51018;51018;Foiano della Chiana;;AR;0;0;9348;2011;40,7826;2017;9346;2017
3;9;51;51;51019;51019;Laterina;;AR;0;0;3541;2011;24,0377;2017;3489;2017
3;9;51;51;51020;51020;Loro Ciuffenna;;AR;0;0;5892;2011;86,5219;2017;5876;2017
3;9;51;51;51021;51021;Lucignano;;AR;0;0;3615;2011;44,9309;2017;3536;2017
3;9;51;51;51022;51022;Marciano della Chiana;;AR;0;0;3422;2011;23,6944;2017;3438;2017
3;9;51;51;51023;51023;Montemignaio;;AR;0;0;576;2011;25,9430;2017;556;2017
3;9;51;51;51024;51024;Monterchi;;AR;0;0;1822;2011;29,4156;2017;1728;2017
3;9;51;51;51025;51025;Monte San Savino;;AR;0;0;8743;2011;89,8062;2017;8695;2017
3;9;51;51;51026;51026;Montevarchi;;AR;0;0;23971;2011;56,6641;2017;24003;2017
3;9;51;51;51027;51027;Ortignano Raggiolo;;AR;0;0;878;2011;36,3016;2017;882;2017
3;9;51;51;51028;51028;Pergine Valdarno;;AR;0;0;3218;2011;46,4980;2017;3082;2017
3;9;51;51;51030;51030;Pieve Santo Stefano;;AR;0;0;3190;2011;156,0867;2017;3113;2017
3;9;51;51;51031;51031;Poppi;;AR;0;0;6196;2011;97,0817;2017;6128;2017
3;9;51;51;51033;51033;San Giovanni Valdarno;;AR;0;0;16890;2011;21,4497;2017;16783;2017
3;9;51;51;51034;51034;Sansepolcro;;AR;0;0;16108;2011;91,1928;2017;15631;2017
3;9;51;51;51035;51035;Sestino;;AR;0;0;1421;2011;80,2296;2017;1295;2017
3;9;51;51;51037;51037;Subbiano;;AR;0;0;6299;2011;77,8418;2017;6336;2017
3;9;51;51;51038;51038;Talla;;AR;0;0;1130;2011;59,8867;2017;1013;2017
3;9;51;51;51039;51039;Terranuova Bracciolini;;AR;0;0;12302;2011;85,8786;2017;12240;2017
3;9;51;51;51040;51040;Castelfranco Piandiscò;;AR;0;0;9518;2011;55,9910;2017;9859;2017
3;9;51;51;51041;51041;Pratovecchio Stia;;AR;0;0;6011;2011;138,2261;2017;5701;2017
3;9;52;52;52001;52001;Abbadia San Salvatore;;SI;0;0;6557;2011;58,9933;2017;6317;2017
3;9;52;52;52002;52002;Asciano;;SI;0;0;7228;2011;215,6315;2017;7002;2017
3;9;52;52;52003;52003;Buonconvento;;SI;0;0;3182;2011;64,8436;2017;3160;2017
3;9;52;52;52004;52004;Casole d'Elsa;;SI;0;0;3886;2011;148,7041;2017;3827;2017
3;9;52;52;52005;52005;Castellina in Chianti;;SI;0;0;2863;2011;99,7990;2017;2796;2017
3;9;52;52;52006;52006;Castelnuovo Berardenga;;SI;0;0;8787;2011;177,1077;2017;8927;2017
3;9;52;52;52007;52007;Castiglione d'Orcia;;SI;0;0;2453;2011;141,5389;2017;2267;2017
3;9;52;52;52008;52008;Cetona;;SI;0;0;2845;2011;53,5433;2017;2674;2017
3;9;52;52;52009;52009;Chianciano Terme;;SI;0;0;7058;2011;36,5614;2017;6975;2017
3;9;52;52;52010;52010;Chiusdino;;SI;0;0;1877;2011;141,5667;2017;1839;2017
3;9;52;52;52011;52011;Chiusi;;SI;0;0;8836;2011;58,0687;2017;8500;2017
3;9;52;52;52012;52012;Colle di Val d'Elsa;;SI;0;0;21256;2011;92,0349;2017;21499;2017
3;9;52;52;52013;52013;Gaiole in Chianti;;SI;0;0;2758;2011;128,8832;2017;2736;2017
3;9;52;52;52015;52015;Montepulciano;;SI;0;0;14237;2011;165,5399;2017;13936;2017
3;9;52;52;52016;52016;Monteriggioni;;SI;0;0;9264;2011;99,7309;2017;9944;2017
3;9;52;52;52017;52017;Monteroni d'Arbia;;SI;0;0;8744;2011;105,8556;2017;8991;2017
3;9;52;52;52018;52018;Monticiano;;SI;0;0;1505;2011;109,5005;2017;1537;2017
3;9;52;52;52019;52019;Murlo;;SI;0;0;2388;2011;114,6246;2017;2447;2017
3;9;52;52;52020;52020;Piancastagnaio;;SI;0;0;4176;2011;69,6264;2017;4172;2017
3;9;52;52;52021;52021;Pienza;;SI;0;0;2141;2011;122,8667;2017;2087;2017
3;9;52;52;52022;52022;Poggibonsi;;SI;0;0;28952;2011;70,6019;2017;28827;2017
3;9;52;52;52023;52023;Radda in Chianti;;SI;0;0;1693;2011;80,4148;2017;1577;2017
3;9;52;52;52024;52024;Radicofani;;SI;0;0;1151;2011;117,9750;2017;1096;2017
3;9;52;52;52025;52025;Radicondoli;;SI;0;0;931;2011;132,5264;2017;935;2017
3;9;52;52;52026;52026;Rapolano Terme;;SI;0;0;5129;2011;83,0208;2017;5253;2017
3;9;52;52;52027;52027;San Casciano dei Bagni;;SI;0;0;1637;2011;92,1425;2017;1573;2017
3;9;52;52;52028;52028;San Gimignano;;SI;0;0;7677;2011;138,5687;2017;7693;2017
3;9;52;52;52030;52030;San Quirico d'Orcia;;SI;0;0;2680;2011;42,2351;2017;2648;2017
3;9;52;52;52031;52031;Sarteano;;SI;0;0;4741;2011;84,8432;2017;4677;2017
3;9;52;52;52032;52032;Siena;;SI;1;0;52839;2011;118,5306;2017;54158;2017
3;9;52;52;52033;52033;Sinalunga;;SI;0;0;12476;2011;78,6758;2017;12603;2017
3;9;52;52;52034;52034;Sovicille;;SI;0;0;9935;2011;143,5768;2017;9971;2017
3;9;52;52;52035;52035;Torrita di Siena;;SI;0;0;7357;2011;58,3390;2017;7157;2017
3;9;52;52;52036;52036;Trequanda;;SI;0;0;1339;2011;63,9492;2017;1208;2017
3;9;52;52;52037;52037;Montalcino;;SI;0;0;6043;2011;310,3936;2017;5871;2017
3;9;53;53;53001;53001;Arcidosso;;GR;0;0;4313;2011;93,2541;2017;4304;2017
3;9;53;53;53002;53002;Campagnatico;;GR;0;0;2498;2011;162,2885;2017;2382;2017
3;9;53;53;53003;53003;Capalbio;;GR;0;0;4066;2011;187,3488;2017;3971;2017
3;9;53;53;53004;53004;Castel del Piano;;GR;0;0;4671;2011;67,7697;2017;4790;2017
3;9;53;53;53005;53005;Castell'Azzara;;GR;0;0;1601;2011;64,2308;2017;1417;2017
3;9;53;53;53006;53006;Castiglione della Pescaia;;GR;0;0;7076;2011;209,1009;2017;7220;2017
3;9;53;53;53007;53007;Cinigiano;;GR;0;0;2662;2011;161,5518;2017;2526;2017
3;9;53;53;53008;53008;Civitella Paganico;;GR;0;0;3136;2011;192,9001;2017;3094;2017
3;9;53;53;53009;53009;Follonica;;GR;0;0;21479;2011;56,0491;2017;21590;2017
3;9;53;53;53010;53010;Gavorrano;;GR;0;0;8660;2011;164,0818;2017;8588;2017
3;9;53;53;53011;53011;Grosseto;;GR;1;0;78630;2011;473,5252;2017;81630;2017
3;9;53;53;53012;53012;Isola del Giglio;;GR;0;0;1418;2011;24,0114;2017;1420;2017
3;9;53;53;53013;53013;Magliano in Toscana;;GR;0;0;3633;2011;250,8568;2017;3532;2017
3;9;53;53;53014;53014;Manciano;;GR;0;0;7259;2011;372,4982;2017;7323;2017
3;9;53;53;53015;53015;Massa Marittima;;GR;0;0;8614;2011;283,4428;2017;8279;2017
3;9;53;53;53016;53016;Monte Argentario;;GR;0;0;12556;2011;60,4004;2017;12145;2017
3;9;53;53;53017;53017;Montieri;;GR;0;0;1147;2011;108,2049;2017;1160;2017
3;9;53;53;53018;53018;Orbetello;;GR;0;0;14705;2011;226,8069;2017;14681;2017
3;9;53;53;53019;53019;Pitigliano;;GR;0;0;3870;2011;101,9591;2017;3761;2017
3;9;53;53;53020;53020;Roccalbegna;;GR;0;0;1099;2011;124,8586;2017;988;2017
3;9;53;53;53021;53021;Roccastrada;;GR;0;0;9378;2011;284,4636;2017;9045;2017
3;9;53;53;53022;53022;Santa Fiora;;GR;0;0;2702;2011;63,4512;2017;2532;2017
3;9;53;53;53023;53023;Scansano;;GR;0;0;4534;2011;273,5600;2017;4374;2017
3;9;53;53;53024;53024;Scarlino;;GR;0;0;3699;2011;88,2265;2017;3862;2017
3;9;53;53;53025;53025;Seggiano;;GR;0;0;1004;2011;49,4287;2017;957;2017
3;9;53;53;53026;53026;Sorano;;GR;0;0;3596;2011;174,5585;2017;3339;2017
3;9;53;53;53027;53027;Monterotondo Marittimo;;GR;0;0;1414;2011;102,6929;2017;1310;2017
3;9;53;53;53028;53028;Semproniano;;GR;0;0;1144;2011;81,6534;2017;1081;2017
3;10;54;54;54001;54001;Assisi;;PG;0;0;27377;2011;187,1913;2017;27990;2017
3;10;54;54;54002;54002;Bastia Umbra;;PG;0;0;21653;2011;27,6014;2017;21482;2017
3;10;54;54;54003;54003;Bettona;;PG;0;0;4302;2011;45,0747;2017;4273;2017
3;10;54;54;54004;54004;Bevagna;;PG;0;0;5074;2011;56,2226;2017;5000;2017
3;10;54;54;54005;54005;Campello sul Clitunno;;PG;0;0;2500;2011;49,7616;2017;2353;2017
3;10;54;54;54006;54006;Cannara;;PG;0;0;4308;2011;32,8087;2017;4264;2017
3;10;54;54;54007;54007;Cascia;;PG;0;0;3248;2011;180,8336;2017;3093;2017
3;10;54;54;54008;54008;Castel Ritaldi;;PG;0;0;3319;2011;22,4414;2017;3212;2017
3;10;54;54;54009;54009;Castiglione del Lago;;PG;0;0;15422;2011;205,2661;2017;14977;2017
3;10;54;54;54010;54010;Cerreto di Spoleto;;PG;0;0;1122;2011;74,7826;2017;1050;2017
3;10;54;54;54011;54011;Citerna;;PG;0;0;3458;2011;23,5288;2017;3442;2017
3;10;54;54;54012;54012;Città della Pieve;;PG;0;0;7803;2011;110,9444;2017;7668;2017
3;10;54;54;54013;54013;Città di Castello;;PG;0;0;40064;2011;387,3170;2017;39109;2017
3;10;54;54;54014;54014;Collazzone;;PG;0;0;3578;2011;55,5632;2017;3421;2017
3;10;54;54;54015;54015;Corciano;;PG;0;0;20255;2011;63,7230;2017;21152;2017
3;10;54;54;54016;54016;Costacciaro;;PG;0;0;1283;2011;41,0597;2017;1166;2017
3;10;54;54;54017;54017;Deruta;;PG;0;0;9456;2011;44,5600;2017;9557;2017
3;10;54;54;54018;54018;Foligno;;PG;0;0;56045;2011;264,6560;2017;55870;2017
3;10;54;54;54019;54019;Fossato di Vico;;PG;0;0;2817;2011;35,3910;2017;2666;2017
3;10;54;54;54020;54020;Fratta Todina;;PG;0;0;1840;2011;17,4281;2017;1789;2017
3;10;54;54;54021;54021;Giano dell'Umbria;;PG;0;0;3816;2011;44,4751;2017;3861;2017
3;10;54;54;54022;54022;Gualdo Cattaneo;;PG;0;0;6278;2011;96,6236;2017;5921;2017
3;10;54;54;54023;54023;Gualdo Tadino;;PG;0;0;15453;2011;124,2833;2017;14858;2017
3;10;54;54;54024;54024;Gubbio;;PG;0;0;32432;2011;525,7677;2017;31843;2017
3;10;54;54;54025;54025;Lisciano Niccone;;PG;0;0;624;2011;35,1821;2017;600;2017
3;10;54;54;54026;54026;Magione;;PG;0;0;14589;2011;129,7327;2017;14827;2017
3;10;54;54;54027;54027;Marsciano;;PG;0;0;18701;2011;161,5281;2017;18335;2017
3;10;54;54;54028;54028;Massa Martana;;PG;0;0;3822;2011;78,4082;2017;3724;2017
3;10;54;54;54029;54029;Monte Castello di Vibio;;PG;0;0;1620;2011;31,9491;2017;1530;2017
3;10;54;54;54030;54030;Montefalco;;PG;0;0;5691;2011;69,5123;2017;5544;2017
3;10;54;54;54031;54031;Monteleone di Spoleto;;PG;0;0;626;2011;62,1650;2017;590;2017
3;10;54;54;54032;54032;Monte Santa Maria Tiberina;;PG;0;0;1216;2011;72,5288;2017;1144;2017
3;10;54;54;54033;54033;Montone;;PG;0;0;1663;2011;51,0941;2017;1626;2017
3;10;54;54;54034;54034;Nocera Umbra;;PG;0;0;5953;2011;157,1641;2017;5679;2017
3;10;54;54;54035;54035;Norcia;;PG;0;0;4915;2011;275,5700;2017;4868;2017
3;10;54;54;54036;54036;Paciano;;PG;0;0;982;2011;16,9058;2017;989;2017
3;10;54;54;54037;54037;Panicale;;PG;0;0;5734;2011;79,2582;2017;5591;2017
3;10;54;54;54038;54038;Passignano sul Trasimeno;;PG;0;0;5522;2011;81,3321;2017;5564;2017
3;10;54;54;54039;54039;Perugia;;PG;1;1;162449;2011;449,6117;2017;164371;2017
3;10;54;54;54040;54040;Piegaro;;PG;0;0;3799;2011;99,0764;2017;3554;2017
3;10;54;54;54041;54041;Pietralunga;;PG;0;0;2182;2011;140,4153;2017;2053;2017
3;10;54;54;54042;54042;Poggiodomo;;PG;0;0;135;2011;40,0939;2017;103;2017
3;10;54;54;54043;54043;Preci;;PG;0;0;757;2011;82,0201;2017;697;2017
3;10;54;54;54044;54044;San Giustino;;PG;0;0;11337;2011;79,9788;2017;11086;2017
3;10;54;54;54045;54045;Sant'Anatolia di Narco;;PG;0;0;558;2011;46,5485;2017;554;2017
3;10;54;54;54046;54046;Scheggia e Pascelupo;;PG;0;0;1442;2011;64,1501;2017;1342;2017
3;10;54;54;54047;54047;Scheggino;;PG;0;0;481;2011;35,8493;2017;452;2017
3;10;54;54;54048;54048;Sellano;;PG;0;0;1140;2011;85,8384;2017;1053;2017
3;10;54;54;54049;54049;Sigillo;;PG;0;0;2468;2011;26,4743;2017;2361;2017
3;10;54;54;54050;54050;Spello;;PG;0;0;8631;2011;61,6445;2017;8552;2017
3;10;54;54;54051;54051;Spoleto;;PG;0;0;38429;2011;348,1366;2017;37734;2017
3;10;54;54;54052;54052;Todi;;PG;0;0;16900;2011;222,8556;2017;16002;2017
3;10;54;54;54053;54053;Torgiano;;PG;0;0;6520;2011;37,6662;2017;6518;2017
3;10;54;54;54054;54054;Trevi;;PG;0;0;8335;2011;71,1853;2017;8266;2017
3;10;54;54;54055;54055;Tuoro sul Trasimeno;;PG;0;0;3850;2011;55,8849;2017;3761;2017
3;10;54;54;54056;54056;Umbertide;;PG;0;0;16481;2011;200,8295;2017;16344;2017
3;10;54;54;54057;54057;Valfabbrica;;PG;0;0;3502;2011;92,3024;2017;3362;2017
3;10;54;54;54058;54058;Vallo di Nera;;PG;0;0;401;2011;36,2211;2017;365;2017
3;10;54;54;54059;54059;Valtopina;;PG;0;0;1486;2011;40,5734;2017;1366;2017
3;10;55;55;55001;55001;Acquasparta;;TR;0;0;4929;2011;81,6058;2017;4636;2017
3;10;55;55;55002;55002;Allerona;;TR;0;0;1859;2011;82,6127;2017;1775;2017
3;10;55;55;55003;55003;Alviano;;TR;0;0;1514;2011;23,8952;2017;1456;2017
3;10;55;55;55004;55004;Amelia;;TR;0;0;11781;2011;132,4964;2017;11552;2017
3;10;55;55;55005;55005;Arrone;;TR;0;0;2839;2011;41,0320;2017;2725;2017
3;10;55;55;55006;55006;Attigliano;;TR;0;0;1917;2011;10,5120;2017;2037;2017
3;10;55;55;55007;55007;Baschi;;TR;0;0;2803;2011;68,5686;2017;2683;2017
3;10;55;55;55008;55008;Calvi dell'Umbria;;TR;0;0;1883;2011;46,0063;2017;1771;2017
3;10;55;55;55009;55009;Castel Giorgio;;TR;0;0;2178;2011;42,1444;2017;2080;2017
3;10;55;55;55010;55010;Castel Viscardo;;TR;0;0;3028;2011;26,2156;2017;2857;2017
3;10;55;55;55011;55011;Fabro;;TR;0;0;2906;2011;34,5504;2017;2816;2017
3;10;55;55;55012;55012;Ferentillo;;TR;0;0;1963;2011;69,5861;2017;1866;2017
3;10;55;55;55013;55013;Ficulle;;TR;0;0;1695;2011;64,6187;2017;1609;2017
3;10;55;55;55014;55014;Giove;;TR;0;0;1900;2011;15,0882;2017;1920;2017
3;10;55;55;55015;55015;Guardea;;TR;0;0;1863;2011;39,3808;2017;1814;2017
3;10;55;55;55016;55016;Lugnano in Teverina;;TR;0;0;1539;2011;29,8297;2017;1452;2017
3;10;55;55;55017;55017;Montecastrilli;;TR;0;0;5190;2011;62,4282;2017;4973;2017
3;10;55;55;55018;55018;Montecchio;;TR;0;0;1723;2011;49,2172;2017;1640;2017
3;10;55;55;55019;55019;Montefranco;;TR;0;0;1289;2011;10,0869;2017;1288;2017
3;10;55;55;55020;55020;Montegabbione;;TR;0;0;1235;2011;51,0591;2017;1168;2017
3;10;55;55;55021;55021;Monteleone d'Orvieto;;TR;0;0;1559;2011;24,0978;2017;1426;2017
3;10;55;55;55022;55022;Narni;;TR;0;0;20054;2011;197,9836;2017;19048;2017
3;10;55;55;55023;55023;Orvieto;;TR;0;0;21064;2011;281,2704;2017;20488;2017
3;10;55;55;55024;55024;Otricoli;;TR;0;0;1915;2011;27,4114;2017;1835;2017
3;10;55;55;55025;55025;Parrano;;TR;0;0;590;2011;40,0911;2017;521;2017
3;10;55;55;55026;55026;Penna in Teverina;;TR;0;0;1056;2011;10,0033;2017;1085;2017
3;10;55;55;55027;55027;Polino;;TR;0;0;246;2011;19,5678;2017;235;2017
3;10;55;55;55028;55028;Porano;;TR;0;0;1989;2011;13,6040;2017;1988;2017
3;10;55;55;55029;55029;San Gemini;;TR;0;0;4921;2011;27,8956;2017;4971;2017
3;10;55;55;55030;55030;San Venanzo;;TR;0;0;2311;2011;169,4518;2017;2192;2017
3;10;55;55;55031;55031;Stroncone;;TR;0;0;4924;2011;71,1557;2017;4770;2017
3;10;55;55;55032;55032;Terni;;TR;1;0;109193;2011;212,4261;2017;110777;2017
3;10;55;55;55033;55033;Avigliano Umbro;;TR;0;0;2568;2011;51,3387;2017;2499;2017
3;12;56;56;56001;56001;Acquapendente;;VT;0;0;5655;2011;131,6022;2017;5396;2017
3;12;56;56;56002;56002;Arlena di Castro;;VT;0;0;886;2011;21,8706;2017;877;2017
3;12;56;56;56003;56003;Bagnoregio;;VT;0;0;3674;2011;72,8081;2017;3565;2017
3;12;56;56;56004;56004;Barbarano Romano;;VT;0;0;1085;2011;37,5635;2017;1043;2017
3;12;56;56;56005;56005;Bassano Romano;;VT;0;0;4834;2011;37,5457;2017;4747;2017
3;12;56;56;56006;56006;Bassano in Teverina;;VT;0;0;1277;2011;12,1676;2017;1267;2017
3;12;56;56;56007;56007;Blera;;VT;0;0;3356;2011;92,9142;2017;3148;2017
3;12;56;56;56008;56008;Bolsena;;VT;0;0;4137;2011;63,5714;2017;3901;2017
3;12;56;56;56009;56009;Bomarzo;;VT;0;0;1814;2011;39,6448;2017;1756;2017
3;12;56;56;56010;56010;Calcata;;VT;0;0;905;2011;7,6322;2017;919;2017
3;12;56;56;56011;56011;Canepina;;VT;0;0;3149;2011;20,8477;2017;2982;2017
3;12;56;56;56012;56012;Canino;;VT;0;0;5270;2011;124,0375;2017;5272;2017
3;12;56;56;56013;56013;Capodimonte;;VT;0;0;1741;2011;61,2907;2017;1699;2017
3;12;56;56;56014;56014;Capranica;;VT;0;0;6644;2011;40,9683;2017;6519;2017
3;12;56;56;56015;56015;Caprarola;;VT;0;0;5345;2011;57,5769;2017;5323;2017
3;12;56;56;56016;56016;Carbognano;;VT;0;0;2042;2011;17,4110;2017;1949;2017
3;12;56;56;56017;56017;Castel Sant'Elia;;VT;0;0;2558;2011;23,9151;2017;2565;2017
3;12;56;56;56018;56018;Castiglione in Teverina;;VT;0;0;2385;2011;19,8891;2017;2303;2017
3;12;56;56;56019;56019;Celleno;;VT;0;0;1343;2011;23,8237;2017;1337;2017
3;12;56;56;56020;56020;Cellere;;VT;0;0;1230;2011;37,1950;2017;1161;2017
3;12;56;56;56021;56021;Civita Castellana;;VT;0;0;15596;2011;84,2211;2017;15808;2017
3;12;56;56;56022;56022;Civitella d'Agliano;;VT;0;0;1658;2011;32,9552;2017;1541;2017
3;12;56;56;56023;56023;Corchiano;;VT;0;0;3740;2011;33,0306;2017;3707;2017
3;12;56;56;56024;56024;Fabrica di Roma;;VT;0;0;8136;2011;34,7859;2017;8170;2017
3;12;56;56;56025;56025;Faleria;;VT;0;0;2115;2011;25,6785;2017;2081;2017
3;12;56;56;56026;56026;Farnese;;VT;0;0;1631;2011;52,3752;2017;1460;2017
3;12;56;56;56027;56027;Gallese;;VT;0;0;2994;2011;37,1735;2017;2767;2017
3;12;56;56;56028;56028;Gradoli;;VT;0;0;1474;2011;43,8083;2017;1339;2017
3;12;56;56;56029;56029;Graffignano;;VT;0;0;2319;2011;29,1023;2017;2243;2017
3;12;56;56;56030;56030;Grotte di Castro;;VT;0;0;2795;2011;33,4200;2017;2608;2017
3;12;56;56;56031;56031;Ischia di Castro;;VT;0;0;2377;2011;104,9432;2017;2265;2017
3;12;56;56;56032;56032;Latera;;VT;0;0;933;2011;22,4294;2017;826;2017
3;12;56;56;56033;56033;Lubriano;;VT;0;0;919;2011;16,6891;2017;890;2017
3;12;56;56;56034;56034;Marta;;VT;0;0;3520;2011;33,5404;2017;3388;2017
3;12;56;56;56035;56035;Montalto di Castro;;VT;0;0;8770;2011;189,6215;2017;8840;2017
3;12;56;56;56036;56036;Montefiascone;;VT;0;0;13388;2011;104,9300;2017;13338;2017
3;12;56;56;56037;56037;Monte Romano;;VT;0;0;2007;2011;86,1400;2017;1968;2017
3;12;56;56;56038;56038;Monterosi;;VT;0;0;3868;2011;10,6834;2017;4404;2017
3;12;56;56;56039;56039;Nepi;;VT;0;0;9353;2011;83,7096;2017;9089;2017
3;12;56;56;56040;56040;Onano;;VT;0;0;1017;2011;24,5077;2017;999;2017
3;12;56;56;56041;56041;Oriolo Romano;;VT;0;0;3648;2011;19,3110;2017;3681;2017
3;12;56;56;56042;56042;Orte;;VT;0;0;8665;2011;69,5589;2017;9107;2017
3;12;56;56;56043;56043;Piansano;;VT;0;0;2147;2011;26,6051;2017;1982;2017
3;12;56;56;56044;56044;Proceno;;VT;0;0;605;2011;42,0138;2017;583;2017
3;12;56;56;56045;56045;Ronciglione;;VT;0;0;8308;2011;52,5258;2017;8355;2017
3;12;56;56;56046;56046;Villa San Giovanni in Tuscia;;VT;0;0;1313;2011;5,2792;2017;1307;2017
3;12;56;56;56047;56047;San Lorenzo Nuovo;;VT;0;0;2166;2011;26,7350;2017;2089;2017
3;12;56;56;56048;56048;Soriano nel Cimino;;VT;0;0;8544;2011;78,5355;2017;8220;2017
3;12;56;56;56049;56049;Sutri;;VT;0;0;6552;2011;60,9413;2017;6529;2017
3;12;56;56;56050;56050;Tarquinia;;VT;0;0;16016;2011;279,3305;2017;16181;2017
3;12;56;56;56051;56051;Tessennano;;VT;0;0;350;2011;14,7309;2017;319;2017
3;12;56;56;56052;56052;Tuscania;;VT;0;0;8145;2011;208,6910;2017;8246;2017
3;12;56;56;56053;56053;Valentano;;VT;0;0;2895;2011;43,4947;2017;2855;2017
3;12;56;56;56054;56054;Vallerano;;VT;0;0;2613;2011;15,4516;2017;2551;2017
3;12;56;56;56055;56055;Vasanello;;VT;0;0;4161;2011;28,9623;2017;3987;2017
3;12;56;56;56056;56056;Vejano;;VT;0;0;2298;2011;44,3071;2017;2232;2017
3;12;56;56;56057;56057;Vetralla;;VT;0;0;13507;2011;113,7710;2017;13632;2017
3;12;56;56;56058;56058;Vignanello;;VT;0;0;4826;2011;20,5289;2017;4493;2017
3;12;56;56;56059;56059;Viterbo;;VT;1;0;63209;2011;406,2267;2017;66015;2017
3;12;56;56;56060;56060;Vitorchiano;;VT;0;0;4956;2011;30,1430;2017;5186;2017
3;12;57;57;57001;57001;Accumoli;;RI;0;0;653;2011;87,3430;2017;616;2017
3;12;57;57;57002;57002;Amatrice;;RI;0;0;2646;2011;174,3849;2017;2437;2017
3;12;57;57;57003;57003;Antrodoco;;RI;0;0;2704;2011;63,9041;2017;2469;2017
3;12;57;57;57004;57004;Ascrea;;RI;0;0;266;2011;13,9761;2017;247;2017
3;12;57;57;57005;57005;Belmonte in Sabina;;RI;0;0;649;2011;23,6446;2017;662;2017
3;12;57;57;57006;57006;Borbona;;RI;0;0;650;2011;47,9485;2017;597;2017
3;12;57;57;57007;57007;Borgorose;;RI;0;0;4615;2011;145,8039;2017;4426;2017
3;12;57;57;57008;57008;Borgo Velino;;RI;0;0;990;2011;18,2929;2017;940;2017
3;12;57;57;57009;57009;Cantalice;;RI;0;0;2726;2011;37,6240;2017;2612;2017
3;12;57;57;57010;57010;Cantalupo in Sabina;;RI;0;0;1736;2011;10,6212;2017;1656;2017
3;12;57;57;57011;57011;Casaprota;;RI;0;0;723;2011;14,5461;2017;713;2017
3;12;57;57;57012;57012;Casperia;;RI;0;0;1231;2011;25,3087;2017;1244;2017
3;12;57;57;57013;57013;Castel di Tora;;RI;0;0;299;2011;15,4912;2017;268;2017
3;12;57;57;57014;57014;Castelnuovo di Farfa;;RI;0;0;1047;2011;8,8422;2017;1030;2017
3;12;57;57;57015;57015;Castel Sant'Angelo;;RI;0;0;1289;2011;31,2697;2017;1203;2017
3;12;57;57;57016;57016;Cittaducale;;RI;0;0;6900;2011;71,2532;2017;6733;2017
3;12;57;57;57017;57017;Cittareale;;RI;0;0;470;2011;59,6601;2017;461;2017
3;12;57;57;57018;57018;Collalto Sabino;;RI;0;0;440;2011;22,3698;2017;417;2017
3;12;57;57;57019;57019;Colle di Tora;;RI;0;0;384;2011;14,3718;2017;353;2017
3;12;57;57;57020;57020;Collegiove;;RI;0;0;169;2011;10,6126;2017;154;2017
3;12;57;57;57021;57021;Collevecchio;;RI;0;0;1595;2011;26,9475;2017;1527;2017
3;12;57;57;57022;57022;Colli sul Velino;;RI;0;0;524;2011;12,7551;2017;503;2017
3;12;57;57;57023;57023;Concerviano;;RI;0;0;311;2011;21,3896;2017;276;2017
3;12;57;57;57024;57024;Configni;;RI;0;0;672;2011;22,9256;2017;608;2017
3;12;57;57;57025;57025;Contigliano;;RI;0;0;3601;2011;53,5447;2017;3771;2017
3;12;57;57;57026;57026;Cottanello;;RI;0;0;562;2011;36,6915;2017;532;2017
3;12;57;57;57027;57027;Fara in Sabina;;RI;0;0;12326;2011;54,9624;2017;13539;2017
3;12;57;57;57028;57028;Fiamignano;;RI;0;0;1455;2011;100,6180;2017;1316;2017
3;12;57;57;57029;57029;Forano;;RI;0;0;2933;2011;17,6853;2017;3042;2017
3;12;57;57;57030;57030;Frasso Sabino;;RI;0;0;688;2011;4,3898;2017;760;2017
3;12;57;57;57031;57031;Greccio;;RI;0;0;1520;2011;17,8535;2017;1522;2017
3;12;57;57;57032;57032;Labro;;RI;0;0;344;2011;11,7424;2017;348;2017
3;12;57;57;57033;57033;Leonessa;;RI;0;0;2480;2011;204,0152;2017;2300;2017
3;12;57;57;57034;57034;Longone Sabino;;RI;0;0;583;2011;34,3338;2017;563;2017
3;12;57;57;57035;57035;Magliano Sabina;;RI;0;0;3799;2011;43,1617;2017;3658;2017
3;12;57;57;57036;57036;Marcetelli;;RI;0;0;97;2011;11,0838;2017;75;2017
3;12;57;57;57037;57037;Micigliano;;RI;0;0;131;2011;36,8517;2017;122;2017
3;12;57;57;57038;57038;Mompeo;;RI;0;0;534;2011;10,8922;2017;491;2017
3;12;57;57;57039;57039;Montasola;;RI;0;0;403;2011;12,7472;2017;375;2017
3;12;57;57;57040;57040;Montebuono;;RI;0;0;917;2011;19,6813;2017;886;2017
3;12;57;57;57041;57041;Monteleone Sabino;;RI;0;0;1232;2011;19,0398;2017;1227;2017
3;12;57;57;57042;57042;Montenero Sabino;;RI;0;0;295;2011;22,5865;2017;282;2017
3;12;57;57;57043;57043;Monte San Giovanni in Sabina;;RI;0;0;752;2011;30,7570;2017;684;2017
3;12;57;57;57044;57044;Montopoli di Sabina;;RI;0;0;4222;2011;37,9405;2017;4142;2017
3;12;57;57;57045;57045;Morro Reatino;;RI;0;0;356;2011;15,7311;2017;367;2017
3;12;57;57;57046;57046;Nespolo;;RI;0;0;274;2011;8,6446;2017;224;2017
3;12;57;57;57047;57047;Orvinio;;RI;0;0;448;2011;24,6887;2017;396;2017
3;12;57;57;57048;57048;Paganico Sabino;;RI;0;0;172;2011;9,3138;2017;165;2017
3;12;57;57;57049;57049;Pescorocchiano;;RI;0;0;2211;2011;94,7727;2017;2031;2017
3;12;57;57;57050;57050;Petrella Salto;;RI;0;0;1212;2011;102,9304;2017;1121;2017
3;12;57;57;57051;57051;Poggio Bustone;;RI;0;0;2130;2011;22,3815;2017;2024;2017
3;12;57;57;57052;57052;Poggio Catino;;RI;0;0;1335;2011;14,9813;2017;1282;2017
3;12;57;57;57053;57053;Poggio Mirteto;;RI;0;0;5995;2011;26,3948;2017;6225;2017
3;12;57;57;57054;57054;Poggio Moiano;;RI;0;0;2798;2011;26,9469;2017;2759;2017
3;12;57;57;57055;57055;Poggio Nativo;;RI;0;0;2456;2011;16,4995;2017;2539;2017
3;12;57;57;57056;57056;Poggio San Lorenzo;;RI;0;0;580;2011;8,6696;2017;543;2017
3;12;57;57;57057;57057;Posta;;RI;0;0;686;2011;66,0132;2017;634;2017
3;12;57;57;57058;57058;Pozzaglia Sabina;;RI;0;0;361;2011;24,9787;2017;331;2017
3;12;57;57;57059;57059;Rieti;;RI;1;0;46187;2011;206,4550;2017;47241;2017
3;12;57;57;57060;57060;Rivodutri;;RI;0;0;1297;2011;26,7897;2017;1197;2017
3;12;57;57;57061;57061;Roccantica;;RI;0;0;605;2011;16,7231;2017;544;2017
3;12;57;57;57062;57062;Rocca Sinibalda;;RI;0;0;853;2011;49,5551;2017;768;2017
3;12;57;57;57063;57063;Salisano;;RI;0;0;558;2011;17,5958;2017;534;2017
3;12;57;57;57064;57064;Scandriglia;;RI;0;0;2934;2011;63,3505;2017;3071;2017
3;12;57;57;57065;57065;Selci;;RI;0;0;1106;2011;7,7281;2017;1085;2017
3;12;57;57;57066;57066;Stimigliano;;RI;0;0;2241;2011;11,3837;2017;2283;2017
3;12;57;57;57067;57067;Tarano;;RI;0;0;1431;2011;19,9796;2017;1412;2017
3;12;57;57;57068;57068;Toffia;;RI;0;0;1002;2011;11,3292;2017;1061;2017
3;12;57;57;57069;57069;Torricella in Sabina;;RI;0;0;1405;2011;25,7914;2017;1361;2017
3;12;57;57;57070;57070;Torri in Sabina;;RI;0;0;1249;2011;26,3048;2017;1218;2017
3;12;57;57;57071;57071;Turania;;RI;0;0;245;2011;8,5099;2017;223;2017
3;12;57;57;57072;57072;Vacone;;RI;0;0;264;2011;9,1848;2017;233;2017
3;12;57;57;57073;57073;Varco Sabino;;RI;0;0;210;2011;24,7527;2017;169;2017
3;12;58;258;58001;58001;Affile;;RM;0;0;1552;2011;15,1123;2017;1495;2017
3;12;58;258;58002;58002;Agosta;;RM;0;0;1760;2011;9,4997;2017;1727;2017
3;12;58;258;58003;58003;Albano Laziale;;RM;0;0;38433;2011;23,8082;2017;40139;2017
3;12;58;258;58004;58004;Allumiere;;RM;0;0;4133;2011;92,1659;2017;4005;2017
3;12;58;258;58005;58005;Anguillara Sabazia;;RM;0;0;18575;2011;75,2338;2017;19136;2017
3;12;58;258;58006;58006;Anticoli Corrado;;RM;0;0;942;2011;16,2155;2017;883;2017
3;12;58;258;58007;58007;Anzio;;RM;0;0;49731;2011;43,6586;2017;52054;2017
3;12;58;258;58008;58008;Arcinazzo Romano;;RM;0;0;1394;2011;28,3109;2017;1347;2017
3;12;58;258;58009;58009;Ariccia;;RM;0;0;18311;2011;18,5919;2017;18469;2017
3;12;58;258;58010;58010;Arsoli;;RM;0;0;1647;2011;12,1991;2017;1515;2017
3;12;58;258;58011;58011;Artena;;RM;0;0;13665;2011;54,7970;2017;13879;2017
3;12;58;258;58012;58012;Bellegra;;RM;0;0;2948;2011;18,7794;2017;2821;2017
3;12;58;258;58013;58013;Bracciano;;RM;0;0;18549;2011;143,0603;2017;19137;2017
3;12;58;258;58014;58014;Camerata Nuova;;RM;0;0;460;2011;40,4932;2017;427;2017
3;12;58;258;58015;58015;Campagnano di Roma;;RM;0;0;11107;2011;46,9371;2017;11297;2017
3;12;58;258;58016;58016;Canale Monterano;;RM;0;0;4071;2011;36,9174;2017;4200;2017
3;12;58;258;58017;58017;Canterano;;RM;0;0;359;2011;7,3730;2017;327;2017
3;12;58;258;58018;58018;Capena;;RM;0;0;9488;2011;29,5069;2017;10569;2017
3;12;58;258;58019;58019;Capranica Prenestina;;RM;0;0;330;2011;20,3617;2017;327;2017
3;12;58;258;58020;58020;Carpineto Romano;;RM;0;0;4649;2011;86,2892;2017;4395;2017
3;12;58;258;58021;58021;Casape;;RM;0;0;737;2011;5,3793;2017;705;2017
3;12;58;258;58022;58022;Castel Gandolfo;;RM;0;0;8782;2011;14,1906;2017;8781;2017
3;12;58;258;58023;58023;Castel Madama;;RM;0;0;7328;2011;28,8029;2017;7207;2017
3;12;58;258;58024;58024;Castelnuovo di Porto;;RM;0;0;8059;2011;30,5654;2017;8140;2017
3;12;58;258;58025;58025;Castel San Pietro Romano;;RM;0;0;855;2011;15,2923;2017;889;2017
3;12;58;258;58026;58026;Cave;;RM;0;0;10421;2011;17,8793;2017;10869;2017
3;12;58;258;58027;58027;Cerreto Laziale;;RM;0;0;1192;2011;12,0754;2017;1092;2017
3;12;58;258;58028;58028;Cervara di Roma;;RM;0;0;472;2011;31,7432;2017;446;2017
3;12;58;258;58029;58029;Cerveteri;;RM;0;0;35207;2011;134,3187;2017;37075;2017
3;12;58;258;58030;58030;Ciciliano;;RM;0;0;1353;2011;18,8473;2017;1316;2017
3;12;58;258;58031;58031;Cineto Romano;;RM;0;0;641;2011;10,3668;2017;571;2017
3;12;58;258;58032;58032;Civitavecchia;;RM;0;0;51229;2011;73,7376;2017;51781;2017
3;12;58;258;58033;58033;Civitella San Paolo;;RM;0;0;1754;2011;20,7493;2017;1969;2017
3;12;58;258;58034;58034;Colleferro;;RM;0;0;21574;2011;26,9893;2017;21100;2017
3;12;58;258;58035;58035;Colonna;;RM;0;0;4002;2011;3,5491;2017;4180;2017
3;12;58;258;58036;58036;Fiano Romano;;RM;0;0;13059;2011;41,1862;2017;15225;2017
3;12;58;258;58037;58037;Filacciano;;RM;0;0;490;2011;5,6584;2017;446;2017
3;12;58;258;58038;58038;Formello;;RM;0;0;11909;2011;31,1449;2017;12859;2017
3;12;58;258;58039;58039;Frascati;;RM;0;0;20755;2011;22,4759;2017;22038;2017
3;12;58;258;58040;58040;Gallicano nel Lazio;;RM;0;0;5749;2011;25,6995;2017;6259;2017
3;12;58;258;58041;58041;Gavignano;;RM;0;0;1956;2011;15,0431;2017;1870;2017
3;12;58;258;58042;58042;Genazzano;;RM;0;0;5959;2011;32,0650;2017;5881;2017
3;12;58;258;58043;58043;Genzano di Roma;;RM;0;0;23780;2011;17,9002;2017;23369;2017
3;12;58;258;58044;58044;Gerano;;RM;0;0;1248;2011;10,1242;2017;1248;2017
3;12;58;258;58045;58045;Gorga;;RM;0;0;767;2011;26,1895;2017;718;2017
3;12;58;258;58046;58046;Grottaferrata;;RM;0;0;19156;2011;18,3960;2017;19988;2017
3;12;58;258;58047;58047;Guidonia Montecelio;;RM;0;0;81447;2011;79,4718;2017;86419;2017
3;12;58;258;58048;58048;Jenne;;RM;0;0;398;2011;31,4509;2017;340;2017
3;12;58;258;58049;58049;Labico;;RM;0;0;5979;2011;11,7531;2017;6384;2017
3;12;58;258;58050;58050;Lanuvio;;RM;0;0;13006;2011;43,7630;2017;13325;2017
3;12;58;258;58051;58051;Licenza;;RM;0;0;1012;2011;17,9850;2017;944;2017
3;12;58;258;58052;58052;Magliano Romano;;RM;0;0;1470;2011;20,5174;2017;1425;2017
3;12;58;258;58053;58053;Mandela;;RM;0;0;897;2011;13,7166;2017;891;2017
3;12;58;258;58054;58054;Manziana;;RM;0;0;7082;2011;23,9991;2017;7672;2017
3;12;58;258;58055;58055;Marano Equo;;RM;0;0;786;2011;7,6536;2017;798;2017
3;12;58;258;58056;58056;Marcellina;;RM;0;0;6901;2011;15,3560;2017;7133;2017
3;12;58;258;58057;58057;Marino;;RM;0;0;38245;2011;24,1913;2017;43819;2017
3;12;58;258;58058;58058;Mazzano Romano;;RM;0;0;3056;2011;29,0667;2017;3026;2017
3;12;58;258;58059;58059;Mentana;;RM;0;0;20772;2011;24,2684;2017;23133;2017
3;12;58;258;58060;58060;Monte Compatri;;RM;0;0;11234;2011;24,5711;2017;11869;2017
3;12;58;258;58061;58061;Monteflavio;;RM;0;0;1399;2011;16,8416;2017;1271;2017
3;12;58;258;58062;58062;Montelanico;;RM;0;0;2152;2011;35,1398;2017;2132;2017
3;12;58;258;58063;58063;Montelibretti;;RM;0;0;5213;2011;45,4257;2017;5288;2017
3;12;58;258;58064;58064;Monte Porzio Catone;;RM;0;0;8617;2011;9,1250;2017;8556;2017
3;12;58;258;58065;58065;Monterotondo;;RM;0;0;39502;2011;40,9352;2017;40667;2017
3;12;58;258;58066;58066;Montorio Romano;;RM;0;0;2035;2011;23,3928;2017;1947;2017
3;12;58;258;58067;58067;Moricone;;RM;0;0;2683;2011;19,5872;2017;2491;2017
3;12;58;258;58068;58068;Morlupo;;RM;0;0;8122;2011;24,0841;2017;8275;2017
3;12;58;258;58069;58069;Nazzano;;RM;0;0;1361;2011;12,3969;2017;1390;2017
3;12;58;258;58070;58070;Nemi;;RM;0;0;1925;2011;7,3249;2017;1869;2017
3;12;58;258;58071;58071;Nerola;;RM;0;0;1821;2011;17,0960;2017;1958;2017
3;12;58;258;58072;58072;Nettuno;;RM;0;0;45460;2011;71,6278;2017;47857;2017
3;12;58;258;58073;58073;Olevano Romano;;RM;0;0;6742;2011;26,1597;2017;6628;2017
3;12;58;258;58074;58074;Palestrina;;RM;0;0;20498;2011;47,0165;2017;21961;2017
3;12;58;258;58075;58075;Palombara Sabina;;RM;0;0;12167;2011;75,8028;2017;12811;2017
3;12;58;258;58076;58076;Percile;;RM;0;0;277;2011;17,7577;2017;228;2017
3;12;58;258;58077;58077;Pisoniano;;RM;0;0;803;2011;12,9200;2017;736;2017
3;12;58;258;58078;58078;Poli;;RM;0;0;2433;2011;21,7449;2017;2356;2017
3;12;58;258;58079;58079;Pomezia;;RM;0;0;56372;2011;86,5727;2017;61182;2017
3;12;58;258;58080;58080;Ponzano Romano;;RM;0;0;1158;2011;19,5196;2017;1101;2017
3;12;58;258;58081;58081;Riano;;RM;0;0;9536;2011;25,4305;2017;10393;2017
3;12;58;258;58082;58082;Rignano Flaminio;;RM;0;0;9573;2011;38,5618;2017;10100;2017
3;12;58;258;58083;58083;Riofreddo;;RM;0;0;762;2011;12,3841;2017;747;2017
3;12;58;258;58084;58084;Rocca Canterano;;RM;0;0;207;2011;15,8371;2017;182;2017
3;12;58;258;58085;58085;Rocca di Cave;;RM;0;0;396;2011;11,0854;2017;364;2017
3;12;58;258;58086;58086;Rocca di Papa;;RM;0;0;15576;2011;39,7161;2017;16762;2017
3;12;58;258;58087;58087;Roccagiovine;;RM;0;0;280;2011;8,4072;2017;262;2017
3;12;58;258;58088;58088;Rocca Priora;;RM;0;0;10819;2011;28,2646;2017;11716;2017
3;12;58;258;58089;58089;Rocca Santo Stefano;;RM;0;0;1028;2011;9,5724;2017;956;2017
3;12;58;258;58090;58090;Roiate;;RM;0;0;749;2011;10,3501;2017;705;2017
3;12;58;258;58091;58091;Roma;;RM;1;1;2617175;2011;1.287,3895;2017;2815541;2017
3;12;58;258;58092;58092;Roviano;;RM;0;0;1392;2011;8,5016;2017;1324;2017
3;12;58;258;58093;58093;Sacrofano;;RM;0;0;6668;2011;28,4283;2017;7347;2017
3;12;58;258;58094;58094;Sambuci;;RM;0;0;936;2011;8,3046;2017;890;2017
3;12;58;258;58095;58095;San Gregorio da Sassola;;RM;0;0;1553;2011;35,4501;2017;1490;2017
3;12;58;258;58096;58096;San Polo dei Cavalieri;;RM;0;0;2984;2011;42,5287;2017;2893;2017
3;12;58;258;58097;58097;Santa Marinella;;RM;0;0;17403;2011;48,9057;2017;18200;2017
3;12;58;258;58098;58098;Sant'Angelo Romano;;RM;0;0;4488;2011;21,3566;2017;4819;2017
3;12;58;258;58099;58099;Sant'Oreste;;RM;0;0;3702;2011;43,8935;2017;3594;2017
3;12;58;258;58100;58100;San Vito Romano;;RM;0;0;3366;2011;12,6619;2017;3245;2017
3;12;58;258;58101;58101;Saracinesco;;RM;0;0;184;2011;11,1597;2017;178;2017
3;12;58;258;58102;58102;Segni;;RM;0;0;9101;2011;60,8581;2017;9188;2017
3;12;58;258;58103;58103;Subiaco;;RM;0;0;9066;2011;63,2313;2017;8754;2017
3;12;58;258;58104;58104;Tivoli;;RM;0;0;52910;2011;68,6440;2017;54517;2017
3;12;58;258;58105;58105;Tolfa;;RM;0;0;5147;2011;168,2671;2017;5010;2017
3;12;58;258;58106;58106;Torrita Tiberina;;RM;0;0;1071;2011;10,7793;2017;1047;2017
3;12;58;258;58107;58107;Trevignano Romano;;RM;0;0;5274;2011;38,9862;2017;5655;2017
3;12;58;258;58108;58108;Vallepietra;;RM;0;0;306;2011;52,9396;2017;265;2017
3;12;58;258;58109;58109;Vallinfreda;;RM;0;0;317;2011;16,7183;2017;291;2017
3;12;58;258;58110;58110;Valmontone;;RM;0;0;14975;2011;40,9131;2017;15257;2017
3;12;58;258;58111;58111;Velletri;;RM;0;0;52295;2011;118,2667;2017;53016;2017
3;12;58;258;58112;58112;Vicovaro;;RM;0;0;3937;2011;35,9435;2017;3887;2017
3;12;58;258;58113;58113;Vivaro Romano;;RM;0;0;177;2011;12,5375;2017;153;2017
3;12;58;258;58114;58114;Zagarolo;;RM;0;0;16922;2011;28,0351;2017;17566;2017
3;12;58;258;58115;58115;Lariano;;RM;0;0;12893;2011;22,4985;2017;13333;2017
3;12;58;258;58116;58116;Ladispoli;;RM;0;0;37293;2011;25,9515;2017;39705;2017
3;12;58;258;58117;58117;Ardea;;RM;0;0;44202;2011;72,0684;2017;48312;2017
3;12;58;258;58118;58118;Ciampino;;RM;0;0;37235;2011;12,9981;2017;37736;2017
3;12;58;258;58119;58119;San Cesareo;;RM;0;0;13806;2011;23,6431;2017;15368;2017
3;12;58;258;58120;58120;Fiumicino;;RM;0;0;67626;2011;213,8908;2017;75287;2017
3;12;58;258;58122;58122;Fonte Nuova;;RM;0;0;30572;2011;19,9404;2017;31335;2017
3;12;59;59;59001;59001;Aprilia;;LT;0;0;66979;2011;178,1230;2017;72251;2017
3;12;59;59;59002;59002;Bassiano;;LT;0;0;1580;2011;32,4003;2017;1506;2017
3;12;59;59;59003;59003;Campodimele;;LT;0;0;638;2011;38,3826;2017;576;2017
3;12;59;59;59004;59004;Castelforte;;LT;0;0;4401;2011;29,7046;2017;4298;2017
3;12;59;59;59005;59005;Cisterna di Latina;;LT;0;0;35551;2011;144,1568;2017;35820;2017
3;12;59;59;59006;59006;Cori;;LT;0;0;11025;2011;85,3114;2017;10736;2017
3;12;59;59;59007;59007;Fondi;;LT;0;0;37180;2011;143,9130;2017;38774;2017
3;12;59;59;59008;59008;Formia;;LT;0;0;36331;2011;74,1642;2017;37589;2017
3;12;59;59;59009;59009;Gaeta;;LT;0;0;20762;2011;29,2033;2017;20393;2017
3;12;59;59;59010;59010;Itri;;LT;0;0;10460;2011;101,0970;2017;10462;2017
3;12;59;59;59011;59011;Latina;;LT;1;0;117892;2011;277,6174;2017;126020;2017
3;12;59;59;59012;59012;Lenola;;LT;0;0;4155;2011;45,2423;2017;4117;2017
3;12;59;59;59013;59013;Maenza;;LT;0;0;3078;2011;42,1331;2017;3079;2017
3;12;59;59;59014;59014;Minturno;;LT;0;0;19472;2011;42,1345;2017;19754;2017
3;12;59;59;59015;59015;Monte San Biagio;;LT;0;0;6144;2011;65,1013;2017;6242;2017
3;12;59;59;59016;59016;Norma;;LT;0;0;4035;2011;31,2214;2017;3981;2017
3;12;59;59;59017;59017;Pontinia;;LT;0;0;13812;2011;112,1023;2017;14683;2017
3;12;59;59;59018;59018;Ponza;;LT;0;0;3255;2011;10,1563;2017;3272;2017
3;12;59;59;59019;59019;Priverno;;LT;0;0;13891;2011;56,9808;2017;13978;2017
3;12;59;59;59020;59020;Prossedi;;LT;0;0;1233;2011;35,3662;2017;1190;2017
3;12;59;59;59021;59021;Roccagorga;;LT;0;0;4552;2011;24,4927;2017;4487;2017
3;12;59;59;59022;59022;Rocca Massima;;LT;0;0;1094;2011;18,1656;2017;1136;2017
3;12;59;59;59023;59023;Roccasecca dei Volsci;;LT;0;0;1126;2011;23,5035;2017;1133;2017
3;12;59;59;59024;59024;Sabaudia;;LT;0;0;18812;2011;145,3721;2017;19697;2017
3;12;59;59;59025;59025;San Felice Circeo;;LT;0;0;8709;2011;32,6307;2017;9423;2017
3;12;59;59;59026;59026;Santi Cosma e Damiano;;LT;0;0;6882;2011;31,6104;2017;6889;2017
3;12;59;59;59027;59027;Sermoneta;;LT;0;0;9129;2011;44,9962;2017;9944;2017
3;12;59;59;59028;59028;Sezze;;LT;0;0;24114;2011;100,4710;2017;23852;2017
3;12;59;59;59029;59029;Sonnino;;LT;0;0;7279;2011;63,8186;2017;7470;2017
3;12;59;59;59030;59030;Sperlonga;;LT;0;0;3334;2011;19,4897;2017;3346;2017
3;12;59;59;59031;59031;Spigno Saturnia;;LT;0;0;2903;2011;38,7401;2017;2918;2017
3;12;59;59;59032;59032;Terracina;;LT;0;0;44233;2011;136,5876;2017;44398;2017
3;12;59;59;59033;59033;Ventotene;;LT;0;0;691;2011;1,7454;2017;755;2017
3;12;60;60;60001;60001;Acquafondata;;FR;0;0;282;2011;25,3174;2017;261;2017
3;12;60;60;60002;60002;Acuto;;FR;0;0;1910;2011;13,4662;2017;1896;2017
3;12;60;60;60003;60003;Alatri;;FR;0;0;28609;2011;96,9573;2017;28089;2017
3;12;60;60;60004;60004;Alvito;;FR;0;0;2852;2011;51,7134;2017;2615;2017
3;12;60;60;60005;60005;Amaseno;;FR;0;0;4314;2011;77,7258;2017;4273;2017
3;12;60;60;60006;60006;Anagni;;FR;0;0;21441;2011;112,8135;2017;21371;2017
3;12;60;60;60007;60007;Aquino;;FR;0;0;5309;2011;19,2368;2017;5215;2017
3;12;60;60;60008;60008;Arce;;FR;0;0;5783;2011;39,5217;2017;5613;2017
3;12;60;60;60009;60009;Arnara;;FR;0;0;2379;2011;12,2884;2017;2261;2017
3;12;60;60;60010;60010;Arpino;;FR;0;0;7386;2011;56,2398;2017;7080;2017
3;12;60;60;60011;60011;Atina;;FR;0;0;4461;2011;29,8889;2017;4221;2017
3;12;60;60;60012;60012;Ausonia;;FR;0;0;2650;2011;19,6376;2017;2540;2017
3;12;60;60;60013;60013;Belmonte Castello;;FR;0;0;778;2011;14,0535;2017;700;2017
3;12;60;60;60014;60014;Boville Ernica;;FR;0;0;8811;2011;28,1885;2017;8474;2017
3;12;60;60;60015;60015;Broccostella;;FR;0;0;2807;2011;11,7934;2017;2683;2017
3;12;60;60;60016;60016;Campoli Appennino;;FR;0;0;1749;2011;32,4273;2017;1687;2017
3;12;60;60;60017;60017;Casalattico;;FR;0;0;641;2011;28,3769;2017;522;2017
3;12;60;60;60018;60018;Casalvieri;;FR;0;0;2867;2011;27,2708;2017;2636;2017
3;12;60;60;60019;60019;Cassino;;FR;0;0;33658;2011;83,4187;2017;36021;2017
3;12;60;60;60020;60020;Castelliri;;FR;0;0;3533;2011;15,3207;2017;3385;2017
3;12;60;60;60021;60021;Castelnuovo Parano;;FR;0;0;902;2011;9,8819;2017;878;2017
3;12;60;60;60022;60022;Castrocielo;;FR;0;0;3969;2011;27,9148;2017;3937;2017
3;12;60;60;60023;60023;Castro dei Volsci;;FR;0;0;4903;2011;58,4500;2017;4726;2017
3;12;60;60;60024;60024;Ceccano;;FR;0;0;23098;2011;61,0610;2017;22835;2017
3;12;60;60;60025;60025;Ceprano;;FR;0;0;8740;2011;38,0302;2017;8496;2017
3;12;60;60;60026;60026;Cervaro;;FR;0;0;7744;2011;39,4090;2017;7893;2017
3;12;60;60;60027;60027;Colfelice;;FR;0;0;1853;2011;14,5176;2017;1838;2017
3;12;60;60;60028;60028;Collepardo;;FR;0;0;975;2011;24,6784;2017;934;2017
3;12;60;60;60029;60029;Colle San Magno;;FR;0;0;744;2011;44,9886;2017;659;2017
3;12;60;60;60030;60030;Coreno Ausonio;;FR;0;0;1671;2011;26,3838;2017;1604;2017
3;12;60;60;60031;60031;Esperia;;FR;0;0;3903;2011;108,5646;2017;3798;2017
3;12;60;60;60032;60032;Falvaterra;;FR;0;0;567;2011;12,7328;2017;545;2017
3;12;60;60;60033;60033;Ferentino;;FR;0;0;20966;2011;80,9996;2017;20289;2017
3;12;60;60;60034;60034;Filettino;;FR;0;0;551;2011;78,0689;2017;527;2017
3;12;60;60;60035;60035;Fiuggi;;FR;0;0;9645;2011;32,9774;2017;10185;2017
3;12;60;60;60036;60036;Fontana Liri;;FR;0;0;2993;2011;16,1111;2017;2887;2017
3;12;60;60;60037;60037;Fontechiari;;FR;0;0;1318;2011;16,1479;2017;1297;2017
3;12;60;60;60038;60038;Frosinone;;FR;1;0;46649;2011;46,8443;2017;45262;2017
3;12;60;60;60039;60039;Fumone;;FR;0;0;2180;2011;14,8358;2017;2067;2017
3;12;60;60;60040;60040;Gallinaro;;FR;0;0;1246;2011;17,7370;2017;1232;2017
3;12;60;60;60041;60041;Giuliano di Roma;;FR;0;0;2343;2011;33,5444;2017;2402;2017
3;12;60;60;60042;60042;Guarcino;;FR;0;0;1658;2011;40,3728;2017;1566;2017
3;12;60;60;60043;60043;Isola del Liri;;FR;0;0;11963;2011;16,0140;2017;11302;2017
3;12;60;60;60044;60044;Monte San Giovanni Campano;;FR;0;0;12882;2011;48,7118;2017;12605;2017
3;12;60;60;60045;60045;Morolo;;FR;0;0;3267;2011;26,5710;2017;3218;2017
3;12;60;60;60046;60046;Paliano;;FR;0;0;8146;2011;70,6362;2017;8051;2017
3;12;60;60;60047;60047;Pastena;;FR;0;0;1528;2011;42,1606;2017;1419;2017
3;12;60;60;60048;60048;Patrica;;FR;0;0;3084;2011;27,3072;2017;3144;2017
3;12;60;60;60049;60049;Pescosolido;;FR;0;0;1552;2011;44,8889;2017;1493;2017
3;12;60;60;60050;60050;Picinisco;;FR;0;0;1255;2011;62,1469;2017;1187;2017
3;12;60;60;60051;60051;Pico;;FR;0;0;3004;2011;32,9312;2017;2824;2017
3;12;60;60;60052;60052;Piedimonte San Germano;;FR;0;0;6036;2011;17,3244;2017;6354;2017
3;12;60;60;60053;60053;Piglio;;FR;0;0;4657;2011;35,3812;2017;4555;2017
3;12;60;60;60054;60054;Pignataro Interamna;;FR;0;0;2558;2011;24,4058;2017;2494;2017
3;12;60;60;60055;60055;Pofi;;FR;0;0;4303;2011;30,6809;2017;4083;2017
3;12;60;60;60056;60056;Pontecorvo;;FR;0;0;13223;2011;88,8006;2017;12909;2017
3;12;60;60;60057;60057;Posta Fibreno;;FR;0;0;1217;2011;9,8043;2017;1097;2017
3;12;60;60;60058;60058;Ripi;;FR;0;0;5346;2011;31,6134;2017;5159;2017
3;12;60;60;60059;60059;Rocca d'Arce;;FR;0;0;971;2011;11,5828;2017;917;2017
3;12;60;60;60060;60060;Roccasecca;;FR;0;0;7536;2011;43,3317;2017;7373;2017
3;12;60;60;60061;60061;San Biagio Saracinisco;;FR;0;0;361;2011;31,2138;2017;325;2017
3;12;60;60;60062;60062;San Donato Val di Comino;;FR;0;0;2122;2011;37,6342;2017;2035;2017
3;12;60;60;60063;60063;San Giorgio a Liri;;FR;0;0;3166;2011;15,7054;2017;3090;2017
3;12;60;60;60064;60064;San Giovanni Incarico;;FR;0;0;3410;2011;24,7104;2017;3279;2017
3;12;60;60;60065;60065;Sant'Ambrogio sul Garigliano;;FR;0;0;994;2011;9,0257;2017;961;2017
3;12;60;60;60066;60066;Sant'Andrea del Garigliano;;FR;0;0;1566;2011;17,1068;2017;1432;2017
3;12;60;60;60067;60067;Sant'Apollinare;;FR;0;0;1931;2011;18,0186;2017;1873;2017
3;12;60;60;60068;60068;Sant'Elia Fiumerapido;;FR;0;0;6227;2011;41,1030;2017;5990;2017
3;12;60;60;60069;60069;Santopadre;;FR;0;0;1410;2011;21,5978;2017;1327;2017
3;12;60;60;60070;60070;San Vittore del Lazio;;FR;0;0;2679;2011;27,5042;2017;2513;2017
3;12;60;60;60071;60071;Serrone;;FR;0;0;3069;2011;15,3938;2017;3006;2017
3;12;60;60;60072;60072;Settefrati;;FR;0;0;792;2011;50,6770;2017;708;2017
3;12;60;60;60073;60073;Sgurgola;;FR;0;0;2623;2011;19,2210;2017;2562;2017
3;12;60;60;60074;60074;Sora;;FR;0;0;26247;2011;72,1249;2017;25781;2017
3;12;60;60;60075;60075;Strangolagalli;;FR;0;0;2501;2011;10,5679;2017;2368;2017
3;12;60;60;60076;60076;Supino;;FR;0;0;4893;2011;35,5901;2017;4764;2017
3;12;60;60;60077;60077;Terelle;;FR;0;0;460;2011;31,6444;2017;373;2017
3;12;60;60;60078;60078;Torre Cajetani;;FR;0;0;1388;2011;11,9926;2017;1353;2017
3;12;60;60;60079;60079;Torrice;;FR;0;0;4608;2011;18,0598;2017;4726;2017
3;12;60;60;60080;60080;Trevi nel Lazio;;FR;0;0;1853;2011;54,3218;2017;1753;2017
3;12;60;60;60081;60081;Trivigliano;;FR;0;0;1693;2011;12,6404;2017;1662;2017
3;12;60;60;60082;60082;Vallecorsa;;FR;0;0;2800;2011;39,2762;2017;2568;2017
3;12;60;60;60083;60083;Vallemaio;;FR;0;0;1002;2011;18,5375;2017;936;2017
3;12;60;60;60084;60084;Vallerotonda;;FR;0;0;1671;2011;59,6558;2017;1520;2017
3;12;60;60;60085;60085;Veroli;;FR;0;0;20763;2011;119,6404;2017;19959;2017
3;12;60;60;60086;60086;Vicalvi;;FR;0;0;806;2011;8,2083;2017;761;2017
3;12;60;60;60087;60087;Vico nel Lazio;;FR;0;0;2256;2011;45,8421;2017;2161;2017
3;12;60;60;60088;60088;Villa Latina;;FR;0;0;1286;2011;17,0226;2017;1178;2017
3;12;60;60;60089;60089;Villa Santa Lucia;;FR;0;0;2639;2011;17,7672;2017;2584;2017
3;12;60;60;60090;60090;Villa Santo Stefano;;FR;0;0;1707;2011;20,0989;2017;1701;2017
3;12;60;60;60091;60091;Viticuso;;FR;0;0;372;2011;20,8595;2017;323;2017
4;15;61;61;61001;61001;Ailano;;CE;0;0;1380;2011;16,0556;2017;1350;2017
4;15;61;61;61002;61002;Alife;;CE;0;0;7660;2011;64,3172;2017;7456;2017
4;15;61;61;61003;61003;Alvignano;;CE;0;0;4914;2011;38,1268;2017;4708;2017
4;15;61;61;61004;61004;Arienzo;;CE;0;0;5333;2011;14,0079;2017;5346;2017
4;15;61;61;61005;61005;Aversa;;CE;0;0;52830;2011;8,8518;2017;52064;2017
4;15;61;61;61006;61006;Baia e Latina;;CE;0;0;2251;2011;24,4328;2017;2137;2017
4;15;61;61;61007;61007;Bellona;;CE;0;0;5705;2011;11,7783;2017;6030;2017
4;15;61;61;61008;61008;Caianello;;CE;0;0;1782;2011;15,6782;2017;1849;2017
4;15;61;61;61009;61009;Caiazzo;;CE;0;0;5657;2011;37,0404;2017;5503;2017
4;15;61;61;61010;61010;Calvi Risorta;;CE;0;0;5785;2011;15,9577;2017;5600;2017
4;15;61;61;61011;61011;Camigliano;;CE;0;0;1902;2011;6,0171;2017;1975;2017
4;15;61;61;61012;61012;Cancello ed Arnone;;CE;0;0;5428;2011;49,3014;2017;5708;2017
4;15;61;61;61013;61013;Capodrise;;CE;0;0;9773;2011;3,4356;2017;10119;2017
4;15;61;61;61014;61014;Capriati a Volturno;;CE;0;0;1594;2011;18,3864;2017;1524;2017
4;15;61;61;61015;61015;Capua;;CE;0;0;19036;2011;48,6030;2017;18323;2017
4;15;61;61;61016;61016;Carinaro;;CE;0;0;6886;2011;6,3159;2017;7037;2017
4;15;61;61;61017;61017;Carinola;;CE;0;0;8056;2011;59,2291;2017;7235;2017
4;15;61;61;61018;61018;Casagiove;;CE;0;0;13705;2011;6,3569;2017;13468;2017
4;15;61;61;61019;61019;Casal di Principe;;CE;0;0;20828;2011;23,5127;2017;21453;2017
4;15;61;61;61020;61020;Casaluce;;CE;0;0;10001;2011;9,5584;2017;9797;2017
4;15;61;61;61021;61021;Casapulla;;CE;0;0;8180;2011;2,9044;2017;8528;2017
4;15;61;61;61022;61022;Caserta;;CE;1;0;75640;2011;54,0685;2017;74804;2017
4;15;61;61;61023;61023;Castel Campagnano;;CE;0;0;1608;2011;17,4785;2017;1525;2017
4;15;61;61;61024;61024;Castel di Sasso;;CE;0;0;1193;2011;20,3231;2017;1137;2017
4;15;61;61;61025;61025;Castello del Matese;;CE;0;0;1509;2011;21,7729;2017;1431;2017
4;15;61;61;61026;61026;Castel Morrone;;CE;0;0;3934;2011;25,3439;2017;3767;2017
4;15;61;61;61027;61027;Castel Volturno;;CE;0;0;22882;2011;73,9413;2017;25047;2017
4;15;61;61;61028;61028;Cervino;;CE;0;0;5024;2011;8,2077;2017;4978;2017
4;15;61;61;61029;61029;Cesa;;CE;0;0;8496;2011;2,7370;2017;9013;2017
4;15;61;61;61030;61030;Ciorlano;;CE;0;0;440;2011;28,6508;2017;423;2017
4;15;61;61;61031;61031;Conca della Campania;;CE;0;0;1256;2011;26,4670;2017;1194;2017
4;15;61;61;61032;61032;Curti;;CE;0;0;7110;2011;1,6894;2017;7003;2017
4;15;61;61;61033;61033;Dragoni;;CE;0;0;2167;2011;25,7843;2017;2106;2017
4;15;61;61;61034;61034;Fontegreca;;CE;0;0;849;2011;9,7113;2017;789;2017
4;15;61;61;61035;61035;Formicola;;CE;0;0;1504;2011;15,6781;2017;1428;2017
4;15;61;61;61036;61036;Francolise;;CE;0;0;4921;2011;40,9244;2017;4766;2017
4;15;61;61;61037;61037;Frignano;;CE;0;0;8733;2011;9,8580;2017;9078;2017
4;15;61;61;61038;61038;Gallo Matese;;CE;0;0;648;2011;31,1290;2017;558;2017
4;15;61;61;61039;61039;Galluccio;;CE;0;0;2239;2011;32,1131;2017;2138;2017
4;15;61;61;61040;61040;Giano Vetusto;;CE;0;0;663;2011;10,9275;2017;657;2017
4;15;61;61;61041;61041;Gioia Sannitica;;CE;0;0;3640;2011;54,4234;2017;3528;2017
4;15;61;61;61042;61042;Grazzanise;;CE;0;0;7085;2011;47,0500;2017;7018;2017
4;15;61;61;61043;61043;Gricignano di Aversa;;CE;0;0;10559;2011;9,9776;2017;12178;2017
4;15;61;61;61044;61044;Letino;;CE;0;0;715;2011;31,5888;2017;694;2017
4;15;61;61;61045;61045;Liberi;;CE;0;0;1157;2011;17,5891;2017;1131;2017
4;15;61;61;61046;61046;Lusciano;;CE;0;0;14539;2011;4,5573;2017;15455;2017
4;15;61;61;61047;61047;Macerata Campania;;CE;0;0;10558;2011;7,6330;2017;10383;2017
4;15;61;61;61048;61048;Maddaloni;;CE;0;0;39409;2011;36,6723;2017;38453;2017
4;15;61;61;61049;61049;Marcianise;;CE;0;0;40297;2011;30,2360;2017;39343;2017
4;15;61;61;61050;61050;Marzano Appio;;CE;0;0;2345;2011;28,3040;2017;2209;2017
4;15;61;61;61051;61051;Mignano Monte Lungo;;CE;0;0;3258;2011;53,0952;2017;3105;2017
4;15;61;61;61052;61052;Mondragone;;CE;0;0;27070;2011;55,7257;2017;28378;2017
4;15;61;61;61053;61053;Orta di Atella;;CE;0;0;24796;2011;10,8339;2017;27438;2017
4;15;61;61;61054;61054;Parete;;CE;0;0;11012;2011;5,6084;2017;11653;2017
4;15;61;61;61055;61055;Pastorano;;CE;0;0;2920;2011;14,0206;2017;3080;2017
4;15;61;61;61056;61056;Piana di Monte Verna;;CE;0;0;2382;2011;23,4954;2017;2266;2017
4;15;61;61;61057;61057;Piedimonte Matese;;CE;0;0;11504;2011;41,4291;2017;10922;2017
4;15;61;61;61058;61058;Pietramelara;;CE;0;0;4657;2011;23,9339;2017;4633;2017
4;15;61;61;61059;61059;Pietravairano;;CE;0;0;3018;2011;33,4929;2017;2936;2017
4;15;61;61;61060;61060;Pignataro Maggiore;;CE;0;0;6230;2011;32,3783;2017;5903;2017
4;15;61;61;61061;61061;Pontelatone;;CE;0;0;1758;2011;32,2451;2017;1669;2017
4;15;61;61;61062;61062;Portico di Caserta;;CE;0;0;7719;2011;1,9126;2017;7813;2017
4;15;61;61;61063;61063;Prata Sannita;;CE;0;0;1571;2011;21,2092;2017;1452;2017
4;15;61;61;61064;61064;Pratella;;CE;0;0;1615;2011;33,7444;2017;1527;2017
4;15;61;61;61065;61065;Presenzano;;CE;0;0;1747;2011;31,8895;2017;1783;2017
4;15;61;61;61066;61066;Raviscanina;;CE;0;0;1376;2011;24,6402;2017;1280;2017
4;15;61;61;61067;61067;Recale;;CE;0;0;7611;2011;3,2195;2017;7731;2017
4;15;61;61;61068;61068;Riardo;;CE;0;0;2412;2011;16,4795;2017;2309;2017
4;15;61;61;61069;61069;Rocca d'Evandro;;CE;0;0;3366;2011;49,5320;2017;3149;2017
4;15;61;61;61070;61070;Roccamonfina;;CE;0;0;3626;2011;31,0384;2017;3387;2017
4;15;61;61;61071;61071;Roccaromana;;CE;0;0;878;2011;27,7120;2017;843;2017
4;15;61;61;61072;61072;Rocchetta e Croce;;CE;0;0;463;2011;13,0055;2017;450;2017
4;15;61;61;61073;61073;Ruviano;;CE;0;0;1822;2011;24,1506;2017;1752;2017
4;15;61;61;61074;61074;San Cipriano d'Aversa;;CE;0;0;13416;2011;6,1901;2017;13540;2017
4;15;61;61;61075;61075;San Felice a Cancello;;CE;0;0;17110;2011;27,1790;2017;17297;2017
4;15;61;61;61076;61076;San Gregorio Matese;;CE;0;0;1022;2011;56,4989;2017;949;2017
4;15;61;61;61077;61077;San Marcellino;;CE;0;0;12643;2011;4,6099;2017;14072;2017
4;15;61;61;61078;61078;San Nicola la Strada;;CE;0;0;21157;2011;4,7271;2017;22504;2017
4;15;61;61;61079;61079;San Pietro Infine;;CE;0;0;949;2011;13,7174;2017;890;2017
4;15;61;61;61080;61080;San Potito Sannitico;;CE;0;0;2000;2011;23,1312;2017;1967;2017
4;15;61;61;61081;61081;San Prisco;;CE;0;0;11903;2011;7,7852;2017;12244;2017
4;15;61;61;61082;61082;Santa Maria a Vico;;CE;0;0;14134;2011;10,8351;2017;14095;2017
4;15;61;61;61083;61083;Santa Maria Capua Vetere;;CE;0;0;32503;2011;15,9201;2017;32667;2017
4;15;61;61;61084;61084;Santa Maria la Fossa;;CE;0;0;2682;2011;29,7297;2017;2668;2017
4;15;61;61;61085;61085;San Tammaro;;CE;0;0;5064;2011;36,9668;2017;5715;2017
4;15;61;61;61086;61086;Sant'Angelo d'Alife;;CE;0;0;2276;2011;33,5227;2017;2203;2017
4;15;61;61;61087;61087;Sant'Arpino;;CE;0;0;14076;2011;3,2007;2017;14607;2017
4;15;61;61;61088;61088;Sessa Aurunca;;CE;0;0;22216;2011;162,1870;2017;21105;2017
4;15;61;61;61089;61089;Sparanise;;CE;0;0;7509;2011;18,7652;2017;7368;2017
4;15;61;61;61090;61090;Succivo;;CE;0;0;8148;2011;7,2119;2017;8440;2017
4;15;61;61;61091;61091;Teano;;CE;0;0;12587;2011;89,4301;2017;12126;2017
4;15;61;61;61092;61092;Teverola;;CE;0;0;13610;2011;6,6991;2017;14412;2017
4;15;61;61;61093;61093;Tora e Piccilli;;CE;0;0;947;2011;12,3939;2017;865;2017
4;15;61;61;61094;61094;Trentola Ducenta;;CE;0;0;17797;2011;6,6551;2017;19460;2017
4;15;61;61;61095;61095;Vairano Patenora;;CE;0;0;6658;2011;43,5233;2017;6486;2017
4;15;61;61;61096;61096;Valle Agricola;;CE;0;0;975;2011;24,4196;2017;841;2017
4;15;61;61;61097;61097;Valle di Maddaloni;;CE;0;0;2807;2011;10,9014;2017;2718;2017
4;15;61;61;61098;61098;Villa di Briano;;CE;0;0;6066;2011;8,5469;2017;7043;2017
4;15;61;61;61099;61099;Villa Literno;;CE;0;0;10715;2011;61,8249;2017;12025;2017
4;15;61;61;61100;61100;Vitulazio;;CE;0;0;7020;2011;22,9698;2017;7469;2017
4;15;61;61;61101;61101;Falciano del Massico;;CE;0;0;3673;2011;46,7200;2017;3585;2017
4;15;61;61;61102;61102;Cellole;;CE;0;0;7684;2011;36,7814;2017;7892;2017
4;15;61;61;61103;61103;Casapesenna;;CE;0;0;6651;2011;3,0481;2017;6986;2017
4;15;61;61;61104;61104;San Marco Evangelista;;CE;0;0;6306;2011;5,6867;2017;6588;2017
4;15;62;62;62001;62001;Airola;;BN;0;0;8062;2011;14,8972;2017;8382;2017
4;15;62;62;62002;62002;Amorosi;;BN;0;0;2836;2011;11,2218;2017;2749;2017
4;15;62;62;62003;62003;Apice;;BN;0;0;5802;2011;49,0381;2017;5539;2017
4;15;62;62;62004;62004;Apollosa;;BN;0;0;2697;2011;21,1195;2017;2637;2017
4;15;62;62;62005;62005;Arpaia;;BN;0;0;2016;2011;4,9610;2017;2041;2017
4;15;62;62;62006;62006;Arpaise;;BN;0;0;830;2011;6,6568;2017;758;2017
4;15;62;62;62007;62007;Baselice;;BN;0;0;2555;2011;47,8169;2017;2314;2017
4;15;62;62;62008;62008;Benevento;;BN;1;0;61489;2011;130,8340;2017;59302;2017
4;15;62;62;62009;62009;Bonea;;BN;0;0;1483;2011;11,4626;2017;1394;2017
4;15;62;62;62010;62010;Bucciano;;BN;0;0;2077;2011;7,9402;2017;2083;2017
4;15;62;62;62011;62011;Buonalbergo;;BN;0;0;1824;2011;25,0788;2017;1683;2017
4;15;62;62;62012;62012;Calvi;;BN;0;0;2616;2011;22,3059;2017;2611;2017
4;15;62;62;62013;62013;Campolattaro;;BN;0;0;1084;2011;17,5858;2017;1026;2017
4;15;62;62;62014;62014;Campoli del Monte Taburno;;BN;0;0;1546;2011;9,8038;2017;1648;2017
4;15;62;62;62015;62015;Casalduni;;BN;0;0;1474;2011;23,3398;2017;1322;2017
4;15;62;62;62016;62016;Castelfranco in Miscano;;BN;0;0;935;2011;43,3975;2017;861;2017
4;15;62;62;62017;62017;Castelpagano;;BN;0;0;1547;2011;38,2547;2017;1450;2017
4;15;62;62;62018;62018;Castelpoto;;BN;0;0;1326;2011;11,7795;2017;1189;2017
4;15;62;62;62019;62019;Castelvenere;;BN;0;0;2620;2011;15,4357;2017;2656;2017
4;15;62;62;62020;62020;Castelvetere in Val Fortore;;BN;0;0;1389;2011;34,5730;2017;1170;2017
4;15;62;62;62021;62021;Cautano;;BN;0;0;2091;2011;19,7176;2017;2016;2017
4;15;62;62;62022;62022;Ceppaloni;;BN;0;0;3375;2011;23,8035;2017;3349;2017
4;15;62;62;62023;62023;Cerreto Sannita;;BN;0;0;4083;2011;33,3530;2017;3837;2017
4;15;62;62;62024;62024;Circello;;BN;0;0;2476;2011;45,6637;2017;2332;2017
4;15;62;62;62025;62025;Colle Sannita;;BN;0;0;2513;2011;37,2750;2017;2320;2017
4;15;62;62;62026;62026;Cusano Mutri;;BN;0;0;4186;2011;58,8586;2017;4028;2017
4;15;62;62;62027;62027;Dugenta;;BN;0;0;2752;2011;16,0522;2017;2897;2017
4;15;62;62;62028;62028;Durazzano;;BN;0;0;2247;2011;12,9049;2017;2181;2017
4;15;62;62;62029;62029;Faicchio;;BN;0;0;3698;2011;43,9892;2017;3635;2017
4;15;62;62;62030;62030;Foglianise;;BN;0;0;3509;2011;11,7656;2017;3286;2017
4;15;62;62;62031;62031;Foiano di Val Fortore;;BN;0;0;1477;2011;41,3090;2017;1410;2017
4;15;62;62;62032;62032;Forchia;;BN;0;0;1238;2011;5,4545;2017;1216;2017
4;15;62;62;62033;62033;Fragneto l'Abate;;BN;0;0;1116;2011;20,5738;2017;1025;2017
4;15;62;62;62034;62034;Fragneto Monforte;;BN;0;0;1889;2011;24,4921;2017;1845;2017
4;15;62;62;62035;62035;Frasso Telesino;;BN;0;0;2404;2011;21,8164;2017;2231;2017
4;15;62;62;62036;62036;Ginestra degli Schiavoni;;BN;0;0;532;2011;14,7871;2017;470;2017
4;15;62;62;62037;62037;Guardia Sanframondi;;BN;0;0;5246;2011;21,0975;2017;4851;2017
4;15;62;62;62038;62038;Limatola;;BN;0;0;4077;2011;18,3809;2017;4072;2017
4;15;62;62;62039;62039;Melizzano;;BN;0;0;1892;2011;17,5907;2017;1813;2017
4;15;62;62;62040;62040;Moiano;;BN;0;0;4121;2011;20,2035;2017;4043;2017
4;15;62;62;62041;62041;Molinara;;BN;0;0;1662;2011;24,1636;2017;1575;2017
4;15;62;62;62042;62042;Montefalcone di Val Fortore;;BN;0;0;1650;2011;41,9380;2017;1458;2017
4;15;62;62;62043;62043;Montesarchio;;BN;0;0;13198;2011;26,5073;2017;13339;2017
4;15;62;62;62044;62044;Morcone;;BN;0;0;5042;2011;101,3315;2017;4855;2017
4;15;62;62;62045;62045;Paduli;;BN;0;0;4085;2011;45,2987;2017;3875;2017
4;15;62;62;62046;62046;Pago Veiano;;BN;0;0;2545;2011;23,7490;2017;2425;2017
4;15;62;62;62047;62047;Pannarano;;BN;0;0;2082;2011;11,7988;2017;2086;2017
4;15;62;62;62048;62048;Paolisi;;BN;0;0;1983;2011;6,0010;2017;2089;2017
4;15;62;62;62049;62049;Paupisi;;BN;0;0;1560;2011;6,8327;2017;1643;2017
4;15;62;62;62050;62050;Pesco Sannita;;BN;0;0;2081;2011;24,1537;2017;1969;2017
4;15;62;62;62051;62051;Pietraroja;;BN;0;0;587;2011;35,8130;2017;527;2017
4;15;62;62;62052;62052;Pietrelcina;;BN;0;0;3081;2011;28,2535;2017;3098;2017
4;15;62;62;62053;62053;Ponte;;BN;0;0;2661;2011;17,9153;2017;2540;2017
4;15;62;62;62054;62054;Pontelandolfo;;BN;0;0;2288;2011;29,0289;2017;2156;2017
4;15;62;62;62055;62055;Puglianello;;BN;0;0;1380;2011;8,7611;2017;1340;2017
4;15;62;62;62056;62056;Reino;;BN;0;0;1262;2011;23,6384;2017;1151;2017
4;15;62;62;62057;62057;San Bartolomeo in Galdo;;BN;0;0;5090;2011;82,6623;2017;4716;2017
4;15;62;62;62058;62058;San Giorgio del Sannio;;BN;0;0;9809;2011;22,3386;2017;10023;2017
4;15;62;62;62059;62059;San Giorgio La Molara;;BN;0;0;3050;2011;65,7653;2017;2962;2017
4;15;62;62;62060;62060;San Leucio del Sannio;;BN;0;0;3238;2011;9,9590;2017;3066;2017
4;15;62;62;62061;62061;San Lorenzello;;BN;0;0;2320;2011;13,8833;2017;2221;2017
4;15;62;62;62062;62062;San Lorenzo Maggiore;;BN;0;0;2165;2011;16,2955;2017;2109;2017
4;15;62;62;62063;62063;San Lupo;;BN;0;0;863;2011;15,3043;2017;779;2017
4;15;62;62;62064;62064;San Marco dei Cavoti;;BN;0;0;3544;2011;49,1870;2017;3289;2017
4;15;62;62;62065;62065;San Martino Sannita;;BN;0;0;1277;2011;6,1840;2017;1246;2017
4;15;62;62;62066;62066;San Nazzaro;;BN;0;0;914;2011;2,0421;2017;897;2017
4;15;62;62;62067;62067;San Nicola Manfredi;;BN;0;0;3624;2011;19,2242;2017;3690;2017
4;15;62;62;62068;62068;San Salvatore Telesino;;BN;0;0;4038;2011;18,3108;2017;4046;2017
4;15;62;62;62069;62069;Santa Croce del Sannio;;BN;0;0;985;2011;16,2410;2017;888;2017
4;15;62;62;62070;62070;Sant'Agata de' Goti;;BN;0;0;11310;2011;63,3786;2017;11080;2017
4;15;62;62;62071;62071;Sant'Angelo a Cupolo;;BN;0;0;4264;2011;11,0134;2017;4324;2017
4;15;62;62;62072;62072;Sassinoro;;BN;0;0;659;2011;13,2448;2017;624;2017
4;15;62;62;62073;62073;Solopaca;;BN;0;0;3956;2011;31,1266;2017;3752;2017
4;15;62;62;62074;62074;Telese Terme;;BN;0;0;6964;2011;9,9987;2017;7672;2017
4;15;62;62;62075;62075;Tocco Caudio;;BN;0;0;1543;2011;27,4911;2017;1544;2017
4;15;62;62;62076;62076;Torrecuso;;BN;0;0;3439;2011;29,1549;2017;3392;2017
4;15;62;62;62077;62077;Vitulano;;BN;0;0;2930;2011;35,9905;2017;2917;2017
4;15;62;62;62078;62078;Sant'Arcangelo Trimonte;;BN;0;0;641;2011;9,7986;2017;544;2017
4;15;63;263;63001;63001;Acerra;;;0;0;56465;2011;54,7117;2017;59982;2017
4;15;63;263;63002;63002;Afragola;;;0;0;63820;2011;17,9106;2017;63348;2017
4;15;63;263;63003;63003;Agerola;;;0;0;7373;2011;19,8316;2017;7644;2017
4;15;63;263;63004;63004;Anacapri;;;0;0;6546;2011;6,4666;2017;6902;2017
4;15;63;263;63005;63005;Arzano;;;0;0;34933;2011;4,7310;2017;34116;2017
4;15;63;263;63006;63006;Bacoli;;;0;0;26648;2011;13,4675;2017;26228;2017
4;15;63;263;63007;63007;Barano d'Ischia;;;0;0;9882;2011;10,9609;2017;10101;2017
4;15;63;263;63008;63008;Boscoreale;;;0;0;27457;2011;11,3981;2017;27449;2017
4;15;63;263;63009;63009;Boscotrecase;;;0;0;10416;2011;7,5305;2017;10153;2017
4;15;63;263;63010;63010;Brusciano;;;0;0;16010;2011;5,6161;2017;16371;2017
4;15;63;263;63011;63011;Caivano;;;0;0;37654;2011;27,2212;2017;37495;2017
4;15;63;263;63012;63012;Calvizzano;;;0;0;12537;2011;3,9831;2017;12494;2017
4;15;63;263;63013;63013;Camposano;;;0;0;5365;2011;3,3276;2017;5298;2017
4;15;63;263;63014;63014;Capri;;;0;0;6831;2011;4,0628;2017;7096;2017
4;15;63;263;63015;63015;Carbonara di Nola;;;0;0;2303;2011;3,6495;2017;2421;2017
4;15;63;263;63016;63016;Cardito;;;0;0;22322;2011;3,1983;2017;22023;2017
4;15;63;263;63017;63017;Casalnuovo di Napoli;;;0;0;48621;2011;7,8354;2017;48380;2017
4;15;63;263;63018;63018;Casamarciano;;;0;0;3272;2011;6,3842;2017;3283;2017
4;15;63;263;63019;63019;Casamicciola Terme;;;0;0;8080;2011;5,8488;2017;8168;2017
4;15;63;263;63020;63020;Casandrino;;;0;0;13295;2011;3,1823;2017;13960;2017
4;15;63;263;63021;63021;Casavatore;;;0;0;18663;2011;1,5267;2017;18670;2017
4;15;63;263;63022;63022;Casola di Napoli;;;0;0;3852;2011;2,5932;2017;3829;2017
4;15;63;263;63023;63023;Casoria;;;0;0;78647;2011;12,1384;2017;75857;2017
4;15;63;263;63024;63024;Castellammare di Stabia;;;0;0;65944;2011;17,8099;2017;65129;2017
4;15;63;263;63025;63025;Castello di Cisterna;;;0;0;7452;2011;3,9214;2017;7806;2017
4;15;63;263;63026;63026;Cercola;;;0;0;18128;2011;4,2290;2017;17690;2017
4;15;63;263;63027;63027;Cicciano;;;0;0;12698;2011;7,3311;2017;12671;2017
4;15;63;263;63028;63028;Cimitile;;;0;0;7093;2011;2,7406;2017;7153;2017
4;15;63;263;63029;63029;Comiziano;;;0;0;1842;2011;2,4494;2017;1773;2017
4;15;63;263;63030;63030;Crispano;;;0;0;12411;2011;2,2191;2017;12196;2017
4;15;63;263;63031;63031;Forio;;;0;0;16597;2011;13,0814;2017;17426;2017
4;15;63;263;63032;63032;Frattamaggiore;;;0;0;30241;2011;5,3882;2017;29063;2017
4;15;63;263;63033;63033;Frattaminore;;;0;0;15708;2011;2,0417;2017;15922;2017
4;15;63;263;63034;63034;Giugliano in Campania;;;0;0;108793;2011;94,6321;2017;119690;2017
4;15;63;263;63035;63035;Gragnano;;;0;0;29509;2011;14,6424;2017;28714;2017
4;15;63;263;63036;63036;Grumo Nevano;;;0;0;18017;2011;2,8769;2017;17778;2017
4;15;63;263;63037;63037;Ischia;;;0;0;18688;2011;8,1402;2017;19393;2017
4;15;63;263;63038;63038;Lacco Ameno;;;0;0;4675;2011;2,0768;2017;4772;2017
4;15;63;263;63039;63039;Lettere;;;0;0;6153;2011;12,0191;2017;6212;2017
4;15;63;263;63040;63040;Liveri;;;0;0;1679;2011;2,7109;2017;1613;2017
4;15;63;263;63041;63041;Marano di Napoli;;;0;0;57204;2011;15,6525;2017;58101;2017
4;15;63;263;63042;63042;Mariglianella;;;0;0;7572;2011;3,2623;2017;7846;2017
4;15;63;263;63043;63043;Marigliano;;;0;0;30247;2011;22,5752;2017;29322;2017
4;15;63;263;63044;63044;Massa Lubrense;;;0;0;14020;2011;19,8362;2017;14017;2017
4;15;63;263;63045;63045;Melito di Napoli;;;0;0;36933;2011;3,7992;2017;36238;2017
4;15;63;263;63046;63046;Meta;;;0;0;7969;2011;2,2511;2017;7922;2017
4;15;63;263;63047;63047;Monte di Procida;;;0;0;12975;2011;3,7043;2017;12630;2017
4;15;63;263;63048;63048;Mugnano di Napoli;;;0;0;34504;2011;5,2636;2017;34575;2017
4;15;63;263;63049;63049;Napoli;;;1;1;962003;2011;118,9441;2017;957571;2017
4;15;63;263;63050;63050;Nola;;;0;0;33979;2011;39,1853;2017;33976;2017
4;15;63;263;63051;63051;Ottaviano;;;0;0;23543;2011;20,0227;2017;23575;2017
4;15;63;263;63052;63052;Palma Campania;;;0;0;14905;2011;20,6708;2017;16736;2017
4;15;63;263;63053;63053;Piano di Sorrento;;;0;0;12991;2011;7,3354;2017;12919;2017
4;15;63;263;63054;63054;Pimonte;;;0;0;6000;2011;12,5394;2017;5959;2017
4;15;63;263;63055;63055;Poggiomarino;;;0;0;21206;2011;13,2007;2017;21689;2017
4;15;63;263;63056;63056;Pollena Trocchia;;;0;0;13514;2011;8,0156;2017;13423;2017
4;15;63;263;63057;63057;Pomigliano d'Arco;;;0;0;40083;2011;11,7093;2017;40053;2017
4;15;63;263;63058;63058;Pompei;;;0;0;25440;2011;12,4303;2017;25323;2017
4;15;63;263;63059;63059;Portici;;;0;0;55765;2011;4,6013;2017;54359;2017
4;15;63;263;63060;63060;Pozzuoli;;;0;0;80357;2011;43,4339;2017;80215;2017
4;15;63;263;63061;63061;Procida;;;0;0;10228;2011;4,2559;2017;10319;2017
4;15;63;263;63062;63062;Qualiano;;;0;0;24744;2011;7,4345;2017;25224;2017
4;15;63;263;63063;63063;Quarto;;;0;0;39221;2011;14,1590;2017;39391;2017
4;15;63;263;63064;63064;Ercolano;;;0;0;53677;2011;19,8936;2017;52305;2017
4;15;63;263;63065;63065;Roccarainola;;;0;0;7164;2011;28,3315;2017;6884;2017
4;15;63;263;63066;63066;San Gennaro Vesuviano;;;0;0;11073;2011;7,0144;2017;11663;2017
4;15;63;263;63067;63067;San Giorgio a Cremano;;;0;0;45523;2011;4,1538;2017;44497;2017
4;15;63;263;63068;63068;San Giuseppe Vesuviano;;;0;0;27467;2011;14,1713;2017;30197;2017
4;15;63;263;63069;63069;San Paolo Bel Sito;;;0;0;3422;2011;2,9480;2017;3466;2017
4;15;63;263;63070;63070;San Sebastiano al Vesuvio;;;0;0;9167;2011;2,6395;2017;9025;2017
4;15;63;263;63071;63071;Sant'Agnello;;;0;0;9029;2011;4,1482;2017;9098;2017
4;15;63;263;63072;63072;Sant'Anastasia;;;0;0;27296;2011;18,7405;2017;27363;2017
4;15;63;263;63073;63073;Sant'Antimo;;;0;0;34107;2011;5,9133;2017;33586;2017
4;15;63;263;63074;63074;Sant'Antonio Abate;;;0;0;19546;2011;7,9318;2017;19631;2017
4;15;63;263;63075;63075;San Vitaliano;;;0;0;6220;2011;5,3696;2017;6455;2017
4;15;63;263;63076;63076;Saviano;;;0;0;15488;2011;13,8775;2017;16065;2017
4;15;63;263;63077;63077;Scisciano;;;0;0;5775;2011;5,4791;2017;6073;2017
4;15;63;263;63078;63078;Serrara Fontana;;;0;0;3164;2011;6,4432;2017;3109;2017
4;15;63;263;63079;63079;Somma Vesuviana;;;0;0;34592;2011;30,6664;2017;34375;2017
4;15;63;263;63080;63080;Sorrento;;;0;0;16563;2011;9,9556;2017;16317;2017
4;15;63;263;63081;63081;Striano;;;0;0;8204;2011;7,6518;2017;8466;2017
4;15;63;263;63082;63082;Terzigno;;;0;0;17367;2011;23,4648;2017;18214;2017
4;15;63;263;63083;63083;Torre Annunziata;;;0;0;43521;2011;7,5080;2017;41870;2017
4;15;63;263;63084;63084;Torre del Greco;;;0;0;85922;2011;30,6611;2017;84225;2017
4;15;63;263;63085;63085;Tufino;;;0;0;3785;2011;5,2070;2017;3644;2017
4;15;63;263;63086;63086;Vico Equense;;;0;0;20839;2011;29,3794;2017;20615;2017
4;15;63;263;63087;63087;Villaricca;;;0;0;30052;2011;6,8729;2017;30848;2017
4;15;63;263;63088;63088;Visciano;;;0;0;4550;2011;10,9036;2017;4395;2017
4;15;63;263;63089;63089;Volla;;;0;0;22989;2011;6,2063;2017;24055;2017
4;15;63;263;63090;63090;Santa Maria la Carità;;;0;0;11726;2011;3,9788;2017;11752;2017
4;15;63;263;63091;63091;Trecase;;;0;0;9118;2011;6,2131;2017;8964;2017
4;15;63;263;63092;63092;Massa di Somma;;;0;0;5587;2011;3,0421;2017;5214;2017
4;15;64;64;64001;64001;Aiello del Sabato;;AV;0;0;3971;2011;10,8723;2017;3994;2017
4;15;64;64;64002;64002;Altavilla Irpina;;AV;0;0;4280;2011;14,0831;2017;4154;2017
4;15;64;64;64003;64003;Andretta;;AV;0;0;2056;2011;43,6485;2017;1847;2017
4;15;64;64;64004;64004;Aquilonia;;AV;0;0;1815;2011;56,1450;2017;1664;2017
4;15;64;64;64005;64005;Ariano Irpino;;AV;0;0;22517;2011;186,7365;2017;22024;2017
4;15;64;64;64006;64006;Atripalda;;AV;0;0;10926;2011;8,5931;2017;10931;2017
4;15;64;64;64007;64007;Avella;;AV;0;0;7788;2011;29,3890;2017;7757;2017
4;15;64;64;64008;64008;Avellino;;AV;1;0;54222;2011;30,5500;2017;54111;2017
4;15;64;64;64009;64009;Bagnoli Irpino;;AV;0;0;3274;2011;68,8043;2017;3125;2017
4;15;64;64;64010;64010;Baiano;;AV;0;0;4730;2011;12,2951;2017;4678;2017
4;15;64;64;64011;64011;Bisaccia;;AV;0;0;3919;2011;102,1573;2017;3779;2017
4;15;64;64;64012;64012;Bonito;;AV;0;0;2526;2011;18,7774;2017;2390;2017
4;15;64;64;64013;64013;Cairano;;AV;0;0;348;2011;13,8104;2017;315;2017
4;15;64;64;64014;64014;Calabritto;;AV;0;0;2500;2011;56,3340;2017;2298;2017
4;15;64;64;64015;64015;Calitri;;AV;0;0;4921;2011;101,0517;2017;4558;2017
4;15;64;64;64016;64016;Candida;;AV;0;0;1152;2011;5,3488;2017;1112;2017
4;15;64;64;64017;64017;Caposele;;AV;0;0;3537;2011;41,2828;2017;3435;2017
4;15;64;64;64018;64018;Capriglia Irpina;;AV;0;0;2417;2011;7,4879;2017;2390;2017
4;15;64;64;64019;64019;Carife;;AV;0;0;1498;2011;16,7239;2017;1387;2017
4;15;64;64;64020;64020;Casalbore;;AV;0;0;1922;2011;28,0937;2017;1770;2017
4;15;64;64;64021;64021;Cassano Irpino;;AV;0;0;967;2011;13,0746;2017;942;2017
4;15;64;64;64022;64022;Castel Baronia;;AV;0;0;1150;2011;15,3663;2017;1098;2017
4;15;64;64;64023;64023;Castelfranci;;AV;0;0;2104;2011;11,6888;2017;1970;2017
4;15;64;64;64024;64024;Castelvetere sul Calore;;AV;0;0;1672;2011;17,1700;2017;1572;2017
4;15;64;64;64025;64025;Cervinara;;AV;0;0;9969;2011;29,3430;2017;9365;2017
4;15;64;64;64026;64026;Cesinali;;AV;0;0;2472;2011;3,7261;2017;2610;2017
4;15;64;64;64027;64027;Chianche;;AV;0;0;551;2011;6,6074;2017;489;2017
4;15;64;64;64028;64028;Chiusano di San Domenico;;AV;0;0;2351;2011;24,6024;2017;2209;2017
4;15;64;64;64029;64029;Contrada;;AV;0;0;3005;2011;10,3106;2017;3040;2017
4;15;64;64;64030;64030;Conza della Campania;;AV;0;0;1432;2011;51,6343;2017;1325;2017
4;15;64;64;64031;64031;Domicella;;AV;0;0;1873;2011;6,3990;2017;1802;2017
4;15;64;64;64032;64032;Flumeri;;AV;0;0;3045;2011;34,5501;2017;2840;2017
4;15;64;64;64033;64033;Fontanarosa;;AV;0;0;3301;2011;16,7042;2017;3118;2017
4;15;64;64;64034;64034;Forino;;AV;0;0;5397;2011;20,3896;2017;5365;2017
4;15;64;64;64035;64035;Frigento;;AV;0;0;3965;2011;38,0394;2017;3650;2017
4;15;64;64;64036;64036;Gesualdo;;AV;0;0;3603;2011;27,3349;2017;3456;2017
4;15;64;64;64037;64037;Greci;;AV;0;0;736;2011;30,2633;2017;659;2017
4;15;64;64;64038;64038;Grottaminarda;;AV;0;0;8297;2011;29,1148;2017;7962;2017
4;15;64;64;64039;64039;Grottolella;;AV;0;0;1955;2011;7,1256;2017;1890;2017
4;15;64;64;64040;64040;Guardia Lombardi;;AV;0;0;1803;2011;55,8729;2017;1654;2017
4;15;64;64;64041;64041;Lacedonia;;AV;0;0;2465;2011;82,0825;2017;2260;2017
4;15;64;64;64042;64042;Lapio;;AV;0;0;1648;2011;15,2465;2017;1539;2017
4;15;64;64;64043;64043;Lauro;;AV;0;0;3608;2011;11,2934;2017;3397;2017
4;15;64;64;64044;64044;Lioni;;AV;0;0;6335;2011;46,5111;2017;6153;2017
4;15;64;64;64045;64045;Luogosano;;AV;0;0;1238;2011;6,0681;2017;1165;2017
4;15;64;64;64046;64046;Manocalzati;;AV;0;0;3234;2011;8,7453;2017;3186;2017
4;15;64;64;64047;64047;Marzano di Nola;;AV;0;0;1680;2011;4,7196;2017;1679;2017
4;15;64;64;64048;64048;Melito Irpino;;AV;0;0;1936;2011;20,6840;2017;1924;2017
4;15;64;64;64049;64049;Mercogliano;;AV;0;0;12403;2011;19,9169;2017;12249;2017
4;15;64;64;64050;64050;Mirabella Eclano;;AV;0;0;7904;2011;33,9585;2017;7428;2017
4;15;64;64;64051;64051;Montaguto;;AV;0;0;451;2011;18,3786;2017;408;2017
4;15;64;64;64052;64052;Montecalvo Irpino;;AV;0;0;3907;2011;54,0056;2017;3589;2017
4;15;64;64;64053;64053;Montefalcione;;AV;0;0;3442;2011;15,2940;2017;3253;2017
4;15;64;64;64054;64054;Monteforte Irpino;;AV;0;0;10878;2011;26,9575;2017;11776;2017
4;15;64;64;64055;64055;Montefredane;;AV;0;0;2308;2011;9,4461;2017;2239;2017
4;15;64;64;64056;64056;Montefusco;;AV;0;0;1393;2011;8,2382;2017;1296;2017
4;15;64;64;64057;64057;Montella;;AV;0;0;7877;2011;82,9536;2017;7639;2017
4;15;64;64;64058;64058;Montemarano;;AV;0;0;3005;2011;34,0089;2017;2780;2017
4;15;64;64;64059;64059;Montemiletto;;AV;0;0;5361;2011;21,6348;2017;5289;2017
4;15;64;64;64060;64060;Monteverde;;AV;0;0;831;2011;39,5660;2017;769;2017
4;15;64;64;64063;64063;Morra De Sanctis;;AV;0;0;1309;2011;30,4120;2017;1232;2017
4;15;64;64;64064;64064;Moschiano;;AV;0;0;1667;2011;13,4535;2017;1645;2017
4;15;64;64;64065;64065;Mugnano del Cardinale;;AV;0;0;5312;2011;12,2983;2017;5233;2017
4;15;64;64;64066;64066;Nusco;;AV;0;0;4258;2011;53,6004;2017;4032;2017
4;15;64;64;64067;64067;Ospedaletto d'Alpinolo;;AV;0;0;1970;2011;5,6764;2017;2100;2017
4;15;64;64;64068;64068;Pago del Vallo di Lauro;;AV;0;0;1851;2011;4,6255;2017;1785;2017
4;15;64;64;64069;64069;Parolise;;AV;0;0;686;2011;3,2187;2017;651;2017
4;15;64;64;64070;64070;Paternopoli;;AV;0;0;2489;2011;18,4254;2017;2371;2017
4;15;64;64;64071;64071;Petruro Irpino;;AV;0;0;341;2011;3,1398;2017;302;2017
4;15;64;64;64072;64072;Pietradefusi;;AV;0;0;2375;2011;9,2415;2017;2266;2017
4;15;64;64;64073;64073;Pietrastornina;;AV;0;0;1568;2011;15,7281;2017;1527;2017
4;15;64;64;64074;64074;Prata di Principato Ultra;;AV;0;0;2978;2011;10,9911;2017;2971;2017
4;15;64;64;64075;64075;Pratola Serra;;AV;0;0;3708;2011;8,8428;2017;3875;2017
4;15;64;64;64076;64076;Quadrelle;;AV;0;0;1893;2011;6,9311;2017;1852;2017
4;15;64;64;64077;64077;Quindici;;AV;0;0;1785;2011;23,9082;2017;1922;2017
4;15;64;64;64078;64078;Roccabascerana;;AV;0;0;2366;2011;12,4554;2017;2349;2017
4;15;64;64;64079;64079;Rocca San Felice;;AV;0;0;869;2011;14,4116;2017;833;2017
4;15;64;64;64080;64080;Rotondi;;AV;0;0;3580;2011;7,8084;2017;3631;2017
4;15;64;64;64081;64081;Salza Irpina;;AV;0;0;767;2011;4,9594;2017;744;2017
4;15;64;64;64082;64082;San Mango sul Calore;;AV;0;0;1192;2011;14,5865;2017;1160;2017
4;15;64;64;64083;64083;San Martino Valle Caudina;;AV;0;0;4745;2011;22,9153;2017;4839;2017
4;15;64;64;64084;64084;San Michele di Serino;;AV;0;0;2591;2011;4,4659;2017;2487;2017
4;15;64;64;64085;64085;San Nicola Baronia;;AV;0;0;784;2011;6,8989;2017;772;2017
4;15;64;64;64086;64086;San Potito Ultra;;AV;0;0;1598;2011;4,5378;2017;1533;2017
4;15;64;64;64087;64087;San Sossio Baronia;;AV;0;0;1697;2011;19,1929;2017;1596;2017
4;15;64;64;64088;64088;Santa Lucia di Serino;;AV;0;0;1446;2011;3,9333;2017;1389;2017
4;15;64;64;64089;64089;Sant'Andrea di Conza;;AV;0;0;1662;2011;7,0432;2017;1473;2017
4;15;64;64;64090;64090;Sant'Angelo all'Esca;;AV;0;0;836;2011;5,4602;2017;805;2017
4;15;64;64;64091;64091;Sant'Angelo a Scala;;AV;0;0;755;2011;10,7449;2017;729;2017
4;15;64;64;64092;64092;Sant'Angelo dei Lombardi;;AV;0;0;4304;2011;55,1046;2017;4172;2017
4;15;64;64;64093;64093;Santa Paolina;;AV;0;0;1366;2011;8,4343;2017;1213;2017
4;15;64;64;64095;64095;Santo Stefano del Sole;;AV;0;0;2189;2011;10,7802;2017;2132;2017
4;15;64;64;64096;64096;Savignano Irpino;;AV;0;0;1163;2011;38,4722;2017;1123;2017
4;15;64;64;64097;64097;Scampitella;;AV;0;0;1344;2011;15,1053;2017;1182;2017
4;15;64;64;64098;64098;Senerchia;;AV;0;0;1014;2011;32,0250;2017;827;2017
4;15;64;64;64099;64099;Serino;;AV;0;0;7129;2011;52,4994;2017;6955;2017
4;15;64;64;64100;64100;Sirignano;;AV;0;0;2878;2011;6,1867;2017;2839;2017
4;15;64;64;64101;64101;Solofra;;AV;0;0;12419;2011;22,2135;2017;12354;2017
4;15;64;64;64102;64102;Sorbo Serpico;;AV;0;0;594;2011;8,1034;2017;588;2017
4;15;64;64;64103;64103;Sperone;;AV;0;0;3655;2011;4,6968;2017;3708;2017
4;15;64;64;64104;64104;Sturno;;AV;0;0;3139;2011;16,6733;2017;2980;2017
4;15;64;64;64105;64105;Summonte;;AV;0;0;1613;2011;12,3678;2017;1546;2017
4;15;64;64;64106;64106;Taurano;;AV;0;0;1600;2011;9,7662;2017;1514;2017
4;15;64;64;64107;64107;Taurasi;;AV;0;0;2444;2011;14,4115;2017;2290;2017
4;15;64;64;64108;64108;Teora;;AV;0;0;1543;2011;23,2061;2017;1481;2017
4;15;64;64;64109;64109;Torella dei Lombardi;;AV;0;0;2225;2011;26,5685;2017;2080;2017
4;15;64;64;64110;64110;Torre Le Nocelle;;AV;0;0;1360;2011;10,0416;2017;1280;2017
4;15;64;64;64111;64111;Torrioni;;AV;0;0;578;2011;4,2199;2017;519;2017
4;15;64;64;64112;64112;Trevico;;AV;0;0;1072;2011;11,0025;2017;932;2017
4;15;64;64;64113;64113;Tufo;;AV;0;0;924;2011;5,9641;2017;867;2017
4;15;64;64;64114;64114;Vallata;;AV;0;0;2856;2011;47,9136;2017;2655;2017
4;15;64;64;64115;64115;Vallesaccarda;;AV;0;0;1418;2011;14,1237;2017;1330;2017
4;15;64;64;64116;64116;Venticano;;AV;0;0;2532;2011;14,1566;2017;2540;2017
4;15;64;64;64117;64117;Villamaina;;AV;0;0;1018;2011;9,0366;2017;956;2017
4;15;64;64;64118;64118;Villanova del Battista;;AV;0;0;1777;2011;19,9992;2017;1615;2017
4;15;64;64;64119;64119;Volturara Irpina;;AV;0;0;3401;2011;32,4183;2017;3240;2017
4;15;64;64;64120;64120;Zungoli;;AV;0;0;1197;2011;19,2142;2017;1066;2017
4;15;64;64;64121;64121;Montoro;;AV;0;0;19456;2011;40,1409;2017;19282;2017
4;15;65;65;65001;65001;Acerno;;SA;0;0;2872;2011;72,4968;2017;2705;2017
4;15;65;65;65002;65002;Agropoli;;SA;0;0;20610;2011;32,7665;2017;21883;2017
4;15;65;65;65003;65003;Albanella;;SA;0;0;6503;2011;40,2302;2017;6349;2017
4;15;65;65;65004;65004;Alfano;;SA;0;0;1097;2011;4,8222;2017;976;2017
4;15;65;65;65005;65005;Altavilla Silentina;;SA;0;0;6997;2011;52,4817;2017;7019;2017
4;15;65;65;65006;65006;Amalfi;;SA;0;0;5163;2011;5,7001;2017;5035;2017
4;15;65;65;65007;65007;Angri;;SA;0;0;32576;2011;13,7655;2017;33829;2017
4;15;65;65;65008;65008;Aquara;;SA;0;0;1550;2011;32,7339;2017;1455;2017
4;15;65;65;65009;65009;Ascea;;SA;0;0;5580;2011;37,4528;2017;5806;2017
4;15;65;65;65010;65010;Atena Lucana;;SA;0;0;2288;2011;26,0072;2017;2374;2017
4;15;65;65;65011;65011;Atrani;;SA;0;0;887;2011;0,1206;2017;857;2017
4;15;65;65;65012;65012;Auletta;;SA;0;0;2406;2011;35,6828;2017;2266;2017
4;15;65;65;65013;65013;Baronissi;;SA;0;0;16790;2011;17,9298;2017;16839;2017
4;15;65;65;65014;65014;Battipaglia;;SA;0;0;50464;2011;56,8494;2017;50726;2017
4;15;65;65;65015;65015;Bellosguardo;;SA;0;0;853;2011;16,7467;2017;777;2017
4;15;65;65;65016;65016;Bracigliano;;SA;0;0;5439;2011;14,4087;2017;5444;2017
4;15;65;65;65017;65017;Buccino;;SA;0;0;5248;2011;65,9179;2017;4884;2017
4;15;65;65;65018;65018;Buonabitacolo;;SA;0;0;2571;2011;15,5398;2017;2539;2017
4;15;65;65;65019;65019;Caggiano;;SA;0;0;2803;2011;35,4297;2017;2682;2017
4;15;65;65;65020;65020;Calvanico;;SA;0;0;1570;2011;14,9092;2017;1462;2017
4;15;65;65;65021;65021;Camerota;;SA;0;0;6751;2011;70,5768;2017;7050;2017
4;15;65;65;65022;65022;Campagna;;SA;0;0;15953;2011;136,3035;2017;16902;2017
4;15;65;65;65023;65023;Campora;;SA;0;0;461;2011;29,1530;2017;391;2017
4;15;65;65;65024;65024;Cannalonga;;SA;0;0;1081;2011;17,7503;2017;1038;2017
4;15;65;65;65025;65025;Capaccio Paestum;;SA;0;0;22016;2011;113,0263;2017;22997;2017
4;15;65;65;65026;65026;Casalbuono;;SA;0;0;1211;2011;34,8232;2017;1142;2017
4;15;65;65;65027;65027;Casaletto Spartano;;SA;0;0;1463;2011;86,5703;2017;1375;2017
4;15;65;65;65028;65028;Casal Velino;;SA;0;0;4938;2011;31,7096;2017;5345;2017
4;15;65;65;65029;65029;Caselle in Pittari;;SA;0;0;1972;2011;45,5545;2017;1935;2017
4;15;65;65;65030;65030;Castelcivita;;SA;0;0;1834;2011;57,6340;2017;1639;2017
4;15;65;65;65031;65031;Castellabate;;SA;0;0;8209;2011;37,4332;2017;8828;2017
4;15;65;65;65032;65032;Castelnuovo Cilento;;SA;0;0;2598;2011;18,0593;2017;2772;2017
4;15;65;65;65033;65033;Castelnuovo di Conza;;SA;0;0;641;2011;14,0638;2017;579;2017
4;15;65;65;65034;65034;Castel San Giorgio;;SA;0;0;13411;2011;13,5851;2017;13503;2017
4;15;65;65;65035;65035;Castel San Lorenzo;;SA;0;0;2632;2011;14,2937;2017;2352;2017
4;15;65;65;65036;65036;Castiglione del Genovesi;;SA;0;0;1356;2011;10,4074;2017;1367;2017
4;15;65;65;65037;65037;Cava de' Tirreni;;SA;0;0;53885;2011;36,5311;2017;51802;2017
4;15;65;65;65038;65038;Celle di Bulgheria;;SA;0;0;1968;2011;31,6166;2017;1850;2017
4;15;65;65;65039;65039;Centola;;SA;0;0;5073;2011;47,7508;2017;5111;2017
4;15;65;65;65040;65040;Ceraso;;SA;0;0;2508;2011;46,4579;2017;2300;2017
4;15;65;65;65041;65041;Cetara;;SA;0;0;2302;2011;4,9681;2017;2105;2017
4;15;65;65;65042;65042;Cicerale;;SA;0;0;1233;2011;41,3734;2017;1181;2017
4;15;65;65;65043;65043;Colliano;;SA;0;0;3764;2011;55,1580;2017;3572;2017
4;15;65;65;65044;65044;Conca dei Marini;;SA;0;0;730;2011;1,1281;2017;676;2017
4;15;65;65;65045;65045;Controne;;SA;0;0;872;2011;7,7461;2017;835;2017
4;15;65;65;65046;65046;Contursi Terme;;SA;0;0;3337;2011;28,9342;2017;3281;2017
4;15;65;65;65047;65047;Corbara;;SA;0;0;2521;2011;6,7318;2017;2530;2017
4;15;65;65;65048;65048;Corleto Monforte;;SA;0;0;643;2011;58,9663;2017;562;2017
4;15;65;65;65049;65049;Cuccaro Vetere;;SA;0;0;580;2011;17,6631;2017;579;2017
4;15;65;65;65050;65050;Eboli;;SA;0;0;38219;2011;137,5727;2017;39217;2017
4;15;65;65;65051;65051;Felitto;;SA;0;0;1296;2011;41,5341;2017;1225;2017
4;15;65;65;65052;65052;Fisciano;;SA;0;0;13677;2011;31,6874;2017;13861;2017
4;15;65;65;65053;65053;Furore;;SA;0;0;846;2011;1,8817;2017;750;2017
4;15;65;65;65054;65054;Futani;;SA;0;0;1234;2011;14,8506;2017;1147;2017
4;15;65;65;65055;65055;Giffoni Sei Casali;;SA;0;0;5262;2011;35,0750;2017;5105;2017
4;15;65;65;65056;65056;Giffoni Valle Piana;;SA;0;0;12024;2011;88,6125;2017;11827;2017
4;15;65;65;65057;65057;Gioi;;SA;0;0;1339;2011;27,9883;2017;1228;2017
4;15;65;65;65058;65058;Giungano;;SA;0;0;1249;2011;11,7006;2017;1295;2017
4;15;65;65;65059;65059;Ispani;;SA;0;0;1020;2011;8,3430;2017;980;2017
4;15;65;65;65060;65060;Laureana Cilento;;SA;0;0;1151;2011;13,7442;2017;1174;2017
4;15;65;65;65061;65061;Laurino;;SA;0;0;1708;2011;70,4538;2017;1475;2017
4;15;65;65;65062;65062;Laurito;;SA;0;0;843;2011;20,2220;2017;779;2017
4;15;65;65;65063;65063;Laviano;;SA;0;0;1485;2011;55,6766;2017;1368;2017
4;15;65;65;65064;65064;Lustra;;SA;0;0;1100;2011;15,2415;2017;1037;2017
4;15;65;65;65065;65065;Magliano Vetere;;SA;0;0;739;2011;23,2957;2017;672;2017
4;15;65;65;65066;65066;Maiori;;SA;0;0;5575;2011;16,6714;2017;5540;2017
4;15;65;65;65067;65067;Mercato San Severino;;SA;0;0;22036;2011;30,3331;2017;22040;2017
4;15;65;65;65068;65068;Minori;;SA;0;0;2822;2011;2,6624;2017;2697;2017
4;15;65;65;65069;65069;Moio della Civitella;;SA;0;0;1856;2011;17,1887;2017;1843;2017
4;15;65;65;65070;65070;Montano Antilia;;SA;0;0;2233;2011;33,4423;2017;1971;2017
4;15;65;65;65071;65071;Montecorice;;SA;0;0;2545;2011;22,2510;2017;2678;2017
4;15;65;65;65072;65072;Montecorvino Pugliano;;SA;0;0;10019;2011;28,8816;2017;10866;2017
4;15;65;65;65073;65073;Montecorvino Rovella;;SA;0;0;12553;2011;42,1614;2017;12417;2017
4;15;65;65;65074;65074;Monteforte Cilento;;SA;0;0;565;2011;22,1659;2017;543;2017
4;15;65;65;65075;65075;Monte San Giacomo;;SA;0;0;1630;2011;51,6911;2017;1518;2017
4;15;65;65;65076;65076;Montesano sulla Marcellana;;SA;0;0;6781;2011;110,2217;2017;6533;2017
4;15;65;65;65077;65077;Morigerati;;SA;0;0;699;2011;21,1938;2017;639;2017
4;15;65;65;65078;65078;Nocera Inferiore;;SA;0;0;46563;2011;20,9447;2017;45387;2017
4;15;65;65;65079;65079;Nocera Superiore;;SA;0;0;24151;2011;14,6625;2017;24224;2017
4;15;65;65;65080;65080;Novi Velia;;SA;0;0;2298;2011;34,7132;2017;2297;2017
4;15;65;65;65081;65081;Ogliastro Cilento;;SA;0;0;2241;2011;13,2426;2017;2249;2017
4;15;65;65;65082;65082;Olevano sul Tusciano;;SA;0;0;6883;2011;26,7239;2017;6660;2017
4;15;65;65;65083;65083;Oliveto Citra;;SA;0;0;3832;2011;31,6214;2017;3738;2017
4;15;65;65;65084;65084;Omignano;;SA;0;0;1579;2011;10,1008;2017;1645;2017
4;15;65;65;65085;65085;Orria;;SA;0;0;1161;2011;26,5503;2017;1063;2017
4;15;65;65;65086;65086;Ottati;;SA;0;0;680;2011;53,6115;2017;633;2017
4;15;65;65;65087;65087;Padula;;SA;0;0;5279;2011;67,1141;2017;5279;2017
4;15;65;65;65088;65088;Pagani;;SA;0;0;34671;2011;11,9763;2017;35140;2017
4;15;65;65;65089;65089;Palomonte;;SA;0;0;4049;2011;28,2980;2017;3926;2017
4;15;65;65;65090;65090;Pellezzano;;SA;0;0;10580;2011;14,0374;2017;10904;2017
4;15;65;65;65091;65091;Perdifumo;;SA;0;0;1768;2011;23,8138;2017;1744;2017
4;15;65;65;65092;65092;Perito;;SA;0;0;1007;2011;23,9994;2017;902;2017
4;15;65;65;65093;65093;Pertosa;;SA;0;0;705;2011;6,1585;2017;690;2017
4;15;65;65;65094;65094;Petina;;SA;0;0;1214;2011;35,4697;2017;1103;2017
4;15;65;65;65095;65095;Piaggine;;SA;0;0;1447;2011;62,7654;2017;1305;2017
4;15;65;65;65096;65096;Pisciotta;;SA;0;0;2748;2011;31,2380;2017;2603;2017
4;15;65;65;65097;65097;Polla;;SA;0;0;5327;2011;48,0811;2017;5232;2017
4;15;65;65;65098;65098;Pollica;;SA;0;0;2393;2011;28,1653;2017;2331;2017
4;15;65;65;65099;65099;Pontecagnano Faiano;;SA;0;0;25096;2011;37,1891;2017;26060;2017
4;15;65;65;65100;65100;Positano;;SA;0;0;3858;2011;8,6531;2017;3895;2017
4;15;65;65;65101;65101;Postiglione;;SA;0;0;2198;2011;48,2433;2017;2093;2017
4;15;65;65;65102;65102;Praiano;;SA;0;0;2087;2011;2,6706;2017;2019;2017
4;15;65;65;65103;65103;Prignano Cilento;;SA;0;0;997;2011;12,0409;2017;1082;2017
4;15;65;65;65104;65104;Ravello;;SA;0;0;2462;2011;7,9350;2017;2513;2017
4;15;65;65;65105;65105;Ricigliano;;SA;0;0;1207;2011;27,9286;2017;1129;2017
4;15;65;65;65106;65106;Roccadaspide;;SA;0;0;7354;2011;64,1579;2017;7100;2017
4;15;65;65;65107;65107;Roccagloriosa;;SA;0;0;1716;2011;40,5575;2017;1683;2017
4;15;65;65;65108;65108;Roccapiemonte;;SA;0;0;9124;2011;5,3133;2017;9031;2017
4;15;65;65;65109;65109;Rofrano;;SA;0;0;1655;2011;63,5882;2017;1482;2017
4;15;65;65;65110;65110;Romagnano al Monte;;SA;0;0;391;2011;9,6700;2017;367;2017
4;15;65;65;65111;65111;Roscigno;;SA;0;0;827;2011;15,1813;2017;755;2017
4;15;65;65;65112;65112;Rutino;;SA;0;0;889;2011;9,6883;2017;818;2017
4;15;65;65;65113;65113;Sacco;;SA;0;0;559;2011;23,6570;2017;475;2017
4;15;65;65;65114;65114;Sala Consilina;;SA;0;0;12258;2011;59,6928;2017;12451;2017
4;15;65;65;65115;65115;Salento;;SA;0;0;2005;2011;23,7851;2017;1913;2017
4;15;65;65;65116;65116;Salerno;;SA;1;0;132608;2011;59,8517;2017;133019;2017
4;15;65;65;65117;65117;Salvitelle;;SA;0;0;582;2011;9,5976;2017;520;2017
4;15;65;65;65118;65118;San Cipriano Picentino;;SA;0;0;6643;2011;17,3872;2017;6530;2017
4;15;65;65;65119;65119;San Giovanni a Piro;;SA;0;0;3818;2011;37,9015;2017;3729;2017
4;15;65;65;65120;65120;San Gregorio Magno;;SA;0;0;4417;2011;50,0525;2017;4238;2017
4;15;65;65;65121;65121;San Mango Piemonte;;SA;0;0;2587;2011;6,0237;2017;2642;2017
4;15;65;65;65122;65122;San Marzano sul Sarno;;SA;0;0;10225;2011;5,1894;2017;10469;2017
4;15;65;65;65123;65123;San Mauro Cilento;;SA;0;0;985;2011;15,2807;2017;881;2017
4;15;65;65;65124;65124;San Mauro la Bruca;;SA;0;0;653;2011;19,0544;2017;565;2017
4;15;65;65;65125;65125;San Pietro al Tanagro;;SA;0;0;1737;2011;15,5134;2017;1701;2017
4;15;65;65;65126;65126;San Rufo;;SA;0;0;1729;2011;31,9585;2017;1689;2017
4;15;65;65;65127;65127;Santa Marina;;SA;0;0;3166;2011;28,3605;2017;3196;2017
4;15;65;65;65128;65128;Sant'Angelo a Fasanella;;SA;0;0;718;2011;32,6091;2017;571;2017
4;15;65;65;65129;65129;Sant'Arsenio;;SA;0;0;2747;2011;20,1435;2017;2803;2017
4;15;65;65;65130;65130;Sant'Egidio del Monte Albino;;SA;0;0;8715;2011;7,2451;2017;8826;2017
4;15;65;65;65131;65131;Santomenna;;SA;0;0;473;2011;8,9193;2017;440;2017
4;15;65;65;65132;65132;San Valentino Torio;;SA;0;0;10439;2011;9,1563;2017;10962;2017
4;15;65;65;65133;65133;Sanza;;SA;0;0;2697;2011;128,7442;2017;2545;2017
4;15;65;65;65134;65134;Sapri;;SA;0;0;6809;2011;14,2001;2017;6667;2017
4;15;65;65;65135;65135;Sarno;;SA;0;0;31030;2011;40,0006;2017;31189;2017
4;15;65;65;65136;65136;Sassano;;SA;0;0;4995;2011;47,7559;2017;4915;2017
4;15;65;65;65137;65137;Scafati;;SA;0;0;50013;2011;19,8723;2017;49903;2017
4;15;65;65;65138;65138;Scala;;SA;0;0;1518;2011;13,8627;2017;1516;2017
4;15;65;65;65139;65139;Serramezzana;;SA;0;0;347;2011;7,2296;2017;305;2017
4;15;65;65;65140;65140;Serre;;SA;0;0;3956;2011;67,0330;2017;3921;2017
4;15;65;65;65141;65141;Sessa Cilento;;SA;0;0;1366;2011;18,0424;2017;1304;2017
4;15;65;65;65142;65142;Siano;;SA;0;0;10074;2011;8,5692;2017;9782;2017
4;15;65;65;65143;65143;Sicignano degli Alburni;;SA;0;0;3419;2011;81,1133;2017;3360;2017
4;15;65;65;65144;65144;Stella Cilento;;SA;0;0;774;2011;14,5173;2017;705;2017
4;15;65;65;65145;65145;Stio;;SA;0;0;942;2011;24,2800;2017;847;2017
4;15;65;65;65146;65146;Teggiano;;SA;0;0;8182;2011;61,8655;2017;7730;2017
4;15;65;65;65147;65147;Torchiara;;SA;0;0;1803;2011;8,4617;2017;1805;2017
4;15;65;65;65148;65148;Torraca;;SA;0;0;1267;2011;16,0132;2017;1248;2017
4;15;65;65;65149;65149;Torre Orsaia;;SA;0;0;2185;2011;21,0329;2017;2101;2017
4;15;65;65;65150;65150;Tortorella;;SA;0;0;563;2011;34,2173;2017;509;2017
4;15;65;65;65151;65151;Tramonti;;SA;0;0;4080;2011;24,8260;2017;4109;2017
4;15;65;65;65152;65152;Trentinara;;SA;0;0;1683;2011;23,4361;2017;1600;2017
4;15;65;65;65153;65153;Valle dell'Angelo;;SA;0;0;280;2011;36,6021;2017;233;2017
4;15;65;65;65154;65154;Vallo della Lucania;;SA;0;0;8680;2011;25,3214;2017;8388;2017
4;15;65;65;65155;65155;Valva;;SA;0;0;1712;2011;26,7850;2017;1627;2017
4;15;65;65;65156;65156;Vibonati;;SA;0;0;3237;2011;20,5428;2017;3297;2017
4;15;65;65;65157;65157;Vietri sul Mare;;SA;0;0;8076;2011;9,5175;2017;7656;2017
4;15;65;65;65158;65158;Bellizzi;;SA;0;0;12971;2011;8,0220;2017;13539;2017
4;13;66;66;66001;66001;Acciano;;AQ;0;0;351;2011;32,2232;2017;317;2017
4;13;66;66;66002;66002;Aielli;;AQ;0;0;1458;2011;37,5166;2017;1456;2017
4;13;66;66;66003;66003;Alfedena;;AQ;0;0;785;2011;39,9500;2017;952;2017
4;13;66;66;66004;66004;Anversa degli Abruzzi;;AQ;0;0;368;2011;32,4329;2017;314;2017
4;13;66;66;66005;66005;Ateleta;;AQ;0;0;1153;2011;41,9252;2017;1144;2017
4;13;66;66;66006;66006;Avezzano;;AQ;0;0;40744;2011;104,0845;2017;41808;2017
4;13;66;66;66007;66007;Balsorano;;AQ;0;0;3655;2011;58,8420;2017;3349;2017
4;13;66;66;66008;66008;Barete;;AQ;0;0;679;2011;24,5883;2017;685;2017
4;13;66;66;66009;66009;Barisciano;;AQ;0;0;1853;2011;78,4864;2017;1769;2017
4;13;66;66;66010;66010;Barrea;;AQ;0;0;726;2011;87,1069;2017;709;2017
4;13;66;66;66011;66011;Bisegna;;AQ;0;0;261;2011;46,5929;2017;216;2017
4;13;66;66;66012;66012;Bugnara;;AQ;0;0;1106;2011;25,1210;2017;1100;2017
4;13;66;66;66013;66013;Cagnano Amiterno;;AQ;0;0;1383;2011;61,3144;2017;1267;2017
4;13;66;66;66014;66014;Calascio;;AQ;0;0;137;2011;39,4433;2017;132;2017
4;13;66;66;66015;66015;Campo di Giove;;AQ;0;0;847;2011;28,9040;2017;803;2017
4;13;66;66;66016;66016;Campotosto;;AQ;0;0;586;2011;51,7245;2017;535;2017
4;13;66;66;66017;66017;Canistro;;AQ;0;0;1023;2011;15,9030;2017;988;2017
4;13;66;66;66018;66018;Cansano;;AQ;0;0;282;2011;37,6995;2017;244;2017
4;13;66;66;66019;66019;Capestrano;;AQ;0;0;895;2011;43,6574;2017;887;2017
4;13;66;66;66020;66020;Capistrello;;AQ;0;0;5341;2011;60,9626;2017;5124;2017
4;13;66;66;66021;66021;Capitignano;;AQ;0;0;680;2011;30,6391;2017;664;2017
4;13;66;66;66022;66022;Caporciano;;AQ;0;0;235;2011;18,6151;2017;222;2017
4;13;66;66;66023;66023;Cappadocia;;AQ;0;0;551;2011;68,5707;2017;563;2017
4;13;66;66;66024;66024;Carapelle Calvisio;;AQ;0;0;85;2011;14,7863;2017;85;2017
4;13;66;66;66025;66025;Carsoli;;AQ;0;0;5419;2011;95,7935;2017;5350;2017
4;13;66;66;66026;66026;Castel del Monte;;AQ;0;0;447;2011;58,0313;2017;425;2017
4;13;66;66;66027;66027;Castel di Ieri;;AQ;0;0;329;2011;18,8838;2017;307;2017
4;13;66;66;66028;66028;Castel di Sangro;;AQ;0;0;5985;2011;84,4298;2017;6671;2017
4;13;66;66;66029;66029;Castellafiume;;AQ;0;0;1099;2011;24,1005;2017;1095;2017
4;13;66;66;66030;66030;Castelvecchio Calvisio;;AQ;0;0;159;2011;15,3194;2017;142;2017
4;13;66;66;66031;66031;Castelvecchio Subequo;;AQ;0;0;1067;2011;19,2942;2017;928;2017
4;13;66;66;66032;66032;Celano;;AQ;0;0;10828;2011;82,7991;2017;10814;2017
4;13;66;66;66033;66033;Cerchio;;AQ;0;0;1653;2011;20,1647;2017;1567;2017
4;13;66;66;66034;66034;Civita d'Antino;;AQ;0;0;994;2011;28,3454;2017;1036;2017
4;13;66;66;66035;66035;Civitella Alfedena;;AQ;0;0;303;2011;29,4906;2017;288;2017
4;13;66;66;66036;66036;Civitella Roveto;;AQ;0;0;3374;2011;45,4518;2017;3157;2017
4;13;66;66;66037;66037;Cocullo;;AQ;0;0;265;2011;31,6044;2017;219;2017
4;13;66;66;66038;66038;Collarmele;;AQ;0;0;950;2011;23,9435;2017;871;2017
4;13;66;66;66039;66039;Collelongo;;AQ;0;0;1313;2011;54,0194;2017;1185;2017
4;13;66;66;66040;66040;Collepietro;;AQ;0;0;235;2011;15,2092;2017;226;2017
4;13;66;66;66041;66041;Corfinio;;AQ;0;0;1079;2011;17,9499;2017;1029;2017
4;13;66;66;66042;66042;Fagnano Alto;;AQ;0;0;440;2011;24,6437;2017;415;2017
4;13;66;66;66043;66043;Fontecchio;;AQ;0;0;410;2011;16,8595;2017;338;2017
4;13;66;66;66044;66044;Fossa;;AQ;0;0;690;2011;8,7066;2017;700;2017
4;13;66;66;66045;66045;Gagliano Aterno;;AQ;0;0;255;2011;32,1490;2017;251;2017
4;13;66;66;66046;66046;Gioia dei Marsi;;AQ;0;0;2111;2011;58,4035;2017;1807;2017
4;13;66;66;66047;66047;Goriano Sicoli;;AQ;0;0;597;2011;20,2376;2017;538;2017
4;13;66;66;66048;66048;Introdacqua;;AQ;0;0;2129;2011;37,1068;2017;2071;2017
4;13;66;66;66049;66049;L'Aquila;;AQ;1;1;66964;2011;473,9064;2017;69778;2017
4;13;66;66;66050;66050;Lecce nei Marsi;;AQ;0;0;1735;2011;66,4694;2017;1644;2017
4;13;66;66;66051;66051;Luco dei Marsi;;AQ;0;0;5868;2011;44,8647;2017;5998;2017
4;13;66;66;66052;66052;Lucoli;;AQ;0;0;1019;2011;103,4425;2017;953;2017
4;13;66;66;66053;66053;Magliano de' Marsi;;AQ;0;0;3753;2011;70,9185;2017;3607;2017
4;13;66;66;66054;66054;Massa d'Albe;;AQ;0;0;1509;2011;68,5331;2017;1444;2017
4;13;66;66;66055;66055;Molina Aterno;;AQ;0;0;419;2011;12,2078;2017;379;2017
4;13;66;66;66056;66056;Montereale;;AQ;0;0;2812;2011;104,4084;2017;2481;2017
4;13;66;66;66057;66057;Morino;;AQ;0;0;1505;2011;51,2701;2017;1423;2017
4;13;66;66;66058;66058;Navelli;;AQ;0;0;550;2011;42,0036;2017;558;2017
4;13;66;66;66059;66059;Ocre;;AQ;0;0;1110;2011;23,6036;2017;1160;2017
4;13;66;66;66060;66060;Ofena;;AQ;0;0;527;2011;36,8978;2017;466;2017
4;13;66;66;66061;66061;Opi;;AQ;0;0;428;2011;49,9042;2017;400;2017
4;13;66;66;66062;66062;Oricola;;AQ;0;0;1155;2011;18,3576;2017;1275;2017
4;13;66;66;66063;66063;Ortona dei Marsi;;AQ;0;0;592;2011;57,1661;2017;490;2017
4;13;66;66;66064;66064;Ortucchio;;AQ;0;0;1863;2011;38,9993;2017;1797;2017
4;13;66;66;66065;66065;Ovindoli;;AQ;0;0;1190;2011;61,3767;2017;1183;2017
4;13;66;66;66066;66066;Pacentro;;AQ;0;0;1211;2011;72,5874;2017;1131;2017
4;13;66;66;66067;66067;Pereto;;AQ;0;0;739;2011;41,1547;2017;662;2017
4;13;66;66;66068;66068;Pescasseroli;;AQ;0;0;2227;2011;91,1585;2017;2199;2017
4;13;66;66;66069;66069;Pescina;;AQ;0;0;4264;2011;48,7943;2017;4017;2017
4;13;66;66;66070;66070;Pescocostanzo;;AQ;0;0;1161;2011;55,0623;2017;1141;2017
4;13;66;66;66071;66071;Pettorano sul Gizio;;AQ;0;0;1363;2011;62,8484;2017;1398;2017
4;13;66;66;66072;66072;Pizzoli;;AQ;0;0;3773;2011;56,4355;2017;4439;2017
4;13;66;66;66073;66073;Poggio Picenze;;AQ;0;0;1068;2011;11,4565;2017;1076;2017
4;13;66;66;66074;66074;Prata d'Ansidonia;;AQ;0;0;501;2011;19,6544;2017;480;2017
4;13;66;66;66075;66075;Pratola Peligna;;AQ;0;0;7840;2011;28,6736;2017;7461;2017
4;13;66;66;66076;66076;Prezza;;AQ;0;0;1015;2011;21,5962;2017;941;2017
4;13;66;66;66077;66077;Raiano;;AQ;0;0;2812;2011;28,9925;2017;2755;2017
4;13;66;66;66078;66078;Rivisondoli;;AQ;0;0;663;2011;32,0009;2017;682;2017
4;13;66;66;66079;66079;Roccacasale;;AQ;0;0;724;2011;17,3068;2017;658;2017
4;13;66;66;66080;66080;Rocca di Botte;;AQ;0;0;830;2011;31,1067;2017;848;2017
4;13;66;66;66081;66081;Rocca di Cambio;;AQ;0;0;504;2011;27,6186;2017;495;2017
4;13;66;66;66082;66082;Rocca di Mezzo;;AQ;0;0;1468;2011;90,5452;2017;1478;2017
4;13;66;66;66083;66083;Rocca Pia;;AQ;0;0;167;2011;44,9610;2017;185;2017
4;13;66;66;66084;66084;Roccaraso;;AQ;0;0;1636;2011;49,9100;2017;1672;2017
4;13;66;66;66085;66085;San Benedetto dei Marsi;;AQ;0;0;3910;2011;16,7609;2017;3875;2017
4;13;66;66;66086;66086;San Benedetto in Perillis;;AQ;0;0;127;2011;19,0984;2017;98;2017
4;13;66;66;66087;66087;San Demetrio ne' Vestini;;AQ;0;0;1836;2011;16,4918;2017;1884;2017
4;13;66;66;66088;66088;San Pio delle Camere;;AQ;0;0;631;2011;17,2122;2017;673;2017
4;13;66;66;66089;66089;Sante Marie;;AQ;0;0;1208;2011;40,8133;2017;1157;2017
4;13;66;66;66090;66090;Sant'Eusanio Forconese;;AQ;0;0;418;2011;7,9441;2017;393;2017
4;13;66;66;66091;66091;Santo Stefano di Sessanio;;AQ;0;0;111;2011;33,6988;2017;109;2017
4;13;66;66;66092;66092;San Vincenzo Valle Roveto;;AQ;0;0;2433;2011;46,0389;2017;2286;2017
4;13;66;66;66093;66093;Scanno;;AQ;0;0;1948;2011;134,6765;2017;1793;2017
4;13;66;66;66094;66094;Scontrone;;AQ;0;0;590;2011;21,3541;2017;582;2017
4;13;66;66;66095;66095;Scoppito;;AQ;0;0;3285;2011;53,0036;2017;3806;2017
4;13;66;66;66096;66096;Scurcola Marsicana;;AQ;0;0;2762;2011;30,3815;2017;2783;2017
4;13;66;66;66097;66097;Secinaro;;AQ;0;0;383;2011;33,3410;2017;348;2017
4;13;66;66;66098;66098;Sulmona;;AQ;0;0;24275;2011;57,9278;2017;24000;2017
4;13;66;66;66099;66099;Tagliacozzo;;AQ;0;0;6939;2011;87,4574;2017;6733;2017
4;13;66;66;66100;66100;Tione degli Abruzzi;;AQ;0;0;326;2011;39,6548;2017;289;2017
4;13;66;66;66101;66101;Tornimparte;;AQ;0;0;3096;2011;65,9607;2017;3109;2017
4;13;66;66;66102;66102;Trasacco;;AQ;0;0;6144;2011;51,4430;2017;6163;2017
4;13;66;66;66103;66103;Villalago;;AQ;0;0;589;2011;33,1994;2017;557;2017
4;13;66;66;66104;66104;Villa Santa Lucia degli Abruzzi;;AQ;0;0;141;2011;26,9897;2017;108;2017
4;13;66;66;66105;66105;Villa Sant'Angelo;;AQ;0;0;425;2011;5,2153;2017;436;2017
4;13;66;66;66106;66106;Villavallelonga;;AQ;0;0;936;2011;73,7329;2017;886;2017
4;13;66;66;66107;66107;Villetta Barrea;;AQ;0;0;652;2011;20,5246;2017;638;2017
4;13;66;66;66108;66108;Vittorito;;AQ;0;0;898;2011;14,1945;2017;861;2017
4;13;67;67;67001;67001;Alba Adriatica;;TE;0;0;11565;2011;9,5964;2017;12322;2017
4;13;67;67;67002;67002;Ancarano;;TE;0;0;1877;2011;13,9192;2017;1880;2017
4;13;67;67;67003;67003;Arsita;;TE;0;0;871;2011;34,1360;2017;813;2017
4;13;67;67;67004;67004;Atri;;TE;0;0;11112;2011;92,1814;2017;10472;2017
4;13;67;67;67005;67005;Basciano;;TE;0;0;2438;2011;18,8534;2017;2360;2017
4;13;67;67;67006;67006;Bellante;;TE;0;0;7160;2011;50,0440;2017;7001;2017
4;13;67;67;67007;67007;Bisenti;;TE;0;0;2069;2011;30,8746;2017;1857;2017
4;13;67;67;67008;67008;Campli;;TE;0;0;7276;2011;73,4239;2017;6991;2017
4;13;67;67;67009;67009;Canzano;;TE;0;0;1955;2011;16,7371;2017;1900;2017
4;13;67;67;67010;67010;Castel Castagna;;TE;0;0;491;2011;18,1590;2017;488;2017
4;13;67;67;67011;67011;Castellalto;;TE;0;0;7359;2011;34,1757;2017;7511;2017
4;13;67;67;67012;67012;Castelli;;TE;0;0;1224;2011;49,6808;2017;1086;2017
4;13;67;67;67013;67013;Castiglione Messer Raimondo;;TE;0;0;2364;2011;30,6851;2017;2221;2017
4;13;67;67;67014;67014;Castilenti;;TE;0;0;1551;2011;23,7942;2017;1451;2017
4;13;67;67;67015;67015;Cellino Attanasio;;TE;0;0;2590;2011;43,9394;2017;2448;2017
4;13;67;67;67016;67016;Cermignano;;TE;0;0;1787;2011;26,3628;2017;1607;2017
4;13;67;67;67017;67017;Civitella del Tronto;;TE;0;0;5333;2011;77,7369;2017;4879;2017
4;13;67;67;67018;67018;Colledara;;TE;0;0;2237;2011;18,0131;2017;2141;2017
4;13;67;67;67019;67019;Colonnella;;TE;0;0;3768;2011;21,6331;2017;3732;2017
4;13;67;67;67020;67020;Controguerra;;TE;0;0;2422;2011;22,8145;2017;2348;2017
4;13;67;67;67021;67021;Corropoli;;TE;0;0;4750;2011;22,1135;2017;5025;2017
4;13;67;67;67022;67022;Cortino;;TE;0;0;683;2011;62,9429;2017;636;2017
4;13;67;67;67023;67023;Crognaleto;;TE;0;0;1416;2011;124,3022;2017;1246;2017
4;13;67;67;67024;67024;Fano Adriano;;TE;0;0;354;2011;35,7722;2017;278;2017
4;13;67;67;67025;67025;Giulianova;;TE;0;0;23199;2011;28,0024;2017;23370;2017
4;13;67;67;67026;67026;Isola del Gran Sasso d'Italia;;TE;0;0;4840;2011;84,0450;2017;4641;2017
4;13;67;67;67027;67027;Montefino;;TE;0;0;1091;2011;18,5937;2017;1026;2017
4;13;67;67;67028;67028;Montorio al Vomano;;TE;0;0;8201;2011;53,5649;2017;7978;2017
4;13;67;67;67029;67029;Morro d'Oro;;TE;0;0;3628;2011;28,7269;2017;3587;2017
4;13;67;67;67030;67030;Mosciano Sant'Angelo;;TE;0;0;9251;2011;48,4475;2017;9283;2017
4;13;67;67;67031;67031;Nereto;;TE;0;0;5075;2011;7,0112;2017;5267;2017
4;13;67;67;67032;67032;Notaresco;;TE;0;0;6863;2011;38,1502;2017;6569;2017
4;13;67;67;67033;67033;Penna Sant'Andrea;;TE;0;0;1728;2011;11,0982;2017;1736;2017
4;13;67;67;67034;67034;Pietracamela;;TE;0;0;304;2011;44,4851;2017;251;2017
4;13;67;67;67035;67035;Pineto;;TE;0;0;14631;2011;38,1092;2017;14915;2017
4;13;67;67;67036;67036;Rocca Santa Maria;;TE;0;0;569;2011;61,7982;2017;495;2017
4;13;67;67;67037;67037;Roseto degli Abruzzi;;TE;0;0;24940;2011;53,2664;2017;25309;2017
4;13;67;67;67038;67038;Sant'Egidio alla Vibrata;;TE;0;0;9668;2011;18,3618;2017;9827;2017
4;13;67;67;67039;67039;Sant'Omero;;TE;0;0;5313;2011;34,2024;2017;5250;2017
4;13;67;67;67040;67040;Silvi;;TE;0;0;15401;2011;20,6259;2017;15492;2017
4;13;67;67;67041;67041;Teramo;;TE;1;0;54294;2011;152,8396;2017;54451;2017
4;13;67;67;67042;67042;Torano Nuovo;;TE;0;0;1658;2011;10,2171;2017;1574;2017
4;13;67;67;67043;67043;Torricella Sicura;;TE;0;0;2670;2011;54,3803;2017;2616;2017
4;13;67;67;67044;67044;Tortoreto;;TE;0;0;10442;2011;22,9731;2017;11589;2017
4;13;67;67;67045;67045;Tossicia;;TE;0;0;1418;2011;27,1359;2017;1335;2017
4;13;67;67;67046;67046;Valle Castellana;;TE;0;0;1029;2011;131,7532;2017;945;2017
4;13;67;67;67047;67047;Martinsicuro;;TE;0;0;15484;2011;14,6579;2017;15695;2017
4;13;68;68;68001;68001;Abbateggio;;PE;0;0;441;2011;15,4014;2017;366;2017
4;13;68;68;68002;68002;Alanno;;PE;0;0;3608;2011;32,5275;2017;3475;2017
4;13;68;68;68003;68003;Bolognano;;PE;0;0;1157;2011;16,9583;2017;1078;2017
4;13;68;68;68004;68004;Brittoli;;PE;0;0;335;2011;15,9862;2017;272;2017
4;13;68;68;68005;68005;Bussi sul Tirino;;PE;0;0;2636;2011;25,9116;2017;2464;2017
4;13;68;68;68006;68006;Cappelle sul Tavo;;PE;0;0;3959;2011;5,4127;2017;4004;2017
4;13;68;68;68007;68007;Caramanico Terme;;PE;0;0;2008;2011;84,9893;2017;1903;2017
4;13;68;68;68008;68008;Carpineto della Nora;;PE;0;0;680;2011;24,0819;2017;619;2017
4;13;68;68;68009;68009;Castiglione a Casauria;;PE;0;0;873;2011;16,5745;2017;800;2017
4;13;68;68;68010;68010;Catignano;;PE;0;0;1449;2011;17,0253;2017;1326;2017
4;13;68;68;68011;68011;Cepagatti;;PE;0;0;10449;2011;30,8178;2017;10873;2017
4;13;68;68;68012;68012;Città Sant'Angelo;;PE;0;0;14379;2011;62,0216;2017;14922;2017
4;13;68;68;68013;68013;Civitaquana;;PE;0;0;1322;2011;21,8798;2017;1214;2017
4;13;68;68;68014;68014;Civitella Casanova;;PE;0;0;1875;2011;31,0959;2017;1765;2017
4;13;68;68;68015;68015;Collecorvino;;PE;0;0;5908;2011;31,9847;2017;6022;2017
4;13;68;68;68016;68016;Corvara;;PE;0;0;278;2011;13,7324;2017;232;2017
4;13;68;68;68017;68017;Cugnoli;;PE;0;0;1590;2011;15,9615;2017;1453;2017
4;13;68;68;68018;68018;Elice;;PE;0;0;1729;2011;14,3097;2017;1672;2017
4;13;68;68;68019;68019;Farindola;;PE;0;0;1601;2011;45,4721;2017;1453;2017
4;13;68;68;68020;68020;Lettomanoppello;;PE;0;0;3019;2011;15,0704;2017;2834;2017
4;13;68;68;68021;68021;Loreto Aprutino;;PE;0;0;7619;2011;59,4993;2017;7336;2017
4;13;68;68;68022;68022;Manoppello;;PE;0;0;7008;2011;39,2626;2017;6916;2017
4;13;68;68;68023;68023;Montebello di Bertona;;PE;0;0;1023;2011;21,5012;2017;943;2017
4;13;68;68;68024;68024;Montesilvano;;PE;0;0;50413;2011;23,5815;2017;52950;2017
4;13;68;68;68025;68025;Moscufo;;PE;0;0;3264;2011;20,2564;2017;3157;2017
4;13;68;68;68026;68026;Nocciano;;PE;0;0;1800;2011;13,7621;2017;1799;2017
4;13;68;68;68027;68027;Penne;;PE;0;0;12717;2011;91,1943;2017;12106;2017
4;13;68;68;68028;68028;Pescara;;PE;1;0;117166;2011;34,3332;2017;120075;2017
4;13;68;68;68029;68029;Pescosansonesco;;PE;0;0;517;2011;18,3464;2017;499;2017
4;13;68;68;68030;68030;Pianella;;PE;0;0;8437;2011;47,0484;2017;8608;2017
4;13;68;68;68031;68031;Picciano;;PE;0;0;1338;2011;7,5580;2017;1336;2017
4;13;68;68;68032;68032;Pietranico;;PE;0;0;509;2011;14,7710;2017;478;2017
4;13;68;68;68033;68033;Popoli;;PE;0;0;5450;2011;35,0393;2017;5039;2017
4;13;68;68;68034;68034;Roccamorice;;PE;0;0;989;2011;25,0563;2017;955;2017
4;13;68;68;68035;68035;Rosciano;;PE;0;0;3663;2011;27,7943;2017;3963;2017
4;13;68;68;68036;68036;Salle;;PE;0;0;317;2011;21,8034;2017;291;2017
4;13;68;68;68037;68037;Sant'Eufemia a Maiella;;PE;0;0;299;2011;40,4182;2017;259;2017
4;13;68;68;68038;68038;San Valentino in Abruzzo Citeriore;;PE;0;0;1930;2011;16,3973;2017;1908;2017
4;13;68;68;68039;68039;Scafa;;PE;0;0;3836;2011;10,3407;2017;3639;2017
4;13;68;68;68040;68040;Serramonacesca;;PE;0;0;582;2011;23,8874;2017;553;2017
4;13;68;68;68041;68041;Spoltore;;PE;0;0;18566;2011;37,0138;2017;18935;2017
4;13;68;68;68042;68042;Tocco da Casauria;;PE;0;0;2721;2011;29,6676;2017;2607;2017
4;13;68;68;68043;68043;Torre de' Passeri;;PE;0;0;3174;2011;5,9177;2017;3016;2017
4;13;68;68;68044;68044;Turrivalignani;;PE;0;0;884;2011;6,1122;2017;885;2017
4;13;68;68;68045;68045;Vicoli;;PE;0;0;396;2011;9,3297;2017;383;2017
4;13;68;68;68046;68046;Villa Celiera;;PE;0;0;747;2011;13,1818;2017;651;2017
4;13;69;69;69001;69001;Altino;;CH;0;0;2833;2011;15,3302;2017;3051;2017
4;13;69;69;69002;69002;Archi;;CH;0;0;2282;2011;28,5443;2017;2141;2017
4;13;69;69;69003;69003;Ari;;CH;0;0;1165;2011;11,3915;2017;1116;2017
4;13;69;69;69004;69004;Arielli;;CH;0;0;1144;2011;11,7167;2017;1126;2017
4;13;69;69;69005;69005;Atessa;;CH;0;0;10761;2011;110,9761;2017;10554;2017
4;13;69;69;69006;69006;Bomba;;CH;0;0;885;2011;17,2605;2017;766;2017
4;13;69;69;69007;69007;Borrello;;CH;0;0;368;2011;14,5091;2017;336;2017
4;13;69;69;69008;69008;Bucchianico;;CH;0;0;5221;2011;38,0774;2017;5144;2017
4;13;69;69;69009;69009;Montebello sul Sangro;;CH;0;0;99;2011;5,3819;2017;89;2017
4;13;69;69;69010;69010;Canosa Sannita;;CH;0;0;1441;2011;13,9124;2017;1333;2017
4;13;69;69;69011;69011;Carpineto Sinello;;CH;0;0;666;2011;29,8539;2017;581;2017
4;13;69;69;69012;69012;Carunchio;;CH;0;0;639;2011;32,5642;2017;632;2017
4;13;69;69;69013;69013;Casacanditella;;CH;0;0;1340;2011;12,5381;2017;1268;2017
4;13;69;69;69014;69014;Casalanguida;;CH;0;0;1006;2011;13,6687;2017;887;2017
4;13;69;69;69015;69015;Casalbordino;;CH;0;0;6303;2011;46,0149;2017;6058;2017
4;13;69;69;69016;69016;Casalincontrada;;CH;0;0;3153;2011;16,0004;2017;3098;2017
4;13;69;69;69017;69017;Casoli;;CH;0;0;5847;2011;67,0350;2017;5590;2017
4;13;69;69;69018;69018;Castel Frentano;;CH;0;0;4311;2011;21,8861;2017;4322;2017
4;13;69;69;69019;69019;Castelguidone;;CH;0;0;416;2011;15,0721;2017;360;2017
4;13;69;69;69020;69020;Castiglione Messer Marino;;CH;0;0;1898;2011;47,9829;2017;1725;2017
4;13;69;69;69021;69021;Celenza sul Trigno;;CH;0;0;974;2011;22,6778;2017;905;2017
4;13;69;69;69022;69022;Chieti;;CH;1;0;51484;2011;59,5668;2017;50603;2017
4;13;69;69;69023;69023;Civitaluparella;;CH;0;0;349;2011;22,4613;2017;322;2017
4;13;69;69;69024;69024;Civitella Messer Raimondo;;CH;0;0;861;2011;12,7214;2017;815;2017
4;13;69;69;69025;69025;Colledimacine;;CH;0;0;237;2011;11,2952;2017;187;2017
4;13;69;69;69026;69026;Colledimezzo;;CH;0;0;531;2011;11,0465;2017;483;2017
4;13;69;69;69027;69027;Crecchio;;CH;0;0;2932;2011;19,2341;2017;2824;2017
4;13;69;69;69028;69028;Cupello;;CH;0;0;4848;2011;48,3922;2017;4817;2017
4;13;69;69;69029;69029;Dogliola;;CH;0;0;389;2011;11,8476;2017;347;2017
4;13;69;69;69030;69030;Fara Filiorum Petri;;CH;0;0;1955;2011;14,9639;2017;1976;2017
4;13;69;69;69031;69031;Fara San Martino;;CH;0;0;1524;2011;44,6920;2017;1380;2017
4;13;69;69;69032;69032;Filetto;;CH;0;0;1026;2011;13,5328;2017;921;2017
4;13;69;69;69033;69033;Fossacesia;;CH;0;0;6217;2011;30,1407;2017;6170;2017
4;13;69;69;69034;69034;Fraine;;CH;0;0;396;2011;16,0895;2017;315;2017
4;13;69;69;69035;69035;Francavilla al Mare;;CH;0;0;23816;2011;23,1125;2017;24768;2017
4;13;69;69;69036;69036;Fresagrandinaria;;CH;0;0;1056;2011;25,1486;2017;942;2017
4;13;69;69;69037;69037;Frisa;;CH;0;0;1889;2011;11,4882;2017;1729;2017
4;13;69;69;69038;69038;Furci;;CH;0;0;1088;2011;25,9896;2017;921;2017
4;13;69;69;69039;69039;Gamberale;;CH;0;0;328;2011;15,5604;2017;299;2017
4;13;69;69;69040;69040;Gessopalena;;CH;0;0;1550;2011;31,4701;2017;1404;2017
4;13;69;69;69041;69041;Gissi;;CH;0;0;2935;2011;36,6462;2017;2717;2017
4;13;69;69;69042;69042;Giuliano Teatino;;CH;0;0;1270;2011;9,8874;2017;1197;2017
4;13;69;69;69043;69043;Guardiagrele;;CH;0;0;9367;2011;56,5009;2017;8921;2017
4;13;69;69;69044;69044;Guilmi;;CH;0;0;432;2011;12,5631;2017;413;2017
4;13;69;69;69045;69045;Lama dei Peligni;;CH;0;0;1364;2011;31,3710;2017;1198;2017
4;13;69;69;69046;69046;Lanciano;;CH;0;0;35921;2011;66,9494;2017;34876;2017
4;13;69;69;69047;69047;Lentella;;CH;0;0;725;2011;12,6165;2017;708;2017
4;13;69;69;69048;69048;Lettopalena;;CH;0;0;365;2011;21,1285;2017;341;2017
4;13;69;69;69049;69049;Liscia;;CH;0;0;712;2011;8,1795;2017;701;2017
4;13;69;69;69050;69050;Miglianico;;CH;0;0;4844;2011;22,7343;2017;4796;2017
4;13;69;69;69051;69051;Montazzoli;;CH;0;0;1032;2011;39,4634;2017;939;2017
4;13;69;69;69052;69052;Monteferrante;;CH;0;0;141;2011;15,2862;2017;128;2017
4;13;69;69;69053;69053;Montelapiano;;CH;0;0;80;2011;8,2680;2017;82;2017
4;13;69;69;69054;69054;Montenerodomo;;CH;0;0;736;2011;29,9986;2017;650;2017
4;13;69;69;69055;69055;Monteodorisio;;CH;0;0;2564;2011;25,2122;2017;2416;2017
4;13;69;69;69056;69056;Mozzagrogna;;CH;0;0;2291;2011;14,1032;2017;2461;2017
4;13;69;69;69057;69057;Orsogna;;CH;0;0;4008;2011;25,4460;2017;3790;2017
4;13;69;69;69058;69058;Ortona;;CH;0;0;23425;2011;70,8737;2017;22694;2017
4;13;69;69;69059;69059;Paglieta;;CH;0;0;4466;2011;33,7797;2017;4305;2017
4;13;69;69;69060;69060;Palena;;CH;0;0;1412;2011;93,6299;2017;1327;2017
4;13;69;69;69061;69061;Palmoli;;CH;0;0;980;2011;32,7780;2017;913;2017
4;13;69;69;69062;69062;Palombaro;;CH;0;0;1108;2011;17,1930;2017;981;2017
4;13;69;69;69063;69063;Pennadomo;;CH;0;0;311;2011;11,0200;2017;249;2017
4;13;69;69;69064;69064;Pennapiedimonte;;CH;0;0;515;2011;47,0312;2017;440;2017
4;13;69;69;69065;69065;Perano;;CH;0;0;1664;2011;6,4826;2017;1585;2017
4;13;69;69;69066;69066;Pizzoferrato;;CH;0;0;1127;2011;30,9206;2017;1052;2017
4;13;69;69;69067;69067;Poggiofiorito;;CH;0;0;943;2011;9,9473;2017;857;2017
4;13;69;69;69068;69068;Pollutri;;CH;0;0;2306;2011;26,1680;2017;2189;2017
4;13;69;69;69069;69069;Pretoro;;CH;0;0;989;2011;26,1259;2017;934;2017
4;13;69;69;69070;69070;Quadri;;CH;0;0;863;2011;7,4453;2017;777;2017
4;13;69;69;69071;69071;Rapino;;CH;0;0;1356;2011;20,2985;2017;1269;2017
4;13;69;69;69072;69072;Ripa Teatina;;CH;0;0;4188;2011;20,1629;2017;4018;2017
4;13;69;69;69073;69073;Roccamontepiano;;CH;0;0;1792;2011;18,2198;2017;1668;2017
4;13;69;69;69074;69074;Rocca San Giovanni;;CH;0;0;2348;2011;21,6995;2017;2303;2017
4;13;69;69;69075;69075;Roccascalegna;;CH;0;0;1285;2011;23,0060;2017;1181;2017
4;13;69;69;69076;69076;Roccaspinalveti;;CH;0;0;1434;2011;33,0066;2017;1280;2017
4;13;69;69;69077;69077;Roio del Sangro;;CH;0;0;103;2011;11,8107;2017;101;2017
4;13;69;69;69078;69078;Rosello;;CH;0;0;253;2011;19,2305;2017;225;2017
4;13;69;69;69079;69079;San Buono;;CH;0;0;1020;2011;25,2693;2017;934;2017
4;13;69;69;69080;69080;San Giovanni Lipioni;;CH;0;0;210;2011;8,6722;2017;167;2017
4;13;69;69;69081;69081;San Giovanni Teatino;;CH;0;0;12733;2011;17,7311;2017;14026;2017
4;13;69;69;69082;69082;San Martino sulla Marrucina;;CH;0;0;960;2011;7,4080;2017;909;2017
4;13;69;69;69083;69083;San Salvo;;CH;0;0;18848;2011;19,6996;2017;19974;2017
4;13;69;69;69084;69084;Santa Maria Imbaro;;CH;0;0;1830;2011;5,7079;2017;2001;2017
4;13;69;69;69085;69085;Sant'Eusanio del Sangro;;CH;0;0;2453;2011;23,8273;2017;2371;2017
4;13;69;69;69086;69086;San Vito Chietino;;CH;0;0;5226;2011;17,0004;2017;5198;2017
4;13;69;69;69087;69087;Scerni;;CH;0;0;3399;2011;41,2545;2017;3188;2017
4;13;69;69;69088;69088;Schiavi di Abruzzo;;CH;0;0;931;2011;45,5688;2017;806;2017
4;13;69;69;69089;69089;Taranta Peligna;;CH;0;0;399;2011;21,8984;2017;352;2017
4;13;69;69;69090;69090;Tollo;;CH;0;0;4071;2011;14,9591;2017;3949;2017
4;13;69;69;69091;69091;Torino di Sangro;;CH;0;0;3041;2011;32,1175;2017;3052;2017
4;13;69;69;69092;69092;Tornareccio;;CH;0;0;1932;2011;27,5279;2017;1740;2017
4;13;69;69;69093;69093;Torrebruna;;CH;0;0;924;2011;23,2887;2017;801;2017
4;13;69;69;69094;69094;Torrevecchia Teatina;;CH;0;0;4092;2011;14,6762;2017;4154;2017
4;13;69;69;69095;69095;Torricella Peligna;;CH;0;0;1391;2011;36,1143;2017;1285;2017
4;13;69;69;69096;69096;Treglio;;CH;0;0;1575;2011;4,8695;2017;1670;2017
4;13;69;69;69097;69097;Tufillo;;CH;0;0;468;2011;21,4377;2017;397;2017
4;13;69;69;69098;69098;Vacri;;CH;0;0;1702;2011;12,2727;2017;1605;2017
4;13;69;69;69099;69099;Vasto;;CH;0;0;38747;2011;71,3449;2017;40659;2017
4;13;69;69;69100;69100;Villalfonsina;;CH;0;0;977;2011;9,1285;2017;956;2017
4;13;69;69;69101;69101;Villamagna;;CH;0;0;2437;2011;12,7324;2017;2303;2017
4;13;69;69;69102;69102;Villa Santa Maria;;CH;0;0;1433;2011;16,2298;2017;1291;2017
4;13;69;69;69103;69103;Pietraferrazzana;;CH;0;0;128;2011;4,3672;2017;133;2017
4;13;69;69;69104;69104;Fallo;;CH;0;0;146;2011;6,0991;2017;139;2017
4;14;70;70;70001;70001;Acquaviva Collecroce;;CB;0;0;674;2011;28,5993;2017;645;2017
4;14;70;70;70002;70002;Baranello;;CB;0;0;2732;2011;24,9947;2017;2611;2017
4;14;70;70;70003;70003;Bojano;;CB;0;0;7946;2011;52,6298;2017;8036;2017
4;14;70;70;70004;70004;Bonefro;;CB;0;0;1528;2011;31,2796;2017;1344;2017
4;14;70;70;70005;70005;Busso;;CB;0;0;1367;2011;23,8102;2017;1217;2017
4;14;70;70;70006;70006;Campobasso;;CB;1;1;48747;2011;56,1117;2017;48746;2017
4;14;70;70;70007;70007;Campochiaro;;CB;0;0;637;2011;35,7010;2017;636;2017
4;14;70;70;70008;70008;Campodipietra;;CB;0;0;2567;2011;19,7217;2017;2509;2017
4;14;70;70;70009;70009;Campolieto;;CB;0;0;938;2011;24,4253;2017;867;2017
4;14;70;70;70010;70010;Campomarino;;CB;0;0;7068;2011;76,6760;2017;7782;2017
4;14;70;70;70011;70011;Casacalenda;;CB;0;0;2207;2011;67,2764;2017;2069;2017
4;14;70;70;70012;70012;Casalciprano;;CB;0;0;571;2011;19,0649;2017;530;2017
4;14;70;70;70013;70013;Castelbottaccio;;CB;0;0;349;2011;11,2235;2017;282;2017
4;14;70;70;70014;70014;Castellino del Biferno;;CB;0;0;589;2011;15,5442;2017;557;2017
4;14;70;70;70015;70015;Castelmauro;;CB;0;0;1638;2011;43,6196;2017;1443;2017
4;14;70;70;70016;70016;Castropignano;;CB;0;0;1029;2011;26,9572;2017;918;2017
4;14;70;70;70017;70017;Cercemaggiore;;CB;0;0;3927;2011;56,9107;2017;3696;2017
4;14;70;70;70018;70018;Cercepiccola;;CB;0;0;685;2011;16,7935;2017;654;2017
4;14;70;70;70019;70019;Civitacampomarano;;CB;0;0;451;2011;38,8933;2017;363;2017
4;14;70;70;70020;70020;Colle d'Anchise;;CB;0;0;802;2011;15,6946;2017;775;2017
4;14;70;70;70021;70021;Colletorto;;CB;0;0;2087;2011;35,9050;2017;1849;2017
4;14;70;70;70022;70022;Duronia;;CB;0;0;431;2011;22,4681;2017;413;2017
4;14;70;70;70023;70023;Ferrazzano;;CB;0;0;3287;2011;16,7727;2017;3271;2017
4;14;70;70;70024;70024;Fossalto;;CB;0;0;1480;2011;28,3337;2017;1294;2017
4;14;70;70;70025;70025;Gambatesa;;CB;0;0;1487;2011;43,6825;2017;1434;2017
4;14;70;70;70026;70026;Gildone;;CB;0;0;850;2011;29,7548;2017;785;2017
4;14;70;70;70027;70027;Guardialfiera;;CB;0;0;1120;2011;43,5261;2017;1026;2017
4;14;70;70;70028;70028;Guardiaregia;;CB;0;0;787;2011;43,7156;2017;766;2017
4;14;70;70;70029;70029;Guglionesi;;CB;0;0;5449;2011;100,9461;2017;5232;2017
4;14;70;70;70030;70030;Jelsi;;CB;0;0;1797;2011;28,7729;2017;1729;2017
4;14;70;70;70031;70031;Larino;;CB;0;0;7142;2011;88,7652;2017;6704;2017
4;14;70;70;70032;70032;Limosano;;CB;0;0;826;2011;28,2662;2017;747;2017
4;14;70;70;70033;70033;Lucito;;CB;0;0;734;2011;31,5628;2017;644;2017
4;14;70;70;70034;70034;Lupara;;CB;0;0;538;2011;25,8724;2017;482;2017
4;14;70;70;70035;70035;Macchia Valfortore;;CB;0;0;621;2011;26,7323;2017;569;2017
4;14;70;70;70036;70036;Mafalda;;CB;0;0;1231;2011;32,5053;2017;1163;2017
4;14;70;70;70037;70037;Matrice;;CB;0;0;1110;2011;20,4211;2017;1117;2017
4;14;70;70;70038;70038;Mirabello Sannitico;;CB;0;0;2157;2011;21,4272;2017;2101;2017
4;14;70;70;70039;70039;Molise;;CB;0;0;162;2011;5,1999;2017;163;2017
4;14;70;70;70040;70040;Monacilioni;;CB;0;0;553;2011;27,2140;2017;483;2017
4;14;70;70;70041;70041;Montagano;;CB;0;0;1150;2011;26,6236;2017;1060;2017
4;14;70;70;70042;70042;Montecilfone;;CB;0;0;1423;2011;22,9190;2017;1356;2017
4;14;70;70;70043;70043;Montefalcone nel Sannio;;CB;0;0;1650;2011;32,5674;2017;1512;2017
4;14;70;70;70044;70044;Montelongo;;CB;0;0;384;2011;12,7631;2017;361;2017
4;14;70;70;70045;70045;Montemitro;;CB;0;0;454;2011;16,2928;2017;355;2017
4;14;70;70;70046;70046;Montenero di Bisaccia;;CB;0;0;6649;2011;93,3125;2017;6569;2017
4;14;70;70;70047;70047;Montorio nei Frentani;;CB;0;0;466;2011;31,6629;2017;407;2017
4;14;70;70;70048;70048;Morrone del Sannio;;CB;0;0;648;2011;45,8400;2017;569;2017
4;14;70;70;70049;70049;Oratino;;CB;0;0;1560;2011;17,8849;2017;1695;2017
4;14;70;70;70050;70050;Palata;;CB;0;0;1769;2011;43,8179;2017;1678;2017
4;14;70;70;70051;70051;Petacciato;;CB;0;0;3638;2011;35,4006;2017;3753;2017
4;14;70;70;70052;70052;Petrella Tifernina;;CB;0;0;1206;2011;26,5154;2017;1125;2017
4;14;70;70;70053;70053;Pietracatella;;CB;0;0;1433;2011;50,2809;2017;1303;2017
4;14;70;70;70054;70054;Pietracupa;;CB;0;0;228;2011;10,0789;2017;210;2017
4;14;70;70;70055;70055;Portocannone;;CB;0;0;2549;2011;13,1136;2017;2468;2017
4;14;70;70;70056;70056;Provvidenti;;CB;0;0;122;2011;14,0324;2017;112;2017
4;14;70;70;70057;70057;Riccia;;CB;0;0;5403;2011;70,0393;2017;5096;2017
4;14;70;70;70058;70058;Ripabottoni;;CB;0;0;544;2011;31,9604;2017;531;2017
4;14;70;70;70059;70059;Ripalimosani;;CB;0;0;2972;2011;33,8270;2017;3124;2017
4;14;70;70;70060;70060;Roccavivara;;CB;0;0;840;2011;21,0439;2017;792;2017
4;14;70;70;70061;70061;Rotello;;CB;0;0;1219;2011;70,7399;2017;1188;2017
4;14;70;70;70062;70062;Salcito;;CB;0;0;695;2011;28,2595;2017;673;2017
4;14;70;70;70063;70063;San Biase;;CB;0;0;209;2011;11,8460;2017;174;2017
4;14;70;70;70064;70064;San Felice del Molise;;CB;0;0;694;2011;24,3719;2017;620;2017
4;14;70;70;70065;70065;San Giacomo degli Schiavoni;;CB;0;0;1410;2011;11,0822;2017;1395;2017
4;14;70;70;70066;70066;San Giovanni in Galdo;;CB;0;0;624;2011;19,4484;2017;555;2017
4;14;70;70;70067;70067;San Giuliano del Sannio;;CB;0;0;1050;2011;24,0508;2017;988;2017
4;14;70;70;70068;70068;San Giuliano di Puglia;;CB;0;0;1057;2011;42,0477;2017;1015;2017
4;14;70;70;70069;70069;San Martino in Pensilis;;CB;0;0;4797;2011;100,6520;2017;4731;2017
4;14;70;70;70070;70070;San Massimo;;CB;0;0;836;2011;27,3299;2017;874;2017
4;14;70;70;70071;70071;San Polo Matese;;CB;0;0;458;2011;15,2841;2017;476;2017
4;14;70;70;70072;70072;Santa Croce di Magliano;;CB;0;0;4692;2011;53,3670;2017;4370;2017
4;14;70;70;70073;70073;Sant'Angelo Limosano;;CB;0;0;348;2011;16,8688;2017;343;2017
4;14;70;70;70074;70074;Sant'Elia a Pianisi;;CB;0;0;1910;2011;68,2452;2017;1714;2017
4;14;70;70;70075;70075;Sepino;;CB;0;0;1985;2011;61,3707;2017;1898;2017
4;14;70;70;70076;70076;Spinete;;CB;0;0;1373;2011;17,8338;2017;1256;2017
4;14;70;70;70077;70077;Tavenna;;CB;0;0;815;2011;21,9697;2017;679;2017
4;14;70;70;70078;70078;Termoli;;CB;0;0;32793;2011;55,6345;2017;33322;2017
4;14;70;70;70079;70079;Torella del Sannio;;CB;0;0;794;2011;16,7316;2017;764;2017
4;14;70;70;70080;70080;Toro;;CB;0;0;1450;2011;24,0582;2017;1347;2017
4;14;70;70;70081;70081;Trivento;;CB;0;0;4812;2011;73,6983;2017;4619;2017
4;14;70;70;70082;70082;Tufara;;CB;0;0;978;2011;35,5163;2017;892;2017
4;14;70;70;70083;70083;Ururi;;CB;0;0;2793;2011;31,6494;2017;2641;2017
4;14;70;70;70084;70084;Vinchiaturo;;CB;0;0;3238;2011;35,4776;2017;3331;2017
4;16;71;71;71001;71001;Accadia;;FG;0;0;2418;2011;30,7359;2017;2304;2017
4;16;71;71;71002;71002;Alberona;;FG;0;0;1002;2011;49,7469;2017;953;2017
4;16;71;71;71003;71003;Anzano di Puglia;;FG;0;0;1617;2011;11,0140;2017;1204;2017
4;16;71;71;71004;71004;Apricena;;FG;0;0;13435;2011;172,5024;2017;13016;2017
4;16;71;71;71005;71005;Ascoli Satriano;;FG;0;0;6194;2011;336,6715;2017;6114;2017
4;16;71;71;71006;71006;Biccari;;FG;0;0;2872;2011;106,6444;2017;2743;2017
4;16;71;71;71007;71007;Bovino;;FG;0;0;3562;2011;84,9297;2017;3227;2017
4;16;71;71;71008;71008;Cagnano Varano;;FG;0;0;7451;2011;166,8365;2017;7068;2017
4;16;71;71;71009;71009;Candela;;FG;0;0;2693;2011;96,8096;2017;2714;2017
4;16;71;71;71010;71010;Carapelle;;FG;0;0;6524;2011;25,0017;2017;6726;2017
4;16;71;71;71011;71011;Carlantino;;FG;0;0;1040;2011;34,7114;2017;954;2017
4;16;71;71;71012;71012;Carpino;;FG;0;0;4305;2011;80,0494;2017;4089;2017
4;16;71;71;71013;71013;Casalnuovo Monterotaro;;FG;0;0;1663;2011;48,3611;2017;1510;2017
4;16;71;71;71014;71014;Casalvecchio di Puglia;;FG;0;0;1939;2011;31,9321;2017;1823;2017
4;16;71;71;71015;71015;Castelluccio dei Sauri;;FG;0;0;2119;2011;51,4736;2017;2061;2017
4;16;71;71;71016;71016;Castelluccio Valmaggiore;;FG;0;0;1331;2011;26,7854;2017;1270;2017
4;16;71;71;71017;71017;Castelnuovo della Daunia;;FG;0;0;1557;2011;61,4861;2017;1389;2017
4;16;71;71;71018;71018;Celenza Valfortore;;FG;0;0;1724;2011;65,4171;2017;1529;2017
4;16;71;71;71019;71019;Celle di San Vito;;FG;0;0;172;2011;18,4132;2017;160;2017
4;16;71;71;71020;71020;Cerignola;;FG;0;0;56653;2011;593,9196;2017;56023;2017
4;16;71;71;71021;71021;Chieuti;;FG;0;0;1772;2011;61,5173;2017;1668;2017
4;16;71;71;71022;71022;Deliceto;;FG;0;0;3919;2011;75,8521;2017;3692;2017
4;16;71;71;71023;71023;Faeto;;FG;0;0;644;2011;26,0981;2017;626;2017
4;16;71;71;71024;71024;Foggia;;FG;1;0;147036;2011;509,2545;2017;150816;2017
4;16;71;71;71025;71025;Ischitella;;FG;0;0;4316;2011;85,4608;2017;4334;2017
4;16;71;71;71026;71026;Isole Tremiti;;FG;0;0;455;2011;3,1780;2017;493;2017
4;16;71;71;71027;71027;Lesina;;FG;0;0;6319;2011;160,1534;2017;6297;2017
4;16;71;71;71028;71028;Lucera;;FG;0;0;34333;2011;339,7870;2017;32877;2017
4;16;71;71;71029;71029;Manfredonia;;FG;0;0;56257;2011;354,5377;2017;56312;2017
4;16;71;71;71031;71031;Mattinata;;FG;0;0;6360;2011;73,4796;2017;6225;2017
4;16;71;71;71032;71032;Monteleone di Puglia;;FG;0;0;1067;2011;36,4107;2017;1009;2017
4;16;71;71;71033;71033;Monte Sant'Angelo;;FG;0;0;13098;2011;245,1273;2017;12233;2017
4;16;71;71;71034;71034;Motta Montecorvino;;FG;0;0;768;2011;19,9412;2017;708;2017
4;16;71;71;71035;71035;Orsara di Puglia;;FG;0;0;2914;2011;83,0056;2017;2673;2017
4;16;71;71;71036;71036;Orta Nova;;FG;0;0;16999;2011;105,2381;2017;17363;2017
4;16;71;71;71037;71037;Panni;;FG;0;0;858;2011;32,7043;2017;780;2017
4;16;71;71;71038;71038;Peschici;;FG;0;0;4197;2011;49,3895;2017;4412;2017
4;16;71;71;71039;71039;Pietramontecorvino;;FG;0;0;2745;2011;71,6453;2017;2669;2017
4;16;71;71;71040;71040;Poggio Imperiale;;FG;0;0;2819;2011;52,8824;2017;2678;2017
4;16;71;71;71041;71041;Rignano Garganico;;FG;0;0;2200;2011;89,3968;2017;2001;2017
4;16;71;71;71042;71042;Rocchetta Sant'Antonio;;FG;0;0;1954;2011;72,4654;2017;1817;2017
4;16;71;71;71043;71043;Rodi Garganico;;FG;0;0;3663;2011;13,4471;2017;3602;2017
4;16;71;71;71044;71044;Roseto Valfortore;;FG;0;0;1149;2011;50,0521;2017;1063;2017
4;16;71;71;71046;71046;San Giovanni Rotondo;;FG;0;0;27329;2011;261,8788;2017;26995;2017
4;16;71;71;71047;71047;San Marco in Lamis;;FG;0;0;14218;2011;234,1973;2017;13464;2017
4;16;71;71;71048;71048;San Marco la Catola;;FG;0;0;1082;2011;28,6249;2017;957;2017
4;16;71;71;71049;71049;San Nicandro Garganico;;FG;0;0;15927;2011;173,3574;2017;15042;2017
4;16;71;71;71050;71050;San Paolo di Civitate;;FG;0;0;5935;2011;91,1604;2017;5736;2017
4;16;71;71;71051;71051;San Severo;;FG;0;0;54906;2011;336,3046;2017;51032;2017
4;16;71;71;71052;71052;Sant'Agata di Puglia;;FG;0;0;2096;2011;116,1326;2017;1896;2017
4;16;71;71;71053;71053;Serracapriola;;FG;0;0;4069;2011;143,3541;2017;3843;2017
4;16;71;71;71054;71054;Stornara;;FG;0;0;5306;2011;33,8629;2017;5755;2017
4;16;71;71;71055;71055;Stornarella;;FG;0;0;5022;2011;33,8122;2017;5244;2017
4;16;71;71;71056;71056;Torremaggiore;;FG;0;0;17365;2011;210,0084;2017;16898;2017
4;16;71;71;71058;71058;Troia;;FG;0;0;7330;2011;168,2450;2017;7059;2017
4;16;71;71;71059;71059;Vico del Gargano;;FG;0;0;7861;2011;111,0822;2017;7579;2017
4;16;71;71;71060;71060;Vieste;;FG;0;0;13271;2011;169,1885;2017;13799;2017
4;16;71;71;71061;71061;Volturara Appula;;FG;0;0;481;2011;51,9970;2017;404;2017
4;16;71;71;71062;71062;Volturino;;FG;0;0;1781;2011;58,3471;2017;1667;2017
4;16;71;71;71063;71063;Ordona;;FG;0;0;2654;2011;39,5651;2017;2831;2017
4;16;71;71;71064;71064;Zapponeta;;FG;0;0;3326;2011;41,7458;2017;3403;2017
4;16;72;272;72001;72001;Acquaviva delle Fonti;;BA;0;0;21038;2011;132,0242;2017;20370;2017
4;16;72;272;72002;72002;Adelfia;;BA;0;0;17101;2011;29,8139;2017;16901;2017
4;16;72;272;72003;72003;Alberobello;;BA;0;0;10924;2011;40,8232;2017;10737;2017
4;16;72;272;72004;72004;Altamura;;BA;0;0;69529;2011;431,3700;2017;69958;2017
4;16;72;272;72006;72006;Bari;;BA;1;1;315933;2011;117,4097;2017;316758;2017
4;16;72;272;72008;72008;Binetto;;BA;0;0;2162;2011;17,6537;2017;2216;2017
4;16;72;272;72010;72010;Bitetto;;BA;0;0;11799;2011;33,9452;2017;12034;2017
4;16;72;272;72011;72011;Bitonto;;BA;0;0;56258;2011;174,3365;2017;53538;2017
4;16;72;272;72012;72012;Bitritto;;BA;0;0;10878;2011;17,9815;2017;11328;2017
4;16;72;272;72014;72014;Capurso;;BA;0;0;15396;2011;15,1052;2017;15390;2017
4;16;72;272;72015;72015;Casamassima;;BA;0;0;19246;2011;78,4318;2017;19486;2017
4;16;72;272;72016;72016;Cassano delle Murge;;BA;0;0;14270;2011;90,1974;2017;14689;2017
4;16;72;272;72017;72017;Castellana Grotte;;BA;0;0;19340;2011;69,1282;2017;19338;2017
4;16;72;272;72018;72018;Cellamare;;BA;0;0;5491;2011;5,9108;2017;5765;2017
4;16;72;272;72019;72019;Conversano;;BA;0;0;25683;2011;128,4204;2017;25960;2017
4;16;72;272;72020;72020;Corato;;BA;0;0;48072;2011;169,3426;2017;47842;2017
4;16;72;272;72021;72021;Gioia del Colle;;BA;0;0;27889;2011;208,9351;2017;27382;2017
4;16;72;272;72022;72022;Giovinazzo;;BA;0;0;20433;2011;44,2824;2017;19800;2017
4;16;72;272;72023;72023;Gravina in Puglia;;BA;0;0;43614;2011;384,7214;2017;43248;2017
4;16;72;272;72024;72024;Grumo Appula;;BA;0;0;12940;2011;81,3018;2017;12540;2017
4;16;72;272;72025;72025;Locorotondo;;BA;0;0;14161;2011;48,1791;2017;14106;2017
4;16;72;272;72027;72027;Modugno;;BA;0;0;37532;2011;32,2364;2017;38382;2017
4;16;72;272;72028;72028;Mola di Bari;;BA;0;0;25567;2011;50,9399;2017;25109;2017
4;16;72;272;72029;72029;Molfetta;;BA;0;0;60433;2011;58,9733;2017;58670;2017
4;16;72;272;72030;72030;Monopoli;;BA;0;0;48529;2011;157,8253;2017;48341;2017
4;16;72;272;72031;72031;Noci;;BA;0;0;19285;2011;150,5967;2017;18853;2017
4;16;72;272;72032;72032;Noicattaro;;BA;0;0;25710;2011;40,7925;2017;26241;2017
4;16;72;272;72033;72033;Palo del Colle;;BA;0;0;21555;2011;79,7126;2017;21259;2017
4;16;72;272;72034;72034;Poggiorsini;;BA;0;0;1418;2011;43,4436;2017;1452;2017
4;16;72;272;72035;72035;Polignano a Mare;;BA;0;0;17567;2011;63,0865;2017;17815;2017
4;16;72;272;72036;72036;Putignano;;BA;0;0;27083;2011;100,1539;2017;26297;2017
4;16;72;272;72037;72037;Rutigliano;;BA;0;0;18418;2011;53,8522;2017;18486;2017
4;16;72;272;72038;72038;Ruvo di Puglia;;BA;0;0;25662;2011;223,8254;2017;25144;2017
4;16;72;272;72039;72039;Sammichele di Bari;;BA;0;0;6715;2011;34,2339;2017;6396;2017
4;16;72;272;72040;72040;Sannicandro di Bari;;BA;0;0;9713;2011;56,7931;2017;9744;2017
4;16;72;272;72041;72041;Santeramo in Colle;;BA;0;0;26770;2011;144,8521;2017;26339;2017
4;16;72;272;72043;72043;Terlizzi;;BA;0;0;26986;2011;69,2294;2017;26682;2017
4;16;72;272;72044;72044;Toritto;;BA;0;0;8551;2011;75,3502;2017;8386;2017
4;16;72;272;72046;72046;Triggiano;;BA;0;0;27007;2011;20,1386;2017;26814;2017
4;16;72;272;72047;72047;Turi;;BA;0;0;12748;2011;71,3998;2017;13110;2017
4;16;72;272;72048;72048;Valenzano;;BA;0;0;17897;2011;15,9786;2017;17683;2017
4;16;73;73;73001;73001;Avetrana;;TA;0;0;7024;2011;74,1707;2017;6538;2017
4;16;73;73;73002;73002;Carosino;;TA;0;0;6832;2011;10,9347;2017;7007;2017
4;16;73;73;73003;73003;Castellaneta;;TA;0;0;17125;2011;242,3148;2017;16753;2017
4;16;73;73;73004;73004;Crispiano;;TA;0;0;13568;2011;112,3004;2017;13511;2017
4;16;73;73;73005;73005;Faggiano;;TA;0;0;3540;2011;21,0642;2017;3498;2017
4;16;73;73;73006;73006;Fragagnano;;TA;0;0;5353;2011;22,4128;2017;5218;2017
4;16;73;73;73007;73007;Ginosa;;TA;0;0;22582;2011;188,5030;2017;22036;2017
4;16;73;73;73008;73008;Grottaglie;;TA;0;0;32503;2011;102,1219;2017;31588;2017
4;16;73;73;73009;73009;Laterza;;TA;0;0;15296;2011;161,1716;2017;15067;2017
4;16;73;73;73010;73010;Leporano;;TA;0;0;7802;2011;15,3135;2017;8015;2017
4;16;73;73;73011;73011;Lizzano;;TA;0;0;10238;2011;47,1769;2017;9950;2017
4;16;73;73;73012;73012;Manduria;;TA;0;0;30921;2011;180,4069;2017;30742;2017
4;16;73;73;73013;73013;Martina Franca;;TA;0;0;49009;2011;298,7194;2017;48502;2017
4;16;73;73;73014;73014;Maruggio;;TA;0;0;5411;2011;49,0687;2017;5234;2017
4;16;73;73;73015;73015;Massafra;;TA;0;0;32381;2011;127,9935;2017;32320;2017
4;16;73;73;73016;73016;Monteiasi;;TA;0;0;5522;2011;9,7460;2017;5573;2017
4;16;73;73;73017;73017;Montemesola;;TA;0;0;4088;2011;16,4326;2017;3818;2017
4;16;73;73;73018;73018;Monteparano;;TA;0;0;2395;2011;3,8486;2017;2366;2017
4;16;73;73;73019;73019;Mottola;;TA;0;0;16241;2011;213,9603;2017;15734;2017
4;16;73;73;73020;73020;Palagianello;;TA;0;0;7854;2011;43,8616;2017;7724;2017
4;16;73;73;73021;73021;Palagiano;;TA;0;0;16052;2011;69,9641;2017;16036;2017
4;16;73;73;73022;73022;Pulsano;;TA;0;0;11062;2011;18,2690;2017;11497;2017
4;16;73;73;73023;73023;Roccaforzata;;TA;0;0;1823;2011;6,1453;2017;1806;2017
4;16;73;73;73024;73024;San Giorgio Ionico;;TA;0;0;15676;2011;23,5598;2017;14852;2017
4;16;73;73;73025;73025;San Marzano di San Giuseppe;;TA;0;0;9269;2011;19,1944;2017;9153;2017
4;16;73;73;73026;73026;Sava;;TA;0;0;16501;2011;44,5686;2017;15834;2017
4;16;73;73;73027;73027;Taranto;;TA;1;0;200154;2011;249,8582;2017;194227;2017
4;16;73;73;73028;73028;Torricella;;TA;0;0;4233;2011;26,9252;2017;4185;2017
4;16;73;73;73029;73029;Statte;;TA;0;0;14194;2011;67,3200;2017;13652;2017
4;16;74;74;74001;74001;Brindisi;;BR;1;0;88812;2011;333,0135;2017;86028;2017
4;16;74;74;74002;74002;Carovigno;;BR;0;0;15896;2011;106,6192;2017;17006;2017
4;16;74;74;74003;74003;Ceglie Messapica;;BR;0;0;20209;2011;132,0201;2017;19607;2017
4;16;74;74;74004;74004;Cellino San Marco;;BR;0;0;6799;2011;37,8384;2017;6500;2017
4;16;74;74;74005;74005;Cisternino;;BR;0;0;11745;2011;54,1688;2017;11471;2017
4;16;74;74;74006;74006;Erchie;;BR;0;0;8772;2011;44,6284;2017;8522;2017
4;16;74;74;74007;74007;Fasano;;BR;0;0;39482;2011;131,7854;2017;39099;2017
4;16;74;74;74008;74008;Francavilla Fontana;;BR;0;0;36955;2011;177,9378;2017;35993;2017
4;16;74;74;74009;74009;Latiano;;BR;0;0;15045;2011;55,3820;2017;14248;2017
4;16;74;74;74010;74010;Mesagne;;BR;0;0;27753;2011;124,0505;2017;26309;2017
4;16;74;74;74011;74011;Oria;;BR;0;0;15228;2011;83,6667;2017;14988;2017
4;16;74;74;74012;74012;Ostuni;;BR;0;0;31860;2011;225,5577;2017;31154;2017
4;16;74;74;74013;74013;San Donaci;;BR;0;0;6869;2011;34,0443;2017;6503;2017
4;16;74;74;74014;74014;San Michele Salentino;;BR;0;0;6371;2011;26,5343;2017;6219;2017
4;16;74;74;74015;74015;San Pancrazio Salentino;;BR;0;0;10289;2011;56,6779;2017;9857;2017
4;16;74;74;74016;74016;San Pietro Vernotico;;BR;0;0;13974;2011;46,9393;2017;13563;2017
4;16;74;74;74017;74017;San Vito dei Normanni;;BR;0;0;19620;2011;67,0790;2017;18754;2017
4;16;74;74;74018;74018;Torchiarolo;;BR;0;0;5461;2011;32,4790;2017;5369;2017
4;16;74;74;74019;74019;Torre Santa Susanna;;BR;0;0;10703;2011;55,7645;2017;10426;2017
4;16;74;74;74020;74020;Villa Castelli;;BR;0;0;8958;2011;35,1455;2017;9124;2017
4;16;75;75;75001;75001;Acquarica del Capo;;LE;0;0;4898;2011;18,6990;2017;4600;2017
4;16;75;75;75002;75002;Alessano;;LE;0;0;6480;2011;28,6923;2017;6342;2017
4;16;75;75;75003;75003;Alezio;;LE;0;0;5611;2011;16,7894;2017;5739;2017
4;16;75;75;75004;75004;Alliste;;LE;0;0;6657;2011;23,5298;2017;6615;2017
4;16;75;75;75005;75005;Andrano;;LE;0;0;4962;2011;15,7116;2017;4691;2017
4;16;75;75;75006;75006;Aradeo;;LE;0;0;9755;2011;8,5803;2017;9286;2017
4;16;75;75;75007;75007;Arnesano;;LE;0;0;3953;2011;13,5612;2017;4041;2017
4;16;75;75;75008;75008;Bagnolo del Salento;;LE;0;0;1879;2011;6,7446;2017;1817;2017
4;16;75;75;75009;75009;Botrugno;;LE;0;0;2851;2011;9,7498;2017;2731;2017
4;16;75;75;75010;75010;Calimera;;LE;0;0;7264;2011;11,1807;2017;6956;2017
4;16;75;75;75011;75011;Campi Salentina;;LE;0;0;10760;2011;45,8786;2017;10162;2017
4;16;75;75;75012;75012;Cannole;;LE;0;0;1754;2011;20,3484;2017;1680;2017
4;16;75;75;75013;75013;Caprarica di Lecce;;LE;0;0;2582;2011;10,7074;2017;2404;2017
4;16;75;75;75014;75014;Carmiano;;LE;0;0;12096;2011;24,2405;2017;11920;2017
4;16;75;75;75015;75015;Carpignano Salentino;;LE;0;0;3685;2011;48,9866;2017;3728;2017
4;16;75;75;75016;75016;Casarano;;LE;0;0;20489;2011;38,7274;2017;20012;2017
4;16;75;75;75017;75017;Castri di Lecce;;LE;0;0;2975;2011;12,9451;2017;2891;2017
4;16;75;75;75018;75018;Castrignano de' Greci;;LE;0;0;4070;2011;9,6246;2017;3879;2017
4;16;75;75;75019;75019;Castrignano del Capo;;LE;0;0;5334;2011;20,7689;2017;5238;2017
4;16;75;75;75020;75020;Cavallino;;LE;0;0;11913;2011;22,6543;2017;12649;2017
4;16;75;75;75021;75021;Collepasso;;LE;0;0;6352;2011;12,7891;2017;5944;2017
4;16;75;75;75022;75022;Copertino;;LE;0;0;23870;2011;58,5317;2017;23948;2017
4;16;75;75;75023;75023;Corigliano d'Otranto;;LE;0;0;5771;2011;28,4134;2017;5765;2017
4;16;75;75;75024;75024;Corsano;;LE;0;0;5632;2011;9,1202;2017;5384;2017
4;16;75;75;75025;75025;Cursi;;LE;0;0;4251;2011;8,3571;2017;4076;2017
4;16;75;75;75026;75026;Cutrofiano;;LE;0;0;9182;2011;56,8074;2017;8865;2017
4;16;75;75;75027;75027;Diso;;LE;0;0;3073;2011;11,4238;2017;2949;2017
4;16;75;75;75028;75028;Gagliano del Capo;;LE;0;0;5402;2011;16,5981;2017;5058;2017
4;16;75;75;75029;75029;Galatina;;LE;0;0;27214;2011;82,6466;2017;26535;2017
4;16;75;75;75030;75030;Galatone;;LE;0;0;15754;2011;47,0682;2017;15397;2017
4;16;75;75;75031;75031;Gallipoli;;LE;0;0;20398;2011;41,2188;2017;20532;2017
4;16;75;75;75032;75032;Giuggianello;;LE;0;0;1249;2011;10,2665;2017;1199;2017
4;16;75;75;75033;75033;Giurdignano;;LE;0;0;1928;2011;14,0433;2017;1935;2017
4;16;75;75;75034;75034;Guagnano;;LE;0;0;5900;2011;38,0291;2017;5697;2017
4;16;75;75;75035;75035;Lecce;;LE;1;0;89916;2011;238,8158;2017;94351;2017
4;16;75;75;75036;75036;Lequile;;LE;0;0;8624;2011;36,8041;2017;8559;2017
4;16;75;75;75037;75037;Leverano;;LE;0;0;14069;2011;49,5030;2017;14089;2017
4;16;75;75;75038;75038;Lizzanello;;LE;0;0;11549;2011;25,4162;2017;11683;2017
4;16;75;75;75039;75039;Maglie;;LE;0;0;14819;2011;22,6639;2017;14071;2017
4;16;75;75;75040;75040;Martano;;LE;0;0;9320;2011;22,2478;2017;8939;2017
4;16;75;75;75041;75041;Martignano;;LE;0;0;1730;2011;6,4921;2017;1641;2017
4;16;75;75;75042;75042;Matino;;LE;0;0;11704;2011;26,6286;2017;11390;2017
4;16;75;75;75043;75043;Melendugno;;LE;0;0;9646;2011;92,3099;2017;9911;2017
4;16;75;75;75044;75044;Melissano;;LE;0;0;7307;2011;12,5488;2017;7018;2017
4;16;75;75;75045;75045;Melpignano;;LE;0;0;2209;2011;11,1026;2017;2196;2017
4;16;75;75;75046;75046;Miggiano;;LE;0;0;3684;2011;7,7990;2017;3504;2017
4;16;75;75;75047;75047;Minervino di Lecce;;LE;0;0;3729;2011;18,1285;2017;3601;2017
4;16;75;75;75048;75048;Monteroni di Lecce;;LE;0;0;13881;2011;16,7428;2017;13848;2017
4;16;75;75;75049;75049;Montesano Salentino;;LE;0;0;2677;2011;8,5283;2017;2657;2017
4;16;75;75;75050;75050;Morciano di Leuca;;LE;0;0;3416;2011;13,5676;2017;3217;2017
4;16;75;75;75051;75051;Muro Leccese;;LE;0;0;5091;2011;16,7671;2017;4907;2017
4;16;75;75;75052;75052;Nardò;;LE;0;0;31688;2011;193,2643;2017;30973;2017
4;16;75;75;75053;75053;Neviano;;LE;0;0;5514;2011;16,3019;2017;5188;2017
4;16;75;75;75054;75054;Nociglia;;LE;0;0;2456;2011;11,1267;2017;2261;2017
4;16;75;75;75055;75055;Novoli;;LE;0;0;8211;2011;18,0457;2017;7932;2017
4;16;75;75;75056;75056;Ortelle;;LE;0;0;2359;2011;10,2252;2017;2382;2017
4;16;75;75;75057;75057;Otranto;;LE;0;0;5622;2011;77,1936;2017;5773;2017
4;16;75;75;75058;75058;Palmariggi;;LE;0;0;1554;2011;8,9724;2017;1495;2017
4;16;75;75;75059;75059;Parabita;;LE;0;0;9323;2011;21,0919;2017;8983;2017
4;16;75;75;75060;75060;Patù;;LE;0;0;1721;2011;8,6891;2017;1686;2017
4;16;75;75;75061;75061;Poggiardo;;LE;0;0;6119;2011;19,9594;2017;6008;2017
4;16;75;75;75062;75062;Presicce;;LE;0;0;5589;2011;24,3605;2017;5209;2017
4;16;75;75;75063;75063;Racale;;LE;0;0;10734;2011;24,2878;2017;10943;2017
4;16;75;75;75064;75064;Ruffano;;LE;0;0;9854;2011;39,7265;2017;9638;2017
4;16;75;75;75065;75065;Salice Salentino;;LE;0;0;8642;2011;59,8721;2017;8190;2017
4;16;75;75;75066;75066;Salve;;LE;0;0;4737;2011;33,0704;2017;4540;2017
4;16;75;75;75067;75067;Sanarica;;LE;0;0;1503;2011;13,0223;2017;1469;2017
4;16;75;75;75068;75068;San Cesario di Lecce;;LE;0;0;8297;2011;8,0889;2017;8131;2017
4;16;75;75;75069;75069;San Donato di Lecce;;LE;0;0;5792;2011;21,5772;2017;5591;2017
4;16;75;75;75070;75070;Sannicola;;LE;0;0;5902;2011;27,6390;2017;5834;2017
4;16;75;75;75071;75071;San Pietro in Lama;;LE;0;0;3600;2011;8,1977;2017;3509;2017
4;16;75;75;75072;75072;Santa Cesarea Terme;;LE;0;0;3032;2011;26,8239;2017;2960;2017
4;16;75;75;75073;75073;Scorrano;;LE;0;0;6975;2011;35,3303;2017;6939;2017
4;16;75;75;75074;75074;Seclì;;LE;0;0;1923;2011;8,7759;2017;1857;2017
4;16;75;75;75075;75075;Sogliano Cavour;;LE;0;0;4065;2011;5,3306;2017;4047;2017
4;16;75;75;75076;75076;Soleto;;LE;0;0;5542;2011;30,4551;2017;5421;2017
4;16;75;75;75077;75077;Specchia;;LE;0;0;4807;2011;25,0953;2017;4702;2017
4;16;75;75;75078;75078;Spongano;;LE;0;0;3742;2011;12,4246;2017;3626;2017
4;16;75;75;75079;75079;Squinzano;;LE;0;0;14482;2011;31,3741;2017;13846;2017
4;16;75;75;75080;75080;Sternatia;;LE;0;0;2426;2011;16,7645;2017;2265;2017
4;16;75;75;75081;75081;Supersano;;LE;0;0;4509;2011;36,4054;2017;4362;2017
4;16;75;75;75082;75082;Surano;;LE;0;0;1698;2011;8,9883;2017;1621;2017
4;16;75;75;75083;75083;Surbo;;LE;0;0;14849;2011;20,7829;2017;14799;2017
4;16;75;75;75084;75084;Taurisano;;LE;0;0;12643;2011;23,6797;2017;11663;2017
4;16;75;75;75085;75085;Taviano;;LE;0;0;12492;2011;22,1311;2017;11902;2017
4;16;75;75;75086;75086;Tiggiano;;LE;0;0;2931;2011;7,7107;2017;2786;2017
4;16;75;75;75087;75087;Trepuzzi;;LE;0;0;14277;2011;23,9139;2017;14298;2017
4;16;75;75;75088;75088;Tricase;;LE;0;0;17665;2011;43,3296;2017;17405;2017
4;16;75;75;75089;75089;Tuglie;;LE;0;0;5264;2011;8,5014;2017;5164;2017
4;16;75;75;75090;75090;Ugento;;LE;0;0;12001;2011;100,3960;2017;12288;2017
4;16;75;75;75091;75091;Uggiano la Chiesa;;LE;0;0;4479;2011;14,4580;2017;4385;2017
4;16;75;75;75092;75092;Veglie;;LE;0;0;14304;2011;62,3085;2017;13891;2017
4;16;75;75;75093;75093;Vernole;;LE;0;0;7296;2011;61,2746;2017;7035;2017
4;16;75;75;75094;75094;Zollino;;LE;0;0;2058;2011;9,9545;2017;1963;2017
4;16;75;75;75095;75095;San Cassiano;;LE;0;0;2105;2011;8,7747;2017;2025;2017
4;16;75;75;75096;75096;Castro;;LE;0;0;2473;2011;4,5637;2017;2388;2017
4;16;75;75;75097;75097;Porto Cesareo;;LE;0;0;5448;2011;35,1153;2017;6282;2017
4;17;76;76;76001;76001;Abriola;;PZ;0;0;1571;2011;97,1894;2017;1448;2017
4;17;76;76;76002;76002;Acerenza;;PZ;0;0;2553;2011;77,6422;2017;2340;2017
4;17;76;76;76003;76003;Albano di Lucania;;PZ;0;0;1474;2011;55,8735;2017;1399;2017
4;17;76;76;76004;76004;Anzi;;PZ;0;0;1765;2011;77,0954;2017;1645;2017
4;17;76;76;76005;76005;Armento;;PZ;0;0;679;2011;58,9765;2017;601;2017
4;17;76;76;76006;76006;Atella;;PZ;0;0;3863;2011;88,4769;2017;3777;2017
4;17;76;76;76007;76007;Avigliano;;PZ;0;0;11796;2011;85,4804;2017;11201;2017
4;17;76;76;76008;76008;Balvano;;PZ;0;0;1861;2011;42,1526;2017;1832;2017
4;17;76;76;76009;76009;Banzi;;PZ;0;0;1406;2011;83,0544;2017;1318;2017
4;17;76;76;76010;76010;Baragiano;;PZ;0;0;2675;2011;29,6030;2017;2608;2017
4;17;76;76;76011;76011;Barile;;PZ;0;0;2905;2011;24,1247;2017;2771;2017
4;17;76;76;76012;76012;Bella;;PZ;0;0;5240;2011;99,7113;2017;4975;2017
4;17;76;76;76013;76013;Brienza;;PZ;0;0;4082;2011;82,9325;2017;4008;2017
4;17;76;76;76014;76014;Brindisi Montagna;;PZ;0;0;925;2011;59,8776;2017;879;2017
4;17;76;76;76015;76015;Calvello;;PZ;0;0;1953;2011;106,3938;2017;1905;2017
4;17;76;76;76016;76016;Calvera;;PZ;0;0;430;2011;16,0061;2017;381;2017
4;17;76;76;76017;76017;Campomaggiore;;PZ;0;0;851;2011;12,4751;2017;784;2017
4;17;76;76;76018;76018;Cancellara;;PZ;0;0;1396;2011;42,4985;2017;1274;2017
4;17;76;76;76019;76019;Carbone;;PZ;0;0;705;2011;48,5290;2017;605;2017
4;17;76;76;76020;76020;San Paolo Albanese;;PZ;0;0;306;2011;30,2232;2017;264;2017
4;17;76;76;76021;76021;Castelgrande;;PZ;0;0;1018;2011;34,8983;2017;908;2017
4;17;76;76;76022;76022;Castelluccio Inferiore;;PZ;0;0;2179;2011;28,9630;2017;2063;2017
4;17;76;76;76023;76023;Castelluccio Superiore;;PZ;0;0;860;2011;32,9788;2017;788;2017
4;17;76;76;76024;76024;Castelmezzano;;PZ;0;0;852;2011;33,9081;2017;793;2017
4;17;76;76;76025;76025;Castelsaraceno;;PZ;0;0;1480;2011;74,7742;2017;1350;2017
4;17;76;76;76026;76026;Castronuovo di Sant'Andrea;;PZ;0;0;1138;2011;47,4521;2017;1019;2017
4;17;76;76;76027;76027;Cersosimo;;PZ;0;0;718;2011;24,7426;2017;618;2017
4;17;76;76;76028;76028;Chiaromonte;;PZ;0;0;1954;2011;70,0175;2017;1937;2017
4;17;76;76;76029;76029;Corleto Perticara;;PZ;0;0;2607;2011;89,3392;2017;2515;2017
4;17;76;76;76030;76030;Episcopia;;PZ;0;0;1467;2011;28,6440;2017;1386;2017
4;17;76;76;76031;76031;Fardella;;PZ;0;0;625;2011;29,0762;2017;639;2017
4;17;76;76;76032;76032;Filiano;;PZ;0;0;3089;2011;71,8087;2017;2872;2017
4;17;76;76;76033;76033;Forenza;;PZ;0;0;2209;2011;116,3055;2017;1992;2017
4;17;76;76;76034;76034;Francavilla in Sinni;;PZ;0;0;4282;2011;46,8176;2017;4176;2017
4;17;76;76;76035;76035;Gallicchio;;PZ;0;0;894;2011;23,6307;2017;885;2017
4;17;76;76;76036;76036;Genzano di Lucania;;PZ;0;0;5915;2011;208,9252;2017;5671;2017
4;17;76;76;76037;76037;Grumento Nova;;PZ;0;0;1704;2011;66,6494;2017;1686;2017
4;17;76;76;76038;76038;Guardia Perticara;;PZ;0;0;580;2011;53,6795;2017;537;2017
4;17;76;76;76039;76039;Lagonegro;;PZ;0;0;5725;2011;113,0670;2017;5298;2017
4;17;76;76;76040;76040;Latronico;;PZ;0;0;4748;2011;76,6582;2017;4427;2017
4;17;76;76;76041;76041;Laurenzana;;PZ;0;0;1944;2011;95,7074;2017;1732;2017
4;17;76;76;76042;76042;Lauria;;PZ;0;0;13262;2011;176,6271;2017;12614;2017
4;17;76;76;76043;76043;Lavello;;PZ;0;0;13590;2011;134,6546;2017;13233;2017
4;17;76;76;76044;76044;Maratea;;PZ;0;0;5150;2011;67,8354;2017;5039;2017
4;17;76;76;76045;76045;Marsico Nuovo;;PZ;0;0;4358;2011;100,9652;2017;4065;2017
4;17;76;76;76046;76046;Marsicovetere;;PZ;0;0;5341;2011;38,0116;2017;5526;2017
4;17;76;76;76047;76047;Maschito;;PZ;0;0;1730;2011;45,8173;2017;1616;2017
4;17;76;76;76048;76048;Melfi;;PZ;0;0;17425;2011;206,2060;2017;17579;2017
4;17;76;76;76049;76049;Missanello;;PZ;0;0;548;2011;22,3407;2017;554;2017
4;17;76;76;76050;76050;Moliterno;;PZ;0;0;4182;2011;98,5528;2017;3908;2017
4;17;76;76;76051;76051;Montemilone;;PZ;0;0;1725;2011;114,1330;2017;1547;2017
4;17;76;76;76052;76052;Montemurro;;PZ;0;0;1312;2011;56,8705;2017;1215;2017
4;17;76;76;76053;76053;Muro Lucano;;PZ;0;0;5568;2011;126,1840;2017;5316;2017
4;17;76;76;76054;76054;Nemoli;;PZ;0;0;1512;2011;19,4925;2017;1460;2017
4;17;76;76;76055;76055;Noepoli;;PZ;0;0;974;2011;46,7094;2017;846;2017
4;17;76;76;76056;76056;Oppido Lucano;;PZ;0;0;3860;2011;54,8779;2017;3709;2017
4;17;76;76;76057;76057;Palazzo San Gervasio;;PZ;0;0;5027;2011;62,9102;2017;4795;2017
4;17;76;76;76058;76058;Pescopagano;;PZ;0;0;2022;2011;69,8342;2017;1840;2017
4;17;76;76;76059;76059;Picerno;;PZ;0;0;6080;2011;78,5089;2017;5808;2017
4;17;76;76;76060;76060;Pietragalla;;PZ;0;0;4267;2011;66,0977;2017;4008;2017
4;17;76;76;76061;76061;Pietrapertosa;;PZ;0;0;1108;2011;67,7025;2017;983;2017
4;17;76;76;76062;76062;Pignola;;PZ;0;0;6699;2011;56,2350;2017;6887;2017
4;17;76;76;76063;76063;Potenza;;PZ;1;1;66777;2011;175,4318;2017;66979;2017
4;17;76;76;76064;76064;Rapolla;;PZ;0;0;4430;2011;29,8734;2017;4300;2017
4;17;76;76;76065;76065;Rapone;;PZ;0;0;1013;2011;29,5060;2017;946;2017
4;17;76;76;76066;76066;Rionero in Vulture;;PZ;0;0;13444;2011;53,5181;2017;12983;2017
4;17;76;76;76067;76067;Ripacandida;;PZ;0;0;1733;2011;33,4848;2017;1716;2017
4;17;76;76;76068;76068;Rivello;;PZ;0;0;2843;2011;69,5848;2017;2724;2017
4;17;76;76;76069;76069;Roccanova;;PZ;0;0;1644;2011;61,7351;2017;1465;2017
4;17;76;76;76070;76070;Rotonda;;PZ;0;0;3519;2011;42,9226;2017;3431;2017
4;17;76;76;76071;76071;Ruoti;;PZ;0;0;3542;2011;55,4508;2017;3530;2017
4;17;76;76;76072;76072;Ruvo del Monte;;PZ;0;0;1099;2011;32,6210;2017;1051;2017
4;17;76;76;76073;76073;San Chirico Nuovo;;PZ;0;0;1475;2011;23,3938;2017;1333;2017
4;17;76;76;76074;76074;San Chirico Raparo;;PZ;0;0;1161;2011;84,0711;2017;1037;2017
4;17;76;76;76075;76075;San Costantino Albanese;;PZ;0;0;778;2011;43,2479;2017;683;2017
4;17;76;76;76076;76076;San Fele;;PZ;0;0;3168;2011;97,6989;2017;2899;2017
4;17;76;76;76077;76077;San Martino d'Agri;;PZ;0;0;825;2011;50,3893;2017;751;2017
4;17;76;76;76078;76078;San Severino Lucano;;PZ;0;0;1667;2011;61,1583;2017;1508;2017
4;17;76;76;76079;76079;Sant'Angelo Le Fratte;;PZ;0;0;1457;2011;23,1067;2017;1372;2017
4;17;76;76;76080;76080;Sant'Arcangelo;;PZ;0;0;6506;2011;89,0963;2017;6466;2017
4;17;76;76;76081;76081;Sarconi;;PZ;0;0;1362;2011;30,6860;2017;1405;2017
4;17;76;76;76082;76082;Sasso di Castalda;;PZ;0;0;831;2011;45,4313;2017;807;2017
4;17;76;76;76083;76083;Satriano di Lucania;;PZ;0;0;2406;2011;32,9008;2017;2326;2017
4;17;76;76;76084;76084;Savoia di Lucania;;PZ;0;0;1148;2011;32,8373;2017;1086;2017
4;17;76;76;76085;76085;Senise;;PZ;0;0;7127;2011;97,3049;2017;6941;2017
4;17;76;76;76086;76086;Spinoso;;PZ;0;0;1555;2011;38,1821;2017;1418;2017
4;17;76;76;76087;76087;Teana;;PZ;0;0;645;2011;19,2982;2017;587;2017
4;17;76;76;76088;76088;Terranova di Pollino;;PZ;0;0;1324;2011;113,0690;2017;1129;2017
4;17;76;76;76089;76089;Tito;;PZ;0;0;7172;2011;71,2665;2017;7319;2017
4;17;76;76;76090;76090;Tolve;;PZ;0;0;3361;2011;128,6832;2017;3173;2017
4;17;76;76;76091;76091;Tramutola;;PZ;0;0;3155;2011;36,6436;2017;3039;2017
4;17;76;76;76092;76092;Trecchina;;PZ;0;0;2322;2011;38,1885;2017;2263;2017
4;17;76;76;76093;76093;Trivigno;;PZ;0;0;714;2011;25,9965;2017;660;2017
4;17;76;76;76094;76094;Vaglio Basilicata;;PZ;0;0;2074;2011;43,3628;2017;2003;2017
4;17;76;76;76095;76095;Venosa;;PZ;0;0;12167;2011;170,3885;2017;11617;2017
4;17;76;76;76096;76096;Vietri di Potenza;;PZ;0;0;2917;2011;52,2410;2017;2763;2017
4;17;76;76;76097;76097;Viggianello;;PZ;0;0;3124;2011;120,8270;2017;2943;2017
4;17;76;76;76098;76098;Viggiano;;PZ;0;0;3122;2011;89,6975;2017;3346;2017
4;17;76;76;76099;76099;Ginestra;;PZ;0;0;741;2011;13,3184;2017;745;2017
4;17;76;76;76100;76100;Paterno;;PZ;0;0;3423;2011;40,7355;2017;3304;2017
4;17;77;77;77001;77001;Accettura;;MT;0;0;1980;2011;90,3668;2017;1809;2017
4;17;77;77;77002;77002;Aliano;;MT;0;0;1082;2011;98,4081;2017;961;2017
4;17;77;77;77003;77003;Bernalda;;MT;0;0;12264;2011;126,1966;2017;12103;2017
4;17;77;77;77004;77004;Calciano;;MT;0;0;796;2011;49,6912;2017;739;2017
4;17;77;77;77005;77005;Cirigliano;;MT;0;0;361;2011;14,9042;2017;336;2017
4;17;77;77;77006;77006;Colobraro;;MT;0;0;1342;2011;66,6099;2017;1189;2017
4;17;77;77;77007;77007;Craco;;MT;0;0;766;2011;77,0417;2017;690;2017
4;17;77;77;77008;77008;Ferrandina;;MT;0;0;8973;2011;218,1083;2017;8527;2017
4;17;77;77;77009;77009;Garaguso;;MT;0;0;1134;2011;38,6109;2017;1041;2017
4;17;77;77;77010;77010;Gorgoglione;;MT;0;0;1053;2011;34,9256;2017;955;2017
4;17;77;77;77011;77011;Grassano;;MT;0;0;5395;2011;41,6299;2017;5020;2017
4;17;77;77;77012;77012;Grottole;;MT;0;0;2371;2011;117,1502;2017;2196;2017
4;17;77;77;77013;77013;Irsina;;MT;0;0;5100;2011;263,4530;2017;4870;2017
4;17;77;77;77014;77014;Matera;;MT;1;0;59796;2011;392,0810;2017;60427;2017
4;17;77;77;77015;77015;Miglionico;;MT;0;0;2543;2011;88,8385;2017;2449;2017
4;17;77;77;77016;77016;Montalbano Jonico;;MT;0;0;7427;2011;135,9956;2017;7067;2017
4;17;77;77;77017;77017;Montescaglioso;;MT;0;0;10102;2011;175,7987;2017;9760;2017
4;17;77;77;77018;77018;Nova Siri;;MT;0;0;6596;2011;52,7498;2017;6695;2017
4;17;77;77;77019;77019;Oliveto Lucano;;MT;0;0;494;2011;31,1844;2017;419;2017
4;17;77;77;77020;77020;Pisticci;;MT;0;0;17361;2011;233,6684;2017;17145;2017
4;17;77;77;77021;77021;Policoro;;MT;0;0;15976;2011;67,6564;2017;17556;2017
4;17;77;77;77022;77022;Pomarico;;MT;0;0;4238;2011;129,6666;2017;4078;2017
4;17;77;77;77023;77023;Rotondella;;MT;0;0;2707;2011;76,7161;2017;2580;2017
4;17;77;77;77024;77024;Salandra;;MT;0;0;2934;2011;77,4371;2017;2733;2017
4;17;77;77;77025;77025;San Giorgio Lucano;;MT;0;0;1290;2011;39,2579;2017;1157;2017
4;17;77;77;77026;77026;San Mauro Forte;;MT;0;0;1710;2011;87,0579;2017;1443;2017
4;17;77;77;77027;77027;Stigliano;;MT;0;0;4685;2011;211,1428;2017;4071;2017
4;17;77;77;77028;77028;Tricarico;;MT;0;0;5669;2011;178,1606;2017;5150;2017
4;17;77;77;77029;77029;Tursi;;MT;0;0;5151;2011;159,9300;2017;4922;2017
4;17;77;77;77030;77030;Valsinni;;MT;0;0;1634;2011;32,2192;2017;1477;2017
4;17;77;77;77031;77031;Scanzano Jonico;;MT;0;0;7171;2011;72,1780;2017;7500;2017
4;18;78;78;78001;78001;Acquaformosa;;CS;0;0;1161;2011;22,7052;2017;1113;2017
4;18;78;78;78002;78002;Acquappesa;;CS;0;0;1910;2011;14,4536;2017;1810;2017
4;18;78;78;78003;78003;Acri;;CS;0;0;21458;2011;200,6273;2017;20401;2017
4;18;78;78;78004;78004;Aiello Calabro;;CS;0;0;1907;2011;38,5059;2017;1642;2017
4;18;78;78;78005;78005;Aieta;;CS;0;0;839;2011;48,2952;2017;778;2017
4;18;78;78;78006;78006;Albidona;;CS;0;0;1463;2011;64,6690;2017;1296;2017
4;18;78;78;78007;78007;Alessandria del Carretto;;CS;0;0;530;2011;41,1120;2017;426;2017
4;18;78;78;78008;78008;Altilia;;CS;0;0;737;2011;10,5604;2017;695;2017
4;18;78;78;78009;78009;Altomonte;;CS;0;0;4341;2011;65,7159;2017;4232;2017
4;18;78;78;78010;78010;Amantea;;CS;0;0;13754;2011;29,4560;2017;13864;2017
4;18;78;78;78011;78011;Amendolara;;CS;0;0;3001;2011;60,9084;2017;2901;2017
4;18;78;78;78012;78012;Aprigliano;;CS;0;0;2968;2011;122,4229;2017;2664;2017
4;18;78;78;78013;78013;Belmonte Calabro;;CS;0;0;2007;2011;23,9782;2017;1909;2017
4;18;78;78;78014;78014;Belsito;;CS;0;0;958;2011;11,5532;2017;930;2017
4;18;78;78;78015;78015;Belvedere Marittimo;;CS;0;0;9120;2011;37,0850;2017;9124;2017
4;18;78;78;78016;78016;Bianchi;;CS;0;0;1367;2011;33,3199;2017;1264;2017
4;18;78;78;78017;78017;Bisignano;;CS;0;0;10335;2011;86,1967;2017;10092;2017
4;18;78;78;78018;78018;Bocchigliero;;CS;0;0;1479;2011;98,8185;2017;1256;2017
4;18;78;78;78019;78019;Bonifati;;CS;0;0;2912;2011;33,8466;2017;2724;2017
4;18;78;78;78020;78020;Buonvicino;;CS;0;0;2354;2011;30,5945;2017;2231;2017
4;18;78;78;78021;78021;Calopezzati;;CS;0;0;1293;2011;22,5740;2017;1314;2017
4;18;78;78;78022;78022;Caloveto;;CS;0;0;1283;2011;24,9642;2017;1208;2017
4;18;78;78;78023;78023;Campana;;CS;0;0;1962;2011;104,6457;2017;1717;2017
4;18;78;78;78024;78024;Canna;;CS;0;0;785;2011;20,3671;2017;698;2017
4;18;78;78;78025;78025;Cariati;;CS;0;0;8644;2011;28,8228;2017;7950;2017
4;18;78;78;78026;78026;Carolei;;CS;0;0;3462;2011;15,4296;2017;3367;2017
4;18;78;78;78027;78027;Carpanzano;;CS;0;0;300;2011;14,2733;2017;235;2017
4;18;78;78;78029;78029;Cassano all'Ionio;;CS;0;0;17281;2011;159,0676;2017;17411;2017
4;18;78;78;78030;78030;Castiglione Cosentino;;CS;0;0;2978;2011;14,0869;2017;2886;2017
4;18;78;78;78031;78031;Castrolibero;;CS;0;0;9967;2011;11,5571;2017;9714;2017
4;18;78;78;78032;78032;Castroregio;;CS;0;0;345;2011;42,0574;2017;271;2017
4;18;78;78;78033;78033;Castrovillari;;CS;0;0;22515;2011;130,6354;2017;21980;2017
4;18;78;78;78034;78034;Celico;;CS;0;0;2883;2011;99,7468;2017;2822;2017
4;18;78;78;78035;78035;Cellara;;CS;0;0;511;2011;5,8584;2017;491;2017
4;18;78;78;78036;78036;Cerchiara di Calabria;;CS;0;0;2467;2011;81,9632;2017;2355;2017
4;18;78;78;78037;78037;Cerisano;;CS;0;0;3271;2011;15,3177;2017;3096;2017
4;18;78;78;78038;78038;Cervicati;;CS;0;0;888;2011;12,0861;2017;810;2017
4;18;78;78;78039;78039;Cerzeto;;CS;0;0;1328;2011;21,8954;2017;1345;2017
4;18;78;78;78040;78040;Cetraro;;CS;0;0;10260;2011;66,1416;2017;9863;2017
4;18;78;78;78041;78041;Civita;;CS;0;0;956;2011;27,6187;2017;914;2017
4;18;78;78;78042;78042;Cleto;;CS;0;0;1320;2011;18,9840;2017;1251;2017
4;18;78;78;78043;78043;Colosimi;;CS;0;0;1313;2011;25,5793;2017;1240;2017
4;18;78;78;78044;78044;Corigliano Calabro;;CS;0;0;38501;2011;195,6399;2017;39643;2017
4;18;78;78;78045;78045;Cosenza;;CS;1;0;69484;2011;37,8605;2017;66333;2017
4;18;78;78;78046;78046;Cropalati;;CS;0;0;1097;2011;33,6973;2017;1040;2017
4;18;78;78;78047;78047;Crosia;;CS;0;0;9481;2011;21,1022;2017;9663;2017
4;18;78;78;78048;78048;Diamante;;CS;0;0;5055;2011;12,2068;2017;5198;2017
4;18;78;78;78049;78049;Dipignano;;CS;0;0;4440;2011;23,3725;2017;4354;2017
4;18;78;78;78050;78050;Domanico;;CS;0;0;943;2011;23,6617;2017;924;2017
4;18;78;78;78051;78051;Fagnano Castello;;CS;0;0;3949;2011;29,6743;2017;3782;2017
4;18;78;78;78052;78052;Falconara Albanese;;CS;0;0;1405;2011;19,2708;2017;1395;2017
4;18;78;78;78053;78053;Figline Vegliaturo;;CS;0;0;1097;2011;4,1646;2017;1113;2017
4;18;78;78;78054;78054;Firmo;;CS;0;0;2184;2011;11,7008;2017;2017;2017
4;18;78;78;78055;78055;Fiumefreddo Bruzio;;CS;0;0;3078;2011;32,0600;2017;2918;2017
4;18;78;78;78056;78056;Francavilla Marittima;;CS;0;0;3025;2011;33,0161;2017;2848;2017
4;18;78;78;78057;78057;Frascineto;;CS;0;0;2239;2011;29,1137;2017;2056;2017
4;18;78;78;78058;78058;Fuscaldo;;CS;0;0;8072;2011;60,7961;2017;7968;2017
4;18;78;78;78059;78059;Grimaldi;;CS;0;0;1739;2011;24,7085;2017;1623;2017
4;18;78;78;78060;78060;Grisolia;;CS;0;0;2310;2011;51,7482;2017;2217;2017
4;18;78;78;78061;78061;Guardia Piemontese;;CS;0;0;1895;2011;21,4629;2017;1824;2017
4;18;78;78;78062;78062;Lago;;CS;0;0;2689;2011;49,9546;2017;2474;2017
4;18;78;78;78063;78063;Laino Borgo;;CS;0;0;2027;2011;57,0811;2017;1865;2017
4;18;78;78;78064;78064;Laino Castello;;CS;0;0;879;2011;37,3359;2017;804;2017
4;18;78;78;78065;78065;Lappano;;CS;0;0;986;2011;12,2096;2017;923;2017
4;18;78;78;78066;78066;Lattarico;;CS;0;0;4058;2011;43,9328;2017;3921;2017
4;18;78;78;78067;78067;Longobardi;;CS;0;0;2256;2011;18,2379;2017;2266;2017
4;18;78;78;78068;78068;Longobucco;;CS;0;0;3479;2011;212,2541;2017;3000;2017
4;18;78;78;78069;78069;Lungro;;CS;0;0;2517;2011;35,6500;2017;2413;2017
4;18;78;78;78070;78070;Luzzi;;CS;0;0;9568;2011;77,6003;2017;9140;2017
4;18;78;78;78071;78071;Maierà;;CS;0;0;1231;2011;17,7812;2017;1228;2017
4;18;78;78;78072;78072;Malito;;CS;0;0;812;2011;16,9158;2017;767;2017
4;18;78;78;78073;78073;Malvito;;CS;0;0;1867;2011;38,2373;2017;1740;2017
4;18;78;78;78074;78074;Mandatoriccio;;CS;0;0;2900;2011;37,3158;2017;2709;2017
4;18;78;78;78075;78075;Mangone;;CS;0;0;1823;2011;12,2730;2017;1864;2017
4;18;78;78;78076;78076;Marano Marchesato;;CS;0;0;3474;2011;5,0425;2017;3424;2017
4;18;78;78;78077;78077;Marano Principato;;CS;0;0;3119;2011;6,3222;2017;3150;2017
4;18;78;78;78078;78078;Marzi;;CS;0;0;996;2011;15,8110;2017;981;2017
4;18;78;78;78079;78079;Mendicino;;CS;0;0;9238;2011;35,6846;2017;9363;2017
4;18;78;78;78080;78080;Mongrassano;;CS;0;0;1661;2011;35,1555;2017;1560;2017
4;18;78;78;78081;78081;Montalto Uffugo;;CS;0;0;18168;2011;76,6698;2017;20125;2017
4;18;78;78;78082;78082;Montegiordano;;CS;0;0;1988;2011;35,8744;2017;1794;2017
4;18;78;78;78083;78083;Morano Calabro;;CS;0;0;4615;2011;116,2522;2017;4424;2017
4;18;78;78;78084;78084;Mormanno;;CS;0;0;3264;2011;78,8798;2017;2968;2017
4;18;78;78;78085;78085;Mottafollone;;CS;0;0;1274;2011;31,5829;2017;1213;2017
4;18;78;78;78086;78086;Nocara;;CS;0;0;422;2011;34,0460;2017;373;2017
4;18;78;78;78087;78087;Oriolo;;CS;0;0;2386;2011;85,6014;2017;2091;2017
4;18;78;78;78088;78088;Orsomarso;;CS;0;0;1338;2011;90,4127;2017;1244;2017
4;18;78;78;78089;78089;Paludi;;CS;0;0;1134;2011;41,7394;2017;1034;2017
4;18;78;78;78090;78090;Panettieri;;CS;0;0;345;2011;14,6663;2017;339;2017
4;18;78;78;78091;78091;Paola;;CS;0;0;16416;2011;42,8807;2017;15652;2017
4;18;78;78;78092;78092;Papasidero;;CS;0;0;808;2011;55,2168;2017;691;2017
4;18;78;78;78093;78093;Parenti;;CS;0;0;2249;2011;37,6176;2017;2130;2017
4;18;78;78;78094;78094;Paterno Calabro;;CS;0;0;1366;2011;24,2016;2017;1355;2017
4;18;78;78;78096;78096;Pedivigliano;;CS;0;0;878;2011;16,6546;2017;794;2017
4;18;78;78;78097;78097;Piane Crati;;CS;0;0;1414;2011;2,3317;2017;1406;2017
4;18;78;78;78098;78098;Pietrafitta;;CS;0;0;1377;2011;9,2390;2017;1252;2017
4;18;78;78;78099;78099;Pietrapaola;;CS;0;0;1173;2011;52,8163;2017;1092;2017
4;18;78;78;78100;78100;Plataci;;CS;0;0;830;2011;49,4092;2017;738;2017
4;18;78;78;78101;78101;Praia a Mare;;CS;0;0;6496;2011;23,5918;2017;6661;2017
4;18;78;78;78102;78102;Rende;;CS;0;0;33555;2011;55,2809;2017;35172;2017
4;18;78;78;78103;78103;Rocca Imperiale;;CS;0;0;3292;2011;55,0290;2017;3296;2017
4;18;78;78;78104;78104;Roggiano Gravina;;CS;0;0;7228;2011;44,8772;2017;7065;2017
4;18;78;78;78105;78105;Rogliano;;CS;0;0;5697;2011;41,6841;2017;5783;2017
4;18;78;78;78106;78106;Rose;;CS;0;0;4316;2011;47,4913;2017;4325;2017
4;18;78;78;78107;78107;Roseto Capo Spulico;;CS;0;0;1873;2011;30,6600;2017;1891;2017
4;18;78;78;78108;78108;Rossano;;CS;0;0;36347;2011;150,9125;2017;35797;2017
4;18;78;78;78109;78109;Rota Greca;;CS;0;0;1178;2011;13,1240;2017;1086;2017
4;18;78;78;78110;78110;Rovito;;CS;0;0;3078;2011;10,6823;2017;3157;2017
4;18;78;78;78111;78111;San Basile;;CS;0;0;1065;2011;18,6715;2017;1041;2017
4;18;78;78;78112;78112;San Benedetto Ullano;;CS;0;0;1598;2011;19,5715;2017;1494;2017
4;18;78;78;78113;78113;San Cosmo Albanese;;CS;0;0;629;2011;11,5719;2017;588;2017
4;18;78;78;78114;78114;San Demetrio Corone;;CS;0;0;3665;2011;61,8737;2017;3440;2017
4;18;78;78;78115;78115;San Donato di Ninea;;CS;0;0;1491;2011;82,3970;2017;1291;2017
4;18;78;78;78116;78116;San Fili;;CS;0;0;2715;2011;20,9596;2017;2648;2017
4;18;78;78;78117;78117;Sangineto;;CS;0;0;1337;2011;27,5092;2017;1271;2017
4;18;78;78;78118;78118;San Giorgio Albanese;;CS;0;0;1555;2011;22,6832;2017;1410;2017
4;18;78;78;78119;78119;San Giovanni in Fiore;;CS;0;0;17912;2011;282,5284;2017;16970;2017
4;18;78;78;78120;78120;San Lorenzo Bellizzi;;CS;0;0;746;2011;40,6282;2017;619;2017
4;18;78;78;78121;78121;San Lorenzo del Vallo;;CS;0;0;3465;2011;22,9284;2017;3329;2017
4;18;78;78;78122;78122;San Lucido;;CS;0;0;5940;2011;27,1183;2017;5796;2017
4;18;78;78;78123;78123;San Marco Argentano;;CS;0;0;7282;2011;80,4949;2017;7233;2017
4;18;78;78;78124;78124;San Martino di Finita;;CS;0;0;1207;2011;23,8985;2017;1005;2017
4;18;78;78;78125;78125;San Nicola Arcella;;CS;0;0;1751;2011;11,6934;2017;1883;2017
4;18;78;78;78126;78126;San Pietro in Amantea;;CS;0;0;534;2011;9,8441;2017;484;2017
4;18;78;78;78127;78127;San Pietro in Guarano;;CS;0;0;3649;2011;48,3442;2017;3592;2017
4;18;78;78;78128;78128;San Sosti;;CS;0;0;2200;2011;43,5465;2017;2143;2017
4;18;78;78;78129;78129;Santa Caterina Albanese;;CS;0;0;1244;2011;17,3426;2017;1185;2017
4;18;78;78;78130;78130;Santa Domenica Talao;;CS;0;0;1272;2011;36,1160;2017;1185;2017
4;18;78;78;78131;78131;Sant'Agata di Esaro;;CS;0;0;1990;2011;47,6249;2017;1844;2017
4;18;78;78;78132;78132;Santa Maria del Cedro;;CS;0;0;4897;2011;18,4204;2017;4872;2017
4;18;78;78;78133;78133;Santa Sofia d'Epiro;;CS;0;0;2748;2011;39,2169;2017;2497;2017
4;18;78;78;78134;78134;Santo Stefano di Rogliano;;CS;0;0;1640;2011;19,5644;2017;1707;2017
4;18;78;78;78135;78135;San Vincenzo La Costa;;CS;0;0;2158;2011;18,4163;2017;2102;2017
4;18;78;78;78136;78136;Saracena;;CS;0;0;3964;2011;109,1501;2017;3729;2017
4;18;78;78;78137;78137;Scala Coeli;;CS;0;0;1141;2011;67,4966;2017;945;2017
4;18;78;78;78138;78138;Scalea;;CS;0;0;10152;2011;22,5554;2017;10901;2017
4;18;78;78;78139;78139;Scigliano;;CS;0;0;1308;2011;17,4634;2017;1205;2017
4;18;78;78;78140;78140;Serra d'Aiello;;CS;0;0;549;2011;4,5118;2017;508;2017
4;18;78;78;78142;78142;Spezzano Albanese;;CS;0;0;7157;2011;32,2636;2017;6916;2017
4;18;78;78;78143;78143;Spezzano della Sila;;CS;0;0;4490;2011;80,2874;2017;4516;2017
4;18;78;78;78145;78145;Tarsia;;CS;0;0;2139;2011;48,2778;2017;2025;2017
4;18;78;78;78146;78146;Terranova da Sibari;;CS;0;0;4999;2011;43,4561;2017;4816;2017
4;18;78;78;78147;78147;Terravecchia;;CS;0;0;1019;2011;20,1208;2017;713;2017
4;18;78;78;78148;78148;Torano Castello;;CS;0;0;4573;2011;30,2216;2017;4519;2017
4;18;78;78;78149;78149;Tortora;;CS;0;0;5997;2011;58,2150;2017;6059;2017
4;18;78;78;78150;78150;Trebisacce;;CS;0;0;8734;2011;26,7168;2017;9041;2017
4;18;78;78;78152;78152;Vaccarizzo Albanese;;CS;0;0;1184;2011;8,5337;2017;1073;2017
4;18;78;78;78153;78153;Verbicaro;;CS;0;0;3212;2011;32,6418;2017;2930;2017
4;18;78;78;78154;78154;Villapiana;;CS;0;0;5181;2011;39,7330;2017;5316;2017
4;18;78;78;78155;78155;Zumpano;;CS;0;0;2468;2011;8,0838;2017;2588;2017
4;18;78;78;78156;78156;Casali del Manco;;CS;0;0;10381;2011;168,9546;2017;9967;2017
4;18;79;79;79002;79002;Albi;;CZ;0;0;1010;2011;29,6368;2017;913;2017
4;18;79;79;79003;79003;Amaroni;;CZ;0;0;1885;2011;9,8829;2017;1785;2017
4;18;79;79;79004;79004;Amato;;CZ;0;0;837;2011;20,9328;2017;801;2017
4;18;79;79;79005;79005;Andali;;CZ;0;0;795;2011;17,8675;2017;719;2017
4;18;79;79;79007;79007;Argusto;;CZ;0;0;529;2011;6,8792;2017;510;2017
4;18;79;79;79008;79008;Badolato;;CZ;0;0;3183;2011;37,0665;2017;2962;2017
4;18;79;79;79009;79009;Belcastro;;CZ;0;0;1400;2011;53,5570;2017;1324;2017
4;18;79;79;79011;79011;Borgia;;CZ;0;0;7418;2011;42,3744;2017;7423;2017
4;18;79;79;79012;79012;Botricello;;CZ;0;0;4906;2011;15,4779;2017;5186;2017
4;18;79;79;79017;79017;Caraffa di Catanzaro;;CZ;0;0;1960;2011;25,0502;2017;1808;2017
4;18;79;79;79018;79018;Cardinale;;CZ;0;0;2334;2011;30,1190;2017;2049;2017
4;18;79;79;79020;79020;Carlopoli;;CZ;0;0;1622;2011;16,4125;2017;1523;2017
4;18;79;79;79023;79023;Catanzaro;;CZ;1;1;89364;2011;112,7223;2017;88615;2017
4;18;79;79;79024;79024;Cenadi;;CZ;0;0;598;2011;11,9153;2017;548;2017
4;18;79;79;79025;79025;Centrache;;CZ;0;0;415;2011;7,9582;2017;388;2017
4;18;79;79;79027;79027;Cerva;;CZ;0;0;1269;2011;21,3688;2017;1168;2017
4;18;79;79;79029;79029;Chiaravalle Centrale;;CZ;0;0;5883;2011;23,8247;2017;5439;2017
4;18;79;79;79030;79030;Cicala;;CZ;0;0;1008;2011;9,2845;2017;952;2017
4;18;79;79;79033;79033;Conflenti;;CZ;0;0;1437;2011;29,3399;2017;1388;2017
4;18;79;79;79034;79034;Cortale;;CZ;0;0;2217;2011;30,0099;2017;2044;2017
4;18;79;79;79036;79036;Cropani;;CZ;0;0;4306;2011;44,8062;2017;4679;2017
4;18;79;79;79039;79039;Curinga;;CZ;0;0;6708;2011;52,5252;2017;6684;2017
4;18;79;79;79042;79042;Davoli;;CZ;0;0;5407;2011;25,0251;2017;5466;2017
4;18;79;79;79043;79043;Decollatura;;CZ;0;0;3252;2011;50,8301;2017;3088;2017
4;18;79;79;79047;79047;Falerna;;CZ;0;0;3801;2011;24,0411;2017;3801;2017
4;18;79;79;79048;79048;Feroleto Antico;;CZ;0;0;2087;2011;22,3812;2017;2100;2017
4;18;79;79;79052;79052;Fossato Serralta;;CZ;0;0;614;2011;11,8533;2017;578;2017
4;18;79;79;79055;79055;Gagliato;;CZ;0;0;524;2011;7,0372;2017;455;2017
4;18;79;79;79056;79056;Gasperina;;CZ;0;0;2160;2011;6,7817;2017;2067;2017
4;18;79;79;79058;79058;Gimigliano;;CZ;0;0;3421;2011;33,5464;2017;3243;2017
4;18;79;79;79059;79059;Girifalco;;CZ;0;0;6120;2011;43,0791;2017;5818;2017
4;18;79;79;79060;79060;Gizzeria;;CZ;0;0;4522;2011;37,1937;2017;5141;2017
4;18;79;79;79061;79061;Guardavalle;;CZ;0;0;4752;2011;60,2658;2017;4382;2017
4;18;79;79;79063;79063;Isca sullo Ionio;;CZ;0;0;1614;2011;23,5552;2017;1602;2017
4;18;79;79;79065;79065;Jacurso;;CZ;0;0;623;2011;21,2035;2017;613;2017
4;18;79;79;79068;79068;Magisano;;CZ;0;0;1272;2011;31,9401;2017;1189;2017
4;18;79;79;79069;79069;Maida;;CZ;0;0;4457;2011;58,3341;2017;4545;2017
4;18;79;79;79071;79071;Marcedusa;;CZ;0;0;425;2011;15,6834;2017;428;2017
4;18;79;79;79072;79072;Marcellinara;;CZ;0;0;2253;2011;20,9053;2017;2225;2017
4;18;79;79;79073;79073;Martirano;;CZ;0;0;937;2011;14,8982;2017;871;2017
4;18;79;79;79074;79074;Martirano Lombardo;;CZ;0;0;1167;2011;19,8432;2017;1075;2017
4;18;79;79;79077;79077;Miglierina;;CZ;0;0;799;2011;13,9398;2017;747;2017
4;18;79;79;79080;79080;Montauro;;CZ;0;0;1583;2011;11,7399;2017;1710;2017
4;18;79;79;79081;79081;Montepaone;;CZ;0;0;4681;2011;16,8499;2017;5291;2017
4;18;79;79;79083;79083;Motta Santa Lucia;;CZ;0;0;871;2011;26,2959;2017;825;2017
4;18;79;79;79087;79087;Nocera Terinese;;CZ;0;0;4725;2011;46,5793;2017;4741;2017
4;18;79;79;79088;79088;Olivadi;;CZ;0;0;587;2011;7,1687;2017;532;2017
4;18;79;79;79089;79089;Palermiti;;CZ;0;0;1275;2011;18,3841;2017;1168;2017
4;18;79;79;79092;79092;Pentone;;CZ;0;0;2215;2011;12,3828;2017;2024;2017
4;18;79;79;79094;79094;Petrizzi;;CZ;0;0;1167;2011;21,8991;2017;1099;2017
4;18;79;79;79095;79095;Petronà;;CZ;0;0;2685;2011;45,7869;2017;2588;2017
4;18;79;79;79096;79096;Pianopoli;;CZ;0;0;2559;2011;24,6500;2017;2591;2017
4;18;79;79;79099;79099;Platania;;CZ;0;0;2232;2011;26,8396;2017;2098;2017
4;18;79;79;79108;79108;San Floro;;CZ;0;0;700;2011;18,3199;2017;725;2017
4;18;79;79;79110;79110;San Mango d'Aquino;;CZ;0;0;1639;2011;6,8918;2017;1508;2017
4;18;79;79;79114;79114;San Pietro a Maida;;CZ;0;0;4298;2011;16,4530;2017;4054;2017
4;18;79;79;79115;79115;San Pietro Apostolo;;CZ;0;0;1778;2011;11,7227;2017;1705;2017
4;18;79;79;79116;79116;San Sostene;;CZ;0;0;1311;2011;32,4844;2017;1373;2017
4;18;79;79;79117;79117;Santa Caterina dello Ionio;;CZ;0;0;2142;2011;40,6942;2017;2152;2017
4;18;79;79;79118;79118;Sant'Andrea Apostolo dello Ionio;;CZ;0;0;2072;2011;21,4332;2017;1868;2017
4;18;79;79;79122;79122;San Vito sullo Ionio;;CZ;0;0;1830;2011;17,1712;2017;1766;2017
4;18;79;79;79123;79123;Satriano;;CZ;0;0;3314;2011;21,1558;2017;3431;2017
4;18;79;79;79126;79126;Sellia;;CZ;0;0;511;2011;12,8090;2017;533;2017
4;18;79;79;79127;79127;Sellia Marina;;CZ;0;0;6987;2011;41,4550;2017;7589;2017
4;18;79;79;79129;79129;Serrastretta;;CZ;0;0;3249;2011;41,6486;2017;3071;2017
4;18;79;79;79130;79130;Sersale;;CZ;0;0;4767;2011;53,2973;2017;4549;2017
4;18;79;79;79131;79131;Settingiano;;CZ;0;0;2955;2011;14,3494;2017;3129;2017
4;18;79;79;79133;79133;Simeri Crichi;;CZ;0;0;4475;2011;46,7436;2017;4590;2017
4;18;79;79;79134;79134;Sorbo San Basile;;CZ;0;0;827;2011;59,2790;2017;784;2017
4;18;79;79;79137;79137;Soverato;;CZ;0;0;8841;2011;7,7924;2017;8846;2017
4;18;79;79;79138;79138;Soveria Mannelli;;CZ;0;0;3137;2011;20,4957;2017;3007;2017
4;18;79;79;79139;79139;Soveria Simeri;;CZ;0;0;1643;2011;22,2796;2017;1536;2017
4;18;79;79;79142;79142;Squillace;;CZ;0;0;3400;2011;34,3260;2017;3584;2017
4;18;79;79;79143;79143;Stalettì;;CZ;0;0;2443;2011;12,1084;2017;2373;2017
4;18;79;79;79146;79146;Taverna;;CZ;0;0;2705;2011;132,3058;2017;2648;2017
4;18;79;79;79147;79147;Tiriolo;;CZ;0;0;3897;2011;29,2624;2017;3857;2017
4;18;79;79;79148;79148;Torre di Ruggiero;;CZ;0;0;1131;2011;25,3698;2017;989;2017
4;18;79;79;79151;79151;Vallefiorita;;CZ;0;0;1849;2011;13,8782;2017;1688;2017
4;18;79;79;79157;79157;Zagarise;;CZ;0;0;1733;2011;49,3295;2017;1598;2017
4;18;79;79;79160;79160;Lamezia Terme;;CZ;0;0;70336;2011;162,4255;2017;69038;2017
4;18;80;280;80001;80001;Africo;;RC;0;0;3210;2011;53,8961;2017;3014;2017
4;18;80;280;80002;80002;Agnana Calabra;;RC;0;0;569;2011;8,4872;2017;536;2017
4;18;80;280;80003;80003;Anoia;;RC;0;0;2246;2011;10,1679;2017;2173;2017
4;18;80;280;80004;80004;Antonimina;;RC;0;0;1361;2011;22,9063;2017;1283;2017
4;18;80;280;80005;80005;Ardore;;RC;0;0;4760;2011;32,7748;2017;4911;2017
4;18;80;280;80006;80006;Bagaladi;;RC;0;0;1082;2011;30,0185;2017;1022;2017
4;18;80;280;80007;80007;Bagnara Calabra;;RC;0;0;10622;2011;24,8528;2017;9969;2017
4;18;80;280;80008;80008;Benestare;;RC;0;0;2442;2011;18,7159;2017;2547;2017
4;18;80;280;80009;80009;Bianco;;RC;0;0;4125;2011;29,9844;2017;4166;2017
4;18;80;280;80010;80010;Bivongi;;RC;0;0;1398;2011;25,3448;2017;1315;2017
4;18;80;280;80011;80011;Bova;;RC;0;0;461;2011;46,9429;2017;455;2017
4;18;80;280;80012;80012;Bovalino;;RC;0;0;8814;2011;18,0561;2017;8756;2017
4;18;80;280;80013;80013;Bova Marina;;RC;0;0;4142;2011;29,4995;2017;4193;2017
4;18;80;280;80014;80014;Brancaleone;;RC;0;0;3624;2011;36,1371;2017;3495;2017
4;18;80;280;80015;80015;Bruzzano Zeffirio;;RC;0;0;1211;2011;20,7427;2017;1089;2017
4;18;80;280;80016;80016;Calanna;;RC;0;0;979;2011;10,9648;2017;892;2017
4;18;80;280;80017;80017;Camini;;RC;0;0;715;2011;17,4105;2017;822;2017
4;18;80;280;80018;80018;Campo Calabro;;RC;0;0;4410;2011;8,0092;2017;4437;2017
4;18;80;280;80019;80019;Candidoni;;RC;0;0;389;2011;26,9521;2017;414;2017
4;18;80;280;80020;80020;Canolo;;RC;0;0;801;2011;28,2971;2017;702;2017
4;18;80;280;80021;80021;Caraffa del Bianco;;RC;0;0;532;2011;11,4621;2017;509;2017
4;18;80;280;80022;80022;Cardeto;;RC;0;0;1822;2011;37,2657;2017;1545;2017
4;18;80;280;80023;80023;Careri;;RC;0;0;2410;2011;38,1623;2017;2267;2017
4;18;80;280;80024;80024;Casignana;;RC;0;0;773;2011;24,5414;2017;739;2017
4;18;80;280;80025;80025;Caulonia;;RC;0;0;7060;2011;101,7562;2017;6962;2017
4;18;80;280;80026;80026;Ciminà;;RC;0;0;595;2011;49,2342;2017;556;2017
4;18;80;280;80027;80027;Cinquefrondi;;RC;0;0;6492;2011;29,9509;2017;6503;2017
4;18;80;280;80028;80028;Cittanova;;RC;0;0;10344;2011;61,9827;2017;10162;2017
4;18;80;280;80029;80029;Condofuri;;RC;0;0;5074;2011;60,2945;2017;4975;2017
4;18;80;280;80030;80030;Cosoleto;;RC;0;0;916;2011;34,3736;2017;854;2017
4;18;80;280;80031;80031;Delianuova;;RC;0;0;3436;2011;21,3800;2017;3309;2017
4;18;80;280;80032;80032;Feroleto della Chiesa;;RC;0;0;1772;2011;7,5555;2017;1645;2017
4;18;80;280;80033;80033;Ferruzzano;;RC;0;0;745;2011;19,1061;2017;746;2017
4;18;80;280;80034;80034;Fiumara;;RC;0;0;1021;2011;6,5876;2017;946;2017
4;18;80;280;80035;80035;Galatro;;RC;0;0;1778;2011;51,3403;2017;1660;2017
4;18;80;280;80036;80036;Gerace;;RC;0;0;2772;2011;28,9874;2017;2593;2017
4;18;80;280;80037;80037;Giffone;;RC;0;0;1946;2011;14,7186;2017;1802;2017
4;18;80;280;80038;80038;Gioia Tauro;;RC;0;0;19063;2011;39,8668;2017;19547;2017
4;18;80;280;80039;80039;Gioiosa Ionica;;RC;0;0;7014;2011;36,0708;2017;6923;2017
4;18;80;280;80040;80040;Grotteria;;RC;0;0;3274;2011;37,9745;2017;3042;2017
4;18;80;280;80041;80041;Laganadi;;RC;0;0;412;2011;8,1905;2017;413;2017
4;18;80;280;80042;80042;Laureana di Borrello;;RC;0;0;5289;2011;35,6906;2017;4996;2017
4;18;80;280;80043;80043;Locri;;RC;0;0;12459;2011;25,7538;2017;12239;2017
4;18;80;280;80044;80044;Mammola;;RC;0;0;2971;2011;81,0708;2017;2746;2017
4;18;80;280;80045;80045;Marina di Gioiosa Ionica;;RC;0;0;6515;2011;16,1551;2017;6464;2017
4;18;80;280;80046;80046;Maropati;;RC;0;0;1583;2011;10,5190;2017;1471;2017
4;18;80;280;80047;80047;Martone;;RC;0;0;554;2011;8,3362;2017;513;2017
4;18;80;280;80048;80048;Melicuccà;;RC;0;0;1001;2011;17,4033;2017;892;2017
4;18;80;280;80049;80049;Melicucco;;RC;0;0;5045;2011;6,5328;2017;4915;2017
4;18;80;280;80050;80050;Melito di Porto Salvo;;RC;0;0;11115;2011;35,4083;2017;11023;2017
4;18;80;280;80051;80051;Molochio;;RC;0;0;2643;2011;37,4469;2017;2485;2017
4;18;80;280;80052;80052;Monasterace;;RC;0;0;3369;2011;15,7333;2017;3469;2017
4;18;80;280;80053;80053;Montebello Jonico;;RC;0;0;6242;2011;56,4508;2017;6031;2017
4;18;80;280;80054;80054;Motta San Giovanni;;RC;0;0;6122;2011;46,4757;2017;5926;2017
4;18;80;280;80055;80055;Oppido Mamertina;;RC;0;0;5406;2011;58,8739;2017;5238;2017
4;18;80;280;80056;80056;Palizzi;;RC;0;0;2297;2011;52,6163;2017;2341;2017
4;18;80;280;80057;80057;Palmi;;RC;0;0;18721;2011;32,1210;2017;18461;2017
4;18;80;280;80058;80058;Pazzano;;RC;0;0;640;2011;15,5690;2017;522;2017
4;18;80;280;80059;80059;Placanica;;RC;0;0;1250;2011;29,5105;2017;1125;2017
4;18;80;280;80060;80060;Platì;;RC;0;0;3711;2011;50,8735;2017;3833;2017
4;18;80;280;80061;80061;Polistena;;RC;0;0;10742;2011;11,7699;2017;10032;2017
4;18;80;280;80062;80062;Portigliola;;RC;0;0;1205;2011;5,9980;2017;1195;2017
4;18;80;280;80063;80063;Reggio di Calabria;;RC;1;0;180817;2011;239,0361;2017;177524;2017
4;18;80;280;80064;80064;Riace;;RC;0;0;1793;2011;16,2369;2017;2144;2017
4;18;80;280;80065;80065;Rizziconi;;RC;0;0;7806;2011;40,2229;2017;7732;2017
4;18;80;280;80066;80066;Roccaforte del Greco;;RC;0;0;550;2011;43,8565;2017;443;2017
4;18;80;280;80067;80067;Roccella Ionica;;RC;0;0;6434;2011;37,8198;2017;6335;2017
4;18;80;280;80068;80068;Roghudi;;RC;0;0;1172;2011;46,9207;2017;1027;2017
4;18;80;280;80069;80069;Rosarno;;RC;0;0;14380;2011;39,5572;2017;14251;2017
4;18;80;280;80070;80070;Samo;;RC;0;0;871;2011;50,2181;2017;773;2017
4;18;80;280;80071;80071;San Giorgio Morgeto;;RC;0;0;3158;2011;35,4002;2017;3048;2017
4;18;80;280;80072;80072;San Giovanni di Gerace;;RC;0;0;537;2011;13,5662;2017;454;2017
4;18;80;280;80073;80073;San Lorenzo;;RC;0;0;2685;2011;64,5201;2017;2469;2017
4;18;80;280;80074;80074;San Luca;;RC;0;0;4044;2011;105,3446;2017;3651;2017
4;18;80;280;80075;80075;San Pietro di Caridà;;RC;0;0;1265;2011;48,0777;2017;1103;2017
4;18;80;280;80076;80076;San Procopio;;RC;0;0;539;2011;11,3583;2017;530;2017
4;18;80;280;80077;80077;San Roberto;;RC;0;0;1833;2011;34,6363;2017;1668;2017
4;18;80;280;80078;80078;Santa Cristina d'Aspromonte;;RC;0;0;1017;2011;23,4089;2017;871;2017
4;18;80;280;80079;80079;Sant'Agata del Bianco;;RC;0;0;679;2011;20,1995;2017;603;2017
4;18;80;280;80080;80080;Sant'Alessio in Aspromonte;;RC;0;0;323;2011;3,9925;2017;349;2017
4;18;80;280;80081;80081;Sant'Eufemia d'Aspromonte;;RC;0;0;4053;2011;32,8795;2017;4069;2017
4;18;80;280;80082;80082;Sant'Ilario dello Ionio;;RC;0;0;1332;2011;13,9996;2017;1419;2017
4;18;80;280;80083;80083;Santo Stefano in Aspromonte;;RC;0;0;1247;2011;17,7968;2017;1231;2017
4;18;80;280;80084;80084;Scido;;RC;0;0;976;2011;17,5297;2017;912;2017
4;18;80;280;80085;80085;Scilla;;RC;0;0;5115;2011;44,1308;2017;4845;2017
4;18;80;280;80086;80086;Seminara;;RC;0;0;2820;2011;33,8540;2017;2683;2017
4;18;80;280;80087;80087;Serrata;;RC;0;0;914;2011;22,0617;2017;823;2017
4;18;80;280;80088;80088;Siderno;;RC;0;0;16879;2011;31,8595;2017;17418;2017
4;18;80;280;80089;80089;Sinopoli;;RC;0;0;2154;2011;25,2146;2017;2036;2017
4;18;80;280;80090;80090;Staiti;;RC;0;0;279;2011;16,3085;2017;236;2017
4;18;80;280;80091;80091;Stignano;;RC;0;0;1340;2011;17,7650;2017;1332;2017
4;18;80;280;80092;80092;Stilo;;RC;0;0;2687;2011;78,1081;2017;2546;2017
4;18;80;280;80093;80093;Taurianova;;RC;0;0;15310;2011;48,5444;2017;15276;2017
4;18;80;280;80094;80094;Terranova Sappo Minulio;;RC;0;0;549;2011;9,1204;2017;515;2017
4;18;80;280;80095;80095;Varapodio;;RC;0;0;2223;2011;29,1240;2017;2098;2017
4;18;80;280;80096;80096;Villa San Giovanni;;RC;0;0;13395;2011;12,1747;2017;13472;2017
4;18;80;280;80097;80097;San Ferdinando;;RC;0;0;4299;2011;14,1980;2017;4887;2017
5;19;81;81;81001;81001;Alcamo;;TP;0;0;45314;2011;130,8932;2017;45431;2017
5;19;81;81;81002;81002;Buseto Palizzolo;;TP;0;0;3031;2011;72,8093;2017;2887;2017
5;19;81;81;81003;81003;Calatafimi-Segesta;;TP;0;0;6938;2011;154,8616;2017;6528;2017
5;19;81;81;81004;81004;Campobello di Mazara;;TP;0;0;11580;2011;65,8321;2017;11548;2017
5;19;81;81;81005;81005;Castellammare del Golfo;;TP;0;0;14603;2011;127,3202;2017;14889;2017
5;19;81;81;81006;81006;Castelvetrano;;TP;0;0;31824;2011;209,7569;2017;31208;2017
5;19;81;81;81007;81007;Custonaci;;TP;0;0;5392;2011;69,9007;2017;5540;2017
5;19;81;81;81008;81008;Erice;;TP;0;0;28012;2011;47,3374;2017;27084;2017
5;19;81;81;81009;81009;Favignana;;TP;0;0;4185;2011;38,3149;2017;4325;2017
5;19;81;81;81010;81010;Gibellina;;TP;0;0;4264;2011;46,5738;2017;4016;2017
5;19;81;81;81011;81011;Marsala;;TP;0;0;80218;2011;243,2581;2017;81461;2017
5;19;81;81;81012;81012;Mazara del Vallo;;TP;0;0;49995;2011;274,6328;2017;50628;2017
5;19;81;81;81013;81013;Paceco;;TP;0;0;11487;2011;58,0074;2017;11207;2017
5;19;81;81;81014;81014;Pantelleria;;TP;0;0;7493;2011;84,5311;2017;7584;2017
5;19;81;81;81015;81015;Partanna;;TP;0;0;10854;2011;82,7263;2017;10320;2017
5;19;81;81;81016;81016;Poggioreale;;TP;0;0;1534;2011;37,4571;2017;1467;2017
5;19;81;81;81017;81017;Salaparuta;;TP;0;0;1721;2011;41,4154;2017;1668;2017
5;19;81;81;81018;81018;Salemi;;TP;0;0;10871;2011;182,4210;2017;10461;2017
5;19;81;81;81019;81019;Santa Ninfa;;TP;0;0;5095;2011;60,9436;2017;4903;2017
5;19;81;81;81020;81020;San Vito Lo Capo;;TP;0;0;4415;2011;60,1187;2017;4667;2017
5;19;81;81;81021;81021;Trapani;;TP;1;0;69241;2011;273,1336;2017;66888;2017
5;19;81;81;81022;81022;Valderice;;TP;0;0;11951;2011;52,9625;2017;12115;2017
5;19;81;81;81023;81023;Vita;;TP;0;0;2139;2011;9,1029;2017;1991;2017
5;19;81;81;81024;81024;Petrosino;;TP;0;0;7760;2011;45,2764;2017;8147;2017
5;19;82;282;82001;82001;Alia;;PA;0;0;3806;2011;45,9748;2017;3539;2017
5;19;82;282;82002;82002;Alimena;;PA;0;0;2152;2011;59,6975;2017;1951;2017
5;19;82;282;82003;82003;Aliminusa;;PA;0;0;1291;2011;13,6806;2017;1178;2017
5;19;82;282;82004;82004;Altavilla Milicia;;PA;0;0;7429;2011;23,7839;2017;8323;2017
5;19;82;282;82005;82005;Altofonte;;PA;0;0;10266;2011;35,4356;2017;10088;2017
5;19;82;282;82006;82006;Bagheria;;PA;0;0;54257;2011;29,8358;2017;54281;2017
5;19;82;282;82007;82007;Balestrate;;PA;0;0;6413;2011;6,4298;2017;6325;2017
5;19;82;282;82008;82008;Baucina;;PA;0;0;2014;2011;24,4710;2017;1931;2017
5;19;82;282;82009;82009;Belmonte Mezzagno;;PA;0;0;11149;2011;29,2934;2017;11196;2017
5;19;82;282;82010;82010;Bisacquino;;PA;0;0;4829;2011;64,9696;2017;4459;2017
5;19;82;282;82011;82011;Bolognetta;;PA;0;0;3932;2011;27,6253;2017;4064;2017
5;19;82;282;82012;82012;Bompietro;;PA;0;0;1474;2011;42,4101;2017;1331;2017
5;19;82;282;82013;82013;Borgetto;;PA;0;0;7021;2011;26,0237;2017;7250;2017
5;19;82;282;82014;82014;Caccamo;;PA;0;0;8295;2011;188,2312;2017;8131;2017
5;19;82;282;82015;82015;Caltavuturo;;PA;0;0;4171;2011;97,9459;2017;3914;2017
5;19;82;282;82016;82016;Campofelice di Fitalia;;PA;0;0;548;2011;35,4560;2017;491;2017
5;19;82;282;82017;82017;Campofelice di Roccella;;PA;0;0;6918;2011;14,5060;2017;7379;2017
5;19;82;282;82018;82018;Campofiorito;;PA;0;0;1332;2011;21,6994;2017;1265;2017
5;19;82;282;82019;82019;Camporeale;;PA;0;0;3448;2011;38,7206;2017;3197;2017
5;19;82;282;82020;82020;Capaci;;PA;0;0;11030;2011;6,1204;2017;11473;2017
5;19;82;282;82021;82021;Carini;;PA;0;0;35681;2011;76,5940;2017;38100;2017
5;19;82;282;82022;82022;Castelbuono;;PA;0;0;9161;2011;60,7859;2017;8667;2017
5;19;82;282;82023;82023;Casteldaccia;;PA;0;0;10884;2011;33,9185;2017;11404;2017
5;19;82;282;82024;82024;Castellana Sicula;;PA;0;0;3549;2011;73,1964;2017;3281;2017
5;19;82;282;82025;82025;Castronovo di Sicilia;;PA;0;0;3175;2011;201,0400;2017;3015;2017
5;19;82;282;82026;82026;Cefalà Diana;;PA;0;0;1007;2011;9,0592;2017;1014;2017
5;19;82;282;82027;82027;Cefalù;;PA;0;0;14354;2011;66,2409;2017;14112;2017
5;19;82;282;82028;82028;Cerda;;PA;0;0;5391;2011;43,8343;2017;5117;2017
5;19;82;282;82029;82029;Chiusa Sclafani;;PA;0;0;2957;2011;57,5503;2017;2765;2017
5;19;82;282;82030;82030;Ciminna;;PA;0;0;3845;2011;56,4206;2017;3662;2017
5;19;82;282;82031;82031;Cinisi;;PA;0;0;12031;2011;33,1617;2017;11960;2017
5;19;82;282;82032;82032;Collesano;;PA;0;0;4095;2011;108,1646;2017;3982;2017
5;19;82;282;82033;82033;Contessa Entellina;;PA;0;0;1865;2011;136,4759;2017;1700;2017
5;19;82;282;82034;82034;Corleone;;PA;0;0;11286;2011;229,4546;2017;11092;2017
5;19;82;282;82035;82035;Ficarazzi;;PA;0;0;11484;2011;3,5295;2017;12748;2017
5;19;82;282;82036;82036;Gangi;;PA;0;0;7063;2011;127,4634;2017;6692;2017
5;19;82;282;82037;82037;Geraci Siculo;;PA;0;0;1925;2011;113,3465;2017;1846;2017
5;19;82;282;82038;82038;Giardinello;;PA;0;0;2258;2011;12,8844;2017;2256;2017
5;19;82;282;82039;82039;Giuliana;;PA;0;0;2032;2011;24,1410;2017;1852;2017
5;19;82;282;82040;82040;Godrano;;PA;0;0;1153;2011;39,2021;2017;1191;2017
5;19;82;282;82041;82041;Gratteri;;PA;0;0;1019;2011;38,1661;2017;929;2017
5;19;82;282;82042;82042;Isnello;;PA;0;0;1598;2011;50,9969;2017;1490;2017
5;19;82;282;82043;82043;Isola delle Femmine;;PA;0;0;7100;2011;3,5663;2017;7193;2017
5;19;82;282;82044;82044;Lascari;;PA;0;0;3500;2011;10,3266;2017;3592;2017
5;19;82;282;82045;82045;Lercara Friddi;;PA;0;0;7049;2011;37,4932;2017;6673;2017
5;19;82;282;82046;82046;Marineo;;PA;0;0;6779;2011;33,2219;2017;6442;2017
5;19;82;282;82047;82047;Mezzojuso;;PA;0;0;3020;2011;49,2544;2017;2880;2017
5;19;82;282;82048;82048;Misilmeri;;PA;0;0;27570;2011;69,4886;2017;28640;2017
5;19;82;282;82049;82049;Monreale;;PA;0;0;38018;2011;530,1798;2017;37608;2017
5;19;82;282;82050;82050;Montelepre;;PA;0;0;6421;2011;9,8912;2017;6092;2017
5;19;82;282;82051;82051;Montemaggiore Belsito;;PA;0;0;3566;2011;32,0755;2017;3241;2017
5;19;82;282;82052;82052;Palazzo Adriano;;PA;0;0;2227;2011;130,0959;2017;2071;2017
5;19;82;282;82053;82053;Palermo;;PA;1;1;657561;2011;160,5878;2017;655533;2017
5;19;82;282;82054;82054;Partinico;;PA;0;0;31401;2011;108,0579;2017;31218;2017
5;19;82;282;82055;82055;Petralia Soprana;;PA;0;0;3443;2011;56,1025;2017;3242;2017
5;19;82;282;82056;82056;Petralia Sottana;;PA;0;0;2975;2011;178,3440;2017;2718;2017
5;19;82;282;82057;82057;Piana degli Albanesi;;PA;0;0;6010;2011;64,9165;2017;6086;2017
5;19;82;282;82058;82058;Polizzi Generosa;;PA;0;0;3607;2011;134,6583;2017;3221;2017
5;19;82;282;82059;82059;Pollina;;PA;0;0;2998;2011;49,9291;2017;2954;2017
5;19;82;282;82060;82060;Prizzi;;PA;0;0;5055;2011;95,0363;2017;4675;2017
5;19;82;282;82061;82061;Roccamena;;PA;0;0;1562;2011;33,7170;2017;1485;2017
5;19;82;282;82062;82062;Roccapalumba;;PA;0;0;2634;2011;31,5663;2017;2409;2017
5;19;82;282;82063;82063;San Cipirello;;PA;0;0;5478;2011;20,8522;2017;5321;2017
5;19;82;282;82064;82064;San Giuseppe Jato;;PA;0;0;8511;2011;29,7814;2017;8484;2017
5;19;82;282;82065;82065;San Mauro Castelverde;;PA;0;0;1847;2011;114,3653;2017;1586;2017
5;19;82;282;82066;82066;Santa Cristina Gela;;PA;0;0;925;2011;38,7414;2017;1022;2017
5;19;82;282;82067;82067;Santa Flavia;;PA;0;0;10751;2011;14,5987;2017;11075;2017
5;19;82;282;82068;82068;Sciara;;PA;0;0;2787;2011;31,1931;2017;2721;2017
5;19;82;282;82069;82069;Sclafani Bagni;;PA;0;0;450;2011;134,9024;2017;428;2017
5;19;82;282;82070;82070;Termini Imerese;;PA;0;0;26201;2011;76,6885;2017;25944;2017
5;19;82;282;82071;82071;Terrasini;;PA;0;0;11985;2011;19,8463;2017;12233;2017
5;19;82;282;82072;82072;Torretta;;PA;0;0;4141;2011;25,5421;2017;4179;2017
5;19;82;282;82073;82073;Trabia;;PA;0;0;10360;2011;22,0772;2017;10104;2017
5;19;82;282;82074;82074;Trappeto;;PA;0;0;3211;2011;4,1885;2017;3068;2017
5;19;82;282;82075;82075;Ustica;;PA;0;0;1287;2011;8,2407;2017;1305;2017
5;19;82;282;82076;82076;Valledolmo;;PA;0;0;3747;2011;25,7793;2017;3491;2017
5;19;82;282;82077;82077;Ventimiglia di Sicilia;;PA;0;0;2080;2011;26,9001;2017;1876;2017
5;19;82;282;82078;82078;Vicari;;PA;0;0;2834;2011;85,9461;2017;2691;2017
5;19;82;282;82079;82079;Villabate;;PA;0;0;19819;2011;3,7977;2017;19673;2017
5;19;82;282;82080;82080;Villafrati;;PA;0;0;3377;2011;25,6441;2017;3280;2017
5;19;82;282;82081;82081;Scillato;;PA;0;0;627;2011;31,6956;2017;616;2017
5;19;82;282;82082;82082;Blufi;;PA;0;0;1083;2011;21,9813;2017;964;2017
5;19;83;283;83001;83001;Alcara li Fusi;;ME;0;0;2072;2011;62,9346;2017;1918;2017
5;19;83;283;83002;83002;Alì;;ME;0;0;823;2011;15,9386;2017;745;2017
5;19;83;283;83003;83003;Alì Terme;;ME;0;0;2567;2011;6,2744;2017;2447;2017
5;19;83;283;83004;83004;Antillo;;ME;0;0;992;2011;43,6346;2017;887;2017
5;19;83;283;83005;83005;Barcellona Pozzo di Gotto;;ME;0;0;41632;2011;59,1418;2017;40820;2017
5;19;83;283;83006;83006;Basicò;;ME;0;0;679;2011;12,0685;2017;587;2017
5;19;83;283;83007;83007;Brolo;;ME;0;0;5826;2011;7,6646;2017;5768;2017
5;19;83;283;83008;83008;Capizzi;;ME;0;0;3347;2011;70,1664;2017;3014;2017
5;19;83;283;83009;83009;Capo d'Orlando;;ME;0;0;13260;2011;14,4275;2017;13180;2017
5;19;83;283;83010;83010;Capri Leone;;ME;0;0;4516;2011;6,7645;2017;4430;2017
5;19;83;283;83011;83011;Caronia;;ME;0;0;3463;2011;227,2587;2017;3252;2017
5;19;83;283;83012;83012;Casalvecchio Siculo;;ME;0;0;907;2011;33,6218;2017;801;2017
5;19;83;283;83013;83013;Castel di Lucio;;ME;0;0;1366;2011;28,7781;2017;1252;2017
5;19;83;283;83014;83014;Castell'Umberto;;ME;0;0;3295;2011;11,4282;2017;3037;2017
5;19;83;283;83015;83015;Castelmola;;ME;0;0;1073;2011;16,8280;2017;1116;2017
5;19;83;283;83016;83016;Castroreale;;ME;0;0;2548;2011;53,0694;2017;2365;2017
5;19;83;283;83017;83017;Cesarò;;ME;0;0;2572;2011;216,9304;2017;2315;2017
5;19;83;283;83018;83018;Condrò;;ME;0;0;481;2011;5,1324;2017;467;2017
5;19;83;283;83019;83019;Falcone;;ME;0;0;2874;2011;9,3367;2017;2746;2017
5;19;83;283;83020;83020;Ficarra;;ME;0;0;1566;2011;18,6563;2017;1416;2017
5;19;83;283;83021;83021;Fiumedinisi;;ME;0;0;1559;2011;36,6938;2017;1373;2017
5;19;83;283;83022;83022;Floresta;;ME;0;0;516;2011;31,3311;2017;466;2017
5;19;83;283;83023;83023;Fondachelli-Fantina;;ME;0;0;1090;2011;42,2116;2017;1050;2017
5;19;83;283;83024;83024;Forza d'Agrò;;ME;0;0;878;2011;11,1890;2017;883;2017
5;19;83;283;83025;83025;Francavilla di Sicilia;;ME;0;0;3901;2011;82,7262;2017;3801;2017
5;19;83;283;83026;83026;Frazzanò;;ME;0;0;755;2011;6,9981;2017;675;2017
5;19;83;283;83027;83027;Furci Siculo;;ME;0;0;3428;2011;17,9132;2017;3289;2017
5;19;83;283;83028;83028;Furnari;;ME;0;0;3665;2011;13,5543;2017;3799;2017
5;19;83;283;83029;83029;Gaggi;;ME;0;0;3138;2011;7,6505;2017;3168;2017
5;19;83;283;83030;83030;Galati Mamertino;;ME;0;0;2794;2011;39,3108;2017;2522;2017
5;19;83;283;83031;83031;Gallodoro;;ME;0;0;381;2011;6,9083;2017;362;2017
5;19;83;283;83032;83032;Giardini-Naxos;;ME;0;0;9268;2011;5,2904;2017;9214;2017
5;19;83;283;83033;83033;Gioiosa Marea;;ME;0;0;7114;2011;26,4823;2017;6943;2017
5;19;83;283;83034;83034;Graniti;;ME;0;0;1522;2011;10,0474;2017;1453;2017
5;19;83;283;83035;83035;Gualtieri Sicaminò;;ME;0;0;1834;2011;14,3838;2017;1698;2017
5;19;83;283;83036;83036;Itala;;ME;0;0;1663;2011;10,9835;2017;1661;2017
5;19;83;283;83037;83037;Leni;;ME;0;0;702;2011;8,7899;2017;685;2017
5;19;83;283;83038;83038;Letojanni;;ME;0;0;2699;2011;6,7241;2017;2761;2017
5;19;83;283;83039;83039;Librizzi;;ME;0;0;1771;2011;23,3863;2017;1633;2017
5;19;83;283;83040;83040;Limina;;ME;0;0;900;2011;9,9924;2017;800;2017
5;19;83;283;83041;83041;Lipari;;ME;0;0;11642;2011;89,7212;2017;12497;2017
5;19;83;283;83042;83042;Longi;;ME;0;0;1562;2011;42,1099;2017;1419;2017
5;19;83;283;83043;83043;Malfa;;ME;0;0;988;2011;8,7352;2017;972;2017
5;19;83;283;83044;83044;Malvagna;;ME;0;0;794;2011;6,7094;2017;684;2017
5;19;83;283;83045;83045;Mandanici;;ME;0;0;629;2011;11,8536;2017;576;2017
5;19;83;283;83046;83046;Mazzarrà Sant'Andrea;;ME;0;0;1567;2011;6,6942;2017;1482;2017
5;19;83;283;83047;83047;Merì;;ME;0;0;2396;2011;1,8503;2017;2291;2017
5;19;83;283;83048;83048;Messina;;ME;1;0;243262;2011;213,7621;2017;231306;2017
5;19;83;283;83049;83049;Milazzo;;ME;0;0;32146;2011;24,7022;2017;30517;2017
5;19;83;283;83050;83050;Militello Rosmarino;;ME;0;0;1334;2011;29,5356;2017;1270;2017
5;19;83;283;83051;83051;Mirto;;ME;0;0;1000;2011;9,2692;2017;940;2017
5;19;83;283;83052;83052;Mistretta;;ME;0;0;5014;2011;127,4678;2017;4628;2017
5;19;83;283;83053;83053;Moio Alcantara;;ME;0;0;756;2011;8,5996;2017;698;2017
5;19;83;283;83054;83054;Monforte San Giorgio;;ME;0;0;2880;2011;32,2599;2017;2704;2017
5;19;83;283;83055;83055;Mongiuffi Melia;;ME;0;0;653;2011;24,3623;2017;573;2017
5;19;83;283;83056;83056;Montagnareale;;ME;0;0;1631;2011;16,3769;2017;1548;2017
5;19;83;283;83057;83057;Montalbano Elicona;;ME;0;0;2420;2011;67,8008;2017;2171;2017
5;19;83;283;83058;83058;Motta Camastra;;ME;0;0;882;2011;25,3090;2017;810;2017
5;19;83;283;83059;83059;Motta d'Affermo;;ME;0;0;828;2011;14,5764;2017;712;2017
5;19;83;283;83060;83060;Naso;;ME;0;0;4015;2011;36,7367;2017;3728;2017
5;19;83;283;83061;83061;Nizza di Sicilia;;ME;0;0;3723;2011;13,4154;2017;3634;2017
5;19;83;283;83062;83062;Novara di Sicilia;;ME;0;0;1413;2011;49,1783;2017;1300;2017
5;19;83;283;83063;83063;Oliveri;;ME;0;0;2157;2011;10,4348;2017;2121;2017
5;19;83;283;83064;83064;Pace del Mela;;ME;0;0;6388;2011;12,1757;2017;6262;2017
5;19;83;283;83065;83065;Pagliara;;ME;0;0;1230;2011;14,4792;2017;1132;2017
5;19;83;283;83066;83066;Patti;;ME;0;0;13325;2011;50,0766;2017;13136;2017
5;19;83;283;83067;83067;Pettineo;;ME;0;0;1433;2011;30,6164;2017;1312;2017
5;19;83;283;83068;83068;Piraino;;ME;0;0;3964;2011;16,9687;2017;3905;2017
5;19;83;283;83069;83069;Raccuja;;ME;0;0;1139;2011;25,2019;2017;979;2017
5;19;83;283;83070;83070;Reitano;;ME;0;0;829;2011;14,1173;2017;769;2017
5;19;83;283;83071;83071;Roccafiorita;;ME;0;0;228;2011;1,1681;2017;185;2017
5;19;83;283;83072;83072;Roccalumera;;ME;0;0;4105;2011;8,9060;2017;3964;2017
5;19;83;283;83073;83073;Roccavaldina;;ME;0;0;1149;2011;7,1325;2017;1089;2017
5;19;83;283;83074;83074;Roccella Valdemone;;ME;0;0;711;2011;41,1511;2017;643;2017
5;19;83;283;83075;83075;Rodì Milici;;ME;0;0;2130;2011;36,5448;2017;2017;2017
5;19;83;283;83076;83076;Rometta;;ME;0;0;6541;2011;32,1231;2017;6538;2017
5;19;83;283;83077;83077;San Filippo del Mela;;ME;0;0;7065;2011;10,0502;2017;6917;2017
5;19;83;283;83078;83078;San Fratello;;ME;0;0;3942;2011;67,6292;2017;3584;2017
5;19;83;283;83079;83079;San Marco d'Alunzio;;ME;0;0;2083;2011;26,1407;2017;1921;2017
5;19;83;283;83080;83080;San Pier Niceto;;ME;0;0;2911;2011;36,6798;2017;2732;2017
5;19;83;283;83081;83081;San Piero Patti;;ME;0;0;3082;2011;41,8183;2017;2798;2017
5;19;83;283;83082;83082;San Salvatore di Fitalia;;ME;0;0;1378;2011;14,9963;2017;1247;2017
5;19;83;283;83083;83083;Santa Domenica Vittoria;;ME;0;0;1067;2011;20,1634;2017;950;2017
5;19;83;283;83084;83084;Sant'Agata di Militello;;ME;0;0;12803;2011;33,9764;2017;12426;2017
5;19;83;283;83085;83085;Sant'Alessio Siculo;;ME;0;0;1497;2011;6,1676;2017;1489;2017
5;19;83;283;83086;83086;Santa Lucia del Mela;;ME;0;0;4744;2011;85,6740;2017;4590;2017
5;19;83;283;83087;83087;Santa Marina Salina;;ME;0;0;892;2011;8,7814;2017;891;2017
5;19;83;283;83088;83088;Sant'Angelo di Brolo;;ME;0;0;3297;2011;30,3859;2017;2985;2017
5;19;83;283;83089;83089;Santa Teresa di Riva;;ME;0;0;9240;2011;8,1175;2017;9250;2017
5;19;83;283;83090;83090;San Teodoro;;ME;0;0;1421;2011;13,9740;2017;1355;2017
5;19;83;283;83091;83091;Santo Stefano di Camastra;;ME;0;0;4674;2011;21,9173;2017;4555;2017
5;19;83;283;83092;83092;Saponara;;ME;0;0;4078;2011;26,2623;2017;3904;2017
5;19;83;283;83093;83093;Savoca;;ME;0;0;1766;2011;9,0755;2017;1685;2017
5;19;83;283;83094;83094;Scaletta Zanclea;;ME;0;0;2249;2011;4,7618;2017;2040;2017
5;19;83;283;83095;83095;Sinagra;;ME;0;0;2760;2011;24,0270;2017;2622;2017
5;19;83;283;83096;83096;Spadafora;;ME;0;0;5091;2011;10,5246;2017;4974;2017
5;19;83;283;83097;83097;Taormina;;ME;0;0;11084;2011;13,1331;2017;10680;2017
5;19;83;283;83098;83098;Torregrotta;;ME;0;0;7426;2011;4,1260;2017;7292;2017
5;19;83;283;83099;83099;Tortorici;;ME;0;0;6732;2011;70,5008;2017;6250;2017
5;19;83;283;83100;83100;Tripi;;ME;0;0;933;2011;54,6669;2017;835;2017
5;19;83;283;83101;83101;Tusa;;ME;0;0;3051;2011;41,0737;2017;2824;2017
5;19;83;283;83102;83102;Ucria;;ME;0;0;1105;2011;26,2643;2017;998;2017
5;19;83;283;83103;83103;Valdina;;ME;0;0;1352;2011;2,6016;2017;1316;2017
5;19;83;283;83104;83104;Venetico;;ME;0;0;3855;2011;4,5170;2017;3953;2017
5;19;83;283;83105;83105;Villafranca Tirrena;;ME;0;0;8748;2011;14,2458;2017;8457;2017
5;19;83;283;83106;83106;Terme Vigliatore;;ME;0;0;7213;2011;13,2280;2017;7274;2017
5;19;83;283;83107;83107;Acquedolci;;ME;0;0;5744;2011;12,9304;2017;5621;2017
5;19;83;283;83108;83108;Torrenova;;ME;0;0;4240;2011;12,9268;2017;4421;2017
5;19;84;84;84001;84001;Agrigento;;AG;1;0;58323;2011;245,3165;2017;58726;2017
5;19;84;84;84002;84002;Alessandria della Rocca;;AG;0;0;3118;2011;62,2395;2017;2814;2017
5;19;84;84;84003;84003;Aragona;;AG;0;0;9493;2011;74,7015;2017;9351;2017
5;19;84;84;84004;84004;Bivona;;AG;0;0;3882;2011;88,5732;2017;3561;2017
5;19;84;84;84005;84005;Burgio;;AG;0;0;2780;2011;42,2307;2017;2632;2017
5;19;84;84;84006;84006;Calamonaci;;AG;0;0;1375;2011;32,8901;2017;1303;2017
5;19;84;84;84007;84007;Caltabellotta;;AG;0;0;3907;2011;124,0870;2017;3545;2017
5;19;84;84;84008;84008;Camastra;;AG;0;0;2163;2011;16,3155;2017;2044;2017
5;19;84;84;84009;84009;Cammarata;;AG;0;0;6275;2011;192,4530;2017;6157;2017
5;19;84;84;84010;84010;Campobello di Licata;;AG;0;0;10438;2011;81,3276;2017;9762;2017
5;19;84;84;84011;84011;Canicattì;;AG;0;0;34863;2011;91,8595;2017;34956;2017
5;19;84;84;84012;84012;Casteltermini;;AG;0;0;8422;2011;99,9816;2017;7930;2017
5;19;84;84;84013;84013;Castrofilippo;;AG;0;0;3020;2011;18,0752;2017;2852;2017
5;19;84;84;84014;84014;Cattolica Eraclea;;AG;0;0;3975;2011;62,1638;2017;3638;2017
5;19;84;84;84015;84015;Cianciana;;AG;0;0;3517;2011;38,0815;2017;3367;2017
5;19;84;84;84016;84016;Comitini;;AG;0;0;944;2011;21,8900;2017;965;2017
5;19;84;84;84017;84017;Favara;;AG;0;0;32972;2011;81,8750;2017;32128;2017
5;19;84;84;84018;84018;Grotte;;AG;0;0;5839;2011;23,9760;2017;5535;2017
5;19;84;84;84019;84019;Joppolo Giancaxio;;AG;0;0;1210;2011;19,1421;2017;1190;2017
5;19;84;84;84020;84020;Lampedusa e Linosa;;AG;0;0;6105;2011;25,2217;2017;6415;2017
5;19;84;84;84021;84021;Licata;;AG;0;0;38125;2011;179,6783;2017;36421;2017
5;19;84;84;84022;84022;Lucca Sicula;;AG;0;0;1917;2011;18,6320;2017;1779;2017
5;19;84;84;84023;84023;Menfi;;AG;0;0;12711;2011;113,5780;2017;12367;2017
5;19;84;84;84024;84024;Montallegro;;AG;0;0;2543;2011;27,4124;2017;2481;2017
5;19;84;84;84025;84025;Montevago;;AG;0;0;3015;2011;32,9092;2017;2916;2017
5;19;84;84;84026;84026;Naro;;AG;0;0;8103;2011;207,4873;2017;7521;2017
5;19;84;84;84027;84027;Palma di Montechiaro;;AG;0;0;23643;2011;77,0626;2017;22044;2017
5;19;84;84;84028;84028;Porto Empedocle;;AG;0;0;16841;2011;25,2257;2017;16509;2017
5;19;84;84;84029;84029;Racalmuto;;AG;0;0;8345;2011;68,1009;2017;8056;2017
5;19;84;84;84030;84030;Raffadali;;AG;0;0;12837;2011;22,2987;2017;12579;2017
5;19;84;84;84031;84031;Ravanusa;;AG;0;0;12128;2011;49,5006;2017;11361;2017
5;19;84;84;84032;84032;Realmonte;;AG;0;0;4487;2011;20,3693;2017;4421;2017
5;19;84;84;84033;84033;Ribera;;AG;0;0;19302;2011;118,5210;2017;18306;2017
5;19;84;84;84034;84034;Sambuca di Sicilia;;AG;0;0;6114;2011;96,3715;2017;5806;2017
5;19;84;84;84035;84035;San Biagio Platani;;AG;0;0;3501;2011;42,6663;2017;3190;2017
5;19;84;84;84036;84036;San Giovanni Gemini;;AG;0;0;8127;2011;26,5594;2017;7902;2017
5;19;84;84;84037;84037;Santa Elisabetta;;AG;0;0;2608;2011;16,1674;2017;2353;2017
5;19;84;84;84038;84038;Santa Margherita di Belice;;AG;0;0;6544;2011;67,2752;2017;6284;2017
5;19;84;84;84039;84039;Sant'Angelo Muxaro;;AG;0;0;1471;2011;64,5212;2017;1302;2017
5;19;84;84;84040;84040;Santo Stefano Quisquina;;AG;0;0;4897;2011;85,5183;2017;4462;2017
5;19;84;84;84041;84041;Sciacca;;AG;0;0;40899;2011;191,6678;2017;39712;2017
5;19;84;84;84042;84042;Siculiana;;AG;0;0;4632;2011;40,9909;2017;4329;2017
5;19;84;84;84043;84043;Villafranca Sicula;;AG;0;0;1426;2011;17,6292;2017;1363;2017
5;19;85;85;85001;85001;Acquaviva Platani;;CL;0;0;1041;2011;14,6333;2017;928;2017
5;19;85;85;85002;85002;Bompensiere;;CL;0;0;610;2011;19,9464;2017;548;2017
5;19;85;85;85003;85003;Butera;;CL;0;0;4937;2011;298,5438;2017;4518;2017
5;19;85;85;85004;85004;Caltanissetta;;CL;1;0;61711;2011;421,2465;2017;61760;2017
5;19;85;85;85005;85005;Campofranco;;CL;0;0;3218;2011;36,1130;2017;2968;2017
5;19;85;85;85006;85006;Delia;;CL;0;0;4325;2011;12,3988;2017;4062;2017
5;19;85;85;85007;85007;Gela;;CL;0;0;75668;2011;279,0669;2017;74131;2017
5;19;85;85;85008;85008;Marianopoli;;CL;0;0;2006;2011;13,0705;2017;1809;2017
5;19;85;85;85009;85009;Mazzarino;;CL;0;0;12333;2011;295,5893;2017;11723;2017
5;19;85;85;85010;85010;Milena;;CL;0;0;3178;2011;24,6266;2017;2955;2017
5;19;85;85;85011;85011;Montedoro;;CL;0;0;1643;2011;14,5331;2017;1543;2017
5;19;85;85;85012;85012;Mussomeli;;CL;0;0;11010;2011;164,4247;2017;10498;2017
5;19;85;85;85013;85013;Niscemi;;CL;0;0;27975;2011;96,8171;2017;26563;2017
5;19;85;85;85014;85014;Resuttano;;CL;0;0;2139;2011;38,2733;2017;1947;2017
5;19;85;85;85015;85015;Riesi;;CL;0;0;11814;2011;66,9953;2017;11297;2017
5;19;85;85;85016;85016;San Cataldo;;CL;0;0;23424;2011;72,7746;2017;21644;2017
5;19;85;85;85017;85017;Santa Caterina Villarmosa;;CL;0;0;5727;2011;75,8139;2017;5214;2017
5;19;85;85;85018;85018;Serradifalco;;CL;0;0;6265;2011;41,9382;2017;5935;2017
5;19;85;85;85019;85019;Sommatino;;CL;0;0;7267;2011;34,7565;2017;6841;2017
5;19;85;85;85020;85020;Sutera;;CL;0;0;1436;2011;35,5836;2017;1355;2017
5;19;85;85;85021;85021;Vallelunga Pratameno;;CL;0;0;3641;2011;39,3738;2017;3402;2017
5;19;85;85;85022;85022;Villalba;;CL;0;0;1731;2011;41,8177;2017;1594;2017
5;19;86;86;86001;86001;Agira;;EN;0;0;8484;2011;164,0807;2017;8130;2017
5;19;86;86;86002;86002;Aidone;;EN;0;0;4929;2011;210,7759;2017;4649;2017
5;19;86;86;86003;86003;Assoro;;EN;0;0;5366;2011;112,1499;2017;5058;2017
5;19;86;86;86004;86004;Barrafranca;;EN;0;0;13977;2011;53,7120;2017;12566;2017
5;19;86;86;86005;86005;Calascibetta;;EN;0;0;4628;2011;89,1179;2017;4334;2017
5;19;86;86;86006;86006;Catenanuova;;EN;0;0;4999;2011;11,2247;2017;4734;2017
5;19;86;86;86007;86007;Centuripe;;EN;0;0;5599;2011;174,1946;2017;5318;2017
5;19;86;86;86008;86008;Cerami;;EN;0;0;2150;2011;95,0465;2017;1962;2017
5;19;86;86;86009;86009;Enna;;EN;1;0;27894;2011;358,7437;2017;26963;2017
5;19;86;86;86010;86010;Gagliano Castelferrato;;EN;0;0;3722;2011;56,2367;2017;3521;2017
5;19;86;86;86011;86011;Leonforte;;EN;0;0;13878;2011;84,3917;2017;13052;2017
5;19;86;86;86012;86012;Nicosia;;EN;0;0;14272;2011;218,5057;2017;13560;2017
5;19;86;86;86013;86013;Nissoria;;EN;0;0;2969;2011;61,8245;2017;2965;2017
5;19;86;86;86014;86014;Piazza Armerina;;EN;0;0;22196;2011;304,5376;2017;21280;2017
5;19;86;86;86015;86015;Pietraperzia;;EN;0;0;7227;2011;118,1099;2017;6747;2017
5;19;86;86;86016;86016;Regalbuto;;EN;0;0;7388;2011;170,2924;2017;7095;2017
5;19;86;86;86017;86017;Sperlinga;;EN;0;0;833;2011;59,1390;2017;763;2017
5;19;86;86;86018;86018;Troina;;EN;0;0;9628;2011;168,2777;2017;9149;2017
5;19;86;86;86019;86019;Valguarnera Caropepe;;EN;0;0;8182;2011;9,4134;2017;7541;2017
5;19;86;86;86020;86020;Villarosa;;EN;0;0;5130;2011;54,8920;2017;4772;2017
5;19;87;287;87001;87001;Aci Bonaccorsi;;CT;0;0;3200;2011;1,7242;2017;3505;2017
5;19;87;287;87002;87002;Aci Castello;;CT;0;0;18122;2011;8,7058;2017;17989;2017
5;19;87;287;87003;87003;Aci Catena;;CT;0;0;28749;2011;8,5219;2017;28393;2017
5;19;87;287;87004;87004;Acireale;;CT;0;0;51456;2011;40,4413;2017;51669;2017
5;19;87;287;87005;87005;Aci Sant'Antonio;;CT;0;0;17270;2011;14,3333;2017;17824;2017
5;19;87;287;87006;87006;Adrano;;CT;0;0;35549;2011;83,2208;2017;34627;2017
5;19;87;287;87007;87007;Belpasso;;CT;0;0;26378;2011;166,3264;2017;27514;2017
5;19;87;287;87008;87008;Biancavilla;;CT;0;0;23703;2011;70,2753;2017;23466;2017
5;19;87;287;87009;87009;Bronte;;CT;0;0;19234;2011;250,8569;2017;18817;2017
5;19;87;287;87010;87010;Calatabiano;;CT;0;0;5383;2011;26,4172;2017;5122;2017
5;19;87;287;87011;87011;Caltagirone;;CT;0;0;38123;2011;383,3735;2017;37155;2017
5;19;87;287;87012;87012;Camporotondo Etneo;;CT;0;0;4476;2011;6,5540;2017;5071;2017
5;19;87;287;87013;87013;Castel di Iudica;;CT;0;0;4748;2011;103,2097;2017;4512;2017
5;19;87;287;87014;87014;Castiglione di Sicilia;;CT;0;0;3298;2011;118,9022;2017;3105;2017
5;19;87;287;87015;87015;Catania;;CT;1;0;293902;2011;182,8952;2017;297325;2017
5;19;87;287;87016;87016;Fiumefreddo di Sicilia;;CT;0;0;9690;2011;12,1599;2017;9347;2017
5;19;87;287;87017;87017;Giarre;;CT;0;0;28114;2011;27,3544;2017;27005;2017
5;19;87;287;87018;87018;Grammichele;;CT;0;0;13064;2011;31,0163;2017;12981;2017
5;19;87;287;87019;87019;Gravina di Catania;;CT;0;0;26543;2011;5,1486;2017;25542;2017
5;19;87;287;87020;87020;Licodia Eubea;;CT;0;0;3047;2011;112,4453;2017;3006;2017
5;19;87;287;87021;87021;Linguaglossa;;CT;0;0;5416;2011;60,2466;2017;5280;2017
5;19;87;287;87022;87022;Maletto;;CT;0;0;4015;2011;40,9571;2017;3796;2017
5;19;87;287;87023;87023;Mascali;;CT;0;0;13792;2011;37,8462;2017;13924;2017
5;19;87;287;87024;87024;Mascalucia;;CT;0;0;29984;2011;16,3066;2017;30937;2017
5;19;87;287;87025;87025;Militello in Val di Catania;;CT;0;0;7807;2011;62,4748;2017;7196;2017
5;19;87;287;87026;87026;Milo;;CT;0;0;1065;2011;16,6713;2017;1038;2017
5;19;87;287;87027;87027;Mineo;;CT;0;0;5216;2011;246,3175;2017;5068;2017
5;19;87;287;87028;87028;Mirabella Imbaccari;;CT;0;0;5191;2011;15,3009;2017;4576;2017
5;19;87;287;87029;87029;Misterbianco;;CT;0;0;47356;2011;37,6868;2017;49534;2017
5;19;87;287;87030;87030;Motta Sant'Anastasia;;CT;0;0;11394;2011;35,6999;2017;12201;2017
5;19;87;287;87031;87031;Nicolosi;;CT;0;0;7156;2011;42,6505;2017;7424;2017
5;19;87;287;87032;87032;Palagonia;;CT;0;0;16540;2011;57,7851;2017;16555;2017
5;19;87;287;87033;87033;Paternò;;CT;0;0;47870;2011;144,6802;2017;47080;2017
5;19;87;287;87034;87034;Pedara;;CT;0;0;12896;2011;19,2394;2017;14479;2017
5;19;87;287;87035;87035;Piedimonte Etneo;;CT;0;0;4079;2011;26,5431;2017;4064;2017
5;19;87;287;87036;87036;Raddusa;;CT;0;0;3280;2011;23,3861;2017;3072;2017
5;19;87;287;87037;87037;Ramacca;;CT;0;0;10775;2011;306,4331;2017;10603;2017
5;19;87;287;87038;87038;Randazzo;;CT;0;0;11108;2011;205,6137;2017;10755;2017
5;19;87;287;87039;87039;Riposto;;CT;0;0;14181;2011;13,2139;2017;14246;2017
5;19;87;287;87040;87040;San Cono;;CT;0;0;2790;2011;6,6313;2017;2609;2017
5;19;87;287;87041;87041;San Giovanni la Punta;;CT;0;0;22049;2011;10,8496;2017;22743;2017
5;19;87;287;87042;87042;San Gregorio di Catania;;CT;0;0;11497;2011;5,6490;2017;11702;2017
5;19;87;287;87043;87043;San Michele di Ganzaria;;CT;0;0;3463;2011;25,8122;2017;3141;2017
5;19;87;287;87044;87044;San Pietro Clarenza;;CT;0;0;7102;2011;6,2721;2017;7760;2017
5;19;87;287;87045;87045;Sant'Agata li Battiati;;CT;0;0;9829;2011;3,1180;2017;9403;2017
5;19;87;287;87046;87046;Sant'Alfio;;CT;0;0;1631;2011;25,8595;2017;1538;2017
5;19;87;287;87047;87047;Santa Maria di Licodia;;CT;0;0;7322;2011;26,2767;2017;7562;2017
5;19;87;287;87048;87048;Santa Venerina;;CT;0;0;8351;2011;19,0259;2017;8432;2017
5;19;87;287;87049;87049;Scordia;;CT;0;0;17185;2011;24,3092;2017;16655;2017
5;19;87;287;87050;87050;Trecastagni;;CT;0;0;10482;2011;19,1562;2017;10916;2017
5;19;87;287;87051;87051;Tremestieri Etneo;;CT;0;0;21032;2011;6,4902;2017;20185;2017
5;19;87;287;87052;87052;Valverde;;CT;0;0;7714;2011;5,5218;2017;7780;2017
5;19;87;287;87053;87053;Viagrande;;CT;0;0;8155;2011;10,0944;2017;8461;2017
5;19;87;287;87054;87054;Vizzini;;CT;0;0;6409;2011;126,7508;2017;5994;2017
5;19;87;287;87055;87055;Zafferana Etnea;;CT;0;0;9249;2011;76,8653;2017;9537;2017
5;19;87;287;87056;87056;Mazzarrone;;CT;0;0;3989;2011;34,7833;2017;4035;2017
5;19;87;287;87057;87057;Maniace;;CT;0;0;3671;2011;37,7004;2017;3657;2017
5;19;87;287;87058;87058;Ragalna;;CT;0;0;3676;2011;39,5280;2017;3910;2017
5;19;88;88;88001;88001;Acate;;RG;0;0;9574;2011;102,4684;2017;10846;2017
5;19;88;88;88002;88002;Chiaramonte Gulfi;;RG;0;0;8224;2011;127,3740;2017;8060;2017
5;19;88;88;88003;88003;Comiso;;RG;0;0;29184;2011;65,4008;2017;30130;2017
5;19;88;88;88004;88004;Giarratana;;RG;0;0;3143;2011;43,6296;2017;2952;2017
5;19;88;88;88005;88005;Ispica;;RG;0;0;15122;2011;113,7530;2017;16082;2017
5;19;88;88;88006;88006;Modica;;RG;0;0;53959;2011;292,3698;2017;54123;2017
5;19;88;88;88007;88007;Monterosso Almo;;RG;0;0;3183;2011;56,5500;2017;2931;2017
5;19;88;88;88008;88008;Pozzallo;;RG;0;0;18929;2011;15,3764;2017;19186;2017
5;19;88;88;88009;88009;Ragusa;;RG;1;0;69794;2011;444,6595;2017;71883;2017
5;19;88;88;88010;88010;Santa Croce Camerina;;RG;0;0;9452;2011;41,0850;2017;10682;2017
5;19;88;88;88011;88011;Scicli;;RG;0;0;25922;2011;138,7215;2017;26666;2017
5;19;88;88;88012;88012;Vittoria;;RG;0;0;61006;2011;182,4725;2017;63141;2017
5;19;89;89;89001;89001;Augusta;;SR;0;0;36169;2011;111,1579;2017;34990;2017
5;19;89;89;89002;89002;Avola;;SR;0;0;31328;2011;74,5914;2017;31040;2017
5;19;89;89;89003;89003;Buccheri;;SR;0;0;2133;2011;57,8310;2017;1924;2017
5;19;89;89;89004;89004;Buscemi;;SR;0;0;1128;2011;52,0509;2017;1029;2017
5;19;89;89;89005;89005;Canicattini Bagni;;SR;0;0;7186;2011;15,0628;2017;6942;2017
5;19;89;89;89006;89006;Carlentini;;SR;0;0;17958;2011;158,9089;2017;17116;2017
5;19;89;89;89007;89007;Cassaro;;SR;0;0;813;2011;19,6155;2017;774;2017
5;19;89;89;89008;89008;Ferla;;SR;0;0;2600;2011;24,8976;2017;2426;2017
5;19;89;89;89009;89009;Floridia;;SR;0;0;22685;2011;26,4772;2017;21671;2017
5;19;89;89;89010;89010;Francofonte;;SR;0;0;12923;2011;74,2007;2017;12598;2017
5;19;89;89;89011;89011;Lentini;;SR;0;0;24484;2011;216,7816;2017;22939;2017
5;19;89;89;89012;89012;Melilli;;SR;0;0;13076;2011;136,4172;2017;13389;2017
5;19;89;89;89013;89013;Noto;;SR;0;0;23704;2011;554,9841;2017;23605;2017
5;19;89;89;89014;89014;Pachino;;SR;0;0;22068;2011;50,9828;2017;21636;2017
5;19;89;89;89015;89015;Palazzolo Acreide;;SR;0;0;9091;2011;87,5343;2017;8611;2017
5;19;89;89;89016;89016;Rosolini;;SR;0;0;21526;2011;76,4685;2017;20876;2017
5;19;89;89;89017;89017;Siracusa;;SR;1;0;118385;2011;207,7754;2017;120454;2017
5;19;89;89;89018;89018;Solarino;;SR;0;0;7853;2011;13,0204;2017;7943;2017
5;19;89;89;89019;89019;Sortino;;SR;0;0;8907;2011;93,3295;2017;8550;2017
5;19;89;89;89020;89020;Portopalo di Capo Passero;;SR;0;0;3749;2011;15,0908;2017;3862;2017
5;19;89;89;89021;89021;Priolo Gargallo;;SR;0;0;12167;2011;56,9227;2017;11794;2017
5;20;90;90;90001;90001;Aggius;;SS;0;0;1602;2011;86,3046;2017;1495;2017
5;20;90;90;90002;90002;Alà dei Sardi;;SS;0;0;1947;2011;197,9892;2017;1836;2017
5;20;90;90;90003;90003;Alghero;;SS;0;0;40641;2011;225,4113;2017;42616;2017
5;20;90;90;90004;90004;Anela;;SS;0;0;673;2011;36,8902;2017;639;2017
5;20;90;90;90005;90005;Ardara;;SS;0;0;800;2011;38,1886;2017;771;2017
5;20;90;90;90006;90006;Arzachena;;SS;0;0;11447;2011;230,8505;2017;13337;2017
5;20;90;90;90007;90007;Banari;;SS;0;0;610;2011;21,2509;2017;545;2017
5;20;90;90;90008;90008;Benetutti;;SS;0;0;1971;2011;94,4460;2017;1820;2017
5;20;90;90;90009;90009;Berchidda;;SS;0;0;2897;2011;201,8768;2017;2721;2017
5;20;90;90;90010;90010;Bessude;;SS;0;0;428;2011;26,7940;2017;412;2017
5;20;90;90;90011;90011;Bonnanaro;;SS;0;0;1021;2011;21,8441;2017;979;2017
5;20;90;90;90012;90012;Bono;;SS;0;0;3636;2011;74,5393;2017;3522;2017
5;20;90;90;90013;90013;Bonorva;;SS;0;0;3669;2011;149,7440;2017;3368;2017
5;20;90;90;90014;90014;Bortigiadas;;SS;0;0;800;2011;75,8973;2017;761;2017
5;20;90;90;90015;90015;Borutta;;SS;0;0;285;2011;4,7583;2017;288;2017
5;20;90;90;90016;90016;Bottidda;;SS;0;0;736;2011;33,7144;2017;673;2017
5;20;90;90;90017;90017;Buddusò;;SS;0;0;3979;2011;176,8381;2017;3827;2017
5;20;90;90;90018;90018;Bultei;;SS;0;0;1046;2011;96,8314;2017;922;2017
5;20;90;90;90019;90019;Bulzi;;SS;0;0;552;2011;21,6697;2017;497;2017
5;20;90;90;90020;90020;Burgos;;SS;0;0;944;2011;18,0770;2017;908;2017
5;20;90;90;90021;90021;Calangianus;;SS;0;0;4267;2011;126,8371;2017;4087;2017
5;20;90;90;90022;90022;Cargeghe;;SS;0;0;644;2011;12,0464;2017;618;2017
5;20;90;90;90023;90023;Castelsardo;;SS;0;0;5737;2011;43,3436;2017;5972;2017
5;20;90;90;90024;90024;Cheremule;;SS;0;0;455;2011;24,2502;2017;427;2017
5;20;90;90;90025;90025;Chiaramonti;;SS;0;0;1735;2011;98,6116;2017;1630;2017
5;20;90;90;90026;90026;Codrongianos;;SS;0;0;1346;2011;30,3907;2017;1311;2017
5;20;90;90;90027;90027;Cossoine;;SS;0;0;900;2011;39,1704;2017;833;2017
5;20;90;90;90028;90028;Esporlatu;;SS;0;0;412;2011;18,4001;2017;396;2017
5;20;90;90;90029;90029;Florinas;;SS;0;0;1547;2011;36,0608;2017;1508;2017
5;20;90;90;90030;90030;Giave;;SS;0;0;586;2011;47,0662;2017;525;2017
5;20;90;90;90031;90031;Illorai;;SS;0;0;953;2011;57,1904;2017;845;2017
5;20;90;90;90032;90032;Ittireddu;;SS;0;0;580;2011;23,6867;2017;497;2017
5;20;90;90;90033;90033;Ittiri;;SS;0;0;8868;2011;111,4578;2017;8586;2017
5;20;90;90;90034;90034;Laerru;;SS;0;0;945;2011;19,8495;2017;904;2017
5;20;90;90;90035;90035;La Maddalena;;SS;0;0;10936;2011;52,0129;2017;10988;2017
5;20;90;90;90036;90036;Luogosanto;;SS;0;0;1905;2011;135,0697;2017;1860;2017
5;20;90;90;90037;90037;Luras;;SS;0;0;2651;2011;87,5852;2017;2535;2017
5;20;90;90;90038;90038;Mara;;SS;0;0;682;2011;18,6434;2017;606;2017
5;20;90;90;90039;90039;Martis;;SS;0;0;553;2011;22,9593;2017;497;2017
5;20;90;90;90040;90040;Monteleone Rocca Doria;;SS;0;0;117;2011;13,3858;2017;107;2017
5;20;90;90;90041;90041;Monti;;SS;0;0;2488;2011;123,8220;2017;2426;2017
5;20;90;90;90042;90042;Mores;;SS;0;0;1945;2011;94,8547;2017;1910;2017
5;20;90;90;90043;90043;Muros;;SS;0;0;837;2011;11,2256;2017;841;2017
5;20;90;90;90044;90044;Nughedu San Nicolò;;SS;0;0;874;2011;67,8938;2017;801;2017
5;20;90;90;90045;90045;Nule;;SS;0;0;1427;2011;51,9467;2017;1380;2017
5;20;90;90;90046;90046;Nulvi;;SS;0;0;2851;2011;67,3750;2017;2711;2017
5;20;90;90;90047;90047;Olbia;;SS;0;0;53307;2011;383,6361;2017;59163;2017
5;20;90;90;90048;90048;Olmedo;;SS;0;0;4001;2011;33,4655;2017;4184;2017
5;20;90;90;90049;90049;Oschiri;;SS;0;0;3436;2011;215,6111;2017;3295;2017
5;20;90;90;90050;90050;Osilo;;SS;0;0;3204;2011;98,0310;2017;2986;2017
5;20;90;90;90051;90051;Ossi;;SS;0;0;5876;2011;30,0898;2017;5788;2017
5;20;90;90;90052;90052;Ozieri;;SS;0;0;10881;2011;252,1279;2017;10646;2017
5;20;90;90;90053;90053;Padria;;SS;0;0;695;2011;48,3942;2017;620;2017
5;20;90;90;90054;90054;Palau;;SS;0;0;3772;2011;44,4411;2017;4153;2017
5;20;90;90;90055;90055;Pattada;;SS;0;0;3253;2011;164,8777;2017;3058;2017
5;20;90;90;90056;90056;Perfugas;;SS;0;0;2415;2011;60,8803;2017;2370;2017
5;20;90;90;90057;90057;Ploaghe;;SS;0;0;4653;2011;96,2684;2017;4503;2017
5;20;90;90;90058;90058;Porto Torres;;SS;0;0;22391;2011;104,5108;2017;22106;2017
5;20;90;90;90059;90059;Pozzomaggiore;;SS;0;0;2717;2011;78,7714;2017;2580;2017
5;20;90;90;90060;90060;Putifigari;;SS;0;0;757;2011;53,1002;2017;720;2017
5;20;90;90;90061;90061;Romana;;SS;0;0;578;2011;21,5953;2017;542;2017
5;20;90;90;90062;90062;Aglientu;;SS;0;0;1171;2011;148,1899;2017;1236;2017
5;20;90;90;90063;90063;Santa Teresa Gallura;;SS;0;0;5018;2011;102,2847;2017;5311;2017
5;20;90;90;90064;90064;Sassari;;SS;1;0;123782;2011;547,0333;2017;125815;2017
5;20;90;90;90065;90065;Sedini;;SS;0;0;1378;2011;40,5057;2017;1338;2017
5;20;90;90;90066;90066;Semestene;;SS;0;0;171;2011;39,5828;2017;149;2017
5;20;90;90;90067;90067;Sennori;;SS;0;0;7375;2011;31,3396;2017;7164;2017
5;20;90;90;90068;90068;Siligo;;SS;0;0;912;2011;43,4487;2017;855;2017
5;20;90;90;90069;90069;Sorso;;SS;0;0;14300;2011;67,0106;2017;14605;2017
5;20;90;90;90070;90070;Tempio Pausania;;SS;0;0;13946;2011;210,8176;2017;13877;2017
5;20;90;90;90071;90071;Thiesi;;SS;0;0;3005;2011;63,2444;2017;2929;2017
5;20;90;90;90072;90072;Tissi;;SS;0;0;2289;2011;10,2376;2017;2399;2017
5;20;90;90;90073;90073;Torralba;;SS;0;0;998;2011;36,5029;2017;942;2017
5;20;90;90;90074;90074;Trinità d'Agultu e Vignola;;SS;0;0;2155;2011;134,0008;2017;2256;2017
5;20;90;90;90075;90075;Tula;;SS;0;0;1598;2011;66,1853;2017;1541;2017
5;20;90;90;90076;90076;Uri;;SS;0;0;3016;2011;56,8063;2017;2958;2017
5;20;90;90;90077;90077;Usini;;SS;0;0;4321;2011;30,7367;2017;4348;2017
5;20;90;90;90078;90078;Villanova Monteleone;;SS;0;0;2375;2011;202,6815;2017;2286;2017
5;20;90;90;90079;90079;Valledoria;;SS;0;0;4091;2011;25,9539;2017;4311;2017
5;20;90;90;90080;90080;Telti;;SS;0;0;2222;2011;83,2468;2017;2275;2017
5;20;90;90;90081;90081;Badesi;;SS;0;0;1898;2011;31,3026;2017;1858;2017
5;20;90;90;90082;90082;Viddalba;;SS;0;0;1694;2011;50,4089;2017;1697;2017
5;20;90;90;90083;90083;Golfo Aranci;;SS;0;0;2288;2011;37,4285;2017;2459;2017
5;20;90;90;90084;90084;Loiri Porto San Paolo;;SS;0;0;3234;2011;118,5196;2017;3501;2017
5;20;90;90;90085;90085;Sant'Antonio di Gallura;;SS;0;0;1619;2011;81,6928;2017;1506;2017
5;20;90;90;90086;90086;Tergu;;SS;0;0;614;2011;36,8773;2017;597;2017
5;20;90;90;90087;90087;Santa Maria Coghinas;;SS;0;0;1430;2011;22,9701;2017;1396;2017
5;20;90;90;90088;90088;Erula;;SS;0;0;766;2011;39,3115;2017;730;2017
5;20;90;90;90089;90089;Stintino;;SS;0;0;1501;2011;59,0430;2017;1553;2017
5;20;90;90;90090;90090;Padru;;SS;0;0;2130;2011;157,9960;2017;2098;2017
5;20;90;90;90091;90091;Budoni;;SS;0;0;4846;2011;54,2785;2017;5131;2017
5;20;90;90;90092;90092;San Teodoro;;SS;0;0;4540;2011;107,5989;2017;4936;2017
5;20;91;91;91001;91001;Aritzo;;NU;0;0;1328;2011;75,5753;2017;1300;2017
5;20;91;91;91002;91002;Arzana;;NU;0;0;2501;2011;162,4860;2017;2438;2017
5;20;91;91;91003;91003;Atzara;;NU;0;0;1210;2011;35,9218;2017;1129;2017
5;20;91;91;91004;91004;Austis;;NU;0;0;876;2011;50,8081;2017;808;2017
5;20;91;91;91005;91005;Bari Sardo;;NU;0;0;3938;2011;37,4258;2017;3964;2017
5;20;91;91;91006;91006;Baunei;;NU;0;0;3716;2011;211,8973;2017;3588;2017
5;20;91;91;91007;91007;Belvì;;NU;0;0;665;2011;18,1022;2017;600;2017
5;20;91;91;91008;91008;Birori;;NU;0;0;561;2011;17,3275;2017;525;2017
5;20;91;91;91009;91009;Bitti;;NU;0;0;3019;2011;215,3679;2017;2806;2017
5;20;91;91;91010;91010;Bolotana;;NU;0;0;2846;2011;108,4346;2017;2588;2017
5;20;91;91;91011;91011;Borore;;NU;0;0;2190;2011;42,6755;2017;2098;2017
5;20;91;91;91012;91012;Bortigali;;NU;0;0;1417;2011;67,3270;2017;1323;2017
5;20;91;91;91016;91016;Desulo;;NU;0;0;2465;2011;74,4978;2017;2307;2017
5;20;91;91;91017;91017;Dorgali;;NU;0;0;8524;2011;226,5328;2017;8583;2017
5;20;91;91;91018;91018;Dualchi;;NU;0;0;668;2011;23,4099;2017;610;2017
5;20;91;91;91019;91019;Elini;;NU;0;0;550;2011;10,6497;2017;559;2017
5;20;91;91;91024;91024;Fonni;;NU;0;0;4062;2011;112,2661;2017;3861;2017
5;20;91;91;91025;91025;Gadoni;;NU;0;0;886;2011;43,4345;2017;785;2017
5;20;91;91;91026;91026;Gairo;;NU;0;0;1514;2011;77,4900;2017;1413;2017
5;20;91;91;91027;91027;Galtellì;;NU;0;0;2472;2011;56,5300;2017;2434;2017
5;20;91;91;91028;91028;Gavoi;;NU;0;0;2790;2011;38,0587;2017;2629;2017
5;20;91;91;91031;91031;Girasole;;NU;0;0;1191;2011;13,1613;2017;1306;2017
5;20;91;91;91032;91032;Ilbono;;NU;0;0;2207;2011;31,1320;2017;2208;2017
5;20;91;91;91033;91033;Irgoli;;NU;0;0;2345;2011;75,2988;2017;2301;2017
5;20;91;91;91035;91035;Jerzu;;NU;0;0;3228;2011;102,4051;2017;3188;2017
5;20;91;91;91037;91037;Lanusei;;NU;0;0;5492;2011;53,1687;2017;5332;2017
5;20;91;91;91038;91038;Lei;;NU;0;0;566;2011;19,1146;2017;506;2017
5;20;91;91;91039;91039;Loceri;;NU;0;0;1278;2011;19,3735;2017;1292;2017
5;20;91;91;91040;91040;Loculi;;NU;0;0;515;2011;38,1494;2017;516;2017
5;20;91;91;91041;91041;Lodè;;NU;0;0;1894;2011;123,4437;2017;1665;2017
5;20;91;91;91042;91042;Lotzorai;;NU;0;0;2151;2011;16,8669;2017;2159;2017
5;20;91;91;91043;91043;Lula;;NU;0;0;1495;2011;148,7146;2017;1372;2017
5;20;91;91;91044;91044;Macomer;;NU;0;0;10511;2011;122,7633;2017;10000;2017
5;20;91;91;91046;91046;Mamoiada;;NU;0;0;2559;2011;48,8294;2017;2514;2017
5;20;91;91;91047;91047;Meana Sardo;;NU;0;0;1913;2011;73,8037;2017;1784;2017
5;20;91;91;91050;91050;Noragugume;;NU;0;0;338;2011;26,7317;2017;311;2017
5;20;91;91;91051;91051;Nuoro;;NU;1;0;36674;2011;192,0590;2017;35762;2017
5;20;91;91;91055;91055;Oliena;;NU;0;0;7355;2011;165,7374;2017;6963;2017
5;20;91;91;91056;91056;Ollolai;;NU;0;0;1373;2011;27,2372;2017;1282;2017
5;20;91;91;91057;91057;Olzai;;NU;0;0;903;2011;69,8209;2017;866;2017
5;20;91;91;91058;91058;Onanì;;NU;0;0;430;2011;71,9700;2017;373;2017
5;20;91;91;91059;91059;Onifai;;NU;0;0;742;2011;43,1843;2017;723;2017
5;20;91;91;91060;91060;Oniferi;;NU;0;0;925;2011;35,6734;2017;915;2017
5;20;91;91;91061;91061;Orani;;NU;0;0;3007;2011;130,4318;2017;2856;2017
5;20;91;91;91062;91062;Orgosolo;;NU;0;0;4347;2011;222,5957;2017;4186;2017
5;20;91;91;91063;91063;Orosei;;NU;0;0;6794;2011;90,9957;2017;6959;2017
5;20;91;91;91064;91064;Orotelli;;NU;0;0;2152;2011;61,1765;2017;2010;2017
5;20;91;91;91066;91066;Ortueri;;NU;0;0;1262;2011;38,8335;2017;1143;2017
5;20;91;91;91067;91067;Orune;;NU;0;0;2561;2011;128,4462;2017;2306;2017
5;20;91;91;91068;91068;Osidda;;NU;0;0;230;2011;25,6759;2017;241;2017
5;20;91;91;91069;91069;Osini;;NU;0;0;811;2011;39,8140;2017;766;2017
5;20;91;91;91070;91070;Ottana;;NU;0;0;2384;2011;45,0708;2017;2302;2017
5;20;91;91;91071;91071;Ovodda;;NU;0;0;1627;2011;40,8474;2017;1598;2017
5;20;91;91;91072;91072;Perdasdefogu;;NU;0;0;2042;2011;77,7449;2017;1865;2017
5;20;91;91;91073;91073;Posada;;NU;0;0;2737;2011;32,7669;2017;2939;2017
5;20;91;91;91077;91077;Sarule;;NU;0;0;1770;2011;52,7148;2017;1692;2017
5;20;91;91;91083;91083;Silanus;;NU;0;0;2200;2011;47,9345;2017;2122;2017
5;20;91;91;91084;91084;Sindia;;NU;0;0;1811;2011;58,5657;2017;1699;2017
5;20;91;91;91085;91085;Siniscola;;NU;0;0;11469;2011;196,4124;2017;11586;2017
5;20;91;91;91086;91086;Sorgono;;NU;0;0;1753;2011;56,0512;2017;1661;2017
5;20;91;91;91088;91088;Talana;;NU;0;0;1069;2011;118,6731;2017;1021;2017
5;20;91;91;91089;91089;Tertenia;;NU;0;0;3815;2011;117,6501;2017;3893;2017
5;20;91;91;91090;91090;Teti;;NU;0;0;690;2011;43,8006;2017;666;2017
5;20;91;91;91091;91091;Tiana;;NU;0;0;521;2011;19,3156;2017;483;2017
5;20;91;91;91093;91093;Tonara;;NU;0;0;2116;2011;52,0143;2017;2012;2017
5;20;91;91;91094;91094;Torpè;;NU;0;0;2891;2011;91,5027;2017;2796;2017
5;20;91;91;91095;91095;Tortolì;;NU;0;0;10743;2011;40,2850;2017;10813;2017
5;20;91;91;91097;91097;Triei;;NU;0;0;1126;2011;32,9802;2017;1142;2017
5;20;91;91;91098;91098;Ulassai;;NU;0;0;1517;2011;122,4109;2017;1451;2017
5;20;91;91;91099;91099;Urzulei;;NU;0;0;1295;2011;129,6349;2017;1211;2017
5;20;91;91;91100;91100;Ussassai;;NU;0;0;599;2011;47,3230;2017;556;2017
5;20;91;91;91101;91101;Villagrande Strisaili;;NU;0;0;3376;2011;210,3510;2017;3193;2017
5;20;91;91;91103;91103;Cardedu;;NU;0;0;1809;2011;33,3890;2017;1912;2017
5;20;91;91;91104;91104;Lodine;;NU;0;0;358;2011;7,7001;2017;334;2017
5;20;92;292;92003;92003;Assemini;;CA;0;0;26620;2011;118,1723;2017;26489;2017
5;20;92;292;92009;92009;Cagliari;;CA;1;1;149883;2011;84,5839;2017;151171;2017
5;20;92;292;92011;92011;Capoterra;;CA;0;0;23255;2011;68,4888;2017;22790;2017
5;20;92;292;92015;92015;Decimomannu;;CA;0;0;7831;2011;27,7167;2017;8196;2017
5;20;92;292;92037;92037;Maracalagonis;;CA;0;0;7523;2011;101,3687;2017;7831;2017
5;20;92;292;92050;92050;Pula;;CA;0;0;7141;2011;138,9157;2017;7233;2017
5;20;92;292;92051;92051;Quartu Sant'Elena;;CA;0;0;69296;2011;96,4102;2017;69434;2017
5;20;92;292;92066;92066;Sarroch;;CA;0;0;5198;2011;67,8293;2017;5253;2017
5;20;92;292;92068;92068;Selargius;;CA;0;0;28684;2011;26,6857;2017;29286;2017
5;20;92;292;92074;92074;Sestu;;CA;0;0;19893;2011;48,2851;2017;20748;2017
5;20;92;292;92075;92075;Settimo San Pietro;;CA;0;0;6532;2011;23,2940;2017;6748;2017
5;20;92;292;92080;92080;Sinnai;;CA;0;0;16730;2011;223,9080;2017;17095;2017
5;20;92;292;92090;92090;Uta;;CA;0;0;7859;2011;134,7065;2017;8666;2017
5;20;92;292;92099;92099;Villa San Pietro;;CA;0;0;2009;2011;39,8870;2017;2131;2017
5;20;92;292;92105;92105;Quartucciu;;CA;0;0;12825;2011;27,9315;2017;13145;2017
5;20;92;292;92108;92108;Elmas;;CA;0;0;8949;2011;14,0545;2017;9381;2017
5;20;92;292;92109;92109;Monserrato;;CA;0;0;20449;2011;6,4217;2017;19609;2017
2;6;93;93;93001;93001;Andreis;;PN;0;0;282;2011;26,9502;2017;254;2017
2;6;93;93;93002;93002;Arba;;PN;0;0;1309;2011;15,3112;2017;1267;2017
2;6;93;93;93004;93004;Aviano;;PN;0;0;9025;2011;113,3483;2017;8820;2017
2;6;93;93;93005;93005;Azzano Decimo;;PN;0;0;15554;2011;51,3378;2017;15586;2017
2;6;93;93;93006;93006;Barcis;;PN;0;0;261;2011;103,4107;2017;255;2017
2;6;93;93;93007;93007;Brugnera;;PN;0;0;9254;2011;29,1193;2017;9210;2017
2;6;93;93;93008;93008;Budoia;;PN;0;0;2552;2011;37,3582;2017;2558;2017
2;6;93;93;93009;93009;Caneva;;PN;0;0;6504;2011;41,7946;2017;6384;2017
2;6;93;93;93010;93010;Casarsa della Delizia;;PN;0;0;8440;2011;20,4660;2017;8393;2017
2;6;93;93;93011;93011;Castelnovo del Friuli;;PN;0;0;913;2011;22,4812;2017;861;2017
2;6;93;93;93012;93012;Cavasso Nuovo;;PN;0;0;1606;2011;10,5962;2017;1522;2017
2;6;93;93;93013;93013;Chions;;PN;0;0;5188;2011;33,4461;2017;5122;2017
2;6;93;93;93014;93014;Cimolais;;PN;0;0;421;2011;100,8511;2017;365;2017
2;6;93;93;93015;93015;Claut;;PN;0;0;1005;2011;165,9013;2017;952;2017
2;6;93;93;93016;93016;Clauzetto;;PN;0;0;390;2011;28,3078;2017;384;2017
2;6;93;93;93017;93017;Cordenons;;PN;0;0;18203;2011;56,3393;2017;17833;2017
2;6;93;93;93018;93018;Cordovado;;PN;0;0;2748;2011;12,0182;2017;2733;2017
2;6;93;93;93019;93019;Erto e Casso;;PN;0;0;387;2011;52,4192;2017;372;2017
2;6;93;93;93020;93020;Fanna;;PN;0;0;1556;2011;10,2629;2017;1545;2017
2;6;93;93;93021;93021;Fiume Veneto;;PN;0;0;11486;2011;35,7555;2017;11660;2017
2;6;93;93;93022;93022;Fontanafredda;;PN;0;0;11537;2011;46,4018;2017;12377;2017
2;6;93;93;93024;93024;Frisanco;;PN;0;0;645;2011;60,9870;2017;597;2017
2;6;93;93;93025;93025;Maniago;;PN;0;0;11818;2011;69,4596;2017;11662;2017
2;6;93;93;93026;93026;Meduno;;PN;0;0;1674;2011;31,5906;2017;1531;2017
2;6;93;93;93027;93027;Montereale Valcellina;;PN;0;0;4517;2011;67,8802;2017;4336;2017
2;6;93;93;93028;93028;Morsano al Tagliamento;;PN;0;0;2865;2011;32,5331;2017;2794;2017
2;6;93;93;93029;93029;Pasiano di Pordenone;;PN;0;0;7843;2011;45,5945;2017;7600;2017
2;6;93;93;93030;93030;Pinzano al Tagliamento;;PN;0;0;1567;2011;21,9508;2017;1509;2017
2;6;93;93;93031;93031;Polcenigo;;PN;0;0;3176;2011;49,6887;2017;3131;2017
2;6;93;93;93032;93032;Porcia;;PN;0;0;15251;2011;29,5333;2017;15221;2017
2;6;93;93;93033;93033;Pordenone;;PN;1;0;50583;2011;38,2114;2017;51143;2017
2;6;93;93;93034;93034;Prata di Pordenone;;PN;0;0;8451;2011;22,9602;2017;8378;2017
2;6;93;93;93035;93035;Pravisdomini;;PN;0;0;3471;2011;16,2091;2017;3467;2017
2;6;93;93;93036;93036;Roveredo in Piano;;PN;0;0;5779;2011;15,8565;2017;5933;2017
2;6;93;93;93037;93037;Sacile;;PN;0;0;19897;2011;32,7407;2017;19727;2017
2;6;93;93;93038;93038;San Giorgio della Richinvelda;;PN;0;0;4530;2011;48,1525;2017;4579;2017
2;6;93;93;93039;93039;San Martino al Tagliamento;;PN;0;0;1496;2011;17,9790;2017;1461;2017
2;6;93;93;93040;93040;San Quirino;;PN;0;0;4274;2011;51,7586;2017;4272;2017
2;6;93;93;93041;93041;San Vito al Tagliamento;;PN;0;0;15011;2011;60,8809;2017;15056;2017
2;6;93;93;93042;93042;Sequals;;PN;0;0;2221;2011;27,7045;2017;2227;2017
2;6;93;93;93043;93043;Sesto al Reghena;;PN;0;0;6319;2011;40,6729;2017;6331;2017
2;6;93;93;93044;93044;Spilimbergo;;PN;0;0;11902;2011;71,8756;2017;12034;2017
2;6;93;93;93045;93045;Tramonti di Sopra;;PN;0;0;358;2011;125,1433;2017;302;2017
2;6;93;93;93046;93046;Tramonti di Sotto;;PN;0;0;410;2011;85,5471;2017;366;2017
2;6;93;93;93047;93047;Travesio;;PN;0;0;1814;2011;28,3790;2017;1787;2017
2;6;93;93;93049;93049;Vito d'Asio;;PN;0;0;818;2011;53,7145;2017;737;2017
2;6;93;93;93050;93050;Vivaro;;PN;0;0;1399;2011;37,6768;2017;1333;2017
2;6;93;93;93051;93051;Zoppola;;PN;0;0;8419;2011;45,5349;2017;8407;2017
2;6;93;93;93052;93052;Vajont;;PN;0;0;1715;2011;1,5859;2017;1649;2017
2;6;93;93;93053;93053;Valvasone Arzene;;PN;0;0;3967;2011;29,6750;2017;3923;2017
4;14;94;94;94001;94001;Acquaviva d'Isernia;;IS;0;0;455;2011;13,5139;2017;411;2017
4;14;94;94;94002;94002;Agnone;;IS;0;0;5240;2011;96,8489;2017;5054;2017
4;14;94;94;94003;94003;Bagnoli del Trigno;;IS;0;0;772;2011;36,8009;2017;706;2017
4;14;94;94;94004;94004;Belmonte del Sannio;;IS;0;0;810;2011;20,3167;2017;734;2017
4;14;94;94;94005;94005;Cantalupo nel Sannio;;IS;0;0;729;2011;15,6380;2017;760;2017
4;14;94;94;94006;94006;Capracotta;;IS;0;0;950;2011;42,5447;2017;884;2017
4;14;94;94;94007;94007;Carovilli;;IS;0;0;1428;2011;41,5624;2017;1330;2017
4;14;94;94;94008;94008;Carpinone;;IS;0;0;1226;2011;32,4292;2017;1138;2017
4;14;94;94;94009;94009;Castel del Giudice;;IS;0;0;355;2011;14,8083;2017;335;2017
4;14;94;94;94010;94010;Castelpetroso;;IS;0;0;1662;2011;22,7064;2017;1638;2017
4;14;94;94;94011;94011;Castelpizzuto;;IS;0;0;159;2011;15,3894;2017;159;2017
4;14;94;94;94012;94012;Castel San Vincenzo;;IS;0;0;545;2011;21,9784;2017;509;2017
4;14;94;94;94013;94013;Castelverrino;;IS;0;0;124;2011;6,1987;2017;109;2017
4;14;94;94;94014;94014;Cerro al Volturno;;IS;0;0;1341;2011;23,7896;2017;1251;2017
4;14;94;94;94015;94015;Chiauci;;IS;0;0;268;2011;15,8538;2017;220;2017
4;14;94;94;94016;94016;Civitanova del Sannio;;IS;0;0;955;2011;50,4723;2017;915;2017
4;14;94;94;94017;94017;Colli a Volturno;;IS;0;0;1382;2011;25,2497;2017;1349;2017
4;14;94;94;94018;94018;Conca Casale;;IS;0;0;214;2011;14,4296;2017;187;2017
4;14;94;94;94019;94019;Filignano;;IS;0;0;689;2011;30,8761;2017;623;2017
4;14;94;94;94020;94020;Forlì del Sannio;;IS;0;0;735;2011;32,5616;2017;684;2017
4;14;94;94;94021;94021;Fornelli;;IS;0;0;1925;2011;23,1728;2017;1905;2017
4;14;94;94;94022;94022;Frosolone;;IS;0;0;3255;2011;49,8862;2017;3166;2017
4;14;94;94;94023;94023;Isernia;;IS;1;0;22025;2011;69,1501;2017;21331;2017
4;14;94;94;94024;94024;Longano;;IS;0;0;697;2011;27,3726;2017;670;2017
4;14;94;94;94025;94025;Macchia d'Isernia;;IS;0;0;979;2011;17,7115;2017;1097;2017
4;14;94;94;94026;94026;Macchiagodena;;IS;0;0;1844;2011;34,3511;2017;1813;2017
4;14;94;94;94027;94027;Miranda;;IS;0;0;1064;2011;22,1461;2017;1009;2017
4;14;94;94;94028;94028;Montaquila;;IS;0;0;2451;2011;25,4490;2017;2444;2017
4;14;94;94;94029;94029;Montenero Val Cocchiara;;IS;0;0;558;2011;22,0189;2017;516;2017
4;14;94;94;94030;94030;Monteroduni;;IS;0;0;2267;2011;37,2123;2017;2171;2017
4;14;94;94;94031;94031;Pesche;;IS;0;0;1577;2011;12,9625;2017;1675;2017
4;14;94;94;94032;94032;Pescolanciano;;IS;0;0;878;2011;34,7337;2017;851;2017
4;14;94;94;94033;94033;Pescopennataro;;IS;0;0;300;2011;18,8320;2017;274;2017
4;14;94;94;94034;94034;Pettoranello del Molise;;IS;0;0;459;2011;15,5840;2017;447;2017
4;14;94;94;94035;94035;Pietrabbondante;;IS;0;0;826;2011;27,4436;2017;733;2017
4;14;94;94;94036;94036;Pizzone;;IS;0;0;335;2011;33,4825;2017;325;2017
4;14;94;94;94037;94037;Poggio Sannita;;IS;0;0;764;2011;25,7364;2017;647;2017
4;14;94;94;94038;94038;Pozzilli;;IS;0;0;2275;2011;34,6597;2017;2300;2017
4;14;94;94;94039;94039;Rionero Sannitico;;IS;0;0;1129;2011;29,2126;2017;1132;2017
4;14;94;94;94040;94040;Roccamandolfi;;IS;0;0;987;2011;53,6623;2017;939;2017
4;14;94;94;94041;94041;Roccasicura;;IS;0;0;559;2011;28,6049;2017;537;2017
4;14;94;94;94042;94042;Rocchetta a Volturno;;IS;0;0;1064;2011;23,3409;2017;1130;2017
4;14;94;94;94043;94043;San Pietro Avellana;;IS;0;0;537;2011;44,9457;2017;528;2017
4;14;94;94;94044;94044;Sant'Agapito;;IS;0;0;1387;2011;15,9289;2017;1480;2017
4;14;94;94;94045;94045;Santa Maria del Molise;;IS;0;0;635;2011;17,1965;2017;657;2017
4;14;94;94;94046;94046;Sant'Angelo del Pesco;;IS;0;0;368;2011;15,5895;2017;359;2017
4;14;94;94;94047;94047;Sant'Elena Sannita;;IS;0;0;260;2011;14,0760;2017;297;2017
4;14;94;94;94048;94048;Scapoli;;IS;0;0;758;2011;18,9353;2017;642;2017
4;14;94;94;94049;94049;Sessano del Molise;;IS;0;0;744;2011;25,3179;2017;734;2017
4;14;94;94;94050;94050;Sesto Campano;;IS;0;0;2331;2011;35,3166;2017;2340;2017
4;14;94;94;94051;94051;Vastogirardi;;IS;0;0;728;2011;60,7037;2017;684;2017
4;14;94;94;94052;94052;Venafro;;IS;0;0;11236;2011;46,4518;2017;11142;2017
5;20;95;95;95001;95001;Abbasanta;;OR;0;0;2828;2011;39,8469;2017;2647;2017
5;20;95;95;95002;95002;Aidomaggiore;;OR;0;0;472;2011;41,2051;2017;442;2017
5;20;95;95;95003;95003;Albagiara;;OR;0;0;277;2011;8,8673;2017;256;2017
5;20;95;95;95004;95004;Ales;;OR;0;0;1515;2011;22,4520;2017;1396;2017
5;20;95;95;95005;95005;Allai;;OR;0;0;370;2011;27,3604;2017;359;2017
5;20;95;95;95006;95006;Arborea;;OR;0;0;4048;2011;94,7921;2017;3920;2017
5;20;95;95;95007;95007;Ardauli;;OR;0;0;946;2011;20,5295;2017;853;2017
5;20;95;95;95008;95008;Assolo;;OR;0;0;434;2011;16,3723;2017;375;2017
5;20;95;95;95009;95009;Asuni;;OR;0;0;357;2011;21,3433;2017;346;2017
5;20;95;95;95010;95010;Baradili;;OR;0;0;90;2011;5,5735;2017;83;2017
5;20;95;95;95011;95011;Baratili San Pietro;;OR;0;0;1329;2011;6,0966;2017;1298;2017
5;20;95;95;95012;95012;Baressa;;OR;0;0;723;2011;12,5116;2017;635;2017
5;20;95;95;95013;95013;Bauladu;;OR;0;0;703;2011;24,2197;2017;675;2017
5;20;95;95;95014;95014;Bidonì;;OR;0;0;147;2011;11,7239;2017;145;2017
5;20;95;95;95015;95015;Bonarcado;;OR;0;0;1627;2011;28,4117;2017;1586;2017
5;20;95;95;95016;95016;Boroneddu;;OR;0;0;165;2011;4,5886;2017;158;2017
5;20;95;95;95017;95017;Busachi;;OR;0;0;1379;2011;59,0266;2017;1276;2017
5;20;95;95;95018;95018;Cabras;;OR;0;0;9032;2011;102,2534;2017;9284;2017
5;20;95;95;95019;95019;Cuglieri;;OR;0;0;2811;2011;120,5970;2017;2642;2017
5;20;95;95;95020;95020;Fordongianus;;OR;0;0;939;2011;39,4817;2017;878;2017
5;20;95;95;95021;95021;Ghilarza;;OR;0;0;4615;2011;55,4597;2017;4449;2017
5;20;95;95;95022;95022;Gonnoscodina;;OR;0;0;505;2011;8,8205;2017;470;2017
5;20;95;95;95023;95023;Gonnosnò;;OR;0;0;800;2011;15,4582;2017;758;2017
5;20;95;95;95024;95024;Gonnostramatza;;OR;0;0;943;2011;17,6423;2017;887;2017
5;20;95;95;95025;95025;Marrubiu;;OR;0;0;4921;2011;61,2346;2017;4794;2017
5;20;95;95;95026;95026;Masullas;;OR;0;0;1129;2011;18,6808;2017;1061;2017
5;20;95;95;95027;95027;Milis;;OR;0;0;1591;2011;18,6691;2017;1513;2017
5;20;95;95;95028;95028;Mogorella;;OR;0;0;463;2011;17,0619;2017;443;2017
5;20;95;95;95029;95029;Mogoro;;OR;0;0;4354;2011;48,9861;2017;4092;2017
5;20;95;95;95030;95030;Morgongiori;;OR;0;0;777;2011;45,1972;2017;716;2017
5;20;95;95;95031;95031;Narbolia;;OR;0;0;1801;2011;40,5004;2017;1760;2017
5;20;95;95;95032;95032;Neoneli;;OR;0;0;713;2011;48,0142;2017;693;2017
5;20;95;95;95033;95033;Norbello;;OR;0;0;1178;2011;26,1807;2017;1310;2017
5;20;95;95;95034;95034;Nughedu Santa Vittoria;;OR;0;0;508;2011;28,5715;2017;476;2017
5;20;95;95;95035;95035;Nurachi;;OR;0;0;1790;2011;15,9653;2017;1752;2017
5;20;95;95;95036;95036;Nureci;;OR;0;0;348;2011;12,8665;2017;357;2017
5;20;95;95;95037;95037;Ollastra;;OR;0;0;1255;2011;21,4698;2017;1223;2017
5;20;95;95;95038;95038;Oristano;;OR;1;0;31155;2011;84,5723;2017;30907;2017
5;20;95;95;95039;95039;Palmas Arborea;;OR;0;0;1482;2011;39,3276;2017;1523;2017
5;20;95;95;95040;95040;Pau;;OR;0;0;300;2011;13,8160;2017;300;2017
5;20;95;95;95041;95041;Paulilatino;;OR;0;0;2347;2011;103,8471;2017;2204;2017
5;20;95;95;95042;95042;Pompu;;OR;0;0;278;2011;5,3157;2017;253;2017
5;20;95;95;95043;95043;Riola Sardo;;OR;0;0;2146;2011;48,1091;2017;2133;2017
5;20;95;95;95044;95044;Ruinas;;OR;0;0;728;2011;30,4581;2017;670;2017
5;20;95;95;95045;95045;Samugheo;;OR;0;0;3183;2011;81,2826;2017;3033;2017
5;20;95;95;95046;95046;San Nicolò d'Arcidano;;OR;0;0;2811;2011;28,3569;2017;2606;2017
5;20;95;95;95047;95047;Santa Giusta;;OR;0;0;4811;2011;69,2151;2017;4800;2017
5;20;95;95;95048;95048;Villa Sant'Antonio;;OR;0;0;382;2011;19,0500;2017;354;2017
5;20;95;95;95049;95049;Santu Lussurgiu;;OR;0;0;2440;2011;99,7954;2017;2372;2017
5;20;95;95;95050;95050;San Vero Milis;;OR;0;0;2526;2011;72,4749;2017;2503;2017
5;20;95;95;95051;95051;Scano di Montiferro;;OR;0;0;1580;2011;60,4676;2017;1495;2017
5;20;95;95;95052;95052;Sedilo;;OR;0;0;2216;2011;68,4524;2017;2103;2017
5;20;95;95;95053;95053;Seneghe;;OR;0;0;1847;2011;57,8527;2017;1756;2017
5;20;95;95;95054;95054;Senis;;OR;0;0;479;2011;16,0628;2017;438;2017
5;20;95;95;95055;95055;Sennariolo;;OR;0;0;183;2011;15,6128;2017;185;2017
5;20;95;95;95056;95056;Siamaggiore;;OR;0;0;970;2011;13,1726;2017;923;2017
5;20;95;95;95057;95057;Siamanna;;OR;0;0;824;2011;28,3563;2017;817;2017
5;20;95;95;95058;95058;Simala;;OR;0;0;357;2011;13,3786;2017;316;2017
5;20;95;95;95059;95059;Simaxis;;OR;0;0;2309;2011;27,8199;2017;2229;2017
5;20;95;95;95060;95060;Sini;;OR;0;0;515;2011;8,7514;2017;535;2017
5;20;95;95;95061;95061;Siris;;OR;0;0;224;2011;6,0044;2017;232;2017
5;20;95;95;95062;95062;Solarussa;;OR;0;0;2467;2011;31,8589;2017;2367;2017
5;20;95;95;95063;95063;Sorradile;;OR;0;0;417;2011;26,3402;2017;364;2017
5;20;95;95;95064;95064;Tadasuni;;OR;0;0;184;2011;5,0943;2017;147;2017
5;20;95;95;95065;95065;Terralba;;OR;0;0;10440;2011;49,9709;2017;10156;2017
5;20;95;95;95066;95066;Tramatza;;OR;0;0;997;2011;16,7998;2017;951;2017
5;20;95;95;95067;95067;Tresnuraghes;;OR;0;0;1215;2011;31,5843;2017;1162;2017
5;20;95;95;95068;95068;Ulà Tirso;;OR;0;0;580;2011;18,8464;2017;575;2017
5;20;95;95;95069;95069;Uras;;OR;0;0;2960;2011;39,2388;2017;2841;2017
5;20;95;95;95070;95070;Usellus;;OR;0;0;854;2011;35,0735;2017;771;2017
5;20;95;95;95071;95071;Villanova Truschedu;;OR;0;0;323;2011;16,6098;2017;296;2017
5;20;95;95;95072;95072;Villaurbana;;OR;0;0;1731;2011;58,7001;2017;1624;2017
5;20;95;95;95073;95073;Villa Verde;;OR;0;0;335;2011;17,6511;2017;304;2017
5;20;95;95;95074;95074;Zeddiani;;OR;0;0;1158;2011;11,8094;2017;1151;2017
5;20;95;95;95075;95075;Zerfaliu;;OR;0;0;1172;2011;15,5607;2017;1057;2017
5;20;95;95;95076;95076;Siapiccia;;OR;0;0;370;2011;17,9310;2017;355;2017
5;20;95;95;95077;95077;Curcuris;;OR;0;0;314;2011;7,1807;2017;300;2017
5;20;95;95;95078;95078;Soddì;;OR;0;0;116;2011;5,2425;2017;118;2017
5;20;95;95;95079;95079;Bosa;;OR;0;0;8026;2011;128,0155;2017;7905;2017
5;20;95;95;95080;95080;Flussio;;OR;0;0;454;2011;6,8744;2017;433;2017
5;20;95;95;95082;95082;Laconi;;OR;0;0;2008;2011;124,7513;2017;1847;2017
5;20;95;95;95083;95083;Magomadas;;OR;0;0;643;2011;9,0198;2017;626;2017
5;20;95;95;95084;95084;Modolo;;OR;0;0;165;2011;2,4744;2017;164;2017
5;20;95;95;95085;95085;Montresta;;OR;0;0;535;2011;31,1594;2017;471;2017
5;20;95;95;95086;95086;Sagama;;OR;0;0;193;2011;11,7228;2017;200;2017
5;20;95;95;95087;95087;Suni;;OR;0;0;1130;2011;47,4624;2017;1076;2017
5;20;95;95;95088;95088;Tinnura;;OR;0;0;268;2011;3,8487;2017;241;2017
1;1;96;96;96001;96001;Ailoche;;BI;0;0;330;2011;10,7826;2017;322;2017
1;1;96;96;96002;96002;Andorno Micca;;BI;0;0;3407;2011;11,8868;2017;3177;2017
1;1;96;96;96003;96003;Benna;;BI;0;0;1190;2011;9,3890;2017;1172;2017
1;1;96;96;96004;96004;Biella;;BI;1;0;43818;2011;46,6883;2017;44489;2017
1;1;96;96;96005;96005;Bioglio;;BI;0;0;986;2011;18,8452;2017;899;2017
1;1;96;96;96006;96006;Borriana;;BI;0;0;880;2011;5,3451;2017;890;2017
1;1;96;96;96007;96007;Brusnengo;;BI;0;0;2168;2011;10,4533;2017;2026;2017
1;1;96;96;96008;96008;Callabiana;;BI;0;0;149;2011;6,5573;2017;138;2017
1;1;96;96;96009;96009;Camandona;;BI;0;0;359;2011;9,2001;2017;339;2017
1;1;96;96;96010;96010;Camburzano;;BI;0;0;1227;2011;3,8025;2017;1172;2017
1;1;96;96;96012;96012;Candelo;;BI;0;0;7952;2011;15,1210;2017;7441;2017
1;1;96;96;96013;96013;Caprile;;BI;0;0;206;2011;11,5955;2017;184;2017
1;1;96;96;96014;96014;Casapinta;;BI;0;0;454;2011;2,8608;2017;407;2017
1;1;96;96;96015;96015;Castelletto Cervo;;BI;0;0;880;2011;14,9021;2017;799;2017
1;1;96;96;96016;96016;Cavaglià;;BI;0;0;3625;2011;25,6248;2017;3622;2017
1;1;96;96;96017;96017;Cerreto Castello;;BI;0;0;628;2011;2,5718;2017;624;2017
1;1;96;96;96018;96018;Cerrione;;BI;0;0;2894;2011;27,9876;2017;2886;2017
1;1;96;96;96019;96019;Coggiola;;BI;0;0;1996;2011;23,7819;2017;1802;2017
1;1;96;96;96020;96020;Cossato;;BI;0;0;14810;2011;27,7338;2017;14587;2017
1;1;96;96;96021;96021;Crevacuore;;BI;0;0;1610;2011;8,6006;2017;1517;2017
1;1;96;96;96023;96023;Curino;;BI;0;0;453;2011;21,6492;2017;474;2017
1;1;96;96;96024;96024;Donato;;BI;0;0;719;2011;12,0694;2017;711;2017
1;1;96;96;96025;96025;Dorzano;;BI;0;0;508;2011;4,7415;2017;518;2017
1;1;96;96;96026;96026;Gaglianico;;BI;0;0;3899;2011;4,4984;2017;3739;2017
1;1;96;96;96027;96027;Gifflenga;;BI;0;0;130;2011;2,2559;2017;113;2017
1;1;96;96;96028;96028;Graglia;;BI;0;0;1588;2011;20,1389;2017;1514;2017
1;1;96;96;96030;96030;Magnano;;BI;0;0;378;2011;10,5560;2017;396;2017
1;1;96;96;96031;96031;Massazza;;BI;0;0;542;2011;11,6095;2017;560;2017
1;1;96;96;96032;96032;Masserano;;BI;0;0;2202;2011;27,0732;2017;2065;2017
1;1;96;96;96033;96033;Mezzana Mortigliengo;;BI;0;0;561;2011;4,3092;2017;507;2017
1;1;96;96;96034;96034;Miagliano;;BI;0;0;638;2011;0,6678;2017;583;2017
1;1;96;96;96035;96035;Mongrando;;BI;0;0;3977;2011;16,5025;2017;3733;2017
1;1;96;96;96037;96037;Mottalciata;;BI;0;0;1431;2011;18,3909;2017;1377;2017
1;1;96;96;96038;96038;Muzzano;;BI;0;0;614;2011;6,0973;2017;600;2017
1;1;96;96;96039;96039;Netro;;BI;0;0;1015;2011;12,5683;2017;982;2017
1;1;96;96;96040;96040;Occhieppo Inferiore;;BI;0;0;3980;2011;4,0645;2017;3938;2017
1;1;96;96;96041;96041;Occhieppo Superiore;;BI;0;0;2821;2011;5,1503;2017;2748;2017
1;1;96;96;96042;96042;Pettinengo;;BI;0;0;1624;2011;15,2975;2017;1545;2017
1;1;96;96;96043;96043;Piatto;;BI;0;0;547;2011;3,5913;2017;512;2017
1;1;96;96;96044;96044;Piedicavallo;;BI;0;0;203;2011;17,7505;2017;179;2017
1;1;96;96;96046;96046;Pollone;;BI;0;0;2153;2011;16,2169;2017;2082;2017
1;1;96;96;96047;96047;Ponderano;;BI;0;0;3927;2011;7,0519;2017;3781;2017
1;1;96;96;96048;96048;Portula;;BI;0;0;1365;2011;11,3050;2017;1250;2017
1;1;96;96;96049;96049;Pralungo;;BI;0;0;2639;2011;7,2497;2017;2391;2017
1;1;96;96;96050;96050;Pray;;BI;0;0;2307;2011;9,1846;2017;2100;2017
1;1;96;96;96051;96051;Quaregna;;BI;0;0;1390;2011;5,8442;2017;1422;2017
1;1;96;96;96053;96053;Ronco Biellese;;BI;0;0;1514;2011;3,8493;2017;1526;2017
1;1;96;96;96054;96054;Roppolo;;BI;0;0;921;2011;8,6512;2017;876;2017
1;1;96;96;96055;96055;Rosazza;;BI;0;0;87;2011;9,0230;2017;89;2017
1;1;96;96;96056;96056;Sagliano Micca;;BI;0;0;1654;2011;14,6112;2017;1599;2017
1;1;96;96;96057;96057;Sala Biellese;;BI;0;0;627;2011;8,0298;2017;574;2017
1;1;96;96;96058;96058;Salussola;;BI;0;0;2015;2011;38,5152;2017;1966;2017
1;1;96;96;96059;96059;Sandigliano;;BI;0;0;2762;2011;10,2224;2017;2660;2017
1;1;96;96;96062;96062;Soprana;;BI;0;0;754;2011;5,3313;2017;690;2017
1;1;96;96;96063;96063;Sordevolo;;BI;0;0;1330;2011;13,7379;2017;1364;2017
1;1;96;96;96064;96064;Sostegno;;BI;0;0;751;2011;18,0670;2017;774;2017
1;1;96;96;96065;96065;Strona;;BI;0;0;1157;2011;3,7187;2017;1082;2017
1;1;96;96;96066;96066;Tavigliano;;BI;0;0;960;2011;11,2354;2017;934;2017
1;1;96;96;96067;96067;Ternengo;;BI;0;0;298;2011;1,9799;2017;280;2017
1;1;96;96;96068;96068;Tollegno;;BI;0;0;2645;2011;3,3143;2017;2490;2017
1;1;96;96;96069;96069;Torrazzo;;BI;0;0;224;2011;5,7712;2017;215;2017
1;1;96;96;96070;96070;Trivero;;BI;0;0;6144;2011;29,4709;2017;5555;2017
1;1;96;96;96071;96071;Valdengo;;BI;0;0;2532;2011;7,6768;2017;2491;2017
1;1;96;96;96072;96072;Vallanzengo;;BI;0;0;239;2011;4,6653;2017;219;2017
1;1;96;96;96073;96073;Valle Mosso;;BI;0;0;3526;2011;9,1045;2017;3246;2017
1;1;96;96;96074;96074;Valle San Nicolao;;BI;0;0;1086;2011;13,2572;2017;1004;2017
1;1;96;96;96075;96075;Veglio;;BI;0;0;566;2011;6,4058;2017;478;2017
1;1;96;96;96076;96076;Verrone;;BI;0;0;1253;2011;8,5859;2017;1263;2017
1;1;96;96;96077;96077;Vigliano Biellese;;BI;0;0;8180;2011;8,3978;2017;7753;2017
1;1;96;96;96078;96078;Villa del Bosco;;BI;0;0;363;2011;3,6991;2017;337;2017
1;1;96;96;96079;96079;Villanova Biellese;;BI;0;0;190;2011;7,8731;2017;188;2017
1;1;96;96;96080;96080;Viverone;;BI;0;0;1423;2011;12,2610;2017;1411;2017
1;1;96;96;96081;96081;Zimone;;BI;0;0;425;2011;2,9495;2017;409;2017
1;1;96;96;96082;96082;Zubiena;;BI;0;0;1251;2011;12,4736;2017;1184;2017
1;1;96;96;96083;96083;Zumaglia;;BI;0;0;1129;2011;2,6137;2017;1022;2017
1;1;96;96;96084;96084;Mosso;;BI;0;0;1643;2011;17,2316;2017;1485;2017
1;1;96;96;96085;96085;Lessona;;BI;0;0;2835;2011;12,7749;2017;2729;2017
1;1;96;96;96086;96086;Campiglia Cervo;;BI;0;0;528;2011;28,2053;2017;531;2017
1;3;97;97;97001;97001;Abbadia Lariana;;LC;0;0;3249;2011;16,6724;2017;3209;2017
1;3;97;97;97002;97002;Airuno;;LC;0;0;2979;2011;4,2859;2017;2808;2017
1;3;97;97;97003;97003;Annone di Brianza;;LC;0;0;2292;2011;5,9795;2017;2327;2017
1;3;97;97;97004;97004;Ballabio;;LC;0;0;4018;2011;15,0377;2017;4030;2017
1;3;97;97;97005;97005;Barzago;;LC;0;0;2577;2011;3,5617;2017;2407;2017
1;3;97;97;97006;97006;Barzanò;;LC;0;0;5171;2011;3,6195;2017;5084;2017
1;3;97;97;97007;97007;Barzio;;LC;0;0;1297;2011;21,3496;2017;1341;2017
1;3;97;97;97008;97008;Bellano;;LC;0;0;3264;2011;10,2278;2017;3249;2017
1;3;97;97;97009;97009;Bosisio Parini;;LC;0;0;3504;2011;5,8240;2017;3413;2017
1;3;97;97;97010;97010;Brivio;;LC;0;0;4686;2011;7,9534;2017;4590;2017
1;3;97;97;97011;97011;Bulciago;;LC;0;0;2948;2011;3,1176;2017;2876;2017
1;3;97;97;97012;97012;Calco;;LC;0;0;5113;2011;4,5889;2017;5344;2017
1;3;97;97;97013;97013;Calolziocorte;;LC;0;0;14009;2011;9,1002;2017;13780;2017
1;3;97;97;97014;97014;Carenno;;LC;0;0;1496;2011;7,7853;2017;1470;2017
1;3;97;97;97015;97015;Casargo;;LC;0;0;849;2011;19,7127;2017;844;2017
1;3;97;97;97016;97016;Casatenovo;;LC;0;0;12664;2011;12,6640;2017;12863;2017
1;3;97;97;97017;97017;Cassago Brianza;;LC;0;0;4406;2011;3,5476;2017;4348;2017
1;3;97;97;97018;97018;Cassina Valsassina;;LC;0;0;470;2011;2,7243;2017;498;2017
1;3;97;97;97019;97019;Castello di Brianza;;LC;0;0;2475;2011;3,5941;2017;2607;2017
1;3;97;97;97020;97020;Cernusco Lombardone;;LC;0;0;3851;2011;3,7419;2017;3843;2017
1;3;97;97;97021;97021;Cesana Brianza;;LC;0;0;2348;2011;3,6953;2017;2377;2017
1;3;97;97;97022;97022;Civate;;LC;0;0;4019;2011;9,2704;2017;3821;2017
1;3;97;97;97023;97023;Colico;;LC;0;0;7473;2011;35,0639;2017;7825;2017
1;3;97;97;97024;97024;Colle Brianza;;LC;0;0;1736;2011;8,3179;2017;1712;2017
1;3;97;97;97025;97025;Cortenova;;LC;0;0;1265;2011;11,7688;2017;1180;2017
1;3;97;97;97026;97026;Costa Masnaga;;LC;0;0;4751;2011;5,6179;2017;4831;2017
1;3;97;97;97027;97027;Crandola Valsassina;;LC;0;0;273;2011;8,8068;2017;246;2017
1;3;97;97;97028;97028;Cremella;;LC;0;0;1762;2011;1,8932;2017;1733;2017
1;3;97;97;97029;97029;Cremeno;;LC;0;0;1438;2011;13,1833;2017;1526;2017
1;3;97;97;97030;97030;Dervio;;LC;0;0;2681;2011;11,6954;2017;2627;2017
1;3;97;97;97031;97031;Dolzago;;LC;0;0;2307;2011;2,2583;2017;2505;2017
1;3;97;97;97032;97032;Dorio;;LC;0;0;337;2011;11,6556;2017;316;2017
1;3;97;97;97033;97033;Ello;;LC;0;0;1242;2011;2,4193;2017;1214;2017
1;3;97;97;97034;97034;Erve;;LC;0;0;764;2011;6,2005;2017;717;2017
1;3;97;97;97035;97035;Esino Lario;;LC;0;0;750;2011;18,0526;2017;753;2017
1;3;97;97;97036;97036;Galbiate;;LC;0;0;8587;2011;15,6446;2017;8539;2017
1;3;97;97;97037;97037;Garbagnate Monastero;;LC;0;0;2430;2011;3,4965;2017;2467;2017
1;3;97;97;97038;97038;Garlate;;LC;0;0;2617;2011;3,3023;2017;2718;2017
1;3;97;97;97039;97039;Imbersago;;LC;0;0;2408;2011;3,1445;2017;2433;2017
1;3;97;97;97040;97040;Introbio;;LC;0;0;2003;2011;26,0331;2017;1984;2017
1;3;97;97;97041;97041;Introzzo;;LC;0;0;122;2011;3,6052;2017;102;2017
1;3;97;97;97042;97042;Lecco;;LC;1;0;46705;2011;45,1348;2017;48119;2017
1;3;97;97;97043;97043;Lierna;;LC;0;0;2232;2011;11,2384;2017;2116;2017
1;3;97;97;97044;97044;Lomagna;;LC;0;0;4899;2011;3,9135;2017;4980;2017
1;3;97;97;97045;97045;Malgrate;;LC;0;0;4216;2011;1,8954;2017;4230;2017
1;3;97;97;97046;97046;Mandello del Lario;;LC;0;0;10578;2011;43,3309;2017;10301;2017
1;3;97;97;97047;97047;Margno;;LC;0;0;375;2011;3,5859;2017;381;2017
1;3;97;97;97048;97048;Merate;;LC;0;0;14583;2011;11,0634;2017;14558;2017
1;3;97;97;97049;97049;Missaglia;;LC;0;0;8579;2011;11,5189;2017;8701;2017
1;3;97;97;97050;97050;Moggio;;LC;0;0;503;2011;13,4294;2017;486;2017
1;3;97;97;97051;97051;Molteno;;LC;0;0;3587;2011;3,1193;2017;3588;2017
1;3;97;97;97052;97052;Monte Marenzo;;LC;0;0;1971;2011;3,0584;2017;1888;2017
1;3;97;97;97053;97053;Montevecchia;;LC;0;0;2480;2011;5,7993;2017;2672;2017
1;3;97;97;97054;97054;Monticello Brianza;;LC;0;0;4217;2011;4,6072;2017;4157;2017
1;3;97;97;97055;97055;Morterone;;LC;0;0;34;2011;13,7102;2017;34;2017
1;3;97;97;97056;97056;Nibionno;;LC;0;0;3630;2011;3,5135;2017;3641;2017
1;3;97;97;97057;97057;Oggiono;;LC;0;0;8750;2011;7,9575;2017;8847;2017
1;3;97;97;97058;97058;Olgiate Molgora;;LC;0;0;6190;2011;7,0910;2017;6419;2017
1;3;97;97;97059;97059;Olginate;;LC;0;0;7102;2011;8,0004;2017;7023;2017
1;3;97;97;97060;97060;Oliveto Lario;;LC;0;0;1192;2011;15,6963;2017;1215;2017
1;3;97;97;97061;97061;Osnago;;LC;0;0;4807;2011;4,4936;2017;4763;2017
1;3;97;97;97062;97062;Paderno d'Adda;;LC;0;0;3881;2011;3,5630;2017;3866;2017
1;3;97;97;97063;97063;Pagnona;;LC;0;0;402;2011;9,1968;2017;357;2017
1;3;97;97;97064;97064;Parlasco;;LC;0;0;141;2011;2,9972;2017;140;2017
1;3;97;97;97065;97065;Pasturo;;LC;0;0;1961;2011;21,7839;2017;1967;2017
1;3;97;97;97067;97067;Perledo;;LC;0;0;1025;2011;13,6837;2017;921;2017
1;3;97;97;97068;97068;Pescate;;LC;0;0;2188;2011;2,1001;2017;2237;2017
1;3;97;97;97069;97069;Premana;;LC;0;0;2288;2011;33,6353;2017;2261;2017
1;3;97;97;97070;97070;Primaluna;;LC;0;0;2187;2011;22,4254;2017;2254;2017
1;3;97;97;97071;97071;Robbiate;;LC;0;0;6101;2011;4,7003;2017;6260;2017
1;3;97;97;97072;97072;Rogeno;;LC;0;0;3197;2011;4,8248;2017;3135;2017
1;3;97;97;97074;97074;Santa Maria Hoè;;LC;0;0;2207;2011;2,8344;2017;2177;2017
1;3;97;97;97075;97075;Sirone;;LC;0;0;2391;2011;3,2057;2017;2331;2017
1;3;97;97;97076;97076;Sirtori;;LC;0;0;2920;2011;4,2907;2017;2800;2017
1;3;97;97;97077;97077;Sueglio;;LC;0;0;147;2011;4,1084;2017;161;2017
1;3;97;97;97078;97078;Suello;;LC;0;0;1686;2011;2,6290;2017;1779;2017
1;3;97;97;97079;97079;Taceno;;LC;0;0;541;2011;3,7516;2017;533;2017
1;3;97;97;97080;97080;Torre de' Busi;;LC;0;0;2007;2011;8,9668;2017;2125;2017
1;3;97;97;97081;97081;Tremenico;;LC;0;0;186;2011;8,7081;2017;139;2017
1;3;97;97;97082;97082;Valgreghentino;;LC;0;0;3410;2011;6,2463;2017;3451;2017
1;3;97;97;97083;97083;Valmadrera;;LC;0;0;11612;2011;12,5992;2017;11569;2017
1;3;97;97;97084;97084;Varenna;;LC;0;0;765;2011;12,5679;2017;755;2017
1;3;97;97;97085;97085;Vendrogno;;LC;0;0;319;2011;11,7993;2017;295;2017
1;3;97;97;97086;97086;Vercurago;;LC;0;0;2833;2011;2,1157;2017;2808;2017
1;3;97;97;97089;97089;Vestreno;;LC;0;0;307;2011;2,6085;2017;330;2017
1;3;97;97;97090;97090;Viganò;;LC;0;0;2012;2011;1,6049;2017;2109;2017
1;3;97;97;97091;97091;Verderio;;LC;0;0;5659;2011;6,4653;2017;5607;2017
1;3;97;97;97092;97092;La Valletta Brianza;;LC;0;0;4676;2011;8,7846;2017;4670;2017
1;3;98;98;98001;98001;Abbadia Cerreto;;LO;0;0;297;2011;6,1986;2017;293;2017
1;3;98;98;98002;98002;Bertonico;;LO;0;0;1168;2011;20,8317;2017;1114;2017
1;3;98;98;98003;98003;Boffalora d'Adda;;LO;0;0;1705;2011;8,1303;2017;1768;2017
1;3;98;98;98004;98004;Borghetto Lodigiano;;LO;0;0;4379;2011;23,6411;2017;4285;2017
1;3;98;98;98005;98005;Borgo San Giovanni;;LO;0;0;2213;2011;7,5038;2017;2436;2017
1;3;98;98;98006;98006;Brembio;;LO;0;0;2647;2011;17,0835;2017;2642;2017
1;3;98;98;98007;98007;Camairago;;LO;0;0;667;2011;12,7726;2017;641;2017
1;3;98;98;98008;98008;Casaletto Lodigiano;;LO;0;0;2779;2011;9,7506;2017;2907;2017
1;3;98;98;98009;98009;Casalmaiocco;;LO;0;0;3069;2011;4,7138;2017;3181;2017
1;3;98;98;98010;98010;Casalpusterlengo;;LO;0;0;14852;2011;25,6122;2017;15118;2017
1;3;98;98;98011;98011;Caselle Landi;;LO;0;0;1652;2011;26,0043;2017;1535;2017
1;3;98;98;98012;98012;Caselle Lurani;;LO;0;0;3100;2011;7,6782;2017;2980;2017
1;3;98;98;98013;98013;Castelnuovo Bocca d'Adda;;LO;0;0;1700;2011;20,3232;2017;1615;2017
1;3;98;98;98014;98014;Castiglione d'Adda;;LO;0;0;4818;2011;12,9782;2017;4624;2017
1;3;98;98;98015;98015;Castiraga Vidardo;;LO;0;0;2624;2011;5,0381;2017;2770;2017
1;3;98;98;98016;98016;Cavacurta;;LO;0;0;853;2011;7,0970;2017;835;2017
1;3;98;98;98017;98017;Cavenago d'Adda;;LO;0;0;2259;2011;16,0980;2017;2213;2017
1;3;98;98;98018;98018;Cervignano d'Adda;;LO;0;0;2119;2011;4,0688;2017;2208;2017
1;3;98;98;98019;98019;Codogno;;LO;0;0;15371;2011;20,8695;2017;15427;2017
1;3;98;98;98020;98020;Comazzo;;LO;0;0;2183;2011;12,8023;2017;2251;2017
1;3;98;98;98021;98021;Cornegliano Laudense;;LO;0;0;2838;2011;5,6998;2017;2901;2017
1;3;98;98;98022;98022;Corno Giovine;;LO;0;0;1193;2011;9,9361;2017;1152;2017
1;3;98;98;98023;98023;Cornovecchio;;LO;0;0;226;2011;6,5317;2017;208;2017
1;3;98;98;98024;98024;Corte Palasio;;LO;0;0;1550;2011;15,6782;2017;1544;2017
1;3;98;98;98025;98025;Crespiatica;;LO;0;0;2137;2011;7,0319;2017;2256;2017
1;3;98;98;98026;98026;Fombio;;LO;0;0;2288;2011;7,3971;2017;2324;2017
1;3;98;98;98027;98027;Galgagnano;;LO;0;0;1208;2011;6,0109;2017;1252;2017
1;3;98;98;98028;98028;Graffignana;;LO;0;0;2604;2011;10,9213;2017;2576;2017
1;3;98;98;98029;98029;Guardamiglio;;LO;0;0;2687;2011;10,4374;2017;2639;2017
1;3;98;98;98030;98030;Livraga;;LO;0;0;2602;2011;12,3711;2017;2487;2017
1;3;98;98;98031;98031;Lodi;;LO;1;0;43332;2011;41,3786;2017;44130;2017
1;3;98;98;98032;98032;Lodi Vecchio;;LO;0;0;7356;2011;16,4503;2017;7480;2017
1;3;98;98;98033;98033;Maccastorna;;LO;0;0;60;2011;5,7452;2017;65;2017
1;3;98;98;98034;98034;Mairago;;LO;0;0;1397;2011;11,2472;2017;1401;2017
1;3;98;98;98035;98035;Maleo;;LO;0;0;3249;2011;19,8334;2017;3118;2017
1;3;98;98;98036;98036;Marudo;;LO;0;0;1568;2011;4,2024;2017;1738;2017
1;3;98;98;98037;98037;Massalengo;;LO;0;0;4192;2011;8,4767;2017;4436;2017
1;3;98;98;98038;98038;Meleti;;LO;0;0;466;2011;7,3856;2017;443;2017
1;3;98;98;98039;98039;Merlino;;LO;0;0;1772;2011;10,7302;2017;1733;2017
1;3;98;98;98040;98040;Montanaso Lombardo;;LO;0;0;2231;2011;9,5212;2017;2272;2017
1;3;98;98;98041;98041;Mulazzano;;LO;0;0;5733;2011;15,5790;2017;5769;2017
1;3;98;98;98042;98042;Orio Litta;;LO;0;0;2023;2011;9,7830;2017;2069;2017
1;3;98;98;98043;98043;Ospedaletto Lodigiano;;LO;0;0;1853;2011;8,4968;2017;2019;2017
1;3;98;98;98044;98044;Ossago Lodigiano;;LO;0;0;1412;2011;11,5250;2017;1390;2017
1;3;98;98;98045;98045;Pieve Fissiraga;;LO;0;0;1604;2011;12,2653;2017;1758;2017
1;3;98;98;98046;98046;Salerano sul Lambro;;LO;0;0;2653;2011;4,3749;2017;2614;2017
1;3;98;98;98047;98047;San Fiorano;;LO;0;0;1804;2011;8,9657;2017;1842;2017
1;3;98;98;98048;98048;San Martino in Strada;;LO;0;0;3624;2011;13,1484;2017;3722;2017
1;3;98;98;98049;98049;San Rocco al Porto;;LO;0;0;3464;2011;30,5620;2017;3493;2017
1;3;98;98;98050;98050;Sant'Angelo Lodigiano;;LO;0;0;12665;2011;20,0529;2017;13159;2017
1;3;98;98;98051;98051;Santo Stefano Lodigiano;;LO;0;0;1902;2011;10,5321;2017;1902;2017
1;3;98;98;98052;98052;Secugnago;;LO;0;0;1984;2011;6,7459;2017;1936;2017
1;3;98;98;98053;98053;Senna Lodigiana;;LO;0;0;1997;2011;27,0154;2017;1869;2017
1;3;98;98;98054;98054;Somaglia;;LO;0;0;3661;2011;20,8190;2017;3766;2017
1;3;98;98;98055;98055;Sordio;;LO;0;0;3149;2011;2,8206;2017;3409;2017
1;3;98;98;98056;98056;Tavazzano con Villavesco;;LO;0;0;6099;2011;16,0684;2017;5844;2017
1;3;98;98;98057;98057;Terranova dei Passerini;;LO;0;0;906;2011;11,2567;2017;913;2017
1;3;98;98;98058;98058;Turano Lodigiano;;LO;0;0;1538;2011;16,3773;2017;1545;2017
1;3;98;98;98059;98059;Valera Fratta;;LO;0;0;1669;2011;8,0146;2017;1650;2017
1;3;98;98;98060;98060;Villanova del Sillaro;;LO;0;0;1732;2011;13,4986;2017;1824;2017
1;3;98;98;98061;98061;Zelo Buon Persico;;LO;0;0;6872;2011;18,8824;2017;7316;2017
2;8;99;99;99001;99001;Bellaria-Igea Marina;;RN;0;0;18591;2011;18,1698;2017;19331;2017
2;8;99;99;99002;99002;Cattolica;;RN;0;0;16550;2011;6,1953;2017;17099;2017
2;8;99;99;99003;99003;Coriano;;RN;0;0;10028;2011;46,7666;2017;10430;2017
2;8;99;99;99004;99004;Gemmano;;RN;0;0;1152;2011;18,8499;2017;1132;2017
2;8;99;99;99005;99005;Misano Adriatico;;RN;0;0;12252;2011;22,3450;2017;13308;2017
2;8;99;99;99006;99006;Mondaino;;RN;0;0;1441;2011;19,8400;2017;1398;2017
2;8;99;99;99008;99008;Montefiore Conca;;RN;0;0;2195;2011;22,3216;2017;2264;2017
2;8;99;99;99009;99009;Montegridolfo;;RN;0;0;1029;2011;6,9373;2017;1001;2017
2;8;99;99;99011;99011;Morciano di Romagna;;RN;0;0;6892;2011;5,4400;2017;6952;2017
2;8;99;99;99013;99013;Riccione;;RN;0;0;34536;2011;17,5208;2017;34936;2017
2;8;99;99;99014;99014;Rimini;;RN;1;0;139601;2011;135,7915;2017;147870;2017
2;8;99;99;99015;99015;Saludecio;;RN;0;0;3028;2011;34,2646;2017;3049;2017
2;8;99;99;99016;99016;San Clemente;;RN;0;0;5234;2011;20,6958;2017;5515;2017
2;8;99;99;99017;99017;San Giovanni in Marignano;;RN;0;0;8973;2011;21,3734;2017;9440;2017
2;8;99;99;99018;99018;Santarcangelo di Romagna;;RN;0;0;20839;2011;45,0587;2017;21986;2017
2;8;99;99;99020;99020;Verucchio;;RN;0;0;9960;2011;27,3019;2017;9984;2017
2;8;99;99;99021;99021;Casteldelci;;RN;0;0;445;2011;49,6767;2017;387;2017
2;8;99;99;99022;99022;Maiolo;;RN;0;0;848;2011;24,2755;2017;812;2017
2;8;99;99;99023;99023;Novafeltria;;RN;0;0;7282;2011;41,8381;2017;7131;2017
2;8;99;99;99024;99024;Pennabilli;;RN;0;0;3017;2011;69,8034;2017;2769;2017
2;8;99;99;99025;99025;San Leo;;RN;0;0;2970;2011;53,1360;2017;2868;2017
2;8;99;99;99026;99026;Sant'Agata Feltria;;RN;0;0;2280;2011;79,7408;2017;2114;2017
2;8;99;99;99027;99027;Talamello;;RN;0;0;1060;2011;10,5887;2017;1101;2017
2;8;99;99;99028;99028;Poggio Torriana;;RN;0;0;4960;2011;34,7351;2017;5156;2017
2;8;99;99;99029;99029;Montescudo-Monte Colombo;;RN;0;0;6606;2011;32,3479;2017;6844;2017
3;9;100;100;100001;100001;Cantagallo;;PO;0;0;3102;2011;95,6224;2017;3139;2017
3;9;100;100;100002;100002;Carmignano;;PO;0;0;13991;2011;38,4275;2017;14564;2017
3;9;100;100;100003;100003;Montemurlo;;PO;0;0;17908;2011;30,7758;2017;18713;2017
3;9;100;100;100004;100004;Poggio a Caiano;;PO;0;0;9626;2011;5,9995;2017;9907;2017
3;9;100;100;100005;100005;Prato;;PO;1;0;185456;2011;97,3521;2017;192934;2017
3;9;100;100;100006;100006;Vaiano;;PO;0;0;9821;2011;34,1088;2017;9993;2017
3;9;100;100;100007;100007;Vernio;;PO;0;0;6012;2011;63,3768;2017;6009;2017
4;18;101;101;101001;101001;Belvedere di Spinello;;KR;0;0;2327;2011;30,3109;2017;2158;2017
4;18;101;101;101002;101002;Caccuri;;KR;0;0;1695;2011;61,3762;2017;1614;2017
4;18;101;101;101003;101003;Carfizzi;;KR;0;0;745;2011;20,7254;2017;638;2017
4;18;101;101;101004;101004;Casabona;;KR;0;0;2856;2011;67,6721;2017;2614;2017
4;18;101;101;101005;101005;Castelsilano;;KR;0;0;1034;2011;40,0630;2017;970;2017
4;18;101;101;101006;101006;Cerenzia;;KR;0;0;1215;2011;21,9655;2017;1083;2017
4;18;101;101;101007;101007;Cirò;;KR;0;0;3125;2011;71,0449;2017;2693;2017
4;18;101;101;101008;101008;Cirò Marina;;KR;0;0;15051;2011;41,6808;2017;14564;2017
4;18;101;101;101009;101009;Cotronei;;KR;0;0;5434;2011;79,2012;2017;5438;2017
4;18;101;101;101010;101010;Crotone;;KR;1;0;58881;2011;181,9947;2017;62305;2017
4;18;101;101;101011;101011;Crucoli;;KR;0;0;3243;2011;50,4250;2017;3019;2017
4;18;101;101;101012;101012;Cutro;;KR;0;0;10065;2011;133,6858;2017;10240;2017
4;18;101;101;101013;101013;Isola di Capo Rizzuto;;KR;0;0;15827;2011;126,6438;2017;17528;2017
4;18;101;101;101014;101014;Melissa;;KR;0;0;3529;2011;51,6315;2017;3428;2017
4;18;101;101;101015;101015;Mesoraca;;KR;0;0;6718;2011;94,7896;2017;6320;2017
4;18;101;101;101016;101016;Pallagorio;;KR;0;0;1337;2011;44,4826;2017;1167;2017
4;18;101;101;101017;101017;Petilia Policastro;;KR;0;0;9267;2011;98,3481;2017;9030;2017
4;18;101;101;101018;101018;Roccabernarda;;KR;0;0;3467;2011;64,8880;2017;3277;2017
4;18;101;101;101019;101019;Rocca di Neto;;KR;0;0;5594;2011;44,9243;2017;5602;2017
4;18;101;101;101020;101020;San Mauro Marchesato;;KR;0;0;2192;2011;41,9108;2017;2097;2017
4;18;101;101;101021;101021;San Nicola dell'Alto;;KR;0;0;898;2011;7,8517;2017;779;2017
4;18;101;101;101022;101022;Santa Severina;;KR;0;0;2262;2011;52,3117;2017;2031;2017
4;18;101;101;101023;101023;Savelli;;KR;0;0;1321;2011;48,9212;2017;1198;2017
4;18;101;101;101024;101024;Scandale;;KR;0;0;3326;2011;54,2595;2017;3035;2017
4;18;101;101;101025;101025;Strongoli;;KR;0;0;6486;2011;85,5577;2017;6489;2017
4;18;101;101;101026;101026;Umbriatico;;KR;0;0;929;2011;73,3549;2017;814;2017
4;18;101;101;101027;101027;Verzino;;KR;0;0;1979;2011;45,6322;2017;1773;2017
4;18;102;102;102001;102001;Acquaro;;VV;0;0;2448;2011;25,2495;2017;2183;2017
4;18;102;102;102002;102002;Arena;;VV;0;0;1532;2011;34,3219;2017;1414;2017
4;18;102;102;102003;102003;Briatico;;VV;0;0;3983;2011;27,9223;2017;4340;2017
4;18;102;102;102004;102004;Brognaturo;;VV;0;0;670;2011;25,6890;2017;724;2017
4;18;102;102;102005;102005;Capistrano;;VV;0;0;1097;2011;21,1225;2017;986;2017
4;18;102;102;102006;102006;Cessaniti;;VV;0;0;3405;2011;17,9691;2017;3164;2017
4;18;102;102;102007;102007;Dasà;;VV;0;0;1272;2011;6,4627;2017;1178;2017
4;18;102;102;102008;102008;Dinami;;VV;0;0;2433;2011;44,4447;2017;2051;2017
4;18;102;102;102009;102009;Drapia;;VV;0;0;2102;2011;21,5938;2017;2032;2017
4;18;102;102;102010;102010;Fabrizia;;VV;0;0;2373;2011;40,0030;2017;2142;2017
4;18;102;102;102011;102011;Filadelfia;;VV;0;0;5638;2011;31,5038;2017;5230;2017
4;18;102;102;102012;102012;Filandari;;VV;0;0;1844;2011;18,8395;2017;1853;2017
4;18;102;102;102013;102013;Filogaso;;VV;0;0;1439;2011;23,8975;2017;1403;2017
4;18;102;102;102014;102014;Francavilla Angitola;;VV;0;0;1976;2011;28,6319;2017;1866;2017
4;18;102;102;102015;102015;Francica;;VV;0;0;1663;2011;22,7009;2017;1651;2017
4;18;102;102;102016;102016;Gerocarne;;VV;0;0;2380;2011;45,2254;2017;2117;2017
4;18;102;102;102017;102017;Jonadi;;VV;0;0;3822;2011;8,8113;2017;4302;2017
4;18;102;102;102018;102018;Joppolo;;VV;0;0;2090;2011;21,6692;2017;1847;2017
4;18;102;102;102019;102019;Limbadi;;VV;0;0;3498;2011;29,1519;2017;3462;2017
4;18;102;102;102020;102020;Maierato;;VV;0;0;2198;2011;39,9325;2017;2134;2017
4;18;102;102;102021;102021;Mileto;;VV;0;0;6894;2011;35,6532;2017;6708;2017
4;18;102;102;102022;102022;Mongiana;;VV;0;0;796;2011;18,4089;2017;708;2017
4;18;102;102;102023;102023;Monterosso Calabro;;VV;0;0;1796;2011;18,3653;2017;1636;2017
4;18;102;102;102024;102024;Nardodipace;;VV;0;0;1384;2011;33,3029;2017;1248;2017
4;18;102;102;102025;102025;Nicotera;;VV;0;0;6490;2011;28,2468;2017;6020;2017
4;18;102;102;102026;102026;Parghelia;;VV;0;0;1303;2011;7,9491;2017;1280;2017
4;18;102;102;102027;102027;Pizzo;;VV;0;0;8885;2011;22,8879;2017;9164;2017
4;18;102;102;102028;102028;Pizzoni;;VV;0;0;1233;2011;21,7004;2017;1086;2017
4;18;102;102;102029;102029;Polia;;VV;0;0;1048;2011;31,5057;2017;983;2017
4;18;102;102;102030;102030;Ricadi;;VV;0;0;4750;2011;22,5378;2017;4817;2017
4;18;102;102;102031;102031;Rombiolo;;VV;0;0;4649;2011;22,8427;2017;4521;2017
4;18;102;102;102032;102032;San Calogero;;VV;0;0;4460;2011;25,3367;2017;4129;2017
4;18;102;102;102033;102033;San Costantino Calabro;;VV;0;0;2238;2011;6,7892;2017;2137;2017
4;18;102;102;102034;102034;San Gregorio d'Ippona;;VV;0;0;2422;2011;12,5345;2017;2580;2017
4;18;102;102;102035;102035;San Nicola da Crissa;;VV;0;0;1416;2011;19,3959;2017;1288;2017
4;18;102;102;102036;102036;Sant'Onofrio;;VV;0;0;3148;2011;18,6586;2017;3030;2017
4;18;102;102;102037;102037;Serra San Bruno;;VV;0;0;6850;2011;40,5725;2017;6586;2017
4;18;102;102;102038;102038;Simbario;;VV;0;0;956;2011;20,8328;2017;958;2017
4;18;102;102;102039;102039;Sorianello;;VV;0;0;1210;2011;9,5926;2017;1180;2017
4;18;102;102;102040;102040;Soriano Calabro;;VV;0;0;2472;2011;15,4369;2017;2311;2017
4;18;102;102;102041;102041;Spadola;;VV;0;0;858;2011;9,6462;2017;804;2017
4;18;102;102;102042;102042;Spilinga;;VV;0;0;1470;2011;17,4235;2017;1442;2017
4;18;102;102;102043;102043;Stefanaconi;;VV;0;0;2526;2011;23,1798;2017;2416;2017
4;18;102;102;102044;102044;Tropea;;VV;0;0;6555;2011;3,6604;2017;6203;2017
4;18;102;102;102045;102045;Vallelonga;;VV;0;0;682;2011;17,6406;2017;719;2017
4;18;102;102;102046;102046;Vazzano;;VV;0;0;1106;2011;20,2027;2017;1009;2017
4;18;102;102;102047;102047;Vibo Valentia;;VV;1;0;33357;2011;46,5709;2017;32156;2017
4;18;102;102;102048;102048;Zaccanopoli;;VV;0;0;802;2011;5,3751;2017;724;2017
4;18;102;102;102049;102049;Zambrone;;VV;0;0;1805;2011;15,7735;2017;1747;2017
4;18;102;102;102050;102050;Zungri;;VV;0;0;1985;2011;23,4549;2017;1963;2017
1;1;103;103;103001;103001;Antrona Schieranco;;VB;0;0;467;2011;100,1815;2017;429;2017
1;1;103;103;103002;103002;Anzola d'Ossola;;VB;0;0;448;2011;13,6569;2017;417;2017
1;1;103;103;103003;103003;Arizzano;;VB;0;0;2040;2011;1,5995;2017;2011;2017
1;1;103;103;103004;103004;Arola;;VB;0;0;250;2011;6,6126;2017;248;2017
1;1;103;103;103005;103005;Aurano;;VB;0;0;103;2011;21,1563;2017;117;2017
1;1;103;103;103006;103006;Baceno;;VB;0;0;922;2011;77,2735;2017;900;2017
1;1;103;103;103007;103007;Bannio Anzino;;VB;0;0;518;2011;39,4656;2017;466;2017
1;1;103;103;103008;103008;Baveno;;VB;0;0;4917;2011;17,1002;2017;4843;2017
1;1;103;103;103009;103009;Bee;;VB;0;0;729;2011;3,5046;2017;758;2017
1;1;103;103;103010;103010;Belgirate;;VB;0;0;546;2011;7,1292;2017;502;2017
1;1;103;103;103011;103011;Beura-Cardezza;;VB;0;0;1437;2011;28,5514;2017;1478;2017
1;1;103;103;103012;103012;Bognanco;;VB;0;0;230;2011;57,9948;2017;198;2017
1;1;103;103;103013;103013;Brovello-Carpugnino;;VB;0;0;721;2011;8,2233;2017;704;2017
1;1;103;103;103014;103014;Calasca-Castiglione;;VB;0;0;681;2011;57,0676;2017;624;2017
1;1;103;103;103015;103015;Cambiasca;;VB;0;0;1646;2011;3,9645;2017;1645;2017
1;1;103;103;103016;103016;Cannero Riviera;;VB;0;0;973;2011;14,4193;2017;901;2017
1;1;103;103;103017;103017;Cannobio;;VB;0;0;4992;2011;52,5335;2017;5176;2017
1;1;103;103;103018;103018;Caprezzo;;VB;0;0;168;2011;7,2565;2017;162;2017
1;1;103;103;103019;103019;Casale Corte Cerro;;VB;0;0;3476;2011;12,5227;2017;3471;2017
1;1;103;103;103020;103020;Cavaglio-Spoccia;;VB;0;0;255;2011;18,0681;2017;263;2017
1;1;103;103;103021;103021;Ceppo Morelli;;VB;0;0;341;2011;40,1858;2017;302;2017
1;1;103;103;103022;103022;Cesara;;VB;0;0;598;2011;11,6545;2017;599;2017
1;1;103;103;103023;103023;Cossogno;;VB;0;0;588;2011;40,2573;2017;665;2017
1;1;103;103;103024;103024;Craveggia;;VB;0;0;728;2011;36,2167;2017;766;2017
1;1;103;103;103025;103025;Crevoladossola;;VB;0;0;4726;2011;39,8738;2017;4556;2017
1;1;103;103;103026;103026;Crodo;;VB;0;0;1472;2011;53,5753;2017;1387;2017
1;1;103;103;103027;103027;Cursolo-Orasso;;VB;0;0;106;2011;20,7884;2017;90;2017
1;1;103;103;103028;103028;Domodossola;;VB;0;0;18175;2011;36,8911;2017;18200;2017
1;1;103;103;103029;103029;Druogno;;VB;0;0;977;2011;29,6091;2017;1033;2017
1;1;103;103;103030;103030;Falmenta;;VB;0;0;157;2011;16,3176;2017;129;2017
1;1;103;103;103031;103031;Formazza;;VB;0;0;442;2011;130,6467;2017;443;2017
1;1;103;103;103032;103032;Germagno;;VB;0;0;186;2011;2,8976;2017;188;2017
1;1;103;103;103033;103033;Ghiffa;;VB;0;0;2394;2011;14,6546;2017;2360;2017
1;1;103;103;103034;103034;Gignese;;VB;0;0;943;2011;14,5784;2017;992;2017
1;1;103;103;103035;103035;Gravellona Toce;;VB;0;0;7751;2011;14,2127;2017;7844;2017
1;1;103;103;103036;103036;Gurro;;VB;0;0;247;2011;13,2848;2017;220;2017
1;1;103;103;103037;103037;Intragna;;VB;0;0;107;2011;9,9219;2017;107;2017
1;1;103;103;103038;103038;Loreglia;;VB;0;0;262;2011;9,1531;2017;234;2017
1;1;103;103;103039;103039;Macugnaga;;VB;0;0;601;2011;99,5680;2017;554;2017
1;1;103;103;103040;103040;Madonna del Sasso;;VB;0;0;396;2011;15,4114;2017;392;2017
1;1;103;103;103041;103041;Malesco;;VB;0;0;1465;2011;43,1763;2017;1406;2017
1;1;103;103;103042;103042;Masera;;VB;0;0;1527;2011;20,3537;2017;1477;2017
1;1;103;103;103043;103043;Massiola;;VB;0;0;137;2011;8,0549;2017;128;2017
1;1;103;103;103044;103044;Mergozzo;;VB;0;0;2196;2011;26,9947;2017;2172;2017
1;1;103;103;103045;103045;Miazzina;;VB;0;0;414;2011;21,1750;2017;371;2017
1;1;103;103;103046;103046;Montecrestese;;VB;0;0;1255;2011;86,1483;2017;1252;2017
1;1;103;103;103047;103047;Montescheno;;VB;0;0;414;2011;22,1708;2017;392;2017
1;1;103;103;103048;103048;Nonio;;VB;0;0;878;2011;9,7997;2017;857;2017
1;1;103;103;103049;103049;Oggebbio;;VB;0;0;881;2011;21,4390;2017;842;2017
1;1;103;103;103050;103050;Omegna;;VB;0;0;15744;2011;30,3719;2017;14968;2017
1;1;103;103;103051;103051;Ornavasso;;VB;0;0;3407;2011;25,9194;2017;3404;2017
1;1;103;103;103052;103052;Pallanzeno;;VB;0;0;1176;2011;4,3658;2017;1132;2017
1;1;103;103;103053;103053;Piedimulera;;VB;0;0;1559;2011;7,5656;2017;1518;2017
1;1;103;103;103054;103054;Pieve Vergonte;;VB;0;0;2644;2011;41,6720;2017;2544;2017
1;1;103;103;103055;103055;Premeno;;VB;0;0;746;2011;7,8796;2017;753;2017
1;1;103;103;103056;103056;Premia;;VB;0;0;577;2011;88,9024;2017;559;2017
1;1;103;103;103057;103057;Premosello-Chiovenda;;VB;0;0;2034;2011;34,1628;2017;1981;2017
1;1;103;103;103058;103058;Quarna Sopra;;VB;0;0;289;2011;9,3948;2017;258;2017
1;1;103;103;103059;103059;Quarna Sotto;;VB;0;0;420;2011;16,3739;2017;383;2017
1;1;103;103;103060;103060;Re;;VB;0;0;757;2011;27,1522;2017;750;2017
1;1;103;103;103061;103061;San Bernardino Verbano;;VB;0;0;1384;2011;26,6756;2017;1297;2017
1;1;103;103;103062;103062;Santa Maria Maggiore;;VB;0;0;1264;2011;53,7054;2017;1295;2017
1;1;103;103;103064;103064;Stresa;;VB;0;0;4816;2011;35,3592;2017;4731;2017
1;1;103;103;103065;103065;Toceno;;VB;0;0;771;2011;15,7687;2017;727;2017
1;1;103;103;103066;103066;Trarego Viggiona;;VB;0;0;392;2011;18,9006;2017;412;2017
1;1;103;103;103067;103067;Trasquera;;VB;0;0;211;2011;39,6013;2017;178;2017
1;1;103;103;103068;103068;Trontano;;VB;0;0;1702;2011;56,7344;2017;1653;2017
1;1;103;103;103069;103069;Valstrona;;VB;0;0;1268;2011;51,8893;2017;1236;2017
1;1;103;103;103070;103070;Vanzone con San Carlo;;VB;0;0;435;2011;15,7344;2017;386;2017
1;1;103;103;103071;103071;Varzo;;VB;0;0;2106;2011;93,7665;2017;2025;2017
1;1;103;103;103072;103072;Verbania;;VB;1;0;30332;2011;37,4934;2017;30594;2017
1;1;103;103;103074;103074;Vignone;;VB;0;0;1220;2011;3,3806;2017;1187;2017
1;1;103;103;103075;103075;Villadossola;;VB;0;0;6777;2011;18,7332;2017;6577;2017
1;1;103;103;103076;103076;Villette;;VB;0;0;264;2011;7,3834;2017;267;2017
1;1;103;103;103077;103077;Vogogna;;VB;0;0;1751;2011;15,6245;2017;1733;2017
1;1;103;103;103078;103078;Borgomezzavalle;;VB;0;0;335;2011;19,0831;2017;312;2017
1;3;108;108;108001;108001;Agrate Brianza;;MB;0;0;14770;2011;11,2176;2017;15133;2017
1;3;108;108;108002;108002;Aicurzio;;MB;0;0;2067;2011;2,4676;2017;2108;2017
1;3;108;108;108003;108003;Albiate;;MB;0;0;6190;2011;2,8631;2017;6277;2017
1;3;108;108;108004;108004;Arcore;;MB;0;0;17285;2011;9,2455;2017;17785;2017
1;3;108;108;108005;108005;Barlassina;;MB;0;0;6826;2011;2,7560;2017;6927;2017
1;3;108;108;108006;108006;Bellusco;;MB;0;0;7212;2011;6,5372;2017;7309;2017
1;3;108;108;108007;108007;Bernareggio;;MB;0;0;10555;2011;5,9338;2017;10935;2017
1;3;108;108;108008;108008;Besana in Brianza;;MB;0;0;15510;2011;15,7578;2017;15471;2017
1;3;108;108;108009;108009;Biassono;;MB;0;0;11697;2011;4,8948;2017;12027;2017
1;3;108;108;108010;108010;Bovisio-Masciago;;MB;0;0;16596;2011;4,9323;2017;16862;2017
1;3;108;108;108011;108011;Briosco;;MB;0;0;5966;2011;6,6128;2017;5961;2017
1;3;108;108;108012;108012;Brugherio;;MB;0;0;33170;2011;10,4121;2017;34514;2017
1;3;108;108;108013;108013;Burago di Molgora;;MB;0;0;4240;2011;3,4317;2017;4200;2017
1;3;108;108;108014;108014;Camparada;;MB;0;0;2074;2011;1,6337;2017;2043;2017
1;3;108;108;108015;108015;Carate Brianza;;MB;0;0;17684;2011;9,9166;2017;17610;2017
1;3;108;108;108016;108016;Carnate;;MB;0;0;7177;2011;3,4702;2017;7311;2017
1;3;108;108;108017;108017;Cavenago di Brianza;;MB;0;0;6883;2011;4,3932;2017;7316;2017
1;3;108;108;108018;108018;Ceriano Laghetto;;MB;0;0;6324;2011;7,0780;2017;6549;2017
1;3;108;108;108019;108019;Cesano Maderno;;MB;0;0;37010;2011;11,5157;2017;37457;2017
1;3;108;108;108020;108020;Cogliate;;MB;0;0;8450;2011;6,9549;2017;8473;2017
1;3;108;108;108021;108021;Concorezzo;;MB;0;0;15193;2011;8,5081;2017;15519;2017
1;3;108;108;108022;108022;Correzzana;;MB;0;0;2657;2011;2,5060;2017;2969;2017
1;3;108;108;108023;108023;Desio;;MB;0;0;40397;2011;14,7540;2017;41822;2017
1;3;108;108;108024;108024;Giussano;;MB;0;0;24527;2011;10,2805;2017;25886;2017
1;3;108;108;108025;108025;Lazzate;;MB;0;0;7603;2011;5,3139;2017;7766;2017
1;3;108;108;108026;108026;Lesmo;;MB;0;0;8094;2011;5,1171;2017;8557;2017
1;3;108;108;108027;108027;Limbiate;;MB;0;0;33903;2011;12,2860;2017;34542;2017
1;3;108;108;108028;108028;Lissone;;MB;0;0;42220;2011;9,2958;2017;45425;2017
1;3;108;108;108029;108029;Macherio;;MB;0;0;7130;2011;3,1826;2017;7348;2017
1;3;108;108;108030;108030;Meda;;MB;0;0;23073;2011;8,3083;2017;22998;2017
1;3;108;108;108031;108031;Mezzago;;MB;0;0;4106;2011;4,3185;2017;4431;2017
1;3;108;108;108032;108032;Misinto;;MB;0;0;5195;2011;5,1093;2017;5491;2017
1;3;108;108;108033;108033;Monza;;MB;1;0;119856;2011;33,0867;2017;124432;2017
1;3;108;108;108034;108034;Muggiò;;MB;0;0;23208;2011;5,4764;2017;23512;2017
1;3;108;108;108035;108035;Nova Milanese;;MB;0;0;22315;2011;5,8456;2017;23123;2017
1;3;108;108;108036;108036;Ornago;;MB;0;0;4702;2011;5,8844;2017;5044;2017
1;3;108;108;108037;108037;Renate;;MB;0;0;4177;2011;2,8878;2017;4069;2017
1;3;108;108;108038;108038;Ronco Briantino;;MB;0;0;3389;2011;2,9685;2017;3464;2017
1;3;108;108;108039;108039;Seregno;;MB;0;0;43001;2011;13,0449;2017;45197;2017
1;3;108;108;108040;108040;Seveso;;MB;0;0;22733;2011;7,4024;2017;22946;2017
1;3;108;108;108041;108041;Sovico;;MB;0;0;8069;2011;3,2630;2017;8331;2017
1;3;108;108;108042;108042;Sulbiate;;MB;0;0;4067;2011;5,2018;2017;4270;2017
1;3;108;108;108043;108043;Triuggio;;MB;0;0;8546;2011;8,3378;2017;8700;2017
1;3;108;108;108044;108044;Usmate Velate;;MB;0;0;10033;2011;9,7508;2017;10267;2017
1;3;108;108;108045;108045;Varedo;;MB;0;0;12773;2011;4,8480;2017;13385;2017
1;3;108;108;108046;108046;Vedano al Lambro;;MB;0;0;7426;2011;1,9793;2017;7520;2017
1;3;108;108;108047;108047;Veduggio con Colzano;;MB;0;0;4434;2011;3,5554;2017;4365;2017
1;3;108;108;108048;108048;Verano Brianza;;MB;0;0;9275;2011;3,5184;2017;9128;2017
1;3;108;108;108049;108049;Villasanta;;MB;0;0;13619;2011;4,8648;2017;13912;2017
1;3;108;108;108050;108050;Vimercate;;MB;0;0;25309;2011;20,7181;2017;25995;2017
1;3;108;108;108051;108051;Busnago;;MB;0;0;6413;2011;5,7763;2017;6697;2017
1;3;108;108;108052;108052;Caponago;;MB;0;0;5226;2011;5,0384;2017;5185;2017
1;3;108;108;108053;108053;Cornate d'Adda;;MB;0;0;10363;2011;13,8153;2017;10641;2017
1;3;108;108;108054;108054;Lentate sul Seveso;;MB;0;0;15486;2011;13,9782;2017;15796;2017
1;3;108;108;108055;108055;Roncello;;MB;0;0;3925;2011;3,1611;2017;4665;2017
3;11;109;109;109001;109001;Altidona;;FM;0;0;3234;2011;12,9725;2017;3411;2017
3;11;109;109;109002;109002;Amandola;;FM;0;0;3709;2011;69,4940;2017;3548;2017
3;11;109;109;109003;109003;Belmonte Piceno;;FM;0;0;664;2011;10,5319;2017;629;2017
3;11;109;109;109004;109004;Campofilone;;FM;0;0;1951;2011;12,2112;2017;1909;2017
3;11;109;109;109005;109005;Falerone;;FM;0;0;3395;2011;24,6124;2017;3327;2017
3;11;109;109;109006;109006;Fermo;;FM;1;0;37016;2011;124,5320;2017;37101;2017
3;11;109;109;109007;109007;Francavilla d'Ete;;FM;0;0;1009;2011;10,2041;2017;941;2017
3;11;109;109;109008;109008;Grottazzolina;;FM;0;0;3287;2011;9,2618;2017;3326;2017
3;11;109;109;109009;109009;Lapedona;;FM;0;0;1175;2011;14,9249;2017;1195;2017
3;11;109;109;109010;109010;Magliano di Tenna;;FM;0;0;1426;2011;7,9294;2017;1487;2017
3;11;109;109;109011;109011;Massa Fermana;;FM;0;0;1002;2011;7,7274;2017;909;2017
3;11;109;109;109012;109012;Monsampietro Morico;;FM;0;0;682;2011;9,7625;2017;636;2017
3;11;109;109;109013;109013;Montappone;;FM;0;0;1749;2011;10,4054;2017;1677;2017
3;11;109;109;109014;109014;Montefalcone Appennino;;FM;0;0;445;2011;15,9920;2017;414;2017
3;11;109;109;109015;109015;Montefortino;;FM;0;0;1214;2011;78,6156;2017;1126;2017
3;11;109;109;109016;109016;Monte Giberto;;FM;0;0;815;2011;12,5337;2017;788;2017
3;11;109;109;109017;109017;Montegiorgio;;FM;0;0;6965;2011;47,4458;2017;6724;2017
3;11;109;109;109018;109018;Montegranaro;;FM;0;0;13153;2011;31,4183;2017;12808;2017
3;11;109;109;109019;109019;Monteleone di Fermo;;FM;0;0;436;2011;8,2142;2017;380;2017
3;11;109;109;109020;109020;Montelparo;;FM;0;0;861;2011;21,6262;2017;753;2017
3;11;109;109;109021;109021;Monte Rinaldo;;FM;0;0;397;2011;7,9216;2017;360;2017
3;11;109;109;109022;109022;Monterubbiano;;FM;0;0;2351;2011;32,2351;2017;2179;2017
3;11;109;109;109023;109023;Monte San Pietrangeli;;FM;0;0;2547;2011;18,4509;2017;2415;2017
3;11;109;109;109024;109024;Monte Urano;;FM;0;0;8283;2011;16,7156;2017;8210;2017
3;11;109;109;109025;109025;Monte Vidon Combatte;;FM;0;0;459;2011;11,1670;2017;435;2017
3;11;109;109;109026;109026;Monte Vidon Corrado;;FM;0;0;777;2011;5,9490;2017;703;2017
3;11;109;109;109027;109027;Montottone;;FM;0;0;1011;2011;16,3789;2017;946;2017
3;11;109;109;109028;109028;Moresco;;FM;0;0;605;2011;6,3504;2017;572;2017
3;11;109;109;109029;109029;Ortezzano;;FM;0;0;791;2011;7,0749;2017;768;2017
3;11;109;109;109030;109030;Pedaso;;FM;0;0;2771;2011;3,8470;2017;2801;2017
3;11;109;109;109031;109031;Petritoli;;FM;0;0;2440;2011;24,0023;2017;2294;2017
3;11;109;109;109032;109032;Ponzano di Fermo;;FM;0;0;1708;2011;14,2677;2017;1642;2017
3;11;109;109;109033;109033;Porto San Giorgio;;FM;0;0;15957;2011;8,7932;2017;16031;2017
3;11;109;109;109034;109034;Porto Sant'Elpidio;;FM;0;0;25324;2011;18,1256;2017;25795;2017
3;11;109;109;109035;109035;Rapagnano;;FM;0;0;2044;2011;12,6456;2017;2057;2017
3;11;109;109;109036;109036;Santa Vittoria in Matenano;;FM;0;0;1422;2011;26,1790;2017;1326;2017
3;11;109;109;109037;109037;Sant'Elpidio a Mare;;FM;0;0;16968;2011;50,5172;2017;17156;2017
3;11;109;109;109038;109038;Servigliano;;FM;0;0;2347;2011;18,4918;2017;2271;2017
3;11;109;109;109039;109039;Smerillo;;FM;0;0;389;2011;11,2924;2017;351;2017
3;11;109;109;109040;109040;Torre San Patrizio;;FM;0;0;2078;2011;11,9329;2017;1992;2017
4;16;110;110;110001;110001;Andria;;BT;1;0;100052;2011;402,8821;2017;99110;2017
4;16;110;110;110002;110002;Barletta;;BT;1;0;94239;2011;149,3513;2017;93523;2017
4;16;110;110;110003;110003;Bisceglie;;BT;0;0;54678;2011;69,2439;2017;54846;2017
4;16;110;110;110004;110004;Canosa di Puglia;;BT;0;0;30422;2011;150,9317;2017;29657;2017
4;16;110;110;110005;110005;Margherita di Savoia;;BT;0;0;12193;2011;35,6977;2017;11579;2017
4;16;110;110;110006;110006;Minervino Murge;;BT;0;0;9333;2011;257,4065;2017;8809;2017
4;16;110;110;110007;110007;San Ferdinando di Puglia;;BT;0;0;13916;2011;41,2298;2017;14111;2017
4;16;110;110;110008;110008;Spinazzola;;BT;0;0;6755;2011;184,0052;2017;6444;2017
4;16;110;110;110009;110009;Trani;;BT;1;0;55842;2011;103,4118;2017;55836;2017
4;16;110;110;110010;110010;Trinitapoli;;BT;0;0;14293;2011;148,7657;2017;14555;2017
5;20;111;111;111001;111001;Arbus;;SU;0;0;6575;2011;269,1174;2017;6206;2017
5;20;111;111;111002;111002;Armungia;;SU;0;0;489;2011;54,7539;2017;459;2017
5;20;111;111;111003;111003;Ballao;;SU;0;0;877;2011;46,6242;2017;786;2017
5;20;111;111;111004;111004;Barrali;;SU;0;0;1139;2011;11,2269;2017;1133;2017
5;20;111;111;111005;111005;Barumini;;SU;0;0;1310;2011;26,3994;2017;1265;2017
5;20;111;111;111006;111006;Buggerru;;SU;0;0;1108;2011;48,3317;2017;1048;2017
5;20;111;111;111007;111007;Burcei;;SU;0;0;2896;2011;94,8516;2017;2797;2017
5;20;111;111;111008;111008;Calasetta;;SU;0;0;2822;2011;31,0599;2017;2885;2017
5;20;111;111;111009;111009;Carbonia;;SU;1;0;28882;2011;145,5415;2017;27504;2017
5;20;111;111;111010;111010;Carloforte;;SU;0;0;6301;2011;51,1010;2017;6083;2017
5;20;111;111;111011;111011;Castiadas;;SU;0;0;1507;2011;103,8877;2017;1649;2017
5;20;111;111;111012;111012;Collinas;;SU;0;0;885;2011;20,8264;2017;823;2017
5;20;111;111;111013;111013;Decimoputzu;;SU;0;0;4315;2011;44,7736;2017;4334;2017
5;20;111;111;111014;111014;Dolianova;;SU;0;0;9404;2011;84,3042;2017;9699;2017
5;20;111;111;111015;111015;Domus de Maria;;SU;0;0;1675;2011;97,1360;2017;1663;2017
5;20;111;111;111016;111016;Domusnovas;;SU;0;0;6416;2011;80,5920;2017;6158;2017
5;20;111;111;111017;111017;Donori;;SU;0;0;2119;2011;35,3087;2017;2057;2017
5;20;111;111;111018;111018;Escalaplano;;SU;0;0;2268;2011;94,0356;2017;2159;2017
5;20;111;111;111019;111019;Escolca;;SU;0;0;624;2011;14,7598;2017;581;2017
5;20;111;111;111020;111020;Esterzili;;SU;0;0;721;2011;100,7428;2017;642;2017
5;20;111;111;111021;111021;Fluminimaggiore;;SU;0;0;2966;2011;108,1820;2017;2965;2017
5;20;111;111;111022;111022;Furtei;;SU;0;0;1674;2011;26,1114;2017;1629;2017
5;20;111;111;111023;111023;Genoni;;SU;0;0;885;2011;43,7929;2017;815;2017
5;20;111;111;111024;111024;Genuri;;SU;0;0;345;2011;7,5149;2017;326;2017
5;20;111;111;111025;111025;Gergei;;SU;0;0;1298;2011;36,1778;2017;1208;2017
5;20;111;111;111026;111026;Gesico;;SU;0;0;886;2011;25,6223;2017;842;2017
5;20;111;111;111027;111027;Gesturi;;SU;0;0;1280;2011;46,8295;2017;1215;2017
5;20;111;111;111028;111028;Giba;;SU;0;0;2120;2011;30,4364;2017;2017;2017
5;20;111;111;111029;111029;Goni;;SU;0;0;504;2011;18,5982;2017;477;2017
5;20;111;111;111030;111030;Gonnesa;;SU;0;0;5135;2011;48,0554;2017;4910;2017
5;20;111;111;111031;111031;Gonnosfanadiga;;SU;0;0;6702;2011;125,1869;2017;6510;2017
5;20;111;111;111032;111032;Guamaggiore;;SU;0;0;1050;2011;16,8014;2017;1003;2017
5;20;111;111;111033;111033;Guasila;;SU;0;0;2775;2011;43,5101;2017;2669;2017
5;20;111;111;111034;111034;Guspini;;SU;0;0;12272;2011;174,6654;2017;11740;2017
5;20;111;111;111035;111035;Iglesias;;SU;0;0;27674;2011;208,2299;2017;26474;2017
5;20;111;111;111036;111036;Isili;;SU;0;0;2842;2011;67,8361;2017;2638;2017
5;20;111;111;111037;111037;Las Plassas;;SU;0;0;257;2011;11,0416;2017;226;2017
5;20;111;111;111038;111038;Lunamatrona;;SU;0;0;1783;2011;20,5853;2017;1709;2017
5;20;111;111;111039;111039;Mandas;;SU;0;0;2238;2011;45,0144;2017;2144;2017
5;20;111;111;111040;111040;Masainas;;SU;0;0;1350;2011;23,6861;2017;1292;2017
5;20;111;111;111041;111041;Monastir;;SU;0;0;4505;2011;31,7868;2017;4616;2017
5;20;111;111;111042;111042;Muravera;;SU;0;0;5162;2011;93,5065;2017;5238;2017
5;20;111;111;111043;111043;Musei;;SU;0;0;1522;2011;20,2739;2017;1529;2017
5;20;111;111;111044;111044;Narcao;;SU;0;0;3373;2011;85,8744;2017;3248;2017
5;20;111;111;111045;111045;Nuragus;;SU;0;0;942;2011;19,8991;2017;902;2017
5;20;111;111;111046;111046;Nurallao;;SU;0;0;1357;2011;34,7617;2017;1250;2017
5;20;111;111;111047;111047;Nuraminis;;SU;0;0;2606;2011;45,1794;2017;2539;2017
5;20;111;111;111048;111048;Nurri;;SU;0;0;2233;2011;73,6723;2017;2161;2017
5;20;111;111;111049;111049;Nuxis;;SU;0;0;1631;2011;61,5918;2017;1556;2017
5;20;111;111;111050;111050;Orroli;;SU;0;0;2397;2011;75,5932;2017;2229;2017
5;20;111;111;111051;111051;Ortacesus;;SU;0;0;933;2011;23,6259;2017;920;2017
5;20;111;111;111052;111052;Pabillonis;;SU;0;0;2948;2011;37,4236;2017;2683;2017
5;20;111;111;111053;111053;Pauli Arbarei;;SU;0;0;651;2011;15,1381;2017;605;2017
5;20;111;111;111054;111054;Perdaxius;;SU;0;0;1475;2011;29,4953;2017;1421;2017
5;20;111;111;111055;111055;Pimentel;;SU;0;0;1193;2011;14,9677;2017;1177;2017
5;20;111;111;111056;111056;Piscinas;;SU;0;0;872;2011;16,8946;2017;857;2017
5;20;111;111;111057;111057;Portoscuso;;SU;0;0;5236;2011;38,0899;2017;5084;2017
5;20;111;111;111058;111058;Sadali;;SU;0;0;918;2011;49,6103;2017;941;2017
5;20;111;111;111059;111059;Samassi;;SU;0;0;5321;2011;42,0434;2017;5003;2017
5;20;111;111;111060;111060;Samatzai;;SU;0;0;1720;2011;31,1592;2017;1648;2017
5;20;111;111;111061;111061;San Basilio;;SU;0;0;1281;2011;44,6243;2017;1229;2017
5;20;111;111;111062;111062;San Gavino Monreale;;SU;0;0;8894;2011;87,3983;2017;8508;2017
5;20;111;111;111063;111063;San Giovanni Suergiu;;SU;0;0;6020;2011;72,3709;2017;5919;2017
5;20;111;111;111064;111064;San Nicolò Gerrei;;SU;0;0;846;2011;63,5145;2017;765;2017
5;20;111;111;111065;111065;San Sperate;;SU;0;0;7972;2011;26,2413;2017;8268;2017
5;20;111;111;111066;111066;San Vito;;SU;0;0;3822;2011;231,6382;2017;3605;2017
5;20;111;111;111067;111067;Sanluri;;SU;0;0;8460;2011;84,2252;2017;8433;2017
5;20;111;111;111068;111068;Santadi;;SU;0;0;3570;2011;116,4841;2017;3376;2017
5;20;111;111;111069;111069;Sant'Andrea Frius;;SU;0;0;1834;2011;36,1629;2017;1737;2017
5;20;111;111;111070;111070;Sant'Anna Arresi;;SU;0;0;2712;2011;36,6787;2017;2735;2017
5;20;111;111;111071;111071;Sant'Antioco;;SU;0;0;11496;2011;87,8946;2017;11056;2017
5;20;111;111;111072;111072;Sardara;;SU;0;0;4168;2011;56,2294;2017;4051;2017
5;20;111;111;111073;111073;Segariu;;SU;0;0;1277;2011;16,6918;2017;1188;2017
5;20;111;111;111074;111074;Selegas;;SU;0;0;1433;2011;20,3934;2017;1342;2017
5;20;111;111;111075;111075;Senorbì;;SU;0;0;4781;2011;34,2889;2017;4843;2017
5;20;111;111;111076;111076;Serdiana;;SU;0;0;2620;2011;55,7060;2017;2679;2017
5;20;111;111;111077;111077;Serramanna;;SU;0;0;9259;2011;83,8383;2017;8994;2017
5;20;111;111;111078;111078;Serrenti;;SU;0;0;5028;2011;42,7842;2017;4817;2017
5;20;111;111;111079;111079;Serri;;SU;0;0;676;2011;19,1826;2017;640;2017
5;20;111;111;111080;111080;Setzu;;SU;0;0;144;2011;7,7682;2017;149;2017
5;20;111;111;111081;111081;Seui;;SU;0;0;1361;2011;148,2049;2017;1278;2017
5;20;111;111;111082;111082;Seulo;;SU;0;0;897;2011;58,7880;2017;840;2017
5;20;111;111;111083;111083;Siddi;;SU;0;0;696;2011;11,0203;2017;643;2017
5;20;111;111;111084;111084;Siliqua;;SU;0;0;3997;2011;189,8443;2017;3839;2017
5;20;111;111;111085;111085;Silius;;SU;0;0;1271;2011;38,3587;2017;1166;2017
5;20;111;111;111086;111086;Siurgus Donigala;;SU;0;0;2080;2011;76,3871;2017;1939;2017
5;20;111;111;111087;111087;Soleminis;;SU;0;0;1858;2011;12,7937;2017;1896;2017
5;20;111;111;111088;111088;Suelli;;SU;0;0;1135;2011;19,1982;2017;1124;2017
5;20;111;111;111089;111089;Teulada;;SU;0;0;3773;2011;246,1839;2017;3559;2017
5;20;111;111;111090;111090;Tratalias;;SU;0;0;1107;2011;31,0024;2017;1077;2017
5;20;111;111;111091;111091;Tuili;;SU;0;0;1062;2011;24,5857;2017;996;2017
5;20;111;111;111092;111092;Turri;;SU;0;0;442;2011;9,6009;2017;426;2017
5;20;111;111;111093;111093;Ussana;;SU;0;0;4285;2011;32,8211;2017;4124;2017
5;20;111;111;111094;111094;Ussaramanna;;SU;0;0;556;2011;9,7603;2017;525;2017
5;20;111;111;111095;111095;Vallermosa;;SU;0;0;1944;2011;61,7509;2017;1930;2017
5;20;111;111;111096;111096;Villacidro;;SU;0;0;14281;2011;183,4750;2017;13751;2017
5;20;111;111;111097;111097;Villamar;;SU;0;0;2872;2011;38,5293;2017;2629;2017
5;20;111;111;111098;111098;Villamassargia;;SU;0;0;3655;2011;91,3876;2017;3544;2017
5;20;111;111;111099;111099;Villanova Tulo;;SU;0;0;1158;2011;40,4494;2017;1084;2017
5;20;111;111;111100;111100;Villanovaforru;;SU;0;0;681;2011;10,9328;2017;682;2017
5;20;111;111;111101;111101;Villanovafranca;;SU;0;0;1433;2011;27,5900;2017;1301;2017
5;20;111;111;111102;111102;Villaperuccio;;SU;0;0;1097;2011;36,4283;2017;1086;2017
5;20;111;111;111103;111103;Villaputzu;;SU;0;0;4836;2011;181,3074;2017;4725;2017
5;20;111;111;111104;111104;Villasalto;;SU;0;0;1127;2011;130,3596;2017;1033;2017
5;20;111;111;111105;111105;Villasimius;;SU;0;0;3420;2011;57,9708;2017;3694;2017
5;20;111;111;111106;111106;Villasor;;SU;0;0;6857;2011;86,7935;2017;6851;2017
5;20;111;111;111107;111107;Villaspeciosa;;SU;0;0;2407;2011;27,1937;2017;2605;2017
