Codice Ripartizione geografica;Codice Regione;Codice Provincia (Storico);Codice Provincia/Uts;Codice Comune (alfanumerico);Codice Comune (numerico);Comune;Comune (dizione straniera);Sigla automobilistica;Capoluogo di Provincia/Uts;Capoluogo di Regione;Popolazione legale;Anno Censimento;Superficie (Kmq);Anno (Superficie);Popolazione residente;Anno (Popolazione residente)
1462;2018;2634;2018
7393;2018;3613;2018
3315;2018;442;2018
7314;2018;1642;2018
3796;2018;707;2018
8756;2018;6406;2018
6261;2018;246;2018
9193;2018;16991;2018
4860;2018;2004;2018
3085;2018;497;2018
8782;2018;862;2018
1668;2018;1075;2018
2172;2018;12578;2018
9605;2018;1253;2018
0859;2018;790;2018
0063;2018;3175;2018
5064;2018;543;2018
4054;2018;3624;2018
7105;2018;113;2018
0289;2018;3205;2018
8027;2018;1566;2018
2030;2018;3140;2018
9864;2018;588;2018
7343;2018;17915;2018
5979;2018;3455;2018
0819;2018;542;2018
2234;2018;2163;2018
1039;2018;11937;2018
9648;2018;583;2018
4189;2018;3631;2018
3712;2018;782;2018
9617;2018;2197;2018
9190;2018;3106;2018
2914;2018;8581;2018
7585;2018;4629;2018
1350;2018;393;2018
9504;2018;433;2018
5701;2018;8648;2018
3592;2018;1503;2018
5598;2018;1526;2018
6868;2018;1345;2018
4760;2018;1139;2018
0591;2018;1621;2018
0661;2018;5922;2018
0973;2018;6417;2018
2312;2018;3391;2018
4925;2018;7473;2018
1314;2018;5992;2018
0863;2018;1334;2018
1318;2018;1196;2018
8499;2018;5635;2018
9505;2018;279;2018
1953;2018;2628;2018
0319;2018;586;2018
4078;2018;2079;2018
5371;2018;904;2018
2579;2018;766;2018
6790;2018;9255;2018
7148;2018;28575;2018
1250;2018;1877;2018
1726;2018;1506;2018
3136;2018;3026;2018
5513;2018;13883;2018
4732;2018;1774;2018
2796;2018;2233;2018
7063;2018;9951;2018
3756;2018;432;2018
1345;2018;6550;2018
3285;2018;2309;2018
9591;2018;5483;2018
1595;2018;1813;2018
0516;2018;1049;2018
8147;2018;165;2018
7001;2018;965;2018
4478;2018;371;2018
6134;2018;1603;2018
0221;2018;2067;2018
1975;2018;36487;2018
1189;2018;223;2018
7549;2018;894;2018
9165;2018;1624;2018
2378;2018;26801;2018
1638;2018;386;2018
9345;2018;247;2018
1962;2018;333;2018
7329;2018;18366;2018
6872;2018;207;2018
8788;2018;1500;2018
5727;2018;3184;2018
0993;2018;49752;2018
3321;2018;313;2018
5894;2018;577;2018
1131;2018;4577;2018
4914;2018;3193;2018
2384;2018;491;2018
8709;2018;983;2018
7335;2018;7922;2018
3134;2018;9665;2018
5395;2018;8881;2018
5474;2018;250;2018
8499;2018;5212;2018
8931;2018;2242;2018
4091;2018;509;2018
0415;2018;2656;2018
3457;2018;764;2018
6427;2018;2316;2018
5003;2018;3353;2018
8185;2018;281;2018
9482;2018;1632;2018
1488;2018;2873;2018
4018;2018;548;2018
5108;2018;9439;2018
4442;2018;1166;2018
3833;2018;613;2018
7376;2018;16230;2018
8199;2018;3959;2018
9870;2018;679;2018
0935;2018;204;2018
3296;2018;999;2018
1321;2018;36968;2018
7506;2018;43;2018
0292;2018;707;2018
7716;2018;386;2018
5042;2018;391;2018
1075;2018;23303;2018
0353;2018;1795;2018
7929;2018;8826;2018
2876;2018;4967;2018
2900;2018;1448;2018
9191;2018;16387;2018
6753;2018;195;2018
9366;2018;1811;2018
3912;2018;443;2018
5173;2018;1443;2018
7158;2018;1743;2018
2096;2018;1037;2018
1914;2018;1163;2018
8835;2018;348;2018
7414;2018;7253;2018
0398;2018;499;2018
2585;2018;569;2018
1404;2018;1165;2018
3129;2018;416;2018
2593;2018;1303;2018
2587;2018;54;2018
0706;2018;3872;2018
6942;2018;669;2018
3424;2018;4094;2018
5439;2018;810;2018
6383;2018;1219;2018
4420;2018;76;2018
0871;2018;798;2018
0825;2018;390;2018
3332;2018;649;2018
6554;2018;344;2018
5288;2018;56964;2018
5007;2018;33;2018
6567;2018;718;2018
4681;2018;998;2018
3567;2018;3391;2018
9036;2018;5155;2018
3896;2018;842;2018
4895;2018;843;2018
5627;2018;47189;2018
0481;2018;116;2018
3530;2018;6849;2018
0743;2018;286;2018
6422;2018;8055;2018
5542;2018;540;2018
3030;2018;1481;2018
2078;2018;23348;2018
1541;2018;776;2018
4885;2018;1151;2018
5771;2018;921;2018
7857;2018;3378;2018
4058;2018;1207;2018
0819;2018;837;2018
8878;2018;2073;2018
6886;2018;428;2018
4056;2018;1113;2018
5400;2018;3827;2018
5680;2018;233;2018
1730;2018;4041;2018
0906;2018;3181;2018
7080;2018;521;2018
1830;2018;644;2018
0041;2018;763;2018
3498;2018;617;2018
4634;2018;15324;2018
7183;2018;2912;2018
3376;2018;35719;2018
8196;2018;8428;2018
6488;2018;3843;2018
1459;2018;18169;2018
9034;2018;3400;2018
0343;2018;1349;2018
6186;2018;10239;2018
5611;2018;1019;2018
0609;2018;3280;2018
4476;2018;1027;2018
2017;2018;753;2018
6092;2018;243;2018
8455;2018;1885;2018
4785;2018;225;2018
5052;2018;1288;2018
2419;2018;756;2018
8803;2018;512;2018
0380;2018;332;2018
9559;2018;351;2018
7879;2018;1032;2018
6658;2018;1748;2018
6002;2018;49;2018
8334;2018;1155;2018
1076;2018;19904;2018
8318;2018;4746;2018
5838;2018;2565;2018
2459;2018;12433;2018
8733;2018;1585;2018
4998;2018;47716;2018
5756;2018;3076;2018
1912;2018;1695;2018
7039;2018;2020;2018
2106;2018;2649;2018
2686;2018;299;2018
6877;2018;1863;2018
4075;2018;236;2018
3732;2018;802;2018
0650;2018;4846;2018
9371;2018;2369;2018
1002;2018;779;2018
9519;2018;1865;2018
3198;2018;612;2018
1034;2018;468;2018
8859;2018;77;2018
4330;2018;1571;2018
2318;2018;6013;2018
9068;2018;4065;2018
3809;2018;345;2018
3037;2018;542;2018
9796;2018;4846;2018
6513;2018;3754;2018
8616;2018;1762;2018
8866;2018;3131;2018
4049;2018;2563;2018
7366;2018;976;2018
6132;2018;3339;2018
7933;2018;820;2018
3442;2018;10300;2018
5517;2018;18710;2018
4446;2018;1428;2018
1243;2018;253;2018
1520;2018;3126;2018
5766;2018;1928;2018
5719;2018;3647;2018
3683;2018;4684;2018
7945;2018;4246;2018
1983;2018;10650;2018
2772;2018;243;2018
3112;2018;1093;2018
6768;2018;3276;2018
0308;2018;837;2018
3557;2018;1464;2018
9158;2018;939;2018
0578;2018;464;2018
4505;2018;47156;2018
2604;2018;1531;2018
6785;2018;953;2018
2140;2018;268;2018
4686;2018;6256;2018
9879;2018;6259;2018
6751;2018;792;2018
0645;2018;860793;2018
8238;2018;2946;2018
4545;2018;604;2018
0981;2018;4552;2018
4059;2018;3846;2018
2462;2018;122;2018
3597;2018;321;2018
4544;2018;527;2018
3475;2018;10800;2018
9669;2018;187;2018
5375;2018;197;2018
2292;2018;1411;2018
5253;2018;3929;2018
1200;2018;913;2018
0792;2018;786;2018
9094;2018;3033;2018
8527;2018;100;2018
5579;2018;832;2018
0929;2018;1457;2018
1435;2018;887;2018
4424;2018;33506;2018
4882;2018;4840;2018
9431;2018;1390;2018
0691;2018;804;2018
6453;2018;240;2018
9363;2018;834;2018
9677;2018;522;2018
1543;2018;5158;2018
7854;2018;4606;2018
0306;2018;1215;2018
4088;2018;3492;2018
7067;2018;2883;2018
4091;2018;1002;2018
6868;2018;1958;2018
2927;2018;1074;2018
4228;2018;4056;2018
8767;2018;4638;2018
6941;2018;15003;2018
0573;2018;1169;2018
0748;2018;1248;2018
6817;2018;532;2018
1119;2018;1023;2018
4629;2018;15422;2018
9827;2018;8625;2018
7589;2018;7361;2018
0383;2018;448;2018
7804;2018;315;2018
5650;2018;2570;2018
3101;2018;861;2018
3156;2018;1424;2018
7885;2018;110;2018
8079;2018;218;2018
8058;2018;1915;2018
8706;2018;175;2018
5707;2018;2333;2018
0901;2018;12606;2018
2949;2018;2239;2018
0776;2018;860;2018
1364;2018;235;2018
8004;2018;73;2018
1087;2018;1057;2018
0218;2018;1122;2018
1062;2018;785;2018
2050;2018;218;2018
6044;2018;293;2018
5380;2018;57;2018
3078;2018;4419;2018
3878;2018;250;2018
2234;2018;85;2018
9676;2018;763;2018
8563;2018;252;2018
2233;2018;7728;2018
0162;2018;405;2018
4768;2018;1053;2018
1403;2018;192;2018
2424;2018;1095;2018
7629;2018;500;2018
6659;2018;7819;2018
5030;2018;842;2018
8817;2018;347;2018
0875;2018;339;2018
6440;2018;519;2018
9701;2018;828;2018
5740;2018;540;2018
0280;2018;4260;2018
6672;2018;823;2018
9178;2018;98;2018
1818;2018;1371;2018
7150;2018;769;2018
5035;2018;777;2018
5270;2018;219;2018
9396;2018;1181;2018
2949;2018;289;2018
3517;2018;1283;2018
6903;2018;138;2018
5976;2018;181;2018
1782;2018;581;2018
5388;2018;725;2018
1560;2018;3981;2018
9022;2018;384;2018
2698;2018;63;2018
2702;2018;136;2018
1321;2018;261;2018
4089;2018;443;2018
9160;2018;2342;2018
4754;2018;541;2018
8379;2018;178;2018
2681;2018;926;2018
1875;2018;223;2018
7766;2018;107;2018
5982;2018;3929;2018
6327;2018;1522;2018
1294;2018;8328;2018
5335;2018;390;2018
2544;2018;366;2018
9053;2018;4877;2018
3140;2018;1183;2018
2491;2018;697;2018
6054;2018;6876;2018
7508;2018;3435;2018
4259;2018;1946;2018
9730;2018;7116;2018
7743;2018;46372;2018
5109;2018;424;2018
5822;2018;1556;2018
2573;2018;160;2018
3259;2018;157;2018
2793;2018;989;2018
5364;2018;1546;2018
9965;2018;951;2018
5154;2018;2201;2018
1698;2018;13838;2018
4928;2018;788;2018
1786;2018;9550;2018
4536;2018;1297;2018
6080;2018;1180;2018
5097;2018;1261;2018
3043;2018;1190;2018
0913;2018;2011;2018
2699;2018;21306;2018
3738;2018;5122;2018
7479;2018;2811;2018
7562;2018;1141;2018
3213;2018;2480;2018
9850;2018;10762;2018
6557;2018;2518;2018
0407;2018;945;2018
5310;2018;911;2018
4901;2018;1496;2018
4849;2018;862;2018
7918;2018;319;2018
6411;2018;9742;2018
4855;2018;381;2018
8335;2018;1170;2018
3261;2018;1340;2018
6332;2018;6681;2018
1618;2018;455;2018
4493;2018;1255;2018
1035;2018;1601;2018
5068;2018;2609;2018
0977;2018;1386;2018
2522;2018;2528;2018
2147;2018;2028;2018
1702;2018;2643;2018
3662;2018;15496;2018
0494;2018;1433;2018
7542;2018;1757;2018
2884;2018;3330;2018
6442;2018;3469;2018
5821;2018;5550;2018
5208;2018;1361;2018
3337;2018;4420;2018
3717;2018;4364;2018
2834;2018;569;2018
5806;2018;2198;2018
6587;2018;1647;2018
8541;2018;224;2018
7879;2018;1638;2018
8639;2018;1085;2018
5349;2018;2412;2018
7187;2018;1224;2018
5210;2018;802;2018
5907;2018;2501;2018
2651;2018;1802;2018
3421;2018;835;2018
0492;2018;103278;2018
7943;2018;14093;2018
9351;2018;2168;2018
6500;2018;1318;2018
2272;2018;2164;2018
1345;2018;934;2018
0713;2018;1376;2018
7659;2018;807;2018
8653;2018;1395;2018
2966;2018;2154;2018
1260;2018;1858;2018
8526;2018;953;2018
9764;2018;3909;2018
6906;2018;5524;2018
5099;2018;3032;2018
4512;2018;735;2018
8992;2018;1927;2018
5352;2018;560;2018
7543;2018;1426;2018
3719;2018;760;2018
9144;2018;1064;2018
3271;2018;2732;2018
4632;2018;466;2018
2408;2018;913;2018
2224;2018;20594;2018
0123;2018;993;2018
6120;2018;4887;2018
8717;2018;1876;2018
7798;2018;2026;2018
2939;2018;870;2018
4636;2018;559;2018
5276;2018;160;2018
9173;2018;223;2018
5853;2018;31459;2018
5899;2018;226;2018
4616;2018;129;2018
2591;2018;72;2018
9174;2018;196;2018
9490;2018;1023;2018
2505;2018;5967;2018
3257;2018;1060;2018
7637;2018;630;2018
9923;2018;7530;2018
6892;2018;690;2018
0006;2018;665;2018
1195;2018;216;2018
6865;2018;3466;2018
0700;2018;106;2018
0030;2018;366;2018
9673;2018;3687;2018
4389;2018;475;2018
1118;2018;56;2018
8445;2018;4169;2018
2409;2018;99;2018
4778;2018;384;2018
3397;2018;12488;2018
5405;2018;178;2018
5453;2018;630;2018
9483;2018;9782;2018
5298;2018;29506;2018
2376;2018;307;2018
1796;2018;40;2018
1240;2018;280;2018
0639;2018;1065;2018
8443;2018;10082;2018
6378;2018;596;2018
6114;2018;185;2018
8655;2018;5651;2018
4476;2018;80;2018
5018;2018;97;2018
6759;2018;6789;2018
3287;2018;3083;2018
3047;2018;1151;2018
8380;2018;4395;2018
4192;2018;174;2018
8066;2018;1435;2018
1148;2018;2173;2018
9513;2018;154;2018
3404;2018;195;2018
1301;2018;1365;2018
8584;2018;312;2018
8028;2018;915;2018
5178;2018;299;2018
3070;2018;60;2018
2621;2018;107;2018
7202;2018;694;2018
6345;2018;824;2018
5227;2018;479;2018
4378;2018;676;2018
5946;2018;5436;2018
1052;2018;89;2018
4848;2018;7022;2018
0496;2018;2051;2018
1423;2018;430;2018
2419;2018;5156;2018
5961;2018;2263;2018
1656;2018;5661;2018
5351;2018;9284;2018
0188;2018;3644;2018
1219;2018;183;2018
9034;2018;86;2018
1508;2018;802;2018
0878;2018;2138;2018
9874;2018;2273;2018
5398;2018;950;2018
3423;2018;3297;2018
1183;2018;365;2018
0529;2018;164;2018
6691;2018;56155;2018
3063;2018;1956;2018
5432;2018;3623;2018
6829;2018;4733;2018
9574;2018;7038;2018
2196;2018;87;2018
7314;2018;842;2018
9305;2018;1989;2018
4418;2018;1760;2018
0300;2018;485;2018
6666;2018;309;2018
1434;2018;24612;2018
1437;2018;759;2018
6433;2018;1552;2018
0106;2018;269;2018
9691;2018;591;2018
7412;2018;352;2018
2810;2018;3073;2018
7224;2018;2635;2018
9699;2018;277;2018
6769;2018;140;2018
9108;2018;2271;2018
8082;2018;2006;2018
4459;2018;3578;2018
4042;2018;65;2018
0784;2018;84;2018
7124;2018;1418;2018
1658;2018;2758;2018
8291;2018;464;2018
2004;2018;739;2018
2414;2018;828;2018
7390;2018;215;2018
8104;2018;1477;2018
2287;2018;190;2018
6562;2018;55;2018
5000;2018;2186;2018
2204;2018;2219;2018
0310;2018;1306;2018
7345;2018;3800;2018
9869;2018;3317;2018
3762;2018;1436;2018
1258;2018;59;2018
0258;2018;220;2018
2806;2018;755;2018
9056;2018;290;2018
0682;2018;221;2018
5111;2018;263;2018
3498;2018;619;2018
4382;2018;1305;2018
6796;2018;85;2018
9114;2018;1380;2018
9903;2018;572;2018
0516;2018;22373;2018
9330;2018;619;2018
2745;2018;1985;2018
8203;2018;4690;2018
5797;2018;561;2018
8403;2018;842;2018
6271;2018;748;2018
4303;2018;478;2018
1041;2018;231;2018
2211;2018;527;2018
6999;2018;1592;2018
9363;2018;230;2018
2358;2018;2346;2018
9934;2018;4075;2018
1919;2018;2005;2018
6758;2018;830;2018
3282;2018;946;2018
1826;2018;3516;2018
3028;2018;3404;2018
9261;2018;370;2018
5183;2018;359;2018
7070;2018;1015;2018
7055;2018;981;2018
8083;2018;412;2018
3592;2018;79;2018
4931;2018;1578;2018
0873;2018;86;2018
2693;2018;2730;2018
6797;2018;569;2018
5115;2018;297;2018
4249;2018;206;2018
8932;2018;271;2018
2155;2018;115;2018
9186;2018;5639;2018
5691;2018;340;2018
3103;2018;2118;2018
6214;2018;2763;2018
1856;2018;72;2018
0347;2018;1400;2018
3043;2018;978;2018
4774;2018;3343;2018
3146;2018;1138;2018
9229;2018;165;2018
2934;2018;232;2018
3851;2018;173;2018
0092;2018;520;2018
0306;2018;1992;2018
3754;2018;690;2018
3615;2018;430;2018
0562;2018;9913;2018
4700;2018;4271;2018
8436;2018;1037;2018
3520;2018;107;2018
8368;2018;108;2018
4212;2018;100;2018
0038;2018;2253;2018
8104;2018;497;2018
2989;2018;1560;2018
0152;2018;134;2018
4023;2018;1620;2018
6105;2018;2136;2018
2407;2018;748;2018
1492;2018;2669;2018
5076;2018;160;2018
3530;2018;1626;2018
5849;2018;408;2018
9004;2018;957;2018
9166;2018;867;2018
5091;2018;361;2018
5052;2018;509;2018
0742;2018;169;2018
3254;2018;1262;2018
6960;2018;722;2018
5902;2018;16821;2018
1392;2018;87;2018
9069;2018;996;2018
8454;2018;161;2018
2618;2018;412;2018
5040;2018;3049;2018
7088;2018;2365;2018
1119;2018;1941;2018
4544;2018;2378;2018
0758;2018;2852;2018
5722;2018;3832;2018
1142;2018;1355;2018
7876;2018;21626;2018
3878;2018;181;2018
4979;2018;2136;2018
3908;2018;555;2018
8995;2018;298;2018
6012;2018;503;2018
6848;2018;329;2018
4155;2018;6331;2018
0935;2018;2772;2018
0956;2018;104;2018
2016;2018;2158;2018
1829;2018;170;2018
5376;2018;472;2018
3901;2018;732;2018
8226;2018;48;2018
5956;2018;764;2018
5253;2018;309;2018
3367;2018;2238;2018
3126;2018;926;2018
1017;2018;781;2018
9559;2018;108;2018
9200;2018;48;2018
3938;2018;1386;2018
1571;2018;554;2018
0563;2018;1144;2018
1320;2018;6428;2018
0688;2018;2272;2018
7363;2018;3202;2018
9417;2018;2591;2018
7324;2018;2910;2018
2878;2018;5822;2018
7884;2018;744;2018
4958;2018;1564;2018
1692;2018;610;2018
0672;2018;367;2018
0900;2018;515;2018
4485;2018;1589;2018
5399;2018;506;2018
8608;2018;970;2018
4124;2018;562;2018
3113;2018;75591;2018
4341;2018;367;2018
0660;2018;1141;2018
2796;2018;325;2018
3430;2018;408;2018
9008;2018;309;2018
7621;2018;829;2018
1608;2018;2541;2018
7884;2018;1719;2018
2931;2018;1286;2018
7149;2018;1235;2018
8923;2018;439;2018
4326;2018;10279;2018
7214;2018;1011;2018
0565;2018;309;2018
6480;2018;618;2018
8391;2018;597;2018
5648;2018;3696;2018
3374;2018;1190;2018
8622;2018;608;2018
0881;2018;2669;2018
2882;2018;293;2018
0662;2018;155;2018
1785;2018;1925;2018
5499;2018;844;2018
2039;2018;736;2018
6068;2018;3162;2018
6273;2018;384;2018
8477;2018;698;2018
5928;2018;477;2018
9384;2018;219;2018
6529;2018;604;2018
7779;2018;381;2018
4170;2018;225;2018
5045;2018;441;2018
7326;2018;1229;2018
0489;2018;287;2018
5226;2018;1432;2018
0824;2018;222;2018
0231;2018;314;2018
4766;2018;281;2018
3333;2018;605;2018
4254;2018;545;2018
3987;2018;502;2018
9432;2018;5760;2018
7531;2018;471;2018
9251;2018;1037;2018
9270;2018;1549;2018
1300;2018;542;2018
2168;2018;744;2018
8883;2018;593;2018
4721;2018;606;2018
7037;2018;2148;2018
5026;2018;2036;2018
8219;2018;329;2018
3739;2018;255;2018
9251;2018;377;2018
1551;2018;510;2018
9588;2018;207;2018
3971;2018;1059;2018
2321;2018;2138;2018
1104;2018;1000;2018
2057;2018;920;2018
4210;2018;2849;2018
3291;2018;891;2018
8550;2018;897;2018
5373;2018;324;2018
4970;2018;936;2018
6348;2018;740;2018
1408;2018;1259;2018
4192;2018;2309;2018
0976;2018;1121;2018
4053;2018;189;2018
3632;2018;10267;2018
6170;2018;74;2018
0260;2018;425;2018
5630;2018;463;2018
0013;2018;568;2018
0820;2018;219;2018
0244;2018;606;2018
0036;2018;2024;2018
8582;2018;171;2018
2049;2018;1563;2018
8350;2018;792;2018
4171;2018;382;2018
1805;2018;485;2018
5631;2018;898;2018
9827;2018;394;2018
8377;2018;342;2018
9109;2018;1406;2018
8656;2018;8170;2018
1477;2018;110;2018
2094;2018;656;2018
6838;2018;1016;2018
8691;2018;1197;2018
3426;2018;541;2018
3285;2018;109;2018
4471;2018;262;2018
6804;2018;551;2018
2800;2018;148;2018
1173;2018;1715;2018
7833;2018;808;2018
5952;2018;241;2018
7599;2018;288;2018
0383;2018;2417;2018
1655;2018;609;2018
9754;2018;238;2018
6219;2018;879;2018
6530;2018;791;2018
8798;2018;3000;2018
9480;2018;5578;2018
1268;2018;371;2018
2863;2018;577;2018
8624;2018;1602;2018
2967;2018;19878;2018
2298;2018;300;2018
5657;2018;93191;2018
1588;2018;779;2018
2135;2018;744;2018
3280;2018;429;2018
1269;2018;349;2018
2434;2018;6341;2018
2375;2018;268;2018
6197;2018;1327;2018
0526;2018;2080;2018
7122;2018;1675;2018
3258;2018;502;2018
4397;2018;720;2018
8874;2018;153;2018
5936;2018;1792;2018
3977;2018;1973;2018
6034;2018;546;2018
7230;2018;1382;2018
5297;2018;2356;2018
6133;2018;1176;2018
0235;2018;331;2018
5285;2018;448;2018
6332;2018;503;2018
2493;2018;495;2018
4376;2018;743;2018
0619;2018;475;2018
4663;2018;1835;2018
0526;2018;1119;2018
7892;2018;314;2018
4833;2018;438;2018
3394;2018;948;2018
2555;2018;86;2018
9232;2018;498;2018
3412;2018;734;2018
1635;2018;1207;2018
0104;2018;380;2018
2097;2018;33806;2018
9866;2018;973;2018
0373;2018;131;2018
0925;2018;2919;2018
7721;2018;882;2018
2089;2018;90;2018
4828;2018;399;2018
1283;2018;4427;2018
6600;2018;148;2018
9770;2018;1940;2018
5908;2018;454;2018
5776;2018;1490;2018
1107;2018;661;2018
4213;2018;5116;2018
4872;2018;412;2018
4466;2018;267;2018
5524;2018;499;2018
4427;2018;401;2018
7470;2018;304;2018
3008;2018;1356;2018
3002;2018;451;2018
6117;2018;965;2018
8996;2018;326;2018
3874;2018;1069;2018
2191;2018;326;2018
4621;2018;176;2018
2763;2018;185;2018
8484;2018;605;2018
0138;2018;2250;2018
6161;2018;319;2018
7515;2018;505;2018
2861;2018;428;2018
4310;2018;499;2018
5609;2018;1376;2018
9336;2018;671;2018
0575;2018;1911;2018
5333;2018;1593;2018
7684;2018;1088;2018
1543;2018;823;2018
7165;2018;664;2018
0432;2018;4493;2018
4494;2018;702;2018
3842;2018;317;2018
0802;2018;239;2018
9429;2018;484;2018
8021;2018;299;2018
5483;2018;672;2018
5358;2018;828;2018
8759;2018;1079;2018
0350;2018;76;2018
2319;2018;1356;2018
7375;2018;1290;2018
1998;2018;186;2018
2357;2018;1293;2018
5040;2018;2072;2018
7527;2018;592;2018
6941;2018;989;2018
5400;2018;213;2018
5185;2018;196;2018
0329;2018;158;2018
6176;2018;576;2018
7473;2018;253;2018
3756;2018;250;2018
7241;2018;633;2018
4867;2018;311;2018
5982;2018;542;2018
4513;2018;300;2018
8515;2018;288;2018
7049;2018;1379;2018
9524;2018;418;2018
2197;2018;717;2018
2943;2018;630;2018
3104;2018;1360;2018
1948;2018;28268;2018
4629;2018;1279;2018
4279;2018;432;2018
5707;2018;255;2018
6908;2018;112;2018
0996;2018;400;2018
5434;2018;608;2018
3724;2018;11244;2018
3665;2018;1225;2018
1834;2018;1396;2018
4198;2018;198;2018
7376;2018;525;2018
5365;2018;645;2018
2811;2018;1266;2018
3546;2018;1199;2018
9973;2018;907;2018
4427;2018;352;2018
7041;2018;3500;2018
9177;2018;1414;2018
9679;2018;549;2018
6495;2018;336;2018
0281;2018;1000;2018
0866;2018;295;2018
1765;2018;4590;2018
9724;2018;479;2018
0071;2018;1964;2018
1651;2018;1388;2018
7338;2018;1594;2018
5153;2018;637;2018
0516;2018;1408;2018
0734;2018;399;2018
5892;2018;121;2018
4612;2018;1476;2018
1543;2018;215;2018
2799;2018;1506;2018
5754;2018;333;2018
9156;2018;4005;2018
5706;2018;580;2018
1156;2018;1219;2018
6916;2018;4207;2018
8925;2018;567;2018
7065;2018;397;2018
7430;2018;393;2018
8532;2018;1159;2018
8425;2018;535;2018
9488;2018;5968;2018
3195;2018;1237;2018
1681;2018;1913;2018
5538;2018;1649;2018
9533;2018;203;2018
8544;2018;1006;2018
9542;2018;365;2018
9132;2018;2395;2018
2889;2018;1935;2018
2111;2018;1542;2018
0350;2018;625;2018
2664;2018;923;2018
7960;2018;847;2018
0894;2018;1332;2018
8666;2018;27383;2018
6032;2018;281;2018
2191;2018;677;2018
4945;2018;18694;2018
2936;2018;1000;2018
7258;2018;982;2018
6455;2018;2074;2018
3072;2018;3074;2018
6091;2018;482;2018
4744;2018;891;2018
8688;2018;300;2018
5563;2018;1849;2018
0672;2018;665;2018
5617;2018;1217;2018
4833;2018;1188;2018
2458;2018;128;2018
1828;2018;710;2018
1263;2018;1850;2018
7837;2018;1727;2018
9640;2018;213;2018
8080;2018;584;2018
3923;2018;34169;2018
8405;2018;1255;2018
3596;2018;879;2018
6166;2018;310;2018
4208;2018;1379;2018
2436;2018;2061;2018
0315;2018;121;2018
0905;2018;229;2018
5133;2018;963;2018
2621;2018;915;2018
9864;2018;762;2018
1589;2018;569;2018
5416;2018;942;2018
5283;2018;98;2018
7924;2018;729;2018
4352;2018;409;2018
8619;2018;2362;2018
6811;2018;4588;2018
0372;2018;1389;2018
6059;2018;2771;2018
9770;2018;2486;2018
2542;2018;516;2018
2330;2018;219;2018
5692;2018;504;2018
1198;2018;1778;2018
7089;2018;434;2018
1712;2018;478;2018
9833;2018;1699;2018
3034;2018;3408;2018
5161;2018;303;2018
6471;2018;825;2018
6384;2018;1165;2018
0381;2018;659;2018
3779;2018;400;2018
6103;2018;1342;2018
0120;2018;742;2018
9365;2018;110;2018
9427;2018;1991;2018
6666;2018;820;2018
5463;2018;449;2018
7597;2018;1795;2018
6277;2018;2102;2018
3544;2018;2938;2018
4825;2018;163;2018
5598;2018;212;2018
2665;2018;464;2018
3295;2018;1538;2018
5599;2018;177;2018
7533;2018;809;2018
9224;2018;3630;2018
4018;2018;1023;2018
0520;2018;4043;2018
8333;2018;81;2018
3385;2018;177;2018
6410;2018;1023;2018
7364;2018;3435;2018
3872;2018;382;2018
3820;2018;1358;2018
4576;2018;323;2018
4206;2018;191;2018
1772;2018;3172;2018
8770;2018;336;2018
5721;2018;4454;2018
2810;2018;4810;2018
4629;2018;577;2018
4757;2018;193;2018
4468;2018;605;2018
2088;2018;177;2018
1501;2018;2277;2018
3546;2018;1279;2018
3607;2018;2585;2018
7979;2018;1299;2018
6268;2018;363;2018
9364;2018;588;2018
0601;2018;158;2018
0925;2018;110;2018
1429;2018;322;2018
0999;2018;1104;2018
3196;2018;331;2018
6456;2018;10191;2018
9387;2018;428;2018
4357;2018;830;2018
9447;2018;5476;2018
4708;2018;272;2018
8606;2018;1244;2018
9282;2018;275;2018
7924;2018;1129;2018
5850;2018;1120;2018
8570;2018;271;2018
5068;2018;576;2018
0918;2018;514;2018
3930;2018;1226;2018
8809;2018;587;2018
5548;2018;194;2018
5190;2018;767;2018
3343;2018;684;2018
1136;2018;2237;2018
6729;2018;5808;2018
9117;2018;1111;2018
2846;2018;2041;2018
7953;2018;1348;2018
3823;2018;42023;2018
3465;2018;668;2018
8969;2018;284;2018
6912;2018;174;2018
0472;2018;584;2018
0261;2018;123;2018
8375;2018;203;2018
4462;2018;3175;2018
2994;2018;829;2018
2246;2018;450;2018
5045;2018;1341;2018
2305;2018;770;2018
3802;2018;843;2018
3128;2018;2304;2018
2114;2018;666;2018
8026;2018;464;2018
8563;2018;540;2018
3683;2018;319;2018
0712;2018;2815;2018
2848;2018;275;2018
8533;2018;3083;2018
3070;2018;1268;2018
2886;2018;1264;2018
9577;2018;52464;2018
6886;2018;2088;2018
8705;2018;290;2018
4660;2018;999;2018
3583;2018;13957;2018
9254;2018;237;2018
6060;2018;358;2018
8808;2018;1296;2018
6815;2018;6956;2018
1513;2018;390;2018
7257;2018;23939;2018
4645;2018;265;2018
5157;2018;461;2018
0037;2018;512;2018
2476;2018;10665;2018
5751;2018;23533;2018
2457;2018;5308;2018
6771;2018;9921;2018
2964;2018;2000;2018
7987;2018;7329;2018
0930;2018;604;2018
2733;2018;542;2018
7933;2018;749;2018
6899;2018;1090;2018
3522;2018;2497;2018
3910;2018;4667;2018
7326;2018;2135;2018
4709;2018;359;2018
4026;2018;12887;2018
6034;2018;1696;2018
7437;2018;1451;2018
4005;2018;5496;2018
2297;2018;714;2018
7042;2018;318;2018
1434;2018;148;2018
5606;2018;5171;2018
9617;2018;3376;2018
1527;2018;5513;2018
2727;2018;2077;2018
4065;2018;1072;2018
8145;2018;1963;2018
7298;2018;219;2018
5254;2018;11371;2018
0315;2018;1223;2018
2237;2018;996;2018
7021;2018;431;2018
7242;2018;1779;2018
4774;2018;10890;2018
5718;2018;974;2018
7301;2018;1091;2018
8507;2018;106;2018
9575;2018;3334;2018
2980;2018;501;2018
2213;2018;815;2018
1769;2018;185;2018
6682;2018;2595;2018
2263;2018;214;2018
3130;2018;900;2018
6586;2018;1583;2018
1736;2018;460;2018
3321;2018;927;2018
4451;2018;806;2018
8781;2018;8581;2018
6454;2018;632;2018
9456;2018;811;2018
9186;2018;7088;2018
5971;2018;564;2018
7066;2018;768;2018
6560;2018;1741;2018
3174;2018;59924;2018
0198;2018;3614;2018
6807;2018;2993;2018
8062;2018;798;2018
2868;2018;179;2018
9652;2018;2629;2018
4467;2018;2562;2018
1689;2018;707;2018
7846;2018;8297;2018
9963;2018;12971;2018
9150;2018;363;2018
7616;2018;821;2018
8914;2018;2698;2018
8070;2018;310;2018
2972;2018;11350;2018
9322;2018;2545;2018
2765;2018;2655;2018
4242;2018;4377;2018
5133;2018;2008;2018
0618;2018;5406;2018
0652;2018;5164;2018
7401;2018;2832;2018
9059;2018;6747;2018
4579;2018;3712;2018
8222;2018;6749;2018
0656;2018;3151;2018
7498;2018;1603;2018
6952;2018;3769;2018
2310;2018;27391;2018
2837;2018;2408;2018
7228;2018;9045;2018
0821;2018;5689;2018
0024;2018;268;2018
7248;2018;531;2018
5252;2018;1879;2018
2540;2018;65;2018
6164;2018;454;2018
1628;2018;260;2018
2876;2018;569184;2018
8760;2018;88;2018
9672;2018;1443;2018
8763;2018;12460;2018
7099;2018;2439;2018
7184;2018;437;2018
5078;2018;1532;2018
4412;2018;3649;2018
9335;2018;2669;2018
6498;2018;1500;2018
2743;2018;3606;2018
2718;2018;2473;2018
6107;2018;2724;2018
6787;2018;223;2018
7246;2018;2013;2018
5214;2018;2243;2018
2369;2018;853;2018
9884;2018;536;2018
5565;2018;2490;2018
5311;2018;379;2018
9310;2018;138;2018
6210;2018;29214;2018
7716;2018;9661;2018
7190;2018;956;2018
1115;2018;4244;2018
8079;2018;63;2018
5932;2018;2660;2018
0858;2018;502;2018
5747;2018;2610;2018
0436;2018;9019;2018
9016;2018;5833;2018
7734;2018;1086;2018
7440;2018;3074;2018
2045;2018;7792;2018
6163;2018;18223;2018
0661;2018;4041;2018
5372;2018;526;2018
0146;2018;2224;2018
1383;2018;598;2018
6332;2018;2168;2018
6707;2018;778;2018
4257;2018;381;2018
7878;2018;2382;2018
1732;2018;4318;2018
5379;2018;10308;2018
9450;2018;2326;2018
5663;2018;7558;2018
1896;2018;826;2018
3369;2018;919;2018
9013;2018;1287;2018
7544;2018;1084;2018
7917;2018;524;2018
8632;2018;478;2018
0170;2018;8381;2018
0856;2018;1347;2018
2703;2018;6325;2018
2599;2018;636;2018
3951;2018;92737;2018
0078;2018;9861;2018
8140;2018;5375;2018
4274;2018;604;2018
9431;2018;1410;2018
8558;2018;8380;2018
7462;2018;560;2018
6646;2018;3481;2018
7634;2018;3625;2018
2663;2018;1472;2018
6636;2018;681;2018
8524;2018;9807;2018
5374;2018;21971;2018
7758;2018;1342;2018
5884;2018;1916;2018
2984;2018;800;2018
3684;2018;7254;2018
7008;2018;501;2018
7953;2018;386;2018
8821;2018;5225;2018
7261;2018;5417;2018
1264;2018;9937;2018
5059;2018;4882;2018
5062;2018;4638;2018
1722;2018;765;2018
9232;2018;1696;2018
5157;2018;1619;2018
5636;2018;647;2018
4320;2018;2528;2018
4769;2018;5471;2018
9454;2018;8926;2018
5209;2018;3284;2018
0300;2018;4321;2018
0386;2018;2203;2018
8686;2018;3180;2018
2924;2018;867;2018
1820;2018;1692;2018
9542;2018;1171;2018
3963;2018;811;2018
1189;2018;1198;2018
6200;2018;948;2018
9058;2018;1179;2018
5045;2018;3094;2018
6597;2018;83549;2018
2718;2018;2119;2018
7280;2018;1825;2018
2635;2018;7672;2018
1334;2018;4650;2018
1270;2018;2538;2018
4198;2018;14462;2018
2131;2018;6623;2018
5453;2018;17857;2018
7494;2018;4836;2018
5879;2018;2690;2018
3228;2018;1348;2018
0454;2018;3686;2018
9092;2018;5680;2018
3442;2018;21385;2018
9547;2018;663;2018
9206;2018;14449;2018
9824;2018;551;2018
7509;2018;1308;2018
7887;2018;1957;2018
9003;2018;7629;2018
7590;2018;5135;2018
3176;2018;5794;2018
0039;2018;824;2018
1336;2018;10231;2018
1074;2018;3843;2018
9838;2018;1878;2018
8056;2018;4727;2018
6874;2018;1187;2018
5493;2018;2849;2018
5510;2018;786;2018
4407;2018;593;2018
1837;2018;3540;2018
5438;2018;2985;2018
0591;2018;2939;2018
8543;2018;166;2018
5272;2018;3334;2018
9590;2018;1668;2018
0249;2018;3045;2018
3987;2018;1452;2018
4905;2018;126;2018
6809;2018;12384;2018
6579;2018;6746;2018
5265;2018;687;2018
9823;2018;54015;2018
2748;2018;989;2018
0086;2018;9263;2018
8411;2018;4578;2018
6747;2018;2899;2018
7868;2018;10780;2018
6598;2018;3924;2018
4364;2018;2671;2018
1580;2018;4991;2018
4805;2018;8281;2018
6957;2018;2190;2018
0456;2018;1239;2018
4338;2018;1059;2018
3655;2018;10192;2018
9092;2018;5263;2018
8742;2018;5182;2018
4421;2018;5724;2018
5301;2018;8610;2018
1894;2018;3760;2018
8367;2018;4978;2018
2406;2018;11599;2018
7099;2018;1268;2018
0057;2018;14462;2018
0713;2018;1325;2018
7726;2018;1252;2018
0012;2018;16531;2018
4904;2018;3388;2018
8464;2018;7909;2018
8580;2018;338;2018
8082;2018;296;2018
4816;2018;1808;2018
8831;2018;1552;2018
1012;2018;1462;2018
5406;2018;1924;2018
6025;2018;4241;2018
2356;2018;5001;2018
7451;2018;4306;2018
2066;2018;12497;2018
9149;2018;7828;2018
7246;2018;806;2018
5175;2018;801;2018
3374;2018;2882;2018
3739;2018;2327;2018
4481;2018;924;2018
7632;2018;1293;2018
4390;2018;3087;2018
0140;2018;16020;2018
0575;2018;38904;2018
0379;2018;11052;2018
0347;2018;4096;2018
9318;2018;5420;2018
5053;2018;17500;2018
7498;2018;6126;2018
6311;2018;3640;2018
6798;2018;2529;2018
4775;2018;18675;2018
5968;2018;4030;2018
0619;2018;214;2018
7362;2018;10598;2018
4185;2018;1572;2018
3321;2018;2470;2018
8393;2018;80876;2018
0848;2018;7358;2018
8788;2018;6086;2018
7338;2018;7297;2018
7832;2018;8662;2018
2627;2018;5166;2018
6059;2018;572;2018
2206;2018;1508;2018
9571;2018;2538;2018
3792;2018;6338;2018
9506;2018;4133;2018
8386;2018;2698;2018
9921;2018;1263;2018
5847;2018;4902;2018
2450;2018;1809;2018
8076;2018;7709;2018
1121;2018;653;2018
5822;2018;5084;2018
5106;2018;3559;2018
7157;2018;566;2018
5854;2018;324;2018
8047;2018;2734;2018
1194;2018;4765;2018
6705;2018;1620;2018
5601;2018;280;2018
4718;2018;1158;2018
1737;2018;6467;2018
8311;2018;2160;2018
9720;2018;325;2018
0251;2018;1684;2018
7733;2018;4031;2018
1784;2018;7425;2018
1615;2018;7922;2018
5169;2018;482;2018
5295;2018;2092;2018
6757;2018;1942;2018
2534;2018;39784;2018
1053;2018;5127;2018
7175;2018;5523;2018
9442;2018;1152;2018
9237;2018;2928;2018
1719;2018;4478;2018
7329;2018;3116;2018
1945;2018;6623;2018
8896;2018;1647;2018
2221;2018;4978;2018
5073;2018;3339;2018
9723;2018;1270;2018
6220;2018;883;2018
9748;2018;199;2018
5479;2018;530;2018
1831;2018;9158;2018
2813;2018;6646;2018
6263;2018;2135;2018
9034;2018;538;2018
6171;2018;498;2018
1412;2018;85979;2018
1917;2018;812;2018
1382;2018;672;2018
9305;2018;3467;2018
6466;2018;212;2018
6082;2018;611;2018
2764;2018;1468;2018
0436;2018;3334;2018
4878;2018;241;2018
8017;2018;16127;2018
9373;2018;2609;2018
5230;2018;1199;2018
1414;2018;4683;2018
3603;2018;3214;2018
9561;2018;5121;2018
2711;2018;9737;2018
7547;2018;731;2018
1792;2018;1042;2018
8250;2018;2823;2018
8991;2018;1300;2018
5458;2018;628;2018
9053;2018;5736;2018
9865;2018;9096;2018
1961;2018;903;2018
6825;2018;518;2018
8360;2018;2519;2018
5255;2018;467;2018
7039;2018;2053;2018
5636;2018;3840;2018
2977;2018;5932;2018
1337;2018;168;2018
0364;2018;4264;2018
4770;2018;9838;2018
6045;2018;1915;2018
1613;2018;2706;2018
6988;2018;5281;2018
8854;2018;2604;2018
9357;2018;9731;2018
0815;2018;677;2018
8027;2018;24727;2018
2884;2018;3284;2018
7701;2018;3085;2018
2814;2018;4051;2018
8973;2018;1603;2018
7270;2018;2353;2018
2231;2018;5257;2018
0152;2018;223;2018
5169;2018;2532;2018
6815;2018;8587;2018
7055;2018;967;2018
0301;2018;1202;2018
9210;2018;2844;2018
9644;2018;11675;2018
6880;2018;2356;2018
4607;2018;2718;2018
5747;2018;183;2018
7955;2018;1061;2018
5334;2018;235;2018
9040;2018;829;2018
0749;2018;679;2018
8112;2018;239;2018
3802;2018;4301;2018
6399;2018;4797;2018
2991;2018;930;2018
2026;2018;1361;2018
0752;2018;294;2018
5208;2018;1288;2018
0864;2018;1674;2018
5679;2018;7821;2018
5316;2018;6079;2018
7342;2018;507;2018
5076;2018;969;2018
7797;2018;7794;2018
9930;2018;292;2018
1171;2018;868;2018
7868;2018;3136;2018
0937;2018;2581;2018
4370;2018;1260;2018
7425;2018;639;2018
2943;2018;595;2018
8815;2018;5741;2018
5288;2018;1130;2018
9091;2018;231;2018
2824;2018;9378;2018
7844;2018;4883;2018
6474;2018;2626;2018
1320;2018;2636;2018
6115;2018;159;2018
7405;2018;1511;2018
8606;2018;214;2018
1517;2018;3027;2018
0078;2018;747;2018
7469;2018;4133;2018
8577;2018;7939;2018
5952;2018;196;2018
7866;2018;1725;2018
8520;2018;4176;2018
0589;2018;3686;2018
5814;2018;5365;2018
4097;2018;5103;2018
9508;2018;2920;2018
6566;2018;3470;2018
9604;2018;290;2018
3464;2018;3011;2018
7750;2018;562;2018
3652;2018;1546;2018
1442;2018;3253;2018
2215;2018;120;2018
5949;2018;4103;2018
1065;2018;1306;2018
4364;2018;4191;2018
7070;2018;2008;2018
9723;2018;1087;2018
4884;2018;931;2018
3122;2018;1374;2018
0700;2018;606;2018
0329;2018;1589;2018
4204;2018;431;2018
6946;2018;780;2018
7742;2018;7273;2018
5975;2018;2448;2018
7567;2018;2531;2018
0707;2018;344;2018
1361;2018;1106;2018
8352;2018;1379;2018
9902;2018;5507;2018
7335;2018;453;2018
4380;2018;3277;2018
2392;2018;3631;2018
7990;2018;556;2018
8975;2018;800;2018
5950;2018;578;2018
4263;2018;172;2018
7928;2018;1957;2018
9158;2018;4405;2018
1233;2018;1645;2018
6544;2018;525;2018
1650;2018;1314;2018
2927;2018;6675;2018
4606;2018;654;2018
7844;2018;741;2018
3245;2018;994;2018
4294;2018;945;2018
1455;2018;1808;2018
9738;2018;2999;2018
8160;2018;12452;2018
7437;2018;1887;2018
2997;2018;37;2018
8047;2018;1382;2018
7998;2018;2126;2018
2534;2018;1913;2018
8988;2018;1867;2018
7265;2018;2282;2018
5844;2018;668;2018
9382;2018;2961;2018
0003;2018;290;2018
8248;2018;556;2018
7953;2018;2863;2018
8501;2018;349;2018
5233;2018;488;2018
4525;2018;4065;2018
8748;2018;21589;2018
6849;2018;84;2018
0512;2018;4643;2018
2736;2018;199;2018
3175;2018;4527;2018
3745;2018;8987;2018
2368;2018;745;2018
1463;2018;639;2018
3664;2018;2781;2018
0134;2018;1977;2018
7227;2018;4121;2018
5706;2018;3642;2018
9861;2018;2553;2018
7085;2018;890;2018
3774;2018;1091;2018
4053;2018;216;2018
5223;2018;963;2018
7393;2018;2942;2018
7776;2018;32473;2018
9817;2018;4674;2018
4210;2018;6614;2018
5763;2018;19190;2018
3585;2018;12094;2018
0523;2018;8866;2018
3842;2018;17183;2018
5856;2018;3651;2018
4922;2018;7896;2018
5903;2018;3840;2018
1619;2018;3023;2018
7426;2018;2052;2018
8715;2018;7210;2018
6536;2018;4121;2018
1096;2018;36055;2018
3824;2018;26336;2018
9490;2018;2362;2018
0056;2018;26921;2018
8322;2018;4643;2018
5863;2018;8410;2018
9872;2018;13865;2018
7272;2018;1214;2018
1802;2018;6932;2018
2538;2018;12553;2018
2436;2018;4147;2018
3860;2018;15457;2018
3249;2018;4046;2018
5951;2018;5419;2018
6010;2018;18653;2018
2095;2018;13840;2018
3175;2018;1843;2018
1729;2018;11130;2018
2206;2018;34571;2018
9631;2018;5100;2018
1212;2018;15206;2018
9388;2018;23295;2018
7681;2018;14337;2018
7241;2018;73845;2018
6764;2018;4851;2018
4021;2018;46839;2018
1644;2018;2045;2018
6867;2018;18399;2018
4734;2018;20313;2018
0674;2018;20036;2018
3556;2018;33553;2018
9253;2018;8169;2018
4585;2018;4117;2018
0817;2018;18328;2018
6355;2018;6408;2018
4790;2018;3027;2018
2559;2018;9077;2018
9131;2018;27263;2018
7593;2018;8690;2018
5801;2018;20444;2018
4595;2018;2994;2018
1012;2018;1614;2018
1348;2018;8599;2018
2054;2018;11198;2018
0401;2018;8927;2018
8701;2018;25499;2018
6970;2018;59091;2018
4068;2018;4063;2018
6103;2018;10317;2018
9920;2018;23958;2018
2300;2018;9212;2018
2083;2018;6138;2018
3852;2018;3525;2018
9547;2018;11943;2018
9985;2018;18160;2018
8204;2018;18335;2018
6397;2018;4182;2018
6783;2018;1395980;2018
0014;2018;1066;2018
5128;2018;8022;2018
2430;2018;16975;2018
8763;2018;649;2018
4619;2018;20067;2018
8582;2018;4507;2018
6385;2018;13845;2018
9834;2018;4305;2018
9731;2018;1436;2018
1139;2018;47168;2018
6921;2018;5831;2018
3077;2018;28091;2018
8211;2018;11217;2018
9782;2018;11119;2018
2212;2018;23470;2018
6624;2018;9054;2018
9138;2018;15610;2018
0937;2018;36428;2018
7848;2018;8372;2018
1648;2018;6185;2018
1394;2018;8444;2018
0744;2018;7334;2018
0299;2018;14183;2018
2431;2018;50047;2018
9280;2018;4817;2018
7849;2018;6725;2018
0728;2018;4554;2018
6816;2018;5783;2018
2433;2018;41570;2018
5504;2018;7411;2018
8731;2018;32341;2018
1680;2018;6704;2018
8676;2018;38001;2018
9662;2018;5011;2018
4807;2018;8269;2018
2355;2018;4385;2018
7527;2018;12197;2018
4936;2018;35269;2018
5991;2018;21481;2018
6992;2018;81667;2018
4236;2018;7304;2018
7192;2018;19746;2018
6760;2018;14031;2018
4356;2018;5106;2018
7662;2018;20971;2018
0534;2018;11968;2018
9957;2018;3567;2018
9838;2018;5822;2018
5193;2018;7192;2018
0535;2018;9296;2018
1545;2018;8998;2018
3090;2018;3928;2018
6541;2018;3301;2018
5527;2018;9287;2018
7367;2018;16836;2018
1334;2018;8974;2018
6505;2018;4031;2018
4278;2018;1884;2018
5779;2018;6761;2018
5480;2018;6124;2018
5630;2018;5318;2018
7721;2018;11661;2018
6055;2018;2223;2018
2249;2018;818;2018
3528;2018;8231;2018
8094;2018;17750;2018
0003;2018;5526;2018
6064;2018;6291;2018
7305;2018;5704;2018
6844;2018;13499;2018
2756;2018;2362;2018
7270;2018;3235;2018
3472;2018;4815;2018
4369;2018;3461;2018
3077;2018;2690;2018
6932;2018;181;2018
4898;2018;565;2018
2922;2018;7547;2018
2892;2018;389;2018
5491;2018;4337;2018
9806;2018;693;2018
0711;2018;4206;2018
0744;2018;1967;2018
2680;2018;724;2018
1447;2018;2416;2018
1515;2018;120569;2018
8641;2018;1381;2018
6704;2018;601;2018
2008;2018;75;2018
5910;2018;6245;2018
2082;2018;6162;2018
1510;2018;9917;2018
4678;2018;6630;2018
8306;2018;1160;2018
0906;2018;985;2018
7727;2018;5113;2018
4653;2018;689;2018
1864;2018;715;2018
5323;2018;8540;2018
1390;2018;7805;2018
1106;2018;5971;2018
1408;2018;114;2018
9947;2018;5615;2018
0832;2018;5890;2018
6678;2018;5336;2018
3336;2018;8255;2018
7240;2018;4271;2018
9440;2018;603;2018
2052;2018;4318;2018
6789;2018;1232;2018
7846;2018;8041;2018
7838;2018;3084;2018
3883;2018;16286;2018
8209;2018;4737;2018
1535;2018;301;2018
5891;2018;4668;2018
1131;2018;4006;2018
1746;2018;4017;2018
6219;2018;3254;2018
6773;2018;108;2018
1528;2018;10206;2018
7066;2018;2810;2018
5001;2018;3410;2018
5891;2018;1293;2018
6516;2018;2624;2018
0244;2018;1656;2018
9724;2018;2540;2018
6167;2018;3845;2018
5992;2018;4283;2018
0705;2018;1602;2018
5456;2018;3423;2018
8847;2018;6090;2018
8160;2018;6262;2018
3074;2018;5511;2018
7280;2018;5098;2018
1901;2018;8574;2018
6268;2018;1122;2018
5187;2018;11085;2018
7485;2018;1670;2018
4452;2018;4376;2018
5017;2018;921;2018
3490;2018;1922;2018
2228;2018;3306;2018
2120;2018;574;2018
6664;2018;9131;2018
9435;2018;4037;2018
4135;2018;3457;2018
7049;2018;7424;2018
4071;2018;234;2018
8075;2018;23557;2018
5582;2018;910;2018
0690;2018;3410;2018
1452;2018;1997;2018
7926;2018;7874;2018
0407;2018;1278;2018
4233;2018;3101;2018
2877;2018;1128;2018
0601;2018;2986;2018
7970;2018;4648;2018
9290;2018;588;2018
1428;2018;187;2018
8683;2018;3101;2018
0448;2018;3420;2018
2797;2018;210;2018
1342;2018;991;2018
0319;2018;5396;2018
1267;2018;1430;2018
1962;2018;849;2018
4134;2018;4997;2018
5881;2018;6118;2018
6976;2018;5126;2018
5200;2018;6514;2018
0000;2018;1551;2018
7413;2018;6519;2018
0692;2018;1202;2018
7773;2018;903;2018
9408;2018;7406;2018
8327;2018;172;2018
0586;2018;648;2018
1560;2018;4088;2018
6909;2018;4427;2018
7383;2018;601;2018
5314;2018;3764;2018
7896;2018;813;2018
9247;2018;5154;2018
0469;2018;2854;2018
4846;2018;888;2018
0689;2018;3982;2018
6573;2018;6778;2018
0512;2018;10531;2018
8383;2018;160;2018
1053;2018;2968;2018
3564;2018;203;2018
7535;2018;1126;2018
8156;2018;3240;2018
5662;2018;2511;2018
9226;2018;2903;2018
4646;2018;4485;2018
6417;2018;7436;2018
2348;2018;11501;2018
9033;2018;496;2018
8919;2018;1011;2018
3262;2018;146;2018
6636;2018;589;2018
7820;2018;906;2018
0417;2018;1725;2018
0963;2018;147;2018
1822;2018;5237;2018
5856;2018;12465;2018
2349;2018;2071;2018
0866;2018;4052;2018
9600;2018;4472;2018
7937;2018;5678;2018
2794;2018;2717;2018
8187;2018;351;2018
5999;2018;5990;2018
4799;2018;1804;2018
7022;2018;1419;2018
5451;2018;1064;2018
7653;2018;1204;2018
2379;2018;384;2018
1521;2018;86;2018
2861;2018;1594;2018
5898;2018;1796;2018
4769;2018;6780;2018
5861;2018;11451;2018
3776;2018;3351;2018
0976;2018;4966;2018
1982;2018;4622;2018
9556;2018;1845;2018
6248;2018;1107;2018
2818;2018;4927;2018
1151;2018;1705;2018
0613;2018;5948;2018
2137;2018;1234;2018
5213;2018;920;2018
8105;2018;3779;2018
3831;2018;20314;2018
3866;2018;439;2018
0675;2018;768;2018
0302;2018;915;2018
5339;2018;4189;2018
0260;2018;4763;2018
2465;2018;5751;2018
9533;2018;4818;2018
8036;2018;541;2018
6621;2018;6699;2018
6892;2018;9956;2018
9693;2018;1154;2018
8461;2018;2492;2018
5279;2018;2040;2018
5348;2018;24950;2018
3384;2018;2049;2018
7570;2018;1777;2018
9447;2018;731;2018
2515;2018;9097;2018
0233;2018;4524;2018
0243;2018;5252;2018
9736;2018;1002;2018
6107;2018;5726;2018
3738;2018;13110;2018
8250;2018;1061;2018
5411;2018;3787;2018
1257;2018;543;2018
1708;2018;2036;2018
3026;2018;5005;2018
1331;2018;8025;2018
4836;2018;8721;2018
9668;2018;2120;2018
6902;2018;2465;2018
6241;2018;1073;2018
5138;2018;9602;2018
2198;2018;30106;2018
4874;2018;10733;2018
3454;2018;1387;2018
7781;2018;9916;2018
8899;2018;1028;2018
7966;2018;4344;2018
8905;2018;601;2018
7640;2018;132;2018
2302;2018;211;2018
8975;2018;265;2018
2916;2018;211;2018
8218;2018;7522;2018
3439;2018;8020;2018
6945;2018;4590;2018
4483;2018;1121;2018
7561;2018;1363;2018
3097;2018;585;2018
9822;2018;4630;2018
4860;2018;6659;2018
6029;2018;6758;2018
1595;2018;1861;2018
0419;2018;7997;2018
0010;2018;1450;2018
4317;2018;2747;2018
9523;2018;8653;2018
2123;2018;8841;2018
2970;2018;906;2018
3232;2018;670;2018
2506;2018;299;2018
7995;2018;2387;2018
2277;2018;2021;2018
4334;2018;3878;2018
4376;2018;4293;2018
5463;2018;1521;2018
2895;2018;7126;2018
5546;2018;1695;2018
7523;2018;2428;2018
8313;2018;482;2018
5601;2018;2353;2018
0191;2018;3537;2018
5695;2018;3360;2018
3457;2018;12468;2018
1983;2018;3855;2018
3363;2018;2287;2018
4918;2018;1175;2018
4204;2018;2297;2018
4434;2018;12186;2018
5925;2018;2754;2018
4633;2018;1627;2018
9148;2018;2482;2018
8065;2018;3798;2018
2870;2018;1364;2018
5299;2018;5329;2018
4199;2018;9149;2018
4960;2018;2580;2018
4824;2018;10757;2018
9887;2018;2126;2018
4114;2018;7493;2018
3802;2018;1678;2018
3567;2018;688;2018
9347;2018;4790;2018
3337;2018;196134;2018
8968;2018;708;2018
3082;2018;2101;2018
2958;2018;12908;2018
7369;2018;3500;2018
8271;2018;8473;2018
1074;2018;2457;2018
9465;2018;353;2018
9676;2018;4627;2018
6009;2018;9294;2018
8418;2018;12947;2018
2048;2018;8494;2018
1396;2018;6550;2018
5285;2018;10873;2018
1950;2018;11409;2018
3362;2018;1698;2018
6321;2018;7316;2018
3415;2018;11037;2018
0830;2018;1149;2018
5461;2018;4849;2018
5525;2018;672;2018
3011;2018;1853;2018
4688;2018;855;2018
9592;2018;19056;2018
9309;2018;1542;2018
7130;2018;537;2018
3068;2018;2740;2018
0465;2018;8657;2018
2698;2018;4643;2018
4749;2018;2060;2018
7875;2018;7511;2018
4370;2018;3993;2018
0748;2018;15482;2018
9733;2018;7155;2018
6046;2018;1956;2018
2960;2018;1411;2018
0712;2018;15736;2018
3209;2018;5562;2018
2622;2018;29002;2018
9031;2018;4486;2018
2398;2018;8556;2018
3061;2018;5217;2018
0159;2018;2054;2018
8367;2018;8838;2018
5861;2018;4675;2018
3930;2018;2641;2018
6562;2018;11518;2018
7514;2018;2812;2018
7959;2018;12160;2018
8401;2018;18492;2018
3811;2018;2164;2018
2837;2018;5079;2018
0891;2018;16591;2018
8902;2018;1859;2018
6657;2018;368;2018
9347;2018;128;2018
4194;2018;9117;2018
3283;2018;4069;2018
8235;2018;512;2018
4516;2018;13950;2018
0259;2018;1152;2018
4987;2018;1674;2018
4335;2018;3743;2018
1954;2018;16498;2018
4707;2018;573;2018
2553;2018;605;2018
7425;2018;404;2018
7179;2018;22002;2018
0958;2018;1460;2018
1109;2018;122;2018
5281;2018;3440;2018
8941;2018;1994;2018
4567;2018;3158;2018
6294;2018;5250;2018
8839;2018;13030;2018
7392;2018;4304;2018
0348;2018;661;2018
9307;2018;3163;2018
7265;2018;12422;2018
4888;2018;1741;2018
6529;2018;2565;2018
0259;2018;519;2018
6051;2018;1705;2018
8908;2018;4518;2018
6613;2018;25569;2018
5181;2018;5091;2018
5067;2018;772;2018
0780;2018;2661;2018
2115;2018;10540;2018
1574;2018;2021;2018
4576;2018;3960;2018
3116;2018;4699;2018
5439;2018;1907;2018
0333;2018;4019;2018
8482;2018;3203;2018
7797;2018;965;2018
8684;2018;12378;2018
9376;2018;2442;2018
2903;2018;14243;2018
8578;2018;1459;2018
8091;2018;4627;2018
6080;2018;3634;2018
8656;2018;184;2018
0034;2018;2108;2018
0393;2018;19938;2018
1816;2018;4783;2018
1537;2018;604;2018
3907;2018;7009;2018
6134;2018;2721;2018
8177;2018;4456;2018
9152;2018;544;2018
1258;2018;603;2018
4894;2018;1489;2018
9450;2018;4722;2018
2273;2018;7972;2018
2011;2018;2496;2018
1195;2018;2646;2018
2734;2018;3732;2018
6432;2018;5166;2018
4260;2018;1782;2018
2070;2018;7083;2018
0859;2018;6837;2018
3264;2018;3504;2018
1622;2018;2903;2018
4524;2018;1530;2018
9892;2018;6792;2018
1597;2018;7324;2018
8506;2018;912;2018
9716;2018;3404;2018
4527;2018;6226;2018
4624;2018;3352;2018
2064;2018;13346;2018
1322;2018;4756;2018
8593;2018;9695;2018
8207;2018;4472;2018
3899;2018;9337;2018
0941;2018;18900;2018
8454;2018;5773;2018
4472;2018;3935;2018
5869;2018;3345;2018
3048;2018;10511;2018
2166;2018;3421;2018
5028;2018;2597;2018
2531;2018;4697;2018
6790;2018;13307;2018
2677;2018;864;2018
4711;2018;1434;2018
5719;2018;1411;2018
4273;2018;3043;2018
2480;2018;8058;2018
7734;2018;1834;2018
8920;2018;1243;2018
4396;2018;1931;2018
8075;2018;1243;2018
2570;2018;1119;2018
8569;2018;1223;2018
4393;2018;6453;2018
1706;2018;7813;2018
7358;2018;13763;2018
6815;2018;2086;2018
1018;2018;5411;2018
7332;2018;520;2018
6801;2018;3713;2018
8574;2018;1437;2018
1204;2018;179;2018
7595;2018;8104;2018
0635;2018;3745;2018
9638;2018;4286;2018
1472;2018;1454;2018
2195;2018;10621;2018
8650;2018;1410;2018
1011;2018;5775;2018
2649;2018;671;2018
2237;2018;1967;2018
2214;2018;8114;2018
6815;2018;1050;2018
3021;2018;4666;2018
3442;2018;824;2018
7570;2018;233;2018
3279;2018;527;2018
4488;2018;3517;2018
4871;2018;1538;2018
0572;2018;357;2018
6641;2018;659;2018
7124;2018;849;2018
3380;2018;1769;2018
5000;2018;993;2018
1426;2018;656;2018
6867;2018;6181;2018
8636;2018;2818;2018
8364;2018;2664;2018
8094;2018;1421;2018
1043;2018;409;2018
6391;2018;952;2018
9286;2018;2697;2018
8363;2018;615;2018
1441;2018;558;2018
8137;2018;745;2018
6873;2018;3447;2018
8467;2018;9418;2018
9837;2018;109;2018
6864;2018;1083;2018
8967;2018;1541;2018
8094;2018;103;2018
8147;2018;1366;2018
7807;2018;1442;2018
6302;2018;428;2018
4774;2018;879;2018
8050;2018;2478;2018
7359;2018;8726;2018
7358;2018;6876;2018
2772;2018;739;2018
6617;2018;6698;2018
7724;2018;1056;2018
7444;2018;1149;2018
2141;2018;558;2018
2590;2018;6692;2018
1244;2018;226;2018
5977;2018;2232;2018
3786;2018;187;2018
5598;2018;714;2018
8579;2018;5473;2018
4109;2018;1214;2018
3884;2018;3925;2018
8757;2018;1298;2018
0511;2018;5391;2018
9551;2018;970;2018
8065;2018;1590;2018
3401;2018;1735;2018
8710;2018;803;2018
3728;2018;1017;2018
8242;2018;391;2018
6095;2018;368;2018
0854;2018;4944;2018
5665;2018;4586;2018
1708;2018;1112;2018
2478;2018;828;2018
8248;2018;361;2018
1753;2018;1170;2018
2313;2018;192;2018
7761;2018;200;2018
7030;2018;9786;2018
1760;2018;9690;2018
4113;2018;1412;2018
7226;2018;5254;2018
6103;2018;3280;2018
4207;2018;191;2018
3439;2018;2746;2018
2160;2018;4389;2018
6414;2018;1484;2018
5872;2018;6329;2018
8206;2018;365;2018
3416;2018;1165;2018
1660;2018;2792;2018
7457;2018;127;2018
3585;2018;2129;2018
8204;2018;2430;2018
2532;2018;1686;2018
1177;2018;2460;2018
2895;2018;1657;2018
8944;2018;6423;2018
1384;2018;360;2018
0204;2018;1061;2018
0642;2018;478;2018
5106;2018;1354;2018
5559;2018;3869;2018
0651;2018;886;2018
7416;2018;1546;2018
4035;2018;524;2018
4046;2018;415;2018
9744;2018;280;2018
1925;2018;701;2018
4933;2018;1624;2018
2991;2018;609;2018
9694;2018;15169;2018
0764;2018;289;2018
3810;2018;706;2018
9101;2018;163;2018
9793;2018;1093;2018
8064;2018;1853;2018
1018;2018;305;2018
3012;2018;1914;2018
2453;2018;71943;2018
2007;2018;815;2018
1530;2018;859;2018
1059;2018;1915;2018
3963;2018;2644;2018
3078;2018;1689;2018
0903;2018;706;2018
9572;2018;783;2018
4798;2018;1474;2018
1597;2018;406;2018
4149;2018;1034;2018
6677;2018;1553;2018
9155;2018;5279;2018
5407;2018;5820;2018
9345;2018;541;2018
4966;2018;80;2018
7641;2018;218;2018
3647;2018;632;2018
7174;2018;672;2018
0510;2018;1560;2018
5525;2018;570;2018
4128;2018;871;2018
4541;2018;702;2018
5045;2018;470;2018
4309;2018;642;2018
2687;2018;3909;2018
4521;2018;1069;2018
2906;2018;6297;2018
3323;2018;5332;2018
4207;2018;1928;2018
5912;2018;1597;2018
5572;2018;963;2018
9011;2018;479;2018
4738;2018;2280;2018
4973;2018;783;2018
8927;2018;553;2018
5419;2018;1584;2018
5741;2018;899;2018
7208;2018;205;2018
6711;2018;662;2018
7879;2018;6095;2018
8724;2018;1154;2018
2314;2018;559;2018
8352;2018;11699;2018
8480;2018;615;2018
2281;2018;1615;2018
6600;2018;577;2018
4934;2018;933;2018
0091;2018;314;2018
4385;2018;2414;2018
5019;2018;3489;2018
6271;2018;828;2018
0449;2018;4383;2018
8312;2018;2274;2018
4982;2018;3741;2018
1549;2018;1017;2018
6826;2018;610;2018
8538;2018;214;2018
2357;2018;2150;2018
1611;2018;1480;2018
9834;2018;281;2018
6150;2018;3139;2018
1723;2018;95;2018
1961;2018;3332;2018
7086;2018;371;2018
4404;2018;1232;2018
1425;2018;6443;2018
3639;2018;62912;2018
8781;2018;69;2018
6085;2018;766;2018
7674;2018;3341;2018
4896;2018;1514;2018
4415;2018;39051;2018
7730;2018;126;2018
4013;2018;989;2018
5293;2018;1697;2018
5828;2018;1007;2018
4037;2018;470;2018
3614;2018;401;2018
1915;2018;1734;2018
7366;2018;3146;2018
8218;2018;845;2018
0864;2018;2486;2018
2161;2018;1171;2018
0775;2018;3896;2018
1983;2018;2019;2018
1210;2018;614;2018
3878;2018;4841;2018
9007;2018;1490;2018
1424;2018;593;2018
1071;2018;387;2018
6997;2018;1187;2018
9506;2018;1240;2018
6407;2018;671;2018
8381;2018;2159;2018
1471;2018;545;2018
1977;2018;405;2018
4543;2018;2313;2018
8750;2018;3762;2018
1935;2018;1853;2018
5180;2018;1147;2018
6570;2018;530;2018
4019;2018;1804;2018
5301;2018;15372;2018
2823;2018;1620;2018
7893;2018;566;2018
7876;2018;438;2018
0774;2018;9386;2018
8909;2018;5608;2018
7571;2018;300;2018
9178;2018;495;2018
1934;2018;2270;2018
9629;2018;915;2018
3599;2018;1205;2018
8526;2018;1072;2018
4080;2018;1358;2018
1284;2018;1565;2018
5182;2018;34368;2018
4916;2018;72274;2018
7577;2018;1753;2018
9377;2018;641;2018
7740;2018;433;2018
9906;2018;306;2018
6525;2018;3772;2018
7212;2018;578;2018
1938;2018;1193;2018
6430;2018;1038;2018
7072;2018;864;2018
1013;2018;1932;2018
5732;2018;1166;2018
7187;2018;1323;2018
2764;2018;618;2018
2582;2018;1482;2018
2897;2018;1737;2018
2261;2018;2688;2018
4655;2018;1162;2018
1916;2018;1980;2018
7616;2018;2835;2018
8226;2018;1707;2018
9198;2018;2049;2018
3428;2018;2274;2018
3943;2018;2495;2018
1532;2018;745;2018
4676;2018;887;2018
5835;2018;5979;2018
1541;2018;928;2018
4890;2018;2831;2018
9619;2018;1397;2018
8208;2018;3812;2018
2953;2018;8904;2018
6076;2018;3364;2018
5434;2018;1514;2018
0166;2018;627;2018
9694;2018;3385;2018
7631;2018;2493;2018
7288;2018;1115;2018
4371;2018;1267;2018
8500;2018;1585;2018
0610;2018;6393;2018
4015;2018;1454;2018
8622;2018;903;2018
5383;2018;1710;2018
9564;2018;994;2018
7794;2018;3358;2018
9739;2018;532;2018
3332;2018;1924;2018
4011;2018;7961;2018
9631;2018;2330;2018
0470;2018;3087;2018
3647;2018;1146;2018
9264;2018;2196;2018
6817;2018;1342;2018
2144;2018;1900;2018
3799;2018;408;2018
0761;2018;1322;2018
7202;2018;522;2018
3092;2018;3501;2018
4937;2018;3220;2018
4254;2018;924;2018
3201;2018;7558;2018
5680;2018;8725;2018
9595;2018;3075;2018
2122;2018;1460;2018
1073;2018;609;2018
0196;2018;6789;2018
1949;2018;1526;2018
9819;2018;427;2018
7693;2018;480;2018
1654;2018;456;2018
1215;2018;1686;2018
2227;2018;580;2018
9179;2018;2809;2018
0610;2018;1681;2018
1516;2018;3667;2018
6926;2018;4493;2018
4365;2018;3879;2018
1205;2018;487;2018
2425;2018;338;2018
0142;2018;2858;2018
4814;2018;10018;2018
2032;2018;5784;2018
9955;2018;2003;2018
0666;2018;734;2018
8219;2018;4064;2018
8665;2018;4360;2018
4282;2018;1244;2018
6958;2018;2204;2018
8495;2018;2674;2018
0306;2018;1500;2018
3420;2018;3188;2018
5780;2018;4549;2018
4042;2018;12534;2018
3392;2018;5177;2018
0224;2018;23391;2018
9097;2018;3795;2018
3082;2018;2577;2018
6487;2018;1097;2018
4705;2018;14856;2018
5363;2018;3381;2018
0314;2018;2946;2018
4871;2018;2235;2018
2204;2018;10136;2018
8828;2018;8896;2018
3782;2018;5928;2018
2002;2018;1503;2018
8062;2018;48792;2018
7889;2018;6471;2018
9126;2018;775;2018
0156;2018;7727;2018
7286;2018;4119;2018
8488;2018;5382;2018
0185;2018;4911;2018
7898;2018;2520;2018
8312;2018;6579;2018
5686;2018;6980;2018
5877;2018;1687;2018
2867;2018;6518;2018
5587;2018;1680;2018
7200;2018;2370;2018
4430;2018;16445;2018
3788;2018;1147;2018
4336;2018;5466;2018
0358;2018;1258;2018
5452;2018;2498;2018
6105;2018;5229;2018
4333;2018;6932;2018
9802;2018;8557;2018
2701;2018;4135;2018
9405;2018;6902;2018
9779;2018;1526;2018
5304;2018;9756;2018
3962;2018;1209;2018
9393;2018;1706;2018
9551;2018;1148;2018
8282;2018;7211;2018
2024;2018;1453;2018
0834;2018;2678;2018
2721;2018;2019;2018
0987;2018;21210;2018
8408;2018;19744;2018
8432;2018;2167;2018
4845;2018;7280;2018
9866;2018;14510;2018
1687;2018;5522;2018
6899;2018;1677;2018
8912;2018;1032;2018
0641;2018;404;2018
4501;2018;14796;2018
3952;2018;785;2018
0703;2018;3557;2018
5112;2018;1741;2018
2910;2018;107595;2018
2130;2018;661;2018
2919;2018;2220;2018
6986;2018;22396;2018
5395;2018;2809;2018
9974;2018;16806;2018
6344;2018;400;2018
0442;2018;8061;2018
3854;2018;2652;2018
9801;2018;5447;2018
7910;2018;2300;2018
8970;2018;6856;2018
6239;2018;1535;2018
6801;2018;2872;2018
2890;2018;5189;2018
6107;2018;3448;2018
2676;2018;2226;2018
9990;2018;660;2018
8358;2018;1380;2018
6475;2018;2346;2018
3018;2018;3340;2018
5693;2018;5391;2018
1315;2018;2849;2018
9578;2018;3543;2018
7720;2018;996;2018
3811;2018;2633;2018
6146;2018;3297;2018
9136;2018;1734;2018
2189;2018;881;2018
7048;2018;5203;2018
6837;2018;4957;2018
5250;2018;2732;2018
1083;2018;18174;2018
1238;2018;12405;2018
2235;2018;4008;2018
8848;2018;347;2018
4127;2018;1540;2018
8641;2018;1271;2018
4250;2018;5188;2018
2279;2018;3081;2018
8631;2018;2769;2018
7992;2018;841;2018
9539;2018;1703;2018
3399;2018;40646;2018
4364;2018;2907;2018
5102;2018;1701;2018
5284;2018;2072;2018
2399;2018;2029;2018
1127;2018;5867;2018
9599;2018;3223;2018
0956;2018;1978;2018
4933;2018;3936;2018
7880;2018;3822;2018
1564;2018;4884;2018
3974;2018;3783;2018
3640;2018;1588;2018
8660;2018;727;2018
3282;2018;195;2018
6921;2018;1885;2018
0018;2018;3599;2018
3567;2018;551;2018
3685;2018;267;2018
2838;2018;4492;2018
5728;2018;2924;2018
3601;2018;7952;2018
9426;2018;1375;2018
8233;2018;3102;2018
6182;2018;1240;2018
1250;2018;3807;2018
8468;2018;3391;2018
8368;2018;3100;2018
0273;2018;3523;2018
4599;2018;3879;2018
9429;2018;1783;2018
9913;2018;3230;2018
1725;2018;1543;2018
9231;2018;1981;2018
2703;2018;7148;2018
1303;2018;2901;2018
7871;2018;1451;2018
2399;2018;2643;2018
8369;2018;1223;2018
4290;2018;1874;2018
1716;2018;6124;2018
7177;2018;1816;2018
6216;2018;1141;2018
1614;2018;1780;2018
5685;2018;4505;2018
4389;2018;3451;2018
1250;2018;1970;2018
1810;2018;1009;2018
6182;2018;2436;2018
5608;2018;1044;2018
2665;2018;950;2018
1174;2018;2878;2018
7358;2018;1063;2018
0760;2018;3178;2018
1207;2018;3074;2018
8882;2018;6017;2018
1339;2018;2308;2018
8179;2018;3326;2018
3417;2018;4701;2018
0090;2018;968;2018
0325;2018;1578;2018
9501;2018;1878;2018
9648;2018;7013;2018
5844;2018;2968;2018
9177;2018;1409;2018
6313;2018;772;2018
8550;2018;8733;2018
9642;2018;1490;2018
9704;2018;3192;2018
3783;2018;1104;2018
2175;2018;17819;2018
8883;2018;4078;2018
0709;2018;5059;2018
4595;2018;1478;2018
9369;2018;2662;2018
7110;2018;440;2018
6740;2018;1552;2018
4527;2018;398;2018
1849;2018;671;2018
3633;2018;6971;2018
7400;2018;4016;2018
0139;2018;256;2018
1671;2018;736;2018
6070;2018;676;2018
4079;2018;327;2018
3945;2018;1371;2018
8086;2018;1107;2018
4132;2018;3834;2018
1988;2018;1963;2018
0233;2018;724;2018
0230;2018;1461;2018
6823;2018;1477;2018
0177;2018;1902;2018
8188;2018;589;2018
5701;2018;1102;2018
1224;2018;950;2018
8202;2018;522;2018
1004;2018;222;2018
8716;2018;604;2018
5589;2018;2335;2018
8343;2018;1210;2018
1441;2018;1045;2018
3757;2018;4131;2018
4842;2018;1097;2018
0280;2018;552;2018
2265;2018;2950;2018
3770;2018;239;2018
8070;2018;698;2018
2967;2018;350;2018
4976;2018;310;2018
6663;2018;4006;2018
1656;2018;7003;2018
2112;2018;654;2018
0249;2018;986;2018
9892;2018;680;2018
5107;2018;672;2018
1451;2018;432;2018
6440;2018;1221;2018
3367;2018;584;2018
9534;2018;5082;2018
6804;2018;642;2018
1293;2018;908;2018
2822;2018;1100;2018
9425;2018;479;2018
6258;2018;3169;2018
6288;2018;1444;2018
2241;2018;1325;2018
6807;2018;350;2018
1251;2018;417;2018
8129;2018;2550;2018
3866;2018;743;2018
3809;2018;2169;2018
7294;2018;1181;2018
0920;2018;2769;2018
3125;2018;1171;2018
1781;2018;9066;2018
8282;2018;8112;2018
2178;2018;810;2018
3726;2018;857;2018
1971;2018;263;2018
5277;2018;2231;2018
7284;2018;442;2018
0322;2018;138;2018
6281;2018;581;2018
3498;2018;884;2018
8455;2018;1620;2018
3530;2018;5529;2018
8790;2018;7168;2018
5944;2018;2663;2018
1156;2018;1116;2018
4834;2018;9949;2018
3842;2018;2815;2018
8915;2018;1402;2018
6147;2018;2107;2018
4887;2018;1360;2018
9653;2018;1095;2018
7474;2018;795;2018
2486;2018;846;2018
6481;2018;169;2018
2112;2018;838;2018
2084;2018;1004;2018
3024;2018;1863;2018
3606;2018;789;2018
9782;2018;383;2018
3284;2018;21592;2018
2335;2018;660;2018
3210;2018;3059;2018
2285;2018;2490;2018
9648;2018;4503;2018
7874;2018;1351;2018
3578;2018;1277;2018
7248;2018;17807;2018
4449;2018;613;2018
1279;2018;1403;2018
0833;2018;2901;2018
0030;2018;451;2018
2973;2018;426;2018
4144;2018;1685;2018
9842;2018;40045;2018
5800;2018;415;2018
8540;2018;804;2018
0617;2018;185;2018
9020;2018;554;2018
3158;2018;3228;2018
3639;2018;1143;2018
8749;2018;925;2018
1898;2018;807;2018
9965;2018;1419;2018
7121;2018;1453;2018
8085;2018;374;2018
7447;2018;699;2018
8220;2018;828;2018
0600;2018;1262;2018
2000;2018;1262;2018
4709;2018;708;2018
1459;2018;1179;2018
9318;2018;4584;2018
3312;2018;563;2018
7474;2018;1968;2018
7162;2018;599;2018
1147;2018;1015;2018
3011;2018;2009;2018
5662;2018;716;2018
5888;2018;645;2018
5452;2018;2938;2018
4464;2018;3651;2018
2845;2018;1321;2018
1927;2018;691;2018
6989;2018;1474;2018
8748;2018;119616;2018
3284;2018;474;2018
8636;2018;1369;2018
0686;2018;846;2018
6345;2018;1846;2018
9514;2018;177;2018
1287;2018;3813;2018
7401;2018;3030;2018
6859;2018;1704;2018
7467;2018;1757;2018
1133;2018;2960;2018
3723;2018;5313;2018
0485;2018;6689;2018
9123;2018;1578;2018
0828;2018;1176;2018
5328;2018;2134;2018
6809;2018;1439;2018
5472;2018;1615;2018
0271;2018;5117;2018
9640;2018;530;2018
7123;2018;2027;2018
6200;2018;716;2018
8203;2018;3315;2018
1056;2018;2305;2018
4692;2018;1413;2018
9303;2018;2918;2018
7133;2018;1808;2018
0489;2018;5424;2018
7572;2018;2944;2018
4868;2018;1407;2018
4548;2018;5122;2018
1318;2018;4854;2018
8223;2018;3568;2018
8814;2018;2358;2018
2532;2018;5229;2018
4706;2018;2278;2018
8657;2018;6303;2018
9382;2018;2619;2018
3221;2018;7185;2018
4474;2018;3171;2018
2007;2018;1690;2018
9947;2018;1982;2018
9664;2018;1393;2018
7987;2018;3543;2018
2729;2018;16032;2018
9838;2018;1357;2018
5829;2018;2438;2018
2258;2018;20321;2018
2692;2018;6951;2018
3727;2018;7819;2018
3173;2018;8520;2018
6028;2018;5550;2018
7978;2018;3687;2018
7241;2018;11925;2018
4290;2018;13152;2018
9092;2018;5952;2018
2708;2018;1498;2018
2947;2018;16656;2018
0567;2018;2461;2018
8339;2018;8478;2018
8968;2018;8644;2018
9136;2018;1084;2018
7441;2018;3771;2018
9499;2018;2549;2018
1025;2018;1906;2018
9690;2018;780;2018
8895;2018;273;2018
2113;2018;4128;2018
3691;2018;4059;2018
6542;2018;5297;2018
4866;2018;10827;2018
0029;2018;5165;2018
8295;2018;11496;2018
6774;2018;3222;2018
6372;2018;8399;2018
1465;2018;6992;2018
2725;2018;25078;2018
2779;2018;3685;2018
6220;2018;3176;2018
7080;2018;2516;2018
6505;2018;4593;2018
0625;2018;4281;2018
4705;2018;8899;2018
8517;2018;7799;2018
4219;2018;16926;2018
7778;2018;8467;2018
1355;2018;3675;2018
7257;2018;9973;2018
6103;2018;1223;2018
0015;2018;3124;2018
7259;2018;17152;2018
2606;2018;10809;2018
5283;2018;7280;2018
3894;2018;2521;2018
4271;2018;2196;2018
1485;2018;3804;2018
8144;2018;5947;2018
6466;2018;2642;2018
1597;2018;1587;2018
5476;2018;2087;2018
6954;2018;3807;2018
7920;2018;20756;2018
4033;2018;5027;2018
0108;2018;25019;2018
5055;2018;4087;2018
7507;2018;15579;2018
2398;2018;559;2018
1169;2018;2955;2018
2358;2018;12726;2018
4999;2018;11838;2018
4279;2018;2525;2018
2389;2018;1383;2018
3327;2018;889;2018
7206;2018;7094;2018
8265;2018;14727;2018
1449;2018;17730;2018
5347;2018;3023;2018
5271;2018;2162;2018
2913;2018;3018;2018
3481;2018;4895;2018
9416;2018;2774;2018
9590;2018;15482;2018
9017;2018;768;2018
9134;2018;258584;2018
8801;2018;5018;2018
1820;2018;2538;2018
7626;2018;10183;2018
9886;2018;5840;2018
3407;2018;33463;2018
8687;2018;15025;2018
0992;2018;4803;2018
6954;2018;1400;2018
2106;2018;2028;2018
1452;2018;1624;2018
7234;2018;11960;2018
0861;2018;2210;2018
5682;2018;7752;2018
3952;2018;3103;2018
1902;2018;25375;2018
9335;2018;6442;2018
0656;2018;860;2018
0617;2018;42874;2018
8367;2018;6436;2018
7608;2018;8634;2018
5675;2018;6613;2018
4405;2018;3177;2018
1551;2018;3983;2018
8845;2018;11248;2018
7111;2018;2506;2018
4722;2018;1323;2018
0209;2018;11158;2018
0401;2018;1682;2018
6523;2018;805;2018
7389;2018;3604;2018
3770;2018;3786;2018
7395;2018;14655;2018
6202;2018;2907;2018
4369;2018;6101;2018
6040;2018;12665;2018
7093;2018;2500;2018
7913;2018;901;2018
2167;2018;3194;2018
8538;2018;2118;2018
5599;2018;11987;2018
1320;2018;7659;2018
5285;2018;11274;2018
2015;2018;1297;2018
0095;2018;13873;2018
6032;2018;1610;2018
1748;2018;3682;2018
2089;2018;692;2018
8665;2018;2398;2018
9966;2018;3374;2018
9503;2018;841;2018
0202;2018;4271;2018
0136;2018;3751;2018
4789;2018;10172;2018
2370;2018;133;2018
7970;2018;194;2018
7741;2018;5573;2018
4205;2018;16103;2018
5640;2018;3650;2018
3374;2018;2584;2018
5281;2018;14772;2018
7254;2018;9517;2018
5289;2018;14051;2018
9571;2018;3478;2018
4433;2018;2575;2018
4752;2018;6464;2018
5401;2018;23145;2018
4203;2018;5046;2018
7485;2018;2820;2018
4127;2018;3428;2018
5735;2018;1787;2018
4385;2018;2858;2018
2417;2018;8839;2018
2946;2018;3028;2018
4308;2018;7583;2018
3508;2018;3119;2018
0933;2018;1210;2018
1511;2018;4945;2018
8794;2018;8956;2018
0844;2018;3055;2018
5920;2018;736;2018
0235;2018;2148;2018
9065;2018;8286;2018
6152;2018;4309;2018
6354;2018;562;2018
8406;2018;3128;2018
2548;2018;2789;2018
3964;2018;5741;2018
1484;2018;6275;2018
1257;2018;4253;2018
3495;2018;14254;2018
3153;2018;14431;2018
5966;2018;8105;2018
2505;2018;660;2018
1160;2018;1025;2018
9910;2018;8401;2018
1136;2018;1628;2018
1081;2018;1565;2018
2085;2018;5739;2018
1264;2018;3598;2018
8528;2018;5300;2018
9223;2018;6672;2018
0019;2018;2613;2018
2059;2018;39150;2018
8119;2018;1889;2018
8975;2018;4257;2018
6614;2018;7585;2018
9344;2018;12789;2018
7031;2018;23986;2018
9407;2018;532;2018
7397;2018;5888;2018
6733;2018;11715;2018
9571;2018;8719;2018
2157;2018;25531;2018
9487;2018;1264;2018
3448;2018;3086;2018
8110;2018;1729;2018
9041;2018;2324;2018
5798;2018;109837;2018
2250;2018;1922;2018
7881;2018;6124;2018
6450;2018;6620;2018
9709;2018;1363;2018
0441;2018;770;2018
7301;2018;6774;2018
8442;2018;3071;2018
4857;2018;6378;2018
7425;2018;4132;2018
5210;2018;2761;2018
7145;2018;1195;2018
7612;2018;2230;2018
5522;2018;3290;2018
2211;2018;35678;2018
7552;2018;797;2018
5069;2018;1956;2018
1305;2018;1247;2018
0893;2018;3916;2018
9711;2018;1317;2018
5866;2018;387;2018
3388;2018;362;2018
0918;2018;2133;2018
8033;2018;5810;2018
9544;2018;449;2018
3570;2018;2308;2018
7950;2018;1847;2018
7878;2018;20463;2018
6181;2018;3174;2018
9550;2018;1117;2018
4729;2018;581;2018
3520;2018;2806;2018
6721;2018;1072;2018
4870;2018;2912;2018
1203;2018;5314;2018
0052;2018;1308;2018
3486;2018;561;2018
4042;2018;1328;2018
2409;2018;5881;2018
7816;2018;269;2018
0553;2018;4416;2018
9431;2018;350;2018
1701;2018;3727;2018
1400;2018;8156;2018
3040;2018;611;2018
2883;2018;1207;2018
1176;2018;1613;2018
1594;2018;390;2018
1269;2018;1620;2018
9234;2018;6778;2018
1806;2018;621;2018
6204;2018;2482;2018
6156;2018;1903;2018
2029;2018;10222;2018
3266;2018;506;2018
5288;2018;2451;2018
8581;2018;3109;2018
7922;2018;375;2018
5416;2018;1399;2018
0587;2018;1749;2018
2770;2018;1316;2018
9637;2018;4780;2018
9989;2018;486;2018
6394;2018;1877;2018
0659;2018;1403;2018
8767;2018;852;2018
4694;2018;852;2018
3319;2018;212;2018
9145;2018;3128;2018
3607;2018;5166;2018
3408;2018;6856;2018
6513;2018;3055;2018
9467;2018;6970;2018
2724;2018;4521;2018
3668;2018;9031;2018
1390;2018;5904;2018
7608;2018;7809;2018
0885;2018;7936;2018
0891;2018;4743;2018
8826;2018;11295;2018
9182;2018;12891;2018
4217;2018;11267;2018
7916;2018;2281;2018
6090;2018;33544;2018
1318;2018;7210;2018
9730;2018;2841;2018
1773;2018;3842;2018
9235;2018;3709;2018
8957;2018;3385;2018
8120;2018;2614;2018
7507;2018;5283;2018
5797;2018;5066;2018
3983;2018;35080;2018
2483;2018;6978;2018
5101;2018;6233;2018
8100;2018;4495;2018
5683;2018;6102;2018
3399;2018;8656;2018
0814;2018;3768;2018
3529;2018;5717;2018
5967;2018;5805;2018
7229;2018;2906;2018
7778;2018;5965;2018
1877;2018;5192;2018
3420;2018;6039;2018
0883;2018;4083;2018
4776;2018;9124;2018
2505;2018;9262;2018
0947;2018;4951;2018
7706;2018;9598;2018
8539;2018;5166;2018
7696;2018;9325;2018
3788;2018;2960;2018
8836;2018;3232;2018
2562;2018;27670;2018
2613;2018;4387;2018
4548;2018;1325;2018
0063;2018;31473;2018
7610;2018;4464;2018
7573;2018;2800;2018
7775;2018;10754;2018
9727;2018;6593;2018
3532;2018;20375;2018
8269;2018;4486;2018
7066;2018;3859;2018
5285;2018;2198;2018
0890;2018;21714;2018
3165;2018;7348;2018
0228;2018;11953;2018
4357;2018;8290;2018
2704;2018;12887;2018
0807;2018;761;2018
1102;2018;2190;2018
9146;2018;5199;2018
1084;2018;17078;2018
0403;2018;9915;2018
0349;2018;1708;2018
8911;2018;9486;2018
7927;2018;2131;2018
6437;2018;10912;2018
7762;2018;14556;2018
5510;2018;6714;2018
5044;2018;12890;2018
8168;2018;6969;2018
2525;2018;5203;2018
9825;2018;4913;2018
8098;2018;9086;2018
4963;2018;9963;2018
9661;2018;7332;2018
0133;2018;3024;2018
2274;2018;1889;2018
1512;2018;6180;2018
9531;2018;10080;2018
7247;2018;12052;2018
0980;2018;11718;2018
9059;2018;4326;2018
4946;2018;10789;2018
5781;2018;85236;2018
8942;2018;10262;2018
1591;2018;6943;2018
8489;2018;16626;2018
4259;2018;3669;2018
5337;2018;17676;2018
8023;2018;27963;2018
8222;2018;10216;2018
4961;2018;1769;2018
0637;2018;11394;2018
9339;2018;3828;2018
5910;2018;7280;2018
6146;2018;10702;2018
2990;2018;13232;2018
8340;2018;11523;2018
4375;2018;13581;2018
1039;2018;6066;2018
9113;2018;48712;2018
3196;2018;3216;2018
1112;2018;3002;2018
8349;2018;10327;2018
2840;2018;15116;2018
4535;2018;12221;2018
3104;2018;8382;2018
6402;2018;4176;2018
1041;2018;6127;2018
1823;2018;7045;2018
4881;2018;2792;2018
3967;2018;26100;2018
5472;2018;17411;2018
1706;2018;21543;2018
6120;2018;6357;2018
1344;2018;38412;2018
6303;2018;27470;2018
8684;2018;11462;2018
6898;2018;16107;2018
9961;2018;6947;2018
0674;2018;12399;2018
3109;2018;24669;2018
2151;2018;4632;2018
3286;2018;8070;2018
1836;2018;12977;2018
8769;2018;42138;2018
4092;2018;11864;2018
0510;2018;17655;2018
9666;2018;12872;2018
2872;2018;18880;2018
9588;2018;27530;2018
8154;2018;7664;2018
4427;2018;2298;2018
9981;2018;4796;2018
8927;2018;259961;2018
8657;2018;10031;2018
7138;2018;13484;2018
4081;2018;19841;2018
8041;2018;3244;2018
1553;2018;25699;2018
6650;2018;4301;2018
5158;2018;1839;2018
3439;2018;2132;2018
6428;2018;4798;2018
9770;2018;3479;2018
4195;2018;3087;2018
5865;2018;627;2018
2291;2018;3880;2018
6614;2018;2443;2018
3938;2018;8856;2018
7798;2018;3467;2018
5470;2018;7128;2018
9249;2018;16231;2018
7182;2018;14701;2018
2241;2018;2641;2018
1245;2018;11950;2018
1599;2018;5700;2018
2680;2018;2303;2018
8081;2018;1520;2018
6815;2018;7544;2018
2785;2018;4619;2018
3152;2018;4801;2018
5043;2018;5403;2018
1745;2018;1501;2018
7049;2018;5700;2018
7569;2018;1975;2018
6783;2018;20072;2018
0181;2018;6438;2018
2861;2018;10150;2018
3257;2018;5144;2018
7290;2018;7217;2018
8074;2018;16256;2018
6111;2018;7988;2018
9542;2018;7118;2018
2007;2018;4369;2018
7096;2018;4271;2018
1029;2018;4570;2018
4734;2018;2002;2018
9138;2018;9013;2018
1553;2018;7803;2018
1159;2018;7674;2018
0731;2018;3062;2018
5821;2018;9146;2018
7649;2018;1761;2018
2228;2018;6074;2018
2476;2018;1842;2018
3456;2018;2626;2018
2180;2018;11354;2018
5708;2018;17510;2018
0279;2018;8995;2018
3700;2018;11563;2018
0781;2018;11445;2018
4782;2018;5600;2018
0257;2018;209995;2018
1797;2018;3815;2018
4889;2018;1271;2018
9328;2018;11097;2018
6247;2018;9536;2018
7342;2018;19908;2018
8439;2018;3340;2018
8489;2018;2377;2018
8862;2018;3711;2018
5210;2018;13576;2018
4761;2018;3526;2018
6862;2018;4918;2018
5124;2018;16373;2018
7992;2018;4901;2018
8582;2018;10133;2018
3502;2018;6337;2018
1222;2018;13091;2018
9003;2018;4456;2018
3064;2018;3044;2018
9675;2018;7281;2018
9648;2018;7246;2018
9164;2018;2536;2018
9186;2018;1966;2018
5443;2018;10471;2018
5168;2018;22912;2018
1429;2018;6957;2018
8106;2018;4084;2018
2006;2018;9043;2018
8125;2018;2670;2018
0202;2018;8350;2018
8543;2018;6127;2018
6561;2018;12878;2018
2263;2018;4373;2018
0220;2018;2093;2018
4121;2018;4749;2018
2473;2018;1780;2018
0825;2018;928;2018
9160;2018;13015;2018
3229;2018;22855;2018
3484;2018;5520;2018
0063;2018;2184;2018
9549;2018;10477;2018
2262;2018;6150;2018
3663;2018;3309;2018
5644;2018;9034;2018
1705;2018;7001;2018
3883;2018;19209;2018
6097;2018;4195;2018
9278;2018;2668;2018
5341;2018;10224;2018
3580;2018;1202;2018
9675;2018;2526;2018
1227;2018;1465;2018
8475;2018;704;2018
6473;2018;2704;2018
3743;2018;885;2018
1291;2018;1516;2018
8404;2018;4020;2018
9133;2018;2693;2018
6176;2018;1608;2018
1699;2018;3515;2018
5470;2018;2321;2018
0651;2018;2499;2018
8550;2018;1781;2018
0738;2018;2332;2018
5396;2018;3943;2018
9767;2018;1425;2018
9677;2018;2589;2018
9896;2018;991;2018
3701;2018;1509;2018
4203;2018;2076;2018
2052;2018;1120;2018
0601;2018;11641;2018
8436;2018;3415;2018
6764;2018;3425;2018
5809;2018;1749;2018
3261;2018;11867;2018
4869;2018;1444;2018
4544;2018;1540;2018
5061;2018;1138;2018
4116;2018;3884;2018
5313;2018;2214;2018
8764;2018;9582;2018
6930;2018;6391;2018
8039;2018;50193;2018
1558;2018;1115;2018
8257;2018;1069;2018
0456;2018;3875;2018
0221;2018;3198;2018
6785;2018;8132;2018
0778;2018;2641;2018
0740;2018;4952;2018
1513;2018;1169;2018
7258;2018;1988;2018
0497;2018;897;2018
7666;2018;14189;2018
3473;2018;2222;2018
2611;2018;862;2018
6275;2018;974;2018
4382;2018;3287;2018
7698;2018;2084;2018
2209;2018;2826;2018
2372;2018;1721;2018
2330;2018;3490;2018
0279;2018;5300;2018
0516;2018;2377;2018
0085;2018;1835;2018
9043;2018;726;2018
5056;2018;6461;2018
7768;2018;3988;2018
3179;2018;1610;2018
9325;2018;7758;2018
2261;2018;2834;2018
6785;2018;2909;2018
8328;2018;3737;2018
4345;2018;995;2018
7819;2018;677;2018
1668;2018;13641;2018
2130;2018;645;2018
1977;2018;627;2018
6458;2018;11125;2018
2010;2018;16105;2018
7505;2018;2201;2018
4140;2018;476;2018
6215;2018;3168;2018
7787;2018;2168;2018
6037;2018;2296;2018
3683;2018;165;2018
0083;2018;103;2018
7602;2018;1319;2018
7805;2018;2865;2018
1864;2018;6143;2018
3415;2018;1102;2018
7485;2018;565;2018
6557;2018;920;2018
5943;2018;578;2018
0573;2018;10913;2018
8169;2018;4671;2018
1058;2018;328;2018
7963;2018;13417;2018
7578;2018;708;2018
3383;2018;3745;2018
7064;2018;6727;2018
0467;2018;619;2018
3404;2018;2338;2018
2752;2018;5905;2018
2110;2018;925;2018
0425;2018;6313;2018
8033;2018;1782;2018
6770;2018;6922;2018
2869;2018;2633;2018
4341;2018;1680;2018
7658;2018;1662;2018
5915;2018;507;2018
0528;2018;4860;2018
7760;2018;2498;2018
2909;2018;2460;2018
8948;2018;2685;2018
4040;2018;2855;2018
9039;2018;1874;2018
9331;2018;5062;2018
5500;2018;2901;2018
2774;2018;5311;2018
7487;2018;2125;2018
4140;2018;9397;2018
2423;2018;2561;2018
3360;2018;5553;2018
9831;2018;2470;2018
6625;2018;1381;2018
0541;2018;2553;2018
4131;2018;5457;2018
3697;2018;6930;2018
9086;2018;3595;2018
7207;2018;906;2018
2302;2018;1457;2018
8850;2018;4070;2018
4728;2018;236;2018
2345;2018;753;2018
6760;2018;916;2018
0271;2018;2826;2018
4796;2018;501;2018
5973;2018;450;2018
3320;2018;4909;2018
9872;2018;6152;2018
3121;2018;970;2018
3611;2018;284;2018
7703;2018;414;2018
5658;2018;2410;2018
3968;2018;2021;2018
4636;2018;2885;2018
7795;2018;8008;2018
9373;2018;7430;2018
0601;2018;6112;2018
9138;2018;1083;2018
9685;2018;2144;2018
6031;2018;2326;2018
9224;2018;1248;2018
5705;2018;1681;2018
4911;2018;397;2018
1649;2018;370;2018
4220;2018;3772;2018
1145;2018;895;2018
6913;2018;330;2018
7456;2018;1275;2018
4414;2018;585;2018
0497;2018;3956;2018
4193;2018;8909;2018
3559;2018;4220;2018
3441;2018;14922;2018
3598;2018;2832;2018
6226;2018;10204;2018
9904;2018;2091;2018
6221;2018;2779;2018
8492;2018;2202;2018
3221;2018;1703;2018
6830;2018;7618;2018
4599;2018;1629;2018
1924;2018;100467;2018
9183;2018;2717;2018
5509;2018;1938;2018
3306;2018;872;2018
9947;2018;2211;2018
5386;2018;795;2018
2113;2018;565;2018
9391;2018;1744;2018
0193;2018;1153;2018
7536;2018;6273;2018
0628;2018;1312;2018
7989;2018;6383;2018
5839;2018;711;2018
3200;2018;1715;2018
0850;2018;7177;2018
0526;2018;1364;2018
8765;2018;336;2018
2510;2018;1676;2018
9241;2018;3020;2018
2626;2018;33915;2018
2200;2018;6442;2018
3235;2018;8080;2018
5915;2018;1497;2018
3593;2018;971;2018
7274;2018;27978;2018
5654;2018;739;2018
2051;2018;1555;2018
4983;2018;3724;2018
1084;2018;11818;2018
9395;2018;2180;2018
8903;2018;6185;2018
6311;2018;768;2018
4013;2018;1553;2018
0280;2018;2013;2018
9815;2018;1652;2018
6605;2018;7248;2018
1749;2018;2851;2018
0535;2018;1686;2018
3135;2018;8389;2018
6103;2018;860;2018
8518;2018;13003;2018
2218;2018;5768;2018
4024;2018;2034;2018
1039;2018;202351;2018
1450;2018;2019;2018
2695;2018;4666;2018
9471;2018;987;2018
3705;2018;2715;2018
5214;2018;3579;2018
2167;2018;7925;2018
4792;2018;6010;2018
9357;2018;2415;2018
9806;2018;4781;2018
0763;2018;7657;2018
7485;2018;4592;2018
0397;2018;13731;2018
0518;2018;5323;2018
8180;2018;120;2018
6896;2018;848;2018
3089;2018;588;2018
4718;2018;4614;2018
3548;2018;1173;2018
4949;2018;1192;2018
7690;2018;14991;2018
4768;2018;2080;2018
0994;2018;5697;2018
6120;2018;4515;2018
3300;2018;2217;2018
3974;2018;3911;2018
3298;2018;5213;2018
9336;2018;962;2018
9494;2018;491;2018
2281;2018;103904;2018
2849;2018;2207;2018
6068;2018;611;2018
3354;2018;9070;2018
9148;2018;4734;2018
8481;2018;6537;2018
8291;2018;7015;2018
1646;2018;12178;2018
1940;2018;5622;2018
3456;2018;834;2018
2585;2018;2858;2018
0121;2018;2113;2018
5658;2018;2055;2018
0366;2018;4229;2018
5647;2018;1720;2018
1270;2018;73;2018
7755;2018;2488;2018
8556;2018;3005;2018
1033;2018;2133;2018
8940;2018;2151;2018
5556;2018;3334;2018
7046;2018;2004;2018
0043;2018;705;2018
4879;2018;6867;2018
5911;2018;6885;2018
3542;2018;2115;2018
8310;2018;14711;2018
4061;2018;9092;2018
5320;2018;1100;2018
6975;2018;1851;2018
3458;2018;9022;2018
1166;2018;26898;2018
9754;2018;7022;2018
0045;2018;5553;2018
5224;2018;5976;2018
8424;2018;10431;2018
4850;2018;5037;2018
7682;2018;10963;2018
6387;2018;3168;2018
0416;2018;883;2018
2015;2018;11067;2018
9563;2018;3602;2018
1728;2018;12944;2018
8016;2018;1105;2018
5979;2018;198606;2018
0786;2018;1015;2018
4590;2018;2918;2018
7549;2018;5656;2018
4989;2018;19269;2018
7094;2018;5666;2018
1352;2018;1726;2018
3863;2018;4825;2018
3325;2018;9463;2018
6961;2018;1189;2018
3864;2018;2112;2018
4779;2018;936;2018
1470;2018;7632;2018
8602;2018;9543;2018
6414;2018;517;2018
9214;2018;2651;2018
0644;2018;1186;2018
7144;2018;7813;2018
5037;2018;3163;2018
8883;2018;8835;2018
9392;2018;9689;2018
5530;2018;3238;2018
1622;2018;10164;2018
0943;2018;5322;2018
0376;2018;5632;2018
5957;2018;10624;2018
3929;2018;5603;2018
6234;2018;5283;2018
5670;2018;4020;2018
7068;2018;19009;2018
8037;2018;4461;2018
0580;2018;15287;2018
0143;2018;8429;2018
6802;2018;10489;2018
9945;2018;9863;2018
0823;2018;3722;2018
5093;2018;25499;2018
6332;2018;6616;2018
1447;2018;5757;2018
6438;2018;6440;2018
9206;2018;14947;2018
5245;2018;8821;2018
3868;2018;10483;2018
1064;2018;13516;2018
5507;2018;7133;2018
3056;2018;13248;2018
6623;2018;9094;2018
6805;2018;170887;2018
5618;2018;6070;2018
1703;2018;4069;2018
1941;2018;14825;2018
7176;2018;8067;2018
2932;2018;6240;2018
2331;2018;11237;2018
0478;2018;25753;2018
2538;2018;4353;2018
3728;2018;1825;2018
8178;2018;4247;2018
9712;2018;3342;2018
0773;2018;3651;2018
1724;2018;4142;2018
4662;2018;4203;2018
8735;2018;10060;2018
6891;2018;8750;2018
7072;2018;3155;2018
5407;2018;72128;2018
5111;2018;32973;2018
4407;2018;15071;2018
7830;2018;11311;2018
7719;2018;6962;2018
9448;2018;8290;2018
9056;2018;2942;2018
1257;2018;15353;2018
2317;2018;17098;2018
1349;2018;1216;2018
7584;2018;34393;2018
4568;2018;1892;2018
2960;2018;3904;2018
9070;2018;2672;2018
5808;2018;17607;2018
4654;2018;5267;2018
9959;2018;6296;2018
0459;2018;23923;2018
1730;2018;189016;2018
2213;2018;931;2018
2770;2018;2138;2018
0046;2018;3331;2018
3200;2018;15974;2018
8080;2018;9896;2018
4110;2018;2122;2018
7304;2018;17802;2018
5344;2018;2317;2018
7389;2018;1620;2018
6652;2018;3714;2018
5303;2018;6160;2018
9129;2018;692;2018
3097;2018;6531;2018
6636;2018;10883;2018
0582;2018;3520;2018
5570;2018;5956;2018
4032;2018;40373;2018
5540;2018;9275;2018
9602;2018;8410;2018
4711;2018;2480;2018
9283;2018;15413;2018
7918;2018;12754;2018
8613;2018;25408;2018
3646;2018;4575;2018
5961;2018;12317;2018
1033;2018;9853;2018
4839;2018;7075;2018
1055;2018;5663;2018
8566;2018;393248;2018
2729;2018;3272;2018
1849;2018;18197;2018
7517;2018;13293;2018
5976;2018;1830;2018
3334;2018;36252;2018
0283;2018;3457;2018
2605;2018;1874;2018
5914;2018;1227;2018
3257;2018;3430;2018
6088;2018;4511;2018
0706;2018;6591;2018
9004;2018;18371;2018
4147;2018;20861;2018
7333;2018;15575;2018
7611;2018;5528;2018
7526;2018;13650;2018
2317;2018;6558;2018
5572;2018;1952;2018
6697;2018;4801;2018
1536;2018;5513;2018
3693;2018;12086;2018
4024;2018;3865;2018
0213;2018;70580;2018
4470;2018;2178;2018
4056;2018;4295;2018
8163;2018;9097;2018
5263;2018;6797;2018
1056;2018;16725;2018
0663;2018;8919;2018
8402;2018;15619;2018
2812;2018;3700;2018
2554;2018;6163;2018
6857;2018;10865;2018
0081;2018;6352;2018
4513;2018;4670;2018
9471;2018;13967;2018
1290;2018;17514;2018
9368;2018;7061;2018
6367;2018;8505;2018
4675;2018;4190;2018
4326;2018;8947;2018
4106;2018;28154;2018
7241;2018;32437;2018
8561;2018;12441;2018
7917;2018;7474;2018
4485;2018;14832;2018
9401;2018;7702;2018
7472;2018;19060;2018
1313;2018;31537;2018
6224;2018;6920;2018
6630;2018;21006;2018
6292;2018;4667;2018
7530;2018;14115;2018
7415;2018;35547;2018
0084;2018;11696;2018
1224;2018;21908;2018
0042;2018;16026;2018
1396;2018;132931;2018
4345;2018;2684;2018
3382;2018;2780;2018
4368;2018;4792;2018
7071;2018;2310;2018
2986;2018;6756;2018
3408;2018;5890;2018
2322;2018;9701;2018
6429;2018;11507;2018
1926;2018;3175;2018
0182;2018;7596;2018
3268;2018;3705;2018
6241;2018;4390;2018
1713;2018;3692;2018
1817;2018;8731;2018
0347;2018;9933;2018
7905;2018;11834;2018
5793;2018;16716;2018
9578;2018;2443;2018
3190;2018;7431;2018
4135;2018;2521;2018
3734;2018;9562;2018
2725;2018;28587;2018
1994;2018;9709;2018
1390;2018;7376;2018
7569;2018;58173;2018
5496;2018;8146;2018
0548;2018;31862;2018
2479;2018;10413;2018
8119;2018;158923;2018
2582;2018;5639;2018
2594;2018;12161;2018
3707;2018;2935;2018
0383;2018;4482;2018
5005;2018;5833;2018
2533;2018;10943;2018
2325;2018;2867;2018
9501;2018;6348;2018
4614;2018;97421;2018
1634;2018;26081;2018
9290;2018;3683;2018
9702;2018;1572;2018
1972;2018;118360;2018
4588;2018;13264;2018
1294;2018;2455;2018
7713;2018;10688;2018
1380;2018;9253;2018
5760;2018;7180;2018
0775;2018;9924;2018
3304;2018;6908;2018
1628;2018;4460;2018
2571;2018;1722;2018
0511;2018;752;2018
3883;2018;6199;2018
5567;2018;750;2018
5580;2018;1826;2018
5260;2018;3397;2018
2873;2018;12007;2018
8602;2018;4125;2018
7182;2018;3405;2018
3027;2018;17871;2018
4291;2018;3176;2018
1988;2018;1145;2018
8823;2018;1823;2018
6846;2018;4396;2018
1077;2018;1801;2018
6385;2018;1516;2018
2898;2018;735;2018
2216;2018;569;2018
4575;2018;8425;2018
2457;2018;2153;2018
9389;2018;1659;2018
2029;2018;7925;2018
3167;2018;60479;2018
7022;2018;8400;2018
8757;2018;9401;2018
6300;2018;941;2018
3673;2018;283;2018
0741;2018;1278;2018
9349;2018;5698;2018
5257;2018;4885;2018
3024;2018;557;2018
0143;2018;1465;2018
0743;2018;1995;2018
3532;2018;1334;2018
9454;2018;1031;2018
2059;2018;2078;2018
6355;2018;3855;2018
3413;2018;14361;2018
2470;2018;2768;2018
2355;2018;653;2018
0431;2018;1652;2018
8116;2018;1086;2018
0064;2018;2582;2018
9678;2018;1089;2018
5650;2018;7033;2018
2874;2018;2825;2018
3607;2018;690;2018
3954;2018;6188;2018
7685;2018;94896;2018
2713;2018;2804;2018
9011;2018;2124;2018
2885;2018;634;2018
1975;2018;1913;2018
8860;2018;4687;2018
7980;2018;3328;2018
3367;2018;4075;2018
8757;2018;1498;2018
9073;2018;3399;2018
0784;2018;1399;2018
8009;2018;963;2018
4065;2018;876;2018
0639;2018;7958;2018
5329;2018;7022;2018
4923;2018;14188;2018
5691;2018;15053;2018
1679;2018;12268;2018
3655;2018;5272;2018
8901;2018;4781;2018
8683;2018;99307;2018
3310;2018;4448;2018
0386;2018;1326;2018
4501;2018;2180;2018
0041;2018;7210;2018
8916;2018;2558;2018
0471;2018;5015;2018
3901;2018;18339;2018
9198;2018;1584;2018
3181;2018;3566;2018
9129;2018;3598;2018
6020;2018;14812;2018
2789;2018;4935;2018
4029;2018;4593;2018
0776;2018;30634;2018
8148;2018;25850;2018
2015;2018;9337;2018
1543;2018;1720;2018
9032;2018;39693;2018
8954;2018;12938;2018
4923;2018;6201;2018
2775;2018;1006;2018
6644;2018;3367;2018
3854;2018;1911;2018
3106;2018;9867;2018
5694;2018;3070;2018
8135;2018;6879;2018
4605;2018;1854;2018
9349;2018;3786;2018
6305;2018;2039;2018
7377;2018;34856;2018
2517;2018;6653;2018
0164;2018;3263;2018
3629;2018;669;2018
9832;2018;4568;2018
4061;2018;1922;2018
7778;2018;1990;2018
1118;2018;914;2018
2869;2018;4128;2018
2273;2018;7094;2018
7689;2018;44413;2018
5430;2018;3722;2018
3330;2018;2738;2018
6769;2018;4040;2018
4964;2018;2179;2018
3019;2018;7613;2018
7792;2018;2199;2018
6722;2018;4147;2018
0545;2018;1869;2018
8647;2018;142;2018
2218;2018;1695;2018
8821;2018;6857;2018
8058;2018;524;2018
8463;2018;4446;2018
6713;2018;252;2018
5803;2018;481;2018
1969;2018;10039;2018
0658;2018;42117;2018
1987;2018;1217;2018
9643;2018;15257;2018
9090;2018;1968;2018
4799;2018;665;2018
2168;2018;1312;2018
0501;2018;607;2018
2234;2018;760;2018
5783;2018;2315;2018
5263;2018;41340;2018
1000;2018;9617;2018
2582;2018;4586;2018
3569;2018;7079;2018
5079;2018;122;2018
8779;2018;7229;2018
9412;2018;3409;2018
6715;2018;3520;2018
0369;2018;7747;2018
4669;2018;728;2018
5803;2018;9997;2018
9085;2018;875;2018
0835;2018;1017;2018
6459;2018;1923;2018
7979;2018;1372;2018
4522;2018;1065;2018
0308;2018;245;2018
5473;2018;6527;2018
2489;2018;12060;2018
5522;2018;15811;2018
4588;2018;21121;2018
1694;2018;837;2018
0195;2018;3297;2018
2547;2018;12397;2018
3837;2018;1348;2018
1659;2018;3162;2018
5370;2018;430;2018
6468;2018;918;2018
9871;2018;1031;2018
1181;2018;19045;2018
5356;2018;9285;2018
8633;2018;2557;2018
2948;2018;407;2018
4148;2018;1053;2018
6127;2018;996;2018
3914;2018;2704;2018
0624;2018;3729;2018
1943;2018;1728;2018
1821;2018;1091;2018
0203;2018;48041;2018
2382;2018;1019;2018
9762;2018;8583;2018
7952;2018;2721;2018
0833;2018;2335;2018
9390;2018;3721;2018
3954;2018;3038;2018
9507;2018;931;2018
3366;2018;5387;2018
8568;2018;9195;2018
3072;2018;1257;2018
9947;2018;16023;2018
1726;2018;2363;2018
3038;2018;1656;2018
4334;2018;4605;2018
9400;2018;2036;2018
9333;2018;508;2018
2074;2018;2030;2018
4639;2018;475;2018
7926;2018;561;2018
3736;2018;12729;2018
6025;2018;4932;2018
6977;2018;185;2018
2773;2018;4218;2018
6319;2018;1967;2018
4373;2018;853;2018
4053;2018;47380;2018
5824;2018;7296;2018
2096;2018;2012;2018
9874;2018;10855;2018
9351;2018;1808;2018
2778;2018;61561;2018
5412;2018;999;2018
8314;2018;695;2018
7783;2018;2243;2018
1155;2018;7622;2018
3949;2018;4629;2018
6777;2018;4847;2018
8397;2018;67995;2018
7091;2018;10257;2018
5051;2018;2371;2018
1035;2018;2115;2018
5158;2018;7184;2018
4507;2018;1947;2018
3197;2018;4688;2018
6187;2018;1019;2018
5991;2018;15517;2018
7064;2018;5899;2018
4641;2018;9747;2018
2028;2018;7070;2018
3877;2018;31670;2018
0912;2018;2123;2018
1777;2018;45449;2018
0810;2018;536;2018
4824;2018;5867;2018
5253;2018;1758;2018
9404;2018;5167;2018
8827;2018;7156;2018
8594;2018;583;2018
0403;2018;3702;2018
7334;2018;88466;2018
2379;2018;21696;2018
2823;2018;1999;2018
3297;2018;1038;2018
6300;2018;4409;2018
5479;2018;3448;2018
0295;2018;2278;2018
6686;2018;23073;2018
7546;2018;2482;2018
8894;2018;8895;2018
1567;2018;1407;2018
4678;2018;12845;2018
1265;2018;2971;2018
2192;2018;911;2018
5275;2018;60602;2018
5731;2018;1564;2018
7900;2018;1295;2018
5469;2018;815;2018
2949;2018;1039;2018
6792;2018;17846;2018
0642;2018;8838;2018
2518;2018;7421;2018
9667;2018;6345;2018
0435;2018;3123;2018
0119;2018;7873;2018
6232;2018;21229;2018
1174;2018;10811;2018
6864;2018;19752;2018
1246;2018;19464;2018
6668;2018;9161;2018
3969;2018;90833;2018
5227;2018;8893;2018
9127;2018;26536;2018
2396;2018;1539;2018
0349;2018;11649;2018
8501;2018;5602;2018
2510;2018;4528;2018
9918;2018;2019;2018
7274;2018;7951;2018
0913;2018;25560;2018
3254;2018;10776;2018
9607;2018;4369;2018
3627;2018;18042;2018
9699;2018;18063;2018
7516;2018;45965;2018
9167;2018;7840;2018
3437;2018;17211;2018
3050;2018;10880;2018
2749;2018;15880;2018
6319;2018;5516;2018
4217;2018;48783;2018
1928;2018;13988;2018
3156;2018;369885;2018
9594;2018;4555;2018
1757;2018;23029;2018
2314;2018;4818;2018
3743;2018;13663;2018
7144;2018;14486;2018
8991;2018;19975;2018
2885;2018;1912;2018
0525;2018;3056;2018
7585;2018;3596;2018
6575;2018;14318;2018
8777;2018;13316;2018
1026;2018;1120;2018
5602;2018;7642;2018
3984;2018;20627;2018
6458;2018;16553;2018
1439;2018;8695;2018
8797;2018;7174;2018
8317;2018;16987;2018
1989;2018;1111;2018
6923;2018;50986;2018
8110;2018;48858;2018
8084;2018;18448;2018
0298;2018;7679;2018
9411;2018;5147;2018
8610;2018;8056;2018
1848;2018;14627;2018
9012;2018;23549;2018
8099;2018;12235;2018
6114;2018;3200;2018
2760;2018;12877;2018
7876;2018;4716;2018
5606;2018;3954;2018
3267;2018;402;2018
3149;2018;8808;2018
4945;2018;27871;2018
9895;2018;16656;2018
7138;2018;157457;2018
4509;2018;2108;2018
8590;2018;1931;2018
8069;2018;33360;2018
3301;2018;3656;2018
4808;2018;11930;2018
6514;2018;30488;2018
1539;2018;6704;2018
7469;2018;467;2018
3809;2018;3047;2018
5182;2018;3255;2018
4899;2018;8391;2018
0257;2018;5599;2018
1051;2018;6325;2018
8907;2018;12587;2018
7250;2018;6399;2018
3589;2018;1102;2018
6061;2018;44801;2018
2483;2018;13252;2018
5735;2018;1910;2018
0162;2018;2145;2018
9916;2018;1343;2018
4313;2018;3693;2018
6101;2018;1203;2018
6651;2018;1308;2018
9495;2018;1676;2018
1518;2018;2135;2018
0741;2018;749;2018
1734;2018;11153;2018
6218;2018;612;2018
6440;2018;4550;2018
5368;2018;4715;2018
0690;2018;90096;2018
8437;2018;5602;2018
8828;2018;15524;2018
0346;2018;28935;2018
9604;2018;1618;2018
9400;2018;30846;2018
5828;2018;27759;2018
7885;2018;14433;2018
6216;2018;1626;2018
0351;2018;13101;2018
2830;2018;4496;2018
5491;2018;12016;2018
8681;2018;8581;2018
6378;2018;10170;2018
3978;2018;12410;2018
4332;2018;5439;2018
9192;2018;5525;2018
7537;2018;98483;2018
7171;2018;1049;2018
5122;2018;11902;2018
6157;2018;9982;2018
5561;2018;5398;2018
5302;2018;1411;2018
6283;2018;3078;2018
2702;2018;2643;2018
4628;2018;2109;2018
4256;2018;13051;2018
8681;2018;9518;2018
8936;2018;893;2018
3216;2018;1969;2018
3260;2018;9012;2018
7316;2018;21766;2018
7826;2018;9392;2018
5219;2018;5882;2018
9309;2018;3524;2018
6944;2018;3420;2018
9430;2018;550;2018
4156;2018;1730;2018
8062;2018;8734;2018
6641;2018;23942;2018
3016;2018;865;2018
0867;2018;3095;2018
0817;2018;6102;2018
4497;2018;16773;2018
1928;2018;15499;2018
2296;2018;1270;2018
8418;2018;6387;2018
8867;2018;1003;2018
8786;2018;12227;2018
9910;2018;9894;2018
2261;2018;5660;2018
5358;2018;6611;2018
9933;2018;6277;2018
6315;2018;6954;2018
8436;2018;3117;2018
7041;2018;3795;2018
7990;2018;2758;2018
1077;2018;8926;2018
5389;2018;2239;2018
5433;2018;2604;2018
5614;2018;7015;2018
5667;2018;1827;2018
0687;2018;8362;2018
0349;2018;21533;2018
8832;2018;2678;2018
5399;2018;13763;2018
7309;2018;10019;2018
8556;2018;8992;2018
5005;2018;1521;2018
6246;2018;2409;2018
6264;2018;4127;2018
8667;2018;2076;2018
6019;2018;28780;2018
4148;2018;1548;2018
9750;2018;1081;2018
5264;2018;918;2018
0208;2018;5308;2018
1425;2018;1579;2018
5687;2018;7652;2018
2351;2018;2605;2018
8432;2018;4637;2018
5306;2018;54339;2018
6758;2018;12532;2018
5768;2018;9917;2018
3390;2018;7150;2018
9492;2018;1228;2018
3936;2018;5767;2018
2541;2018;4238;2018
2885;2018;2349;2018
3488;2018;3950;2018
7697;2018;4778;2018
2308;2018;1414;2018
1009;2018;7094;2018
5518;2018;2454;2018
9001;2018;3051;2018
0491;2018;21441;2018
0818;2018;8535;2018
5252;2018;81893;2018
0114;2018;1403;2018
8568;2018;3442;2018
4982;2018;7206;2018
4428;2018;8294;2018
4004;2018;12048;2018
2049;2018;1159;2018
8069;2018;14655;2018
9591;2018;3758;2018
8586;2018;965;2018
4636;2018;8985;2018
4512;2018;2531;2018
5600;2018;4353;2018
2265;2018;3901;2018
4287;2018;975;2018
5585;2018;3294;2018
6929;2018;1312;2018
6534;2018;1061;2018
1913;2018;27928;2018
6014;2018;21480;2018
0747;2018;4247;2018
2226;2018;4932;2018
7616;2018;2336;2018
8087;2018;4290;2018
8336;2018;3085;2018
4414;2018;3180;2018
2661;2018;14841;2018
7826;2018;1036;2018
5288;2018;3400;2018
9444;2018;7687;2018
3170;2018;38819;2018
5632;2018;3410;2018
7230;2018;21124;2018
0597;2018;1156;2018
5600;2018;9550;2018
6560;2018;55802;2018
3910;2018;2630;2018
4281;2018;1839;2018
4751;2018;3810;2018
6236;2018;5847;2018
2833;2018;14815;2018
7677;2018;31747;2018
1821;2018;594;2018
7327;2018;14808;2018
5281;2018;18175;2018
4082;2018;3651;2018
9491;2018;1510;2018
5123;2018;5507;2018
1650;2018;587;2018
5288;2018;1139;2018
0941;2018;1612;2018
1641;2018;5647;2018
5700;2018;4781;2018
9058;2018;984;2018
2582;2018;5525;2018
3321;2018;5520;2018
6117;2018;164768;2018
0764;2018;3532;2018
4153;2018;2028;2018
0939;2018;98;2018
0201;2018;695;2018
9788;2018;11108;2018
5485;2018;558;2018
1501;2018;1331;2018
8493;2018;461;2018
8384;2018;1028;2018
4743;2018;2363;2018
6445;2018;8534;2018
1366;2018;37630;2018
8556;2018;15754;2018
6662;2018;6449;2018
1853;2018;8253;2018
8849;2018;3777;2018
8295;2018;16426;2018
3024;2018;3319;2018
2211;2018;355;2018
5734;2018;1331;2018
6058;2018;4623;2018
6127;2018;1764;2018
8952;2018;1444;2018
4964;2018;11499;2018
0320;2018;2713;2018
5120;2018;2023;2018
5686;2018;2677;2018
0063;2018;1760;2018
1444;2018;2106;2018
2156;2018;2843;2018
5504;2018;2739;2018
5861;2018;1847;2018
6187;2018;1593;2018
0882;2018;1886;2018
3808;2018;1792;2018
8297;2018;1435;2018
4282;2018;5010;2018
2172;2018;1637;2018
0869;2018;1271;2018
0591;2018;1172;2018
0978;2018;1427;2018
9836;2018;18839;2018
2704;2018;20406;2018
4114;2018;1800;2018
0911;2018;504;2018
0033;2018;1071;2018
5678;2018;226;2018
6040;2018;1938;2018
8956;2018;4910;2018
4518;2018;2207;2018
1557;2018;4746;2018
4261;2018;110554;2018
3387;2018;2453;2018
6022;2018;5397;2018
8706;2018;854;2018
8081;2018;3535;2018
5635;2018;1048;2018
5457;2018;4667;2018
1676;2018;1244;2018
9142;2018;3095;2018
5714;2018;3882;2018
6448;2018;1738;2018
6322;2018;899;2018
8477;2018;2971;2018
0375;2018;5265;2018
2907;2018;1674;2018
9683;2018;6532;2018
5769;2018;5296;2018
4110;2018;1940;2018
9151;2018;2521;2018
8891;2018;2302;2018
8237;2018;1299;2018
1950;2018;1139;2018
2211;2018;15735;2018
9552;2018;1557;2018
0306;2018;3631;2018
7859;2018;8179;2018
6785;2018;2098;2018
3752;2018;1454;2018
1735;2018;2760;2018
8083;2018;1311;2018
1023;2018;2226;2018
4200;2018;2572;2018
9432;2018;2235;2018
4294;2018;809;2018
6891;2018;891;2018
5404;2018;3358;2018
6215;2018;8788;2018
9300;2018;13186;2018
1400;2018;1972;2018
6834;2018;4485;2018
7096;2018;8959;2018
5077;2018;980;2018
3110;2018;3707;2018
5589;2018;9232;2018
6051;2018;1974;2018
0138;2018;559;2018
5258;2018;8364;2018
2792;2018;1256;2018
7350;2018;2065;2018
5355;2018;8092;2018
9413;2018;6545;2018
3305;2018;16169;2018
7309;2018;313;2018
6910;2018;8270;2018
4947;2018;2822;2018
4516;2018;2509;2018
9623;2018;3946;2018
3071;2018;2201;2018
7710;2018;13609;2018
5289;2018;4462;2018
2267;2018;65985;2018
1430;2018;5197;2018
3430;2018;593;2018
3849;2018;2423;2018
9041;2018;2452;2018
9761;2018;236;2018
6446;2018;648;2018
9485;2018;605;2018
8039;2018;4382;2018
2929;2018;941;2018
6240;2018;2580;2018
6212;2018;1640;2018
5461;2018;717;2018
3087;2018;1234;2018
4912;2018;269;2018
8422;2018;1016;2018
2697;2018;1164;2018
2532;2018;6716;2018
6601;2018;443;2018
3698;2018;398;2018
3718;2018;357;2018
6126;2018;153;2018
9475;2018;1509;2018
7551;2018;487;2018
3896;2018;270;2018
9256;2018;586;2018
5447;2018;3765;2018
6915;2018;532;2018
9624;2018;13527;2018
6180;2018;1277;2018
6853;2018;3031;2018
3898;2018;719;2018
8535;2018;1516;2018
7424;2018;358;2018
0152;2018;2277;2018
3338;2018;558;2018
1617;2018;3645;2018
0838;2018;72;2018
8517;2018;122;2018
8922;2018;483;2018
7472;2018;378;2018
6813;2018;862;2018
0398;2018;1196;2018
5865;2018;280;2018
7570;2018;676;2018
9405;2018;4092;2018
7311;2018;339;2018
6446;2018;205;2018
6887;2018;377;2018
3138;2018;166;2018
7727;2018;1988;2018
9304;2018;1106;2018
3815;2018;2020;2018
9813;2018;1264;2018
3948;2018;6220;2018
9469;2018;2789;2018
4995;2018;2508;2018
6696;2018;521;2018
0132;2018;616;2018
9787;2018;322;2018
4550;2018;46951;2018
7897;2018;1180;2018
7231;2018;539;2018
5551;2018;772;2018
5958;2018;525;2018
3505;2018;3052;2018
7281;2018;1086;2018
3837;2018;2242;2018
9796;2018;1396;2018
3292;2018;1028;2018
7914;2018;1318;2018
3048;2018;1202;2018
5099;2018;216;2018
1848;2018;229;2018
7527;2018;172;2018
1123;2018;1473;2018
4997;2018;1713;2018
8082;2018;39774;2018
1659;2018;3969;2018
2338;2018;19095;2018
2155;2018;844;2018
6586;2018;51666;2018
3109;2018;1307;2018
5919;2018;18328;2018
1991;2018;1475;2018
7970;2018;13842;2018
7794;2018;2788;2018
0603;2018;19022;2018
4932;2018;439;2018
9371;2018;11254;2018
9174;2018;4136;2018
3730;2018;332;2018
5069;2018;10650;2018
3617;2018;332;2018
2892;2018;4273;2018
3793;2018;682;2018
1906;2018;8775;2018
8029;2018;7213;2018
5654;2018;8332;2018
2923;2018;852;2018
8793;2018;10745;2018
0754;2018;1087;2018
7432;2018;437;2018
3187;2018;37115;2018
8473;2018;1283;2018
3668;2018;586;2018
7376;2018;51761;2018
7493;2018;1959;2018
9893;2018;21011;2018
5491;2018;4202;2018
1862;2018;15347;2018
6584;2018;433;2018
1449;2018;12947;2018
4759;2018;22091;2018
6995;2018;6205;2018
0431;2018;1876;2018
0650;2018;5779;2018
9002;2018;23160;2018
1242;2018;1233;2018
1895;2018;710;2018
3960;2018;20073;2018
4718;2018;87073;2018
4509;2018;343;2018
7531;2018;6418;2018
7630;2018;13268;2018
9850;2018;928;2018
5174;2018;1445;2018
7166;2018;897;2018
9991;2018;7693;2018
6536;2018;777;2018
3560;2018;6963;2018
1913;2018;44210;2018
0667;2018;3023;2018
2684;2018;23308;2018
5711;2018;11886;2018
8416;2018;1252;2018
1398;2018;2087;2018
4257;2018;5226;2018
1250;2018;8608;2018
9352;2018;40649;2018
3928;2018;1929;2018
5872;2018;2490;2018
0841;2018;8261;2018
3969;2018;1373;2018
3249;2018;1888;2018
0960;2018;1929;2018
6278;2018;47895;2018
1597;2018;6589;2018
0165;2018;22070;2018
8028;2018;12770;2018
7577;2018;214;2018
9200;2018;748;2018
7449;2018;2273;2018
5727;2018;61227;2018
5196;2018;1124;2018
4305;2018;10374;2018
5618;2018;10112;2018
3841;2018;737;2018
8371;2018;178;2018
0854;2018;358;2018
7161;2018;16871;2018
4072;2018;253;2018
2646;2018;11816;2018
5724;2018;940;2018
3501;2018;684;2018
3895;2018;2820219;2018
5016;2018;1325;2018
4283;2018;7386;2018
3046;2018;859;2018
4501;2018;1466;2018
5287;2018;2794;2018
9057;2018;18139;2018
3566;2018;4843;2018
8935;2018;3601;2018
6619;2018;3231;2018
1597;2018;177;2018
8581;2018;9143;2018
2313;2018;8753;2018
6440;2018;54326;2018
2671;2018;4998;2018
7793;2018;1057;2018
9862;2018;5653;2018
9396;2018;256;2018
7183;2018;296;2018
9131;2018;15209;2018
2667;2018;52866;2018
9435;2018;3815;2018
5375;2018;156;2018
0351;2018;17713;2018
4985;2018;13337;2018
9515;2018;39553;2018
0684;2018;48450;2018
9981;2018;37883;2018
6431;2018;15628;2018
8908;2018;75455;2018
9404;2018;31192;2018
1230;2018;72528;2018
4003;2018;1480;2018
3826;2018;581;2018
7046;2018;4267;2018
1568;2018;35659;2018
3114;2018;10688;2018
9130;2018;38925;2018
1642;2018;37727;2018
2033;2018;20214;2018
0970;2018;10496;2018
6174;2018;126952;2018
2423;2018;4114;2018
1331;2018;3058;2018
1345;2018;19638;2018
1013;2018;6203;2018
2214;2018;3839;2018
1023;2018;14683;2018
1563;2018;3278;2018
9808;2018;13917;2018
3662;2018;1199;2018
4927;2018;4309;2018
1656;2018;1104;2018
5035;2018;1142;2018
3721;2018;19542;2018
6307;2018;9472;2018
6104;2018;6832;2018
9962;2018;9959;2018
4710;2018;23613;2018
8186;2018;7465;2018
4897;2018;3250;2018
7401;2018;2888;2018
5876;2018;43508;2018
7454;2018;741;2018
3174;2018;255;2018
4662;2018;1871;2018
9573;2018;27852;2018
7134;2018;2606;2018
7258;2018;4278;2018
8135;2018;21187;2018
2368;2018;5124;2018
5217;2018;5570;2018
2884;2018;2240;2018
2398;2018;7006;2018
8889;2018;4218;2018
6376;2018;2518;2018
0535;2018;692;2018
1885;2018;8482;2018
7934;2018;2710;2018
4273;2018;1666;2018
3769;2018;518;2018
2708;2018;2580;2018
4187;2018;36349;2018
3207;2018;3358;2018
8819;2018;867;2018
9148;2018;3917;2018
4500;2018;4673;2018
0610;2018;22584;2018
0302;2018;8496;2018
4090;2018;7873;2018
5176;2018;1834;2018
6784;2018;921;2018
9886;2018;657;2018
3838;2018;1586;2018
5646;2018;3811;2018
7328;2018;535;2018
9996;2018;20136;2018
0689;2018;515;2018
9774;2018;10446;2018
1111;2018;2842;2018
1479;2018;1284;2018
8443;2018;45073;2018
8358;2018;2079;2018
7370;2018;1249;2018
5444;2018;2391;2018
3728;2018;1535;2018
0140;2018;11191;2018
7118;2018;12492;2018
5710;2018;3227;2018
6362;2018;8058;2018
1606;2018;1373;2018
3072;2018;3135;2018
8889;2018;1482;2018
1469;2018;1144;2018
9312;2018;2809;2018
3244;2018;6364;2018
3812;2018;4533;2018
4058;2018;2461;2018
6809;2018;4047;2018
8006;2018;12798;2018
8043;2018;1102;2018
6134;2018;5131;2018
5828;2018;919;2018
3317;2018;7314;2018
2138;2018;309;2018
6342;2018;1981;2018
7054;2018;3113;2018
7104;2018;3256;2018
0257;2018;954;2018
1068;2018;1418;2018
0186;2018;1846;2018
1030;2018;5923;2018
5978;2018;1293;2018
5042;2018;2497;2018
3938;2018;2981;2018
6770;2018;718;2018
2210;2018;2505;2018
1249;2018;25792;2018
5679;2018;2355;2018
5901;2018;4736;2018
6444;2018;348;2018
9926;2018;1337;2018
0598;2018;4718;2018
3218;2018;1801;2018
6404;2018;1641;2018
2762;2018;2533;2018
5375;2018;922;2018
6558;2018;1507;2018
6404;2018;19879;2018
2083;2018;744;2018
8421;2018;2150;2018
0226;2018;1171;2018
7672;2018;2571;2018
0989;2018;1698;2018
8595;2018;307;2018
0556;2018;1335;2018
3172;2018;7442;2018
1268;2018;4692;2018
0079;2018;5311;2018
8518;2018;51801;2018
4328;2018;2099;2018
7783;2018;6016;2018
6782;2018;1882;2018
0404;2018;5427;2018
9577;2018;5643;2018
0171;2018;1996;2018
3014;2018;5686;2018
4356;2018;10169;2018
3864;2018;1513;2018
6030;2018;18140;2018
3159;2018;6985;2018
2291;2018;7352;2018
3569;2018;13471;2018
5127;2018;21480;2018
5584;2018;9815;2018
9044;2018;8505;2018
0685;2018;74757;2018
4785;2018;1494;2018
3231;2018;1121;2018
7729;2018;1431;2018
3439;2018;3710;2018
9413;2018;25540;2018
2077;2018;4990;2018
7370;2018;9203;2018
6508;2018;398;2018
4670;2018;1197;2018
6894;2018;6952;2018
7843;2018;2084;2018
7113;2018;790;2018
6781;2018;1427;2018
9244;2018;4679;2018
8580;2018;9095;2018
1290;2018;552;2018
1131;2018;2092;2018
9275;2018;650;2018
4234;2018;3507;2018
0500;2018;6988;2018
9776;2018;12335;2018
5888;2018;688;2018
5891;2018;1126;2018
5573;2018;15667;2018
6330;2018;10286;2018
6723;2018;38233;2018
2360;2018;39061;2018
3040;2018;2178;2018
0952;2018;3072;2018
7257;2018;28548;2018
8339;2018;27601;2018
6084;2018;11795;2018
0206;2018;3042;2018
4954;2018;2271;2018
4291;2018;10753;2018
9339;2018;4594;2018
4929;2018;2892;2018
3783;2018;5800;2018
2451;2018;1632;2018
9126;2018;7798;2018
2092;2018;1440;2018
7444;2018;1516;2018
8895;2018;1808;2018
6402;2018;1268;2018
2195;2018;7692;2018
4795;2018;2300;2018
5320;2018;3104;2018
0384;2018;3342;2018
7120;2018;829;2018
0055;2018;446;2018
1506;2018;1728;2018
1901;2018;13540;2018
1790;2018;17229;2018
4989;2018;934;2018
6099;2018;14198;2018
7271;2018;22461;2018
7174;2018;889;2018
1312;2018;1956;2018
7852;2018;12297;2018
8351;2018;14087;2018
9201;2018;32509;2018
7297;2018;2626;2018
9668;2018;5714;2018
5227;2018;2200;2018
2007;2018;14810;2018
1870;2018;21003;2018
7652;2018;7308;2018
2119;2018;8583;2018
4301;2018;12039;2018
6991;2018;14456;2018
3939;2018;850;2018
6551;2018;19682;2018
5233;2018;6525;2018
4196;2018;818;2018
9014;2018;2716;2018
5469;2018;7097;2018
8249;2018;12225;2018
9698;2018;7568;2018
7200;2018;3516;2018
7814;2018;7936;2018
0481;2018;6943;2018
6867;2018;6572;2018
8972;2018;8341;2018
2218;2018;2730;2018
0381;2018;5538;2018
1195;2018;2640;2018
9610;2018;1996;2018
6568;2018;758;2018
8169;2018;2271;2018
8340;2018;58745;2018
4626;2018;1359;2018
9402;2018;2093;2018
0788;2018;1656;2018
3059;2018;2606;2018
5858;2018;999;2018
8038;2018;1647;2018
3398;2018;1305;2018
3975;2018;870;2018
2547;2018;1431;2018
7795;2018;1194;2018
4357;2018;2685;2018
5730;2018;1131;2018
7176;2018;2018;2018
8035;2018;3328;2018
3530;2018;3793;2018
6637;2018;2308;2018
2750;2018;2277;2018
8586;2018;3985;2018
0522;2018;2748;2018
9049;2018;2144;2018
9892;2018;3575;2018
7656;2018;3250;2018
3090;2018;1413;2018
4545;2018;1222;2018
5738;2018;1016;2018
4921;2018;1786;2018
8164;2018;2192;2018
7871;2018;455;2018
0975;2018;4816;2018
3809;2018;4128;2018
5907;2018;1818;2018
2035;2018;4054;2018
1636;2018;1576;2018
9380;2018;1435;2018
5073;2018;13371;2018
3315;2018;4812;2018
2987;2018;3861;2018
7490;2018;2412;2018
7988;2018;2082;2018
0010;2018;2063;2018
8327;2018;1638;2018
1537;2018;1951;2018
8130;2018;520;2018
2535;2018;3035;2018
9153;2018;2520;2018
0289;2018;2128;2018
7611;2018;1353;2018
6384;2018;1165;2018
6623;2018;4607;2018
3386;2018;9991;2018
7653;2018;2958;2018
9590;2018;3054;2018
8833;2018;2201;2018
2955;2018;2078;2018
3043;2018;763;2018
1870;2018;3209;2018
1840;2018;1237;2018
0421;2018;875;2018
2242;2018;3661;2018
3108;2018;4025;2018
2410;2018;875;2018
3786;2018;10921;2018
0134;2018;4293;2018
2448;2018;617;2018
1266;2018;3741;2018
9987;2018;7677;2018
4911;2018;1504;2018
1549;2018;3401;2018
9905;2018;2918;2018
7986;2018;535;2018
7117;2018;59133;2018
9106;2018;63072;2018
8316;2018;7686;2018
4666;2018;6939;2018
7310;2018;33993;2018
4675;2018;26042;2018
9609;2018;10081;2018
3981;2018;27412;2018
5305;2018;10103;2018
6161;2018;16242;2018
2212;2018;37425;2018
9831;2018;12429;2018
3276;2018;5278;2018
0628;2018;7100;2018
6495;2018;2436;2018
1983;2018;22035;2018
8354;2018;48132;2018
3842;2018;3221;2018
8488;2018;8028;2018
1823;2018;13813;2018
5267;2018;18605;2018
5932;2018;3798;2018
1384;2018;75432;2018
8099;2018;64903;2018
9214;2018;7911;2018
2290;2018;17469;2018
3311;2018;12640;2018
7406;2018;7077;2018
4494;2018;1745;2018
2191;2018;12157;2018
0814;2018;17484;2018
3882;2018;28909;2018
0417;2018;15776;2018
6321;2018;118392;2018
6424;2018;28625;2018
8769;2018;17712;2018
1402;2018;19466;2018
0768;2018;4720;2018
0191;2018;6202;2018
7109;2018;1566;2018
6525;2018;58248;2018
2623;2018;7836;2018
5752;2018;29088;2018
8362;2018;13947;2018
7992;2018;35951;2018
2511;2018;7903;2018
7043;2018;12561;2018
2636;2018;34736;2018
9441;2018;954318;2018
1853;2018;34146;2018
0227;2018;23465;2018
6708;2018;16612;2018
3354;2018;12858;2018
5394;2018;5988;2018
2007;2018;21658;2018
0156;2018;13325;2018
7093;2018;40053;2018
4303;2018;25203;2018
6013;2018;53979;2018
4339;2018;79752;2018
2559;2018;10343;2018
4345;2018;25277;2018
1590;2018;39223;2018
8936;2018;51929;2018
3315;2018;6825;2018
0144;2018;11790;2018
1538;2018;44051;2018
1713;2018;30612;2018
9480;2018;3401;2018
6395;2018;8928;2018
1482;2018;9010;2018
7405;2018;26945;2018
9133;2018;33503;2018
9318;2018;19573;2018
3696;2018;6430;2018
8775;2018;16161;2018
4791;2018;6112;2018
4432;2018;3093;2018
6664;2018;34362;2018
9556;2018;16222;2018
6518;2018;8602;2018
4648;2018;18002;2018
5080;2018;41778;2018
6611;2018;83749;2018
2070;2018;3595;2018
3794;2018;20489;2018
8729;2018;30749;2018
9036;2018;4387;2018
2063;2018;24509;2018
9788;2018;11772;2018
2131;2018;8803;2018
0421;2018;5153;2018
8723;2018;4004;2018
0831;2018;4105;2018
6485;2018;1801;2018
1450;2018;1631;2018
7365;2018;21756;2018
5931;2018;10822;2018
3890;2018;7703;2018
5500;2018;53762;2018
8043;2018;3121;2018
2951;2018;4567;2018
1573;2018;3749;2018
7774;2018;2348;2018
8104;2018;300;2018
3340;2018;2304;2018
0517;2018;4483;2018
3488;2018;1124;2018
2828;2018;3390;2018
4879;2018;2382;2018
7239;2018;1366;2018
0937;2018;1738;2018
0746;2018;918;2018
3663;2018;1093;2018
6888;2018;1933;2018
1700;2018;1585;2018
3430;2018;9267;2018
7261;2018;2610;2018
6074;2018;479;2018
6024;2018;2191;2018
3106;2018;3015;2018
6343;2018;1316;2018
3990;2018;1800;2018
5501;2018;2828;2018
7042;2018;2995;2018
3896;2018;5357;2018
0394;2018;3564;2018
3349;2018;3469;2018
2633;2018;653;2018
1148;2018;7960;2018
1256;2018;1886;2018
8729;2018;1625;2018
0825;2018;2192;2018
2465;2018;1514;2018
2934;2018;3424;2018
5111;2018;6137;2018
0681;2018;1155;2018
7453;2018;3163;2018
7196;2018;1669;2018
6840;2018;1897;2018
9169;2018;12156;2018
9585;2018;7391;2018
3786;2018;396;2018
0056;2018;3551;2018
2940;2018;3234;2018
9575;2018;11489;2018
4461;2018;2194;2018
2382;2018;1285;2018
9536;2018;7618;2018
0089;2018;2738;2018
6348;2018;5249;2018
5660;2018;749;2018
4120;2018;1209;2018
4535;2018;1607;2018
2983;2018;5210;2018
6004;2018;3990;2018
6764;2018;2095;2018
6255;2018;1796;2018
2187;2018;653;2018
4254;2018;2283;2018
1398;2018;306;2018
2415;2018;2241;2018
7281;2018;1487;2018
9911;2018;2936;2018
8428;2018;3741;2018
9311;2018;1852;2018
9082;2018;1870;2018
4554;2018;2327;2018
4116;2018;838;2018
8084;2018;3581;2018
9594;2018;739;2018
5865;2018;1152;2018
9153;2018;4806;2018
4659;2018;2493;2018
8989;2018;765;2018
5378;2018;1559;2018
1929;2018;1602;2018
9333;2018;1388;2018
0432;2018;1427;2018
4602;2018;770;2018
7449;2018;723;2018
1046;2018;4144;2018
4343;2018;1252;2018
7802;2018;2102;2018
4722;2018;1109;2018
1053;2018;1150;2018
0250;2018;813;2018
4994;2018;6902;2018
1867;2018;2816;2018
2135;2018;12289;2018
1034;2018;582;2018
6968;2018;3741;2018
6733;2018;2939;2018
3678;2018;1519;2018
7662;2018;1507;2018
4115;2018;2258;2018
2061;2018;1460;2018
5685;2018;2034;2018
0416;2018;1253;2018
2199;2018;511;2018
0025;2018;920;2018
9641;2018;852;2018
9136;2018;2662;2018
1237;2018;1308;2018
1566;2018;2499;2018
0366;2018;935;2018
9992;2018;1591;2018
4183;2018;3174;2018
2142;2018;1051;2018
1409;2018;19089;2018
4968;2018;2667;2018
7665;2018;21777;2018
2302;2018;6387;2018
8222;2018;964;2018
4817;2018;7024;2018
7001;2018;4947;2018
7655;2018;33901;2018
7339;2018;1430;2018
4528;2018;5869;2018
0072;2018;2373;2018
1206;2018;829;2018
6828;2018;2253;2018
9298;2018;16895;2018
8494;2018;50646;2018
7467;2018;770;2018
4087;2018;5435;2018
9179;2018;4830;2018
5398;2018;2506;2018
4297;2018;2662;2018
9092;2018;1461;2018
5768;2018;7092;2018
3035;2018;16967;2018
1530;2018;378;2018
7503;2018;1010;2018
0263;2018;23060;2018
8232;2018;1133;2018
5703;2018;1364;2018
7096;2018;5345;2018
5545;2018;1908;2018
6340;2018;1607;2018
4332;2018;8866;2018
0593;2018;2785;2018
0638;2018;578;2018
5851;2018;13389;2018
2937;2018;2330;2018
4074;2018;1318;2018
5311;2018;51494;2018
6166;2018;1825;2018
7508;2018;5052;2018
4579;2018;2298;2018
9681;2018;2080;2018
3734;2018;1180;2018
1580;2018;3533;2018
1281;2018;687;2018
7461;2018;822;2018
9342;2018;3266;2018
7318;2018;2519;2018
9663;2018;539;2018
6631;2018;563;2018
5727;2018;39036;2018
5341;2018;1220;2018
6874;2018;13800;2018
8817;2018;745;2018
8506;2018;1139;2018
0750;2018;5044;2018
6125;2018;11804;2018
9883;2018;1217;2018
7006;2018;1303;2018
3430;2018;983;2018
7442;2018;1189;2018
4538;2018;1420;2018
2220;2018;760;2018
6766;2018;1377;2018
2415;2018;1030;2018
2957;2018;654;2018
6714;2018;5535;2018
3331;2018;22011;2018
6624;2018;2679;2018
1887;2018;1851;2018
4423;2018;1935;2018
2510;2018;2653;2018
8816;2018;10916;2018
1614;2018;12209;2018
1659;2018;543;2018
6911;2018;1496;2018
2217;2018;6473;2018
1938;2018;635;2018
9447;2018;45211;2018
6625;2018;24081;2018
7132;2018;2280;2018
2426;2018;2248;2018
7239;2018;6682;2018
6214;2018;3706;2018
1008;2018;1627;2018
5503;2018;1042;2018
6115;2018;626;2018
1141;2018;5217;2018
9763;2018;35194;2018
2980;2018;3885;2018
0374;2018;10846;2018
8138;2018;1743;2018
9994;2018;887;2018
1585;2018;681;2018
4697;2018;1102;2018
7654;2018;1272;2018
2380;2018;2554;2018
0811;2018;5290;2018
1653;2018;2301;2018
1891;2018;26055;2018
6531;2018;3872;2018
2433;2018;2048;2018
6706;2018;2005;2018
0409;2018;1080;2018
9350;2018;2509;2018
9286;2018;1111;2018
1579;2018;7043;2018
5575;2018;1659;2018
3133;2018;9036;2018
5882;2018;1456;2018
6700;2018;374;2018
1813;2018;694;2018
6883;2018;801;2018
6570;2018;462;2018
6928;2018;12378;2018
7851;2018;1923;2018
8517;2018;132364;2018
5976;2018;513;2018
3872;2018;6544;2018
9015;2018;3712;2018
0525;2018;4185;2018
0237;2018;2719;2018
1894;2018;10525;2018
2807;2018;868;2018
0544;2018;557;2018
5134;2018;1681;2018
9585;2018;1689;2018
3605;2018;3188;2018
6091;2018;551;2018
1435;2018;2780;2018
2451;2018;8854;2018
9193;2018;422;2018
1563;2018;10880;2018
7442;2018;2524;2018
2001;2018;6637;2018
0006;2018;31126;2018
7559;2018;4857;2018
8723;2018;49627;2018
8627;2018;1547;2018
2296;2018;296;2018
0330;2018;3892;2018
0424;2018;1267;2018
5692;2018;9628;2018
1133;2018;3350;2018
5173;2018;681;2018
2800;2018;813;2018
8655;2018;7650;2018
4617;2018;1826;2018
0132;2018;1239;2018
0329;2018;2078;2018
2173;2018;499;2018
8260;2018;4112;2018
4361;2018;1617;2018
6021;2018;228;2018
3214;2018;8308;2018
7850;2018;1609;2018
5428;2018;3287;2018
5175;2018;7604;2018
0220;2018;13469;2018
2232;2018;316;2018
5166;2018;1459;2018
9500;2018;935;2018
4329;2018;307;2018
9252;2018;1124;2018
0845;2018;41700;2018
8420;2018;3308;2018
5883;2018;668;2018
4864;2018;1749;2018
1069;2018;712;2018
5929;2018;210;2018
1210;2018;1082;2018
3144;2018;1248;2018
4433;2018;134;2018
9040;2018;797;2018
7245;2018;496;2018
9030;2018;971;2018
6995;2018;252;2018
6574;2018;880;2018
9626;2018;5085;2018
6391;2018;649;2018
6151;2018;210;2018
5707;2018;574;2018
7863;2018;84;2018
7935;2018;5310;2018
0313;2018;433;2018
8838;2018;305;2018
4298;2018;6712;2018
1005;2018;1080;2018
3194;2018;135;2018
2942;2018;907;2018
7991;2018;10790;2018
1647;2018;1564;2018
3454;2018;1027;2018
4906;2018;288;2018
4518;2018;3140;2018
6044;2018;216;2018
9435;2018;858;2018
0194;2018;1167;2018
2092;2018;222;2018
9499;2018;1023;2018
6437;2018;405;2018
8595;2018;341;2018
7066;2018;717;2018
1490;2018;249;2018
4035;2018;1796;2018
2376;2018;531;2018
1068;2018;2061;2018
9064;2018;69925;2018
4694;2018;1589;2018
8647;2018;6040;2018
4425;2018;932;2018
9185;2018;3586;2018
5331;2018;1428;2018
2078;2018;374;2018
4084;2018;2380;2018
2701;2018;1402;2018
0036;2018;541;2018
6036;2018;1140;2018
8978;2018;457;2018
9042;2018;399;2018
3576;2018;1266;2018
1661;2018;468;2018
9993;2018;1771;2018
3767;2018;1181;2018
5874;2018;1127;2018
1547;2018;648;2018
1585;2018;2166;2018
7943;2018;3932;2018
0623;2018;1146;2018
8484;2018;1436;2018
4355;2018;4399;2018
4565;2018;1068;2018
6544;2018;478;2018
6736;2018;7385;2018
5962;2018;950;2018
9925;2018;2709;2018
0009;2018;686;2018
3068;2018;642;2018
1067;2018;851;2018
6186;2018;468;2018
5452;2018;1454;2018
9610;2018;181;2018
9100;2018;1645;2018
7609;2018;3851;2018
0984;2018;102;2018
4918;2018;1914;2018
2122;2018;678;2018
8133;2018;1146;2018
9441;2018;393;2018
6988;2018;114;2018
0389;2018;2258;2018
6765;2018;1783;2018
3541;2018;586;2018
0036;2018;3803;2018
3815;2018;2780;2018
3410;2018;336;2018
9278;2018;23588;2018
4574;2018;6668;2018
6548;2018;277;2018
9607;2018;3060;2018
4430;2018;6077;2018
1994;2018;541;2018
9897;2018;97;2018
2153;2018;438;2018
7329;2018;884;2018
5246;2018;612;2018
1945;2018;850;2018
5964;2018;12390;2018
9192;2018;1874;2018
1360;2018;804;2018
1814;2018;10402;2018
8534;2018;2363;2018
0440;2018;6951;2018
8746;2018;1817;2018
4239;2018;6947;2018
7371;2018;1862;2018
1590;2018;462;2018
1757;2018;7526;2018
6808;2018;1066;2018
6851;2018;2168;2018
7942;2018;1422;2018
9394;2018;2401;2018
3628;2018;1594;2018
7369;2018;4799;2018
0131;2018;2149;2018
6331;2018;3700;2018
8145;2018;2315;2018
1135;2018;5051;2018
9429;2018;620;2018
3022;2018;1194;2018
7722;2018;277;2018
0024;2018;23151;2018
0450;2018;4623;2018
5937;2018;994;2018
5649;2018;7885;2018
7269;2018;3575;2018
4475;2018;9230;2018
0112;2018;5343;2018
1502;2018;6484;2018
0982;2018;1735;2018
4851;2018;249;2018
1092;2018;14959;2018
7982;2018;498;2018
2664;2018;25524;2018
3618;2018;9786;2018
2024;2018;5226;2018
6259;2018;15474;2018
8396;2018;54443;2018
2171;2018;1560;2018
3803;2018;2609;2018
9731;2018;11773;2018
1359;2018;1310;2018
7532;2018;901;2018
6579;2018;15805;2018
4014;2018;363;2018
5275;2018;3454;2018
9583;2018;1072;2018
9862;2018;270;2018
9116;2018;2450;2018
4127;2018;3977;2018
9893;2018;1901;2018
0819;2018;610;2018
5745;2018;771;2018
0253;2018;1307;2018
8178;2018;10831;2018
0216;2018;14905;2018
8798;2018;1215;2018
0959;2018;1724;2018
9847;2018;6035;2018
7324;2018;237;2018
9615;2018;1416;2018
3097;2018;1691;2018
4721;2018;1437;2018
0704;2018;2816;2018
4993;2018;7321;2018
2626;2018;6953;2018
5012;2018;940;2018
5815;2018;52843;2018
2564;2018;3151;2018
7621;2018;1808;2018
1943;2018;12111;2018
3332;2018;120463;2018
3464;2018;484;2018
0484;2018;8577;2018
5580;2018;1315;2018
7710;2018;471;2018
0393;2018;4929;2018
0563;2018;932;2018
7943;2018;3966;2018
8034;2018;291;2018
4182;2018;261;2018
3973;2018;1899;2018
3407;2018;3577;2018
8874;2018;537;2018
0138;2018;18693;2018
6676;2018;2519;2018
9177;2018;2990;2018
1122;2018;847;2018
3297;2018;373;2018
1818;2018;633;2018
3302;2018;3100;2018
5443;2018;2104;2018
3915;2018;1104;2018
7167;2018;1111;2018
9761;2018;10584;2018
2605;2018;754;2018
5091;2018;332;2018
0774;2018;5083;2018
3819;2018;83;2018
9124;2018;1312;2018
8539;2018;550;2018
5642;2018;637;2018
5381;2018;1247;2018
6687;2018;882;2018
0149;2018;5926;2018
0004;2018;3065;2018
0350;2018;5577;2018
8861;2018;4289;2018
0721;2018;352;2018
9829;2018;1687;2018
6778;2018;894;2018
5668;2018;50482;2018
4613;2018;319;2018
7214;2018;809;2018
2952;2018;177;2018
0465;2018;468;2018
2341;2018;2777;2018
3922;2018;4832;2018
8476;2018;330;2018
9639;2018;1971;2018
6920;2018;1355;2018
5328;2018;907;2018
1407;2018;6173;2018
0895;2018;301;2018
1125;2018;24910;2018
1486;2018;938;2018
4882;2018;1712;2018
9896;2018;889;2018
5604;2018;291;2018
4701;2018;1359;2018
6462;2018;2696;2018
8874;2018;1178;2018
5009;2018;8814;2018
5631;2018;404;2018
3710;2018;1173;2018
9494;2018;34666;2018
6165;2018;691;2018
1285;2018;338;2018
1795;2018;689;2018
7343;2018;4751;2018
4634;2018;921;2018
2862;2018;122;2018
2680;2018;82;2018
9986;2018;638;2018
2122;2018;2384;2018
1032;2018;2458;2018
4460;2018;3745;2018
8737;2018;22481;2018
7797;2018;4219;2018
6299;2018;1302;2018
7780;2018;888;2018
1930;2018;973;2018
0200;2018;232;2018
0312;2018;441;2018
4826;2018;1556;2018
9206;2018;1019;2018
9473;2018;846;2018
1680;2018;2166;2018
1259;2018;905;2018
4453;2018;762;2018
2985;2018;1249;2018
1629;2018;4009;2018
2198;2018;1658;2018
6995;2018;2280;2018
0060;2018;1166;2018
0066;2018;1266;2018
8107;2018;94;2018
2305;2018;225;2018
2693;2018;938;2018
6722;2018;152;2018
7311;2018;13967;2018
4080;2018;899;2018
6996;2018;19960;2018
7079;2018;2017;2018
8273;2018;2333;2018
0004;2018;5202;2018
2545;2018;3151;2018
5688;2018;783;2018
8984;2018;352;2018
9591;2018;3925;2018
1175;2018;3029;2018
5279;2018;1705;2018
2887;2018;784;2018
6762;2018;4155;2018
1143;2018;1274;2018
8695;2018;1657;2018
4377;2018;382;2018
2727;2018;1606;2018
3449;2018;40527;2018
1285;2018;925;2018
7324;2018;2277;2018
2298;2018;1250;2018
3672;2018;128;2018
0991;2018;137;2018
5993;2018;626;2018
9947;2018;2614;2018
6298;2018;7856;2018
2796;2018;1323;2018
8102;2018;1210;2018
1117;2018;48675;2018
7010;2018;622;2018
7217;2018;2460;2018
4253;2018;856;2018
6760;2018;7716;2018
2764;2018;2055;2018
0649;2018;509;2018
2235;2018;274;2018
5442;2018;552;2018
6196;2018;1421;2018
9572;2018;916;2018
9107;2018;3658;2018
7935;2018;641;2018
8933;2018;346;2018
6946;2018;771;2018
9050;2018;1813;2018
4681;2018;405;2018
7727;2018;3220;2018
3337;2018;1260;2018
6825;2018;1402;2018
7548;2018;780;2018
5261;2018;1001;2018
7156;2018;749;2018
9461;2018;5182;2018
7729;2018;1748;2018
7652;2018;6698;2018
2662;2018;722;2018
5628;2018;634;2018
8724;2018;467;2018
7323;2018;536;2018
5053;2018;1145;2018
4211;2018;1085;2018
4272;2018;2093;2018
1999;2018;169;2018
2140;2018;478;2018
6236;2018;1054;2018
9190;2018;1320;2018
5674;2018;1492;2018
7631;2018;346;2018
2928;2018;337;2018
3125;2018;6437;2018
6629;2018;397;2018
8400;2018;568;2018
8849;2018;1688;2018
8179;2018;1669;2018
4006;2018;3733;2018
5154;2018;1112;2018
2809;2018;1285;2018
0789;2018;222;2018
1136;2018;2436;2018
0324;2018;109;2018
0393;2018;5067;2018
9604;2018;490;2018
8270;2018;3110;2018
0439;2018;749;2018
7399;2018;1202;2018
2595;2018;648;2018
8460;2018;164;2018
3719;2018;599;2018
0822;2018;1397;2018
4484;2018;548;2018
0508;2018;982;2018
0477;2018;1028;2018
6520;2018;4683;2018
3299;2018;832;2018
2841;2018;479;2018
3670;2018;4302;2018
8688;2018;340;2018
2452;2018;1675;2018
3707;2018;1854;2018
8338;2018;1237;2018
9697;2018;679;2018
6345;2018;33345;2018
7316;2018;735;2018
0582;2018;1327;2018
6983;2018;4610;2018
5163;2018;860;2018
6494;2018;2604;2018
4776;2018;3324;2018
7359;2018;2267;2018
7469;2018;915;2018
0140;2018;1196;2018
5024;2018;12883;2018
6715;2018;6076;2018
6444;2018;2697;2018
9297;2018;3182;2018
8365;2018;6953;2018
8096;2018;2655;2018
0017;2018;6612;2018
7114;2018;943;2018
0494;2018;4060;2018
3611;2018;1452;2018
9321;2018;1790;2018
4736;2018;2078;2018
7854;2018;1242;2018
4861;2018;1366;2018
4171;2018;1505;2018
4132;2018;158;2018
9196;2018;55428;2018
5173;2018;1647;2018
8521;2018;3685;2018
0981;2018;618;2018
2545;2018;150652;2018
4608;2018;4329;2018
1780;2018;464;2018
1534;2018;6239;2018
7870;2018;32596;2018
5377;2018;55881;2018
4796;2018;6163;2018
4107;2018;993;2018
1273;2018;12024;2018
9412;2018;688;2018
0056;2018;2617;2018
2381;2018;17188;2018
7043;2018;754;2018
3895;2018;4389;2018
6453;2018;2632;2018
8824;2018;2618;2018
3968;2018;1970;2018
4654;2018;1810;2018
4471;2018;3547;2018
0521;2018;1051;2018
8788;2018;26932;2018
1973;2018;13207;2018
6249;2018;958;2018
3574;2018;14859;2018
1604;2018;5694;2018
3046;2018;50012;2018
1326;2018;1875;2018
3541;2018;3851;2018
8629;2018;5719;2018
8122;2018;5190;2018
0084;2018;16765;2018
2450;2018;6998;2018
0822;2018;7525;2018
1885;2018;13718;2018
9970;2018;410;2018
3471;2018;1658;2018
5651;2018;2810;2018
7458;2018;3324;2018
0242;2018;20259;2018
8139;2018;16713;2018
8232;2018;10660;2018
3700;2018;70008;2018
4097;2018;316491;2018
6537;2018;2204;2018
9452;2018;11991;2018
3365;2018;52861;2018
9815;2018;11309;2018
1052;2018;15242;2018
4318;2018;19459;2018
1974;2018;14685;2018
1282;2018;19290;2018
9108;2018;5769;2018
4204;2018;25919;2018
3426;2018;47779;2018
9351;2018;27289;2018
2824;2018;19644;2018
7214;2018;43083;2018
3018;2018;12437;2018
1791;2018;14111;2018
2364;2018;37982;2018
9399;2018;24931;2018
9733;2018;58389;2018
8253;2018;48034;2018
5967;2018;18768;2018
7925;2018;26158;2018
7126;2018;20967;2018
4436;2018;1440;2018
0865;2018;17660;2018
1539;2018;26115;2018
8522;2018;18396;2018
8254;2018;25055;2018
2339;2018;6270;2018
7931;2018;9720;2018
8521;2018;26122;2018
2294;2018;26355;2018
3502;2018;8245;2018
1386;2018;26692;2018
3998;2018;12999;2018
9786;2018;17496;2018
1707;2018;6475;2018
9347;2018;6885;2018
3148;2018;16532;2018
3004;2018;13391;2018
0642;2018;3460;2018
4128;2018;5145;2018
5030;2018;21843;2018
1219;2018;31505;2018
1716;2018;15022;2018
3135;2018;8084;2018
1769;2018;9812;2018
4069;2018;30469;2018
7194;2018;48158;2018
0687;2018;5238;2018
9935;2018;32117;2018
7460;2018;5528;2018
4326;2018;3739;2018
8486;2018;2352;2018
9603;2018;15726;2018
8616;2018;7670;2018
9641;2018;15992;2018
2690;2018;11433;2018
1453;2018;1797;2018
5598;2018;14682;2018
1944;2018;9063;2018
5686;2018;15608;2018
8582;2018;192775;2018
9252;2018;4182;2018
3200;2018;13575;2018
0135;2018;85397;2018
6192;2018;17022;2018
0201;2018;19372;2018
8384;2018;6401;2018
1688;2018;11438;2018
6284;2018;8452;2018
7854;2018;39181;2018
9378;2018;35703;2018
3820;2018;14074;2018
0505;2018;25973;2018
6667;2018;14903;2018
5577;2018;30728;2018
0443;2018;6403;2018
5343;2018;6225;2018
6779;2018;9771;2018
9393;2018;13405;2018
0790;2018;18666;2018
4790;2018;5304;2018
7645;2018;10321;2018
1455;2018;9078;2018
6990;2018;4553;2018
6923;2018;6352;2018
7894;2018;5616;2018
5298;2018;6606;2018
7116;2018;4731;2018
5803;2018;9138;2018
5612;2018;4036;2018
7446;2018;1815;2018
7498;2018;2699;2018
1807;2018;6862;2018
8786;2018;10105;2018
3484;2018;1677;2018
7074;2018;2400;2018
2405;2018;11866;2018
9866;2018;3710;2018
7274;2018;19901;2018
9451;2018;2845;2018
6246;2018;3834;2018
7689;2018;5212;2018
6543;2018;12597;2018
7891;2018;5834;2018
5317;2018;23683;2018
4134;2018;5738;2018
1202;2018;5335;2018
3571;2018;4047;2018
8074;2018;8858;2018
4238;2018;2934;2018
5981;2018;5078;2018
6466;2018;26437;2018
0682;2018;15242;2018
2188;2018;20418;2018
2665;2018;1176;2018
0433;2018;1923;2018
0291;2018;5644;2018
8158;2018;93484;2018
8041;2018;8497;2018
5030;2018;13962;2018
4162;2018;11650;2018
6639;2018;14030;2018
2478;2018;8836;2018
4921;2018;1615;2018
6286;2018;11335;2018
3099;2018;9902;2018
5488;2018;6928;2018
1026;2018;2182;2018
7990;2018;3455;2018
1285;2018;3592;2018
7428;2018;13808;2018
5283;2018;2629;2018
5676;2018;3190;2018
7671;2018;4888;2018
2643;2018;30785;2018
3019;2018;5158;2018
1267;2018;2227;2018
0457;2018;7856;2018
2252;2018;2348;2018
1936;2018;5863;2018
9724;2018;1452;2018
0919;2018;8843;2018
6891;2018;1682;2018
9594;2018;5944;2018
3605;2018;5147;2018
2878;2018;10882;2018
7265;2018;9570;2018
8721;2018;8084;2018
0704;2018;4549;2018
0223;2018;1456;2018
0889;2018;8088;2018
5772;2018;5592;2018
6390;2018;5800;2018
1977;2018;3469;2018
8239;2018;2953;2018
3303;2018;6878;2018
7759;2018;1848;2018
3306;2018;4000;2018
4551;2018;5341;2018
0953;2018;4700;2018
4246;2018;3594;2018
3741;2018;13816;2018
7645;2018;2240;2018
4054;2018;4304;2018
9883;2018;1593;2018
7829;2018;14756;2018
6797;2018;11615;2018
1311;2018;11810;2018
7107;2018;2818;2018
9139;2018;14141;2018
3296;2018;17257;2018
5014;2018;5149;2018
3960;2018;12201;2018
4580;2018;4380;2018
3085;2018;13773;2018
2746;2018;7005;2018
9545;2018;1913;2018
7747;2018;2002;2018
5637;2018;2360;2018
1153;2018;6281;2018
1894;2018;1391;2018
6422;2018;2308;2018
8735;2018;1387;2018
0954;2018;1615;2018
9765;2018;589;2018
4769;2018;3821;2018
4804;2018;11059;2018
1526;2018;1827;2018
0544;2018;1306;2018
6030;2018;2604;2018
1247;2018;2766;2018
7113;2018;4945;2018
9325;2018;3970;2018
8776;2018;858;2018
3938;2018;1869;2018
0061;2018;372;2018
4751;2018;772;2018
4985;2018;1253;2018
5290;2018;584;2018
2232;2018;247;2018
8983;2018;885;2018
9630;2018;2017;2018
9788;2018;762;2018
9081;2018;773;2018
7742;2018;1309;2018
4521;2018;1001;2018
7426;2018;606;2018
0175;2018;1897;2018
3392;2018;2493;2018
6440;2018;1372;2018
0762;2018;598;2018
8087;2018;2851;2018
3055;2018;1953;2018
8176;2018;4147;2018
6307;2018;872;2018
9252;2018;5601;2018
6494;2018;1651;2018
6795;2018;538;2018
0670;2018;5203;2018
6582;2018;4335;2018
7074;2018;1712;2018
6271;2018;12473;2018
6546;2018;13253;2018
8354;2018;5012;2018
9652;2018;4028;2018
0116;2018;5549;2018
8173;2018;1621;2018
2060;2018;17395;2018
3407;2018;558;2018
5528;2018;3823;2018
1330;2018;1519;2018
8705;2018;1185;2018
1840;2018;5275;2018
4925;2018;1444;2018
7094;2018;815;2018
8779;2018;3696;2018
9102;2018;4748;2018
8342;2018;1807;2018
5089;2018;5784;2018
0977;2018;3961;2018
7025;2018;962;2018
2350;2018;6902;2018
4318;2018;66734;2018
8734;2018;4278;2018
5060;2018;919;2018
5181;2018;12823;2018
4848;2018;1680;2018
5848;2018;2687;2018
7351;2018;1442;2018
9226;2018;3407;2018
4508;2018;3514;2018
6210;2018;1036;2018
3938;2018;1295;2018
0711;2018;1008;2018
2479;2018;663;2018
6989;2018;2822;2018
3893;2018;727;2018
1583;2018;1507;2018
1067;2018;1371;2018
0963;2018;6311;2018
6860;2018;1404;2018
4313;2018;807;2018
9008;2018;2307;2018
8373;2018;1079;2018
3049;2018;6845;2018
1821;2018;1406;2018
2982;2018;569;2018
0690;2018;1119;2018
2665;2018;7285;2018
6832;2018;3148;2018
6436;2018;3011;2018
1885;2018;2203;2018
9965;2018;638;2018
3628;2018;1974;2018
3885;2018;11478;2018
2410;2018;2770;2018
8270;2018;2909;2018
6975;2018;3350;2018
3184;2018;736;2018
7355;2018;3261;2018
3668;2018;1761;2018
4081;2018;946;2018
1966;2018;12011;2018
6912;2018;713;2018
9042;2018;323;2018
6099;2018;1173;2018
0417;2018;667;2018
1083;2018;8407;2018
6109;2018;1026;2018
9256;2018;934;2018
6299;2018;4987;2018
1502;2018;2185;2018
4530;2018;4737;2018
0810;2018;60540;2018
8385;2018;2465;2018
9956;2018;7012;2018
7987;2018;9652;2018
7498;2018;6711;2018
1844;2018;402;2018
6684;2018;17078;2018
6564;2018;17726;2018
6666;2018;4043;2018
7161;2018;2547;2018
4371;2018;2682;2018
2579;2018;1124;2018
0579;2018;1410;2018
1428;2018;3956;2018
1606;2018;5069;2018
9300;2018;4892;2018
2192;2018;1442;2018
1780;2018;7514;2018
7052;2018;1093;2018
4536;2018;1792;2018
6273;2018;20194;2018
5059;2018;1604;2018
2952;2018;767;2018
6690;2018;1265;2018
1120;2018;411;2018
5604;2018;693;2018
7159;2018;4244;2018
4560;2018;13956;2018
9084;2018;2886;2018
4229;2018;2675;2018
9782;2018;1866;2018
5532;2018;914;2018
0850;2018;9147;2018
3199;2018;1248;2018
1967;2018;10010;2018
8185;2018;1221;2018
8466;2018;2697;2018
5945;2018;2191;2018
5740;2018;1328;2018
9642;2018;1184;2018
6457;2018;1665;2018
3671;2018;694;2018
8228;2018;7870;2018
4296;2018;3307;2018
2733;2018;232;2018
0676;2018;17295;2018
0869;2018;2899;2018
5571;2018;9631;2018
0574;2018;266;2018
6354;2018;21855;2018
7468;2018;2765;2018
8584;2018;497;2018
9632;2018;2336;2018
3177;2018;3011;2018
0861;2018;808;2018
8954;2018;1300;2018
1416;2018;9794;2018
6187;2018;887;2018
9840;2018;1223;2018
5793;2018;1216;2018
8605;2018;66102;2018
6973;2018;1041;2018
1022;2018;9708;2018
2068;2018;5164;2018
3725;2018;4335;2018
6617;2018;927;2018
6743;2018;3719;2018
2708;2018;1386;2018
1646;2018;1153;2018
7008;2018;1983;2018
0600;2018;2886;2018
0161;2018;2847;2018
1137;2018;2017;2018
7961;2018;8000;2018
7085;2018;1620;2018
7482;2018;2226;2018
4629;2018;1831;2018
9546;2018;2439;2018
0811;2018;1842;2018
3359;2018;796;2018
2096;2018;913;2018
9328;2018;3871;2018
2379;2018;2280;2018
2541;2018;2935;2018
6500;2018;2375;2018
6003;2018;9076;2018
7812;2018;1211;2018
9158;2018;763;2018
2373;2018;1737;2018
3158;2018;2692;2018
2730;2018;1841;2018
0425;2018;3400;2018
3222;2018;3124;2018
8110;2018;976;2018
6846;2018;9352;2018
1555;2018;1547;2018
6698;2018;20287;2018
8744;2018;1766;2018
2522;2018;4344;2018
8798;2018;2896;2018
5829;2018;1196;2018
0460;2018;363;2018
6014;2018;2034;2018
4127;2018;1228;2018
7394;2018;1035;2018
6663;2018;322;2018
8807;2018;15632;2018
2168;2018;666;2018
6176;2018;2126;2018
2016;2018;1369;2018
6546;2018;806;2018
3317;2018;1414;2018
2390;2018;1238;2018
8163;2018;1063;2018
4092;2018;718;2018
5918;2018;6593;2018
2809;2018;35196;2018
0290;2018;3300;2018
8772;2018;7033;2018
6841;2018;5721;2018
4913;2018;4316;2018
6600;2018;1880;2018
1240;2018;1075;2018
6823;2018;3140;2018
6715;2018;1007;2018
5715;2018;1483;2018
5719;2018;601;2018
8737;2018;3357;2018
3970;2018;1256;2018
9596;2018;2609;2018
5092;2018;1261;2018
6832;2018;1394;2018
5284;2018;16767;2018
6282;2018;585;2018
9284;2018;3254;2018
1183;2018;5842;2018
4949;2018;7226;2018
8985;2018;985;2018
6934;2018;1881;2018
8441;2018;483;2018
3442;2018;3560;2018
5465;2018;2130;2018
3426;2018;1170;2018
1160;2018;1175;2018
6249;2018;1807;2018
4204;2018;4910;2018
2169;2018;2427;2018
5644;2018;1697;2018
4163;2018;2095;2018
1501;2018;3687;2018
4966;2018;920;2018
5554;2018;11007;2018
4634;2018;1191;2018
5118;2018;525;2018
2636;2018;6895;2018
2874;2018;4468;2018
2778;2018;1976;2018
4561;2018;4771;2018
1208;2018;695;2018
2216;2018;4517;2018
2150;2018;6030;2018
7168;2018;8951;2018
5337;2018;1079;2018
6418;2018;2863;2018
7330;2018;5395;2018
0838;2018;2602;2018
9546;2018;9877;2018
5524;2018;75385;2018
6368;2018;884;2018
8829;2018;1770;2018
9328;2018;797;2018
8675;2018;689;2018
8792;2018;489;2018
0665;2018;2920;2018
2162;2018;1265;2018
3744;2018;7379;2018
4779;2018;5136;2018
0502;2018;1795;2018
1190;2018;2011;2018
4125;2018;1494;2018
7223;2018;88085;2018
9153;2018;525;2018
9582;2018;372;2018
3688;2018;1140;2018
8247;2018;5450;2018
2845;2018;922;2018
3399;2018;1371;2018
0099;2018;2020;2018
8062;2018;4689;2018
5252;2018;6646;2018
0251;2018;5445;2018
8301;2018;3052;2018
0411;2018;3814;2018
3812;2018;2042;2018
8533;2018;579;2018
0372;2018;445;2018
7817;2018;2063;2018
5464;2018;3168;2018
0791;2018;5772;2018
1937;2018;5052;2018
2658;2018;4349;2018
5552;2018;1572;2018
2035;2018;601;2018
9401;2018;1170;2018
3341;2018;4483;2018
6834;2018;413;2018
9053;2018;2205;2018
8982;2018;866;2018
8432;2018;1044;2018
9398;2018;737;2018
7399;2018;1696;2018
8499;2018;5444;2018
2959;2018;807;2018
5793;2018;4760;2018
1687;2018;518;2018
3841;2018;1156;2018
3828;2018;2001;2018
8991;2018;1092;2018
1278;2018;2575;2018
6500;2018;2580;2018
8396;2018;2071;2018
3199;2018;726;2018
8918;2018;1498;2018
4530;2018;4015;2018
7227;2018;1667;2018
4844;2018;1380;2018
6942;2018;2105;2018
4332;2018;1815;2018
1712;2018;1697;2018
1558;2018;3406;2018
8090;2018;523;2018
4550;2018;7576;2018
6486;2018;3058;2018
2973;2018;4492;2018
3494;2018;3106;2018
7436;2018;4589;2018
2790;2018;793;2018
7924;2018;8797;2018
4957;2018;2966;2018
2796;2018;1527;2018
3260;2018;3577;2018
1084;2018;2342;2018
3058;2018;2593;2018
2624;2018;3788;2018
3698;2018;971;2018
8782;2018;1634;2018
3295;2018;1571;2018
4255;2018;68432;2018
8961;2018;2987;2018
4872;2018;512;2018
1679;2018;2128;2018
9063;2018;1280;2018
7748;2018;4900;2018
0185;2018;977;2018
8528;2018;9817;2018
7159;2018;2539;2018
9844;2018;4142;2018
3448;2018;1281;2018
9429;2018;417;2018
0561;2018;8788;2018
4995;2018;4153;2018
1371;2018;3478;2018
7427;2018;1092;2018
9648;2018;857;2018
4105;2018;753;2018
0092;2018;4408;2018
9521;2018;406;2018
2971;2018;695;2018
4621;2018;488;2018
2657;2018;1501;2018
1623;2018;2227;2018
5414;2018;733;2018
7562;2018;6957;2018
2342;2018;558;2018
9509;2018;6534;2018
9827;2018;10089;2018
2945;2018;4919;2018
3736;2018;848;2018
3800;2018;3280;2018
5555;2018;1617;2018
1061;2018;731;2018
5876;2018;896;2018
3403;2018;1615;2018
9874;2018;2549;2018
7186;2018;1766;2018
8668;2018;19521;2018
0708;2018;6984;2018
9745;2018;3003;2018
1905;2018;407;2018
6906;2018;4906;2018
7538;2018;12273;2018
0708;2018;2697;2018
1551;2018;6362;2018
5190;2018;1443;2018
3362;2018;504;2018
4033;2018;893;2018
5328;2018;4837;2018
4083;2018;11017;2018
4469;2018;2419;2018
7333;2018;3530;2018
4508;2018;6001;2018
4757;2018;5862;2018
8739;2018;5147;2018
6163;2018;2279;2018
1210;2018;18320;2018
5690;2018;511;2018
5105;2018;1118;2018
8735;2018;3774;2018
7699;2018;9958;2018
9980;2018;1148;2018
0361;2018;176299;2018
2369;2018;2133;2018
2229;2018;7705;2018
8565;2018;422;2018
8198;2018;6324;2018
9207;2018;983;2018
5572;2018;14164;2018
2181;2018;761;2018
4002;2018;3029;2018
5662;2018;444;2018
5201;2018;2467;2018
3446;2018;3637;2018
0777;2018;1104;2018
3583;2018;522;2018
6363;2018;1628;2018
4089;2018;853;2018
1995;2018;591;2018
9925;2018;320;2018
8795;2018;3986;2018
9996;2018;1386;2018
7968;2018;1241;2018
5297;2018;883;2018
1308;2018;4811;2018
8540;2018;2633;2018
0617;2018;803;2018
8595;2018;17343;2018
2146;2018;1992;2018
3085;2018;219;2018
7650;2018;1310;2018
1081;2018;2513;2018
5444;2018;15253;2018
1204;2018;501;2018
1240;2018;2066;2018
1747;2018;13336;2018
1980;2018;4993;2018
8932;2018;45192;2018
8093;2018;2863;2018
8616;2018;6471;2018
8321;2018;11509;2018
3202;2018;14764;2018
7569;2018;30806;2018
9007;2018;5457;2018
3374;2018;26780;2018
3149;2018;4301;2018
5738;2018;3971;2018
2581;2018;81123;2018
6328;2018;50591;2018
0074;2018;11136;2018
5311;2018;7495;2018
7263;2018;10232;2018
4571;2018;1465;2018
4154;2018;1623;2018
4210;2018;10332;2018
9436;2018;4909;2018
1187;2018;4746;2018
1336;2018;66289;2018
9625;2018;11963;2018
1029;2018;1938;2018
2764;2018;8083;2018
9748;2018;3497;2018
6975;2018;1908;2018
6806;2018;1152;2018
7839;2018;8342;2018
4356;2018;9969;2018
8358;2018;53714;2018
4298;2018;6362;2018
4710;2018;1917;2018
2934;2018;11173;2018
9696;2018;4364;2018
6253;2018;4085;2018
4101;2018;1299;2018
0237;2018;7180;2018
2312;2018;8077;2018
9459;2018;3845;2018
4560;2018;473;2018
5060;2018;7520;2018
6994;2018;1238;2018
7206;2018;3141;2018
1204;2018;11548;2018
5940;2018;38036;2018
7859;2018;8589;2018
9185;2018;11384;2018
1964;2018;3247;2018
0400;2018;2974;2018
0592;2018;987;2018
2409;2018;14100;2018
8343;2018;5053;2018
5503;2018;2724;2018
4206;2018;3581;2018
1617;2018;11939;2018
1646;2018;3910;2018
4759;2018;1658;2018
4546;2018;10942;2018
5295;2018;12604;2018
4634;2018;6588;2018
3465;2018;1807;2018
8844;2018;2256;2018
1410;2018;1827;2018
2021;2018;1172;2018
1661;2018;910;2018
9969;2018;1448;2018
5663;2018;7072;2018
3266;2018;3585;2018
4932;2018;6639;2018
2219;2018;6384;2018
2544;2018;2839;2018
4886;2018;28536;2018
1798;2018;37260;2018
8912;2018;6019;2018
0755;2018;3166;2018
0959;2018;1980;2018
5878;2018;652720;2018
0579;2018;31146;2018
1025;2018;3168;2018
3440;2018;2655;2018
9165;2018;5970;2018
6583;2018;3174;2018
9291;2018;2924;2018
0363;2018;4581;2018
7170;2018;1446;2018
5663;2018;2385;2018
8522;2018;5263;2018
7814;2018;8404;2018
3653;2018;1540;2018
7414;2018;1006;2018
5987;2018;11026;2018
1931;2018;2669;2018
9024;2018;420;2018
6885;2018;25756;2018
8463;2018;12361;2018
5421;2018;4210;2018
0772;2018;10120;2018
1885;2018;3053;2018
2407;2018;1312;2018
7793;2018;3444;2018
9001;2018;1858;2018
9461;2018;2631;2018
7977;2018;19509;2018
6441;2018;3267;2018
6956;2018;614;2018
9813;2018;950;2018
9346;2018;1867;2018
9386;2018;724;2018
2744;2018;2413;2018
6346;2018;866;2018
1418;2018;40625;2018
0685;2018;589;2018
6646;2018;5763;2018
1664;2018;2954;2018
4275;2018;13138;2018
7645;2018;4396;2018
2587;2018;3184;2018
6218;2018;776;2018
7781;2018;1229;2018
4282;2018;3004;2018
8280;2018;1108;2018
0694;2018;2342;2018
9304;2018;2230;2018
1324;2018;472;2018
3367;2018;2744;2018
6563;2018;1393;2018
6938;2018;1351;2018
3311;2018;469;2018
2116;2018;1045;2018
1890;2018;868;2018
7262;2018;3711;2018
9981;2018;649;2018
9132;2018;3257;2018
5543;2018;3811;2018
6505;2018;3177;2018
3108;2018;2467;2018
9083;2018;342;2018
2904;2018;9155;2018
4823;2018;6895;2018
0474;2018;1451;2018
3838;2018;1666;2018
9835;2018;1572;2018
7899;2018;700;2018
7241;2018;2741;2018
3863;2018;1610;2018
9924;2018;757;2018
7212;2018;12477;2018
1099;2018;1405;2018
7352;2018;1001;2018
7094;2018;661;2018
8536;2018;565;2018
6942;2018;1476;2018
8503;2018;2314;2018
7621;2018;229280;2018
7022;2018;30143;2018
5356;2018;1261;2018
2692;2018;922;2018
4678;2018;4569;2018
5996;2018;703;2018
2599;2018;2666;2018
3623;2018;575;2018
3769;2018;1537;2018
8008;2018;2144;2018
3090;2018;818;2018
5764;2018;694;2018
7367;2018;3617;2018
4154;2018;3606;2018
1783;2018;1277;2018
4348;2018;2092;2018
1757;2018;6219;2018
4792;2018;1130;2018
0766;2018;13047;2018
6164;2018;1281;2018
9687;2018;3884;2018
2019;2018;947;2018
1173;2018;756;2018
1681;2018;185;2018
9060;2018;3959;2018
1325;2018;1052;2018
1511;2018;623;2018
5448;2018;1974;2018
1231;2018;6545;2018
0502;2018;6865;2018
6292;2018;3513;2018
1407;2018;1881;2018
6798;2018;2690;2018
8183;2018;2752;2018
9963;2018;1230;2018
1634;2018;926;2018
9764;2018;12304;2018
1676;2018;1497;2018
6740;2018;4587;2018
7814;2018;878;2018
3859;2018;2977;2018
1175;2018;9309;2018
9740;2018;1329;2018
9173;2018;4523;2018
2623;2018;3841;2018
0755;2018;1745;2018
7618;2018;1945;2018
0270;2018;2614;2018
5246;2018;4925;2018
1331;2018;10630;2018
1260;2018;7226;2018
5008;2018;6138;2018
6669;2018;828;2018
0737;2018;2784;2018
2643;2018;986;2018
6016;2018;1291;2018
5170;2018;3974;2018
2458;2018;8367;2018
2280;2018;7240;2018
9304;2018;5562;2018
9268;2018;4440;2018
3165;2018;58174;2018
2395;2018;2751;2018
7015;2018;9319;2018
5732;2018;3475;2018
2307;2018;2616;2018
8901;2018;1279;2018
0870;2018;3477;2018
3155;2018;2012;2018
4530;2018;6067;2018
3276;2018;9610;2018
8595;2018;34949;2018
9816;2018;7783;2018
0752;2018;2810;2018
1638;2018;3561;2018
0815;2018;3323;2018
8900;2018;929;2018
8750;2018;31978;2018
9760;2018;5478;2018
1421;2018;1158;2018
2217;2018;6370;2018
6783;2018;35815;2018
6320;2018;1758;2018
5780;2018;12268;2018
4124;2018;2474;2018
9092;2018;2885;2018
4873;2018;7432;2018
0626;2018;21799;2018
2257;2018;16266;2018
1009;2018;7920;2018
2987;2018;12511;2018
5006;2018;11173;2018
3693;2018;4461;2018
5210;2018;18096;2018
3715;2018;5736;2018
6663;2018;3102;2018
5594;2018;7863;2018
1674;2018;2285;2018
2752;2018;6267;2018
5212;2018;1266;2018
5183;2018;4386;2018
6678;2018;39457;2018
9909;2018;4290;2018
6292;2018;1374;2018
6333;2018;920;2018
9464;2018;538;2018
5438;2018;4447;2018
2465;2018;61252;2018
1130;2018;2908;2018
3988;2018;4001;2018
0669;2018;72890;2018
0705;2018;1767;2018
5893;2018;11539;2018
6266;2018;2931;2018
5331;2018;1484;2018
4247;2018;10338;2018
8171;2018;26247;2018
2733;2018;1900;2018
9953;2018;11176;2018
7746;2018;21355;2018
8139;2018;5074;2018
9382;2018;5871;2018
7565;2018;6720;2018
5836;2018;1320;2018
3738;2018;3341;2018
8177;2018;1567;2018
0807;2018;8012;2018
7759;2018;4628;2018
1499;2018;5001;2018
7120;2018;12325;2018
1179;2018;4304;2018
2247;2018;4657;2018
1946;2018;5307;2018
0465;2018;1946;2018
7437;2018;26726;2018
2367;2018;3509;2018
3917;2018;12919;2018
5057;2018;13359;2018
8245;2018;2975;2018
5376;2018;21188;2018
1099;2018;6688;2018
2924;2018;6951;2018
1390;2018;728;2018
2777;2018;9043;2018
4134;2018;7432;2018
8920;2018;4673;2018
7242;2018;3523;2018
7058;2018;17825;2018
5219;2018;27868;2018
4413;2018;51361;2018
3333;2018;17810;2018
2208;2018;34248;2018
3264;2018;27411;2018
2753;2018;23208;2018
8569;2018;18664;2018
4172;2018;5043;2018
3735;2018;36655;2018
5540;2018;5082;2018
2097;2018;4461;2018
9022;2018;3112;2018
9137;2018;297752;2018
1599;2018;9268;2018
3544;2018;26741;2018
0163;2018;12891;2018
1302;2018;25444;2018
4453;2018;2980;2018
2466;2018;5195;2018
9571;2018;3742;2018
8462;2018;13848;2018
3066;2018;30828;2018
4748;2018;7102;2018
6713;2018;1032;2018
3175;2018;5348;2018
3009;2018;4455;2018
6868;2018;49266;2018
6999;2018;12179;2018
6505;2018;7349;2018
7851;2018;16349;2018
6802;2018;46631;2018
2394;2018;14501;2018
5431;2018;4055;2018
3861;2018;3023;2018
4331;2018;10511;2018
6137;2018;10699;2018
2139;2018;14178;2018
6313;2018;2596;2018
8496;2018;22711;2018
6490;2018;11599;2018
8122;2018;3140;2018
2721;2018;7912;2018
1180;2018;9328;2018
8595;2018;1551;2018
2767;2018;7547;2018
0259;2018;8401;2018
3092;2018;16562;2018
1562;2018;10914;2018
4902;2018;19992;2018
5218;2018;7813;2018
0944;2018;8507;2018
7508;2018;5949;2018
8653;2018;9528;2018
7833;2018;3955;2018
7004;2018;3649;2018
5280;2018;3978;2018
4684;2018;10817;2018
3740;2018;8054;2018
4008;2018;30410;2018
6296;2018;2904;2018
7530;2018;16101;2018
3698;2018;53767;2018
5500;2018;2913;2018
3764;2018;19116;2018
6595;2018;71374;2018
0850;2018;10699;2018
7215;2018;26652;2018
4725;2018;62757;2018
1579;2018;34874;2018
5914;2018;30785;2018
8310;2018;1895;2018
0509;2018;1003;2018
0628;2018;6798;2018
9089;2018;16881;2018
6155;2018;762;2018
8976;2018;2400;2018
4772;2018;21458;2018
2007;2018;12389;2018
7816;2018;22583;2018
4172;2018;13445;2018
9841;2018;23704;2018
9828;2018;21472;2018
5343;2018;8493;2018
4685;2018;20844;2018
7754;2018;119710;2018
0204;2018;7884;2018
3295;2018;8464;2018
0908;2018;3847;2018
9227;2018;11709;2018
3046;2018;1468;2018
9892;2018;1837;2018
4113;2018;42760;2018
8902;2018;620;2018
1886;2018;766;2018
8505;2018;13477;2018
2509;2018;528;2018
4460;2018;1809;2018
8768;2018;2689;2018
7940;2018;411;2018
8441;2018;950;2018
5393;2018;3481;2018
7440;2018;3323;2018
8973;2018;752;2018
7583;2018;279;2018
7144;2018;673;2018
8381;2018;3799;2018
8314;2018;897;2018
6697;2018;492;2018
0770;2018;899;2018
8371;2018;4057;2018
0464;2018;626;2018
3436;2018;5890;2018
2502;2018;428;2018
6116;2018;1619;2018
3907;2018;1311;2018
1704;2018;818;2018
4001;2018;382;2018
0608;2018;1509;2018
0662;2018;512;2018
1904;2018;830;2018
6867;2018;483;2018
4578;2018;8511;2018
8495;2018;891;2018
0129;2018;10961;2018
0697;2018;1839;2018
5852;2018;2491;2018
6434;2018;586;2018
9593;2018;488;2018
3858;2018;107;2018
8220;2018;2402;2018
8547;2018;1912;2018
2256;2018;854;2018
8938;2018;788;2018
9467;2018;1365;2018
3750;2018;2718;2018
6361;2018;59599;2018
4655;2018;4191;2018
6111;2018;3225;2018
0310;2018;2951;2018
0898;2018;5724;2018
1279;2018;10555;2018
3942;2018;636;2018
4411;2018;4135;2018
8777;2018;2999;2018
8803;2018;2331;2018
2684;2018;4464;2018
5108;2018;21891;2018
7714;2018;2568;2018
1002;2018;722;2018
5953;2018;538;2018
1899;2018;1240;2018
2847;2018;5304;2018
0333;2018;125998;2018
5057;2018;1334;2018
5828;2018;143;2018
3396;2018;7136;2018
4487;2018;843;2018
0106;2018;14517;2018
8176;2018;13726;2018
2444;2018;2874;2018
2376;2018;2408;2018
5029;2018;946;2018
0008;2018;2315;2018
1853;2018;1514;2018
8063;2018;2910;2018
7367;2018;4314;2018
6815;2018;2245;2018
9539;2018;4326;2018
2468;2018;2295;2018
3026;2018;1850;2018
4089;2018;1677;2018
4285;2018;2471;2018
5196;2018;3535;2018
6928;2018;1498;2018
8773;2018;608;2018
9701;2018;1370;2018
3115;2018;729;2018
0430;2018;1559;2018
9960;2018;2080;2018
2785;2018;5156;2018
5989;2018;4951;2018
5753;2018;1307;2018
4860;2018;2360;2018
9218;2018;1112;2018
8081;2018;795;2018
4258;2018;3935;2018
8973;2018;3577;2018
1022;2018;588;2018
3275;2018;530;2018
3679;2018;2758;2018
4346;2018;2560;2018
6755;2018;2087;2018
3270;2018;1306;2018
4978;2018;2268;2018
5328;2018;8521;2018
4099;2018;604;2018
6497;2018;560;2018
2661;2018;3799;2018
4345;2018;760;2018
4900;2018;1386;2018
5300;2018;2436;2018
0587;2018;2586;2018
1613;2018;1323;2018
1320;2018;2143;2018
2988;2018;2286;2018
4051;2018;3184;2018
1687;2018;5217;2018
1146;2018;499;2018
3735;2018;1299;2018
1494;2018;515;2018
4437;2018;1636;2018
8669;2018;2126;2018
7146;2018;1346;2018
7633;2018;9918;2018
8294;2018;2484;2018
8037;2018;1742;2018
7317;2018;297;2018
0590;2018;35398;2018
7374;2018;6929;2018
2372;2018;1271;2018
8209;2018;845;2018
9700;2018;362;2018
1843;2018;722;2018
6734;2018;899;2018
4318;2018;2821;2018
5957;2018;4165;2018
9957;2018;6981;2018
1765;2018;1983;2018
8335;2018;1131;2018
4462;2018;2273;2018
6759;2018;234;2018
8140;2018;764;2018
0708;2018;2268;2018
8474;2018;1590;2018
7449;2018;1830;2018
7669;2018;2993;2018
7148;2018;1689;2018
9345;2018;2096;2018
5657;2018;1688;2018
4124;2018;11527;2018
0512;2018;1622;2018
6731;2018;998;2018
6501;2018;3887;2018
8006;2018;670;2018
3156;2018;468;2018
0143;2018;1969;2018
5027;2018;2798;2018
2850;2018;10731;2018
9802;2018;1109;2018
4109;2018;1435;2018
6349;2018;1194;2018
3230;2018;531;2018
3510;2018;3129;2018
3890;2018;1924;2018
7001;2018;334;2018
1723;2018;26173;2018
5839;2018;151504;2018
4888;2018;22565;2018
7167;2018;8244;2018
3687;2018;7875;2018
9157;2018;7226;2018
4102;2018;68851;2018
8293;2018;5227;2018
6857;2018;28791;2018
2851;2018;20783;2018
2940;2018;6803;2018
9080;2018;17104;2018
7065;2018;8710;2018
8870;2018;2136;2018
9315;2018;13146;2018
0545;2018;9368;2018
4217;2018;19599;2018
9502;2018;253;2018
3112;2018;1297;2018
3483;2018;8939;2018
3378;2018;15561;2018
4107;2018;244;2018
1193;2018;9252;2018
3582;2018;2538;2018
7946;2018;6380;2018
4660;2018;8355;2018
4812;2018;853;2018
5962;2018;1519;2018
4461;2018;5152;2018
8511;2018;355;2018
9013;2018;920;2018
3078;2018;384;2018
3393;2018;17788;2018
0182;2018;2739;2018
4192;2018;372;2018
2629;2018;1560;2018
7555;2018;11685;2018
4018;2018;12499;2018
9870;2018;603;2018
4596;2018;11770;2018
5906;2018;1531;2018
8802;2018;4297;2018
5331;2018;2756;2018
5945;2018;7622;2018
9508;2018;1511;2018
6887;2018;3130;2018
5333;2018;15118;2018
2114;2018;51557;2018
9602;2018;8391;2018
2091;2018;3496;2018
8565;2018;5989;2018
7407;2018;19780;2018
1525;2018;4578;2018
9790;2018;1423;2018
7586;2018;4235;2018
8809;2018;15115;2018
7045;2018;2216;2018
6729;2018;6383;2018
8756;2018;11992;2018
1433;2018;292;2018
5471;2018;358;2018
3790;2018;1772;2018
7145;2018;727;2018
6768;2018;1312;2018
5349;2018;8451;2018
5859;2018;1647;2018
6750;2018;3939;2018
5139;2018;406;2018
8489;2018;4953;2018
8009;2018;688;2018
3167;2018;707;2018
6380;2018;748;2018
5447;2018;868;2018
5624;2018;1305;2018
4292;2018;1117;2018
8083;2018;312;2018
7064;2018;1611;2018
3894;2018;156;2018
9784;2018;488;2018
1987;2018;104;2018
7896;2018;1233;2018
8538;2018;210;2018
4723;2018;921;2018
2497;2018;1340;2018
4296;2018;178;2018
8761;2018;611;2018
5616;2018;671;2018
1728;2018;1829;2018
8862;2018;3073;2018
1501;2018;21400;2018
3726;2018;666;2018
7115;2018;1094;2018
3511;2018;1800;2018
1461;2018;1008;2018
4490;2018;2388;2018
0189;2018;511;2018
2123;2018;2134;2018
9625;2018;1624;2018
7337;2018;845;2018
8320;2018;252;2018
5840;2018;443;2018
4436;2018;706;2018
4825;2018;317;2018
7364;2018;626;2018
6597;2018;2260;2018
2126;2018;1091;2018
6623;2018;927;2018
6049;2018;521;2018
3409;2018;1116;2018
9457;2018;492;2018
9289;2018;1451;2018
1965;2018;678;2018
5895;2018;358;2018
0760;2018;299;2018
9353;2018;656;2018
3179;2018;721;2018
3166;2018;2279;2018
7037;2018;673;2018
4518;2018;11162;2018
8469;2018;2626;2018
2051;2018;430;2018
8673;2018;248;2018
4520;2018;1370;2018
3604;2018;359;2018
7921;2018;3888;2018
5295;2018;847;2018
3723;2018;371;2018
3433;2018;328;2018
5735;2018;81;2018
0966;2018;1264;2018
5116;2018;611;2018
2197;2018;664;2018
7239;2018;141;2018
4117;2018;1570;2018
5886;2018;161;2018
0266;2018;1258;2018
2534;2018;9146;2018
5970;2018;2582;2018
4817;2018;869;2018
4597;2018;4434;2018
8205;2018;458;2018
4582;2018;737;2018
6423;2018;874;2018
2346;2018;4734;2018
6808;2018;1045;2018
6691;2018;1500;2018
0619;2018;438;2018
9861;2018;4066;2018
1972;2018;699;2018
5004;2018;1738;2018
0142;2018;658;2018
1807;2018;1283;2018
5715;2018;469;2018
9653;2018;1744;2018
8665;2018;348;2018
4698;2018;1206;2018
5723;2018;30935;2018
3276;2018;1537;2018
8160;2018;296;2018
8471;2018;2190;2018
3157;2018;248;2018
1091;2018;2104;2018
4581;2018;663;2018
2826;2018;2980;2018
3569;2018;2571;2018
2151;2018;4788;2018
0500;2018;348;2018
7954;2018;2339;2018
4749;2018;2476;2018
4676;2018;1484;2018
4524;2018;2064;2018
8527;2018;1750;2018
0628;2018;444;2018
6128;2018;179;2018
1726;2018;907;2018
3563;2018;803;2018
3786;2018;312;2018
8199;2018;2203;2018
7514;2018;505;2018
0044;2018;226;2018
8589;2018;2334;2018
3402;2018;361;2018
0943;2018;144;2018
9709;2018;10089;2018
7998;2018;954;2018
5843;2018;1116;2018
8464;2018;516;2018
2388;2018;2820;2018
0735;2018;753;2018
6098;2018;304;2018
7001;2018;1595;2018
6511;2018;309;2018
8094;2018;1150;2018
5607;2018;1030;2018
9310;2018;350;2018
1807;2018;295;2018
2425;2018;120;2018
0155;2018;7823;2018
8744;2018;435;2018
7513;2018;1788;2018
0198;2018;633;2018
4744;2018;156;2018
1594;2018;458;2018
7228;2018;199;2018
4624;2018;1053;2018
8487;2018;241;2018
7826;2018;320;2018
8868;2018;3127;2018
3890;2018;1170;2018
6883;2018;44316;2018
8452;2018;894;2018
3451;2018;872;2018
4533;2018;2006;2018
5573;2018;135;2018
2001;2018;329;2018
8025;2018;1148;2018
1210;2018;7386;2018
5955;2018;191;2018
8608;2018;418;2018
9021;2018;803;2018
6248;2018;3597;2018
5718;2018;609;2018
9876;2018;2875;2018
7819;2018;1782;2018
7338;2018;14466;2018
6006;2018;1497;2018
6492;2018;475;2018
0694;2018;722;2018
7415;2018;529;2018
4984;2018;3721;2018
2559;2018;113;2018
1389;2018;1515;2018
5560;2018;391;2018
6095;2018;550;2018
0732;2018;2067;2018
3092;2018;501;2018
6678;2018;573;2018
5025;2018;3725;2018
3909;2018;1346;2018
0973;2018;607;2018
5683;2018;974;2018
0645;2018;3891;2018
1503;2018;2707;2018
2975;2018;1511;2018
5913;2018;507;2018
7505;2018;176;2018
2169;2018;2088;2018
0519;2018;3784;2018
3050;2018;1198;2018
2497;2018;2356;2018
1846;2018;2075;2018
8442;2018;1426;2018
8493;2018;1490;2018
6512;2018;874;2018
0230;2018;90;2018
6112;2018;1594;2018
0298;2018;592;2018
5152;2018;1930;2018
2224;2018;2660;2018
3313;2018;678;2018
7379;2018;1340;2018
0670;2018;769;2018
7187;2018;1074;2018
2354;2018;929;2018
9799;2018;282;2018
3143;2018;2477;2018
7712;2018;203;2018
4709;2018;5486;2018
6768;2018;2446;2018
6653;2018;215;2018
1045;2018;3216;2018
2572;2018;949;2018
4058;2018;472;2018
5859;2018;1253;2018
3978;2018;7692;2018
6991;2018;321;2018
8731;2018;185;2018
2610;2018;1419;2018
9495;2018;401;2018
4736;2018;1147;2018
6137;2018;1023;2018
2316;2018;1445;2018
7749;2018;2715;2018
2053;2018;505;2018
6724;2018;3200;2018
2859;2018;2829;2018
9795;2018;2298;2018
0377;2018;4025;2018
5617;2018;2390;2018
6195;2018;5069;2018
3496;2018;1303;2018
2278;2018;3242;2018
8240;2018;3404;2018
9534;2018;4565;2018
1176;2018;2913;2018
5889;2018;5421;2018
1002;2018;13745;2018
7853;2018;1442;2018
7127;2018;828;2018
6640;2018;12907;2018
5476;2018;4340;2018
7243;2018;515;2018
5941;2018;2590;2018
7419;2018;3837;2018
6953;2018;2363;2018
2704;2018;3810;2018
0639;2018;7919;2018
3179;2018;1728;2018
7688;2018;1167;2018
6179;2018;4775;2018
8068;2018;256;2018
8932;2018;1710;2018
1833;2018;1638;2018
6954;2018;2587;2018
2583;2018;2531;2018
6556;2018;312;2018
4193;2018;1225;2018
2005;2018;705;2018
0526;2018;771;2018
6446;2018;8509;2018
4965;2018;2509;2018
3023;2018;2716;2018
1445;2018;2466;2018
0331;2018;1979;2018
1348;2018;48265;2018
2384;2018;2112;2018
9135;2018;5056;2018
8954;2018;4339;2018
3309;2018;10228;2018
5859;2018;366;2018
0634;2018;14526;2018
5189;2018;8718;2018
4294;2018;487;2018
1193;2018;3565;2018
0584;2018;1882;2018
7993;2018;2690;2018
6072;2018;4101;2018
7102;2018;32;2018
5135;2018;3645;2018
9575;2018;8911;2018
0910;2018;6457;2018
0004;2018;7013;2018
6963;2018;1209;2018
4936;2018;4737;2018
5630;2018;3790;2018
1968;2018;341;2018
9972;2018;132;2018
7839;2018;1969;2018
6837;2018;912;2018
1001;2018;2229;2018
6353;2018;2227;2018
4254;2018;2258;2018
7003;2018;6318;2018
8248;2018;3124;2018
8344;2018;2161;2018
2057;2018;2302;2018
2907;2018;2815;2018
1084;2018;166;2018
6290;2018;1769;2018
7516;2018;534;2018
2463;2018;3422;2018
5992;2018;11447;2018
5679;2018;743;2018
7993;2018;294;2018
1157;2018;2817;2018
6049;2018;2084;2018
4653;2018;5605;2018
7846;2018;4670;2018
9218;2018;547;2018
1986;2018;278;2018
8317;2018;1108;2018
1303;2018;1757;2018
6411;2018;4288;2018
5038;2018;2422;2018
0835;2018;2683;2018
7506;2018;2907;2018
7138;2018;3121;2018
6122;2018;15134;2018
0043;2018;1545;2018
6782;2018;2948;2018
3232;2018;1590;2018
9782;2018;4603;2018
0381;2018;2802;2018
0980;2018;2155;2018
0688;2018;2183;2018
8695;2018;15419;2018
8023;2018;2288;2018
6998;2018;2882;2018
9361;2018;1124;2018
5317;2018;209;2018
6782;2018;1511;2018
0319;2018;2257;2018
3971;2018;2315;2018
0109;2018;1272;2018
9213;2018;2587;2018
4374;2018;2632;2018
3711;2018;2471;2018
3786;2018;44687;2018
4503;2018;7490;2018
7452;2018;64;2018
2472;2018;1397;2018
8334;2018;3086;2018
2024;2018;1748;2018
4767;2018;4369;2018
3856;2018;461;2018
7302;2018;1710;2018
5212;2018;2261;2018
5790;2018;5782;2018
7830;2018;2041;2018
4968;2018;1961;2018
5250;2018;1406;2018
2653;2018;1743;2018
3749;2018;2619;2018
9657;2018;1832;2018
1484;2018;3723;2018
5620;2018;3397;2018
0529;2018;13172;2018
5321;2018;1897;2018
7459;2018;1923;2018
0154;2018;1831;2018
8190;2018;3788;2018
8206;2018;3420;2018
0684;2018;5864;2018
2567;2018;917;2018
3773;2018;1551;2018
0146;2018;1677;2018
4986;2018;1788;2018
8824;2018;7368;2018
8696;2018;1485;2018
1698;2018;19321;2018
1953;2018;17048;2018
7666;2018;10536;2018
8499;2018;1139;2018
3450;2018;13359;2018
8400;2018;1366;2018
3216;2018;2228;2018
9373;2018;1006;2018
4400;2018;7087;2018
5208;2018;35102;2018
7915;2018;148981;2018
2646;2018;3040;2018
6958;2018;5605;2018
3734;2018;9449;2018
0587;2018;22116;2018
3019;2018;10012;2018
6767;2018;383;2018
2755;2018;805;2018
8381;2018;7145;2018
8034;2018;2750;2018
1360;2018;2884;2018
7408;2018;2076;2018
5887;2018;1084;2018
7351;2018;5211;2018
3479;2018;6821;2018
6224;2018;3093;2018
4275;2018;14705;2018
7758;2018;18809;2018
9995;2018;10071;2018
3521;2018;193723;2018
1088;2018;10074;2018
3768;2018;6059;2018
3109;2018;2138;2018
3762;2018;1596;2018
7254;2018;587;2018
6721;2018;2531;2018
0630;2018;947;2018
9655;2018;1063;2018
0449;2018;2648;2018
6808;2018;14401;2018
2012;2018;5410;2018
9947;2018;62966;2018
4250;2018;2972;2018
6858;2018;10144;2018
6438;2018;17554;2018
6315;2018;3390;2018
7896;2018;6228;2018
4826;2018;1122;2018
3481;2018;8995;2018
8880;2018;3222;2018
9243;2018;5542;2018
9108;2018;2060;2018
8517;2018;764;2018
3117;2018;2004;2018
9212;2018;1179;2018
2595;2018;3038;2018
5577;2018;6426;2018
3549;2018;805;2018
6322;2018;1754;2018
2495;2018;2119;2018
3219;2018;1397;2018
9223;2018;4238;2018
6890;2018;784;2018
1225;2018;955;2018
9691;2018;3169;2018
4627;2018;1152;2018
4447;2018;2010;2018
5938;2018;2026;2018
0030;2018;2093;2018
5038;2018;5175;2018
8395;2018;1818;2018
8975;2018;1384;2018
6319;2018;1869;2018
7009;2018;1644;2018
2254;2018;2074;2018
8113;2018;4369;2018
6692;2018;1836;2018
1519;2018;3410;2018
9325;2018;2090;2018
6532;2018;6659;2018
4089;2018;709;2018
3653;2018;1639;2018
3029;2018;1243;2018
2468;2018;6053;2018
9491;2018;1282;2018
8879;2018;9088;2018
7004;2018;1057;2018
5057;2018;943;2018
5378;2018;4847;2018
8427;2018;4472;2018
3367;2018;4074;2018
7892;2018;2126;2018
5345;2018;2588;2018
3959;2018;1276;2018
6586;2018;2981;2018
5725;2018;6547;2018
8328;2018;936;2018
5926;2018;1157;2018
4369;2018;2315;2018
6462;2018;792;2018
4235;2018;1438;2018
1798;2018;2429;2018
6604;2018;6154;2018
6406;2018;751;2018
2027;2018;990;2018
5709;2018;31806;2018
3751;2018;716;2018
7735;2018;1753;2018
4549;2018;1945;2018
1815;2018;419;2018
6569;2018;408;2018
5995;2018;1995;2018
6126;2018;244;2018
1563;2018;104;2018
2735;2018;896;2018
4656;2018;461;2018
1002;2018;4899;2018
5046;2018;751;2018
1292;2018;499;2018
5514;2018;1463;2018
9948;2018;187;2018
2233;2018;712;2018
0676;2018;611;2018
9645;2018;1621;2018
4193;2018;894;2018
5335;2018;5109;2018
2565;2018;166;2018
5227;2018;3474;2018
0681;2018;264;2018
1858;2018;297;2018
6545;2018;593;2018
2573;2018;680;2018
2167;2018;759;2018
8738;2018;4547;2018
5753;2018;1388;2018
7884;2018;95;2018
8911;2018;18160;2018
6091;2018;1060;2018
3176;2018;124;2018
6467;2018;443;2018
8976;2018;186;2018
6546;2018;2343;2018
5784;2018;1044;2018
2127;2018;7757;2018
2848;2018;199;2018
9219;2018;106;2018
1531;2018;228;2018
5680;2018;547;2018
4114;2018;404;2018
1763;2018;1365;2018
3537;2018;1470;2018
0549;2018;126;2018
9947;2018;2159;2018
1750;2018;381;2018
1483;2018;1267;2018
1708;2018;382;2018
7997;2018;859;2018
4390;2018;865;2018
3719;2018;14859;2018
9194;2018;3406;2018
3658;2018;1148;2018
5656;2018;1500;2018
6720;2018;2516;2018
8796;2018;754;2018
9024;2018;556;2018
1628;2018;1946;2018
3948;2018;257;2018
3739;2018;375;2018
1522;2018;725;2018
6756;2018;1289;2018
7054;2018;1279;2018
3592;2018;4662;2018
7687;2018;721;2018
9006;2018;412;2018
6013;2018;175;2018
7344;2018;1671;2018
8893;2018;1219;2018
7344;2018;381;2018
7665;2018;2010;2018
4934;2018;30428;2018
3806;2018;1184;2018
7332;2018;6474;2018
3834;2018;271;2018
6245;2018;1745;2018
0831;2018;304;2018
2176;2018;15216;2018
4676;2018;2088;2018
8631;2018;6293;2018
2455;2018;17829;2018
7560;2018;6928;2018
5372;2018;7314;2018
9338;2018;11074;2018
7578;2018;15459;2018
8948;2018;12107;2018
9323;2018;16857;2018
6128;2018;6064;2018
4121;2018;34708;2018
4317;2018;4232;2018
6337;2018;2135;2018
9166;2018;17574;2018
4702;2018;7324;2018
3932;2018;7330;2018
0780;2018;6609;2018
5157;2018;37782;2018
9549;2018;8489;2018
5081;2018;15595;2018
5060;2018;2985;2018
7540;2018;41695;2018
2805;2018;25956;2018
3139;2018;7715;2018
1171;2018;8537;2018
2860;2018;34405;2018
2958;2018;45638;2018
1826;2018;7462;2018
3083;2018;22965;2018
3185;2018;4416;2018
1093;2018;5485;2018
0867;2018;124459;2018
4764;2018;23476;2018
8456;2018;23379;2018
8844;2018;5083;2018
8878;2018;4006;2018
9685;2018;3463;2018
0449;2018;45069;2018
4024;2018;23109;2018
2630;2018;8275;2018
2018;2018;4310;2018
3378;2018;8744;2018
7508;2018;10293;2018
8480;2018;13527;2018
9793;2018;7488;2018
5554;2018;4331;2018
5184;2018;9164;2018
8648;2018;13957;2018
7181;2018;25930;2018
7763;2018;6708;2018
0384;2018;5151;2018
8153;2018;10698;2018
9782;2018;15789;2018
1611;2018;4710;2018
9725;2018;3459;2018
4940;2018;3485;2018
5319;2018;626;2018
2112;2018;1901;2018
6124;2018;3275;2018
5320;2018;37034;2018
2041;2018;932;2018
2618;2018;3308;2018
9249;2018;1178;2018
9294;2018;1435;2018
7274;2018;930;2018
7625;2018;634;2018
4054;2018;1661;2018
9920;2018;404;2018
6156;2018;1134;2018
5337;2018;778;2018
4458;2018;6703;2018
4183;2018;12830;2018
2142;2018;370;2018
6262;2018;745;2018
9216;2018;350;2018
2351;2018;2181;2018
4509;2018;2386;2018
7156;2018;8119;2018
1670;2018;419;2018
9490;2018;695;2018
3789;2018;922;2018
3504;2018;554;2018
0749;2018;753;2018
8470;2018;2839;2018
0023;2018;2280;2018
2677;2018;1666;2018
7932;2018;16039;2018
1256;2018;25603;2018
6456;2018;1975;2018
1790;2018;1313;2018
5172;2018;17156;2018
4918;2018;2269;2018
2924;2018;350;2018
9329;2018;1990;2018
8821;2018;98712;2018
3513;2018;93435;2018
2439;2018;54706;2018
9317;2018;29348;2018
6977;2018;11479;2018
4065;2018;8652;2018
2298;2018;13892;2018
0052;2018;6325;2018
4118;2018;55610;2018
7657;2018;14371;2018
1174;2018;6102;2018
7539;2018;461;2018
6242;2018;764;2018
2269;2018;1121;2018
3994;2018;1237;2018
3317;2018;1045;2018
8516;2018;2763;2018
0599;2018;2864;2018
5415;2018;27158;2018
1010;2018;6051;2018
8877;2018;1641;2018
8264;2018;807;2018
7736;2018;4324;2018
3042;2018;9635;2018
1360;2018;1648;2018
5920;2018;6101;2018
3087;2018;2040;2018
0356;2018;2149;2018
7598;2018;573;2018
7428;2018;610;2018
1820;2018;2948;2018
1114;2018;1588;2018
7929;2018;807;2018
5149;2018;314;2018
1778;2018;1194;2018
6223;2018;826;2018
8295;2018;1204;2018
4364;2018;1978;2018
5982;2018;472;2018
0554;2018;4886;2018
1869;2018;6459;2018
8014;2018;971;2018
5101;2018;2641;2018
6654;2018;11589;2018
2299;2018;26151;2018
8361;2018;2584;2018
0416;2018;226;2018
5853;2018;1680;2018
0144;2018;2115;2018
6861;2018;1272;2018
7868;2018;4597;2018
5065;2018;5242;2018
2739;2018;1537;2018
8744;2018;3188;2018
8991;2018;877;2018
7617;2018;1231;2018
1794;2018;2493;2018
6723;2018;2148;2018
5918;2018;1551;2018
5932;2018;2189;2018
6259;2018;907;2018
4236;2018;2684;2018
1381;2018;588;2018
4953;2018;1392;2018
9677;2018;1171;2018
8946;2018;848;2018
0899;2018;5024;2018
6103;2018;950;2018
0434;2018;4999;2018
1592;2018;1619;2018
6243;2018;1208;2018
3983;2018;8374;2018
3709;2018;5889;2018
5145;2018;737;2018
2413;2018;8304;2018
6382;2018;3595;2018
2252;2018;8427;2018
4841;2018;3324;2018
1629;2018;1729;2018
6787;2018;2723;2018
8946;2018;10967;2018
2294;2018;4000;2018
6918;2018;1150;2018
3934;2018;1357;2018
2889;2018;4852;2018
7060;2018;2687;2018
8383;2018;8903;2018
7842;2018;4767;2018
1826;2018;648;2018
7682;2018;140;2018
2049;2018;1255;2018
7880;2018;807;2018
0203;2018;630;2018
8443;2018;3770;2018
3587;2018;1145;2018
3871;2018;1925;2018
7937;2018;1869;2018
1982;2018;1122;2018
1839;2018;3498;2018
0024;2018;1056;2018
5857;2018;998;2018
6009;2018;423;2018
8211;2018;4100;2018
7603;2018;514;2018
7509;2018;1920;2018
4750;2018;13581;2018
5293;2018;2602;2018
3876;2018;3533;2018
4494;2018;1071;2018
9328;2018;665;2018
5900;2018;1278;2018
4283;2018;1073;2018
3074;2018;4661;2018
3596;2018;1020;2018
9708;2018;3714;2018
7935;2018;6881;2018
1937;2018;2606;2018
