Codice Ripartizione geografica;Codice Regione;Codice Provincia/Uts;Codice Comune (alfanumerico);Codice Comune (numerico);Comune;Comune (dizione straniera);Sigla automobilistica;Capoluogo di Provincia/Uts;Capoluogo di Regione;Popolazione legale;Anno Censimento;Superficie (Kmq);Anno (Superficie);Popolazione residente;Anno (Popolazione residente)
1462;2004;2679;2004
7393;2004;3648;2004
3315;2004;458;2004
7314;2004;1696;2004
3796;2004;652;2004
8756;2004;5863;2004
6261;2004;282;2004
9193;2004;16767;2004
4860;2004;1854;2004
3085;2004;485;2004
8782;2004;808;2004
1668;2004;947;2004
2172;2004;11641;2004
9605;2004;1303;2004
0859;2004;852;2004
0063;2004;3051;2004
5064;2004;494;2004
4054;2004;3532;2004
7105;2004;106;2004
0289;2004;3431;2004
8027;2004;1532;2004
2029;2004;2979;2004
9864;2004;596;2004
7343;2004;18416;2004
5979;2004;2990;2004
0819;2004;613;2004
2234;2004;2019;2004
3261;2004;13311;2004
9648;2004;497;2004
4189;2004;3654;2004
3712;2004;819;2004
9617;2004;2305;2004
9191;2004;2992;2004
2914;2004;7794;2004
7585;2004;4098;2004
1350;2004;475;2004
9504;2004;475;2004
5701;2004;7947;2004
3592;2004;1680;2004
5838;2004;1404;2004
6868;2004;1346;2004
4760;2004;1333;2004
0643;2004;1442;2004
1004;2004;6529;2004
0973;2004;6547;2004
2312;2004;3627;2004
4925;2004;7350;2004
1314;2004;5989;2004
0864;2004;1332;2004
1317;2004;1320;2004
8499;2004;5342;2004
9505;2004;297;2004
1953;2004;2234;2004
0319;2004;559;2004
4066;2004;1954;2004
5371;2004;1052;2004
2578;2004;755;2004
6894;2004;8752;2004
7149;2004;25624;2004
1250;2004;1794;2004
1726;2004;1468;2004
3137;2004;2694;2004
7115;2004;16644;2004
4732;2004;1578;2004
2796;2004;1937;2004
7063;2004;9298;2004
3756;2004;433;2004
1346;2004;5800;2004
3285;2004;2323;2004
9591;2004;5449;2004
1595;2004;1835;2004
0516;2004;1055;2004
8139;2004;158;2004
7001;2004;1058;2004
4478;2004;365;2004
5698;2004;1713;2004
0221;2004;2236;2004
1975;2004;34117;2004
1189;2004;243;2004
7549;2004;987;2004
9165;2004;1597;2004
2378;2004;23467;2004
1638;2004;361;2004
9345;2004;212;2004
1962;2004;392;2004
7329;2004;18403;2004
6872;2004;182;2004
8788;2004;1516;2004
5727;2004;3029;2004
0993;2004;48770;2004
3321;2004;341;2004
5894;2004;619;2004
1131;2004;4500;2004
4914;2004;3273;2004
2384;2004;547;2004
8709;2004;948;2004
7335;2004;7346;2004
3133;2004;10063;2004
5395;2004;8217;2004
5474;2004;292;2004
8499;2004;4588;2004
8929;2004;2434;2004
4091;2004;605;2004
0415;2004;2649;2004
3457;2004;881;2004
6427;2004;2198;2004
5075;2004;3737;2004
8185;2004;295;2004
9482;2004;1654;2004
1488;2004;2819;2004
4018;2004;515;2004
5108;2004;9348;2004
4442;2004;1314;2004
3833;2004;682;2004
7376;2004;15113;2004
8200;2004;2411;2004
9870;2004;739;2004
0935;2004;217;2004
3296;2004;1009;2004
1321;2004;37741;2004
7506;2004;51;2004
0292;2004;678;2004
7716;2004;404;2004
5042;2004;424;2004
1075;2004;23769;2004
0353;2004;1432;2004
7825;2004;6801;2004
2876;2004;5286;2004
2900;2004;1440;2004
4355;2004;12298;2004
6753;2004;208;2004
9366;2004;1996;2004
3912;2004;487;2004
5162;2004;1714;2004
7158;2004;1560;2004
2096;2004;1072;2004
1914;2004;1062;2004
8835;2004;391;2004
7414;2004;7938;2004
0398;2004;492;2004
2585;2004;542;2004
1404;2004;1151;2004
3129;2004;506;2004
2593;2004;1342;2004
2587;2004;68;2004
0706;2004;3991;2004
6942;2004;716;2004
3424;2004;4043;2004
5439;2004;963;2004
6383;2004;1136;2004
4420;2004;102;2004
0871;2004;897;2004
0825;2004;389;2004
3332;2004;685;2004
6554;2004;380;2004
5288;2004;53845;2004
5007;2004;50;2004
6567;2004;513;2004
4681;2004;887;2004
3567;2004;3434;2004
9036;2004;5303;2004
3896;2004;906;2004
4895;2004;809;2004
5625;2004;48171;2004
0453;2004;195;2004
3531;2004;6424;2004
0743;2004;341;2004
6422;2004;7838;2004
5542;2004;559;2004
3030;2004;1377;2004
2079;2004;21578;2004
1541;2004;788;2004
4885;2004;1040;2004
5770;2004;778;2004
7857;2004;2793;2004
4058;2004;1175;2004
0819;2004;825;2004
8878;2004;1984;2004
6886;2004;459;2004
4056;2004;913;2004
5400;2004;3796;2004
5680;2004;236;2004
1730;2004;3747;2004
0906;2004;3515;2004
7080;2004;597;2004
1830;2004;785;2004
0041;2004;746;2004
3498;2004;629;2004
4634;2004;11608;2004
7183;2004;2981;2004
3376;2004;33824;2004
8196;2004;8346;2004
6488;2004;3420;2004
1459;2004;16822;2004
9034;2004;3177;2004
0343;2004;1274;2004
6186;2004;9254;2004
5611;2004;1111;2004
0609;2004;3847;2004
4476;2004;986;2004
2017;2004;546;2004
6092;2004;337;2004
8455;2004;1819;2004
4785;2004;245;2004
5052;2004;1264;2004
2419;2004;808;2004
8803;2004;603;2004
0380;2004;339;2004
9559;2004;366;2004
7868;2004;1047;2004
6658;2004;1516;2004
6002;2004;86;2004
8334;2004;1009;2004
1075;2004;18027;2004
8318;2004;3856;2004
5714;2004;2587;2004
2461;2004;11900;2004
8733;2004;1520;2004
4998;2004;49408;2004
5756;2004;3061;2004
1912;2004;1681;2004
7039;2004;2012;2004
2107;2004;2950;2004
2664;2004;350;2004
6877;2004;1655;2004
4075;2004;270;2004
3732;2004;939;2004
0650;2004;3766;2004
9371;2004;2217;2004
1002;2004;793;2004
9519;2004;1671;2004
3197;2004;530;2004
1034;2004;547;2004
8859;2004;72;2004
4329;2004;1506;2004
2318;2004;5314;2004
9070;2004;3535;2004
3809;2004;368;2004
3037;2004;498;2004
9796;2004;4404;2004
6513;2004;3743;2004
8617;2004;1849;2004
8866;2004;2622;2004
4049;2004;2502;2004
7219;2004;1022;2004
6132;2004;3134;2004
7933;2004;828;2004
3442;2004;7530;2004
5517;2004;18289;2004
4446;2004;1513;2004
1243;2004;281;2004
1520;2004;2939;2004
5766;2004;1873;2004
5719;2004;3399;2004
3682;2004;4394;2004
7945;2004;4118;2004
1984;2004;10302;2004
2772;2004;218;2004
3112;2004;1113;2004
6768;2004;3160;2004
0308;2004;772;2004
3557;2004;1520;2004
9158;2004;863;2004
0578;2004;499;2004
3659;2004;47080;2004
2590;2004;1565;2004
6785;2004;1198;2004
2140;2004;266;2004
4686;2004;6097;2004
9879;2004;6626;2004
6751;2004;831;2004
0095;2004;876299;2004
8238;2004;2464;2004
4545;2004;618;2004
0981;2004;4586;2004
4059;2004;3571;2004
2448;2004;150;2004
3592;2004;372;2004
4544;2004;539;2004
3475;2004;11133;2004
9669;2004;191;2004
5375;2004;247;2004
2292;2004;1417;2004
5252;2004;3658;2004
1200;2004;830;2004
0792;2004;745;2004
9094;2004;3134;2004
8469;2004;132;2004
5579;2004;766;2004
0927;2004;1523;2004
1435;2004;971;2004
4424;2004;34866;2004
4882;2004;4621;2004
9431;2004;1440;2004
0690;2004;867;2004
6454;2004;232;2004
9337;2004;882;2004
9677;2004;548;2004
1543;2004;5164;2004
7854;2004;4816;2004
0306;2004;1024;2004
4088;2004;2880;2004
7080;2004;2884;2004
4091;2004;984;2004
6868;2004;2043;2004
2927;2004;1212;2004
4228;2004;4283;2004
8767;2004;4820;2004
6940;2004;13482;2004
0574;2004;1113;2004
0748;2004;1354;2004
6817;2004;517;2004
1119;2004;1197;2004
4629;2004;13494;2004
9827;2004;7817;2004
0366;2004;463;2004
7804;2004;327;2004
5650;2004;2563;2004
3101;2004;1036;2004
3156;2004;1371;2004
7885;2004;96;2004
8079;2004;284;2004
8058;2004;2046;2004
8706;2004;265;2004
5707;2004;2622;2004
0901;2004;13705;2004
2949;2004;2184;2004
2305;2004;182;2004
0776;2004;993;2004
1364;2004;227;2004
8004;2004;77;2004
1088;2004;1095;2004
0330;2004;1053;2004
1062;2004;965;2004
2050;2004;270;2004
6044;2004;354;2004
0488;2004;901;2004
5380;2004;53;2004
3078;2004;4548;2004
3878;2004;264;2004
2234;2004;125;2004
9676;2004;844;2004
8563;2004;282;2004
2233;2004;7790;2004
0162;2004;429;2004
4768;2004;1100;2004
1403;2004;247;2004
2424;2004;1258;2004
7629;2004;549;2004
6659;2004;8495;2004
5030;2004;870;2004
8817;2004;404;2004
0875;2004;336;2004
6440;2004;517;2004
9701;2004;977;2004
5740;2004;531;2004
0280;2004;4407;2004
6672;2004;771;2004
9178;2004;101;2004
1818;2004;1440;2004
7139;2004;870;2004
5035;2004;641;2004
5270;2004;218;2004
9396;2004;1361;2004
2949;2004;327;2004
3506;2004;1127;2004
6903;2004;121;2004
5976;2004;209;2004
1781;2004;568;2004
5389;2004;618;2004
1561;2004;4306;2004
8910;2004;440;2004
2700;2004;73;2004
0226;2004;71;2004
3032;2004;147;2004
2702;2004;128;2004
1298;2004;240;2004
4089;2004;430;2004
9160;2004;2533;2004
4754;2004;612;2004
8379;2004;184;2004
2681;2004;1011;2004
8536;2004;76;2004
1875;2004;237;2004
7766;2004;129;2004
5981;2004;4129;2004
6327;2004;1795;2004
1294;2004;9260;2004
5335;2004;376;2004
2544;2004;423;2004
9053;2004;5040;2004
3140;2004;1208;2004
2491;2004;636;2004
6054;2004;7677;2004
7508;2004;3498;2004
4259;2004;2308;2004
1193;2004;7277;2004
7747;2004;45647;2004
5109;2004;483;2004
5822;2004;1616;2004
2573;2004;167;2004
5364;2004;1363;2004
9965;2004;903;2004
5153;2004;2229;2004
1699;2004;14335;2004
4928;2004;918;2004
1786;2004;8726;2004
4536;2004;1117;2004
6080;2004;1200;2004
5097;2004;1227;2004
3043;2004;1034;2004
0912;2004;1915;2004
2699;2004;20140;2004
3928;2004;4236;2004
7479;2004;2785;2004
7562;2004;1198;2004
3214;2004;2470;2004
9857;2004;10096;2004
6557;2004;2598;2004
0407;2004;904;2004
5310;2004;882;2004
4909;2004;1460;2004
4849;2004;817;2004
7918;2004;298;2004
6412;2004;9177;2004
4855;2004;426;2004
8335;2004;1339;2004
3261;2004;1264;2004
6390;2004;6778;2004
1618;2004;452;2004
4493;2004;1075;2004
1035;2004;1481;2004
5068;2004;2296;2004
0977;2004;1304;2004
2522;2004;2551;2004
2146;2004;2087;2004
1702;2004;2642;2004
3693;2004;14161;2004
0493;2004;1020;2004
7542;2004;1741;2004
2884;2004;3282;2004
6442;2004;3662;2004
5821;2004;5944;2004
5183;2004;1272;2004
3337;2004;4774;2004
3718;2004;3939;2004
2834;2004;593;2004
5806;2004;2471;2004
6587;2004;1765;2004
8541;2004;277;2004
7880;2004;1521;2004
8639;2004;1098;2004
5349;2004;2434;2004
7187;2004;1014;2004
5211;2004;969;2004
5907;2004;2673;2004
2650;2004;1734;2004
3421;2004;759;2004
0495;2004;101622;2004
7944;2004;12415;2004
9351;2004;1911;2004
6500;2004;1175;2004
2271;2004;1685;2004
1018;2004;1163;2004
0713;2004;1317;2004
7660;2004;824;2004
8653;2004;1556;2004
2965;2004;1827;2004
1260;2004;1956;2004
8526;2004;856;2004
9764;2004;4140;2004
6909;2004;4418;2004
5426;2004;3066;2004
4512;2004;735;2004
8991;2004;1776;2004
5352;2004;578;2004
7543;2004;1458;2004
3719;2004;748;2004
9139;2004;951;2004
3271;2004;2798;2004
4631;2004;465;2004
2378;2004;883;2004
2233;2004;17942;2004
0122;2004;1009;2004
5929;2004;4604;2004
8717;2004;1722;2004
7788;2004;2067;2004
2939;2004;862;2004
4632;2004;607;2004
5276;2004;177;2004
9173;2004;276;2004
5855;2004;29903;2004
5899;2004;259;2004
4547;2004;114;2004
2591;2004;115;2004
9174;2004;184;2004
9487;2004;1052;2004
2505;2004;5645;2004
3257;2004;1086;2004
7637;2004;654;2004
9923;2004;7603;2004
6892;2004;697;2004
0005;2004;670;2004
1195;2004;253;2004
6865;2004;2908;2004
0700;2004;170;2004
0030;2004;388;2004
0657;2004;3407;2004
4389;2004;459;2004
1118;2004;85;2004
7956;2004;3189;2004
2409;2004;137;2004
4778;2004;396;2004
3396;2004;11646;2004
5405;2004;212;2004
5453;2004;687;2004
9483;2004;9495;2004
5298;2004;28746;2004
2376;2004;319;2004
1797;2004;64;2004
1240;2004;349;2004
0639;2004;1129;2004
8440;2004;9634;2004
6378;2004;715;2004
6114;2004;219;2004
8655;2004;5543;2004
4476;2004;96;2004
5011;2004;128;2004
7246;2004;6523;2004
3287;2004;2864;2004
3047;2004;1066;2004
8380;2004;4159;2004
4192;2004;174;2004
8066;2004;1362;2004
1148;2004;1858;2004
9513;2004;213;2004
3404;2004;250;2004
1301;2004;1162;2004
8576;2004;371;2004
8028;2004;879;2004
5178;2004;338;2004
3070;2004;100;2004
2617;2004;131;2004
7202;2004;645;2004
6345;2004;862;2004
5227;2004;528;2004
4378;2004;583;2004
5946;2004;5163;2004
1052;2004;123;2004
4856;2004;6374;2004
0496;2004;2086;2004
1423;2004;470;2004
2414;2004;4378;2004
5961;2004;1921;2004
0744;2004;5808;2004
5350;2004;7596;2004
0188;2004;3704;2004
1219;2004;189;2004
9034;2004;85;2004
1508;2004;835;2004
0879;2004;1972;2004
9874;2004;2510;2004
5398;2004;1069;2004
3423;2004;3219;2004
1183;2004;401;2004
0529;2004;200;2004
6705;2004;53267;2004
3063;2004;2015;2004
5432;2004;3105;2004
6134;2004;4736;2004
9575;2004;7122;2004
2196;2004;116;2004
7314;2004;825;2004
9305;2004;1911;2004
5112;2004;1764;2004
0300;2004;422;2004
6666;2004;385;2004
2369;2004;24127;2004
1437;2004;834;2004
6433;2004;1476;2004
0106;2004;308;2004
9691;2004;474;2004
7412;2004;393;2004
2876;2004;3520;2004
7224;2004;2378;2004
9699;2004;362;2004
6768;2004;193;2004
9107;2004;1990;2004
8082;2004;1886;2004
4457;2004;3191;2004
4042;2004;82;2004
0629;2004;98;2004
7124;2004;1312;2004
1690;2004;2660;2004
8291;2004;553;2004
2005;2004;745;2004
2539;2004;873;2004
7390;2004;241;2004
8104;2004;1585;2004
2287;2004;236;2004
6562;2004;69;2004
5000;2004;1726;2004
2204;2004;2134;2004
0310;2004;1366;2004
7344;2004;3381;2004
9869;2004;2802;2004
3762;2004;1341;2004
1258;2004;95;2004
0258;2004;306;2004
2806;2004;698;2004
9056;2004;358;2004
0682;2004;282;2004
5111;2004;327;2004
4335;2004;647;2004
4386;2004;1224;2004
6796;2004;125;2004
9114;2004;1226;2004
9903;2004;562;2004
9818;2004;21967;2004
9330;2004;757;2004
2745;2004;1983;2004
8203;2004;4459;2004
5843;2004;612;2004
8403;2004;910;2004
6271;2004;738;2004
4303;2004;498;2004
1041;2004;235;2004
2211;2004;601;2004
6999;2004;1633;2004
9363;2004;296;2004
2358;2004;1994;2004
9934;2004;4212;2004
1919;2004;1995;2004
6758;2004;829;2004
3282;2004;893;2004
1826;2004;3338;2004
3029;2004;3010;2004
9261;2004;426;2004
5183;2004;432;2004
7070;2004;1019;2004
7055;2004;973;2004
8083;2004;451;2004
3592;2004;93;2004
4950;2004;1908;2004
0873;2004;74;2004
2693;2004;3019;2004
6797;2004;569;2004
4039;2004;398;2004
4249;2004;246;2004
8932;2004;324;2004
2140;2004;126;2004
9187;2004;5278;2004
5693;2004;353;2004
3102;2004;2002;2004
6214;2004;2847;2004
1856;2004;103;2004
0347;2004;1171;2004
3043;2004;981;2004
4774;2004;2847;2004
3146;2004;1142;2004
9229;2004;206;2004
2934;2004;311;2004
3851;2004;211;2004
0088;2004;483;2004
0306;2004;1980;2004
3739;2004;762;2004
3615;2004;501;2004
0562;2004;9882;2004
4700;2004;4220;2004
8436;2004;1074;2004
3520;2004;147;2004
8367;2004;170;2004
4212;2004;79;2004
0038;2004;2379;2004
8104;2004;550;2004
2988;2004;1480;2004
0152;2004;149;2004
4025;2004;1658;2004
6108;2004;2101;2004
2407;2004;692;2004
1492;2004;2853;2004
5076;2004;195;2004
3531;2004;1436;2004
5849;2004;400;2004
9004;2004;983;2004
9166;2004;949;2004
5091;2004;340;2004
5052;2004;518;2004
0742;2004;182;2004
3254;2004;1448;2004
6960;2004;717;2004
5902;2004;16073;2004
1392;2004;93;2004
9069;2004;1129;2004
8454;2004;189;2004
2618;2004;446;2004
5040;2004;2602;2004
7088;2004;2637;2004
1069;2004;2059;2004
4544;2004;2186;2004
0758;2004;2614;2004
5721;2004;4017;2004
1142;2004;1307;2004
7876;2004;20422;2004
3878;2004;215;2004
4979;2004;1943;2004
3908;2004;513;2004
8995;2004;345;2004
6012;2004;473;2004
6848;2004;400;2004
4155;2004;5914;2004
0935;2004;2809;2004
0956;2004;100;2004
2013;2004;2010;2004
1829;2004;219;2004
6453;2004;529;2004
3901;2004;694;2004
8226;2004;69;2004
5956;2004;760;2004
5253;2004;345;2004
1439;2004;2019;2004
3126;2004;952;2004
1017;2004;816;2004
9559;2004;162;2004
9200;2004;59;2004
4094;2004;1567;2004
1540;2004;522;2004
0563;2004;1317;2004
1320;2004;6376;2004
0688;2004;2146;2004
7363;2004;3112;2004
9415;2004;2090;2004
7324;2004;2902;2004
3523;2004;5511;2004
7884;2004;785;2004
4958;2004;1452;2004
1692;2004;730;2004
0672;2004;472;2004
0900;2004;577;2004
4484;2004;1659;2004
5399;2004;470;2004
8608;2004;989;2004
4124;2004;643;2004
3734;2004;72047;2004
4341;2004;398;2004
0660;2004;989;2004
2796;2004;334;2004
3430;2004;455;2004
9008;2004;375;2004
7621;2004;918;2004
1608;2004;2137;2004
7884;2004;1668;2004
2931;2004;1453;2004
7149;2004;1307;2004
8923;2004;511;2004
4326;2004;10225;2004
7214;2004;866;2004
0565;2004;314;2004
6480;2004;656;2004
8391;2004;630;2004
5648;2004;3720;2004
3374;2004;1233;2004
8622;2004;656;2004
0881;2004;2739;2004
2882;2004;306;2004
0662;2004;189;2004
1785;2004;1849;2004
5499;2004;942;2004
2039;2004;804;2004
6068;2004;3111;2004
6273;2004;398;2004
8477;2004;641;2004
5928;2004;454;2004
8123;2004;250;2004
6529;2004;612;2004
7779;2004;416;2004
4170;2004;234;2004
5045;2004;476;2004
7326;2004;1261;2004
0489;2004;307;2004
5226;2004;1636;2004
0824;2004;192;2004
0231;2004;291;2004
4766;2004;270;2004
3333;2004;641;2004
4254;2004;558;2004
3986;2004;504;2004
9433;2004;5911;2004
7086;2004;500;2004
9251;2004;954;2004
9270;2004;1555;2004
1300;2004;580;2004
2168;2004;755;2004
8846;2004;625;2004
4721;2004;669;2004
7037;2004;2087;2004
5026;2004;2103;2004
8219;2004;360;2004
3739;2004;304;2004
9251;2004;384;2004
1551;2004;419;2004
4357;2004;255;2004
3971;2004;1178;2004
2321;2004;2291;2004
1103;2004;948;2004
2057;2004;989;2004
4210;2004;3323;2004
3291;2004;811;2004
8550;2004;999;2004
5373;2004;366;2004
4969;2004;1000;2004
6348;2004;699;2004
1408;2004;1410;2004
4191;2004;2150;2004
1185;2004;1222;2004
4053;2004;231;2004
3631;2004;9971;2004
6170;2004;103;2004
0260;2004;457;2004
5630;2004;571;2004
0013;2004;598;2004
0820;2004;218;2004
1950;2004;696;2004
0036;2004;1956;2004
8582;2004;195;2004
0961;2004;1636;2004
7729;2004;865;2004
4172;2004;381;2004
1805;2004;547;2004
5631;2004;945;2004
5057;2004;472;2004
8377;2004;408;2004
9109;2004;1459;2004
8656;2004;8091;2004
1477;2004;125;2004
2094;2004;723;2004
6838;2004;1063;2004
8691;2004;1135;2004
3426;2004;616;2004
3277;2004;164;2004
4471;2004;285;2004
6804;2004;561;2004
2800;2004;165;2004
1173;2004;1696;2004
8030;2004;905;2004
5952;2004;200;2004
7599;2004;306;2004
0383;2004;2266;2004
1655;2004;700;2004
9754;2004;272;2004
7135;2004;986;2004
6530;2004;826;2004
8798;2004;3059;2004
9480;2004;5021;2004
1268;2004;396;2004
2863;2004;667;2004
8624;2004;1705;2004
2967;2004;19629;2004
2298;2004;355;2004
5659;2004;87360;2004
1455;2004;807;2004
2135;2004;786;2004
1382;2004;1024;2004
3280;2004;506;2004
1269;2004;414;2004
9166;2004;5797;2004
2375;2004;318;2004
6197;2004;1450;2004
0526;2004;1953;2004
7128;2004;1808;2004
3258;2004;426;2004
4397;2004;743;2004
8874;2004;168;2004
5936;2004;1822;2004
3977;2004;2007;2004
6034;2004;597;2004
7230;2004;1390;2004
5297;2004;2490;2004
6136;2004;1180;2004
0235;2004;339;2004
5293;2004;481;2004
6326;2004;604;2004
2493;2004;547;2004
4376;2004;764;2004
0619;2004;550;2004
4663;2004;1856;2004
0526;2004;1002;2004
7892;2004;324;2004
4833;2004;344;2004
3394;2004;925;2004
2551;2004;114;2004
0154;2004;462;2004
3413;2004;810;2004
1637;2004;874;2004
0104;2004;379;2004
2099;2004;35291;2004
9850;2004;914;2004
0373;2004;150;2004
8466;2004;1860;2004
0925;2004;3010;2004
7721;2004;882;2004
2089;2004;100;2004
4827;2004;404;2004
1282;2004;4418;2004
6600;2004;156;2004
9770;2004;1968;2004
5844;2004;509;2004
5776;2004;1526;2004
1106;2004;671;2004
4214;2004;5643;2004
4873;2004;409;2004
4466;2004;295;2004
5524;2004;542;2004
4427;2004;478;2004
7470;2004;346;2004
3008;2004;1602;2004
3002;2004;456;2004
6117;2004;1009;2004
8996;2004;356;2004
3874;2004;1080;2004
2191;2004;360;2004
4621;2004;215;2004
2762;2004;247;2004
8547;2004;809;2004
0138;2004;2399;2004
6148;2004;334;2004
7515;2004;471;2004
2861;2004;461;2004
4310;2004;498;2004
5649;2004;1451;2004
9336;2004;718;2004
0573;2004;1921;2004
5332;2004;1676;2004
7684;2004;1241;2004
1542;2004;793;2004
7165;2004;725;2004
2797;2004;128;2004
2764;2004;4515;2004
4494;2004;696;2004
3863;2004;375;2004
0802;2004;318;2004
9428;2004;555;2004
8021;2004;308;2004
5485;2004;754;2004
5358;2004;824;2004
8759;2004;1220;2004
0350;2004;126;2004
2319;2004;1499;2004
7375;2004;1238;2004
1998;2004;188;2004
2357;2004;1370;2004
5040;2004;2096;2004
7527;2004;686;2004
6941;2004;1113;2004
5408;2004;226;2004
5184;2004;246;2004
0326;2004;197;2004
6176;2004;629;2004
7473;2004;332;2004
3756;2004;315;2004
7241;2004;679;2004
4867;2004;357;2004
5982;2004;564;2004
4513;2004;318;2004
8515;2004;375;2004
7049;2004;1580;2004
9523;2004;453;2004
2197;2004;698;2004
2943;2004;688;2004
3104;2004;1541;2004
1948;2004;27436;2004
4629;2004;1412;2004
4278;2004;549;2004
5707;2004;267;2004
6908;2004;146;2004
0996;2004;447;2004
5434;2004;724;2004
3723;2004;11579;2004
3665;2004;1250;2004
1834;2004;1561;2004
4198;2004;251;2004
7376;2004;634;2004
5365;2004;765;2004
2811;2004;1085;2004
4645;2004;1332;2004
9973;2004;950;2004
6455;2004;797;2004
4427;2004;394;2004
7049;2004;3843;2004
9177;2004;1559;2004
9679;2004;714;2004
6495;2004;419;2004
0281;2004;1215;2004
0840;2004;397;2004
1766;2004;4825;2004
9724;2004;541;2004
0071;2004;2063;2004
1651;2004;1352;2004
7338;2004;1735;2004
5153;2004;651;2004
0516;2004;1466;2004
0734;2004;384;2004
5887;2004;175;2004
4612;2004;1412;2004
1543;2004;204;2004
2799;2004;1677;2004
5754;2004;452;2004
9156;2004;4245;2004
5706;2004;599;2004
1156;2004;1303;2004
6916;2004;4644;2004
8925;2004;610;2004
7065;2004;431;2004
7430;2004;437;2004
8532;2004;1180;2004
8426;2004;634;2004
9488;2004;6020;2004
3194;2004;1284;2004
1681;2004;1851;2004
5538;2004;1667;2004
9533;2004;229;2004
8545;2004;1194;2004
9542;2004;333;2004
9132;2004;2166;2004
2889;2004;2076;2004
2111;2004;1494;2004
0350;2004;583;2004
2664;2004;833;2004
7960;2004;859;2004
0894;2004;1382;2004
8666;2004;25662;2004
6032;2004;277;2004
2192;2004;686;2004
3854;2004;20299;2004
2934;2004;1081;2004
7258;2004;1124;2004
6455;2004;2161;2004
3073;2004;2959;2004
6091;2004;511;2004
4744;2004;931;2004
8689;2004;335;2004
5563;2004;1765;2004
0672;2004;760;2004
5618;2004;1172;2004
4829;2004;1188;2004
2458;2004;168;2004
1827;2004;762;2004
9640;2004;246;2004
8080;2004;580;2004
3923;2004;33917;2004
8405;2004;1306;2004
3596;2004;849;2004
6166;2004;368;2004
4208;2004;1316;2004
2436;2004;1974;2004
0314;2004;140;2004
0905;2004;245;2004
5133;2004;964;2004
2621;2004;852;2004
9864;2004;714;2004
1589;2004;591;2004
5415;2004;927;2004
5283;2004;95;2004
7924;2004;676;2004
4401;2004;416;2004
8619;2004;2322;2004
6811;2004;4832;2004
0426;2004;1466;2004
6059;2004;2905;2004
9801;2004;2666;2004
2542;2004;415;2004
2330;2004;228;2004
5692;2004;478;2004
1159;2004;1697;2004
7128;2004;411;2004
1716;2004;475;2004
9833;2004;1328;2004
3034;2004;2896;2004
5174;2004;311;2004
6500;2004;796;2004
6384;2004;1161;2004
0381;2004;580;2004
3781;2004;395;2004
6103;2004;1373;2004
0120;2004;975;2004
9365;2004;206;2004
9427;2004;1907;2004
6666;2004;765;2004
5491;2004;506;2004
7597;2004;1785;2004
6277;2004;1961;2004
3544;2004;2712;2004
4825;2004;162;2004
5598;2004;203;2004
2673;2004;458;2004
3295;2004;1441;2004
5619;2004;192;2004
7533;2004;743;2004
9214;2004;3937;2004
4018;2004;964;2004
0520;2004;3222;2004
8306;2004;127;2004
3385;2004;199;2004
6410;2004;890;2004
7364;2004;3144;2004
3872;2004;367;2004
3858;2004;1212;2004
4576;2004;328;2004
4207;2004;221;2004
1772;2004;2786;2004
8769;2004;392;2004
5721;2004;4801;2004
2810;2004;4471;2004
4629;2004;538;2004
4757;2004;183;2004
4468;2004;630;2004
2147;2004;177;2004
1501;2004;2197;2004
3546;2004;1310;2004
3607;2004;2625;2004
7980;2004;1151;2004
6268;2004;451;2004
9364;2004;591;2004
0628;2004;202;2004
0925;2004;119;2004
1429;2004;382;2004
1000;2004;1253;2004
3196;2004;285;2004
6456;2004;10478;2004
9399;2004;468;2004
4357;2004;867;2004
9447;2004;5303;2004
4709;2004;301;2004
2910;2004;180;2004
8605;2004;1082;2004
9282;2004;356;2004
7924;2004;1244;2004
5850;2004;1166;2004
8569;2004;274;2004
5068;2004;576;2004
0919;2004;488;2004
3931;2004;1148;2004
8809;2004;557;2004
5548;2004;291;2004
5190;2004;767;2004
3343;2004;625;2004
1136;2004;2000;2004
6729;2004;6144;2004
9118;2004;1056;2004
2846;2004;2013;2004
7953;2004;1231;2004
3823;2004;40108;2004
3465;2004;715;2004
8968;2004;269;2004
6911;2004;229;2004
0473;2004;746;2004
7127;2004;372;2004
0261;2004;136;2004
8375;2004;239;2004
4462;2004;3405;2004
2994;2004;877;2004
2246;2004;580;2004
5045;2004;1419;2004
2304;2004;949;2004
3802;2004;868;2004
3127;2004;2164;2004
2099;2004;634;2004
8026;2004;503;2004
8563;2004;557;2004
3683;2004;392;2004
0712;2004;2782;2004
2848;2004;267;2004
8532;2004;3102;2004
3071;2004;1217;2004
2886;2004;1382;2004
9578;2004;52595;2004
6886;2004;2208;2004
8705;2004;326;2004
4660;2004;808;2004
3583;2004;13134;2004
9254;2004;218;2004
6060;2004;412;2004
8808;2004;1259;2004
6815;2004;7183;2004
1513;2004;418;2004
7256;2004;24494;2004
4645;2004;292;2004
5157;2004;478;2004
2440;2004;10777;2004
5752;2004;22978;2004
2458;2004;5689;2004
6771;2004;10774;2004
2966;2004;2179;2004
7987;2004;7079;2004
0930;2004;600;2004
2733;2004;581;2004
7924;2004;641;2004
6899;2004;1189;2004
3521;2004;2215;2004
3910;2004;5239;2004
7326;2004;2248;2004
4709;2004;445;2004
4026;2004;13344;2004
6034;2004;1502;2004
7456;2004;1586;2004
4005;2004;5702;2004
4707;2004;787;2004
7042;2004;299;2004
1432;2004;195;2004
5606;2004;5396;2004
9617;2004;3723;2004
1527;2004;5617;2004
2726;2004;1749;2004
4065;2004;1054;2004
8152;2004;1974;2004
7277;2004;257;2004
5253;2004;11894;2004
0314;2004;1183;2004
2237;2004;909;2004
7021;2004;439;2004
7242;2004;2082;2004
4313;2004;11002;2004
5718;2004;781;2004
7301;2004;1299;2004
8506;2004;139;2004
9575;2004;3292;2004
2979;2004;528;2004
2226;2004;879;2004
1779;2004;234;2004
6683;2004;2947;2004
1897;2004;217;2004
3129;2004;847;2004
4541;2004;1219;2004
1735;2004;455;2004
3321;2004;958;2004
4461;2004;829;2004
8780;2004;8712;2004
6453;2004;595;2004
9456;2004;859;2004
9184;2004;7175;2004
5972;2004;573;2004
7067;2004;708;2004
6560;2004;1848;2004
2710;2004;60021;2004
0198;2004;3915;2004
6807;2004;3048;2004
8062;2004;803;2004
2868;2004;218;2004
9651;2004;2252;2004
4468;2004;2261;2004
1688;2004;839;2004
7846;2004;8208;2004
9616;2004;13588;2004
9151;2004;404;2004
7617;2004;722;2004
8914;2004;2098;2004
8072;2004;328;2004
2972;2004;11550;2004
9322;2004;2233;2004
2766;2004;2628;2004
4242;2004;4613;2004
5133;2004;2028;2004
0618;2004;5946;2004
0653;2004;5641;2004
7402;2004;3080;2004
9059;2004;7510;2004
4580;2004;3401;2004
8222;2004;6307;2004
0656;2004;3133;2004
7499;2004;1596;2004
6951;2004;3788;2004
2310;2004;27663;2004
2837;2004;2520;2004
7229;2004;9077;2004
0821;2004;5310;2004
0024;2004;254;2004
7249;2004;614;2004
5252;2004;1799;2004
2539;2004;118;2004
6165;2004;480;2004
1627;2004;298;2004
9072;2004;608185;2004
8714;2004;186;2004
9693;2004;1508;2004
8763;2004;13059;2004
7100;2004;2240;2004
7183;2004;490;2004
5078;2004;1529;2004
4412;2004;4030;2004
9341;2004;2611;2004
6498;2004;1410;2004
2743;2004;3553;2004
2716;2004;2599;2004
6107;2004;2784;2004
6787;2004;257;2004
7247;2004;1994;2004
5215;2004;2335;2004
2369;2004;989;2004
9885;2004;617;2004
5565;2004;2481;2004
5311;2004;548;2004
9310;2004;174;2004
6136;2004;29755;2004
7715;2004;10316;2004
7189;2004;1192;2004
1128;2004;4392;2004
8080;2004;88;2004
5932;2004;2968;2004
0827;2004;539;2004
5747;2004;2473;2004
0448;2004;10201;2004
9016;2004;5911;2004
7704;2004;1249;2004
7441;2004;3151;2004
2045;2004;7869;2004
6163;2004;18586;2004
0661;2004;4244;2004
5371;2004;610;2004
0146;2004;2201;2004
1384;2004;561;2004
6331;2004;2291;2004
6706;2004;759;2004
4259;2004;489;2004
7940;2004;2524;2004
1733;2004;4503;2004
5379;2004;10066;2004
9450;2004;2232;2004
5662;2004;7473;2004
1896;2004;957;2004
3368;2004;990;2004
9014;2004;1207;2004
7545;2004;1161;2004
7916;2004;654;2004
8633;2004;525;2004
0171;2004;7924;2004
0856;2004;1478;2004
2703;2004;5810;2004
2599;2004;722;2004
3922;2004;91737;2004
0078;2004;10824;2004
8140;2004;5607;2004
4273;2004;685;2004
9431;2004;1577;2004
8558;2004;8451;2004
7461;2004;657;2004
1382;2004;3985;2004
7633;2004;3392;2004
2664;2004;1753;2004
6636;2004;861;2004
8524;2004;8332;2004
5146;2004;20090;2004
7759;2004;1521;2004
5883;2004;2234;2004
2985;2004;1041;2004
3713;2004;7358;2004
7008;2004;509;2004
7953;2004;410;2004
8821;2004;4927;2004
7261;2004;5728;2004
1519;2004;9722;2004
5059;2004;4653;2004
5062;2004;4035;2004
1722;2004;711;2004
9232;2004;1722;2004
5157;2004;1395;2004
5636;2004;660;2004
4320;2004;2395;2004
4769;2004;5042;2004
0169;2004;8754;2004
5653;2004;3125;2004
0300;2004;4021;2004
0382;2004;2077;2004
8461;2004;3255;2004
2924;2004;758;2004
1820;2004;1703;2004
9547;2004;1016;2004
3508;2004;880;2004
1189;2004;1208;2004
6200;2004;1027;2004
9058;2004;1133;2004
5128;2004;3276;2004
6598;2004;77561;2004
2718;2004;1748;2004
7280;2004;1629;2004
2635;2004;7550;2004
1414;2004;4447;2004
1269;2004;2587;2004
4234;2004;12782;2004
2131;2004;5790;2004
4002;2004;12807;2004
7494;2004;4758;2004
5879;2004;2467;2004
3228;2004;1255;2004
0381;2004;3954;2004
9092;2004;5333;2004
3442;2004;20706;2004
9547;2004;581;2004
9300;2004;14647;2004
9821;2004;566;2004
7509;2004;1279;2004
7907;2004;2016;2004
9003;2004;7897;2004
7590;2004;5132;2004
3176;2004;4896;2004
0035;2004;816;2004
1336;2004;9051;2004
1074;2004;3810;2004
9838;2004;2008;2004
8440;2004;4681;2004
6874;2004;1016;2004
5554;2004;2568;2004
5510;2004;770;2004
4407;2004;598;2004
1837;2004;3266;2004
5438;2004;2965;2004
0591;2004;2662;2004
8543;2004;200;2004
5272;2004;3217;2004
9590;2004;1526;2004
0684;2004;2726;2004
3987;2004;1378;2004
4905;2004;176;2004
6809;2004;10698;2004
6579;2004;6675;2004
5265;2004;657;2004
9787;2004;48464;2004
2312;2004;825;2004
9434;2004;9390;2004
8643;2004;4509;2004
6747;2004;2716;2004
7868;2004;9244;2004
6600;2004;3657;2004
4363;2004;2473;2004
1580;2004;5006;2004
4806;2004;7841;2004
6957;2004;2001;2004
0456;2004;1217;2004
4338;2004;833;2004
3478;2004;9891;2004
9097;2004;4828;2004
8742;2004;4882;2004
4421;2004;5357;2004
5306;2004;8876;2004
1698;2004;3155;2004
8367;2004;4351;2004
2406;2004;11782;2004
7041;2004;1102;2004
0057;2004;14015;2004
0683;2004;1381;2004
2782;2004;2024;2004
7726;2004;1262;2004
0116;2004;15817;2004
4904;2004;3333;2004
8464;2004;6226;2004
8580;2004;295;2004
8082;2004;295;2004
4816;2004;1761;2004
8832;2004;1323;2004
1012;2004;1276;2004
5105;2004;1796;2004
6025;2004;4267;2004
2356;2004;4464;2004
7451;2004;4416;2004
2065;2004;11406;2004
9147;2004;6777;2004
7246;2004;843;2004
5175;2004;553;2004
4711;2004;252;2004
3374;2004;3063;2004
3750;2004;2451;2004
4481;2004;981;2004
7630;2004;1171;2004
4389;2004;2932;2004
0139;2004;15696;2004
0575;2004;37225;2004
0379;2004;10245;2004
0347;2004;4150;2004
9318;2004;5630;2004
5053;2004;16336;2004
7498;2004;6033;2004
6311;2004;3364;2004
6351;2004;2271;2004
4775;2004;16141;2004
5968;2004;3489;2004
0620;2004;280;2004
7363;2004;9860;2004
4185;2004;1495;2004
3321;2004;2240;2004
8657;2004;81085;2004
0848;2004;7236;2004
2078;2004;317;2004
8789;2004;6005;2004
7338;2004;6876;2004
7832;2004;8711;2004
2627;2004;5177;2004
6058;2004;456;2004
2206;2004;1347;2004
3792;2004;6072;2004
9506;2004;3994;2004
8386;2004;2365;2004
9921;2004;1128;2004
5896;2004;4841;2004
2401;2004;1671;2004
8076;2004;7237;2004
1121;2004;638;2004
6231;2004;4502;2004
5106;2004;3377;2004
7081;2004;579;2004
6808;2004;2997;2004
5853;2004;314;2004
8047;2004;2398;2004
1194;2004;4371;2004
6705;2004;1533;2004
5601;2004;273;2004
4718;2004;1274;2004
1737;2004;5507;2004
8334;2004;1886;2004
9720;2004;451;2004
0252;2004;1737;2004
7733;2004;3265;2004
1784;2004;7078;2004
1931;2004;6921;2004
5169;2004;404;2004
5295;2004;1987;2004
6757;2004;2193;2004
2534;2004;35970;2004
1053;2004;4997;2004
7176;2004;5252;2004
9442;2004;1236;2004
9237;2004;2777;2004
1719;2004;4062;2004
7329;2004;2842;2004
1514;2004;5706;2004
9963;2004;393;2004
8896;2004;1762;2004
2221;2004;4601;2004
5073;2004;2530;2004
9723;2004;1334;2004
6220;2004;806;2004
4466;2004;812;2004
6881;2004;2806;2004
9748;2004;293;2004
5479;2004;552;2004
1831;2004;8699;2004
2813;2004;7059;2004
6263;2004;2039;2004
3781;2004;644;2004
9034;2004;549;2004
6171;2004;557;2004
1169;2004;80547;2004
5288;2004;1190;2004
1917;2004;770;2004
1382;2004;767;2004
9305;2004;3181;2004
6466;2004;249;2004
6082;2004;598;2004
2764;2004;1441;2004
0436;2004;3488;2004
4878;2004;289;2004
9512;2004;1083;2004
8017;2004;16808;2004
9372;2004;2565;2004
5230;2004;1243;2004
1414;2004;3570;2004
3603;2004;2719;2004
9561;2004;4846;2004
2395;2004;8709;2004
7547;2004;968;2004
1256;2004;960;2004
4830;2004;252;2004
4163;2004;2147;2004
8250;2004;2914;2004
8991;2004;1277;2004
8403;2004;2657;2004
5458;2004;724;2004
9052;2004;5269;2004
9873;2004;8234;2004
1961;2004;949;2004
6825;2004;515;2004
8360;2004;2203;2004
0408;2004;1346;2004
5331;2004;391;2004
9352;2004;1812;2004
7039;2004;2094;2004
5636;2004;2566;2004
2977;2004;5765;2004
1337;2004;206;2004
0364;2004;4047;2004
4770;2004;8182;2004
6045;2004;1535;2004
1613;2004;2510;2004
6988;2004;4903;2004
8854;2004;2158;2004
9255;2004;10015;2004
0815;2004;560;2004
8027;2004;21592;2004
2885;2004;3486;2004
7701;2004;3173;2004
2814;2004;3883;2004
3255;2004;1015;2004
8974;2004;1765;2004
7270;2004;2009;2004
2230;2004;4542;2004
0152;2004;272;2004
5169;2004;2599;2004
6815;2004;7381;2004
7055;2004;1061;2004
0301;2004;1303;2004
9209;2004;2945;2004
9644;2004;10865;2004
6880;2004;2188;2004
4607;2004;2465;2004
3421;2004;973;2004
2138;2004;1702;2004
5747;2004;219;2004
9935;2004;950;2004
7955;2004;1037;2004
5334;2004;293;2004
9040;2004;836;2004
0749;2004;866;2004
8112;2004;263;2004
3802;2004;4099;2004
6400;2004;4306;2004
2991;2004;949;2004
2026;2004;1250;2004
9165;2004;434;2004
0752;2004;290;2004
5208;2004;1110;2004
0864;2004;1649;2004
5680;2004;6716;2004
5316;2004;5763;2004
7342;2004;631;2004
5077;2004;1104;2004
2137;2004;1606;2004
0917;2004;4259;2004
9930;2004;391;2004
1171;2004;950;2004
7868;2004;3010;2004
0937;2004;2361;2004
2332;2004;1169;2004
7425;2004;711;2004
2943;2004;668;2004
9054;2004;5521;2004
5288;2004;1221;2004
8070;2004;1327;2004
9091;2004;222;2004
2824;2004;8311;2004
7844;2004;4002;2004
6474;2004;2577;2004
1320;2004;2675;2004
6115;2004;205;2004
7405;2004;1646;2004
8606;2004;271;2004
1517;2004;2436;2004
0078;2004;725;2004
7469;2004;3923;2004
8680;2004;6827;2004
5952;2004;212;2004
7866;2004;1822;2004
3743;2004;395;2004
3462;2004;3144;2004
7750;2004;569;2004
3652;2004;1618;2004
1442;2004;3207;2004
2215;2004;150;2004
5948;2004;4284;2004
1065;2004;1241;2004
4214;2004;4054;2004
7070;2004;2071;2004
9723;2004;1001;2004
4884;2004;1070;2004
3122;2004;1553;2004
0700;2004;692;2004
0329;2004;1554;2004
4204;2004;478;2004
6854;2004;719;2004
7709;2004;7212;2004
5975;2004;2702;2004
7567;2004;2494;2004
0707;2004;358;2004
1361;2004;1058;2004
8352;2004;1479;2004
9901;2004;5197;2004
7335;2004;383;2004
5560;2004;3024;2004
4967;2004;3268;2004
7991;2004;555;2004
8975;2004;873;2004
5951;2004;652;2004
4263;2004;236;2004
4131;2004;1766;2004
9158;2004;4795;2004
1233;2004;1652;2004
6544;2004;600;2004
1650;2004;1435;2004
2927;2004;5269;2004
4605;2004;674;2004
7844;2004;700;2004
3244;2004;1078;2004
4294;2004;993;2004
4612;2004;41;2004
1455;2004;1655;2004
9738;2004;2994;2004
4021;2004;11354;2004
7437;2004;1699;2004
2997;2004;47;2004
6867;2004;1264;2004
7998;2004;2292;2004
2534;2004;1932;2004
8988;2004;1861;2004
7265;2004;2218;2004
5844;2004;620;2004
7578;2004;2743;2004
0003;2004;297;2004
8248;2004;499;2004
8974;2004;2910;2004
8501;2004;450;2004
5235;2004;470;2004
4525;2004;4489;2004
8748;2004;21538;2004
6849;2004;104;2004
0512;2004;4633;2004
2737;2004;239;2004
3175;2004;4740;2004
3744;2004;9088;2004
2368;2004;890;2004
1463;2004;576;2004
3756;2004;2322;2004
0134;2004;2008;2004
7227;2004;3992;2004
5706;2004;3381;2004
0275;2004;2720;2004
7085;2004;973;2004
3774;2004;1101;2004
4053;2004;235;2004
5223;2004;1126;2004
7393;2004;3001;2004
7777;2004;29130;2004
2281;2004;13677;2004
4676;2004;2009;2004
9817;2004;4356;2004
8631;2004;5703;2004
4210;2004;5842;2004
2455;2004;16916;2004
5634;2004;19169;2004
3619;2004;10354;2004
0520;2004;7723;2004
3841;2004;16205;2004
7559;2004;6234;2004
5856;2004;3124;2004
4922;2004;8276;2004
5903;2004;3661;2004
5372;2004;6755;2004
9338;2004;8956;2004
1613;2004;2980;2004
7027;2004;14515;2004
7426;2004;1823;2004
8948;2004;11325;2004
8715;2004;7202;2004
6528;2004;4345;2004
1393;2004;37126;2004
9334;2004;14805;2004
3825;2004;26764;2004
6082;2004;5672;2004
4122;2004;32637;2004
9489;2004;1699;2004
0036;2004;26292;2004
4332;2004;4107;2004
8322;2004;4409;2004
7763;2004;4901;2004
5863;2004;8584;2004
9836;2004;12734;2004
7272;2004;1069;2004
1802;2004;5764;2004
5652;2004;1922;2004
2532;2004;12045;2004
0386;2004;4950;2004
8894;2004;17172;2004
4702;2004;7503;2004
2564;2004;2450;2004
3859;2004;13328;2004
2971;2004;3634;2004
5951;2004;5025;2004
6010;2004;17165;2004
2096;2004;12328;2004
3175;2004;1699;2004
1724;2004;10304;2004
3932;2004;6278;2004
0780;2004;5775;2004
2207;2004;28057;2004
0224;2004;4429;2004
1073;2004;14216;2004
9388;2004;23362;2004
5134;2004;34279;2004
7681;2004;12870;2004
7241;2004;71982;2004
6764;2004;3320;2004
9549;2004;7855;2004
3961;2004;47946;2004
1644;2004;2026;2004
4875;2004;14473;2004
6868;2004;14475;2004
4735;2004;18059;2004
0674;2004;20322;2004
8153;2004;9593;2004
4858;2004;2080;2004
3573;2004;32957;2004
9242;2004;7806;2004
4585;2004;3375;2004
0817;2004;19365;2004
6354;2004;4805;2004
7563;2004;37057;2004
4790;2004;2550;2004
2559;2004;8379;2004
9951;2004;27236;2004
7593;2004;6477;2004
2803;2004;22700;2004
5801;2004;18161;2004
4596;2004;2436;2004
1012;2004;1418;2004
1348;2004;8398;2004
2054;2004;9226;2004
0401;2004;7484;2004
9333;2004;24025;2004
3149;2004;6911;2004
6501;2004;55268;2004
9773;2004;14651;2004
1856;2004;6888;2004
2850;2004;32040;2004
4067;2004;3574;2004
2958;2004;36771;2004
4645;2004;8618;2004
1826;2004;6754;2004
9911;2004;23052;2004
2300;2004;8260;2004
2061;2004;5483;2004
3852;2004;2522;2004
3083;2004;21885;2004
0824;2004;11530;2004
9985;2004;16248;2004
8205;2004;18358;2004
6397;2004;3574;2004
3185;2004;3492;2004
6706;2004;1258127;2004
1093;2004;4535;2004
0966;2004;121166;2004
0014;2004;1197;2004
5128;2004;6932;2004
4764;2004;22146;2004
2583;2004;17438;2004
8760;2004;657;2004
8580;2004;22287;2004
4620;2004;20044;2004
8582;2004;3392;2004
6385;2004;13245;2004
8844;2004;3724;2004
9857;2004;3931;2004
9731;2004;1331;2004
1049;2004;45936;2004
6200;2004;5516;2004
2925;2004;24344;2004
8210;2004;10211;2004
9782;2004;10279;2004
2212;2004;21143;2004
6624;2004;8719;2004
9138;2004;15500;2004
0936;2004;32287;2004
7848;2004;8187;2004
1648;2004;3831;2004
1394;2004;7558;2004
0744;2004;5908;2004
9065;2004;3849;2004
0299;2004;13260;2004
2430;2004;50173;2004
9267;2004;4704;2004
7842;2004;6428;2004
0738;2004;4192;2004
1611;2004;2523;2004
9685;2004;3205;2004
6816;2004;5173;2004
2429;2004;37741;2004
5050;2004;7502;2004
8762;2004;32298;2004
2001;2004;6306;2004
8285;2004;33022;2004
9662;2004;3870;2004
5010;2004;8009;2004
2354;2004;3796;2004
7529;2004;10696;2004
4880;2004;32941;2004
5956;2004;19770;2004
0449;2004;39594;2004
6996;2004;79527;2004
4264;2004;6456;2004
7190;2004;17572;2004
4024;2004;19585;2004
6760;2004;12803;2004
2630;2004;7315;2004
2018;2004;3444;2004
4356;2004;3968;2004
7662;2004;18773;2004
0534;2004;12007;2004
9374;2004;2484;2004
3930;2004;8072;2004
9837;2004;4824;2004
5188;2004;7471;2004
7508;2004;9131;2004
0499;2004;7656;2004
1545;2004;6894;2004
8480;2004;12597;2004
9793;2004;7683;2004
5554;2004;4347;2004
5334;2004;8944;2004
3090;2004;3534;2004
6542;2004;2598;2004
5517;2004;8190;2004
8647;2004;13161;2004
7166;2004;25533;2004
7483;2004;13747;2004
1334;2004;8216;2004
6505;2004;4087;2004
4278;2004;1185;2004
5779;2004;5543;2004
5513;2004;6109;2004
5630;2004;5070;2004
7607;2004;10732;2004
6055;2004;1980;2004
2249;2004;838;2004
3527;2004;7109;2004
8094;2004;17108;2004
0154;2004;5789;2004
6065;2004;5390;2004
7305;2004;5855;2004
6709;2004;12635;2004
2949;2004;2257;2004
7270;2004;2629;2004
3472;2004;4499;2004
4369;2004;3766;2004
3077;2004;2537;2004
6932;2004;194;2004
4898;2004;500;2004
3078;2004;7282;2004
2892;2004;461;2004
5491;2004;3904;2004
9806;2004;617;2004
0745;2004;4166;2004
0807;2004;1632;2004
2680;2004;742;2004
1447;2004;2396;2004
1066;2004;114302;2004
8641;2004;1184;2004
6704;2004;551;2004
2008;2004;92;2004
5912;2004;4652;2004
2082;2004;4671;2004
1510;2004;6940;2004
4678;2004;5874;2004
8306;2004;1079;2004
0906;2004;1019;2004
7727;2004;4816;2004
4653;2004;841;2004
1864;2004;774;2004
5358;2004;7608;2004
1319;2004;7121;2004
2698;2004;4304;2004
1106;2004;4909;2004
1425;2004;108;2004
9947;2004;4522;2004
0832;2004;5272;2004
6677;2004;5021;2004
3336;2004;8016;2004
7239;2004;3623;2004
9440;2004;593;2004
2162;2004;3841;2004
6789;2004;1280;2004
7811;2004;7568;2004
7838;2004;2930;2004
3883;2004;14766;2004
8209;2004;3904;2004
1535;2004;387;2004
5891;2004;4366;2004
1132;2004;3616;2004
1746;2004;3627;2004
6219;2004;3325;2004
6773;2004;117;2004
1527;2004;9210;2004
7066;2004;2681;2004
5001;2004;3381;2004
5891;2004;1475;2004
6516;2004;1903;2004
0244;2004;1459;2004
9724;2004;2264;2004
6167;2004;2946;2004
5992;2004;4043;2004
0705;2004;1534;2004
5456;2004;2861;2004
8847;2004;5330;2004
8160;2004;5844;2004
3074;2004;5203;2004
7280;2004;5043;2004
1901;2004;8440;2004
6268;2004;1149;2004
5187;2004;9871;2004
7485;2004;1625;2004
4452;2004;3428;2004
5017;2004;971;2004
3490;2004;1751;2004
2228;2004;2999;2004
2120;2004;653;2004
6740;2004;8618;2004
9435;2004;3522;2004
4135;2004;2567;2004
7049;2004;7490;2004
4071;2004;286;2004
8075;2004;22313;2004
5582;2004;1020;2004
0715;2004;3254;2004
1452;2004;1641;2004
7815;2004;7412;2004
0407;2004;1187;2004
4232;2004;2884;2004
2877;2004;1167;2004
0600;2004;3058;2004
7969;2004;3762;2004
9290;2004;680;2004
1428;2004;209;2004
8683;2004;3113;2004
0447;2004;2920;2004
2797;2004;239;2004
1342;2004;1085;2004
0319;2004;5686;2004
1267;2004;1423;2004
1962;2004;956;2004
4134;2004;4995;2004
1680;2004;384;2004
5881;2004;5039;2004
6976;2004;4867;2004
5201;2004;5482;2004
0001;2004;1761;2004
7413;2004;5823;2004
0692;2004;1258;2004
7773;2004;815;2004
9408;2004;6604;2004
8327;2004;201;2004
0586;2004;683;2004
1559;2004;4095;2004
6909;2004;4892;2004
7383;2004;679;2004
5315;2004;3371;2004
7896;2004;798;2004
9170;2004;5478;2004
0469;2004;2210;2004
4846;2004;788;2004
0689;2004;3585;2004
6702;2004;5813;2004
0512;2004;9050;2004
8383;2004;232;2004
1053;2004;2873;2004
3564;2004;195;2004
7535;2004;1068;2004
8156;2004;2626;2004
5627;2004;2462;2004
9226;2004;2609;2004
4646;2004;4078;2004
6417;2004;7194;2004
2348;2004;11120;2004
6274;2004;523;2004
8919;2004;1080;2004
3262;2004;193;2004
6636;2004;729;2004
7820;2004;795;2004
0766;2004;1692;2004
0963;2004;203;2004
1822;2004;4550;2004
5856;2004;11064;2004
2349;2004;1953;2004
0901;2004;3512;2004
9624;2004;3645;2004
7937;2004;5376;2004
2793;2004;2844;2004
8187;2004;364;2004
5999;2004;5286;2004
4799;2004;1830;2004
7022;2004;1403;2004
5451;2004;1007;2004
7653;2004;1217;2004
2378;2004;474;2004
4280;2004;96;2004
2861;2004;1371;2004
5898;2004;2068;2004
4816;2004;6845;2004
5512;2004;10196;2004
3776;2004;3137;2004
0976;2004;4645;2004
1983;2004;4365;2004
9556;2004;1841;2004
6248;2004;1107;2004
2817;2004;4640;2004
1151;2004;1512;2004
0748;2004;5978;2004
2202;2004;1167;2004
5213;2004;843;2004
8106;2004;3548;2004
3831;2004;16512;2004
3866;2004;485;2004
0675;2004;706;2004
0302;2004;860;2004
5339;2004;3601;2004
0260;2004;5098;2004
2465;2004;4815;2004
9533;2004;5042;2004
8036;2004;622;2004
0515;2004;3421;2004
6622;2004;5837;2004
6891;2004;8880;2004
9693;2004;1288;2004
8461;2004;2542;2004
5279;2004;2043;2004
5290;2004;21592;2004
3384;2004;2219;2004
7570;2004;1553;2004
9447;2004;667;2004
2123;2004;8467;2004
0350;2004;3753;2004
0217;2004;5172;2004
9670;2004;934;2004
6107;2004;4923;2004
3737;2004;11073;2004
8250;2004;1065;2004
5411;2004;3624;2004
1257;2004;585;2004
1707;2004;2239;2004
3025;2004;4606;2004
1225;2004;6023;2004
4838;2004;8055;2004
6904;2004;2155;2004
6241;2004;1090;2004
5138;2004;8730;2004
2198;2004;27043;2004
4874;2004;9381;2004
3451;2004;1305;2004
7782;2004;8692;2004
8899;2004;1201;2004
8028;2004;3574;2004
8905;2004;618;2004
7640;2004;149;2004
2302;2004;236;2004
3797;2004;413;2004
8975;2004;323;2004
2916;2004;247;2004
8218;2004;7131;2004
3439;2004;7083;2004
6945;2004;4790;2004
4483;2004;1093;2004
7561;2004;1077;2004
3097;2004;637;2004
9822;2004;4340;2004
4954;2004;6808;2004
6029;2004;6089;2004
1595;2004;1911;2004
0419;2004;6817;2004
0010;2004;1537;2004
4317;2004;2416;2004
9523;2004;7258;2004
2123;2004;9007;2004
2970;2004;964;2004
3232;2004;755;2004
2506;2004;268;2004
8484;2004;2238;2004
1788;2004;1630;2004
5464;2004;1504;2004
2895;2004;6763;2004
5546;2004;1885;2004
7523;2004;2425;2004
8313;2004;476;2004
5601;2004;2608;2004
0191;2004;3173;2004
5695;2004;2247;2004
3457;2004;11907;2004
2121;2004;3876;2004
3363;2004;2299;2004
4918;2004;1185;2004
4204;2004;2007;2004
4434;2004;10151;2004
5925;2004;2083;2004
4633;2004;1843;2004
9148;2004;2275;2004
5442;2004;3663;2004
2870;2004;1455;2004
5299;2004;4974;2004
4199;2004;8225;2004
4960;2004;2765;2004
4824;2004;10045;2004
9887;2004;2370;2004
4114;2004;7474;2004
3801;2004;1303;2004
3567;2004;637;2004
9301;2004;4891;2004
3338;2004;190432;2004
8968;2004;626;2004
3082;2004;1807;2004
2958;2004;11721;2004
7369;2004;3140;2004
8272;2004;7809;2004
1074;2004;2421;2004
9465;2004;433;2004
9676;2004;4094;2004
6009;2004;8603;2004
8417;2004;11170;2004
1737;2004;7161;2004
1396;2004;5834;2004
4999;2004;8834;2004
2325;2004;9985;2004
3362;2004;1898;2004
6321;2004;6252;2004
3415;2004;10323;2004
0830;2004;1265;2004
5461;2004;4881;2004
5525;2004;631;2004
2989;2004;1941;2004
4642;2004;1015;2004
9592;2004;17881;2004
9309;2004;1649;2004
7130;2004;585;2004
3068;2004;2668;2004
0465;2004;7540;2004
2698;2004;4725;2004
4749;2004;2536;2004
7875;2004;7064;2004
4370;2004;3170;2004
0748;2004;13241;2004
9733;2004;6607;2004
6046;2004;2060;2004
2960;2004;1095;2004
0712;2004;14326;2004
3209;2004;4639;2004
2625;2004;25049;2004
9031;2004;4324;2004
2398;2004;7382;2004
3061;2004;4942;2004
0159;2004;2076;2004
8367;2004;7609;2004
5861;2004;4635;2004
3928;2004;2643;2004
6562;2004;11255;2004
7532;2004;3075;2004
7959;2004;10755;2004
8026;2004;16706;2004
3811;2004;2065;2004
2837;2004;5102;2004
0891;2004;15509;2004
8933;2004;1816;2004
6657;2004;429;2004
9347;2004;155;2004
4195;2004;8826;2004
3283;2004;3662;2004
8235;2004;665;2004
4516;2004;13402;2004
0239;2004;1097;2004
4987;2004;1761;2004
4335;2004;3200;2004
1954;2004;13456;2004
4707;2004;607;2004
2553;2004;526;2004
7425;2004;389;2004
7179;2004;24049;2004
0958;2004;1417;2004
1125;2004;183;2004
5281;2004;2805;2004
8941;2004;2090;2004
4567;2004;3296;2004
6274;2004;4164;2004
8839;2004;12962;2004
7392;2004;4291;2004
0348;2004;725;2004
9306;2004;3140;2004
7265;2004;10158;2004
4888;2004;1635;2004
6521;2004;1978;2004
0259;2004;568;2004
6051;2004;1772;2004
8908;2004;4033;2004
6613;2004;20648;2004
5181;2004;4385;2004
5067;2004;803;2004
0780;2004;2163;2004
2115;2004;10832;2004
1574;2004;1895;2004
4579;2004;3615;2004
3116;2004;3992;2004
5439;2004;1987;2004
0333;2004;3799;2004
8481;2004;3163;2004
7797;2004;955;2004
8683;2004;11565;2004
9376;2004;2379;2004
2902;2004;12120;2004
8578;2004;1430;2004
8085;2004;3868;2004
6080;2004;3509;2004
8656;2004;236;2004
0034;2004;1874;2004
0393;2004;17821;2004
1816;2004;3925;2004
1537;2004;681;2004
3907;2004;6396;2004
6134;2004;2736;2004
8177;2004;4047;2004
9152;2004;627;2004
1258;2004;706;2004
4894;2004;1630;2004
9450;2004;4009;2004
2274;2004;7931;2004
2011;2004;2709;2004
1195;2004;2329;2004
2734;2004;3564;2004
6432;2004;4626;2004
4051;2004;1835;2004
2070;2004;6768;2004
0859;2004;6420;2004
3278;2004;3260;2004
1622;2004;2722;2004
4524;2004;1534;2004
2623;2004;374;2004
9888;2004;5814;2004
1597;2004;6141;2004
8506;2004;951;2004
9716;2004;2945;2004
4527;2004;6077;2004
4624;2004;3192;2004
2063;2004;12668;2004
1323;2004;3994;2004
8906;2004;7989;2004
8207;2004;4319;2004
4184;2004;8614;2004
0941;2004;15106;2004
8454;2004;4844;2004
4472;2004;3455;2004
5869;2004;3328;2004
3045;2004;10208;2004
2156;2004;3190;2004
5028;2004;1793;2004
2531;2004;3814;2004
6790;2004;12309;2004
2669;2004;1114;2004
4711;2004;1533;2004
5719;2004;1601;2004
4273;2004;2979;2004
2462;2004;7088;2004
7734;2004;1594;2004
8920;2004;1211;2004
4396;2004;1689;2004
8075;2004;1395;2004
2585;2004;1012;2004
8545;2004;1295;2004
4393;2004;5538;2004
1714;2004;7446;2004
7358;2004;11727;2004
6938;2004;2085;2004
1019;2004;5115;2004
7332;2004;611;2004
6802;2004;3490;2004
8574;2004;1246;2004
1237;2004;245;2004
7595;2004;7877;2004
0635;2004;3922;2004
9638;2004;4353;2004
1472;2004;1400;2004
2195;2004;10148;2004
8650;2004;1260;2004
1011;2004;5205;2004
2649;2004;756;2004
2237;2004;1767;2004
2214;2004;7659;2004
6815;2004;1147;2004
3021;2004;4424;2004
3442;2004;884;2004
7558;2004;211;2004
3279;2004;482;2004
4487;2004;2480;2004
4849;2004;1608;2004
0572;2004;432;2004
6624;2004;657;2004
7453;2004;837;2004
3380;2004;1633;2004
7079;2004;186;2004
4914;2004;953;2004
1426;2004;333;2004
6977;2004;5714;2004
8636;2004;2506;2004
8364;2004;2244;2004
8094;2004;1388;2004
1043;2004;413;2004
6391;2004;1062;2004
9286;2004;1875;2004
8351;2004;623;2004
1504;2004;828;2004
8102;2004;885;2004
8309;2004;3367;2004
0078;2004;9138;2004
9837;2004;116;2004
4926;2004;797;2004
8967;2004;1628;2004
8097;2004;123;2004
8099;2004;1426;2004
7807;2004;1372;2004
6302;2004;451;2004
4774;2004;838;2004
8049;2004;2542;2004
7359;2004;7769;2004
7338;2004;6178;2004
2679;2004;745;2004
6617;2004;6470;2004
7809;2004;1036;2004
7444;2004;999;2004
2141;2004;634;2004
2591;2004;5804;2004
1232;2004;265;2004
5977;2004;1328;2004
3786;2004;220;2004
5598;2004;768;2004
8579;2004;3534;2004
4109;2004;1195;2004
4120;2004;3496;2004
8349;2004;1394;2004
0512;2004;5182;2004
9552;2004;956;2004
8096;2004;1665;2004
3401;2004;1432;2004
8710;2004;798;2004
1138;2004;751;2004
0907;2004;1999;2004
4393;2004;1092;2004
8242;2004;388;2004
6095;2004;428;2004
0766;2004;2727;2004
5665;2004;4429;2004
1708;2004;1136;2004
2478;2004;857;2004
8364;2004;414;2004
1744;2004;1293;2004
2313;2004;241;2004
7761;2004;271;2004
7030;2004;8835;2004
1760;2004;9320;2004
9957;2004;354;2004
4113;2004;1013;2004
7503;2004;4043;2004
6127;2004;2970;2004
4203;2004;245;2004
3452;2004;2446;2004
2160;2004;4252;2004
6414;2004;1108;2004
7000;2004;4792;2004
8212;2004;474;2004
3416;2004;1238;2004
1659;2004;2174;2004
7457;2004;159;2004
3585;2004;2450;2004
8204;2004;2200;2004
2533;2004;1481;2004
1177;2004;2157;2004
2895;2004;1090;2004
8943;2004;6975;2004
1371;2004;463;2004
0203;2004;1180;2004
0508;2004;532;2004
5106;2004;1445;2004
5559;2004;3303;2004
0651;2004;942;2004
7416;2004;1739;2004
4035;2004;568;2004
4139;2004;389;2004
9744;2004;307;2004
1883;2004;716;2004
4933;2004;1745;2004
2990;2004;735;2004
9694;2004;14427;2004
0764;2004;397;2004
3810;2004;824;2004
9101;2004;220;2004
9792;2004;1173;2004
8066;2004;2022;2004
1018;2004;323;2004
3011;2004;1778;2004
2680;2004;70606;2004
2072;2004;853;2004
1530;2004;922;2004
1053;2004;2183;2004
3960;2004;2629;2004
3078;2004;1580;2004
0903;2004;634;2004
9573;2004;861;2004
4798;2004;1431;2004
0134;2004;461;2004
4616;2004;1014;2004
6677;2004;1246;2004
9155;2004;4713;2004
5408;2004;6102;2004
8679;2004;547;2004
4966;2004;98;2004
7641;2004;239;2004
3647;2004;306;2004
7133;2004;857;2004
0510;2004;745;2004
5530;2004;687;2004
4116;2004;945;2004
4420;2004;794;2004
5512;2004;453;2004
4293;2004;768;2004
2547;2004;3581;2004
4521;2004;1201;2004
2907;2004;5135;2004
3323;2004;5900;2004
4207;2004;1890;2004
5912;2004;1603;2004
5572;2004;518;2004
8988;2004;587;2004
4715;2004;2597;2004
4973;2004;819;2004
8928;2004;542;2004
5419;2004;1836;2004
5741;2004;890;2004
7208;2004;262;2004
6711;2004;732;2004
7879;2004;5558;2004
8724;2004;1093;2004
2314;2004;539;2004
7819;2004;10870;2004
8479;2004;695;2004
2280;2004;1510;2004
6600;2004;605;2004
4934;2004;744;2004
9980;2004;340;2004
4385;2004;2096;2004
5020;2004;2952;2004
6271;2004;833;2004
0476;2004;3561;2004
8312;2004;1330;2004
4982;2004;3560;2004
1548;2004;673;2004
6826;2004;709;2004
8538;2004;219;2004
2357;2004;2210;2004
1612;2004;1398;2004
9834;2004;336;2004
6122;2004;3527;2004
1723;2004;116;2004
1961;2004;2588;2004
7086;2004;327;2004
4404;2004;1275;2004
1425;2004;4830;2004
3639;2004;57730;2004
8781;2004;77;2004
6085;2004;713;2004
7786;2004;2862;2004
4896;2004;1196;2004
4422;2004;38458;2004
7722;2004;137;2004
3999;2004;1149;2004
5293;2004;1354;2004
5828;2004;1159;2004
4037;2004;454;2004
3613;2004;467;2004
1915;2004;1276;2004
7500;2004;3013;2004
2161;2004;1234;2004
0775;2004;3263;2004
1983;2004;1953;2004
1210;2004;702;2004
3878;2004;4615;2004
9008;2004;1198;2004
1424;2004;600;2004
1071;2004;530;2004
6996;2004;1289;2004
9506;2004;1289;2004
6407;2004;697;2004
8381;2004;1811;2004
1471;2004;566;2004
1977;2004;487;2004
4543;2004;2327;2004
8750;2004;4009;2004
1935;2004;1721;2004
5180;2004;1102;2004
6570;2004;565;2004
4018;2004;1554;2004
5341;2004;14153;2004
2823;2004;1721;2004
7893;2004;615;2004
7877;2004;441;2004
0774;2004;8969;2004
8999;2004;5129;2004
7571;2004;365;2004
9178;2004;619;2004
1934;2004;1800;2004
9629;2004;860;2004
3600;2004;1188;2004
8526;2004;1042;2004
4080;2004;1438;2004
1284;2004;1656;2004
5182;2004;32925;2004
4818;2004;70860;2004
7577;2004;1244;2004
9370;2004;656;2004
7740;2004;421;2004
9906;2004;376;2004
6525;2004;3590;2004
7212;2004;528;2004
1938;2004;909;2004
6431;2004;1115;2004
7072;2004;977;2004
1013;2004;1716;2004
5732;2004;1096;2004
7178;2004;1029;2004
2763;2004;642;2004
2582;2004;1314;2004
2896;2004;1913;2004
2234;2004;2894;2004
4655;2004;1266;2004
1916;2004;1873;2004
7616;2004;2976;2004
8225;2004;1259;2004
9196;2004;1421;2004
3428;2004;2020;2004
3944;2004;2262;2004
1532;2004;874;2004
4664;2004;973;2004
5835;2004;5840;2004
1541;2004;940;2004
4890;2004;3037;2004
9619;2004;1463;2004
8208;2004;3752;2004
2953;2004;8246;2004
6081;2004;2943;2004
5434;2004;1511;2004
0166;2004;740;2004
9694;2004;3727;2004
7631;2004;2466;2004
7288;2004;1040;2004
4355;2004;1258;2004
8500;2004;1490;2004
0610;2004;6857;2004
4015;2004;1397;2004
8622;2004;805;2004
5383;2004;1456;2004
9563;2004;997;2004
7794;2004;3243;2004
9739;2004;452;2004
3332;2004;1971;2004
4011;2004;7220;2004
9631;2004;2207;2004
0470;2004;2691;2004
3647;2004;1061;2004
9264;2004;2079;2004
6828;2004;1483;2004
2144;2004;1659;2004
3799;2004;515;2004
0761;2004;1555;2004
7202;2004;633;2004
3092;2004;3228;2004
4937;2004;2884;2004
4254;2004;1020;2004
3201;2004;7542;2004
5681;2004;8891;2004
9595;2004;3192;2004
2090;2004;1577;2004
1073;2004;645;2004
0196;2004;6325;2004
2009;2004;1459;2004
9819;2004;455;2004
7693;2004;376;2004
1654;2004;527;2004
1215;2004;1840;2004
2196;2004;739;2004
9180;2004;2467;2004
0610;2004;1718;2004
1516;2004;3821;2004
6926;2004;4356;2004
4365;2004;3767;2004
1205;2004;602;2004
2425;2004;443;2004
0142;2004;2996;2004
4815;2004;9641;2004
2218;2004;5556;2004
0067;2004;1885;2004
0690;2004;3441;2004
0661;2004;888;2004
8219;2004;4035;2004
8664;2004;4560;2004
4259;2004;1339;2004
6958;2004;2250;2004
8495;2004;2444;2004
0306;2004;1588;2004
3399;2004;2627;2004
5751;2004;4401;2004
4042;2004;10566;2004
3392;2004;4930;2004
0224;2004;19864;2004
9096;2004;3796;2004
3082;2004;2535;2004
6487;2004;1140;2004
1670;2004;12821;2004
5305;2004;3287;2004
7729;2004;1582;2004
0314;2004;2658;2004
4871;2004;2454;2004
2204;2004;9911;2004
9966;2004;8519;2004
3783;2004;5468;2004
2002;2004;1792;2004
8062;2004;47531;2004
7890;2004;7070;2004
9126;2004;654;2004
0156;2004;7347;2004
7286;2004;3344;2004
8334;2004;5768;2004
0160;2004;4725;2004
7898;2004;2293;2004
8339;2004;6978;2004
5687;2004;6927;2004
7324;2004;914;2004
5877;2004;1729;2004
2586;2004;6454;2004
5518;2004;1680;2004
7187;2004;2031;2004
4430;2004;14481;2004
3788;2004;1276;2004
4355;2004;5801;2004
0358;2004;1390;2004
1481;2004;2507;2004
5452;2004;2678;2004
6105;2004;5152;2004
4216;2004;6844;2004
9847;2004;7999;2004
2701;2004;4332;2004
9405;2004;7568;2004
9671;2004;1750;2004
5304;2004;8180;2004
3852;2004;1191;2004
9393;2004;1843;2004
9551;2004;1228;2004
0443;2004;6529;2004
2015;2004;1737;2004
0834;2004;2537;2004
2712;2004;2286;2004
8966;2004;18432;2004
8411;2004;17487;2004
2882;2004;2066;2004
8397;2004;2090;2004
2024;2004;10468;2004
4845;2004;6875;2004
5642;2004;1674;2004
8331;2004;895;2004
0459;2004;380;2004
8938;2004;13064;2004
3240;2004;720;2004
1045;2004;3127;2004
6036;2004;1547;2004
1919;2004;96540;2004
1364;2004;630;2004
1440;2004;2070;2004
5765;2004;19011;2004
4802;2004;2374;2004
0587;2004;14097;2004
6620;2004;339;2004
6218;2004;7248;2004
3939;2004;2574;2004
0238;2004;4931;2004
7990;2004;2335;2004
1405;2004;6187;2004
7048;2004;1340;2004
7318;2004;2644;2004
0177;2004;4880;2004
5323;2004;3232;2004
1621;2004;2153;2004
0147;2004;608;2004
8833;2004;1257;2004
4115;2004;2392;2004
1891;2004;3307;2004
6161;2004;4565;2004
0870;2004;2380;2004
9202;2004;3089;2004
7661;2004;930;2004
2975;2004;2448;2004
5692;2004;2992;2004
9811;2004;1487;2004
2416;2004;875;2004
6231;2004;5002;2004
5937;2004;4211;2004
2737;2004;2408;2004
2114;2004;15514;2004
9142;2004;10240;2004
2586;2004;3775;2004
9038;2004;356;2004
3816;2004;1482;2004
8880;2004;1183;2004
4751;2004;4952;2004
2918;2004;2755;2004
8067;2004;2260;2004
8689;2004;872;2004
1192;2004;1530;2004
4986;2004;34601;2004
5542;2004;2574;2004
5522;2004;1596;2004
3774;2004;2214;2004
1965;2004;1641;2004
2569;2004;5133;2004
2859;2004;2613;2004
9595;2004;1876;2004
6846;2004;3658;2004
8163;2004;3343;2004
1710;2004;4619;2004
4018;2004;3313;2004
3951;2004;1327;2004
8555;2004;592;2004
3031;2004;205;2004
6269;2004;1600;2004
9030;2004;3232;2004
2454;2004;614;2004
3788;2004;276;2004
9478;2004;4110;2004
4705;2004;2770;2004
3640;2004;7121;2004
9928;2004;1198;2004
6500;2004;2719;2004
6357;2004;1159;2004
2044;2004;3165;2004
9557;2004;3142;2004
9165;2004;2835;2004
9627;2004;3401;2004
3362;2004;3474;2004
0272;2004;1718;2004
1274;2004;2934;2004
3091;2004;1569;2004
9080;2004;1780;2004
2586;2004;6660;2004
0264;2004;2693;2004
6841;2004;1483;2004
3162;2004;2558;2004
6073;2004;1404;2004
4033;2004;1911;2004
1451;2004;5864;2004
7006;2004;1876;2004
7111;2004;1305;2004
3421;2004;1655;2004
6350;2004;3787;2004
3835;2004;3210;2004
0589;2004;1840;2004
1711;2004;926;2004
6736;2004;2334;2004
6864;2004;988;2004
2975;2004;953;2004
2137;2004;2964;2004
8330;2004;832;2004
9881;2004;2871;2004
9410;2004;2671;2004
7911;2004;5630;2004
1114;2004;2130;2004
6058;2004;3175;2004
4021;2004;3734;2004
9626;2004;888;2004
2043;2004;1399;2004
0499;2004;1863;2004
1378;2004;5882;2004
8931;2004;2630;2004
9188;2004;1253;2004
7227;2004;823;2004
8562;2004;7975;2004
9643;2004;1483;2004
9704;2004;2973;2004
8495;2004;215;2004
3783;2004;1018;2004
2176;2004;15503;2004
8973;2004;4070;2004
0710;2004;4713;2004
4595;2004;1394;2004
7805;2004;292;2004
9369;2004;2035;2004
7339;2004;592;2004
7110;2004;439;2004
5358;2004;1091;2004
6740;2004;1574;2004
4527;2004;401;2004
3152;2004;351;2004
6493;2004;685;2004
1751;2004;687;2004
3570;2004;6532;2004
7002;2004;742;2004
8896;2004;587;2004
1411;2004;3767;2004
0138;2004;280;2004
1671;2004;740;2004
4579;2004;150;2004
6070;2004;618;2004
4078;2004;371;2004
8753;2004;1365;2004
3945;2004;1201;2004
8087;2004;1038;2004
4132;2004;2965;2004
1988;2004;1228;2004
0233;2004;748;2004
2778;2004;1456;2004
6839;2004;1643;2004
0102;2004;1840;2004
8188;2004;586;2004
5698;2004;948;2004
1224;2004;932;2004
8202;2004;508;2004
1004;2004;234;2004
8717;2004;624;2004
5588;2004;2161;2004
8276;2004;1409;2004
1431;2004;917;2004
3757;2004;3806;2004
4843;2004;972;2004
0280;2004;567;2004
2265;2004;2794;2004
3770;2004;237;2004
9628;2004;1785;2004
2251;2004;588;2004
5139;2004;419;2004
8070;2004;593;2004
2940;2004;386;2004
4976;2004;314;2004
6663;2004;3473;2004
1656;2004;6649;2004
2112;2004;716;2004
0249;2004;946;2004
3468;2004;790;2004
7370;2004;1508;2004
6375;2004;1571;2004
9892;2004;613;2004
6736;2004;586;2004
5107;2004;657;2004
1451;2004;439;2004
4701;2004;597;2004
1571;2004;227;2004
2634;2004;1159;2004
7723;2004;1173;2004
1145;2004;237;2004
5070;2004;447;2004
3367;2004;462;2004
9534;2004;3604;2004
6804;2004;564;2004
1293;2004;906;2004
4267;2004;819;2004
2822;2004;1045;2004
1495;2004;562;2004
9425;2004;456;2004
5765;2004;512;2004
6321;2004;3138;2004
6288;2004;1461;2004
2241;2004;1211;2004
6807;2004;355;2004
1251;2004;336;2004
8129;2004;2476;2004
3866;2004;750;2004
2578;2004;146;2004
3737;2004;2345;2004
7253;2004;470;2004
7271;2004;1214;2004
0919;2004;2492;2004
0786;2004;292;2004
4283;2004;188;2004
0549;2004;1286;2004
3161;2004;1111;2004
1781;2004;8052;2004
8283;2004;6719;2004
1428;2004;500;2004
2178;2004;906;2004
5775;2004;1456;2004
3726;2004;769;2004
1935;2004;298;2004
5277;2004;2168;2004
7283;2004;360;2004
0322;2004;106;2004
6281;2004;445;2004
3498;2004;877;2004
8409;2004;1633;2004
3530;2004;4812;2004
8790;2004;6232;2004
5916;2004;2622;2004
3273;2004;1520;2004
1156;2004;1136;2004
7605;2004;831;2004
2072;2004;284;2004
0838;2004;8775;2004
3814;2004;2404;2004
3042;2004;618;2004
8915;2004;1284;2004
6147;2004;1745;2004
4887;2004;1328;2004
9653;2004;875;2004
7464;2004;797;2004
2485;2004;787;2004
6050;2004;594;2004
6481;2004;183;2004
2113;2004;717;2004
2084;2004;1047;2004
3048;2004;1882;2004
3606;2004;799;2004
9782;2004;391;2004
3284;2004;17761;2004
8289;2004;1401;2004
9573;2004;582;2004
2335;2004;751;2004
3210;2004;3046;2004
2285;2004;2274;2004
9706;2004;1873;2004
8478;2004;360;2004
9648;2004;4394;2004
3732;2004;401;2004
8519;2004;207;2004
7873;2004;1446;2004
9063;2004;782;2004
3578;2004;1236;2004
7213;2004;15075;2004
4449;2004;577;2004
1279;2004;1322;2004
0833;2004;2563;2004
0030;2004;377;2004
7900;2004;1438;2004
2973;2004;371;2004
4144;2004;1576;2004
9843;2004;34352;2004
5800;2004;448;2004
8538;2004;824;2004
0575;2004;212;2004
9020;2004;515;2004
4054;2004;1127;2004
3158;2004;2538;2004
3639;2004;942;2004
8749;2004;946;2004
1898;2004;695;2004
9965;2004;1325;2004
7121;2004;1494;2004
8085;2004;298;2004
9186;2004;1259;2004
2839;2004;448;2004
7417;2004;688;2004
8220;2004;922;2004
2522;2004;546;2004
0586;2004;1158;2004
2000;2004;1247;2004
4709;2004;695;2004
1459;2004;1110;2004
9221;2004;4555;2004
3312;2004;493;2004
1754;2004;1459;2004
3136;2004;2689;2004
5406;2004;1864;2004
7473;2004;1907;2004
7162;2004;618;2004
1147;2004;917;2004
3011;2004;1833;2004
0464;2004;1565;2004
5661;2004;785;2004
3449;2004;330;2004
5887;2004;578;2004
5452;2004;2704;2004
8220;2004;1016;2004
1797;2004;697;2004
4464;2004;3543;2004
2845;2004;1215;2004
3885;2004;1423;2004
1927;2004;668;2004
7025;2004;1320;2004
5785;2004;1993;2004
8748;2004;108680;2004
6056;2004;660;2004
2870;2004;2283;2004
1374;2004;231;2004
3284;2004;532;2004
8673;2004;1410;2004
0686;2004;819;2004
2836;2004;1101;2004
6412;2004;1871;2004
2081;2004;690;2004
8035;2004;2023;2004
9514;2004;128;2004
8501;2004;1079;2004
8181;2004;1973;2004
5177;2004;458;2004
3126;2004;900;2004
1287;2004;3344;2004
0385;2004;834;2004
7401;2004;2843;2004
6859;2004;1663;2004
7466;2004;1613;2004
3048;2004;348;2004
8813;2004;2080;2004
2532;2004;5112;2004
4707;2004;1886;2004
7377;2004;5715;2004
9381;2004;2452;2004
3252;2004;6342;2004
4475;2004;2726;2004
2005;2004;1810;2004
9947;2004;2012;2004
9666;2004;1377;2004
7947;2004;3370;2004
2727;2004;13919;2004
9786;2004;1344;2004
5832;2004;2475;2004
2259;2004;18260;2004
2692;2004;6106;2004
3727;2004;6013;2004
3173;2004;7576;2004
6006;2004;5977;2004
9017;2004;4086;2004
7243;2004;10865;2004
4283;2004;9873;2004
9093;2004;4455;2004
2710;2004;1336;2004
2950;2004;15432;2004
0620;2004;2292;2004
8123;2004;8213;2004
8968;2004;7460;2004
9135;2004;1043;2004
7441;2004;3351;2004
9479;2004;2400;2004
1024;2004;1655;2004
9638;2004;830;2004
8895;2004;205;2004
2113;2004;3921;2004
3694;2004;3807;2004
6603;2004;5600;2004
4866;2004;10531;2004
0029;2004;5080;2004
8295;2004;10890;2004
6777;2004;2980;2004
6371;2004;6158;2004
1487;2004;6154;2004
2724;2004;24599;2004
2792;2004;3472;2004
6220;2004;2968;2004
7080;2004;1922;2004
6508;2004;4574;2004
0624;2004;4399;2004
4704;2004;7684;2004
8497;2004;5577;2004
4219;2004;16541;2004
7779;2004;8171;2004
1335;2004;3088;2004
7257;2004;7951;2004
6103;2004;1178;2004
0015;2004;2489;2004
7259;2004;14127;2004
2605;2004;8864;2004
5284;2004;6959;2004
3894;2004;2457;2004
4271;2004;2033;2004
1486;2004;3462;2004
8143;2004;5822;2004
6461;2004;2668;2004
1597;2004;1437;2004
5476;2004;2119;2004
6955;2004;3798;2004
7923;2004;18698;2004
4033;2004;5056;2004
0107;2004;22110;2004
5055;2004;3981;2004
7507;2004;13226;2004
2399;2004;584;2004
1170;2004;2811;2004
2357;2004;12573;2004
4999;2004;10568;2004
4247;2004;2508;2004
2390;2004;1345;2004
3352;2004;980;2004
7205;2004;6750;2004
8267;2004;13755;2004
1450;2004;14874;2004
5401;2004;3018;2004
5271;2004;2334;2004
2919;2004;2733;2004
3481;2004;4869;2004
9430;2004;2622;2004
9617;2004;12033;2004
9017;2004;798;2004
9132;2004;254642;2004
8803;2004;3936;2004
1820;2004;2686;2004
7626;2004;7328;2004
9886;2004;5502;2004
3406;2004;30406;2004
8687;2004;13016;2004
2271;2004;4627;2004
6952;2004;1311;2004
2104;2004;2061;2004
1451;2004;1466;2004
7234;2004;10571;2004
0823;2004;2303;2004
5682;2004;7550;2004
3952;2004;3446;2004
1801;2004;24614;2004
9478;2004;6580;2004
0656;2004;940;2004
4513;2004;4223;2004
0619;2004;41595;2004
8006;2004;5985;2004
7608;2004;8331;2004
5675;2004;6460;2004
4405;2004;2937;2004
1555;2004;3242;2004
8845;2004;10607;2004
7110;2004;2657;2004
4723;2004;1329;2004
0208;2004;9173;2004
0402;2004;1755;2004
6523;2004;852;2004
7387;2004;3449;2004
3773;2004;3572;2004
7394;2004;13255;2004
6203;2004;2688;2004
4364;2004;5841;2004
6142;2004;12486;2004
7093;2004;2632;2004
7905;2004;1057;2004
2166;2004;3473;2004
8538;2004;2254;2004
5597;2004;11367;2004
1320;2004;6038;2004
5389;2004;10834;2004
2052;2004;1579;2004
0164;2004;13588;2004
6059;2004;1939;2004
1746;2004;3908;2004
2088;2004;729;2004
8665;2004;2386;2004
9964;2004;3254;2004
9503;2004;809;2004
3690;2004;1755;2004
3030;2004;4306;2004
0137;2004;3540;2004
4789;2004;8431;2004
2335;2004;131;2004
7928;2004;242;2004
7740;2004;5543;2004
4419;2004;14844;2004
5640;2004;3768;2004
3375;2004;2913;2004
5230;2004;13233;2004
7101;2004;9210;2004
5289;2004;13246;2004
9572;2004;3360;2004
4433;2004;2570;2004
4752;2004;6039;2004
5400;2004;22458;2004
4203;2004;4834;2004
7485;2004;2900;2004
6436;2004;3208;2004
0598;2004;1785;2004
4385;2004;2084;2004
3147;2004;9240;2004
2945;2004;2975;2004
0343;2004;1720;2004
4308;2004;7216;2004
3508;2004;2500;2004
0933;2004;1052;2004
1513;2004;4972;2004
8795;2004;8607;2004
0846;2004;3208;2004
5914;2004;786;2004
0235;2004;1934;2004
9066;2004;8027;2004
6154;2004;4326;2004
6338;2004;690;2004
8407;2004;3019;2004
2548;2004;2649;2004
3965;2004;5002;2004
1490;2004;7142;2004
1258;2004;4007;2004
3490;2004;14335;2004
3153;2004;13198;2004
5969;2004;6974;2004
2499;2004;585;2004
1161;2004;1066;2004
9908;2004;8095;2004
4751;2004;1162;2004
1135;2004;1805;2004
1081;2004;1582;2004
2082;2004;5502;2004
1282;2004;3681;2004
8595;2004;5311;2004
9223;2004;5828;2004
0019;2004;2469;2004
2041;2004;38583;2004
8118;2004;1841;2004
8975;2004;4250;2004
6616;2004;5933;2004
9343;2004;11290;2004
7211;2004;21445;2004
9407;2004;608;2004
7397;2004;5786;2004
6734;2004;11297;2004
9575;2004;8157;2004
2163;2004;27421;2004
9490;2004;1469;2004
3406;2004;3568;2004
8111;2004;2000;2004
9041;2004;2411;2004
5254;2004;112019;2004
2249;2004;1978;2004
7801;2004;5764;2004
6562;2004;6333;2004
9709;2004;1371;2004
0441;2004;841;2004
7230;2004;6301;2004
7411;2004;4208;2004
5210;2004;2899;2004
7145;2004;1397;2004
7629;2004;2728;2004
6479;2004;3688;2004
2211;2004;35258;2004
7551;2004;834;2004
5069;2004;2415;2004
3761;2004;1738;2004
1306;2004;1463;2004
0942;2004;4155;2004
9711;2004;1527;2004
5866;2004;446;2004
3382;2004;405;2004
1527;2004;2412;2004
8104;2004;6092;2004
9544;2004;534;2004
3557;2004;2720;2004
8034;2004;2173;2004
2988;2004;2781;2004
7502;2004;19890;2004
6181;2004;3411;2004
9588;2004;1250;2004
8511;2004;2790;2004
4784;2004;860;2004
3610;2004;3298;2004
6722;2004;1209;2004
4869;2004;3011;2004
1203;2004;4670;2004
0106;2004;1429;2004
9839;2004;4099;2004
3438;2004;602;2004
4044;2004;1647;2004
2410;2004;6265;2004
7803;2004;413;2004
0553;2004;4437;2004
9414;2004;370;2004
0170;2004;2038;2004
1719;2004;3980;2004
1401;2004;8169;2004
0163;2004;2355;2004
2213;2004;2516;2004
3095;2004;660;2004
2930;2004;1378;2004
1176;2004;1636;2004
1594;2004;421;2004
1268;2004;1799;2004
9234;2004;6501;2004
1806;2004;764;2004
6205;2004;2814;2004
6156;2004;1750;2004
0616;2004;1342;2004
2028;2004;9134;2004
3266;2004;563;2004
5689;2004;2584;2004
8581;2004;3218;2004
7910;2004;418;2004
5434;2004;1663;2004
0570;2004;1827;2004
2793;2004;1525;2004
9638;2004;4567;2004
9988;2004;566;2004
6393;2004;2082;2004
6932;2004;927;2004
0657;2004;1652;2004
8767;2004;925;2004
4693;2004;986;2004
8003;2004;1120;2004
3319;2004;293;2004
9467;2004;6395;2004
2724;2004;3785;2004
3666;2004;8444;2004
1390;2004;5203;2004
7607;2004;7115;2004
0885;2004;7242;2004
0860;2004;4489;2004
8826;2004;10565;2004
9182;2004;11382;2004
4259;2004;9929;2004
7916;2004;2089;2004
6091;2004;32569;2004
1316;2004;6646;2004
9730;2004;2953;2004
1773;2004;3360;2004
9234;2004;3460;2004
8955;2004;3494;2004
8120;2004;2638;2004
7508;2004;5208;2004
5797;2004;4923;2004
3830;2004;35634;2004
2400;2004;6925;2004
5336;2004;6023;2004
8100;2004;4528;2004
5682;2004;5775;2004
3399;2004;8302;2004
0814;2004;3906;2004
3531;2004;5634;2004
5967;2004;5681;2004
7315;2004;3062;2004
7793;2004;6266;2004
1875;2004;4818;2004
3420;2004;6012;2004
0877;2004;4119;2004
4725;2004;8163;2004
2502;2004;8470;2004
0957;2004;4392;2004
7706;2004;8580;2004
8540;2004;4839;2004
7699;2004;8660;2004
3754;2004;2822;2004
8836;2004;3710;2004
2562;2004;27236;2004
2614;2004;3739;2004
4548;2004;1456;2004
0066;2004;29100;2004
7458;2004;3979;2004
7573;2004;2784;2004
7775;2004;10035;2004
9728;2004;6170;2004
3534;2004;18688;2004
8269;2004;4280;2004
7066;2004;3846;2004
5284;2004;2086;2004
0890;2004;19790;2004
2931;2004;7283;2004
0228;2004;11532;2004
4354;2004;7567;2004
2704;2004;10882;2004
0808;2004;844;2004
1102;2004;2149;2004
9146;2004;4660;2004
1036;2004;15925;2004
0402;2004;9402;2004
0349;2004;1812;2004
8912;2004;8157;2004
7927;2004;2206;2004
6438;2004;10192;2004
7761;2004;12714;2004
5512;2004;6130;2004
5047;2004;11812;2004
8167;2004;6344;2004
2585;2004;5163;2004
9825;2004;4852;2004
8094;2004;7956;2004
5057;2004;9354;2004
9659;2004;7000;2004
0152;2004;3096;2004
2274;2004;2068;2004
1513;2004;6180;2004
9531;2004;9727;2004
7251;2004;10099;2004
0979;2004;11317;2004
9061;2004;4686;2004
4945;2004;9541;2004
5787;2004;81778;2004
8943;2004;10750;2004
1591;2004;6815;2004
8489;2004;14983;2004
4258;2004;3634;2004
5337;2004;17542;2004
8023;2004;29357;2004
8222;2004;9250;2004
4961;2004;1773;2004
0637;2004;9143;2004
9341;2004;3735;2004
6009;2004;6553;2004
6147;2004;9487;2004
2990;2004;11697;2004
8344;2004;11647;2004
4373;2004;15369;2004
1037;2004;5377;2004
8022;2004;51118;2004
3147;2004;3230;2004
1116;2004;3269;2004
8350;2004;10640;2004
2839;2004;14486;2004
4536;2004;12716;2004
3103;2004;6596;2004
6401;2004;4256;2004
1039;2004;5978;2004
1823;2004;6101;2004
4840;2004;2726;2004
3959;2004;23069;2004
5176;2004;12922;2004
1755;2004;19723;2004
6122;2004;6422;2004
1379;2004;37153;2004
6301;2004;25918;2004
8684;2004;10570;2004
6898;2004;15172;2004
9962;2004;6168;2004
0705;2004;9680;2004
3110;2004;24911;2004
2155;2004;4366;2004
3288;2004;7581;2004
1835;2004;11737;2004
8768;2004;37398;2004
4043;2004;11566;2004
0509;2004;15425;2004
9665;2004;12267;2004
2872;2004;18565;2004
9521;2004;24401;2004
8155;2004;7228;2004
4413;2004;2103;2004
9986;2004;4525;2004
0199;2004;267519;2004
8657;2004;8757;2004
7134;2004;12428;2004
4379;2004;18922;2004
7852;2004;3235;2004
1907;2004;19848;2004
5705;2004;4779;2004
5158;2004;1855;2004
3439;2004;2063;2004
6428;2004;4247;2004
9418;2004;3841;2004
4195;2004;3143;2004
5865;2004;768;2004
2290;2004;4305;2004
6708;2004;2539;2004
3940;2004;7453;2004
7799;2004;3143;2004
5470;2004;6558;2004
2404;2004;15175;2004
7146;2004;12171;2004
2243;2004;2503;2004
1244;2004;11359;2004
1599;2004;5502;2004
2680;2004;2470;2004
8080;2004;1627;2004
6277;2004;7317;2004
2785;2004;4250;2004
3152;2004;4820;2004
5043;2004;5577;2004
1747;2004;1713;2004
7049;2004;5086;2004
7569;2004;2108;2004
6785;2004;19426;2004
0181;2004;5913;2004
2860;2004;9471;2004
3254;2004;5521;2004
7289;2004;6796;2004
8074;2004;16791;2004
6111;2004;7601;2004
9539;2004;6776;2004
2007;2004;4269;2004
7096;2004;3688;2004
1597;2004;4059;2004
4734;2004;1811;2004
9138;2004;7663;2004
1539;2004;7150;2004
1159;2004;6339;2004
0731;2004;3154;2004
5822;2004;8248;2004
7647;2004;1814;2004
2228;2004;5178;2004
7090;2004;1893;2004
2475;2004;2002;2004
3457;2004;2997;2004
1899;2004;9040;2004
5708;2004;17546;2004
0275;2004;9377;2004
3701;2004;10557;2004
0707;2004;8878;2004
4782;2004;5662;2004
9913;2004;206766;2004
1798;2004;3751;2004
4890;2004;1361;2004
9330;2004;10791;2004
6450;2004;8925;2004
7342;2004;17937;2004
8441;2004;2573;2004
8489;2004;2457;2004
8861;2004;3855;2004
5514;2004;12730;2004
6155;2004;3574;2004
6862;2004;4181;2004
5191;2004;14043;2004
9042;2004;4543;2004
7354;2004;2656;2004
8580;2004;8607;2004
3500;2004;5974;2004
1225;2004;12017;2004
8972;2004;4422;2004
3063;2004;2689;2004
9676;2004;6813;2004
7262;2004;2298;2004
9649;2004;7015;2004
9164;2004;1921;2004
9186;2004;2233;2004
5443;2004;9402;2004
3179;2004;21208;2004
1430;2004;7066;2004
8104;2004;4469;2004
2976;2004;8416;2004
8126;2004;2344;2004
0202;2004;7336;2004
8544;2004;5987;2004
6561;2004;11526;2004
2264;2004;4250;2004
0220;2004;2217;2004
3921;2004;3543;2004
2475;2004;1600;2004
0826;2004;935;2004
6619;2004;12264;2004
2625;2004;20381;2004
3484;2004;5244;2004
0063;2004;2413;2004
9403;2004;8482;2004
2258;2004;5116;2004
3664;2004;3433;2004
5644;2004;8507;2004
3883;2004;20638;2004
6257;2004;4858;2004
9278;2004;2846;2004
3784;2004;10652;2004
1221;2004;1401;2004
9692;2004;2628;2004
1226;2004;1389;2004
8464;2004;844;2004
6428;2004;2898;2004
5908;2004;961;2004
9938;2004;1716;2004
8401;2004;4346;2004
9128;2004;3082;2004
6175;2004;1872;2004
1701;2004;3935;2004
5469;2004;2640;2004
0651;2004;2881;2004
8512;2004;2115;2004
0394;2004;2771;2004
5664;2004;4204;2004
9767;2004;1565;2004
9323;2004;2756;2004
9708;2004;1140;2004
3702;2004;1614;2004
4214;2004;2312;2004
2027;2004;1151;2004
9928;2004;12179;2004
8436;2004;3878;2004
6761;2004;3642;2004
5785;2004;1937;2004
3220;2004;10510;2004
4846;2004;1706;2004
4542;2004;1708;2004
5588;2004;1305;2004
4101;2004;4191;2004
5315;2004;1606;2004
8780;2004;10381;2004
6938;2004;6312;2004
8042;2004;50107;2004
1589;2004;1224;2004
8712;2004;1190;2004
0454;2004;3988;2004
1383;2004;3113;2004
6775;2004;8401;2004
1880;2004;3099;2004
0739;2004;5304;2004
1513;2004;1171;2004
7259;2004;2215;2004
0496;2004;1112;2004
7667;2004;14434;2004
3473;2004;2237;2004
2611;2004;843;2004
6275;2004;1157;2004
9075;2004;3490;2004
7698;2004;2321;2004
2209;2004;2994;2004
2372;2004;1911;2004
2330;2004;3479;2004
0448;2004;5013;2004
1343;2004;2580;2004
0085;2004;1846;2004
9043;2004;820;2004
5056;2004;6754;2004
7768;2004;3894;2004
3179;2004;1725;2004
9325;2004;7358;2004
9782;2004;712;2004
2261;2004;2807;2004
6785;2004;2904;2004
8328;2004;3713;2004
4345;2004;1127;2004
7819;2004;758;2004
1668;2004;12662;2004
2086;2004;623;2004
1977;2004;786;2004
6458;2004;11431;2004
2141;2004;14876;2004
7505;2004;2143;2004
4140;2004;605;2004
6215;2004;3319;2004
7701;2004;2241;2004
5407;2004;2417;2004
3683;2004;241;2004
0083;2004;180;2004
7602;2004;1374;2004
7805;2004;3122;2004
1865;2004;6065;2004
2433;2004;4452;2004
3236;2004;1204;2004
7487;2004;715;2004
6626;2004;1105;2004
5943;2004;716;2004
0573;2004;11113;2004
8169;2004;4664;2004
1058;2004;458;2004
7854;2004;12486;2004
7578;2004;845;2004
2556;2004;3848;2004
7062;2004;6342;2004
8449;2004;203;2004
0467;2004;762;2004
3989;2004;2320;2004
2752;2004;6049;2004
2110;2004;1025;2004
0425;2004;6761;2004
8033;2004;2015;2004
6770;2004;5514;2004
2113;2004;2788;2004
4341;2004;1998;2004
7658;2004;1605;2004
5915;2004;549;2004
0528;2004;5093;2004
7760;2004;2243;2004
2909;2004;2739;2004
8947;2004;2869;2004
4040;2004;2971;2004
9039;2004;2170;2004
9331;2004;4828;2004
5500;2004;3071;2004
2965;2004;5371;2004
7488;2004;2518;2004
4140;2004;8807;2004
2423;2004;2907;2004
3360;2004;5648;2004
9831;2004;2568;2004
6625;2004;1676;2004
0541;2004;2718;2004
4131;2004;5522;2004
3697;2004;6548;2004
9087;2004;3143;2004
7205;2004;1040;2004
2302;2004;1489;2004
8487;2004;4068;2004
4728;2004;285;2004
2346;2004;908;2004
6760;2004;1171;2004
0271;2004;3028;2004
4796;2004;600;2004
5973;2004;486;2004
3320;2004;5002;2004
0235;2004;5766;2004
3121;2004;1237;2004
3611;2004;344;2004
7703;2004;593;2004
5920;2004;2352;2004
8155;2004;4256;2004
3967;2004;1983;2004
4669;2004;2927;2004
7795;2004;7987;2004
9373;2004;7418;2004
0645;2004;5796;2004
9436;2004;1216;2004
9685;2004;2214;2004
6031;2004;2421;2004
9224;2004;1333;2004
5705;2004;1619;2004
4910;2004;421;2004
1649;2004;607;2004
5307;2004;3779;2004
1145;2004;1017;2004
6615;2004;432;2004
7456;2004;1395;2004
4414;2004;732;2004
0497;2004;4173;2004
0411;2004;459;2004
3607;2004;8888;2004
3559;2004;4973;2004
3657;2004;13155;2004
9381;2004;2021;2004
3598;2004;2813;2004
6226;2004;10525;2004
9904;2004;2284;2004
6221;2004;3113;2004
8492;2004;2475;2004
7390;2004;635;2004
3221;2004;1777;2004
6830;2004;7475;2004
4599;2004;1679;2004
1708;2004;95754;2004
9180;2004;2928;2004
5509;2004;2341;2004
3306;2004;931;2004
9947;2004;2243;2004
5522;2004;1386;2004
5195;2004;716;2004
2113;2004;635;2004
9391;2004;1952;2004
3200;2004;1664;2004
0850;2004;7588;2004
0526;2004;1445;2004
8765;2004;408;2004
2509;2004;1738;2004
9242;2004;2787;2004
2626;2004;35714;2004
2200;2004;6531;2004
8541;2004;8709;2004
5915;2004;1552;2004
3593;2004;917;2004
7267;2004;27180;2004
5653;2004;711;2004
2050;2004;1686;2004
4983;2004;3602;2004
1084;2004;11430;2004
9396;2004;2219;2004
8862;2004;6180;2004
6311;2004;816;2004
4014;2004;1457;2004
0280;2004;1928;2004
9817;2004;1728;2004
6605;2004;6793;2004
1790;2004;2560;2004
0535;2004;1557;2004
3130;2004;8766;2004
6094;2004;833;2004
8518;2004;13078;2004
2239;2004;5961;2004
3996;2004;2113;2004
9997;2004;206778;2004
1450;2004;1990;2004
2695;2004;4784;2004
9471;2004;992;2004
3705;2004;3176;2004
5262;2004;3782;2004
2167;2004;7042;2004
4792;2004;5552;2004
9418;2004;2406;2004
1686;2004;309;2004
9833;2004;4547;2004
0763;2004;7253;2004
7485;2004;4547;2004
0451;2004;12544;2004
0524;2004;5158;2004
8170;2004;205;2004
6896;2004;1015;2004
3052;2004;790;2004
4718;2004;4305;2004
3548;2004;1750;2004
4990;2004;1786;2004
7690;2004;13671;2004
4768;2004;1877;2004
0994;2004;4216;2004
6120;2004;3868;2004
3300;2004;2377;2004
3974;2004;4199;2004
3361;2004;5348;2004
9336;2004;1317;2004
9250;2004;2413;2004
9571;2004;682;2004
7680;2004;870;2004
2346;2004;97262;2004
2849;2004;2316;2004
6068;2004;711;2004
3354;2004;7973;2004
9148;2004;4976;2004
8481;2004;5595;2004
8291;2004;6078;2004
1844;2004;9640;2004
1940;2004;5546;2004
3456;2004;979;2004
2598;2004;2727;2004
0121;2004;2045;2004
5659;2004;2413;2004
0366;2004;3758;2004
5628;2004;1932;2004
1220;2004;132;2004
7783;2004;2724;2004
1034;2004;2402;2004
8940;2004;2553;2004
5556;2004;3776;2004
7046;2004;2394;2004
0043;2004;861;2004
4879;2004;7151;2004
5911;2004;6883;2004
3542;2004;1948;2004
8310;2004;12251;2004
4058;2004;8596;2004
5320;2004;1079;2004
6973;2004;2218;2004
3458;2004;7583;2004
1166;2004;23780;2004
9754;2004;6453;2004
0045;2004;5346;2004
5224;2004;6063;2004
8424;2004;8906;2004
4850;2004;4048;2004
6128;2004;9629;2004
6364;2004;3021;2004
0415;2004;1160;2004
2015;2004;9412;2004
9563;2004;3760;2004
1728;2004;11296;2004
8016;2004;1354;2004
5979;2004;168840;2004
2339;2004;1269;2004
8900;2004;1484;2004
4623;2004;3154;2004
7549;2004;4736;2004
4989;2004;18778;2004
7094;2004;5168;2004
6405;2004;4007;2004
1352;2004;1979;2004
3863;2004;4476;2004
3326;2004;9233;2004
6961;2004;1245;2004
3864;2004;2153;2004
4779;2004;1227;2004
1470;2004;6633;2004
8602;2004;8517;2004
0776;2004;3248;2004
6414;2004;673;2004
9214;2004;2499;2004
0644;2004;1446;2004
6095;2004;2001;2004
8882;2004;8073;2004
9380;2004;8779;2004
5530;2004;3358;2004
1617;2004;8435;2004
0967;2004;4904;2004
0374;2004;4964;2004
4065;2004;1352;2004
5938;2004;9285;2004
3929;2004;5118;2004
6215;2004;4685;2004
5670;2004;4280;2004
7072;2004;15898;2004
8037;2004;4425;2004
0580;2004;13387;2004
0143;2004;8282;2004
6802;2004;10371;2004
0140;2004;9250;2004
0823;2004;3521;2004
8166;2004;998;2004
5109;2004;21659;2004
6331;2004;6061;2004
1447;2004;5436;2004
6522;2004;6464;2004
9252;2004;14279;2004
6463;2004;996;2004
6124;2004;8817;2004
3867;2004;9557;2004
1064;2004;12736;2004
5507;2004;6769;2004
3054;2004;12322;2004
3061;2004;1444;2004
6605;2004;8904;2004
6650;2004;149174;2004
5618;2004;5672;2004
1697;2004;3855;2004
1955;2004;13039;2004
7176;2004;6951;2004
2932;2004;5537;2004
2317;2004;10251;2004
0477;2004;23229;2004
2538;2004;4503;2004
3728;2004;2028;2004
8178;2004;4066;2004
9712;2004;3243;2004
0792;2004;4077;2004
4662;2004;3557;2004
8736;2004;8223;2004
6891;2004;8076;2004
7071;2004;3067;2004
5407;2004;63106;2004
5111;2004;27339;2004
4211;2004;12637;2004
7494;2004;10260;2004
7719;2004;7076;2004
9637;2004;8776;2004
9086;2004;3016;2004
1257;2004;15328;2004
2741;2004;16385;2004
1401;2004;1339;2004
4536;2004;30783;2004
4588;2004;2143;2004
2960;2004;4024;2004
9070;2004;3012;2004
5808;2004;16153;2004
4655;2004;3889;2004
9959;2004;5920;2004
0836;2004;22769;2004
1907;2004;178966;2004
2213;2004;925;2004
2770;2004;2352;2004
0046;2004;3298;2004
3200;2004;13545;2004
8224;2004;10822;2004
4110;2004;2441;2004
7304;2004;16098;2004
5329;2004;2212;2004
7388;2004;1859;2004
5481;2004;3567;2004
5303;2004;5920;2004
9129;2004;744;2004
3098;2004;5646;2004
6636;2004;10460;2004
0582;2004;3752;2004
5570;2004;5055;2004
6472;2004;40887;2004
5537;2004;8765;2004
0778;2004;7680;2004
4711;2004;2664;2004
9282;2004;14011;2004
8449;2004;11250;2004
8613;2004;22196;2004
3646;2004;4657;2004
5961;2004;11115;2004
1032;2004;9329;2004
4835;2004;5967;2004
9855;2004;6301;2004
1059;2004;4556;2004
8567;2004;368544;2004
2729;2004;3263;2004
1849;2004;16257;2004
2429;2004;12279;2004
6025;2004;2111;2004
3333;2004;33664;2004
0408;2004;3134;2004
2605;2004;2014;2004
4651;2004;1268;2004
3224;2004;3273;2004
6222;2004;3711;2004
0705;2004;5530;2004
2379;2004;4318;2004
9004;2004;16394;2004
4148;2004;19428;2004
7335;2004;13764;2004
7577;2004;6057;2004
4976;2004;8527;2004
7526;2004;12509;2004
2317;2004;5873;2004
5571;2004;1874;2004
6696;2004;4907;2004
1535;2004;5441;2004
6887;2004;2233;2004
3692;2004;8930;2004
4024;2004;4012;2004
0214;2004;65438;2004
4499;2004;2291;2004
4056;2004;4471;2004
8160;2004;7901;2004
5263;2004;6432;2004
0922;2004;14657;2004
0660;2004;8262;2004
8402;2004;14726;2004
1172;2004;3870;2004
2528;2004;5380;2004
6857;2004;10730;2004
5675;2004;4777;2004
0081;2004;5819;2004
4513;2004;4368;2004
9471;2004;11157;2004
1289;2004;16517;2004
9370;2004;6819;2004
9262;2004;4763;2004
1456;2004;7195;2004
6213;2004;4460;2004
4325;2004;6603;2004
4106;2004;24662;2004
7240;2004;29833;2004
8561;2004;10608;2004
7917;2004;6384;2004
4485;2004;14174;2004
8431;2004;2998;2004
9401;2004;7293;2004
7471;2004;16322;2004
6633;2004;21864;2004
6328;2004;5698;2004
7618;2004;15504;2004
7415;2004;31167;2004
0719;2004;12904;2004
1224;2004;21427;2004
0051;2004;17857;2004
1548;2004;131063;2004
4347;2004;2916;2004
3382;2004;3272;2004
4368;2004;4475;2004
7068;2004;2361;2004
2715;2004;3789;2004
2906;2004;7331;2004
4716;2004;3678;2004
2452;2004;3396;2004
3405;2004;6729;2004
2297;2004;8036;2004
6429;2004;12028;2004
1978;2004;3657;2004
7894;2004;6331;2004
0155;2004;6664;2004
3280;2004;3911;2004
6244;2004;4713;2004
1668;2004;4071;2004
3751;2004;2375;2004
7904;2004;11726;2004
5792;2004;16142;2004
9578;2004;1834;2004
3336;2004;7789;2004
5001;2004;2848;2004
3734;2004;8648;2004
2737;2004;26824;2004
1994;2004;9200;2004
1390;2004;6902;2004
7525;2004;54660;2004
5495;2004;7911;2004
0548;2004;31902;2004
2479;2004;9005;2004
3976;2004;141827;2004
2582;2004;5434;2004
2639;2004;10667;2004
3707;2004;2270;2004
0383;2004;4282;2004
5143;2004;6082;2004
2402;2004;9438;2004
2325;2004;2189;2004
9501;2004;6248;2004
4132;2004;93349;2004
1691;2004;22706;2004
9279;2004;3737;2004
9702;2004;1720;2004
1974;2004;111281;2004
4588;2004;11967;2004
1294;2004;2500;2004
7738;2004;9654;2004
1380;2004;7166;2004
6261;2004;6035;2004
0703;2004;9703;2004
3352;2004;6428;2004
1613;2004;4784;2004
2600;2004;1576;2004
0420;2004;839;2004
3883;2004;6344;2004
5528;2004;887;2004
5580;2004;2123;2004
5310;2004;3052;2004
2861;2004;10172;2004
8676;2004;4229;2004
7145;2004;3671;2004
3027;2004;15980;2004
4263;2004;3011;2004
1952;2004;1314;2004
8860;2004;2022;2004
6846;2004;4318;2004
0969;2004;2124;2004
6379;2004;1507;2004
2569;2004;968;2004
2911;2004;760;2004
2126;2004;687;2004
4583;2004;8955;2004
2496;2004;2602;2004
9405;2004;1684;2004
2029;2004;7034;2004
6693;2004;495;2004
8393;2004;5710;2004
6672;2004;60100;2004
7023;2004;8097;2004
8757;2004;9706;2004
6301;2004;1015;2004
3672;2004;340;2004
0738;2004;1365;2004
9334;2004;5592;2004
5254;2004;3807;2004
3025;2004;682;2004
0145;2004;1329;2004
0743;2004;2028;2004
2754;2004;811;2004
3482;2004;1508;2004
9454;2004;1084;2004
2061;2004;1910;2004
6356;2004;3923;2004
8220;2004;11494;2004
2469;2004;2608;2004
2354;2004;699;2004
0451;2004;1489;2004
8116;2004;1299;2004
0064;2004;2672;2004
9679;2004;1174;2004
5642;2004;5889;2004
3124;2004;2316;2004
2874;2004;2380;2004
8359;2004;6982;2004
7946;2004;2270;2004
3609;2004;784;2004
7983;2004;3131;2004
3960;2004;6859;2004
7650;2004;90667;2004
2714;2004;2679;2004
9152;2004;995;2004
9008;2004;2005;2004
2885;2004;710;2004
1974;2004;2077;2004
9853;2004;5526;2004
8859;2004;4370;2004
3992;2004;1310;2004
1388;2004;2971;2004
7981;2004;3434;2004
7437;2004;2386;2004
7291;2004;7587;2004
3376;2004;3964;2004
8758;2004;1600;2004
9072;2004;3414;2004
0786;2004;1295;2004
7994;2004;1176;2004
8708;2004;2272;2004
5867;2004;1151;2004
4058;2004;852;2004
0661;2004;5836;2004
5330;2004;6797;2004
4920;2004;15427;2004
8897;2004;4332;2004
9182;2004;101748;2004
3310;2004;5281;2004
0388;2004;1498;2004
4501;2004;2230;2004
0038;2004;6660;2004
8914;2004;1802;2004
0471;2004;3908;2004
5313;2004;1018;2004
3910;2004;17946;2004
9201;2004;1719;2004
3182;2004;3287;2004
9130;2004;3576;2004
6020;2004;14361;2004
2789;2004;5155;2004
4029;2004;4853;2004
0875;2004;30580;2004
7471;2004;28206;2004
2017;2004;9414;2004
1541;2004;2033;2004
9032;2004;39731;2004
8956;2004;11646;2004
4922;2004;5929;2004
2775;2004;1072;2004
6645;2004;2873;2004
3854;2004;2167;2004
3095;2004;9433;2004
5729;2004;1837;2004
5693;2004;2659;2004
8135;2004;5978;2004
4607;2004;1865;2004
9348;2004;3569;2004
6306;2004;1810;2004
7380;2004;30290;2004
2517;2004;6186;2004
0164;2004;3560;2004
3629;2004;771;2004
9833;2004;3289;2004
1979;2004;3854;2004
4060;2004;1843;2004
7778;2004;1992;2004
1118;2004;862;2004
2869;2004;4095;2004
2340;2004;7762;2004
7674;2004;43086;2004
5430;2004;3552;2004
3331;2004;3028;2004
6767;2004;3370;2004
4964;2004;2311;2004
8108;2004;132;2004
7793;2004;2441;2004
6721;2004;4032;2004
0544;2004;1652;2004
8643;2004;154;2004
2217;2004;1791;2004
8822;2004;7062;2004
8058;2004;601;2004
8464;2004;4737;2004
6594;2004;381;2004
5802;2004;571;2004
1968;2004;10439;2004
0661;2004;39190;2004
1987;2004;1257;2004
9648;2004;14228;2004
9097;2004;2177;2004
6696;2004;601;2004
3977;2004;235;2004
2165;2004;1693;2004
0499;2004;650;2004
2233;2004;943;2004
5783;2004;2498;2004
5238;2004;41698;2004
1001;2004;10268;2004
2583;2004;4892;2004
3565;2004;6820;2004
5077;2004;151;2004
8781;2004;5382;2004
9416;2004;3363;2004
6712;2004;3317;2004
0371;2004;7600;2004
4664;2004;818;2004
5807;2004;9547;2004
9085;2004;945;2004
0834;2004;1250;2004
6459;2004;2053;2004
2147;2004;884;2004
7972;2004;1402;2004
4519;2004;1256;2004
0307;2004;301;2004
5498;2004;6084;2004
2491;2004;10517;2004
5519;2004;15118;2004
4575;2004;20761;2004
1693;2004;820;2004
0195;2004;3888;2004
2549;2004;13148;2004
3837;2004;1501;2004
1649;2004;3371;2004
5375;2004;462;2004
6468;2004;972;2004
9784;2004;1163;2004
1182;2004;19245;2004
5351;2004;9584;2004
8634;2004;2852;2004
2952;2004;426;2004
4246;2004;1220;2004
3927;2004;3299;2004
0623;2004;3587;2004
9725;2004;2654;2004
4940;2004;3938;2004
1937;2004;2013;2004
2174;2004;1415;2004
0182;2004;51461;2004
5319;2004;632;2004
2113;2004;1849;2004
2382;2004;1305;2004
9771;2004;7556;2004
7948;2004;3055;2004
0833;2004;2125;2004
9389;2004;3310;2004
3951;2004;3180;2004
9508;2004;1031;2004
3368;2004;5137;2004
6123;2004;3300;2004
5319;2004;36796;2004
8574;2004;9170;2004
3070;2004;1575;2004
2041;2004;983;2004
9946;2004;14734;2004
2619;2004;3258;2004
9249;2004;1163;2004
9293;2004;1337;2004
1722;2004;2457;2004
7276;2004;980;2004
3038;2004;1629;2004
7625;2004;724;2004
4336;2004;4152;2004
9405;2004;2320;2004
4055;2004;1788;2004
9335;2004;569;2004
9920;2004;529;2004
2074;2004;2233;2004
6157;2004;1329;2004
4640;2004;606;2004
5337;2004;869;2004
4458;2004;6684;2004
4183;2004;13006;2004
2142;2004;445;2004
6263;2004;945;2004
7918;2004;695;2004
3742;2004;10632;2004
9216;2004;413;2004
2352;2004;2419;2004
4509;2004;2607;2004
7156;2004;7970;2004
1669;2004;527;2004
9488;2004;808;2004
3789;2004;1075;2004
3504;2004;623;2004
6024;2004;5361;2004
0748;2004;830;2004
6977;2004;231;2004
8469;2004;2064;2004
0023;2004;2511;2004
2677;2004;1612;2004
7934;2004;16034;2004
1256;2004;23750;2004
6456;2004;1963;2004
2781;2004;4356;2004
6318;2004;2185;2004
4370;2004;1000;2004
4051;2004;45997;2004
1789;2004;1516;2004
5172;2004;15893;2004
4919;2004;2370;2004
2925;2004;421;2004
5831;2004;6385;2004
9329;2004;2138;2004
2092;2004;2257;2004
9874;2004;10436;2004
9352;2004;2001;2004
9229;2004;65019;2004
1546;2004;1171;2004
8289;2004;796;2004
7785;2004;2435;2004
5669;2004;8969;2004
6259;2004;4639;2004
6776;2004;4920;2004
8433;2004;67856;2004
7508;2004;10093;2004
5050;2004;2587;2004
1034;2004;1939;2004
4730;2004;8173;2004
4509;2004;2055;2004
3196;2004;4641;2004
6618;2004;1316;2004
5748;2004;12519;2004
7063;2004;6570;2004
4659;2004;9989;2004
2029;2004;7392;2004
4239;2004;30542;2004
0913;2004;2369;2004
9157;2004;43068;2004
0811;2004;632;2004
4821;2004;6062;2004
5217;2004;1863;2004
9410;2004;4966;2004
1950;2004;524;2004
8802;2004;8255;2004
8595;2004;684;2004
0403;2004;3845;2004
0979;2004;505;2004
8073;2004;83399;2004
2742;2004;21523;2004
2820;2004;2428;2004
3299;2004;1181;2004
6716;2004;4470;2004
5478;2004;3758;2004
0295;2004;2509;2004
6091;2004;24363;2004
7543;2004;2367;2004
0716;2004;7575;2004
1568;2004;1412;2004
5504;2004;12886;2004
1929;2004;774;2004
0817;2004;3364;2004
2191;2004;1085;2004
3520;2004;389;2004
4193;2004;62225;2004
5653;2004;1816;2004
7895;2004;1374;2004
9916;2004;700;2004
6800;2004;15369;2004
0363;2004;8440;2004
9324;2004;1654;2004
2518;2004;7080;2004
9667;2004;6014;2004
0435;2004;3072;2004
0156;2004;7508;2004
6165;2004;20164;2004
1306;2004;10396;2004
6718;2004;20402;2004
1790;2004;18297;2004
6846;2004;9441;2004
2003;2004;86005;2004
3367;2004;1855;2004
5341;2004;8162;2004
9127;2004;23889;2004
2496;2004;1692;2004
6121;2004;7017;2004
0534;2004;10782;2004
7962;2004;4938;2004
1958;2004;4151;2004
0982;2004;25326;2004
2870;2004;10109;2004
0091;2004;4090;2004
3628;2004;16685;2004
9870;2004;15487;2004
7597;2004;39465;2004
9166;2004;6294;2004
4365;2004;17424;2004
3183;2004;10033;2004
2748;2004;15900;2004
6319;2004;5199;2004
2087;2004;45274;2004
1921;2004;14012;2004
5025;2004;16725;2004
3181;2004;356955;2004
9950;2004;4909;2004
1871;2004;21679;2004
1453;2004;4825;2004
3743;2004;13514;2004
7185;2004;14664;2004
3960;2004;5786;2004
8991;2004;18444;2004
2885;2004;1832;2004
0518;2004;3513;2004
7534;2004;3666;2004
6715;2004;12035;2004
9719;2004;12153;2004
1064;2004;1252;2004
5603;2004;7377;2004
3984;2004;20427;2004
6819;2004;14924;2004
1438;2004;7950;2004
8797;2004;7127;2004
8317;2004;16881;2004
2059;2004;1252;2004
5688;2004;3919;2004
6943;2004;49946;2004
2412;2004;7318;2004
7812;2004;46640;2004
8083;2004;16894;2004
0298;2004;7286;2004
9411;2004;5009;2004
8610;2004;7703;2004
1848;2004;14094;2004
6799;2004;3089;2004
2822;2004;12608;2004
7877;2004;4267;2004
5606;2004;3456;2004
3267;2004;344;2004
3312;2004;8543;2004
5193;2004;26893;2004
9607;2004;16011;2004
9832;2004;157147;2004
4508;2004;2250;2004
8590;2004;1912;2004
8830;2004;34069;2004
3301;2004;3551;2004
4807;2004;11791;2004
8950;2004;2143;2004
6232;2004;1147;2004
8177;2004;31528;2004
1943;2004;6784;2004
7469;2004;548;2004
4670;2004;2936;2004
4826;2004;6471;2004
9901;2004;5571;2004
1652;2004;5987;2004
9113;2004;9334;2004
6900;2004;5356;2004
2885;2004;1029;2004
5436;2004;3614;2004
6236;2004;39699;2004
3167;2004;11701;2004
5196;2004;1894;2004
0157;2004;2465;2004
9916;2004;1586;2004
1072;2004;3993;2004
4313;2004;3293;2004
6140;2004;1126;2004
6579;2004;1338;2004
8542;2004;8554;2004
3259;2004;1149;2004
8574;2004;1933;2004
2359;2004;1753;2004
0930;2004;769;2004
2191;2004;10245;2004
6218;2004;591;2004
7062;2004;4644;2004
5160;2004;4864;2004
1798;2004;88047;2004
7025;2004;6087;2004
6847;2004;13233;2004
1841;2004;26059;2004
8395;2004;1405;2004
7682;2004;30669;2004
5023;2004;26992;2004
7925;2004;12737;2004
6216;2004;1533;2004
0355;2004;11192;2004
2830;2004;4099;2004
5827;2004;11986;2004
8835;2004;8057;2004
8409;2004;11151;2004
9192;2004;5901;2004
6897;2004;94060;2004
8360;2004;1197;2004
5121;2004;12006;2004
4651;2004;9653;2004
5561;2004;5101;2004
5301;2004;1656;2004
6283;2004;3364;2004
6002;2004;2835;2004
2701;2004;2830;2004
4628;2004;2090;2004
5814;2004;12396;2004
8681;2004;8657;2004
8936;2004;992;2004
3156;2004;2242;2004
1840;2004;8937;2004
9583;2004;22331;2004
7645;2004;8701;2004
0499;2004;3493;2004
4947;2004;5567;2004
8055;2004;3482;2004
7544;2004;2952;2004
9430;2004;578;2004
4157;2004;1852;2004
8718;2004;8417;2004
6641;2004;22688;2004
3016;2004;830;2004
5191;2004;3256;2004
3573;2004;5619;2004
0947;2004;3325;2004
0728;2004;6003;2004
4296;2004;3098;2004
4242;2004;16998;2004
1931;2004;15883;2004
1229;2004;1496;2004
7884;2004;3055;2004
8418;2004;5790;2004
8867;2004;1192;2004
9313;2004;11793;2004
9933;2004;6795;2004
6869;2004;6840;2004
8436;2004;3233;2004
6888;2004;3071;2004
7990;2004;2831;2004
9871;2004;8001;2004
6621;2004;2542;2004
5721;2004;2925;2004
5843;2004;7135;2004
6160;2004;1918;2004
1472;2004;8873;2004
0598;2004;20172;2004
8831;2004;2614;2004
8497;2004;5090;2004
3149;2004;14026;2004
7349;2004;8177;2004
9127;2004;7416;2004
5004;2004;1483;2004
6080;2004;2156;2004
6260;2004;4162;2004
9553;2004;2230;2004
5535;2004;28405;2004
4149;2004;1727;2004
0962;2004;1230;2004
5683;2004;1022;2004
0357;2004;4922;2004
1415;2004;1722;2004
5944;2004;7381;2004
4580;2004;930;2004
1182;2004;2532;2004
8062;2004;4681;2004
5774;2004;53328;2004
6603;2004;12277;2004
6041;2004;8767;2004
2429;2004;7314;2004
9755;2004;1396;2004
2541;2004;4153;2004
2591;2004;2488;2004
3607;2004;3931;2004
7664;2004;4519;2004
2319;2004;1714;2004
3280;2004;7350;2004
5518;2004;2622;2004
9001;2004;3004;2004
0182;2004;21471;2004
9382;2004;8433;2004
2486;2004;73912;2004
0115;2004;1426;2004
7728;2004;3738;2004
5051;2004;7101;2004
4428;2004;8811;2004
4002;2004;12574;2004
2049;2004;1227;2004
7973;2004;14608;2004
9578;2004;4076;2004
8586;2004;1233;2004
4661;2004;9263;2004
4512;2004;2843;2004
5236;2004;4489;2004
2874;2004;3419;2004
4320;2004;986;2004
5664;2004;3787;2004
5875;2004;1254;2004
6534;2004;1292;2004
1913;2004;26007;2004
6014;2004;19297;2004
0747;2004;3903;2004
2225;2004;5001;2004
7615;2004;2423;2004
8087;2004;4106;2004
8456;2004;3286;2004
4414;2004;3148;2004
2853;2004;14779;2004
7824;2004;1137;2004
5286;2004;3234;2004
9515;2004;7349;2004
3289;2004;38839;2004
6742;2004;3130;2004
7230;2004;16878;2004
0578;2004;1369;2004
5096;2004;8405;2004
6641;2004;53028;2004
3865;2004;2551;2004
4281;2004;1786;2004
4751;2004;3522;2004
6236;2004;6203;2004
2781;2004;15509;2004
7676;2004;32238;2004
1822;2004;681;2004
7327;2004;13063;2004
4887;2004;17073;2004
4082;2004;3713;2004
0046;2004;1662;2004
5123;2004;5618;2004
1554;2004;646;2004
5287;2004;1215;2004
0941;2004;1653;2004
1640;2004;6117;2004
5597;2004;4927;2004
9058;2004;982;2004
9686;2004;5529;2004
3320;2004;5192;2004
5012;2004;155362;2004
4633;2004;3660;2004
4190;2004;2344;2004
0939;2004;169;2004
0182;2004;799;2004
9823;2004;10683;2004
5485;2004;594;2004
1428;2004;1492;2004
8493;2004;461;2004
8315;2004;1206;2004
4737;2004;2479;2004
6445;2004;8572;2004
1366;2004;38110;2004
8002;2004;16934;2004
6581;2004;5694;2004
1853;2004;8010;2004
8852;2004;3699;2004
8297;2004;15475;2004
3024;2004;3515;2004
2212;2004;451;2004
5734;2004;1409;2004
6057;2004;4800;2004
6122;2004;1855;2004
8952;2004;1536;2004
4964;2004;11379;2004
0359;2004;2742;2004
5120;2004;1726;2004
5686;2004;2691;2004
7841;2004;1859;2004
1424;2004;2186;2004
2156;2004;3049;2004
5505;2004;2735;2004
5861;2004;1943;2004
6187;2004;1745;2004
0882;2004;1856;2004
3808;2004;1839;2004
8297;2004;1629;2004
4282;2004;4859;2004
2172;2004;1751;2004
0869;2004;1332;2004
0591;2004;1283;2004
0978;2004;1614;2004
9836;2004;20183;2004
2658;2004;20815;2004
5297;2004;1855;2004
0911;2004;595;2004
0033;2004;1062;2004
5676;2004;279;2004
6029;2004;1864;2004
8956;2004;4568;2004
4517;2004;2344;2004
1632;2004;4691;2004
4298;2004;106316;2004
3387;2004;2476;2004
6054;2004;5784;2004
8706;2004;876;2004
8088;2004;3778;2004
5635;2004;1004;2004
5459;2004;4418;2004
1676;2004;1227;2004
9142;2004;3203;2004
5744;2004;4127;2004
6447;2004;1644;2004
6322;2004;882;2004
8477;2004;3100;2004
0374;2004;5095;2004
2907;2004;1761;2004
9683;2004;5825;2004
5769;2004;5253;2004
4110;2004;2015;2004
9150;2004;2267;2004
8891;2004;2307;2004
8237;2004;1359;2004
1950;2004;1238;2004
2211;2004;15696;2004
9558;2004;1670;2004
0306;2004;3521;2004
7859;2004;7154;2004
6785;2004;1977;2004
3737;2004;1728;2004
1734;2004;2839;2004
8083;2004;1518;2004
1023;2004;2268;2004
4203;2004;2924;2004
9421;2004;2464;2004
4293;2004;996;2004
6924;2004;936;2004
5404;2004;3500;2004
6168;2004;7967;2004
9300;2004;12892;2004
1400;2004;1928;2004
6834;2004;2737;2004
7096;2004;8346;2004
5055;2004;1106;2004
3110;2004;3287;2004
5591;2004;8105;2004
6051;2004;2242;2004
0051;2004;625;2004
5258;2004;7804;2004
2792;2004;1146;2004
7346;2004;2132;2004
5355;2004;8397;2004
9412;2004;5573;2004
3305;2004;15665;2004
7309;2004;404;2004
6910;2004;7808;2004
4944;2004;2966;2004
4516;2004;2571;2004
9623;2004;3990;2004
3071;2004;2222;2004
7710;2004;12508;2004
5289;2004;4675;2004
2267;2004;60079;2004
1430;2004;3645;2004
3306;2004;709;2004
3852;2004;2757;2004
9030;2004;2802;2004
9761;2004;272;2004
6446;2004;640;2004
9409;2004;700;2004
8182;2004;4547;2004
2929;2004;948;2004
6240;2004;2795;2004
6212;2004;1691;2004
5461;2004;683;2004
3087;2004;1161;2004
4912;2004;300;2004
8422;2004;939;2004
2697;2004;1236;2004
2532;2004;6703;2004
6506;2004;460;2004
3665;2004;487;2004
3718;2004;374;2004
6126;2004;188;2004
9475;2004;1552;2004
7540;2004;489;2004
3896;2004;375;2004
9223;2004;721;2004
5447;2004;3372;2004
6889;2004;548;2004
9624;2004;11442;2004
6211;2004;1569;2004
6853;2004;2629;2004
3898;2004;648;2004
8523;2004;1466;2004
7404;2004;384;2004
0180;2004;2630;2004
3338;2004;696;2004
2258;2004;3806;2004
0838;2004;139;2004
8517;2004;151;2004
8922;2004;555;2004
7472;2004;396;2004
7224;2004;992;2004
0398;2004;1237;2004
5865;2004;322;2004
7570;2004;764;2004
9405;2004;3782;2004
7279;2004;364;2004
6424;2004;249;2004
6888;2004;445;2004
3138;2004;196;2004
7761;2004;2425;2004
9304;2004;1317;2004
3815;2004;2138;2004
9813;2004;1297;2004
3948;2004;5395;2004
9469;2004;2555;2004
4995;2004;2102;2004
6696;2004;539;2004
0132;2004;825;2004
9787;2004;401;2004
4530;2004;45044;2004
7902;2004;1303;2004
7231;2004;619;2004
5551;2004;836;2004
5958;2004;550;2004
3505;2004;2716;2004
7281;2004;1043;2004
3838;2004;1851;2004
9796;2004;1309;2004
3291;2004;931;2004
7914;2004;1281;2004
3047;2004;1189;2004
5095;2004;258;2004
1839;2004;265;2004
7526;2004;249;2004
1123;2004;1620;2004
4997;2004;1651;2004
6399;2004;35698;2004
1659;2004;4152;2004
2338;2004;15994;2004
2154;2004;947;2004
6490;2004;41555;2004
3109;2004;1384;2004
5918;2004;18081;2004
1985;2004;1560;2004
7970;2004;12265;2004
7794;2004;3017;2004
0602;2004;15225;2004
4966;2004;491;2004
9371;2004;9489;2004
9174;2004;3447;2004
3730;2004;369;2004
5071;2004;6369;2004
3617;2004;323;2004
2891;2004;4821;2004
3793;2004;786;2004
1894;2004;8244;2004
8029;2004;6887;2004
5653;2004;7545;2004
2923;2004;807;2004
8793;2004;9828;2004
0752;2004;1063;2004
7448;2004;475;2004
3187;2004;30342;2004
8474;2004;1244;2004
3668;2004;673;2004
3770;2004;50896;2004
7493;2004;1534;2004
9854;2004;20851;2004
5491;2004;3537;2004
1861;2004;9159;2004
6584;2004;513;2004
1449;2004;10560;2004
4749;2004;19923;2004
6994;2004;5071;2004
0431;2004;1902;2004
0651;2004;5530;2004
8998;2004;22715;2004
1242;2004;1218;2004
1896;2004;793;2004
4028;2004;18673;2004
4716;2004;72430;2004
4509;2004;460;2004
7531;2004;4493;2004
7632;2004;10940;2004
9850;2004;910;2004
5174;2004;1305;2004
7166;2004;836;2004
9991;2004;6099;2004
6535;2004;794;2004
3561;2004;5798;2004
1913;2004;34333;2004
0667;2004;2543;2004
2684;2004;17982;2004
5712;2004;9228;2004
8416;2004;1412;2004
1399;2004;1970;2004
4257;2004;4974;2004
1250;2004;8428;2004
9352;2004;35674;2004
3928;2004;1921;2004
5872;2004;2492;2004
0842;2004;7327;2004
3969;2004;1295;2004
3249;2004;1852;2004
0960;2004;1494;2004
6413;2004;39651;2004
1598;2004;6539;2004
0164;2004;18072;2004
8028;2004;11031;2004
7577;2004;227;2004
9201;2004;748;2004
7449;2004;2292;2004
5727;2004;47156;2004
5195;2004;1029;2004
4305;2004;7007;2004
5617;2004;7615;2004
3835;2004;757;2004
8373;2004;227;2004
0854;2004;391;2004
7161;2004;13743;2004
4072;2004;301;2004
2646;2004;10507;2004
5724;2004;972;2004
3502;2004;782;2004
3371;2004;2566690;2004
5016;2004;1387;2004
4283;2004;6090;2004
3047;2004;848;2004
4501;2004;1470;2004
5287;2004;2438;2004
9058;2004;15494;2004
3567;2004;3414;2004
8935;2004;3626;2004
6619;2004;3291;2004
1595;2004;181;2004
8619;2004;9039;2004
2313;2004;9064;2004
6439;2004;50526;2004
2670;2004;5037;2004
7793;2004;1012;2004
9863;2004;5114;2004
9371;2004;370;2004
7180;2004;294;2004
9132;2004;13054;2004
2312;2004;49612;2004
9435;2004;3866;2004
5367;2004;199;2004
0352;2004;14196;2004
5343;2004;10956;2004
9515;2004;33765;2004
0869;2004;33219;2004
9981;2004;36413;2004
6431;2004;11241;2004
8908;2004;54785;2004
9405;2004;24979;2004
1088;2004;59670;2004
4003;2004;1685;2004
3827;2004;695;2004
7045;2004;4445;2004
1569;2004;32984;2004
3114;2004;10654;2004
9130;2004;33026;2004
1690;2004;35748;2004
1985;2004;20866;2004
0971;2004;9217;2004
6174;2004;111366;2004
2423;2004;4133;2004
1331;2004;3014;2004
1345;2004;18418;2004
1013;2004;6110;2004
2215;2004;3861;2004
1023;2004;13334;2004
1563;2004;3249;2004
9808;2004;13338;2004
3661;2004;1273;2004
4927;2004;4434;2004
1656;2004;1089;2004
5036;2004;1184;2004
3721;2004;16961;2004
6307;2004;8241;2004
6104;2004;6683;2004
9962;2004;6895;2004
4710;2004;22383;2004
8186;2004;7075;2004
4897;2004;3229;2004
7401;2004;2784;2004
5876;2004;39207;2004
7454;2004;692;2004
3188;2004;280;2004
4662;2004;1880;2004
9544;2004;27646;2004
7097;2004;3001;2004
7257;2004;4271;2004
8136;2004;19630;2004
2368;2004;5331;2004
5217;2004;5942;2004
2942;2004;2401;2004
2398;2004;7696;2004
8889;2004;4439;2004
6376;2004;2549;2004
0535;2004;778;2004
1885;2004;8958;2004
7934;2004;2714;2004
4235;2004;1799;2004
3769;2004;639;2004
2708;2004;3130;2004
4194;2004;32803;2004
3207;2004;3559;2004
8819;2004;882;2004
9148;2004;3815;2004
4500;2004;4997;2004
0552;2004;22485;2004
0302;2004;8347;2004
4090;2004;7291;2004
5176;2004;1827;2004
6784;2004;916;2004
9886;2004;833;2004
3837;2004;1728;2004
5646;2004;4050;2004
7328;2004;612;2004
9996;2004;20301;2004
0805;2004;548;2004
9774;2004;9039;2004
1111;2004;3103;2004
1479;2004;1339;2004
8443;2004;48428;2004
8358;2004;2154;2004
7370;2004;1250;2004
5444;2004;2329;2004
3725;2004;1666;2004
0140;2004;12147;2004
7118;2004;12866;2004
5710;2004;3141;2004
6362;2004;7782;2004
1606;2004;1647;2004
3072;2004;3033;2004
8803;2004;1596;2004
1464;2004;1204;2004
9312;2004;3170;2004
3244;2004;4883;2004
3812;2004;4658;2004
4058;2004;2492;2004
6809;2004;4463;2004
8006;2004;13178;2004
8043;2004;1230;2004
6133;2004;5347;2004
5828;2004;1026;2004
3317;2004;7440;2004
2138;2004;386;2004
6287;2004;2193;2004
7054;2004;3152;2004
7104;2004;3542;2004
0266;2004;1014;2004
1081;2004;1583;2004
0189;2004;1953;2004
1030;2004;6287;2004
5978;2004;1616;2004
5003;2004;2713;2004
3937;2004;2950;2004
6802;2004;844;2004
2210;2004;2595;2004
1176;2004;26059;2004
5679;2004;2560;2004
5901;2004;4844;2004
6444;2004;568;2004
9926;2004;1323;2004
0598;2004;4404;2004
3218;2004;1865;2004
6404;2004;1502;2004
2762;2004;3008;2004
5375;2004;1024;2004
6558;2004;1850;2004
6432;2004;20081;2004
2083;2004;849;2004
8354;2004;2212;2004
0226;2004;1270;2004
7672;2004;2662;2004
0989;2004;1778;2004
8618;2004;427;2004
0556;2004;1450;2004
3172;2004;7332;2004
1268;2004;4936;2004
0079;2004;5268;2004
8485;2004;53323;2004
4328;2004;2343;2004
7783;2004;5184;2004
6782;2004;1797;2004
0404;2004;5807;2004
9577;2004;5900;2004
0171;2004;1802;2004
3014;2004;5219;2004
4646;2004;8153;2004
3895;2004;1703;2004
6030;2004;19158;2004
3160;2004;6690;2004
2291;2004;8106;2004
3570;2004;14958;2004
4855;2004;20052;2004
5584;2004;9868;2004
9044;2004;8238;2004
0685;2004;76742;2004
0496;2004;1651;2004
3231;2004;1219;2004
7738;2004;1500;2004
3439;2004;4019;2004
9503;2004;20058;2004
2077;2004;5148;2004
7400;2004;7806;2004
6503;2004;505;2004
4670;2004;1389;2004
6894;2004;7102;2004
7843;2004;2120;2004
7113;2004;870;2004
6781;2004;1479;2004
9244;2004;4934;2004
8580;2004;8621;2004
1338;2004;735;2004
1131;2004;2364;2004
9275;2004;664;2004
4234;2004;3691;2004
0500;2004;6868;2004
9776;2004;9242;2004
5919;2004;790;2004
5891;2004;1193;2004
5573;2004;13508;2004
6330;2004;10378;2004
6723;2004;38354;2004
2069;2004;40127;2004
3040;2004;3028;2004
0960;2004;3312;2004
7166;2004;24974;2004
8339;2004;15608;2004
6084;2004;10653;2004
0206;2004;2490;2004
4954;2004;2496;2004
4292;2004;11507;2004
9339;2004;4547;2004
4929;2004;3085;2004
3783;2004;6562;2004
2451;2004;1687;2004
9126;2004;7376;2004
2092;2004;1638;2004
7437;2004;1699;2004
8922;2004;1711;2004
6402;2004;1382;2004
2195;2004;7275;2004
4795;2004;2501;2004
5286;2004;3590;2004
0384;2004;3735;2004
7120;2004;1023;2004
0055;2004;519;2004
1507;2004;1868;2004
2174;2004;12918;2004
1790;2004;17122;2004
5033;2004;1030;2004
6099;2004;11929;2004
7121;2004;19512;2004
7191;2004;987;2004
1312;2004;1921;2004
7852;2004;10907;2004
8351;2004;13825;2004
9201;2004;31600;2004
7297;2004;2749;2004
9668;2004;4515;2004
5227;2004;2402;2004
2007;2004;13743;2004
1747;2004;22805;2004
7653;2004;7404;2004
2119;2004;7088;2004
4301;2004;12964;2004
6990;2004;11443;2004
3939;2004;1052;2004
6551;2004;15225;2004
5233;2004;6291;2004
4196;2004;1098;2004
9014;2004;2700;2004
5469;2004;5699;2004
8249;2004;10487;2004
9697;2004;5571;2004
7200;2004;3844;2004
7939;2004;7496;2004
0481;2004;6616;2004
7016;2004;6092;2004
8972;2004;7757;2004
2218;2004;2926;2004
0381;2004;5673;2004
1195;2004;2727;2004
9610;2004;1917;2004
6568;2004;873;2004
8169;2004;2714;2004
8340;2004;61951;2004
4626;2004;1423;2004
9401;2004;1951;2004
0788;2004;1898;2004
3059;2004;2351;2004
5858;2004;1101;2004
8038;2004;1512;2004
3398;2004;1501;2004
3966;2004;1062;2004
2586;2004;1650;2004
7795;2004;1457;2004
4357;2004;2614;2004
5788;2004;1663;2004
7176;2004;2179;2004
8035;2004;3467;2004
3530;2004;4177;2004
6637;2004;2664;2004
2751;2004;2960;2004
8594;2004;4295;2004
1964;2004;2692;2004
9049;2004;2094;2004
9892;2004;3883;2004
7656;2004;3535;2004
3075;2004;1537;2004
4545;2004;1156;2004
5738;2004;1177;2004
4921;2004;1957;2004
8164;2004;2621;2004
7871;2004;564;2004
0975;2004;5531;2004
3809;2004;3741;2004
8753;2004;1877;2004
2035;2004;4103;2004
1636;2004;1939;2004
9367;2004;1761;2004
5073;2004;13171;2004
3315;2004;5152;2004
2987;2004;4205;2004
7490;2004;2628;2004
7988;2004;2080;2004
0009;2004;1829;2004
8327;2004;1510;2004
1537;2004;2161;2004
8130;2004;649;2004
2535;2004;3081;2004
9153;2004;2606;2004
0289;2004;2475;2004
7611;2004;1406;2004
6384;2004;1353;2004
6761;2004;5515;2004
3386;2004;9807;2004
7653;2004;3202;2004
9590;2004;3257;2004
8833;2004;2336;2004
2955;2004;2265;2004
3043;2004;899;2004
1870;2004;3774;2004
1840;2004;1265;2004
0421;2004;845;2004
2242;2004;3365;2004
3108;2004;3901;2004
2430;2004;1019;2004
3786;2004;11528;2004
0134;2004;4246;2004
2466;2004;646;2004
1266;2004;4125;2004
9987;2004;6059;2004
4911;2004;1602;2004
1549;2004;3559;2004
9905;2004;3012;2004
7986;2004;629;2004
7117;2004;49379;2004
9116;2004;63381;2004
8316;2004;7327;2004
4666;2004;6092;2004
7061;2004;37761;2004
4675;2004;26967;2004
9609;2004;9191;2004
3465;2004;27601;2004
5305;2004;10630;2004
6905;2004;15518;2004
2212;2004;37247;2004
0051;2004;12293;2004
3276;2004;5368;2004
0628;2004;7175;2004
6495;2004;2117;2004
2082;2004;21037;2004
8106;2004;49265;2004
3844;2004;3321;2004
8488;2004;7780;2004
1880;2004;13368;2004
5268;2004;19649;2004
5932;2004;3773;2004
1306;2004;81600;2004
8134;2004;66678;2004
8110;2004;6825;2004
2293;2004;19210;2004
3311;2004;12494;2004
7406;2004;6836;2004
4493;2004;1831;2004
2191;2004;12624;2004
0814;2004;15319;2004
3698;2004;31895;2004
0503;2004;15900;2004
6226;2004;104409;2004
6389;2004;29596;2004
8802;2004;18676;2004
1402;2004;18522;2004
0768;2004;4542;2004
0191;2004;5945;2004
7109;2004;1776;2004
6414;2004;58967;2004
2685;2004;6676;2004
5697;2004;30527;2004
8362;2004;13297;2004
8121;2004;36439;2004
2511;2004;7889;2004
7043;2004;13138;2004
2471;2004;32263;2004
9545;2004;988141;2004
1853;2004;33099;2004
0216;2004;23082;2004
6707;2004;14824;2004
3354;2004;12814;2004
5394;2004;5935;2004
2000;2004;20272;2004
0140;2004;13675;2004
7555;2004;40412;2004
4222;2004;25519;2004
6048;2004;58538;2004
4369;2004;81253;2004
2559;2004;10615;2004
4250;2004;25213;2004
1555;2004;38028;2004
8941;2004;55662;2004
3315;2004;7279;2004
0144;2004;10473;2004
1055;2004;49598;2004
1724;2004;25996;2004
9480;2004;3412;2004
6170;2004;9649;2004
1482;2004;8798;2004
7540;2004;28306;2004
9047;2004;32146;2004
9318;2004;18880;2004
3734;2004;5808;2004
8774;2004;15047;2004
5003;2004;5149;2004
4432;2004;3108;2004
6436;2004;33961;2004
9556;2004;16698;2004
6517;2004;7628;2004
4994;2004;16769;2004
5396;2004;47297;2004
6328;2004;89193;2004
2070;2004;3449;2004
3794;2004;20439;2004
8811;2004;27409;2004
9036;2004;4600;2004
2021;2004;22302;2004
9790;2004;11224;2004
2131;2004;9097;2004
0716;2004;5905;2004
8723;2004;3463;2004
0831;2004;4243;2004
6485;2004;2218;2004
1483;2004;2018;2004
7390;2004;23277;2004
5931;2004;11266;2004
3890;2004;7768;2004
5500;2004;54492;2004
8043;2004;3384;2004
2951;2004;4710;2004
1573;2004;4249;2004
7775;2004;2528;2004
8073;2004;382;2004
3340;2004;2750;2004
0621;2004;5606;2004
3488;2004;1099;2004
2827;2004;3713;2004
4879;2004;2384;2004
7239;2004;1631;2004
0937;2004;2057;2004
0746;2004;967;2004
3663;2004;1193;2004
6888;2004;2307;2004
1700;2004;1702;2004
3430;2004;10205;2004
7261;2004;2432;2004
6074;2004;590;2004
6024;2004;2498;2004
3106;2004;2965;2004
6327;2004;1442;2004
3990;2004;1778;2004
5501;2004;3301;2004
7042;2004;3447;2004
3895;2004;5205;2004
0394;2004;4095;2004
3349;2004;3804;2004
2631;2004;857;2004
1148;2004;8337;2004
1256;2004;1924;2004
8730;2004;1956;2004
0921;2004;2933;2004
2956;2004;1699;2004
2933;2004;3611;2004
5111;2004;6230;2004
0681;2004;1250;2004
7454;2004;3160;2004
7195;2004;1707;2004
6840;2004;1998;2004
9019;2004;12373;2004
9585;2004;8217;2004
3734;2004;553;2004
0056;2004;4177;2004
2488;2004;3441;2004
9725;2004;9636;2004
4461;2004;2327;2004
2382;2004;1477;2004
9536;2004;7843;2004
0089;2004;3092;2004
6309;2004;5332;2004
5569;2004;905;2004
6654;2004;10074;2004
4756;2004;8293;2004
4120;2004;1369;2004
4535;2004;1762;2004
2983;2004;5065;2004
6005;2004;4480;2004
6764;2004;1712;2004
6255;2004;1849;2004
2187;2004;711;2004
4254;2004;2604;2004
1398;2004;374;2004
2415;2004;2518;2004
7281;2004;1590;2004
9911;2004;2924;2004
8428;2004;3379;2004
9311;2004;1777;2004
9083;2004;2877;2004
4554;2004;2351;2004
4116;2004;873;2004
8085;2004;3449;2004
9594;2004;827;2004
5865;2004;1234;2004
9153;2004;4686;2004
4659;2004;2442;2004
8989;2004;842;2004
5378;2004;1470;2004
1930;2004;1869;2004
9333;2004;1532;2004
0383;2004;1880;2004
4602;2004;887;2004
7449;2004;741;2004
1046;2004;4307;2004
4343;2004;1429;2004
7802;2004;2065;2004
4761;2004;1288;2004
1039;2004;1415;2004
0250;2004;935;2004
4994;2004;7296;2004
1867;2004;2567;2004
2135;2004;12221;2004
1034;2004;587;2004
6968;2004;3314;2004
6733;2004;3246;2004
3678;2004;1602;2004
7662;2004;1626;2004
4115;2004;2718;2004
2061;2004;1582;2004
5685;2004;2283;2004
0416;2004;1374;2004
2199;2004;654;2004
0025;2004;1211;2004
9641;2004;914;2004
9136;2004;3002;2004
1252;2004;1489;2004
1566;2004;2602;2004
0366;2004;992;2004
9992;2004;1987;2004
4183;2004;4121;2004
2100;2004;1358;2004
4968;2004;2954;2004
7664;2004;20040;2004
2302;2004;6357;2004
8222;2004;1114;2004
4817;2004;6731;2004
7001;2004;5493;2004
7655;2004;30478;2004
7339;2004;1769;2004
4528;2004;5554;2004
0048;2004;2303;2004
1206;2004;962;2004
6829;2004;2458;2004
9298;2004;15732;2004
8494;2004;50761;2004
7467;2004;941;2004
4087;2004;5348;2004
9179;2004;5552;2004
5398;2004;2637;2004
4328;2004;2934;2004
9093;2004;1482;2004
5769;2004;7032;2004
3034;2004;15453;2004
1530;2004;544;2004
7503;2004;1126;2004
0263;2004;20712;2004
8221;2004;1256;2004
5691;2004;1554;2004
7095;2004;4688;2004
5545;2004;2025;2004
6340;2004;2061;2004
4332;2004;7912;2004
0593;2004;2325;2004
0629;2004;741;2004
5851;2004;13078;2004
2937;2004;2831;2004
4074;2004;1235;2004
5311;2004;53019;2004
6166;2004;2027;2004
7508;2004;4989;2004
4579;2004;2522;2004
9681;2004;2386;2004
3734;2004;1320;2004
1577;2004;3816;2004
1281;2004;729;2004
7461;2004;918;2004
9342;2004;3210;2004
7318;2004;2484;2004
9664;2004;706;2004
6631;2004;588;2004
5727;2004;36788;2004
5341;2004;1337;2004
6874;2004;12850;2004
8817;2004;838;2004
8506;2004;1302;2004
0750;2004;4540;2004
6125;2004;11333;2004
9883;2004;1420;2004
7006;2004;1130;2004
3430;2004;1079;2004
7442;2004;1087;2004
4538;2004;1900;2004
2220;2004;909;2004
6759;2004;1526;2004
2415;2004;1084;2004
2958;2004;857;2004
6714;2004;5667;2004
3331;2004;20916;2004
6624;2004;2999;2004
1887;2004;1906;2004
4423;2004;2220;2004
2510;2004;2492;2004
8816;2004;8829;2004
1614;2004;11908;2004
1659;2004;614;2004
6911;2004;1699;2004
2247;2004;7041;2004
1938;2004;739;2004
9354;2004;46411;2004
6624;2004;23890;2004
7132;2004;2077;2004
2426;2004;2230;2004
7239;2004;6580;2004
6214;2004;3950;2004
1008;2004;1571;2004
5503;2004;1257;2004
6115;2004;802;2004
1160;2004;5514;2004
9190;2004;33758;2004
2980;2004;4078;2004
0374;2004;10371;2004
8138;2004;1820;2004
9994;2004;1040;2004
1584;2004;734;2004
4697;2004;1234;2004
7654;2004;1656;2004
2380;2004;2944;2004
0802;2004;5391;2004
1653;2004;2505;2004
1891;2004;23779;2004
6531;2004;3919;2004
2433;2004;2295;2004
6706;2004;1972;2004
0409;2004;907;2004
9350;2004;2472;2004
9221;2004;1344;2004
1579;2004;7487;2004
5575;2004;1789;2004
3133;2004;9432;2004
5882;2004;2004;2004
6679;2004;385;2004
1812;2004;901;2004
6883;2004;912;2004
6570;2004;667;2004
2843;2004;12621;2004
7851;2004;2037;2004
8518;2004;137647;2004
5936;2004;653;2004
3872;2004;6476;2004
9015;2004;3789;2004
0518;2004;4638;2004
0237;2004;2328;2004
1713;2004;9603;2004
2807;2004;999;2004
0544;2004;737;2004
5135;2004;1706;2004
9585;2004;1811;2004
3605;2004;3270;2004
6091;2004;753;2004
1433;2004;2705;2004
3297;2004;8620;2004
9173;2004;539;2004
1563;2004;9743;2004
7442;2004;2869;2004
1985;2004;6995;2004
0006;2004;31435;2004
7560;2004;5136;2004
8948;2004;49496;2004
8627;2004;1473;2004
2296;2004;359;2004
0330;2004;3800;2004
0424;2004;1422;2004
5692;2004;10245;2004
1133;2004;3494;2004
5173;2004;839;2004
2800;2004;1010;2004
2711;2004;8140;2004
4617;2004;1632;2004
0132;2004;1242;2004
0329;2004;2345;2004
2161;2004;559;2004
8260;2004;4050;2004
4361;2004;1704;2004
6021;2004;412;2004
3214;2004;8896;2004
7850;2004;1766;2004
5427;2004;3089;2004
5175;2004;8544;2004
0220;2004;12744;2004
2231;2004;412;2004
5166;2004;1522;2004
9550;2004;780;2004
4330;2004;411;2004
9283;2004;1244;2004
0844;2004;39228;2004
8519;2004;3708;2004
5883;2004;650;2004
4866;2004;1764;2004
1085;2004;782;2004
5930;2004;350;2004
1209;2004;1100;2004
3194;2004;1424;2004
4431;2004;176;2004
9029;2004;918;2004
7260;2004;685;2004
9013;2004;1066;2004
6989;2004;264;2004
6574;2004;962;2004
9597;2004;5425;2004
6392;2004;681;2004
6152;2004;264;2004
5744;2004;553;2004
7866;2004;100;2004
7974;2004;5238;2004
0314;2004;508;2004
8839;2004;365;2004
4488;2004;5735;2004
0985;2004;1069;2004
3193;2004;185;2004
2943;2004;1182;2004
7993;2004;11056;2004
1647;2004;1739;2004
3454;2004;1087;2004
4897;2004;312;2004
4473;2004;3400;2004
6043;2004;276;2004
9434;2004;1022;2004
0194;2004;1481;2004
2093;2004;253;2004
9500;2004;1011;2004
6437;2004;442;2004
8595;2004;442;2004
7066;2004;586;2004
1491;2004;314;2004
4034;2004;2291;2004
2376;2004;593;2004
1065;2004;1994;2004
9049;2004;70556;2004
4692;2004;1738;2004
8646;2004;5817;2004
4411;2004;944;2004
9094;2004;3795;2004
5330;2004;1540;2004
2077;2004;455;2004
4114;2004;2821;2004
2798;2004;1528;2004
0037;2004;602;2004
6036;2004;1035;2004
8979;2004;618;2004
9041;2004;467;2004
3594;2004;1025;2004
1663;2004;752;2004
9992;2004;1975;2004
3769;2004;1259;2004
5870;2004;1305;2004
1546;2004;725;2004
1670;2004;2160;2004
7946;2004;4470;2004
0627;2004;1202;2004
8482;2004;1293;2004
4356;2004;3252;2004
4565;2004;1028;2004
6545;2004;556;2004
6735;2004;7890;2004
5962;2004;1049;2004
9925;2004;2988;2004
0010;2004;717;2004
3068;2004;718;2004
1002;2004;624;2004
6186;2004;467;2004
5454;2004;1561;2004
9611;2004;185;2004
9078;2004;1682;2004
7609;2004;4044;2004
0984;2004;143;2004
4917;2004;1675;2004
2122;2004;571;2004
8114;2004;1314;2004
9441;2004;426;2004
6989;2004;123;2004
0364;2004;2569;2004
6763;2004;2075;2004
3524;2004;610;2004
0024;2004;2796;2004
3816;2004;2641;2004
3409;2004;444;2004
9274;2004;25300;2004
4575;2004;6685;2004
6549;2004;363;2004
9561;2004;2937;2004
4430;2004;6073;2004
1994;2004;631;2004
9897;2004;197;2004
2152;2004;436;2004
7407;2004;963;2004
5243;2004;639;2004
1945;2004;976;2004
5965;2004;10880;2004
9198;2004;1869;2004
1359;2004;955;2004
1813;2004;11279;2004
8534;2004;2447;2004
0438;2004;7226;2004
8746;2004;2144;2004
4243;2004;7474;2004
7370;2004;1877;2004
1590;2004;568;2004
1758;2004;6993;2004
6807;2004;1304;2004
6850;2004;2489;2004
7942;2004;1611;2004
9393;2004;2724;2004
3629;2004;1951;2004
7366;2004;5335;2004
0132;2004;2271;2004
6322;2004;3411;2004
8131;2004;2492;2004
1134;2004;3960;2004
9438;2004;775;2004
3029;2004;1559;2004
7720;2004;408;2004
0022;2004;21866;2004
0451;2004;4944;2004
5937;2004;1173;2004
5650;2004;8011;2004
7268;2004;3474;2004
4475;2004;8529;2004
0112;2004;4763;2004
1503;2004;6877;2004
0981;2004;1704;2004
4853;2004;303;2004
1093;2004;13550;2004
7984;2004;645;2004
2666;2004;23516;2004
3619;2004;9099;2004
2024;2004;5336;2004
6259;2004;15070;2004
8397;2004;52177;2004
2171;2004;1685;2004
3803;2004;2698;2004
9730;2004;8449;2004
1357;2004;1485;2004
7566;2004;1203;2004
6581;2004;14686;2004
4015;2004;465;2004
5271;2004;3705;2004
9582;2004;1245;2004
9864;2004;399;2004
9116;2004;2906;2004
4127;2004;3803;2004
9893;2004;2103;2004
0820;2004;729;2004
5745;2004;917;2004
0255;2004;1479;2004
8181;2004;9502;2004
0216;2004;12903;2004
8796;2004;1330;2004
0955;2004;2050;2004
9837;2004;5546;2004
7325;2004;293;2004
9611;2004;1649;2004
3095;2004;1752;2004
4722;2004;1705;2004
0704;2004;3159;2004
4992;2004;7631;2004
2629;2004;6123;2004
5008;2004;1114;2004
5743;2004;42960;2004
2571;2004;3230;2004
7619;2004;1785;2004
1938;2004;12601;2004
3622;2004;118035;2004
3462;2004;548;2004
0483;2004;7734;2004
5578;2004;1379;2004
7711;2004;570;2004
0403;2004;5615;2004
0562;2004;998;2004
7944;2004;3153;2004
8039;2004;309;2004
4191;2004;342;2004
3975;2004;1948;2004
3410;2004;3978;2004
8876;2004;600;2004
0140;2004;16438;2004
6672;2004;2799;2004
9178;2004;3132;2004
1123;2004;877;2004
3297;2004;448;2004
1822;2004;847;2004
3302;2004;2618;2004
5443;2004;2335;2004
3917;2004;1354;2004
7168;2004;1205;2004
9760;2004;10412;2004
2605;2004;948;2004
5066;2004;427;2004
0774;2004;4998;2004
3819;2004;126;2004
9125;2004;1509;2004
8540;2004;733;2004
5643;2004;754;2004
5382;2004;1429;2004
6686;2004;1075;2004
0150;2004;6459;2004
0003;2004;3016;2004
0348;2004;5906;2004
8862;2004;3969;2004
0706;2004;462;2004
9854;2004;2121;2004
6780;2004;1057;2004
5667;2004;52921;2004
4612;2004;430;2004
7215;2004;967;2004
2952;2004;261;2004
0466;2004;569;2004
2342;2004;3082;2004
3910;2004;4647;2004
8472;2004;407;2004
9639;2004;1939;2004
6920;2004;1623;2004
5326;2004;1090;2004
1405;2004;5700;2004
0892;2004;435;2004
0890;2004;23613;2004
1473;2004;1100;2004
4882;2004;1953;2004
9899;2004;1230;2004
5592;2004;374;2004
4704;2004;1674;2004
6462;2004;3053;2004
8874;2004;1360;2004
5007;2004;9552;2004
5630;2004;479;2004
3712;2004;1490;2004
9367;2004;36052;2004
6155;2004;755;2004
1288;2004;411;2004
1795;2004;803;2004
7343;2004;4538;2004
4635;2004;1058;2004
2860;2004;180;2004
2680;2004;102;2004
9988;2004;899;2004
2123;2004;2488;2004
1033;2004;2169;2004
4460;2004;4099;2004
8748;2004;23115;2004
7796;2004;4517;2004
6285;2004;1504;2004
7780;2004;1117;2004
1930;2004;1157;2004
0201;2004;341;2004
0312;2004;560;2004
4826;2004;1616;2004
9215;2004;1151;2004
9473;2004;964;2004
1679;2004;2331;2004
1258;2004;1113;2004
4451;2004;919;2004
2985;2004;1452;2004
1630;2004;3960;2004
2198;2004;1936;2004
6994;2004;2325;2004
0059;2004;1396;2004
0066;2004;1602;2004
8107;2004;143;2004
2314;2004;323;2004
2691;2004;1173;2004
6714;2004;276;2004
7311;2004;10486;2004
4080;2004;1033;2004
6994;2004;17834;2004
7078;2004;1746;2004
8274;2004;2421;2004
0004;2004;4972;2004
2546;2004;3631;2004
5706;2004;1279;2004
8990;2004;509;2004
9592;2004;4277;2004
1177;2004;3108;2004
5280;2004;1988;2004
2887;2004;1096;2004
6763;2004;3899;2004
1148;2004;1517;2004
8822;2004;1378;2004
4397;2004;524;2004
2727;2004;1782;2004
3451;2004;36480;2004
1285;2004;1039;2004
7323;2004;2438;2004
2301;2004;1454;2004
3673;2004;145;2004
0991;2004;155;2004
5994;2004;772;2004
9948;2004;2687;2004
6291;2004;8153;2004
2797;2004;1791;2004
8100;2004;1415;2004
1117;2004;50791;2004
6986;2004;616;2004
7216;2004;2243;2004
4253;2004;1022;2004
6792;2004;6614;2004
2766;2004;2354;2004
0650;2004;619;2004
2234;2004;386;2004
5442;2004;658;2004
6192;2004;1826;2004
9573;2004;1115;2004
9074;2004;4121;2004
7934;2004;710;2004
8931;2004;610;2004
6946;2004;825;2004
9089;2004;2337;2004
4682;2004;474;2004
7725;2004;3295;2004
3232;2004;1611;2004
6806;2004;1659;2004
7549;2004;847;2004
5262;2004;1189;2004
7148;2004;806;2004
9461;2004;5376;2004
7729;2004;1861;2004
7654;2004;7165;2004
2663;2004;893;2004
5626;2004;890;2004
8725;2004;616;2004
7288;2004;704;2004
5076;2004;1294;2004
4209;2004;1081;2004
4271;2004;1871;2004
2000;2004;179;2004
2140;2004;675;2004
6234;2004;1196;2004
9189;2004;1559;2004
5679;2004;1788;2004
7629;2004;457;2004
2909;2004;506;2004
3143;2004;6629;2004
6630;2004;515;2004
8402;2004;715;2004
8848;2004;1334;2004
8180;2004;1939;2004
4006;2004;3524;2004
5151;2004;1271;2004
2809;2004;1529;2004
0790;2004;243;2004
1133;2004;2581;2004
0324;2004;149;2004
0357;2004;5663;2004
9604;2004;653;2004
8271;2004;2694;2004
0445;2004;977;2004
7348;2004;1310;2004
2695;2004;675;2004
8460;2004;255;2004
3717;2004;731;2004
0823;2004;1187;2004
4484;2004;696;2004
0509;2004;1081;2004
0482;2004;1147;2004
6525;2004;4824;2004
3294;2004;720;2004
2836;2004;462;2004
3656;2004;4871;2004
8688;2004;374;2004
2474;2004;2179;2004
3689;2004;2125;2004
8338;2004;1446;2004
9697;2004;916;2004
6342;2004;30769;2004
7316;2004;838;2004
0582;2004;1494;2004
7013;2004;5195;2004
5110;2004;1081;2004
6495;2004;2956;2004
4777;2004;2903;2004
7358;2004;2614;2004
7439;2004;1069;2004
0115;2004;2101;2004
5018;2004;13643;2004
6659;2004;6339;2004
6445;2004;3027;2004
9296;2004;3832;2004
8365;2004;8553;2004
8068;2004;2745;2004
0009;2004;5914;2004
7074;2004;1139;2004
0494;2004;4574;2004
3631;2004;1887;2004
9320;2004;2072;2004
4735;2004;1954;2004
7861;2004;1440;2004
4839;2004;1668;2004
4215;2004;1928;2004
4134;2004;193;2004
9166;2004;57840;2004
5121;2004;1771;2004
8518;2004;4051;2004
0933;2004;715;2004
2566;2004;154801;2004
4612;2004;4469;2004
1780;2004;420;2004
1530;2004;6251;2004
7874;2004;34919;2004
5385;2004;57451;2004
6980;2004;12724;2004
4798;2004;6436;2004
4110;2004;1261;2004
1262;2004;13650;2004
9409;2004;908;2004
0111;2004;3187;2004
2761;2004;17860;2004
7028;2004;916;2004
3899;2004;4314;2004
6447;2004;2875;2004
8824;2004;2847;2004
3969;2004;2235;2004
4523;2004;2005;2004
4475;2004;3696;2004
0557;2004;1266;2004
2295;2004;14450;2004
8797;2004;26465;2004
1945;2004;15298;2004
6222;2004;1373;2004
3583;2004;16862;2004
1599;2004;5998;2004
3054;2004;55697;2004
1368;2004;2298;2004
3592;2004;4130;2004
8631;2004;4797;2004
8123;2004;5034;2004
0124;2004;16946;2004
7661;2004;14427;2004
2461;2004;7357;2004
0817;2004;7906;2004
1883;2004;13557;2004
9910;2004;540;2004
3470;2004;1916;2004
5274;2004;2602;2004
7455;2004;3075;2004
0240;2004;21516;2004
8140;2004;16644;2004
8228;2004;10924;2004
3698;2004;66493;2004
8809;2004;97269;2004
3866;2004;319046;2004
3518;2004;92956;2004
6534;2004;1955;2004
2434;2004;53377;2004
9455;2004;10486;2004
3373;2004;56839;2004
9814;2004;10272;2004
9318;2004;31320;2004
1383;2004;14756;2004
4316;2004;17474;2004
1980;2004;12601;2004
1283;2004;18424;2004
9108;2004;5231;2004
4205;2004;24386;2004
3438;2004;46222;2004
9365;2004;27736;2004
2978;2004;20522;2004
7093;2004;43016;2004
3018;2004;12737;2004
1847;2004;13957;2004
4083;2004;9924;2004
2430;2004;36923;2004
9395;2004;26328;2004
9735;2004;60654;2004
8895;2004;47856;2004
5995;2004;19535;2004
7924;2004;24275;2004
7127;2004;21371;2004
4440;2004;1482;2004
0856;2004;16884;2004
1539;2004;27985;2004
8524;2004;17958;2004
8250;2004;25849;2004
2338;2004;6898;2004
7932;2004;9577;2004
8496;2004;26471;2004
0061;2004;7214;2004
2299;2004;27396;2004
3505;2004;8804;2004
4127;2004;54174;2004
1053;2004;27252;2004
4004;2004;11296;2004
9785;2004;17942;2004
1713;2004;7130;2004
9348;2004;6161;2004
3131;2004;17385;2004
3008;2004;13179;2004
0639;2004;3491;2004
4123;2004;5556;2004
4860;2004;22346;2004
1218;2004;32183;2004
1633;2004;14988;2004
3285;2004;6431;2004
1773;2004;10141;2004
4088;2004;31771;2004
7197;2004;49026;2004
0687;2004;5450;2004
9936;2004;31227;2004
7458;2004;5155;2004
4326;2004;4297;2004
8487;2004;2344;2004
9598;2004;16526;2004
8622;2004;7726;2004
9626;2004;15859;2004
2689;2004;10500;2004
8385;2004;1796;2004
5594;2004;15769;2004
1945;2004;9016;2004
5688;2004;16535;2004
2499;2004;201878;2004
9250;2004;4135;2004
3199;2004;14589;2004
6281;2004;88631;2004
6181;2004;15290;2004
0197;2004;20651;2004
8391;2004;6798;2004
1692;2004;12034;2004
6282;2004;8845;2004
7138;2004;38844;2004
9382;2004;36457;2004
3816;2004;15305;2004
0523;2004;27441;2004
6670;2004;15319;2004
5568;2004;32794;2004
0438;2004;7112;2004
5347;2004;6231;2004
6771;2004;10516;2004
9404;2004;14803;2004
0790;2004;19764;2004
3365;2004;5132;2004
7635;2004;10606;2004
1454;2004;8847;2004
6992;2004;4864;2004
6922;2004;6601;2004
7894;2004;5141;2004
5298;2004;6277;2004
7115;2004;5159;2004
5803;2004;9711;2004
5614;2004;3623;2004
7446;2004;1868;2004
7498;2004;3018;2004
1805;2004;7339;2004
8784;2004;11033;2004
3483;2004;1759;2004
7075;2004;2676;2004
2407;2004;12204;2004
9867;2004;3896;2004
7274;2004;20471;2004
9451;2004;3074;2004
6247;2004;4189;2004
7690;2004;5380;2004
7252;2004;11144;2004
7891;2004;6667;2004
5310;2004;23169;2004
4136;2004;5750;2004
1202;2004;5743;2004
3572;2004;4171;2004
8073;2004;9128;2004
4239;2004;3201;2004
5982;2004;5533;2004
6232;2004;27729;2004
0766;2004;15999;2004
2142;2004;20814;2004
2664;2004;1230;2004
0434;2004;1776;2004
0292;2004;6049;2004
9964;2004;87653;2004
8051;2004;8140;2004
5021;2004;13976;2004
3456;2004;10580;2004
6639;2004;15284;2004
2479;2004;9566;2004
4921;2004;1773;2004
6288;2004;11633;2004
3098;2004;9593;2004
5488;2004;7494;2004
1027;2004;2210;2004
7990;2004;3670;2004
1286;2004;3899;2004
7430;2004;13821;2004
5283;2004;2766;2004
5676;2004;3510;2004
7672;2004;5159;2004
2404;2004;30765;2004
3020;2004;5718;2004
1266;2004;2618;2004
0767;2004;8368;2004
2249;2004;2518;2004
1936;2004;5530;2004
9724;2004;1592;2004
0919;2004;9335;2004
6891;2004;1708;2004
9595;2004;6076;2004
3605;2004;5673;2004
2879;2004;10613;2004
7266;2004;9683;2004
8722;2004;8908;2004
0704;2004;4559;2004
0223;2004;1464;2004
0888;2004;7753;2004
5773;2004;5822;2004
6434;2004;6062;2004
1975;2004;3694;2004
8241;2004;3089;2004
3303;2004;6820;2004
7759;2004;1918;2004
3541;2004;4126;2004
4549;2004;5516;2004
0952;2004;5003;2004
4247;2004;3835;2004
7841;2004;15156;2004
7645;2004;2630;2004
4053;2004;4462;2004
9883;2004;1758;2004
7833;2004;13427;2004
6796;2004;12477;2004
1310;2004;12582;2004
7107;2004;2897;2004
4333;2004;14463;2004
3298;2004;17718;2004
5014;2004;5285;2004
3962;2004;11180;2004
4580;2004;4259;2004
3084;2004;14277;2004
2747;2004;7576;2004
9545;2004;2130;2004
7748;2004;2183;2004
5637;2004;2549;2004
1329;2004;4795;2004
1891;2004;1713;2004
6428;2004;2853;2004
8730;2004;1581;2004
0960;2004;1925;2004
9759;2004;751;2004
4764;2004;3842;2004
4799;2004;11987;2004
1560;2004;1971;2004
0536;2004;1491;2004
6026;2004;2740;2004
1248;2004;3241;2004
7108;2004;5400;2004
9393;2004;4144;2004
8791;2004;929;2004
3933;2004;2118;2004
0062;2004;536;2004
4752;2004;921;2004
4987;2004;1553;2004
5287;2004;791;2004
2226;2004;375;2004
8974;2004;1251;2004
9704;2004;2280;2004
9720;2004;933;2004
9082;2004;952;2004
7744;2004;1655;2004
4522;2004;1332;2004
7381;2004;832;2004
0174;2004;2108;2004
3385;2004;2885;2004
6443;2004;1582;2004
0762;2004;714;2004
8094;2004;3207;2004
3050;2004;2456;2004
8176;2004;4333;2004
6309;2004;996;2004
9244;2004;6101;2004
6493;2004;1816;2004
6795;2004;732;2004
1534;2004;5993;2004
6584;2004;5065;2004
7081;2004;2162;2004
6261;2004;13681;2004
6602;2004;13397;2004
8330;2004;5293;2004
9669;2004;4937;2004
0118;2004;4988;2004
8172;2004;1823;2004
2237;2004;16657;2004
3406;2004;611;2004
5514;2004;4517;2004
1319;2004;1863;2004
8710;2004;1511;2004
1881;2004;5968;2004
2283;2004;1569;2004
7095;2004;1127;2004
8777;2004;3996;2004
9104;2004;5107;2004
8447;2004;2120;2004
5078;2004;6200;2004
0983;2004;4444;2004
7016;2004;1240;2004
2322;2004;5812;2004
4348;2004;68630;2004
8736;2004;4565;2004
5035;2004;1219;2004
5134;2004;13400;2004
4850;2004;1739;2004
7704;2004;2958;2004
7347;2004;1727;2004
9264;2004;3812;2004
4492;2004;3653;2004
6183;2004;1188;2004
3938;2004;1606;2004
0710;2004;1268;2004
2479;2004;865;2004
6984;2004;3712;2004
3892;2004;922;2004
1587;2004;1845;2004
1004;2004;1467;2004
0966;2004;6496;2004
6866;2004;1386;2004
4316;2004;906;2004
9003;2004;2384;2004
8366;2004;1217;2004
3055;2004;7244;2004
1820;2004;1747;2004
2984;2004;726;2004
0724;2004;1537;2004
2644;2004;6638;2004
6824;2004;3601;2004
6401;2004;3261;2004
1865;2004;2391;2004
9967;2004;772;2004
3645;2004;2199;2004
3884;2004;12143;2004
2497;2004;3039;2004
8277;2004;3381;2004
6975;2004;3152;2004
3182;2004;741;2004
7333;2004;3697;2004
3673;2004;2225;2004
4079;2004;1252;2004
2064;2004;12057;2004
6911;2004;839;2004
9044;2004;421;2004
6094;2004;1509;2004
0416;2004;805;2004
1084;2004;9300;2004
6111;2004;1180;2004
9259;2004;1118;2004
6294;2004;5611;2004
1508;2004;2555;2004
4602;2004;5558;2004
0939;2004;58362;2004
8387;2004;2594;2004
9960;2004;7891;2004
8072;2004;10101;2004
7501;2004;6509;2004
1843;2004;564;2004
6698;2004;17695;2004
6567;2004;15202;2004
6667;2004;4449;2004
7164;2004;3128;2004
4368;2004;3044;2004
2582;2004;1432;2004
0583;2004;2045;2004
1430;2004;5332;2004
1610;2004;6056;2004
9300;2004;5341;2004
2189;2004;1764;2004
1781;2004;6904;2004
7052;2004;1260;2004
4537;2004;2041;2004
6274;2004;21682;2004
5059;2004;2249;2004
2952;2004;866;2004
6690;2004;1715;2004
1106;2004;683;2004
5604;2004;789;2004
7159;2004;4471;2004
4560;2004;13543;2004
9084;2004;3080;2004
4229;2004;2959;2004
9782;2004;2852;2004
5532;2004;957;2004
0850;2004;9118;2004
3200;2004;1480;2004
1967;2004;10836;2004
8185;2004;1820;2004
8466;2004;3297;2004
5945;2004;2464;2004
5740;2004;1242;2004
9643;2004;1406;2004
6457;2004;2247;2004
3666;2004;848;2004
8228;2004;8389;2004
4296;2004;3586;2004
2733;2004;245;2004
9445;2004;2508;2004
0676;2004;17217;2004
9477;2004;3062;2004
5571;2004;10088;2004
0613;2004;453;2004
6358;2004;22582;2004
7468;2004;3082;2004
8584;2004;538;2004
9617;2004;2756;2004
3177;2004;3291;2004
0861;2004;985;2004
8954;2004;1423;2004
1417;2004;10274;2004
6187;2004;1129;2004
9840;2004;1354;2004
5793;2004;1389;2004
6399;2004;38238;2004
8606;2004;70793;2004
6974;2004;1241;2004
1022;2004;8565;2004
2068;2004;5082;2004
3725;2004;4303;2004
6617;2004;966;2004
6743;2004;4094;2004
2708;2004;1396;2004
1646;2004;1001;2004
7008;2004;2462;2004
0600;2004;3256;2004
0161;2004;3010;2004
1137;2004;2393;2004
7961;2004;8115;2004
7085;2004;1859;2004
7482;2004;2382;2004
4629;2004;1698;2004
9546;2004;2948;2004
0808;2004;2174;2004
3336;2004;910;2004
2096;2004;987;2004
9328;2004;4305;2004
2379;2004;2278;2004
2542;2004;4155;2004
6500;2004;2971;2004
6003;2004;10092;2004
7812;2004;1299;2004
9158;2004;852;2004
2373;2004;1938;2004
3158;2004;3042;2004
2731;2004;1716;2004
0425;2004;2770;2004
3222;2004;2577;2004
8110;2004;1008;2004
6846;2004;8512;2004
1555;2004;1713;2004
6698;2004;17082;2004
8744;2004;2076;2004
2533;2004;4871;2004
8770;2004;3617;2004
5830;2004;1458;2004
0460;2004;521;2004
6014;2004;2804;2004
4127;2004;1438;2004
7394;2004;1884;2004
6663;2004;359;2004
8807;2004;16930;2004
2168;2004;941;2004
6176;2004;2323;2004
2016;2004;1348;2004
8673;2004;2086;2004
6546;2004;945;2004
3317;2004;1451;2004
2390;2004;1430;2004
8163;2004;1189;2004
4092;2004;896;2004
5918;2004;6370;2004
4201;2004;34418;2004
0291;2004;3287;2004
8772;2004;7442;2004
6841;2004;5931;2004
4913;2004;4347;2004
6600;2004;1792;2004
9126;2004;35696;2004
1240;2004;1246;2004
6823;2004;2974;2004
6715;2004;1259;2004
5715;2004;1663;2004
5719;2004;663;2004
8737;2004;3821;2004
3970;2004;1714;2004
9596;2004;2701;2004
5092;2004;1365;2004
6832;2004;1700;2004
5285;2004;18480;2004
6283;2004;868;2004
9284;2004;3404;2004
1183;2004;5950;2004
4949;2004;7510;2004
8985;2004;1266;2004
6934;2004;1467;2004
8441;2004;584;2004
3442;2004;3736;2004
5466;2004;2282;2004
3426;2004;1332;2004
1160;2004;1314;2004
6249;2004;2124;2004
4204;2004;4951;2004
2170;2004;2982;2004
5644;2004;1495;2004
4163;2004;2076;2004
1502;2004;4207;2004
4967;2004;1288;2004
5554;2004;9925;2004
4635;2004;1464;2004
5118;2004;783;2004
2734;2004;1042;2004
2636;2004;7161;2004
2874;2004;4734;2004
2200;2004;2071;2004
2778;2004;2290;2004
4561;2004;5196;2004
1208;2004;967;2004
2217;2004;4799;2004
2182;2004;5920;2004
7168;2004;8975;2004
6494;2004;2749;2004
5337;2004;1311;2004
6418;2004;3383;2004
7330;2004;4962;2004
0838;2004;1878;2004
6368;2004;1054;2004
8829;2004;2000;2004
9328;2004;898;2004
8676;2004;925;2004
8792;2004;561;2004
0666;2004;3328;2004
5570;2004;1428;2004
3744;2004;7214;2004
4779;2004;4634;2004
0502;2004;2071;2004
1190;2004;2578;2004
4125;2004;1724;2004
7223;2004;93845;2004
9153;2004;636;2004
9582;2004;447;2004
3688;2004;1226;2004
8247;2004;6702;2004
2845;2004;1034;2004
3399;2004;1601;2004
0100;2004;2333;2004
8062;2004;3726;2004
5252;2004;6684;2004
0251;2004;5307;2004
8301;2004;3373;2004
0411;2004;3819;2004
3812;2004;2079;2004
8533;2004;644;2004
0371;2004;581;2004
7817;2004;2242;2004
5464;2004;3452;2004
0791;2004;6375;2004
1937;2004;3857;2004
2659;2004;5117;2004
5552;2004;1558;2004
2035;2004;777;2004
9402;2004;1294;2004
3341;2004;4399;2004
6834;2004;488;2004
9053;2004;2191;2004
8982;2004;1009;2004
8432;2004;1320;2004
9398;2004;837;2004
7399;2004;1360;2004
8499;2004;4344;2004
2959;2004;870;2004
5792;2004;4681;2004
1687;2004;631;2004
3841;2004;1335;2004
3828;2004;2223;2004
8991;2004;1259;2004
7869;2004;2808;2004
6500;2004;2343;2004
8396;2004;2343;2004
3199;2004;570;2004
8918;2004;1813;2004
4530;2004;4214;2004
7228;2004;1906;2004
4844;2004;1149;2004
6942;2004;2243;2004
4332;2004;2273;2004
1712;2004;1902;2004
1559;2004;3125;2004
8091;2004;575;2004
4550;2004;6057;2004
6486;2004;3457;2004
2973;2004;5008;2004
3494;2004;2454;2004
7437;2004;3990;2004
2789;2004;934;2004
7924;2004;9680;2004
4957;2004;3400;2004
2796;2004;1649;2004
3260;2004;3268;2004
1084;2004;2356;2004
3058;2004;2632;2004
2624;2004;4037;2004
3697;2004;1246;2004
8782;2004;2241;2004
3295;2004;1879;2004
4255;2004;69956;2004
8961;2004;3373;2004
4872;2004;690;2004
1679;2004;2272;2004
9063;2004;1426;2004
7748;2004;4746;2004
0186;2004;1247;2004
8528;2004;11001;2004
7159;2004;2407;2004
9844;2004;4144;2004
3448;2004;1537;2004
9429;2004;464;2004
0561;2004;8335;2004
4995;2004;3950;2004
1371;2004;3893;2004
7427;2004;1325;2004
9648;2004;1076;2004
4105;2004;751;2004
0092;2004;4187;2004
9521;2004;398;2004
2971;2004;906;2004
4621;2004;605;2004
2657;2004;2181;2004
1624;2004;2440;2004
5414;2004;791;2004
7562;2004;7517;2004
2343;2004;654;2004
9509;2004;6468;2004
9827;2004;10560;2004
2945;2004;5161;2004
3736;2004;982;2004
3800;2004;3522;2004
5555;2004;1840;2004
1061;2004;852;2004
5876;2004;1149;2004
3403;2004;2041;2004
9874;2004;2922;2004
7186;2004;2154;2004
8668;2004;18058;2004
0708;2004;6944;2004
9745;2004;3468;2004
1905;2004;453;2004
6907;2004;5471;2004
7538;2004;12891;2004
0708;2004;3274;2004
1551;2004;6411;2004
5190;2004;1628;2004
3362;2004;589;2004
4033;2004;1037;2004
5328;2004;4981;2004
4083;2004;10710;2004
4469;2004;2724;2004
7332;2004;3466;2004
4508;2004;6610;2004
4757;2004;6374;2004
8739;2004;5490;2004
6163;2004;2545;2004
1210;2004;19421;2004
5690;2004;741;2004
5105;2004;1387;2004
8735;2004;3776;2004
7699;2004;11262;2004
9980;2004;1281;2004
0362;2004;180873;2004
2369;2004;1689;2004
2229;2004;7711;2004
8565;2004;731;2004
8197;2004;6686;2004
9207;2004;1310;2004
5572;2004;14987;2004
2181;2004;1017;2004
4002;2004;3330;2004
5662;2004;570;2004
5201;2004;3078;2004
3446;2004;4155;2004
0777;2004;1531;2004
3583;2004;585;2004
6363;2004;1959;2004
4089;2004;1077;2004
1995;2004;718;2004
9925;2004;398;2004
8795;2004;4004;2004
9996;2004;1334;2004
7968;2004;1378;2004
5297;2004;1028;2004
1308;2004;5129;2004
8540;2004;3234;2004
0617;2004;920;2004
8595;2004;16977;2004
2146;2004;2300;2004
3086;2004;334;2004
7650;2004;1390;2004
1082;2004;2761;2004
5444;2004;15691;2004
1204;2004;559;2004
1240;2004;2280;2004
1747;2004;13238;2004
1980;2004;4457;2004
8932;2004;44255;2004
8093;2004;3186;2004
8636;2004;7372;2004
8321;2004;11189;2004
3203;2004;14670;2004
7570;2004;30656;2004
9007;2004;5019;2004
3517;2004;28602;2004
3149;2004;4194;2004
5738;2004;4563;2004
2581;2004;79608;2004
6329;2004;51055;2004
0074;2004;11122;2004
5311;2004;7407;2004
7263;2004;11323;2004
4571;2004;1693;2004
4154;2004;1779;2004
4210;2004;11392;2004
9436;2004;5164;2004
1187;2004;4039;2004
1193;2004;68951;2004
9625;2004;11500;2004
1009;2004;2314;2004
2764;2004;7550;2004
9748;2004;4076;2004
6975;2004;2366;2004
6806;2004;1349;2004
7839;2004;5840;2004
4356;2004;9612;2004
8351;2004;52873;2004
8343;2004;5594;2004
4710;2004;2021;2004
2934;2004;10401;2004
9696;2004;5091;2004
6253;2004;3622;2004
4101;2004;1631;2004
0237;2004;6483;2004
2312;2004;8527;2004
9460;2004;4400;2004
4560;2004;597;2004
5060;2004;5885;2004
5164;2004;1378;2004
7206;2004;3658;2004
1204;2004;10496;2004
5940;2004;28243;2004
7859;2004;9408;2004
9185;2004;9526;2004
1964;2004;3753;2004
0400;2004;3312;2004
0592;2004;974;2004
2409;2004;13851;2004
8343;2004;5318;2004
5503;2004;3205;2004
4206;2004;3926;2004
1617;2004;10696;2004
1646;2004;4192;2004
4760;2004;1974;2004
6439;2004;11335;2004
5295;2004;9673;2004
4634;2004;7398;2004
3466;2004;2077;2004
8844;2004;1999;2004
1410;2004;2237;2004
9850;2004;1129;2004
1661;2004;1053;2004
9969;2004;1823;2004
5663;2004;6798;2004
3267;2004;3313;2004
4318;2004;7226;2004
4268;2004;6889;2004
2666;2004;2996;2004
4886;2004;24773;2004
1685;2004;33995;2004
8912;2004;6197;2004
0755;2004;3749;2004
0959;2004;2410;2004
5900;2004;676597;2004
6497;2004;31149;2004
1025;2004;3616;2004
3441;2004;3243;2004
9165;2004;6012;2004
6583;2004;3894;2004
9291;2004;3103;2004
0363;2004;5502;2004
7170;2004;1652;2004
5662;2004;2753;2004
8522;2004;5198;2004
7814;2004;8460;2004
3653;2004;2044;2004
7415;2004;993;2004
5995;2004;9893;2004
1931;2004;2759;2004
9024;2004;486;2004
1922;2004;26718;2004
8463;2004;10870;2004
5421;2004;3778;2004
6815;2004;8823;2004
1922;2004;2922;2004
2407;2004;1320;2004
7793;2004;4025;2004
9001;2004;2178;2004
0076;2004;2988;2004
8004;2004;19164;2004
6441;2004;3358;2004
6956;2004;663;2004
9812;2004;1298;2004
9346;2004;2341;2004
9386;2004;891;2004
2744;2004;2586;2004
6346;2004;1074;2004
1418;2004;41231;2004
0685;2004;730;2004
6646;2004;5620;2004
1664;2004;3452;2004
4276;2004;12964;2004
7645;2004;4210;2004
2587;2004;3580;2004
6219;2004;1063;2004
7781;2004;1478;2004
4281;2004;3480;2004
8280;2004;1109;2004
0694;2004;2805;2004
9304;2004;2708;2004
1324;2004;523;2004
3367;2004;2924;2004
6563;2004;1738;2004
6937;2004;1627;2004
3311;2004;579;2004
2116;2004;1165;2004
1890;2004;866;2004
7262;2004;4220;2004
9981;2004;893;2004
9132;2004;3269;2004
5543;2004;3499;2004
6505;2004;2816;2004
3107;2004;3005;2004
9083;2004;399;2004
2904;2004;9301;2004
4823;2004;7214;2004
0474;2004;1548;2004
3838;2004;1931;2004
9835;2004;1684;2004
7899;2004;660;2004
7241;2004;2619;2004
3864;2004;1873;2004
9924;2004;983;2004
7212;2004;10893;2004
1099;2004;1594;2004
7352;2004;872;2004
7094;2004;920;2004
8536;2004;687;2004
6942;2004;1669;2004
8503;2004;2195;2004
7508;2004;248193;2004
7023;2004;32473;2004
5356;2004;1391;2004
2692;2004;1075;2004
4678;2004;5371;2004
5996;2004;826;2004
2599;2004;3044;2004
3623;2004;742;2004
3769;2004;1815;2004
8009;2004;2657;2004
3090;2004;855;2004
5764;2004;918;2004
7368;2004;4383;2004
4154;2004;3613;2004
1783;2004;1607;2004
4347;2004;2074;2004
1757;2004;6140;2004
4792;2004;1215;2004
0766;2004;13149;2004
6164;2004;1497;2004
9687;2004;3849;2004
2019;2004;1312;2004
1173;2004;889;2004
1681;2004;262;2004
9060;2004;4122;2004
1325;2004;1198;2004
1510;2004;825;2004
5448;2004;2307;2004
1231;2004;6376;2004
0502;2004;7050;2004
6292;2004;4362;2004
1406;2004;2132;2004
6798;2004;3087;2004
8183;2004;3367;2004
9964;2004;1561;2004
1634;2004;1206;2004
9764;2004;12965;2004
1676;2004;1355;2004
6740;2004;4700;2004
7814;2004;807;2004
3859;2004;3657;2004
1175;2004;9081;2004
9740;2004;1531;2004
9173;2004;4558;2004
2623;2004;4021;2004
0755;2004;1643;2004
7618;2004;2503;2004
0269;2004;2907;2004
5246;2004;5260;2004
1332;2004;10762;2004
1260;2004;6763;2004
5008;2004;7227;2004
6669;2004;1010;2004
0737;2004;3254;2004
2643;2004;1252;2004
6016;2004;1284;2004
5170;2004;3778;2004
2458;2004;8884;2004
2280;2004;6742;2004
9304;2004;5450;2004
9268;2004;3834;2004
3170;2004;56251;2004
2395;2004;3422;2004
7015;2004;9856;2004
5732;2004;4127;2004
2308;2004;3045;2004
8901;2004;1476;2004
0870;2004;4279;2004
3156;2004;2164;2004
4530;2004;6322;2004
3276;2004;10705;2004
8595;2004;32279;2004
9815;2004;8709;2004
0752;2004;3189;2004
1638;2004;4755;2004
0815;2004;3845;2004
8900;2004;951;2004
8745;2004;32019;2004
9760;2004;6098;2004
1421;2004;1224;2004
2217;2004;6028;2004
6783;2004;37934;2004
6320;2004;2049;2004
5780;2004;12847;2004
4124;2004;2638;2004
9092;2004;3039;2004
4873;2004;8681;2004
0626;2004;22762;2004
2257;2004;16382;2004
1009;2004;9569;2004
2987;2004;13319;2004
5006;2004;13587;2004
3693;2004;4439;2004
5210;2004;19637;2004
3715;2004;6288;2004
6663;2004;3659;2004
5594;2004;8083;2004
1674;2004;2886;2004
2752;2004;6537;2004
5212;2004;1618;2004
5183;2004;5270;2004
6678;2004;40546;2004
9909;2004;4739;2004
6292;2004;1485;2004
6333;2004;1148;2004
9465;2004;651;2004
5439;2004;5181;2004
2465;2004;61200;2004
1131;2004;3489;2004
3988;2004;4451;2004
0669;2004;73897;2004
0705;2004;2170;2004
5893;2004;12497;2004
6266;2004;3371;2004
5331;2004;1756;2004
4247;2004;11369;2004
8172;2004;27291;2004
2732;2004;2366;2004
9953;2004;11869;2004
7746;2004;23266;2004
8140;2004;5905;2004
9382;2004;6405;2004
7565;2004;7520;2004
5836;2004;1618;2004
3738;2004;3760;2004
8177;2004;1849;2004
0808;2004;8285;2004
7759;2004;5428;2004
1499;2004;5376;2004
7120;2004;13293;2004
1179;2004;4751;2004
2247;2004;4933;2004
1946;2004;5782;2004
0465;2004;2318;2004
7438;2004;28502;2004
2367;2004;3756;2004
3917;2004;14043;2004
5057;2004;14779;2004
8244;2004;2898;2004
5375;2004;21296;2004
1099;2004;7303;2004
2924;2004;7709;2004
1389;2004;938;2004
2777;2004;9893;2004
4134;2004;8488;2004
8921;2004;5524;2004
7242;2004;2698;2004
7058;2004;18396;2004
5344;2004;27884;2004
4288;2004;51221;2004
3333;2004;16429;2004
2208;2004;35488;2004
3264;2004;22007;2004
2753;2004;22991;2004
7257;2004;18714;2004
4172;2004;5260;2004
3734;2004;38063;2004
5540;2004;3329;2004
2097;2004;4747;2004
9021;2004;3586;2004
8974;2004;306610;2004
1599;2004;9668;2004
3224;2004;26468;2004
0164;2004;13202;2004
1500;2004;28089;2004
4453;2004;3249;2004
2466;2004;5395;2004
9571;2004;4035;2004
8462;2004;12012;2004
2795;2004;26393;2004
4748;2004;7999;2004
6713;2004;1048;2004
3176;2004;5396;2004
3009;2004;6475;2004
6782;2004;45099;2004
7064;2004;10616;2004
6505;2004;6538;2004
7851;2004;16393;2004
6802;2004;47284;2004
2334;2004;11050;2004
5431;2004;3709;2004
3861;2004;3427;2004
4330;2004;10614;2004
6137;2004;11223;2004
2459;2004;14424;2004
6313;2004;2961;2004
8477;2004;20281;2004
6490;2004;10712;2004
8123;2004;4360;2004
2721;2004;6327;2004
1248;2004;10043;2004
8595;2004;1675;2004
2767;2004;6864;2004
0258;2004;8117;2004
3092;2004;17185;2004
1562;2004;8971;2004
5170;2004;21234;2004
5218;2004;7455;2004
0944;2004;7215;2004
7508;2004;6978;2004
8654;2004;8566;2004
7833;2004;3721;2004
8317;2004;3579;2004
5280;2004;3156;2004
4684;2004;8208;2004
3740;2004;8094;2004
4008;2004;29205;2004
6296;2004;3275;2004
7530;2004;14449;2004
3699;2004;53181;2004
5500;2004;3378;2004
3764;2004;18220;2004
6595;2004;70124;2004
0850;2004;9138;2004
7215;2004;25754;2004
4725;2004;57845;2004
1579;2004;34374;2004
5914;2004;31427;2004
8310;2004;2261;2004
0509;2004;1178;2004
0628;2004;7390;2004
9090;2004;17189;2004
6156;2004;855;2004
8976;2004;2682;2004
4772;2004;21351;2004
2007;2004;12813;2004
7816;2004;24620;2004
4173;2004;12440;2004
9842;2004;23305;2004
9828;2004;21589;2004
5343;2004;9016;2004
4685;2004;20654;2004
7755;2004;122513;2004
0204;2004;7316;2004
3296;2004;9029;2004
0908;2004;3607;2004
9227;2004;11981;2004
3046;2004;1634;2004
9892;2004;1937;2004
3923;2004;39662;2004
8902;2004;764;2004
1886;2004;834;2004
8505;2004;11255;2004
2509;2004;643;2004
4460;2004;2128;2004
8768;2004;2958;2004
7940;2004;470;2004
8442;2004;1100;2004
5393;2004;3745;2004
7440;2004;3929;2004
8974;2004;864;2004
7583;2004;311;2004
7144;2004;786;2004
8381;2004;4067;2004
8314;2004;1148;2004
6697;2004;616;2004
0769;2004;1019;2004
8371;2004;4602;2004
0464;2004;615;2004
3436;2004;5536;2004
2502;2004;486;2004
6116;2004;1850;2004
3907;2004;1297;2004
1704;2004;959;2004
4001;2004;462;2004
0608;2004;1552;2004
0662;2004;658;2004
1904;2004;1045;2004
6868;2004;579;2004
4578;2004;8962;2004
8495;2004;979;2004
0131;2004;11349;2004
0697;2004;1807;2004
5852;2004;2621;2004
6162;2004;759;2004
9593;2004;606;2004
3858;2004;129;2004
8220;2004;2493;2004
8547;2004;2056;2004
2256;2004;741;2004
8938;2004;972;2004
9467;2004;1550;2004
3750;2004;2978;2004
6360;2004;47476;2004
4655;2004;3075;2004
6109;2004;3709;2004
0310;2004;3466;2004
0898;2004;5744;2004
1281;2004;11231;2004
3941;2004;797;2004
4411;2004;3771;2004
8777;2004;3432;2004
8803;2004;2480;2004
2684;2004;4755;2004
4120;2004;21504;2004
7985;2004;2868;2004
1002;2004;737;2004
5952;2004;602;2004
1899;2004;1145;2004
2847;2004;4552;2004
0333;2004;123043;2004
5057;2004;1410;2004
5828;2004;221;2004
3396;2004;7281;2004
4487;2004;981;2004
0106;2004;13634;2004
8177;2004;13938;2004
2444;2004;3108;2004
2376;2004;2010;2004
5029;2004;1009;2004
0008;2004;2015;2004
1853;2004;1658;2004
8063;2004;3037;2004
7367;2004;3878;2004
6815;2004;2530;2004
9539;2004;3756;2004
2469;2004;1953;2004
3026;2004;1848;2004
4089;2004;1676;2004
4286;2004;2082;2004
5195;2004;2439;2004
6928;2004;1612;2004
8773;2004;578;2004
9702;2004;1426;2004
3115;2004;799;2004
0430;2004;1260;2004
9960;2004;2097;2004
5753;2004;1461;2004
4858;2004;2647;2004
9218;2004;1294;2004
8081;2004;941;2004
4258;2004;3854;2004
8972;2004;3844;2004
1022;2004;738;2004
3276;2004;576;2004
3678;2004;3286;2004
4346;2004;3155;2004
6755;2004;2270;2004
3269;2004;1493;2004
0155;2004;7957;2004
2786;2004;4255;2004
4978;2004;2713;2004
5328;2004;8290;2004
4099;2004;744;2004
6497;2004;552;2004
0356;2004;2419;2004
7597;2004;653;2004
7428;2004;820;2004
8744;2004;493;2004
2661;2004;4303;2004
4345;2004;943;2004
4900;2004;1622;2004
5299;2004;2427;2004
0587;2004;2913;2004
7929;2004;956;2004
1777;2004;1421;2004
1613;2004;1016;2004
1320;2004;2251;2004
2988;2004;2287;2004
8361;2004;2975;2004
4051;2004;3287;2004
7513;2004;2214;2004
1688;2004;5752;2004
1146;2004;613;2004
3736;2004;1300;2004
1494;2004;548;2004
4437;2004;2098;2004
8669;2004;2138;2004
7146;2004;1627;2004
7633;2004;10964;2004
0198;2004;633;2004
8294;2004;2572;2004
8037;2004;2032;2004
4744;2004;196;2004
1594;2004;591;2004
7317;2004;364;2004
0589;2004;36701;2004
8991;2004;1011;2004
7617;2004;1417;2004
6722;2004;2387;2004
7374;2004;7552;2004
2372;2004;1496;2004
8209;2004;1032;2004
9700;2004;457;2004
1843;2004;764;2004
6733;2004;957;2004
4319;2004;3092;2004
5958;2004;4507;2004
9957;2004;6075;2004
1765;2004;2290;2004
5932;2004;2656;2004
8335;2004;1375;2004
4462;2004;2874;2004
6759;2004;292;2004
8141;2004;928;2004
0708;2004;2487;2004
8474;2004;1712;2004
7449;2004;2288;2004
7668;2004;2554;2004
6103;2004;1018;2004
7228;2004;197;2004
5989;2004;3621;2004
7148;2004;1851;2004
1826;2004;723;2004
2049;2004;1533;2004
7880;2004;964;2004
9345;2004;2344;2004
5657;2004;1901;2004
3784;2004;11074;2004
0512;2004;1934;2004
4624;2004;1211;2004
6731;2004;1096;2004
6501;2004;3685;2004
8006;2004;783;2004
3156;2004;542;2004
8487;2004;271;2004
0143;2004;2295;2004
5027;2004;2735;2004
2849;2004;10226;2004
9803;2004;1124;2004
4109;2004;1591;2004
6349;2004;1402;2004
3230;2004;715;2004
3510;2004;3570;2004
4494;2004;1197;2004
3890;2004;1568;2004
7001;2004;397;2004
1174;2004;6863;2004
7539;2004;565;2004
1723;2004;25176;2004
6242;2004;969;2004
2269;2004;1061;2004
3994;2004;1401;2004
3317;2004;1127;2004
8517;2004;2935;2004
0473;2004;159425;2004
0598;2004;2819;2004
4887;2004;22244;2004
5415;2004;30032;2004
1012;2004;6453;2004
8264;2004;950;2004
7167;2004;7018;2004
7736;2004;4051;2004
3042;2004;8188;2004
1360;2004;1555;2004
5920;2004;6516;2004
3087;2004;2097;2004
1819;2004;3060;2004
1114;2004;1645;2004
5148;2004;379;2004
6223;2004;955;2004
8295;2004;1385;2004
4365;2004;2127;2004
5982;2004;560;2004
0555;2004;5154;2004
1869;2004;6894;2004
8014;2004;1052;2004
5101;2004;2862;2004
6654;2004;12531;2004
2299;2004;27960;2004
0416;2004;274;2004
5853;2004;1803;2004
0145;2004;2394;2004
3687;2004;6912;2004
7868;2004;4528;2004
5067;2004;4874;2004
2739;2004;1487;2004
8745;2004;3369;2004
1794;2004;2661;2004
5918;2004;1711;2004
6259;2004;976;2004
4236;2004;2973;2004
1381;2004;716;2004
4953;2004;1465;2004
9677;2004;1199;2004
0900;2004;5352;2004
9157;2004;6866;2004
4104;2004;69056;2004
0433;2004;5273;2004
1591;2004;1737;2004
6243;2004;1366;2004
3983;2004;9251;2004
3709;2004;6086;2004
2252;2004;8508;2004
5145;2004;947;2004
2412;2004;6947;2004
4840;2004;3755;2004
1629;2004;1873;2004
6787;2004;2644;2004
8947;2004;11693;2004
6382;2004;3887;2004
2294;2004;4311;2004
8293;2004;5271;2004
6918;2004;1349;2004
6740;2004;28370;2004
3934;2004;1510;2004
2889;2004;4433;2004
7060;2004;2340;2004
8383;2004;9423;2004
7843;2004;5114;2004
2850;2004;16951;2004
2940;2004;6063;2004
7682;2004;174;2004
0203;2004;786;2004
5927;2004;4115;2004
3587;2004;1328;2004
9079;2004;15902;2004
3871;2004;2158;2004
7937;2004;1697;2004
1982;2004;1177;2004
1839;2004;3897;2004
0025;2004;1115;2004
5857;2004;1141;2004
6009;2004;502;2004
8211;2004;3865;2004
7603;2004;577;2004
7065;2004;6870;2004
7510;2004;1983;2004
4750;2004;14606;2004
5293;2004;2910;2004
3875;2004;3761;2004
9328;2004;724;2004
5900;2004;1483;2004
3075;2004;4869;2004
3595;2004;1287;2004
8870;2004;1835;2004
9709;2004;3029;2004
7934;2004;6980;2004
4454;2004;2032;2004
6861;2004;1428;2004
4283;2004;1100;2004
9316;2004;11361;2004
8875;2004;1341;2004
8946;2004;828;2004
6260;2004;8400;2004
4332;2004;20786;2004
3061;2004;307;2004
3112;2004;1274;2004
1070;2004;1689;2004
3483;2004;8702;2004
4264;2004;13696;2004
4116;2004;305;2004
1182;2004;8458;2004
3578;2004;2312;2004
7940;2004;6363;2004
4660;2004;8255;2004
6012;2004;919;2004
5962;2004;1525;2004
4498;2004;4904;2004
8462;2004;465;2004
9063;2004;1142;2004
1878;2004;417;2004
3865;2004;17612;2004
0184;2004;2627;2004
4295;2004;425;2004
2629;2004;1568;2004
7365;2004;10643;2004
4014;2004;10025;2004
9870;2004;693;2004
1037;2004;11627;2004
5906;2004;1741;2004
8802;2004;4678;2004
5337;2004;2847;2004
6234;2004;7510;2004
9508;2004;1673;2004
6882;2004;3182;2004
4693;2004;14285;2004
1263;2004;50203;2004
9588;2004;7396;2004
2083;2004;2909;2004
8550;2004;5080;2004
7401;2004;19348;2004
1525;2004;4398;2004
9790;2004;1452;2004
7785;2004;3994;2004
8809;2004;13721;2004
7045;2004;2182;2004
6793;2004;5681;2004
8756;2004;11643;2004
1433;2004;404;2004
5471;2004;439;2004
3790;2004;1807;2004
5680;2004;2103;2004
7145;2004;916;2004
6768;2004;1295;2004
5245;2004;8455;2004
5859;2004;1556;2004
5139;2004;472;2004
8523;2004;5693;2004
8007;2004;827;2004
3130;2004;880;2004
6382;2004;754;2004
5447;2004;1084;2004
5623;2004;1505;2004
4291;2004;1281;2004
8025;2004;360;2004
7065;2004;1718;2004
3894;2004;163;2004
9783;2004;568;2004
1987;2004;132;2004
7896;2004;1458;2004
8538;2004;271;2004
4721;2004;925;2004
2497;2004;1359;2004
4281;2004;239;2004
8745;2004;742;2004
5617;2004;814;2004
1728;2004;1984;2004
8861;2004;3324;2004
1500;2004;21315;2004
3702;2004;709;2004
7117;2004;913;2004
3513;2004;1927;2004
1461;2004;1065;2004
4490;2004;2459;2004
0190;2004;595;2004
2086;2004;2379;2004
9626;2004;1436;2004
7338;2004;945;2004
8301;2004;345;2004
5839;2004;470;2004
4436;2004;953;2004
4776;2004;336;2004
7327;2004;882;2004
6578;2004;2249;2004
2027;2004;1132;2004
6577;2004;1067;2004
6050;2004;609;2004
3408;2004;1075;2004
9461;2004;629;2004
9289;2004;1364;2004
1965;2004;655;2004
5904;2004;389;2004
0758;2004;285;2004
9354;2004;933;2004
3181;2004;862;2004
3164;2004;2738;2004
7012;2004;786;2004
4514;2004;11365;2004
8469;2004;2892;2004
2051;2004;512;2004
8673;2004;295;2004
4520;2004;1624;2004
3604;2004;405;2004
9624;2004;3956;2004
5296;2004;1072;2004
3723;2004;482;2004
3433;2004;414;2004
5735;2004;100;2004
0966;2004;1258;2004
5116;2004;801;2004
2197;2004;722;2004
7239;2004;149;2004
4117;2004;1656;2004
5886;2004;175;2004
0266;2004;1564;2004
2533;2004;8793;2004
5970;2004;3021;2004
4817;2004;1035;2004
4597;2004;4578;2004
8205;2004;546;2004
4582;2004;849;2004
6423;2004;973;2004
2346;2004;4992;2004
6808;2004;1147;2004
6691;2004;1711;2004
0619;2004;483;2004
9861;2004;4670;2004
1972;2004;871;2004
5004;2004;1778;2004
0142;2004;778;2004
1807;2004;1212;2004
5715;2004;547;2004
9653;2004;1664;2004
8665;2004;365;2004
4698;2004;1254;2004
5688;2004;31741;2004
3275;2004;1366;2004
8160;2004;328;2004
8471;2004;2425;2004
3156;2004;310;2004
1092;2004;2119;2004
4581;2004;781;2004
2826;2004;3425;2004
3569;2004;2894;2004
2188;2004;4558;2004
0500;2004;441;2004
7954;2004;2596;2004
4748;2004;2480;2004
4676;2004;1692;2004
4524;2004;2371;2004
8526;2004;1956;2004
0628;2004;544;2004
6128;2004;179;2004
1726;2004;998;2004
3563;2004;849;2004
3786;2004;388;2004
8199;2004;2195;2004
7513;2004;572;2004
0045;2004;230;2004
8590;2004;2507;2004
3402;2004;471;2004
0943;2004;192;2004
8006;2004;10171;2004
7998;2004;1011;2004
5843;2004;1274;2004
8464;2004;608;2004
2388;2004;3091;2004
0735;2004;906;2004
6098;2004;328;2004
7002;2004;1774;2004
6511;2004;364;2004
8094;2004;1141;2004
5607;2004;1200;2004
9310;2004;355;2004
1807;2004;318;2004
2425;2004;135;2004
7827;2004;317;2004
8860;2004;3585;2004
3890;2004;1168;2004
6881;2004;45700;2004
8452;2004;1061;2004
3451;2004;897;2004
4533;2004;2109;2004
5570;2004;138;2004
2001;2004;432;2004
8025;2004;1185;2004
5139;2004;179;2004
1209;2004;7985;2004
5955;2004;232;2004
8608;2004;490;2004
9021;2004;863;2004
6248;2004;3643;2004
5719;2004;670;2004
9876;2004;2821;2004
7819;2004;2295;2004
7338;2004;15019;2004
6006;2004;1819;2004
0096;2004;332;2004
6492;2004;488;2004
0694;2004;752;2004
7415;2004;502;2004
4984;2004;3876;2004
2559;2004;127;2004
1379;2004;1621;2004
7653;2004;2499;2004
5560;2004;398;2004
6095;2004;519;2004
0733;2004;2314;2004
3092;2004;624;2004
6678;2004;628;2004
5025;2004;4043;2004
3909;2004;1445;2004
0974;2004;681;2004
5683;2004;1005;2004
0645;2004;3942;2004
1503;2004;2989;2004
1575;2004;1554;2004
5913;2004;516;2004
7503;2004;187;2004
2158;2004;2222;2004
0519;2004;3934;2004
3050;2004;1532;2004
2497;2004;2734;2004
1802;2004;2432;2004
8441;2004;1315;2004
0284;2004;225;2004
8493;2004;1483;2004
6512;2004;917;2004
0230;2004;91;2004
6090;2004;1724;2004
0298;2004;625;2004
5152;2004;2041;2004
2223;2004;2856;2004
6629;2004;135;2004
1400;2004;100;2004
3313;2004;819;2004
7376;2004;1349;2004
0670;2004;796;2004
7187;2004;1237;2004
2355;2004;965;2004
9799;2004;316;2004
3143;2004;2664;2004
7712;2004;205;2004
4752;2004;6630;2004
6768;2004;2545;2004
6653;2004;240;2004
1045;2004;3959;2004
2572;2004;1137;2004
4058;2004;642;2004
5859;2004;1153;2004
3978;2004;8403;2004
6991;2004;382;2004
8731;2004;186;2004
2610;2004;1464;2004
9495;2004;415;2004
4736;2004;1297;2004
6136;2004;1120;2004
2316;2004;1749;2004
6703;2004;3203;2004
2859;2004;2751;2004
9795;2004;2035;2004
0399;2004;3612;2004
5617;2004;2558;2004
6195;2004;4875;2004
3496;2004;1281;2004
2278;2004;3400;2004
8298;2004;3195;2004
9535;2004;4490;2004
1176;2004;2788;2004
5889;2004;4296;2004
1002;2004;13836;2004
7876;2004;1487;2004
7127;2004;873;2004
6640;2004;12290;2004
5476;2004;4250;2004
7952;2004;480;2004
5941;2004;2303;2004
7396;2004;3824;2004
6895;2004;2258;2004
2704;2004;3897;2004
0639;2004;6726;2004
3179;2004;1596;2004
7688;2004;1304;2004
6179;2004;4507;2004
8068;2004;260;2004
8932;2004;1620;2004
1833;2004;1234;2004
6954;2004;2753;2004
2583;2004;2122;2004
6556;2004;355;2004
4193;2004;1208;2004
2020;2004;758;2004
0526;2004;759;2004
5957;2004;8482;2004
4965;2004;2336;2004
3058;2004;2619;2004
1445;2004;2076;2004
8887;2004;1684;2004
6052;2004;133;2004
1349;2004;45992;2004
2384;2004;2100;2004
9135;2004;4143;2004
8946;2004;4171;2004
3308;2004;10206;2004
5859;2004;378;2004
0635;2004;14281;2004
5188;2004;7740;2004
3584;2004;509;2004
1193;2004;3208;2004
0584;2004;2025;2004
7993;2004;2472;2004
6244;2004;4161;2004
7121;2004;44;2004
5135;2004;3426;2004
0149;2004;8177;2004
0882;2004;5833;2004
9960;2004;6939;2004
6963;2004;1143;2004
4959;2004;4533;2004
5630;2004;3762;2004
1969;2004;434;2004
9972;2004;146;2004
7839;2004;1791;2004
1470;2004;1609;2004
6837;2004;914;2004
0983;2004;2140;2004
6353;2004;2286;2004
5698;2004;2022;2004
7003;2004;5351;2004
8249;2004;2928;2004
6175;2004;2696;2004
8617;2004;2148;2004
1969;2004;2275;2004
2862;2004;2853;2004
1085;2004;164;2004
6290;2004;1594;2004
7516;2004;503;2004
9668;2004;1778;2004
7080;2004;231;2004
2464;2004;3229;2004
5977;2004;11118;2004
5679;2004;891;2004
7993;2004;332;2004
1158;2004;2844;2004
8153;2004;2564;2004
6500;2004;2683;2004
6085;2004;306;2004
6049;2004;1800;2004
1986;2004;286;2004
8317;2004;1143;2004
1303;2004;1307;2004
6411;2004;3896;2004
5038;2004;1879;2004
0835;2004;2424;2004
7725;2004;602;2004
7505;2004;2285;2004
7138;2004;2851;2004
6122;2004;14498;2004
0012;2004;1748;2004
6783;2004;2644;2004
3194;2004;1725;2004
9782;2004;4858;2004
0381;2004;1903;2004
0970;2004;892;2004
0980;2004;2208;2004
0677;2004;1634;2004
8695;2004;14962;2004
8023;2004;1560;2004
6998;2004;2685;2004
9356;2004;1202;2004
5317;2004;231;2004
6782;2004;1536;2004
0319;2004;1689;2004
3971;2004;1818;2004
0109;2004;786;2004
9260;2004;2618;2004
4371;2004;2672;2004
3711;2004;2584;2004
3786;2004;41894;2004
4503;2004;7209;2004
7452;2004;76;2004
2472;2004;1304;2004
8337;2004;3238;2004
2024;2004;1203;2004
4767;2004;3247;2004
3856;2004;452;2004
7302;2004;1347;2004
5212;2004;1534;2004
5802;2004;5229;2004
7829;2004;1988;2004
4968;2004;1669;2004
5250;2004;1282;2004
2653;2004;1360;2004
3749;2004;2322;2004
9657;2004;1739;2004
1484;2004;3593;2004
5565;2004;3332;2004
0529;2004;12514;2004
5310;2004;1835;2004
7459;2004;1808;2004
0123;2004;2082;2004
8189;2004;3360;2004
8206;2004;2565;2004
0684;2004;5305;2004
2567;2004;788;2004
3773;2004;1342;2004
0034;2004;1378;2004
4986;2004;1537;2004
8824;2004;6071;2004
1694;2004;16938;2004
1953;2004;15670;2004
7664;2004;9119;2004
8500;2004;1200;2004
3450;2004;10763;2004
8400;2004;1495;2004
0985;2004;2113;2004
3225;2004;1889;2004
9351;2004;981;2004
2491;2004;2437;2004
4400;2004;6255;2004
7700;2004;3056;2004
5057;2004;34471;2004
7001;2004;132187;2004
2632;2004;2704;2004
6957;2004;3536;2004
3722;2004;8235;2004
0048;2004;19764;2004
9694;2004;1330;2004
2979;2004;9316;2004
6672;2004;2862;2004
4275;2004;12794;2004
7726;2004;17915;2004
9995;2004;9032;2004
3093;2004;179623;2004
1380;2004;9503;2004
3723;2004;5896;2004
3109;2004;2425;2004
3762;2004;1784;2004
7254;2004;790;2004
6721;2004;3014;2004
0630;2004;1197;2004
9655;2004;1291;2004
0449;2004;3467;2004
6808;2004;14360;2004
2012;2004;5508;2004
9948;2004;59833;2004
4250;2004;3246;2004
6858;2004;10300;2004
6439;2004;14604;2004
6315;2004;3375;2004
7896;2004;6746;2004
4827;2004;1519;2004
3481;2004;9442;2004
8880;2004;3399;2004
9243;2004;5611;2004
9108;2004;2373;2004
8517;2004;1025;2004
3117;2004;2306;2004
9213;2004;1532;2004
2596;2004;3170;2004
5577;2004;6215;2004
3549;2004;937;2004
6322;2004;2213;2004
2495;2004;2860;2004
3219;2004;1650;2004
9223;2004;4056;2004
6890;2004;701;2004
1226;2004;1136;2004
9691;2004;3581;2004
4627;2004;1326;2004
4448;2004;3249;2004
5938;2004;2188;2004
0030;2004;2620;2004
5038;2004;5854;2004
8395;2004;1912;2004
8975;2004;1403;2004
6319;2004;2042;2004
7009;2004;1667;2004
2254;2004;2409;2004
8113;2004;3004;2004
6692;2004;2152;2004
1519;2004;3657;2004
9325;2004;2293;2004
6532;2004;7048;2004
4089;2004;888;2004
3653;2004;1903;2004
3028;2004;1442;2004
2468;2004;6712;2004
9491;2004;1360;2004
8878;2004;8794;2004
7004;2004;1294;2004
5057;2004;1223;2004
5378;2004;4493;2004
8427;2004;4696;2004
3367;2004;4546;2004
7892;2004;2319;2004
5345;2004;2350;2004
3959;2004;1540;2004
6586;2004;3250;2004
5725;2004;6919;2004
8328;2004;1080;2004
5926;2004;1411;2004
4369;2004;2882;2004
6462;2004;801;2004
4236;2004;1669;2004
1798;2004;2465;2004
6604;2004;6869;2004
6406;2004;718;2004
2027;2004;1168;2004
5709;2004;33693;2004
3751;2004;856;2004
7735;2004;1773;2004
4549;2004;2145;2004
1815;2004;533;2004
6569;2004;444;2004
5995;2004;2015;2004
6127;2004;293;2004
1563;2004;111;2004
2735;2004;965;2004
4656;2004;570;2004
1003;2004;4732;2004
5046;2004;710;2004
1278;2004;518;2004
5515;2004;1354;2004
8775;2004;280;2004
2233;2004;604;2004
0676;2004;735;2004
9645;2004;1515;2004
4189;2004;1068;2004
5335;2004;5065;2004
2565;2004;173;2004
5227;2004;3416;2004
0681;2004;266;2004
1858;2004;381;2004
6546;2004;616;2004
2573;2004;543;2004
2167;2004;756;2004
8738;2004;4770;2004
5753;2004;1483;2004
7884;2004;121;2004
0084;2004;18277;2004
6091;2004;965;2004
3176;2004;204;2004
6467;2004;447;2004
8976;2004;208;2004
6517;2004;2386;2004
5785;2004;862;2004
2127;2004;7548;2004
2848;2004;287;2004
9219;2004;126;2004
1531;2004;281;2004
5680;2004;654;2004
4114;2004;471;2004
1763;2004;1478;2004
3537;2004;1488;2004
0549;2004;169;2004
0343;2004;2094;2004
1750;2004;415;2004
1483;2004;1197;2004
1708;2004;463;2004
7997;2004;903;2004
4381;2004;928;2004
3719;2004;15818;2004
9194;2004;3237;2004
3658;2004;1202;2004
5656;2004;1665;2004
6720;2004;2668;2004
8796;2004;779;2004
9024;2004;610;2004
1628;2004;2052;2004
3882;2004;304;2004
3804;2004;440;2004
1522;2004;808;2004
6756;2004;1217;2004
7054;2004;1240;2004
4182;2004;176;2004
3614;2004;4973;2004
7687;2004;747;2004
9006;2004;358;2004
6013;2004;249;2004
7344;2004;1686;2004
8894;2004;1289;2004
7344;2004;481;2004
7665;2004;2218;2004
4531;2004;30522;2004
6649;2004;191;2004
3806;2004;1144;2004
7333;2004;6850;2004
3834;2004;250;2004
6245;2004;1749;2004
