Codice Ripartizione geografica;Codice Regione;Codice Provincia/Uts;Codice Comune (alfanumerico);Codice Comune (numerico);Comune;Comune (dizione straniera);Sigla automobilistica;Capoluogo di Provincia/Uts;Capoluogo di Regione;Popolazione legale;Anno Censimento;Superficie (Kmq);Anno (Superficie);Popolazione residente;Anno (Popolazione residente)
1462;2005;2674;2005
7393;2005;3642;2005
3315;2005;458;2005
7314;2005;1687;2005
3796;2005;673;2005
8756;2005;6134;2005
6261;2005;264;2005
9193;2005;16737;2005
4860;2005;1883;2005
3085;2005;498;2005
8782;2005;826;2005
1668;2005;999;2005
2172;2005;11768;2005
9605;2005;1316;2005
0859;2005;815;2005
0063;2005;3072;2005
5064;2005;495;2005
4054;2005;3552;2005
7105;2005;103;2005
0289;2005;3419;2005
8027;2005;1545;2005
2029;2005;3019;2005
9864;2005;611;2005
7343;2005;18335;2005
5979;2005;3070;2005
0819;2005;597;2005
2234;2005;2026;2005
3261;2005;13459;2005
9648;2005;500;2005
4189;2005;3639;2005
3712;2005;831;2005
9617;2005;2325;2005
9191;2005;2975;2005
2914;2005;7778;2005
7585;2005;4103;2005
1350;2005;488;2005
9504;2005;472;2005
5701;2005;8126;2005
3592;2005;1621;2005
5838;2005;1419;2005
6868;2005;1363;2005
4760;2005;1342;2005
0643;2005;1435;2005
1004;2005;6531;2005
0973;2005;6551;2005
2312;2005;3586;2005
4925;2005;7284;2005
1314;2005;6109;2005
0864;2005;1352;2005
1317;2005;1292;2005
8499;2005;5389;2005
9505;2005;296;2005
1953;2005;2345;2005
0319;2005;561;2005
4066;2005;1982;2005
5371;2005;1049;2005
2578;2005;763;2005
6894;2005;8805;2005
7149;2005;25969;2005
1250;2005;1774;2005
1726;2005;1439;2005
3137;2005;2680;2005
7115;2005;16916;2005
4732;2005;1586;2005
2796;2005;1989;2005
7063;2005;9304;2005
3756;2005;438;2005
1346;2005;5935;2005
3285;2005;2372;2005
9591;2005;5435;2005
1595;2005;1865;2005
0516;2005;1037;2005
8139;2005;163;2005
7001;2005;1054;2005
4478;2005;356;2005
5698;2005;1674;2005
0221;2005;2231;2005
1975;2005;34449;2005
1189;2005;249;2005
7549;2005;975;2005
9165;2005;1570;2005
2378;2005;23535;2005
1638;2005;368;2005
9345;2005;149;2005
1962;2005;376;2005
7329;2005;18408;2005
6872;2005;185;2005
8788;2005;1508;2005
5727;2005;3041;2005
0993;2005;48898;2005
3321;2005;344;2005
5894;2005;605;2005
1131;2005;4536;2005
4914;2005;3285;2005
2384;2005;548;2005
8709;2005;998;2005
7335;2005;7508;2005
3133;2005;10038;2005
5395;2005;8211;2005
5474;2005;284;2005
8499;2005;4792;2005
8929;2005;2438;2005
4091;2005;597;2005
0415;2005;2681;2005
3457;2005;896;2005
6427;2005;2225;2005
5075;2005;3725;2005
8185;2005;289;2005
9482;2005;1653;2005
1488;2005;2861;2005
4018;2005;530;2005
5108;2005;9355;2005
4442;2005;1300;2005
3833;2005;672;2005
7376;2005;15343;2005
8200;2005;2539;2005
9870;2005;749;2005
0935;2005;211;2005
3296;2005;991;2005
1321;2005;37421;2005
7506;2005;53;2005
0292;2005;698;2005
7716;2005;387;2005
5042;2005;427;2005
1075;2005;23938;2005
0353;2005;1499;2005
7825;2005;6990;2005
2876;2005;5259;2005
2900;2005;1444;2005
4355;2005;12622;2005
6753;2005;216;2005
9366;2005;1990;2005
3912;2005;487;2005
5162;2005;1698;2005
7158;2005;1592;2005
2096;2005;1051;2005
1914;2005;1047;2005
8835;2005;404;2005
7414;2005;7914;2005
0398;2005;485;2005
2585;2005;550;2005
1404;2005;1145;2005
3129;2005;507;2005
2593;2005;1331;2005
2587;2005;68;2005
0706;2005;3941;2005
6942;2005;730;2005
3424;2005;4067;2005
5439;2005;925;2005
6383;2005;1114;2005
4420;2005;106;2005
0871;2005;898;2005
0825;2005;394;2005
3332;2005;676;2005
6554;2005;376;2005
5288;2005;54286;2005
5007;2005;49;2005
6567;2005;489;2005
4681;2005;884;2005
3567;2005;3377;2005
9036;2005;5347;2005
3896;2005;886;2005
4895;2005;787;2005
5625;2005;48245;2005
0453;2005;193;2005
3531;2005;6541;2005
0743;2005;334;2005
6422;2005;7815;2005
5542;2005;557;2005
3030;2005;1411;2005
2079;2005;21513;2005
1541;2005;813;2005
4885;2005;1083;2005
5770;2005;809;2005
7857;2005;2910;2005
4058;2005;1216;2005
0819;2005;838;2005
8878;2005;1969;2005
6886;2005;469;2005
4056;2005;909;2005
5400;2005;3797;2005
5680;2005;239;2005
1730;2005;3741;2005
0906;2005;3479;2005
7080;2005;592;2005
1830;2005;760;2005
0041;2005;752;2005
3498;2005;649;2005
4634;2005;11966;2005
7183;2005;2981;2005
3376;2005;33999;2005
8196;2005;8402;2005
6488;2005;3558;2005
1459;2005;17207;2005
9034;2005;3222;2005
0343;2005;1293;2005
6186;2005;9331;2005
5611;2005;1089;2005
0609;2005;3852;2005
4476;2005;985;2005
2017;2005;581;2005
6092;2005;325;2005
8455;2005;1824;2005
4785;2005;226;2005
5052;2005;1281;2005
2419;2005;805;2005
8803;2005;598;2005
0380;2005;322;2005
9559;2005;358;2005
7868;2005;1048;2005
6658;2005;1545;2005
6002;2005;89;2005
8334;2005;1028;2005
1075;2005;18150;2005
8318;2005;3906;2005
5714;2005;2603;2005
2461;2005;11942;2005
8733;2005;1518;2005
4998;2005;49029;2005
5756;2005;3044;2005
1912;2005;1709;2005
7039;2005;1984;2005
2107;2005;2903;2005
2664;2005;338;2005
6877;2005;1701;2005
4075;2005;265;2005
3732;2005;930;2005
0650;2005;3829;2005
9371;2005;2237;2005
1002;2005;799;2005
9519;2005;1713;2005
3197;2005;522;2005
1034;2005;567;2005
8859;2005;73;2005
4329;2005;1527;2005
2318;2005;5322;2005
9070;2005;3630;2005
3809;2005;379;2005
3037;2005;507;2005
9796;2005;4429;2005
6513;2005;3728;2005
8617;2005;1877;2005
8866;2005;2645;2005
4049;2005;2492;2005
7219;2005;1039;2005
6132;2005;3161;2005
7933;2005;835;2005
3442;2005;7862;2005
5517;2005;18581;2005
4446;2005;1490;2005
1243;2005;280;2005
1520;2005;2967;2005
5766;2005;1900;2005
5719;2005;3410;2005
3682;2005;4579;2005
7945;2005;4106;2005
1984;2005;10256;2005
2772;2005;212;2005
3112;2005;1161;2005
6768;2005;3192;2005
0308;2005;760;2005
3557;2005;1530;2005
9158;2005;898;2005
0578;2005;505;2005
3659;2005;47145;2005
2590;2005;1553;2005
6785;2005;1154;2005
2140;2005;266;2005
4686;2005;6113;2005
9879;2005;6616;2005
6751;2005;825;2005
0095;2005;875389;2005
8238;2005;2466;2005
4545;2005;597;2005
0981;2005;4594;2005
4059;2005;3578;2005
2448;2005;153;2005
3592;2005;365;2005
4544;2005;539;2005
3475;2005;11104;2005
9669;2005;183;2005
5375;2005;243;2005
2292;2005;1399;2005
5252;2005;3702;2005
1200;2005;871;2005
0792;2005;739;2005
9094;2005;3128;2005
8469;2005;128;2005
5579;2005;804;2005
0927;2005;1527;2005
1435;2005;969;2005
4424;2005;34856;2005
4882;2005;4653;2005
9431;2005;1451;2005
0690;2005;875;2005
6454;2005;223;2005
9337;2005;879;2005
9677;2005;536;2005
1543;2005;5179;2005
7854;2005;4790;2005
0306;2005;1045;2005
4088;2005;2980;2005
7080;2005;2940;2005
4091;2005;1010;2005
6868;2005;2035;2005
2927;2005;1203;2005
4228;2005;4212;2005
8767;2005;4751;2005
6940;2005;13336;2005
0574;2005;1145;2005
0748;2005;1374;2005
6817;2005;516;2005
1119;2005;1180;2005
4629;2005;13694;2005
9827;2005;8104;2005
0366;2005;449;2005
7804;2005;336;2005
5650;2005;2590;2005
3101;2005;1024;2005
3156;2005;1371;2005
7885;2005;94;2005
8079;2005;285;2005
8058;2005;2037;2005
8706;2005;252;2005
5707;2005;2576;2005
0901;2005;13605;2005
2949;2005;2238;2005
2305;2005;184;2005
0776;2005;979;2005
1364;2005;231;2005
8004;2005;72;2005
1088;2005;1097;2005
0330;2005;1077;2005
1062;2005;953;2005
2050;2005;262;2005
6044;2005;359;2005
0488;2005;884;2005
5380;2005;54;2005
3078;2005;4496;2005
3878;2005;275;2005
2234;2005;126;2005
9676;2005;827;2005
8563;2005;283;2005
2233;2005;7896;2005
0162;2005;432;2005
4768;2005;1101;2005
1403;2005;248;2005
2424;2005;1267;2005
7629;2005;563;2005
6659;2005;8422;2005
5030;2005;873;2005
8817;2005;392;2005
0875;2005;329;2005
6440;2005;513;2005
9701;2005;944;2005
5740;2005;550;2005
0280;2005;4448;2005
6672;2005;810;2005
9178;2005;102;2005
1818;2005;1458;2005
7139;2005;868;2005
5035;2005;662;2005
5270;2005;214;2005
9396;2005;1344;2005
2949;2005;328;2005
3506;2005;1160;2005
6903;2005;127;2005
5976;2005;209;2005
1781;2005;557;2005
5389;2005;621;2005
1561;2005;4296;2005
8910;2005;456;2005
2700;2005;80;2005
0226;2005;65;2005
3032;2005;147;2005
2702;2005;133;2005
1298;2005;245;2005
4089;2005;437;2005
9160;2005;2521;2005
4754;2005;611;2005
8379;2005;192;2005
2681;2005;1003;2005
8536;2005;71;2005
1875;2005;254;2005
7766;2005;126;2005
5981;2005;4103;2005
6327;2005;1786;2005
1294;2005;9169;2005
5335;2005;377;2005
2544;2005;421;2005
9053;2005;5129;2005
3140;2005;1221;2005
2491;2005;615;2005
6054;2005;7717;2005
7508;2005;3508;2005
4259;2005;2270;2005
1193;2005;7305;2005
7747;2005;45460;2005
5109;2005;484;2005
5822;2005;1630;2005
2573;2005;169;2005
5364;2005;1381;2005
9965;2005;891;2005
5153;2005;2227;2005
1699;2005;14073;2005
4928;2005;899;2005
1786;2005;8766;2005
4536;2005;1081;2005
6080;2005;1223;2005
5097;2005;1238;2005
3043;2005;1043;2005
0912;2005;1950;2005
2699;2005;20414;2005
3928;2005;4388;2005
7479;2005;2839;2005
7562;2005;1191;2005
3214;2005;2433;2005
9857;2005;10164;2005
6557;2005;2552;2005
0407;2005;952;2005
5310;2005;889;2005
4909;2005;1474;2005
4849;2005;826;2005
7918;2005;311;2005
6412;2005;9458;2005
4855;2005;421;2005
8335;2005;1313;2005
3261;2005;1290;2005
6390;2005;6718;2005
1618;2005;480;2005
4493;2005;1121;2005
1035;2005;1508;2005
5068;2005;2327;2005
0977;2005;1312;2005
2522;2005;2500;2005
2146;2005;2101;2005
1702;2005;2637;2005
3693;2005;14384;2005
0493;2005;1041;2005
7542;2005;1749;2005
2884;2005;3274;2005
6442;2005;3641;2005
5821;2005;5789;2005
5183;2005;1304;2005
3337;2005;4791;2005
3718;2005;3998;2005
2834;2005;588;2005
5806;2005;2441;2005
6587;2005;1762;2005
8541;2005;273;2005
7880;2005;1574;2005
8639;2005;1113;2005
5349;2005;2461;2005
7187;2005;1025;2005
5211;2005;958;2005
5907;2005;2658;2005
2650;2005;1757;2005
3421;2005;771;2005
0495;2005;101620;2005
7944;2005;12503;2005
9351;2005;1897;2005
6500;2005;1170;2005
2271;2005;1752;2005
1018;2005;1175;2005
0713;2005;1325;2005
7660;2005;821;2005
8653;2005;1564;2005
2965;2005;1842;2005
1260;2005;1945;2005
8526;2005;884;2005
9764;2005;4042;2005
6909;2005;4523;2005
5426;2005;3049;2005
4512;2005;743;2005
8991;2005;1780;2005
5352;2005;578;2005
7543;2005;1466;2005
3719;2005;750;2005
9139;2005;987;2005
3271;2005;2790;2005
4631;2005;467;2005
2378;2005;875;2005
2233;2005;18251;2005
0122;2005;1041;2005
5929;2005;4632;2005
8717;2005;1753;2005
7788;2005;2072;2005
2939;2005;876;2005
4632;2005;622;2005
5276;2005;172;2005
9173;2005;277;2005
5855;2005;29959;2005
5899;2005;258;2005
4547;2005;119;2005
2591;2005;105;2005
9174;2005;184;2005
9487;2005;1040;2005
2505;2005;5652;2005
3257;2005;1067;2005
7637;2005;639;2005
9923;2005;7638;2005
6892;2005;707;2005
0005;2005;658;2005
1195;2005;246;2005
6865;2005;2942;2005
0700;2005;158;2005
0030;2005;395;2005
0657;2005;3417;2005
4389;2005;461;2005
1118;2005;81;2005
7956;2005;3235;2005
2409;2005;135;2005
4778;2005;394;2005
3396;2005;11690;2005
5405;2005;211;2005
5453;2005;687;2005
9483;2005;9539;2005
5298;2005;28787;2005
2376;2005;305;2005
1797;2005;62;2005
1240;2005;339;2005
0639;2005;1140;2005
8440;2005;9642;2005
6378;2005;707;2005
6114;2005;228;2005
8655;2005;5551;2005
4476;2005;95;2005
5011;2005;122;2005
7246;2005;6565;2005
3287;2005;2861;2005
3047;2005;1091;2005
8380;2005;4166;2005
4192;2005;182;2005
8066;2005;1349;2005
1148;2005;1935;2005
9513;2005;202;2005
3404;2005;279;2005
1301;2005;1177;2005
8576;2005;367;2005
8028;2005;881;2005
5178;2005;343;2005
3070;2005;97;2005
2617;2005;137;2005
7202;2005;653;2005
6345;2005;850;2005
5227;2005;526;2005
4378;2005;609;2005
5946;2005;5206;2005
1052;2005;125;2005
4856;2005;6339;2005
0496;2005;2101;2005
1423;2005;472;2005
2414;2005;4446;2005
5961;2005;1918;2005
0744;2005;5769;2005
5350;2005;7664;2005
0188;2005;3709;2005
1219;2005;184;2005
9034;2005;89;2005
1508;2005;862;2005
0879;2005;1997;2005
9874;2005;2505;2005
5398;2005;1070;2005
3423;2005;3269;2005
1183;2005;394;2005
0529;2005;203;2005
6705;2005;53365;2005
3063;2005;1998;2005
5432;2005;3173;2005
6134;2005;4739;2005
9575;2005;7075;2005
2196;2005;108;2005
7314;2005;817;2005
9305;2005;1943;2005
5112;2005;1720;2005
0300;2005;432;2005
6666;2005;381;2005
2369;2005;24204;2005
1437;2005;837;2005
6433;2005;1498;2005
0106;2005;295;2005
9691;2005;488;2005
7412;2005;372;2005
2876;2005;3456;2005
7224;2005;2412;2005
9699;2005;354;2005
6768;2005;193;2005
9107;2005;2027;2005
8082;2005;1874;2005
4457;2005;3169;2005
4042;2005;75;2005
0629;2005;94;2005
7124;2005;1335;2005
1690;2005;2666;2005
8291;2005;540;2005
2005;2005;764;2005
2539;2005;875;2005
7390;2005;235;2005
8104;2005;1599;2005
2287;2005;235;2005
6562;2005;75;2005
5000;2005;1748;2005
2204;2005;2162;2005
0310;2005;1329;2005
7344;2005;3445;2005
9869;2005;2800;2005
3762;2005;1374;2005
1258;2005;93;2005
0258;2005;314;2005
2806;2005;711;2005
9056;2005;348;2005
0682;2005;285;2005
5111;2005;316;2005
4335;2005;635;2005
4386;2005;1243;2005
6796;2005;117;2005
9114;2005;1237;2005
9903;2005;592;2005
9818;2005;21915;2005
9330;2005;750;2005
2745;2005;1965;2005
8203;2005;4530;2005
5843;2005;602;2005
8403;2005;911;2005
6271;2005;726;2005
4303;2005;505;2005
1041;2005;238;2005
2211;2005;604;2005
6999;2005;1640;2005
9363;2005;296;2005
2358;2005;2057;2005
9934;2005;4287;2005
1919;2005;2026;2005
6758;2005;815;2005
3282;2005;911;2005
1826;2005;3370;2005
3029;2005;3051;2005
9261;2005;425;2005
5183;2005;427;2005
7070;2005;1013;2005
7055;2005;969;2005
8083;2005;462;2005
3592;2005;101;2005
4950;2005;1897;2005
0873;2005;73;2005
2693;2005;3004;2005
6797;2005;584;2005
4039;2005;385;2005
4249;2005;257;2005
8932;2005;311;2005
2140;2005;129;2005
9187;2005;5322;2005
5693;2005;345;2005
3102;2005;2058;2005
6214;2005;2866;2005
1856;2005;95;2005
0347;2005;1166;2005
3043;2005;982;2005
4774;2005;2896;2005
3146;2005;1204;2005
9229;2005;207;2005
2934;2005;283;2005
3851;2005;203;2005
0088;2005;516;2005
0306;2005;1963;2005
3739;2005;758;2005
3615;2005;493;2005
0562;2005;9789;2005
4700;2005;4216;2005
8436;2005;1069;2005
3520;2005;145;2005
8367;2005;168;2005
4212;2005;82;2005
0038;2005;2383;2005
8104;2005;541;2005
2988;2005;1483;2005
0152;2005;153;2005
4025;2005;1655;2005
6108;2005;2083;2005
2407;2005;724;2005
1492;2005;2824;2005
5076;2005;189;2005
3531;2005;1473;2005
5849;2005;399;2005
9004;2005;975;2005
9166;2005;940;2005
5091;2005;342;2005
5052;2005;520;2005
0742;2005;185;2005
3254;2005;1423;2005
6960;2005;732;2005
5902;2005;16307;2005
1392;2005;90;2005
9069;2005;1122;2005
8454;2005;194;2005
2618;2005;464;2005
5040;2005;2645;2005
7088;2005;2655;2005
1069;2005;2034;2005
4544;2005;2191;2005
0758;2005;2603;2005
5721;2005;3990;2005
1142;2005;1309;2005
7876;2005;20510;2005
3878;2005;220;2005
4979;2005;1953;2005
3908;2005;537;2005
8995;2005;353;2005
6012;2005;483;2005
6848;2005;395;2005
4155;2005;6044;2005
0935;2005;2786;2005
0956;2005;102;2005
2013;2005;2006;2005
1829;2005;228;2005
6453;2005;537;2005
3901;2005;687;2005
8226;2005;70;2005
5956;2005;772;2005
5253;2005;338;2005
1439;2005;2049;2005
3126;2005;970;2005
1017;2005;815;2005
9559;2005;158;2005
9200;2005;60;2005
4094;2005;1563;2005
1540;2005;525;2005
0563;2005;1298;2005
1320;2005;6323;2005
0688;2005;2142;2005
7363;2005;3148;2005
9415;2005;2102;2005
7324;2005;2902;2005
3523;2005;5594;2005
7884;2005;782;2005
4958;2005;1463;2005
1692;2005;714;2005
0672;2005;458;2005
0900;2005;569;2005
4484;2005;1668;2005
5399;2005;477;2005
8608;2005;985;2005
4124;2005;624;2005
3734;2005;72315;2005
4341;2005;399;2005
0660;2005;1007;2005
2796;2005;328;2005
3430;2005;440;2005
9008;2005;360;2005
7621;2005;902;2005
1608;2005;2257;2005
7884;2005;1661;2005
2931;2005;1444;2005
7149;2005;1316;2005
8923;2005;493;2005
4326;2005;10227;2005
7214;2005;869;2005
0565;2005;305;2005
6480;2005;679;2005
8391;2005;640;2005
5648;2005;3733;2005
3374;2005;1311;2005
8622;2005;650;2005
0881;2005;2776;2005
2882;2005;309;2005
0662;2005;178;2005
1785;2005;1898;2005
5499;2005;913;2005
2039;2005;805;2005
6068;2005;3156;2005
6273;2005;386;2005
8477;2005;676;2005
5928;2005;456;2005
8123;2005;259;2005
6529;2005;608;2005
7779;2005;418;2005
4170;2005;243;2005
5045;2005;472;2005
7326;2005;1265;2005
0489;2005;311;2005
5226;2005;1606;2005
0824;2005;201;2005
0231;2005;300;2005
4766;2005;279;2005
3333;2005;650;2005
4254;2005;555;2005
3986;2005;490;2005
9433;2005;5855;2005
7086;2005;520;2005
9251;2005;932;2005
9270;2005;1574;2005
1300;2005;576;2005
2168;2005;755;2005
8846;2005;613;2005
4721;2005;670;2005
7037;2005;2081;2005
5026;2005;2136;2005
8219;2005;362;2005
3739;2005;308;2005
9251;2005;397;2005
1551;2005;423;2005
4357;2005;242;2005
3971;2005;1143;2005
2321;2005;2315;2005
1103;2005;980;2005
2057;2005;973;2005
4210;2005;3313;2005
3291;2005;854;2005
8550;2005;984;2005
5373;2005;378;2005
4969;2005;990;2005
6348;2005;709;2005
1408;2005;1394;2005
4191;2005;2148;2005
1185;2005;1237;2005
4053;2005;221;2005
3631;2005;10055;2005
6170;2005;104;2005
0260;2005;452;2005
5630;2005;560;2005
0013;2005;623;2005
0820;2005;226;2005
1950;2005;715;2005
0036;2005;1976;2005
8582;2005;209;2005
0961;2005;1648;2005
7729;2005;842;2005
4172;2005;382;2005
1805;2005;538;2005
5631;2005;922;2005
5057;2005;467;2005
8377;2005;383;2005
9109;2005;1437;2005
8656;2005;8202;2005
1477;2005;125;2005
2094;2005;722;2005
6838;2005;1056;2005
8691;2005;1171;2005
3426;2005;632;2005
3277;2005;165;2005
4471;2005;280;2005
6804;2005;564;2005
2800;2005;165;2005
1173;2005;1703;2005
8030;2005;914;2005
5952;2005;205;2005
7599;2005;286;2005
0383;2005;2276;2005
1655;2005;708;2005
9754;2005;295;2005
7135;2005;996;2005
6530;2005;838;2005
8798;2005;3108;2005
9480;2005;5069;2005
1268;2005;408;2005
2863;2005;681;2005
8624;2005;1751;2005
2967;2005;19740;2005
2298;2005;335;2005
5659;2005;88218;2005
1455;2005;817;2005
2135;2005;780;2005
1382;2005;1028;2005
3280;2005;501;2005
1269;2005;398;2005
9166;2005;5848;2005
2375;2005;311;2005
6197;2005;1450;2005
0526;2005;1968;2005
7128;2005;1808;2005
3258;2005;444;2005
4397;2005;750;2005
8874;2005;166;2005
5936;2005;1850;2005
3977;2005;1994;2005
6034;2005;610;2005
7230;2005;1382;2005
5297;2005;2515;2005
6136;2005;1174;2005
0235;2005;344;2005
5293;2005;491;2005
6326;2005;593;2005
2493;2005;560;2005
4376;2005;783;2005
0619;2005;541;2005
4663;2005;1845;2005
0526;2005;1004;2005
7892;2005;313;2005
4833;2005;366;2005
3394;2005;939;2005
2551;2005;113;2005
0154;2005;476;2005
3413;2005;746;2005
1637;2005;959;2005
0104;2005;385;2005
2099;2005;35360;2005
9850;2005;907;2005
0373;2005;142;2005
8466;2005;1868;2005
0925;2005;3036;2005
7721;2005;904;2005
2089;2005;100;2005
4827;2005;399;2005
1282;2005;4470;2005
6600;2005;159;2005
9770;2005;2000;2005
5844;2005;510;2005
5776;2005;1558;2005
1106;2005;671;2005
4214;2005;5584;2005
4873;2005;419;2005
4466;2005;319;2005
5524;2005;553;2005
4427;2005;489;2005
7470;2005;344;2005
3008;2005;1614;2005
3002;2005;457;2005
6117;2005;1008;2005
8996;2005;365;2005
3874;2005;1074;2005
2191;2005;367;2005
4621;2005;211;2005
2762;2005;245;2005
8547;2005;785;2005
0138;2005;2418;2005
6148;2005;337;2005
7515;2005;465;2005
2861;2005;458;2005
4310;2005;510;2005
5649;2005;1451;2005
9336;2005;735;2005
0573;2005;1981;2005
5332;2005;1674;2005
7684;2005;1239;2005
1542;2005;814;2005
7165;2005;730;2005
2797;2005;136;2005
2764;2005;4502;2005
4494;2005;707;2005
3863;2005;384;2005
0802;2005;323;2005
9428;2005;541;2005
8021;2005;306;2005
5485;2005;785;2005
5358;2005;838;2005
8759;2005;1224;2005
0350;2005;123;2005
2319;2005;1491;2005
7375;2005;1262;2005
1998;2005;189;2005
2357;2005;1361;2005
5040;2005;2170;2005
7527;2005;701;2005
6941;2005;1124;2005
5408;2005;225;2005
5184;2005;245;2005
0326;2005;193;2005
6176;2005;631;2005
7473;2005;337;2005
3756;2005;320;2005
7241;2005;673;2005
4867;2005;366;2005
5982;2005;594;2005
4513;2005;318;2005
8515;2005;378;2005
7049;2005;1588;2005
9523;2005;457;2005
2197;2005;705;2005
2943;2005;693;2005
3104;2005;1526;2005
1948;2005;27598;2005
4629;2005;1392;2005
4278;2005;537;2005
5707;2005;277;2005
6908;2005;147;2005
0996;2005;439;2005
5434;2005;711;2005
3723;2005;11560;2005
3665;2005;1247;2005
1834;2005;1543;2005
4198;2005;251;2005
7376;2005;643;2005
5365;2005;772;2005
2811;2005;1099;2005
4645;2005;1289;2005
9973;2005;948;2005
6455;2005;790;2005
4427;2005;387;2005
7049;2005;3878;2005
9177;2005;1539;2005
9679;2005;717;2005
6495;2005;406;2005
0281;2005;1220;2005
0840;2005;390;2005
1766;2005;4764;2005
9724;2005;525;2005
0071;2005;2037;2005
1651;2005;1336;2005
7338;2005;1732;2005
5153;2005;662;2005
0516;2005;1464;2005
0734;2005;389;2005
5887;2005;180;2005
4612;2005;1452;2005
1543;2005;215;2005
2799;2005;1715;2005
5754;2005;452;2005
9156;2005;4256;2005
5706;2005;595;2005
1156;2005;1309;2005
6916;2005;4603;2005
8925;2005;618;2005
7065;2005;440;2005
7430;2005;430;2005
8532;2005;1190;2005
8426;2005;625;2005
9488;2005;6026;2005
3194;2005;1279;2005
1681;2005;1845;2005
5538;2005;1642;2005
9533;2005;221;2005
8545;2005;1175;2005
9542;2005;324;2005
9132;2005;2216;2005
2889;2005;2051;2005
2111;2005;1498;2005
0350;2005;584;2005
2664;2005;832;2005
7960;2005;881;2005
0894;2005;1409;2005
8666;2005;25713;2005
6032;2005;266;2005
2192;2005;689;2005
3854;2005;20284;2005
2934;2005;1059;2005
7258;2005;1107;2005
6455;2005;2206;2005
3073;2005;2993;2005
6091;2005;513;2005
4744;2005;943;2005
8689;2005;345;2005
5563;2005;1774;2005
0672;2005;761;2005
5618;2005;1173;2005
4829;2005;1196;2005
2458;2005;163;2005
1827;2005;763;2005
9640;2005;263;2005
8080;2005;580;2005
3923;2005;34161;2005
8405;2005;1307;2005
3596;2005;872;2005
6166;2005;395;2005
4208;2005;1313;2005
2436;2005;1962;2005
0314;2005;138;2005
0905;2005;239;2005
5133;2005;974;2005
2621;2005;839;2005
9864;2005;737;2005
1589;2005;597;2005
5415;2005;956;2005
5283;2005;95;2005
7924;2005;682;2005
4401;2005;420;2005
8619;2005;2353;2005
6811;2005;4822;2005
0426;2005;1461;2005
6059;2005;2903;2005
9801;2005;2708;2005
2542;2005;421;2005
2330;2005;225;2005
5692;2005;482;2005
1159;2005;1690;2005
7128;2005;439;2005
1716;2005;475;2005
9833;2005;1387;2005
3034;2005;2931;2005
5174;2005;312;2005
6500;2005;801;2005
6384;2005;1167;2005
0381;2005;591;2005
3781;2005;403;2005
6103;2005;1365;2005
0120;2005;958;2005
9365;2005;238;2005
9427;2005;1908;2005
6666;2005;778;2005
5491;2005;504;2005
7597;2005;1797;2005
6277;2005;2015;2005
3544;2005;2708;2005
4825;2005;165;2005
5598;2005;208;2005
2673;2005;462;2005
3295;2005;1417;2005
5619;2005;182;2005
7533;2005;755;2005
9214;2005;3965;2005
4018;2005;956;2005
0520;2005;3280;2005
8306;2005;128;2005
3385;2005;204;2005
6410;2005;934;2005
7364;2005;3188;2005
3872;2005;380;2005
3858;2005;1217;2005
4576;2005;327;2005
4207;2005;232;2005
1772;2005;2795;2005
8769;2005;370;2005
5721;2005;4816;2005
2810;2005;4554;2005
4629;2005;549;2005
4757;2005;181;2005
4468;2005;626;2005
2147;2005;175;2005
1501;2005;2217;2005
3546;2005;1346;2005
3607;2005;2636;2005
7980;2005;1202;2005
6268;2005;434;2005
9364;2005;586;2005
0628;2005;201;2005
0925;2005;123;2005
1429;2005;354;2005
1000;2005;1234;2005
3196;2005;295;2005
6456;2005;10439;2005
9399;2005;458;2005
4357;2005;871;2005
9447;2005;5381;2005
4709;2005;315;2005
2910;2005;177;2005
8605;2005;1096;2005
9282;2005;353;2005
7924;2005;1257;2005
5850;2005;1165;2005
8569;2005;284;2005
5068;2005;560;2005
0919;2005;498;2005
3931;2005;1185;2005
8809;2005;552;2005
5548;2005;285;2005
5190;2005;774;2005
3343;2005;658;2005
1136;2005;2080;2005
6729;2005;6145;2005
9118;2005;1025;2005
2846;2005;2003;2005
7953;2005;1281;2005
3823;2005;40231;2005
3465;2005;707;2005
8968;2005;285;2005
6911;2005;230;2005
0473;2005;727;2005
7127;2005;367;2005
0261;2005;133;2005
8375;2005;249;2005
4462;2005;3483;2005
2994;2005;904;2005
2246;2005;591;2005
5045;2005;1386;2005
2304;2005;941;2005
3802;2005;851;2005
3127;2005;2225;2005
2099;2005;639;2005
8026;2005;478;2005
8563;2005;556;2005
3683;2005;388;2005
0712;2005;2769;2005
2848;2005;266;2005
8532;2005;3106;2005
3071;2005;1228;2005
2886;2005;1478;2005
9578;2005;52989;2005
6886;2005;2156;2005
8705;2005;328;2005
4660;2005;853;2005
3583;2005;13354;2005
9254;2005;217;2005
6060;2005;399;2005
8808;2005;1271;2005
6815;2005;7173;2005
1513;2005;422;2005
7256;2005;24531;2005
4645;2005;295;2005
5157;2005;460;2005
2440;2005;10842;2005
5752;2005;23176;2005
2458;2005;5695;2005
6771;2005;10770;2005
2966;2005;2188;2005
7987;2005;7140;2005
0930;2005;614;2005
2733;2005;579;2005
7924;2005;660;2005
6899;2005;1204;2005
3521;2005;2261;2005
3910;2005;5313;2005
7326;2005;2296;2005
4709;2005;440;2005
4026;2005;13321;2005
6034;2005;1504;2005
7456;2005;1579;2005
4005;2005;5716;2005
4707;2005;786;2005
7042;2005;303;2005
1432;2005;197;2005
5606;2005;5404;2005
9617;2005;3720;2005
1527;2005;5635;2005
2726;2005;1783;2005
4065;2005;1068;2005
8152;2005;1972;2005
7277;2005;251;2005
5253;2005;11840;2005
0314;2005;1196;2005
2237;2005;911;2005
7021;2005;468;2005
7242;2005;2038;2005
4313;2005;11039;2005
5718;2005;800;2005
7301;2005;1311;2005
8506;2005;136;2005
9575;2005;3332;2005
2979;2005;537;2005
2226;2005;875;2005
1779;2005;229;2005
6683;2005;2946;2005
1897;2005;221;2005
3129;2005;854;2005
4541;2005;1315;2005
1735;2005;462;2005
3321;2005;955;2005
4461;2005;817;2005
8780;2005;8658;2005
6453;2005;613;2005
9456;2005;858;2005
9184;2005;7245;2005
5972;2005;581;2005
7067;2005;709;2005
6560;2005;1930;2005
2710;2005;59990;2005
0198;2005;3941;2005
6807;2005;3041;2005
8062;2005;821;2005
2868;2005;225;2005
9651;2005;2315;2005
4468;2005;2294;2005
1688;2005;851;2005
7846;2005;8176;2005
9616;2005;13581;2005
9151;2005;399;2005
7617;2005;752;2005
8914;2005;2121;2005
8072;2005;349;2005
2972;2005;11456;2005
9322;2005;2300;2005
2766;2005;2651;2005
4242;2005;4622;2005
5133;2005;2036;2005
0618;2005;5878;2005
0653;2005;5606;2005
7402;2005;3057;2005
9059;2005;7466;2005
4580;2005;3460;2005
8222;2005;6360;2005
0656;2005;3156;2005
7499;2005;1631;2005
6951;2005;3818;2005
2310;2005;27659;2005
2837;2005;2510;2005
7229;2005;9104;2005
0821;2005;5335;2005
0024;2005;265;2005
7249;2005;606;2005
5252;2005;1826;2005
2539;2005;123;2005
6165;2005;455;2005
1627;2005;289;2005
9072;2005;606103;2005
8714;2005;192;2005
9693;2005;1526;2005
8763;2005;13009;2005
7100;2005;2233;2005
7183;2005;495;2005
5078;2005;1549;2005
4412;2005;4003;2005
9341;2005;2607;2005
6498;2005;1429;2005
2743;2005;3558;2005
2716;2005;2613;2005
6107;2005;2793;2005
6787;2005;250;2005
7247;2005;1990;2005
5215;2005;2306;2005
2369;2005;1013;2005
9885;2005;602;2005
5565;2005;2501;2005
5311;2005;541;2005
9310;2005;170;2005
6136;2005;29646;2005
7715;2005;10298;2005
7189;2005;1177;2005
1128;2005;4389;2005
8080;2005;87;2005
5932;2005;2921;2005
0827;2005;554;2005
5747;2005;2515;2005
0448;2005;10181;2005
9016;2005;5918;2005
7704;2005;1252;2005
7441;2005;3125;2005
2045;2005;7843;2005
6163;2005;18481;2005
0661;2005;4259;2005
5371;2005;586;2005
0146;2005;2228;2005
1384;2005;586;2005
6331;2005;2317;2005
6706;2005;772;2005
4259;2005;486;2005
7940;2005;2509;2005
1733;2005;4525;2005
5379;2005;10080;2005
9450;2005;2256;2005
5662;2005;7518;2005
1896;2005;953;2005
3368;2005;985;2005
9014;2005;1208;2005
7545;2005;1153;2005
7916;2005;665;2005
8633;2005;518;2005
0171;2005;7991;2005
0856;2005;1476;2005
2703;2005;5869;2005
2599;2005;725;2005
3922;2005;91780;2005
0078;2005;10730;2005
8140;2005;5591;2005
4273;2005;694;2005
9431;2005;1568;2005
8558;2005;8517;2005
7461;2005;640;2005
1382;2005;3995;2005
7633;2005;3436;2005
2664;2005;1751;2005
6636;2005;857;2005
8524;2005;8341;2005
5146;2005;20310;2005
7759;2005;1505;2005
5883;2005;2205;2005
2985;2005;1019;2005
3713;2005;7350;2005
7008;2005;523;2005
7953;2005;407;2005
8821;2005;4976;2005
7261;2005;5721;2005
1519;2005;9770;2005
5059;2005;4677;2005
5062;2005;4111;2005
1722;2005;747;2005
9232;2005;1731;2005
5157;2005;1483;2005
5636;2005;652;2005
4320;2005;2402;2005
4769;2005;5135;2005
0169;2005;8768;2005
5653;2005;3164;2005
0300;2005;4083;2005
0382;2005;2048;2005
8461;2005;3295;2005
2924;2005;760;2005
1820;2005;1704;2005
9547;2005;1002;2005
3508;2005;865;2005
1189;2005;1224;2005
6200;2005;1038;2005
9058;2005;1129;2005
5128;2005;3230;2005
6598;2005;77778;2005
2718;2005;1777;2005
7280;2005;1636;2005
2635;2005;7550;2005
1414;2005;4513;2005
1269;2005;2599;2005
4234;2005;13049;2005
2131;2005;5877;2005
4002;2005;13380;2005
7494;2005;4773;2005
5879;2005;2516;2005
3228;2005;1290;2005
0381;2005;3955;2005
9092;2005;5438;2005
3442;2005;20657;2005
9547;2005;608;2005
9300;2005;14612;2005
9821;2005;569;2005
7509;2005;1282;2005
7907;2005;2034;2005
9003;2005;7918;2005
7590;2005;5181;2005
3176;2005;4955;2005
0035;2005;831;2005
1336;2005;9076;2005
1074;2005;3851;2005
9838;2005;1985;2005
8440;2005;4699;2005
6874;2005;1062;2005
5554;2005;2563;2005
5510;2005;779;2005
4407;2005;588;2005
1837;2005;3288;2005
5438;2005;2996;2005
0591;2005;2719;2005
8543;2005;189;2005
5272;2005;3222;2005
9590;2005;1570;2005
0684;2005;2744;2005
3987;2005;1380;2005
4905;2005;169;2005
6809;2005;10935;2005
6579;2005;6637;2005
5265;2005;634;2005
9787;2005;48767;2005
2312;2005;836;2005
9434;2005;9377;2005
8643;2005;4589;2005
6747;2005;2731;2005
7868;2005;9457;2005
6600;2005;3692;2005
4363;2005;2469;2005
1580;2005;5059;2005
4806;2005;7949;2005
6957;2005;2036;2005
0456;2005;1228;2005
4338;2005;914;2005
3478;2005;10091;2005
9097;2005;4814;2005
8742;2005;4944;2005
4421;2005;5361;2005
5306;2005;8887;2005
1698;2005;3298;2005
8367;2005;4520;2005
2406;2005;11764;2005
7041;2005;1204;2005
0057;2005;14014;2005
0683;2005;1369;2005
2782;2005;2005;2005
7726;2005;1302;2005
0116;2005;15846;2005
4904;2005;3338;2005
8464;2005;6265;2005
8580;2005;302;2005
8082;2005;310;2005
4816;2005;1765;2005
8832;2005;1363;2005
1012;2005;1298;2005
5105;2005;1822;2005
6025;2005;4299;2005
2356;2005;4523;2005
7451;2005;4398;2005
2065;2005;11577;2005
9147;2005;6872;2005
7246;2005;846;2005
5175;2005;601;2005
4711;2005;264;2005
3374;2005;3071;2005
3750;2005;2477;2005
4481;2005;987;2005
7630;2005;1214;2005
4389;2005;2996;2005
0139;2005;15794;2005
0575;2005;37136;2005
0379;2005;10392;2005
0347;2005;4180;2005
9318;2005;5619;2005
5053;2005;16266;2005
7498;2005;6056;2005
6311;2005;3454;2005
6351;2005;2253;2005
4775;2005;16467;2005
5968;2005;3539;2005
0620;2005;280;2005
7363;2005;9969;2005
4185;2005;1501;2005
3321;2005;2274;2005
8657;2005;80386;2005
0848;2005;7249;2005
2078;2005;305;2005
8789;2005;6072;2005
7338;2005;6834;2005
7832;2005;8844;2005
2627;2005;5250;2005
6058;2005;465;2005
2206;2005;1400;2005
3792;2005;6084;2005
9506;2005;3959;2005
8386;2005;2463;2005
9921;2005;1108;2005
5896;2005;4922;2005
2401;2005;1653;2005
8076;2005;7260;2005
1121;2005;654;2005
6231;2005;4562;2005
5106;2005;3408;2005
7081;2005;583;2005
6808;2005;3004;2005
5853;2005;324;2005
8047;2005;2423;2005
1194;2005;4346;2005
6705;2005;1559;2005
5601;2005;289;2005
4718;2005;1285;2005
1737;2005;5602;2005
8334;2005;1938;2005
9720;2005;462;2005
0252;2005;1773;2005
7733;2005;3444;2005
1784;2005;7138;2005
1931;2005;7023;2005
5169;2005;401;2005
5295;2005;2022;2005
6757;2005;2236;2005
2534;2005;36552;2005
1053;2005;5016;2005
7176;2005;5331;2005
9442;2005;1228;2005
9237;2005;2836;2005
1719;2005;4091;2005
7329;2005;2886;2005
1514;2005;5874;2005
9963;2005;405;2005
8896;2005;1753;2005
2221;2005;4680;2005
5073;2005;2684;2005
9723;2005;1338;2005
6220;2005;811;2005
4466;2005;870;2005
6881;2005;2795;2005
9748;2005;299;2005
5479;2005;552;2005
1831;2005;8758;2005
2813;2005;7085;2005
6263;2005;2048;2005
3781;2005;662;2005
9034;2005;559;2005
6171;2005;554;2005
1169;2005;80542;2005
5288;2005;1200;2005
1917;2005;787;2005
1382;2005;772;2005
9305;2005;3181;2005
6466;2005;249;2005
6082;2005;602;2005
2764;2005;1446;2005
0436;2005;3487;2005
4878;2005;282;2005
9512;2005;1107;2005
8017;2005;16827;2005
9372;2005;2619;2005
5230;2005;1258;2005
1414;2005;3597;2005
3603;2005;2822;2005
9561;2005;4889;2005
2395;2005;8809;2005
7547;2005;950;2005
1256;2005;973;2005
4830;2005;243;2005
4163;2005;2169;2005
8250;2005;2926;2005
8991;2005;1283;2005
8403;2005;2692;2005
5458;2005;720;2005
9052;2005;5331;2005
9873;2005;8368;2005
1961;2005;954;2005
6825;2005;507;2005
8360;2005;2251;2005
0408;2005;1378;2005
5331;2005;406;2005
9352;2005;1850;2005
7039;2005;2085;2005
5636;2005;2726;2005
2977;2005;5805;2005
1337;2005;204;2005
0364;2005;4068;2005
4770;2005;8327;2005
6045;2005;1576;2005
1613;2005;2516;2005
6988;2005;4886;2005
8854;2005;2215;2005
9255;2005;10060;2005
0815;2005;571;2005
8027;2005;21905;2005
2885;2005;3472;2005
7701;2005;3209;2005
2814;2005;3988;2005
3255;2005;994;2005
8974;2005;1775;2005
7270;2005;2056;2005
2230;2005;4496;2005
0152;2005;264;2005
5169;2005;2636;2005
6815;2005;7543;2005
7055;2005;1044;2005
0301;2005;1315;2005
9209;2005;2943;2005
9644;2005;11042;2005
6880;2005;2179;2005
4607;2005;2581;2005
3421;2005;977;2005
2138;2005;1745;2005
5747;2005;222;2005
9935;2005;943;2005
7955;2005;1005;2005
5334;2005;289;2005
9040;2005;848;2005
0749;2005;872;2005
8112;2005;266;2005
3802;2005;4126;2005
6400;2005;4403;2005
2991;2005;937;2005
2026;2005;1296;2005
9165;2005;415;2005
0752;2005;291;2005
5208;2005;1100;2005
0864;2005;1678;2005
5680;2005;6892;2005
5316;2005;5815;2005
7342;2005;626;2005
5077;2005;1091;2005
2137;2005;1661;2005
0917;2005;4336;2005
9930;2005;386;2005
1171;2005;936;2005
7868;2005;3043;2005
0937;2005;2443;2005
2332;2005;1150;2005
7425;2005;682;2005
2943;2005;670;2005
9054;2005;5569;2005
5288;2005;1239;2005
8070;2005;1325;2005
9091;2005;225;2005
2824;2005;8481;2005
7844;2005;4077;2005
6474;2005;2634;2005
1320;2005;2692;2005
6115;2005;202;2005
7405;2005;1628;2005
8606;2005;275;2005
1517;2005;2525;2005
0078;2005;741;2005
7469;2005;3908;2005
8680;2005;7064;2005
5952;2005;216;2005
7866;2005;1807;2005
3743;2005;389;2005
3462;2005;3139;2005
7750;2005;565;2005
3652;2005;1633;2005
1442;2005;3200;2005
2215;2005;154;2005
5948;2005;4307;2005
1065;2005;1274;2005
4214;2005;4053;2005
7070;2005;2076;2005
9723;2005;1022;2005
4884;2005;1074;2005
3122;2005;1565;2005
0700;2005;704;2005
0329;2005;1542;2005
4204;2005;470;2005
6854;2005;726;2005
7709;2005;7171;2005
5975;2005;2700;2005
7567;2005;2502;2005
0707;2005;366;2005
1361;2005;1078;2005
8352;2005;1485;2005
9901;2005;5251;2005
7335;2005;378;2005
5560;2005;3044;2005
4967;2005;3288;2005
7991;2005;548;2005
8975;2005;865;2005
5951;2005;654;2005
4263;2005;218;2005
4131;2005;1815;2005
9158;2005;4779;2005
1233;2005;1634;2005
6544;2005;590;2005
1650;2005;1439;2005
2927;2005;5371;2005
4605;2005;648;2005
7844;2005;700;2005
3244;2005;1105;2005
4294;2005;1018;2005
4612;2005;43;2005
1455;2005;1692;2005
9738;2005;3029;2005
4021;2005;11469;2005
7437;2005;1724;2005
2997;2005;36;2005
6867;2005;1259;2005
7998;2005;2300;2005
2534;2005;1938;2005
8988;2005;1849;2005
7265;2005;2228;2005
5844;2005;622;2005
7578;2005;2748;2005
0003;2005;299;2005
8248;2005;511;2005
8974;2005;2937;2005
8501;2005;454;2005
5235;2005;466;2005
4525;2005;4466;2005
8748;2005;21601;2005
6849;2005;106;2005
0512;2005;4630;2005
2737;2005;231;2005
3175;2005;4752;2005
3744;2005;9074;2005
2368;2005;882;2005
1463;2005;579;2005
3756;2005;2340;2005
0134;2005;2058;2005
7227;2005;4028;2005
5706;2005;3424;2005
0275;2005;2729;2005
7085;2005;969;2005
3774;2005;1101;2005
4053;2005;236;2005
5223;2005;1131;2005
7393;2005;2966;2005
7777;2005;29386;2005
2281;2005;14043;2005
4676;2005;2049;2005
9817;2005;4407;2005
8631;2005;5868;2005
4210;2005;5938;2005
2455;2005;16928;2005
5634;2005;19177;2005
3619;2005;10512;2005
0520;2005;7830;2005
3841;2005;16231;2005
7559;2005;6396;2005
5856;2005;3376;2005
4922;2005;8158;2005
5903;2005;3711;2005
5372;2005;6772;2005
9338;2005;9171;2005
1613;2005;2988;2005
7027;2005;14605;2005
7426;2005;1813;2005
8948;2005;11366;2005
8715;2005;7250;2005
6528;2005;4361;2005
1393;2005;36898;2005
9334;2005;15304;2005
3825;2005;26474;2005
6082;2005;5727;2005
4122;2005;32707;2005
9489;2005;1701;2005
0036;2005;26038;2005
4332;2005;4222;2005
8322;2005;4474;2005
7763;2005;5025;2005
5863;2005;8530;2005
9836;2005;12797;2005
7272;2005;1125;2005
1802;2005;5945;2005
5652;2005;1997;2005
2532;2005;12144;2005
0386;2005;5049;2005
8894;2005;17336;2005
4702;2005;7443;2005
2564;2005;2662;2005
3859;2005;13469;2005
2971;2005;3624;2005
5951;2005;5217;2005
6010;2005;17423;2005
2096;2005;12394;2005
3175;2005;1776;2005
1724;2005;10461;2005
3932;2005;6313;2005
0780;2005;5876;2005
2207;2005;28398;2005
0224;2005;4652;2005
1073;2005;14195;2005
9388;2005;23350;2005
5134;2005;34505;2005
7681;2005;12935;2005
7241;2005;71381;2005
6764;2005;3387;2005
9549;2005;7965;2005
3961;2005;47212;2005
1644;2005;1993;2005
4875;2005;14480;2005
6868;2005;15209;2005
4735;2005;18236;2005
0674;2005;20270;2005
8153;2005;9533;2005
4858;2005;2130;2005
3573;2005;32639;2005
9242;2005;7852;2005
4585;2005;3418;2005
0817;2005;19135;2005
6354;2005;4994;2005
7563;2005;37541;2005
4795;2005;2731;2005
2559;2005;8508;2005
9951;2005;27186;2005
7593;2005;6827;2005
2803;2005;22762;2005
5801;2005;18277;2005
4596;2005;2531;2005
1012;2005;1504;2005
1348;2005;8465;2005
2054;2005;9378;2005
0401;2005;7573;2005
9333;2005;24130;2005
3149;2005;7051;2005
6501;2005;55516;2005
9773;2005;14767;2005
1856;2005;7048;2005
2850;2005;32432;2005
4067;2005;3629;2005
2958;2005;37638;2005
4645;2005;8828;2005
1826;2005;6806;2005
9911;2005;23164;2005
2300;2005;8524;2005
2061;2005;5520;2005
3852;2005;2574;2005
3083;2005;22101;2005
0824;2005;11710;2005
9985;2005;16161;2005
8205;2005;18266;2005
6397;2005;3624;2005
3185;2005;3510;2005
6706;2005;1262198;2005
1093;2005;4595;2005
0966;2005;120908;2005
0014;2005;1193;2005
5128;2005;7176;2005
4764;2005;22250;2005
2583;2005;17424;2005
8760;2005;660;2005
8580;2005;22322;2005
4620;2005;20045;2005
8582;2005;3549;2005
6385;2005;13017;2005
8844;2005;3794;2005
9857;2005;3970;2005
9731;2005;1326;2005
1049;2005;46141;2005
6200;2005;5590;2005
2925;2005;24605;2005
8208;2005;10252;2005
9782;2005;10142;2005
2212;2005;21362;2005
6624;2005;9005;2005
9138;2005;15381;2005
0936;2005;32659;2005
7848;2005;8157;2005
1648;2005;3915;2005
1394;2005;7622;2005
0744;2005;5952;2005
9065;2005;3855;2005
0299;2005;13298;2005
2430;2005;49619;2005
9267;2005;4759;2005
7842;2005;6475;2005
0738;2005;4199;2005
1611;2005;2652;2005
9685;2005;3279;2005
6816;2005;5165;2005
2429;2005;38663;2005
5050;2005;7495;2005
8762;2005;32086;2005
2001;2005;6397;2005
8285;2005;33756;2005
9662;2005;3913;2005
5010;2005;8050;2005
2354;2005;3867;2005
7529;2005;10822;2005
4880;2005;32817;2005
5956;2005;19939;2005
0449;2005;40134;2005
6996;2005;79189;2005
4264;2005;6699;2005
7190;2005;18060;2005
4024;2005;19964;2005
6760;2005;13162;2005
2630;2005;7503;2005
2018;2005;3512;2005
4356;2005;4074;2005
7662;2005;18831;2005
0534;2005;11991;2005
9378;2005;2509;2005
3930;2005;8051;2005
9837;2005;4969;2005
5188;2005;7436;2005
7508;2005;9266;2005
0499;2005;7892;2005
1545;2005;6920;2005
8480;2005;12471;2005
9793;2005;7739;2005
5554;2005;4351;2005
5334;2005;8998;2005
3090;2005;3588;2005
6542;2005;2643;2005
5517;2005;8207;2005
8647;2005;13285;2005
7166;2005;25630;2005
7483;2005;13860;2005
1334;2005;8363;2005
6505;2005;4049;2005
4278;2005;1181;2005
5779;2005;5766;2005
5513;2005;6074;2005
5630;2005;5115;2005
7607;2005;10591;2005
6055;2005;2040;2005
2249;2005;858;2005
3527;2005;7250;2005
8094;2005;17421;2005
0154;2005;5868;2005
6065;2005;5472;2005
7305;2005;5860;2005
6709;2005;12851;2005
2949;2005;2287;2005
7270;2005;2697;2005
3472;2005;4576;2005
4369;2005;3728;2005
3077;2005;2669;2005
6932;2005;193;2005
4898;2005;506;2005
3078;2005;7339;2005
2892;2005;450;2005
5491;2005;4007;2005
9806;2005;634;2005
0745;2005;4191;2005
0807;2005;1669;2005
2680;2005;737;2005
1447;2005;2436;2005
1066;2005;114191;2005
8641;2005;1215;2005
6704;2005;542;2005
2008;2005;91;2005
5912;2005;4831;2005
2082;2005;4869;2005
1510;2005;7082;2005
4678;2005;6009;2005
8306;2005;1117;2005
0906;2005;996;2005
7727;2005;4959;2005
4653;2005;830;2005
1864;2005;761;2005
5358;2005;7680;2005
1319;2005;7213;2005
2698;2005;4289;2005
1106;2005;5093;2005
1425;2005;111;2005
9947;2005;4607;2005
0832;2005;5396;2005
6677;2005;5065;2005
3336;2005;8017;2005
7239;2005;3679;2005
9440;2005;604;2005
2162;2005;3927;2005
6789;2005;1267;2005
7811;2005;7481;2005
7838;2005;3000;2005
3883;2005;14884;2005
8209;2005;4059;2005
1535;2005;372;2005
5891;2005;4384;2005
1132;2005;3678;2005
1746;2005;3660;2005
6219;2005;3343;2005
6773;2005;118;2005
1527;2005;9303;2005
7066;2005;2734;2005
5001;2005;3403;2005
5891;2005;1455;2005
6516;2005;1992;2005
0244;2005;1474;2005
9724;2005;2370;2005
6167;2005;3058;2005
5992;2005;4065;2005
0705;2005;1564;2005
5456;2005;2867;2005
8847;2005;5354;2005
8160;2005;5878;2005
3074;2005;5249;2005
7280;2005;5029;2005
1901;2005;8533;2005
6268;2005;1149;2005
5187;2005;9986;2005
7485;2005;1631;2005
4452;2005;3548;2005
5017;2005;969;2005
3490;2005;1768;2005
2228;2005;3103;2005
2120;2005;647;2005
6740;2005;8632;2005
9435;2005;3719;2005
4135;2005;2759;2005
7049;2005;7458;2005
4071;2005;285;2005
8075;2005;22230;2005
5582;2005;1010;2005
0715;2005;3287;2005
1452;2005;1664;2005
7815;2005;7429;2005
0407;2005;1177;2005
4232;2005;2953;2005
2877;2005;1164;2005
0600;2005;3131;2005
7969;2005;3785;2005
9290;2005;682;2005
1428;2005;211;2005
8683;2005;3157;2005
0447;2005;2959;2005
2797;2005;234;2005
1342;2005;1049;2005
0319;2005;5705;2005
1267;2005;1436;2005
1962;2005;936;2005
4134;2005;4969;2005
1680;2005;384;2005
5881;2005;5193;2005
6976;2005;4881;2005
5201;2005;5646;2005
0001;2005;1734;2005
7413;2005;5910;2005
0692;2005;1232;2005
7773;2005;862;2005
9408;2005;6787;2005
8327;2005;189;2005
0586;2005;708;2005
1559;2005;4138;2005
6909;2005;4818;2005
7383;2005;651;2005
5315;2005;3403;2005
7896;2005;840;2005
9170;2005;5427;2005
0469;2005;2230;2005
4846;2005;772;2005
0689;2005;3693;2005
6702;2005;5865;2005
0512;2005;9117;2005
8383;2005;225;2005
1053;2005;2970;2005
3564;2005;200;2005
7535;2005;1081;2005
8156;2005;2674;2005
5627;2005;2523;2005
9226;2005;2615;2005
4646;2005;4191;2005
6417;2005;7283;2005
2348;2005;11075;2005
6274;2005;514;2005
8919;2005;1051;2005
3262;2005;193;2005
6636;2005;717;2005
7820;2005;797;2005
0766;2005;1679;2005
0963;2005;192;2005
1822;2005;4905;2005
5856;2005;11124;2005
2349;2005;1988;2005
0901;2005;3524;2005
9624;2005;3710;2005
7937;2005;5417;2005
2793;2005;2846;2005
8187;2005;377;2005
5999;2005;5324;2005
4799;2005;1820;2005
7022;2005;1423;2005
5451;2005;1040;2005
7653;2005;1232;2005
2378;2005;455;2005
4280;2005;94;2005
2861;2005;1430;2005
5898;2005;2024;2005
4816;2005;6883;2005
5512;2005;10329;2005
3776;2005;3172;2005
0976;2005;4707;2005
1983;2005;4373;2005
9556;2005;1901;2005
6248;2005;1155;2005
2817;2005;4702;2005
1151;2005;1544;2005
0748;2005;5963;2005
2202;2005;1173;2005
5213;2005;851;2005
8106;2005;3611;2005
3831;2005;16859;2005
3866;2005;480;2005
0675;2005;721;2005
0302;2005;857;2005
5339;2005;3676;2005
0260;2005;5128;2005
2465;2005;4936;2005
9533;2005;4971;2005
8036;2005;618;2005
0515;2005;3487;2005
6622;2005;5853;2005
6891;2005;9019;2005
9693;2005;1286;2005
8461;2005;2549;2005
5279;2005;2028;2005
5290;2005;21966;2005
3384;2005;2195;2005
7570;2005;1573;2005
9447;2005;679;2005
2123;2005;8483;2005
0350;2005;3796;2005
0217;2005;5207;2005
9670;2005;968;2005
6107;2005;5059;2005
3737;2005;11512;2005
8250;2005;1065;2005
5411;2005;3716;2005
1257;2005;621;2005
1707;2005;2227;2005
3025;2005;4656;2005
1225;2005;6338;2005
4838;2005;8122;2005
6904;2005;2179;2005
6241;2005;1095;2005
5138;2005;8781;2005
2198;2005;27246;2005
4874;2005;9573;2005
3451;2005;1334;2005
7782;2005;8788;2005
8899;2005;1194;2005
8028;2005;3639;2005
8905;2005;605;2005
7640;2005;145;2005
2302;2005;230;2005
3797;2005;417;2005
8975;2005;322;2005
2916;2005;236;2005
8218;2005;7258;2005
3439;2005;7263;2005
6945;2005;4815;2005
4483;2005;1079;2005
7561;2005;1104;2005
3097;2005;633;2005
9822;2005;4359;2005
4954;2005;6809;2005
6029;2005;6186;2005
1595;2005;1981;2005
0419;2005;6930;2005
0010;2005;1547;2005
4317;2005;2488;2005
9523;2005;7268;2005
2123;2005;9042;2005
2970;2005;976;2005
3232;2005;774;2005
2506;2005;274;2005
8484;2005;2264;2005
1788;2005;1703;2005
5464;2005;1518;2005
2895;2005;6809;2005
5546;2005;1835;2005
7523;2005;2409;2005
8313;2005;462;2005
5601;2005;2590;2005
0191;2005;3309;2005
5695;2005;2418;2005
3457;2005;11978;2005
2121;2005;3917;2005
3363;2005;2342;2005
4918;2005;1172;2005
4204;2005;2045;2005
4434;2005;10548;2005
5925;2005;2183;2005
4633;2005;1815;2005
9148;2005;2277;2005
5442;2005;3617;2005
2870;2005;1460;2005
5299;2005;5125;2005
4199;2005;8381;2005
4960;2005;2738;2005
4824;2005;10229;2005
9887;2005;2360;2005
4114;2005;7462;2005
3801;2005;1368;2005
3567;2005;664;2005
9301;2005;4914;2005
3338;2005;190131;2005
8968;2005;676;2005
3082;2005;1874;2005
2958;2005;11864;2005
7369;2005;3206;2005
8272;2005;7831;2005
1074;2005;2448;2005
9465;2005;422;2005
9676;2005;4064;2005
6009;2005;8653;2005
8417;2005;11490;2005
1737;2005;7293;2005
1396;2005;6017;2005
4999;2005;9038;2005
2325;2005;10222;2005
3362;2005;1919;2005
6321;2005;6352;2005
3415;2005;10410;2005
0830;2005;1255;2005
5461;2005;4870;2005
5525;2005;640;2005
2989;2005;1950;2005
4642;2005;1007;2005
9592;2005;17918;2005
9309;2005;1676;2005
7130;2005;590;2005
3068;2005;2682;2005
0465;2005;7639;2005
2698;2005;4747;2005
4749;2005;2478;2005
7875;2005;7229;2005
4370;2005;3231;2005
0748;2005;13546;2005
9733;2005;6698;2005
6046;2005;2044;2005
2960;2005;1161;2005
0712;2005;14395;2005
3209;2005;4878;2005
2625;2005;25378;2005
9031;2005;4331;2005
2398;2005;7514;2005
3061;2005;5023;2005
0159;2005;2137;2005
8367;2005;7781;2005
5861;2005;4730;2005
3928;2005;2675;2005
6562;2005;11301;2005
7532;2005;3072;2005
7959;2005;10959;2005
8026;2005;17097;2005
3811;2005;2113;2005
2837;2005;5137;2005
0891;2005;15666;2005
8933;2005;1853;2005
6657;2005;419;2005
9347;2005;145;2005
4195;2005;8885;2005
3283;2005;3687;2005
8235;2005;646;2005
4516;2005;13568;2005
0239;2005;1114;2005
4987;2005;1767;2005
4335;2005;3299;2005
1954;2005;14001;2005
4707;2005;617;2005
2553;2005;545;2005
7425;2005;376;2005
7179;2005;23942;2005
0958;2005;1476;2005
1125;2005;172;2005
5281;2005;2957;2005
8941;2005;2060;2005
4567;2005;3280;2005
6274;2005;4335;2005
8839;2005;12995;2005
7392;2005;4383;2005
0348;2005;710;2005
9306;2005;3181;2005
7265;2005;10319;2005
4888;2005;1649;2005
6521;2005;2052;2005
0259;2005;574;2005
6051;2005;1768;2005
8908;2005;4108;2005
6613;2005;20899;2005
5181;2005;4513;2005
5067;2005;788;2005
0780;2005;2200;2005
2115;2005;10818;2005
1574;2005;1903;2005
4579;2005;3690;2005
3116;2005;4046;2005
5439;2005;1998;2005
0333;2005;4004;2005
8481;2005;3214;2005
7797;2005;957;2005
8683;2005;11740;2005
9376;2005;2420;2005
2902;2005;12302;2005
8578;2005;1443;2005
8085;2005;3948;2005
6080;2005;3540;2005
8656;2005;238;2005
0034;2005;1849;2005
0393;2005;18466;2005
1816;2005;4044;2005
1537;2005;673;2005
3907;2005;6516;2005
6134;2005;2779;2005
8177;2005;4099;2005
9152;2005;623;2005
1258;2005;703;2005
4894;2005;1640;2005
9450;2005;4046;2005
2274;2005;7973;2005
2011;2005;2723;2005
1195;2005;2365;2005
2734;2005;3568;2005
6432;2005;4893;2005
4051;2005;1821;2005
2070;2005;6826;2005
0859;2005;6433;2005
3278;2005;3352;2005
1622;2005;2775;2005
4524;2005;1571;2005
2623;2005;388;2005
9888;2005;6061;2005
1597;2005;6265;2005
8506;2005;950;2005
9716;2005;3005;2005
4527;2005;6142;2005
4624;2005;3248;2005
2063;2005;12681;2005
1323;2005;4084;2005
8906;2005;8016;2005
8207;2005;4362;2005
4184;2005;8766;2005
0941;2005;15697;2005
8454;2005;4944;2005
4472;2005;3537;2005
5869;2005;3328;2005
3045;2005;10138;2005
2156;2005;3216;2005
5028;2005;1917;2005
2531;2005;3975;2005
6790;2005;12380;2005
2669;2005;1086;2005
4711;2005;1531;2005
5719;2005;1608;2005
4273;2005;3010;2005
2462;2005;7189;2005
7734;2005;1636;2005
8920;2005;1234;2005
4396;2005;1715;2005
8075;2005;1445;2005
2585;2005;1005;2005
8545;2005;1316;2005
4393;2005;5640;2005
1714;2005;7455;2005
7358;2005;12035;2005
6938;2005;2112;2005
1019;2005;5207;2005
7332;2005;601;2005
6802;2005;3603;2005
8574;2005;1236;2005
1237;2005;235;2005
7595;2005;7947;2005
0635;2005;3962;2005
9638;2005;4401;2005
1472;2005;1391;2005
2195;2005;10347;2005
8650;2005;1269;2005
1011;2005;5339;2005
2649;2005;754;2005
2237;2005;1801;2005
2214;2005;7720;2005
6815;2005;1128;2005
3021;2005;4547;2005
3442;2005;877;2005
7558;2005;214;2005
3279;2005;483;2005
4487;2005;2601;2005
4849;2005;1615;2005
0572;2005;422;2005
6624;2005;666;2005
7453;2005;839;2005
3380;2005;1705;2005
7079;2005;196;2005
4914;2005;986;2005
1426;2005;338;2005
6977;2005;5877;2005
8636;2005;2630;2005
8364;2005;2428;2005
8094;2005;1364;2005
1043;2005;417;2005
6391;2005;1064;2005
9286;2005;2022;2005
8351;2005;616;2005
1504;2005;797;2005
8102;2005;879;2005
6894;2005;3398;2005
0078;2005;9108;2005
9837;2005;119;2005
4926;2005;827;2005
8967;2005;1627;2005
8097;2005;128;2005
8099;2005;1424;2005
7807;2005;1438;2005
6302;2005;454;2005
4774;2005;849;2005
8049;2005;2609;2005
7359;2005;7785;2005
7338;2005;6333;2005
2679;2005;749;2005
6617;2005;6527;2005
7809;2005;1028;2005
7444;2005;1017;2005
2141;2005;653;2005
2591;2005;5989;2005
1232;2005;266;2005
5977;2005;1442;2005
3786;2005;221;2005
5598;2005;769;2005
8579;2005;3567;2005
4109;2005;1169;2005
4120;2005;3549;2005
8349;2005;1416;2005
0512;2005;5244;2005
9552;2005;972;2005
8096;2005;1677;2005
3401;2005;1505;2005
8710;2005;789;2005
1138;2005;742;2005
0907;2005;2056;2005
4393;2005;1089;2005
8242;2005;382;2005
6095;2005;430;2005
0766;2005;3029;2005
5665;2005;4437;2005
1708;2005;1123;2005
2478;2005;845;2005
8364;2005;402;2005
1744;2005;1303;2005
2313;2005;258;2005
7761;2005;282;2005
7030;2005;9213;2005
1760;2005;9395;2005
9957;2005;347;2005
4113;2005;1144;2005
7503;2005;4230;2005
6127;2005;2990;2005
4203;2005;237;2005
3452;2005;2501;2005
2160;2005;4366;2005
6414;2005;1117;2005
7000;2005;5062;2005
8212;2005;465;2005
3416;2005;1252;2005
1659;2005;2233;2005
7457;2005;152;2005
3585;2005;2406;2005
8204;2005;2218;2005
2533;2005;1545;2005
1177;2005;2247;2005
2895;2005;1142;2005
8943;2005;6986;2005
1371;2005;451;2005
0203;2005;1175;2005
0508;2005;505;2005
5106;2005;1459;2005
5559;2005;3401;2005
0651;2005;943;2005
7416;2005;1738;2005
4035;2005;573;2005
4139;2005;389;2005
9744;2005;316;2005
1883;2005;721;2005
4933;2005;1763;2005
2990;2005;754;2005
9694;2005;14677;2005
0764;2005;373;2005
3810;2005;818;2005
9101;2005;215;2005
9792;2005;1154;2005
8066;2005;2045;2005
1018;2005;338;2005
3011;2005;1853;2005
2680;2005;69876;2005
2072;2005;855;2005
1530;2005;918;2005
1053;2005;2159;2005
3960;2005;2670;2005
3078;2005;1594;2005
0903;2005;639;2005
9573;2005;875;2005
4798;2005;1481;2005
1588;2005;470;2005
4616;2005;1034;2005
6677;2005;1277;2005
9155;2005;4784;2005
5408;2005;6103;2005
8679;2005;544;2005
4966;2005;91;2005
7641;2005;242;2005
3647;2005;399;2005
7133;2005;822;2005
0510;2005;881;2005
5530;2005;689;2005
4116;2005;969;2005
4420;2005;790;2005
5512;2005;466;2005
4293;2005;772;2005
2547;2005;3680;2005
4521;2005;1214;2005
2907;2005;5244;2005
3323;2005;5865;2005
4207;2005;1899;2005
5912;2005;1593;2005
5572;2005;600;2005
8988;2005;577;2005
4715;2005;2565;2005
4973;2005;844;2005
8928;2005;561;2005
5419;2005;1839;2005
5741;2005;928;2005
7208;2005;266;2005
6711;2005;742;2005
7879;2005;5584;2005
8724;2005;1094;2005
2314;2005;558;2005
7819;2005;10965;2005
8479;2005;684;2005
2280;2005;1546;2005
6600;2005;606;2005
4934;2005;821;2005
9980;2005;347;2005
4385;2005;2153;2005
5020;2005;3062;2005
6271;2005;836;2005
0437;2005;3634;2005
8312;2005;1411;2005
4982;2005;3611;2005
1548;2005;753;2005
6826;2005;697;2005
8538;2005;220;2005
2357;2005;2161;2005
1612;2005;1420;2005
9834;2005;328;2005
6122;2005;3475;2005
1723;2005;120;2005
1961;2005;2732;2005
7086;2005;333;2005
4404;2005;1299;2005
1425;2005;5085;2005
3639;2005;57347;2005
8781;2005;82;2005
6085;2005;726;2005
7786;2005;2889;2005
4896;2005;1258;2005
4422;2005;38418;2005
7722;2005;134;2005
3999;2005;1127;2005
5293;2005;1386;2005
5828;2005;1190;2005
4037;2005;479;2005
3613;2005;454;2005
1915;2005;1351;2005
7500;2005;3017;2005
2161;2005;1254;2005
0775;2005;3363;2005
1983;2005;1969;2005
1210;2005;680;2005
3878;2005;4570;2005
9008;2005;1202;2005
1424;2005;615;2005
1071;2005;551;2005
6996;2005;1278;2005
9506;2005;1321;2005
6407;2005;714;2005
8381;2005;1846;2005
1471;2005;591;2005
1977;2005;473;2005
4543;2005;2339;2005
8750;2005;4045;2005
1935;2005;1743;2005
5180;2005;1136;2005
6570;2005;545;2005
4018;2005;1585;2005
5341;2005;14200;2005
2823;2005;1731;2005
7893;2005;603;2005
7877;2005;443;2005
0774;2005;9100;2005
8999;2005;5141;2005
7571;2005;354;2005
9178;2005;580;2005
1934;2005;1859;2005
9629;2005;879;2005
3600;2005;1203;2005
8526;2005;1089;2005
4080;2005;1396;2005
1284;2005;1657;2005
5182;2005;32982;2005
4818;2005;70439;2005
7577;2005;1258;2005
9370;2005;626;2005
7740;2005;432;2005
9906;2005;384;2005
6525;2005;3601;2005
7212;2005;526;2005
1938;2005;969;2005
6431;2005;1107;2005
7072;2005;995;2005
1013;2005;1851;2005
5732;2005;1093;2005
7178;2005;1045;2005
2763;2005;640;2005
2582;2005;1330;2005
2896;2005;1922;2005
2234;2005;2834;2005
4655;2005;1257;2005
1916;2005;1925;2005
7616;2005;2998;2005
8225;2005;1278;2005
9196;2005;1476;2005
3428;2005;2103;2005
3944;2005;2306;2005
1532;2005;895;2005
4664;2005;980;2005
5835;2005;5783;2005
1541;2005;945;2005
4890;2005;3012;2005
9619;2005;1462;2005
8208;2005;3782;2005
2953;2005;8373;2005
6081;2005;3040;2005
5434;2005;1496;2005
0166;2005;723;2005
9694;2005;3738;2005
7631;2005;2477;2005
7288;2005;1065;2005
4355;2005;1290;2005
8500;2005;1508;2005
0610;2005;6770;2005
4015;2005;1385;2005
8622;2005;883;2005
5383;2005;1461;2005
9563;2005;1012;2005
7794;2005;3245;2005
9739;2005;462;2005
3332;2005;1971;2005
4011;2005;7320;2005
9631;2005;2255;2005
0470;2005;2774;2005
3647;2005;1105;2005
9264;2005;2100;2005
6828;2005;1472;2005
2144;2005;1661;2005
3799;2005;527;2005
0761;2005;1552;2005
7202;2005;634;2005
3092;2005;3301;2005
4937;2005;3011;2005
4254;2005;1033;2005
3201;2005;7681;2005
5681;2005;8985;2005
9595;2005;3160;2005
2090;2005;1608;2005
1073;2005;656;2005
0196;2005;6564;2005
2009;2005;1452;2005
9819;2005;457;2005
7693;2005;388;2005
1654;2005;524;2005
1215;2005;1805;2005
2196;2005;740;2005
9180;2005;2570;2005
0610;2005;1708;2005
1516;2005;3841;2005
6926;2005;4409;2005
4365;2005;3814;2005
1205;2005;593;2005
2425;2005;463;2005
0142;2005;2962;2005
4815;2005;9697;2005
2218;2005;5564;2005
0067;2005;2006;2005
0690;2005;3470;2005
0661;2005;883;2005
8219;2005;4024;2005
8664;2005;4523;2005
4259;2005;1376;2005
6958;2005;2192;2005
8495;2005;2461;2005
0306;2005;1590;2005
3399;2005;2668;2005
5751;2005;4514;2005
4042;2005;10706;2005
3392;2005;4957;2005
0224;2005;20150;2005
9096;2005;3818;2005
3082;2005;2577;2005
6487;2005;1172;2005
1670;2005;13119;2005
5305;2005;3321;2005
7729;2005;1563;2005
0314;2005;2719;2005
4871;2005;2433;2005
2204;2005;9926;2005
9966;2005;8713;2005
3783;2005;5660;2005
2002;2005;1764;2005
8062;2005;46930;2005
7890;2005;6990;2005
9126;2005;659;2005
0156;2005;7364;2005
7286;2005;3412;2005
8334;2005;5807;2005
0160;2005;4744;2005
7898;2005;2324;2005
8339;2005;6879;2005
5687;2005;7109;2005
7324;2005;929;2005
5877;2005;1709;2005
2586;2005;6416;2005
5518;2005;1678;2005
7187;2005;2139;2005
4430;2005;14752;2005
3788;2005;1224;2005
4355;2005;5815;2005
0358;2005;1408;2005
1481;2005;2503;2005
5452;2005;2656;2005
6105;2005;5193;2005
4216;2005;6905;2005
9847;2005;8044;2005
2701;2005;4356;2005
9405;2005;7531;2005
9671;2005;1767;2005
5304;2005;8367;2005
3852;2005;1165;2005
9393;2005;1845;2005
9551;2005;1237;2005
0443;2005;6450;2005
2015;2005;1718;2005
0834;2005;2517;2005
2712;2005;2226;2005
8966;2005;18722;2005
8411;2005;17753;2005
2882;2005;2120;2005
8397;2005;2097;2005
2024;2005;10520;2005
4845;2005;6951;2005
5642;2005;1680;2005
8331;2005;914;2005
0459;2005;388;2005
8938;2005;13219;2005
3240;2005;714;2005
1045;2005;3155;2005
6036;2005;1561;2005
1919;2005;97649;2005
1364;2005;644;2005
1440;2005;2054;2005
5765;2005;19368;2005
4802;2005;2436;2005
0587;2005;14210;2005
6620;2005;342;2005
6218;2005;7339;2005
3939;2005;2596;2005
0238;2005;5001;2005
7990;2005;2322;2005
1405;2005;6272;2005
7048;2005;1357;2005
7318;2005;2680;2005
0177;2005;4976;2005
5323;2005;3273;2005
1621;2005;2186;2005
0147;2005;608;2005
8833;2005;1244;2005
4115;2005;2399;2005
1891;2005;3293;2005
6161;2005;4654;2005
0870;2005;2409;2005
9202;2005;3128;2005
7661;2005;942;2005
2975;2005;2465;2005
5692;2005;3065;2005
9811;2005;1502;2005
2416;2005;878;2005
6231;2005;5049;2005
5937;2005;4264;2005
2737;2005;2452;2005
2114;2005;15821;2005
9142;2005;10435;2005
2586;2005;3802;2005
9038;2005;361;2005
3816;2005;1478;2005
8880;2005;1189;2005
4751;2005;4969;2005
2918;2005;2799;2005
8067;2005;2295;2005
8689;2005;879;2005
1192;2005;1516;2005
4986;2005;35025;2005
5542;2005;2630;2005
5522;2005;1580;2005
3774;2005;2183;2005
1965;2005;1661;2005
2569;2005;5191;2005
2859;2005;2661;2005
9595;2005;1894;2005
6846;2005;3690;2005
8163;2005;3396;2005
1710;2005;4612;2005
4018;2005;3324;2005
3951;2005;1375;2005
8555;2005;598;2005
3031;2005;203;2005
6269;2005;1624;2005
9030;2005;3283;2005
2454;2005;606;2005
3788;2005;273;2005
9478;2005;4174;2005
4705;2005;2792;2005
3640;2005;7107;2005
9928;2005;1209;2005
6500;2005;2729;2005
6357;2005;1154;2005
2044;2005;3292;2005
9557;2005;3136;2005
9165;2005;2854;2005
9627;2005;3413;2005
3362;2005;3502;2005
0272;2005;1717;2005
1274;2005;2995;2005
3091;2005;1568;2005
9080;2005;1821;2005
2586;2005;6687;2005
0264;2005;2736;2005
6841;2005;1475;2005
3162;2005;2573;2005
6073;2005;1401;2005
4033;2005;1931;2005
1451;2005;5895;2005
7006;2005;1848;2005
7111;2005;1284;2005
3421;2005;1678;2005
6350;2005;3855;2005
3835;2005;3215;2005
0589;2005;1822;2005
1711;2005;943;2005
6736;2005;2347;2005
6864;2005;977;2005
2975;2005;983;2005
2137;2005;2983;2005
8330;2005;895;2005
9881;2005;2941;2005
9410;2005;2735;2005
7911;2005;5640;2005
1114;2005;2146;2005
6058;2005;3202;2005
4021;2005;3862;2005
9626;2005;898;2005
2043;2005;1427;2005
0499;2005;1855;2005
1378;2005;5893;2005
8931;2005;2674;2005
9188;2005;1264;2005
7227;2005;834;2005
8562;2005;8125;2005
9643;2005;1477;2005
9704;2005;2990;2005
8495;2005;217;2005
3783;2005;1027;2005
2176;2005;15731;2005
8973;2005;4082;2005
0710;2005;4731;2005
4595;2005;1413;2005
7805;2005;294;2005
9369;2005;2102;2005
7339;2005;579;2005
7110;2005;445;2005
5358;2005;1154;2005
6740;2005;1561;2005
4527;2005;402;2005
3152;2005;350;2005
6493;2005;679;2005
1751;2005;643;2005
3570;2005;6586;2005
7002;2005;770;2005
8896;2005;589;2005
1411;2005;3790;2005
0138;2005;275;2005
1671;2005;748;2005
4579;2005;156;2005
6070;2005;613;2005
4078;2005;366;2005
8753;2005;1377;2005
3945;2005;1215;2005
8087;2005;1050;2005
4132;2005;2987;2005
1988;2005;1303;2005
0233;2005;734;2005
2778;2005;1488;2005
6839;2005;1651;2005
0102;2005;1851;2005
8188;2005;591;2005
5698;2005;960;2005
1224;2005;925;2005
8202;2005;509;2005
1004;2005;234;2005
8717;2005;630;2005
5588;2005;2185;2005
8276;2005;1412;2005
1431;2005;946;2005
3757;2005;3866;2005
4843;2005;998;2005
0280;2005;567;2005
2265;2005;2833;2005
3770;2005;243;2005
9628;2005;1802;2005
2251;2005;601;2005
5139;2005;417;2005
8070;2005;608;2005
2940;2005;374;2005
4976;2005;314;2005
6663;2005;3559;2005
1656;2005;6740;2005
2112;2005;712;2005
0249;2005;960;2005
3468;2005;786;2005
7370;2005;1538;2005
6375;2005;1593;2005
9892;2005;617;2005
6736;2005;583;2005
5107;2005;658;2005
1451;2005;437;2005
4701;2005;589;2005
1571;2005;217;2005
2634;2005;1161;2005
7723;2005;1187;2005
1145;2005;245;2005
5070;2005;449;2005
3367;2005;494;2005
9534;2005;3733;2005
6804;2005;585;2005
1293;2005;931;2005
4267;2005;824;2005
2822;2005;1051;2005
1495;2005;553;2005
9425;2005;462;2005
5765;2005;527;2005
6321;2005;3167;2005
6288;2005;1458;2005
2241;2005;1244;2005
6807;2005;351;2005
1251;2005;306;2005
8129;2005;2454;2005
3866;2005;735;2005
2578;2005;141;2005
3737;2005;2335;2005
7253;2005;468;2005
7271;2005;1206;2005
0919;2005;2526;2005
0786;2005;298;2005
4283;2005;179;2005
0549;2005;1298;2005
3161;2005;1131;2005
1781;2005;8164;2005
8283;2005;6885;2005
1428;2005;502;2005
2178;2005;906;2005
5775;2005;1463;2005
3726;2005;795;2005
1935;2005;290;2005
5277;2005;2187;2005
7283;2005;389;2005
0322;2005;109;2005
6281;2005;464;2005
3498;2005;871;2005
8409;2005;1641;2005
3530;2005;4869;2005
8790;2005;6313;2005
5916;2005;2625;2005
3273;2005;1526;2005
1156;2005;1139;2005
7605;2005;825;2005
2072;2005;269;2005
0838;2005;8812;2005
3814;2005;2512;2005
3042;2005;625;2005
8915;2005;1339;2005
6147;2005;1823;2005
4887;2005;1325;2005
9653;2005;881;2005
7464;2005;792;2005
2485;2005;792;2005
6050;2005;654;2005
6481;2005;183;2005
2113;2005;725;2005
2084;2005;1027;2005
3048;2005;1899;2005
3606;2005;790;2005
9782;2005;381;2005
3284;2005;18310;2005
8289;2005;1393;2005
9573;2005;596;2005
2335;2005;753;2005
3210;2005;3040;2005
2285;2005;2266;2005
9706;2005;1899;2005
8478;2005;354;2005
9648;2005;4403;2005
3732;2005;399;2005
8519;2005;214;2005
7873;2005;1435;2005
9063;2005;777;2005
3578;2005;1252;2005
7213;2005;15027;2005
4449;2005;574;2005
1279;2005;1307;2005
0833;2005;2611;2005
0030;2005;380;2005
7900;2005;1456;2005
2973;2005;373;2005
4144;2005;1583;2005
9843;2005;34819;2005
5800;2005;434;2005
8538;2005;835;2005
0575;2005;208;2005
9020;2005;525;2005
4054;2005;1135;2005
3158;2005;2545;2005
3639;2005;972;2005
8749;2005;931;2005
1898;2005;702;2005
9965;2005;1328;2005
7121;2005;1502;2005
8085;2005;296;2005
9186;2005;1274;2005
2839;2005;462;2005
7417;2005;694;2005
8220;2005;931;2005
2522;2005;554;2005
0586;2005;1176;2005
2000;2005;1264;2005
4709;2005;704;2005
1459;2005;1105;2005
9221;2005;4565;2005
3312;2005;501;2005
1754;2005;1464;2005
3136;2005;2748;2005
5406;2005;1900;2005
7473;2005;1911;2005
7162;2005;621;2005
1147;2005;931;2005
3011;2005;1838;2005
0464;2005;1615;2005
5661;2005;760;2005
3449;2005;332;2005
5887;2005;582;2005
5452;2005;2714;2005
8220;2005;1038;2005
1797;2005;709;2005
4464;2005;3571;2005
2845;2005;1238;2005
3885;2005;1442;2005
1927;2005;669;2005
7025;2005;1322;2005
5785;2005;2048;2005
8748;2005;109560;2005
6056;2005;679;2005
2870;2005;2294;2005
1374;2005;230;2005
3284;2005;541;2005
8673;2005;1395;2005
0686;2005;817;2005
2836;2005;1095;2005
6412;2005;1895;2005
2081;2005;688;2005
8035;2005;2007;2005
9514;2005;127;2005
8501;2005;1081;2005
8181;2005;2018;2005
5177;2005;467;2005
3126;2005;908;2005
1287;2005;3405;2005
0385;2005;843;2005
7401;2005;2876;2005
6859;2005;1632;2005
7466;2005;1634;2005
3048;2005;357;2005
8813;2005;2129;2005
2532;2005;5186;2005
4707;2005;1905;2005
7377;2005;5851;2005
9381;2005;2499;2005
3252;2005;6302;2005
4475;2005;2802;2005
2005;2005;1803;2005
9947;2005;2019;2005
9666;2005;1402;2005
7947;2005;3466;2005
2727;2005;14276;2005
9786;2005;1352;2005
5832;2005;2531;2005
2259;2005;18580;2005
2692;2005;6287;2005
3727;2005;6183;2005
3173;2005;7625;2005
6006;2005;6033;2005
9017;2005;4092;2005
7243;2005;11121;2005
4283;2005;10440;2005
9093;2005;4615;2005
2710;2005;1393;2005
2950;2005;15533;2005
0620;2005;2300;2005
8123;2005;8295;2005
8968;2005;7635;2005
9135;2005;1058;2005
7441;2005;3411;2005
9479;2005;2433;2005
1024;2005;1638;2005
9638;2005;813;2005
8895;2005;195;2005
2113;2005;3966;2005
3694;2005;3796;2005
6603;2005;5599;2005
4866;2005;10636;2005
0029;2005;5146;2005
8295;2005;11052;2005
6777;2005;3055;2005
6371;2005;6363;2005
1487;2005;6206;2005
2724;2005;24562;2005
2792;2005;3489;2005
6220;2005;3035;2005
7080;2005;1981;2005
6508;2005;4539;2005
0624;2005;4424;2005
4704;2005;7933;2005
8497;2005;5791;2005
4219;2005;16610;2005
7779;2005;8224;2005
1335;2005;3125;2005
7257;2005;8037;2005
6103;2005;1192;2005
0015;2005;2568;2005
7259;2005;14675;2005
2605;2005;8950;2005
5284;2005;7099;2005
3894;2005;2451;2005
4271;2005;2033;2005
1486;2005;3475;2005
8143;2005;5906;2005
6461;2005;2678;2005
1597;2005;1505;2005
5476;2005;2099;2005
6955;2005;3766;2005
7923;2005;18735;2005
4033;2005;5067;2005
0107;2005;22373;2005
5055;2005;4024;2005
7507;2005;13210;2005
2399;2005;582;2005
1170;2005;2811;2005
2357;2005;12644;2005
4999;2005;10779;2005
4247;2005;2532;2005
2390;2005;1337;2005
3352;2005;975;2005
7205;2005;6737;2005
8267;2005;13960;2005
1450;2005;15268;2005
5401;2005;3063;2005
5271;2005;2331;2005
2919;2005;2713;2005
3481;2005;4880;2005
9430;2005;2641;2005
9617;2005;12450;2005
9017;2005;794;2005
9132;2005;254596;2005
8803;2005;4004;2005
1820;2005;2695;2005
7626;2005;7742;2005
9886;2005;5569;2005
3406;2005;30816;2005
8687;2005;13224;2005
2271;2005;4737;2005
6952;2005;1317;2005
2104;2005;2095;2005
1451;2005;1550;2005
7234;2005;10803;2005
0823;2005;2366;2005
5682;2005;7609;2005
3952;2005;3415;2005
1801;2005;25031;2005
9478;2005;6528;2005
0656;2005;945;2005
4513;2005;4274;2005
0619;2005;42030;2005
8006;2005;6107;2005
7608;2005;8374;2005
5675;2005;6467;2005
4405;2005;2988;2005
1555;2005;3397;2005
8845;2005;10702;2005
7110;2005;2637;2005
4723;2005;1333;2005
0208;2005;9434;2005
0402;2005;1763;2005
6523;2005;857;2005
7387;2005;3528;2005
3773;2005;3594;2005
7394;2005;13357;2005
6203;2005;2729;2005
4364;2005;5985;2005
6142;2005;12488;2005
7093;2005;2620;2005
7905;2005;1048;2005
2166;2005;3462;2005
8538;2005;2246;2005
5597;2005;11537;2005
1320;2005;6217;2005
5389;2005;10850;2005
2052;2005;1542;2005
0164;2005;13576;2005
6059;2005;1923;2005
1746;2005;3898;2005
2088;2005;727;2005
8665;2005;2381;2005
9964;2005;3240;2005
9503;2005;792;2005
3690;2005;1788;2005
3030;2005;4315;2005
0137;2005;3619;2005
4789;2005;8626;2005
2335;2005;132;2005
7928;2005;240;2005
7740;2005;5519;2005
4419;2005;15030;2005
5640;2005;3759;2005
3375;2005;2922;2005
5230;2005;13542;2005
7101;2005;9319;2005
5289;2005;13393;2005
9572;2005;3352;2005
4433;2005;2608;2005
4752;2005;6146;2005
5400;2005;22779;2005
4203;2005;4835;2005
7485;2005;2911;2005
6436;2005;3220;2005
0598;2005;1804;2005
4385;2005;2149;2005
3147;2005;9207;2005
2945;2005;3043;2005
0343;2005;1776;2005
4308;2005;7355;2005
3508;2005;2490;2005
0933;2005;1049;2005
1513;2005;4980;2005
8795;2005;8624;2005
0846;2005;3212;2005
5914;2005;786;2005
0235;2005;1950;2005
9066;2005;8079;2005
6154;2005;4409;2005
6338;2005;652;2005
8407;2005;3040;2005
2548;2005;2648;2005
3965;2005;5225;2005
1490;2005;7021;2005
1258;2005;4050;2005
3490;2005;14276;2005
3153;2005;13332;2005
5969;2005;7156;2005
2499;2005;592;2005
1161;2005;1063;2005
9908;2005;8193;2005
4751;2005;1169;2005
1135;2005;1802;2005
1081;2005;1589;2005
2082;2005;5543;2005
1282;2005;3660;2005
8595;2005;5346;2005
9223;2005;5876;2005
0019;2005;2520;2005
2041;2005;38539;2005
8118;2005;1892;2005
8975;2005;4266;2005
6616;2005;6037;2005
9343;2005;11556;2005
7211;2005;21552;2005
9407;2005;628;2005
7397;2005;5851;2005
6734;2005;11412;2005
9575;2005;8216;2005
2163;2005;27307;2005
9490;2005;1461;2005
3406;2005;3590;2005
8111;2005;1980;2005
9041;2005;2403;2005
5254;2005;112837;2005
2249;2005;1998;2005
7801;2005;5880;2005
6562;2005;6470;2005
9709;2005;1366;2005
0441;2005;855;2005
7230;2005;6341;2005
7411;2005;4183;2005
5210;2005;2869;2005
7145;2005;1381;2005
7629;2005;2687;2005
6479;2005;3622;2005
2211;2005;35445;2005
7551;2005;875;2005
5069;2005;2374;2005
3761;2005;1709;2005
1306;2005;1439;2005
0942;2005;4138;2005
9711;2005;1501;2005
5866;2005;439;2005
3382;2005;406;2005
1527;2005;2404;2005
8104;2005;6108;2005
9544;2005;532;2005
3557;2005;2703;2005
8034;2005;2149;2005
2988;2005;2783;2005
7502;2005;20051;2005
6181;2005;3394;2005
9588;2005;1246;2005
8511;2005;2738;2005
4784;2005;846;2005
3610;2005;3282;2005
6722;2005;1218;2005
4869;2005;3010;2005
1203;2005;4672;2005
0106;2005;1424;2005
9839;2005;4082;2005
3438;2005;602;2005
4044;2005;1655;2005
2410;2005;6219;2005
7803;2005;384;2005
0553;2005;4465;2005
9414;2005;352;2005
0170;2005;2050;2005
1719;2005;3976;2005
1401;2005;8224;2005
0163;2005;2352;2005
2213;2005;2520;2005
3095;2005;639;2005
2930;2005;1348;2005
1176;2005;1640;2005
1594;2005;430;2005
1268;2005;1795;2005
9234;2005;6456;2005
1806;2005;755;2005
6205;2005;2808;2005
6156;2005;1789;2005
0616;2005;1329;2005
2028;2005;9211;2005
3266;2005;546;2005
5689;2005;2591;2005
8581;2005;3218;2005
7910;2005;422;2005
5434;2005;1635;2005
0570;2005;1846;2005
2793;2005;1508;2005
9638;2005;4641;2005
9988;2005;554;2005
6393;2005;2068;2005
6932;2005;906;2005
0657;2005;1615;2005
8767;2005;919;2005
4693;2005;976;2005
8003;2005;1084;2005
3319;2005;278;2005
9467;2005;6509;2005
2724;2005;3955;2005
3666;2005;8587;2005
1390;2005;5349;2005
7607;2005;7256;2005
0885;2005;7402;2005
0860;2005;4461;2005
8826;2005;10737;2005
9182;2005;11718;2005
4259;2005;10261;2005
7916;2005;2116;2005
6091;2005;32688;2005
1316;2005;6707;2005
9730;2005;2943;2005
1773;2005;3466;2005
9234;2005;3488;2005
8955;2005;3447;2005
8120;2005;2678;2005
7508;2005;5233;2005
5797;2005;5006;2005
3830;2005;35434;2005
2400;2005;7009;2005
5336;2005;5970;2005
8100;2005;4556;2005
5682;2005;5729;2005
3399;2005;8449;2005
0814;2005;3971;2005
3531;2005;5687;2005
5967;2005;5739;2005
7315;2005;3120;2005
7793;2005;6257;2005
1875;2005;4984;2005
3420;2005;6002;2005
0877;2005;4154;2005
4725;2005;8467;2005
2502;2005;8498;2005
0957;2005;4477;2005
7706;2005;8904;2005
8540;2005;4808;2005
7699;2005;8834;2005
3754;2005;2891;2005
8836;2005;3658;2005
2562;2005;27574;2005
2614;2005;3761;2005
4548;2005;1455;2005
0066;2005;29549;2005
7458;2005;3997;2005
7573;2005;2762;2005
7775;2005;10271;2005
9728;2005;6120;2005
3534;2005;19119;2005
8269;2005;4291;2005
7066;2005;3864;2005
5284;2005;2119;2005
0890;2005;20312;2005
2931;2005;7309;2005
0228;2005;11729;2005
4354;2005;7606;2005
2704;2005;11086;2005
0808;2005;816;2005
1102;2005;2147;2005
9146;2005;4708;2005
1036;2005;16194;2005
0402;2005;9356;2005
0349;2005;1777;2005
8912;2005;8401;2005
7927;2005;2182;2005
6438;2005;10340;2005
7761;2005;13178;2005
5512;2005;6239;2005
5047;2005;12177;2005
8167;2005;6376;2005
2585;2005;5169;2005
9825;2005;4870;2005
8094;2005;8174;2005
5057;2005;9442;2005
9659;2005;7179;2005
0152;2005;3164;2005
2274;2005;2053;2005
1513;2005;6235;2005
9531;2005;9741;2005
7251;2005;10505;2005
0979;2005;11450;2005
9061;2005;4658;2005
4945;2005;9789;2005
5787;2005;81294;2005
8943;2005;10801;2005
1591;2005;6822;2005
8489;2005;15253;2005
4258;2005;3655;2005
5337;2005;17578;2005
8023;2005;29231;2005
8222;2005;9319;2005
4961;2005;1771;2005
0637;2005;9509;2005
9341;2005;3788;2005
6009;2005;6710;2005
6147;2005;9662;2005
2990;2005;11888;2005
8344;2005;11738;2005
4373;2005;15239;2005
1037;2005;5475;2005
8022;2005;50830;2005
3147;2005;3277;2005
1116;2005;3282;2005
8350;2005;10681;2005
2839;2005;14571;2005
4536;2005;12686;2005
3103;2005;6657;2005
6401;2005;4278;2005
1039;2005;5952;2005
1823;2005;6212;2005
4840;2005;2747;2005
3959;2005;23198;2005
5176;2005;13220;2005
1755;2005;19913;2005
6122;2005;6366;2005
1379;2005;37254;2005
6301;2005;26001;2005
8684;2005;10768;2005
6898;2005;15217;2005
9962;2005;6181;2005
0705;2005;10186;2005
3110;2005;24947;2005
2155;2005;4442;2005
3288;2005;7592;2005
1835;2005;11804;2005
8768;2005;37947;2005
4043;2005;11573;2005
0509;2005;15918;2005
9665;2005;12480;2005
2872;2005;18680;2005
9521;2005;24608;2005
8155;2005;7313;2005
4413;2005;2161;2005
9986;2005;4502;2005
0199;2005;265793;2005
8657;2005;8922;2005
7134;2005;12609;2005
4379;2005;18882;2005
7852;2005;3279;2005
1907;2005;20104;2005
5705;2005;4772;2005
5158;2005;1869;2005
3439;2005;2067;2005
6428;2005;4369;2005
9418;2005;3810;2005
4195;2005;3113;2005
5865;2005;756;2005
2290;2005;4253;2005
6708;2005;2544;2005
3940;2005;7658;2005
7799;2005;3159;2005
5470;2005;6642;2005
2404;2005;15304;2005
7146;2005;12441;2005
2243;2005;2579;2005
1244;2005;11464;2005
1599;2005;5517;2005
2680;2005;2475;2005
8080;2005;1631;2005
6277;2005;7433;2005
2785;2005;4291;2005
3152;2005;4818;2005
5043;2005;5575;2005
1747;2005;1698;2005
7049;2005;5333;2005
7569;2005;2100;2005
6785;2005;19610;2005
0181;2005;6001;2005
2860;2005;9633;2005
3254;2005;5585;2005
7289;2005;6846;2005
8074;2005;16817;2005
6111;2005;7614;2005
9539;2005;6790;2005
2007;2005;4325;2005
7096;2005;3800;2005
1597;2005;4228;2005
4734;2005;1853;2005
9138;2005;7887;2005
1539;2005;7263;2005
1159;2005;6546;2005
0731;2005;3165;2005
5822;2005;8493;2005
7647;2005;1799;2005
2228;2005;5269;2005
7090;2005;1935;2005
2475;2005;2008;2005
3457;2005;2951;2005
1899;2005;9730;2005
5708;2005;17435;2005
0275;2005;9456;2005
3701;2005;10614;2005
0707;2005;9168;2005
4782;2005;5712;2005
9913;2005;206551;2005
1798;2005;3838;2005
4890;2005;1369;2005
9330;2005;10854;2005
6450;2005;8985;2005
7342;2005;17954;2005
8441;2005;2646;2005
8489;2005;2437;2005
8861;2005;3862;2005
5514;2005;13027;2005
6155;2005;3637;2005
6862;2005;4260;2005
5191;2005;14115;2005
9042;2005;4532;2005
7354;2005;2671;2005
8580;2005;8831;2005
3500;2005;6063;2005
1225;2005;12272;2005
8972;2005;4397;2005
3063;2005;2774;2005
9676;2005;6851;2005
7262;2005;2330;2005
9649;2005;7087;2005
9164;2005;1922;2005
9186;2005;2219;2005
5443;2005;9511;2005
3179;2005;21476;2005
1430;2005;7083;2005
8104;2005;4518;2005
2976;2005;8505;2005
8126;2005;2417;2005
0202;2005;7448;2005
8544;2005;6064;2005
6561;2005;11743;2005
2264;2005;4313;2005
0220;2005;2172;2005
3921;2005;3697;2005
2475;2005;1620;2005
0826;2005;950;2005
6619;2005;12422;2005
2625;2005;20623;2005
3484;2005;5255;2005
0063;2005;2413;2005
9403;2005;8600;2005
2258;2005;5217;2005
3664;2005;3402;2005
5644;2005;8510;2005
3883;2005;20485;2005
6257;2005;4823;2005
9278;2005;2922;2005
3784;2005;10672;2005
1221;2005;1423;2005
9692;2005;2618;2005
1226;2005;1370;2005
8464;2005;829;2005
6428;2005;2896;2005
5908;2005;940;2005
9938;2005;1733;2005
8401;2005;4395;2005
9128;2005;3077;2005
6175;2005;1880;2005
1701;2005;3915;2005
5469;2005;2652;2005
0651;2005;2855;2005
8512;2005;2113;2005
0394;2005;2761;2005
5664;2005;4145;2005
9767;2005;1561;2005
9323;2005;2718;2005
9708;2005;1121;2005
3702;2005;1620;2005
4214;2005;2293;2005
2027;2005;1161;2005
9928;2005;12224;2005
8436;2005;3787;2005
6761;2005;3613;2005
5785;2005;1945;2005
3220;2005;10695;2005
4846;2005;1714;2005
4542;2005;1699;2005
5588;2005;1293;2005
4101;2005;4195;2005
5315;2005;1679;2005
8780;2005;10354;2005
6938;2005;6381;2005
8042;2005;50179;2005
1589;2005;1202;2005
8712;2005;1184;2005
0454;2005;4017;2005
1383;2005;3131;2005
6775;2005;8433;2005
1880;2005;3064;2005
0739;2005;5285;2005
1513;2005;1139;2005
7259;2005;2210;2005
0496;2005;1086;2005
7667;2005;14454;2005
3473;2005;2217;2005
2611;2005;842;2005
6275;2005;1119;2005
9075;2005;3462;2005
7698;2005;2309;2005
2209;2005;2954;2005
2372;2005;1937;2005
2330;2005;3523;2005
0448;2005;5104;2005
1343;2005;2591;2005
0085;2005;1895;2005
9043;2005;810;2005
5056;2005;6741;2005
7768;2005;3987;2005
3179;2005;1708;2005
9325;2005;7397;2005
9782;2005;721;2005
2261;2005;2769;2005
6785;2005;2907;2005
8328;2005;3749;2005
4345;2005;1120;2005
7819;2005;751;2005
1668;2005;12735;2005
2086;2005;634;2005
1977;2005;779;2005
6458;2005;11420;2005
2141;2005;14943;2005
7505;2005;2117;2005
4140;2005;604;2005
6215;2005;3333;2005
7701;2005;2248;2005
5407;2005;2443;2005
3683;2005;236;2005
0083;2005;171;2005
7602;2005;1371;2005
7805;2005;3061;2005
1865;2005;6128;2005
2433;2005;4496;2005
3236;2005;1219;2005
7487;2005;700;2005
6626;2005;1093;2005
5943;2005;716;2005
0573;2005;11061;2005
8169;2005;4692;2005
1058;2005;449;2005
7854;2005;12698;2005
7578;2005;835;2005
2556;2005;3856;2005
7062;2005;6356;2005
8449;2005;200;2005
0467;2005;753;2005
3398;2005;2317;2005
2752;2005;6028;2005
2110;2005;1029;2005
0425;2005;6765;2005
8033;2005;1998;2005
6770;2005;5673;2005
2113;2005;2737;2005
4341;2005;1978;2005
7658;2005;1586;2005
5915;2005;562;2005
0528;2005;5094;2005
7760;2005;2236;2005
2909;2005;2744;2005
8947;2005;2854;2005
4040;2005;2984;2005
9039;2005;2134;2005
9331;2005;4869;2005
5500;2005;3042;2005
2965;2005;5276;2005
7488;2005;2530;2005
4140;2005;8839;2005
2423;2005;2884;2005
3360;2005;5620;2005
9831;2005;2585;2005
6625;2005;1660;2005
0541;2005;2728;2005
4131;2005;5493;2005
3697;2005;6576;2005
9087;2005;3235;2005
7205;2005;1040;2005
2302;2005;1494;2005
8487;2005;4070;2005
4728;2005;285;2005
2346;2005;888;2005
6760;2005;1143;2005
0271;2005;3027;2005
4796;2005;598;2005
5973;2005;492;2005
3320;2005;4993;2005
0235;2005;5880;2005
3121;2005;1215;2005
3611;2005;336;2005
7703;2005;579;2005
5920;2005;2358;2005
8155;2005;4292;2005
3967;2005;1992;2005
4669;2005;2945;2005
7795;2005;7991;2005
9373;2005;7479;2005
0645;2005;5808;2005
9436;2005;1185;2005
9685;2005;2221;2005
6031;2005;2430;2005
9224;2005;1351;2005
5705;2005;1614;2005
4910;2005;414;2005
1649;2005;587;2005
5307;2005;3835;2005
1145;2005;982;2005
6615;2005;428;2005
7456;2005;1395;2005
4414;2005;736;2005
0497;2005;4166;2005
0411;2005;461;2005
4198;2005;8972;2005
3559;2005;4960;2005
3657;2005;13493;2005
9381;2005;2056;2005
3598;2005;2854;2005
6226;2005;10525;2005
9904;2005;2286;2005
6221;2005;3065;2005
8492;2005;2457;2005
7390;2005;634;2005
3221;2005;1764;2005
6830;2005;7569;2005
4599;2005;1668;2005
1708;2005;95848;2005
9180;2005;2941;2005
5509;2005;2278;2005
3306;2005;935;2005
9947;2005;2241;2005
5522;2005;1384;2005
5195;2005;743;2005
2113;2005;609;2005
9391;2005;1971;2005
3200;2005;1698;2005
0850;2005;7657;2005
0526;2005;1450;2005
8765;2005;407;2005
2509;2005;1765;2005
9242;2005;2888;2005
2626;2005;35532;2005
2200;2005;6556;2005
8541;2005;8681;2005
5915;2005;1570;2005
3593;2005;928;2005
7267;2005;27127;2005
5653;2005;719;2005
2050;2005;1680;2005
4983;2005;3653;2005
1084;2005;11704;2005
9396;2005;2194;2005
8862;2005;6343;2005
6311;2005;823;2005
4014;2005;1501;2005
0280;2005;1928;2005
9817;2005;1744;2005
6605;2005;6810;2005
1790;2005;2570;2005
0535;2005;1590;2005
3130;2005;8700;2005
6094;2005;833;2005
8518;2005;13105;2005
2239;2005;5997;2005
3996;2005;2097;2005
9997;2005;205332;2005
1450;2005;1979;2005
2695;2005;4793;2005
9471;2005;996;2005
3705;2005;3158;2005
5262;2005;3711;2005
2167;2005;7077;2005
4792;2005;5568;2005
9418;2005;2413;2005
1686;2005;315;2005
9833;2005;4617;2005
0763;2005;7324;2005
7485;2005;4568;2005
0451;2005;12766;2005
0524;2005;5326;2005
8170;2005;193;2005
6896;2005;1025;2005
3052;2005;775;2005
4718;2005;4335;2005
3548;2005;1708;2005
4990;2005;1734;2005
7690;2005;13924;2005
4768;2005;1898;2005
0994;2005;4408;2005
6120;2005;3943;2005
3300;2005;2388;2005
3974;2005;4237;2005
3361;2005;5316;2005
9336;2005;1264;2005
9250;2005;2422;2005
9571;2005;685;2005
7680;2005;837;2005
2346;2005;97347;2005
2849;2005;2312;2005
6068;2005;727;2005
3354;2005;8252;2005
9148;2005;4888;2005
8481;2005;5697;2005
8291;2005;6193;2005
1844;2005;10087;2005
1940;2005;5604;2005
3456;2005;963;2005
2598;2005;2781;2005
0121;2005;2060;2005
5659;2005;2360;2005
0366;2005;3847;2005
5628;2005;1899;2005
1220;2005;124;2005
7783;2005;2684;2005
1034;2005;2403;2005
8940;2005;2519;2005
5556;2005;3784;2005
7046;2005;2364;2005
0043;2005;843;2005
4879;2005;7118;2005
5911;2005;6869;2005
3542;2005;1964;2005
8310;2005;12527;2005
4058;2005;8689;2005
5320;2005;1080;2005
6973;2005;2208;2005
3458;2005;7749;2005
1166;2005;23969;2005
9754;2005;6428;2005
0045;2005;5463;2005
5224;2005;6081;2005
8424;2005;9010;2005
4850;2005;4130;2005
6128;2005;9776;2005
6364;2005;2979;2005
0415;2005;1120;2005
2015;2005;9497;2005
9563;2005;3811;2005
1728;2005;11406;2005
8016;2005;1302;2005
5979;2005;169968;2005
2339;2005;1255;2005
8900;2005;1484;2005
4623;2005;3126;2005
7549;2005;4910;2005
4989;2005;19020;2005
7094;2005;5241;2005
6405;2005;4036;2005
1352;2005;1936;2005
3863;2005;4558;2005
3326;2005;9317;2005
6961;2005;1228;2005
3864;2005;2109;2005
4779;2005;1220;2005
1470;2005;6853;2005
8602;2005;8607;2005
0776;2005;3301;2005
6414;2005;648;2005
9214;2005;2540;2005
0644;2005;1422;2005
6095;2005;2012;2005
8882;2005;8152;2005
9380;2005;8950;2005
5530;2005;3349;2005
1617;2005;8865;2005
0967;2005;4967;2005
0374;2005;5149;2005
4065;2005;1326;2005
5938;2005;9569;2005
3929;2005;5234;2005
6215;2005;4679;2005
5670;2005;4243;2005
7072;2005;16470;2005
8037;2005;4488;2005
0580;2005;13827;2005
0143;2005;8397;2005
6802;2005;10417;2005
0140;2005;9440;2005
0823;2005;3498;2005
8166;2005;990;2005
5109;2005;22255;2005
6331;2005;6122;2005
1447;2005;5529;2005
6522;2005;6486;2005
9252;2005;14443;2005
6463;2005;974;2005
6124;2005;8862;2005
3867;2005;9697;2005
1064;2005;13007;2005
5507;2005;6811;2005
3054;2005;12478;2005
3061;2005;1438;2005
6605;2005;9005;2005
6650;2005;151360;2005
5618;2005;5781;2005
1697;2005;3872;2005
1955;2005;13264;2005
7176;2005;7074;2005
2932;2005;5500;2005
2317;2005;10327;2005
0477;2005;23396;2005
2538;2005;4417;2005
3728;2005;2027;2005
8178;2005;4131;2005
9712;2005;3276;2005
0792;2005;4036;2005
4662;2005;3655;2005
8736;2005;8558;2005
6891;2005;8067;2005
7071;2005;3041;2005
5407;2005;63756;2005
5111;2005;27908;2005
4211;2005;12860;2005
7494;2005;10352;2005
7719;2005;7063;2005
9637;2005;8750;2005
9086;2005;3018;2005
1257;2005;15354;2005
2741;2005;16513;2005
1401;2005;1316;2005
4536;2005;31309;2005
4588;2005;2098;2005
2960;2005;4023;2005
9070;2005;3030;2005
5808;2005;16310;2005
4655;2005;3975;2005
9959;2005;5994;2005
0836;2005;22846;2005
1907;2005;178976;2005
2213;2005;937;2005
2770;2005;2328;2005
0046;2005;3323;2005
3200;2005;13869;2005
8224;2005;10892;2005
4110;2005;2421;2005
7304;2005;16231;2005
5329;2005;2247;2005
7388;2005;1825;2005
5481;2005;3581;2005
5303;2005;6022;2005
9129;2005;742;2005
3098;2005;5696;2005
6636;2005;10536;2005
0582;2005;3746;2005
5570;2005;5112;2005
6472;2005;40814;2005
5537;2005;8839;2005
0778;2005;7832;2005
4711;2005;2650;2005
9282;2005;14134;2005
8449;2005;11271;2005
8613;2005;22480;2005
3646;2005;4714;2005
5961;2005;11315;2005
1032;2005;9376;2005
4835;2005;6010;2005
9855;2005;6335;2005
1059;2005;4636;2005
8567;2005;367427;2005
2729;2005;3259;2005
1849;2005;16334;2005
7514;2005;12640;2005
6025;2005;2098;2005
3333;2005;34058;2005
0408;2005;3182;2005
2605;2005;1994;2005
4651;2005;1281;2005
3224;2005;3305;2005
6222;2005;3819;2005
0705;2005;5930;2005
2379;2005;4397;2005
9004;2005;16516;2005
4148;2005;19510;2005
7335;2005;13703;2005
7577;2005;5984;2005
4976;2005;8676;2005
7526;2005;12625;2005
2317;2005;5979;2005
5571;2005;1890;2005
6696;2005;4999;2005
1535;2005;5545;2005
6887;2005;2211;2005
3692;2005;9290;2005
4024;2005;4001;2005
0214;2005;65651;2005
4499;2005;2308;2005
4056;2005;4488;2005
8160;2005;8067;2005
5263;2005;6435;2005
0922;2005;15086;2005
0660;2005;8421;2005
8402;2005;14814;2005
2750;2005;3846;2005
2528;2005;5402;2005
6857;2005;10803;2005
5675;2005;4902;2005
0081;2005;5855;2005
4513;2005;4399;2005
9471;2005;11315;2005
1289;2005;16534;2005
9370;2005;6847;2005
9262;2005;4693;2005
6371;2005;7377;2005
4634;2005;4434;2005
4325;2005;6875;2005
4106;2005;25106;2005
7240;2005;29839;2005
8561;2005;10834;2005
7917;2005;6512;2005
4485;2005;14344;2005
8431;2005;2991;2005
9401;2005;7346;2005
7471;2005;16477;2005
6633;2005;22001;2005
6328;2005;5647;2005
7618;2005;15413;2005
7415;2005;31873;2005
0719;2005;12842;2005
1224;2005;21661;2005
0051;2005;17703;2005
1548;2005;131442;2005
4347;2005;2908;2005
3382;2005;3221;2005
4368;2005;4553;2005
7068;2005;2368;2005
2715;2005;3792;2005
2906;2005;7346;2005
4716;2005;3704;2005
2452;2005;3429;2005
3405;2005;6683;2005
2297;2005;8230;2005
6429;2005;11986;2005
1978;2005;3598;2005
7894;2005;6437;2005
0155;2005;6786;2005
3280;2005;3941;2005
6244;2005;4701;2005
1668;2005;4052;2005
3751;2005;2344;2005
7904;2005;11806;2005
5792;2005;16176;2005
9578;2005;1842;2005
3336;2005;7690;2005
5001;2005;2799;2005
3734;2005;8896;2005
2737;2005;27044;2005
1994;2005;9368;2005
1390;2005;6981;2005
7525;2005;55020;2005
5495;2005;8035;2005
0548;2005;31828;2005
2479;2005;9331;2005
3976;2005;144162;2005
2582;2005;5504;2005
2639;2005;10860;2005
3707;2005;2352;2005
0383;2005;4289;2005
5143;2005;6040;2005
2402;2005;9533;2005
2325;2005;2303;2005
9501;2005;6319;2005
4132;2005;93668;2005
1691;2005;23102;2005
9279;2005;3677;2005
9702;2005;1751;2005
1974;2005;112093;2005
4588;2005;12165;2005
1294;2005;2491;2005
7738;2005;9780;2005
1380;2005;7392;2005
6261;2005;6217;2005
0703;2005;9726;2005
3352;2005;6553;2005
1613;2005;4797;2005
2600;2005;1644;2005
0420;2005;831;2005
3883;2005;6402;2005
5528;2005;858;2005
5580;2005;2130;2005
5310;2005;3079;2005
2861;2005;10285;2005
8676;2005;4278;2005
7145;2005;3642;2005
3027;2005;16198;2005
4263;2005;2980;2005
1952;2005;1301;2005
8860;2005;2002;2005
6846;2005;4353;2005
0969;2005;2123;2005
6379;2005;1524;2005
2569;2005;967;2005
2911;2005;765;2005
2126;2005;681;2005
4583;2005;8900;2005
2496;2005;2556;2005
9405;2005;1657;2005
2029;2005;7195;2005
6693;2005;490;2005
8393;2005;5823;2005
6672;2005;60936;2005
7023;2005;8252;2005
8757;2005;9726;2005
6301;2005;1013;2005
3672;2005;334;2005
0738;2005;1357;2005
9334;2005;5669;2005
5254;2005;3970;2005
3025;2005;663;2005
0145;2005;1337;2005
0743;2005;2020;2005
2754;2005;836;2005
3482;2005;1526;2005
9454;2005;1103;2005
2061;2005;1959;2005
6356;2005;3913;2005
8220;2005;11679;2005
2469;2005;2663;2005
2354;2005;678;2005
0451;2005;1535;2005
8116;2005;1289;2005
0064;2005;2708;2005
9679;2005;1202;2005
5642;2005;6031;2005
3124;2005;2376;2005
2874;2005;2426;2005
8359;2005;7003;2005
7946;2005;2269;2005
3609;2005;784;2005
7983;2005;3158;2005
3960;2005;6811;2005
7650;2005;90304;2005
2714;2005;2814;2005
9152;2005;992;2005
9008;2005;2011;2005
2885;2005;733;2005
1974;2005;2056;2005
9853;2005;5850;2005
8859;2005;4472;2005
3992;2005;1338;2005
1388;2005;3018;2005
7981;2005;3432;2005
7437;2005;2383;2005
7291;2005;7828;2005
3376;2005;4037;2005
8758;2005;1588;2005
9072;2005;3446;2005
0786;2005;1311;2005
7994;2005;1176;2005
8708;2005;2261;2005
5867;2005;1161;2005
4058;2005;852;2005
0661;2005;6351;2005
5330;2005;6778;2005
4920;2005;15356;2005
8897;2005;4322;2005
9182;2005;101614;2005
3310;2005;5255;2005
0388;2005;1503;2005
4501;2005;2270;2005
0038;2005;6756;2005
8914;2005;1930;2005
0471;2005;4011;2005
5313;2005;1009;2005
3910;2005;18084;2005
9201;2005;1706;2005
3182;2005;3305;2005
9130;2005;3713;2005
6020;2005;14441;2005
2789;2005;5146;2005
4029;2005;4880;2005
0875;2005;30746;2005
7471;2005;27994;2005
2017;2005;9472;2005
1541;2005;2007;2005
9032;2005;39749;2005
8956;2005;11756;2005
4922;2005;5977;2005
2775;2005;1090;2005
6645;2005;3006;2005
3854;2005;2178;2005
3095;2005;9614;2005
5729;2005;1916;2005
5693;2005;2775;2005
8135;2005;6084;2005
4607;2005;1875;2005
9348;2005;3591;2005
6306;2005;1840;2005
7380;2005;30909;2005
2517;2005;6249;2005
0164;2005;3559;2005
3629;2005;770;2005
9833;2005;3439;2005
1979;2005;3955;2005
4060;2005;1873;2005
7778;2005;2000;2005
1118;2005;872;2005
2869;2005;4148;2005
2340;2005;7741;2005
7674;2005;43218;2005
5430;2005;3569;2005
3331;2005;3050;2005
6767;2005;3444;2005
4964;2005;2334;2005
8108;2005;132;2005
7793;2005;2418;2005
6721;2005;4090;2005
0544;2005;1684;2005
8643;2005;167;2005
2217;2005;1806;2005
8822;2005;7016;2005
8058;2005;602;2005
8464;2005;4787;2005
6594;2005;361;2005
5802;2005;575;2005
1968;2005;10441;2005
0661;2005;39380;2005
1987;2005;1260;2005
9648;2005;14390;2005
9097;2005;2163;2005
6696;2005;579;2005
3977;2005;226;2005
2165;2005;1654;2005
0499;2005;625;2005
2233;2005;935;2005
5783;2005;2486;2005
5238;2005;41979;2005
1001;2005;10242;2005
2583;2005;4908;2005
3565;2005;6881;2005
5077;2005;156;2005
8781;2005;5537;2005
9416;2005;3452;2005
6712;2005;3359;2005
0371;2005;7576;2005
4664;2005;814;2005
5807;2005;9667;2005
9085;2005;955;2005
0834;2005;1250;2005
6459;2005;2025;2005
2147;2005;883;2005
7972;2005;1402;2005
4519;2005;1255;2005
0307;2005;306;2005
5498;2005;6091;2005
2491;2005;10721;2005
5519;2005;15145;2005
4575;2005;20878;2005
1693;2005;816;2005
0195;2005;3895;2005
2549;2005;13167;2005
3837;2005;1511;2005
1649;2005;3403;2005
5375;2005;453;2005
6468;2005;974;2005
9784;2005;1148;2005
1182;2005;19476;2005
5351;2005;9594;2005
8634;2005;2809;2005
2952;2005;438;2005
4246;2005;1225;2005
3927;2005;3274;2005
0623;2005;3586;2005
9725;2005;2735;2005
4940;2005;3917;2005
1937;2005;2026;2005
2174;2005;1421;2005
0182;2005;51342;2005
5319;2005;645;2005
2113;2005;1861;2005
2382;2005;1285;2005
9771;2005;7692;2005
7948;2005;3028;2005
0833;2005;2171;2005
9389;2005;3326;2005
3951;2005;3179;2005
9508;2005;1032;2005
3368;2005;5168;2005
6123;2005;3345;2005
5319;2005;36879;2005
8574;2005;9285;2005
3070;2005;1555;2005
2041;2005;964;2005
9946;2005;14859;2005
2619;2005;3307;2005
9249;2005;1167;2005
9293;2005;1285;2005
1722;2005;2493;2005
7276;2005;965;2005
3038;2005;1629;2005
7625;2005;749;2005
4336;2005;4206;2005
9405;2005;2311;2005
4055;2005;1778;2005
9335;2005;565;2005
9920;2005;515;2005
2074;2005;2242;2005
6157;2005;1329;2005
4640;2005;615;2005
5337;2005;868;2005
4458;2005;6745;2005
4183;2005;12983;2005
2142;2005;437;2005
6263;2005;940;2005
7918;2005;713;2005
3742;2005;10749;2005
9216;2005;405;2005
2352;2005;2428;2005
4509;2005;2578;2005
7156;2005;8002;2005
1669;2005;515;2005
9488;2005;799;2005
3789;2005;1078;2005
3504;2005;629;2005
6024;2005;5399;2005
0748;2005;824;2005
6977;2005;228;2005
8469;2005;2122;2005
0023;2005;2493;2005
2677;2005;1642;2005
7934;2005;15876;2005
1256;2005;24031;2005
6456;2005;1947;2005
2781;2005;4402;2005
6318;2005;2171;2005
4370;2005;990;2005
4051;2005;46236;2005
1789;2005;1494;2005
5172;2005;16076;2005
4919;2005;2392;2005
2925;2005;411;2005
5831;2005;6504;2005
9329;2005;2125;2005
2092;2005;2256;2005
9874;2005;10587;2005
9352;2005;1959;2005
9229;2005;64718;2005
1546;2005;1128;2005
8289;2005;796;2005
7785;2005;2404;2005
5669;2005;8889;2005
6259;2005;4708;2005
6776;2005;4905;2005
8433;2005;68176;2005
7508;2005;10128;2005
5050;2005;2607;2005
1034;2005;2004;2005
4730;2005;8034;2005
4509;2005;2075;2005
3196;2005;4657;2005
6618;2005;1305;2005
5748;2005;12962;2005
7063;2005;6539;2005
4659;2005;9982;2005
2029;2005;7326;2005
4239;2005;30697;2005
0913;2005;2343;2005
9157;2005;43492;2005
0811;2005;627;2005
4821;2005;6060;2005
5217;2005;1863;2005
9410;2005;5016;2005
1950;2005;530;2005
8802;2005;8101;2005
8595;2005;668;2005
0403;2005;3892;2005
0979;2005;493;2005
8073;2005;83654;2005
2742;2005;21818;2005
2820;2005;2411;2005
3299;2005;1162;2005
6716;2005;4453;2005
5478;2005;3793;2005
0295;2005;2496;2005
6091;2005;24440;2005
7543;2005;2398;2005
0716;2005;7773;2005
1568;2005;1405;2005
5504;2005;13013;2005
1929;2005;769;2005
0817;2005;3335;2005
2191;2005;1053;2005
3520;2005;364;2005
4193;2005;62404;2005
5653;2005;1815;2005
7895;2005;1365;2005
9916;2005;705;2005
6800;2005;15564;2005
0363;2005;8636;2005
9324;2005;1649;2005
2518;2005;7237;2005
9667;2005;6003;2005
0435;2005;3113;2005
0156;2005;7532;2005
6165;2005;20250;2005
1306;2005;10382;2005
6718;2005;20231;2005
1790;2005;18472;2005
6846;2005;9573;2005
2003;2005;86818;2005
3367;2005;1834;2005
5341;2005;8304;2005
9127;2005;23913;2005
2496;2005;1710;2005
6121;2005;6948;2005
0534;2005;10883;2005
7962;2005;5059;2005
1958;2005;4297;2005
0982;2005;25450;2005
2870;2005;10277;2005
0091;2005;4117;2005
3628;2005;16927;2005
9870;2005;15534;2005
7597;2005;39917;2005
9166;2005;6506;2005
4365;2005;17476;2005
3183;2005;10096;2005
2748;2005;15920;2005
6319;2005;5232;2005
2087;2005;45334;2005
1921;2005;13934;2005
5025;2005;16692;2005
3181;2005;356449;2005
9950;2005;4920;2005
1871;2005;21813;2005
1453;2005;4840;2005
3743;2005;13673;2005
7185;2005;14566;2005
3960;2005;5909;2005
8991;2005;18364;2005
2885;2005;1863;2005
0518;2005;3454;2005
7534;2005;3711;2005
6715;2005;12294;2005
9719;2005;12412;2005
1064;2005;1240;2005
5603;2005;7419;2005
3984;2005;20484;2005
6819;2005;15092;2005
1438;2005;8112;2005
8797;2005;7280;2005
8317;2005;16862;2005
2059;2005;1266;2005
5688;2005;3962;2005
6943;2005;49574;2005
2412;2005;7416;2005
7812;2005;46616;2005
8083;2005;16977;2005
0298;2005;7269;2005
9411;2005;4984;2005
8610;2005;7794;2005
1848;2005;14103;2005
6799;2005;3098;2005
2822;2005;12763;2005
7877;2005;4328;2005
5606;2005;3564;2005
3267;2005;368;2005
3312;2005;8524;2005
5193;2005;27130;2005
9607;2005;16035;2005
9832;2005;157585;2005
4508;2005;2231;2005
8590;2005;1901;2005
8830;2005;34090;2005
3301;2005;3554;2005
4807;2005;11808;2005
8950;2005;2153;2005
6232;2005;1161;2005
8177;2005;31641;2005
1943;2005;6875;2005
7469;2005;569;2005
4670;2005;2962;2005
4826;2005;6641;2005
9901;2005;5667;2005
1652;2005;6085;2005
9113;2005;9584;2005
6900;2005;5477;2005
2885;2005;1030;2005
5436;2005;3681;2005
6236;2005;40430;2005
3167;2005;11852;2005
5196;2005;1897;2005
0157;2005;2419;2005
9916;2005;1586;2005
1072;2005;4004;2005
4313;2005;3302;2005
6140;2005;1146;2005
6579;2005;1360;2005
8542;2005;8806;2005
3259;2005;1175;2005
8574;2005;1916;2005
2359;2005;1808;2005
0930;2005;797;2005
2191;2005;10377;2005
6218;2005;592;2005
7062;2005;4604;2005
5160;2005;4884;2005
1798;2005;87301;2005
7025;2005;6127;2005
6847;2005;13425;2005
1841;2005;26443;2005
8395;2005;1435;2005
7682;2005;30790;2005
5023;2005;27173;2005
7925;2005;12752;2005
6216;2005;1559;2005
0355;2005;11441;2005
2830;2005;4170;2005
5827;2005;11947;2005
8835;2005;8103;2005
8409;2005;11114;2005
9192;2005;5940;2005
6897;2005;94536;2005
8360;2005;1205;2005
5121;2005;12093;2005
4651;2005;9754;2005
5561;2005;5163;2005
5301;2005;1678;2005
6283;2005;3352;2005
6002;2005;2864;2005
2701;2005;2807;2005
4628;2005;2099;2005
5814;2005;12583;2005
8681;2005;8873;2005
8936;2005;977;2005
3156;2005;2202;2005
1840;2005;9037;2005
9583;2005;22322;2005
7645;2005;8816;2005
0499;2005;3508;2005
4947;2005;5684;2005
8055;2005;3383;2005
7544;2005;3070;2005
9430;2005;585;2005
4157;2005;1839;2005
8718;2005;8405;2005
6641;2005;22908;2005
3016;2005;842;2005
5191;2005;3271;2005
3573;2005;5738;2005
0947;2005;3297;2005
0728;2005;6010;2005
4296;2005;3104;2005
4242;2005;16917;2005
1931;2005;15841;2005
1229;2005;1487;2005
7884;2005;3032;2005
8418;2005;6000;2005
8867;2005;1172;2005
9313;2005;11861;2005
9933;2005;6744;2005
6869;2005;6921;2005
8436;2005;3228;2005
6888;2005;3288;2005
7990;2005;2819;2005
9871;2005;8159;2005
6621;2005;2497;2005
5721;2005;2961;2005
5843;2005;7140;2005
6160;2005;1939;2005
1472;2005;8843;2005
0598;2005;20253;2005
8831;2005;2591;2005
8497;2005;5112;2005
3149;2005;14139;2005
7349;2005;8319;2005
9127;2005;7469;2005
5004;2005;1535;2005
6080;2005;2212;2005
6260;2005;4145;2005
9553;2005;2174;2005
5535;2005;28370;2005
4149;2005;1734;2005
0962;2005;1208;2005
5683;2005;1021;2005
0357;2005;4951;2005
1415;2005;1743;2005
5944;2005;7534;2005
4580;2005;931;2005
1182;2005;2581;2005
8062;2005;4676;2005
5774;2005;53125;2005
6603;2005;12289;2005
6041;2005;8937;2005
2429;2005;7484;2005
9755;2005;1417;2005
2541;2005;4176;2005
2591;2005;2495;2005
3607;2005;3958;2005
7664;2005;4567;2005
2319;2005;1679;2005
3280;2005;7363;2005
5518;2005;2637;2005
9001;2005;3009;2005
0182;2005;21564;2005
9382;2005;8509;2005
2486;2005;75198;2005
0115;2005;1424;2005
7728;2005;3704;2005
5051;2005;7151;2005
4428;2005;8772;2005
4002;2005;12591;2005
2049;2005;1255;2005
7973;2005;14582;2005
9578;2005;4064;2005
8586;2005;1197;2005
4661;2005;9257;2005
4512;2005;2829;2005
5236;2005;4436;2005
2874;2005;3422;2005
4320;2005;986;2005
5664;2005;3733;2005
5875;2005;1275;2005
6534;2005;1255;2005
1913;2005;26215;2005
6014;2005;19734;2005
0747;2005;3995;2005
2225;2005;5009;2005
7615;2005;2411;2005
8087;2005;4155;2005
8456;2005;3259;2005
4414;2005;3134;2005
2853;2005;14919;2005
7824;2005;1168;2005
5286;2005;3253;2005
9515;2005;7386;2005
3289;2005;39012;2005
6742;2005;3200;2005
7230;2005;17238;2005
0578;2005;1340;2005
5096;2005;8583;2005
6641;2005;53586;2005
3865;2005;2615;2005
4281;2005;1770;2005
4751;2005;3568;2005
6236;2005;6225;2005
2781;2005;15571;2005
7676;2005;32293;2005
1822;2005;671;2005
7327;2005;13246;2005
4887;2005;17363;2005
4082;2005;3764;2005
0046;2005;1661;2005
5123;2005;5634;2005
1554;2005;640;2005
5287;2005;1231;2005
0941;2005;1626;2005
1640;2005;6126;2005
5597;2005;4946;2005
9058;2005;1002;2005
9686;2005;5547;2005
3320;2005;5253;2005
5012;2005;156380;2005
4633;2005;3690;2005
4190;2005;2342;2005
0939;2005;159;2005
0182;2005;800;2005
9823;2005;10777;2005
5485;2005;583;2005
1428;2005;1528;2005
8493;2005;473;2005
8315;2005;1216;2005
4737;2005;2491;2005
6445;2005;8555;2005
1366;2005;38170;2005
8002;2005;16855;2005
6581;2005;5849;2005
1853;2005;8097;2005
8852;2005;3770;2005
8297;2005;15721;2005
3024;2005;3508;2005
2212;2005;447;2005
5734;2005;1466;2005
6057;2005;4822;2005
6122;2005;1839;2005
8952;2005;1525;2005
4964;2005;11444;2005
0359;2005;2696;2005
5120;2005;1723;2005
5686;2005;2703;2005
7841;2005;1863;2005
1424;2005;2183;2005
2156;2005;3037;2005
5505;2005;2769;2005
5861;2005;1942;2005
6187;2005;1734;2005
0882;2005;1887;2005
3808;2005;1860;2005
8297;2005;1639;2005
4282;2005;4940;2005
2172;2005;1757;2005
0869;2005;1293;2005
0591;2005;1232;2005
0978;2005;1614;2005
9836;2005;20234;2005
2658;2005;20891;2005
5297;2005;1849;2005
0911;2005;606;2005
0033;2005;1085;2005
5676;2005;285;2005
6029;2005;1894;2005
8956;2005;4619;2005
4517;2005;2336;2005
1632;2005;4726;2005
4298;2005;106803;2005
3387;2005;2499;2005
6054;2005;5753;2005
8706;2005;875;2005
8088;2005;3756;2005
5635;2005;982;2005
5459;2005;4510;2005
1676;2005;1231;2005
9142;2005;3188;2005
5744;2005;4141;2005
6447;2005;1662;2005
6322;2005;881;2005
8477;2005;3119;2005
0374;2005;5018;2005
2907;2005;1782;2005
9683;2005;5942;2005
5769;2005;5288;2005
4110;2005;2024;2005
9150;2005;2324;2005
8891;2005;2303;2005
8237;2005;1353;2005
1950;2005;1275;2005
2211;2005;15702;2005
9558;2005;1684;2005
0306;2005;3542;2005
7859;2005;7393;2005
6785;2005;2095;2005
3737;2005;1742;2005
1734;2005;2861;2005
8083;2005;1510;2005
1023;2005;2265;2005
4203;2005;2901;2005
9421;2005;2429;2005
4293;2005;998;2005
6924;2005;933;2005
5404;2005;3526;2005
6168;2005;8048;2005
9300;2005;13042;2005
1400;2005;1950;2005
6834;2005;2999;2005
7096;2005;8481;2005
5055;2005;1112;2005
3110;2005;3425;2005
5591;2005;8121;2005
6051;2005;2218;2005
0051;2005;622;2005
5258;2005;7885;2005
2792;2005;1168;2005
7346;2005;2160;2005
5355;2005;8431;2005
9412;2005;5812;2005
3305;2005;15779;2005
7309;2005;405;2005
6910;2005;7817;2005
4944;2005;2957;2005
4516;2005;2573;2005
9623;2005;4047;2005
3071;2005;2265;2005
7710;2005;12734;2005
5289;2005;4700;2005
2267;2005;59697;2005
1430;2005;3917;2005
3306;2005;698;2005
3852;2005;2722;2005
9030;2005;2797;2005
9761;2005;277;2005
6446;2005;635;2005
9409;2005;683;2005
8182;2005;4478;2005
2929;2005;962;2005
6240;2005;2800;2005
6212;2005;1711;2005
5461;2005;694;2005
3087;2005;1138;2005
4912;2005;289;2005
8422;2005;955;2005
2697;2005;1237;2005
2532;2005;6759;2005
6506;2005;464;2005
3665;2005;479;2005
3718;2005;368;2005
6126;2005;188;2005
9475;2005;1565;2005
7540;2005;503;2005
3896;2005;382;2005
9223;2005;734;2005
5447;2005;3373;2005
6889;2005;535;2005
9624;2005;11531;2005
6211;2005;1588;2005
6853;2005;2684;2005
3898;2005;663;2005
8523;2005;1486;2005
7404;2005;359;2005
0180;2005;2634;2005
3338;2005;676;2005
2258;2005;3810;2005
0838;2005;130;2005
8517;2005;146;2005
8922;2005;557;2005
7472;2005;391;2005
7224;2005;1005;2005
0398;2005;1230;2005
5865;2005;315;2005
7570;2005;770;2005
9405;2005;3918;2005
7279;2005;359;2005
6424;2005;249;2005
6888;2005;444;2005
3138;2005;183;2005
7761;2005;2400;2005
9304;2005;1329;2005
3815;2005;2140;2005
9813;2005;1294;2005
3948;2005;5585;2005
9469;2005;2635;2005
4995;2005;2168;2005
6696;2005;550;2005
0132;2005;829;2005
9787;2005;394;2005
4530;2005;45403;2005
7902;2005;1296;2005
7231;2005;609;2005
5551;2005;836;2005
5958;2005;543;2005
3505;2005;2815;2005
7281;2005;1066;2005
3838;2005;1908;2005
9796;2005;1298;2005
3291;2005;939;2005
7914;2005;1311;2005
3047;2005;1213;2005
5095;2005;261;2005
1839;2005;273;2005
7526;2005;256;2005
1123;2005;1595;2005
4997;2005;1667;2005
6399;2005;36509;2005
1659;2005;4185;2005
2338;2005;16506;2005
2154;2005;966;2005
6490;2005;43750;2005
3109;2005;1423;2005
5918;2005;18056;2005
1985;2005;1562;2005
7970;2005;12478;2005
7794;2005;3013;2005
0602;2005;15792;2005
4966;2005;485;2005
9371;2005;9688;2005
9174;2005;3544;2005
3730;2005;368;2005
5071;2005;6760;2005
3617;2005;329;2005
2891;2005;4820;2005
3793;2005;788;2005
1894;2005;8304;2005
8029;2005;6986;2005
5653;2005;7762;2005
2923;2005;812;2005
8793;2005;9849;2005
0752;2005;1074;2005
7448;2005;469;2005
3187;2005;31622;2005
8474;2005;1289;2005
3668;2005;656;2005
3770;2005;51054;2005
7493;2005;1525;2005
9854;2005;20962;2005
5491;2005;3505;2005
1861;2005;9632;2005
6584;2005;524;2005
1449;2005;10823;2005
4749;2005;20047;2005
6994;2005;5153;2005
0431;2005;1935;2005
0651;2005;5644;2005
8998;2005;22768;2005
1242;2005;1198;2005
1896;2005;767;2005
4028;2005;19019;2005
4716;2005;75017;2005
4509;2005;440;2005
7531;2005;4742;2005
7632;2005;11389;2005
9850;2005;907;2005
5174;2005;1422;2005
7166;2005;845;2005
9991;2005;6226;2005
6535;2005;803;2005
3561;2005;5902;2005
1913;2005;35080;2005
0667;2005;2515;2005
2684;2005;18448;2005
5712;2005;9484;2005
8416;2005;1381;2005
1399;2005;1976;2005
4257;2005;4987;2005
1250;2005;8455;2005
9352;2005;36282;2005
3928;2005;1948;2005
5872;2005;2505;2005
0842;2005;7403;2005
3969;2005;1314;2005
3249;2005;1873;2005
0960;2005;1586;2005
6413;2005;40846;2005
1598;2005;6603;2005
0164;2005;18417;2005
8028;2005;11268;2005
7577;2005;239;2005
9201;2005;754;2005
7449;2005;2274;2005
5727;2005;48850;2005
5195;2005;1015;2005
4305;2005;7387;2005
5617;2005;7867;2005
3835;2005;749;2005
8373;2005;222;2005
0854;2005;389;2005
7161;2005;13972;2005
4072;2005;310;2005
2646;2005;10633;2005
5724;2005;978;2005
3502;2005;783;2005
3371;2005;2565386;2005
5016;2005;1427;2005
4283;2005;6263;2005
3047;2005;889;2005
4501;2005;1487;2005
5287;2005;2477;2005
9058;2005;15870;2005
3567;2005;3533;2005
8935;2005;3625;2005
6619;2005;3324;2005
1595;2005;176;2005
8619;2005;9100;2005
2313;2005;9086;2005
6439;2005;50970;2005
2670;2005;5025;2005
7793;2005;1038;2005
9863;2005;5263;2005
9371;2005;346;2005
7180;2005;294;2005
9132;2005;13245;2005
2312;2005;49878;2005
9435;2005;3845;2005
5367;2005;211;2005
0352;2005;14728;2005
5343;2005;11180;2005
9515;2005;34810;2005
0869;2005;35525;2005
9981;2005;36801;2005
6431;2005;11600;2005
8908;2005;57204;2005
9405;2005;25656;2005
1088;2005;60947;2005
4003;2005;1681;2005
3827;2005;697;2005
7045;2005;4445;2005
1569;2005;33215;2005
3114;2005;10706;2005
9130;2005;33501;2005
1690;2005;35935;2005
1985;2005;20941;2005
0971;2005;9345;2005
6174;2005;112144;2005
2423;2005;4141;2005
1331;2005;3001;2005
1345;2005;18571;2005
1013;2005;6059;2005
2215;2005;3880;2005
1023;2005;13439;2005
1563;2005;3195;2005
9808;2005;13362;2005
3661;2005;1289;2005
4927;2005;4424;2005
1656;2005;1074;2005
5036;2005;1186;2005
3721;2005;17291;2005
6307;2005;8298;2005
6104;2005;6708;2005
9962;2005;7001;2005
4710;2005;22431;2005
8186;2005;7063;2005
4897;2005;3273;2005
7401;2005;2869;2005
5876;2005;40039;2005
7454;2005;694;2005
3188;2005;277;2005
4662;2005;1884;2005
9544;2005;27728;2005
7097;2005;2962;2005
7257;2005;4275;2005
8136;2005;20034;2005
2368;2005;5341;2005
5217;2005;5940;2005
2942;2005;2425;2005
2398;2005;7649;2005
8889;2005;4417;2005
6376;2005;2563;2005
0535;2005;787;2005
1885;2005;8952;2005
7934;2005;2736;2005
4235;2005;1809;2005
3769;2005;661;2005
2708;2005;3109;2005
4194;2005;32871;2005
3207;2005;3506;2005
8819;2005;873;2005
9148;2005;3817;2005
4500;2005;4982;2005
0552;2005;22522;2005
0302;2005;8429;2005
4090;2005;7330;2005
5176;2005;1821;2005
6784;2005;925;2005
9886;2005;829;2005
3837;2005;1706;2005
5646;2005;4037;2005
7328;2005;583;2005
9996;2005;20384;2005
0805;2005;565;2005
9774;2005;9113;2005
1111;2005;3079;2005
1479;2005;1325;2005
8443;2005;48241;2005
8358;2005;2175;2005
7370;2005;1258;2005
5444;2005;2377;2005
3725;2005;1714;2005
0140;2005;12165;2005
7118;2005;12919;2005
5710;2005;3130;2005
6362;2005;7876;2005
1606;2005;1613;2005
3072;2005;3046;2005
8803;2005;1593;2005
1464;2005;1218;2005
9312;2005;3152;2005
3244;2005;4970;2005
3812;2005;4648;2005
4058;2005;2511;2005
6809;2005;4482;2005
8006;2005;13175;2005
8043;2005;1240;2005
6133;2005;5344;2005
5828;2005;1009;2005
3317;2005;7399;2005
2138;2005;385;2005
6287;2005;2161;2005
7054;2005;3192;2005
7104;2005;3485;2005
0266;2005;1013;2005
1081;2005;1582;2005
0189;2005;1950;2005
1030;2005;6260;2005
5978;2005;1584;2005
5003;2005;2703;2005
3937;2005;2992;2005
6802;2005;841;2005
2210;2005;2633;2005
1176;2005;26084;2005
5679;2005;2595;2005
5901;2005;4883;2005
6444;2005;556;2005
9926;2005;1337;2005
0598;2005;4428;2005
3218;2005;1862;2005
6404;2005;1561;2005
2762;2005;2992;2005
5375;2005;1024;2005
6558;2005;1809;2005
6432;2005;20213;2005
2083;2005;852;2005
8354;2005;2220;2005
0226;2005;1284;2005
7672;2005;2666;2005
0989;2005;1778;2005
8618;2005;413;2005
0556;2005;1427;2005
3172;2005;7318;2005
1268;2005;4888;2005
0079;2005;5278;2005
8485;2005;53195;2005
4328;2005;2341;2005
7783;2005;5206;2005
6782;2005;1773;2005
0404;2005;5831;2005
9577;2005;5891;2005
0171;2005;1800;2005
3014;2005;5190;2005
4646;2005;8551;2005
3895;2005;1703;2005
6030;2005;19145;2005
3160;2005;6691;2005
2291;2005;8086;2005
3570;2005;14977;2005
4855;2005;20146;2005
5584;2005;10081;2005
9044;2005;8291;2005
0685;2005;76943;2005
0496;2005;1634;2005
3231;2005;1200;2005
7738;2005;1524;2005
3439;2005;4063;2005
9503;2005;20773;2005
2077;2005;5146;2005
7400;2005;7896;2005
6503;2005;498;2005
4670;2005;1366;2005
6894;2005;7160;2005
7843;2005;2157;2005
7113;2005;863;2005
6781;2005;1521;2005
9244;2005;4944;2005
8580;2005;8527;2005
1338;2005;727;2005
1131;2005;2323;2005
9275;2005;658;2005
4234;2005;3637;2005
0500;2005;6892;2005
9776;2005;9508;2005
5919;2005;803;2005
5891;2005;1183;2005
5573;2005;13646;2005
6330;2005;10373;2005
6723;2005;38740;2005
2069;2005;40121;2005
3040;2005;2515;2005
0960;2005;3288;2005
7166;2005;25190;2005
8339;2005;16821;2005
6084;2005;10636;2005
0206;2005;2536;2005
4954;2005;2490;2005
4292;2005;11526;2005
9339;2005;4561;2005
4929;2005;3065;2005
3783;2005;6547;2005
2451;2005;1599;2005
9126;2005;7686;2005
2092;2005;1600;2005
7437;2005;1685;2005
8922;2005;1745;2005
6402;2005;1382;2005
2195;2005;7294;2005
4795;2005;2506;2005
5286;2005;3554;2005
0384;2005;3695;2005
7120;2005;967;2005
0055;2005;507;2005
1507;2005;1866;2005
2174;2005;13035;2005
1790;2005;17081;2005
5033;2005;1014;2005
6099;2005;12250;2005
7121;2005;19720;2005
7191;2005;1011;2005
1312;2005;1923;2005
7852;2005;11477;2005
8351;2005;13914;2005
9201;2005;31941;2005
7297;2005;2692;2005
9668;2005;4567;2005
5227;2005;2418;2005
2007;2005;13799;2005
1747;2005;22822;2005
7653;2005;7388;2005
2119;2005;7197;2005
4301;2005;12842;2005
6990;2005;12087;2005
3939;2005;1034;2005
6551;2005;15521;2005
5233;2005;6347;2005
4196;2005;1084;2005
9014;2005;2745;2005
5469;2005;5699;2005
8249;2005;10451;2005
9697;2005;5724;2005
7200;2005;3824;2005
7939;2005;7532;2005
0481;2005;6618;2005
7016;2005;6136;2005
8972;2005;7855;2005
2218;2005;2899;2005
0381;2005;5691;2005
1195;2005;2724;2005
9610;2005;1915;2005
6568;2005;862;2005
8169;2005;2692;2005
8340;2005;61957;2005
4626;2005;1458;2005
9401;2005;1966;2005
0788;2005;1894;2005
3059;2005;2385;2005
5858;2005;1089;2005
8038;2005;1525;2005
3398;2005;1487;2005
3966;2005;1036;2005
2586;2005;1624;2005
7795;2005;1449;2005
4357;2005;2634;2005
5788;2005;1626;2005
7176;2005;2186;2005
8035;2005;3491;2005
3530;2005;4191;2005
6637;2005;2650;2005
2751;2005;2812;2005
8594;2005;4256;2005
1964;2005;2712;2005
9049;2005;2136;2005
9892;2005;3865;2005
7656;2005;3553;2005
3075;2005;1527;2005
4545;2005;1157;2005
5738;2005;1189;2005
4921;2005;1934;2005
8164;2005;2566;2005
7871;2005;565;2005
0975;2005;5482;2005
3809;2005;3799;2005
8753;2005;1878;2005
2035;2005;4129;2005
1636;2005;1940;2005
9367;2005;1731;2005
5073;2005;13229;2005
3315;2005;5174;2005
2987;2005;4151;2005
7490;2005;2628;2005
7988;2005;2058;2005
0009;2005;1847;2005
8327;2005;1485;2005
1537;2005;2148;2005
8130;2005;629;2005
2535;2005;3073;2005
9153;2005;2611;2005
0289;2005;2432;2005
7611;2005;1407;2005
6384;2005;1353;2005
6761;2005;5434;2005
3386;2005;9814;2005
7653;2005;3183;2005
9590;2005;3274;2005
8833;2005;2328;2005
2955;2005;2246;2005
3043;2005;910;2005
1870;2005;3791;2005
1840;2005;1243;2005
0421;2005;877;2005
2242;2005;3327;2005
3108;2005;3954;2005
2430;2005;1018;2005
3786;2005;11514;2005
0134;2005;4293;2005
2466;2005;664;2005
1266;2005;4091;2005
9987;2005;6268;2005
4911;2005;1589;2005
1549;2005;3532;2005
9905;2005;3009;2005
7986;2005;629;2005
7117;2005;50908;2005
9116;2005;63451;2005
8316;2005;7312;2005
4666;2005;6276;2005
7061;2005;37398;2005
4675;2005;27089;2005
9609;2005;9342;2005
3465;2005;27525;2005
5305;2005;10697;2005
6905;2005;15556;2005
2212;2005;37236;2005
0051;2005;12346;2005
3276;2005;5392;2005
0628;2005;7123;2005
6495;2005;2112;2005
2082;2005;21216;2005
8106;2005;49463;2005
3844;2005;3315;2005
8488;2005;7930;2005
1880;2005;13379;2005
5268;2005;19266;2005
5932;2005;3805;2005
1306;2005;81248;2005
8134;2005;66462;2005
8110;2005;6887;2005
2293;2005;19130;2005
3311;2005;12548;2005
7406;2005;6846;2005
4493;2005;1815;2005
2191;2005;12644;2005
0814;2005;15605;2005
3698;2005;31712;2005
0503;2005;15897;2005
6226;2005;107105;2005
6389;2005;29699;2005
8802;2005;18390;2005
1402;2005;18536;2005
0768;2005;4579;2005
0191;2005;6001;2005
7109;2005;1713;2005
6414;2005;58918;2005
2685;2005;6859;2005
5697;2005;30359;2005
8362;2005;13322;2005
8121;2005;36539;2005
2511;2005;7875;2005
7043;2005;13099;2005
2471;2005;32994;2005
9545;2005;978744;2005
1853;2005;33072;2005
0216;2005;23057;2005
6707;2005;14651;2005
3354;2005;12928;2005
5394;2005;5963;2005
2000;2005;20326;2005
0140;2005;13706;2005
7555;2005;40313;2005
4222;2005;25532;2005
6048;2005;58071;2005
4369;2005;81543;2005
2559;2005;10565;2005
4250;2005;25220;2005
1555;2005;38277;2005
8941;2005;55424;2005
3315;2005;7287;2005
0144;2005;10640;2005
1055;2005;48998;2005
1724;2005;26189;2005
9480;2005;3461;2005
6170;2005;9620;2005
1482;2005;8833;2005
7540;2005;28125;2005
9047;2005;32215;2005
9318;2005;19041;2005
3734;2005;5960;2005
8774;2005;15051;2005
5003;2005;5319;2005
4432;2005;3100;2005
6436;2005;34142;2005
9556;2005;16816;2005
6517;2005;7705;2005
4994;2005;16803;2005
5396;2005;47198;2005
6328;2005;88710;2005
2070;2005;3616;2005
3794;2005;20456;2005
8811;2005;28013;2005
9036;2005;4605;2005
2021;2005;22416;2005
9790;2005;11220;2005
2131;2005;9133;2005
0716;2005;5893;2005
8723;2005;3557;2005
0831;2005;4260;2005
6485;2005;2186;2005
1483;2005;1983;2005
7390;2005;23247;2005
5931;2005;11151;2005
3890;2005;7756;2005
5500;2005;54706;2005
8043;2005;3343;2005
2951;2005;4710;2005
1573;2005;4114;2005
7775;2005;2529;2005
8073;2005;387;2005
3340;2005;2687;2005
0621;2005;5473;2005
3488;2005;1113;2005
2827;2005;3711;2005
4879;2005;2342;2005
7239;2005;1630;2005
0937;2005;2011;2005
0746;2005;1002;2005
3663;2005;1164;2005
6888;2005;2292;2005
1700;2005;1709;2005
3430;2005;10208;2005
7261;2005;2498;2005
6074;2005;605;2005
6024;2005;2471;2005
3106;2005;2969;2005
6327;2005;1444;2005
3990;2005;1792;2005
5501;2005;3314;2005
7042;2005;3421;2005
3895;2005;5319;2005
0394;2005;4087;2005
3349;2005;3748;2005
2631;2005;830;2005
1148;2005;8329;2005
1256;2005;1931;2005
8730;2005;1933;2005
0921;2005;2914;2005
2956;2005;1698;2005
2933;2005;3642;2005
5111;2005;6269;2005
0681;2005;1242;2005
7454;2005;3237;2005
7195;2005;1709;2005
6840;2005;2004;2005
9019;2005;12513;2005
9585;2005;8153;2005
3734;2005;554;2005
0056;2005;4129;2005
2488;2005;3442;2005
9725;2005;10032;2005
4461;2005;2306;2005
2382;2005;1451;2005
9536;2005;7851;2005
0089;2005;3062;2005
6309;2005;5313;2005
5569;2005;895;2005
6654;2005;10137;2005
4756;2005;8386;2005
4120;2005;1352;2005
4535;2005;1759;2005
2983;2005;5135;2005
6005;2005;4472;2005
6764;2005;1748;2005
6255;2005;1860;2005
2187;2005;686;2005
4254;2005;2625;2005
1398;2005;376;2005
2415;2005;2489;2005
7281;2005;1587;2005
9911;2005;2872;2005
8428;2005;3416;2005
9311;2005;1830;2005
9083;2005;2408;2005
4554;2005;2340;2005
4116;2005;874;2005
8085;2005;3452;2005
9594;2005;848;2005
5865;2005;1227;2005
9153;2005;4721;2005
4659;2005;2480;2005
8989;2005;854;2005
5378;2005;1483;2005
1930;2005;1862;2005
9333;2005;1555;2005
0383;2005;1858;2005
4602;2005;889;2005
7449;2005;745;2005
1046;2005;4327;2005
4343;2005;1429;2005
7802;2005;2130;2005
4761;2005;1263;2005
1039;2005;1414;2005
0250;2005;972;2005
4994;2005;7384;2005
1867;2005;2693;2005
2135;2005;12129;2005
1034;2005;569;2005
6968;2005;3414;2005
6733;2005;3225;2005
3678;2005;1614;2005
7662;2005;1625;2005
4115;2005;2668;2005
2061;2005;1568;2005
5685;2005;2251;2005
0416;2005;1359;2005
2199;2005;624;2005
0025;2005;1183;2005
9641;2005;907;2005
9136;2005;2976;2005
1252;2005;1497;2005
1566;2005;2603;2005
0366;2005;1004;2005
9992;2005;1941;2005
4183;2005;4078;2005
2100;2005;1342;2005
4968;2005;2932;2005
7664;2005;20050;2005
2302;2005;6389;2005
8222;2005;1121;2005
4817;2005;6739;2005
7001;2005;5455;2005
7655;2005;30844;2005
7339;2005;1730;2005
4528;2005;5574;2005
0048;2005;2308;2005
1206;2005;955;2005
6829;2005;2447;2005
9298;2005;16152;2005
8494;2005;50639;2005
7467;2005;930;2005
4087;2005;5378;2005
9179;2005;5559;2005
5398;2005;2654;2005
4328;2005;2918;2005
9093;2005;1506;2005
5769;2005;7022;2005
3034;2005;15539;2005
1530;2005;540;2005
7503;2005;1130;2005
0263;2005;20933;2005
8221;2005;1237;2005
5691;2005;1522;2005
7095;2005;4735;2005
5545;2005;2025;2005
6340;2005;2034;2005
4332;2005;7915;2005
0593;2005;2376;2005
0629;2005;704;2005
5851;2005;13178;2005
2937;2005;2824;2005
4074;2005;1235;2005
5311;2005;53202;2005
6166;2005;2006;2005
7508;2005;4985;2005
4579;2005;2565;2005
9681;2005;2355;2005
3734;2005;1308;2005
1577;2005;3808;2005
1281;2005;728;2005
7461;2005;922;2005
9342;2005;3234;2005
7318;2005;2512;2005
9664;2005;713;2005
6631;2005;569;2005
5727;2005;36974;2005
5341;2005;1302;2005
6874;2005;12921;2005
8817;2005;827;2005
8506;2005;1303;2005
0750;2005;4803;2005
6125;2005;11501;2005
9883;2005;1404;2005
7006;2005;1136;2005
3430;2005;1083;2005
7442;2005;1103;2005
4538;2005;1862;2005
2220;2005;908;2005
6759;2005;1522;2005
2415;2005;1094;2005
2958;2005;816;2005
6714;2005;5712;2005
3331;2005;20927;2005
6624;2005;2963;2005
1887;2005;1922;2005
4423;2005;2227;2005
2510;2005;2487;2005
8816;2005;9035;2005
1614;2005;11900;2005
1659;2005;612;2005
6911;2005;1696;2005
2247;2005;7013;2005
1938;2005;739;2005
9354;2005;46271;2005
6624;2005;23929;2005
7132;2005;2113;2005
2426;2005;2252;2005
7239;2005;6670;2005
6214;2005;3925;2005
1008;2005;1551;2005
5503;2005;1265;2005
6115;2005;761;2005
1160;2005;5525;2005
9190;2005;34202;2005
2980;2005;4070;2005
0374;2005;10337;2005
8138;2005;1803;2005
9994;2005;1045;2005
1584;2005;719;2005
4697;2005;1209;2005
7654;2005;1599;2005
2380;2005;2919;2005
0802;2005;5380;2005
1653;2005;2512;2005
1891;2005;24010;2005
6531;2005;3917;2005
2433;2005;2272;2005
6706;2005;1998;2005
0409;2005;910;2005
9350;2005;2483;2005
9221;2005;1311;2005
1579;2005;7452;2005
5575;2005;1751;2005
3133;2005;9385;2005
5882;2005;1804;2005
6679;2005;393;2005
1812;2005;887;2005
6883;2005;894;2005
6570;2005;659;2005
2843;2005;12628;2005
7851;2005;1992;2005
8518;2005;137202;2005
5936;2005;649;2005
3872;2005;6558;2005
9015;2005;3787;2005
0518;2005;4602;2005
0237;2005;2402;2005
1713;2005;9705;2005
2807;2005;973;2005
0544;2005;722;2005
5135;2005;1703;2005
9585;2005;1767;2005
3605;2005;3214;2005
6091;2005;741;2005
1433;2005;2706;2005
3297;2005;8619;2005
9173;2005;492;2005
1563;2005;9796;2005
7442;2005;2821;2005
1985;2005;7035;2005
0006;2005;31510;2005
7560;2005;5107;2005
8948;2005;49679;2005
8627;2005;1484;2005
2296;2005;369;2005
0330;2005;3791;2005
0424;2005;1407;2005
5692;2005;10251;2005
1133;2005;3420;2005
5173;2005;832;2005
2800;2005;1002;2005
2711;2005;8091;2005
4617;2005;1668;2005
0132;2005;1250;2005
0329;2005;2335;2005
2161;2005;569;2005
8260;2005;4043;2005
4361;2005;1680;2005
6021;2005;393;2005
3214;2005;8885;2005
7850;2005;1802;2005
5427;2005;3067;2005
5175;2005;8455;2005
0220;2005;12816;2005
2231;2005;411;2005
5166;2005;1509;2005
9550;2005;793;2005
4330;2005;406;2005
9283;2005;1241;2005
0844;2005;39480;2005
8519;2005;3696;2005
5883;2005;660;2005
4866;2005;1776;2005
1085;2005;765;2005
5930;2005;343;2005
1209;2005;1092;2005
3194;2005;1399;2005
4431;2005;183;2005
9029;2005;904;2005
7260;2005;698;2005
9013;2005;1077;2005
6989;2005;261;2005
6574;2005;955;2005
9597;2005;5394;2005
6392;2005;669;2005
6152;2005;277;2005
5744;2005;545;2005
7866;2005;91;2005
7974;2005;5266;2005
0314;2005;507;2005
8839;2005;363;2005
4488;2005;5774;2005
0985;2005;1077;2005
3193;2005;182;2005
2943;2005;1165;2005
7993;2005;11110;2005
1647;2005;1734;2005
3454;2005;1078;2005
4897;2005;319;2005
4473;2005;3411;2005
6043;2005;276;2005
9434;2005;1018;2005
0194;2005;1453;2005
2093;2005;263;2005
9500;2005;1034;2005
6437;2005;452;2005
8595;2005;433;2005
7066;2005;639;2005
1491;2005;317;2005
4034;2005;2290;2005
2376;2005;583;2005
1065;2005;2029;2005
9049;2005;70767;2005
4692;2005;1746;2005
8646;2005;5809;2005
4411;2005;961;2005
9094;2005;3804;2005
5330;2005;1556;2005
2077;2005;439;2005
4114;2005;2782;2005
2798;2005;1533;2005
0037;2005;622;2005
6036;2005;1048;2005
8979;2005;618;2005
9041;2005;465;2005
3594;2005;1035;2005
1663;2005;747;2005
9992;2005;1958;2005
3769;2005;1258;2005
5870;2005;1297;2005
1546;2005;739;2005
1670;2005;2177;2005
7946;2005;4452;2005
0627;2005;1198;2005
8482;2005;1316;2005
4356;2005;3294;2005
4565;2005;1034;2005
6545;2005;549;2005
6735;2005;7896;2005
5962;2005;1071;2005
9925;2005;2986;2005
0010;2005;728;2005
3068;2005;696;2005
1002;2005;681;2005
6186;2005;484;2005
5454;2005;1587;2005
9611;2005;188;2005
9078;2005;1691;2005
7609;2005;4091;2005
0984;2005;136;2005
4917;2005;1669;2005
2122;2005;571;2005
8114;2005;1307;2005
9441;2005;416;2005
6989;2005;124;2005
0364;2005;2547;2005
6763;2005;2085;2005
3524;2005;607;2005
0024;2005;2839;2005
3816;2005;2685;2005
3409;2005;441;2005
9274;2005;25158;2005
4575;2005;6762;2005
6549;2005;350;2005
9561;2005;2941;2005
4430;2005;6083;2005
1994;2005;629;2005
9897;2005;191;2005
2152;2005;428;2005
7407;2005;961;2005
5243;2005;646;2005
1945;2005;949;2005
5965;2005;11098;2005
9198;2005;1918;2005
1359;2005;942;2005
1813;2005;11227;2005
8534;2005;2484;2005
0438;2005;7264;2005
8746;2005;2138;2005
4243;2005;7543;2005
7370;2005;1875;2005
1590;2005;554;2005
1758;2005;7077;2005
6807;2005;1291;2005
6850;2005;2423;2005
7942;2005;1622;2005
9393;2005;2702;2005
3629;2005;1929;2005
7366;2005;5336;2005
0132;2005;2251;2005
6322;2005;3420;2005
8131;2005;2518;2005
1134;2005;4044;2005
9438;2005;776;2005
3029;2005;1544;2005
7720;2005;341;2005
0022;2005;22029;2005
0451;2005;4933;2005
5937;2005;1171;2005
5650;2005;8004;2005
7268;2005;3489;2005
4475;2005;8682;2005
0112;2005;4863;2005
1503;2005;6843;2005
0981;2005;1694;2005
4853;2005;313;2005
1093;2005;13811;2005
7984;2005;636;2005
2666;2005;23801;2005
3619;2005;9179;2005
2024;2005;5366;2005
6259;2005;15062;2005
8397;2005;52598;2005
2171;2005;1666;2005
3803;2005;2753;2005
9730;2005;8823;2005
1357;2005;1496;2005
7566;2005;1190;2005
6581;2005;15119;2005
4015;2005;459;2005
5271;2005;3673;2005
9582;2005;1215;2005
9864;2005;383;2005
9116;2005;2872;2005
4127;2005;3785;2005
9893;2005;2098;2005
0820;2005;717;2005
5745;2005;897;2005
0255;2005;1486;2005
8181;2005;9731;2005
0216;2005;13175;2005
8796;2005;1327;2005
0955;2005;2029;2005
9837;2005;5588;2005
7325;2005;299;2005
9611;2005;1647;2005
3095;2005;1761;2005
4722;2005;1719;2005
0704;2005;3122;2005
4992;2005;7647;2005
2629;2005;6149;2005
5008;2005;1099;2005
5743;2005;44318;2005
2571;2005;3238;2005
7619;2005;1807;2005
1938;2005;12650;2005
3622;2005;118314;2005
3462;2005;541;2005
0483;2005;7837;2005
5578;2005;1380;2005
7711;2005;570;2005
0403;2005;5567;2005
0562;2005;997;2005
7944;2005;3172;2005
8039;2005;310;2005
4191;2005;318;2005
3975;2005;1916;2005
3410;2005;3960;2005
8876;2005;596;2005
0140;2005;16803;2005
6672;2005;2802;2005
9178;2005;3111;2005
1123;2005;848;2005
3297;2005;440;2005
1822;2005;809;2005
3302;2005;2678;2005
5443;2005;2319;2005
3917;2005;1335;2005
7168;2005;1196;2005
9760;2005;10451;2005
2605;2005;945;2005
5066;2005;415;2005
0774;2005;4974;2005
3819;2005;122;2005
9125;2005;1492;2005
8540;2005;729;2005
5643;2005;756;2005
5382;2005;1445;2005
6686;2005;1091;2005
0150;2005;6423;2005
0003;2005;3034;2005
0348;2005;5901;2005
8862;2005;3999;2005
0706;2005;455;2005
9854;2005;2087;2005
6780;2005;1040;2005
5667;2005;52830;2005
4612;2005;422;2005
7215;2005;945;2005
2952;2005;288;2005
0466;2005;569;2005
2342;2005;3060;2005
3910;2005;4682;2005
8472;2005;403;2005
9639;2005;1929;2005
6920;2005;1621;2005
5326;2005;1091;2005
1405;2005;5816;2005
0892;2005;444;2005
0890;2005;23225;2005
1473;2005;1084;2005
4882;2005;1953;2005
9899;2005;1200;2005
5592;2005;372;2005
4704;2005;1641;2005
6462;2005;3034;2005
8874;2005;1334;2005
5007;2005;9514;2005
5630;2005;470;2005
3712;2005;1464;2005
9367;2005;36111;2005
6155;2005;739;2005
1288;2005;403;2005
1795;2005;787;2005
7343;2005;4596;2005
4635;2005;1041;2005
2860;2005;171;2005
2680;2005;98;2005
9988;2005;889;2005
2123;2005;2518;2005
1033;2005;2169;2005
4460;2005;4084;2005
8748;2005;23151;2005
7796;2005;4545;2005
6285;2005;1500;2005
7780;2005;1090;2005
1930;2005;1161;2005
0201;2005;338;2005
0312;2005;537;2005
4826;2005;1618;2005
9215;2005;1161;2005
9473;2005;953;2005
1679;2005;2343;2005
1258;2005;1104;2005
4451;2005;921;2005
2985;2005;1458;2005
1630;2005;4045;2005
2198;2005;1899;2005
6994;2005;2330;2005
0059;2005;1399;2005
0066;2005;1566;2005
8107;2005;138;2005
2314;2005;310;2005
2691;2005;1157;2005
6714;2005;269;2005
7311;2005;10736;2005
4080;2005;1010;2005
6994;2005;17926;2005
7078;2005;1751;2005
8274;2005;2393;2005
0004;2005;5023;2005
2546;2005;3593;2005
5706;2005;1211;2005
8990;2005;499;2005
9592;2005;4276;2005
1177;2005;3129;2005
5280;2005;1987;2005
2887;2005;1082;2005
6763;2005;3919;2005
1148;2005;1495;2005
8822;2005;1427;2005
4397;2005;517;2005
2727;2005;1806;2005
3451;2005;36885;2005
1285;2005;1028;2005
7323;2005;2440;2005
2301;2005;1444;2005
3673;2005;141;2005
0991;2005;158;2005
5994;2005;755;2005
9948;2005;2706;2005
6291;2005;8119;2005
2797;2005;1774;2005
8100;2005;1421;2005
1117;2005;50313;2005
6986;2005;610;2005
7216;2005;2367;2005
4253;2005;992;2005
6792;2005;6643;2005
2766;2005;2323;2005
0650;2005;590;2005
2234;2005;377;2005
5442;2005;648;2005
6192;2005;1795;2005
9573;2005;1097;2005
9074;2005;4094;2005
7934;2005;712;2005
8931;2005;599;2005
6946;2005;794;2005
9089;2005;2294;2005
4682;2005;453;2005
7725;2005;3279;2005
3232;2005;1605;2005
6806;2005;1643;2005
7549;2005;826;2005
5262;2005;1186;2005
7148;2005;806;2005
9461;2005;5426;2005
7729;2005;1878;2005
7654;2005;7172;2005
2663;2005;886;2005
5626;2005;834;2005
8725;2005;598;2005
7288;2005;687;2005
5076;2005;1291;2005
4209;2005;1076;2005
4271;2005;1878;2005
2000;2005;179;2005
2140;2005;673;2005
6234;2005;1199;2005
9189;2005;1546;2005
5679;2005;1755;2005
7629;2005;449;2005
2909;2005;478;2005
3143;2005;6615;2005
6630;2005;517;2005
8402;2005;692;2005
8848;2005;1359;2005
8180;2005;1928;2005
4006;2005;3562;2005
5151;2005;1241;2005
2809;2005;1529;2005
0790;2005;251;2005
1133;2005;2574;2005
0324;2005;150;2005
0357;2005;5619;2005
9604;2005;638;2005
8271;2005;2721;2005
0445;2005;929;2005
7348;2005;1277;2005
2695;2005;674;2005
8460;2005;245;2005
3717;2005;729;2005
0823;2005;1233;2005
4484;2005;680;2005
0509;2005;1088;2005
0482;2005;1138;2005
6525;2005;4832;2005
3294;2005;764;2005
2836;2005;461;2005
3656;2005;4857;2005
8688;2005;366;2005
2474;2005;2132;2005
3689;2005;2088;2005
8338;2005;1422;2005
9697;2005;900;2005
6342;2005;30942;2005
7316;2005;832;2005
0582;2005;1494;2005
7013;2005;5147;2005
5110;2005;1065;2005
6495;2005;2907;2005
4777;2005;2960;2005
7358;2005;2609;2005
7439;2005;1093;2005
0115;2005;2073;2005
5018;2005;13589;2005
6659;2005;6337;2005
6445;2005;2999;2005
9296;2005;3803;2005
8365;2005;8569;2005
8068;2005;2718;2005
0009;2005;5878;2005
7074;2005;1145;2005
0494;2005;4487;2005
3631;2005;1847;2005
9320;2005;2053;2005
4735;2005;1967;2005
7861;2005;1412;2005
4839;2005;1640;2005
4215;2005;1881;2005
4134;2005;202;2005
9166;2005;58147;2005
5121;2005;1769;2005
8518;2005;4018;2005
0933;2005;707;2005
2566;2005;153883;2005
4612;2005;4418;2005
1780;2005;417;2005
1530;2005;6269;2005
7874;2005;34873;2005
5385;2005;57408;2005
6980;2005;12711;2005
4798;2005;6450;2005
4110;2005;1228;2005
1262;2005;13501;2005
9409;2005;898;2005
0111;2005;3118;2005
2363;2005;17802;2005
7028;2005;897;2005
3899;2005;4296;2005
6447;2005;2856;2005
8824;2005;2828;2005
3969;2005;2196;2005
4523;2005;1987;2005
4475;2005;3701;2005
0557;2005;1261;2005
2295;2005;14443;2005
8797;2005;26516;2005
1945;2005;15114;2005
6222;2005;1337;2005
3583;2005;16661;2005
1599;2005;5941;2005
3054;2005;55669;2005
1368;2005;2227;2005
3592;2005;4066;2005
8631;2005;4742;2005
8123;2005;5010;2005
0124;2005;16987;2005
7661;2005;14410;2005
2461;2005;7296;2005
0817;2005;7906;2005
1883;2005;13551;2005
9910;2005;530;2005
3470;2005;1898;2005
5672;2005;2600;2005
7455;2005;3117;2005
0240;2005;21504;2005
8140;2005;16871;2005
8228;2005;10991;2005
3698;2005;67291;2005
8809;2005;97749;2005
3866;2005;319420;2005
3518;2005;92919;2005
6534;2005;1971;2005
2434;2005;53600;2005
9455;2005;10620;2005
3373;2005;56639;2005
9814;2005;10360;2005
9318;2005;31233;2005
1383;2005;14886;2005
4316;2005;17614;2005
1980;2005;12662;2005
1283;2005;18577;2005
9108;2005;5224;2005
4205;2005;24481;2005
3438;2005;46410;2005
9365;2005;27648;2005
2978;2005;20470;2005
7093;2005;43200;2005
3018;2005;12841;2005
1847;2005;13971;2005
4083;2005;9876;2005
2430;2005;37245;2005
9395;2005;26470;2005
9735;2005;60108;2005
8895;2005;48266;2005
5995;2005;19492;2005
7924;2005;24489;2005
7127;2005;21475;2005
4440;2005;1471;2005
0856;2005;17009;2005
1539;2005;27843;2005
8524;2005;17977;2005
8250;2005;25847;2005
2338;2005;6879;2005
7932;2005;9621;2005
8496;2005;26543;2005
0061;2005;7160;2005
2299;2005;27363;2005
3505;2005;8765;2005
4127;2005;54349;2005
1053;2005;27250;2005
4004;2005;11376;2005
9785;2005;18143;2005
1713;2005;7073;2005
9348;2005;6184;2005
3131;2005;17333;2005
3008;2005;13263;2005
0639;2005;3499;2005
4123;2005;5525;2005
4860;2005;22300;2005
1218;2005;32363;2005
1633;2005;15009;2005
3285;2005;6914;2005
1773;2005;10209;2005
4088;2005;31817;2005
7197;2005;48975;2005
0687;2005;5479;2005
9936;2005;31328;2005
7458;2005;5166;2005
4326;2005;4250;2005
8487;2005;2345;2005
9598;2005;16520;2005
8622;2005;7762;2005
9626;2005;15768;2005
2689;2005;10482;2005
8385;2005;1772;2005
5594;2005;15881;2005
1945;2005;9037;2005
5688;2005;16621;2005
2499;2005;201668;2005
9250;2005;4197;2005
3199;2005;14600;2005
6281;2005;88959;2005
6181;2005;15432;2005
0197;2005;20585;2005
8391;2005;6804;2005
1692;2005;11973;2005
6282;2005;8934;2005
7138;2005;38862;2005
9382;2005;36526;2005
3816;2005;15271;2005
0523;2005;27499;2005
6670;2005;15341;2005
5568;2005;32660;2005
0438;2005;7071;2005
5347;2005;6256;2005
6771;2005;10496;2005
9404;2005;14781;2005
0790;2005;19789;2005
3365;2005;5162;2005
7635;2005;10660;2005
1454;2005;8864;2005
6992;2005;4956;2005
6922;2005;6583;2005
7894;2005;5183;2005
5298;2005;6351;2005
7115;2005;5147;2005
5803;2005;9770;2005
5614;2005;3668;2005
7446;2005;1861;2005
7498;2005;3003;2005
1805;2005;7379;2005
8784;2005;10958;2005
3483;2005;1758;2005
7075;2005;2664;2005
2407;2005;12277;2005
9867;2005;3901;2005
7274;2005;20452;2005
9451;2005;3084;2005
6247;2005;4166;2005
7690;2005;5372;2005
7252;2005;11340;2005
7891;2005;6626;2005
5310;2005;23476;2005
4131;2005;5759;2005
1202;2005;5729;2005
3572;2005;4172;2005
8067;2005;9111;2005
4239;2005;3189;2005
5982;2005;5486;2005
6471;2005;27683;2005
0766;2005;15886;2005
2142;2005;20896;2005
2664;2005;1221;2005
0434;2005;1809;2005
0292;2005;6033;2005
9964;2005;88589;2005
8051;2005;8198;2005
5021;2005;14001;2005
3456;2005;10673;2005
6639;2005;15227;2005
2479;2005;9604;2005
4921;2005;1793;2005
6288;2005;11614;2005
3098;2005;9603;2005
5488;2005;7495;2005
1027;2005;2216;2005
7990;2005;3684;2005
1286;2005;3883;2005
7430;2005;13847;2005
5283;2005;2758;2005
5676;2005;3498;2005
7672;2005;5151;2005
2404;2005;30950;2005
3020;2005;5673;2005
1266;2005;2595;2005
0767;2005;8322;2005
2249;2005;2490;2005
1936;2005;5565;2005
9724;2005;1586;2005
0919;2005;9355;2005
6891;2005;1733;2005
9595;2005;6096;2005
3605;2005;5644;2005
2879;2005;10616;2005
7266;2005;9691;2005
8722;2005;8897;2005
0704;2005;4580;2005
0223;2005;1461;2005
0888;2005;7872;2005
5773;2005;5798;2005
6434;2005;6013;2005
1975;2005;3701;2005
8241;2005;3088;2005
3303;2005;6853;2005
7759;2005;1942;2005
3312;2005;4135;2005
4549;2005;5552;2005
0952;2005;5009;2005
4247;2005;3825;2005
7841;2005;15100;2005
7645;2005;2580;2005
4053;2005;4459;2005
9883;2005;1750;2005
7833;2005;13738;2005
6796;2005;12516;2005
1310;2005;12645;2005
7107;2005;2905;2005
4333;2005;14527;2005
3298;2005;17775;2005
5014;2005;5309;2005
3962;2005;11309;2005
4580;2005;4265;2005
3084;2005;14313;2005
2747;2005;7537;2005
9545;2005;2123;2005
7748;2005;2192;2005
5637;2005;2529;2005
1329;2005;4987;2005
1891;2005;1681;2005
6428;2005;2799;2005
8730;2005;1563;2005
0960;2005;1862;2005
9759;2005;721;2005
4764;2005;3872;2005
4799;2005;12041;2005
1560;2005;1955;2005
0536;2005;1478;2005
6026;2005;2738;2005
1248;2005;3123;2005
7108;2005;5341;2005
9393;2005;4166;2005
8791;2005;917;2005
3933;2005;2067;2005
0062;2005;532;2005
4752;2005;915;2005
4987;2005;1536;2005
5287;2005;782;2005
2226;2005;362;2005
8974;2005;1216;2005
9704;2005;2266;2005
9720;2005;928;2005
9082;2005;940;2005
7744;2005;1652;2005
4522;2005;1298;2005
7381;2005;821;2005
0174;2005;2067;2005
3385;2005;2808;2005
6443;2005;1558;2005
0762;2005;696;2005
8094;2005;3154;2005
3050;2005;2407;2005
8176;2005;4351;2005
6309;2005;970;2005
9244;2005;6079;2005
6493;2005;1809;2005
6795;2005;645;2005
1534;2005;5942;2005
6584;2005;4995;2005
7081;2005;2134;2005
6261;2005;13632;2005
6602;2005;13380;2005
8330;2005;5258;2005
9669;2005;4900;2005
0118;2005;5049;2005
8172;2005;1838;2005
2237;2005;16738;2005
3406;2005;601;2005
5514;2005;4467;2005
1319;2005;1837;2005
8710;2005;1471;2005
1881;2005;5877;2005
2283;2005;1552;2005
7095;2005;1087;2005
8777;2005;3975;2005
9104;2005;5105;2005
8447;2005;2107;2005
5078;2005;6174;2005
0983;2005;4425;2005
7016;2005;1187;2005
2322;2005;5898;2005
4348;2005;68292;2005
8736;2005;4547;2005
5035;2005;1218;2005
5134;2005;13414;2005
4850;2005;1715;2005
7704;2005;2935;2005
7347;2005;1726;2005
9264;2005;3744;2005
4492;2005;3640;2005
6183;2005;1188;2005
3938;2005;1575;2005
0710;2005;1256;2005
2479;2005;865;2005
6984;2005;3626;2005
3892;2005;914;2005
1587;2005;1804;2005
1004;2005;1474;2005
0966;2005;6501;2005
6866;2005;1404;2005
4316;2005;885;2005
9003;2005;2359;2005
8366;2005;1176;2005
3055;2005;7257;2005
1820;2005;1731;2005
2984;2005;720;2005
0724;2005;1441;2005
2644;2005;6726;2005
6824;2005;3571;2005
6401;2005;3247;2005
1865;2005;2382;2005
9967;2005;758;2005
3645;2005;2204;2005
3884;2005;12084;2005
2497;2005;3027;2005
8277;2005;3350;2005
6975;2005;3130;2005
3182;2005;726;2005
7333;2005;3616;2005
3673;2005;2155;2005
4079;2005;1246;2005
2064;2005;12177;2005
6911;2005;831;2005
9044;2005;419;2005
6094;2005;1488;2005
0416;2005;807;2005
1084;2005;9248;2005
6111;2005;1153;2005
9259;2005;1092;2005
6294;2005;5602;2005
1508;2005;2513;2005
4602;2005;5455;2005
0939;2005;58368;2005
8387;2005;2593;2005
9960;2005;7798;2005
8072;2005;10059;2005
7501;2005;6501;2005
1843;2005;563;2005
6698;2005;17681;2005
6567;2005;15324;2005
6667;2005;4448;2005
7164;2005;3055;2005
4368;2005;3029;2005
2582;2005;1418;2005
0583;2005;1982;2005
1430;2005;5245;2005
1610;2005;5962;2005
9300;2005;5273;2005
2189;2005;1740;2005
1781;2005;6913;2005
7052;2005;1244;2005
4537;2005;2018;2005
6274;2005;21466;2005
5059;2005;2196;2005
2952;2005;852;2005
6690;2005;1656;2005
1106;2005;650;2005
5604;2005;772;2005
7159;2005;4461;2005
4560;2005;13550;2005
9084;2005;3014;2005
4229;2005;2941;2005
9782;2005;2399;2005
5532;2005;974;2005
0850;2005;9130;2005
3200;2005;1466;2005
1967;2005;10396;2005
8185;2005;1770;2005
8466;2005;3277;2005
5945;2005;2436;2005
5740;2005;1266;2005
9643;2005;1376;2005
6457;2005;2171;2005
3666;2005;842;2005
8228;2005;8388;2005
4296;2005;3597;2005
2733;2005;233;2005
9445;2005;2543;2005
0676;2005;17222;2005
9477;2005;3077;2005
5571;2005;10100;2005
0613;2005;458;2005
6358;2005;22524;2005
7468;2005;2991;2005
8584;2005;514;2005
9617;2005;2706;2005
3177;2005;3293;2005
0861;2005;979;2005
8954;2005;1418;2005
1417;2005;10247;2005
6187;2005;1094;2005
9840;2005;1343;2005
5793;2005;1375;2005
6399;2005;37928;2005
8606;2005;70164;2005
6974;2005;1202;2005
1022;2005;8642;2005
2068;2005;5067;2005
3725;2005;4325;2005
6617;2005;973;2005
6743;2005;4090;2005
2708;2005;1387;2005
1646;2005;1023;2005
7008;2005;2419;2005
0600;2005;3201;2005
0161;2005;2991;2005
1137;2005;2368;2005
7961;2005;8095;2005
7085;2005;1822;2005
7482;2005;2400;2005
4629;2005;1748;2005
9546;2005;2908;2005
0808;2005;2180;2005
3336;2005;896;2005
2096;2005;982;2005
9328;2005;4296;2005
2379;2005;2252;2005
2542;2005;4080;2005
6500;2005;2903;2005
6003;2005;9947;2005
7812;2005;1301;2005
9158;2005;851;2005
2373;2005;1871;2005
3158;2005;3014;2005
2731;2005;1727;2005
0425;2005;2901;2005
3222;2005;2639;2005
8110;2005;985;2005
6846;2005;8707;2005
1555;2005;1720;2005
6698;2005;17148;2005
8744;2005;2078;2005
2533;2005;4852;2005
8770;2005;3567;2005
5830;2005;1429;2005
0460;2005;520;2005
6014;2005;2741;2005
4127;2005;1424;2005
7394;2005;1879;2005
6663;2005;360;2005
8807;2005;16837;2005
2168;2005;921;2005
6176;2005;2304;2005
2016;2005;1354;2005
8673;2005;2081;2005
6546;2005;935;2005
3317;2005;1466;2005
2390;2005;1421;2005
8163;2005;1191;2005
4092;2005;885;2005
5918;2005;6415;2005
4201;2005;34202;2005
0291;2005;3258;2005
8772;2005;7454;2005
6841;2005;5954;2005
4913;2005;4328;2005
6600;2005;1809;2005
9126;2005;35515;2005
1240;2005;1239;2005
6823;2005;3023;2005
6715;2005;1218;2005
5715;2005;1658;2005
5719;2005;654;2005
8737;2005;3815;2005
3970;2005;1671;2005
9596;2005;2732;2005
5092;2005;1384;2005
6832;2005;1674;2005
5285;2005;18319;2005
6283;2005;877;2005
9284;2005;3430;2005
1183;2005;5964;2005
4949;2005;7424;2005
8985;2005;1264;2005
6934;2005;1505;2005
8441;2005;586;2005
3442;2005;3703;2005
5466;2005;2271;2005
3426;2005;1325;2005
1160;2005;1304;2005
6249;2005;2119;2005
4204;2005;5018;2005
2170;2005;2944;2005
5644;2005;1516;2005
4163;2005;2088;2005
1502;2005;4195;2005
4967;2005;1273;2005
5554;2005;9780;2005
4635;2005;1440;2005
5118;2005;772;2005
2734;2005;1043;2005
2636;2005;7144;2005
2874;2005;4677;2005
2200;2005;2078;2005
2778;2005;2278;2005
4561;2005;5150;2005
1208;2005;953;2005
2217;2005;4721;2005
2182;2005;5936;2005
7168;2005;8924;2005
6494;2005;2723;2005
5337;2005;1265;2005
6418;2005;3379;2005
7330;2005;4957;2005
0838;2005;1948;2005
6368;2005;1043;2005
8829;2005;1965;2005
9328;2005;892;2005
8676;2005;905;2005
8792;2005;565;2005
0666;2005;3294;2005
5570;2005;1399;2005
3744;2005;7229;2005
4779;2005;4670;2005
0502;2005;2068;2005
1190;2005;2575;2005
4125;2005;1716;2005
7223;2005;93056;2005
9153;2005;635;2005
9582;2005;446;2005
3688;2005;1190;2005
8247;2005;6558;2005
2845;2005;1029;2005
3399;2005;1575;2005
0100;2005;2330;2005
8062;2005;3834;2005
5252;2005;6695;2005
0251;2005;5338;2005
8301;2005;3360;2005
0411;2005;3784;2005
3812;2005;2078;2005
8533;2005;640;2005
0371;2005;560;2005
7817;2005;2210;2005
5464;2005;3358;2005
0791;2005;6386;2005
1937;2005;3935;2005
2659;2005;5025;2005
5552;2005;1555;2005
2035;2005;733;2005
9402;2005;1262;2005
3341;2005;4381;2005
6834;2005;487;2005
9053;2005;2149;2005
8982;2005;986;2005
8432;2005;1280;2005
9398;2005;832;2005
7399;2005;1427;2005
8499;2005;4386;2005
2959;2005;868;2005
5792;2005;4658;2005
1687;2005;634;2005
3841;2005;1294;2005
3828;2005;2243;2005
8991;2005;1246;2005
7869;2005;2748;2005
6500;2005;2350;2005
8396;2005;2301;2005
3199;2005;563;2005
8918;2005;1791;2005
4530;2005;4244;2005
7228;2005;1896;2005
4844;2005;1197;2005
6942;2005;2172;2005
4332;2005;2273;2005
1712;2005;1902;2005
1559;2005;3182;2005
8091;2005;550;2005
4550;2005;6113;2005
6486;2005;3406;2005
2973;2005;4967;2005
3494;2005;2576;2005
7437;2005;4009;2005
2789;2005;923;2005
7924;2005;9498;2005
4957;2005;3322;2005
2796;2005;1660;2005
3260;2005;3301;2005
1084;2005;2360;2005
3058;2005;2643;2005
2624;2005;4030;2005
3697;2005;1232;2005
8782;2005;2042;2005
3295;2005;1842;2005
4255;2005;69854;2005
8961;2005;3361;2005
4872;2005;685;2005
1679;2005;2276;2005
9063;2005;1425;2005
7748;2005;4722;2005
0186;2005;1207;2005
8528;2005;10949;2005
7159;2005;2418;2005
9844;2005;4175;2005
3448;2005;1511;2005
9429;2005;470;2005
0561;2005;8307;2005
4995;2005;3963;2005
1371;2005;3787;2005
7427;2005;1318;2005
9648;2005;1045;2005
4105;2005;765;2005
0092;2005;4161;2005
9521;2005;382;2005
2971;2005;895;2005
4621;2005;600;2005
2657;2005;2118;2005
1624;2005;2415;2005
5414;2005;798;2005
7562;2005;7425;2005
2343;2005;635;2005
9509;2005;6464;2005
9827;2005;10462;2005
2945;2005;5141;2005
3736;2005;952;2005
3800;2005;3500;2005
5555;2005;1831;2005
1061;2005;828;2005
5876;2005;1113;2005
3403;2005;1979;2005
9874;2005;2915;2005
7186;2005;2106;2005
8668;2005;18048;2005
0708;2005;6917;2005
9745;2005;3416;2005
1905;2005;457;2005
6907;2005;5396;2005
7538;2005;12745;2005
0708;2005;3212;2005
1551;2005;6453;2005
5190;2005;1625;2005
3362;2005;586;2005
4033;2005;1029;2005
5328;2005;4962;2005
4083;2005;10772;2005
4469;2005;2726;2005
7332;2005;3464;2005
4508;2005;6534;2005
4757;2005;6307;2005
8739;2005;5464;2005
6163;2005;2477;2005
1210;2005;19311;2005
5690;2005;747;2005
5105;2005;1364;2005
8735;2005;3761;2005
7699;2005;11182;2005
9980;2005;1281;2005
0362;2005;180906;2005
2369;2005;1699;2005
2229;2005;7690;2005
8565;2005;690;2005
8197;2005;6600;2005
9207;2005;1302;2005
5572;2005;14701;2005
2181;2005;999;2005
4002;2005;3323;2005
5662;2005;562;2005
5201;2005;2999;2005
3446;2005;4134;2005
0777;2005;1499;2005
3583;2005;584;2005
6363;2005;1937;2005
4089;2005;1041;2005
1995;2005;707;2005
9925;2005;381;2005
8795;2005;3979;2005
9996;2005;1330;2005
7968;2005;1368;2005
5297;2005;1018;2005
1308;2005;5082;2005
8540;2005;3190;2005
0617;2005;925;2005
8595;2005;16991;2005
2146;2005;2293;2005
3086;2005;322;2005
7650;2005;1382;2005
1082;2005;2770;2005
5444;2005;15511;2005
1204;2005;544;2005
1240;2005;2254;2005
1747;2005;13207;2005
1980;2005;4444;2005
8932;2005;44376;2005
8093;2005;3165;2005
8636;2005;7337;2005
8321;2005;11214;2005
3203;2005;14676;2005
7570;2005;30710;2005
9007;2005;5084;2005
3517;2005;28342;2005
3149;2005;4215;2005
5738;2005;4550;2005
2581;2005;80129;2005
6329;2005;51076;2005
0074;2005;11182;2005
5311;2005;7368;2005
7263;2005;11315;2005
4571;2005;1656;2005
4154;2005;1766;2005
4210;2005;11328;2005
9436;2005;5193;2005
1187;2005;4062;2005
1193;2005;69112;2005
9625;2005;11612;2005
1009;2005;2287;2005
2764;2005;7658;2005
9748;2005;4027;2005
6975;2005;2331;2005
6806;2005;1344;2005
7839;2005;6073;2005
4356;2005;9678;2005
8351;2005;53335;2005
8343;2005;5725;2005
4710;2005;2002;2005
2934;2005;10416;2005
9696;2005;5061;2005
6253;2005;3698;2005
4101;2005;1578;2005
0237;2005;6551;2005
2312;2005;8505;2005
9460;2005;4324;2005
4560;2005;598;2005
5060;2005;6011;2005
5164;2005;1377;2005
7206;2005;3639;2005
1204;2005;10500;2005
5940;2005;29401;2005
7859;2005;9296;2005
9185;2005;9857;2005
1964;2005;3717;2005
0400;2005;3261;2005
0592;2005;1002;2005
2409;2005;13878;2005
8343;2005;5345;2005
5503;2005;3183;2005
4206;2005;3942;2005
1617;2005;10804;2005
1646;2005;4149;2005
4760;2005;1987;2005
6439;2005;11304;2005
5295;2005;10158;2005
4634;2005;7328;2005
3466;2005;2029;2005
8844;2005;2085;2005
1410;2005;2203;2005
9850;2005;1122;2005
1661;2005;1062;2005
9969;2005;1780;2005
5663;2005;6836;2005
3267;2005;3343;2005
4318;2005;7189;2005
4268;2005;6868;2005
2666;2005;3014;2005
4886;2005;25381;2005
1685;2005;34655;2005
8912;2005;6203;2005
0755;2005;3719;2005
0959;2005;2359;2005
5900;2005;673091;2005
6497;2005;31211;2005
1025;2005;3588;2005
3441;2005;3188;2005
9165;2005;5973;2005
6583;2005;3880;2005
9291;2005;3081;2005
0363;2005;5419;2005
7170;2005;1614;2005
5662;2005;2700;2005
8522;2005;5235;2005
7814;2005;8526;2005
3653;2005;2032;2005
7415;2005;999;2005
5995;2005;9937;2005
1931;2005;2788;2005
9024;2005;499;2005
1922;2005;26645;2005
8463;2005;11052;2005
5421;2005;3867;2005
6815;2005;9103;2005
1922;2005;2929;2005
2407;2005;1315;2005
7793;2005;3989;2005
9001;2005;2158;2005
0076;2005;2980;2005
8004;2005;19168;2005
6441;2005;3398;2005
6956;2005;668;2005
9812;2005;1263;2005
9346;2005;2311;2005
9386;2005;866;2005
2744;2005;2554;2005
6346;2005;1076;2005
1418;2005;41166;2005
0685;2005;704;2005
6646;2005;5614;2005
1664;2005;3440;2005
4276;2005;12982;2005
7645;2005;4292;2005
2587;2005;3582;2005
6219;2005;1031;2005
7781;2005;1463;2005
4281;2005;3438;2005
8280;2005;1104;2005
0694;2005;2765;2005
9304;2005;2663;2005
1324;2005;512;2005
3367;2005;2944;2005
6563;2005;1717;2005
6937;2005;1610;2005
3311;2005;565;2005
2116;2005;1159;2005
1890;2005;906;2005
7262;2005;4185;2005
9981;2005;855;2005
9132;2005;3303;2005
5543;2005;3504;2005
6505;2005;2851;2005
3107;2005;2995;2005
9083;2005;396;2005
2904;2005;9312;2005
4823;2005;7204;2005
0474;2005;1541;2005
3838;2005;1908;2005
9835;2005;1659;2005
7899;2005;682;2005
7241;2005;2646;2005
3864;2005;1845;2005
9924;2005;963;2005
7212;2005;10967;2005
1099;2005;1611;2005
7352;2005;871;2005
7094;2005;905;2005
8536;2005;663;2005
6942;2005;1637;2005
8503;2005;2180;2005
7508;2005;246979;2005
7023;2005;32498;2005
5356;2005;1372;2005
2692;2005;1085;2005
4678;2005;5316;2005
5996;2005;820;2005
2599;2005;3002;2005
3623;2005;727;2005
3769;2005;1741;2005
8009;2005;2600;2005
3090;2005;842;2005
5764;2005;896;2005
7368;2005;4335;2005
4154;2005;3611;2005
1783;2005;1556;2005
4347;2005;2085;2005
1757;2005;6141;2005
4792;2005;1223;2005
0766;2005;13294;2005
6164;2005;1492;2005
9687;2005;3851;2005
2019;2005;1284;2005
1173;2005;852;2005
1681;2005;257;2005
9060;2005;4113;2005
1325;2005;1169;2005
1510;2005;821;2005
5448;2005;2320;2005
1231;2005;6485;2005
0502;2005;7035;2005
6292;2005;4302;2005
1406;2005;2099;2005
6798;2005;3060;2005
8183;2005;3316;2005
9964;2005;1532;2005
1634;2005;1183;2005
9764;2005;12983;2005
1676;2005;1349;2005
6740;2005;4686;2005
7814;2005;815;2005
3859;2005;3588;2005
1175;2005;9033;2005
9740;2005;1513;2005
9173;2005;4534;2005
2623;2005;4007;2005
0755;2005;1650;2005
7618;2005;2479;2005
0269;2005;2862;2005
5246;2005;5235;2005
1332;2005;10882;2005
1260;2005;6902;2005
5008;2005;7094;2005
6669;2005;993;2005
0737;2005;3229;2005
2643;2005;1227;2005
6016;2005;1293;2005
5170;2005;3819;2005
2458;2005;8872;2005
2280;2005;6788;2005
9304;2005;5490;2005
9268;2005;3890;2005
3170;2005;56681;2005
2395;2005;3363;2005
7015;2005;9787;2005
5732;2005;4099;2005
2308;2005;2967;2005
8901;2005;1428;2005
0870;2005;4231;2005
3156;2005;2136;2005
4530;2005;6275;2005
3276;2005;10613;2005
8595;2005;32651;2005
9815;2005;8652;2005
0752;2005;3210;2005
1638;2005;4572;2005
0815;2005;3754;2005
8900;2005;962;2005
8745;2005;32130;2005
9760;2005;6034;2005
1421;2005;1205;2005
2217;2005;6034;2005
6783;2005;38333;2005
6320;2005;2015;2005
5780;2005;12833;2005
4124;2005;2636;2005
9092;2005;3044;2005
4873;2005;8664;2005
0626;2005;23039;2005
2257;2005;16512;2005
1009;2005;9349;2005
2987;2005;13278;2005
5006;2005;13311;2005
3693;2005;4394;2005
5210;2005;19578;2005
3715;2005;6270;2005
6663;2005;3648;2005
5594;2005;8067;2005
1674;2005;2808;2005
2752;2005;6552;2005
5212;2005;1595;2005
5183;2005;5191;2005
6678;2005;40612;2005
9909;2005;4756;2005
6292;2005;1483;2005
6333;2005;1118;2005
9465;2005;638;2005
5439;2005;5168;2005
2465;2005;61185;2005
1131;2005;3418;2005
3988;2005;4423;2005
0669;2005;74319;2005
0705;2005;2153;2005
5893;2005;12455;2005
6266;2005;3352;2005
5331;2005;1717;2005
4247;2005;11261;2005
8172;2005;27223;2005
2732;2005;2327;2005
9953;2005;11865;2005
7746;2005;23238;2005
8140;2005;5878;2005
9382;2005;6373;2005
7565;2005;7425;2005
5836;2005;1592;2005
3738;2005;3727;2005
8177;2005;1791;2005
0808;2005;8372;2005
7759;2005;5356;2005
1499;2005;5321;2005
7120;2005;13443;2005
1179;2005;4710;2005
2247;2005;5000;2005
1946;2005;5763;2005
0465;2005;2309;2005
7438;2005;28389;2005
2367;2005;3739;2005
3917;2005;13983;2005
5057;2005;14784;2005
8244;2005;2868;2005
5375;2005;21471;2005
1099;2005;7331;2005
2924;2005;7702;2005
1389;2005;930;2005
2777;2005;9853;2005
4134;2005;8444;2005
8921;2005;5459;2005
7242;2005;2760;2005
7058;2005;18308;2005
5344;2005;28070;2005
4288;2005;51367;2005
3333;2005;16663;2005
2208;2005;35712;2005
3264;2005;22627;2005
2753;2005;23240;2005
7257;2005;18786;2005
4172;2005;5268;2005
3734;2005;38294;2005
5540;2005;3424;2005
2097;2005;4762;2005
9021;2005;3470;2005
8974;2005;305712;2005
1599;2005;9602;2005
3224;2005;26681;2005
0164;2005;13078;2005
1500;2005;28022;2005
4453;2005;3227;2005
2466;2005;5354;2005
9571;2005;4024;2005
8462;2005;12354;2005
2795;2005;27024;2005
4748;2005;7979;2005
6713;2005;1037;2005
3176;2005;5362;2005
3009;2005;6349;2005
6782;2005;45833;2005
7064;2005;10859;2005
6505;2005;6718;2005
7851;2005;16351;2005
6802;2005;47519;2005
2334;2005;11515;2005
5431;2005;3789;2005
3861;2005;3394;2005
4330;2005;10598;2005
6137;2005;11180;2005
2459;2005;14550;2005
6313;2005;2941;2005
8477;2005;20761;2005
6490;2005;10862;2005
8123;2005;4213;2005
2721;2005;6471;2005
1248;2005;10022;2005
8595;2005;1684;2005
2767;2005;6844;2005
0258;2005;8105;2005
3092;2005;17189;2005
1562;2005;9286;2005
5170;2005;21398;2005
5218;2005;7544;2005
0944;2005;7401;2005
7508;2005;6873;2005
8654;2005;8742;2005
7833;2005;3715;2005
8317;2005;3599;2005
5280;2005;3293;2005
4684;2005;8248;2005
3740;2005;8063;2005
4008;2005;29313;2005
6296;2005;3239;2005
7530;2005;14578;2005
3699;2005;53323;2005
5500;2005;3348;2005
3764;2005;18302;2005
6595;2005;70409;2005
0850;2005;9317;2005
7215;2005;25801;2005
4725;2005;58269;2005
1579;2005;34712;2005
5914;2005;31455;2005
8310;2005;2221;2005
0509;2005;1162;2005
0628;2005;7366;2005
9090;2005;17333;2005
6156;2005;850;2005
8976;2005;2664;2005
4772;2005;21668;2005
2007;2005;12735;2005
7816;2005;24608;2005
4173;2005;12524;2005
9842;2005;23333;2005
9828;2005;21610;2005
5343;2005;9004;2005
4685;2005;20817;2005
7755;2005;122047;2005
0204;2005;7368;2005
3296;2005;9001;2005
0908;2005;3628;2005
9227;2005;11977;2005
3046;2005;1605;2005
9892;2005;1927;2005
3923;2005;39853;2005
8902;2005;762;2005
1886;2005;829;2005
8505;2005;11370;2005
2509;2005;636;2005
4460;2005;2116;2005
8768;2005;2873;2005
7940;2005;470;2005
8442;2005;1090;2005
5393;2005;3705;2005
7440;2005;3895;2005
8974;2005;840;2005
7583;2005;317;2005
7144;2005;778;2005
8381;2005;4057;2005
8314;2005;1124;2005
6697;2005;609;2005
0769;2005;1015;2005
8371;2005;4560;2005
0464;2005;616;2005
3436;2005;5595;2005
2502;2005;478;2005
6116;2005;1828;2005
3907;2005;1304;2005
1704;2005;944;2005
4001;2005;467;2005
0608;2005;1533;2005
0662;2005;638;2005
1904;2005;1039;2005
6868;2005;582;2005
4578;2005;8937;2005
8495;2005;972;2005
0131;2005;11259;2005
0697;2005;1829;2005
5852;2005;2601;2005
6162;2005;732;2005
9593;2005;579;2005
3858;2005;134;2005
8220;2005;2529;2005
8547;2005;2039;2005
2256;2005;752;2005
8938;2005;965;2005
9467;2005;1529;2005
3750;2005;2978;2005
6360;2005;48199;2005
4655;2005;3140;2005
6109;2005;3658;2005
0310;2005;3409;2005
0898;2005;5755;2005
1281;2005;11104;2005
3941;2005;773;2005
4411;2005;3793;2005
8777;2005;3417;2005
8803;2005;2464;2005
2684;2005;4700;2005
4120;2005;21700;2005
7985;2005;2844;2005
1002;2005;745;2005
5952;2005;608;2005
1899;2005;1134;2005
2847;2005;4620;2005
0333;2005;123899;2005
5057;2005;1414;2005
5828;2005;207;2005
3396;2005;7280;2005
4487;2005;977;2005
0106;2005;13732;2005
8177;2005;13970;2005
2444;2005;3099;2005
2376;2005;2076;2005
5029;2005;1008;2005
0008;2005;2037;2005
1853;2005;1662;2005
8063;2005;3044;2005
7367;2005;3935;2005
6815;2005;2521;2005
9539;2005;3800;2005
2469;2005;1987;2005
3026;2005;1845;2005
4089;2005;1675;2005
4286;2005;2101;2005
5195;2005;2604;2005
6928;2005;1604;2005
8773;2005;574;2005
9702;2005;1433;2005
3115;2005;788;2005
0430;2005;1297;2005
9960;2005;2098;2005
5753;2005;1445;2005
4858;2005;2637;2005
9218;2005;1287;2005
8081;2005;943;2005
4258;2005;3841;2005
8972;2005;3828;2005
1022;2005;720;2005
3276;2005;564;2005
3678;2005;3297;2005
4346;2005;3103;2005
6755;2005;2264;2005
3269;2005;1494;2005
0155;2005;7942;2005
2786;2005;4362;2005
4978;2005;2654;2005
5328;2005;8318;2005
4099;2005;741;2005
6497;2005;553;2005
0356;2005;2390;2005
7597;2005;649;2005
7428;2005;821;2005
8744;2005;489;2005
2661;2005;4253;2005
4345;2005;929;2005
4900;2005;1627;2005
5299;2005;2433;2005
0587;2005;2869;2005
7929;2005;939;2005
1777;2005;1398;2005
1613;2005;1035;2005
1320;2005;2276;2005
2988;2005;2290;2005
8361;2005;3010;2005
4051;2005;3286;2005
7513;2005;2191;2005
1688;2005;5701;2005
1146;2005;594;2005
3736;2005;1274;2005
1494;2005;541;2005
4437;2005;2087;2005
8669;2005;2140;2005
7146;2005;1611;2005
7633;2005;10911;2005
0198;2005;628;2005
8294;2005;2551;2005
8037;2005;2013;2005
4744;2005;192;2005
1594;2005;588;2005
7317;2005;359;2005
0589;2005;36673;2005
8991;2005;988;2005
7617;2005;1416;2005
6722;2005;2362;2005
7374;2005;7522;2005
2372;2005;1462;2005
8209;2005;998;2005
9700;2005;428;2005
1843;2005;760;2005
6733;2005;948;2005
4319;2005;3083;2005
5958;2005;4525;2005
9957;2005;6160;2005
1765;2005;2244;2005
5932;2005;2650;2005
8335;2005;1354;2005
4462;2005;2809;2005
6759;2005;299;2005
8141;2005;905;2005
0708;2005;2481;2005
8474;2005;1711;2005
7449;2005;2262;2005
7668;2005;2567;2005
6103;2005;977;2005
7228;2005;198;2005
5989;2005;3806;2005
7148;2005;1829;2005
1826;2005;730;2005
2049;2005;1508;2005
7880;2005;941;2005
9345;2005;2311;2005
5657;2005;1881;2005
3784;2005;11198;2005
0512;2005;1913;2005
4624;2005;1206;2005
6731;2005;1096;2005
6501;2005;3708;2005
8006;2005;774;2005
3156;2005;537;2005
8487;2005;271;2005
0143;2005;2244;2005
5027;2005;2759;2005
2849;2005;10252;2005
9803;2005;1118;2005
4109;2005;1597;2005
6349;2005;1391;2005
3230;2005;695;2005
3510;2005;3565;2005
4494;2005;1184;2005
3890;2005;1606;2005
7001;2005;400;2005
1174;2005;6826;2005
7539;2005;559;2005
1723;2005;25614;2005
6242;2005;959;2005
2269;2005;1066;2005
3994;2005;1386;2005
3317;2005;1125;2005
8517;2005;2938;2005
0473;2005;157803;2005
0598;2005;2810;2005
4887;2005;22587;2005
5415;2005;29932;2005
1012;2005;6437;2005
8264;2005;933;2005
7167;2005;7142;2005
7736;2005;4057;2005
3042;2005;8350;2005
1360;2005;1595;2005
5920;2005;6497;2005
3087;2005;2107;2005
1819;2005;3059;2005
1114;2005;1661;2005
5148;2005;375;2005
6223;2005;942;2005
8295;2005;1382;2005
4365;2005;2119;2005
5982;2005;559;2005
0555;2005;5164;2005
1869;2005;6884;2005
8014;2005;1038;2005
5101;2005;2886;2005
6654;2005;12529;2005
2299;2005;27945;2005
0416;2005;282;2005
5853;2005;1815;2005
0145;2005;2403;2005
3687;2005;7024;2005
7868;2005;4568;2005
5067;2005;4950;2005
2739;2005;1501;2005
8745;2005;3385;2005
1794;2005;2645;2005
5918;2005;1717;2005
6259;2005;965;2005
4236;2005;2984;2005
1381;2005;702;2005
4953;2005;1447;2005
9677;2005;1189;2005
0900;2005;5321;2005
9157;2005;6977;2005
4104;2005;69427;2005
0433;2005;5297;2005
1591;2005;1726;2005
6243;2005;1352;2005
3983;2005;9251;2005
3709;2005;6099;2005
2252;2005;8514;2005
5145;2005;948;2005
2412;2005;7086;2005
4840;2005;3720;2005
1629;2005;1864;2005
6787;2005;2630;2005
8947;2005;11721;2005
6382;2005;3851;2005
2294;2005;4280;2005
8293;2005;5236;2005
6918;2005;1344;2005
6740;2005;28451;2005
3934;2005;1502;2005
2889;2005;4531;2005
7060;2005;2359;2005
8383;2005;9356;2005
7843;2005;5089;2005
2850;2005;17608;2005
2940;2005;6112;2005
7682;2005;168;2005
0203;2005;773;2005
5927;2005;4118;2005
3587;2005;1346;2005
9079;2005;16010;2005
3871;2005;2142;2005
7937;2005;1748;2005
1982;2005;1184;2005
1839;2005;3860;2005
0025;2005;1123;2005
5857;2005;1140;2005
6009;2005;495;2005
8211;2005;3871;2005
7603;2005;562;2005
7065;2005;6925;2005
7510;2005;1994;2005
4750;2005;14563;2005
5293;2005;2938;2005
3875;2005;3749;2005
9328;2005;716;2005
5900;2005;1471;2005
3075;2005;4859;2005
3595;2005;1250;2005
8870;2005;1845;2005
9709;2005;3137;2005
7934;2005;6949;2005
4454;2005;2102;2005
6861;2005;1428;2005
4283;2005;1076;2005
9316;2005;11622;2005
8875;2005;1354;2005
8946;2005;846;2005
6260;2005;8552;2005
4332;2005;20854;2005
3061;2005;296;2005
3112;2005;1322;2005
1070;2005;1706;2005
3483;2005;8755;2005
4264;2005;13969;2005
4116;2005;296;2005
1182;2005;8517;2005
3578;2005;2320;2005
7940;2005;6401;2005
4660;2005;8234;2005
6012;2005;933;2005
5962;2005;1569;2005
4498;2005;4991;2005
8462;2005;456;2005
9063;2005;1126;2005
1878;2005;393;2005
3865;2005;17817;2005
0184;2005;2659;2005
4295;2005;416;2005
2629;2005;1597;2005
7365;2005;10778;2005
4014;2005;10244;2005
9870;2005;703;2005
1037;2005;11620;2005
5906;2005;1730;2005
8802;2005;4659;2005
5337;2005;2891;2005
6234;2005;7520;2005
9508;2005;1642;2005
6882;2005;3163;2005
4693;2005;14496;2005
1263;2005;49973;2005
9588;2005;7647;2005
2083;2005;3009;2005
8550;2005;5189;2005
7401;2005;19416;2005
1525;2005;4401;2005
9790;2005;1450;2005
7785;2005;4071;2005
8809;2005;14000;2005
7045;2005;2184;2005
6793;2005;5750;2005
8756;2005;11662;2005
1433;2005;388;2005
5471;2005;456;2005
3790;2005;1790;2005
5680;2005;2119;2005
7145;2005;904;2005
6768;2005;1297;2005
5245;2005;8422;2005
5859;2005;1611;2005
5139;2005;462;2005
8523;2005;5631;2005
8007;2005;819;2005
3130;2005;868;2005
6382;2005;737;2005
5447;2005;1057;2005
5623;2005;1503;2005
4291;2005;1261;2005
8025;2005;348;2005
7065;2005;1692;2005
3894;2005;155;2005
9783;2005;572;2005
1987;2005;134;2005
7896;2005;1426;2005
8538;2005;265;2005
4721;2005;931;2005
2497;2005;1387;2005
4281;2005;244;2005
8745;2005;746;2005
5617;2005;794;2005
1728;2005;1976;2005
8861;2005;3295;2005
1500;2005;21367;2005
3702;2005;705;2005
7117;2005;933;2005
3513;2005;1927;2005
1461;2005;1081;2005
4490;2005;2453;2005
0190;2005;581;2005
2086;2005;2379;2005
9626;2005;1474;2005
7338;2005;927;2005
8301;2005;348;2005
5839;2005;503;2005
4436;2005;918;2005
4776;2005;341;2005
7327;2005;868;2005
6578;2005;2245;2005
2027;2005;1127;2005
6577;2005;1056;2005
6050;2005;609;2005
3408;2005;1066;2005
9461;2005;612;2005
9289;2005;1345;2005
1965;2005;663;2005
5904;2005;396;2005
0758;2005;283;2005
9354;2005;920;2005
3181;2005;847;2005
3164;2005;2611;2005
7012;2005;789;2005
4514;2005;11391;2005
8469;2005;2887;2005
2051;2005;506;2005
8673;2005;289;2005
4520;2005;1621;2005
3604;2005;401;2005
9624;2005;3978;2005
5296;2005;1059;2005
3723;2005;484;2005
3433;2005;408;2005
5735;2005;104;2005
0966;2005;1259;2005
5116;2005;773;2005
2197;2005;724;2005
7239;2005;149;2005
4117;2005;1645;2005
5886;2005;173;2005
0266;2005;1559;2005
2533;2005;8794;2005
5970;2005;3009;2005
4817;2005;1021;2005
4597;2005;4606;2005
8205;2005;541;2005
4582;2005;841;2005
6423;2005;971;2005
2346;2005;4987;2005
6808;2005;1165;2005
6691;2005;1672;2005
0619;2005;475;2005
9861;2005;4618;2005
1972;2005;855;2005
5004;2005;1776;2005
0142;2005;767;2005
1807;2005;1197;2005
5715;2005;539;2005
9653;2005;1672;2005
8665;2005;358;2005
4698;2005;1260;2005
5688;2005;31917;2005
3275;2005;1375;2005
8160;2005;324;2005
8471;2005;2433;2005
3156;2005;303;2005
1092;2005;2128;2005
4581;2005;771;2005
2826;2005;3374;2005
3569;2005;2872;2005
2188;2005;4638;2005
0500;2005;433;2005
7954;2005;2567;2005
4748;2005;2466;2005
4676;2005;1679;2005
4524;2005;2349;2005
8526;2005;1948;2005
0628;2005;535;2005
6128;2005;180;2005
1726;2005;995;2005
3563;2005;844;2005
3786;2005;392;2005
8199;2005;2219;2005
7513;2005;562;2005
0045;2005;230;2005
8590;2005;2499;2005
3402;2005;460;2005
0943;2005;187;2005
8006;2005;10288;2005
7998;2005;973;2005
5843;2005;1247;2005
8464;2005;601;2005
2388;2005;3069;2005
0735;2005;896;2005
6098;2005;328;2005
7002;2005;1758;2005
6511;2005;371;2005
8094;2005;1163;2005
5607;2005;1210;2005
9310;2005;358;2005
1807;2005;318;2005
2425;2005;136;2005
7827;2005;316;2005
8860;2005;3498;2005
3890;2005;1125;2005
6881;2005;45416;2005
8452;2005;1033;2005
3451;2005;925;2005
4533;2005;2113;2005
5570;2005;133;2005
2001;2005;415;2005
8025;2005;1185;2005
5139;2005;176;2005
1209;2005;8051;2005
5955;2005;238;2005
8608;2005;481;2005
9021;2005;870;2005
6248;2005;3663;2005
5719;2005;683;2005
9876;2005;2847;2005
7819;2005;2289;2005
7338;2005;14930;2005
6006;2005;1758;2005
0096;2005;349;2005
6492;2005;482;2005
0694;2005;751;2005
7415;2005;500;2005
4984;2005;3911;2005
2559;2005;134;2005
1379;2005;1633;2005
7653;2005;2500;2005
5560;2005;399;2005
6095;2005;517;2005
0733;2005;2236;2005
3092;2005;615;2005
6678;2005;633;2005
5025;2005;4037;2005
3909;2005;1472;2005
0974;2005;663;2005
5683;2005;1004;2005
0645;2005;3967;2005
1503;2005;2947;2005
1575;2005;1565;2005
5913;2005;528;2005
7503;2005;195;2005
2158;2005;2221;2005
0519;2005;3930;2005
3050;2005;1519;2005
2497;2005;2738;2005
1802;2005;2445;2005
8441;2005;1374;2005
0284;2005;230;2005
8493;2005;1468;2005
6512;2005;914;2005
0230;2005;89;2005
6090;2005;1742;2005
0298;2005;629;2005
5152;2005;2046;2005
2223;2005;2875;2005
6629;2005;132;2005
1400;2005;99;2005
3313;2005;810;2005
7376;2005;1357;2005
0670;2005;779;2005
7187;2005;1228;2005
2355;2005;965;2005
9799;2005;307;2005
3143;2005;2649;2005
7712;2005;200;2005
4752;2005;6529;2005
6768;2005;2522;2005
6653;2005;237;2005
1045;2005;3922;2005
2572;2005;1140;2005
4058;2005;644;2005
5859;2005;1164;2005
3978;2005;8479;2005
6991;2005;403;2005
8731;2005;180;2005
2610;2005;1435;2005
9495;2005;413;2005
4736;2005;1285;2005
6136;2005;1138;2005
2316;2005;1734;2005
6703;2005;3207;2005
2859;2005;2824;2005
9795;2005;2119;2005
0399;2005;3635;2005
5617;2005;2606;2005
6195;2005;4912;2005
3496;2005;1283;2005
2278;2005;3348;2005
8240;2005;3215;2005
9535;2005;4590;2005
1176;2005;2824;2005
5889;2005;4335;2005
1002;2005;13822;2005
7876;2005;1461;2005
7127;2005;864;2005
6640;2005;12280;2005
5476;2005;4339;2005
7952;2005;489;2005
5941;2005;2293;2005
7396;2005;3865;2005
6954;2005;2291;2005
2704;2005;3893;2005
0639;2005;6877;2005
3179;2005;1619;2005
7688;2005;1323;2005
6179;2005;4546;2005
8068;2005;262;2005
8932;2005;1672;2005
1833;2005;1230;2005
6954;2005;2744;2005
2583;2005;2125;2005
6556;2005;351;2005
4193;2005;1199;2005
2020;2005;787;2005
0526;2005;752;2005
5957;2005;8517;2005
4965;2005;2340;2005
3058;2005;2581;2005
1445;2005;2245;2005
8887;2005;1693;2005
6052;2005;147;2005
1349;2005;46291;2005
2384;2005;2113;2005
9135;2005;4206;2005
8946;2005;4226;2005
3308;2005;10357;2005
5859;2005;374;2005
0635;2005;14382;2005
5188;2005;7930;2005
3584;2005;510;2005
1193;2005;3280;2005
0584;2005;2054;2005
7993;2005;2441;2005
6244;2005;4204;2005
7121;2005;43;2005
5135;2005;3493;2005
0149;2005;8173;2005
0882;2005;5929;2005
9960;2005;6987;2005
6963;2005;1180;2005
4959;2005;4544;2005
5630;2005;3806;2005
1969;2005;419;2005
9972;2005;149;2005
7839;2005;1839;2005
1470;2005;1580;2005
6837;2005;914;2005
0983;2005;2166;2005
6353;2005;2290;2005
5698;2005;2055;2005
7003;2005;5503;2005
8249;2005;2989;2005
6175;2005;2834;2005
8617;2005;2161;2005
1969;2005;2302;2005
2862;2005;2861;2005
1085;2005;155;2005
6290;2005;1583;2005
7516;2005;517;2005
9668;2005;1857;2005
7080;2005;219;2005
2464;2005;3206;2005
5977;2005;11147;2005
5679;2005;872;2005
7993;2005;329;2005
1158;2005;2842;2005
8153;2005;2606;2005
6500;2005;2673;2005
6085;2005;309;2005
6049;2005;1809;2005
1986;2005;291;2005
8317;2005;1147;2005
1303;2005;1402;2005
6411;2005;4007;2005
5038;2005;1927;2005
0835;2005;2483;2005
7725;2005;609;2005
7505;2005;2352;2005
7143;2005;2890;2005
6122;2005;14555;2005
0012;2005;1756;2005
6783;2005;2717;2005
3194;2005;1709;2005
9782;2005;4831;2005
0381;2005;1979;2005
0970;2005;891;2005
0980;2005;2257;2005
0680;2005;1664;2005
8695;2005;15010;2005
8023;2005;1672;2005
6998;2005;2767;2005
9356;2005;1209;2005
5317;2005;225;2005
6782;2005;1559;2005
0319;2005;1754;2005
3971;2005;1809;2005
0104;2005;889;2005
9260;2005;2609;2005
4371;2005;2684;2005
3711;2005;2582;2005
3786;2005;41910;2005
4503;2005;7228;2005
7452;2005;69;2005
2472;2005;1364;2005
8337;2005;3251;2005
2024;2005;1224;2005
4767;2005;3276;2005
3856;2005;459;2005
7302;2005;1449;2005
5209;2005;1645;2005
5791;2005;5329;2005
7829;2005;1985;2005
4968;2005;1691;2005
5250;2005;1362;2005
2653;2005;1453;2005
3749;2005;2381;2005
9657;2005;1740;2005
1484;2005;3634;2005
5565;2005;3334;2005
0529;2005;12606;2005
5310;2005;1881;2005
7459;2005;1888;2005
0123;2005;2024;2005
8189;2005;3350;2005
8206;2005;2792;2005
0688;2005;5527;2005
2567;2005;839;2005
3773;2005;1370;2005
0034;2005;1466;2005
4986;2005;1547;2005
8823;2005;6108;2005
1694;2005;17203;2005
1953;2005;15953;2005
7664;2005;9230;2005
8500;2005;1206;2005
3450;2005;10899;2005
8400;2005;1478;2005
0985;2005;2292;2005
3225;2005;1965;2005
9351;2005;971;2005
2491;2005;2630;2005
4400;2005;6404;2005
7700;2005;3142;2005
5057;2005;34525;2005
7001;2005;133154;2005
2632;2005;2733;2005
6957;2005;3802;2005
3722;2005;8340;2005
0048;2005;19981;2005
9694;2005;1386;2005
2979;2005;9431;2005
6672;2005;2916;2005
4275;2005;12986;2005
7726;2005;17905;2005
9995;2005;9265;2005
3093;2005;182997;2005
1380;2005;9578;2005
3723;2005;5938;2005
3109;2005;2414;2005
3762;2005;1784;2005
7254;2005;766;2005
6721;2005;2980;2005
0630;2005;1170;2005
9655;2005;1275;2005
0449;2005;3435;2005
6808;2005;14415;2005
2012;2005;5507;2005
9948;2005;59624;2005
4250;2005;3238;2005
6858;2005;9998;2005
6439;2005;14599;2005
6315;2005;3308;2005
7896;2005;6720;2005
4827;2005;1483;2005
3481;2005;9386;2005
8880;2005;3429;2005
9243;2005;5577;2005
9108;2005;2320;2005
8517;2005;1018;2005
3117;2005;2289;2005
9213;2005;1506;2005
2596;2005;3170;2005
5577;2005;6254;2005
3549;2005;947;2005
6322;2005;2164;2005
2495;2005;2800;2005
3219;2005;1660;2005
9223;2005;4031;2005
6890;2005;702;2005
1226;2005;1127;2005
9691;2005;3572;2005
4627;2005;1302;2005
4448;2005;3195;2005
5938;2005;2197;2005
0030;2005;2559;2005
5038;2005;5797;2005
8395;2005;1884;2005
8975;2005;1400;2005
6319;2005;2020;2005
7009;2005;1668;2005
2254;2005;2396;2005
8113;2005;3063;2005
6692;2005;2132;2005
1519;2005;3643;2005
9325;2005;2318;2005
6532;2005;6988;2005
4089;2005;880;2005
3653;2005;1867;2005
3028;2005;1420;2005
2468;2005;6691;2005
9491;2005;1371;2005
8878;2005;8812;2005
7004;2005;1287;2005
5057;2005;1184;2005
5378;2005;4577;2005
8427;2005;4670;2005
3367;2005;4550;2005
7892;2005;2293;2005
5345;2005;2336;2005
3959;2005;1524;2005
6586;2005;3275;2005
5725;2005;6970;2005
8328;2005;1089;2005
5926;2005;1394;2005
4369;2005;2817;2005
6462;2005;780;2005
4236;2005;1596;2005
1798;2005;2492;2005
6604;2005;6856;2005
6406;2005;708;2005
2027;2005;1154;2005
5709;2005;33852;2005
3751;2005;832;2005
7735;2005;1793;2005
4549;2005;2116;2005
1815;2005;516;2005
6569;2005;436;2005
5995;2005;2023;2005
6127;2005;297;2005
1563;2005;108;2005
2735;2005;931;2005
4656;2005;568;2005
1003;2005;4734;2005
5046;2005;742;2005
1278;2005;532;2005
5515;2005;1387;2005
8775;2005;274;2005
2233;2005;620;2005
0676;2005;737;2005
9645;2005;1522;2005
4189;2005;1083;2005
5335;2005;5035;2005
2565;2005;166;2005
5227;2005;3426;2005
0681;2005;268;2005
1858;2005;368;2005
6546;2005;617;2005
2573;2005;544;2005
2167;2005;756;2005
8738;2005;4776;2005
5753;2005;1447;2005
7884;2005;122;2005
0084;2005;18178;2005
6091;2005;963;2005
3176;2005;193;2005
6467;2005;441;2005
8976;2005;210;2005
6517;2005;2408;2005
5785;2005;892;2005
2127;2005;7554;2005
2848;2005;274;2005
9219;2005;124;2005
1531;2005;277;2005
5680;2005;664;2005
4114;2005;458;2005
1763;2005;1466;2005
3537;2005;1491;2005
0549;2005;163;2005
0343;2005;2133;2005
1750;2005;407;2005
1483;2005;1191;2005
1708;2005;476;2005
7997;2005;894;2005
4381;2005;940;2005
3719;2005;15851;2005
9194;2005;3208;2005
3658;2005;1186;2005
5656;2005;1634;2005
6720;2005;2693;2005
8796;2005;801;2005
9024;2005;614;2005
1628;2005;2047;2005
3882;2005;297;2005
3804;2005;432;2005
1522;2005;808;2005
6756;2005;1262;2005
7054;2005;1267;2005
4182;2005;181;2005
3614;2005;4998;2005
7687;2005;757;2005
9006;2005;384;2005
6013;2005;254;2005
7344;2005;1714;2005
8894;2005;1287;2005
7344;2005;464;2005
7665;2005;2218;2005
4531;2005;30529;2005
6649;2005;194;2005
3806;2005;1146;2005
7333;2005;6861;2005
3834;2005;248;2005
6245;2005;1738;2005
