Codice Ripartizione geografica;Codice Regione;Codice Provincia/Uts;Codice Comune (alfanumerico);Codice Comune (numerico);Comune;Comune (dizione straniera);Sigla automobilistica;Capoluogo di Provincia/Uts;Capoluogo di Regione;Popolazione legale;Anno Censimento;Superficie (Kmq);Anno (Superficie);Popolazione residente;Anno (Popolazione residente)
1462;2013;2748;2013
7393;2013;3791;2013
3315;2013;470;2013
7314;2013;1793;2013
3796;2013;712;2013
8756;2013;6393;2013
6261;2013;274;2013
9193;2013;17311;2013
4860;2013;2014;2013
3085;2013;517;2013
8782;2013;887;2013
1668;2013;1081;2013
2172;2013;12391;2013
9605;2013;1313;2013
0859;2013;779;2013
0063;2013;3205;2013
5064;2013;545;2013
4054;2013;3747;2013
7105;2013;115;2013
0289;2013;3289;2013
8027;2013;1600;2013
2030;2013;3231;2013
9864;2013;577;2013
7343;2013;18219;2013
5979;2013;3502;2013
0819;2013;569;2013
2234;2013;2117;2013
3261;2013;13428;2013
9648;2013;557;2013
4189;2013;3683;2013
3712;2013;826;2013
9617;2013;2295;2013
9190;2013;3085;2013
2914;2013;8554;2013
7585;2013;4644;2013
1350;2013;448;2013
9504;2013;476;2013
5701;2013;8545;2013
3592;2013;1671;2013
5598;2013;1565;2013
6868;2013;1454;2013
4760;2013;1250;2013
0591;2013;1639;2013
0661;2013;6285;2013
0973;2013;6401;2013
2312;2013;3491;2013
4925;2013;7647;2013
1314;2013;6190;2013
0863;2013;1364;2013
1318;2013;1297;2013
8499;2013;5667;2013
9505;2013;279;2013
1953;2013;2569;2013
0319;2013;571;2013
4078;2013;2077;2013
5371;2013;969;2013
2579;2013;783;2013
6790;2013;9204;2013
7148;2013;29018;2013
1250;2013;1920;2013
1726;2013;1492;2013
3136;2013;3007;2013
7115;2013;18825;2013
4732;2013;1771;2013
2796;2013;2257;2013
7063;2013;9964;2013
3756;2013;428;2013
1345;2013;6431;2013
3285;2013;2286;2013
9591;2013;5588;2013
1595;2013;1836;2013
0516;2013;1063;2013
8147;2013;166;2013
7001;2013;997;2013
4478;2013;383;2013
6134;2013;1704;2013
0221;2013;2133;2013
1975;2013;36559;2013
1189;2013;225;2013
7549;2013;958;2013
9165;2013;1685;2013
2378;2013;26758;2013
1638;2013;367;2013
9345;2013;251;2013
1962;2013;371;2013
7329;2013;18813;2013
6872;2013;220;2013
8788;2013;1590;2013
5727;2013;3188;2013
0993;2013;49802;2013
3321;2013;346;2013
5894;2013;617;2013
1131;2013;4592;2013
4914;2013;3247;2013
2384;2013;525;2013
8709;2013;1016;2013
7335;2013;7922;2013
3134;2013;10042;2013
5395;2013;8547;2013
5474;2013;260;2013
8499;2013;5184;2013
8931;2013;2322;2013
4091;2013;566;2013
0415;2013;2702;2013
3457;2013;841;2013
6427;2013;2415;2013
5003;2013;3529;2013
8185;2013;270;2013
9482;2013;1677;2013
1488;2013;2923;2013
4018;2013;593;2013
5108;2013;9486;2013
4442;2013;1218;2013
3833;2013;637;2013
7376;2013;16485;2013
8199;2013;3894;2013
9870;2013;700;2013
0935;2013;199;2013
3296;2013;1022;2013
1321;2013;37782;2013
7506;2013;47;2013
0292;2013;752;2013
7716;2013;393;2013
5042;2013;422;2013
1075;2013;23820;2013
0353;2013;1793;2013
7929;2013;8878;2013
2876;2013;5200;2013
2900;2013;1479;2013
4355;2013;16015;2013
6753;2013;181;2013
9366;2013;1972;2013
3912;2013;455;2013
5173;2013;1577;2013
7158;2013;1741;2013
2096;2013;1050;2013
1914;2013;1173;2013
8835;2013;382;2013
7414;2013;7590;2013
0398;2013;521;2013
2585;2013;578;2013
1404;2013;1234;2013
3129;2013;449;2013
2593;2013;1402;2013
2587;2013;54;2013
0706;2013;3939;2013
6942;2013;700;2013
3424;2013;4206;2013
5439;2013;843;2013
6383;2013;1261;2013
4420;2013;85;2013
0871;2013;821;2013
0825;2013;421;2013
3332;2013;667;2013
6554;2013;362;2013
5288;2013;57057;2013
5007;2013;35;2013
6567;2013;762;2013
4681;2013;1040;2013
3567;2013;3438;2013
9036;2013;5412;2013
3896;2013;909;2013
4895;2013;815;2013
5627;2013;48122;2013
0481;2013;160;2013
3530;2013;6942;2013
0743;2013;300;2013
6422;2013;8063;2013
5542;2013;553;2013
3030;2013;1483;2013
2078;2013;23101;2013
1541;2013;837;2013
4885;2013;1141;2013
5771;2013;929;2013
7857;2013;3321;2013
4058;2013;1236;2013
0819;2013;834;2013
8878;2013;2004;2013
6886;2013;458;2013
4056;2013;1089;2013
5400;2013;3969;2013
5680;2013;199;2013
1730;2013;3981;2013
0906;2013;3426;2013
7080;2013;558;2013
1830;2013;680;2013
0041;2013;791;2013
3498;2013;622;2013
4634;2013;14683;2013
7183;2013;3019;2013
3376;2013;35385;2013
8196;2013;8440;2013
6488;2013;3766;2013
1459;2013;18345;2013
9034;2013;3438;2013
0343;2013;1421;2013
6186;2013;10406;2013
5611;2013;1043;2013
0609;2013;3643;2013
4476;2013;1143;2013
2017;2013;763;2013
6092;2013;258;2013
8455;2013;1980;2013
4785;2013;252;2013
5052;2013;1268;2013
2419;2013;771;2013
8803;2013;569;2013
0380;2013;340;2013
9559;2013;376;2013
7879;2013;1038;2013
6658;2013;1805;2013
6002;2013;60;2013
8334;2013;1138;2013
1076;2013;19882;2013
8318;2013;4522;2013
5838;2013;2680;2013
2459;2013;12431;2013
8733;2013;1576;2013
4998;2013;48719;2013
5756;2013;3057;2013
1912;2013;1739;2013
7039;2013;2021;2013
2106;2013;2831;2013
2686;2013;332;2013
6877;2013;1862;2013
4075;2013;265;2013
3732;2013;874;2013
0650;2013;4760;2013
9371;2013;2407;2013
1002;2013;770;2013
9519;2013;1842;2013
3198;2013;585;2013
1034;2013;511;2013
8859;2013;74;2013
4330;2013;1597;2013
2318;2013;5907;2013
9068;2013;4013;2013
3809;2013;375;2013
3037;2013;563;2013
9796;2013;4988;2013
6513;2013;3796;2013
8616;2013;1895;2013
8866;2013;3156;2013
4049;2013;2674;2013
7366;2013;1054;2013
6132;2013;3431;2013
7933;2013;854;2013
3442;2013;9970;2013
5517;2013;19095;2013
4446;2013;1443;2013
1243;2013;278;2013
1520;2013;3127;2013
5766;2013;1916;2013
5719;2013;3566;2013
3683;2013;4765;2013
7945;2013;4359;2013
1983;2013;10786;2013
2772;2013;249;2013
3112;2013;1127;2013
6768;2013;3345;2013
0308;2013;836;2013
3557;2013;1477;2013
9158;2013;916;2013
0578;2013;507;2013
3660;2013;48024;2013
2604;2013;1520;2013
6785;2013;1007;2013
2140;2013;279;2013
4686;2013;6395;2013
9879;2013;6553;2013
6751;2013;795;2013
0091;2013;892395;2013
8238;2013;2891;2013
4545;2013;615;2013
0981;2013;4549;2013
4059;2013;3918;2013
2462;2013;131;2013
3597;2013;351;2013
4544;2013;543;2013
3475;2013;11007;2013
9669;2013;203;2013
5375;2013;210;2013
2292;2013;1450;2013
5253;2013;3857;2013
1200;2013;963;2013
0792;2013;791;2013
9094;2013;3223;2013
8527;2013;110;2013
5579;2013;821;2013
0929;2013;1464;2013
1435;2013;962;2013
4424;2013;34188;2013
4882;2013;4975;2013
9431;2013;1471;2013
0691;2013;836;2013
6453;2013;266;2013
9363;2013;843;2013
9677;2013;524;2013
1543;2013;5201;2013
7854;2013;4830;2013
0306;2013;1190;2013
4088;2013;3459;2013
7067;2013;2928;2013
4091;2013;1013;2013
6868;2013;2093;2013
2927;2013;1110;2013
4228;2013;4145;2013
8767;2013;4813;2013
6941;2013;14562;2013
0573;2013;1174;2013
0748;2013;1323;2013
6817;2013;525;2013
1119;2013;1097;2013
4629;2013;15298;2013
9827;2013;8841;2013
0383;2013;414;2013
7804;2013;332;2013
5650;2013;2738;2013
3101;2013;936;2013
3156;2013;1448;2013
7885;2013;114;2013
8079;2013;236;2013
8058;2013;2008;2013
8706;2013;214;2013
5707;2013;2531;2013
0901;2013;13052;2013
2949;2013;2281;2013
2305;2013;191;2013
0776;2013;895;2013
1364;2013;235;2013
8004;2013;80;2013
1087;2013;1017;2013
0218;2013;1125;2013
1062;2013;856;2013
2050;2013;255;2013
6044;2013;334;2013
0488;2013;813;2013
5380;2013;50;2013
3078;2013;4555;2013
3878;2013;265;2013
2234;2013;96;2013
9676;2013;809;2013
8563;2013;258;2013
2233;2013;7882;2013
0162;2013;414;2013
4768;2013;1060;2013
1403;2013;206;2013
2424;2013;1189;2013
7629;2013;543;2013
6659;2013;8138;2013
5030;2013;897;2013
8817;2013;357;2013
0875;2013;336;2013
6440;2013;549;2013
9701;2013;878;2013
5740;2013;566;2013
0280;2013;4492;2013
6672;2013;843;2013
9178;2013;98;2013
1818;2013;1433;2013
7150;2013;799;2013
5035;2013;783;2013
5270;2013;253;2013
9396;2013;1231;2013
2949;2013;331;2013
3517;2013;1342;2013
6903;2013;145;2013
5976;2013;203;2013
1782;2013;573;2013
5388;2013;693;2013
1560;2013;4188;2013
9022;2013;404;2013
2698;2013;74;2013
0226;2013;61;2013
3032;2013;116;2013
2702;2013;134;2013
1321;2013;266;2013
4089;2013;489;2013
9160;2013;2428;2013
4754;2013;582;2013
8379;2013;183;2013
2681;2013;991;2013
8536;2013;56;2013
1875;2013;231;2013
7766;2013;126;2013
5982;2013;4151;2013
6327;2013;1777;2013
1294;2013;8689;2013
5335;2013;386;2013
2544;2013;394;2013
9053;2013;5157;2013
3140;2013;1252;2013
2491;2013;722;2013
6054;2013;7354;2013
7508;2013;3579;2013
4259;2013;2071;2013
1193;2013;7382;2013
7743;2013;46864;2013
5109;2013;462;2013
5822;2013;1599;2013
2573;2013;167;2013
5364;2013;1575;2013
9965;2013;874;2013
5154;2013;2184;2013
1698;2013;14207;2013
4928;2013;840;2013
1786;2013;9728;2013
4536;2013;1295;2013
6080;2013;1258;2013
5097;2013;1318;2013
3043;2013;1181;2013
0913;2013;2086;2013
2699;2013;21406;2013
3738;2013;5019;2013
7479;2013;3015;2013
7562;2013;1224;2013
3213;2013;2561;2013
9850;2013;10988;2013
6557;2013;2563;2013
0407;2013;1007;2013
5310;2013;943;2013
4901;2013;1579;2013
4849;2013;866;2013
7918;2013;337;2013
6411;2013;10008;2013
4855;2013;414;2013
8335;2013;1250;2013
3261;2013;1318;2013
6332;2013;6876;2013
1618;2013;437;2013
4493;2013;1224;2013
1035;2013;1596;2013
5068;2013;2636;2013
0977;2013;1501;2013
2522;2013;2625;2013
2147;2013;2112;2013
1702;2013;2676;2013
3662;2013;15448;2013
0494;2013;1397;2013
7542;2013;1870;2013
2884;2013;3376;2013
6442;2013;3700;2013
5821;2013;5544;2013
5208;2013;1441;2013
3337;2013;4639;2013
3717;2013;4490;2013
2834;2013;554;2013
5806;2013;2265;2013
6587;2013;1736;2013
8541;2013;238;2013
7879;2013;1553;2013
8639;2013;1110;2013
5349;2013;2532;2013
7187;2013;1227;2013
5210;2013;857;2013
5907;2013;2594;2013
2651;2013;1904;2013
3421;2013;779;2013
0492;2013;103893;2013
7943;2013;13785;2013
9351;2013;2026;2013
6500;2013;1152;2013
2272;2013;2159;2013
1345;2013;1003;2013
0713;2013;1373;2013
7659;2013;799;2013
8653;2013;1548;2013
2966;2013;2237;2013
1260;2013;1950;2013
8526;2013;980;2013
9764;2013;4078;2013
6906;2013;5534;2013
5099;2013;3081;2013
4512;2013;723;2013
8992;2013;1946;2013
5352;2013;609;2013
7543;2013;1466;2013
3719;2013;773;2013
9144;2013;1071;2013
3271;2013;2815;2013
4632;2013;501;2013
2408;2013;891;2013
2224;2013;20414;2013
0123;2013;1022;2013
6120;2013;4961;2013
8717;2013;1915;2013
7798;2013;2104;2013
2939;2013;888;2013
4636;2013;577;2013
5276;2013;176;2013
9173;2013;260;2013
5853;2013;31356;2013
5899;2013;259;2013
4616;2013;119;2013
2591;2013;81;2013
9174;2013;206;2013
9490;2013;1041;2013
2505;2013;6153;2013
3257;2013;1084;2013
7637;2013;676;2013
9923;2013;7893;2013
6892;2013;754;2013
0006;2013;665;2013
1195;2013;229;2013
6865;2013;3396;2013
0700;2013;124;2013
0030;2013;371;2013
9673;2013;3690;2013
4389;2013;470;2013
1118;2013;66;2013
8445;2013;3967;2013
2409;2013;108;2013
4778;2013;382;2013
3397;2013;12529;2013
5405;2013;184;2013
5453;2013;684;2013
9483;2013;9874;2013
5298;2013;29737;2013
2376;2013;336;2013
1796;2013;41;2013
1240;2013;291;2013
0639;2013;1110;2013
8443;2013;10218;2013
6378;2013;654;2013
6114;2013;201;2013
8655;2013;5583;2013
4476;2013;81;2013
5018;2013;103;2013
6759;2013;6848;2013
3287;2013;3054;2013
3047;2013;1146;2013
8380;2013;4524;2013
4192;2013;181;2013
8066;2013;1476;2013
1148;2013;2177;2013
9513;2013;167;2013
3404;2013;287;2013
1301;2013;1359;2013
8584;2013;347;2013
8028;2013;938;2013
5178;2013;322;2013
3070;2013;76;2013
2621;2013;153;2013
7202;2013;704;2013
6345;2013;894;2013
5227;2013;492;2013
4378;2013;643;2013
5946;2013;5499;2013
1052;2013;99;2013
4848;2013;6917;2013
0496;2013;2077;2013
1423;2013;449;2013
2419;2013;4950;2013
5961;2013;2173;2013
1656;2013;5769;2013
5351;2013;8999;2013
0188;2013;3695;2013
1219;2013;192;2013
9034;2013;87;2013
1508;2013;853;2013
0878;2013;2110;2013
9874;2013;2356;2013
5398;2013;982;2013
3423;2013;3330;2013
1183;2013;417;2013
0529;2013;160;2013
6691;2013;55776;2013
3063;2013;2016;2013
5432;2013;3585;2013
6829;2013;4862;2013
9574;2013;7187;2013
2196;2013;92;2013
7314;2013;807;2013
9305;2013;2070;2013
4418;2013;1730;2013
0300;2013;486;2013
6666;2013;336;2013
1434;2013;24811;2013
1437;2013;812;2013
6433;2013;1553;2013
0106;2013;282;2013
9691;2013;603;2013
7412;2013;395;2013
2810;2013;3338;2013
7224;2013;2652;2013
9699;2013;310;2013
6769;2013;168;2013
9108;2013;2235;2013
8082;2013;2054;2013
4459;2013;3538;2013
4042;2013;80;2013
0784;2013;78;2013
7124;2013;1441;2013
1658;2013;2751;2013
8291;2013;502;2013
2004;2013;800;2013
2414;2013;817;2013
7390;2013;247;2013
8104;2013;1498;2013
2287;2013;214;2013
6562;2013;59;2013
5000;2013;2077;2013
2204;2013;2272;2013
0310;2013;1338;2013
7345;2013;3768;2013
9869;2013;3126;2013
3762;2013;1458;2013
1258;2013;68;2013
0258;2013;255;2013
2806;2013;759;2013
9056;2013;313;2013
0682;2013;243;2013
5111;2013;270;2013
3498;2013;624;2013
4382;2013;1335;2013
6796;2013;95;2013
9114;2013;1354;2013
9903;2013;582;2013
0516;2013;22515;2013
9330;2013;673;2013
2745;2013;2089;2013
8203;2013;4727;2013
5797;2013;587;2013
8403;2013;877;2013
6271;2013;727;2013
4303;2013;531;2013
1041;2013;225;2013
2211;2013;519;2013
6999;2013;1648;2013
9363;2013;317;2013
2358;2013;2286;2013
9934;2013;4180;2013
1919;2013;2120;2013
6758;2013;862;2013
3282;2013;976;2013
1826;2013;3515;2013
3028;2013;3382;2013
9261;2013;410;2013
5183;2013;387;2013
7070;2013;1071;2013
7055;2013;1019;2013
8083;2013;438;2013
3592;2013;74;2013
4931;2013;1647;2013
0873;2013;77;2013
2693;2013;2835;2013
6797;2013;577;2013
5115;2013;313;2013
4249;2013;217;2013
8932;2013;302;2013
2155;2013;121;2013
9186;2013;5498;2013
5691;2013;359;2013
3103;2013;2285;2013
6214;2013;2803;2013
1856;2013;86;2013
0347;2013;1307;2013
3043;2013;1016;2013
4774;2013;3354;2013
3146;2013;1193;2013
9229;2013;182;2013
2934;2013;264;2013
3851;2013;177;2013
0092;2013;545;2013
0306;2013;2014;2013
3754;2013;716;2013
3615;2013;486;2013
0562;2013;10125;2013
4700;2013;4245;2013
8436;2013;1088;2013
3520;2013;118;2013
8368;2013;131;2013
4212;2013;85;2013
0038;2013;2385;2013
8104;2013;509;2013
2989;2013;1594;2013
0152;2013;146;2013
4023;2013;1700;2013
6105;2013;2100;2013
2407;2013;779;2013
1492;2013;2816;2013
5076;2013;175;2013
3530;2013;1576;2013
5849;2013;389;2013
9004;2013;985;2013
9166;2013;908;2013
5091;2013;365;2013
5052;2013;543;2013
0742;2013;184;2013
3254;2013;1345;2013
6960;2013;716;2013
5902;2013;16947;2013
1392;2013;97;2013
9069;2013;1030;2013
8454;2013;200;2013
2618;2013;450;2013
5040;2013;3030;2013
7088;2013;2490;2013
1119;2013;2030;2013
4544;2013;2443;2013
0758;2013;2749;2013
5722;2013;4045;2013
1142;2013;1411;2013
7876;2013;21332;2013
3878;2013;206;2013
4979;2013;2196;2013
3908;2013;547;2013
8995;2013;337;2013
6012;2013;523;2013
6848;2013;377;2013
4155;2013;6379;2013
0935;2013;2852;2013
0956;2013;100;2013
2016;2013;2058;2013
1829;2013;201;2013
5376;2013;487;2013
3901;2013;700;2013
8226;2013;62;2013
5956;2013;823;2013
5253;2013;337;2013
3367;2013;2255;2013
3126;2013;955;2013
1017;2013;795;2013
9559;2013;111;2013
9200;2013;56;2013
3938;2013;1478;2013
1571;2013;569;2013
0563;2013;1190;2013
1320;2013;6461;2013
0688;2013;2248;2013
7363;2013;3143;2013
9417;2013;2572;2013
7324;2013;3009;2013
2878;2013;5855;2013
7884;2013;766;2013
4958;2013;1537;2013
1692;2013;693;2013
0672;2013;408;2013
0900;2013;548;2013
4485;2013;1695;2013
5399;2013;553;2013
8608;2013;998;2013
4124;2013;645;2013
3113;2013;76053;2013
4341;2013;425;2013
0660;2013;1143;2013
2796;2013;358;2013
3430;2013;406;2013
9008;2013;338;2013
7621;2013;910;2013
1608;2013;2634;2013
7884;2013;1791;2013
2931;2013;1339;2013
7149;2013;1302;2013
8923;2013;485;2013
4326;2013;10618;2013
7214;2013;999;2013
0565;2013;285;2013
6480;2013;653;2013
8391;2013;603;2013
5648;2013;3772;2013
3374;2013;1313;2013
8622;2013;611;2013
0881;2013;2781;2013
2882;2013;308;2013
0662;2013;193;2013
1785;2013;1929;2013
5499;2013;897;2013
2039;2013;772;2013
6068;2013;3281;2013
6273;2013;413;2013
8477;2013;709;2013
5928;2013;491;2013
9384;2013;221;2013
6529;2013;641;2013
7779;2013;423;2013
4170;2013;243;2013
5045;2013;456;2013
7326;2013;1297;2013
0489;2013;320;2013
5226;2013;1554;2013
0824;2013;244;2013
0231;2013;322;2013
4766;2013;294;2013
3333;2013;664;2013
4254;2013;548;2013
3987;2013;523;2013
9432;2013;6001;2013
7531;2013;503;2013
9251;2013;1042;2013
9270;2013;1602;2013
1300;2013;582;2013
2168;2013;730;2013
8883;2013;646;2013
4721;2013;640;2013
7037;2013;2358;2013
5026;2013;2100;2013
8219;2013;345;2013
3739;2013;277;2013
9251;2013;410;2013
1551;2013;485;2013
9588;2013;231;2013
3971;2013;1163;2013
2321;2013;2329;2013
1104;2013;1032;2013
2057;2013;983;2013
4210;2013;3133;2013
3291;2013;900;2013
8550;2013;961;2013
5373;2013;347;2013
4970;2013;918;2013
6348;2013;783;2013
1408;2013;1322;2013
4192;2013;2374;2013
0976;2013;1150;2013
4053;2013;207;2013
3632;2013;10498;2013
6170;2013;84;2013
0260;2013;442;2013
5630;2013;498;2013
0013;2013;602;2013
0820;2013;234;2013
0244;2013;679;2013
0036;2013;2006;2013
8582;2013;198;2013
2049;2013;1666;2013
8350;2013;798;2013
4171;2013;393;2013
1805;2013;499;2013
5631;2013;991;2013
9827;2013;421;2013
8377;2013;336;2013
9109;2013;1448;2013
8656;2013;8434;2013
1477;2013;135;2013
2094;2013;694;2013
6838;2013;1051;2013
8691;2013;1208;2013
3426;2013;551;2013
3285;2013;131;2013
4471;2013;273;2013
6804;2013;579;2013
2800;2013;153;2013
1173;2013;1719;2013
7833;2013;886;2013
5952;2013;212;2013
7599;2013;274;2013
0383;2013;2549;2013
1655;2013;649;2013
9754;2013;251;2013
6219;2013;923;2013
6530;2013;867;2013
8798;2013;3209;2013
9480;2013;5818;2013
1268;2013;408;2013
2863;2013;634;2013
8624;2013;1703;2013
2967;2013;20329;2013
2298;2013;325;2013
5657;2013;92924;2013
1588;2013;737;2013
2135;2013;790;2013
1382;2013;948;2013
3280;2013;481;2013
1269;2013;394;2013
2434;2013;6352;2013
2375;2013;307;2013
6197;2013;1385;2013
0526;2013;2123;2013
7122;2013;1754;2013
3258;2013;543;2013
4397;2013;741;2013
8874;2013;161;2013
5936;2013;1978;2013
3977;2013;2014;2013
6034;2013;618;2013
7230;2013;1470;2013
5297;2013;2447;2013
6133;2013;1258;2013
0235;2013;327;2013
5285;2013;476;2013
6332;2013;557;2013
2493;2013;529;2013
4376;2013;799;2013
0619;2013;525;2013
4663;2013;1937;2013
0526;2013;1117;2013
7892;2013;347;2013
4833;2013;441;2013
3394;2013;1004;2013
2555;2013;90;2013
9232;2013;523;2013
3412;2013;780;2013
1635;2013;1241;2013
0104;2013;399;2013
2097;2013;34938;2013
9866;2013;1017;2013
0373;2013;138;2013
8466;2013;1785;2013
0925;2013;3003;2013
7721;2013;956;2013
2089;2013;93;2013
4828;2013;429;2013
1283;2013;4637;2013
6600;2013;148;2013
9770;2013;2102;2013
5908;2013;487;2013
5776;2013;1581;2013
1107;2013;684;2013
4213;2013;5352;2013
4872;2013;425;2013
4466;2013;292;2013
5524;2013;505;2013
4427;2013;443;2013
7470;2013;323;2013
3008;2013;1498;2013
3002;2013;459;2013
6117;2013;1016;2013
8996;2013;380;2013
3874;2013;1086;2013
2191;2013;349;2013
4621;2013;185;2013
2763;2013;207;2013
8484;2013;683;2013
0138;2013;2372;2013
6161;2013;356;2013
7515;2013;542;2013
2861;2013;433;2013
4310;2013;532;2013
5609;2013;1485;2013
9336;2013;746;2013
0575;2013;1998;2013
5333;2013;1661;2013
7684;2013;1196;2013
1543;2013;871;2013
7165;2013;726;2013
2797;2013;199;2013
0432;2013;4679;2013
4494;2013;718;2013
3842;2013;339;2013
0802;2013;286;2013
9429;2013;526;2013
8021;2013;308;2013
5483;2013;724;2013
5358;2013;879;2013
8759;2013;1158;2013
0350;2013;84;2013
2319;2013;1424;2013
7375;2013;1336;2013
1998;2013;190;2013
2357;2013;1392;2013
5040;2013;2257;2013
7527;2013;647;2013
6941;2013;1059;2013
5400;2013;232;2013
5185;2013;227;2013
0329;2013;169;2013
6176;2013;609;2013
7473;2013;299;2013
3756;2013;284;2013
7241;2013;688;2013
4867;2013;324;2013
5982;2013;576;2013
4513;2013;334;2013
8515;2013;351;2013
7049;2013;1488;2013
9524;2013;422;2013
2197;2013;727;2013
2943;2013;711;2013
3104;2013;1428;2013
1948;2013;28318;2013
4629;2013;1327;2013
4279;2013;471;2013
5707;2013;272;2013
6908;2013;127;2013
0996;2013;420;2013
5434;2013;666;2013
3724;2013;11611;2013
3665;2013;1281;2013
1834;2013;1478;2013
4198;2013;235;2013
7376;2013;562;2013
5365;2013;721;2013
2811;2013;1313;2013
3546;2013;1259;2013
9973;2013;930;2013
6455;2013;874;2013
4427;2013;356;2013
7041;2013;3790;2013
9177;2013;1524;2013
9679;2013;598;2013
6495;2013;377;2013
0281;2013;1077;2013
0866;2013;353;2013
1765;2013;4789;2013
9724;2013;545;2013
0071;2013;2078;2013
1651;2013;1419;2013
7338;2013;1669;2013
5153;2013;696;2013
0516;2013;1441;2013
0734;2013;378;2013
5892;2013;144;2013
4612;2013;1534;2013
1543;2013;212;2013
2799;2013;1604;2013
5754;2013;376;2013
9156;2013;4228;2013
5706;2013;628;2013
1156;2013;1299;2013
6916;2013;4384;2013
8925;2013;589;2013
7065;2013;446;2013
7430;2013;434;2013
8532;2013;1164;2013
8425;2013;595;2013
9488;2013;6347;2013
3195;2013;1306;2013
1681;2013;1999;2013
5538;2013;1628;2013
9533;2013;225;2013
8544;2013;1102;2013
9542;2013;351;2013
9132;2013;2492;2013
2889;2013;2041;2013
2111;2013;1642;2013
0350;2013;671;2013
2664;2013;931;2013
7960;2013;903;2013
0894;2013;1399;2013
8666;2013;27374;2013
6032;2013;294;2013
2191;2013;653;2013
4945;2013;19482;2013
2936;2013;1036;2013
7258;2013;1038;2013
6455;2013;2211;2013
3072;2013;3230;2013
6091;2013;488;2013
4744;2013;961;2013
8688;2013;329;2013
5563;2013;1897;2013
0672;2013;702;2013
5617;2013;1190;2013
4833;2013;1272;2013
2458;2013;165;2013
1828;2013;744;2013
9640;2013;234;2013
8080;2013;628;2013
3923;2013;34610;2013
8405;2013;1322;2013
3596;2013;891;2013
6166;2013;327;2013
4208;2013;1427;2013
2436;2013;2091;2013
0315;2013;128;2013
0905;2013;240;2013
5133;2013;1036;2013
2621;2013;909;2013
9864;2013;775;2013
1589;2013;594;2013
5416;2013;964;2013
5283;2013;103;2013
7924;2013;719;2013
4352;2013;390;2013
8619;2013;2488;2013
6811;2013;4899;2013
0372;2013;1477;2013
6059;2013;2839;2013
9770;2013;2625;2013
2542;2013;506;2013
2330;2013;237;2013
5692;2013;518;2013
1198;2013;1805;2013
7089;2013;454;2013
1712;2013;471;2013
9833;2013;1662;2013
3034;2013;3351;2013
5161;2013;307;2013
6471;2013;810;2013
6384;2013;1172;2013
0381;2013;653;2013
3779;2013;440;2013
6103;2013;1425;2013
0120;2013;755;2013
9365;2013;109;2013
9427;2013;2103;2013
6666;2013;779;2013
5463;2013;475;2013
7597;2013;1814;2013
6277;2013;2129;2013
3544;2013;2957;2013
4825;2013;156;2013
5598;2013;215;2013
2665;2013;472;2013
3295;2013;1564;2013
5599;2013;185;2013
7533;2013;823;2013
9224;2013;3939;2013
4018;2013;1061;2013
0520;2013;3950;2013
8333;2013;99;2013
3385;2013;201;2013
6410;2013;1021;2013
7364;2013;3387;2013
3872;2013;396;2013
3820;2013;1330;2013
4576;2013;333;2013
4206;2013;208;2013
1772;2013;3184;2013
8770;2013;346;2013
5721;2013;4715;2013
2810;2013;4911;2013
4629;2013;560;2013
4757;2013;200;2013
4468;2013;650;2013
2088;2013;173;2013
1501;2013;2215;2013
3546;2013;1323;2013
3607;2013;2688;2013
7979;2013;1292;2013
6268;2013;435;2013
9364;2013;602;2013
0601;2013;171;2013
0925;2013;118;2013
1429;2013;352;2013
0999;2013;1177;2013
3196;2013;320;2013
6456;2013;10367;2013
9387;2013;470;2013
4357;2013;893;2013
9447;2013;5546;2013
4708;2013;279;2013
2910;2013;168;2013
8606;2013;1242;2013
9282;2013;320;2013
7924;2013;1277;2013
5850;2013;1186;2013
8570;2013;299;2013
5068;2013;601;2013
0918;2013;574;2013
3930;2013;1266;2013
8809;2013;634;2013
5548;2013;242;2013
5190;2013;852;2013
3343;2013;705;2013
1136;2013;2286;2013
6729;2013;6058;2013
9117;2013;1140;2013
2846;2013;2053;2013
7953;2013;1455;2013
3823;2013;42375;2013
3465;2013;685;2013
8969;2013;274;2013
6912;2013;198;2013
0472;2013;630;2013
7127;2013;363;2013
0261;2013;119;2013
8375;2013;213;2013
4462;2013;3328;2013
2994;2013;886;2013
2246;2013;531;2013
5045;2013;1370;2013
2305;2013;857;2013
3802;2013;832;2013
3128;2013;2359;2013
2114;2013;646;2013
8026;2013;484;2013
8563;2013;544;2013
3683;2013;369;2013
0712;2013;2902;2013
2848;2013;283;2013
8533;2013;3069;2013
3070;2013;1311;2013
2886;2013;1360;2013
9577;2013;54547;2013
6886;2013;2224;2013
8705;2013;329;2013
4660;2013;977;2013
3583;2013;14278;2013
9254;2013;228;2013
6060;2013;381;2013
8808;2013;1310;2013
6815;2013;7033;2013
1513;2013;430;2013
7257;2013;24648;2013
4645;2013;304;2013
5157;2013;461;2013
2476;2013;11059;2013
5751;2013;23909;2013
2457;2013;5559;2013
6771;2013;10303;2013
2964;2013;2198;2013
7987;2013;7524;2013
0930;2013;681;2013
2733;2013;570;2013
7933;2013;741;2013
6899;2013;1157;2013
3522;2013;2477;2013
3910;2013;5020;2013
7326;2013;2270;2013
4709;2013;402;2013
4026;2013;13298;2013
6034;2013;1724;2013
7437;2013;1533;2013
4005;2013;5616;2013
2297;2013;748;2013
7042;2013;336;2013
1434;2013;160;2013
5606;2013;5282;2013
9617;2013;3683;2013
1527;2013;5747;2013
2727;2013;2023;2013
4065;2013;1130;2013
8145;2013;2024;2013
7298;2013;273;2013
5254;2013;11732;2013
0315;2013;1230;2013
2237;2013;958;2013
7021;2013;452;2013
7242;2013;1808;2013
4774;2013;11560;2013
5718;2013;992;2013
7301;2013;1174;2013
8507;2013;112;2013
9575;2013;3488;2013
2980;2013;528;2013
2213;2013;840;2013
1769;2013;216;2013
6682;2013;2751;2013
2263;2013;220;2013
3130;2013;876;2013
6586;2013;1625;2013
1736;2013;463;2013
3321;2013;940;2013
4451;2013;825;2013
8781;2013;8946;2013
6454;2013;643;2013
9456;2013;854;2013
9186;2013;7327;2013
5971;2013;550;2013
7066;2013;747;2013
6560;2013;1826;2013
3174;2013;61202;2013
0198;2013;3866;2013
6807;2013;3062;2013
8062;2013;857;2013
2868;2013;220;2013
9652;2013;2702;2013
4467;2013;2554;2013
1689;2013;733;2013
7846;2013;8359;2013
9963;2013;13348;2013
9150;2013;399;2013
7616;2013;806;2013
8914;2013;2701;2013
8070;2013;319;2013
2972;2013;11572;2013
9322;2013;2589;2013
2765;2013;2752;2013
4242;2013;4395;2013
5133;2013;2106;2013
0618;2013;5659;2013
0652;2013;5361;2013
7401;2013;3016;2013
9059;2013;7208;2013
4579;2013;3728;2013
8222;2013;6764;2013
0656;2013;3206;2013
7498;2013;1618;2013
6952;2013;3967;2013
2310;2013;27469;2013
2837;2013;2533;2013
7228;2013;9218;2013
0821;2013;5666;2013
0024;2013;282;2013
7248;2013;558;2013
5252;2013;1901;2013
2540;2013;92;2013
6164;2013;480;2013
1628;2013;273;2013
2876;2013;590478;2013
8760;2013;101;2013
9672;2013;1532;2013
8763;2013;12770;2013
7099;2013;2448;2013
7184;2013;485;2013
5078;2013;1571;2013
4412;2013;3747;2013
9335;2013;2787;2013
6498;2013;1650;2013
2743;2013;3738;2013
2718;2013;2657;2013
6107;2013;2850;2013
6787;2013;234;2013
7246;2013;2072;2013
5214;2013;2326;2013
2369;2013;946;2013
9884;2013;578;2013
5565;2013;2541;2013
5311;2013;446;2013
9310;2013;162;2013
6210;2013;30020;2013
7716;2013;9862;2013
7190;2013;1047;2013
1115;2013;4477;2013
8079;2013;70;2013
5932;2013;2901;2013
0858;2013;578;2013
5747;2013;2708;2013
0436;2013;9617;2013
9016;2013;5940;2013
7734;2013;1177;2013
7440;2013;3243;2013
2045;2013;7930;2013
6163;2013;18495;2013
0661;2013;4301;2013
5372;2013;547;2013
0146;2013;2391;2013
1383;2013;630;2013
6332;2013;2392;2013
6707;2013;809;2013
4257;2013;438;2013
7878;2013;2455;2013
1732;2013;4419;2013
5379;2013;10421;2013
9450;2013;2373;2013
5663;2013;7826;2013
1896;2013;951;2013
3369;2013;949;2013
9013;2013;1284;2013
7544;2013;1141;2013
7917;2013;570;2013
8632;2013;515;2013
0170;2013;8456;2013
0856;2013;1424;2013
2703;2013;6470;2013
2599;2013;664;2013
3951;2013;93958;2013
0078;2013;10091;2013
8140;2013;5512;2013
4274;2013;653;2013
9431;2013;1489;2013
8558;2013;8443;2013
7462;2013;604;2013
6646;2013;3727;2013
7634;2013;3650;2013
2663;2013;1608;2013
6636;2013;743;2013
8524;2013;9109;2013
5374;2013;21951;2013
7758;2013;1427;2013
5884;2013;2044;2013
2984;2013;875;2013
3684;2013;7395;2013
7008;2013;536;2013
7953;2013;380;2013
8821;2013;5330;2013
7261;2013;5611;2013
1264;2013;9801;2013
5059;2013;4905;2013
5062;2013;4639;2013
1722;2013;816;2013
9232;2013;1674;2013
5157;2013;1543;2013
5636;2013;693;2013
4320;2013;2579;2013
4769;2013;5504;2013
9454;2013;9079;2013
5209;2013;3317;2013
0300;2013;4352;2013
0386;2013;2143;2013
8686;2013;3366;2013
2924;2013;855;2013
1820;2013;1822;2013
9542;2013;1179;2013
3963;2013;851;2013
1189;2013;1249;2013
6200;2013;1016;2013
9058;2013;1229;2013
5045;2013;3082;2013
6597;2013;82023;2013
2718;2013;2055;2013
7280;2013;1832;2013
2635;2013;7885;2013
1334;2013;4632;2013
1270;2013;2586;2013
4198;2013;14508;2013
2131;2013;6610;2013
5453;2013;17210;2013
7494;2013;4957;2013
5879;2013;2691;2013
3228;2013;1329;2013
0454;2013;3884;2013
9092;2013;5720;2013
3442;2013;21554;2013
9547;2013;679;2013
9206;2013;14223;2013
9824;2013;574;2013
7509;2013;1309;2013
7887;2013;1988;2013
9003;2013;7834;2013
7590;2013;5218;2013
3176;2013;5840;2013
0039;2013;825;2013
1336;2013;10167;2013
1074;2013;4017;2013
9838;2013;1982;2013
8056;2013;4731;2013
6874;2013;1162;2013
5493;2013;2743;2013
5510;2013;823;2013
4407;2013;611;2013
1837;2013;3631;2013
5438;2013;3121;2013
0591;2013;2930;2013
8543;2013;176;2013
5272;2013;3373;2013
9590;2013;1661;2013
0249;2013;3105;2013
3987;2013;1457;2013
4905;2013;139;2013
6809;2013;12275;2013
6579;2013;6928;2013
5265;2013;700;2013
9823;2013;52606;2013
2748;2013;1013;2013
0086;2013;9271;2013
8411;2013;4624;2013
6747;2013;2867;2013
7868;2013;10705;2013
6598;2013;3868;2013
4364;2013;2648;2013
1580;2013;5034;2013
4805;2013;8499;2013
6957;2013;2243;2013
0456;2013;1245;2013
4338;2013;1088;2013
3655;2013;10341;2013
9092;2013;5392;2013
8742;2013;5173;2013
4421;2013;5480;2013
5301;2013;8968;2013
1894;2013;3732;2013
8367;2013;4904;2013
2406;2013;11814;2013
7099;2013;1266;2013
0057;2013;14691;2013
0713;2013;1297;2013
2782;2013;2054;2013
7726;2013;1333;2013
0012;2013;16858;2013
4904;2013;3452;2013
8464;2013;7576;2013
8580;2013;336;2013
8082;2013;302;2013
4816;2013;1840;2013
8831;2013;1475;2013
1012;2013;1486;2013
5406;2013;1962;2013
6025;2013;4292;2013
2356;2013;5002;2013
7451;2013;4276;2013
2066;2013;12358;2013
9149;2013;7585;2013
7246;2013;859;2013
5175;2013;819;2013
4711;2013;211;2013
3374;2013;2988;2013
3739;2013;2328;2013
4481;2013;911;2013
7632;2013;1332;2013
4390;2013;3046;2013
0140;2013;16081;2013
0575;2013;39227;2013
0379;2013;10955;2013
0347;2013;4232;2013
9318;2013;5565;2013
5053;2013;17400;2013
7498;2013;6153;2013
6311;2013;3719;2013
6798;2013;2515;2013
4775;2013;18409;2013
5968;2013;4107;2013
0619;2013;260;2013
7362;2013;10574;2013
4185;2013;1586;2013
3321;2013;2517;2013
8393;2013;80484;2013
0848;2013;7280;2013
2078;2013;243;2013
8788;2013;6160;2013
7338;2013;7180;2013
7832;2013;8915;2013
2627;2013;5248;2013
6059;2013;617;2013
2206;2013;1530;2013
3792;2013;6430;2013
9506;2013;4238;2013
8386;2013;2712;2013
9921;2013;1221;2013
5847;2013;5017;2013
2450;2013;1775;2013
8076;2013;7737;2013
1121;2013;666;2013
5822;2013;5046;2013
5106;2013;3631;2013
7157;2013;587;2013
6808;2013;3074;2013
5854;2013;330;2013
8047;2013;2717;2013
1194;2013;4790;2013
6705;2013;1496;2013
5601;2013;270;2013
4718;2013;1196;2013
1737;2013;6484;2013
8311;2013;2083;2013
9720;2013;384;2013
0251;2013;1778;2013
7733;2013;3910;2013
1784;2013;7509;2013
1931;2013;7878;2013
5169;2013;494;2013
5295;2013;2042;2013
6757;2013;2085;2013
2534;2013;39630;2013
1053;2013;5089;2013
7175;2013;5662;2013
9442;2013;1194;2013
9237;2013;2872;2013
1719;2013;4402;2013
7329;2013;3058;2013
1945;2013;6304;2013
9962;2013;455;2013
8896;2013;1734;2013
2221;2013;4871;2013
5073;2013;3267;2013
9723;2013;1278;2013
6220;2013;921;2013
4466;2013;1149;2013
6881;2013;2964;2013
9748;2013;233;2013
5479;2013;524;2013
1831;2013;9160;2013
2813;2013;6772;2013
6263;2013;2133;2013
3781;2013;742;2013
9034;2013;542;2013
6171;2013;522;2013
1412;2013;85121;2013
1917;2013;837;2013
1382;2013;719;2013
9305;2013;3457;2013
6466;2013;232;2013
6082;2013;593;2013
2764;2013;1491;2013
0436;2013;3446;2013
4878;2013;267;2013
9512;2013;1295;2013
8017;2013;16666;2013
9373;2013;2752;2013
5230;2013;1221;2013
1414;2013;4536;2013
3603;2013;3151;2013
9561;2013;5282;2013
2394;2013;9689;2013
7547;2013;814;2013
1792;2013;1032;2013
4163;2013;2193;2013
8250;2013;2847;2013
8991;2013;1318;2013
5458;2013;637;2013
9053;2013;5813;2013
9865;2013;9114;2013
1961;2013;926;2013
6825;2013;506;2013
8360;2013;2475;2013
0408;2013;1458;2013
5255;2013;472;2013
9352;2013;1850;2013
7039;2013;2076;2013
5636;2013;3911;2013
2977;2013;5826;2013
1337;2013;189;2013
0364;2013;4306;2013
4770;2013;9453;2013
6045;2013;1866;2013
1613;2013;2716;2013
6988;2013;5392;2013
8854;2013;2534;2013
9255;2013;9789;2013
0815;2013;672;2013
8027;2013;23791;2013
2884;2013;3344;2013
7701;2013;3173;2013
2814;2013;4161;2013
3255;2013;1039;2013
8973;2013;1582;2013
7270;2013;2298;2013
2231;2013;4994;2013
0152;2013;246;2013
5169;2013;2673;2013
6815;2013;8565;2013
7055;2013;991;2013
0301;2013;1237;2013
9210;2013;2923;2013
9644;2013;11419;2013
6880;2013;2348;2013
4607;2013;2765;2013
3421;2013;1009;2013
2138;2013;1885;2013
5747;2013;163;2013
9935;2013;998;2013
7955;2013;1051;2013
5334;2013;264;2013
9040;2013;832;2013
0749;2013;747;2013
8112;2013;266;2013
3802;2013;4392;2013
6399;2013;4792;2013
2991;2013;911;2013
2026;2013;1337;2013
9165;2013;433;2013
0752;2013;311;2013
5208;2013;1269;2013
0864;2013;1729;2013
5679;2013;7748;2013
5316;2013;6158;2013
7342;2013;586;2013
5076;2013;1028;2013
2137;2013;1765;2013
0916;2013;4557;2013
9930;2013;324;2013
1171;2013;858;2013
7868;2013;3191;2013
0937;2013;2542;2013
4370;2013;1250;2013
7425;2013;640;2013
2943;2013;623;2013
8815;2013;5689;2013
5288;2013;1180;2013
8070;2013;1234;2013
9091;2013;235;2013
2824;2013;9213;2013
7844;2013;4684;2013
6474;2013;2684;2013
1320;2013;2646;2013
6115;2013;178;2013
7405;2013;1597;2013
8606;2013;260;2013
1517;2013;2923;2013
0078;2013;769;2013
7469;2013;4057;2013
8680;2013;7967;2013
5952;2013;209;2013
7866;2013;1756;2013
8520;2013;4253;2013
9604;2013;324;2013
3464;2013;3146;2013
7750;2013;562;2013
3652;2013;1588;2013
1442;2013;3249;2013
2215;2013;120;2013
5949;2013;4267;2013
1065;2013;1303;2013
4364;2013;4066;2013
7070;2013;2078;2013
9723;2013;1070;2013
4884;2013;983;2013
3122;2013;1440;2013
0700;2013;640;2013
0329;2013;1552;2013
4204;2013;465;2013
6946;2013;769;2013
7742;2013;7382;2013
5975;2013;2544;2013
7567;2013;2530;2013
0707;2013;373;2013
1361;2013;1115;2013
8352;2013;1437;2013
9902;2013;5452;2013
7335;2013;424;2013
4380;2013;3241;2013
2392;2013;3635;2013
7990;2013;564;2013
8975;2013;834;2013
5950;2013;608;2013
4263;2013;178;2013
3316;2013;1877;2013
9158;2013;4543;2013
1233;2013;1648;2013
6544;2013;548;2013
1650;2013;1378;2013
2927;2013;6301;2013
4606;2013;681;2013
7844;2013;748;2013
3245;2013;1034;2013
4294;2013;987;2013
4612;2013;45;2013
1455;2013;1790;2013
9738;2013;3054;2013
8160;2013;12129;2013
7437;2013;1866;2013
2997;2013;37;2013
8047;2013;1377;2013
7998;2013;2316;2013
2534;2013;1913;2013
8988;2013;1891;2013
7265;2013;2340;2013
5844;2013;679;2013
9382;2013;2963;2013
0003;2013;300;2013
8248;2013;579;2013
7953;2013;2873;2013
8501;2013;390;2013
5233;2013;504;2013
4525;2013;4185;2013
8748;2013;21904;2013
6849;2013;102;2013
0512;2013;4754;2013
2736;2013;194;2013
3175;2013;4610;2013
3745;2013;9165;2013
2368;2013;810;2013
1463;2013;626;2013
3664;2013;2647;2013
0134;2013;2007;2013
7227;2013;4098;2013
5706;2013;3536;2013
9861;2013;2693;2013
7085;2013;935;2013
3774;2013;1116;2013
4053;2013;220;2013
5223;2013;1016;2013
7393;2013;3000;2013
7776;2013;32080;2013
9817;2013;4712;2013
4210;2013;6605;2013
5634;2013;19180;2013
3585;2013;11810;2013
0523;2013;8426;2013
3842;2013;17316;2013
5856;2013;3660;2013
4922;2013;7551;2013
5903;2013;3875;2013
1619;2013;3074;2013
7426;2013;2086;2013
8715;2013;7185;2013
6536;2013;4135;2013
1225;2013;35653;2013
3824;2013;26133;2013
9490;2013;2383;2013
0056;2013;26932;2013
8322;2013;4797;2013
5863;2013;8645;2013
9872;2013;13724;2013
7272;2013;1194;2013
1802;2013;6691;2013
2538;2013;12518;2013
2436;2013;4047;2013
3860;2013;14696;2013
3249;2013;4081;2013
5951;2013;5447;2013
6010;2013;18550;2013
2095;2013;13444;2013
3175;2013;1900;2013
1729;2013;11167;2013
2206;2013;32296;2013
9631;2013;5016;2013
1212;2013;15267;2013
9388;2013;23717;2013
7681;2013;14085;2013
7241;2013;73794;2013
6764;2013;4675;2013
4021;2013;47142;2013
1644;2013;2051;2013
6867;2013;18109;2013
4734;2013;20239;2013
0674;2013;19976;2013
3556;2013;34649;2013
9253;2013;8213;2013
4585;2013;3797;2013
0817;2013;18766;2013
6355;2013;6139;2013
4790;2013;3076;2013
2559;2013;8971;2013
9131;2013;26881;2013
7593;2013;8936;2013
5801;2013;19832;2013
4595;2013;2927;2013
1012;2013;1658;2013
1348;2013;8670;2013
2054;2013;10963;2013
0401;2013;8789;2013
8701;2013;25409;2013
6970;2013;59510;2013
4068;2013;4128;2013
6103;2013;10022;2013
9920;2013;23258;2013
2300;2013;9250;2013
2083;2013;6198;2013
3852;2013;3433;2013
9547;2013;12083;2013
9985;2013;17415;2013
8204;2013;18488;2013
6397;2013;4049;2013
6783;2013;1322892;2013
0014;2013;1196;2013
5128;2013;7687;2013
2430;2013;17259;2013
8763;2013;700;2013
4619;2013;20036;2013
8582;2013;4409;2013
6385;2013;13482;2013
9834;2013;4267;2013
9731;2013;1529;2013
1139;2013;47425;2013
6921;2013;5818;2013
3077;2013;27521;2013
8211;2013;11245;2013
9782;2013;10761;2013
2212;2013;23051;2013
6624;2013;9111;2013
9138;2013;15405;2013
0937;2013;36521;2013
7848;2013;8290;2013
1648;2013;5993;2013
1394;2013;8206;2013
0744;2013;6979;2013
0299;2013;14214;2013
2431;2013;50404;2013
9280;2013;4879;2013
7849;2013;6832;2013
0728;2013;4650;2013
6816;2013;5485;2013
2433;2013;41889;2013
5504;2013;7339;2013
8731;2013;31816;2013
1680;2013;6798;2013
8676;2013;37658;2013
9662;2013;4961;2013
4807;2013;8350;2013
2355;2013;4317;2013
7527;2013;11704;2013
4936;2013;34497;2013
5991;2013;21337;2013
6992;2013;80231;2013
4236;2013;7390;2013
7192;2013;19859;2013
6760;2013;13988;2013
4356;2013;5038;2013
7662;2013;20530;2013
0534;2013;12014;2013
9957;2013;3516;2013
9838;2013;6013;2013
5193;2013;7328;2013
0535;2013;9009;2013
1545;2013;8560;2013
3090;2013;3969;2013
6541;2013;3288;2013
5527;2013;9186;2013
7367;2013;17080;2013
1334;2013;8878;2013
6505;2013;3962;2013
4278;2013;1684;2013
5779;2013;6675;2013
5480;2013;6218;2013
5630;2013;5400;2013
7721;2013;11219;2013
6055;2013;2199;2013
2249;2013;839;2013
3528;2013;8273;2013
8094;2013;18201;2013
0003;2013;5643;2013
6064;2013;6103;2013
7305;2013;5830;2013
6844;2013;13614;2013
2756;2013;2367;2013
7270;2013;3242;2013
3472;2013;4770;2013
4369;2013;3562;2013
3077;2013;2701;2013
6932;2013;187;2013
4898;2013;530;2013
2922;2013;7656;2013
2892;2013;420;2013
5491;2013;4258;2013
9806;2013;715;2013
0711;2013;4394;2013
0744;2013;1863;2013
2680;2013;764;2013
1447;2013;2478;2013
1515;2013;117423;2013
8641;2013;1330;2013
6704;2013;621;2013
2008;2013;76;2013
5910;2013;5967;2013
2082;2013;5939;2013
1510;2013;9319;2013
4678;2013;6661;2013
8306;2013;1152;2013
0906;2013;975;2013
7727;2013;5124;2013
4653;2013;761;2013
1864;2013;723;2013
5359;2013;8559;2013
1390;2013;7872;2013
2696;2013;4109;2013
1106;2013;6035;2013
1408;2013;114;2013
9947;2013;5543;2013
0832;2013;5886;2013
6678;2013;5391;2013
3336;2013;8326;2013
7240;2013;4193;2013
9440;2013;615;2013
2052;2013;4347;2013
6789;2013;1253;2013
7811;2013;7925;2013
7838;2013;3139;2013
3883;2013;16110;2013
8209;2013;4679;2013
1535;2013;346;2013
5891;2013;4608;2013
1131;2013;4033;2013
1746;2013;4001;2013
6219;2013;3340;2013
6773;2013;115;2013
1528;2013;9917;2013
7066;2013;2903;2013
5001;2013;3424;2013
5891;2013;1393;2013
6516;2013;2607;2013
0244;2013;1625;2013
9724;2013;2536;2013
6167;2013;3598;2013
5992;2013;4284;2013
0705;2013;1636;2013
5456;2013;3253;2013
8847;2013;5973;2013
8160;2013;6319;2013
3074;2013;5809;2013
7280;2013;5293;2013
1901;2013;8566;2013
6268;2013;1152;2013
5187;2013;10920;2013
7485;2013;1668;2013
4452;2013;4246;2013
5017;2013;960;2013
3490;2013;1976;2013
2228;2013;3291;2013
2120;2013;602;2013
6664;2013;9330;2013
9435;2013;4025;2013
4135;2013;3513;2013
7049;2013;7678;2013
4071;2013;248;2013
8075;2013;23122;2013
5582;2013;951;2013
0690;2013;3530;2013
1452;2013;1924;2013
7926;2013;7939;2013
0407;2013;1318;2013
4233;2013;3187;2013
2877;2013;1145;2013
0601;2013;3032;2013
7970;2013;4601;2013
9290;2013;666;2013
1428;2013;207;2013
8683;2013;3124;2013
0448;2013;3416;2013
2797;2013;226;2013
1342;2013;1037;2013
0319;2013;5496;2013
1267;2013;1514;2013
1962;2013;901;2013
4134;2013;5146;2013
1680;2013;376;2013
5881;2013;6162;2013
6976;2013;5158;2013
5200;2013;6613;2013
0000;2013;1641;2013
7413;2013;6433;2013
0692;2013;1240;2013
7773;2013;911;2013
9408;2013;7306;2013
8327;2013;193;2013
0586;2013;673;2013
1560;2013;4219;2013
6909;2013;4623;2013
7383;2013;652;2013
5314;2013;3820;2013
7896;2013;820;2013
9247;2013;5377;2013
0469;2013;2722;2013
4846;2013;907;2013
0689;2013;3987;2013
6573;2013;6801;2013
0512;2013;10291;2013
8383;2013;179;2013
1053;2013;2976;2013
3564;2013;222;2013
7535;2013;1161;2013
8156;2013;3200;2013
5662;2013;2578;2013
9226;2013;2903;2013
4646;2013;4663;2013
6417;2013;7499;2013
2348;2013;11676;2013
9033;2013;501;2013
8919;2013;1063;2013
3262;2013;171;2013
6636;2013;628;2013
7820;2013;849;2013
0417;2013;1749;2013
0963;2013;160;2013
1822;2013;5167;2013
5856;2013;12216;2013
2349;2013;2069;2013
0866;2013;4025;2013
9600;2013;4466;2013
7937;2013;5815;2013
2794;2013;2797;2013
8187;2013;373;2013
5999;2013;6017;2013
4799;2013;1859;2013
7022;2013;1498;2013
5451;2013;1121;2013
7653;2013;1218;2013
2379;2013;427;2013
1521;2013;81;2013
2861;2013;1602;2013
5898;2013;1855;2013
4769;2013;6816;2013
5861;2013;11485;2013
3776;2013;3274;2013
0976;2013;4965;2013
1982;2013;4711;2013
9556;2013;1838;2013
6248;2013;1164;2013
2818;2013;4962;2013
1151;2013;1731;2013
0613;2013;5966;2013
2137;2013;1233;2013
5213;2013;866;2013
8105;2013;3930;2013
3831;2013;19626;2013
3866;2013;442;2013
0675;2013;747;2013
0302;2013;931;2013
5339;2013;4102;2013
0260;2013;4966;2013
2465;2013;5490;2013
9533;2013;4956;2013
8036;2013;571;2013
0515;2013;3519;2013
6621;2013;6599;2013
6892;2013;10066;2013
9693;2013;1230;2013
8461;2013;2484;2013
5279;2013;1993;2013
5348;2013;24916;2013
3384;2013;2148;2013
7570;2013;1749;2013
9447;2013;741;2013
2515;2013;9178;2013
0233;2013;4345;2013
0243;2013;5518;2013
9736;2013;1025;2013
6107;2013;5701;2013
3738;2013;13051;2013
8250;2013;1095;2013
5411;2013;3894;2013
1257;2013;598;2013
1708;2013;2155;2013
3026;2013;5065;2013
1331;2013;7931;2013
4836;2013;8630;2013
6902;2013;2359;2013
6241;2013;1115;2013
5138;2013;9703;2013
2198;2013;28944;2013
4874;2013;10455;2013
3454;2013;1406;2013
7781;2013;9746;2013
8899;2013;1070;2013
7966;2013;4145;2013
8905;2013;603;2013
7640;2013;135;2013
2302;2013;209;2013
3820;2013;436;2013
8975;2013;286;2013
2916;2013;217;2013
8218;2013;7636;2013
3439;2013;7940;2013
6945;2013;4821;2013
4483;2013;1109;2013
7561;2013;1309;2013
3097;2013;600;2013
9822;2013;4746;2013
4860;2013;6829;2013
6029;2013;6603;2013
1595;2013;1941;2013
0419;2013;7804;2013
0010;2013;1484;2013
4317;2013;2736;2013
9523;2013;8491;2013
2123;2013;9094;2013
2970;2013;996;2013
3232;2013;706;2013
2506;2013;324;2013
7995;2013;2364;2013
2277;2013;2041;2013
5463;2013;1630;2013
2895;2013;7168;2013
5546;2013;1830;2013
7523;2013;2490;2013
8313;2013;497;2013
5601;2013;2477;2013
0191;2013;3626;2013
5695;2013;3078;2013
3457;2013;12753;2013
1983;2013;3955;2013
3363;2013;2347;2013
4918;2013;1215;2013
4204;2013;2298;2013
4434;2013;12086;2013
5925;2013;2729;2013
4633;2013;1713;2013
9148;2013;2480;2013
5442;2013;3579;2013
2870;2013;1420;2013
5299;2013;5499;2013
4199;2013;9162;2013
4960;2013;2641;2013
4824;2013;10883;2013
9887;2013;2276;2013
4114;2013;7498;2013
3802;2013;1649;2013
3567;2013;665;2013
9347;2013;4939;2013
3337;2013;191621;2013
8968;2013;720;2013
3082;2013;2128;2013
2958;2013;12780;2013
7369;2013;3459;2013
8271;2013;8706;2013
1074;2013;2522;2013
9465;2013;373;2013
9676;2013;4681;2013
6009;2013;9369;2013
8418;2013;12991;2013
2048;2013;8263;2013
1396;2013;6715;2013
5285;2013;11057;2013
1950;2013;11370;2013
3362;2013;1856;2013
6321;2013;7100;2013
3415;2013;11076;2013
0830;2013;1245;2013
5461;2013;4961;2013
5525;2013;648;2013
3011;2013;1929;2013
4688;2013;906;2013
9592;2013;18732;2013
9309;2013;1602;2013
7130;2013;557;2013
3068;2013;2755;2013
0465;2013;8751;2013
2698;2013;4671;2013
4749;2013;2183;2013
7875;2013;7656;2013
4370;2013;3848;2013
0748;2013;15183;2013
9733;2013;7211;2013
6046;2013;2000;2013
2960;2013;1429;2013
0712;2013;15611;2013
3209;2013;5669;2013
2622;2013;27727;2013
9031;2013;4567;2013
2398;2013;8503;2013
3061;2013;5361;2013
0159;2013;2143;2013
8367;2013;8687;2013
5861;2013;4674;2013
3930;2013;2693;2013
6562;2013;11765;2013
7514;2013;2932;2013
7959;2013;11971;2013
8401;2013;18910;2013
3811;2013;2170;2013
2837;2013;5188;2013
0891;2013;16749;2013
8902;2013;1952;2013
6657;2013;388;2013
9347;2013;134;2013
4194;2013;9167;2013
3283;2013;4108;2013
8235;2013;590;2013
4516;2013;14415;2013
0259;2013;1175;2013
4987;2013;1711;2013
4335;2013;3808;2013
1954;2013;15958;2013
4707;2013;599;2013
2553;2013;589;2013
7425;2013;426;2013
7179;2013;23111;2013
0958;2013;1474;2013
1109;2013;147;2013
5281;2013;3408;2013
8941;2013;2048;2013
4567;2013;3338;2013
6294;2013;5133;2013
8839;2013;12895;2013
7392;2013;4395;2013
0348;2013;679;2013
9307;2013;3278;2013
7265;2013;12029;2013
4888;2013;1779;2013
6529;2013;2495;2013
0259;2013;556;2013
6051;2013;1773;2013
8908;2013;4509;2013
6613;2013;24825;2013
5181;2013;5162;2013
5067;2013;788;2013
0780;2013;2630;2013
2115;2013;10996;2013
1574;2013;2005;2013
4576;2013;3991;2013
3116;2013;4576;2013
5439;2013;2088;2013
0333;2013;4198;2013
8482;2013;3188;2013
7797;2013;990;2013
8684;2013;12585;2013
9376;2013;2528;2013
2903;2013;14142;2013
8578;2013;1463;2013
8091;2013;4357;2013
6080;2013;3794;2013
8656;2013;185;2013
0034;2013;2171;2013
0393;2013;19965;2013
1816;2013;4518;2013
1537;2013;632;2013
3907;2013;7050;2013
6134;2013;2827;2013
8177;2013;4543;2013
9152;2013;574;2013
1258;2013;672;2013
4894;2013;1544;2013
9450;2013;4590;2013
2273;2013;8076;2013
2011;2013;2624;2013
1195;2013;2529;2013
2734;2013;3936;2013
6432;2013;5319;2013
4260;2013;1779;2013
2070;2013;7132;2013
0859;2013;6934;2013
3264;2013;3475;2013
1622;2013;2969;2013
4524;2013;1539;2013
2623;2013;385;2013
9892;2013;6914;2013
1597;2013;7284;2013
8506;2013;923;2013
9716;2013;3393;2013
4527;2013;6350;2013
4624;2013;3370;2013
2064;2013;13286;2013
1322;2013;4866;2013
8593;2013;9333;2013
8207;2013;4528;2013
3899;2013;9449;2013
0941;2013;18618;2013
8454;2013;5790;2013
4472;2013;3880;2013
5869;2013;3391;2013
3048;2013;10514;2013
2166;2013;3421;2013
5028;2013;2495;2013
2531;2013;4632;2013
6790;2013;13571;2013
2677;2013;947;2013
4711;2013;1500;2013
5719;2013;1560;2013
4273;2013;3087;2013
2480;2013;7779;2013
7734;2013;1811;2013
8920;2013;1270;2013
4396;2013;1975;2013
8075;2013;1352;2013
2570;2013;1112;2013
8569;2013;1285;2013
4393;2013;6491;2013
1706;2013;8072;2013
7358;2013;13699;2013
6815;2013;2129;2013
1018;2013;5436;2013
7332;2013;549;2013
6801;2013;3928;2013
8574;2013;1438;2013
1204;2013;201;2013
7595;2013;8222;2013
0635;2013;3851;2013
9638;2013;4480;2013
1472;2013;1461;2013
2195;2013;10849;2013
8650;2013;1464;2013
1011;2013;5710;2013
2649;2013;709;2013
2237;2013;2005;2013
2214;2013;8199;2013
6815;2013;1088;2013
3021;2013;4672;2013
3442;2013;901;2013
7570;2013;249;2013
3279;2013;568;2013
4488;2013;3533;2013
4871;2013;1618;2013
0572;2013;405;2013
6641;2013;695;2013
7124;2013;892;2013
3380;2013;1645;2013
7079;2013;174;2013
5000;2013;1064;2013
1426;2013;664;2013
6867;2013;6252;2013
8636;2013;2760;2013
8364;2013;2721;2013
8094;2013;1370;2013
1043;2013;416;2013
6391;2013;1051;2013
9286;2013;2643;2013
8363;2013;634;2013
1441;2013;637;2013
8137;2013;815;2013
6873;2013;3535;2013
8467;2013;9287;2013
9837;2013;126;2013
6864;2013;1003;2013
8967;2013;1591;2013
8094;2013;114;2013
8147;2013;1368;2013
7807;2013;1559;2013
6302;2013;469;2013
4774;2013;903;2013
8050;2013;2535;2013
7359;2013;8526;2013
7358;2013;7038;2013
2772;2013;736;2013
6617;2013;6852;2013
7724;2013;1022;2013
7444;2013;1153;2013
2141;2013;599;2013
2590;2013;6726;2013
1244;2013;240;2013
5977;2013;2078;2013
3786;2013;197;2013
5598;2013;756;2013
8579;2013;5225;2013
4109;2013;1247;2013
3884;2013;3992;2013
8757;2013;1379;2013
0511;2013;5646;2013
9551;2013;1032;2013
8065;2013;1653;2013
3401;2013;1742;2013
8710;2013;815;2013
1138;2013;707;2013
0907;2013;2169;2013
3728;2013;1055;2013
8242;2013;361;2013
6095;2013;355;2013
0854;2013;4754;2013
5665;2013;4646;2013
1708;2013;1176;2013
2478;2013;856;2013
8248;2013;396;2013
1753;2013;1198;2013
2313;2013;209;2013
7761;2013;237;2013
7030;2013;10006;2013
1760;2013;9822;2013
9957;2013;357;2013
4113;2013;1417;2013
7226;2013;5121;2013
6103;2013;3215;2013
4207;2013;197;2013
3439;2013;2785;2013
2160;2013;4639;2013
6414;2013;1437;2013
5872;2013;6181;2013
8206;2013;426;2013
3416;2013;1240;2013
1660;2013;2789;2013
7457;2013;128;2013
3585;2013;2230;2013
8204;2013;2467;2013
2532;2013;1712;2013
1177;2013;2459;2013
2895;2013;1648;2013
8944;2013;6822;2013
1384;2013;375;2013
0204;2013;1118;2013
0642;2013;488;2013
5106;2013;1455;2013
5559;2013;3900;2013
0651;2013;906;2013
7416;2013;1656;2013
4035;2013;556;2013
4046;2013;401;2013
9744;2013;294;2013
1925;2013;687;2013
4933;2013;1738;2013
2991;2013;656;2013
9694;2013;15450;2013
0764;2013;361;2013
3810;2013;749;2013
9101;2013;186;2013
9793;2013;1114;2013
8064;2013;1955;2013
1018;2013;320;2013
3012;2013;1971;2013
2453;2013;69994;2013
2007;2013;895;2013
1530;2013;879;2013
1059;2013;2104;2013
3963;2013;2728;2013
3078;2013;1740;2013
0903;2013;725;2013
9572;2013;824;2013
4798;2013;1516;2013
1597;2013;431;2013
4149;2013;1111;2013
6677;2013;1530;2013
9155;2013;5209;2013
5407;2013;6093;2013
9345;2013;555;2013
4966;2013;82;2013
7641;2013;257;2013
3647;2013;648;2013
7174;2013;696;2013
0510;2013;1540;2013
5525;2013;608;2013
4128;2013;901;2013
4541;2013;757;2013
5045;2013;513;2013
4309;2013;705;2013
2687;2013;3871;2013
4521;2013;1132;2013
2906;2013;5949;2013
3323;2013;5461;2013
4207;2013;2025;2013
5912;2013;1645;2013
5572;2013;940;2013
9011;2013;509;2013
4738;2013;2461;2013
4973;2013;828;2013
8927;2013;608;2013
5419;2013;1711;2013
5741;2013;963;2013
7208;2013;235;2013
6711;2013;680;2013
7879;2013;5918;2013
8724;2013;1127;2013
2314;2013;611;2013
8352;2013;11655;2013
8480;2013;638;2013
2281;2013;1710;2013
6600;2013;590;2013
4934;2013;983;2013
0091;2013;340;2013
4385;2013;2406;2013
5019;2013;3511;2013
6271;2013;821;2013
0449;2013;4486;2013
8312;2013;2128;2013
4982;2013;3861;2013
1549;2013;1047;2013
6826;2013;643;2013
8538;2013;245;2013
2357;2013;2166;2013
1611;2013;1518;2013
9834;2013;319;2013
6150;2013;3341;2013
1723;2013;100;2013
1961;2013;3198;2013
7086;2013;408;2013
4404;2013;1293;2013
1425;2013;6136;2013
3639;2013;62387;2013
8781;2013;75;2013
6085;2013;778;2013
7674;2013;3402;2013
4896;2013;1547;2013
4415;2013;39038;2013
7730;2013;140;2013
4013;2013;998;2013
5293;2013;1739;2013
5828;2013;1089;2013
4037;2013;453;2013
3614;2013;440;2013
1915;2013;1712;2013
7366;2013;3305;2013
2161;2013;1236;2013
0775;2013;3914;2013
1983;2013;2118;2013
1210;2013;699;2013
3878;2013;4793;2013
9007;2013;1518;2013
1424;2013;631;2013
1071;2013;451;2013
6997;2013;1249;2013
9506;2013;1277;2013
6407;2013;688;2013
8381;2013;2155;2013
1471;2013;579;2013
1977;2013;412;2013
4543;2013;2407;2013
8750;2013;3952;2013
1935;2013;1914;2013
5180;2013;1199;2013
6570;2013;559;2013
4019;2013;1779;2013
5301;2013;15342;2013
2823;2013;1681;2013
7893;2013;595;2013
7876;2013;471;2013
0774;2013;9546;2013
8909;2013;5751;2013
7571;2013;343;2013
9178;2013;534;2013
1934;2013;2253;2013
9629;2013;970;2013
3599;2013;1301;2013
8526;2013;1084;2013
4080;2013;1398;2013
1284;2013;1624;2013
5182;2013;33904;2013
4916;2013;70221;2013
7577;2013;1727;2013
9377;2013;661;2013
7740;2013;448;2013
9906;2013;304;2013
6525;2013;3884;2013
7212;2013;553;2013
1938;2013;1214;2013
6430;2013;1092;2013
7072;2013;890;2013
1013;2013;2021;2013
5732;2013;1222;2013
7187;2013;1294;2013
2764;2013;641;2013
2582;2013;1470;2013
2897;2013;1827;2013
2261;2013;2834;2013
4655;2013;1212;2013
1916;2013;2030;2013
7616;2013;2942;2013
8226;2013;1660;2013
9198;2013;2007;2013
3428;2013;2344;2013
3943;2013;2558;2013
1532;2013;816;2013
4676;2013;942;2013
5835;2013;5932;2013
1541;2013;978;2013
4890;2013;2962;2013
9619;2013;1465;2013
8208;2013;3882;2013
2953;2013;8940;2013
6076;2013;3456;2013
5434;2013;1572;2013
0166;2013;665;2013
9694;2013;3579;2013
7631;2013;2598;2013
7288;2013;1171;2013
4371;2013;1323;2013
8500;2013;1603;2013
0610;2013;6591;2013
4015;2013;1478;2013
8622;2013;946;2013
5383;2013;1758;2013
9564;2013;1041;2013
7794;2013;3410;2013
9739;2013;541;2013
3332;2013;2019;2013
4011;2013;7961;2013
9631;2013;2454;2013
0470;2013;3088;2013
3647;2013;1181;2013
9264;2013;2207;2013
6817;2013;1381;2013
2144;2013;1890;2013
3799;2013;460;2013
0761;2013;1446;2013
7202;2013;601;2013
3092;2013;3614;2013
4937;2013;3162;2013
4254;2013;981;2013
3201;2013;7776;2013
5680;2013;9013;2013
9595;2013;3255;2013
2122;2013;1563;2013
1073;2013;616;2013
0196;2013;6956;2013
1949;2013;1580;2013
9819;2013;453;2013
7693;2013;478;2013
1654;2013;489;2013
1215;2013;1765;2013
2227;2013;655;2013
9179;2013;2937;2013
0610;2013;1777;2013
1516;2013;3825;2013
6926;2013;4577;2013
4365;2013;4004;2013
1205;2013;553;2013
2425;2013;411;2013
0142;2013;2985;2013
4814;2013;10139;2013
2032;2013;5967;2013
9955;2013;2097;2013
7919;2013;3440;2013
0666;2013;797;2013
8219;2013;4194;2013
8665;2013;4576;2013
4282;2013;1310;2013
6958;2013;2281;2013
8495;2013;2642;2013
0306;2013;1535;2013
3420;2013;3197;2013
5780;2013;4865;2013
4042;2013;12427;2013
3392;2013;5245;2013
0224;2013;22802;2013
9097;2013;3936;2013
3082;2013;2673;2013
6487;2013;1161;2013
4705;2013;14926;2013
5363;2013;3498;2013
7742;2013;1421;2013
0314;2013;2975;2013
4871;2013;2413;2013
2204;2013;10390;2013
8828;2013;9026;2013
3782;2013;6174;2013
2002;2013;1616;2013
8062;2013;47913;2013
7889;2013;6721;2013
9126;2013;734;2013
0156;2013;7883;2013
7286;2013;4113;2013
8488;2013;5744;2013
0185;2013;4839;2013
7898;2013;2603;2013
8312;2013;6898;2013
5686;2013;7203;2013
7324;2013;1069;2013
5877;2013;1768;2013
2867;2013;6504;2013
5587;2013;1705;2013
7200;2013;2322;2013
4430;2013;16253;2013
3788;2013;1193;2013
4336;2013;5702;2013
0358;2013;1302;2013
1481;2013;2510;2013
5452;2013;2575;2013
6105;2013;5400;2013
4333;2013;7218;2013
9802;2013;8549;2013
2701;2013;4295;2013
9405;2013;7553;2013
9779;2013;1719;2013
5304;2013;9515;2013
3962;2013;1310;2013
9393;2013;1780;2013
9551;2013;1178;2013
0541;2013;6204;2013
2024;2013;1555;2013
0834;2013;2555;2013
2721;2013;2152;2013
0987;2013;21025;2013
8408;2013;19604;2013
2882;2013;2065;2013
8432;2013;2254;2013
1946;2013;11124;2013
4845;2013;7387;2013
6899;2013;1679;2013
8912;2013;1043;2013
0641;2013;381;2013
4501;2013;14550;2013
3952;2013;771;2013
0703;2013;3447;2013
5112;2013;1650;2013
2910;2013;105549;2013
2130;2013;657;2013
2919;2013;2146;2013
7021;2013;21140;2013
5395;2013;2688;2013
9974;2013;15809;2013
6344;2013;406;2013
0442;2013;7779;2013
3854;2013;2664;2013
9801;2013;5338;2013
7910;2013;2389;2013
8970;2013;6647;2013
6239;2013;1457;2013
6801;2013;2768;2013
2890;2013;5102;2013
6107;2013;3350;2013
2676;2013;2226;2013
9990;2013;647;2013
8358;2013;1349;2013
6475;2013;2412;2013
3018;2013;3404;2013
5693;2013;5133;2013
1315;2013;2770;2013
9578;2013;3498;2013
7720;2013;968;2013
3811;2013;2614;2013
6146;2013;3198;2013
9136;2013;1706;2013
2189;2013;894;2013
7048;2013;5163;2013
6837;2013;5020;2013
5250;2013;2662;2013
1083;2013;17531;2013
1238;2013;11532;2013
2235;2013;3972;2013
8848;2013;339;2013
4127;2013;1515;2013
8641;2013;1294;2013
4250;2013;5123;2013
2279;2013;2974;2013
8631;2013;2587;2013
7992;2013;880;2013
9539;2013;1671;2013
3399;2013;38821;2013
4364;2013;2843;2013
5102;2013;1629;2013
5284;2013;2129;2013
2399;2013;1869;2013
1127;2013;5718;2013
9599;2013;2955;2013
0956;2013;1931;2013
4933;2013;3920;2013
7880;2013;3535;2013
1564;2013;4701;2013
3974;2013;3603;2013
3640;2013;1498;2013
8660;2013;717;2013
3282;2013;208;2013
6921;2013;1861;2013
0018;2013;3343;2013
3567;2013;584;2013
3685;2013;265;2013
2838;2013;4422;2013
5728;2013;2852;2013
3601;2013;7692;2013
9426;2013;1362;2013
8233;2013;3043;2013
6182;2013;1186;2013
1250;2013;3673;2013
8468;2013;3308;2013
8368;2013;3029;2013
0273;2013;3563;2013
4599;2013;3810;2013
9429;2013;1706;2013
9913;2013;3187;2013
1725;2013;1563;2013
9231;2013;1926;2013
2703;2013;6963;2013
1303;2013;2870;2013
7871;2013;1462;2013
2399;2013;2671;2013
8369;2013;1290;2013
4290;2013;1903;2013
1716;2013;5933;2013
7177;2013;1793;2013
6216;2013;1169;2013
1614;2013;1738;2013
5685;2013;4274;2013
4389;2013;3262;2013
1250;2013;1877;2013
1810;2013;958;2013
6182;2013;2461;2013
5608;2013;1055;2013
2665;2013;955;2013
1174;2013;2870;2013
7358;2013;1044;2013
0760;2013;3096;2013
1207;2013;2868;2013
8882;2013;5944;2013
1339;2013;2280;2013
8179;2013;3280;2013
3381;2013;4426;2013
0090;2013;948;2013
0325;2013;1520;2013
9501;2013;1961;2013
9648;2013;6709;2013
5844;2013;2755;2013
9177;2013;1334;2013
6313;2013;776;2013
8550;2013;8966;2013
9642;2013;1516;2013
9704;2013;3065;2013
8495;2013;249;2013
3783;2013;1054;2013
2175;2013;17216;2013
8883;2013;4126;2013
0709;2013;5020;2013
4595;2013;1489;2013
7805;2013;289;2013
9369;2013;2582;2013
7110;2013;427;2013
6740;2013;1598;2013
4527;2013;392;2013
3152;2013;346;2013
6493;2013;698;2013
1849;2013;672;2013
3633;2013;6992;2013
7003;2013;842;2013
8896;2013;572;2013
1397;2013;4070;2013
0139;2013;259;2013
1671;2013;731;2013
4579;2013;128;2013
6070;2013;670;2013
4079;2013;354;2013
8754;2013;1531;2013
3945;2013;1370;2013
8086;2013;1103;2013
4132;2013;3574;2013
1988;2013;1764;2013
0233;2013;724;2013
0230;2013;1490;2013
6823;2013;1555;2013
0177;2013;1922;2013
8188;2013;611;2013
5701;2013;1116;2013
1224;2013;995;2013
8202;2013;521;2013
1004;2013;241;2013
8716;2013;630;2013
5589;2013;2292;2013
8343;2013;1270;2013
1441;2013;1066;2013
3757;2013;4050;2013
4842;2013;1044;2013
0280;2013;526;2013
2265;2013;2981;2013
3770;2013;260;2013
9628;2013;1794;2013
2251;2013;622;2013
5139;2013;417;2013
8070;2013;706;2013
2967;2013;365;2013
4976;2013;314;2013
6663;2013;4023;2013
1656;2013;6939;2013
2112;2013;727;2013
0249;2013;1016;2013
7405;2013;1530;2013
6375;2013;1641;2013
9892;2013;683;2013
5477;2013;593;2013
5107;2013;665;2013
1451;2013;426;2013
4545;2013;597;2013
1571;2013;258;2013
6440;2013;1297;2013
7723;2013;1273;2013
1145;2013;263;2013
5070;2013;426;2013
3367;2013;545;2013
9534;2013;4834;2013
6804;2013;605;2013
1293;2013;915;2013
4267;2013;855;2013
2822;2013;1138;2013
1495;2013;477;2013
9425;2013;488;2013
5766;2013;527;2013
6258;2013;3216;2013
6288;2013;1422;2013
2241;2013;1342;2013
6807;2013;320;2013
1251;2013;393;2013
8129;2013;2543;2013
3866;2013;719;2013
2578;2013;144;2013
3809;2013;2272;2013
7253;2013;446;2013
7294;2013;1178;2013
0920;2013;2649;2013
0786;2013;343;2013
4283;2013;217;2013
0549;2013;1363;2013
3125;2013;1134;2013
1781;2013;8838;2013
8282;2013;7805;2013
1428;2013;555;2013
2178;2013;875;2013
3726;2013;888;2013
1971;2013;288;2013
5277;2013;2173;2013
7284;2013;467;2013
0322;2013;125;2013
6281;2013;565;2013
3498;2013;900;2013
8455;2013;1646;2013
3530;2013;5371;2013
8790;2013;7047;2013
5944;2013;2708;2013
1156;2013;1143;2013
7605;2013;900;2013
2072;2013;246;2013
0837;2013;9746;2013
3842;2013;2841;2013
3042;2013;606;2013
8915;2013;1407;2013
6147;2013;1946;2013
4887;2013;1459;2013
9653;2013;1048;2013
7474;2013;817;2013
2486;2013;862;2013
6047;2013;798;2013
6481;2013;177;2013
2112;2013;808;2013
2084;2013;1002;2013
3024;2013;1878;2013
3606;2013;813;2013
9782;2013;399;2013
3284;2013;20958;2013
8289;2013;1302;2013
2335;2013;676;2013
3210;2013;3124;2013
2285;2013;2479;2013
9722;2013;2241;2013
8478;2013;327;2013
9648;2013;4530;2013
3732;2013;417;2013
8519;2013;212;2013
7874;2013;1389;2013
9063;2013;788;2013
3578;2013;1239;2013
7248;2013;16738;2013
4449;2013;603;2013
1279;2013;1384;2013
0833;2013;2856;2013
0030;2013;436;2013
7900;2013;1474;2013
2973;2013;434;2013
4144;2013;1567;2013
9842;2013;38831;2013
5800;2013;426;2013
8540;2013;819;2013
0617;2013;192;2013
9020;2013;564;2013
4053;2013;1178;2013
3158;2013;3053;2013
3639;2013;1118;2013
8749;2013;916;2013
1898;2013;759;2013
9965;2013;1447;2013
7121;2013;1519;2013
8085;2013;341;2013
9194;2013;1282;2013
2839;2013;512;2013
7447;2013;737;2013
8220;2013;857;2013
2522;2013;583;2013
0600;2013;1338;2013
2000;2013;1260;2013
4709;2013;716;2013
1459;2013;1167;2013
9318;2013;4700;2013
3312;2013;558;2013
1754;2013;1443;2013
3135;2013;3034;2013
5406;2013;1899;2013
7474;2013;2012;2013
7162;2013;592;2013
1147;2013;983;2013
3011;2013;2062;2013
0463;2013;1995;2013
5662;2013;752;2013
3449;2013;321;2013
5888;2013;630;2013
5452;2013;2924;2013
4464;2013;3596;2013
2845;2013;1351;2013
3986;2013;1529;2013
1927;2013;698;2013
6989;2013;1391;2013
5815;2013;2175;2013
8748;2013;117200;2013
6056;2013;735;2013
2870;2013;2423;2013
1374;2013;221;2013
3284;2013;510;2013
8636;2013;1374;2013
0686;2013;851;2013
2836;2013;1181;2013
6345;2013;1904;2013
2080;2013;743;2013
8037;2013;2219;2013
9514;2013;165;2013
8501;2013;1255;2013
8181;2013;2281;2013
5177;2013;508;2013
3140;2013;993;2013
1287;2013;3749;2013
0385;2013;1020;2013
7401;2013;3143;2013
6859;2013;1697;2013
7467;2013;1684;2013
3048;2013;352;2013
1133;2013;2952;2013
3723;2013;5453;2013
8814;2013;2323;2013
2532;2013;5284;2013
4706;2013;2213;2013
8657;2013;6238;2013
9382;2013;2647;2013
3221;2013;6955;2013
4474;2013;3058;2013
2007;2013;1795;2013
9947;2013;2054;2013
9664;2013;1454;2013
7987;2013;3589;2013
2729;2013;15922;2013
9838;2013;1405;2013
5829;2013;2478;2013
2258;2013;19732;2013
2692;2013;7040;2013
3727;2013;7703;2013
3173;2013;8259;2013
6028;2013;5859;2013
7978;2013;3821;2013
7241;2013;11743;2013
4290;2013;12802;2013
9092;2013;5713;2013
2708;2013;1562;2013
2947;2013;16468;2013
0567;2013;2490;2013
8339;2013;8756;2013
8968;2013;8455;2013
9136;2013;1063;2013
7441;2013;3666;2013
9499;2013;2609;2013
1025;2013;1835;2013
9690;2013;762;2013
8895;2013;229;2013
2113;2013;4183;2013
3691;2013;4006;2013
6542;2013;5452;2013
4866;2013;10817;2013
0029;2013;5314;2013
8295;2013;11531;2013
6774;2013;3302;2013
6372;2013;8340;2013
1465;2013;6896;2013
2725;2013;25042;2013
2779;2013;3744;2013
6220;2013;3113;2013
7080;2013;2525;2013
6505;2013;4639;2013
0625;2013;4377;2013
4705;2013;8596;2013
8517;2013;7310;2013
4219;2013;17036;2013
7778;2013;8634;2013
1355;2013;3629;2013
7257;2013;9744;2013
6103;2013;1261;2013
0015;2013;3070;2013
7259;2013;16830;2013
2606;2013;10146;2013
5283;2013;7057;2013
3894;2013;2550;2013
4271;2013;2155;2013
1485;2013;3810;2013
8144;2013;6124;2013
6466;2013;2741;2013
1597;2013;1550;2013
5476;2013;2130;2013
6954;2013;3798;2013
7920;2013;20991;2013
4033;2013;5135;2013
0108;2013;24705;2013
5055;2013;4139;2013
7507;2013;14721;2013
2398;2013;566;2013
1169;2013;3048;2013
2358;2013;12885;2013
4999;2013;11599;2013
4279;2013;2587;2013
2389;2013;1354;2013
3327;2013;937;2013
7206;2013;7046;2013
8265;2013;14777;2013
1449;2013;17566;2013
5347;2013;3130;2013
5271;2013;2233;2013
2913;2013;3004;2013
3481;2013;4883;2013
9416;2013;2798;2013
9590;2013;14769;2013
9017;2013;777;2013
9134;2013;257965;2013
8801;2013;4811;2013
1820;2013;2590;2013
7626;2013;9849;2013
9886;2013;5892;2013
3407;2013;33163;2013
8687;2013;14847;2013
0992;2013;4880;2013
6954;2013;1426;2013
2106;2013;2080;2013
1452;2013;1680;2013
7234;2013;11992;2013
0861;2013;2266;2013
5682;2013;7847;2013
3952;2013;3249;2013
1902;2013;25846;2013
9335;2013;6449;2013
0656;2013;887;2013
4513;2013;4597;2013
0617;2013;43364;2013
8367;2013;6558;2013
7608;2013;8755;2013
5675;2013;6727;2013
4405;2013;3176;2013
1551;2013;3935;2013
8845;2013;11229;2013
7111;2013;2589;2013
4722;2013;1325;2013
0209;2013;10980;2013
0401;2013;1756;2013
6523;2013;816;2013
7389;2013;3675;2013
3770;2013;3759;2013
7395;2013;14392;2013
6202;2013;2935;2013
4369;2013;6119;2013
6040;2013;12899;2013
7093;2013;2609;2013
7913;2013;937;2013
2167;2013;3344;2013
8538;2013;2216;2013
5599;2013;12057;2013
1320;2013;7381;2013
5285;2013;11161;2013
2015;2013;1383;2013
0095;2013;14004;2013
6032;2013;1749;2013
1748;2013;3908;2013
2089;2013;711;2013
8665;2013;2394;2013
9966;2013;3413;2013
9503;2013;836;2013
3690;2013;1887;2013
0202;2013;4324;2013
0136;2013;3806;2013
4789;2013;10025;2013
2370;2013;119;2013
7970;2013;226;2013
7741;2013;5635;2013
4205;2013;16069;2013
5640;2013;3714;2013
3374;2013;2704;2013
5281;2013;14911;2013
7254;2013;9616;2013
5289;2013;13902;2013
9571;2013;3522;2013
4433;2013;2612;2013
4752;2013;6502;2013
5401;2013;23416;2013
4203;2013;5049;2013
7485;2013;2929;2013
4127;2013;3368;2013
5735;2013;1815;2013
4385;2013;2756;2013
2417;2013;9108;2013
2946;2013;3191;2013
0344;2013;1794;2013
4308;2013;7649;2013
3508;2013;3141;2013
0933;2013;1167;2013
1511;2013;5069;2013
8794;2013;8955;2013
0844;2013;3122;2013
5920;2013;787;2013
0235;2013;2134;2013
9065;2013;8359;2013
6152;2013;4404;2013
6354;2013;572;2013
8406;2013;3079;2013
2548;2013;2788;2013
3964;2013;5715;2013
1484;2013;6534;2013
1257;2013;4341;2013
3495;2013;14500;2013
3153;2013;14350;2013
5966;2013;8060;2013
2505;2013;653;2013
1160;2013;1046;2013
9910;2013;8392;2013
4751;2013;1183;2013
1136;2013;1732;2013
1081;2013;1630;2013
2085;2013;5831;2013
1264;2013;3593;2013
8528;2013;5293;2013
9223;2013;6754;2013
0019;2013;2619;2013
2059;2013;39461;2013
8119;2013;1909;2013
8975;2013;4410;2013
6614;2013;7323;2013
9344;2013;12791;2013
7031;2013;23672;2013
9407;2013;539;2013
7397;2013;5981;2013
6733;2013;11848;2013
9571;2013;8703;2013
2157;2013;26434;2013
9487;2013;1353;2013
3448;2013;3302;2013
8110;2013;1834;2013
9041;2013;2445;2013
5798;2013;112792;2013
2250;2013;1956;2013
7881;2013;6171;2013
6450;2013;6652;2013
9709;2013;1392;2013
0441;2013;796;2013
7301;2013;6791;2013
7425;2013;4203;2013
5210;2013;2840;2013
7145;2013;1254;2013
7612;2013;2401;2013
5522;2013;3422;2013
2211;2013;35775;2013
7552;2013;783;2013
5069;2013;2123;2013
3783;2013;1596;2013
1305;2013;1350;2013
0893;2013;4103;2013
9711;2013;1430;2013
5866;2013;417;2013
3388;2013;386;2013
0918;2013;2256;2013
8033;2013;5913;2013
9544;2013;500;2013
3570;2013;2516;2013
7950;2013;2027;2013
2989;2013;2665;2013
7878;2013;20538;2013
6181;2013;3269;2013
9550;2013;1149;2013
8511;2013;2365;2013
4729;2013;676;2013
3520;2013;2955;2013
6721;2013;1148;2013
4870;2013;3029;2013
1203;2013;5152;2013
0052;2013;1360;2013
9824;2013;3801;2013
3486;2013;549;2013
4042;2013;1451;2013
2409;2013;6043;2013
7816;2013;306;2013
0553;2013;4524;2013
9431;2013;380;2013
0256;2013;1894;2013
1701;2013;3896;2013
1400;2013;8453;2013
0163;2013;2518;2013
3040;2013;662;2013
2883;2013;1308;2013
1176;2013;1613;2013
1594;2013;402;2013
1269;2013;1625;2013
9234;2013;6810;2013
1806;2013;680;2013
6204;2013;2648;2013
6156;2013;1858;2013
0628;2013;1326;2013
2029;2013;10055;2013
3266;2013;517;2013
5288;2013;2532;2013
8581;2013;3183;2013
7922;2013;406;2013
5416;2013;1453;2013
0587;2013;1770;2013
2770;2013;1405;2013
9637;2013;4889;2013
9989;2013;504;2013
6394;2013;2000;2013
0659;2013;1483;2013
8767;2013;868;2013
4694;2013;891;2013
8003;2013;926;2013
3319;2013;238;2013
9145;2013;3276;2013
9467;2013;6773;2013
2724;2013;4400;2013
3668;2013;9117;2013
1390;2013;6003;2013
7608;2013;7832;2013
0885;2013;8030;2013
0891;2013;4742;2013
8826;2013;11222;2013
9182;2013;12886;2013
4217;2013;11200;2013
7916;2013;2246;2013
6090;2013;33092;2013
1318;2013;7164;2013
9730;2013;3010;2013
1773;2013;3898;2013
9235;2013;3694;2013
8957;2013;3437;2013
8120;2013;2737;2013
7507;2013;5363;2013
5797;2013;5201;2013
3983;2013;34758;2013
2483;2013;7114;2013
5101;2013;6240;2013
8100;2013;4492;2013
5683;2013;6100;2013
3399;2013;9027;2013
0814;2013;3909;2013
3529;2013;5820;2013
5967;2013;5973;2013
7229;2013;3094;2013
7778;2013;6070;2013
1877;2013;5190;2013
3420;2013;6079;2013
0883;2013;4199;2013
4776;2013;9229;2013
2505;2013;9238;2013
0947;2013;4984;2013
7706;2013;9743;2013
8539;2013;5103;2013
7696;2013;9341;2013
3788;2013;2902;2013
8836;2013;3395;2013
2562;2013;27659;2013
2613;2013;4172;2013
4548;2013;1412;2013
0063;2013;31148;2013
7610;2013;4509;2013
7573;2013;2818;2013
7775;2013;10795;2013
9727;2013;6914;2013
3532;2013;20315;2013
8269;2013;4422;2013
7066;2013;3934;2013
5285;2013;2171;2013
0890;2013;21561;2013
3165;2013;7522;2013
0228;2013;12046;2013
4357;2013;8394;2013
2704;2013;12431;2013
0807;2013;795;2013
1102;2013;2183;2013
9146;2013;5149;2013
1084;2013;16883;2013
0403;2013;9774;2013
0349;2013;1797;2013
8911;2013;9520;2013
7927;2013;2255;2013
6437;2013;10980;2013
7762;2013;14191;2013
5510;2013;6693;2013
5044;2013;13045;2013
8168;2013;6956;2013
2525;2013;5312;2013
9825;2013;4928;2013
8098;2013;9140;2013
4963;2013;10097;2013
9661;2013;7368;2013
0133;2013;3117;2013
2274;2013;1925;2013
1512;2013;6280;2013
9531;2013;10103;2013
7247;2013;11890;2013
0980;2013;11970;2013
9059;2013;4508;2013
4946;2013;10785;2013
5781;2013;83116;2013
8942;2013;10547;2013
1591;2013;7008;2013
8489;2013;16547;2013
4259;2013;3789;2013
5337;2013;17886;2013
8023;2013;28457;2013
8222;2013;10166;2013
4961;2013;1784;2013
0637;2013;11249;2013
9339;2013;3974;2013
5910;2013;7059;2013
6146;2013;10484;2013
2990;2013;13091;2013
8340;2013;11849;2013
4375;2013;14530;2013
1039;2013;6242;2013
9113;2013;49579;2013
3196;2013;3260;2013
1112;2013;3069;2013
8349;2013;10517;2013
2840;2013;15148;2013
4535;2013;12584;2013
3104;2013;7914;2013
6402;2013;4227;2013
1041;2013;6091;2013
1823;2013;6978;2013
4881;2013;2834;2013
3967;2013;25386;2013
5472;2013;16948;2013
1706;2013;21463;2013
6120;2013;6451;2013
1344;2013;38751;2013
6303;2013;26807;2013
8684;2013;11548;2013
6898;2013;15912;2013
9961;2013;6954;2013
0674;2013;12221;2013
3109;2013;25287;2013
2151;2013;4670;2013
3286;2013;8232;2013
1836;2013;12743;2013
8769;2013;41526;2013
4092;2013;12032;2013
0510;2013;17573;2013
9666;2013;12957;2013
2872;2013;18864;2013
9588;2013;27191;2013
8154;2013;7673;2013
4427;2013;2298;2013
9981;2013;4764;2013
8927;2013;263515;2013
8657;2013;9972;2013
7138;2013;13517;2013
4081;2013;19743;2013
8041;2013;3408;2013
1553;2013;24766;2013
6650;2013;4513;2013
5158;2013;1846;2013
3439;2013;2220;2013
6428;2013;4743;2013
9770;2013;3653;2013
4195;2013;3181;2013
5865;2013;697;2013
2291;2013;3964;2013
6614;2013;2609;2013
3938;2013;8646;2013
7798;2013;3412;2013
5470;2013;6937;2013
9249;2013;16132;2013
7182;2013;14573;2013
2241;2013;2694;2013
1245;2013;12149;2013
1599;2013;5744;2013
2680;2013;2468;2013
8081;2013;1593;2013
6815;2013;7543;2013
2785;2013;4641;2013
3152;2013;4853;2013
5043;2013;5445;2013
1745;2013;1601;2013
7049;2013;5717;2013
7569;2013;2027;2013
6783;2013;20130;2013
0181;2013;6513;2013
2861;2013;10220;2013
3257;2013;5405;2013
7290;2013;7283;2013
8074;2013;16610;2013
6111;2013;8249;2013
9542;2013;7072;2013
2007;2013;4416;2013
7096;2013;4363;2013
1029;2013;4727;2013
4734;2013;2001;2013
9138;2013;8703;2013
1553;2013;7842;2013
1159;2013;7445;2013
0731;2013;3151;2013
5821;2013;9111;2013
7649;2013;1811;2013
2228;2013;5956;2013
7090;2013;1950;2013
2476;2013;1990;2013
3456;2013;2838;2013
2180;2013;11239;2013
5708;2013;17654;2013
0279;2013;9308;2013
3700;2013;11188;2013
0781;2013;11183;2013
4782;2013;5835;2013
0257;2013;208736;2013
1797;2013;3900;2013
4889;2013;1362;2013
9328;2013;11264;2013
6247;2013;9609;2013
7342;2013;19448;2013
8439;2013;3256;2013
8489;2013;2465;2013
8862;2013;3920;2013
5210;2013;13490;2013
4761;2013;3622;2013
6862;2013;4904;2013
5124;2013;16036;2013
7992;2013;4968;2013
7353;2013;2744;2013
8582;2013;10189;2013
3502;2013;6339;2013
1222;2013;13112;2013
9003;2013;4540;2013
3064;2013;3059;2013
9675;2013;7240;2013
7262;2013;2297;2013
9648;2013;7222;2013
9164;2013;2489;2013
9186;2013;2111;2013
5443;2013;10237;2013
5168;2013;22596;2013
1429;2013;7029;2013
8106;2013;4220;2013
2006;2013;8975;2013
8125;2013;2700;2013
0202;2013;8309;2013
8543;2013;6170;2013
6561;2013;12720;2013
2263;2013;4452;2013
0220;2013;2165;2013
4121;2013;4644;2013
2473;2013;1810;2013
0825;2013;928;2013
9160;2013;13111;2013
3229;2013;22469;2013
3484;2013;5492;2013
0063;2013;2286;2013
9549;2013;10030;2013
2262;2013;6063;2013
3663;2013;3398;2013
5644;2013;9062;2013
3883;2013;19978;2013
6097;2013;4437;2013
9278;2013;2870;2013
5341;2013;10657;2013
3580;2013;1360;2013
9675;2013;2638;2013
1227;2013;1513;2013
8475;2013;802;2013
6473;2013;2825;2013
3743;2013;1013;2013
1291;2013;1639;2013
8404;2013;4262;2013
9133;2013;2865;2013
6176;2013;1755;2013
1699;2013;3698;2013
5470;2013;2490;2013
0651;2013;2678;2013
8550;2013;1955;2013
0738;2013;2572;2013
5396;2013;4189;2013
9767;2013;1472;2013
9677;2013;2742;2013
9896;2013;1086;2013
3701;2013;1573;2013
4203;2013;2164;2013
2052;2013;1184;2013
0601;2013;11961;2013
8436;2013;3549;2013
6764;2013;3537;2013
5809;2013;1837;2013
3261;2013;11754;2013
4869;2013;1604;2013
4544;2013;1615;2013
5061;2013;1240;2013
4116;2013;4108;2013
5313;2013;2206;2013
8764;2013;9980;2013
6930;2013;6512;2013
8039;2013;51301;2013
1558;2013;1209;2013
8257;2013;1153;2013
0456;2013;4043;2013
0221;2013;3338;2013
6785;2013;8397;2013
0778;2013;2876;2013
0740;2013;5183;2013
1513;2013;1207;2013
7258;2013;2109;2013
0497;2013;1004;2013
7666;2013;14608;2013
3473;2013;2249;2013
2611;2013;843;2013
6275;2013;1022;2013
4382;2013;3363;2013
7698;2013;2230;2013
2209;2013;2866;2013
2372;2013;1833;2013
2330;2013;3592;2013
0285;2013;5407;2013
0704;2013;2532;2013
0085;2013;1904;2013
9043;2013;757;2013
5056;2013;6615;2013
7768;2013;4124;2013
3179;2013;1676;2013
9325;2013;7811;2013
2261;2013;2823;2013
6785;2013;2924;2013
8328;2013;3840;2013
4345;2013;1093;2013
7819;2013;686;2013
1668;2013;13741;2013
2086;2013;628;2013
1977;2013;698;2013
6458;2013;11392;2013
2188;2013;15966;2013
7505;2013;2257;2013
4140;2013;527;2013
6215;2013;3276;2013
7963;2013;2235;2013
5407;2013;2375;2013
3683;2013;186;2013
0083;2013;117;2013
7602;2013;1323;2013
7805;2013;2998;2013
1864;2013;6215;2013
2424;2013;5102;2013
3236;2013;1197;2013
7485;2013;620;2013
6557;2013;1021;2013
5943;2013;603;2013
0573;2013;11147;2013
8169;2013;4810;2013
1058;2013;361;2013
7963;2013;13757;2013
7578;2013;765;2013
3195;2013;3822;2013
7064;2013;6781;2013
8449;2013;125;2013
0467;2013;677;2013
3404;2013;2341;2013
2752;2013;5977;2013
2110;2013;955;2013
0425;2013;6515;2013
8033;2013;1911;2013
6770;2013;6964;2013
2228;2013;2682;2013
4341;2013;1779;2013
7658;2013;1651;2013
5915;2013;552;2013
0528;2013;5059;2013
7760;2013;2472;2013
2909;2013;2584;2013
8948;2013;2780;2013
4040;2013;2951;2013
9039;2013;1983;2013
9331;2013;5057;2013
5500;2013;3018;2013
2965;2013;5468;2013
7487;2013;2314;2013
4140;2013;9464;2013
2423;2013;2661;2013
3360;2013;5712;2013
9831;2013;2574;2013
6625;2013;1477;2013
0541;2013;2636;2013
4131;2013;5492;2013
3697;2013;6934;2013
9086;2013;3601;2013
7207;2013;911;2013
2302;2013;1481;2013
8850;2013;4187;2013
4728;2013;259;2013
2345;2013;780;2013
6760;2013;993;2013
0271;2013;2957;2013
4796;2013;555;2013
5973;2013;482;2013
3320;2013;5004;2013
9872;2013;6247;2013
3121;2013;1063;2013
3611;2013;306;2013
7703;2013;471;2013
5658;2013;2476;2013
8155;2013;4415;2013
3968;2013;2117;2013
4635;2013;2966;2013
7795;2013;8131;2013
9373;2013;7620;2013
0645;2013;6231;2013
9138;2013;1162;2013
9685;2013;2238;2013
6031;2013;2409;2013
9224;2013;1298;2013
5705;2013;1699;2013
4911;2013;408;2013
1649;2013;445;2013
5307;2013;3933;2013
1145;2013;938;2013
6913;2013;379;2013
7456;2013;1344;2013
4414;2013;652;2013
0497;2013;4114;2013
4193;2013;9105;2013
3559;2013;4484;2013
3441;2013;14708;2013
9381;2013;1966;2013
3598;2013;2856;2013
6226;2013;10596;2013
9904;2013;2183;2013
6221;2013;2929;2013
8492;2013;2252;2013
7390;2013;615;2013
3221;2013;1698;2013
6830;2013;7610;2013
4599;2013;1669;2013
1924;2013;99607;2013
9183;2013;2845;2013
5509;2013;2158;2013
3306;2013;878;2013
9947;2013;2264;2013
5566;2013;1371;2013
5195;2013;790;2013
2113;2013;593;2013
9391;2013;1824;2013
0193;2013;1218;2013
3200;2013;1734;2013
0850;2013;7468;2013
0526;2013;1423;2013
8765;2013;385;2013
2510;2013;1716;2013
9241;2013;3038;2013
2626;2013;34999;2013
2200;2013;6506;2013
3235;2013;8376;2013
5915;2013;1596;2013
3593;2013;979;2013
7274;2013;27601;2013
5654;2013;776;2013
2051;2013;1619;2013
4983;2013;3657;2013
1084;2013;11956;2013
9395;2013;2180;2013
8903;2013;6248;2013
6311;2013;794;2013
4013;2013;1596;2013
0280;2013;2027;2013
9815;2013;1732;2013
6605;2013;7247;2013
1749;2013;2842;2013
0535;2013;1727;2013
3135;2013;8579;2013
6103;2013;877;2013
8518;2013;13147;2013
2218;2013;5877;2013
4024;2013;2103;2013
1039;2013;202625;2013
1450;2013;2052;2013
2695;2013;4844;2013
9471;2013;1004;2013
3705;2013;2918;2013
5214;2013;3712;2013
2167;2013;7816;2013
4792;2013;6091;2013
9357;2013;2531;2013
1702;2013;269;2013
9806;2013;4761;2013
0763;2013;7559;2013
7485;2013;4709;2013
0397;2013;13912;2013
0518;2013;5583;2013
8180;2013;142;2013
6896;2013;928;2013
3089;2013;630;2013
4718;2013;4589;2013
3548;2013;1381;2013
4949;2013;1376;2013
7690;2013;15286;2013
4768;2013;2082;2013
0994;2013;5561;2013
6120;2013;4491;2013
3300;2013;2332;2013
3974;2013;4136;2013
3298;2013;5366;2013
9336;2013;1082;2013
9205;2013;2194;2013
9494;2013;549;2013
7648;2013;771;2013
2281;2013;102434;2013
2849;2013;2288;2013
6068;2013;661;2013
3354;2013;9080;2013
9148;2013;4884;2013
8481;2013;6416;2013
8291;2013;7027;2013
1646;2013;11943;2013
1940;2013;5801;2013
3456;2013;931;2013
2585;2013;2950;2013
0121;2013;2058;2013
5658;2013;2172;2013
0366;2013;4358;2013
5647;2013;1891;2013
1270;2013;86;2013
7755;2013;2594;2013
1033;2013;2168;2013
8940;2013;2262;2013
5556;2013;3573;2013
7046;2013;2130;2013
0043;2013;790;2013
4879;2013;7149;2013
5911;2013;7168;2013
3542;2013;2133;2013
8310;2013;14203;2013
4061;2013;9047;2013
5320;2013;1119;2013
6975;2013;1973;2013
3458;2013;8783;2013
1166;2013;26306;2013
9754;2013;7015;2013
0045;2013;5503;2013
5224;2013;6222;2013
8424;2013;10084;2013
4850;2013;5016;2013
7682;2013;10849;2013
6387;2013;3349;2013
0416;2013;974;2013
2015;2013;10760;2013
9563;2013;3696;2013
1728;2013;13042;2013
8016;2013;1154;2013
5979;2013;187528;2013
0786;2013;1100;2013
8930;2013;1466;2013
4590;2013;3068;2013
7549;2013;5527;2013
4989;2013;19563;2013
7094;2013;5664;2013
6367;2013;4202;2013
1352;2013;1756;2013
3863;2013;4875;2013
3325;2013;9556;2013
6961;2013;1175;2013
3864;2013;2126;2013
4779;2013;1045;2013
1470;2013;7629;2013
8602;2013;9446;2013
0777;2013;3733;2013
6414;2013;553;2013
9214;2013;2694;2013
0644;2013;1271;2013
6108;2013;1826;2013
8883;2013;8898;2013
9392;2013;9681;2013
5530;2013;3404;2013
1622;2013;10161;2013
0943;2013;5250;2013
0376;2013;5613;2013
4065;2013;1276;2013
5957;2013;10538;2013
3929;2013;5555;2013
6234;2013;5188;2013
5670;2013;4114;2013
7068;2013;19015;2013
8037;2013;4549;2013
0580;2013;15104;2013
0143;2013;8662;2013
6802;2013;10586;2013
9945;2013;9766;2013
0823;2013;3882;2013
8176;2013;961;2013
5093;2013;25727;2013
6332;2013;6774;2013
1447;2013;5916;2013
6438;2013;6580;2013
9206;2013;15020;2013
6440;2013;851;2013
5245;2013;9311;2013
3868;2013;10517;2013
1064;2013;13594;2013
5507;2013;7091;2013
3056;2013;13117;2013
3044;2013;1268;2013
6623;2013;9119;2013
6805;2013;169769;2013
5618;2013;6303;2013
1703;2013;4121;2013
1941;2013;14804;2013
7176;2013;8011;2013
2932;2013;6069;2013
2331;2013;11164;2013
0478;2013;25237;2013
2538;2013;4520;2013
3728;2013;1910;2013
8178;2013;4323;2013
9712;2013;3414;2013
0773;2013;3851;2013
4662;2013;4107;2013
8735;2013;10108;2013
6891;2013;8676;2013
7072;2013;3225;2013
5407;2013;69862;2013
5111;2013;32391;2013
4407;2013;14653;2013
7830;2013;11224;2013
7719;2013;7029;2013
9448;2013;8752;2013
9056;2013;2994;2013
1257;2013;15804;2013
2317;2013;17077;2013
1349;2013;1295;2013
7584;2013;34287;2013
4568;2013;1960;2013
2960;2013;3974;2013
9070;2013;2798;2013
5808;2013;17050;2013
4654;2013;4904;2013
9959;2013;6302;2013
0459;2013;23973;2013
1730;2013;184213;2013
2213;2013;984;2013
2770;2013;2247;2013
0046;2013;3409;2013
3200;2013;15717;2013
8080;2013;10337;2013
4110;2013;2282;2013
7304;2013;17507;2013
5344;2013;2272;2013
7389;2013;1741;2013
6652;2013;3728;2013
5303;2013;6205;2013
9129;2013;764;2013
3097;2013;6380;2013
6636;2013;10976;2013
0582;2013;3662;2013
5570;2013;5862;2013
4032;2013;40475;2013
5540;2013;9376;2013
9602;2013;8188;2013
4711;2013;2557;2013
9283;2013;15312;2013
7918;2013;12456;2013
8613;2013;24974;2013
3646;2013;4937;2013
5961;2013;12200;2013
1033;2013;9750;2013
4839;2013;6894;2013
9853;2013;6933;2013
1055;2013;5501;2013
8566;2013;383255;2013
2729;2013;3323;2013
1849;2013;18242;2013
7517;2013;13355;2013
5976;2013;1970;2013
3334;2013;35985;2013
0283;2013;3458;2013
2605;2013;1925;2013
5914;2013;1226;2013
3257;2013;3467;2013
6088;2013;4439;2013
0706;2013;6486;2013
2379;2013;4936;2013
9004;2013;17894;2013
4147;2013;20755;2013
7333;2013;14656;2013
7611;2013;5853;2013
4976;2013;10172;2013
7526;2013;13437;2013
2317;2013;6534;2013
5572;2013;1955;2013
6697;2013;4980;2013
1536;2013;5412;2013
6962;2013;2249;2013
3693;2013;11250;2013
4024;2013;3891;2013
0213;2013;69522;2013
4470;2013;2280;2013
4056;2013;4370;2013
8163;2013;8976;2013
5263;2013;6827;2013
1056;2013;16742;2013
0663;2013;8737;2013
8402;2013;15958;2013
2812;2013;3828;2013
2554;2013;6011;2013
6857;2013;10910;2013
5675;2013;5432;2013
0081;2013;6298;2013
4513;2013;4674;2013
9471;2013;13394;2013
1290;2013;17310;2013
9368;2013;6982;2013
9262;2013;4799;2013
6367;2013;8361;2013
4675;2013;4346;2013
4326;2013;8444;2013
4106;2013;27615;2013
7241;2013;31782;2013
8561;2013;12013;2013
7917;2013;7279;2013
4485;2013;14651;2013
8431;2013;2765;2013
9401;2013;7661;2013
7472;2013;18617;2013
6630;2013;22037;2013
6292;2013;4992;2013
7530;2013;14849;2013
7415;2013;35721;2013
0084;2013;12273;2013
1224;2013;22642;2013
0042;2013;16814;2013
1396;2013;133286;2013
4345;2013;2825;2013
3382;2013;3003;2013
4368;2013;4980;2013
7071;2013;2363;2013
3351;2013;3543;2013
2986;2013;7108;2013
4715;2013;3627;2013
2452;2013;3338;2013
3408;2013;6411;2013
2322;2013;9909;2013
6429;2013;12182;2013
1926;2013;3329;2013
7894;2013;6999;2013
0182;2013;7654;2013
3268;2013;3841;2013
6241;2013;4552;2013
1713;2013;3852;2013
3751;2013;2232;2013
7905;2013;12193;2013
5793;2013;16797;2013
9578;2013;2430;2013
3190;2013;7707;2013
4135;2013;2669;2013
3734;2013;9572;2013
2725;2013;28818;2013
1994;2013;9934;2013
1390;2013;7412;2013
7569;2013;58500;2013
5496;2013;8291;2013
0548;2013;32305;2013
2479;2013;10613;2013
8119;2013;158585;2013
2582;2013;5816;2013
2594;2013;12214;2013
3707;2013;2904;2013
0383;2013;4535;2013
5005;2013;6133;2013
2533;2013;11156;2013
2325;2013;2827;2013
9501;2013;6507;2013
4614;2013;97006;2013
1634;2013;25973;2013
9290;2013;3757;2013
9702;2013;1660;2013
1972;2013;117947;2013
4588;2013;13183;2013
1294;2013;2530;2013
7713;2013;10351;2013
1380;2013;9130;2013
5760;2013;7095;2013
0775;2013;10175;2013
3304;2013;6999;2013
1628;2013;4677;2013
2571;2013;1688;2013
0511;2013;781;2013
3883;2013;6452;2013
5567;2013;815;2013
5580;2013;1977;2013
5260;2013;3404;2013
2873;2013;11515;2013
8602;2013;4192;2013
7182;2013;3558;2013
3027;2013;17821;2013
4291;2013;3222;2013
1988;2013;1268;2013
8823;2013;1938;2013
6846;2013;4455;2013
1077;2013;1964;2013
6385;2013;1598;2013
2566;2013;988;2013
2898;2013;780;2013
2216;2013;634;2013
4575;2013;8868;2013
2457;2013;2309;2013
9389;2013;1681;2013
2029;2013;8003;2013
8394;2013;6143;2013
8362;2013;62676;2013
7022;2013;8634;2013
8757;2013;9772;2013
6300;2013;1003;2013
3673;2013;301;2013
0741;2013;1339;2013
9349;2013;5813;2013
5257;2013;4852;2013
3024;2013;597;2013
0143;2013;1531;2013
0743;2013;2021;2013
3532;2013;1405;2013
9454;2013;1128;2013
2059;2013;2143;2013
6355;2013;3863;2013
8218;2013;12437;2013
2470;2013;2750;2013
2355;2013;689;2013
0431;2013;1709;2013
8116;2013;1143;2013
0064;2013;2705;2013
9678;2013;1128;2013
5650;2013;6856;2013
3123;2013;2878;2013
2874;2013;2841;2013
7944;2013;2091;2013
3607;2013;695;2013
3954;2013;6441;2013
7685;2013;94323;2013
2713;2013;2860;2013
9153;2013;1030;2013
9011;2013;2153;2013
2885;2013;674;2013
1975;2013;2096;2013
9853;2013;6880;2013
8860;2013;4817;2013
3992;2013;1411;2013
7980;2013;3439;2013
7298;2013;8778;2013
3367;2013;4200;2013
8757;2013;1566;2013
9073;2013;3484;2013
0784;2013;1449;2013
8009;2013;1067;2013
8703;2013;2626;2013
4065;2013;863;2013
0639;2013;8047;2013
5329;2013;7094;2013
4923;2013;15210;2013
8901;2013;4900;2013
8683;2013;100892;2013
3310;2013;4766;2013
0386;2013;1371;2013
4501;2013;2315;2013
0041;2013;7353;2013
8916;2013;2554;2013
0471;2013;4930;2013
5312;2013;1042;2013
3901;2013;18821;2013
9198;2013;1707;2013
3181;2013;3570;2013
9129;2013;3852;2013
6020;2013;14983;2013
2789;2013;5096;2013
4029;2013;4794;2013
0776;2013;31471;2013
8158;2013;26790;2013
2015;2013;9706;2013
1543;2013;1841;2013
9032;2013;40300;2013
8954;2013;12777;2013
4923;2013;6277;2013
2775;2013;1070;2013
6644;2013;3415;2013
3854;2013;2053;2013
3095;2013;10136;2013
5728;2013;2190;2013
5694;2013;3010;2013
8135;2013;6923;2013
4605;2013;1966;2013
9349;2013;3720;2013
6305;2013;1946;2013
7377;2013;34683;2013
2517;2013;6843;2013
0164;2013;3374;2013
3629;2013;708;2013
9832;2013;4517;2013
1979;2013;4489;2013
4061;2013;2010;2013
7778;2013;2087;2013
1118;2013;935;2013
2869;2013;4256;2013
2273;2013;7416;2013
7689;2013;44706;2013
5430;2013;3757;2013
3330;2013;2899;2013
6769;2013;3978;2013
4964;2013;2292;2013
8109;2013;125;2013
7792;2013;2334;2013
6722;2013;4230;2013
0545;2013;1879;2013
8647;2013;160;2013
2218;2013;1847;2013
8821;2013;6935;2013
8058;2013;589;2013
8463;2013;4707;2013
6713;2013;310;2013
5803;2013;528;2013
1969;2013;10549;2013
0658;2013;41197;2013
1987;2013;1281;2013
9643;2013;15423;2013
9090;2013;2113;2013
6690;2013;573;2013
3981;2013;201;2013
2168;2013;1498;2013
0501;2013;640;2013
2234;2013;850;2013
5783;2013;2424;2013
5263;2013;42499;2013
1000;2013;10106;2013
2582;2013;4701;2013
3569;2013;7248;2013
5079;2013;158;2013
8779;2013;7000;2013
9412;2013;3554;2013
6715;2013;3517;2013
0369;2013;8178;2013
4669;2013;764;2013
5803;2013;10249;2013
9085;2013;938;2013
0835;2013;1145;2013
6459;2013;2005;2013
2146;2013;895;2013
7979;2013;1487;2013
4522;2013;1232;2013
0308;2013;290;2013
5473;2013;6629;2013
2489;2013;12069;2013
5522;2013;15946;2013
4588;2013;21409;2013
1694;2013;877;2013
0195;2013;3619;2013
2547;2013;12936;2013
3837;2013;1492;2013
1659;2013;3309;2013
5370;2013;423;2013
6468;2013;986;2013
9871;2013;1078;2013
1181;2013;20359;2013
5356;2013;9619;2013
8633;2013;2643;2013
2948;2013;437;2013
4148;2013;1166;2013
3914;2013;2997;2013
0624;2013;3914;2013
1943;2013;1836;2013
1821;2013;1247;2013
0203;2013;49777;2013
2382;2013;1120;2013
9762;2013;8719;2013
7952;2013;2901;2013
0833;2013;2446;2013
9390;2013;3640;2013
3954;2013;3168;2013
9507;2013;1014;2013
3366;2013;5420;2013
8568;2013;9277;2013
3072;2013;1380;2013
9947;2013;15852;2013
1726;2013;2451;2013
3038;2013;1680;2013
4334;2013;4622;2013
9400;2013;2194;2013
9333;2013;514;2013
2074;2013;2162;2013
4639;2013;536;2013
7926;2013;645;2013
3736;2013;12676;2013
6025;2013;5181;2013
6977;2013;195;2013
2773;2013;4397;2013
6319;2013;2056;2013
4373;2013;907;2013
4053;2013;47329;2013
5824;2013;7271;2013
2096;2013;2150;2013
9874;2013;11291;2013
9351;2013;1869;2013
2778;2013;64194;2013
5412;2013;996;2013
8314;2013;757;2013
7783;2013;2393;2013
1155;2013;8196;2013
3949;2013;4961;2013
6777;2013;4920;2013
8397;2013;69813;2013
7091;2013;10362;2013
5051;2013;2511;2013
1035;2013;2188;2013
5158;2013;7566;2013
4507;2013;2075;2013
3197;2013;4844;2013
6187;2013;1147;2013
5991;2013;15411;2013
7064;2013;6322;2013
4641;2013;10203;2013
2028;2013;7188;2013
3877;2013;32540;2013
0912;2013;2249;2013
1777;2013;46264;2013
0810;2013;588;2013
4824;2013;6013;2013
5253;2013;1865;2013
9404;2013;5226;2013
1948;2013;510;2013
8827;2013;7615;2013
8594;2013;607;2013
0403;2013;3870;2013
0980;2013;483;2013
7334;2013;88386;2013
2379;2013;22467;2013
2823;2013;2175;2013
3297;2013;1111;2013
6300;2013;4501;2013
5479;2013;3580;2013
0295;2013;2457;2013
6686;2013;24235;2013
7546;2013;2409;2013
8894;2013;8836;2013
1567;2013;1430;2013
4678;2013;13222;2013
1969;2013;667;2013
1265;2013;3261;2013
2192;2013;996;2013
3521;2013;314;2013
5275;2013;62986;2013
5731;2013;1680;2013
7900;2013;1371;2013
9968;2013;668;2013
6792;2013;17346;2013
0642;2013;8837;2013
9950;2013;1525;2013
2518;2013;7578;2013
9667;2013;6410;2013
0435;2013;3155;2013
0119;2013;7976;2013
6232;2013;21410;2013
1174;2013;10802;2013
6864;2013;19990;2013
1246;2013;19602;2013
6668;2013;9399;2013
3969;2013;90056;2013
9124;2013;1723;2013
5227;2013;8855;2013
9127;2013;25750;2013
2396;2013;1719;2013
8150;2013;6629;2013
0349;2013;11663;2013
8501;2013;5654;2013
2510;2013;4507;2013
0913;2013;25473;2013
2846;2013;10776;2013
9607;2013;4420;2013
3627;2013;18017;2013
9699;2013;17286;2013
7516;2013;44933;2013
9167;2013;7588;2013
3437;2013;17745;2013
3050;2013;10819;2013
2749;2013;16054;2013
6319;2013;5649;2013
4217;2013;48201;2013
1928;2013;13999;2013
5052;2013;17233;2013
3156;2013;375126;2013
9594;2013;4852;2013
1757;2013;23327;2013
2314;2013;4843;2013
3743;2013;14000;2013
7144;2013;14613;2013
3960;2013;6477;2013
8991;2013;19587;2013
2885;2013;1841;2013
0525;2013;3191;2013
7585;2013;3724;2013
6575;2013;13958;2013
8777;2013;13512;2013
1026;2013;1175;2013
5602;2013;7710;2013
3984;2013;20699;2013
6458;2013;16364;2013
1439;2013;8694;2013
8797;2013;7482;2013
8317;2013;17090;2013
1989;2013;1200;2013
5688;2013;4281;2013
6923;2013;50579;2013
2411;2013;7863;2013
8110;2013;48572;2013
8084;2013;19089;2013
0298;2013;7811;2013
9411;2013;5051;2013
8610;2013;8244;2013
1848;2013;14745;2013
6114;2013;3185;2013
2760;2013;13301;2013
7876;2013;4733;2013
5606;2013;3921;2013
3267;2013;413;2013
3149;2013;8749;2013
4945;2013;28127;2013
9895;2013;16816;2013
7138;2013;159962;2013
4509;2013;2222;2013
8590;2013;1970;2013
8069;2013;34524;2013
3301;2013;3855;2013
4808;2013;12006;2013
8950;2013;2203;2013
6232;2013;1211;2013
6514;2013;31821;2013
1539;2013;6994;2013
7469;2013;536;2013
3809;2013;3134;2013
4899;2013;7997;2013
0257;2013;5899;2013
1051;2013;6476;2013
8907;2013;12111;2013
7250;2013;6349;2013
3589;2013;1135;2013
5224;2013;3664;2013
6061;2013;44828;2013
2483;2013;13381;2013
5735;2013;2037;2013
0162;2013;2287;2013
9916;2013;1436;2013
1073;2013;4242;2013
4313;2013;3695;2013
6101;2013;1253;2013
6651;2013;1374;2013
8754;2013;8907;2013
3259;2013;1204;2013
9495;2013;1803;2013
1518;2013;2152;2013
0741;2013;774;2013
1734;2013;11229;2013
6218;2013;659;2013
6440;2013;4630;2013
5368;2013;4929;2013
0690;2013;88656;2013
8437;2013;5928;2013
8828;2013;15575;2013
0346;2013;28778;2013
9604;2013;1643;2013
9400;2013;31459;2013
5828;2013;28013;2013
7885;2013;14651;2013
6216;2013;1724;2013
0351;2013;13174;2013
2830;2013;4594;2013
5491;2013;12316;2013
8681;2013;8591;2013
6378;2013;10827;2013
9192;2013;5641;2013
7537;2013;99334;2013
7171;2013;1071;2013
5122;2013;12346;2013
6157;2013;10051;2013
5561;2013;5481;2013
5302;2013;1495;2013
6283;2013;3214;2013
5791;2013;3100;2013
2702;2013;2776;2013
4628;2013;2258;2013
4256;2013;13447;2013
8681;2013;9622;2013
8936;2013;906;2013
3216;2013;2058;2013
3260;2013;9071;2013
7316;2013;22573;2013
7826;2013;9572;2013
0377;2013;3512;2013
5219;2013;5837;2013
9309;2013;3631;2013
6944;2013;3483;2013
9430;2013;564;2013
4156;2013;1783;2013
8062;2013;8861;2013
6641;2013;24361;2013
3016;2013;885;2013
4980;2013;3204;2013
4118;2013;6576;2013
0867;2013;3174;2013
0817;2013;6237;2013
4337;2013;3084;2013
4497;2013;17206;2013
1928;2013;16046;2013
2296;2013;1394;2013
7924;2013;2860;2013
8418;2013;6345;2013
8867;2013;1098;2013
8786;2013;12410;2013
9933;2013;6567;2013
6315;2013;7172;2013
8436;2013;3270;2013
7041;2013;3917;2013
7990;2013;2884;2013
1077;2013;9119;2013
5389;2013;2417;2013
5433;2013;2811;2013
5614;2013;7100;2013
5667;2013;1928;2013
0687;2013;8727;2013
0349;2013;21729;2013
8832;2013;2800;2013
8918;2013;5147;2013
5399;2013;14327;2013
7309;2013;9632;2013
8556;2013;9039;2013
5005;2013;1538;2013
6246;2013;2398;2013
6264;2013;4257;2013
8667;2013;2131;2013
6019;2013;29118;2013
4148;2013;1674;2013
9750;2013;1167;2013
5264;2013;924;2013
0208;2013;5257;2013
1425;2013;1666;2013
5687;2013;7801;2013
5018;2013;884;2013
2351;2013;2689;2013
8432;2013;4736;2013
5306;2013;54095;2013
6758;2013;12835;2013
5768;2013;10187;2013
3390;2013;7455;2013
9492;2013;1307;2013
2541;2013;4401;2013
2885;2013;2433;2013
3488;2013;4110;2013
7697;2013;4656;2013
2308;2013;1556;2013
1009;2013;7312;2013
5518;2013;2662;2013
9001;2013;3219;2013
0491;2013;21890;2013
0818;2013;8834;2013
5252;2013;81699;2013
0114;2013;1420;2013
8568;2013;3677;2013
4982;2013;7440;2013
4428;2013;8678;2013
4004;2013;12677;2013
2049;2013;1249;2013
8069;2013;14926;2013
9591;2013;3890;2013
8586;2013;1077;2013
4636;2013;9296;2013
4512;2013;2620;2013
5600;2013;4578;2013
2265;2013;3864;2013
4287;2013;981;2013
5585;2013;3514;2013
6929;2013;1366;2013
6534;2013;1115;2013
1913;2013;27840;2013
6014;2013;21821;2013
0747;2013;4344;2013
2226;2013;5167;2013
7616;2013;2502;2013
8087;2013;4375;2013
8336;2013;3244;2013
4414;2013;3302;2013
2661;2013;15432;2013
7826;2013;1090;2013
5288;2013;3527;2013
9444;2013;7822;2013
3170;2013;40031;2013
6742;2013;3482;2013
7230;2013;20929;2013
0597;2013;1253;2013
5096;2013;9691;2013
6560;2013;56696;2013
3910;2013;2854;2013
4281;2013;1847;2013
4751;2013;3818;2013
6236;2013;6259;2013
2833;2013;15387;2013
7677;2013;32546;2013
1821;2013;629;2013
7327;2013;14867;2013
4887;2013;18733;2013
4082;2013;3803;2013
9491;2013;1614;2013
5123;2013;5774;2013
1650;2013;608;2013
5288;2013;1202;2013
0941;2013;1692;2013
1641;2013;5931;2013
5700;2013;4934;2013
9058;2013;987;2013
2582;2013;5726;2013
3321;2013;5655;2013
5012;2013;165466;2013
1737;2013;3773;2013
4153;2013;2124;2013
0939;2013;132;2013
0201;2013;734;2013
9788;2013;11320;2013
5485;2013;557;2013
1501;2013;1398;2013
8493;2013;500;2013
8384;2013;1115;2013
4743;2013;2465;2013
6445;2013;8686;2013
1366;2013;38344;2013
8556;2013;16756;2013
6581;2013;6631;2013
1853;2013;8431;2013
8849;2013;3852;2013
8295;2013;16650;2013
3024;2013;3453;2013
2211;2013;387;2013
5734;2013;1450;2013
6058;2013;4862;2013
6127;2013;1830;2013
8952;2013;1466;2013
4964;2013;11847;2013
0320;2013;2778;2013
5120;2013;2027;2013
5686;2013;2816;2013
7778;2013;1852;2013
1444;2013;2175;2013
2156;2013;3033;2013
5504;2013;2912;2013
5861;2013;1929;2013
6187;2013;1700;2013
0882;2013;1934;2013
3808;2013;1847;2013
8297;2013;1512;2013
4282;2013;5177;2013
2172;2013;1695;2013
0869;2013;1266;2013
0591;2013;1254;2013
0978;2013;1501;2013
9836;2013;19918;2013
2704;2013;21093;2013
5303;2013;1909;2013
0911;2013;577;2013
0033;2013;1066;2013
5678;2013;235;2013
6040;2013;1980;2013
8956;2013;5030;2013
4518;2013;2270;2013
1557;2013;4914;2013
4261;2013;111484;2013
3387;2013;2572;2013
6022;2013;5591;2013
8706;2013;875;2013
8081;2013;3669;2013
5635;2013;1092;2013
5457;2013;4999;2013
1676;2013;1337;2013
9142;2013;3318;2013
5714;2013;4116;2013
6448;2013;1811;2013
6322;2013;930;2013
8477;2013;3086;2013
0375;2013;5284;2013
2907;2013;1738;2013
9683;2013;6676;2013
5769;2013;5442;2013
4110;2013;2013;2013
9151;2013;2607;2013
8891;2013;2392;2013
8237;2013;1346;2013
1950;2013;1207;2013
2211;2013;16049;2013
9552;2013;1655;2013
0306;2013;3814;2013
7859;2013;8393;2013
6785;2013;2130;2013
3752;2013;1549;2013
1735;2013;2957;2013
8083;2013;1393;2013
1023;2013;2305;2013
4200;2013;2737;2013
9432;2013;2403;2013
4294;2013;879;2013
6891;2013;905;2013
5404;2013;3491;2013
6215;2013;8926;2013
9300;2013;13483;2013
1400;2013;2068;2013
6834;2013;4155;2013
7096;2013;9539;2013
5077;2013;1000;2013
3110;2013;3807;2013
5589;2013;9181;2013
6051;2013;2120;2013
0138;2013;569;2013
5258;2013;8594;2013
2792;2013;1296;2013
7350;2013;2123;2013
5355;2013;8512;2013
9413;2013;6729;2013
3305;2013;16510;2013
7309;2013;326;2013
6910;2013;8301;2013
4947;2013;2888;2013
4516;2013;2615;2013
9623;2013;4139;2013
3071;2013;2325;2013
7710;2013;13703;2013
5289;2013;4781;2013
2267;2013;64809;2013
1430;2013;5170;2013
3430;2013;665;2013
3849;2013;2631;2013
9041;2013;2671;2013
9761;2013;260;2013
6446;2013;665;2013
9485;2013;639;2013
8039;2013;4569;2013
2929;2013;989;2013
6240;2013;2710;2013
6212;2013;1730;2013
5461;2013;741;2013
3087;2013;1256;2013
4912;2013;297;2013
8422;2013;1036;2013
2697;2013;1300;2013
2532;2013;6899;2013
6601;2013;496;2013
3698;2013;459;2013
3718;2013;391;2013
6126;2013;156;2013
9475;2013;1632;2013
7551;2013;547;2013
3896;2013;307;2013
9256;2013;634;2013
5447;2013;3648;2013
6915;2013;573;2013
9624;2013;13145;2013
6180;2013;1389;2013
6853;2013;3082;2013
3898;2013;727;2013
8535;2013;1577;2013
7424;2013;391;2013
0152;2013;2454;2013
3338;2013;601;2013
2262;2013;3822;2013
0838;2013;78;2013
8517;2013;114;2013
8922;2013;534;2013
7472;2013;408;2013
7264;2013;892;2013
0398;2013;1240;2013
5865;2013;302;2013
7570;2013;745;2013
9405;2013;4301;2013
7311;2013;356;2013
6446;2013;260;2013
6887;2013;437;2013
3138;2013;185;2013
7727;2013;2160;2013
9304;2013;1208;2013
3815;2013;2101;2013
9813;2013;1361;2013
3948;2013;6107;2013
9469;2013;2862;2013
4995;2013;2545;2013
6696;2013;575;2013
0132;2013;705;2013
9787;2013;377;2013
4550;2013;47524;2013
7897;2013;1273;2013
7231;2013;582;2013
5551;2013;844;2013
5958;2013;562;2013
3505;2013;3061;2013
7281;2013;1115;2013
3837;2013;2326;2013
9796;2013;1413;2013
3292;2013;1069;2013
7914;2013;1379;2013
3048;2013;1253;2013
5099;2013;231;2013
1848;2013;253;2013
7527;2013;197;2013
1123;2013;1578;2013
4997;2013;1780;2013
8082;2013;40228;2013
1659;2013;4069;2013
2338;2013;18916;2013
2155;2013;916;2013
6586;2013;52506;2013
3109;2013;1351;2013
5919;2013;18703;2013
1991;2013;1641;2013
7970;2013;14046;2013
7794;2013;2918;2013
0603;2013;19204;2013
4932;2013;449;2013
9371;2013;11302;2013
9174;2013;4200;2013
3730;2013;353;2013
5069;2013;10261;2013
3617;2013;329;2013
2892;2013;4566;2013
3793;2013;792;2013
1906;2013;8928;2013
8029;2013;7374;2013
5654;2013;8389;2013
2923;2013;851;2013
8793;2013;10913;2013
0754;2013;1149;2013
7432;2013;479;2013
3187;2013;36536;2013
8473;2013;1375;2013
3668;2013;610;2013
7376;2013;52331;2013
7493;2013;1970;2013
9893;2013;21596;2013
5491;2013;4149;2013
1862;2013;14508;2013
6584;2013;470;2013
1449;2013;12625;2013
4759;2013;21665;2013
6995;2013;6117;2013
0431;2013;1928;2013
0650;2013;6001;2013
9002;2013;23906;2013
1242;2013;1283;2013
1895;2013;742;2013
3960;2013;19866;2013
4718;2013;84181;2013
4509;2013;383;2013
7531;2013;6233;2013
7630;2013;13362;2013
9850;2013;1029;2013
5174;2013;1486;2013
7166;2013;921;2013
9991;2013;7477;2013
6536;2013;795;2013
3560;2013;7166;2013
1913;2013;41087;2013
0667;2013;3158;2013
2684;2013;22112;2013
5711;2013;11599;2013
8416;2013;1371;2013
1398;2013;2195;2013
4257;2013;5316;2013
1250;2013;8652;2013
9352;2013;40343;2013
3928;2013;2037;2013
5872;2013;2674;2013
0841;2013;8453;2013
3969;2013;1487;2013
3249;2013;1968;2013
0960;2013;1922;2013
6278;2013;47073;2013
1597;2013;6714;2013
0165;2013;21461;2013
8028;2013;12709;2013
7577;2013;271;2013
9200;2013;806;2013
7449;2013;2390;2013
5727;2013;60810;2013
5196;2013;1154;2013
4305;2013;10116;2013
5618;2013;10073;2013
3841;2013;774;2013
8371;2013;191;2013
0854;2013;376;2013
7161;2013;16267;2013
4072;2013;268;2013
2646;2013;11505;2013
5724;2013;995;2013
3501;2013;752;2013
3895;2013;2760303;2013
5016;2013;1390;2013
4283;2013;7223;2013
3046;2013;944;2013
4501;2013;1567;2013
5287;2013;3001;2013
9057;2013;18301;2013
3566;2013;4861;2013
8935;2013;3713;2013
6619;2013;3288;2013
1597;2013;174;2013
8581;2013;9299;2013
2313;2013;9092;2013
6440;2013;54723;2013
2671;2013;5198;2013
7793;2013;1084;2013
9862;2013;5538;2013
9396;2013;297;2013
7183;2013;299;2013
9131;2013;15413;2013
2667;2013;53243;2013
9435;2013;4021;2013
5375;2013;169;2013
0351;2013;17466;2013
4985;2013;13397;2013
9515;2013;38988;2013
0684;2013;46754;2013
9981;2013;37962;2013
6431;2013;14731;2013
8908;2013;72782;2013
9404;2013;30883;2013
1230;2013;70472;2013
4003;2013;1618;2013
3826;2013;638;2013
7046;2013;4492;2013
1568;2013;36148;2013
3114;2013;11073;2013
9130;2013;38364;2013
1642;2013;37436;2013
2033;2013;20975;2013
0970;2013;10533;2013
6174;2013;122284;2013
2423;2013;4160;2013
1331;2013;3071;2013
1345;2013;19943;2013
1013;2013;6230;2013
2214;2013;4028;2013
1023;2013;14573;2013
1563;2013;3258;2013
9808;2013;14187;2013
3662;2013;1241;2013
4927;2013;4657;2013
1656;2013;1145;2013
5035;2013;1152;2013
3721;2013;19626;2013
6307;2013;9252;2013
6104;2013;6925;2013
9962;2013;9718;2013
4710;2013;24420;2013
8186;2013;7400;2013
4897;2013;3386;2013
7401;2013;2937;2013
5876;2013;44473;2013
7454;2013;712;2013
3174;2013;260;2013
4662;2013;1935;2013
9573;2013;28875;2013
7134;2013;2778;2013
7258;2013;4369;2013
8135;2013;21418;2013
2368;2013;5314;2013
5217;2013;5770;2013
2884;2013;2349;2013
2398;2013;7325;2013
8889;2013;4396;2013
6376;2013;2652;2013
0535;2013;771;2013
1885;2013;8911;2013
7934;2013;2797;2013
4273;2013;1760;2013
3769;2013;593;2013
2708;2013;2847;2013
4187;2013;34357;2013
3207;2013;3497;2013
8819;2013;877;2013
9148;2013;3935;2013
4500;2013;4842;2013
0610;2013;23230;2013
0302;2013;8674;2013
4090;2013;7915;2013
5176;2013;1901;2013
6784;2013;990;2013
9886;2013;706;2013
3838;2013;1644;2013
5646;2013;3890;2013
7328;2013;568;2013
9996;2013;21027;2013
0689;2013;567;2013
9774;2013;10024;2013
1111;2013;2982;2013
1479;2013;1303;2013
8443;2013;46460;2013
8358;2013;2130;2013
7370;2013;1241;2013
5444;2013;2401;2013
3728;2013;1615;2013
0140;2013;11844;2013
7118;2013;12957;2013
5710;2013;3274;2013
6362;2013;8218;2013
1606;2013;1496;2013
3072;2013;3198;2013
8889;2013;1547;2013
1469;2013;1239;2013
9312;2013;2980;2013
3244;2013;6395;2013
3812;2013;4678;2013
4058;2013;2576;2013
6809;2013;4278;2013
8006;2013;13237;2013
8043;2013;1171;2013
6134;2013;5312;2013
5828;2013;949;2013
3317;2013;7403;2013
2138;2013;368;2013
6342;2013;2114;2013
7054;2013;3162;2013
7104;2013;3425;2013
0257;2013;996;2013
1068;2013;1527;2013
0186;2013;1930;2013
1030;2013;6279;2013
5978;2013;1419;2013
5042;2013;2628;2013
3938;2013;3076;2013
6770;2013;752;2013
2210;2013;2621;2013
1249;2013;26225;2013
5679;2013;2478;2013
5901;2013;4897;2013
6444;2013;439;2013
9926;2013;1392;2013
0598;2013;4670;2013
3218;2013;1831;2013
6404;2013;1695;2013
2762;2013;2711;2013
5375;2013;986;2013
6558;2013;1617;2013
6404;2013;20533;2013
2083;2013;804;2013
8421;2013;2262;2013
0226;2013;1257;2013
7672;2013;2657;2013
0989;2013;1702;2013
8595;2013;360;2013
0556;2013;1396;2013
3172;2013;7618;2013
1268;2013;4880;2013
0079;2013;5338;2013
8518;2013;52743;2013
4328;2013;2234;2013
7783;2013;5948;2013
6782;2013;1776;2013
0404;2013;5665;2013
9577;2013;5718;2013
0171;2013;1949;2013
3014;2013;5622;2013
4356;2013;9893;2013
3864;2013;1557;2013
6030;2013;18822;2013
3159;2013;7071;2013
2291;2013;7411;2013
3569;2013;13800;2013
5127;2013;21303;2013
5584;2013;10196;2013
9044;2013;8559;2013
0685;2013;76505;2013
4785;2013;1621;2013
3231;2013;1180;2013
7729;2013;1511;2013
3439;2013;3885;2013
9413;2013;24208;2013
2077;2013;5039;2013
7370;2013;8766;2013
6508;2013;409;2013
4670;2013;1266;2013
6894;2013;7079;2013
7843;2013;2150;2013
7113;2013;838;2013
6781;2013;1466;2013
9244;2013;4888;2013
8580;2013;8979;2013
1290;2013;629;2013
1131;2013;2179;2013
9275;2013;646;2013
4234;2013;3634;2013
0500;2013;6996;2013
9776;2013;11204;2013
5888;2013;707;2013
5891;2013;1165;2013
5573;2013;15095;2013
6330;2013;10535;2013
6723;2013;39009;2013
2360;2013;39926;2013
3040;2013;2260;2013
0952;2013;3233;2013
7257;2013;27882;2013
8339;2013;26605;2013
6084;2013;11270;2013
0206;2013;3009;2013
4954;2013;2333;2013
4291;2013;11362;2013
9339;2013;4730;2013
4929;2013;2976;2013
3783;2013;6147;2013
2451;2013;1730;2013
9126;2013;7796;2013
2092;2013;1550;2013
7444;2013;1559;2013
8895;2013;1795;2013
6402;2013;1352;2013
2195;2013;7704;2013
4795;2013;2354;2013
5320;2013;3286;2013
0384;2013;3553;2013
7120;2013;899;2013
0055;2013;473;2013
1506;2013;1814;2013
1901;2013;13596;2013
1790;2013;17364;2013
4989;2013;1019;2013
6099;2013;13504;2013
7271;2013;22049;2013
7174;2013;937;2013
1312;2013;1988;2013
7852;2013;12164;2013
8351;2013;14288;2013
9201;2013;32951;2013
7297;2013;2699;2013
9668;2013;5408;2013
5227;2013;2277;2013
2007;2013;14189;2013
1870;2013;21917;2013
7652;2013;7492;2013
2119;2013;8334;2013
4301;2013;12537;2013
6991;2013;13984;2013
3939;2013;938;2013
6551;2013;18482;2013
5233;2013;6635;2013
4196;2013;932;2013
9014;2013;2789;2013
5469;2013;6862;2013
8249;2013;11754;2013
9698;2013;7298;2013
7200;2013;3745;2013
7814;2013;7803;2013
0481;2013;6820;2013
6867;2013;6482;2013
8972;2013;8212;2013
2218;2013;2852;2013
0381;2013;5769;2013
1195;2013;2686;2013
9610;2013;2052;2013
6568;2013;796;2013
8169;2013;2482;2013
8340;2013;60630;2013
4626;2013;1459;2013
9402;2013;2112;2013
0788;2013;1775;2013
3059;2013;2652;2013
5858;2013;1078;2013
8038;2013;1510;2013
3398;2013;1409;2013
3975;2013;934;2013
2547;2013;1516;2013
7795;2013;1282;2013
4357;2013;2579;2013
5730;2013;1305;2013
7176;2013;2070;2013
8035;2013;3440;2013
3530;2013;4017;2013
6637;2013;2461;2013
2750;2013;2503;2013
8586;2013;4165;2013
0522;2013;2817;2013
9049;2013;2235;2013
9892;2013;3692;2013
7656;2013;3468;2013
3090;2013;1407;2013
4545;2013;1226;2013
5738;2013;1093;2013
4921;2013;1864;2013
8164;2013;2406;2013
7871;2013;486;2013
0975;2013;5133;2013
3809;2013;4128;2013
5907;2013;1880;2013
2035;2013;4090;2013
1636;2013;1650;2013
9380;2013;1590;2013
5073;2013;13499;2013
3315;2013;4998;2013
2987;2013;4024;2013
7490;2013;2474;2013
7988;2013;2082;2013
0010;2013;2039;2013
8327;2013;1598;2013
1537;2013;2025;2013
8130;2013;562;2013
2535;2013;3082;2013
9153;2013;2641;2013
0289;2013;2204;2013
7611;2013;1387;2013
6384;2013;1228;2013
6623;2013;4961;2013
3386;2013;9874;2013
7653;2013;3011;2013
9590;2013;3147;2013
8833;2013;2268;2013
2955;2013;2145;2013
3043;2013;835;2013
1870;2013;3448;2013
1840;2013;1261;2013
0421;2013;907;2013
2242;2013;3744;2013
3108;2013;4076;2013
2410;2013;952;2013
3786;2013;11262;2013
0134;2013;4350;2013
2448;2013;651;2013
1266;2013;3903;2013
9987;2013;7318;2013
4911;2013;1531;2013
1549;2013;3427;2013
9905;2013;2978;2013
7986;2013;628;2013
7117;2013;58274;2013
9106;2013;63851;2013
8316;2013;7516;2013
4666;2013;6807;2013
7310;2013;35025;2013
4675;2013;26777;2013
9609;2013;10134;2013
3981;2013;27972;2013
5305;2013;10385;2013
6161;2013;16127;2013
2212;2013;37636;2013
9831;2013;12725;2013
3276;2013;5301;2013
0628;2013;7093;2013
6495;2013;2351;2013
1983;2013;22046;2013
8354;2013;49552;2013
3842;2013;3308;2013
8488;2013;8326;2013
1823;2013;13480;2013
5267;2013;18511;2013
5932;2013;3871;2013
1384;2013;77579;2013
8099;2013;65699;2013
9214;2013;7661;2013
2290;2013;18576;2013
3311;2013;12706;2013
7406;2013;7241;2013
4494;2013;1836;2013
2191;2013;12421;2013
0814;2013;17451;2013
3882;2013;29808;2013
0417;2013;16061;2013
6321;2013;117647;2013
6424;2013;29373;2013
8769;2013;18015;2013
1402;2013;19000;2013
0768;2013;4778;2013
0191;2013;6237;2013
7109;2013;1629;2013
6525;2013;58586;2013
2623;2013;7717;2013
5752;2013;29974;2013
8362;2013;14088;2013
7992;2013;37124;2013
2511;2013;7991;2013
7043;2013;13024;2013
2636;2013;34516;2013
9441;2013;964313;2013
1853;2013;33868;2013
0227;2013;23777;2013
6708;2013;14902;2013
3354;2013;13166;2013
5394;2013;5979;2013
2007;2013;21772;2013
0156;2013;13524;2013
7093;2013;39890;2013
4303;2013;25404;2013
6013;2013;55228;2013
4339;2013;81189;2013
2559;2013;10355;2013
4345;2013;25071;2013
1590;2013;39538;2013
8936;2013;53671;2013
3315;2013;7135;2013
0144;2013;11530;2013
1538;2013;45489;2013
1713;2013;28267;2013
9480;2013;3503;2013
6395;2013;9356;2013
1482;2013;9083;2013
7405;2013;27898;2013
9133;2013;33921;2013
9318;2013;19656;2013
3696;2013;6465;2013
8775;2013;15742;2013
4791;2013;5880;2013
4432;2013;3192;2013
6664;2013;34798;2013
9556;2013;16537;2013
6518;2013;8267;2013
4648;2013;17976;2013
5080;2013;42715;2013
6611;2013;85939;2013
2070;2013;3691;2013
3794;2013;20861;2013
8729;2013;30710;2013
9036;2013;4491;2013
2063;2013;23342;2013
9788;2013;11769;2013
2131;2013;9094;2013
0421;2013;5499;2013
8723;2013;4049;2013
0831;2013;4291;2013
6485;2013;1988;2013
1450;2013;1759;2013
7365;2013;22624;2013
5931;2013;10972;2013
3890;2013;7920;2013
5500;2013;55353;2013
8043;2013;3268;2013
2951;2013;4698;2013
1573;2013;3867;2013
7774;2013;2518;2013
8104;2013;335;2013
3340;2013;2484;2013
0517;2013;4802;2013
3488;2013;1146;2013
2828;2013;3528;2013
4879;2013;2406;2013
7239;2013;1464;2013
0937;2013;1876;2013
0746;2013;975;2013
3663;2013;1143;2013
6888;2013;2052;2013
1700;2013;1669;2013
3430;2013;9699;2013
7261;2013;2579;2013
6074;2013;509;2013
6024;2013;2305;2013
3106;2013;3031;2013
6343;2013;1406;2013
3990;2013;1922;2013
5501;2013;2944;2013
7042;2013;3235;2013
3896;2013;5438;2013
0394;2013;3898;2013
3349;2013;3550;2013
2633;2013;724;2013
1148;2013;8261;2013
1256;2013;1911;2013
8729;2013;1776;2013
0825;2013;2507;2013
2465;2013;1611;2013
2934;2013;3533;2013
5111;2013;6287;2013
0681;2013;1232;2013
7453;2013;3157;2013
7196;2013;1728;2013
6840;2013;1906;2013
9169;2013;12339;2013
9585;2013;7728;2013
3786;2013;433;2013
0056;2013;3838;2013
2940;2013;3367;2013
9575;2013;11842;2013
4461;2013;2271;2013
2382;2013;1388;2013
9536;2013;7871;2013
0089;2013;2951;2013
6348;2013;5354;2013
5660;2013;806;2013
4120;2013;1317;2013
4535;2013;1667;2013
2983;2013;5360;2013
6004;2013;4195;2013
6764;2013;2113;2013
6255;2013;1849;2013
2187;2013;684;2013
4254;2013;2440;2013
1398;2013;311;2013
2415;2013;2348;2013
7281;2013;1561;2013
9911;2013;3024;2013
8428;2013;3820;2013
9311;2013;1924;2013
9082;2013;2059;2013
4554;2013;2336;2013
4116;2013;867;2013
8084;2013;3605;2013
9594;2013;770;2013
5865;2013;1183;2013
9153;2013;4798;2013
4659;2013;2583;2013
8989;2013;786;2013
5378;2013;1568;2013
1929;2013;1671;2013
9333;2013;1426;2013
0432;2013;1601;2013
4602;2013;840;2013
7449;2013;735;2013
1046;2013;4135;2013
4343;2013;1342;2013
7802;2013;2249;2013
4722;2013;1167;2013
1053;2013;1287;2013
0250;2013;935;2013
4994;2013;7048;2013
1867;2013;3051;2013
2135;2013;12501;2013
1034;2013;576;2013
6968;2013;3688;2013
6733;2013;3093;2013
3678;2013;1660;2013
7662;2013;1564;2013
4115;2013;2415;2013
2061;2013;1535;2013
5685;2013;2188;2013
0416;2013;1362;2013
2199;2013;546;2013
0025;2013;1020;2013
9641;2013;902;2013
9136;2013;2803;2013
1237;2013;1418;2013
1566;2013;2530;2013
0366;2013;985;2013
9992;2013;1733;2013
4183;2013;3587;2013
2142;2013;1142;2013
1409;2013;19474;2013
4968;2013;2834;2013
7665;2013;21160;2013
2302;2013;6505;2013
8222;2013;1058;2013
4817;2013;7046;2013
7001;2013;5139;2013
7655;2013;33078;2013
7339;2013;1568;2013
4528;2013;5766;2013
0072;2013;2314;2013
1206;2013;864;2013
6828;2013;2376;2013
9298;2013;16843;2013
8494;2013;50662;2013
7467;2013;824;2013
4087;2013;5540;2013
9179;2013;5170;2013
5398;2013;2572;2013
4297;2013;2793;2013
9092;2013;1569;2013
5768;2013;6999;2013
3035;2013;16406;2013
1530;2013;443;2013
7503;2013;1059;2013
0263;2013;22867;2013
8232;2013;1195;2013
5703;2013;1444;2013
7096;2013;5187;2013
5545;2013;1975;2013
6340;2013;1764;2013
4332;2013;8598;2013
0593;2013;2689;2013
0638;2013;612;2013
5851;2013;13523;2013
2937;2013;2535;2013
4074;2013;1411;2013
5311;2013;53467;2013
6166;2013;1969;2013
7508;2013;5225;2013
4579;2013;2483;2013
9681;2013;2236;2013
3734;2013;1231;2013
1580;2013;3694;2013
1281;2013;715;2013
7461;2013;880;2013
9342;2013;3372;2013
7318;2013;2586;2013
9663;2013;604;2013
6631;2013;584;2013
5727;2013;38941;2013
5341;2013;1281;2013
6874;2013;13783;2013
8817;2013;830;2013
8506;2013;1236;2013
0750;2013;5282;2013
6125;2013;11985;2013
9883;2013;1321;2013
7006;2013;1237;2013
3430;2013;1029;2013
7442;2013;1192;2013
4538;2013;1638;2013
2220;2013;824;2013
6766;2013;1478;2013
2415;2013;1098;2013
2957;2013;712;2013
6714;2013;5570;2013
3331;2013;22193;2013
6624;2013;2792;2013
1887;2013;1876;2013
4423;2013;2149;2013
2510;2013;2621;2013
8816;2013;10526;2013
1614;2013;12823;2013
1659;2013;551;2013
6911;2013;1601;2013
2217;2013;6821;2013
1938;2013;695;2013
9447;2013;46211;2013
6625;2013;24247;2013
7132;2013;2315;2013
2426;2013;2263;2013
7239;2013;6847;2013
6214;2013;3874;2013
1008;2013;1640;2013
5503;2013;1125;2013
6115;2013;675;2013
1141;2013;5288;2013
9763;2013;35439;2013
2980;2013;4050;2013
0374;2013;10825;2013
8138;2013;1765;2013
9994;2013;983;2013
1585;2013;692;2013
4697;2013;1173;2013
7654;2013;1367;2013
2380;2013;2709;2013
0811;2013;5279;2013
1653;2013;2407;2013
1891;2013;25843;2013
6531;2013;3939;2013
2433;2013;2192;2013
6706;2013;2072;2013
0409;2013;1051;2013
9350;2013;2500;2013
9286;2013;1177;2013
1579;2013;7303;2013
5575;2013;1727;2013
3133;2013;9102;2013
5882;2013;1615;2013
6700;2013;398;2013
1813;2013;804;2013
6883;2013;855;2013
6570;2013;523;2013
6928;2013;12465;2013
7851;2013;1960;2013
8517;2013;135331;2013
5976;2013;571;2013
3872;2013;6604;2013
9015;2013;3804;2013
0525;2013;4373;2013
0237;2013;2598;2013
1894;2013;10341;2013
2807;2013;939;2013
0544;2013;623;2013
5134;2013;1734;2013
9585;2013;1740;2013
3605;2013;3163;2013
6091;2013;669;2013
1435;2013;2759;2013
2451;2013;8900;2013
9193;2013;454;2013
1563;2013;10814;2013
7442;2013;2658;2013
2001;2013;6836;2013
0006;2013;31187;2013
7559;2013;5061;2013
8723;2013;50578;2013
8627;2013;1549;2013
2296;2013;339;2013
0330;2013;4028;2013
0424;2013;1372;2013
5692;2013;10053;2013
1133;2013;3357;2013
5173;2013;773;2013
2800;2013;912;2013
8655;2013;8055;2013
4617;2013;1862;2013
0132;2013;1269;2013
0329;2013;2168;2013
2173;2013;538;2013
8260;2013;4128;2013
4361;2013;1669;2013
6021;2013;261;2013
3214;2013;8659;2013
7850;2013;1701;2013
5428;2013;3287;2013
5175;2013;8078;2013
0220;2013;13240;2013
2232;2013;346;2013
5166;2013;1442;2013
9500;2013;865;2013
4329;2013;354;2013
9252;2013;1205;2013
0845;2013;42021;2013
8420;2013;3599;2013
5883;2013;723;2013
4864;2013;1903;2013
1069;2013;728;2013
5929;2013;248;2013
1210;2013;1138;2013
3144;2013;1423;2013
4433;2013;133;2013
9040;2013;856;2013
7245;2013;582;2013
9030;2013;1008;2013
6995;2013;268;2013
6574;2013;914;2013
9626;2013;5293;2013
6391;2013;687;2013
6151;2013;236;2013
5707;2013;559;2013
7863;2013;88;2013
7935;2013;5571;2013
0313;2013;459;2013
8838;2013;328;2013
4298;2013;6453;2013
1005;2013;1124;2013
3194;2013;161;2013
2942;2013;1019;2013
7991;2013;11011;2013
1647;2013;1657;2013
3454;2013;1000;2013
4906;2013;304;2013
4518;2013;3324;2013
6044;2013;245;2013
9435;2013;917;2013
0194;2013;1285;2013
2092;2013;239;2013
9499;2013;1081;2013
6437;2013;436;2013
8595;2013;404;2013
7066;2013;722;2013
1490;2013;261;2013
4035;2013;2056;2013
2376;2013;590;2013
1068;2013;2110;2013
9064;2013;70464;2013
4694;2013;1729;2013
8647;2013;5959;2013
4425;2013;1079;2013
9185;2013;3781;2013
5331;2013;1488;2013
2078;2013;405;2013
4084;2013;2714;2013
2701;2013;1500;2013
0036;2013;585;2013
6036;2013;1140;2013
8978;2013;504;2013
9042;2013;423;2013
3576;2013;1246;2013
1661;2013;557;2013
9993;2013;1866;2013
3767;2013;1251;2013
5874;2013;1197;2013
1547;2013;720;2013
1585;2013;2236;2013
7943;2013;4163;2013
0623;2013;1183;2013
8484;2013;1376;2013
4355;2013;4125;2013
4565;2013;1122;2013
6544;2013;510;2013
6736;2013;7693;2013
5962;2013;969;2013
9925;2013;2832;2013
0009;2013;701;2013
3068;2013;690;2013
1067;2013;874;2013
6186;2013;497;2013
5452;2013;1533;2013
9610;2013;191;2013
9100;2013;1616;2013
7609;2013;3917;2013
0984;2013;122;2013
4918;2013;1813;2013
2122;2013;702;2013
8133;2013;1198;2013
9441;2013;410;2013
6988;2013;115;2013
0389;2013;2403;2013
6765;2013;1948;2013
3541;2013;572;2013
0036;2013;3626;2013
3815;2013;2829;2013
3410;2013;380;2013
9278;2013;24908;2013
4574;2013;6987;2013
6548;2013;325;2013
9607;2013;3183;2013
4430;2013;6242;2013
1994;2013;579;2013
9897;2013;131;2013
2153;2013;438;2013
7329;2013;945;2013
5246;2013;671;2013
1945;2013;900;2013
5964;2013;12186;2013
9192;2013;1893;2013
1360;2013;841;2013
1814;2013;10906;2013
8534;2013;2438;2013
0440;2013;7180;2013
8746;2013;2005;2013
4239;2013;7186;2013
7371;2013;1975;2013
1590;2013;500;2013
1757;2013;7434;2013
6808;2013;1177;2013
6851;2013;2343;2013
7942;2013;1558;2013
9394;2013;2572;2013
3628;2013;1732;2013
7369;2013;5247;2013
0131;2013;2235;2013
6331;2013;3775;2013
8145;2013;2424;2013
1135;2013;4990;2013
9429;2013;675;2013
3022;2013;1359;2013
7722;2013;329;2013
0024;2013;23643;2013
0450;2013;4800;2013
5937;2013;1074;2013
5649;2013;8287;2013
7269;2013;3660;2013
4475;2013;9271;2013
0112;2013;5209;2013
1502;2013;6829;2013
0982;2013;1703;2013
4851;2013;293;2013
1092;2013;14881;2013
7982;2013;557;2013
2664;2013;25495;2013
3618;2013;9787;2013
2024;2013;5397;2013
6259;2013;15588;2013
8396;2013;54757;2013
2171;2013;1651;2013
3803;2013;2694;2013
9731;2013;11218;2013
1359;2013;1402;2013
7532;2013;1026;2013
6579;2013;15975;2013
4014;2013;406;2013
5275;2013;3561;2013
9583;2013;1137;2013
9862;2013;312;2013
9116;2013;2621;2013
4127;2013;4061;2013
9893;2013;2001;2013
0819;2013;680;2013
5745;2013;835;2013
0253;2013;1418;2013
8178;2013;10684;2013
0216;2013;14821;2013
8798;2013;1301;2013
0959;2013;1850;2013
9847;2013;6015;2013
7324;2013;274;2013
9615;2013;1559;2013
3097;2013;1712;2013
4721;2013;1557;2013
0704;2013;2995;2013
4993;2013;7553;2013
2626;2013;7045;2013
5012;2013;982;2013
5815;2013;52392;2013
2564;2013;3255;2013
7621;2013;1864;2013
1943;2013;12563;2013
3332;2013;121760;2013
3464;2013;515;2013
0484;2013;8535;2013
5580;2013;1372;2013
7710;2013;498;2013
0393;2013;5312;2013
0563;2013;1006;2013
7943;2013;3912;2013
8034;2013;322;2013
4182;2013;279;2013
3973;2013;1935;2013
3407;2013;3852;2013
8874;2013;590;2013
0138;2013;19055;2013
6676;2013;2716;2013
9177;2013;3152;2013
1122;2013;884;2013
3297;2013;397;2013
1818;2013;725;2013
3302;2013;2942;2013
5443;2013;2249;2013
3915;2013;1148;2013
7167;2013;1146;2013
9761;2013;10818;2013
2605;2013;837;2013
5091;2013;367;2013
0774;2013;5321;2013
3819;2013;93;2013
9124;2013;1435;2013
8539;2013;636;2013
5642;2013;624;2013
5381;2013;1344;2013
6687;2013;962;2013
0149;2013;6240;2013
0004;2013;3144;2013
0350;2013;5849;2013
8861;2013;4341;2013
0721;2013;393;2013
9829;2013;1841;2013
6778;2013;948;2013
5668;2013;52367;2013
4613;2013;356;2013
7214;2013;857;2013
2952;2013;207;2013
0465;2013;528;2013
2341;2013;2923;2013
3922;2013;4881;2013
8476;2013;366;2013
9639;2013;1930;2013
6920;2013;1486;2013
5328;2013;1010;2013
1407;2013;6320;2013
0895;2013;371;2013
1125;2013;24518;2013
1486;2013;1017;2013
4882;2013;1813;2013
9896;2013;1038;2013
5604;2013;327;2013
4701;2013;1515;2013
6462;2013;2917;2013
8874;2013;1281;2013
5009;2013;9228;2013
5631;2013;434;2013
3710;2013;1333;2013
9494;2013;35656;2013
6165;2013;723;2013
1285;2013;379;2013
1795;2013;717;2013
7343;2013;4929;2013
4634;2013;995;2013
2862;2013;135;2013
2680;2013;90;2013
9986;2013;719;2013
2122;2013;2510;2013
1032;2013;2358;2013
4460;2013;4035;2013
8737;2013;23517;2013
7797;2013;4440;2013
6299;2013;1395;2013
7780;2013;947;2013
1930;2013;1043;2013
0200;2013;294;2013
0312;2013;517;2013
4826;2013;1652;2013
9206;2013;1206;2013
9473;2013;898;2013
1680;2013;2276;2013
1259;2013;966;2013
4453;2013;838;2013
2985;2013;1339;2013
1629;2013;4140;2013
2198;2013;1763;2013
6995;2013;2379;2013
0060;2013;1287;2013
0066;2013;1386;2013
8107;2013;95;2013
2305;2013;256;2013
2693;2013;1020;2013
6722;2013;204;2013
7311;2013;13394;2013
4080;2013;960;2013
6996;2013;19611;2013
7079;2013;1957;2013
8273;2013;2476;2013
0004;2013;5349;2013
2545;2013;3315;2013
5688;2013;910;2013
8984;2013;384;2013
9591;2013;4086;2013
1175;2013;3018;2013
5279;2013;1860;2013
2887;2013;876;2013
6762;2013;4245;2013
1143;2013;1379;2013
8695;2013;1612;2013
4377;2013;437;2013
2727;2013;1675;2013
3449;2013;40429;2013
1285;2013;973;2013
7324;2013;2439;2013
2298;2013;1393;2013
3672;2013;132;2013
0991;2013;136;2013
5993;2013;674;2013
9947;2013;2688;2013
6298;2013;8034;2013
2796;2013;1461;2013
8102;2013;1324;2013
1117;2013;48931;2013
7010;2013;667;2013
7217;2013;2587;2013
4253;2013;878;2013
6760;2013;7416;2013
2764;2013;2178;2013
0649;2013;566;2013
2235;2013;321;2013
5442;2013;547;2013
6196;2013;1572;2013
9572;2013;989;2013
9107;2013;3823;2013
7935;2013;678;2013
8933;2013;414;2013
6946;2013;813;2013
9050;2013;1994;2013
4681;2013;439;2013
7727;2013;3273;2013
3337;2013;1382;2013
6825;2013;1486;2013
7548;2013;819;2013
5261;2013;1062;2013
7156;2013;794;2013
9461;2013;5425;2013
7729;2013;1776;2013
7652;2013;6969;2013
2662;2013;779;2013
5628;2013;709;2013
8724;2013;523;2013
7323;2013;594;2013
5053;2013;1210;2013
4211;2013;1112;2013
4272;2013;2165;2013
1999;2013;182;2013
2140;2013;538;2013
6236;2013;1135;2013
9190;2013;1384;2013
5674;2013;1597;2013
7631;2013;365;2013
2928;2013;418;2013
3125;2013;6782;2013
6629;2013;441;2013
8400;2013;625;2013
8849;2013;1654;2013
8179;2013;1766;2013
4006;2013;3661;2013
5154;2013;1205;2013
2809;2013;1386;2013
0789;2013;231;2013
1136;2013;2554;2013
0324;2013;119;2013
0393;2013;5307;2013
9604;2013;517;2013
8270;2013;3152;2013
0439;2013;793;2013
7399;2013;1189;2013
2595;2013;723;2013
8460;2013;204;2013
3719;2013;667;2013
0822;2013;1429;2013
4484;2013;609;2013
0508;2013;1035;2013
0477;2013;1055;2013
6520;2013;4807;2013
3299;2013;883;2013
2841;2013;467;2013
3670;2013;4563;2013
8688;2013;349;2013
2452;2013;1873;2013
3707;2013;2005;2013
8338;2013;1368;2013
9697;2013;761;2013
6345;2013;33152;2013
7316;2013;816;2013
0582;2013;1438;2013
6983;2013;4767;2013
5163;2013;947;2013
6494;2013;2778;2013
4776;2013;3289;2013
7359;2013;2429;2013
7469;2013;1001;2013
0140;2013;1548;2013
5024;2013;13416;2013
6715;2013;6289;2013
6444;2013;2830;2013
9297;2013;3448;2013
8365;2013;7370;2013
8096;2013;2693;2013
0017;2013;6588;2013
7114;2013;1047;2013
0494;2013;4315;2013
3611;2013;1608;2013
9321;2013;1872;2013
4736;2013;2162;2013
7854;2013;1303;2013
4861;2013;1496;2013
4171;2013;1661;2013
4132;2013;165;2013
9196;2013;57952;2013
5173;2013;1718;2013
8521;2013;3880;2013
0981;2013;650;2013
2545;2013;151956;2013
4608;2013;4420;2013
1780;2013;466;2013
1534;2013;6333;2013
7870;2013;33960;2013
5377;2013;57235;2013
4796;2013;6440;2013
4107;2013;1030;2013
1273;2013;12899;2013
9412;2013;768;2013
0056;2013;2808;2013
2381;2013;17703;2013
7043;2013;840;2013
3895;2013;4477;2013
6453;2013;2761;2013
8824;2013;2804;2013
3968;2013;2135;2013
4654;2013;1886;2013
4471;2013;3687;2013
0521;2013;1101;2013
8788;2013;27439;2013
1973;2013;14112;2013
6249;2013;1036;2013
3574;2013;15657;2013
1604;2013;5848;2013
3046;2013;53725;2013
1326;2013;2047;2013
3541;2013;4054;2013
8629;2013;5572;2013
8122;2013;5237;2013
0084;2013;17421;2013
2450;2013;7293;2013
0822;2013;7805;2013
1885;2013;13854;2013
9970;2013;466;2013
3471;2013;1742;2013
5651;2013;2730;2013
7458;2013;3409;2013
0242;2013;20775;2013
8139;2013;17100;2013
8232;2013;10894;2013
3700;2013;70036;2013
4097;2013;318513;2013
6537;2013;2222;2013
9452;2013;12012;2013
3365;2013;55509;2013
9815;2013;11258;2013
1052;2013;15671;2013
4318;2013;19673;2013
1974;2013;14620;2013
1282;2013;19583;2013
9108;2013;5831;2013
4204;2013;25951;2013
3426;2013;48276;2013
9351;2013;28021;2013
2824;2013;20337;2013
7214;2013;43981;2013
3018;2013;13014;2013
1791;2013;14238;2013
2364;2013;38686;2013
9399;2013;26080;2013
9733;2013;59941;2013
8253;2013;49226;2013
5967;2013;19268;2013
7925;2013;25963;2013
7126;2013;21722;2013
4436;2013;1401;2013
0865;2013;17922;2013
1539;2013;26982;2013
8522;2013;18570;2013
8254;2013;25642;2013
2339;2013;6622;2013
7931;2013;9826;2013
8521;2013;26737;2013
2294;2013;27054;2013
3502;2013;8591;2013
1386;2013;27360;2013
3998;2013;13268;2013
9786;2013;18119;2013
1707;2013;6934;2013
9347;2013;7056;2013
3148;2013;17055;2013
3004;2013;13727;2013
0642;2013;3570;2013
4128;2013;5321;2013
5030;2013;22670;2013
1219;2013;32312;2013
1716;2013;15277;2013
3135;2013;8052;2013
1769;2013;10157;2013
4069;2013;31550;2013
7194;2013;49407;2013
0687;2013;5418;2013
9935;2013;32665;2013
7460;2013;5589;2013
4326;2013;4033;2013
8486;2013;2392;2013
9603;2013;16090;2013
8616;2013;7854;2013
9641;2013;16084;2013
2690;2013;11275;2013
1453;2013;1823;2013
5598;2013;15649;2013
1944;2013;9282;2013
5686;2013;16459;2013
8582;2013;198612;2013
9252;2013;4261;2013
3200;2013;14222;2013
0135;2013;88917;2013
6192;2013;16560;2013
0201;2013;20336;2013
8384;2013;6793;2013
1688;2013;11718;2013
6284;2013;8889;2013
7854;2013;39561;2013
9378;2013;36782;2013
3820;2013;14882;2013
0505;2013;27373;2013
6667;2013;15446;2013
5577;2013;31993;2013
0443;2013;6848;2013
5343;2013;6389;2013
6779;2013;10168;2013
9393;2013;14130;2013
0790;2013;19419;2013
3366;2013;5408;2013
7645;2013;10646;2013
1455;2013;9236;2013
6990;2013;4851;2013
6923;2013;6423;2013
7894;2013;5753;2013
5298;2013;6726;2013
7116;2013;4941;2013
5803;2013;9639;2013
5612;2013;4071;2013
7446;2013;1860;2013
7498;2013;2831;2013
1807;2013;7208;2013
8786;2013;10555;2013
3484;2013;1715;2013
7074;2013;2541;2013
2405;2013;12175;2013
9866;2013;3855;2013
7274;2013;20449;2013
9451;2013;2946;2013
6246;2013;3960;2013
7689;2013;5370;2013
6543;2013;12561;2013
7891;2013;6240;2013
5317;2013;24426;2013
4134;2013;5864;2013
1202;2013;5569;2013
3571;2013;4228;2013
8074;2013;9189;2013
4238;2013;3037;2013
5981;2013;5264;2013
6466;2013;26996;2013
0682;2013;15770;2013
2188;2013;20860;2013
2665;2013;1242;2013
0433;2013;1965;2013
0291;2013;5870;2013
0291;2013;94791;2013
8041;2013;8654;2013
5030;2013;14164;2013
4162;2013;11794;2013
6639;2013;14506;2013
2478;2013;9358;2013
4921;2013;1709;2013
6286;2013;11696;2013
3099;2013;9837;2013
5488;2013;7243;2013
1026;2013;2232;2013
7990;2013;3637;2013
1285;2013;3715;2013
7428;2013;14026;2013
5283;2013;2692;2013
5676;2013;3405;2013
7671;2013;5044;2013
2643;2013;31878;2013
3019;2013;5427;2013
1267;2013;2375;2013
0457;2013;8088;2013
2252;2013;2323;2013
1936;2013;5653;2013
9724;2013;1531;2013
0919;2013;9251;2013
6891;2013;1679;2013
9594;2013;6105;2013
3605;2013;5478;2013
2878;2013;11018;2013
7265;2013;9801;2013
8721;2013;8509;2013
0704;2013;4776;2013
0223;2013;1461;2013
0889;2013;8347;2013
5772;2013;5852;2013
6390;2013;5980;2013
1977;2013;3615;2013
8239;2013;3021;2013
3303;2013;7020;2013
7759;2013;1898;2013
3306;2013;3999;2013
4551;2013;5563;2013
0953;2013;4850;2013
4246;2013;3772;2013
7842;2013;14356;2013
7645;2013;2360;2013
4054;2013;4505;2013
9883;2013;1692;2013
7829;2013;14995;2013
6797;2013;12065;2013
1311;2013;12350;2013
7107;2013;2865;2013
4330;2013;14618;2013
3296;2013;17580;2013
5014;2013;5245;2013
3960;2013;12581;2013
4580;2013;4489;2013
3085;2013;14337;2013
2746;2013;7264;2013
9545;2013;2061;2013
7747;2013;2063;2013
5637;2013;2445;2013
1153;2013;6008;2013
1894;2013;1555;2013
6422;2013;2452;2013
8735;2013;1460;2013
0954;2013;1757;2013
9765;2013;660;2013
4769;2013;3821;2013
4804;2013;11647;2013
1526;2013;1857;2013
0544;2013;1373;2013
6030;2013;2663;2013
1247;2013;2882;2013
7113;2013;5210;2013
9325;2013;4105;2013
8776;2013;915;2013
3938;2013;1946;2013
0061;2013;410;2013
4751;2013;821;2013
4985;2013;1397;2013
5290;2013;662;2013
2232;2013;296;2013
8983;2013;978;2013
9630;2013;2165;2013
9788;2013;846;2013
9081;2013;825;2013
7742;2013;1442;2013
4521;2013;1105;2013
7426;2013;687;2013
0175;2013;1923;2013
3392;2013;2550;2013
6440;2013;1439;2013
0762;2013;620;2013
8087;2013;3031;2013
3055;2013;2139;2013
8176;2013;4287;2013
6307;2013;886;2013
9252;2013;5826;2013
6494;2013;1734;2013
6795;2013;563;2013
0670;2013;5602;2013
6582;2013;4673;2013
7074;2013;1883;2013
6271;2013;13044;2013
6546;2013;13645;2013
8354;2013;5172;2013
9652;2013;4276;2013
0116;2013;5449;2013
8173;2013;1735;2013
2060;2013;17621;2013
3407;2013;568;2013
5528;2013;4087;2013
1330;2013;1685;2013
8705;2013;1286;2013
1840;2013;5471;2013
4925;2013;1499;2013
7094;2013;935;2013
8779;2013;3810;2013
9102;2013;4987;2013
8342;2013;1969;2013
5089;2013;5999;2013
0977;2013;4190;2013
7025;2013;1060;2013
2350;2013;6918;2013
4318;2013;66704;2013
8734;2013;4405;2013
5060;2013;992;2013
5181;2013;13144;2013
4848;2013;1827;2013
5848;2013;2796;2013
7351;2013;1595;2013
9226;2013;3480;2013
4508;2013;3584;2013
6210;2013;1099;2013
3938;2013;1431;2013
0711;2013;1132;2013
2479;2013;751;2013
6989;2013;3076;2013
3893;2013;817;2013
1583;2013;1609;2013
1067;2013;1427;2013
0963;2013;6550;2013
6860;2013;1383;2013
4313;2013;824;2013
9008;2013;2382;2013
8373;2013;1148;2013
3049;2013;7095;2013
1821;2013;1509;2013
2982;2013;641;2013
0690;2013;1269;2013
2665;2013;7302;2013
6832;2013;3291;2013
6436;2013;3146;2013
1885;2013;2329;2013
9965;2013;693;2013
3628;2013;2095;2013
3885;2013;12005;2013
2410;2013;2864;2013
8270;2013;3089;2013
6975;2013;3246;2013
3184;2013;738;2013
7355;2013;3403;2013
3668;2013;1911;2013
4081;2013;1040;2013
1966;2013;12324;2013
6912;2013;769;2013
9042;2013;366;2013
6099;2013;1294;2013
0417;2013;745;2013
1083;2013;8790;2013
6109;2013;1097;2013
9256;2013;1025;2013
6299;2013;5303;2013
1502;2013;2316;2013
4530;2013;5015;2013
0810;2013;60433;2013
8385;2013;2518;2013
9956;2013;7338;2013
7987;2013;10036;2013
7498;2013;6679;2013
1844;2013;472;2013
6684;2013;17400;2013
6564;2013;16803;2013
6666;2013;4218;2013
7161;2013;2698;2013
4371;2013;2859;2013
2579;2013;1255;2013
0579;2013;1611;2013
1428;2013;4541;2013
1606;2013;5523;2013
9300;2013;5137;2013
2192;2013;1582;2013
1780;2013;7346;2013
7052;2013;1168;2013
4536;2013;1853;2013
6273;2013;21115;2013
5059;2013;1782;2013
2952;2013;811;2013
6690;2013;1376;2013
1120;2013;499;2013
5604;2013;712;2013
7159;2013;4432;2013
4560;2013;13892;2013
9084;2013;2986;2013
4229;2013;2867;2013
9782;2013;1981;2013
5532;2013;950;2013
0850;2013;9237;2013
3199;2013;1338;2013
1967;2013;10249;2013
8185;2013;1401;2013
8466;2013;2912;2013
5945;2013;2288;2013
5740;2013;1301;2013
9642;2013;1262;2013
6457;2013;1882;2013
3671;2013;778;2013
8228;2013;8446;2013
4296;2013;3355;2013
2733;2013;268;2013
9445;2013;2547;2013
0676;2013;17583;2013
0869;2013;2889;2013
5571;2013;10073;2013
0574;2013;335;2013
6354;2013;22351;2013
7468;2013;2872;2013
8584;2013;510;2013
9632;2013;2396;2013
3177;2013;3246;2013
0861;2013;869;2013
8954;2013;1340;2013
1416;2013;10130;2013
6187;2013;927;2013
9840;2013;1308;2013
5793;2013;1262;2013
6399;2013;39716;2013
8605;2013;67891;2013
6973;2013;1090;2013
1022;2013;9642;2013
2068;2013;5219;2013
3725;2013;4445;2013
6617;2013;933;2013
6743;2013;3943;2013
2708;2013;1368;2013
1646;2013;1134;2013
7008;2013;2182;2013
0600;2013;3042;2013
0161;2013;2957;2013
1137;2013;2215;2013
7961;2013;8072;2013
7085;2013;1711;2013
7482;2013;2254;2013
4629;2013;1866;2013
9546;2013;2599;2013
0811;2013;1991;2013
3359;2013;868;2013
2096;2013;969;2013
9328;2013;4017;2013
2379;2013;2264;2013
2541;2013;3345;2013
6500;2013;2553;2013
6003;2013;9461;2013
7812;2013;1260;2013
9158;2013;806;2013
2373;2013;1830;2013
3158;2013;2900;2013
2730;2013;1847;2013
0425;2013;3537;2013
3222;2013;3147;2013
8110;2013;986;2013
6846;2013;9268;2013
1555;2013;1635;2013
6698;2013;19540;2013
8744;2013;1944;2013
2522;2013;4738;2013
8798;2013;3117;2013
5829;2013;1232;2013
0460;2013;402;2013
6014;2013;2299;2013
4127;2013;1294;2013
7394;2013;1104;2013
6663;2013;349;2013
8807;2013;16146;2013
2168;2013;762;2013
6176;2013;2232;2013
2016;2013;1370;2013
8673;2013;1941;2013
6546;2013;867;2013
3317;2013;1434;2013
2390;2013;1350;2013
8163;2013;1169;2013
4092;2013;773;2013
5918;2013;6681;2013
2809;2013;34410;2013
0290;2013;3329;2013
8772;2013;7175;2013
6841;2013;5711;2013
4913;2013;4319;2013
6600;2013;1892;2013
9125;2013;36335;2013
1240;2013;1147;2013
6823;2013;3135;2013
6715;2013;1058;2013
5715;2013;1566;2013
5719;2013;606;2013
8737;2013;3638;2013
3970;2013;1405;2013
9596;2013;2698;2013
5092;2013;1341;2013
6832;2013;1503;2013
5284;2013;17579;2013
6282;2013;676;2013
9284;2013;3406;2013
1183;2013;5956;2013
4949;2013;7339;2013
8985;2013;1136;2013
6934;2013;1816;2013
8441;2013;490;2013
3442;2013;3677;2013
5465;2013;2171;2013
3426;2013;1241;2013
1160;2013;1250;2013
6249;2013;1922;2013
4204;2013;4884;2013
2169;2013;2736;2013
5644;2013;1692;2013
4163;2013;2155;2013
1501;2013;3887;2013
4966;2013;1084;2013
5554;2013;10705;2013
4634;2013;1249;2013
5118;2013;498;2013
2734;2013;997;2013
2636;2013;7030;2013
2874;2013;4514;2013
2200;2013;2105;2013
2778;2013;2077;2013
4561;2013;5039;2013
1208;2013;917;2013
2216;2013;4579;2013
2150;2013;6060;2013
7168;2013;8931;2013
6494;2013;2657;2013
5337;2013;1171;2013
6418;2013;3118;2013
7330;2013;5317;2013
0838;2013;2553;2013
6368;2013;969;2013
8829;2013;1835;2013
9328;2013;841;2013
8675;2013;782;2013
8792;2013;533;2013
0665;2013;3139;2013
5570;2013;1357;2013
3744;2013;7489;2013
4779;2013;5059;2013
0502;2013;1920;2013
1190;2013;2285;2013
4125;2013;1545;2013
7223;2013;89710;2013
9153;2013;570;2013
9582;2013;420;2013
3688;2013;1237;2013
8247;2013;5853;2013
2845;2013;972;2013
3399;2013;1411;2013
0099;2013;2165;2013
8062;2013;4554;2013
5252;2013;6755;2013
0251;2013;5500;2013
8301;2013;3168;2013
0411;2013;3955;2013
3812;2013;2069;2013
8533;2013;598;2013
0372;2013;506;2013
7817;2013;2094;2013
5464;2013;3406;2013
0791;2013;6073;2013
1937;2013;4629;2013
2658;2013;4621;2013
5552;2013;1624;2013
2035;2013;637;2013
9401;2013;1256;2013
3341;2013;4480;2013
6834;2013;444;2013
9053;2013;2284;2013
8982;2013;909;2013
8432;2013;1132;2013
9398;2013;780;2013
7399;2013;1649;2013
8499;2013;5047;2013
2959;2013;877;2013
5793;2013;4709;2013
1687;2013;547;2013
3841;2013;1233;2013
3828;2013;2173;2013
8991;2013;1156;2013
7869;2013;2672;2013
6500;2013;2578;2013
8396;2013;2235;2013
3199;2013;728;2013
8918;2013;1612;2013
4530;2013;4284;2013
7227;2013;1733;2013
4844;2013;1314;2013
6942;2013;2116;2013
4332;2013;2013;2013
1712;2013;1835;2013
1558;2013;3424;2013
8090;2013;525;2013
4550;2013;7248;2013
6486;2013;3195;2013
2973;2013;4692;2013
3494;2013;3072;2013
7436;2013;4613;2013
2790;2013;812;2013
7924;2013;8916;2013
4957;2013;3103;2013
2796;2013;1613;2013
3260;2013;3503;2013
1084;2013;2452;2013
3058;2013;2730;2013
2624;2013;3889;2013
3698;2013;1068;2013
8782;2013;1788;2013
3295;2013;1691;2013
4255;2013;69929;2013
8961;2013;3098;2013
4872;2013;571;2013
1679;2013;2252;2013
9063;2013;1354;2013
7748;2013;4889;2013
0185;2013;1065;2013
8528;2013;10394;2013
7159;2013;2491;2013
9844;2013;4180;2013
3448;2013;1366;2013
9429;2013;465;2013
0561;2013;8850;2013
4995;2013;4120;2013
1371;2013;3598;2013
7427;2013;1159;2013
9648;2013;937;2013
4105;2013;724;2013
0092;2013;4482;2013
9521;2013;396;2013
2971;2013;758;2013
4621;2013;534;2013
2657;2013;1714;2013
1623;2013;2351;2013
5414;2013;786;2013
7562;2013;7054;2013
2342;2013;569;2013
9509;2013;6517;2013
9827;2013;10288;2013
2945;2013;4992;2013
3736;2013;898;2013
3800;2013;3395;2013
5555;2013;1715;2013
1061;2013;736;2013
5876;2013;1056;2013
3403;2013;1732;2013
9874;2013;2710;2013
7186;2013;1927;2013
8668;2013;19231;2013
0708;2013;7083;2013
9745;2013;3166;2013
1905;2013;414;2013
6906;2013;5212;2013
7538;2013;12520;2013
0708;2013;2918;2013
1551;2013;6540;2013
5190;2013;1563;2013
3362;2013;552;2013
4033;2013;977;2013
5328;2013;5020;2013
4083;2013;11244;2013
4469;2013;2610;2013
7333;2013;3387;2013
4508;2013;6217;2013
4757;2013;6171;2013
8739;2013;5352;2013
6163;2013;2264;2013
1210;2013;18779;2013
5690;2013;582;2013
5105;2013;1199;2013
8735;2013;3763;2013
7699;2013;10634;2013
9980;2013;1218;2013
0361;2013;181171;2013
2369;2013;1940;2013
2229;2013;7852;2013
8565;2013;500;2013
8198;2013;6460;2013
9207;2013;1157;2013
5572;2013;14486;2013
2181;2013;818;2013
4002;2013;3091;2013
5662;2013;489;2013
5201;2013;2597;2013
3446;2013;3918;2013
0777;2013;1192;2013
3583;2013;544;2013
6363;2013;1806;2013
4089;2013;975;2013
1995;2013;627;2013
9925;2013;321;2013
8795;2013;4123;2013
9996;2013;1357;2013
7968;2013;1254;2013
5297;2013;946;2013
1308;2013;5022;2013
8540;2013;2794;2013
0617;2013;896;2013
8595;2013;17277;2013
2146;2013;2130;2013
3085;2013;261;2013
7650;2013;1337;2013
1081;2013;2615;2013
5444;2013;15484;2013
1204;2013;523;2013
1240;2013;2220;2013
1747;2013;13577;2013
1980;2013;4385;2013
8932;2013;45598;2013
8093;2013;3002;2013
8616;2013;6868;2013
8321;2013;11682;2013
3202;2013;15009;2013
7569;2013;31598;2013
9007;2013;5442;2013
3374;2013;28030;2013
3149;2013;4223;2013
5738;2013;4173;2013
2581;2013;82141;2013
6328;2013;51292;2013
0074;2013;11474;2013
5311;2013;7768;2013
7263;2013;10792;2013
4571;2013;1506;2013
4154;2013;1738;2013
4210;2013;10642;2013
9436;2013;5056;2013
1187;2013;4509;2013
1336;2013;69036;2013
9625;2013;12136;2013
1029;2013;2089;2013
2764;2013;7873;2013
9748;2013;3748;2013
6975;2013;2109;2013
6806;2013;1266;2013
7839;2013;7751;2013
4356;2013;10358;2013
8358;2013;55993;2013
4298;2013;6579;2013
4710;2013;2016;2013
2934;2013;11248;2013
9696;2013;4750;2013
6253;2013;4185;2013
4101;2013;1444;2013
0237;2013;7372;2013
2312;2013;8292;2013
9459;2013;4088;2013
4560;2013;525;2013
5060;2013;7165;2013
6994;2013;1316;2013
7206;2013;3471;2013
1204;2013;11205;2013
5940;2013;37801;2013
7859;2013;9090;2013
9185;2013;11481;2013
1964;2013;3498;2013
0400;2013;3154;2013
0592;2013;1033;2013
2409;2013;14319;2013
8343;2013;5403;2013
5503;2013;2936;2013
4206;2013;3804;2013
1617;2013;12191;2013
1646;2013;4057;2013
4759;2013;1812;2013
4546;2013;11310;2013
5295;2013;12436;2013
4634;2013;6949;2013
3465;2013;1884;2013
8844;2013;2323;2013
1410;2013;1993;2013
9851;2013;1202;2013
1661;2013;996;2013
9969;2013;1542;2013
5663;2013;7347;2013
3266;2013;3556;2013
4318;2013;6900;2013
4268;2013;6669;2013
2666;2013;2948;2013
4886;2013;28559;2013
1798;2013;38494;2013
8912;2013;6313;2013
0755;2013;3464;2013
0959;2013;2185;2013
5878;2013;661599;2013
0579;2013;31782;2013
1025;2013;3379;2013
3440;2013;2906;2013
9165;2013;5959;2013
6583;2013;3526;2013
9291;2013;3019;2013
0363;2013;4982;2013
7170;2013;1517;2013
5663;2013;2604;2013
8522;2013;5446;2013
7814;2013;8668;2013
3653;2013;1784;2013
7414;2013;987;2013
5987;2013;11088;2013
1931;2013;2796;2013
9024;2013;442;2013
6885;2013;26360;2013
8463;2013;11978;2013
5421;2013;4337;2013
0772;2013;10468;2013
1885;2013;3169;2013
2407;2013;1369;2013
7793;2013;3635;2013
9001;2013;2023;2013
0076;2013;2908;2013
7977;2013;20211;2013
6441;2013;3354;2013
6956;2013;616;2013
9813;2013;1041;2013
9346;2013;2039;2013
9386;2013;798;2013
2744;2013;2579;2013
6346;2013;947;2013
1418;2013;41628;2013
0685;2013;632;2013
6646;2013;5884;2013
1664;2013;3251;2013
4275;2013;13254;2013
7645;2013;4600;2013
2587;2013;3428;2013
6218;2013;863;2013
7781;2013;1329;2013
4282;2013;3213;2013
8280;2013;1090;2013
0694;2013;2559;2013
9304;2013;2472;2013
1324;2013;481;2013
3367;2013;2821;2013
6563;2013;1517;2013
6938;2013;1476;2013
3311;2013;496;2013
2116;2013;1037;2013
1890;2013;884;2013
7262;2013;3993;2013
9981;2013;741;2013
9132;2013;3416;2013
5543;2013;3706;2013
6505;2013;3188;2013
3108;2013;2703;2013
9083;2013;370;2013
2904;2013;9520;2013
4823;2013;7225;2013
0474;2013;1511;2013
3838;2013;1819;2013
9835;2013;1631;2013
7899;2013;678;2013
7241;2013;2808;2013
3863;2013;1717;2013
9924;2013;887;2013
7212;2013;12137;2013
1099;2013;1500;2013
7352;2013;1000;2013
7094;2013;763;2013
8536;2013;625;2013
6942;2013;1549;2013
8503;2013;2441;2013
7621;2013;240172;2013
7022;2013;31691;2013
5356;2013;1317;2013
2692;2013;986;2013
4678;2013;4862;2013
5996;2013;710;2013
2599;2013;2825;2013
3623;2013;628;2013
3769;2013;1658;2013
8008;2013;2328;2013
3090;2013;867;2013
5764;2013;783;2013
7367;2013;3884;2013
4154;2013;3683;2013
1783;2013;1369;2013
4348;2013;2181;2013
1757;2013;6358;2013
4792;2013;1214;2013
0766;2013;13374;2013
6164;2013;1376;2013
9687;2013;3986;2013
2019;2013;1067;2013
1173;2013;834;2013
1681;2013;226;2013
9060;2013;4157;2013
1325;2013;1151;2013
1511;2013;684;2013
5448;2013;2064;2013
1231;2013;6623;2013
0502;2013;7227;2013
6292;2013;3775;2013
1407;2013;2042;2013
6798;2013;2916;2013
8183;2013;3012;2013
9963;2013;1358;2013
1634;2013;1025;2013
9764;2013;13001;2013
1676;2013;1536;2013
6740;2013;4674;2013
7814;2013;917;2013
3859;2013;3196;2013
1175;2013;9362;2013
9740;2013;1449;2013
9173;2013;4617;2013
2623;2013;4048;2013
0755;2013;1743;2013
7618;2013;2197;2013
0270;2013;2729;2013
5246;2013;5140;2013
1331;2013;10977;2013
1260;2013;7428;2013
5008;2013;6553;2013
6669;2013;908;2013
0737;2013;3017;2013
2643;2013;1083;2013
6016;2013;1326;2013
5170;2013;3921;2013
2458;2013;8630;2013
2280;2013;7411;2013
9304;2013;5788;2013
9268;2013;4329;2013
3165;2013;58754;2013
2395;2013;3040;2013
7015;2013;9535;2013
5732;2013;3883;2013
2307;2013;2752;2013
8901;2013;1363;2013
0870;2013;3785;2013
3155;2013;2078;2013
4530;2013;6353;2013
3276;2013;10315;2013
8595;2013;35092;2013
9816;2013;8388;2013
0752;2013;2975;2013
1638;2013;3852;2013
0815;2013;3492;2013
8900;2013;937;2013
8750;2013;33610;2013
9760;2013;5808;2013
1421;2013;1269;2013
2217;2013;6493;2013
6783;2013;38110;2013
6320;2013;1850;2013
5780;2013;12689;2013
4124;2013;2525;2013
9092;2013;2986;2013
4873;2013;7981;2013
0626;2013;23495;2013
2257;2013;17213;2013
1009;2013;8724;2013
2987;2013;12848;2013
5006;2013;11998;2013
3693;2013;4481;2013
5210;2013;19255;2013
3715;2013;5965;2013
6663;2013;3395;2013
5594;2013;8116;2013
1674;2013;2556;2013
2752;2013;6444;2013
5212;2013;1398;2013
5183;2013;4800;2013
6678;2013;40823;2013
9909;2013;4548;2013
6292;2013;1423;2013
6333;2013;991;2013
9464;2013;589;2013
5438;2013;4846;2013
2465;2013;61777;2013
1130;2013;3150;2013
3988;2013;4392;2013
0669;2013;76471;2013
0705;2013;1941;2013
5893;2013;12122;2013
6266;2013;3123;2013
5331;2013;1583;2013
4247;2013;10881;2013
8171;2013;27813;2013
2733;2013;2094;2013
9953;2013;11614;2013
7746;2013;23033;2013
8139;2013;5533;2013
9382;2013;6178;2013
7565;2013;7210;2013
5836;2013;1411;2013
3738;2013;3578;2013
8177;2013;1677;2013
0807;2013;8360;2013
7759;2013;4880;2013
1499;2013;5271;2013
7120;2013;13603;2013
1179;2013;4594;2013
2247;2013;4922;2013
1946;2013;5541;2013
0465;2013;2108;2013
7437;2013;27942;2013
2367;2013;3637;2013
3917;2013;13729;2013
5057;2013;14170;2013
8245;2013;2995;2013
5376;2013;21754;2013
1099;2013;7170;2013
2924;2013;7344;2013
1390;2013;832;2013
2777;2013;9531;2013
4134;2013;8010;2013
8920;2013;5087;2013
7242;2013;3470;2013
7058;2013;18129;2013
5219;2013;28883;2013
4413;2013;52928;2013
3333;2013;17789;2013
2208;2013;36013;2013
3264;2013;27499;2013
2753;2013;23887;2013
8569;2013;19279;2013
4172;2013;5300;2013
3735;2013;38670;2013
5540;2013;4709;2013
2097;2013;4751;2013
9022;2013;3302;2013
8952;2013;297387;2013
1599;2013;9628;2013
3544;2013;27690;2013
0163;2013;13133;2013
1486;2013;26703;2013
4453;2013;3010;2013
2466;2013;5394;2013
9571;2013;4015;2013
8462;2013;13896;2013
3066;2013;30716;2013
4748;2013;7665;2013
6713;2013;1096;2013
3175;2013;5198;2013
3009;2013;5000;2013
6868;2013;49706;2013
6999;2013;11830;2013
6505;2013;7376;2013
7851;2013;16569;2013
6802;2013;48724;2013
2394;2013;13885;2013
5431;2013;4042;2013
3861;2013;3228;2013
4331;2013;10744;2013
6137;2013;11020;2013
2139;2013;14638;2013
6313;2013;2756;2013
8496;2013;22655;2013
6490;2013;11912;2013
8122;2013;3286;2013
2721;2013;7386;2013
1180;2013;9530;2013
8595;2013;1614;2013
2767;2013;7476;2013
0259;2013;8519;2013
3092;2013;17137;2013
1562;2013;10790;2013
4902;2013;21020;2013
5218;2013;7894;2013
0944;2013;8398;2013
7508;2013;6339;2013
8653;2013;9507;2013
7833;2013;4061;2013
7004;2013;3676;2013
5280;2013;3807;2013
4684;2013;10481;2013
3740;2013;8220;2013
4008;2013;30080;2013
6296;2013;3138;2013
7530;2013;15705;2013
3698;2013;54788;2013
5500;2013;3104;2013
3764;2013;19449;2013
6595;2013;72436;2013
0850;2013;10453;2013
7215;2013;26476;2013
4725;2013;63005;2013
1579;2013;36176;2013
5914;2013;31606;2013
8310;2013;2044;2013
0509;2013;1095;2013
0628;2013;7196;2013
9089;2013;17848;2013
6155;2013;813;2013
8976;2013;2541;2013
4772;2013;22645;2013
2007;2013;12851;2013
7816;2013;23850;2013
4172;2013;13450;2013
9841;2013;23725;2013
9828;2013;21847;2013
5343;2013;8950;2013
4685;2013;21372;2013
7754;2013;122299;2013
0204;2013;7931;2013
3295;2013;8823;2013
0908;2013;3815;2013
9227;2013;12234;2013
4113;2013;41740;2013
8902;2013;671;2013
1886;2013;782;2013
2509;2013;604;2013
4460;2013;1941;2013
7940;2013;423;2013
8441;2013;989;2013
5393;2013;3606;2013
7440;2013;3567;2013
7583;2013;294;2013
7144;2013;722;2013
8314;2013;1021;2013
6697;2013;541;2013
0770;2013;951;2013
0464;2013;638;2013
3436;2013;5797;2013
2502;2013;457;2013
6116;2013;1708;2013
3907;2013;1335;2013
1704;2013;879;2013
4001;2013;396;2013
0608;2013;1553;2013
0662;2013;576;2013
1904;2013;920;2013
6867;2013;557;2013
4578;2013;8800;2013
8495;2013;952;2013
6434;2013;647;2013
9593;2013;531;2013
3858;2013;123;2013
8547;2013;1942;2013
2256;2013;840;2013
8938;2013;850;2013
9467;2013;1407;2013
3750;2013;2821;2013
4655;2013;4142;2013
0310;2013;3138;2013
0898;2013;5866;2013
1279;2013;10859;2013
3942;2013;669;2013
8777;2013;3180;2013
8803;2013;2404;2013
2684;2013;4624;2013
5108;2013;22514;2013
7714;2013;2698;2013
1002;2013;748;2013
5953;2013;566;2013
0333;2013;126643;2013
5057;2013;1363;2013
5828;2013;169;2013
3396;2013;7400;2013
4487;2013;900;2013
0106;2013;14605;2013
2444;2013;3051;2013
2376;2013;2343;2013
5029;2013;985;2013
1853;2013;1567;2013
8063;2013;3009;2013
7367;2013;4435;2013
6815;2013;2329;2013
9539;2013;4192;2013
4089;2013;1717;2013
8773;2013;594;2013
9701;2013;1458;2013
3115;2013;767;2013
0430;2013;1570;2013
5753;2013;1314;2013
9218;2013;1199;2013
8081;2013;845;2013
1022;2013;661;2013
3275;2013;556;2013
3679;2013;2972;2013
4346;2013;2752;2013
6755;2013;2202;2013
3270;2013;1396;2013
4978;2013;2451;2013
5328;2013;8565;2013
4099;2013;652;2013
2661;2013;4018;2013
4345;2013;851;2013
5300;2013;2492;2013
0587;2013;2744;2013
2988;2013;2374;2013
1146;2013;546;2013
1494;2013;522;2013
4437;2013;1809;2013
7146;2013;1449;2013
7633;2013;10382;2013
8294;2013;2565;2013
8037;2013;1869;2013
7317;2013;328;2013
0590;2013;36469;2013
7374;2013;7247;2013
2372;2013;1327;2013
8209;2013;879;2013
9700;2013;388;2013
1843;2013;762;2013
6734;2013;929;2013
4318;2013;2956;2013
5957;2013;4299;2013
9957;2013;6927;2013
1765;2013;2111;2013
8335;2013;1239;2013
4462;2013;2461;2013
6759;2013;240;2013
0708;2013;2370;2013
8474;2013;1624;2013
7669;2013;2914;2013
7148;2013;1736;2013
9345;2013;2201;2013
5657;2013;1773;2013
3784;2013;11553;2013
0512;2013;1742;2013
8006;2013;676;2013
3156;2013;518;2013
0143;2013;2064;2013
5027;2013;2914;2013
7001;2013;365;2013
7539;2013;489;2013
1723;2013;26761;2013
6242;2013;840;2013
2269;2013;1122;2013
8516;2013;2847;2013
5839;2013;151866;2013
4888;2013;23528;2013
7167;2013;8078;2013
7736;2013;4400;2013
3042;2013;9745;2013
1360;2013;1760;2013
3087;2013;2105;2013
6223;2013;869;2013
5982;2013;498;2013
8014;2013;1015;2013
5101;2013;2716;2013
0144;2013;2231;2013
3687;2013;7757;2013
7868;2013;4593;2013
5065;2013;5253;2013
1794;2013;2582;2013
6259;2013;957;2013
9677;2013;1200;2013
9157;2013;7256;2013
4102;2013;70384;2013
1592;2013;1712;2013
6243;2013;1272;2013
5145;2013;821;2013
2413;2013;8215;2013
1629;2013;1824;2013
6382;2013;3759;2013
8293;2013;5262;2013
6857;2013;29169;2013
3934;2013;1399;2013
2889;2013;4866;2013
7060;2013;2672;2013
2851;2013;20313;2013
2940;2013;6672;2013
8443;2013;3930;2013
3587;2013;1247;2013
9080;2013;16976;2013
3871;2013;2029;2013
7937;2013;1910;2013
1982;2013;1147;2013
1839;2013;3702;2013
8211;2013;4194;2013
7065;2013;8247;2013
7509;2013;1953;2013
3074;2013;4877;2013
3596;2013;1089;2013
8870;2013;2065;2013
9708;2013;3557;2013
7935;2013;6924;2013
1937;2013;2460;2013
9315;2013;13035;2013
8877;2013;1592;2013
0545;2013;9186;2013
4217;2013;20185;2013
0356;2013;2220;2013
7598;2013;627;2013
7428;2013;702;2013
1778;2013;1255;2013
8361;2013;2816;2013
8991;2013;923;2013
7617;2013;1322;2013
6723;2013;2205;2013
5932;2013;2338;2013
6103;2013;968;2013
1826;2013;673;2013
7880;2013;880;2013
4494;2013;1118;2013
9502;2013;267;2013
3112;2013;1342;2013
1070;2013;1820;2013
3483;2013;9060;2013
3378;2013;15660;2013
4107;2013;249;2013
1193;2013;9308;2013
3582;2013;2560;2013
7946;2013;6498;2013
4660;2013;8597;2013
4812;2013;918;2013
5962;2013;1561;2013
4461;2013;5147;2013
8511;2013;417;2013
9013;2013;969;2013
3078;2013;377;2013
3393;2013;18142;2013
0182;2013;2727;2013
4192;2013;391;2013
2629;2013;1596;2013
7555;2013;11656;2013
4018;2013;11850;2013
9870;2013;619;2013
4596;2013;11812;2013
5906;2013;1590;2013
8802;2013;4489;2013
5331;2013;2817;2013
5945;2013;7758;2013
9508;2013;1529;2013
6887;2013;3148;2013
5333;2013;15335;2013
2114;2013;51368;2013
9602;2013;8517;2013
2091;2013;3492;2013
8565;2013;5924;2013
7407;2013;19904;2013
1525;2013;4581;2013
9790;2013;1530;2013
7586;2013;4357;2013
8809;2013;15136;2013
7045;2013;2236;2013
6729;2013;6332;2013
8756;2013;12012;2013
1433;2013;349;2013
5471;2013;408;2013
3790;2013;1797;2013
5680;2013;2192;2013
7145;2013;811;2013
6768;2013;1351;2013
5349;2013;8593;2013
5859;2013;1763;2013
5139;2013;431;2013
8489;2013;5174;2013
8009;2013;752;2013
3167;2013;796;2013
6380;2013;720;2013
5447;2013;939;2013
5624;2013;1401;2013
4292;2013;1207;2013
8083;2013;363;2013
7064;2013;1676;2013
3894;2013;156;2013
9784;2013;545;2013
1987;2013;131;2013
7896;2013;1305;2013
8538;2013;258;2013
4723;2013;940;2013
2497;2013;1382;2013
4296;2013;202;2013
8761;2013;660;2013
5616;2013;684;2013
1728;2013;1952;2013
8862;2013;3177;2013
1501;2013;21887;2013
3726;2013;703;2013
7115;2013;996;2013
3511;2013;1826;2013
1461;2013;1045;2013
4490;2013;2437;2013
0189;2013;555;2013
2123;2013;2179;2013
9625;2013;1598;2013
7337;2013;873;2013
8320;2013;296;2013
5840;2013;463;2013
4436;2013;765;2013
4825;2013;348;2013
7364;2013;736;2013
6597;2013;2372;2013
2126;2013;1114;2013
6623;2013;968;2013
6049;2013;549;2013
3409;2013;1097;2013
9457;2013;523;2013
9289;2013;1458;2013
1965;2013;641;2013
5895;2013;371;2013
0760;2013;282;2013
9353;2013;727;2013
3179;2013;734;2013
3166;2013;2391;2013
7037;2013;722;2013
4518;2013;11332;2013
8469;2013;2833;2013
2051;2013;468;2013
8673;2013;274;2013
4520;2013;1477;2013
3604;2013;359;2013
9623;2013;4026;2013
5295;2013;920;2013
3723;2013;402;2013
3433;2013;339;2013
5735;2013;87;2013
0966;2013;1324;2013
5116;2013;684;2013
2197;2013;697;2013
7239;2013;156;2013
4117;2013;1614;2013
5886;2013;166;2013
0266;2013;1346;2013
2534;2013;9176;2013
5970;2013;2778;2013
4817;2013;924;2013
4597;2013;4532;2013
8205;2013;494;2013
4582;2013;786;2013
6423;2013;945;2013
2346;2013;4824;2013
6808;2013;1115;2013
6691;2013;1599;2013
0619;2013;448;2013
9861;2013;4273;2013
1972;2013;757;2013
5004;2013;1810;2013
0142;2013;684;2013
1807;2013;1185;2013
5715;2013;507;2013
9653;2013;1794;2013
8665;2013;351;2013
4698;2013;1248;2013
5723;2013;31317;2013
3276;2013;1507;2013
8160;2013;308;2013
8471;2013;2286;2013
3157;2013;269;2013
1091;2013;2154;2013
4581;2013;700;2013
2826;2013;3123;2013
3569;2013;2747;2013
2151;2013;4877;2013
0500;2013;367;2013
7954;2013;2430;2013
4749;2013;2502;2013
4676;2013;1561;2013
4524;2013;2188;2013
8527;2013;1809;2013
0628;2013;467;2013
6128;2013;183;2013
1726;2013;949;2013
3563;2013;834;2013
3786;2013;337;2013
8199;2013;2287;2013
7514;2013;516;2013
0044;2013;224;2013
8589;2013;2422;2013
3402;2013;397;2013
0943;2013;173;2013
8006;2013;10394;2013
7998;2013;999;2013
5843;2013;1172;2013
8464;2013;573;2013
2388;2013;2938;2013
0735;2013;820;2013
6098;2013;307;2013
7001;2013;1686;2013
6511;2013;328;2013
8094;2013;1155;2013
5607;2013;1123;2013
9310;2013;373;2013
1807;2013;314;2013
2425;2013;119;2013
0155;2013;8006;2013
8744;2013;478;2013
7929;2013;850;2013
7513;2013;1937;2013
0198;2013;654;2013
4744;2013;177;2013
1594;2013;537;2013
7228;2013;192;2013
4624;2013;1123;2013
8487;2013;266;2013
7826;2013;338;2013
8868;2013;3341;2013
3890;2013;1153;2013
6883;2013;44958;2013
8452;2013;979;2013
3451;2013;905;2013
4533;2013;2106;2013
5573;2013;142;2013
2001;2013;374;2013
8025;2013;1182;2013
5139;2013;155;2013
1210;2013;7825;2013
5955;2013;213;2013
8608;2013;447;2013
9021;2013;861;2013
6248;2013;3610;2013
5718;2013;637;2013
9876;2013;2936;2013
7819;2013;1929;2013
7338;2013;14694;2013
6006;2013;1588;2013
0096;2013;337;2013
6492;2013;452;2013
0694;2013;694;2013
7415;2013;492;2013
4984;2013;3877;2013
2559;2013;125;2013
1389;2013;1606;2013
7653;2013;2463;2013
5560;2013;408;2013
6095;2013;544;2013
0732;2013;2169;2013
3092;2013;536;2013
6678;2013;644;2013
5025;2013;3922;2013
3909;2013;1466;2013
0973;2013;626;2013
5683;2013;1035;2013
0645;2013;4006;2013
1503;2013;2792;2013
1575;2013;1444;2013
5913;2013;530;2013
7505;2013;197;2013
2169;2013;2120;2013
0519;2013;3909;2013
3050;2013;1324;2013
2497;2013;2514;2013
1846;2013;2261;2013
8442;2013;1427;2013
0284;2013;221;2013
8493;2013;1525;2013
6512;2013;893;2013
0230;2013;92;2013
6112;2013;1654;2013
0298;2013;622;2013
5152;2013;2037;2013
2224;2013;2751;2013
6629;2013;141;2013
1400;2013;95;2013
3313;2013;744;2013
7379;2013;1382;2013
0670;2013;755;2013
7187;2013;1110;2013
2354;2013;950;2013
9799;2013;288;2013
3143;2013;2605;2013
7712;2013;214;2013
4709;2013;5985;2013
6768;2013;2472;2013
6653;2013;229;2013
1045;2013;3500;2013
2572;2013;1074;2013
4058;2013;515;2013
5859;2013;1270;2013
3978;2013;7996;2013
6991;2013;373;2013
8731;2013;195;2013
2610;2013;1426;2013
9495;2013;424;2013
4736;2013;1235;2013
6137;2013;1101;2013
2316;2013;1583;2013
6724;2013;3224;2013
2859;2013;2906;2013
9795;2013;2317;2013
0377;2013;4088;2013
5617;2013;2496;2013
6195;2013;5171;2013
3496;2013;1338;2013
2278;2013;3304;2013
8240;2013;3557;2013
9534;2013;4678;2013
1176;2013;2995;2013
5889;2013;5241;2013
1002;2013;14099;2013
7853;2013;1471;2013
7127;2013;833;2013
6640;2013;12845;2013
5476;2013;4445;2013
7243;2013;479;2013
5941;2013;2576;2013
7419;2013;3863;2013
6953;2013;2390;2013
2704;2013;3998;2013
0639;2013;7643;2013
3179;2013;1746;2013
7688;2013;1243;2013
6179;2013;4772;2013
8068;2013;257;2013
8932;2013;1772;2013
1833;2013;1509;2013
6954;2013;2685;2013
2583;2013;2410;2013
6556;2013;315;2013
4193;2013;1228;2013
2005;2013;716;2013
0526;2013;767;2013
6446;2013;8603;2013
4965;2013;2483;2013
3023;2013;2668;2013
1445;2013;2447;2013
0331;2013;2008;2013
6052;2013;131;2013
1348;2013;47908;2013
2384;2013;2173;2013
9135;2013;4977;2013
8954;2013;4276;2013
3309;2013;10496;2013
5859;2013;379;2013
0634;2013;14649;2013
5189;2013;8775;2013
4294;2013;485;2013
1193;2013;3562;2013
0584;2013;1987;2013
7993;2013;2533;2013
6072;2013;4221;2013
7102;2013;37;2013
5135;2013;3690;2013
9575;2013;8781;2013
0910;2013;6372;2013
0004;2013;7186;2013
6963;2013;1191;2013
4936;2013;4853;2013
5630;2013;3895;2013
1968;2013;388;2013
9972;2013;141;2013
7839;2013;2012;2013
2143;2013;1818;2013
6837;2013;1019;2013
1001;2013;2123;2013
6353;2013;2279;2013
4254;2013;2249;2013
7003;2013;6201;2013
8248;2013;3200;2013
5704;2013;2918;2013
8344;2013;2216;2013
2057;2013;2397;2013
2907;2013;2904;2013
1084;2013;149;2013
6290;2013;1743;2013
7516;2013;557;2013
9668;2013;2038;2013
7081;2013;175;2013
2463;2013;3436;2013
5992;2013;11769;2013
5679;2013;797;2013
7993;2013;317;2013
1157;2013;2838;2013
8153;2013;3065;2013
6500;2013;2664;2013
6085;2013;307;2013
6049;2013;2058;2013
1986;2013;304;2013
8317;2013;1170;2013
1303;2013;1768;2013
6411;2013;4497;2013
5038;2013;2339;2013
0835;2013;2664;2013
7726;2013;688;2013
7506;2013;2936;2013
7138;2013;3078;2013
6122;2013;15102;2013
0043;2013;1633;2013
6782;2013;3115;2013
3232;2013;1645;2013
9782;2013;4782;2013
0381;2013;2666;2013
0970;2013;830;2013
0980;2013;2231;2013
0688;2013;2166;2013
8695;2013;15634;2013
8023;2013;2201;2013
6998;2013;2933;2013
9361;2013;1179;2013
5317;2013;227;2013
6782;2013;1544;2013
0319;2013;2230;2013
3971;2013;2302;2013
0109;2013;1229;2013
9213;2013;2685;2013
4374;2013;2674;2013
3711;2013;2596;2013
3786;2013;43969;2013
4503;2013;7519;2013
7452;2013;67;2013
2472;2013;1429;2013
8334;2013;3272;2013
2024;2013;1663;2013
4767;2013;4435;2013
3856;2013;483;2013
7302;2013;1820;2013
5212;2013;2328;2013
5790;2013;5689;2013
7830;2013;2070;2013
4968;2013;1865;2013
5250;2013;1423;2013
2653;2013;1726;2013
3749;2013;2695;2013
9657;2013;1845;2013
1484;2013;3637;2013
5620;2013;3512;2013
0529;2013;12944;2013
5321;2013;1942;2013
7459;2013;2009;2013
0154;2013;1976;2013
8190;2013;3801;2013
8206;2013;3227;2013
0684;2013;6173;2013
2567;2013;912;2013
3773;2013;1548;2013
0146;2013;1672;2013
4986;2013;1785;2013
8824;2013;7163;2013
1698;2013;19307;2013
1953;2013;16992;2013
7666;2013;10206;2013
8499;2013;1189;2013
3450;2013;12787;2013
8400;2013;1471;2013
0985;2013;3465;2013
3216;2013;2241;2013
9373;2013;1022;2013
2495;2013;3309;2013
4400;2013;6978;2013
7659;2013;3479;2013
5208;2013;35062;2013
7915;2013;145232;2013
2646;2013;3102;2013
6958;2013;5519;2013
3734;2013;9342;2013
0587;2013;21636;2013
9692;2013;1626;2013
3019;2013;9979;2013
6767;2013;435;2013
2755;2013;851;2013
8381;2013;7266;2013
8034;2013;2967;2013
1360;2013;3051;2013
7408;2013;2184;2013
5887;2013;1090;2013
6654;2013;3164;2013
4275;2013;14405;2013
7758;2013;18343;2013
9995;2013;9904;2013
3521;2013;191810;2013
1066;2013;9888;2013
3768;2013;6036;2013
3109;2013;2298;2013
3762;2013;1674;2013
7254;2013;687;2013
6721;2013;2748;2013
0630;2013;1039;2013
9655;2013;1170;2013
0449;2013;3024;2013
6808;2013;14952;2013
2012;2013;5439;2013
9947;2013;59265;2013
4250;2013;3221;2013
6858;2013;10450;2013
6438;2013;17278;2013
6315;2013;3549;2013
7896;2013;6562;2013
4826;2013;1284;2013
3481;2013;9234;2013
8880;2013;3393;2013
9243;2013;5623;2013
9108;2013;2183;2013
8517;2013;841;2013
3117;2013;2191;2013
9212;2013;1292;2013
2595;2013;3224;2013
5577;2013;6575;2013
3549;2013;883;2013
6322;2013;1921;2013
2495;2013;2422;2013
3219;2013;1444;2013
9223;2013;3935;2013
6890;2013;666;2013
1225;2013;1048;2013
9691;2013;3300;2013
4627;2013;1213;2013
4447;2013;2299;2013
5938;2013;2090;2013
0030;2013;2282;2013
5038;2013;5512;2013
8395;2013;1833;2013
8975;2013;1437;2013
6319;2013;1964;2013
7009;2013;1674;2013
2254;2013;2291;2013
8113;2013;4050;2013
6692;2013;1957;2013
1519;2013;3517;2013
9325;2013;2173;2013
6532;2013;6762;2013
4089;2013;765;2013
3653;2013;1774;2013
3029;2013;1334;2013
2468;2013;6312;2013
9491;2013;1296;2013
8879;2013;9088;2013
7004;2013;1195;2013
5057;2013;1038;2013
5378;2013;4827;2013
8427;2013;4613;2013
3367;2013;4394;2013
7892;2013;2169;2013
5345;2013;2449;2013
3959;2013;1353;2013
6586;2013;3080;2013
5725;2013;6843;2013
8328;2013;971;2013
5926;2013;1195;2013
4369;2013;2414;2013
6462;2013;839;2013
4235;2013;1449;2013
1798;2013;2591;2013
6604;2013;6485;2013
6406;2013;687;2013
2027;2013;1088;2013
5709;2013;32981;2013
3751;2013;778;2013
7735;2013;1757;2013
4549;2013;2000;2013
1815;2013;448;2013
6569;2013;434;2013
5995;2013;2039;2013
6126;2013;256;2013
1563;2013;106;2013
2735;2013;899;2013
4656;2013;480;2013
1002;2013;4958;2013
5046;2013;743;2013
1292;2013;549;2013
5514;2013;1464;2013
9948;2013;221;2013
2233;2013;711;2013
0676;2013;666;2013
9645;2013;1664;2013
4193;2013;1007;2013
5335;2013;5119;2013
2565;2013;175;2013
5227;2013;3480;2013
0681;2013;266;2013
1858;2013;335;2013
6545;2013;599;2013
2573;2013;636;2013
2167;2013;730;2013
8738;2013;4675;2013
5753;2013;1445;2013
7884;2013;100;2013
8911;2013;18257;2013
6091;2013;994;2013
3176;2013;139;2013
6467;2013;448;2013
8976;2013;188;2013
6546;2013;2411;2013
5784;2013;968;2013
2127;2013;7823;2013
2848;2013;240;2013
9219;2013;110;2013
1531;2013;252;2013
5680;2013;586;2013
4114;2013;403;2013
1763;2013;1465;2013
3537;2013;1557;2013
0549;2013;125;2013
9947;2013;2256;2013
1750;2013;381;2013
1483;2013;1247;2013
1708;2013;422;2013
7997;2013;904;2013
4390;2013;875;2013
3719;2013;15466;2013
9194;2013;3434;2013
3658;2013;1150;2013
5656;2013;1536;2013
6720;2013;2629;2013
8796;2013;767;2013
9024;2013;583;2013
1628;2013;2093;2013
3948;2013;269;2013
3739;2013;393;2013
1522;2013;769;2013
6756;2013;1372;2013
7054;2013;1271;2013
4181;2013;163;2013
3592;2013;4890;2013
7687;2013;785;2013
9006;2013;389;2013
6013;2013;204;2013
7344;2013;1657;2013
8893;2013;1276;2013
7344;2013;430;2013
7665;2013;2102;2013
4934;2013;30895;2013
6649;2013;170;2013
3806;2013;1202;2013
7332;2013;6776;2013
3834;2013;256;2013
6245;2013;1723;2013
3046;2013;1583;2013
1899;2013;1202;2013
9892;2013;1894;2013
8505;2013;12664;2013
3026;2013;1872;2013
8768;2013;2835;2013
8973;2013;795;2013
8381;2013;3936;2013
2785;2013;5052;2013
8371;2013;4215;2013
4285;2013;2365;2013
0129;2013;11176;2013
5196;2013;3387;2013
0697;2013;1890;2013
5852;2013;2619;2013
8220;2013;2541;2013
6361;2013;56881;2013
6111;2013;3390;2013
9960;2013;2114;2013
4411;2013;4106;2013
6928;2013;1582;2013
2847;2013;5121;2013
5989;2013;4733;2013
2468;2013;2291;2013
8176;2013;14261;2013
0008;2013;2198;2013
4860;2013;2483;2013
4258;2013;4005;2013
8973;2013;3679;2013
3890;2013;1828;2013
6497;2013;568;2013
4900;2013;1482;2013
1613;2013;1280;2013
1320;2013;2158;2013
4051;2013;3201;2013
1687;2013;5478;2013
3735;2013;1263;2013
8669;2013;2226;2013
8140;2013;829;2013
7449;2013;1997;2013
2049;2013;1344;2013
6731;2013;1062;2013
6501;2013;3880;2013
2850;2013;10967;2013
9802;2013;1108;2013
4109;2013;1508;2013
6349;2013;1286;2013
3230;2013;584;2013
3510;2013;3321;2013
1174;2013;6477;2013
3994;2013;1296;2013
8264;2013;858;2013
1114;2013;1668;2013
5149;2013;343;2013
8295;2013;1275;2013
1869;2013;6705;2013
6654;2013;12177;2013
0416;2013;246;2013
5853;2013;1761;2013
4236;2013;2884;2013
1381;2013;651;2013
0434;2013;5239;2013
3983;2013;8778;2013
2252;2013;8518;2013
2294;2013;4155;2013
6918;2013;1225;2013
8383;2013;9205;2013
7842;2013;4988;2013
7682;2013;151;2013
0203;2013;673;2013
5857;2013;1043;2013
6009;2013;446;2013
7603;2013;554;2013
4750;2013;14133;2013
5293;2013;2815;2013
9328;2013;652;2013
5900;2013;1397;2013
3317;2013;1084;2013
0599;2013;2902;2013
5415;2013;28774;2013
1010;2013;6196;2013
5920;2013;6303;2013
1820;2013;2965;2013
4364;2013;2089;2013
0554;2013;5078;2013
2299;2013;27296;2013
6861;2013;1328;2013
2739;2013;1561;2013
8744;2013;3319;2013
5918;2013;1616;2013
4953;2013;1464;2013
8946;2013;875;2013
0899;2013;5253;2013
3709;2013;6102;2013
4841;2013;3517;2013
6787;2013;2729;2013
8946;2013;11379;2013
0024;2013;1110;2013
3876;2013;3647;2013
4283;2013;1087;2013
2176;2013;15180;2013
4676;2013;2067;2013
8631;2013;6261;2013
2455;2013;17679;2013
7560;2013;6862;2013
5372;2013;7354;2013
9338;2013;10725;2013
7578;2013;15499;2013
8948;2013;11973;2013
9323;2013;16916;2013
6128;2013;6007;2013
4121;2013;33851;2013
4317;2013;4340;2013
6337;2013;2033;2013
9166;2013;17660;2013
4702;2013;7404;2013
3932;2013;7163;2013
0780;2013;6494;2013
5157;2013;37729;2013
9549;2013;8502;2013
5081;2013;15490;2013
5060;2013;2797;2013
7540;2013;41321;2013
2805;2013;25123;2013
3149;2013;7758;2013
1171;2013;8381;2013
2860;2013;35035;2013
2958;2013;44924;2013
1826;2013;7227;2013
3083;2013;23249;2013
3185;2013;4245;2013
1093;2013;5335;2013
0867;2013;122186;2013
4764;2013;23419;2013
8456;2013;23007;2013
8844;2013;4895;2013
8878;2013;4117;2013
9685;2013;3353;2013
0449;2013;44050;2013
4024;2013;23000;2013
2630;2013;8267;2013
2018;2013;4178;2013
3378;2013;8783;2013
7508;2013;10194;2013
8480;2013;13024;2013
9793;2013;7423;2013
5554;2013;4506;2013
5184;2013;9225;2013
8648;2013;13840;2013
7181;2013;25689;2013
7763;2013;6616;2013
0384;2013;5296;2013
8153;2013;10644;2013
9772;2013;15679;2013
1611;2013;4269;2013
9725;2013;3342;2013
4940;2013;3686;2013
5319;2013;652;2013
2112;2013;1973;2013
6124;2013;3376;2013
5320;2013;37627;2013
2041;2013;1016;2013
2618;2013;3352;2013
9249;2013;1185;2013
9294;2013;1433;2013
7274;2013;1001;2013
7625;2013;661;2013
4054;2013;1713;2013
9920;2013;448;2013
6156;2013;1191;2013
5337;2013;837;2013
4458;2013;7025;2013
4183;2013;13098;2013
2142;2013;407;2013
6262;2013;826;2013
9216;2013;387;2013
2351;2013;2307;2013
4509;2013;2525;2013
7156;2013;8318;2013
1670;2013;433;2013
9490;2013;752;2013
3789;2013;1015;2013
3504;2013;622;2013
0749;2013;802;2013
8470;2013;2800;2013
0023;2013;2417;2013
2677;2013;1699;2013
7932;2013;15868;2013
1256;2013;25761;2013
6456;2013;2140;2013
1790;2013;1381;2013
5172;2013;17170;2013
4918;2013;2336;2013
2924;2013;379;2013
9329;2013;2069;2013
8821;2013;100212;2013
3513;2013;94537;2013
2439;2013;55028;2013
9317;2013;30599;2013
6977;2013;12138;2013
4065;2013;9284;2013
2298;2013;14774;2013
0052;2013;6730;2013
4118;2013;55863;2013
7657;2013;14639;2013
