Codice Ripartizione geografica;Codice Regione;Codice Provincia (Storico);Codice Provincia/Uts;Codice Comune (alfanumerico);Codice Comune (numerico);Comune;Comune (dizione straniera);Sigla automobilistica;Capoluogo di Provincia/Uts;Capoluogo di Regione;Popolazione legale;Anno Censimento;Superficie (Kmq);Anno (Superficie);Popolazione residente;Anno (Popolazione residente)
1462;2016;2661;2016
7393;2016;3726;2016
3315;2016;460;2016
7314;2016;1701;2016
3796;2016;716;2016
8756;2016;6407;2016
6261;2016;255;2016
9193;2016;17447;2016
4860;2016;2002;2016
3085;2016;501;2016
8782;2016;886;2016
1668;2016;1071;2016
2172;2016;12446;2016
9605;2016;1301;2016
0859;2016;787;2016
0063;2016;3183;2016
5064;2016;544;2016
4054;2016;3721;2016
7105;2016;110;2016
0289;2016;3212;2016
8027;2016;1578;2016
2030;2016;3157;2016
9864;2016;587;2016
7343;2016;18104;2016
5979;2016;3460;2016
0819;2016;566;2016
2234;2016;2139;2016
3261;2016;13520;2016
9648;2016;582;2016
4189;2016;3686;2016
3712;2016;788;2016
9617;2016;2202;2016
9190;2016;3135;2016
2914;2016;8587;2016
7585;2016;4646;2016
1350;2016;412;2016
9504;2016;464;2016
5701;2016;8566;2016
3592;2016;1607;2016
5598;2016;1531;2016
6868;2016;1392;2016
4760;2016;1190;2016
0591;2016;1650;2016
0661;2016;6005;2016
0973;2016;6388;2016
2312;2016;3411;2016
4925;2016;7452;2016
1314;2016;6095;2016
0863;2016;1354;2016
1318;2016;1235;2016
8499;2016;5638;2016
9505;2016;272;2016
1953;2016;2557;2016
0319;2016;573;2016
4078;2016;2078;2016
5371;2016;927;2016
2579;2016;798;2016
6790;2016;9311;2016
7148;2016;28778;2016
1250;2016;1907;2016
1726;2016;1540;2016
3136;2016;3049;2016
7115;2016;19153;2016
4732;2016;1796;2016
2796;2016;2243;2016
7063;2016;10004;2016
3756;2016;427;2016
1345;2016;6494;2016
3285;2016;2330;2016
9591;2016;5498;2016
1595;2016;1794;2016
0516;2016;1060;2016
8147;2016;160;2016
7001;2016;968;2016
4478;2016;353;2016
6134;2016;1638;2016
0221;2016;2071;2016
1975;2016;36394;2016
1189;2016;232;2016
7549;2016;903;2016
9165;2016;1666;2016
2378;2016;26822;2016
1638;2016;389;2016
9345;2016;254;2016
1962;2016;360;2016
7329;2016;18596;2016
6872;2016;223;2016
8788;2016;1528;2016
5727;2016;3146;2016
0993;2016;49582;2016
3321;2016;345;2016
5894;2016;580;2016
1131;2016;4619;2016
4914;2016;3229;2016
2384;2016;522;2016
8709;2016;986;2016
7335;2016;7879;2016
3134;2016;9785;2016
5395;2016;8698;2016
5474;2016;272;2016
8499;2016;5126;2016
8931;2016;2300;2016
4091;2016;529;2016
0415;2016;2702;2016
3457;2016;804;2016
6427;2016;2337;2016
5003;2016;3438;2016
8185;2016;282;2016
9482;2016;1652;2016
1488;2016;2853;2016
4018;2016;552;2016
5108;2016;9361;2016
4442;2016;1205;2016
3833;2016;629;2016
7376;2016;16375;2016
8199;2016;3972;2016
9870;2016;699;2016
0935;2016;204;2016
3296;2016;1009;2016
1321;2016;37316;2016
7506;2016;47;2016
0292;2016;728;2016
7716;2016;393;2016
5042;2016;403;2016
1075;2016;23495;2016
0353;2016;1782;2016
7929;2016;8828;2016
2876;2016;5032;2016
2900;2016;1475;2016
4355;2016;16454;2016
6753;2016;196;2016
9366;2016;1914;2016
3912;2016;457;2016
5173;2016;1474;2016
7158;2016;1741;2016
2096;2016;1034;2016
1914;2016;1203;2016
8835;2016;348;2016
7414;2016;7316;2016
0398;2016;500;2016
2585;2016;548;2016
1404;2016;1198;2016
3129;2016;424;2016
2593;2016;1352;2016
2587;2016;53;2016
0706;2016;3920;2016
6942;2016;680;2016
3424;2016;4145;2016
5439;2016;846;2016
6383;2016;1297;2016
4420;2016;81;2016
0871;2016;792;2016
0825;2016;411;2016
3332;2016;654;2016
6554;2016;345;2016
5288;2016;57165;2016
5007;2016;34;2016
6567;2016;749;2016
4681;2016;981;2016
3567;2016;3455;2016
9036;2016;5269;2016
3896;2016;893;2016
4895;2016;850;2016
5627;2016;47762;2016
0481;2016;130;2016
3530;2016;6888;2016
0743;2016;278;2016
6422;2016;8029;2016
5542;2016;532;2016
3030;2016;1508;2016
2078;2016;23277;2016
1541;2016;797;2016
4885;2016;1128;2016
5771;2016;929;2016
7857;2016;3323;2016
4058;2016;1192;2016
0819;2016;842;2016
8878;2016;2022;2016
6886;2016;439;2016
4056;2016;1087;2016
5400;2016;3866;2016
5680;2016;226;2016
1730;2016;4023;2016
0906;2016;3254;2016
7080;2016;546;2016
1830;2016;661;2016
0041;2016;762;2016
3498;2016;593;2016
4634;2016;15165;2016
7183;2016;3016;2016
3376;2016;35647;2016
8196;2016;8398;2016
6488;2016;3792;2016
1459;2016;18299;2016
9034;2016;3388;2016
0343;2016;1365;2016
6186;2016;10497;2016
5611;2016;1005;2016
0609;2016;3367;2016
4476;2016;1061;2016
2017;2016;774;2016
6092;2016;245;2016
8455;2016;1925;2016
4785;2016;238;2016
5052;2016;1281;2016
2419;2016;760;2016
8803;2016;538;2016
0380;2016;336;2016
9559;2016;352;2016
7879;2016;1035;2016
6658;2016;1785;2016
6002;2016;47;2016
8334;2016;1188;2016
1076;2016;19949;2016
8318;2016;4679;2016
5838;2016;2638;2016
2459;2016;12576;2016
8733;2016;1623;2016
4998;2016;48129;2016
5756;2016;3107;2016
1912;2016;1735;2016
7039;2016;2016;2016
2106;2016;2709;2016
2686;2016;308;2016
6877;2016;1889;2016
4075;2016;237;2016
3732;2016;840;2016
0650;2016;4847;2016
9371;2016;2393;2016
1002;2016;777;2016
9519;2016;1896;2016
3198;2016;581;2016
1034;2016;487;2016
8859;2016;75;2016
4330;2016;1584;2016
2318;2016;6042;2016
9068;2016;4031;2016
3809;2016;370;2016
3037;2016;559;2016
9796;2016;4906;2016
6513;2016;3739;2016
8616;2016;1828;2016
8866;2016;3125;2016
4049;2016;2617;2016
7366;2016;1028;2016
6132;2016;3379;2016
7933;2016;832;2016
3442;2016;10259;2016
5517;2016;18930;2016
4446;2016;1451;2016
1243;2016;267;2016
1520;2016;3103;2016
5766;2016;1943;2016
5719;2016;3632;2016
3683;2016;4711;2016
7945;2016;4262;2016
1983;2016;10714;2016
2772;2016;249;2016
3112;2016;1082;2016
6768;2016;3309;2016
0308;2016;854;2016
3557;2016;1454;2016
9158;2016;936;2016
0578;2016;480;2016
3660;2016;47439;2016
2604;2016;1553;2016
6785;2016;1020;2016
2140;2016;269;2016
4686;2016;6212;2016
9879;2016;6400;2016
6751;2016;778;2016
0091;2016;877088;2016
8238;2016;2853;2016
4545;2016;606;2016
0981;2016;4476;2016
4059;2016;3880;2016
2462;2016;118;2016
3597;2016;342;2016
4544;2016;513;2016
3475;2016;10865;2016
9669;2016;181;2016
5375;2016;205;2016
2292;2016;1447;2016
5253;2016;3854;2016
1200;2016;898;2016
0792;2016;759;2016
9094;2016;3099;2016
8527;2016;106;2016
5579;2016;815;2016
0929;2016;1470;2016
1435;2016;901;2016
4424;2016;33857;2016
4882;2016;4880;2016
9431;2016;1435;2016
0691;2016;813;2016
6453;2016;252;2016
9363;2016;842;2016
9677;2016;530;2016
1543;2016;5166;2016
7854;2016;4684;2016
0306;2016;1198;2016
4088;2016;3550;2016
7067;2016;2907;2016
4091;2016;994;2016
6868;2016;2016;2016
2927;2016;1128;2016
4228;2016;4060;2016
8767;2016;4725;2016
6941;2016;14823;2016
0573;2016;1197;2016
0748;2016;1277;2016
6817;2016;541;2016
1119;2016;1051;2016
4629;2016;15410;2016
9827;2016;8728;2016
0383;2016;429;2016
7804;2016;342;2016
5650;2016;2651;2016
3101;2016;907;2016
3156;2016;1421;2016
7885;2016;114;2016
8079;2016;224;2016
8058;2016;1952;2016
8706;2016;189;2016
5707;2016;2376;2016
0901;2016;12792;2016
2949;2016;2195;2016
2305;2016;177;2016
0776;2016;862;2016
1364;2016;240;2016
8004;2016;72;2016
1087;2016;1083;2016
0218;2016;1127;2016
1062;2016;821;2016
2050;2016;228;2016
6044;2016;316;2016
0488;2016;831;2016
5380;2016;49;2016
3078;2016;4531;2016
3878;2016;253;2016
2234;2016;90;2016
9676;2016;779;2016
8563;2016;255;2016
2233;2016;7801;2016
0162;2016;382;2016
4768;2016;1079;2016
1403;2016;193;2016
2424;2016;1154;2016
7629;2016;502;2016
6659;2016;8016;2016
5030;2016;869;2016
8817;2016;350;2016
0875;2016;341;2016
6440;2016;534;2016
9701;2016;849;2016
5740;2016;525;2016
0280;2016;4365;2016
6672;2016;838;2016
9178;2016;92;2016
1818;2016;1403;2016
7150;2016;769;2016
5035;2016;811;2016
5270;2016;237;2016
9396;2016;1219;2016
2949;2016;314;2016
3517;2016;1298;2016
6903;2016;140;2016
5976;2016;197;2016
1782;2016;561;2016
5388;2016;707;2016
1560;2016;4115;2016
9022;2016;366;2016
2698;2016;67;2016
0226;2016;56;2016
3032;2016;103;2016
2702;2016;132;2016
1321;2016;263;2016
4089;2016;454;2016
9160;2016;2359;2016
4754;2016;556;2016
8379;2016;181;2016
2681;2016;956;2016
8536;2016;58;2016
1875;2016;219;2016
7766;2016;107;2016
5982;2016;4021;2016
6327;2016;1603;2016
1294;2016;8469;2016
5335;2016;409;2016
2544;2016;373;2016
9053;2016;4960;2016
3140;2016;1215;2016
2491;2016;724;2016
6054;2016;7092;2016
7508;2016;3510;2016
4259;2016;1988;2016
1193;2016;7167;2016
7743;2016;46649;2016
5109;2016;454;2016
5822;2016;1579;2016
2573;2016;172;2016
5364;2016;1553;2016
9965;2016;903;2016
5154;2016;2213;2016
1698;2016;13994;2016
4928;2016;811;2016
1786;2016;9625;2016
4536;2016;1303;2016
6080;2016;1235;2016
5097;2016;1287;2016
3043;2016;1186;2016
0913;2016;2067;2016
2699;2016;21525;2016
3738;2016;5109;2016
7479;2016;2922;2016
7562;2016;1170;2016
3213;2016;2529;2016
9850;2016;10935;2016
6557;2016;2521;2016
0407;2016;979;2016
5310;2016;929;2016
4901;2016;1527;2016
4849;2016;865;2016
7918;2016;331;2016
6411;2016;9733;2016
4855;2016;374;2016
8335;2016;1175;2016
3261;2016;1339;2016
6332;2016;6672;2016
1618;2016;451;2016
4493;2016;1254;2016
1035;2016;1611;2016
5068;2016;2599;2016
0977;2016;1412;2016
2522;2016;2522;2016
2147;2016;2022;2016
1702;2016;2622;2016
3662;2016;15508;2016
0494;2016;1430;2016
7542;2016;1825;2016
2884;2016;3357;2016
6442;2016;3603;2016
5821;2016;5584;2016
5208;2016;1394;2016
3337;2016;4484;2016
3717;2016;4435;2016
2834;2016;565;2016
5806;2016;2252;2016
6587;2016;1696;2016
8541;2016;232;2016
7879;2016;1602;2016
8639;2016;1064;2016
5349;2016;2490;2016
7187;2016;1226;2016
5210;2016;811;2016
5907;2016;2530;2016
2651;2016;1869;2016
3421;2016;805;2016
0492;2016;103350;2016
7943;2016;14054;2016
9351;2016;2033;2016
6500;2016;1217;2016
2272;2016;2159;2016
1345;2016;1004;2016
0713;2016;1389;2016
7659;2016;790;2016
8653;2016;1452;2016
2966;2016;2208;2016
1260;2016;1900;2016
8526;2016;921;2016
9764;2016;3936;2016
6906;2016;5518;2016
5099;2016;3001;2016
4512;2016;711;2016
8992;2016;1989;2016
5352;2016;560;2016
7543;2016;1476;2016
3719;2016;756;2016
9144;2016;1060;2016
3271;2016;2785;2016
4632;2016;456;2016
2408;2016;914;2016
2224;2016;20337;2016
0123;2016;1012;2016
6120;2016;4925;2016
8717;2016;1836;2016
7798;2016;2047;2016
2939;2016;885;2016
4636;2016;566;2016
5276;2016;158;2016
9173;2016;243;2016
5853;2016;31367;2016
5899;2016;240;2016
4616;2016;125;2016
2591;2016;74;2016
9174;2016;198;2016
9490;2016;1016;2016
2505;2016;5969;2016
3257;2016;1078;2016
7637;2016;672;2016
9923;2016;7654;2016
6892;2016;719;2016
0006;2016;669;2016
1195;2016;223;2016
6865;2016;3436;2016
0700;2016;107;2016
0030;2016;364;2016
9673;2016;3658;2016
4389;2016;491;2016
1118;2016;69;2016
8445;2016;4136;2016
2409;2016;101;2016
4778;2016;383;2016
3397;2016;12435;2016
5405;2016;171;2016
5453;2016;653;2016
9483;2016;9768;2016
5298;2016;29479;2016
2376;2016;313;2016
1796;2016;39;2016
1240;2016;277;2016
0639;2016;1086;2016
8443;2016;10089;2016
6378;2016;624;2016
6114;2016;198;2016
8655;2016;5653;2016
4476;2016;78;2016
5018;2016;104;2016
6759;2016;6850;2016
3287;2016;3050;2016
3047;2016;1117;2016
8380;2016;4469;2016
4192;2016;196;2016
8066;2016;1485;2016
1148;2016;2153;2016
9513;2016;159;2016
3404;2016;303;2016
1301;2016;1358;2016
8584;2016;324;2016
8028;2016;929;2016
5178;2016;310;2016
3070;2016;60;2016
2621;2016;140;2016
7202;2016;700;2016
6345;2016;884;2016
5227;2016;481;2016
4378;2016;635;2016
5946;2016;5451;2016
1052;2016;100;2016
4848;2016;6915;2016
0496;2016;2053;2016
1423;2016;453;2016
2419;2016;5110;2016
5961;2016;2251;2016
1656;2016;5742;2016
5351;2016;9084;2016
0188;2016;3612;2016
1219;2016;188;2016
9034;2016;89;2016
1508;2016;830;2016
0878;2016;2077;2016
9874;2016;2289;2016
5398;2016;957;2016
3423;2016;3360;2016
1183;2016;387;2016
0529;2016;167;2016
6691;2016;56031;2016
3063;2016;1990;2016
5432;2016;3614;2016
6829;2016;4836;2016
9574;2016;7063;2016
2196;2016;87;2016
7314;2016;827;2016
9305;2016;2041;2016
4418;2016;1745;2016
0300;2016;499;2016
6666;2016;313;2016
1434;2016;24811;2016
1437;2016;741;2016
6433;2016;1586;2016
0106;2016;264;2016
9691;2016;594;2016
7412;2016;367;2016
2810;2016;3192;2016
7224;2016;2651;2016
9699;2016;298;2016
6769;2016;146;2016
9108;2016;2243;2016
8082;2016;1959;2016
4459;2016;3553;2016
4042;2016;72;2016
0784;2016;83;2016
7124;2016;1455;2016
1658;2016;2690;2016
8291;2016;478;2016
2004;2016;778;2016
2414;2016;778;2016
7390;2016;220;2016
8104;2016;1478;2016
2287;2016;193;2016
6562;2016;58;2016
5000;2016;2183;2016
2204;2016;2235;2016
0310;2016;1293;2016
7345;2016;3812;2016
9869;2016;3250;2016
3762;2016;1441;2016
1258;2016;61;2016
0258;2016;240;2016
2806;2016;783;2016
9056;2016;298;2016
0682;2016;235;2016
5111;2016;260;2016
3498;2016;619;2016
4382;2016;1319;2016
6796;2016;81;2016
9114;2016;1360;2016
9903;2016;591;2016
0516;2016;22425;2016
9330;2016;636;2016
2745;2016;2049;2016
8203;2016;4714;2016
5797;2016;560;2016
8403;2016;837;2016
6271;2016;755;2016
4303;2016;519;2016
1041;2016;233;2016
2211;2016;518;2016
6999;2016;1619;2016
9363;2016;272;2016
2358;2016;2298;2016
9934;2016;4140;2016
1919;2016;2037;2016
6758;2016;805;2016
3282;2016;962;2016
1826;2016;3489;2016
3028;2016;3392;2016
9261;2016;377;2016
5183;2016;371;2016
7070;2016;1029;2016
7055;2016;970;2016
8083;2016;425;2016
3592;2016;88;2016
4931;2016;1580;2016
0873;2016;81;2016
2693;2016;2748;2016
6797;2016;593;2016
5115;2016;301;2016
4249;2016;217;2016
8932;2016;292;2016
2155;2016;119;2016
9186;2016;5612;2016
5691;2016;340;2016
3103;2016;2185;2016
6214;2016;2813;2016
1856;2016;72;2016
0347;2016;1359;2016
3043;2016;996;2016
4774;2016;3323;2016
3146;2016;1145;2016
9229;2016;170;2016
2934;2016;241;2016
3851;2016;167;2016
0092;2016;549;2016
0306;2016;2006;2016
3754;2016;693;2016
3615;2016;461;2016
0562;2016;10005;2016
4700;2016;4252;2016
8436;2016;1063;2016
3520;2016;112;2016
8368;2016;106;2016
4212;2016;100;2016
0038;2016;2266;2016
8104;2016;500;2016
2989;2016;1575;2016
0152;2016;138;2016
4023;2016;1682;2016
6105;2016;2154;2016
2407;2016;752;2016
1492;2016;2700;2016
5076;2016;168;2016
3530;2016;1611;2016
5849;2016;409;2016
9004;2016;975;2016
9166;2016;899;2016
5091;2016;370;2016
5052;2016;595;2016
0742;2016;174;2016
3254;2016;1293;2016
6960;2016;700;2016
5902;2016;16828;2016
1392;2016;88;2016
9069;2016;1035;2016
8454;2016;171;2016
2618;2016;437;2016
5040;2016;3056;2016
7088;2016;2399;2016
1119;2016;1961;2016
4544;2016;2437;2016
0758;2016;2811;2016
5722;2016;3959;2016
1142;2016;1373;2016
7876;2016;21462;2016
3878;2016;193;2016
4979;2016;2164;2016
3908;2016;550;2016
8995;2016;310;2016
6012;2016;525;2016
6848;2016;350;2016
4155;2016;6297;2016
0935;2016;2794;2016
0956;2016;105;2016
2016;2016;2099;2016
1829;2016;194;2016
5376;2016;484;2016
3901;2016;737;2016
8226;2016;54;2016
5956;2016;808;2016
5253;2016;321;2016
3367;2016;2241;2016
3126;2016;931;2016
1017;2016;782;2016
9559;2016;112;2016
9200;2016;50;2016
3938;2016;1427;2016
1571;2016;559;2016
0563;2016;1156;2016
1320;2016;6420;2016
0688;2016;2284;2016
7363;2016;3193;2016
9417;2016;2582;2016
7324;2016;2925;2016
2878;2016;5800;2016
7884;2016;778;2016
4958;2016;1558;2016
1692;2016;657;2016
0672;2016;389;2016
0900;2016;548;2016
4485;2016;1621;2016
5399;2016;520;2016
8608;2016;960;2016
4124;2016;580;2016
3113;2016;75665;2016
4341;2016;395;2016
0660;2016;1096;2016
2796;2016;347;2016
3430;2016;420;2016
9008;2016;320;2016
7621;2016;872;2016
1608;2016;2603;2016
7884;2016;1762;2016
2931;2016;1287;2016
7149;2016;1256;2016
8923;2016;467;2016
4326;2016;10363;2016
7214;2016;1016;2016
0565;2016;290;2016
6480;2016;628;2016
8391;2016;595;2016
5648;2016;3743;2016
3374;2016;1247;2016
8622;2016;593;2016
0881;2016;2741;2016
2882;2016;308;2016
0662;2016;169;2016
1785;2016;1823;2016
5499;2016;866;2016
2039;2016;754;2016
6068;2016;3242;2016
6273;2016;399;2016
8477;2016;704;2016
5928;2016;486;2016
9384;2016;228;2016
6529;2016;597;2016
7779;2016;392;2016
4170;2016;221;2016
5045;2016;441;2016
7326;2016;1241;2016
0489;2016;309;2016
5226;2016;1466;2016
0824;2016;220;2016
0231;2016;332;2016
4766;2016;275;2016
3333;2016;663;2016
4254;2016;568;2016
3987;2016;512;2016
9432;2016;5845;2016
7531;2016;475;2016
9251;2016;1032;2016
9270;2016;1603;2016
1300;2016;575;2016
2168;2016;773;2016
8883;2016;596;2016
4721;2016;614;2016
7037;2016;2217;2016
5026;2016;2040;2016
8219;2016;356;2016
3739;2016;264;2016
9251;2016;376;2016
1551;2016;488;2016
9588;2016;204;2016
3971;2016;1113;2016
2321;2016;2236;2016
1104;2016;1004;2016
2057;2016;937;2016
4210;2016;2974;2016
3291;2016;882;2016
8550;2016;924;2016
5373;2016;339;2016
4970;2016;948;2016
6348;2016;761;2016
1408;2016;1257;2016
4192;2016;2348;2016
0976;2016;1154;2016
4053;2016;199;2016
3632;2016;10368;2016
6170;2016;79;2016
0260;2016;443;2016
5630;2016;477;2016
0013;2016;572;2016
0820;2016;227;2016
0244;2016;641;2016
0036;2016;2026;2016
8582;2016;181;2016
2049;2016;1554;2016
8350;2016;774;2016
4171;2016;393;2016
1805;2016;502;2016
5631;2016;946;2016
9827;2016;397;2016
8377;2016;340;2016
9109;2016;1434;2016
8656;2016;8250;2016
1477;2016;122;2016
2094;2016;663;2016
6838;2016;1027;2016
8691;2016;1203;2016
3426;2016;534;2016
3285;2016;118;2016
4471;2016;268;2016
6804;2016;552;2016
2800;2016;151;2016
1173;2016;1709;2016
7833;2016;850;2016
5952;2016;244;2016
7599;2016;278;2016
0383;2016;2470;2016
1655;2016;630;2016
9754;2016;243;2016
6219;2016;918;2016
6530;2016;814;2016
8798;2016;3037;2016
9480;2016;5572;2016
1268;2016;391;2016
2863;2016;602;2016
8624;2016;1663;2016
2967;2016;19920;2016
2298;2016;315;2016
5657;2016;93110;2016
1588;2016;748;2016
2135;2016;769;2016
1382;2016;899;2016
3280;2016;457;2016
1269;2016;381;2016
2434;2016;6359;2016
2375;2016;271;2016
6197;2016;1335;2016
0526;2016;2091;2016
7122;2016;1702;2016
3258;2016;534;2016
4397;2016;733;2016
8874;2016;157;2016
5936;2016;1892;2016
3977;2016;2014;2016
6034;2016;585;2016
7230;2016;1402;2016
5297;2016;2422;2016
6133;2016;1192;2016
0235;2016;340;2016
5285;2016;460;2016
6332;2016;536;2016
2493;2016;534;2016
4376;2016;810;2016
0619;2016;518;2016
4663;2016;1870;2016
0526;2016;1128;2016
7892;2016;324;2016
4833;2016;435;2016
3394;2016;967;2016
2555;2016;85;2016
9232;2016;504;2016
3412;2016;754;2016
1635;2016;1245;2016
0104;2016;375;2016
2097;2016;34264;2016
9866;2016;957;2016
0373;2016;138;2016
8466;2016;1702;2016
0925;2016;2964;2016
7721;2016;930;2016
2089;2016;94;2016
4828;2016;406;2016
1283;2016;4438;2016
6600;2016;158;2016
9770;2016;1988;2016
5908;2016;476;2016
5776;2016;1525;2016
1107;2016;670;2016
4213;2016;5267;2016
4872;2016;407;2016
4466;2016;292;2016
5524;2016;499;2016
4427;2016;420;2016
7470;2016;320;2016
3008;2016;1397;2016
3002;2016;458;2016
6117;2016;955;2016
8996;2016;332;2016
3874;2016;1079;2016
2191;2016;329;2016
4621;2016;173;2016
2763;2016;187;2016
8484;2016;640;2016
0138;2016;2315;2016
6161;2016;332;2016
7515;2016;517;2016
2861;2016;432;2016
4310;2016;492;2016
5609;2016;1435;2016
9336;2016;711;2016
0575;2016;1953;2016
5333;2016;1661;2016
7684;2016;1133;2016
1543;2016;840;2016
7165;2016;695;2016
2797;2016;177;2016
0432;2016;4576;2016
4494;2016;722;2016
3842;2016;319;2016
0802;2016;261;2016
9429;2016;498;2016
8021;2016;301;2016
5483;2016;700;2016
5358;2016;874;2016
8759;2016;1105;2016
0350;2016;78;2016
2319;2016;1394;2016
7375;2016;1303;2016
1998;2016;194;2016
2357;2016;1335;2016
5040;2016;2127;2016
7527;2016;609;2016
6941;2016;1031;2016
5400;2016;214;2016
5185;2016;213;2016
0329;2016;165;2016
6176;2016;591;2016
7473;2016;268;2016
3756;2016;266;2016
7241;2016;655;2016
4867;2016;315;2016
5982;2016;555;2016
4513;2016;319;2016
8515;2016;317;2016
7049;2016;1384;2016
9524;2016;407;2016
2197;2016;726;2016
2943;2016;685;2016
3104;2016;1430;2016
1948;2016;28257;2016
4629;2016;1294;2016
4279;2016;437;2016
5707;2016;273;2016
6908;2016;120;2016
0996;2016;415;2016
5434;2016;622;2016
3724;2016;11322;2016
3665;2016;1251;2016
1834;2016;1421;2016
4198;2016;230;2016
7376;2016;527;2016
5365;2016;688;2016
2811;2016;1305;2016
3546;2016;1241;2016
9973;2016;946;2016
6455;2016;845;2016
4427;2016;377;2016
7041;2016;3633;2016
9177;2016;1451;2016
9679;2016;584;2016
6495;2016;348;2016
0281;2016;1003;2016
0866;2016;323;2016
1765;2016;4697;2016
9724;2016;490;2016
0071;2016;2009;2016
1651;2016;1373;2016
7338;2016;1643;2016
5153;2016;677;2016
0516;2016;1468;2016
0734;2016;393;2016
5892;2016;130;2016
4612;2016;1504;2016
1543;2016;209;2016
2799;2016;1558;2016
5754;2016;354;2016
9156;2016;4100;2016
5706;2016;599;2016
1156;2016;1253;2016
6916;2016;4258;2016
8925;2016;568;2016
7065;2016;424;2016
7430;2016;401;2016
8532;2016;1145;2016
8425;2016;551;2016
9488;2016;6011;2016
3195;2016;1224;2016
1681;2016;1971;2016
5538;2016;1645;2016
9533;2016;223;2016
8544;2016;1049;2016
9542;2016;330;2016
9132;2016;2448;2016
2889;2016;1957;2016
2111;2016;1569;2016
0350;2016;653;2016
2664;2016;929;2016
7960;2016;908;2016
0894;2016;1341;2016
8666;2016;27490;2016
6032;2016;296;2016
2191;2016;678;2016
4945;2016;19095;2016
2936;2016;1010;2016
7258;2016;987;2016
6455;2016;2169;2016
3072;2016;3144;2016
6091;2016;481;2016
4744;2016;936;2016
8688;2016;306;2016
5563;2016;1868;2016
0672;2016;683;2016
5617;2016;1218;2016
4833;2016;1208;2016
2458;2016;140;2016
1828;2016;725;2016
9640;2016;221;2016
8080;2016;588;2016
3923;2016;34300;2016
8405;2016;1277;2016
3596;2016;888;2016
6166;2016;300;2016
4208;2016;1410;2016
2436;2016;2072;2016
0315;2016;117;2016
0905;2016;248;2016
5133;2016;976;2016
2621;2016;905;2016
9864;2016;766;2016
1589;2016;555;2016
5416;2016;943;2016
5283;2016;98;2016
7924;2016;722;2016
4352;2016;402;2016
8619;2016;2405;2016
6811;2016;4726;2016
0372;2016;1427;2016
6059;2016;2814;2016
9770;2016;2525;2016
2542;2016;517;2016
2330;2016;234;2016
5692;2016;493;2016
1198;2016;1806;2016
7089;2016;440;2016
1712;2016;463;2016
9833;2016;1672;2016
3034;2016;3414;2016
5161;2016;303;2016
6471;2016;820;2016
6384;2016;1188;2016
0381;2016;678;2016
3779;2016;415;2016
6103;2016;1336;2016
0120;2016;749;2016
9365;2016;114;2016
9427;2016;2069;2016
6666;2016;762;2016
5463;2016;464;2016
7597;2016;1831;2016
6277;2016;2078;2016
3544;2016;2968;2016
4825;2016;154;2016
5598;2016;218;2016
2665;2016;482;2016
3295;2016;1544;2016
5599;2016;182;2016
7533;2016;825;2016
9224;2016;3796;2016
4018;2016;1028;2016
0520;2016;4037;2016
8333;2016;91;2016
3385;2016;187;2016
6410;2016;1039;2016
7364;2016;3403;2016
3872;2016;379;2016
3820;2016;1367;2016
4576;2016;310;2016
4206;2016;203;2016
1772;2016;3167;2016
8770;2016;341;2016
5721;2016;4520;2016
2810;2016;4872;2016
4629;2016;575;2016
4757;2016;195;2016
4468;2016;640;2016
2088;2016;174;2016
1501;2016;2275;2016
3546;2016;1300;2016
3607;2016;2598;2016
7979;2016;1276;2016
6268;2016;386;2016
9364;2016;589;2016
0601;2016;160;2016
0925;2016;110;2016
1429;2016;339;2016
0999;2016;1118;2016
3196;2016;338;2016
6456;2016;10269;2016
9387;2016;448;2016
4357;2016;875;2016
9447;2016;5527;2016
4708;2016;271;2016
2910;2016;162;2016
8606;2016;1253;2016
9282;2016;294;2016
7924;2016;1218;2016
5850;2016;1137;2016
8570;2016;277;2016
5068;2016;585;2016
0918;2016;554;2016
3930;2016;1262;2016
8809;2016;598;2016
5548;2016;218;2016
5190;2016;828;2016
3343;2016;713;2016
1136;2016;2215;2016
6729;2016;5947;2016
9117;2016;1130;2016
2846;2016;2066;2016
7953;2016;1391;2016
3823;2016;42070;2016
3465;2016;689;2016
8969;2016;292;2016
6912;2016;184;2016
0472;2016;589;2016
7127;2016;397;2016
0261;2016;120;2016
8375;2016;223;2016
4462;2016;3304;2016
2994;2016;863;2016
2246;2016;478;2016
5045;2016;1329;2016
2305;2016;826;2016
3802;2016;802;2016
3128;2016;2349;2016
2114;2016;690;2016
8026;2016;486;2016
8563;2016;559;2016
3683;2016;355;2016
0712;2016;2860;2016
2848;2016;291;2016
8533;2016;3038;2016
3070;2016;1304;2016
2886;2016;1277;2016
9577;2016;53120;2016
6886;2016;2201;2016
8705;2016;306;2016
4660;2016;1009;2016
3583;2016;14141;2016
9254;2016;234;2016
6060;2016;358;2016
8808;2016;1313;2016
6815;2016;6914;2016
1513;2016;400;2016
7257;2016;24011;2016
4645;2016;283;2016
5157;2016;457;2016
2476;2016;10733;2016
5751;2016;23752;2016
2457;2016;5407;2016
6771;2016;10079;2016
2964;2016;2080;2016
7987;2016;7397;2016
0930;2016;639;2016
2733;2016;579;2016
7933;2016;753;2016
6899;2016;1126;2016
3522;2016;2501;2016
3910;2016;4835;2016
7326;2016;2211;2016
4709;2016;392;2016
4026;2016;13066;2016
6034;2016;1728;2016
7437;2016;1476;2016
4005;2016;5623;2016
2297;2016;732;2016
7042;2016;325;2016
1434;2016;142;2016
5606;2016;5248;2016
9617;2016;3437;2016
1527;2016;5504;2016
2727;2016;2075;2016
4065;2016;1084;2016
8145;2016;1964;2016
7298;2016;250;2016
5254;2016;11563;2016
0315;2016;1204;2016
2237;2016;986;2016
7021;2016;419;2016
7242;2016;1789;2016
4774;2016;11202;2016
5718;2016;983;2016
7301;2016;1119;2016
8507;2016;106;2016
9575;2016;3337;2016
2980;2016;527;2016
2213;2016;829;2016
1769;2016;199;2016
6682;2016;2710;2016
2263;2016;218;2016
3130;2016;889;2016
6586;2016;1575;2016
1736;2016;439;2016
3321;2016;949;2016
4451;2016;803;2016
8781;2016;8760;2016
6454;2016;639;2016
9456;2016;835;2016
9186;2016;7208;2016
5971;2016;561;2016
7066;2016;771;2016
6560;2016;1766;2016
3174;2016;60507;2016
0198;2016;3733;2016
6807;2016;3044;2016
8062;2016;800;2016
2868;2016;195;2016
9652;2016;2651;2016
4467;2016;2580;2016
1689;2016;686;2016
7846;2016;8336;2016
9963;2016;13112;2016
9150;2016;382;2016
7616;2016;803;2016
8914;2016;2687;2016
8070;2016;317;2016
2972;2016;11437;2016
9322;2016;2560;2016
2765;2016;2687;2016
4242;2016;4378;2016
5133;2016;2085;2016
0618;2016;5491;2016
0652;2016;5275;2016
7401;2016;2940;2016
9059;2016;6966;2016
4579;2016;3755;2016
8222;2016;6829;2016
0656;2016;3123;2016
7498;2016;1584;2016
6952;2016;3829;2016
2310;2016;27272;2016
2837;2016;2447;2016
7228;2016;9212;2016
0821;2016;5777;2016
0024;2016;277;2016
7248;2016;553;2016
5252;2016;1905;2016
2540;2016;75;2016
6164;2016;453;2016
1628;2016;265;2016
2876;2016;576915;2016
8760;2016;99;2016
9672;2016;1505;2016
8763;2016;12569;2016
7099;2016;2449;2016
7184;2016;454;2016
5078;2016;1513;2016
4412;2016;3676;2016
9335;2016;2731;2016
6498;2016;1546;2016
2743;2016;3674;2016
2718;2016;2596;2016
6107;2016;2768;2016
6787;2016;239;2016
7246;2016;2037;2016
5214;2016;2231;2016
2369;2016;873;2016
9884;2016;540;2016
5565;2016;2506;2016
5311;2016;419;2016
9310;2016;141;2016
6210;2016;29307;2016
7716;2016;9683;2016
7190;2016;985;2016
1115;2016;4334;2016
8079;2016;65;2016
5932;2016;2765;2016
0858;2016;532;2016
5747;2016;2635;2016
0436;2016;9231;2016
9016;2016;5913;2016
7734;2016;1118;2016
7440;2016;3196;2016
2045;2016;7843;2016
6163;2016;18457;2016
0661;2016;4183;2016
5372;2016;535;2016
0146;2016;2312;2016
1383;2016;617;2016
6332;2016;2255;2016
6707;2016;783;2016
4257;2016;409;2016
7878;2016;2435;2016
1732;2016;4359;2016
5379;2016;10455;2016
9450;2016;2390;2016
5663;2016;7693;2016
1896;2016;854;2016
3369;2016;953;2016
9013;2016;1305;2016
7544;2016;1116;2016
7917;2016;544;2016
8632;2016;491;2016
0170;2016;8423;2016
0856;2016;1370;2016
2703;2016;6342;2016
2599;2016;648;2016
3951;2016;93184;2016
0078;2016;9900;2016
8140;2016;5430;2016
4274;2016;609;2016
9431;2016;1475;2016
8558;2016;8274;2016
7462;2016;585;2016
6646;2016;3568;2016
7634;2016;3712;2016
2663;2016;1528;2016
6636;2016;707;2016
8524;2016;9383;2016
5374;2016;22038;2016
7758;2016;1353;2016
5884;2016;2057;2016
2984;2016;849;2016
3684;2016;7263;2016
7008;2016;515;2016
7953;2016;401;2016
8821;2016;5285;2016
7261;2016;5526;2016
1264;2016;9834;2016
5059;2016;4905;2016
5062;2016;4652;2016
1722;2016;783;2016
9232;2016;1650;2016
5157;2016;1610;2016
5636;2016;667;2016
4320;2016;2562;2016
4769;2016;5455;2016
9454;2016;9025;2016
5209;2016;3339;2016
0300;2016;4372;2016
0386;2016;2178;2016
8686;2016;3240;2016
2924;2016;859;2016
1820;2016;1721;2016
9542;2016;1172;2016
3963;2016;819;2016
1189;2016;1210;2016
6200;2016;980;2016
9058;2016;1193;2016
5045;2016;3076;2016
6597;2016;83018;2016
2718;2016;2124;2016
7280;2016;1794;2016
2635;2016;7769;2016
1334;2016;4628;2016
1270;2016;2524;2016
4198;2016;14445;2016
2131;2016;6683;2016
5453;2016;17631;2016
7494;2016;4869;2016
5879;2016;2712;2016
3228;2016;1365;2016
0454;2016;3783;2016
9092;2016;5652;2016
3442;2016;21404;2016
9547;2016;663;2016
9206;2016;14322;2016
9824;2016;586;2016
7509;2016;1302;2016
7887;2016;1988;2016
9003;2016;7675;2016
7590;2016;5165;2016
3176;2016;5805;2016
0039;2016;820;2016
1336;2016;10292;2016
1074;2016;3896;2016
9838;2016;1940;2016
8056;2016;4721;2016
6874;2016;1152;2016
5493;2016;2809;2016
5510;2016;817;2016
4407;2016;608;2016
1837;2016;3514;2016
5438;2016;3010;2016
0591;2016;2948;2016
8543;2016;177;2016
5272;2016;3350;2016
9590;2016;1650;2016
0249;2016;3090;2016
3987;2016;1442;2016
4905;2016;123;2016
6809;2016;12308;2016
6579;2016;6796;2016
5265;2016;719;2016
9823;2016;53600;2016
2748;2016;994;2016
0086;2016;9274;2016
8411;2016;4615;2016
6747;2016;2876;2016
7868;2016;10752;2016
6598;2016;3847;2016
4364;2016;2675;2016
1580;2016;5020;2016
4805;2016;8335;2016
6957;2016;2222;2016
0456;2016;1265;2016
4338;2016;1077;2016
3655;2016;10154;2016
9092;2016;5272;2016
8742;2016;5070;2016
4421;2016;5569;2016
5301;2016;8676;2016
1894;2016;3825;2016
8367;2016;4958;2016
2406;2016;11761;2016
7099;2016;1257;2016
0057;2016;14746;2016
0713;2016;1319;2016
7726;2016;1294;2016
0012;2016;16625;2016
4904;2016;3377;2016
8464;2016;7769;2016
8580;2016;355;2016
8082;2016;297;2016
4816;2016;1806;2016
8831;2016;1502;2016
1012;2016;1462;2016
5406;2016;1908;2016
6025;2016;4254;2016
2356;2016;5031;2016
7451;2016;4280;2016
2066;2016;12397;2016
9149;2016;7678;2016
7246;2016;835;2016
5175;2016;818;2016
3374;2016;2858;2016
3739;2016;2345;2016
4481;2016;917;2016
7632;2016;1292;2016
4390;2016;2994;2016
0140;2016;15946;2016
0575;2016;38966;2016
0379;2016;11082;2016
0347;2016;4177;2016
9318;2016;5475;2016
5053;2016;17523;2016
7498;2016;6197;2016
6311;2016;3655;2016
6798;2016;2546;2016
4775;2016;18532;2016
5968;2016;4069;2016
0619;2016;237;2016
7362;2016;10543;2016
4185;2016;1578;2016
3321;2016;2486;2016
8393;2016;80701;2016
0848;2016;7367;2016
8788;2016;6109;2016
7338;2016;7223;2016
7832;2016;8685;2016
2627;2016;5277;2016
6059;2016;578;2016
2206;2016;1528;2016
9571;2016;2551;2016
3792;2016;6369;2016
9506;2016;4196;2016
8386;2016;2701;2016
9921;2016;1248;2016
5847;2016;4986;2016
2450;2016;1793;2016
8076;2016;7632;2016
1121;2016;666;2016
5822;2016;4978;2016
5106;2016;3586;2016
7157;2016;583;2016
5854;2016;336;2016
8047;2016;2705;2016
1194;2016;4770;2016
6705;2016;1549;2016
5601;2016;274;2016
4718;2016;1176;2016
1737;2016;6435;2016
8311;2016;2154;2016
9720;2016;335;2016
0251;2016;1705;2016
7733;2016;3947;2016
1784;2016;7452;2016
1615;2016;7847;2016
5169;2016;461;2016
5295;2016;2046;2016
6757;2016;1953;2016
2534;2016;39576;2016
1053;2016;5048;2016
7175;2016;5522;2016
9442;2016;1173;2016
9237;2016;2909;2016
1719;2016;4476;2016
7329;2016;3108;2016
1945;2016;6460;2016
9962;2016;481;2016
8896;2016;1698;2016
2221;2016;4923;2016
5073;2016;3305;2016
9723;2016;1291;2016
6220;2016;914;2016
4466;2016;1195;2016
6881;2016;2980;2016
9748;2016;211;2016
5479;2016;552;2016
1831;2016;9122;2016
2813;2016;6682;2016
6263;2016;2125;2016
9034;2016;548;2016
6171;2016;498;2016
1412;2016;86508;2016
1917;2016;802;2016
1382;2016;700;2016
9305;2016;3429;2016
6466;2016;210;2016
6082;2016;624;2016
2764;2016;1451;2016
0436;2016;3398;2016
4878;2016;254;2016
8017;2016;16268;2016
9373;2016;2632;2016
5230;2016;1205;2016
1414;2016;4703;2016
3603;2016;3201;2016
9561;2016;5194;2016
2711;2016;9745;2016
7547;2016;777;2016
1792;2016;1035;2016
8250;2016;2835;2016
8991;2016;1287;2016
5458;2016;635;2016
9053;2016;5738;2016
9865;2016;9160;2016
1961;2016;880;2016
6825;2016;478;2016
8360;2016;2497;2016
0408;2016;1444;2016
5255;2016;487;2016
7039;2016;2083;2016
5636;2016;3833;2016
2977;2016;5867;2016
1337;2016;175;2016
0364;2016;4302;2016
4770;2016;9753;2016
6045;2016;1888;2016
1613;2016;2745;2016
6988;2016;5326;2016
8854;2016;2562;2016
9357;2016;9819;2016
0815;2016;671;2016
8027;2016;24356;2016
2884;2016;3254;2016
7701;2016;3083;2016
2814;2016;4102;2016
8973;2016;1612;2016
7270;2016;2326;2016
2231;2016;5151;2016
0152;2016;240;2016
5169;2016;2535;2016
6815;2016;8621;2016
7055;2016;992;2016
0301;2016;1225;2016
9210;2016;2907;2016
9644;2016;11436;2016
6880;2016;2388;2016
4607;2016;2805;2016
5747;2016;169;2016
9935;2016;970;2016
7955;2016;1049;2016
5334;2016;253;2016
9040;2016;857;2016
0749;2016;716;2016
8112;2016;246;2016
3802;2016;4296;2016
6399;2016;4788;2016
2991;2016;914;2016
2026;2016;1352;2016
9165;2016;482;2016
0752;2016;312;2016
5208;2016;1282;2016
0864;2016;1676;2016
5679;2016;7796;2016
5316;2016;6083;2016
7342;2016;530;2016
5076;2016;1001;2016
2137;2016;1793;2016
0916;2016;4737;2016
9930;2016;297;2016
1171;2016;863;2016
7868;2016;3156;2016
0937;2016;2599;2016
4370;2016;1259;2016
7425;2016;637;2016
2943;2016;612;2016
8815;2016;5754;2016
5288;2016;1118;2016
9091;2016;237;2016
2824;2016;9385;2016
7844;2016;4922;2016
6474;2016;2678;2016
1320;2016;2620;2016
6115;2016;170;2016
7405;2016;1538;2016
8606;2016;222;2016
1517;2016;2988;2016
0078;2016;765;2016
7469;2016;4110;2016
8577;2016;8028;2016
5952;2016;209;2016
7866;2016;1734;2016
8520;2016;4181;2016
0589;2016;3731;2016
5814;2016;5358;2016
4097;2016;5140;2016
9604;2016;308;2016
3464;2016;3079;2016
7750;2016;551;2016
3652;2016;1584;2016
1442;2016;3241;2016
2215;2016;115;2016
5949;2016;4140;2016
1065;2016;1305;2016
4364;2016;4187;2016
7070;2016;2020;2016
9723;2016;1075;2016
4884;2016;961;2016
3122;2016;1388;2016
0700;2016;641;2016
0329;2016;1560;2016
4204;2016;453;2016
6946;2016;781;2016
7742;2016;7310;2016
5975;2016;2478;2016
7567;2016;2542;2016
0707;2016;350;2016
1361;2016;1117;2016
8352;2016;1396;2016
9902;2016;5492;2016
7335;2016;454;2016
4380;2016;3266;2016
2392;2016;3684;2016
7990;2016;550;2016
8975;2016;808;2016
5950;2016;571;2016
4263;2016;173;2016
7928;2016;1953;2016
9158;2016;4432;2016
1233;2016;1615;2016
6544;2016;519;2016
1650;2016;1333;2016
2927;2016;6499;2016
4606;2016;666;2016
7844;2016;764;2016
3245;2016;1005;2016
4294;2016;962;2016
1455;2016;1826;2016
9738;2016;3056;2016
8160;2016;12315;2016
7437;2016;1856;2016
2997;2016;40;2016
8047;2016;1357;2016
7998;2016;2181;2016
2534;2016;1893;2016
8988;2016;1919;2016
7265;2016;2326;2016
5844;2016;659;2016
9382;2016;2972;2016
0003;2016;292;2016
8248;2016;545;2016
7953;2016;2879;2016
8501;2016;348;2016
5233;2016;484;2016
4525;2016;4131;2016
8748;2016;21538;2016
6849;2016;93;2016
0512;2016;4660;2016
2736;2016;192;2016
3175;2016;4494;2016
3745;2016;9038;2016
2368;2016;767;2016
1463;2016;633;2016
3664;2016;2731;2016
0134;2016;2003;2016
7227;2016;4091;2016
5706;2016;3591;2016
9861;2016;2599;2016
7085;2016;924;2016
3774;2016;1115;2016
4053;2016;215;2016
5223;2016;1008;2016
7393;2016;2984;2016
7776;2016;32377;2016
9817;2016;4679;2016
4210;2016;6700;2016
5634;2016;19516;2016
3585;2016;11949;2016
0523;2016;8841;2016
3842;2016;17233;2016
5856;2016;3645;2016
4922;2016;7683;2016
5903;2016;3855;2016
1619;2016;3060;2016
7426;2016;2062;2016
8715;2016;7244;2016
6536;2016;4084;2016
1225;2016;35315;2016
3824;2016;26283;2016
9490;2016;2387;2016
0056;2016;27023;2016
8322;2016;4718;2016
5863;2016;8501;2016
9872;2016;13856;2016
7272;2016;1201;2016
1802;2016;6824;2016
2538;2016;12442;2016
2436;2016;4090;2016
3860;2016;15149;2016
3249;2016;4048;2016
5951;2016;5446;2016
6010;2016;18590;2016
2095;2016;13733;2016
3175;2016;1892;2016
1729;2016;11180;2016
2206;2016;33684;2016
9631;2016;5094;2016
1212;2016;15253;2016
9388;2016;23372;2016
7681;2016;14199;2016
7241;2016;74280;2016
6764;2016;4892;2016
4021;2016;47027;2016
1644;2016;2055;2016
6867;2016;18281;2016
4734;2016;20216;2016
0674;2016;20099;2016
3556;2016;33891;2016
9253;2016;8182;2016
4585;2016;3917;2016
0817;2016;18317;2016
6355;2016;6346;2016
4790;2016;3026;2016
2559;2016;9065;2016
9131;2016;27068;2016
7593;2016;8847;2016
5801;2016;20096;2016
4595;2016;3046;2016
1012;2016;1630;2016
1348;2016;8583;2016
2054;2016;11159;2016
0401;2016;8885;2016
8701;2016;25370;2016
6970;2016;59336;2016
4068;2016;4048;2016
6103;2016;10305;2016
9920;2016;23747;2016
2300;2016;9231;2016
2083;2016;6255;2016
3852;2016;3425;2016
9547;2016;11996;2016
9985;2016;17935;2016
8204;2016;18536;2016
6397;2016;4146;2016
6783;2016;1363683;2016
0014;2016;1123;2016
5128;2016;7823;2016
2430;2016;17094;2016
8763;2016;677;2016
4619;2016;20008;2016
8582;2016;4466;2016
6385;2016;13599;2016
9834;2016;4255;2016
9731;2016;1488;2016
1139;2016;47273;2016
6921;2016;5958;2016
3077;2016;27879;2016
8211;2016;11367;2016
9782;2016;10935;2016
2212;2016;23490;2016
6624;2016;9076;2016
9138;2016;15702;2016
0937;2016;36470;2016
7848;2016;8331;2016
1648;2016;6121;2016
1394;2016;8357;2016
0744;2016;7265;2016
0299;2016;14085;2016
2431;2016;50431;2016
9280;2016;4862;2016
7849;2016;6739;2016
0728;2016;4658;2016
6816;2016;5729;2016
2433;2016;41676;2016
5504;2016;7294;2016
8731;2016;31978;2016
1680;2016;6770;2016
8676;2016;37922;2016
9662;2016;4939;2016
4807;2016;8382;2016
2355;2016;4375;2016
7527;2016;12066;2016
4936;2016;34765;2016
5991;2016;21620;2016
6992;2016;81601;2016
4236;2016;7362;2016
7192;2016;19742;2016
6760;2016;14082;2016
4356;2016;5117;2016
7662;2016;20844;2016
0534;2016;11939;2016
9957;2016;3598;2016
9838;2016;5894;2016
5193;2016;7233;2016
0535;2016;9215;2016
1545;2016;8855;2016
3090;2016;3950;2016
6541;2016;3341;2016
5527;2016;9297;2016
7367;2016;16866;2016
1334;2016;8882;2016
6505;2016;3928;2016
4278;2016;1850;2016
5779;2016;6736;2016
5480;2016;6211;2016
5630;2016;5364;2016
7721;2016;11618;2016
6055;2016;2239;2016
2249;2016;818;2016
3528;2016;8198;2016
8094;2016;17895;2016
0003;2016;5620;2016
6064;2016;6226;2016
7305;2016;5724;2016
6844;2016;13530;2016
2756;2016;2378;2016
7270;2016;3185;2016
3472;2016;4818;2016
4369;2016;3495;2016
3077;2016;2738;2016
6932;2016;183;2016
4898;2016;558;2016
2922;2016;7576;2016
2892;2016;402;2016
5491;2016;4320;2016
9806;2016;729;2016
0711;2016;4247;2016
0744;2016;1959;2016
2680;2016;741;2016
1447;2016;2402;2016
1515;2016;119019;2016
8641;2016;1358;2016
6704;2016;622;2016
2008;2016;72;2016
5910;2016;6133;2016
2082;2016;6037;2016
1510;2016;9701;2016
4678;2016;6676;2016
8306;2016;1137;2016
0906;2016;994;2016
7727;2016;5138;2016
4653;2016;710;2016
1864;2016;717;2016
5323;2016;8578;2016
1390;2016;7895;2016
1106;2016;5998;2016
1408;2016;116;2016
9947;2016;5550;2016
0832;2016;5924;2016
6678;2016;5338;2016
3336;2016;8278;2016
7240;2016;4241;2016
9440;2016;620;2016
2052;2016;4354;2016
6789;2016;1235;2016
7846;2016;7956;2016
7838;2016;3087;2016
3883;2016;16278;2016
8209;2016;4667;2016
1535;2016;327;2016
5891;2016;4616;2016
1131;2016;4053;2016
1746;2016;4022;2016
6219;2016;3228;2016
6773;2016;110;2016
1528;2016;10175;2016
7066;2016;2874;2016
5001;2016;3414;2016
5891;2016;1333;2016
6516;2016;2608;2016
0244;2016;1675;2016
9724;2016;2540;2016
6167;2016;3774;2016
5992;2016;4286;2016
0705;2016;1596;2016
5456;2016;3292;2016
8847;2016;5961;2016
8160;2016;6360;2016
3074;2016;5705;2016
7280;2016;5168;2016
1901;2016;8613;2016
6268;2016;1129;2016
5187;2016;11045;2016
7485;2016;1639;2016
4452;2016;4335;2016
5017;2016;950;2016
3490;2016;1944;2016
2228;2016;3284;2016
2120;2016;594;2016
6664;2016;9234;2016
9435;2016;3947;2016
4135;2016;3498;2016
7049;2016;7496;2016
4071;2016;237;2016
8075;2016;23257;2016
5582;2016;929;2016
0690;2016;3461;2016
1452;2016;1978;2016
7926;2016;7929;2016
0407;2016;1285;2016
4233;2016;3191;2016
2877;2016;1138;2016
0601;2016;3006;2016
7970;2016;4548;2016
9290;2016;638;2016
1428;2016;193;2016
8683;2016;3110;2016
0448;2016;3415;2016
2797;2016;217;2016
1342;2016;1009;2016
0319;2016;5427;2016
1267;2016;1481;2016
1962;2016;873;2016
4134;2016;5014;2016
5881;2016;6109;2016
6976;2016;5107;2016
5200;2016;6542;2016
0000;2016;1599;2016
7413;2016;6417;2016
0692;2016;1211;2016
7773;2016;889;2016
9408;2016;7396;2016
8327;2016;183;2016
0586;2016;645;2016
1560;2016;4169;2016
6909;2016;4480;2016
7383;2016;601;2016
5314;2016;3775;2016
7896;2016;827;2016
9247;2016;5265;2016
0469;2016;2827;2016
4846;2016;909;2016
0689;2016;4012;2016
6573;2016;6816;2016
0512;2016;10449;2016
8383;2016;169;2016
1053;2016;2911;2016
3564;2016;211;2016
7535;2016;1148;2016
8156;2016;3300;2016
5662;2016;2522;2016
9226;2016;2908;2016
4646;2016;4524;2016
6417;2016;7359;2016
2348;2016;11583;2016
9033;2016;497;2016
8919;2016;1016;2016
3262;2016;151;2016
6636;2016;614;2016
7820;2016;870;2016
0417;2016;1755;2016
0963;2016;150;2016
1822;2016;5144;2016
5856;2016;12349;2016
2349;2016;2065;2016
0866;2016;4015;2016
9600;2016;4533;2016
7937;2016;5757;2016
2794;2016;2745;2016
8187;2016;369;2016
5999;2016;6002;2016
4799;2016;1834;2016
7022;2016;1476;2016
5451;2016;1088;2016
7653;2016;1215;2016
2379;2016;398;2016
1521;2016;86;2016
2861;2016;1603;2016
5898;2016;1794;2016
4769;2016;6850;2016
5861;2016;11415;2016
3776;2016;3288;2016
0976;2016;4997;2016
1982;2016;4697;2016
9556;2016;1827;2016
6248;2016;1142;2016
2818;2016;4880;2016
1151;2016;1709;2016
0613;2016;5954;2016
2137;2016;1219;2016
5213;2016;871;2016
8105;2016;3860;2016
3831;2016;20030;2016
3866;2016;427;2016
0675;2016;772;2016
0302;2016;929;2016
5339;2016;4120;2016
0260;2016;4840;2016
2465;2016;5672;2016
9533;2016;4850;2016
8036;2016;546;2016
6621;2016;6621;2016
6892;2016;9994;2016
9693;2016;1179;2016
8461;2016;2436;2016
5279;2016;2043;2016
5348;2016;24843;2016
3384;2016;2060;2016
7570;2016;1793;2016
9447;2016;730;2016
2515;2016;8973;2016
0233;2016;4501;2016
0243;2016;5289;2016
9736;2016;1031;2016
6107;2016;5660;2016
3738;2016;13012;2016
8250;2016;1077;2016
5411;2016;3794;2016
1257;2016;557;2016
1708;2016;2088;2016
3026;2016;5039;2016
1331;2016;8002;2016
4836;2016;8719;2016
6902;2016;2428;2016
6241;2016;1052;2016
5138;2016;9707;2016
2198;2016;29737;2016
4874;2016;10591;2016
3454;2016;1378;2016
7781;2016;9779;2016
8899;2016;1052;2016
7966;2016;4243;2016
8905;2016;589;2016
7640;2016;133;2016
2302;2016;213;2016
8975;2016;273;2016
2916;2016;224;2016
8218;2016;7570;2016
3439;2016;7979;2016
6945;2016;4709;2016
4483;2016;1123;2016
7561;2016;1344;2016
3097;2016;583;2016
9822;2016;4669;2016
4860;2016;6699;2016
6029;2016;6660;2016
1595;2016;1914;2016
0419;2016;7889;2016
0010;2016;1486;2016
4317;2016;2680;2016
9523;2016;8631;2016
2123;2016;8974;2016
2970;2016;934;2016
3232;2016;677;2016
2506;2016;312;2016
7995;2016;2322;2016
2277;2016;2066;2016
4334;2016;3921;2016
4376;2016;4364;2016
5463;2016;1573;2016
2895;2016;7081;2016
5546;2016;1755;2016
7523;2016;2484;2016
8313;2016;497;2016
5601;2016;2394;2016
0191;2016;3613;2016
5695;2016;3141;2016
3457;2016;12538;2016
1983;2016;3881;2016
3363;2016;2338;2016
4918;2016;1212;2016
4204;2016;2317;2016
4434;2016;12199;2016
5925;2016;2688;2016
4633;2016;1670;2016
9148;2016;2498;2016
8065;2016;3854;2016
2870;2016;1376;2016
5299;2016;5366;2016
4199;2016;9153;2016
4960;2016;2569;2016
4824;2016;10850;2016
9887;2016;2185;2016
4114;2016;7433;2016
3802;2016;1663;2016
3567;2016;690;2016
9347;2016;4835;2016
3337;2016;194168;2016
8968;2016;698;2016
3082;2016;2133;2016
2958;2016;12776;2016
7369;2016;3512;2016
8271;2016;8471;2016
1074;2016;2456;2016
9465;2016;368;2016
9676;2016;4636;2016
6009;2016;9291;2016
8418;2016;12862;2016
2048;2016;8318;2016
1396;2016;6591;2016
5285;2016;10889;2016
1950;2016;11369;2016
3362;2016;1709;2016
6321;2016;6984;2016
3415;2016;10987;2016
0830;2016;1208;2016
5461;2016;4889;2016
5525;2016;665;2016
3011;2016;1905;2016
4688;2016;884;2016
9592;2016;18748;2016
9309;2016;1579;2016
7130;2016;543;2016
3068;2016;2722;2016
0465;2016;8685;2016
2698;2016;4634;2016
4749;2016;2190;2016
7875;2016;7553;2016
4370;2016;3875;2016
0748;2016;15422;2016
9733;2016;7267;2016
6046;2016;1957;2016
2960;2016;1422;2016
0712;2016;15548;2016
3209;2016;5590;2016
2622;2016;28641;2016
9031;2016;4560;2016
2398;2016;8532;2016
3061;2016;5239;2016
0159;2016;2045;2016
8367;2016;8723;2016
5861;2016;4713;2016
3930;2016;2629;2016
6562;2016;11548;2016
7514;2016;2853;2016
7959;2016;12026;2016
8401;2016;18685;2016
3811;2016;2164;2016
2837;2016;5158;2016
0891;2016;16470;2016
8902;2016;1961;2016
6657;2016;381;2016
9347;2016;132;2016
4194;2016;9136;2016
3283;2016;4044;2016
8235;2016;548;2016
4516;2016;14174;2016
0259;2016;1168;2016
4987;2016;1679;2016
4335;2016;3766;2016
1954;2016;16138;2016
4707;2016;577;2016
2553;2016;612;2016
7425;2016;394;2016
7179;2016;22343;2016
0958;2016;1480;2016
1109;2016;135;2016
5281;2016;3457;2016
8941;2016;2026;2016
4567;2016;3213;2016
6294;2016;5210;2016
8839;2016;12930;2016
7392;2016;4330;2016
0348;2016;655;2016
9307;2016;3191;2016
7265;2016;12222;2016
4888;2016;1750;2016
6529;2016;2503;2016
0259;2016;534;2016
6051;2016;1742;2016
8908;2016;4471;2016
6613;2016;25246;2016
5181;2016;5081;2016
5067;2016;795;2016
0780;2016;2633;2016
2115;2016;10727;2016
1574;2016;1985;2016
4576;2016;3926;2016
3116;2016;4672;2016
5439;2016;1966;2016
0333;2016;4083;2016
8482;2016;3167;2016
7797;2016;972;2016
8684;2016;12471;2016
9376;2016;2469;2016
2903;2016;14242;2016
8578;2016;1452;2016
8091;2016;4481;2016
6080;2016;3673;2016
8656;2016;185;2016
0034;2016;2136;2016
0393;2016;19927;2016
1816;2016;4697;2016
1537;2016;619;2016
3907;2016;7014;2016
6134;2016;2766;2016
8177;2016;4530;2016
9152;2016;571;2016
1258;2016;647;2016
4894;2016;1504;2016
9450;2016;4630;2016
2273;2016;7921;2016
2011;2016;2504;2016
1195;2016;2571;2016
2734;2016;3793;2016
6432;2016;5226;2016
4260;2016;1748;2016
2070;2016;7000;2016
0859;2016;6895;2016
3264;2016;3544;2016
1622;2016;2923;2016
4524;2016;1542;2016
9892;2016;6829;2016
1597;2016;7375;2016
8506;2016;904;2016
9716;2016;3362;2016
4527;2016;6210;2016
4624;2016;3338;2016
2064;2016;13286;2016
1322;2016;4827;2016
8593;2016;9505;2016
8207;2016;4505;2016
3899;2016;9437;2016
0941;2016;18670;2016
8454;2016;5738;2016
4472;2016;3886;2016
5869;2016;3392;2016
3048;2016;10602;2016
2166;2016;3404;2016
5028;2016;2547;2016
2531;2016;4608;2016
6790;2016;13406;2016
2677;2016;897;2016
4711;2016;1461;2016
5719;2016;1447;2016
4273;2016;3016;2016
2480;2016;7956;2016
7734;2016;1831;2016
8920;2016;1260;2016
4396;2016;1924;2016
8075;2016;1267;2016
2570;2016;1119;2016
8569;2016;1225;2016
4393;2016;6475;2016
1706;2016;7899;2016
7358;2016;13735;2016
6815;2016;2107;2016
1018;2016;5310;2016
7332;2016;540;2016
6801;2016;3789;2016
8574;2016;1378;2016
1204;2016;186;2016
7595;2016;8111;2016
0635;2016;3776;2016
9638;2016;4323;2016
1472;2016;1458;2016
2195;2016;10791;2016
8650;2016;1426;2016
1011;2016;5714;2016
2649;2016;686;2016
2237;2016;1968;2016
2214;2016;8070;2016
6815;2016;1083;2016
3021;2016;4635;2016
3442;2016;847;2016
7570;2016;257;2016
3279;2016;563;2016
4488;2016;3470;2016
4871;2016;1571;2016
0572;2016;356;2016
6641;2016;676;2016
7124;2016;872;2016
3380;2016;1818;2016
5000;2016;1028;2016
1426;2016;651;2016
6867;2016;6219;2016
8636;2016;2915;2016
8364;2016;2671;2016
8094;2016;1426;2016
1043;2016;432;2016
6391;2016;995;2016
9286;2016;2650;2016
8363;2016;617;2016
1441;2016;584;2016
8137;2016;780;2016
6873;2016;3495;2016
8467;2016;9071;2016
9837;2016;112;2016
6864;2016;1040;2016
8967;2016;1590;2016
8094;2016;110;2016
8147;2016;1345;2016
7807;2016;1489;2016
6302;2016;456;2016
4774;2016;893;2016
8050;2016;2463;2016
7359;2016;8703;2016
7358;2016;6983;2016
2772;2016;703;2016
6617;2016;6774;2016
7724;2016;1003;2016
7444;2016;1180;2016
2141;2016;582;2016
2590;2016;6715;2016
1244;2016;242;2016
5977;2016;2199;2016
3786;2016;192;2016
5598;2016;723;2016
8579;2016;5327;2016
4109;2016;1239;2016
3884;2016;3951;2016
8757;2016;1346;2016
0511;2016;5486;2016
9551;2016;992;2016
8065;2016;1624;2016
3401;2016;1752;2016
8710;2016;794;2016
3728;2016;1025;2016
8242;2016;376;2016
6095;2016;369;2016
0854;2016;4912;2016
5665;2016;4626;2016
1708;2016;1193;2016
2478;2016;855;2016
8248;2016;390;2016
1753;2016;1210;2016
2313;2016;200;2016
7761;2016;223;2016
7030;2016;9940;2016
1760;2016;9687;2016
4113;2016;1405;2016
7226;2016;5141;2016
6103;2016;3208;2016
4207;2016;193;2016
3439;2016;2748;2016
2160;2016;4495;2016
6414;2016;1494;2016
5872;2016;6290;2016
8206;2016;364;2016
3416;2016;1194;2016
1660;2016;2792;2016
7457;2016;126;2016
3585;2016;2181;2016
8204;2016;2384;2016
2532;2016;1702;2016
1177;2016;2396;2016
2895;2016;1703;2016
8944;2016;6586;2016
1384;2016;376;2016
0204;2016;1077;2016
0642;2016;479;2016
5106;2016;1407;2016
5559;2016;3857;2016
0651;2016;862;2016
7416;2016;1567;2016
4035;2016;525;2016
4046;2016;407;2016
9744;2016;296;2016
1925;2016;664;2016
4933;2016;1681;2016
2991;2016;626;2016
9694;2016;15160;2016
0764;2016;324;2016
3810;2016;720;2016
9101;2016;199;2016
9793;2016;1096;2016
8064;2016;1884;2016
1018;2016;322;2016
3012;2016;1911;2016
2453;2016;71288;2016
2007;2016;836;2016
1530;2016;852;2016
1059;2016;1979;2016
3963;2016;2623;2016
3078;2016;1726;2016
0903;2016;745;2016
9572;2016;795;2016
4798;2016;1491;2016
1597;2016;421;2016
4149;2016;1080;2016
6677;2016;1557;2016
9155;2016;5286;2016
5407;2016;5812;2016
9345;2016;557;2016
4966;2016;78;2016
7641;2016;212;2016
3647;2016;634;2016
7174;2016;701;2016
0510;2016;1571;2016
5525;2016;578;2016
4128;2016;905;2016
4541;2016;711;2016
5045;2016;490;2016
4309;2016;658;2016
2687;2016;3948;2016
4521;2016;1081;2016
2906;2016;6129;2016
3323;2016;5368;2016
4207;2016;1992;2016
5912;2016;1620;2016
5572;2016;963;2016
9011;2016;516;2016
4738;2016;2319;2016
4973;2016;794;2016
8927;2016;562;2016
5419;2016;1646;2016
5741;2016;928;2016
7208;2016;220;2016
6711;2016;670;2016
7879;2016;6001;2016
8724;2016;1138;2016
2314;2016;611;2016
8352;2016;11696;2016
8480;2016;607;2016
2281;2016;1675;2016
6600;2016;558;2016
4934;2016;966;2016
0091;2016;319;2016
4385;2016;2397;2016
5019;2016;3534;2016
6271;2016;828;2016
0449;2016;4430;2016
8312;2016;2189;2016
4982;2016;3725;2016
1549;2016;1023;2016
6826;2016;614;2016
8538;2016;224;2016
2357;2016;2210;2016
1611;2016;1472;2016
9834;2016;288;2016
6150;2016;3215;2016
1723;2016;97;2016
1961;2016;3298;2016
7086;2016;375;2016
4404;2016;1255;2016
1425;2016;6309;2016
3639;2016;62878;2016
8781;2016;75;2016
6085;2016;773;2016
7674;2016;3395;2016
4896;2016;1555;2016
4415;2016;39060;2016
7730;2016;133;2016
4013;2016;1009;2016
5293;2016;1695;2016
5828;2016;1063;2016
4037;2016;477;2016
3614;2016;414;2016
1915;2016;1742;2016
7366;2016;3249;2016
8218;2016;863;2016
0864;2016;2541;2016
2161;2016;1181;2016
0775;2016;3891;2016
1983;2016;2035;2016
1210;2016;630;2016
3878;2016;4805;2016
9007;2016;1506;2016
1424;2016;620;2016
1071;2016;427;2016
6997;2016;1224;2016
9506;2016;1263;2016
6407;2016;683;2016
8381;2016;2160;2016
1471;2016;581;2016
1977;2016;429;2016
4543;2016;2342;2016
8750;2016;3849;2016
1935;2016;1872;2016
5180;2016;1177;2016
6570;2016;549;2016
4019;2016;1764;2016
5301;2016;15346;2016
2823;2016;1631;2016
7893;2016;561;2016
7876;2016;470;2016
0774;2016;9291;2016
8909;2016;5652;2016
7571;2016;337;2016
9178;2016;509;2016
1934;2016;2272;2016
9629;2016;956;2016
3599;2016;1245;2016
8526;2016;1084;2016
4080;2016;1403;2016
1284;2016;1597;2016
5182;2016;34226;2016
4916;2016;71344;2016
7577;2016;1762;2016
9377;2016;638;2016
7740;2016;449;2016
9906;2016;293;2016
6525;2016;3821;2016
7212;2016;568;2016
1938;2016;1195;2016
6430;2016;1021;2016
7072;2016;857;2016
1013;2016;2005;2016
5732;2016;1205;2016
7187;2016;1318;2016
2764;2016;636;2016
2582;2016;1458;2016
2897;2016;1790;2016
2261;2016;2709;2016
4655;2016;1158;2016
1916;2016;1994;2016
7616;2016;2897;2016
8226;2016;1735;2016
9198;2016;2011;2016
3428;2016;2316;2016
3943;2016;2505;2016
1532;2016;803;2016
4676;2016;887;2016
5835;2016;5938;2016
1541;2016;930;2016
4890;2016;2908;2016
9619;2016;1421;2016
8208;2016;3820;2016
2953;2016;8917;2016
6076;2016;3371;2016
5434;2016;1545;2016
0166;2016;619;2016
9694;2016;3438;2016
7631;2016;2538;2016
7288;2016;1157;2016
4371;2016;1287;2016
8500;2016;1559;2016
0610;2016;6478;2016
4015;2016;1481;2016
8622;2016;942;2016
5383;2016;1741;2016
9564;2016;997;2016
7794;2016;3366;2016
9739;2016;529;2016
3332;2016;1964;2016
4011;2016;7981;2016
9631;2016;2347;2016
0470;2016;3001;2016
3647;2016;1160;2016
9264;2016;2154;2016
6817;2016;1372;2016
2144;2016;1899;2016
3799;2016;444;2016
0761;2016;1361;2016
7202;2016;582;2016
3092;2016;3518;2016
4937;2016;3223;2016
4254;2016;913;2016
3201;2016;7625;2016
5680;2016;8788;2016
9595;2016;3170;2016
2122;2016;1491;2016
1073;2016;612;2016
0196;2016;6808;2016
1949;2016;1550;2016
9819;2016;444;2016
7693;2016;476;2016
1654;2016;457;2016
1215;2016;1697;2016
2227;2016;593;2016
9179;2016;2872;2016
0610;2016;1728;2016
1516;2016;3748;2016
6926;2016;4552;2016
4365;2016;3832;2016
1205;2016;524;2016
2425;2016;357;2016
0142;2016;2937;2016
4814;2016;10079;2016
2032;2016;5864;2016
9955;2016;2124;2016
0666;2016;782;2016
8219;2016;4145;2016
8665;2016;4453;2016
4282;2016;1256;2016
6958;2016;2225;2016
8495;2016;2645;2016
0306;2016;1480;2016
3420;2016;3242;2016
5780;2016;4599;2016
4042;2016;12446;2016
3392;2016;5190;2016
0224;2016;23024;2016
9097;2016;3825;2016
3082;2016;2618;2016
6487;2016;1104;2016
4705;2016;14776;2016
5363;2016;3385;2016
7742;2016;1334;2016
0314;2016;2947;2016
4871;2016;2255;2016
2204;2016;10198;2016
8828;2016;9112;2016
3782;2016;5994;2016
2002;2016;1519;2016
8062;2016;48565;2016
7889;2016;6590;2016
9126;2016;753;2016
0156;2016;7761;2016
7286;2016;4035;2016
8488;2016;5472;2016
0185;2016;4786;2016
7898;2016;2621;2016
8312;2016;6808;2016
5686;2016;7016;2016
7324;2016;1035;2016
5877;2016;1691;2016
2867;2016;6498;2016
5587;2016;1690;2016
7200;2016;2369;2016
4430;2016;16347;2016
3788;2016;1173;2016
4336;2016;5596;2016
0358;2016;1276;2016
1481;2016;2470;2016
5452;2016;2557;2016
6105;2016;5254;2016
4333;2016;7028;2016
9802;2016;8370;2016
2701;2016;4200;2016
9405;2016;7136;2016
9779;2016;1595;2016
5304;2016;9468;2016
3962;2016;1254;2016
9393;2016;1747;2016
9551;2016;1191;2016
0541;2016;6024;2016
2024;2016;1493;2016
0834;2016;2638;2016
2721;2016;2060;2016
0987;2016;21141;2016
8408;2016;19567;2016
2882;2016;2015;2016
8432;2016;2169;2016
4845;2016;7301;2016
9866;2016;14350;2016
6899;2016;1683;2016
8912;2016;1031;2016
0641;2016;398;2016
4501;2016;14783;2016
3952;2016;772;2016
0703;2016;3526;2016
5112;2016;1692;2016
2910;2016;106695;2016
2130;2016;654;2016
2919;2016;2197;2016
6986;2016;21641;2016
5395;2016;2804;2016
9974;2016;16385;2016
6344;2016;406;2016
0442;2016;7981;2016
3854;2016;2668;2016
9801;2016;5353;2016
7910;2016;2307;2016
8970;2016;6895;2016
6239;2016;1559;2016
6801;2016;2803;2016
2890;2016;5018;2016
6107;2016;3371;2016
2676;2016;2221;2016
9990;2016;648;2016
8358;2016;1377;2016
6475;2016;2339;2016
3018;2016;3348;2016
5693;2016;5246;2016
1315;2016;2782;2016
9578;2016;3544;2016
7720;2016;1014;2016
3811;2016;2599;2016
6146;2016;3215;2016
9136;2016;1715;2016
2189;2016;879;2016
7048;2016;5220;2016
6837;2016;5015;2016
5250;2016;2656;2016
1083;2016;17834;2016
1238;2016;11977;2016
2235;2016;3967;2016
8848;2016;346;2016
4127;2016;1504;2016
8641;2016;1289;2016
4250;2016;5180;2016
2279;2016;3016;2016
8631;2016;2662;2016
7992;2016;860;2016
9539;2016;1686;2016
3399;2016;39823;2016
4364;2016;2887;2016
5102;2016;1673;2016
5284;2016;2100;2016
2399;2016;1981;2016
1127;2016;5788;2016
9599;2016;3178;2016
0956;2016;1930;2016
4933;2016;3919;2016
7880;2016;3690;2016
1564;2016;4832;2016
3974;2016;3682;2016
3640;2016;1539;2016
8660;2016;725;2016
3282;2016;199;2016
6921;2016;1898;2016
0018;2016;3548;2016
3567;2016;551;2016
3685;2016;265;2016
2838;2016;4449;2016
5728;2016;2865;2016
3601;2016;7845;2016
9426;2016;1332;2016
8233;2016;3054;2016
6182;2016;1200;2016
1250;2016;3782;2016
8468;2016;3340;2016
8368;2016;3075;2016
0273;2016;3526;2016
4599;2016;3900;2016
9429;2016;1726;2016
9913;2016;3230;2016
1725;2016;1575;2016
9231;2016;1965;2016
2703;2016;7066;2016
1303;2016;2912;2016
7871;2016;1451;2016
2399;2016;2624;2016
8369;2016;1236;2016
4290;2016;1912;2016
1716;2016;5986;2016
7177;2016;1796;2016
6216;2016;1131;2016
1614;2016;1760;2016
5685;2016;4370;2016
4389;2016;3404;2016
1250;2016;1944;2016
1810;2016;986;2016
6182;2016;2454;2016
5608;2016;1035;2016
2665;2016;963;2016
1174;2016;2846;2016
7358;2016;1001;2016
0760;2016;3134;2016
1207;2016;2990;2016
8882;2016;5992;2016
1339;2016;2310;2016
8179;2016;3294;2016
3417;2016;4520;2016
0090;2016;951;2016
0325;2016;1589;2016
9501;2016;2037;2016
9648;2016;6902;2016
5844;2016;2851;2016
9177;2016;1395;2016
6313;2016;779;2016
8550;2016;8818;2016
9642;2016;1477;2016
9704;2016;3043;2016
3783;2016;1094;2016
2175;2016;17605;2016
8883;2016;4114;2016
0709;2016;5076;2016
4595;2016;1489;2016
9369;2016;2657;2016
7110;2016;431;2016
6740;2016;1584;2016
4527;2016;387;2016
1849;2016;674;2016
3633;2016;6933;2016
7400;2016;3973;2016
0139;2016;254;2016
1671;2016;747;2016
6070;2016;680;2016
4079;2016;337;2016
3945;2016;1382;2016
8086;2016;1123;2016
4132;2016;3717;2016
1988;2016;1912;2016
0233;2016;738;2016
0230;2016;1512;2016
6823;2016;1531;2016
0177;2016;1933;2016
8188;2016;593;2016
5701;2016;1116;2016
1224;2016;972;2016
8202;2016;509;2016
1004;2016;235;2016
8716;2016;616;2016
5589;2016;2277;2016
8343;2016;1223;2016
1441;2016;1058;2016
3757;2016;4125;2016
4842;2016;1085;2016
0280;2016;519;2016
2265;2016;2922;2016
3770;2016;244;2016
8070;2016;713;2016
2967;2016;354;2016
4976;2016;305;2016
6663;2016;3956;2016
1656;2016;6922;2016
2112;2016;700;2016
0249;2016;1017;2016
9892;2016;694;2016
5107;2016;662;2016
1451;2016;432;2016
6440;2016;1294;2016
3367;2016;571;2016
9534;2016;4978;2016
6804;2016;625;2016
1293;2016;902;2016
2822;2016;1107;2016
9425;2016;482;2016
6258;2016;3186;2016
6288;2016;1421;2016
2241;2016;1348;2016
6807;2016;348;2016
1251;2016;393;2016
8129;2016;2546;2016
3866;2016;741;2016
3809;2016;2211;2016
7294;2016;1175;2016
0920;2016;2777;2016
3125;2016;1121;2016
1781;2016;8915;2016
8282;2016;7902;2016
2178;2016;848;2016
3726;2016;877;2016
1971;2016;277;2016
5277;2016;2162;2016
7284;2016;444;2016
0322;2016;130;2016
6281;2016;545;2016
3498;2016;901;2016
8455;2016;1630;2016
3530;2016;5514;2016
8790;2016;7086;2016
5944;2016;2629;2016
1156;2016;1133;2016
4834;2016;9738;2016
3842;2016;2885;2016
8915;2016;1396;2016
6147;2016;2084;2016
4887;2016;1407;2016
9653;2016;1082;2016
7474;2016;813;2016
2486;2016;857;2016
6481;2016;170;2016
2112;2016;839;2016
2084;2016;983;2016
3024;2016;1842;2016
3606;2016;794;2016
9782;2016;403;2016
3284;2016;21449;2016
2335;2016;659;2016
3210;2016;3072;2016
2285;2016;2480;2016
9722;2016;2302;2016
9648;2016;4525;2016
7874;2016;1376;2016
3578;2016;1266;2016
7248;2016;17361;2016
4449;2016;622;2016
1279;2016;1408;2016
0833;2016;2853;2016
0030;2016;446;2016
2973;2016;441;2016
4144;2016;1630;2016
9842;2016;39474;2016
5800;2016;419;2016
8540;2016;823;2016
0617;2016;193;2016
9020;2016;560;2016
3158;2016;3081;2016
3639;2016;1132;2016
8749;2016;915;2016
1898;2016;793;2016
9965;2016;1436;2016
7121;2016;1462;2016
8085;2016;337;2016
7447;2016;731;2016
8220;2016;849;2016
0600;2016;1257;2016
2000;2016;1273;2016
4709;2016;715;2016
1459;2016;1168;2016
9318;2016;4683;2016
3312;2016;552;2016
7474;2016;2033;2016
7162;2016;588;2016
1147;2016;1009;2016
3011;2016;2051;2016
5662;2016;707;2016
5888;2016;645;2016
5452;2016;2912;2016
4464;2016;3612;2016
2845;2016;1332;2016
1927;2016;722;2016
6989;2016;1461;2016
8748;2016;118173;2016
3284;2016;479;2016
8636;2016;1384;2016
0686;2016;845;2016
6345;2016;1870;2016
9514;2016;165;2016
8501;2016;1264;2016
1287;2016;3813;2016
7401;2016;3064;2016
6859;2016;1764;2016
7467;2016;1744;2016
1133;2016;2975;2016
3723;2016;5358;2016
0485;2016;6675;2016
9123;2016;1600;2016
0828;2016;1199;2016
5328;2016;2201;2016
6809;2016;1453;2016
5472;2016;1627;2016
0271;2016;5000;2016
9640;2016;503;2016
7123;2016;1996;2016
6200;2016;717;2016
8203;2016;3311;2016
1056;2016;2340;2016
4692;2016;1432;2016
9303;2016;2893;2016
7133;2016;1799;2016
0489;2016;5419;2016
7572;2016;2964;2016
4868;2016;1453;2016
4548;2016;5098;2016
1318;2016;4905;2016
8814;2016;2346;2016
2532;2016;5198;2016
4706;2016;2282;2016
8657;2016;6224;2016
9382;2016;2648;2016
3221;2016;7084;2016
4474;2016;3130;2016
2007;2016;1707;2016
9947;2016;2032;2016
9664;2016;1401;2016
7987;2016;3579;2016
2729;2016;15854;2016
9838;2016;1384;2016
5829;2016;2425;2016
2258;2016;19934;2016
2692;2016;6953;2016
3727;2016;7758;2016
3173;2016;8388;2016
6028;2016;5689;2016
7978;2016;3772;2016
7241;2016;11807;2016
4290;2016;13130;2016
9092;2016;5847;2016
2708;2016;1505;2016
2947;2016;16629;2016
0567;2016;2435;2016
8339;2016;8600;2016
8968;2016;8500;2016
9136;2016;1081;2016
7441;2016;3699;2016
9499;2016;2531;2016
1025;2016;1872;2016
9690;2016;735;2016
8895;2016;222;2016
2113;2016;4078;2016
3691;2016;4065;2016
6542;2016;5339;2016
4866;2016;10679;2016
0029;2016;5190;2016
8295;2016;11543;2016
6774;2016;3258;2016
6372;2016;8345;2016
1465;2016;6868;2016
2725;2016;24939;2016
2779;2016;3698;2016
6220;2016;3157;2016
7080;2016;2490;2016
6505;2016;4580;2016
0625;2016;4294;2016
4705;2016;8830;2016
8517;2016;7489;2016
4219;2016;17019;2016
7778;2016;8453;2016
1355;2016;3614;2016
7257;2016;9881;2016
6103;2016;1244;2016
0015;2016;3172;2016
7259;2016;17016;2016
2606;2016;10569;2016
5283;2016;7166;2016
3894;2016;2512;2016
4271;2016;2193;2016
1485;2016;3829;2016
8144;2016;5952;2016
6466;2016;2734;2016
1597;2016;1581;2016
5476;2016;2112;2016
6954;2016;3772;2016
7920;2016;20842;2016
4033;2016;5085;2016
0108;2016;24918;2016
5055;2016;4045;2016
7507;2016;15139;2016
2398;2016;569;2016
1169;2016;2995;2016
2358;2016;12681;2016
4999;2016;11688;2016
4279;2016;2539;2016
2389;2016;1346;2016
3327;2016;911;2016
7206;2016;7108;2016
8265;2016;14680;2016
1449;2016;17565;2016
5347;2016;2986;2016
5271;2016;2182;2016
2913;2016;3009;2016
3481;2016;4953;2016
9416;2016;2737;2016
9590;2016;15205;2016
9017;2016;762;2016
9134;2016;257702;2016
8801;2016;4997;2016
1820;2016;2582;2016
7626;2016;9926;2016
9886;2016;5808;2016
3407;2016;33241;2016
8687;2016;14969;2016
0992;2016;4857;2016
6954;2016;1430;2016
2106;2016;2075;2016
1452;2016;1664;2016
7234;2016;11946;2016
0861;2016;2215;2016
5682;2016;7788;2016
3952;2016;3118;2016
1902;2016;25426;2016
9335;2016;6415;2016
0656;2016;862;2016
4513;2016;4571;2016
0617;2016;43109;2016
8367;2016;6517;2016
7608;2016;8673;2016
5675;2016;6606;2016
4405;2016;3163;2016
1551;2016;3979;2016
8845;2016;11228;2016
7111;2016;2537;2016
4722;2016;1335;2016
0209;2016;11194;2016
0401;2016;1692;2016
6523;2016;818;2016
7389;2016;3645;2016
3770;2016;3769;2016
7395;2016;14540;2016
6202;2016;2914;2016
4369;2016;6051;2016
6040;2016;12741;2016
7093;2016;2542;2016
7913;2016;913;2016
2167;2016;3209;2016
8538;2016;2152;2016
5599;2016;11995;2016
1320;2016;7538;2016
5285;2016;11271;2016
2015;2016;1291;2016
0095;2016;13829;2016
6032;2016;1673;2016
1748;2016;3738;2016
2089;2016;700;2016
8665;2016;2408;2016
9966;2016;3358;2016
9503;2016;841;2016
3690;2016;1862;2016
0202;2016;4279;2016
0136;2016;3717;2016
4789;2016;10177;2016
2370;2016;132;2016
7970;2016;204;2016
7741;2016;5706;2016
4205;2016;16188;2016
5640;2016;3650;2016
3374;2016;2631;2016
5281;2016;14751;2016
7254;2016;9570;2016
5289;2016;14020;2016
9571;2016;3488;2016
4433;2016;2579;2016
4752;2016;6488;2016
5401;2016;23080;2016
4203;2016;5042;2016
7485;2016;2868;2016
4127;2016;3405;2016
5735;2016;1784;2016
4385;2016;2842;2016
2417;2016;8899;2016
2946;2016;3111;2016
0344;2016;1820;2016
4308;2016;7605;2016
3508;2016;3107;2016
0933;2016;1181;2016
1511;2016;4994;2016
8794;2016;8833;2016
0844;2016;3002;2016
5920;2016;756;2016
0235;2016;2175;2016
9065;2016;8277;2016
6152;2016;4317;2016
6354;2016;556;2016
8406;2016;3082;2016
2548;2016;2764;2016
3964;2016;5752;2016
1484;2016;6346;2016
1257;2016;4321;2016
3495;2016;14406;2016
3153;2016;14325;2016
5966;2016;8105;2016
2505;2016;663;2016
1160;2016;1038;2016
9910;2016;8327;2016
4751;2016;1161;2016
1136;2016;1669;2016
1081;2016;1602;2016
2085;2016;5745;2016
1264;2016;3599;2016
8528;2016;5279;2016
9223;2016;6690;2016
0019;2016;2628;2016
2059;2016;39106;2016
8119;2016;1880;2016
8975;2016;4303;2016
6614;2016;7529;2016
9344;2016;12788;2016
7031;2016;23908;2016
9407;2016;525;2016
7397;2016;5835;2016
6733;2016;11627;2016
9571;2016;8734;2016
2157;2016;25684;2016
9487;2016;1280;2016
3448;2016;3171;2016
8110;2016;1814;2016
9041;2016;2406;2016
5798;2016;111385;2016
2250;2016;1915;2016
7881;2016;6137;2016
6450;2016;6617;2016
9709;2016;1393;2016
0441;2016;751;2016
7301;2016;6871;2016
7425;2016;4119;2016
5210;2016;2760;2016
7145;2016;1205;2016
7612;2016;2323;2016
5522;2016;3320;2016
2211;2016;35658;2016
7552;2016;820;2016
5069;2016;2013;2016
1305;2016;1293;2016
0893;2016;3962;2016
9711;2016;1372;2016
5866;2016;412;2016
3388;2016;366;2016
0918;2016;2184;2016
8033;2016;5823;2016
9544;2016;461;2016
3570;2016;2403;2016
7950;2016;1906;2016
7878;2016;20467;2016
6181;2016;3194;2016
9550;2016;1109;2016
4729;2016;626;2016
3520;2016;2864;2016
6721;2016;1095;2016
4870;2016;2954;2016
1203;2016;5219;2016
0052;2016;1307;2016
3486;2016;561;2016
4042;2016;1323;2016
2409;2016;5871;2016
7816;2016;281;2016
0553;2016;4457;2016
9431;2016;374;2016
1701;2016;3762;2016
1400;2016;8285;2016
3040;2016;629;2016
2883;2016;1228;2016
1176;2016;1581;2016
1594;2016;399;2016
1269;2016;1621;2016
9234;2016;6766;2016
1806;2016;648;2016
6204;2016;2534;2016
6156;2016;1895;2016
0628;2016;1321;2016
2029;2016;10077;2016
3266;2016;513;2016
5288;2016;2464;2016
8581;2016;3089;2016
7922;2016;391;2016
5416;2016;1429;2016
0587;2016;1741;2016
2770;2016;1361;2016
9637;2016;4815;2016
9989;2016;502;2016
6394;2016;1903;2016
0659;2016;1435;2016
8767;2016;860;2016
4694;2016;862;2016
3319;2016;229;2016
9145;2016;3208;2016
3607;2016;5273;2016
3408;2016;6892;2016
6513;2016;3088;2016
9467;2016;6888;2016
2724;2016;4492;2016
3668;2016;8981;2016
1390;2016;5893;2016
7608;2016;7863;2016
0885;2016;7981;2016
0891;2016;4699;2016
8826;2016;11231;2016
9182;2016;12840;2016
4217;2016;11264;2016
7916;2016;2215;2016
6090;2016;33372;2016
1318;2016;7064;2016
9730;2016;2903;2016
1773;2016;3787;2016
9235;2016;3738;2016
8957;2016;3366;2016
8120;2016;2618;2016
7507;2016;5287;2016
5797;2016;5061;2016
3983;2016;34786;2016
2483;2016;7029;2016
5101;2016;6207;2016
8100;2016;4464;2016
5683;2016;6094;2016
3399;2016;8847;2016
0814;2016;3869;2016
3529;2016;5730;2016
5967;2016;5801;2016
7229;2016;2969;2016
7778;2016;6049;2016
1877;2016;5112;2016
3420;2016;6031;2016
0883;2016;4101;2016
4776;2016;9133;2016
2505;2016;9292;2016
0947;2016;4954;2016
7706;2016;9567;2016
8539;2016;5116;2016
7696;2016;9322;2016
3788;2016;2858;2016
8836;2016;3301;2016
2562;2016;27752;2016
2613;2016;4303;2016
4548;2016;1392;2016
0063;2016;31323;2016
7610;2016;4498;2016
7573;2016;2767;2016
7775;2016;10761;2016
9727;2016;6662;2016
3532;2016;20121;2016
8269;2016;4426;2016
7066;2016;3873;2016
5285;2016;2174;2016
0890;2016;21634;2016
3165;2016;7374;2016
0228;2016;11953;2016
4357;2016;8309;2016
2704;2016;12695;2016
0807;2016;756;2016
1102;2016;2130;2016
9146;2016;5168;2016
1084;2016;16993;2016
0403;2016;9808;2016
0349;2016;1745;2016
8911;2016;9452;2016
7927;2016;2200;2016
6437;2016;10957;2016
7762;2016;14427;2016
5510;2016;6659;2016
5044;2016;12845;2016
8168;2016;6942;2016
2525;2016;5223;2016
9825;2016;4808;2016
8098;2016;9130;2016
4963;2016;10022;2016
9661;2016;7400;2016
0133;2016;3014;2016
2274;2016;1891;2016
1512;2016;6183;2016
9531;2016;10037;2016
7247;2016;12073;2016
0980;2016;11779;2016
9059;2016;4356;2016
4946;2016;10725;2016
5781;2016;84022;2016
8942;2016;10393;2016
1591;2016;6949;2016
8489;2016;16692;2016
4259;2016;3723;2016
5337;2016;17747;2016
8023;2016;28122;2016
8222;2016;10166;2016
4961;2016;1783;2016
0637;2016;11237;2016
9339;2016;3961;2016
5910;2016;7229;2016
6146;2016;10534;2016
2990;2016;13214;2016
8340;2016;11677;2016
4375;2016;13946;2016
1039;2016;6093;2016
9113;2016;49195;2016
3196;2016;3230;2016
1112;2016;2994;2016
8349;2016;10307;2016
2840;2016;14909;2016
4535;2016;12321;2016
3104;2016;8161;2016
6402;2016;4121;2016
1041;2016;6070;2016
1823;2016;7011;2016
4881;2016;2824;2016
3967;2016;25944;2016
5472;2016;17353;2016
1706;2016;21428;2016
6120;2016;6385;2016
1344;2016;38427;2016
6303;2016;27081;2016
8684;2016;11375;2016
6898;2016;16009;2016
9961;2016;6929;2016
0674;2016;12337;2016
3109;2016;24976;2016
2151;2016;4554;2016
3286;2016;8048;2016
1836;2016;12798;2016
8769;2016;41958;2016
4092;2016;11880;2016
0510;2016;17668;2016
9666;2016;12803;2016
2872;2016;18744;2016
9588;2016;27403;2016
8154;2016;7614;2016
4427;2016;2337;2016
9981;2016;4808;2016
8927;2016;261138;2016
8657;2016;10030;2016
7138;2016;13529;2016
4081;2016;19675;2016
8041;2016;3340;2016
1553;2016;25489;2016
6650;2016;4409;2016
5158;2016;1879;2016
3439;2016;2154;2016
6428;2016;4777;2016
9770;2016;3599;2016
4195;2016;3144;2016
5865;2016;659;2016
2291;2016;3852;2016
6614;2016;2507;2016
3938;2016;8790;2016
7798;2016;3456;2016
5470;2016;7051;2016
9249;2016;16207;2016
7182;2016;14555;2016
2241;2016;2643;2016
1245;2016;12009;2016
1599;2016;5743;2016
2680;2016;2393;2016
8081;2016;1552;2016
6815;2016;7581;2016
2785;2016;4603;2016
3152;2016;4805;2016
5043;2016;5370;2016
1745;2016;1523;2016
7049;2016;5756;2016
7569;2016;1988;2016
6783;2016;20042;2016
0181;2016;6461;2016
2861;2016;10166;2016
3257;2016;5252;2016
7290;2016;7266;2016
8074;2016;16382;2016
6111;2016;8066;2016
9542;2016;7108;2016
2007;2016;4357;2016
7096;2016;4272;2016
1029;2016;4615;2016
4734;2016;2015;2016
9138;2016;8808;2016
1553;2016;7769;2016
1159;2016;7512;2016
0731;2016;3147;2016
5821;2016;9124;2016
7649;2016;1760;2016
2228;2016;6058;2016
7090;2016;1913;2016
2476;2016;1918;2016
3456;2016;2695;2016
2180;2016;11248;2016
5708;2016;17639;2016
0279;2016;9088;2016
3700;2016;11352;2016
0781;2016;11356;2016
4782;2016;5664;2016
0257;2016;208573;2016
1797;2016;3838;2016
4889;2016;1280;2016
9328;2016;11232;2016
6247;2016;9526;2016
7342;2016;19645;2016
8439;2016;3351;2016
8489;2016;2445;2016
8862;2016;3778;2016
5210;2016;13598;2016
4761;2016;3551;2016
6862;2016;4955;2016
5124;2016;16141;2016
7992;2016;4942;2016
7353;2016;2775;2016
8582;2016;10140;2016
3502;2016;6301;2016
1222;2016;13074;2016
9003;2016;4481;2016
3064;2016;3029;2016
9675;2016;7171;2016
7262;2016;2271;2016
9648;2016;7211;2016
9164;2016;2455;2016
9186;2016;2043;2016
5443;2016;10416;2016
5168;2016;22897;2016
1429;2016;6972;2016
8106;2016;4102;2016
2006;2016;9019;2016
8125;2016;2713;2016
0202;2016;8315;2016
8543;2016;6129;2016
6561;2016;12835;2016
2263;2016;4395;2016
0220;2016;2146;2016
4121;2016;4695;2016
2473;2016;1817;2016
0825;2016;903;2016
9160;2016;13011;2016
3229;2016;22711;2016
3484;2016;5483;2016
0063;2016;2201;2016
9549;2016;10222;2016
2262;2016;6145;2016
3663;2016;3363;2016
5644;2016;9032;2016
3883;2016;19448;2016
6097;2016;4265;2016
9278;2016;2704;2016
5341;2016;10318;2016
3580;2016;1270;2016
9675;2016;2534;2016
1227;2016;1439;2016
8475;2016;729;2016
6473;2016;2785;2016
3743;2016;916;2016
1291;2016;1543;2016
8404;2016;4136;2016
9133;2016;2749;2016
6176;2016;1675;2016
1699;2016;3570;2016
5470;2016;2387;2016
0651;2016;2597;2016
8550;2016;1873;2016
0738;2016;2397;2016
5396;2016;4056;2016
9767;2016;1422;2016
9677;2016;2687;2016
9896;2016;1043;2016
3701;2016;1526;2016
4203;2016;2149;2016
2052;2016;1136;2016
0601;2016;11753;2016
8436;2016;3431;2016
6764;2016;3457;2016
5809;2016;1809;2016
3261;2016;11839;2016
4869;2016;1503;2016
4544;2016;1594;2016
5061;2016;1138;2016
4116;2016;3948;2016
5313;2016;2220;2016
8764;2016;9779;2016
6930;2016;6480;2016
8039;2016;50740;2016
1558;2016;1148;2016
8257;2016;1103;2016
0456;2016;3919;2016
0221;2016;3239;2016
6785;2016;8287;2016
0778;2016;2739;2016
0740;2016;5042;2016
1513;2016;1186;2016
7258;2016;1988;2016
0497;2016;936;2016
7666;2016;14362;2016
3473;2016;2264;2016
2611;2016;847;2016
6275;2016;1000;2016
4382;2016;3321;2016
7698;2016;2130;2016
2209;2016;2840;2016
2372;2016;1757;2016
2330;2016;3536;2016
0279;2016;5336;2016
0516;2016;2436;2016
0085;2016;1885;2016
9043;2016;738;2016
5056;2016;6531;2016
7768;2016;4123;2016
3179;2016;1629;2016
9325;2016;7787;2016
2261;2016;2818;2016
6785;2016;2931;2016
8328;2016;3807;2016
4345;2016;1056;2016
7819;2016;673;2016
1668;2016;13725;2016
2130;2016;642;2016
1977;2016;653;2016
6458;2016;11205;2016
2010;2016;16106;2016
7505;2016;2238;2016
4140;2016;509;2016
6215;2016;3203;2016
7787;2016;2176;2016
6037;2016;2315;2016
3683;2016;172;2016
0083;2016;122;2016
7602;2016;1314;2016
7805;2016;2923;2016
1864;2016;6195;2016
2424;2016;4983;2016
3415;2016;1135;2016
7485;2016;575;2016
6557;2016;971;2016
5943;2016;594;2016
0573;2016;10933;2016
8169;2016;4750;2016
1058;2016;338;2016
7963;2016;13457;2016
7578;2016;728;2016
3383;2016;3766;2016
7064;2016;6872;2016
8449;2016;112;2016
0467;2016;657;2016
3404;2016;2333;2016
2752;2016;5963;2016
2110;2016;932;2016
0425;2016;6306;2016
8033;2016;1830;2016
6770;2016;6977;2016
2869;2016;2650;2016
4341;2016;1710;2016
7658;2016;1682;2016
5915;2016;522;2016
0528;2016;4948;2016
7760;2016;2480;2016
2909;2016;2523;2016
8948;2016;2737;2016
4040;2016;2884;2016
9039;2016;1898;2016
9331;2016;4991;2016
5500;2016;2940;2016
2774;2016;5375;2016
7487;2016;2195;2016
4140;2016;9384;2016
2423;2016;2614;2016
3360;2016;5606;2016
9831;2016;2487;2016
6625;2016;1411;2016
0541;2016;2582;2016
4131;2016;5430;2016
3697;2016;6893;2016
9086;2016;3614;2016
7207;2016;896;2016
2302;2016;1442;2016
8850;2016;4107;2016
4728;2016;240;2016
2345;2016;768;2016
6760;2016;928;2016
0271;2016;2866;2016
4796;2016;534;2016
5973;2016;454;2016
3320;2016;4920;2016
9872;2016;6182;2016
3121;2016;1018;2016
3611;2016;293;2016
7703;2016;446;2016
5658;2016;2458;2016
3968;2016;2036;2016
4636;2016;2967;2016
7795;2016;8018;2016
9373;2016;7565;2016
0601;2016;6132;2016
9138;2016;1123;2016
9685;2016;2155;2016
6031;2016;2353;2016
9224;2016;1266;2016
5705;2016;1650;2016
4911;2016;412;2016
1649;2016;391;2016
4220;2016;3850;2016
1145;2016;907;2016
6913;2016;350;2016
7456;2016;1306;2016
4414;2016;613;2016
0497;2016;3990;2016
4193;2016;8982;2016
3559;2016;4273;2016
3441;2016;14965;2016
3598;2016;2808;2016
6226;2016;10350;2016
9904;2016;2128;2016
6221;2016;2808;2016
8492;2016;2229;2016
7390;2016;611;2016
3221;2016;1718;2016
6830;2016;7543;2016
4599;2016;1623;2016
1924;2016;100005;2016
9183;2016;2792;2016
5509;2016;2004;2016
3306;2016;860;2016
9947;2016;2221;2016
5565;2016;1374;2016
5386;2016;789;2016
2113;2016;594;2016
9391;2016;1780;2016
0193;2016;1168;2016
7536;2016;6344;2016
3200;2016;1706;2016
0850;2016;7273;2016
0526;2016;1386;2016
8765;2016;360;2016
2510;2016;1724;2016
9241;2016;3012;2016
2626;2016;34325;2016
2200;2016;6484;2016
3235;2016;8195;2016
5915;2016;1532;2016
3593;2016;960;2016
7274;2016;27609;2016
5654;2016;770;2016
2051;2016;1561;2016
4983;2016;3708;2016
1084;2016;11873;2016
9395;2016;2176;2016
8903;2016;6144;2016
6311;2016;781;2016
4013;2016;1550;2016
0280;2016;2028;2016
9815;2016;1668;2016
6605;2016;7244;2016
1749;2016;2805;2016
0535;2016;1681;2016
3135;2016;8515;2016
6103;2016;883;2016
8518;2016;13025;2016
2218;2016;5815;2016
4024;2016;2037;2016
1039;2016;201636;2016
1450;2016;2073;2016
2695;2016;4699;2016
9471;2016;995;2016
3705;2016;2765;2016
5214;2016;3559;2016
2167;2016;7811;2016
4792;2016;6089;2016
9357;2016;2470;2016
1702;2016;251;2016
9806;2016;4722;2016
0763;2016;7651;2016
7485;2016;4671;2016
0397;2016;13678;2016
0518;2016;5389;2016
8180;2016;126;2016
6896;2016;927;2016
3089;2016;567;2016
4718;2016;4609;2016
3548;2016;1254;2016
4949;2016;1276;2016
7690;2016;15084;2016
4768;2016;2074;2016
0994;2016;5663;2016
6120;2016;4572;2016
3300;2016;2241;2016
3974;2016;4023;2016
3298;2016;5246;2016
9336;2016;1017;2016
9205;2016;2171;2016
9494;2016;522;2016
7648;2016;715;2016
2281;2016;102502;2016
2849;2016;2207;2016
6068;2016;629;2016
3354;2016;9174;2016
9148;2016;4760;2016
8481;2016;6524;2016
8291;2016;6991;2016
1646;2016;12156;2016
1940;2016;5786;2016
3456;2016;866;2016
2585;2016;2825;2016
0121;2016;2081;2016
5658;2016;2081;2016
0366;2016;4296;2016
5647;2016;1776;2016
1270;2016;80;2016
7755;2016;2518;2016
1033;2016;2150;2016
8940;2016;2185;2016
5556;2016;3437;2016
7046;2016;2043;2016
0043;2016;729;2016
4879;2016;6934;2016
5911;2016;6996;2016
3542;2016;2114;2016
8310;2016;14555;2016
4061;2016;8914;2016
5320;2016;1094;2016
6975;2016;1874;2016
3458;2016;8874;2016
1166;2016;26686;2016
9754;2016;6963;2016
0045;2016;5538;2016
5224;2016;5946;2016
8424;2016;10314;2016
4850;2016;5013;2016
7682;2016;10887;2016
6387;2016;3229;2016
0416;2016;912;2016
2015;2016;10785;2016
9563;2016;3626;2016
1728;2016;12838;2016
8016;2016;1114;2016
5979;2016;195267;2016
0786;2016;1057;2016
4590;2016;2984;2016
7549;2016;5593;2016
4989;2016;19408;2016
7094;2016;5651;2016
1352;2016;1755;2016
3863;2016;4820;2016
3325;2016;9364;2016
6961;2016;1175;2016
3864;2016;2093;2016
4779;2016;984;2016
1470;2016;7696;2016
8602;2016;9473;2016
6414;2016;537;2016
9214;2016;2689;2016
0644;2016;1207;2016
7144;2016;7813;2016
5037;2016;3139;2016
8883;2016;8856;2016
9392;2016;9719;2016
5530;2016;3283;2016
1622;2016;10232;2016
0943;2016;5235;2016
0376;2016;5615;2016
5957;2016;10530;2016
3929;2016;5549;2016
6234;2016;5143;2016
5670;2016;4013;2016
7068;2016;19157;2016
8037;2016;4524;2016
0580;2016;15159;2016
0143;2016;8472;2016
6802;2016;10410;2016
9945;2016;9866;2016
0823;2016;3770;2016
5093;2016;25687;2016
6332;2016;6614;2016
1447;2016;5771;2016
6438;2016;6413;2016
9206;2016;15020;2016
5245;2016;9071;2016
3868;2016;10606;2016
1064;2016;13484;2016
5507;2016;7185;2016
3056;2016;13209;2016
6623;2016;9113;2016
6805;2016;169875;2016
5618;2016;6123;2016
1703;2016;4104;2016
1941;2016;14854;2016
7176;2016;8052;2016
2932;2016;6098;2016
2331;2016;11166;2016
0478;2016;25594;2016
2538;2016;4454;2016
3728;2016;1850;2016
8178;2016;4270;2016
9712;2016;3370;2016
0773;2016;3698;2016
1724;2016;4265;2016
4662;2016;4179;2016
8735;2016;10049;2016
6891;2016;8760;2016
7072;2016;3161;2016
5407;2016;71304;2016
5111;2016;32410;2016
4407;2016;14882;2016
7830;2016;11156;2016
7719;2016;7021;2016
9448;2016;8425;2016
9056;2016;2980;2016
1257;2016;15548;2016
2317;2016;17049;2016
1349;2016;1244;2016
7584;2016;34239;2016
4568;2016;1933;2016
2960;2016;3874;2016
9070;2016;2707;2016
5808;2016;17384;2016
4654;2016;5087;2016
9959;2016;6282;2016
0459;2016;23577;2016
1730;2016;186051;2016
2213;2016;934;2016
2770;2016;2197;2016
0046;2016;3365;2016
3200;2016;15745;2016
8080;2016;10009;2016
4110;2016;2139;2016
7304;2016;17475;2016
5344;2016;2271;2016
7389;2016;1634;2016
6652;2016;3708;2016
5303;2016;6121;2016
9129;2016;705;2016
3097;2016;6473;2016
6636;2016;10817;2016
0582;2016;3562;2016
5570;2016;5912;2016
4032;2016;40326;2016
5540;2016;9204;2016
9602;2016;8272;2016
4711;2016;2462;2016
9283;2016;15264;2016
7918;2016;12645;2016
8613;2016;25312;2016
3646;2016;4618;2016
5961;2016;12224;2016
1033;2016;9806;2016
4839;2016;6934;2016
1055;2016;5481;2016
8566;2016;389819;2016
2729;2016;3262;2016
1849;2016;18288;2016
7517;2016;13317;2016
5976;2016;1846;2016
3334;2016;36148;2016
0283;2016;3436;2016
2605;2016;1876;2016
5914;2016;1267;2016
3257;2016;3418;2016
6088;2016;4444;2016
0706;2016;6547;2016
9004;2016;18299;2016
4147;2016;20735;2016
7333;2016;15210;2016
7611;2016;5571;2016
7526;2016;13379;2016
2317;2016;6578;2016
5572;2016;1906;2016
6697;2016;4784;2016
1536;2016;5448;2016
3693;2016;11946;2016
4024;2016;3890;2016
0213;2016;70331;2016
4470;2016;2193;2016
4056;2016;4289;2016
8163;2016;8941;2016
5263;2016;6760;2016
1056;2016;16685;2016
0663;2016;8805;2016
8402;2016;15688;2016
2812;2016;3670;2016
2554;2016;6048;2016
6857;2016;10940;2016
0081;2016;6281;2016
4513;2016;4732;2016
9471;2016;13901;2016
1290;2016;17465;2016
9368;2016;6953;2016
6367;2016;8377;2016
4675;2016;4265;2016
4326;2016;8729;2016
4106;2016;28059;2016
7241;2016;32203;2016
8561;2016;12285;2016
7917;2016;7278;2016
4485;2016;14699;2016
9401;2016;7568;2016
7472;2016;18910;2016
1313;2016;30954;2016
6224;2016;6963;2016
6630;2016;21328;2016
6292;2016;4763;2016
7530;2016;14467;2016
7415;2016;35477;2016
0084;2016;11918;2016
1224;2016;22195;2016
0042;2016;16248;2016
1396;2016;132378;2016
4345;2016;2734;2016
3382;2016;2904;2016
4368;2016;4850;2016
7071;2016;2330;2016
2986;2016;6886;2016
2452;2016;3193;2016
3408;2016;6085;2016
2322;2016;9810;2016
6429;2016;11710;2016
1926;2016;3250;2016
7894;2016;6714;2016
0182;2016;7585;2016
3268;2016;3763;2016
6241;2016;4445;2016
1713;2016;3750;2016
1817;2016;9005;2016
7905;2016;11907;2016
5793;2016;16699;2016
9578;2016;2443;2016
3190;2016;7561;2016
4135;2016;2661;2016
3734;2016;9553;2016
2725;2016;28607;2016
1994;2016;9770;2016
1390;2016;7468;2016
7569;2016;58216;2016
5496;2016;8159;2016
0548;2016;31968;2016
2479;2016;10474;2016
8119;2016;159288;2016
2582;2016;5662;2016
2594;2016;12171;2016
3707;2016;2870;2016
0383;2016;4447;2016
5005;2016;5967;2016
2533;2016;10910;2016
2325;2016;2804;2016
9501;2016;6327;2016
4614;2016;96344;2016
1634;2016;25910;2016
9290;2016;3744;2016
9702;2016;1611;2016
1972;2016;117874;2016
4588;2016;13211;2016
1294;2016;2499;2016
7713;2016;10453;2016
1380;2016;9123;2016
5760;2016;7131;2016
0775;2016;9919;2016
3304;2016;6861;2016
1628;2016;4521;2016
2571;2016;1719;2016
0511;2016;746;2016
3883;2016;6206;2016
5567;2016;805;2016
5580;2016;1890;2016
5260;2016;3385;2016
2873;2016;11730;2016
8602;2016;4120;2016
7182;2016;3435;2016
3027;2016;17791;2016
4291;2016;3225;2016
1988;2016;1195;2016
8823;2016;1881;2016
6846;2016;4436;2016
1077;2016;1834;2016
6385;2016;1540;2016
2566;2016;940;2016
2898;2016;749;2016
2216;2016;595;2016
4575;2016;8658;2016
2457;2016;2233;2016
9389;2016;1683;2016
2029;2016;7905;2016
3167;2016;61095;2016
7022;2016;8495;2016
8757;2016;9543;2016
6300;2016;959;2016
3673;2016;295;2016
0741;2016;1288;2016
9349;2016;5724;2016
5257;2016;4882;2016
3024;2016;586;2016
0143;2016;1499;2016
0743;2016;2015;2016
3532;2016;1360;2016
9454;2016;1042;2016
2059;2016;2102;2016
6355;2016;3817;2016
3413;2016;13540;2016
2470;2016;2745;2016
2355;2016;668;2016
0431;2016;1681;2016
8116;2016;1107;2016
0064;2016;2626;2016
9678;2016;1107;2016
5650;2016;6851;2016
3123;2016;2882;2016
2874;2016;2846;2016
7944;2016;2036;2016
3607;2016;718;2016
3954;2016;6280;2016
7685;2016;94548;2016
2713;2016;2768;2016
9153;2016;1021;2016
9011;2016;2153;2016
2885;2016;648;2016
1975;2016;2020;2016
9853;2016;6806;2016
8860;2016;4697;2016
3992;2016;1351;2016
7980;2016;3381;2016
3367;2016;4090;2016
8757;2016;1529;2016
9073;2016;3441;2016
0784;2016;1418;2016
8009;2016;1008;2016
8703;2016;2640;2016
4065;2016;855;2016
0639;2016;7990;2016
5329;2016;7046;2016
4923;2016;14685;2016
5691;2016;14912;2016
8901;2016;4914;2016
8683;2016;99373;2016
3310;2016;4481;2016
0386;2016;1333;2016
4501;2016;2204;2016
0041;2016;7298;2016
8916;2016;2569;2016
0471;2016;4938;2016
3901;2016;18468;2016
9198;2016;1637;2016
3181;2016;3623;2016
9129;2016;3672;2016
6020;2016;14851;2016
2789;2016;4970;2016
4029;2016;4685;2016
0776;2016;31181;2016
8148;2016;26186;2016
2015;2016;9394;2016
1543;2016;1798;2016
9032;2016;40015;2016
8954;2016;12922;2016
4923;2016;6191;2016
2775;2016;1023;2016
6644;2016;3409;2016
3854;2016;1980;2016
3106;2016;9948;2016
5694;2016;3072;2016
8135;2016;6841;2016
4605;2016;1897;2016
9349;2016;3755;2016
6305;2016;1984;2016
7377;2016;34823;2016
2517;2016;6781;2016
0164;2016;3325;2016
3629;2016;683;2016
9832;2016;4597;2016
4061;2016;1967;2016
7778;2016;2045;2016
1118;2016;916;2016
2869;2016;4194;2016
2273;2016;7196;2016
7689;2016;44415;2016
5430;2016;3747;2016
3330;2016;2805;2016
6769;2016;4034;2016
4964;2016;2249;2016
3019;2016;7709;2016
8109;2016;115;2016
7792;2016;2261;2016
6722;2016;4203;2016
0545;2016;1850;2016
8647;2016;138;2016
2218;2016;1803;2016
8821;2016;7020;2016
8058;2016;545;2016
8463;2016;4567;2016
6713;2016;277;2016
5803;2016;503;2016
1969;2016;10245;2016
0658;2016;41836;2016
1987;2016;1256;2016
9643;2016;15404;2016
9090;2016;2016;2016
6690;2016;553;2016
3981;2016;212;2016
2168;2016;1379;2016
0501;2016;642;2016
2234;2016;797;2016
5783;2016;2418;2016
5263;2016;42149;2016
1000;2016;9875;2016
2582;2016;4612;2016
3569;2016;7137;2016
5079;2016;132;2016
8779;2016;7116;2016
9412;2016;3484;2016
6715;2016;3577;2016
0369;2016;7885;2016
4669;2016;746;2016
5803;2016;10112;2016
9085;2016;913;2016
0835;2016;1068;2016
6459;2016;1980;2016
2146;2016;821;2016
7979;2016;1443;2016
4522;2016;1162;2016
0308;2016;248;2016
5473;2016;6637;2016
2489;2016;12153;2016
5522;2016;15797;2016
4588;2016;21140;2016
1694;2016;850;2016
0195;2016;3472;2016
2547;2016;12647;2016
3837;2016;1420;2016
1659;2016;3235;2016
5370;2016;413;2016
6468;2016;957;2016
9871;2016;1053;2016
1181;2016;19709;2016
5356;2016;9412;2016
8633;2016;2597;2016
2948;2016;444;2016
4148;2016;1106;2016
3914;2016;2868;2016
0624;2016;3793;2016
1943;2016;1775;2016
1821;2016;1144;2016
0203;2016;48960;2016
2382;2016;1092;2016
9762;2016;8637;2016
7952;2016;2785;2016
0833;2016;2371;2016
9390;2016;3696;2016
3954;2016;3121;2016
9507;2016;979;2016
3366;2016;5401;2016
8568;2016;9296;2016
3072;2016;1307;2016
9947;2016;16072;2016
1726;2016;2391;2016
3038;2016;1637;2016
4334;2016;4536;2016
9400;2016;2101;2016
9333;2016;503;2016
2074;2016;2100;2016
4639;2016;517;2016
7926;2016;586;2016
3736;2016;12628;2016
6025;2016;4988;2016
6977;2016;189;2016
2773;2016;4286;2016
6319;2016;2005;2016
4373;2016;892;2016
4053;2016;47475;2016
5824;2016;7237;2016
2096;2016;2072;2016
9874;2016;10975;2016
9351;2016;1847;2016
2778;2016;62284;2016
5412;2016;1001;2016
8314;2016;705;2016
7783;2016;2304;2016
1155;2016;7899;2016
3949;2016;4794;2016
6777;2016;4882;2016
8397;2016;68493;2016
7091;2016;10246;2016
5051;2016;2396;2016
1035;2016;2221;2016
5158;2016;7317;2016
4507;2016;2013;2016
3197;2016;4736;2016
6187;2016;1074;2016
5991;2016;15480;2016
7064;2016;6151;2016
4641;2016;9944;2016
2028;2016;7077;2016
3877;2016;32011;2016
0912;2016;2150;2016
1777;2016;46145;2016
0810;2016;556;2016
4824;2016;5973;2016
5253;2016;1806;2016
9404;2016;5199;2016
8827;2016;7321;2016
8594;2016;583;2016
0403;2016;3784;2016
7334;2016;87738;2016
2379;2016;22038;2016
2823;2016;2055;2016
3297;2016;1040;2016
6300;2016;4434;2016
5479;2016;3490;2016
0295;2016;2361;2016
6686;2016;23559;2016
7546;2016;2457;2016
8894;2016;8813;2016
1567;2016;1411;2016
4678;2016;13064;2016
1265;2016;3103;2016
2192;2016;937;2016
5275;2016;61233;2016
5731;2016;1616;2016
7900;2016;1316;2016
5469;2016;804;2016
2949;2016;1092;2016
9968;2016;582;2016
6792;2016;17641;2016
0642;2016;8758;2016
9950;2016;1475;2016
2518;2016;7490;2016
9667;2016;6395;2016
0435;2016;3162;2016
0119;2016;7971;2016
6232;2016;21374;2016
1174;2016;10802;2016
6864;2016;19772;2016
1246;2016;19345;2016
6668;2016;9214;2016
3969;2016;90039;2016
9124;2016;1690;2016
5227;2016;8849;2016
9127;2016;26164;2016
2396;2016;1533;2016
8150;2016;6368;2016
0349;2016;11618;2016
8501;2016;5679;2016
2510;2016;4541;2016
0913;2016;25464;2016
3254;2016;10720;2016
9607;2016;4388;2016
3627;2016;18169;2016
9699;2016;17745;2016
7516;2016;45797;2016
9167;2016;7699;2016
3437;2016;17371;2016
3050;2016;10930;2016
2749;2016;16059;2016
6319;2016;5517;2016
4217;2016;48628;2016
1928;2016;13801;2016
3156;2016;377277;2016
9594;2016;4642;2016
1757;2016;23295;2016
2314;2016;4830;2016
3743;2016;13695;2016
7144;2016;14485;2016
8991;2016;20062;2016
2885;2016;1839;2016
0525;2016;3092;2016
7585;2016;3686;2016
6575;2016;14215;2016
8777;2016;13327;2016
1026;2016;1128;2016
5602;2016;7690;2016
3984;2016;20583;2016
6458;2016;16337;2016
1439;2016;8712;2016
8797;2016;7264;2016
8317;2016;16963;2016
1989;2016;1148;2016
6923;2016;50850;2016
8110;2016;48523;2016
8084;2016;18748;2016
0298;2016;7717;2016
9411;2016;5102;2016
8610;2016;8047;2016
1848;2016;14567;2016
9012;2016;23555;2016
8099;2016;12157;2016
6114;2016;3169;2016
2760;2016;13116;2016
7876;2016;4780;2016
5606;2016;4008;2016
3267;2016;404;2016
3149;2016;8862;2016
4945;2016;27906;2016
9895;2016;16592;2016
7138;2016;158745;2016
4509;2016;2144;2016
8590;2016;1953;2016
8069;2016;33926;2016
3301;2016;3773;2016
4808;2016;11896;2016
8950;2016;2165;2016
6232;2016;1108;2016
6514;2016;30916;2016
1539;2016;6887;2016
7469;2016;494;2016
3809;2016;3026;2016
4899;2016;8237;2016
0257;2016;5688;2016
1051;2016;6317;2016
8907;2016;12401;2016
7250;2016;6362;2016
3589;2016;1110;2016
6061;2016;45053;2016
2483;2016;13183;2016
5735;2016;1958;2016
0162;2016;2204;2016
9916;2016;1375;2016
4313;2016;3681;2016
6101;2016;1225;2016
6651;2016;1338;2016
9495;2016;1723;2016
1518;2016;2165;2016
0741;2016;766;2016
1734;2016;11146;2016
6218;2016;630;2016
6440;2016;4628;2016
5368;2016;4715;2016
0690;2016;90875;2016
8437;2016;5798;2016
8828;2016;15465;2016
0346;2016;29016;2016
9604;2016;1640;2016
9400;2016;31184;2016
5828;2016;27695;2016
7885;2016;14666;2016
6216;2016;1671;2016
0351;2016;13073;2016
2830;2016;4511;2016
5491;2016;12067;2016
8681;2016;8551;2016
6378;2016;10403;2016
3978;2016;12582;2016
4332;2016;5462;2016
9192;2016;5628;2016
7537;2016;98996;2016
7171;2016;1079;2016
5122;2016;12038;2016
6157;2016;10033;2016
5561;2016;5436;2016
5302;2016;1390;2016
6283;2016;3099;2016
2702;2016;2695;2016
4628;2016;2143;2016
4256;2016;13147;2016
8681;2016;9556;2016
8936;2016;904;2016
3216;2016;1987;2016
3260;2016;9087;2016
7316;2016;22114;2016
7826;2016;9364;2016
0377;2016;3463;2016
5219;2016;5841;2016
9309;2016;3562;2016
6944;2016;3454;2016
9430;2016;566;2016
4156;2016;1742;2016
8062;2016;8795;2016
6641;2016;24036;2016
3016;2016;877;2016
4980;2016;3115;2016
0867;2016;3136;2016
0817;2016;6095;2016
4497;2016;16944;2016
1928;2016;15709;2016
2296;2016;1337;2016
8418;2016;6295;2016
8867;2016;1036;2016
8786;2016;12251;2016
9910;2016;9820;2016
2261;2016;5779;2016
9933;2016;6340;2016
6315;2016;7056;2016
8436;2016;3151;2016
7041;2016;3876;2016
7990;2016;2841;2016
1077;2016;8956;2016
5389;2016;2314;2016
5433;2016;2706;2016
5614;2016;7067;2016
5667;2016;1863;2016
0687;2016;8556;2016
0349;2016;21389;2016
8832;2016;2741;2016
8918;2016;5076;2016
5399;2016;13976;2016
7309;2016;9890;2016
8556;2016;9057;2016
5005;2016;1506;2016
6246;2016;2384;2016
6264;2016;4200;2016
8667;2016;2088;2016
6019;2016;28835;2016
4148;2016;1577;2016
9750;2016;1113;2016
5264;2016;936;2016
0208;2016;5187;2016
1425;2016;1603;2016
5687;2016;7719;2016
5018;2016;842;2016
2351;2016;2667;2016
8432;2016;4698;2016
5306;2016;53915;2016
6758;2016;12662;2016
5768;2016;10062;2016
3390;2016;7243;2016
9492;2016;1238;2016
2541;2016;4312;2016
2885;2016;2447;2016
3488;2016;4008;2016
7697;2016;4744;2016
2308;2016;1451;2016
1009;2016;7225;2016
5518;2016;2567;2016
9001;2016;3106;2016
0491;2016;21693;2016
0818;2016;8520;2016
5252;2016;81721;2016
0114;2016;1424;2016
8568;2016;3584;2016
4982;2016;7356;2016
4428;2016;8325;2016
4004;2016;12284;2016
2049;2016;1180;2016
8069;2016;14809;2016
9591;2016;3810;2016
8586;2016;1032;2016
4636;2016;9156;2016
4512;2016;2586;2016
5600;2016;4336;2016
2265;2016;3830;2016
4287;2016;962;2016
5585;2016;3394;2016
6929;2016;1330;2016
6534;2016;1066;2016
1913;2016;28033;2016
6014;2016;21522;2016
0747;2016;4327;2016
2226;2016;5073;2016
7616;2016;2399;2016
8087;2016;4257;2016
8336;2016;3164;2016
4414;2016;3253;2016
2661;2016;14993;2016
7826;2016;1061;2016
5288;2016;3502;2016
9444;2016;7726;2016
3170;2016;39300;2016
5632;2016;3432;2016
7230;2016;21070;2016
0597;2016;1182;2016
5600;2016;9516;2016
6560;2016;56215;2016
3910;2016;2756;2016
4281;2016;1802;2016
4751;2016;3845;2016
6236;2016;6025;2016
2833;2016;14921;2016
7677;2016;31987;2016
1821;2016;598;2016
7327;2016;14859;2016
5281;2016;18491;2016
4082;2016;3730;2016
9491;2016;1547;2016
5123;2016;5601;2016
1650;2016;581;2016
5288;2016;1152;2016
0941;2016;1655;2016
1641;2016;5742;2016
5700;2016;4972;2016
9058;2016;973;2016
2582;2016;5571;2016
3321;2016;5609;2016
6117;2016;165106;2016
0764;2016;3611;2016
4153;2016;2083;2016
0939;2016;114;2016
0201;2016;709;2016
9788;2016;11113;2016
5485;2016;564;2016
1501;2016;1372;2016
8493;2016;451;2016
8384;2016;1075;2016
4743;2016;2373;2016
6445;2016;8571;2016
1366;2016;37803;2016
8556;2016;16148;2016
6662;2016;6623;2016
1853;2016;8291;2016
8849;2016;3791;2016
8295;2016;16439;2016
3024;2016;3362;2016
2211;2016;380;2016
5734;2016;1381;2016
6058;2016;4667;2016
6127;2016;1763;2016
8952;2016;1468;2016
4964;2016;11647;2016
0320;2016;2734;2016
5120;2016;2027;2016
5686;2016;2710;2016
0063;2016;1806;2016
1444;2016;2115;2016
2156;2016;2898;2016
5504;2016;2832;2016
5861;2016;1894;2016
6187;2016;1651;2016
0882;2016;1910;2016
3808;2016;1842;2016
8297;2016;1468;2016
4282;2016;4988;2016
2172;2016;1666;2016
0869;2016;1269;2016
0591;2016;1192;2016
0978;2016;1432;2016
9836;2016;19307;2016
2704;2016;20665;2016
4114;2016;1873;2016
0911;2016;527;2016
0033;2016;1094;2016
5678;2016;242;2016
6040;2016;1977;2016
8956;2016;5006;2016
4518;2016;2214;2016
1557;2016;4844;2016
4261;2016;110949;2016
3387;2016;2513;2016
6022;2016;5400;2016
8706;2016;883;2016
8081;2016;3574;2016
5635;2016;1043;2016
5457;2016;4851;2016
1676;2016;1281;2016
9142;2016;3201;2016
5714;2016;3905;2016
6448;2016;1748;2016
6322;2016;899;2016
8477;2016;3018;2016
0375;2016;5301;2016
2907;2016;1692;2016
9683;2016;6546;2016
5769;2016;5342;2016
4110;2016;1965;2016
9151;2016;2611;2016
8891;2016;2312;2016
8237;2016;1360;2016
1950;2016;1186;2016
2211;2016;15956;2016
9552;2016;1588;2016
0306;2016;3744;2016
7859;2016;8137;2016
6785;2016;2128;2016
3752;2016;1487;2016
1735;2016;2799;2016
8083;2016;1338;2016
1023;2016;2253;2016
4200;2016;2595;2016
9432;2016;2292;2016
4294;2016;819;2016
6891;2016;894;2016
5404;2016;3411;2016
6215;2016;8874;2016
9300;2016;13308;2016
1400;2016;2006;2016
6834;2016;4318;2016
7096;2016;9240;2016
5077;2016;986;2016
3110;2016;3726;2016
5589;2016;9084;2016
6051;2016;2055;2016
0138;2016;547;2016
5258;2016;8414;2016
2792;2016;1324;2016
7350;2016;2047;2016
5355;2016;8313;2016
9413;2016;6592;2016
3305;2016;16307;2016
7309;2016;327;2016
6910;2016;8286;2016
4947;2016;2808;2016
4516;2016;2554;2016
9623;2016;4028;2016
3071;2016;2239;2016
7710;2016;13643;2016
5289;2016;4588;2016
2267;2016;65596;2016
1430;2016;5234;2016
3430;2016;639;2016
3849;2016;2503;2016
9041;2016;2546;2016
9761;2016;257;2016
6446;2016;654;2016
9485;2016;615;2016
8039;2016;4476;2016
2929;2016;969;2016
6240;2016;2649;2016
6212;2016;1675;2016
5461;2016;716;2016
3087;2016;1229;2016
4912;2016;285;2016
8422;2016;1062;2016
2697;2016;1211;2016
2532;2016;6799;2016
6601;2016;473;2016
3698;2016;434;2016
3718;2016;362;2016
6126;2016;203;2016
9475;2016;1536;2016
7551;2016;518;2016
3896;2016;286;2016
9256;2016;630;2016
5447;2016;3710;2016
6915;2016;561;2016
9624;2016;13483;2016
6180;2016;1350;2016
6853;2016;3038;2016
3898;2016;749;2016
8535;2016;1536;2016
7424;2016;372;2016
0152;2016;2344;2016
3338;2016;580;2016
1617;2016;3704;2016
0838;2016;84;2016
8517;2016;120;2016
8922;2016;513;2016
7472;2016;374;2016
6813;2016;880;2016
0398;2016;1234;2016
5865;2016;292;2016
7570;2016;707;2016
9405;2016;4144;2016
7311;2016;381;2016
6446;2016;236;2016
6887;2016;399;2016
3138;2016;176;2016
7727;2016;2027;2016
9304;2016;1155;2016
3815;2016;2041;2016
9813;2016;1297;2016
3948;2016;6204;2016
9469;2016;2795;2016
4995;2016;2571;2016
6696;2016;573;2016
0132;2016;659;2016
9787;2016;340;2016
4550;2016;47260;2016
7897;2016;1217;2016
7231;2016;550;2016
5551;2016;778;2016
5958;2016;547;2016
3505;2016;3085;2016
7281;2016;1086;2016
3837;2016;2322;2016
9796;2016;1417;2016
3292;2016;1039;2016
7914;2016;1342;2016
3048;2016;1231;2016
5099;2016;220;2016
1848;2016;241;2016
7527;2016;184;2016
1123;2016;1516;2016
4997;2016;1766;2016
8082;2016;40520;2016
1659;2016;4003;2016
2338;2016;19125;2016
2155;2016;876;2016
6586;2016;51430;2016
3109;2016;1343;2016
5919;2016;18612;2016
1991;2016;1562;2016
7970;2016;13974;2016
7794;2016;2835;2016
0603;2016;19139;2016
4932;2016;449;2016
9371;2016;11351;2016
9174;2016;4199;2016
3730;2016;352;2016
5069;2016;10476;2016
3617;2016;353;2016
2892;2016;4423;2016
3793;2016;734;2016
1906;2016;8868;2016
8029;2016;7308;2016
5654;2016;8222;2016
2923;2016;901;2016
8793;2016;10963;2016
0754;2016;1109;2016
7432;2016;459;2016
3187;2016;36883;2016
8473;2016;1328;2016
3668;2016;586;2016
7376;2016;51973;2016
7493;2016;2001;2016
9893;2016;21256;2016
5491;2016;4194;2016
1862;2016;15297;2016
6584;2016;458;2016
1449;2016;12813;2016
4759;2016;21988;2016
6995;2016;6211;2016
0431;2016;1870;2016
0650;2016;5916;2016
9002;2016;23430;2016
1242;2016;1256;2016
1895;2016;725;2016
3960;2016;19964;2016
4718;2016;86125;2016
4509;2016;360;2016
7531;2016;6392;2016
7630;2016;13365;2016
9850;2016;990;2016
5174;2016;1423;2016
7166;2016;904;2016
9991;2016;7645;2016
6536;2016;796;2016
3560;2016;7151;2016
1913;2016;43248;2016
0667;2016;3060;2016
2684;2016;23050;2016
5711;2016;11803;2016
8416;2016;1306;2016
1398;2016;2154;2016
4257;2016;5337;2016
1250;2016;8450;2016
9352;2016;40455;2016
3928;2016;1950;2016
5872;2016;2549;2016
0841;2016;8360;2016
3969;2016;1435;2016
3249;2016;1885;2016
0960;2016;1948;2016
6278;2016;47870;2016
1597;2016;6616;2016
0165;2016;21870;2016
8028;2016;12837;2016
7577;2016;238;2016
9200;2016;748;2016
7449;2016;2394;2016
5727;2016;61025;2016
5196;2016;1098;2016
4305;2016;10350;2016
5618;2016;10040;2016
3841;2016;761;2016
8371;2016;185;2016
0854;2016;374;2016
7161;2016;16697;2016
4072;2016;258;2016
2646;2016;11665;2016
5724;2016;963;2016
3501;2016;718;2016
3895;2016;2810118;2016
5016;2016;1322;2016
4283;2016;7353;2016
3046;2016;891;2016
4501;2016;1492;2016
5287;2016;2944;2016
9057;2016;18239;2016
3566;2016;4865;2016
8935;2016;3625;2016
6619;2016;3246;2016
1597;2016;175;2016
8581;2016;9213;2016
2313;2016;8816;2016
6440;2016;54548;2016
2671;2016;5077;2016
7793;2016;1064;2016
9862;2016;5691;2016
9396;2016;266;2016
7183;2016;279;2016
9131;2016;15329;2016
2667;2016;53310;2016
9435;2016;3922;2016
5375;2016;166;2016
0351;2016;17497;2016
4985;2016;13427;2016
9515;2016;39398;2016
0684;2016;48194;2016
9981;2016;37745;2016
6431;2016;15344;2016
8908;2016;75210;2016
9404;2016;31402;2016
1230;2016;72287;2016
4003;2016;1530;2016
3826;2016;586;2016
7046;2016;4380;2016
1568;2016;36013;2016
3114;2016;10872;2016
9130;2016;38744;2016
1642;2016;37612;2016
2033;2016;20515;2016
0970;2016;10417;2016
6174;2016;124985;2016
2423;2016;4109;2016
1331;2016;3065;2016
1345;2016;19709;2016
1013;2016;6252;2016
2214;2016;3916;2016
1023;2016;14720;2016
1563;2016;3257;2016
9808;2016;14064;2016
3662;2016;1192;2016
4927;2016;4580;2016
1656;2016;1134;2016
5035;2016;1119;2016
3721;2016;19860;2016
6307;2016;9431;2016
6104;2016;6889;2016
9962;2016;9763;2016
4710;2016;23930;2016
8186;2016;7486;2016
4897;2016;3363;2016
7401;2016;2935;2016
5876;2016;44454;2016
7454;2016;739;2016
3174;2016;265;2016
4662;2016;1918;2016
9573;2016;28290;2016
7134;2016;2642;2016
7258;2016;4338;2016
8135;2016;21364;2016
2368;2016;5250;2016
5217;2016;5653;2016
2884;2016;2274;2016
2398;2016;7131;2016
8889;2016;4250;2016
6376;2016;2546;2016
0535;2016;725;2016
1885;2016;8565;2016
7934;2016;2687;2016
4273;2016;1693;2016
3769;2016;538;2016
2708;2016;2668;2016
4187;2016;35768;2016
3207;2016;3423;2016
8819;2016;875;2016
9148;2016;3971;2016
4500;2016;4746;2016
0610;2016;23035;2016
0302;2016;8585;2016
4090;2016;7903;2016
5176;2016;1868;2016
6784;2016;950;2016
9886;2016;680;2016
3838;2016;1617;2016
5646;2016;3791;2016
7328;2016;562;2016
9996;2016;20522;2016
0689;2016;542;2016
9774;2016;10188;2016
1111;2016;2941;2016
1479;2016;1303;2016
8443;2016;45474;2016
8358;2016;2082;2016
7370;2016;1233;2016
5444;2016;2418;2016
3728;2016;1610;2016
0140;2016;11440;2016
7118;2016;12768;2016
5710;2016;3238;2016
6362;2016;8135;2016
1606;2016;1450;2016
3072;2016;3171;2016
8889;2016;1534;2016
1469;2016;1208;2016
9312;2016;2850;2016
3244;2016;6408;2016
3812;2016;4601;2016
4058;2016;2523;2016
6809;2016;4154;2016
8006;2016;13001;2016
8043;2016;1133;2016
6134;2016;5186;2016
5828;2016;931;2016
3317;2016;7298;2016
2138;2016;330;2016
6342;2016;2063;2016
7054;2016;3130;2016
7104;2016;3299;2016
0257;2016;968;2016
1068;2016;1466;2016
0186;2016;1857;2016
1030;2016;6071;2016
5978;2016;1346;2016
5042;2016;2523;2016
3938;2016;3019;2016
6770;2016;729;2016
2210;2016;2587;2016
1249;2016;25902;2016
5679;2016;2402;2016
5901;2016;4828;2016
6444;2016;391;2016
9926;2016;1330;2016
0598;2016;4663;2016
3218;2016;1775;2016
6404;2016;1692;2016
2762;2016;2613;2016
5375;2016;942;2016
6558;2016;1543;2016
6404;2016;20150;2016
2083;2016;753;2016
8421;2016;2157;2016
0226;2016;1196;2016
7672;2016;2600;2016
0989;2016;1694;2016
8595;2016;341;2016
0556;2016;1375;2016
3172;2016;7445;2016
1268;2016;4699;2016
0079;2016;5347;2016
8518;2016;52374;2016
4328;2016;2144;2016
7783;2016;5999;2016
6782;2016;1831;2016
0404;2016;5579;2016
9577;2016;5650;2016
0171;2016;1989;2016
3014;2016;5652;2016
4356;2016;10124;2016
3864;2016;1516;2016
6030;2016;18441;2016
3159;2016;7036;2016
2291;2016;7242;2016
3569;2016;13536;2016
5127;2016;21361;2016
5584;2016;9952;2016
9044;2016;8587;2016
0685;2016;75330;2016
4785;2016;1554;2016
3231;2016;1146;2016
7729;2016;1463;2016
3439;2016;3834;2016
9413;2016;24592;2016
2077;2016;4977;2016
7370;2016;8853;2016
6508;2016;424;2016
4670;2016;1220;2016
6894;2016;6986;2016
7843;2016;2116;2016
7113;2016;801;2016
6781;2016;1444;2016
9244;2016;4817;2016
8580;2016;9027;2016
1290;2016;583;2016
1131;2016;2131;2016
9275;2016;643;2016
4234;2016;3568;2016
0500;2016;7017;2016
9776;2016;11972;2016
5888;2016;703;2016
5891;2016;1149;2016
5573;2016;15334;2016
6330;2016;10410;2016
6723;2016;38594;2016
2360;2016;39416;2016
3040;2016;2212;2016
0952;2016;3153;2016
7257;2016;28158;2016
8339;2016;27374;2016
6084;2016;11559;2016
0206;2016;3082;2016
4954;2016;2323;2016
4291;2016;11107;2016
9339;2016;4634;2016
4929;2016;2970;2016
3783;2016;5999;2016
2451;2016;1684;2016
9126;2016;7745;2016
2092;2016;1470;2016
7444;2016;1527;2016
8895;2016;1780;2016
6402;2016;1289;2016
2195;2016;7780;2016
4795;2016;2302;2016
5320;2016;3219;2016
0384;2016;3447;2016
7120;2016;852;2016
0055;2016;475;2016
1506;2016;1767;2016
1901;2016;13502;2016
1790;2016;17404;2016
4989;2016;968;2016
6099;2016;14071;2016
7271;2016;22432;2016
7174;2016;900;2016
1312;2016;1947;2016
7852;2016;12259;2016
8351;2016;14078;2016
9201;2016;32614;2016
7297;2016;2684;2016
9668;2016;5766;2016
5227;2016;2225;2016
2007;2016;14439;2016
1870;2016;21450;2016
7652;2016;7427;2016
2119;2016;8394;2016
4301;2016;12279;2016
6991;2016;14297;2016
3939;2016;880;2016
6551;2016;19215;2016
5233;2016;6539;2016
4196;2016;859;2016
9014;2016;2744;2016
5469;2016;7019;2016
8249;2016;11862;2016
9698;2016;7468;2016
7200;2016;3603;2016
7814;2016;7802;2016
0481;2016;6997;2016
6867;2016;6600;2016
8972;2016;8373;2016
2218;2016;2754;2016
0381;2016;5610;2016
1195;2016;2610;2016
9610;2016;2022;2016
6568;2016;765;2016
8169;2016;2338;2016
8340;2016;59517;2016
4626;2016;1415;2016
9402;2016;2098;2016
0788;2016;1708;2016
3059;2016;2635;2016
5858;2016;1035;2016
8038;2016;1568;2016
3398;2016;1339;2016
3975;2016;887;2016
2547;2016;1472;2016
7795;2016;1222;2016
4357;2016;2619;2016
5730;2016;1209;2016
7176;2016;2047;2016
8035;2016;3376;2016
3530;2016;3941;2016
6637;2016;2355;2016
2750;2016;2372;2016
8586;2016;4044;2016
0522;2016;2781;2016
9049;2016;2210;2016
9892;2016;3648;2016
7656;2016;3340;2016
3090;2016;1411;2016
4545;2016;1231;2016
5738;2016;1039;2016
4921;2016;1846;2016
8164;2016;2250;2016
7871;2016;462;2016
0975;2016;4969;2016
3809;2016;4037;2016
5907;2016;1837;2016
2035;2016;4056;2016
1636;2016;1589;2016
9380;2016;1478;2016
5073;2016;13362;2016
3315;2016;4881;2016
2987;2016;3956;2016
7490;2016;2409;2016
7988;2016;2050;2016
0010;2016;2052;2016
8327;2016;1615;2016
1537;2016;1987;2016
8130;2016;531;2016
2535;2016;3100;2016
9153;2016;2524;2016
0289;2016;2129;2016
7611;2016;1344;2016
6384;2016;1179;2016
6623;2016;4781;2016
3386;2016;10028;2016
7653;2016;2997;2016
9590;2016;3036;2016
8833;2016;2234;2016
2955;2016;2111;2016
3043;2016;772;2016
1870;2016;3336;2016
1840;2016;1224;2016
0421;2016;872;2016
2242;2016;3657;2016
3108;2016;4000;2016
2410;2016;906;2016
3786;2016;11133;2016
0134;2016;4347;2016
2448;2016;611;2016
1266;2016;3780;2016
9987;2016;7616;2016
4911;2016;1534;2016
1549;2016;3394;2016
9905;2016;2924;2016
7986;2016;548;2016
7117;2016;59561;2016
9106;2016;63056;2016
8316;2016;7645;2016
4666;2016;6951;2016
7310;2016;34418;2016
4675;2016;26244;2016
9609;2016;10126;2016
3981;2016;27422;2016
5305;2016;10238;2016
6161;2016;16398;2016
2212;2016;37615;2016
9831;2016;12344;2016
3276;2016;5324;2016
0628;2016;7088;2016
6495;2016;2421;2016
1983;2016;22072;2016
8354;2016;48801;2016
3842;2016;3263;2016
8488;2016;8292;2016
1823;2016;14096;2016
5267;2016;18567;2016
5932;2016;3852;2016
1384;2016;76363;2016
8099;2016;65281;2016
9214;2016;7847;2016
2290;2016;17980;2016
3311;2016;12627;2016
7406;2016;7188;2016
4494;2016;1805;2016
2191;2016;12310;2016
0814;2016;17394;2016
3882;2016;29239;2016
0417;2016;16036;2016
6321;2016;119473;2016
6424;2016;28859;2016
8769;2016;17863;2016
1402;2016;19266;2016
0768;2016;4804;2016
0191;2016;6222;2016
7109;2016;1613;2016
6525;2016;58319;2016
2623;2016;7753;2016
5752;2016;29596;2016
8362;2016;13990;2016
7992;2016;36321;2016
2511;2016;7918;2016
7043;2016;12744;2016
2636;2016;34575;2016
9441;2016;959433;2016
1853;2016;33924;2016
0227;2016;23592;2016
6708;2016;14997;2016
3354;2016;12955;2016
5394;2016;5957;2016
2007;2016;21823;2016
0156;2016;13411;2016
7093;2016;39906;2016
4303;2016;25283;2016
6013;2016;54613;2016
4339;2016;80704;2016
2559;2016;10349;2016
4345;2016;25301;2016
1590;2016;39635;2016
8936;2016;52741;2016
3315;2016;6969;2016
0144;2016;11705;2016
1538;2016;44850;2016
1713;2016;29872;2016
9480;2016;3494;2016
6395;2016;9128;2016
1482;2016;9121;2016
7405;2016;27502;2016
9133;2016;33533;2016
9318;2016;19743;2016
3696;2016;6407;2016
8775;2016;15942;2016
4791;2016;6010;2016
4432;2016;3124;2016
6664;2016;34498;2016
9556;2016;16533;2016
6518;2016;8440;2016
4648;2016;18477;2016
5080;2016;42072;2016
6611;2016;84569;2016
2070;2016;3663;2016
3794;2016;20729;2016
8729;2016;30830;2016
9036;2016;4454;2016
2063;2016;23767;2016
9788;2016;11695;2016
2131;2016;9074;2016
0421;2016;5226;2016
8723;2016;4035;2016
0831;2016;4166;2016
6485;2016;1897;2016
1450;2016;1688;2016
7365;2016;22185;2016
5931;2016;10943;2016
3890;2016;7771;2016
5500;2016;54357;2016
8043;2016;3148;2016
2951;2016;4691;2016
1573;2016;3793;2016
7774;2016;2413;2016
8104;2016;318;2016
3340;2016;2354;2016
0517;2016;4608;2016
3488;2016;1113;2016
2828;2016;3479;2016
4879;2016;2402;2016
7239;2016;1411;2016
0937;2016;1789;2016
0746;2016;959;2016
3663;2016;1106;2016
6888;2016;2003;2016
1700;2016;1588;2016
3430;2016;9474;2016
7261;2016;2621;2016
6074;2016;497;2016
6024;2016;2254;2016
3106;2016;3033;2016
6343;2016;1349;2016
3990;2016;1791;2016
5501;2016;2855;2016
7042;2016;3133;2016
3896;2016;5370;2016
0394;2016;3729;2016
3349;2016;3492;2016
2633;2016;675;2016
1148;2016;8042;2016
1256;2016;1848;2016
8729;2016;1689;2016
0825;2016;2318;2016
2465;2016;1562;2016
2934;2016;3407;2016
5111;2016;6156;2016
0681;2016;1175;2016
7453;2016;3169;2016
7196;2016;1681;2016
6840;2016;1926;2016
9169;2016;12160;2016
9585;2016;7518;2016
3786;2016;416;2016
0056;2016;3663;2016
2940;2016;3300;2016
9575;2016;11804;2016
4461;2016;2249;2016
2382;2016;1318;2016
9536;2016;7675;2016
0089;2016;2838;2016
6348;2016;5322;2016
5660;2016;781;2016
4120;2016;1271;2016
4535;2016;1656;2016
2983;2016;5292;2016
6004;2016;4050;2016
6764;2016;2117;2016
6255;2016;1814;2016
2187;2016;654;2016
4254;2016;2408;2016
1398;2016;315;2016
2415;2016;2293;2016
7281;2016;1550;2016
9911;2016;2908;2016
8428;2016;3808;2016
9311;2016;1843;2016
9082;2016;1968;2016
4554;2016;2341;2016
4116;2016;839;2016
8084;2016;3590;2016
9594;2016;752;2016
5865;2016;1166;2016
9153;2016;4851;2016
4659;2016;2484;2016
8989;2016;768;2016
5378;2016;1546;2016
1929;2016;1611;2016
9333;2016;1395;2016
0432;2016;1495;2016
4602;2016;823;2016
7449;2016;711;2016
1046;2016;4130;2016
4343;2016;1235;2016
7802;2016;2156;2016
4722;2016;1134;2016
1053;2016;1210;2016
0250;2016;847;2016
4994;2016;6942;2016
1867;2016;2872;2016
2135;2016;12384;2016
1034;2016;590;2016
6968;2016;3670;2016
6733;2016;3040;2016
3678;2016;1561;2016
7662;2016;1548;2016
4115;2016;2347;2016
2061;2016;1502;2016
5685;2016;2108;2016
0416;2016;1294;2016
2199;2016;513;2016
0025;2016;964;2016
9641;2016;899;2016
9136;2016;2684;2016
1237;2016;1353;2016
1566;2016;2503;2016
0366;2016;981;2016
9992;2016;1643;2016
4183;2016;3351;2016
2142;2016;1077;2016
1409;2016;19355;2016
4968;2016;2749;2016
7665;2016;21638;2016
2302;2016;6451;2016
8222;2016;998;2016
4817;2016;7055;2016
7001;2016;5040;2016
7655;2016;33625;2016
7339;2016;1499;2016
4528;2016;5785;2016
0072;2016;2342;2016
1206;2016;853;2016
6828;2016;2303;2016
9298;2016;16875;2016
8494;2016;50371;2016
7467;2016;782;2016
4087;2016;5485;2016
9179;2016;4970;2016
5398;2016;2543;2016
4297;2016;2711;2016
9092;2016;1487;2016
5768;2016;7047;2016
3035;2016;16651;2016
1530;2016;419;2016
7503;2016;1044;2016
0263;2016;23128;2016
8232;2016;1155;2016
5703;2016;1398;2016
7096;2016;5281;2016
5545;2016;1940;2016
6340;2016;1680;2016
4332;2016;8850;2016
0593;2016;2759;2016
0638;2016;588;2016
5851;2016;13468;2016
2937;2016;2399;2016
4074;2016;1387;2016
5311;2016;52256;2016
6166;2016;1891;2016
7508;2016;5106;2016
4579;2016;2341;2016
9681;2016;2130;2016
3734;2016;1209;2016
1580;2016;3594;2016
1281;2016;679;2016
7461;2016;829;2016
9342;2016;3332;2016
7318;2016;2571;2016
9663;2016;588;2016
6631;2016;580;2016
5727;2016;39490;2016
5341;2016;1247;2016
6874;2016;13900;2016
8817;2016;767;2016
8506;2016;1173;2016
0750;2016;5189;2016
6125;2016;11909;2016
9883;2016;1253;2016
7006;2016;1280;2016
3430;2016;1008;2016
7442;2016;1185;2016
4538;2016;1523;2016
2220;2016;787;2016
6766;2016;1411;2016
2415;2016;1055;2016
2957;2016;692;2016
6714;2016;5550;2016
3331;2016;22099;2016
6624;2016;2728;2016
1887;2016;1823;2016
4423;2016;2023;2016
2510;2016;2659;2016
8816;2016;10798;2016
1614;2016;12448;2016
1659;2016;553;2016
6911;2016;1527;2016
2217;2016;6653;2016
1938;2016;674;2016
9447;2016;45586;2016
6625;2016;24110;2016
7132;2016;2300;2016
2426;2016;2265;2016
7239;2016;6706;2016
6214;2016;3753;2016
1008;2016;1646;2016
5503;2016;1091;2016
6115;2016;625;2016
1141;2016;5275;2016
9763;2016;35287;2016
2980;2016;3946;2016
0374;2016;10789;2016
8138;2016;1773;2016
9994;2016;947;2016
1585;2016;695;2016
4697;2016;1147;2016
7654;2016;1311;2016
2380;2016;2604;2016
0811;2016;5230;2016
1653;2016;2385;2016
1891;2016;25998;2016
6531;2016;3925;2016
2433;2016;2130;2016
6706;2016;2033;2016
0409;2016;1046;2016
9350;2016;2510;2016
9286;2016;1147;2016
1579;2016;7188;2016
5575;2016;1704;2016
3133;2016;9111;2016
5882;2016;1528;2016
6700;2016;371;2016
1813;2016;783;2016
6883;2016;825;2016
6570;2016;485;2016
6928;2016;12442;2016
7851;2016;1939;2016
8517;2016;133941;2016
5976;2016;553;2016
3872;2016;6570;2016
9015;2016;3735;2016
0525;2016;4254;2016
0237;2016;2651;2016
1894;2016;10454;2016
2807;2016;898;2016
0544;2016;583;2016
5134;2016;1705;2016
9585;2016;1714;2016
3605;2016;3231;2016
6091;2016;610;2016
1435;2016;2794;2016
2451;2016;8834;2016
9193;2016;441;2016
1563;2016;11021;2016
7442;2016;2566;2016
2001;2016;6683;2016
0006;2016;31142;2016
7559;2016;4948;2016
8723;2016;50168;2016
8627;2016;1538;2016
2296;2016;324;2016
0330;2016;3951;2016
0424;2016;1328;2016
5692;2016;9897;2016
1133;2016;3402;2016
5173;2016;721;2016
2800;2016;844;2016
8655;2016;7832;2016
4617;2016;1828;2016
0132;2016;1236;2016
0329;2016;2108;2016
2173;2016;529;2016
8260;2016;4127;2016
4361;2016;1621;2016
6021;2016;236;2016
3214;2016;8447;2016
7850;2016;1638;2016
5428;2016;3327;2016
5175;2016;7760;2016
0220;2016;13522;2016
2232;2016;319;2016
5166;2016;1468;2016
9500;2016;886;2016
4329;2016;336;2016
9252;2016;1156;2016
0845;2016;41926;2016
8420;2016;3418;2016
5883;2016;732;2016
4864;2016;1817;2016
1069;2016;717;2016
5929;2016;214;2016
1210;2016;1096;2016
3144;2016;1299;2016
4433;2016;134;2016
9040;2016;804;2016
7245;2016;551;2016
9030;2016;1003;2016
6995;2016;259;2016
6574;2016;881;2016
9626;2016;5164;2016
6391;2016;689;2016
6151;2016;223;2016
5707;2016;531;2016
7863;2016;88;2016
7935;2016;5417;2016
0313;2016;426;2016
8838;2016;312;2016
4298;2016;6600;2016
1005;2016;1112;2016
3194;2016;145;2016
2942;2016;962;2016
7991;2016;10868;2016
1647;2016;1625;2016
3454;2016;1019;2016
4906;2016;293;2016
4518;2016;3198;2016
6044;2016;228;2016
9435;2016;901;2016
0194;2016;1206;2016
2092;2016;228;2016
9499;2016;1047;2016
6437;2016;412;2016
8595;2016;357;2016
7066;2016;720;2016
1490;2016;245;2016
4035;2016;1906;2016
2376;2016;550;2016
1068;2016;2077;2016
9064;2016;69837;2016
4694;2016;1652;2016
8647;2016;6002;2016
4425;2016;983;2016
9185;2016;3638;2016
5331;2016;1439;2016
2078;2016;387;2016
4084;2016;2533;2016
2701;2016;1446;2016
0036;2016;590;2016
6036;2016;1172;2016
8978;2016;483;2016
9042;2016;405;2016
3576;2016;1246;2016
1661;2016;497;2016
9993;2016;1814;2016
3767;2016;1204;2016
5874;2016;1136;2016
1547;2016;661;2016
1585;2016;2200;2016
7943;2016;4063;2016
0623;2016;1159;2016
8484;2016;1365;2016
4355;2016;4366;2016
4565;2016;1131;2016
6544;2016;492;2016
6736;2016;7485;2016
5962;2016;946;2016
9925;2016;2751;2016
0009;2016;682;2016
3068;2016;668;2016
1067;2016;848;2016
6186;2016;515;2016
5452;2016;1511;2016
9610;2016;179;2016
9100;2016;1594;2016
7609;2016;3877;2016
0984;2016;104;2016
4918;2016;1858;2016
2122;2016;669;2016
8133;2016;1157;2016
9441;2016;398;2016
6988;2016;114;2016
0389;2016;2329;2016
6765;2016;1841;2016
3541;2016;582;2016
0036;2016;3737;2016
3815;2016;2780;2016
3410;2016;355;2016
9278;2016;24350;2016
4574;2016;6794;2016
6548;2016;299;2016
9607;2016;3106;2016
4430;2016;6242;2016
1994;2016;552;2016
9897;2016;111;2016
2153;2016;429;2016
7329;2016;903;2016
5246;2016;652;2016
1945;2016;878;2016
5964;2016;12336;2016
9192;2016;1864;2016
1360;2016;821;2016
1814;2016;10584;2016
8534;2016;2398;2016
0440;2016;7149;2016
8746;2016;1896;2016
4239;2016;7046;2016
7371;2016;1915;2016
1590;2016;493;2016
1757;2016;7443;2016
6808;2016;1117;2016
6851;2016;2262;2016
7942;2016;1481;2016
9394;2016;2466;2016
3628;2016;1641;2016
7369;2016;5001;2016
0131;2016;2159;2016
6331;2016;3687;2016
8145;2016;2392;2016
1135;2016;5045;2016
9429;2016;653;2016
3022;2016;1263;2016
7722;2016;286;2016
0024;2016;23491;2016
0450;2016;4729;2016
5937;2016;1036;2016
5649;2016;8085;2016
7269;2016;3617;2016
4475;2016;9293;2016
0112;2016;5185;2016
1502;2016;6717;2016
0982;2016;1734;2016
4851;2016;263;2016
1092;2016;15029;2016
7982;2016;512;2016
2664;2016;25362;2016
3618;2016;9827;2016
2024;2016;5226;2016
6259;2016;15519;2016
8396;2016;54870;2016
2171;2016;1594;2016
3803;2016;2644;2016
9731;2016;11424;2016
1359;2016;1377;2016
7532;2016;961;2016
6579;2016;15794;2016
4014;2016;388;2016
5275;2016;3485;2016
9583;2016;1073;2016
9862;2016;284;2016
9116;2016;2498;2016
4127;2016;4009;2016
9893;2016;1963;2016
0819;2016;650;2016
5745;2016;831;2016
0253;2016;1358;2016
8178;2016;10823;2016
0216;2016;14930;2016
8798;2016;1218;2016
0959;2016;1784;2016
9847;2016;5977;2016
7324;2016;248;2016
9615;2016;1482;2016
3097;2016;1713;2016
4721;2016;1487;2016
0704;2016;2903;2016
4993;2016;7357;2016
2626;2016;7028;2016
5012;2016;972;2016
5815;2016;52969;2016
2564;2016;3143;2016
7621;2016;1814;2016
1943;2016;12189;2016
3332;2016;121123;2016
3464;2016;515;2016
0484;2016;8571;2016
5580;2016;1348;2016
7710;2016;482;2016
0393;2016;5137;2016
0563;2016;944;2016
7943;2016;3945;2016
8034;2016;300;2016
4182;2016;264;2016
3973;2016;1921;2016
3407;2016;3702;2016
8874;2016;569;2016
0138;2016;18987;2016
6676;2016;2628;2016
9177;2016;3072;2016
1122;2016;865;2016
3297;2016;393;2016
1818;2016;666;2016
3302;2016;3025;2016
5443;2016;2190;2016
3915;2016;1112;2016
7167;2016;1139;2016
9761;2016;10546;2016
2605;2016;781;2016
5091;2016;346;2016
0774;2016;5231;2016
3819;2016;93;2016
9124;2016;1366;2016
8539;2016;602;2016
5642;2016;620;2016
5381;2016;1314;2016
6687;2016;912;2016
0149;2016;6098;2016
0004;2016;3083;2016
0350;2016;5648;2016
8861;2016;4325;2016
0721;2016;365;2016
9829;2016;1766;2016
6778;2016;902;2016
5668;2016;51129;2016
4613;2016;339;2016
7214;2016;819;2016
2952;2016;190;2016
0465;2016;493;2016
2341;2016;2851;2016
3922;2016;4783;2016
8476;2016;357;2016
9639;2016;1927;2016
6920;2016;1400;2016
5328;2016;969;2016
1407;2016;6163;2016
0895;2016;325;2016
1125;2016;24628;2016
1486;2016;952;2016
4882;2016;1724;2016
9896;2016;946;2016
5604;2016;310;2016
4701;2016;1452;2016
6462;2016;2778;2016
8874;2016;1221;2016
5009;2016;8990;2016
5631;2016;417;2016
3710;2016;1254;2016
9494;2016;35146;2016
6165;2016;693;2016
1285;2016;353;2016
1795;2016;714;2016
7343;2016;4835;2016
4634;2016;952;2016
2862;2016;133;2016
2680;2016;84;2016
9986;2016;673;2016
2122;2016;2433;2016
1032;2016;2433;2016
4460;2016;3868;2016
8737;2016;22926;2016
7797;2016;4333;2016
6299;2016;1352;2016
7780;2016;933;2016
1930;2016;996;2016
0200;2016;270;2016
0312;2016;460;2016
4826;2016;1600;2016
9206;2016;1090;2016
9473;2016;872;2016
1680;2016;2232;2016
1259;2016;932;2016
4453;2016;807;2016
2985;2016;1279;2016
1629;2016;4044;2016
2198;2016;1673;2016
6995;2016;2286;2016
0060;2016;1204;2016
0066;2016;1317;2016
8107;2016;105;2016
2305;2016;232;2016
2693;2016;962;2016
6722;2016;178;2016
7311;2016;13804;2016
4080;2016;933;2016
6996;2016;19836;2016
7079;2016;2007;2016
8273;2016;2420;2016
0004;2016;5319;2016
2545;2016;3228;2016
5688;2016;823;2016
8984;2016;367;2016
9591;2016;3995;2016
1175;2016;3061;2016
5279;2016;1772;2016
2887;2016;818;2016
6762;2016;4165;2016
1143;2016;1339;2016
8695;2016;1671;2016
4377;2016;416;2016
2727;2016;1648;2016
3449;2016;40667;2016
1285;2016;959;2016
7324;2016;2343;2016
2298;2016;1322;2016
3672;2016;136;2016
0991;2016;143;2016
5993;2016;659;2016
9947;2016;2636;2016
6298;2016;7957;2016
2796;2016;1352;2016
8102;2016;1240;2016
1117;2016;48710;2016
7010;2016;625;2016
7217;2016;2507;2016
4253;2016;846;2016
6760;2016;7678;2016
2764;2016;2153;2016
0649;2016;553;2016
2235;2016;305;2016
5442;2016;550;2016
6196;2016;1466;2016
9572;2016;933;2016
9107;2016;3727;2016
7935;2016;666;2016
8933;2016;383;2016
6946;2016;788;2016
9050;2016;1902;2016
4681;2016;408;2016
7727;2016;3271;2016
3337;2016;1314;2016
6825;2016;1462;2016
7548;2016;802;2016
5261;2016;1027;2016
7156;2016;777;2016
9461;2016;5287;2016
7729;2016;1742;2016
7652;2016;6761;2016
2662;2016;753;2016
5628;2016;656;2016
8724;2016;488;2016
7323;2016;573;2016
5053;2016;1171;2016
4211;2016;1128;2016
4272;2016;2132;2016
1999;2016;167;2016
2140;2016;508;2016
6236;2016;1080;2016
9190;2016;1337;2016
5674;2016;1538;2016
7631;2016;363;2016
2928;2016;366;2016
3125;2016;6604;2016
6629;2016;420;2016
8400;2016;583;2016
8849;2016;1687;2016
8179;2016;1725;2016
4006;2016;3820;2016
5154;2016;1161;2016
2809;2016;1340;2016
0789;2016;217;2016
1136;2016;2504;2016
0324;2016;117;2016
0393;2016;5164;2016
9604;2016;507;2016
8270;2016;3143;2016
0439;2016;799;2016
7399;2016;1190;2016
2595;2016;691;2016
8460;2016;182;2016
3719;2016;628;2016
0822;2016;1443;2016
4484;2016;565;2016
0508;2016;1005;2016
0477;2016;1031;2016
6520;2016;4745;2016
3299;2016;873;2016
2841;2016;465;2016
3670;2016;4412;2016
8688;2016;346;2016
2452;2016;1744;2016
3707;2016;1918;2016
8338;2016;1308;2016
9697;2016;702;2016
6345;2016;33384;2016
7316;2016;778;2016
0582;2016;1356;2016
6983;2016;4650;2016
5163;2016;896;2016
6494;2016;2702;2016
4776;2016;3351;2016
7359;2016;2346;2016
7469;2016;984;2016
0140;2016;1254;2016
5024;2016;13178;2016
6715;2016;6154;2016
6444;2016;2756;2016
9297;2016;3250;2016
8365;2016;7193;2016
8096;2016;2725;2016
0017;2016;6683;2016
7114;2016;963;2016
0494;2016;4135;2016
3611;2016;1541;2016
9321;2016;1853;2016
4736;2016;2070;2016
7854;2016;1289;2016
4861;2016;1425;2016
4171;2016;1578;2016
4132;2016;162;2016
9196;2016;56636;2016
5173;2016;1673;2016
8521;2016;3764;2016
0981;2016;622;2016
2545;2016;150960;2016
4608;2016;4355;2016
1780;2016;485;2016
1534;2016;6316;2016
7870;2016;33273;2016
5377;2016;56606;2016
4796;2016;6287;2016
4107;2016;1013;2016
1273;2016;12465;2016
9412;2016;711;2016
0056;2016;2713;2016
2381;2016;17585;2016
7043;2016;796;2016
3895;2016;4435;2016
6453;2016;2701;2016
8824;2016;2706;2016
3968;2016;2026;2016
4654;2016;1842;2016
4471;2016;3630;2016
0521;2016;1073;2016
8788;2016;27014;2016
1973;2016;13646;2016
6249;2016;983;2016
3574;2016;15230;2016
1604;2016;5770;2016
3046;2016;51778;2016
1326;2016;1925;2016
3541;2016;3916;2016
8629;2016;5728;2016
8122;2016;5334;2016
0084;2016;17101;2016
2450;2016;7114;2016
0822;2016;7643;2016
1885;2016;13822;2016
9970;2016;419;2016
3471;2016;1697;2016
5651;2016;2842;2016
7458;2016;3381;2016
0242;2016;20558;2016
8139;2016;17145;2016
8232;2016;10736;2016
3700;2016;70157;2016
4097;2016;316893;2016
6537;2016;2253;2016
9452;2016;12102;2016
3365;2016;54001;2016
9815;2016;11386;2016
1052;2016;15529;2016
4318;2016;19661;2016
1974;2016;14752;2016
1282;2016;19346;2016
9108;2016;5812;2016
4204;2016;25990;2016
3426;2016;47944;2016
9351;2016;27451;2016
2824;2016;19939;2016
7214;2016;43359;2016
3018;2016;12664;2016
1791;2016;14090;2016
2364;2016;38139;2016
9399;2016;25368;2016
9733;2016;58871;2016
8253;2016;48509;2016
5967;2016;18976;2016
7925;2016;26287;2016
7126;2016;21422;2016
4436;2016;1450;2016
0865;2016;17830;2016
1539;2016;26485;2016
8522;2016;18538;2016
8254;2016;25320;2016
2339;2016;6451;2016
7931;2016;9840;2016
8521;2016;26501;2016
2294;2016;26806;2016
3502;2016;8538;2016
1386;2016;27043;2016
3998;2016;13145;2016
9786;2016;17903;2016
1707;2016;6649;2016
9347;2016;7024;2016
3148;2016;16818;2016
3004;2016;13619;2016
0642;2016;3541;2016
4128;2016;5264;2016
5030;2016;22231;2016
1219;2016;31801;2016
1716;2016;15183;2016
3135;2016;8052;2016
1769;2016;10058;2016
4069;2016;31036;2016
7194;2016;48776;2016
0687;2016;5290;2016
9935;2016;32465;2016
7460;2016;5617;2016
4326;2016;3873;2016
8486;2016;2389;2016
9603;2016;15785;2016
8616;2016;7746;2016
9641;2016;16043;2016
2690;2016;11448;2016
1453;2016;1825;2016
5598;2016;15047;2016
1944;2016;9200;2016
5686;2016;15904;2016
8582;2016;195386;2016
9252;2016;4204;2016
3200;2016;13767;2016
0135;2016;87014;2016
6192;2016;16687;2016
0201;2016;19799;2016
8384;2016;6561;2016
1688;2016;11551;2016
6284;2016;8647;2016
7854;2016;39221;2016
9378;2016;36286;2016
3820;2016;14462;2016
0505;2016;26561;2016
6667;2016;15088;2016
5577;2016;31179;2016
0443;2016;6624;2016
5343;2016;6272;2016
6779;2016;9958;2016
9393;2016;13717;2016
0790;2016;19048;2016
4790;2016;5415;2016
7645;2016;10439;2016
1455;2016;9257;2016
6990;2016;4693;2016
6923;2016;6406;2016
7894;2016;5694;2016
5298;2016;6653;2016
7116;2016;4725;2016
5803;2016;9360;2016
5612;2016;4069;2016
7446;2016;1824;2016
7498;2016;2746;2016
1807;2016;7057;2016
8786;2016;10247;2016
3484;2016;1699;2016
7074;2016;2444;2016
2405;2016;12026;2016
9866;2016;3767;2016
7274;2016;20130;2016
9451;2016;2907;2016
6246;2016;3911;2016
7689;2016;5299;2016
6543;2016;12827;2016
7891;2016;6042;2016
5317;2016;24159;2016
4134;2016;5785;2016
1202;2016;5463;2016
3571;2016;4123;2016
8074;2016;8904;2016
4238;2016;2954;2016
5981;2016;5127;2016
6466;2016;26738;2016
0682;2016;15467;2016
2188;2016;20677;2016
2665;2016;1215;2016
0433;2016;1959;2016
0291;2016;5767;2016
8158;2016;94522;2016
8041;2016;8550;2016
5030;2016;14152;2016
4162;2016;11744;2016
6639;2016;14229;2016
2478;2016;9026;2016
4921;2016;1649;2016
6286;2016;11429;2016
3099;2016;9879;2016
5488;2016;7080;2016
1026;2016;2214;2016
7990;2016;3516;2016
1285;2016;3642;2016
7428;2016;13854;2016
5283;2016;2632;2016
5676;2016;3284;2016
7671;2016;4935;2016
2643;2016;31170;2016
3019;2016;5285;2016
1267;2016;2279;2016
0457;2016;8012;2016
2252;2016;2318;2016
1936;2016;5710;2016
9724;2016;1496;2016
0919;2016;9088;2016
6891;2016;1684;2016
9594;2016;6066;2016
3605;2016;5292;2016
2878;2016;10906;2016
7265;2016;9661;2016
8721;2016;8251;2016
0704;2016;4603;2016
0223;2016;1459;2016
0889;2016;8190;2016
5772;2016;5656;2016
6390;2016;5891;2016
1977;2016;3541;2016
8239;2016;2986;2016
3303;2016;6962;2016
7759;2016;1868;2016
3306;2016;4137;2016
4551;2016;5456;2016
0953;2016;4744;2016
4246;2016;3657;2016
3741;2016;13926;2016
7645;2016;2293;2016
4054;2016;4400;2016
9883;2016;1628;2016
7829;2016;14831;2016
6797;2016;11759;2016
1311;2016;12060;2016
7107;2016;2827;2016
9139;2016;14423;2016
3296;2016;17501;2016
5014;2016;5164;2016
3960;2016;12330;2016
4580;2016;4427;2016
3085;2016;14020;2016
2746;2016;7126;2016
9545;2016;1984;2016
7747;2016;2026;2016
5637;2016;2413;2016
1153;2016;6218;2016
1894;2016;1466;2016
6422;2016;2383;2016
8735;2016;1411;2016
0954;2016;1679;2016
9765;2016;609;2016
4769;2016;3819;2016
4804;2016;11330;2016
1526;2016;1832;2016
0544;2016;1328;2016
6030;2016;2637;2016
1247;2016;2757;2016
7113;2016;5064;2016
9325;2016;4020;2016
8776;2016;891;2016
3938;2016;1930;2016
0061;2016;385;2016
4751;2016;798;2016
4985;2016;1291;2016
5290;2016;621;2016
2232;2016;281;2016
8983;2016;910;2016
9630;2016;2090;2016
9788;2016;809;2016
9081;2016;795;2016
7742;2016;1363;2016
4521;2016;1044;2016
7426;2016;637;2016
0175;2016;1914;2016
3392;2016;2519;2016
6440;2016;1404;2016
0762;2016;653;2016
8087;2016;2902;2016
3055;2016;2032;2016
8176;2016;4201;2016
6307;2016;845;2016
9252;2016;5699;2016
6494;2016;1693;2016
6795;2016;554;2016
0670;2016;5370;2016
6582;2016;4483;2016
7074;2016;1772;2016
6271;2016;12732;2016
6546;2016;13354;2016
8354;2016;5077;2016
9652;2016;4116;2016
0116;2016;5530;2016
8173;2016;1635;2016
2060;2016;17571;2016
3407;2016;557;2016
5528;2016;3956;2016
1330;2016;1590;2016
8705;2016;1232;2016
1840;2016;5356;2016
4925;2016;1475;2016
7094;2016;869;2016
8779;2016;3720;2016
9102;2016;4854;2016
8342;2016;1878;2016
5089;2016;5888;2016
0977;2016;4051;2016
7025;2016;1007;2016
2350;2016;6912;2016
4318;2016;66784;2016
8734;2016;4348;2016
5060;2016;953;2016
5181;2016;12978;2016
4848;2016;1758;2016
5848;2016;2747;2016
7351;2016;1478;2016
9226;2016;3470;2016
4508;2016;3544;2016
6210;2016;1061;2016
3938;2016;1346;2016
0711;2016;1078;2016
2479;2016;688;2016
6989;2016;2942;2016
3893;2016;773;2016
1583;2016;1522;2016
1067;2016;1406;2016
0963;2016;6513;2016
6860;2016;1409;2016
4313;2016;808;2016
9008;2016;2333;2016
8373;2016;1112;2016
3049;2016;6980;2016
1821;2016;1442;2016
2982;2016;597;2016
0690;2016;1156;2016
2665;2016;7325;2016
6832;2016;3225;2016
6436;2016;3064;2016
1885;2016;2286;2016
9965;2016;662;2016
3628;2016;2031;2016
3885;2016;11738;2016
2410;2016;2799;2016
8270;2016;3006;2016
6975;2016;3364;2016
3184;2016;744;2016
7355;2016;3340;2016
3668;2016;1827;2016
4081;2016;963;2016
1966;2016;12145;2016
6912;2016;759;2016
9042;2016;349;2016
6099;2016;1230;2016
0417;2016;699;2016
1083;2016;8651;2016
6109;2016;1056;2016
9256;2016;979;2016
6299;2016;5074;2016
1502;2016;2274;2016
4530;2016;4941;2016
0810;2016;60346;2016
8385;2016;2494;2016
9956;2016;7147;2016
7987;2016;9829;2016
7498;2016;6664;2016
1844;2016;432;2016
6684;2016;17273;2016
6564;2016;17353;2016
6666;2016;4112;2016
7161;2016;2606;2016
4371;2016;2789;2016
2579;2016;1195;2016
0579;2016;1482;2016
1428;2016;4197;2016
1606;2016;5244;2016
9300;2016;4944;2016
2192;2016;1500;2016
1780;2016;7460;2016
7052;2016;1130;2016
4536;2016;1838;2016
6273;2016;20575;2016
5059;2016;1664;2016
2952;2016;801;2016
6690;2016;1318;2016
1120;2016;433;2016
5604;2016;705;2016
7159;2016;4287;2016
4560;2016;13896;2016
9084;2016;2924;2016
4229;2016;2722;2016
9782;2016;1938;2016
5532;2016;913;2016
0850;2016;9192;2016
3199;2016;1274;2016
1967;2016;10094;2016
8185;2016;1274;2016
8466;2016;2777;2016
5945;2016;2238;2016
5740;2016;1314;2016
9642;2016;1225;2016
6457;2016;1759;2016
3671;2016;724;2016
8228;2016;8057;2016
4296;2016;3353;2016
2733;2016;247;2016
9445;2016;2553;2016
0676;2016;17426;2016
0869;2016;2879;2016
5571;2016;9756;2016
0574;2016;285;2016
6354;2016;22120;2016
7468;2016;2768;2016
8584;2016;493;2016
9632;2016;2370;2016
3177;2016;3127;2016
0861;2016;811;2016
8954;2016;1370;2016
1416;2016;9975;2016
6187;2016;922;2016
9840;2016;1247;2016
5793;2016;1238;2016
6399;2016;39676;2016
8605;2016;66877;2016
6973;2016;1045;2016
1022;2016;9644;2016
2068;2016;5193;2016
3725;2016;4372;2016
6617;2016;926;2016
6743;2016;3811;2016
2708;2016;1385;2016
1646;2016;1115;2016
7008;2016;2065;2016
0600;2016;2937;2016
0161;2016;2858;2016
1137;2016;2093;2016
7961;2016;7996;2016
7085;2016;1653;2016
7482;2016;2238;2016
4629;2016;1836;2016
9546;2016;2515;2016
0811;2016;1885;2016
3359;2016;829;2016
2096;2016;946;2016
9328;2016;3959;2016
2379;2016;2275;2016
2541;2016;3076;2016
6500;2016;2444;2016
6003;2016;9273;2016
7812;2016;1237;2016
9158;2016;763;2016
2373;2016;1759;2016
3158;2016;2764;2016
2730;2016;1865;2016
0425;2016;3438;2016
3222;2016;3166;2016
8110;2016;990;2016
6846;2016;9396;2016
1555;2016;1579;2016
6698;2016;19961;2016
8744;2016;1818;2016
2522;2016;4494;2016
8798;2016;2984;2016
5829;2016;1231;2016
0460;2016;387;2016
6014;2016;2172;2016
4127;2016;1252;2016
7394;2016;1048;2016
6663;2016;339;2016
8807;2016;15852;2016
2168;2016;706;2016
6176;2016;2140;2016
2016;2016;1350;2016
8673;2016;1899;2016
6546;2016;822;2016
3317;2016;1417;2016
2390;2016;1277;2016
8163;2016;1114;2016
4092;2016;742;2016
5918;2016;6642;2016
2809;2016;34977;2016
0290;2016;3290;2016
8772;2016;7097;2016
6841;2016;5763;2016
4913;2016;4364;2016
6600;2016;1928;2016
9125;2016;36012;2016
1240;2016;1112;2016
6823;2016;3120;2016
6715;2016;1032;2016
5715;2016;1528;2016
5719;2016;606;2016
8737;2016;3521;2016
3970;2016;1326;2016
9596;2016;2676;2016
5092;2016;1296;2016
6832;2016;1403;2016
5284;2016;17136;2016
6282;2016;638;2016
9284;2016;3355;2016
1183;2016;5795;2016
4949;2016;7268;2016
8985;2016;1048;2016
6934;2016;1890;2016
8441;2016;495;2016
3442;2016;3615;2016
5465;2016;2162;2016
3426;2016;1200;2016
1160;2016;1226;2016
6249;2016;1857;2016
4204;2016;4852;2016
2169;2016;2531;2016
5644;2016;1710;2016
4163;2016;2101;2016
1501;2016;3760;2016
4966;2016;978;2016
5554;2016;10859;2016
4634;2016;1218;2016
5118;2016;480;2016
2734;2016;978;2016
2636;2016;6927;2016
2874;2016;4459;2016
2200;2016;2043;2016
2778;2016;2041;2016
4561;2016;4880;2016
1208;2016;744;2016
2216;2016;4546;2016
2150;2016;6098;2016
7168;2016;8981;2016
6494;2016;2575;2016
5337;2016;1088;2016
6418;2016;2989;2016
7330;2016;5362;2016
0838;2016;2592;2016
6368;2016;942;2016
8829;2016;1803;2016
9328;2016;798;2016
8675;2016;747;2016
8792;2016;511;2016
0665;2016;3018;2016
5570;2016;1351;2016
3744;2016;7495;2016
4779;2016;5168;2016
0502;2016;1838;2016
1190;2016;2098;2016
4125;2016;1506;2016
7223;2016;88978;2016
9153;2016;566;2016
9582;2016;386;2016
3688;2016;1188;2016
8247;2016;5588;2016
2845;2016;967;2016
3399;2016;1398;2016
0099;2016;2065;2016
8062;2016;4660;2016
5252;2016;6704;2016
0251;2016;5486;2016
8301;2016;3104;2016
0411;2016;3876;2016
3812;2016;2141;2016
8533;2016;586;2016
0372;2016;471;2016
7817;2016;2097;2016
5464;2016;3300;2016
0791;2016;5881;2016
1937;2016;4958;2016
2658;2016;4393;2016
5552;2016;1658;2016
2035;2016;622;2016
9401;2016;1222;2016
3341;2016;4511;2016
6834;2016;434;2016
9053;2016;2256;2016
8982;2016;871;2016
8432;2016;1101;2016
9398;2016;770;2016
7399;2016;1682;2016
8499;2016;5226;2016
2959;2016;839;2016
5793;2016;4687;2016
1687;2016;532;2016
3841;2016;1178;2016
3828;2016;2068;2016
8991;2016;1123;2016
7869;2016;2606;2016
6500;2016;2585;2016
8396;2016;2122;2016
3199;2016;724;2016
8918;2016;1530;2016
4530;2016;4117;2016
7227;2016;1693;2016
4844;2016;1360;2016
6942;2016;2175;2016
4332;2016;1893;2016
1712;2016;1815;2016
1558;2016;3398;2016
8090;2016;524;2016
4550;2016;7512;2016
6486;2016;3124;2016
2973;2016;4605;2016
3494;2016;3138;2016
7436;2016;4611;2016
2790;2016;796;2016
7924;2016;8884;2016
4957;2016;3030;2016
2796;2016;1549;2016
3260;2016;3581;2016
1084;2016;2361;2016
3058;2016;2680;2016
2624;2016;3861;2016
3698;2016;1007;2016
8782;2016;1712;2016
3295;2016;1618;2016
4255;2016;69438;2016
8961;2016;3037;2016
4872;2016;545;2016
1679;2016;2170;2016
9063;2016;1306;2016
7748;2016;4920;2016
0185;2016;1021;2016
8528;2016;10014;2016
7159;2016;2555;2016
9844;2016;4200;2016
3448;2016;1364;2016
9429;2016;465;2016
0561;2016;8781;2016
4995;2016;4151;2016
1371;2016;3519;2016
7427;2016;1098;2016
9648;2016;903;2016
4105;2016;772;2016
0092;2016;4468;2016
9521;2016;399;2016
2971;2016;717;2016
4621;2016;519;2016
2657;2016;1573;2016
1623;2016;2314;2016
5414;2016;755;2016
7562;2016;6937;2016
2342;2016;563;2016
9509;2016;6541;2016
9827;2016;10227;2016
2945;2016;5013;2016
3736;2016;851;2016
3800;2016;3317;2016
5555;2016;1679;2016
1061;2016;741;2016
5876;2016;1059;2016
3403;2016;1695;2016
9874;2016;2623;2016
7186;2016;1851;2016
8668;2016;19453;2016
0708;2016;7029;2016
9745;2016;3087;2016
1905;2016;404;2016
6906;2016;5063;2016
7538;2016;12355;2016
0708;2016;2800;2016
1551;2016;6521;2016
5190;2016;1518;2016
3362;2016;527;2016
4033;2016;926;2016
5328;2016;4928;2016
4083;2016;11058;2016
4469;2016;2516;2016
7333;2016;3401;2016
4508;2016;6012;2016
4757;2016;6013;2016
8739;2016;5270;2016
6163;2016;2405;2016
1210;2016;18545;2016
5690;2016;543;2016
5105;2016;1144;2016
8735;2016;3823;2016
7699;2016;10135;2016
9980;2016;1187;2016
0361;2016;178827;2016
2369;2016;2199;2016
2229;2016;7768;2016
8565;2016;456;2016
8198;2016;6410;2016
9207;2016;1052;2016
5572;2016;14372;2016
2181;2016;776;2016
4002;2016;3076;2016
5662;2016;460;2016
5201;2016;2543;2016
3446;2016;3691;2016
0777;2016;1116;2016
3583;2016;536;2016
6363;2016;1699;2016
4089;2016;898;2016
1995;2016;610;2016
9925;2016;341;2016
8795;2016;4104;2016
9996;2016;1389;2016
7968;2016;1237;2016
5297;2016;925;2016
1308;2016;4862;2016
8540;2016;2710;2016
0617;2016;832;2016
8595;2016;17357;2016
2146;2016;2052;2016
3085;2016;246;2016
7650;2016;1316;2016
1081;2016;2589;2016
5444;2016;15377;2016
1204;2016;519;2016
1240;2016;2130;2016
1747;2016;13581;2016
1980;2016;4548;2016
8932;2016;45356;2016
8093;2016;2917;2016
8616;2016;6628;2016
8321;2016;11688;2016
3202;2016;15033;2016
7569;2016;31432;2016
9007;2016;5558;2016
3374;2016;27348;2016
3149;2016;4269;2016
5738;2016;4036;2016
2581;2016;82008;2016
6328;2016;50821;2016
0074;2016;11249;2016
5311;2016;7523;2016
7263;2016;10421;2016
4571;2016;1494;2016
4154;2016;1682;2016
4210;2016;10503;2016
9436;2016;4964;2016
1187;2016;4655;2016
1336;2016;67657;2016
9625;2016;12165;2016
1029;2016;2034;2016
2764;2016;8094;2016
9748;2016;3599;2016
6975;2016;1982;2016
6806;2016;1208;2016
7839;2016;8240;2016
4356;2016;10132;2016
8358;2016;54901;2016
4298;2016;6325;2016
4710;2016;1965;2016
2934;2016;11197;2016
9696;2016;4547;2016
6253;2016;4088;2016
4101;2016;1350;2016
0237;2016;7379;2016
2312;2016;8192;2016
9459;2016;3981;2016
4560;2016;511;2016
5060;2016;7399;2016
6994;2016;1301;2016
7206;2016;3267;2016
1204;2016;11404;2016
5940;2016;37928;2016
7859;2016;8833;2016
9185;2016;11439;2016
1964;2016;3336;2016
0400;2016;3055;2016
0592;2016;1017;2016
2409;2016;14115;2016
8343;2016;5185;2016
5503;2016;2764;2016
4206;2016;3709;2016
1617;2016;12221;2016
1646;2016;3995;2016
4759;2016;1741;2016
4546;2016;11141;2016
5295;2016;12767;2016
4634;2016;6749;2016
3465;2016;1901;2016
8844;2016;2259;2016
1410;2016;1900;2016
2021;2016;1204;2016
1661;2016;942;2016
9969;2016;1509;2016
5663;2016;7268;2016
3266;2016;3602;2016
4318;2016;6731;2016
2219;2016;6498;2016
2544;2016;2911;2016
4886;2016;28647;2016
1798;2016;37946;2016
8912;2016;6172;2016
0755;2016;3306;2016
0959;2016;2123;2016
5878;2016;658575;2016
0579;2016;31401;2016
1025;2016;3314;2016
3440;2016;2751;2016
9165;2016;6156;2016
6583;2016;3317;2016
9291;2016;2984;2016
0363;2016;4759;2016
7170;2016;1497;2016
5663;2016;2474;2016
8522;2016;5341;2016
7814;2016;8546;2016
3653;2016;1645;2016
7414;2016;1024;2016
5987;2016;11143;2016
1931;2016;2734;2016
9024;2016;432;2016
6885;2016;26100;2016
8463;2016;12141;2016
5421;2016;4263;2016
0772;2016;10209;2016
1885;2016;3126;2016
2407;2016;1308;2016
7793;2016;3542;2016
9001;2016;1917;2016
0076;2016;2750;2016
7977;2016;19904;2016
6441;2016;3317;2016
6956;2016;613;2016
9813;2016;998;2016
9346;2016;1952;2016
9386;2016;756;2016
2744;2016;2494;2016
6346;2016;911;2016
1418;2016;41098;2016
0685;2016;598;2016
6646;2016;5731;2016
1664;2016;3066;2016
4275;2016;13167;2016
7645;2016;4480;2016
2587;2016;3309;2016
6218;2016;834;2016
7781;2016;1268;2016
4282;2016;3067;2016
8280;2016;1104;2016
0694;2016;2444;2016
9304;2016;2335;2016
1324;2016;472;2016
3367;2016;2776;2016
6563;2016;1442;2016
6938;2016;1387;2016
3311;2016;473;2016
2116;2016;1001;2016
1890;2016;885;2016
7262;2016;3887;2016
9981;2016;694;2016
9132;2016;3312;2016
5543;2016;3796;2016
6505;2016;3258;2016
3108;2016;2584;2016
9083;2016;370;2016
2904;2016;9279;2016
4823;2016;7022;2016
0474;2016;1458;2016
3838;2016;1720;2016
9835;2016;1661;2016
7899;2016;691;2016
7241;2016;2789;2016
3863;2016;1660;2016
9924;2016;828;2016
7212;2016;12413;2016
1099;2016;1439;2016
7352;2016;943;2016
7094;2016;718;2016
8536;2016;585;2016
6942;2016;1492;2016
8503;2016;2257;2016
7621;2016;234138;2016
7022;2016;30929;2016
5356;2016;1287;2016
2692;2016;969;2016
4678;2016;4700;2016
5996;2016;706;2016
2599;2016;2756;2016
3623;2016;592;2016
3769;2016;1584;2016
8008;2016;2242;2016
3090;2016;816;2016
5764;2016;724;2016
7367;2016;3745;2016
4154;2016;3613;2016
1783;2016;1326;2016
4348;2016;2145;2016
1757;2016;6237;2016
4792;2016;1157;2016
0766;2016;13235;2016
6164;2016;1335;2016
9687;2016;3966;2016
2019;2016;1006;2016
1173;2016;788;2016
1681;2016;189;2016
9060;2016;4020;2016
1325;2016;1100;2016
1511;2016;659;2016
5448;2016;2025;2016
1231;2016;6591;2016
0502;2016;6966;2016
6292;2016;3657;2016
1407;2016;1957;2016
6798;2016;2773;2016
8183;2016;2847;2016
9963;2016;1279;2016
1634;2016;975;2016
9764;2016;12599;2016
1676;2016;1513;2016
6740;2016;4612;2016
7814;2016;899;2016
3859;2016;3042;2016
1175;2016;9217;2016
9740;2016;1385;2016
9173;2016;4569;2016
2623;2016;3921;2016
0755;2016;1684;2016
7618;2016;2097;2016
0270;2016;2654;2016
5246;2016;5002;2016
1331;2016;10748;2016
1260;2016;7334;2016
5008;2016;6307;2016
6669;2016;855;2016
0737;2016;2863;2016
2643;2016;1022;2016
6016;2016;1332;2016
5170;2016;3920;2016
2458;2016;8566;2016
2280;2016;7304;2016
9304;2016;5689;2016
9268;2016;4415;2016
3165;2016;59195;2016
2395;2016;2912;2016
7015;2016;9391;2016
5732;2016;3647;2016
2307;2016;2651;2016
8901;2016;1322;2016
0870;2016;3604;2016
3155;2016;2075;2016
4530;2016;6262;2016
3276;2016;9896;2016
8595;2016;35054;2016
9816;2016;8086;2016
0752;2016;2867;2016
1638;2016;3696;2016
0815;2016;3389;2016
8900;2016;960;2016
8750;2016;32309;2016
9760;2016;5630;2016
1421;2016;1247;2016
2217;2016;6441;2016
6783;2016;36929;2016
6320;2016;1787;2016
5780;2016;12439;2016
4124;2016;2525;2016
9092;2016;2993;2016
4873;2016;7602;2016
0626;2016;22392;2016
2257;2016;16800;2016
1009;2016;8178;2016
2987;2016;12673;2016
5006;2016;11541;2016
3693;2016;4470;2016
5210;2016;18666;2016
3715;2016;5848;2016
6663;2016;3252;2016
5594;2016;7975;2016
1674;2016;2425;2016
2752;2016;6346;2016
5212;2016;1310;2016
5183;2016;4561;2016
6678;2016;40054;2016
9909;2016;4365;2016
6292;2016;1390;2016
6333;2016;922;2016
9464;2016;550;2016
5438;2016;4635;2016
2465;2016;62132;2016
1130;2016;3028;2016
3988;2016;4165;2016
0669;2016;74935;2016
0705;2016;1849;2016
5893;2016;11895;2016
6266;2016;2998;2016
5331;2016;1559;2016
4247;2016;10662;2016
8171;2016;26903;2016
2733;2016;1991;2016
9953;2016;11390;2016
7746;2016;22083;2016
8139;2016;5298;2016
9382;2016;6023;2016
7565;2016;6947;2016
5836;2016;1390;2016
3738;2016;3452;2016
8177;2016;1621;2016
0807;2016;8220;2016
7759;2016;4750;2016
1499;2016;5107;2016
7120;2016;12900;2016
1179;2016;4428;2016
2247;2016;4769;2016
1946;2016;5373;2016
0465;2016;1977;2016
7437;2016;27309;2016
2367;2016;3542;2016
3917;2016;13267;2016
5057;2016;13755;2016
8245;2016;2979;2016
5376;2016;21336;2016
1099;2016;6858;2016
2924;2016;7153;2016
1390;2016;776;2016
2777;2016;9271;2016
4134;2016;7696;2016
8920;2016;4830;2016
7242;2016;3513;2016
7058;2016;18116;2016
5219;2016;28689;2016
4413;2016;52119;2016
3333;2016;17864;2016
2208;2016;35058;2016
3264;2016;27477;2016
2753;2016;23623;2016
8569;2016;19006;2016
4172;2016;5132;2016
3735;2016;37574;2016
5540;2016;4947;2016
2097;2016;4557;2016
9022;2016;3180;2016
8952;2016;298452;2016
1599;2016;9407;2016
3544;2016;27199;2016
0163;2016;13038;2016
1486;2016;25830;2016
4453;2016;2993;2016
2466;2016;5327;2016
9571;2016;3827;2016
8462;2016;13914;2016
3066;2016;31019;2016
4748;2016;7280;2016
6713;2016;1063;2016
3175;2016;5086;2016
3009;2016;4694;2016
6868;2016;49393;2016
6999;2016;12229;2016
6505;2016;7448;2016
7851;2016;16553;2016
6802;2016;47522;2016
2394;2016;14248;2016
5431;2016;4032;2016
3861;2016;3118;2016
4331;2016;10689;2016
6137;2016;10803;2016
2139;2016;14449;2016
6313;2016;2619;2016
8496;2016;22717;2016
6490;2016;11735;2016
8122;2016;3191;2016
2721;2016;7839;2016
1180;2016;9397;2016
8595;2016;1561;2016
2767;2016;7514;2016
0259;2016;8459;2016
3092;2016;16806;2016
1562;2016;10861;2016
4902;2016;20250;2016
5218;2016;7790;2016
0944;2016;8518;2016
7508;2016;6079;2016
8653;2016;9521;2016
7833;2016;4044;2016
7004;2016;3687;2016
5280;2016;3925;2016
4684;2016;10816;2016
3740;2016;8167;2016
4008;2016;30470;2016
6296;2016;3004;2016
7530;2016;16041;2016
3698;2016;54198;2016
5500;2016;2983;2016
3764;2016;19226;2016
6595;2016;72061;2016
0850;2016;10655;2016
7215;2016;26779;2016
4725;2016;63076;2016
1579;2016;35382;2016
5914;2016;31279;2016
8310;2016;1949;2016
0509;2016;1043;2016
0628;2016;7051;2016
9089;2016;17264;2016
6155;2016;799;2016
8976;2016;2461;2016
4772;2016;21954;2016
2007;2016;12652;2016
7816;2016;23215;2016
4172;2016;13471;2016
9841;2016;23706;2016
9828;2016;21733;2016
5343;2016;8703;2016
4685;2016;21059;2016
7754;2016;121186;2016
0204;2016;8037;2016
3295;2016;8653;2016
0908;2016;3845;2016
9227;2016;11935;2016
3046;2016;1507;2016
9892;2016;1858;2016
4113;2016;42453;2016
8902;2016;652;2016
1886;2016;778;2016
8505;2016;13139;2016
2509;2016;557;2016
4460;2016;1859;2016
8768;2016;2753;2016
7940;2016;415;2016
8441;2016;975;2016
5393;2016;3541;2016
7440;2016;3424;2016
8973;2016;757;2016
7583;2016;289;2016
7144;2016;688;2016
8381;2016;3855;2016
8314;2016;943;2016
6697;2016;505;2016
0770;2016;931;2016
8371;2016;4114;2016
0464;2016;715;2016
3436;2016;5932;2016
2502;2016;434;2016
6116;2016;1640;2016
3907;2016;1316;2016
1704;2016;840;2016
4001;2016;398;2016
0608;2016;1533;2016
0662;2016;538;2016
1904;2016;857;2016
6867;2016;502;2016
4578;2016;8659;2016
8495;2016;917;2016
0129;2016;10980;2016
0697;2016;1871;2016
5852;2016;2550;2016
6434;2016;618;2016
9593;2016;513;2016
3858;2016;110;2016
8220;2016;2435;2016
8547;2016;1912;2016
2256;2016;855;2016
8938;2016;811;2016
9467;2016;1384;2016
3750;2016;2734;2016
6361;2016;58858;2016
4655;2016;4184;2016
6111;2016;3312;2016
0310;2016;3038;2016
0898;2016;5827;2016
1279;2016;10628;2016
3942;2016;634;2016
4411;2016;4136;2016
8777;2016;3085;2016
8803;2016;2364;2016
2684;2016;4515;2016
5108;2016;22163;2016
7714;2016;2623;2016
1002;2016;732;2016
5953;2016;547;2016
1899;2016;1162;2016
2847;2016;5201;2016
0333;2016;126520;2016
5057;2016;1344;2016
5828;2016;161;2016
3396;2016;7237;2016
4487;2016;875;2016
0106;2016;14573;2016
8176;2016;13990;2016
2444;2016;2979;2016
2376;2016;2404;2016
5029;2016;974;2016
0008;2016;2265;2016
1853;2016;1571;2016
8063;2016;2988;2016
7367;2016;4364;2016
6815;2016;2304;2016
9539;2016;4291;2016
2468;2016;2281;2016
3026;2016;1840;2016
4089;2016;1722;2016
4285;2016;2437;2016
5196;2016;3426;2016
6928;2016;1522;2016
8773;2016;594;2016
9701;2016;1390;2016
3115;2016;742;2016
0430;2016;1555;2016
9960;2016;2110;2016
2785;2016;5095;2016
5989;2016;4843;2016
5753;2016;1293;2016
4860;2016;2438;2016
9218;2016;1136;2016
8081;2016;816;2016
4258;2016;3962;2016
8973;2016;3616;2016
1022;2016;630;2016
3275;2016;528;2016
3679;2016;2836;2016
4346;2016;2621;2016
6755;2016;2133;2016
3270;2016;1339;2016
4978;2016;2348;2016
5328;2016;8588;2016
4099;2016;613;2016
6497;2016;553;2016
2661;2016;3914;2016
4345;2016;802;2016
4900;2016;1444;2016
5300;2016;2428;2016
0587;2016;2650;2016
1613;2016;1303;2016
1320;2016;2257;2016
2988;2016;2300;2016
4051;2016;3191;2016
1687;2016;5308;2016
1146;2016;512;2016
3735;2016;1295;2016
1494;2016;513;2016
4437;2016;1689;2016
8669;2016;2192;2016
7146;2016;1387;2016
7633;2016;10096;2016
8294;2016;2540;2016
8037;2016;1815;2016
7317;2016;312;2016
0590;2016;36039;2016
7374;2016;7066;2016
2372;2016;1288;2016
8209;2016;876;2016
9700;2016;381;2016
1843;2016;742;2016
6734;2016;916;2016
4318;2016;2873;2016
5957;2016;4214;2016
9957;2016;6959;2016
1765;2016;2034;2016
8335;2016;1159;2016
4462;2016;2338;2016
6759;2016;255;2016
8140;2016;777;2016
0708;2016;2298;2016
8474;2016;1599;2016
7449;2016;1911;2016
7669;2016;2937;2016
7148;2016;1708;2016
9345;2016;2159;2016
5657;2016;1720;2016
4124;2016;11584;2016
0512;2016;1678;2016
6731;2016;1033;2016
6501;2016;3910;2016
8006;2016;671;2016
3156;2016;494;2016
0143;2016;1993;2016
5027;2016;2830;2016
2850;2016;10821;2016
9802;2016;1122;2016
4109;2016;1457;2016
6349;2016;1232;2016
3230;2016;564;2016
3510;2016;3251;2016
3890;2016;1905;2016
7001;2016;340;2016
1723;2016;26385;2016
5839;2016;151352;2016
4888;2016;22900;2016
7167;2016;8135;2016
3687;2016;7834;2016
9157;2016;7260;2016
4102;2016;69583;2016
8293;2016;5234;2016
6857;2016;29194;2016
2851;2016;20687;2016
2940;2016;6739;2016
9080;2016;17027;2016
7065;2016;8589;2016
8870;2016;2105;2016
9315;2016;13217;2016
0545;2016;9355;2016
4217;2016;19769;2016
9502;2016;257;2016
3112;2016;1284;2016
3483;2016;8823;2016
3378;2016;15594;2016
4107;2016;249;2016
1193;2016;9265;2016
3582;2016;2547;2016
7946;2016;6431;2016
4660;2016;8447;2016
4812;2016;854;2016
5962;2016;1502;2016
4461;2016;5132;2016
8511;2016;379;2016
9013;2016;951;2016
3078;2016;374;2016
3393;2016;17875;2016
0182;2016;2781;2016
4192;2016;383;2016
2629;2016;1521;2016
7555;2016;11601;2016
4018;2016;12240;2016
9870;2016;596;2016
4596;2016;11662;2016
5906;2016;1554;2016
8802;2016;4396;2016
5331;2016;2812;2016
5945;2016;7573;2016
9508;2016;1503;2016
6887;2016;3153;2016
5333;2016;15164;2016
2114;2016;50869;2016
9602;2016;8378;2016
2091;2016;3429;2016
8565;2016;5933;2016
7407;2016;19722;2016
1525;2016;4576;2016
9790;2016;1448;2016
7586;2016;4315;2016
8809;2016;15005;2016
7045;2016;2222;2016
6729;2016;6264;2016
8756;2016;12011;2016
1433;2016;319;2016
5471;2016;371;2016
3790;2016;1786;2016
7145;2016;758;2016
6768;2016;1351;2016
5349;2016;8420;2016
5859;2016;1664;2016
6750;2016;3962;2016
5139;2016;418;2016
8489;2016;5150;2016
8009;2016;724;2016
3167;2016;752;2016
6380;2016;779;2016
5447;2016;903;2016
5624;2016;1347;2016
4292;2016;1158;2016
8083;2016;339;2016
7064;2016;1663;2016
3894;2016;164;2016
9784;2016;518;2016
1987;2016;109;2016
7896;2016;1275;2016
8538;2016;227;2016
4723;2016;924;2016
2497;2016;1347;2016
4296;2016;193;2016
8761;2016;632;2016
5616;2016;686;2016
1728;2016;1895;2016
8862;2016;3167;2016
1501;2016;21515;2016
3726;2016;663;2016
7115;2016;1022;2016
3511;2016;1803;2016
1461;2016;1027;2016
4490;2016;2469;2016
0189;2016;526;2016
2123;2016;2220;2016
9625;2016;1663;2016
7337;2016;841;2016
8320;2016;276;2016
5840;2016;462;2016
4436;2016;732;2016
4825;2016;332;2016
7364;2016;668;2016
6597;2016;2302;2016
2126;2016;1117;2016
6623;2016;918;2016
6049;2016;541;2016
3409;2016;1129;2016
9457;2016;502;2016
9289;2016;1516;2016
1965;2016;656;2016
5895;2016;367;2016
0760;2016;273;2016
9353;2016;663;2016
3179;2016;738;2016
3166;2016;2395;2016
7037;2016;687;2016
4518;2016;11104;2016
8469;2016;2688;2016
2051;2016;450;2016
8673;2016;266;2016
4520;2016;1430;2016
3604;2016;362;2016
7921;2016;3915;2016
5295;2016;867;2016
3723;2016;390;2016
3433;2016;346;2016
5735;2016;83;2016
0966;2016;1307;2016
5116;2016;639;2016
2197;2016;688;2016
7239;2016;148;2016
4117;2016;1597;2016
5886;2016;155;2016
0266;2016;1291;2016
2534;2016;9161;2016
5970;2016;2662;2016
4817;2016;889;2016
4597;2016;4497;2016
8205;2016;481;2016
4582;2016;767;2016
6423;2016;903;2016
2346;2016;4799;2016
6808;2016;1070;2016
6691;2016;1554;2016
0619;2016;437;2016
9861;2016;4123;2016
1972;2016;722;2016
5004;2016;1766;2016
0142;2016;694;2016
1807;2016;1231;2016
5715;2016;484;2016
9653;2016;1781;2016
8665;2016;360;2016
4698;2016;1227;2016
5723;2016;30987;2016
3276;2016;1527;2016
8160;2016;303;2016
8471;2016;2228;2016
3157;2016;255;2016
1091;2016;2139;2016
4581;2016;662;2016
2826;2016;3039;2016
3569;2016;2640;2016
2151;2016;4812;2016
0500;2016;349;2016
7954;2016;2373;2016
4749;2016;2502;2016
4676;2016;1519;2016
4524;2016;2125;2016
8527;2016;1769;2016
0628;2016;439;2016
6128;2016;186;2016
1726;2016;923;2016
3563;2016;821;2016
3786;2016;327;2016
8199;2016;2240;2016
7514;2016;534;2016
0044;2016;227;2016
8589;2016;2397;2016
3402;2016;375;2016
0943;2016;153;2016
9709;2016;10229;2016
7998;2016;969;2016
5843;2016;1145;2016
8464;2016;564;2016
2388;2016;2866;2016
0735;2016;777;2016
6098;2016;301;2016
7001;2016;1637;2016
6511;2016;315;2016
8094;2016;1139;2016
5607;2016;1068;2016
9310;2016;362;2016
1807;2016;312;2016
2425;2016;120;2016
0155;2016;7906;2016
8744;2016;441;2016
7513;2016;1870;2016
0198;2016;635;2016
4744;2016;169;2016
1594;2016;487;2016
7228;2016;203;2016
4624;2016;1092;2016
8487;2016;247;2016
7826;2016;334;2016
8868;2016;3220;2016
3890;2016;1166;2016
6883;2016;44675;2016
8452;2016;926;2016
3451;2016;896;2016
4533;2016;2057;2016
5573;2016;137;2016
2001;2016;350;2016
8025;2016;1167;2016
1210;2016;7492;2016
5955;2016;188;2016
8608;2016;408;2016
9021;2016;834;2016
6248;2016;3593;2016
5718;2016;627;2016
9876;2016;2895;2016
7819;2016;1844;2016
7338;2016;14611;2016
6006;2016;1516;2016
6492;2016;472;2016
0694;2016;703;2016
7415;2016;522;2016
4984;2016;3797;2016
2559;2016;121;2016
1389;2016;1535;2016
5560;2016;405;2016
6095;2016;546;2016
0732;2016;2087;2016
3092;2016;510;2016
6678;2016;608;2016
5025;2016;3784;2016
3909;2016;1402;2016
0973;2016;607;2016
5683;2016;996;2016
0645;2016;3941;2016
1503;2016;2800;2016
1575;2016;1456;2016
5913;2016;507;2016
7505;2016;186;2016
2169;2016;2099;2016
0519;2016;3791;2016
3050;2016;1252;2016
2497;2016;2441;2016
1846;2016;2125;2016
8442;2016;1421;2016
8493;2016;1512;2016
6512;2016;891;2016
0230;2016;104;2016
6112;2016;1625;2016
0298;2016;588;2016
5152;2016;1997;2016
2224;2016;2688;2016
1400;2016;90;2016
3313;2016;705;2016
7379;2016;1376;2016
0670;2016;774;2016
7187;2016;1077;2016
2354;2016;941;2016
9799;2016;286;2016
3143;2016;2486;2016
7712;2016;218;2016
4709;2016;5653;2016
6768;2016;2450;2016
6653;2016;218;2016
1045;2016;3331;2016
2572;2016;1004;2016
4058;2016;484;2016
5859;2016;1275;2016
3978;2016;7835;2016
6991;2016;351;2016
8731;2016;192;2016
2610;2016;1436;2016
9495;2016;401;2016
4736;2016;1204;2016
6137;2016;1051;2016
2316;2016;1490;2016
7749;2016;2744;2016
2053;2016;515;2016
6724;2016;3208;2016
2859;2016;2834;2016
9795;2016;2312;2016
0377;2016;4052;2016
5617;2016;2419;2016
6195;2016;5107;2016
3496;2016;1357;2016
2278;2016;3247;2016
8240;2016;3430;2016
9534;2016;4594;2016
1176;2016;2827;2016
5889;2016;5288;2016
1002;2016;13817;2016
7853;2016;1441;2016
7127;2016;825;2016
6640;2016;12807;2016
5476;2016;4353;2016
7243;2016;477;2016
5941;2016;2599;2016
7419;2016;3888;2016
6953;2016;2356;2016
2704;2016;3862;2016
0639;2016;7773;2016
3179;2016;1719;2016
7688;2016;1188;2016
6179;2016;4869;2016
8068;2016;245;2016
8932;2016;1741;2016
1833;2016;1556;2016
6954;2016;2637;2016
2583;2016;2498;2016
6556;2016;326;2016
4193;2016;1228;2016
2005;2016;718;2016
0526;2016;755;2016
6446;2016;8526;2016
4965;2016;2433;2016
3023;2016;2716;2016
1445;2016;2412;2016
0331;2016;1991;2016
6052;2016;122;2016
1348;2016;48109;2016
2384;2016;2144;2016
9135;2016;4948;2016
8954;2016;4200;2016
3309;2016;10332;2016
5859;2016;387;2016
0634;2016;14502;2016
5189;2016;8644;2016
4294;2016;473;2016
1193;2016;3566;2016
0584;2016;1925;2016
7993;2016;2634;2016
6072;2016;4156;2016
7102;2016;34;2016
5135;2016;3696;2016
9575;2016;8846;2016
0910;2016;6419;2016
0004;2016;6998;2016
6963;2016;1238;2016
4936;2016;4753;2016
5630;2016;3895;2016
1968;2016;357;2016
9972;2016;144;2016
7839;2016;1980;2016
6837;2016;944;2016
1001;2016;2212;2016
6353;2016;2268;2016
4254;2016;2277;2016
7003;2016;6277;2016
8248;2016;3143;2016
8344;2016;2199;2016
2057;2016;2365;2016
2907;2016;2798;2016
1084;2016;168;2016
6290;2016;1786;2016
7516;2016;539;2016
9668;2016;2075;2016
7081;2016;161;2016
2463;2016;3470;2016
5992;2016;11578;2016
5679;2016;785;2016
7993;2016;303;2016
1157;2016;2826;2016
6085;2016;307;2016
6049;2016;2107;2016
4653;2016;5650;2016
7846;2016;4648;2016
1986;2016;289;2016
8317;2016;1126;2016
1303;2016;1725;2016
6411;2016;4302;2016
5038;2016;2412;2016
0835;2016;2602;2016
7726;2016;654;2016
7506;2016;2931;2016
7138;2016;3142;2016
6122;2016;15079;2016
0043;2016;1553;2016
6782;2016;3022;2016
3232;2016;1609;2016
9782;2016;4642;2016
0381;2016;2732;2016
0970;2016;821;2016
0980;2016;2208;2016
0688;2016;2164;2016
8695;2016;15564;2016
8023;2016;2245;2016
6998;2016;2886;2016
9361;2016;1154;2016
5317;2016;214;2016
6782;2016;1573;2016
0319;2016;2250;2016
3971;2016;2303;2016
0109;2016;1219;2016
9213;2016;2597;2016
4374;2016;2653;2016
3711;2016;2509;2016
3786;2016;44214;2016
4503;2016;7449;2016
7452;2016;72;2016
2472;2016;1409;2016
8334;2016;3092;2016
2024;2016;1736;2016
4767;2016;4462;2016
3856;2016;448;2016
7302;2016;1735;2016
5212;2016;2288;2016
5790;2016;5717;2016
7830;2016;2106;2016
4968;2016;1954;2016
5250;2016;1405;2016
2653;2016;1765;2016
3749;2016;2590;2016
9657;2016;1834;2016
1484;2016;3666;2016
5620;2016;3502;2016
0529;2016;12980;2016
5321;2016;1909;2016
7459;2016;1982;2016
0154;2016;1911;2016
8190;2016;3793;2016
8206;2016;3346;2016
0684;2016;5978;2016
2567;2016;907;2016
3773;2016;1541;2016
0146;2016;1665;2016
4986;2016;1826;2016
8824;2016;7224;2016
1698;2016;19290;2016
1953;2016;17160;2016
7666;2016;10448;2016
8499;2016;1145;2016
3450;2016;13182;2016
8400;2016;1402;2016
3216;2016;2279;2016
9373;2016;1005;2016
4400;2016;6958;2016
5208;2016;34842;2016
7915;2016;147393;2016
2646;2016;3051;2016
6958;2016;5508;2016
3734;2016;9360;2016
0587;2016;22013;2016
3019;2016;10020;2016
6767;2016;403;2016
2755;2016;826;2016
8381;2016;7091;2016
8034;2016;2847;2016
1360;2016;2912;2016
7408;2016;2121;2016
5887;2016;1098;2016
7351;2016;5170;2016
3479;2016;6796;2016
6224;2016;3111;2016
4275;2016;14396;2016
7758;2016;18432;2016
9995;2016;9851;2016
3521;2016;192974;2016
1088;2016;9837;2016
3768;2016;6005;2016
3109;2016;2188;2016
3762;2016;1623;2016
7254;2016;671;2016
6721;2016;2668;2016
0630;2016;984;2016
9655;2016;1113;2016
0449;2016;2774;2016
6808;2016;14676;2016
2012;2016;5475;2016
9947;2016;61811;2016
4250;2016;3062;2016
6858;2016;10409;2016
6438;2016;17461;2016
6315;2016;3443;2016
7896;2016;6444;2016
4826;2016;1213;2016
3481;2016;9146;2016
8880;2016;3320;2016
9243;2016;5621;2016
9108;2016;2114;2016
8517;2016;829;2016
3117;2016;2096;2016
9212;2016;1263;2016
2595;2016;3066;2016
5577;2016;6505;2016
3549;2016;836;2016
6322;2016;1824;2016
2495;2016;2260;2016
3219;2016;1440;2016
9223;2016;4115;2016
6890;2016;733;2016
1225;2016;996;2016
9691;2016;3227;2016
4627;2016;1182;2016
4447;2016;2091;2016
5938;2016;2059;2016
0030;2016;2154;2016
5038;2016;5299;2016
8395;2016;1838;2016
8975;2016;1410;2016
6319;2016;1888;2016
7009;2016;1647;2016
2254;2016;2166;2016
8113;2016;4285;2016
6692;2016;1858;2016
1519;2016;3511;2016
9325;2016;2157;2016
6532;2016;6655;2016
4089;2016;728;2016
3653;2016;1669;2016
3029;2016;1265;2016
2468;2016;6079;2016
9491;2016;1289;2016
8879;2016;9127;2016
7004;2016;1116;2016
5057;2016;1022;2016
5378;2016;4845;2016
8427;2016;4541;2016
3367;2016;4206;2016
7892;2016;2170;2016
5345;2016;2542;2016
3959;2016;1307;2016
6586;2016;2996;2016
5725;2016;6659;2016
8328;2016;967;2016
5926;2016;1176;2016
4369;2016;2344;2016
6462;2016;808;2016
4235;2016;1453;2016
1798;2016;2482;2016
6604;2016;6274;2016
6406;2016;702;2016
2027;2016;1034;2016
5709;2016;32341;2016
3751;2016;744;2016
7735;2016;1743;2016
4549;2016;1969;2016
1815;2016;428;2016
6569;2016;418;2016
5995;2016;2004;2016
6126;2016;250;2016
1563;2016;108;2016
2735;2016;917;2016
4656;2016;466;2016
1002;2016;4867;2016
5046;2016;738;2016
1292;2016;536;2016
5514;2016;1493;2016
9948;2016;208;2016
2233;2016;694;2016
0676;2016;653;2016
9645;2016;1664;2016
4193;2016;936;2016
5335;2016;5153;2016
2565;2016;169;2016
5227;2016;3453;2016
0681;2016;267;2016
1858;2016;313;2016
6545;2016;600;2016
2573;2016;660;2016
2167;2016;731;2016
8738;2016;4537;2016
5753;2016;1397;2016
7884;2016;94;2016
8911;2016;18216;2016
6091;2016;1053;2016
3176;2016;132;2016
6467;2016;441;2016
8976;2016;188;2016
6546;2016;2406;2016
5784;2016;977;2016
2127;2016;7797;2016
2848;2016;215;2016
9219;2016;102;2016
1531;2016;240;2016
5680;2016;563;2016
4114;2016;393;2016
1763;2016;1414;2016
3537;2016;1511;2016
0549;2016;131;2016
9947;2016;2188;2016
1750;2016;355;2016
1483;2016;1252;2016
1708;2016;410;2016
7997;2016;863;2016
4390;2016;836;2016
3719;2016;15132;2016
9194;2016;3437;2016
3658;2016;1118;2016
5656;2016;1511;2016
6720;2016;2570;2016
8796;2016;751;2016
9024;2016;558;2016
1628;2016;1999;2016
3948;2016;254;2016
3739;2016;380;2016
1522;2016;761;2016
6756;2016;1300;2016
7054;2016;1269;2016
3592;2016;4790;2016
7687;2016;729;2016
9006;2016;401;2016
6013;2016;189;2016
7344;2016;1635;2016
8893;2016;1257;2016
7344;2016;400;2016
7665;2016;2029;2016
4934;2016;30700;2016
3806;2016;1208;2016
7332;2016;6600;2016
3834;2016;266;2016
6245;2016;1754;2016
0831;2016;309;2016
2176;2016;15127;2016
4676;2016;2092;2016
8631;2016;6250;2016
2455;2016;17826;2016
7560;2016;6926;2016
5372;2016;7297;2016
9338;2016;10899;2016
7578;2016;15383;2016
8948;2016;12068;2016
9323;2016;16843;2016
6128;2016;5994;2016
4121;2016;34184;2016
4317;2016;4270;2016
6337;2016;2053;2016
9166;2016;17541;2016
4702;2016;7262;2016
3932;2016;7319;2016
0780;2016;6538;2016
5157;2016;37686;2016
9549;2016;8529;2016
5081;2016;15501;2016
5060;2016;2917;2016
7540;2016;41702;2016
2805;2016;25806;2016
3139;2016;7769;2016
1171;2016;8462;2016
2860;2016;34848;2016
2958;2016;45336;2016
1826;2016;7355;2016
3083;2016;22939;2016
3185;2016;4363;2016
1093;2016;5464;2016
0867;2016;123432;2016
4764;2016;23422;2016
8456;2016;22985;2016
8844;2016;4922;2016
8878;2016;4064;2016
9685;2016;3436;2016
0449;2016;44968;2016
4024;2016;23025;2016
2630;2016;8290;2016
2018;2016;4174;2016
3378;2016;8806;2016
7508;2016;10199;2016
8480;2016;13290;2016
9793;2016;7507;2016
5554;2016;4367;2016
5184;2016;9177;2016
8648;2016;13841;2016
7181;2016;25899;2016
7763;2016;6717;2016
0384;2016;5190;2016
8153;2016;10669;2016
9782;2016;15808;2016
1611;2016;4530;2016
9725;2016;3383;2016
4940;2016;3603;2016
5319;2016;632;2016
2112;2016;1928;2016
6124;2016;3343;2016
5320;2016;37200;2016
2041;2016;948;2016
2618;2016;3380;2016
9249;2016;1186;2016
9294;2016;1438;2016
7274;2016;933;2016
7625;2016;642;2016
4054;2016;1685;2016
9920;2016;426;2016
6156;2016;1149;2016
5337;2016;792;2016
4458;2016;6802;2016
4183;2016;12864;2016
2142;2016;383;2016
6262;2016;764;2016
9216;2016;371;2016
2351;2016;2188;2016
4509;2016;2445;2016
7156;2016;8252;2016
1670;2016;439;2016
9490;2016;732;2016
3789;2016;984;2016
3504;2016;580;2016
0749;2016;779;2016
8470;2016;2781;2016
0023;2016;2305;2016
2677;2016;1649;2016
7932;2016;16025;2016
1256;2016;25764;2016
6456;2016;2099;2016
1790;2016;1328;2016
5172;2016;17115;2016
4918;2016;2311;2016
2924;2016;363;2016
9329;2016;2020;2016
8821;2016;99713;2016
3513;2016;93930;2016
2439;2016;54948;2016
9317;2016;29966;2016
6977;2016;11705;2016
4065;2016;8928;2016
2298;2016;14314;2016
0052;2016;6495;2016
4118;2016;55921;2016
7657;2016;14650;2016
1174;2016;6267;2016
7539;2016;473;2016
6242;2016;804;2016
2269;2016;1132;2016
3994;2016;1268;2016
3317;2016;1060;2016
8516;2016;2811;2016
0599;2016;2894;2016
5415;2016;27869;2016
1010;2016;6122;2016
8877;2016;1661;2016
8264;2016;840;2016
7736;2016;4359;2016
3042;2016;9696;2016
1360;2016;1656;2016
5920;2016;6225;2016
3087;2016;2082;2016
0356;2016;2203;2016
7598;2016;586;2016
7428;2016;651;2016
1820;2016;2873;2016
1114;2016;1621;2016
7929;2016;833;2016
5149;2016;334;2016
1778;2016;1219;2016
6223;2016;845;2016
8295;2016;1244;2016
4364;2016;2042;2016
5982;2016;484;2016
0554;2016;4983;2016
1869;2016;6584;2016
8014;2016;992;2016
5101;2016;2659;2016
6654;2016;11856;2016
2299;2016;26656;2016
8361;2016;2677;2016
0416;2016;236;2016
5853;2016;1701;2016
0144;2016;2165;2016
6861;2016;1313;2016
7868;2016;4557;2016
5065;2016;5236;2016
2739;2016;1536;2016
8744;2016;3251;2016
8991;2016;918;2016
7617;2016;1267;2016
1794;2016;2527;2016
6723;2016;2163;2016
5918;2016;1555;2016
5932;2016;2265;2016
6259;2016;957;2016
4236;2016;2760;2016
1381;2016;619;2016
4953;2016;1454;2016
9677;2016;1168;2016
8946;2016;855;2016
0899;2016;5113;2016
6103;2016;963;2016
0434;2016;5108;2016
1592;2016;1661;2016
6243;2016;1235;2016
3983;2016;8597;2016
3709;2016;5966;2016
5145;2016;766;2016
2413;2016;8250;2016
6382;2016;3636;2016
2252;2016;8459;2016
4841;2016;3433;2016
1629;2016;1793;2016
6787;2016;2733;2016
8946;2016;11155;2016
2294;2016;4074;2016
6918;2016;1207;2016
3934;2016;1361;2016
2889;2016;4852;2016
7060;2016;2665;2016
8383;2016;9071;2016
7842;2016;4853;2016
1826;2016;646;2016
7682;2016;153;2016
2049;2016;1301;2016
7880;2016;835;2016
0203;2016;645;2016
8443;2016;3854;2016
3587;2016;1192;2016
3871;2016;1970;2016
7937;2016;1897;2016
1982;2016;1104;2016
1839;2016;3593;2016
0024;2016;1086;2016
5857;2016;1015;2016
6009;2016;422;2016
8211;2016;4150;2016
7603;2016;544;2016
7509;2016;1936;2016
4750;2016;13801;2016
5293;2016;2698;2016
3876;2016;3606;2016
4494;2016;1092;2016
9328;2016;670;2016
5900;2016;1332;2016
4283;2016;1094;2016
3074;2016;4756;2016
3596;2016;1042;2016
9708;2016;3698;2016
7935;2016;6834;2016
1937;2016;2573;2016
