Codice Ripartizione geografica;Codice Regione;Codice Provincia (Storico);Codice Provincia/Uts;Codice Comune (alfanumerico);Codice Comune (numerico);Comune;Comune (dizione straniera);Sigla automobilistica;Capoluogo di Provincia/Uts;Capoluogo di Regione;Popolazione legale;Anno Censimento;Superficie (Kmq);Anno (Superficie);Popolazione residente;Anno (Popolazione residente)
1462;2015;2644;2015
7393;2015;3761;2015
3315;2015;464;2015
7314;2015;1728;2015
3796;2015;707;2015
8756;2015;6387;2015
6261;2015;260;2015
9193;2015;17335;2015
4860;2015;1991;2015
3085;2015;505;2015
8782;2015;887;2015
1668;2015;1090;2015
2172;2015;12459;2015
9605;2015;1307;2015
0859;2015;777;2015
0063;2015;3165;2015
5064;2015;555;2015
4054;2015;3701;2015
7105;2015;119;2015
0289;2015;3198;2015
8027;2015;1585;2015
2030;2015;3200;2015
9864;2015;588;2015
7343;2015;18141;2015
5979;2015;3447;2015
0819;2015;562;2015
2234;2015;2134;2015
3261;2015;13393;2015
9648;2015;559;2015
4189;2015;3682;2015
3712;2015;802;2015
9617;2015;2225;2015
9190;2015;3151;2015
2914;2015;8585;2015
7585;2015;4628;2015
1350;2015;422;2015
9504;2015;470;2015
5701;2015;8574;2015
3592;2015;1638;2015
5598;2015;1529;2015
6868;2015;1414;2015
4760;2015;1180;2015
0591;2015;1682;2015
0661;2015;6053;2015
0973;2015;6430;2015
2312;2015;3433;2015
4925;2015;7569;2015
1314;2015;6102;2015
0863;2015;1387;2015
1318;2015;1249;2015
8499;2015;5667;2015
9505;2015;277;2015
1953;2015;2549;2015
0319;2015;567;2015
4078;2015;2068;2015
5371;2015;920;2015
2579;2015;780;2015
6790;2015;9239;2015
7148;2015;28803;2015
1250;2015;1932;2015
1726;2015;1483;2015
3136;2015;3058;2015
7115;2015;18775;2015
4732;2015;1782;2015
2796;2015;2243;2015
7063;2015;9844;2015
3756;2015;435;2015
1345;2015;6450;2015
3285;2015;2352;2015
9591;2015;5543;2015
1595;2015;1807;2015
0516;2015;1074;2015
8147;2015;154;2015
7001;2015;965;2015
4478;2015;349;2015
6134;2015;1660;2015
0221;2015;2104;2015
1975;2015;36317;2015
1189;2015;206;2015
7549;2015;928;2015
9165;2015;1641;2015
2378;2015;26632;2015
1638;2015;388;2015
9345;2015;259;2015
1962;2015;343;2015
7329;2015;18732;2015
6872;2015;219;2015
8788;2015;1545;2015
5727;2015;3231;2015
0993;2015;49735;2015
3321;2015;334;2015
5894;2015;582;2015
1131;2015;4594;2015
4914;2015;3243;2015
2384;2015;512;2015
8709;2015;994;2015
7335;2015;7825;2015
3134;2015;9915;2015
5395;2015;8619;2015
5474;2015;275;2015
8499;2015;5147;2015
8931;2015;2292;2015
4091;2015;544;2015
0415;2015;2687;2015
3457;2015;830;2015
6427;2015;2362;2015
5003;2015;3460;2015
8185;2015;274;2015
9482;2015;1658;2015
1488;2015;2887;2015
4018;2015;571;2015
5108;2015;9357;2015
4442;2015;1205;2015
3833;2015;633;2015
7376;2015;16357;2015
8199;2015;3946;2015
9870;2015;694;2015
0935;2015;204;2015
3296;2015;996;2015
1321;2015;37482;2015
7506;2015;52;2015
0292;2015;740;2015
7716;2015;399;2015
5042;2015;396;2015
1075;2015;23443;2015
0353;2015;1772;2015
7929;2015;8850;2015
2876;2015;5057;2015
2900;2015;1492;2015
4355;2015;16108;2015
6753;2015;178;2015
9366;2015;1936;2015
3912;2015;446;2015
5173;2015;1505;2015
7158;2015;1746;2015
2096;2015;1040;2015
1914;2015;1178;2015
8835;2015;360;2015
7414;2015;7393;2015
0398;2015;507;2015
2585;2015;559;2015
1404;2015;1230;2015
3129;2015;443;2015
2593;2015;1356;2015
2587;2015;54;2015
0706;2015;3940;2015
6942;2015;691;2015
3424;2015;4178;2015
5439;2015;849;2015
6383;2015;1259;2015
4420;2015;79;2015
0871;2015;791;2015
0825;2015;420;2015
3332;2015;659;2015
6554;2015;349;2015
5288;2015;57171;2015
5007;2015;37;2015
6567;2015;744;2015
4681;2015;998;2015
3567;2015;3396;2015
9036;2015;5297;2015
3896;2015;873;2015
4895;2015;824;2015
5627;2015;47846;2015
0481;2015;136;2015
3530;2015;6917;2015
0743;2015;287;2015
6422;2015;8019;2015
5542;2015;537;2015
3030;2015;1501;2015
2078;2015;23205;2015
1541;2015;808;2015
4885;2015;1144;2015
5771;2015;936;2015
7857;2015;3292;2015
4058;2015;1214;2015
0819;2015;836;2015
8878;2015;2017;2015
6886;2015;455;2015
4056;2015;1083;2015
5400;2015;3893;2015
5680;2015;225;2015
1730;2015;3989;2015
0906;2015;3305;2015
7080;2015;541;2015
1830;2015;655;2015
0041;2015;776;2015
3498;2015;603;2015
4634;2015;15070;2015
7183;2015;3043;2015
3376;2015;35508;2015
8196;2015;8404;2015
6488;2015;3773;2015
1459;2015;18474;2015
9034;2015;3398;2015
0343;2015;1373;2015
6186;2015;10402;2015
5611;2015;1009;2015
0609;2015;3500;2015
4476;2015;1081;2015
2017;2015;770;2015
6092;2015;247;2015
8455;2015;1958;2015
4785;2015;260;2015
5052;2015;1273;2015
2419;2015;746;2015
8803;2015;535;2015
0380;2015;333;2015
9559;2015;358;2015
7879;2015;1041;2015
6658;2015;1810;2015
6002;2015;52;2015
8334;2015;1147;2015
1076;2015;19810;2015
8318;2015;4618;2015
5838;2015;2660;2015
2459;2015;12451;2015
8733;2015;1611;2015
4998;2015;48214;2015
5756;2015;3063;2015
1912;2015;1688;2015
7039;2015;2001;2015
2106;2015;2743;2015
2686;2015;313;2015
6877;2015;1870;2015
4075;2015;256;2015
3732;2015;850;2015
0650;2015;4852;2015
9371;2015;2402;2015
1002;2015;759;2015
9519;2015;1863;2015
3198;2015;585;2015
1034;2015;501;2015
8859;2015;75;2015
4330;2015;1583;2015
2318;2015;5989;2015
9068;2015;4054;2015
3809;2015;381;2015
3037;2015;557;2015
9796;2015;4963;2015
6513;2015;3707;2015
8616;2015;1860;2015
8866;2015;3121;2015
4049;2015;2631;2015
7366;2015;1037;2015
6132;2015;3405;2015
7933;2015;864;2015
3442;2015;10173;2015
5517;2015;18945;2015
4446;2015;1452;2015
1243;2015;267;2015
1520;2015;3151;2015
5766;2015;1924;2015
5719;2015;3588;2015
3683;2015;4734;2015
7945;2015;4306;2015
1983;2015;10774;2015
2772;2015;244;2015
3112;2015;1100;2015
6768;2015;3350;2015
0308;2015;840;2015
3557;2015;1470;2015
9158;2015;939;2015
0578;2015;490;2015
3660;2015;48314;2015
2604;2015;1567;2015
6785;2015;1024;2015
2140;2015;269;2015
4686;2015;6232;2015
9879;2015;6461;2015
6751;2015;785;2015
0091;2015;881643;2015
8238;2015;2872;2015
4545;2015;599;2015
0981;2015;4488;2015
4059;2015;3878;2015
2462;2015;119;2015
3597;2015;346;2015
4544;2015;514;2015
3475;2015;10978;2015
9669;2015;188;2015
5375;2015;208;2015
2292;2015;1458;2015
5253;2015;3873;2015
1200;2015;904;2015
0792;2015;775;2015
9094;2015;3144;2015
8527;2015;110;2015
5579;2015;810;2015
0929;2015;1474;2015
1435;2015;913;2015
4424;2015;33987;2015
4882;2015;4912;2015
9431;2015;1440;2015
0691;2015;812;2015
6453;2015;258;2015
9363;2015;847;2015
9677;2015;512;2015
1543;2015;5168;2015
7854;2015;4727;2015
0306;2015;1189;2015
4088;2015;3543;2015
7067;2015;2916;2015
4091;2015;997;2015
6868;2015;2029;2015
2927;2015;1076;2015
4228;2015;4098;2015
8767;2015;4758;2015
6941;2015;14781;2015
0573;2015;1210;2015
0748;2015;1315;2015
6817;2015;533;2015
1119;2015;1060;2015
4629;2015;15361;2015
9827;2015;8832;2015
0383;2015;411;2015
7804;2015;310;2015
5650;2015;2721;2015
3101;2015;913;2015
3156;2015;1416;2015
7885;2015;112;2015
8079;2015;228;2015
8058;2015;1975;2015
8706;2015;206;2015
5707;2015;2436;2015
0901;2015;12925;2015
2949;2015;2227;2015
2305;2015;176;2015
0776;2015;875;2015
1364;2015;237;2015
8004;2015;75;2015
1087;2015;1009;2015
0218;2015;1121;2015
1062;2015;845;2015
2050;2015;235;2015
6044;2015;308;2015
0488;2015;804;2015
5380;2015;47;2015
3078;2015;4565;2015
3878;2015;258;2015
2234;2015;97;2015
9676;2015;795;2015
8563;2015;250;2015
2233;2015;7804;2015
0162;2015;417;2015
4768;2015;1067;2015
1403;2015;195;2015
2424;2015;1157;2015
7629;2015;503;2015
6659;2015;8054;2015
5030;2015;874;2015
8817;2015;347;2015
0875;2015;349;2015
6440;2015;538;2015
9701;2015;869;2015
5740;2015;522;2015
0280;2015;4445;2015
6672;2015;829;2015
9178;2015;94;2015
1818;2015;1402;2015
7150;2015;797;2015
5035;2015;809;2015
5270;2015;248;2015
9396;2015;1182;2015
2949;2015;332;2015
3517;2015;1304;2015
6903;2015;142;2015
5976;2015;201;2015
1782;2015;567;2015
5388;2015;703;2015
1560;2015;4151;2015
9022;2015;394;2015
2698;2015;73;2015
0226;2015;58;2015
3032;2015;106;2015
2702;2015;135;2015
1321;2015;259;2015
4089;2015;464;2015
9160;2015;2382;2015
4754;2015;564;2015
8379;2015;180;2015
2681;2015;975;2015
8536;2015;58;2015
1875;2015;217;2015
7766;2015;123;2015
5982;2015;4053;2015
6327;2015;1679;2015
1294;2015;8463;2015
5335;2015;378;2015
2544;2015;384;2015
9053;2015;5006;2015
3140;2015;1234;2015
2491;2015;742;2015
6054;2015;7170;2015
7508;2015;3529;2015
4259;2015;2048;2015
1193;2015;7237;2015
7743;2015;46644;2015
5109;2015;452;2015
5822;2015;1586;2015
2573;2015;175;2015
5364;2015;1574;2015
9965;2015;850;2015
5154;2015;2165;2015
1698;2015;14050;2015
4928;2015;835;2015
1786;2015;9686;2015
4536;2015;1304;2015
6080;2015;1274;2015
5097;2015;1297;2015
3043;2015;1179;2015
0913;2015;2062;2015
2699;2015;21520;2015
3738;2015;5098;2015
7479;2015;2972;2015
7562;2015;1192;2015
3213;2015;2554;2015
9850;2015;10961;2015
6557;2015;2533;2015
0407;2015;987;2015
5310;2015;923;2015
4901;2015;1526;2015
4849;2015;860;2015
7918;2015;344;2015
6411;2015;9820;2015
4855;2015;386;2015
8335;2015;1232;2015
3261;2015;1334;2015
6332;2015;6804;2015
1618;2015;425;2015
4493;2015;1237;2015
1035;2015;1642;2015
5068;2015;2625;2015
0977;2015;1476;2015
2522;2015;2525;2015
2147;2015;2035;2015
1702;2015;2635;2015
3662;2015;15478;2015
0494;2015;1408;2015
7542;2015;1847;2015
2884;2015;3395;2015
6442;2015;3646;2015
5821;2015;5548;2015
5208;2015;1402;2015
3337;2015;4519;2015
3717;2015;4413;2015
2834;2015;580;2015
5806;2015;2263;2015
6587;2015;1681;2015
8541;2015;238;2015
7879;2015;1592;2015
8639;2015;1074;2015
5349;2015;2480;2015
7187;2015;1213;2015
5210;2015;817;2015
5907;2015;2531;2015
2651;2015;1837;2015
3421;2015;782;2015
0492;2015;103477;2015
7943;2015;13985;2015
9351;2015;2035;2015
6500;2015;1147;2015
2272;2015;2151;2015
1345;2015;1007;2015
0713;2015;1380;2015
7659;2015;790;2015
8653;2015;1468;2015
2966;2015;2204;2015
1260;2015;1898;2015
8526;2015;937;2015
9764;2015;3983;2015
6906;2015;5556;2015
5099;2015;3028;2015
4512;2015;717;2015
8992;2015;1960;2015
5352;2015;561;2015
7543;2015;1472;2015
3719;2015;760;2015
9144;2015;1069;2015
3271;2015;2800;2015
4632;2015;464;2015
2408;2015;883;2015
2224;2015;20372;2015
0123;2015;1007;2015
6120;2015;4930;2015
8717;2015;1862;2015
7798;2015;2074;2015
2939;2015;883;2015
4636;2015;545;2015
5276;2015;164;2015
9173;2015;251;2015
5853;2015;31356;2015
5899;2015;249;2015
4616;2015;127;2015
2591;2015;81;2015
9174;2015;201;2015
9490;2015;1030;2015
2505;2015;6039;2015
3257;2015;1077;2015
7637;2015;669;2015
9923;2015;7686;2015
6892;2015;749;2015
0006;2015;670;2015
1195;2015;220;2015
6865;2015;3427;2015
0700;2015;111;2015
0030;2015;370;2015
9673;2015;3688;2015
4389;2015;471;2015
1118;2015;72;2015
8445;2015;4092;2015
2409;2015;92;2015
4778;2015;379;2015
3397;2015;12477;2015
5405;2015;177;2015
5453;2015;677;2015
9483;2015;9815;2015
5298;2015;29639;2015
2376;2015;316;2015
1796;2015;39;2015
1240;2015;286;2015
0639;2015;1105;2015
8443;2015;10135;2015
6378;2015;632;2015
6114;2015;201;2015
8655;2015;5661;2015
4476;2015;80;2015
5018;2015;104;2015
6759;2015;6879;2015
3287;2015;3022;2015
3047;2015;1128;2015
8380;2015;4495;2015
4192;2015;189;2015
8066;2015;1496;2015
1148;2015;2168;2015
9513;2015;154;2015
3404;2015;295;2015
1301;2015;1339;2015
8584;2015;330;2015
8028;2015;937;2015
5178;2015;314;2015
3070;2015;64;2015
2621;2015;141;2015
7202;2015;691;2015
6345;2015;902;2015
5227;2015;479;2015
4378;2015;637;2015
5946;2015;5508;2015
1052;2015;103;2015
4848;2015;6951;2015
0496;2015;2074;2015
1423;2015;445;2015
2419;2015;5024;2015
5961;2015;2225;2015
1656;2015;5760;2015
5351;2015;9067;2015
0188;2015;3664;2015
1219;2015;189;2015
9034;2015;86;2015
1508;2015;821;2015
0878;2015;2115;2015
9874;2015;2324;2015
5398;2015;958;2015
3423;2015;3379;2015
1183;2015;416;2015
0529;2015;166;2015
6691;2015;55973;2015
3063;2015;2006;2015
5432;2015;3583;2015
6829;2015;4818;2015
9574;2015;7031;2015
2196;2015;94;2015
7314;2015;766;2015
9305;2015;2089;2015
4418;2015;1749;2015
0300;2015;486;2015
6666;2015;322;2015
1434;2015;24935;2015
1437;2015;771;2015
6433;2015;1538;2015
0106;2015;267;2015
9691;2015;586;2015
7412;2015;378;2015
2810;2015;3259;2015
7224;2015;2617;2015
9699;2015;308;2015
6769;2015;147;2015
9108;2015;2220;2015
8082;2015;1982;2015
4459;2015;3591;2015
4042;2015;74;2015
0784;2015;78;2015
7124;2015;1445;2015
1658;2015;2705;2015
8291;2015;484;2015
2004;2015;789;2015
2414;2015;789;2015
7390;2015;235;2015
8104;2015;1491;2015
2287;2015;201;2015
6562;2015;62;2015
5000;2015;2161;2015
2204;2015;2241;2015
0310;2015;1297;2015
7345;2015;3802;2015
9869;2015;3170;2015
3762;2015;1450;2015
1258;2015;68;2015
0258;2015;243;2015
2806;2015;749;2015
9056;2015;295;2015
0682;2015;239;2015
5111;2015;269;2015
3498;2015;612;2015
4382;2015;1309;2015
6796;2015;91;2015
9114;2015;1365;2015
9903;2015;582;2015
0516;2015;22350;2015
9330;2015;649;2015
2745;2015;2059;2015
8203;2015;4735;2015
5797;2015;567;2015
8403;2015;847;2015
6271;2015;769;2015
4303;2015;527;2015
1041;2015;240;2015
2211;2015;517;2015
6999;2015;1633;2015
9363;2015;268;2015
2358;2015;2278;2015
9934;2015;4133;2015
1919;2015;2081;2015
6758;2015;839;2015
3282;2015;968;2015
1826;2015;3454;2015
3028;2015;3387;2015
9261;2015;384;2015
5183;2015;369;2015
7070;2015;1049;2015
7055;2015;978;2015
8083;2015;432;2015
3592;2015;76;2015
4931;2015;1594;2015
0873;2015;82;2015
2693;2015;2797;2015
6797;2015;590;2015
5115;2015;302;2015
4249;2015;211;2015
8932;2015;293;2015
2155;2015;119;2015
9186;2015;5570;2015
5691;2015;344;2015
3103;2015;2210;2015
6214;2015;2797;2015
1856;2015;79;2015
0347;2015;1313;2015
3043;2015;993;2015
4774;2015;3348;2015
3146;2015;1158;2015
9229;2015;181;2015
2934;2015;251;2015
3851;2015;169;2015
0092;2015;578;2015
0306;2015;2016;2015
3754;2015;701;2015
3615;2015;459;2015
0562;2015;10014;2015
4700;2015;4267;2015
8436;2015;1080;2015
3520;2015;111;2015
8368;2015;111;2015
4212;2015;97;2015
0038;2015;2288;2015
8104;2015;495;2015
2989;2015;1590;2015
0152;2015;141;2015
4023;2015;1670;2015
6105;2015;2081;2015
2407;2015;747;2015
1492;2015;2761;2015
5076;2015;167;2015
3530;2015;1596;2015
5849;2015;400;2015
9004;2015;987;2015
9166;2015;912;2015
5091;2015;370;2015
5052;2015;552;2015
0742;2015;184;2015
3254;2015;1323;2015
6960;2015;700;2015
5902;2015;16840;2015
1392;2015;93;2015
9069;2015;1032;2015
8454;2015;181;2015
2618;2015;442;2015
5040;2015;3054;2015
7088;2015;2404;2015
1119;2015;2014;2015
4544;2015;2429;2015
0758;2015;2780;2015
5722;2015;3999;2015
1142;2015;1388;2015
7876;2015;21409;2015
3878;2015;199;2015
4979;2015;2169;2015
3908;2015;554;2015
8995;2015;321;2015
6012;2015;513;2015
6848;2015;367;2015
4155;2015;6364;2015
0935;2015;2798;2015
0956;2015;106;2015
2016;2015;2134;2015
1829;2015;201;2015
5376;2015;489;2015
3901;2015;740;2015
8226;2015;55;2015
5956;2015;800;2015
5253;2015;332;2015
3367;2015;2273;2015
3126;2015;944;2015
1017;2015;784;2015
9559;2015;109;2015
9200;2015;52;2015
3938;2015;1442;2015
1571;2015;591;2015
0563;2015;1168;2015
1320;2015;6454;2015
0688;2015;2279;2015
7363;2015;3159;2015
9417;2015;2614;2015
7324;2015;2950;2015
2878;2015;5808;2015
7884;2015;773;2015
4958;2015;1575;2015
1692;2015;645;2015
0672;2015;401;2015
0900;2015;544;2015
4485;2015;1643;2015
5399;2015;540;2015
8608;2015;983;2015
4124;2015;612;2015
3113;2015;75543;2015
4341;2015;391;2015
0660;2015;1107;2015
2796;2015;352;2015
3430;2015;413;2015
9008;2015;319;2015
7621;2015;896;2015
1608;2015;2638;2015
7884;2015;1784;2015
2931;2015;1312;2015
7149;2015;1272;2015
8923;2015;473;2015
4326;2015;10391;2015
7214;2015;996;2015
0565;2015;291;2015
6480;2015;633;2015
8391;2015;625;2015
5648;2015;3786;2015
3374;2015;1251;2015
8622;2015;604;2015
0881;2015;2758;2015
2882;2015;307;2015
0662;2015;184;2015
1785;2015;1859;2015
5499;2015;889;2015
2039;2015;761;2015
6068;2015;3281;2015
6273;2015;395;2015
8477;2015;715;2015
5928;2015;487;2015
9384;2015;226;2015
6529;2015;621;2015
7779;2015;399;2015
4170;2015;222;2015
5045;2015;448;2015
7326;2015;1255;2015
0489;2015;310;2015
5226;2015;1487;2015
0824;2015;224;2015
0231;2015;328;2015
4766;2015;277;2015
3333;2015;651;2015
4254;2015;566;2015
3987;2015;526;2015
9432;2015;5901;2015
7531;2015;493;2015
9251;2015;1017;2015
9270;2015;1607;2015
1300;2015;568;2015
2168;2015;772;2015
8883;2015;594;2015
4721;2015;621;2015
7037;2015;2270;2015
5026;2015;2077;2015
8219;2015;357;2015
3739;2015;274;2015
9251;2015;380;2015
1551;2015;497;2015
9588;2015;213;2015
3971;2015;1126;2015
2321;2015;2251;2015
1104;2015;982;2015
2057;2015;938;2015
4210;2015;3022;2015
3291;2015;885;2015
8550;2015;929;2015
5373;2015;332;2015
4970;2015;935;2015
6348;2015;745;2015
1408;2015;1259;2015
4192;2015;2361;2015
0976;2015;1161;2015
4053;2015;193;2015
3632;2015;10439;2015
6170;2015;80;2015
0260;2015;454;2015
5630;2015;488;2015
0013;2015;578;2015
0820;2015;234;2015
0244;2015;638;2015
0036;2015;2005;2015
8582;2015;184;2015
2049;2015;1581;2015
8350;2015;772;2015
4171;2015;398;2015
1805;2015;478;2015
5631;2015;949;2015
9827;2015;399;2015
8377;2015;335;2015
9109;2015;1447;2015
8656;2015;8234;2015
1477;2015;123;2015
2094;2015;664;2015
6838;2015;1047;2015
8691;2015;1198;2015
3426;2015;554;2015
3285;2015;121;2015
4471;2015;273;2015
6804;2015;535;2015
2800;2015;147;2015
1173;2015;1702;2015
7833;2015;866;2015
5952;2015;243;2015
7599;2015;272;2015
0383;2015;2478;2015
1655;2015;625;2015
9754;2015;257;2015
6219;2015;923;2015
6530;2015;847;2015
8798;2015;3082;2015
9480;2015;5672;2015
1268;2015;391;2015
2863;2015;611;2015
8624;2015;1641;2015
2967;2015;20056;2015
2298;2015;327;2015
5657;2015;93159;2015
1588;2015;744;2015
2135;2015;771;2015
1382;2015;909;2015
3280;2015;467;2015
1269;2015;386;2015
2434;2015;6364;2015
2375;2015;295;2015
6197;2015;1341;2015
0526;2015;2093;2015
7122;2015;1706;2015
3258;2015;529;2015
4397;2015;745;2015
8874;2015;157;2015
5936;2015;1909;2015
3977;2015;1970;2015
6034;2015;582;2015
7230;2015;1418;2015
5297;2015;2450;2015
6133;2015;1238;2015
0235;2015;319;2015
5285;2015;468;2015
6332;2015;529;2015
2493;2015;528;2015
4376;2015;806;2015
0619;2015;527;2015
4663;2015;1902;2015
0526;2015;1121;2015
7892;2015;339;2015
4833;2015;429;2015
3394;2015;981;2015
2555;2015;84;2015
9232;2015;511;2015
3412;2015;747;2015
1635;2015;1226;2015
0104;2015;379;2015
2097;2015;34440;2015
9866;2015;978;2015
0373;2015;128;2015
8466;2015;1755;2015
0925;2015;2960;2015
7721;2015;914;2015
2089;2015;92;2015
4828;2015;406;2015
1283;2015;4501;2015
6600;2015;148;2015
9770;2015;2037;2015
5908;2015;476;2015
5776;2015;1545;2015
1107;2015;679;2015
4213;2015;5263;2015
4872;2015;416;2015
4466;2015;290;2015
5524;2015;499;2015
4427;2015;441;2015
7470;2015;328;2015
3008;2015;1441;2015
3002;2015;470;2015
6117;2015;975;2015
8996;2015;334;2015
3874;2015;1085;2015
2191;2015;343;2015
4621;2015;177;2015
2763;2015;187;2015
8484;2015;649;2015
0138;2015;2343;2015
6161;2015;342;2015
7515;2015;534;2015
2861;2015;441;2015
4310;2015;505;2015
5609;2015;1457;2015
9336;2015;736;2015
0575;2015;1941;2015
5333;2015;1657;2015
7684;2015;1159;2015
1543;2015;841;2015
7165;2015;697;2015
2797;2015;184;2015
0432;2015;4600;2015
4494;2015;716;2015
3842;2015;327;2015
0802;2015;260;2015
9429;2015;506;2015
8021;2015;301;2015
5483;2015;715;2015
5358;2015;875;2015
8759;2015;1122;2015
0350;2015;84;2015
2319;2015;1413;2015
7375;2015;1333;2015
1998;2015;191;2015
2357;2015;1369;2015
5040;2015;2186;2015
7527;2015;616;2015
6941;2015;1017;2015
5400;2015;226;2015
5185;2015;215;2015
0329;2015;164;2015
6176;2015;582;2015
7473;2015;281;2015
3756;2015;267;2015
7241;2015;664;2015
4867;2015;321;2015
5982;2015;572;2015
4513;2015;318;2015
8515;2015;336;2015
7049;2015;1420;2015
9524;2015;402;2015
2197;2015;727;2015
2943;2015;689;2015
3104;2015;1443;2015
1948;2015;28066;2015
4629;2015;1308;2015
4279;2015;453;2015
5707;2015;262;2015
6908;2015;122;2015
0996;2015;423;2015
5434;2015;624;2015
3724;2015;11398;2015
3665;2015;1267;2015
1834;2015;1431;2015
4198;2015;235;2015
7376;2015;544;2015
5365;2015;715;2015
2811;2015;1312;2015
3546;2015;1282;2015
9973;2015;924;2015
6455;2015;847;2015
4427;2015;356;2015
7041;2015;3708;2015
9177;2015;1473;2015
9679;2015;592;2015
6495;2015;361;2015
0281;2015;1048;2015
0866;2015;332;2015
1765;2015;4723;2015
9724;2015;522;2015
0071;2015;2048;2015
1651;2015;1380;2015
7338;2015;1642;2015
5153;2015;676;2015
0516;2015;1452;2015
0734;2015;390;2015
5892;2015;135;2015
4612;2015;1518;2015
1543;2015;210;2015
2799;2015;1570;2015
5754;2015;353;2015
9156;2015;4149;2015
5706;2015;608;2015
1156;2015;1276;2015
6916;2015;4303;2015
8925;2015;575;2015
7065;2015;429;2015
7430;2015;407;2015
8532;2015;1168;2015
8425;2015;572;2015
9488;2015;6070;2015
3195;2015;1226;2015
1681;2015;1981;2015
5538;2015;1642;2015
9533;2015;223;2015
8544;2015;1058;2015
9542;2015;349;2015
9132;2015;2502;2015
2889;2015;2005;2015
2111;2015;1583;2015
0350;2015;674;2015
2664;2015;943;2015
7960;2015;923;2015
0894;2015;1373;2015
8666;2015;27452;2015
6032;2015;287;2015
2191;2015;653;2015
4945;2015;19196;2015
2936;2015;1020;2015
7258;2015;1007;2015
6455;2015;2187;2015
3072;2015;3143;2015
6091;2015;472;2015
4744;2015;952;2015
8688;2015;302;2015
5563;2015;1876;2015
0672;2015;714;2015
5617;2015;1172;2015
4833;2015;1232;2015
2458;2015;147;2015
1828;2015;740;2015
9640;2015;231;2015
8080;2015;605;2015
3923;2015;34190;2015
8405;2015;1279;2015
3596;2015;876;2015
6166;2015;311;2015
4208;2015;1407;2015
2436;2015;2079;2015
0315;2015;119;2015
0905;2015;246;2015
5133;2015;1016;2015
2621;2015;915;2015
9864;2015;754;2015
1589;2015;573;2015
5416;2015;938;2015
5283;2015;96;2015
7924;2015;713;2015
4352;2015;394;2015
8619;2015;2435;2015
6811;2015;4744;2015
0372;2015;1440;2015
6059;2015;2822;2015
9770;2015;2547;2015
2542;2015;515;2015
2330;2015;227;2015
5692;2015;499;2015
1198;2015;1797;2015
7089;2015;445;2015
1712;2015;475;2015
9833;2015;1678;2015
3034;2015;3396;2015
5161;2015;308;2015
6471;2015;816;2015
6384;2015;1171;2015
0381;2015;670;2015
3779;2015;426;2015
6103;2015;1377;2015
0120;2015;731;2015
9365;2015;111;2015
9427;2015;2066;2015
6666;2015;760;2015
5463;2015;459;2015
7597;2015;1826;2015
6277;2015;2102;2015
3544;2015;2981;2015
4825;2015;158;2015
5598;2015;222;2015
2665;2015;482;2015
3295;2015;1572;2015
5599;2015;184;2015
7533;2015;823;2015
9224;2015;3811;2015
4018;2015;1051;2015
0520;2015;4028;2015
8333;2015;92;2015
3385;2015;195;2015
6410;2015;1043;2015
7364;2015;3407;2015
3872;2015;382;2015
3820;2015;1381;2015
4576;2015;313;2015
4206;2015;206;2015
1772;2015;3135;2015
8770;2015;347;2015
5721;2015;4572;2015
2810;2015;4925;2015
4629;2015;571;2015
4757;2015;199;2015
4468;2015;659;2015
2088;2015;168;2015
1501;2015;2270;2015
3546;2015;1298;2015
3607;2015;2661;2015
7979;2015;1309;2015
6268;2015;391;2015
9364;2015;593;2015
0601;2015;166;2015
0925;2015;112;2015
1429;2015;343;2015
0999;2015;1135;2015
3196;2015;318;2015
6456;2015;10299;2015
9387;2015;453;2015
4357;2015;862;2015
9447;2015;5531;2015
4708;2015;285;2015
2910;2015;168;2015
8606;2015;1243;2015
9282;2015;289;2015
7924;2015;1242;2015
5850;2015;1170;2015
8570;2015;282;2015
5068;2015;604;2015
0918;2015;564;2015
3930;2015;1277;2015
8809;2015;599;2015
5548;2015;224;2015
5190;2015;817;2015
3343;2015;710;2015
1136;2015;2215;2015
6729;2015;5923;2015
9117;2015;1143;2015
2846;2015;2065;2015
7953;2015;1390;2015
3823;2015;42027;2015
3465;2015;670;2015
8969;2015;275;2015
6912;2015;190;2015
0472;2015;606;2015
7127;2015;375;2015
0261;2015;116;2015
8375;2015;212;2015
4462;2015;3330;2015
2994;2015;859;2015
2246;2015;498;2015
5045;2015;1325;2015
2305;2015;847;2015
3802;2015;810;2015
3128;2015;2335;2015
2114;2015;668;2015
8026;2015;497;2015
8563;2015;553;2015
3683;2015;372;2015
0712;2015;2902;2015
2848;2015;295;2015
8533;2015;3100;2015
3070;2015;1328;2015
2886;2015;1294;2015
9577;2015;53328;2015
6886;2015;2173;2015
8705;2015;320;2015
4660;2015;967;2015
3583;2015;14233;2015
9254;2015;215;2015
6060;2015;356;2015
8808;2015;1301;2015
6815;2015;6924;2015
1513;2015;403;2015
7257;2015;24177;2015
4645;2015;281;2015
5157;2015;447;2015
2476;2015;10841;2015
5751;2015;23861;2015
2457;2015;5465;2015
6771;2015;10162;2015
2964;2015;2090;2015
7987;2015;7443;2015
0930;2015;654;2015
2733;2015;589;2015
7933;2015;761;2015
6899;2015;1135;2015
3522;2015;2508;2015
3910;2015;4938;2015
7326;2015;2181;2015
4709;2015;387;2015
4026;2015;13151;2015
6034;2015;1735;2015
7437;2015;1482;2015
4005;2015;5605;2015
2297;2015;750;2015
7042;2015;333;2015
1434;2015;150;2015
5606;2015;5280;2015
9617;2015;3525;2015
1527;2015;5480;2015
2727;2015;2075;2015
4065;2015;1109;2015
8145;2015;1982;2015
7298;2015;247;2015
5254;2015;11547;2015
0315;2015;1219;2015
2237;2015;973;2015
7021;2015;442;2015
7242;2015;1825;2015
4774;2015;11310;2015
5718;2015;988;2015
7301;2015;1144;2015
8507;2015;113;2015
9575;2015;3351;2015
2980;2015;522;2015
2213;2015;845;2015
1769;2015;207;2015
6682;2015;2726;2015
2263;2015;222;2015
3130;2015;884;2015
6586;2015;1586;2015
1736;2015;440;2015
3321;2015;931;2015
4451;2015;786;2015
8781;2015;8826;2015
6454;2015;649;2015
9456;2015;844;2015
9186;2015;7229;2015
5971;2015;562;2015
7066;2015;763;2015
6560;2015;1783;2015
3174;2015;60806;2015
0198;2015;3747;2015
6807;2015;3017;2015
8062;2015;800;2015
2868;2015;199;2015
9652;2015;2631;2015
4467;2015;2604;2015
1689;2015;701;2015
7846;2015;8270;2015
9963;2015;13179;2015
9150;2015;390;2015
7616;2015;808;2015
8914;2015;2671;2015
8070;2015;309;2015
2972;2015;11484;2015
9322;2015;2543;2015
2765;2015;2693;2015
4242;2015;4384;2015
5133;2015;2034;2015
0618;2015;5518;2015
0652;2015;5316;2015
7401;2015;2945;2015
9059;2015;6988;2015
4579;2015;3714;2015
8222;2015;6740;2015
0656;2015;3131;2015
7498;2015;1615;2015
6952;2015;3887;2015
2310;2015;27265;2015
2837;2015;2473;2015
7228;2015;9244;2015
0821;2015;5685;2015
0024;2015;292;2015
7248;2015;555;2015
5252;2015;1889;2015
2540;2015;81;2015
6164;2015;465;2015
1628;2015;278;2015
2876;2015;579877;2015
8760;2015;100;2015
9672;2015;1519;2015
8763;2015;12695;2015
7099;2015;2453;2015
7184;2015;464;2015
5078;2015;1540;2015
4412;2015;3689;2015
9335;2015;2723;2015
6498;2015;1535;2015
2743;2015;3688;2015
2718;2015;2617;2015
6107;2015;2791;2015
6787;2015;242;2015
7246;2015;2083;2015
5214;2015;2236;2015
2369;2015;904;2015
9884;2015;564;2015
5565;2015;2534;2015
5311;2015;415;2015
9310;2015;145;2015
6210;2015;29402;2015
7716;2015;9734;2015
7190;2015;1006;2015
1115;2015;4374;2015
8079;2015;62;2015
5932;2015;2806;2015
0858;2015;552;2015
5747;2015;2687;2015
0436;2015;9350;2015
9016;2015;5888;2015
7734;2015;1124;2015
7440;2015;3215;2015
2045;2015;7907;2015
6163;2015;18450;2015
0661;2015;4203;2015
5372;2015;547;2015
0146;2015;2321;2015
1383;2015;619;2015
6332;2015;2277;2015
6707;2015;799;2015
4257;2015;414;2015
7878;2015;2441;2015
1732;2015;4364;2015
5379;2015;10393;2015
9450;2015;2423;2015
5663;2015;7704;2015
1896;2015;875;2015
3369;2015;947;2015
9013;2015;1283;2015
7544;2015;1147;2015
7917;2015;551;2015
8632;2015;501;2015
0170;2015;8397;2015
0856;2015;1387;2015
2703;2015;6322;2015
2599;2015;658;2015
3951;2015;93590;2015
0078;2015;9938;2015
8140;2015;5478;2015
4274;2015;619;2015
9431;2015;1469;2015
8558;2015;8244;2015
7462;2015;570;2015
6646;2015;3585;2015
7634;2015;3706;2015
2663;2015;1565;2015
6636;2015;714;2015
8524;2015;9294;2015
5374;2015;21911;2015
7758;2015;1371;2015
5884;2015;2076;2015
2984;2015;843;2015
3684;2015;7291;2015
7008;2015;525;2015
7953;2015;392;2015
8821;2015;5307;2015
7261;2015;5541;2015
1264;2015;9875;2015
5059;2015;4959;2015
5062;2015;4627;2015
1722;2015;799;2015
9232;2015;1651;2015
5157;2015;1573;2015
5636;2015;673;2015
4320;2015;2517;2015
4769;2015;5468;2015
9454;2015;9099;2015
5209;2015;3342;2015
0300;2015;4364;2015
0386;2015;2140;2015
8686;2015;3222;2015
2924;2015;851;2015
1820;2015;1756;2015
9542;2015;1195;2015
3963;2015;850;2015
1189;2015;1245;2015
6200;2015;1000;2015
9058;2015;1187;2015
5045;2015;3050;2015
6597;2015;82730;2015
2718;2015;2106;2015
7280;2015;1769;2015
2635;2015;7816;2015
1334;2015;4690;2015
1270;2015;2543;2015
4198;2015;14424;2015
2131;2015;6600;2015
5453;2015;17448;2015
7494;2015;4923;2015
5879;2015;2708;2015
3228;2015;1378;2015
0454;2015;3786;2015
9092;2015;5650;2015
3442;2015;21427;2015
9547;2015;661;2015
9206;2015;14244;2015
9824;2015;576;2015
7509;2015;1308;2015
7887;2015;1982;2015
9003;2015;7712;2015
7590;2015;5202;2015
3176;2015;5808;2015
0039;2015;829;2015
1336;2015;10199;2015
1074;2015;3946;2015
9838;2015;1964;2015
8056;2015;4728;2015
6874;2015;1163;2015
5493;2015;2773;2015
5510;2015;795;2015
4407;2015;607;2015
1837;2015;3584;2015
5438;2015;3067;2015
0591;2015;2954;2015
8543;2015;183;2015
5272;2015;3399;2015
9590;2015;1667;2015
0249;2015;3127;2015
3987;2015;1431;2015
4905;2015;131;2015
6809;2015;12351;2015
6579;2015;6837;2015
5265;2015;716;2015
9823;2015;53701;2015
2748;2015;994;2015
0086;2015;9289;2015
8411;2015;4619;2015
6747;2015;2887;2015
7868;2015;10761;2015
6598;2015;3852;2015
4364;2015;2668;2015
1580;2015;5021;2015
4805;2015;8410;2015
6957;2015;2248;2015
0456;2015;1263;2015
4338;2015;1073;2015
3655;2015;10237;2015
9092;2015;5298;2015
8742;2015;5104;2015
4421;2015;5550;2015
5301;2015;8774;2015
1894;2015;3799;2015
8367;2015;4910;2015
2406;2015;11848;2015
7099;2015;1274;2015
0057;2015;14821;2015
0713;2015;1318;2015
7726;2015;1301;2015
0012;2015;16738;2015
4904;2015;3398;2015
8464;2015;7659;2015
8580;2015;343;2015
8082;2015;294;2015
4816;2015;1826;2015
8831;2015;1448;2015
1012;2015;1477;2015
5406;2015;1924;2015
6025;2015;4236;2015
2356;2015;5029;2015
7451;2015;4250;2015
2066;2015;12392;2015
9149;2015;7685;2015
7246;2015;832;2015
5175;2015;800;2015
3374;2015;2886;2015
3739;2015;2328;2015
4481;2015;889;2015
7632;2015;1313;2015
4390;2015;3009;2015
0140;2015;15976;2015
0575;2015;39019;2015
0379;2015;11046;2015
0347;2015;4183;2015
9318;2015;5486;2015
5053;2015;17443;2015
7498;2015;6200;2015
6311;2015;3668;2015
6798;2015;2542;2015
4775;2015;18552;2015
5968;2015;4022;2015
0619;2015;238;2015
7362;2015;10633;2015
4185;2015;1551;2015
3321;2015;2451;2015
8393;2015;80662;2015
0848;2015;7309;2015
8788;2015;6127;2015
7338;2015;7212;2015
7832;2015;8756;2015
2627;2015;5190;2015
6059;2015;560;2015
2206;2015;1537;2015
9571;2015;2544;2015
3792;2015;6444;2015
9506;2015;4133;2015
8386;2015;2717;2015
9921;2015;1226;2015
5847;2015;5009;2015
2450;2015;1762;2015
8076;2015;7657;2015
1121;2015;687;2015
5822;2015;4963;2015
5106;2015;3571;2015
7157;2015;599;2015
5854;2015;327;2015
8047;2015;2724;2015
1194;2015;4751;2015
6705;2015;1508;2015
5601;2015;268;2015
4718;2015;1167;2015
1737;2015;6479;2015
8311;2015;2155;2015
9720;2015;353;2015
0251;2015;1721;2015
7733;2015;3952;2015
1784;2015;7511;2015
1615;2015;7849;2015
5169;2015;461;2015
5295;2015;2066;2015
6757;2015;1983;2015
2534;2015;39630;2015
1053;2015;5046;2015
7175;2015;5576;2015
9442;2015;1170;2015
9237;2015;2910;2015
1719;2015;4455;2015
7329;2015;3052;2015
1945;2015;6390;2015
9962;2015;465;2015
8896;2015;1683;2015
2221;2015;4920;2015
5073;2015;3273;2015
9723;2015;1299;2015
6220;2015;937;2015
4466;2015;1180;2015
6881;2015;2962;2015
9748;2015;224;2015
5479;2015;556;2015
1831;2015;9066;2015
2813;2015;6652;2015
6263;2015;2111;2015
9034;2015;538;2015
6171;2015;499;2015
1412;2015;85959;2015
1917;2015;828;2015
1382;2015;708;2015
9305;2015;3482;2015
6466;2015;218;2015
6082;2015;619;2015
2764;2015;1457;2015
0436;2015;3441;2015
4878;2015;258;2015
8017;2015;16389;2015
9373;2015;2659;2015
5230;2015;1199;2015
1414;2015;4688;2015
3603;2015;3177;2015
9561;2015;5265;2015
2710;2015;9709;2015
7547;2015;803;2015
1792;2015;1039;2015
8250;2015;2855;2015
8991;2015;1287;2015
5458;2015;637;2015
9053;2015;5778;2015
9865;2015;9121;2015
1961;2015;876;2015
6825;2015;492;2015
8360;2015;2438;2015
0408;2015;1447;2015
5255;2015;484;2015
7039;2015;2080;2015
5636;2015;3931;2015
2977;2015;5833;2015
1337;2015;172;2015
0364;2015;4302;2015
4770;2015;9662;2015
6045;2015;1876;2015
1613;2015;2734;2015
6988;2015;5413;2015
8854;2015;2589;2015
9358;2015;9836;2015
0815;2015;666;2015
8027;2015;24142;2015
2884;2015;3271;2015
7701;2015;3145;2015
2814;2015;4118;2015
8973;2015;1607;2015
7270;2015;2305;2015
2231;2015;5132;2015
0152;2015;243;2015
5169;2015;2560;2015
6815;2015;8635;2015
7055;2015;1005;2015
0301;2015;1230;2015
9210;2015;2880;2015
9644;2015;11464;2015
6880;2015;2366;2015
4607;2015;2824;2015
5747;2015;159;2015
9935;2015;962;2015
7955;2015;1076;2015
5334;2015;260;2015
9040;2015;842;2015
0749;2015;743;2015
8112;2015;252;2015
3802;2015;4344;2015
6399;2015;4804;2015
2991;2015;929;2015
2026;2015;1355;2015
9165;2015;461;2015
0752;2015;307;2015
5208;2015;1309;2015
0864;2015;1704;2015
5679;2015;7687;2015
5316;2015;6142;2015
7342;2015;559;2015
5076;2015;1014;2015
2137;2015;1780;2015
0916;2015;4662;2015
9930;2015;310;2015
1171;2015;868;2015
7868;2015;3194;2015
0937;2015;2562;2015
4370;2015;1249;2015
7425;2015;636;2015
2943;2015;611;2015
8815;2015;5715;2015
5288;2015;1151;2015
9091;2015;240;2015
2824;2015;9257;2015
7844;2015;4868;2015
6474;2015;2716;2015
1320;2015;2641;2015
6115;2015;169;2015
7405;2015;1543;2015
8606;2015;228;2015
1517;2015;2939;2015
0078;2015;763;2015
7469;2015;4059;2015
8576;2015;7942;2015
5952;2015;206;2015
7866;2015;1736;2015
8520;2015;4208;2015
0589;2015;3745;2015
5814;2015;5396;2015
4097;2015;5159;2015
9604;2015;314;2015
3464;2015;3092;2015
7750;2015;550;2015
3652;2015;1595;2015
1442;2015;3249;2015
2215;2015;118;2015
5949;2015;4186;2015
1065;2015;1286;2015
4364;2015;4136;2015
7070;2015;2035;2015
9723;2015;1079;2015
4884;2015;998;2015
3122;2015;1413;2015
0700;2015;628;2015
0329;2015;1561;2015
4204;2015;456;2015
6946;2015;788;2015
7742;2015;7339;2015
5975;2015;2498;2015
7567;2015;2524;2015
0707;2015;372;2015
1361;2015;1115;2015
8352;2015;1408;2015
9902;2015;5449;2015
7335;2015;457;2015
4380;2015;3213;2015
2392;2015;3638;2015
7990;2015;564;2015
8975;2015;819;2015
5950;2015;582;2015
4263;2015;163;2015
7928;2015;1966;2015
9158;2015;4441;2015
1233;2015;1620;2015
6544;2015;530;2015
1650;2015;1342;2015
2927;2015;6439;2015
4606;2015;668;2015
7844;2015;755;2015
3245;2015;1031;2015
4294;2015;948;2015
1455;2015;1793;2015
9738;2015;3024;2015
8160;2015;12208;2015
7437;2015;1894;2015
2997;2015;40;2015
8047;2015;1351;2015
7998;2015;2226;2015
2534;2015;1927;2015
8988;2015;1925;2015
7265;2015;2377;2015
5844;2015;653;2015
9382;2015;2946;2015
0003;2015;292;2015
8248;2015;559;2015
7953;2015;2874;2015
8501;2015;366;2015
5233;2015;494;2015
4525;2015;4132;2015
8748;2015;21661;2015
6849;2015;98;2015
0512;2015;4702;2015
2736;2015;194;2015
3175;2015;4519;2015
3745;2015;9105;2015
2368;2015;771;2015
1463;2015;628;2015
3664;2015;2719;2015
0134;2015;2033;2015
7227;2015;4109;2015
5706;2015;3556;2015
9861;2015;2640;2015
7085;2015;921;2015
3774;2015;1136;2015
4053;2015;219;2015
5223;2015;1011;2015
7393;2015;3001;2015
7776;2015;32399;2015
9817;2015;4654;2015
4210;2015;6679;2015
5634;2015;19373;2015
3585;2015;11950;2015
0523;2015;8758;2015
3842;2015;17171;2015
5856;2015;3624;2015
4922;2015;7605;2015
5903;2015;3819;2015
1619;2015;3049;2015
7426;2015;2054;2015
8715;2015;7248;2015
6536;2015;4104;2015
1225;2015;35292;2015
3824;2015;26235;2015
9490;2015;2397;2015
0056;2015;27040;2015
8322;2015;4749;2015
5863;2015;8607;2015
9872;2015;13871;2015
7272;2015;1192;2015
1802;2015;6773;2015
2538;2015;12410;2015
2436;2015;4079;2015
3860;2015;15019;2015
3249;2015;4064;2015
5951;2015;5489;2015
6010;2015;18600;2015
2095;2015;13636;2015
3175;2015;1888;2015
1729;2015;11253;2015
2206;2015;33183;2015
9631;2015;5031;2015
1212;2015;15285;2015
9388;2015;23556;2015
7681;2015;14141;2015
7241;2015;73891;2015
6764;2015;4801;2015
4021;2015;47260;2015
1644;2015;2075;2015
6867;2015;18204;2015
4734;2015;20234;2015
0674;2015;20096;2015
3556;2015;34166;2015
9253;2015;8161;2015
4585;2015;3909;2015
0817;2015;18474;2015
6355;2015;6331;2015
4790;2015;3052;2015
2559;2015;8978;2015
9131;2015;26887;2015
7593;2015;8832;2015
5801;2015;19964;2015
4595;2015;3031;2015
1012;2015;1638;2015
1348;2015;8574;2015
2054;2015;11125;2015
0401;2015;8885;2015
8701;2015;25386;2015
6970;2015;59438;2015
4068;2015;4063;2015
6103;2015;10131;2015
9920;2015;23573;2015
2300;2015;9269;2015
2083;2015;6268;2015
3852;2015;3499;2015
9547;2015;12048;2015
9985;2015;17701;2015
8204;2015;18642;2015
6397;2015;4142;2015
6783;2015;1352193;2015
0014;2015;1123;2015
5128;2015;7796;2015
2430;2015;17167;2015
8763;2015;683;2015
4619;2015;20010;2015
8582;2015;4421;2015
6385;2015;13527;2015
9834;2015;4254;2015
9731;2015;1491;2015
1139;2015;47195;2015
6921;2015;5912;2015
3077;2015;27774;2015
8211;2015;11383;2015
9782;2015;10862;2015
2212;2015;23369;2015
6624;2015;9104;2015
9138;2015;15688;2015
0937;2015;36361;2015
7848;2015;8339;2015
1648;2015;6088;2015
1394;2015;8375;2015
0744;2015;7159;2015
0299;2015;14116;2015
2431;2015;50157;2015
9280;2015;4869;2015
7849;2015;6778;2015
0728;2015;4636;2015
6816;2015;5660;2015
2433;2015;41887;2015
5504;2015;7289;2015
8731;2015;32117;2015
1680;2015;6821;2015
8676;2015;37964;2015
9662;2015;4992;2015
4807;2015;8385;2015
2355;2015;4403;2015
7527;2015;11949;2015
4936;2015;34693;2015
5991;2015;21727;2015
6992;2015;81202;2015
4236;2015;7404;2015
7192;2015;19741;2015
6760;2015;14057;2015
4356;2015;5091;2015
7662;2015;20750;2015
0534;2015;11919;2015
9957;2015;3564;2015
9838;2015;5951;2015
5193;2015;7266;2015
0535;2015;9179;2015
1545;2015;8706;2015
3090;2015;3927;2015
6541;2015;3321;2015
5527;2015;9282;2015
7367;2015;16945;2015
1334;2015;8803;2015
6505;2015;3927;2015
4278;2015;1776;2015
5779;2015;6754;2015
5480;2015;6221;2015
5630;2015;5391;2015
7721;2015;11548;2015
6055;2015;2199;2015
2249;2015;843;2015
3528;2015;8202;2015
8094;2015;18038;2015
0003;2015;5628;2015
6064;2015;6177;2015
7305;2015;5764;2015
6844;2015;13537;2015
2756;2015;2392;2015
7270;2015;3182;2015
3472;2015;4804;2015
4369;2015;3525;2015
3077;2015;2690;2015
6932;2015;190;2015
4898;2015;541;2015
2922;2015;7586;2015
2892;2015;407;2015
5491;2015;4293;2015
9806;2015;700;2015
0711;2015;4304;2015
0744;2015;1946;2015
2680;2015;750;2015
1447;2015;2399;2015
1515;2015;117938;2015
8641;2015;1351;2015
6704;2015;631;2015
2008;2015;72;2015
5910;2015;6120;2015
2082;2015;5975;2015
1510;2015;9494;2015
4678;2015;6635;2015
8306;2015;1134;2015
0906;2015;984;2015
7727;2015;5119;2015
4653;2015;719;2015
1864;2015;715;2015
5359;2015;8584;2015
1390;2015;7866;2015
1106;2015;6067;2015
1408;2015;109;2015
9947;2015;5558;2015
0832;2015;5906;2015
6678;2015;5315;2015
3336;2015;8272;2015
7240;2015;4181;2015
9440;2015;631;2015
2052;2015;4366;2015
6789;2015;1266;2015
7811;2015;8007;2015
7838;2015;3125;2015
3883;2015;16078;2015
8209;2015;4680;2015
1535;2015;335;2015
5891;2015;4639;2015
1131;2015;3995;2015
1746;2015;4049;2015
6219;2015;3267;2015
6773;2015;106;2015
1528;2015;10114;2015
7066;2015;2907;2015
5001;2015;3450;2015
5891;2015;1364;2015
6516;2015;2621;2015
0244;2015;1668;2015
9724;2015;2521;2015
6167;2015;3732;2015
5992;2015;4321;2015
0705;2015;1606;2015
5456;2015;3281;2015
8847;2015;5970;2015
8160;2015;6358;2015
3074;2015;5733;2015
7280;2015;5170;2015
1901;2015;8595;2015
6268;2015;1139;2015
5187;2015;11028;2015
7485;2015;1673;2015
4452;2015;4312;2015
5017;2015;995;2015
3490;2015;1967;2015
2228;2015;3294;2015
2120;2015;599;2015
6664;2015;9330;2015
9435;2015;3967;2015
4135;2015;3536;2015
7049;2015;7577;2015
4071;2015;244;2015
8075;2015;23222;2015
5582;2015;945;2015
0690;2015;3468;2015
1452;2015;1956;2015
7926;2015;7869;2015
0407;2015;1287;2015
4233;2015;3190;2015
2877;2015;1140;2015
0601;2015;3000;2015
7970;2015;4566;2015
9290;2015;637;2015
1428;2015;194;2015
8683;2015;3087;2015
0448;2015;3412;2015
2797;2015;224;2015
1342;2015;1008;2015
0319;2015;5427;2015
1267;2015;1479;2015
1962;2015;862;2015
4134;2015;5070;2015
5881;2015;6166;2015
6976;2015;5116;2015
5200;2015;6603;2015
0000;2015;1608;2015
7413;2015;6417;2015
0692;2015;1215;2015
7773;2015;905;2015
9408;2015;7339;2015
8327;2015;187;2015
0586;2015;658;2015
1560;2015;4196;2015
6909;2015;4530;2015
7383;2015;616;2015
5314;2015;3786;2015
7896;2015;825;2015
9247;2015;5232;2015
0469;2015;2795;2015
4846;2015;911;2015
0689;2015;3935;2015
6573;2015;6810;2015
0512;2015;10375;2015
8383;2015;171;2015
1053;2015;2937;2015
3564;2015;209;2015
7535;2015;1126;2015
8156;2015;3241;2015
5662;2015;2552;2015
9226;2015;2943;2015
4646;2015;4580;2015
6417;2015;7448;2015
2348;2015;11571;2015
9033;2015;493;2015
8919;2015;1029;2015
3262;2015;163;2015
6636;2015;623;2015
7820;2015;864;2015
0417;2015;1762;2015
0963;2015;155;2015
1822;2015;5163;2015
5856;2015;12407;2015
2349;2015;2068;2015
0866;2015;4039;2015
9600;2015;4485;2015
7937;2015;5781;2015
2794;2015;2750;2015
8187;2015;364;2015
5999;2015;6032;2015
4799;2015;1852;2015
7022;2015;1468;2015
5451;2015;1095;2015
7653;2015;1221;2015
2379;2015;408;2015
1521;2015;87;2015
2861;2015;1606;2015
5898;2015;1816;2015
4769;2015;6797;2015
5861;2015;11366;2015
3776;2015;3300;2015
0976;2015;4972;2015
1982;2015;4670;2015
9556;2015;1840;2015
6248;2015;1137;2015
2818;2015;4880;2015
1151;2015;1694;2015
0613;2015;5979;2015
2137;2015;1198;2015
5213;2015;883;2015
8105;2015;3895;2015
3831;2015;20000;2015
3866;2015;426;2015
0675;2015;773;2015
0302;2015;933;2015
5339;2015;4073;2015
0260;2015;4875;2015
2465;2015;5552;2015
9533;2015;4871;2015
8036;2015;549;2015
6621;2015;6611;2015
6892;2015;10045;2015
9693;2015;1187;2015
8461;2015;2437;2015
5279;2015;2009;2015
5348;2015;24866;2015
3384;2015;2111;2015
7570;2015;1779;2015
9447;2015;722;2015
2515;2015;9031;2015
0233;2015;4409;2015
0243;2015;5343;2015
9736;2015;1029;2015
6107;2015;5662;2015
3738;2015;12978;2015
8250;2015;1080;2015
5411;2015;3825;2015
1257;2015;575;2015
1708;2015;2107;2015
3026;2015;5053;2015
1331;2015;7996;2015
4836;2015;8697;2015
6902;2015;2425;2015
6241;2015;1053;2015
5138;2015;9798;2015
2198;2015;29624;2015
4874;2015;10588;2015
3454;2015;1398;2015
7781;2015;9690;2015
8899;2015;1062;2015
7966;2015;4265;2015
8905;2015;596;2015
7640;2015;135;2015
2302;2015;206;2015
8975;2015;278;2015
2916;2015;207;2015
8218;2015;7603;2015
3439;2015;7982;2015
6945;2015;4707;2015
4483;2015;1111;2015
7561;2015;1357;2015
3097;2015;596;2015
9822;2015;4705;2015
4860;2015;6710;2015
6029;2015;6627;2015
1595;2015;1926;2015
0419;2015;7869;2015
0010;2015;1476;2015
4317;2015;2703;2015
9523;2015;8559;2015
2123;2015;9018;2015
2970;2015;943;2015
3232;2015;680;2015
2506;2015;316;2015
7995;2015;2297;2015
2277;2015;2074;2015
4334;2015;3889;2015
4376;2015;4401;2015
5463;2015;1607;2015
2895;2015;7034;2015
5546;2015;1790;2015
7523;2015;2499;2015
8313;2015;499;2015
5601;2015;2437;2015
0191;2015;3629;2015
5695;2015;3115;2015
3457;2015;12654;2015
1983;2015;3897;2015
3363;2015;2314;2015
4918;2015;1197;2015
4204;2015;2333;2015
4434;2015;12179;2015
5925;2015;2703;2015
4633;2015;1678;2015
9148;2015;2488;2015
5442;2015;3490;2015
2870;2015;1395;2015
5299;2015;5379;2015
4199;2015;9153;2015
4960;2015;2598;2015
4824;2015;10881;2015
9887;2015;2231;2015
4114;2015;7444;2015
3802;2015;1645;2015
3567;2015;679;2015
9347;2015;4841;2015
3337;2015;193881;2015
8968;2015;704;2015
3082;2015;2116;2015
2958;2015;12807;2015
7369;2015;3535;2015
8271;2015;8461;2015
1074;2015;2438;2015
9465;2015;367;2015
9676;2015;4654;2015
6009;2015;9312;2015
8418;2015;12940;2015
2048;2015;8289;2015
1396;2015;6572;2015
5285;2015;10977;2015
1950;2015;11385;2015
3362;2015;1769;2015
6321;2015;6995;2015
3415;2015;11019;2015
0830;2015;1219;2015
5461;2015;4889;2015
5525;2015;665;2015
3011;2015;1906;2015
4688;2015;894;2015
9592;2015;18805;2015
9309;2015;1571;2015
7130;2015;549;2015
3068;2015;2715;2015
0465;2015;8751;2015
2698;2015;4606;2015
4749;2015;2137;2015
7875;2015;7645;2015
4370;2015;3805;2015
0748;2015;15229;2015
9733;2015;7251;2015
6046;2015;1982;2015
2960;2015;1413;2015
0712;2015;15601;2015
3209;2015;5694;2015
2622;2015;28383;2015
9031;2015;4547;2015
2398;2015;8481;2015
3061;2015;5279;2015
0159;2015;2082;2015
8367;2015;8664;2015
5861;2015;4669;2015
3930;2015;2644;2015
6562;2015;11675;2015
7514;2015;2904;2015
7959;2015;11994;2015
8401;2015;18790;2015
3811;2015;2171;2015
2837;2015;5172;2015
0891;2015;16612;2015
8902;2015;1976;2015
6657;2015;387;2015
9347;2015;130;2015
4194;2015;9133;2015
3283;2015;4052;2015
8235;2015;561;2015
4516;2015;14264;2015
0259;2015;1190;2015
4987;2015;1696;2015
4335;2015;3777;2015
1954;2015;16103;2015
4707;2015;584;2015
2553;2015;615;2015
7425;2015;400;2015
7179;2015;22499;2015
0958;2015;1479;2015
1109;2015;145;2015
5281;2015;3475;2015
8941;2015;2040;2015
4567;2015;3273;2015
6294;2015;5215;2015
8839;2015;12940;2015
7392;2015;4364;2015
0348;2015;674;2015
9307;2015;3213;2015
7265;2015;12196;2015
4888;2015;1769;2015
6529;2015;2496;2015
0259;2015;548;2015
6051;2015;1753;2015
8908;2015;4486;2015
6613;2015;25082;2015
5181;2015;5120;2015
5067;2015;797;2015
0780;2015;2645;2015
2115;2015;10887;2015
1574;2015;1983;2015
4576;2015;3945;2015
3116;2015;4635;2015
5439;2015;1979;2015
0333;2015;4089;2015
8482;2015;3198;2015
7797;2015;1001;2015
8684;2015;12555;2015
9376;2015;2494;2015
2903;2015;14213;2015
8578;2015;1452;2015
8091;2015;4396;2015
6080;2015;3717;2015
8656;2015;183;2015
0034;2015;2124;2015
0393;2015;20026;2015
1816;2015;4697;2015
1537;2015;616;2015
3907;2015;7068;2015
6134;2015;2775;2015
8177;2015;4533;2015
9152;2015;566;2015
1258;2015;658;2015
4894;2015;1496;2015
9450;2015;4598;2015
2273;2015;8012;2015
2011;2015;2542;2015
1195;2015;2544;2015
2734;2015;3828;2015
6432;2015;5250;2015
4260;2015;1751;2015
2070;2015;7021;2015
0859;2015;6919;2015
3264;2015;3503;2015
1622;2015;2987;2015
4524;2015;1508;2015
2623;2015;374;2015
9892;2015;6875;2015
1597;2015;7311;2015
8506;2015;911;2015
9716;2015;3366;2015
4527;2015;6189;2015
4624;2015;3394;2015
2064;2015;13284;2015
1322;2015;4910;2015
8593;2015;9432;2015
8207;2015;4524;2015
3899;2015;9437;2015
0941;2015;18729;2015
8454;2015;5810;2015
4472;2015;3887;2015
5869;2015;3341;2015
3048;2015;10631;2015
2166;2015;3381;2015
5028;2015;2513;2015
2531;2015;4609;2015
6790;2015;13517;2015
2677;2015;912;2015
4711;2015;1475;2015
5719;2015;1472;2015
4273;2015;3015;2015
2480;2015;7854;2015
7734;2015;1835;2015
8920;2015;1254;2015
4396;2015;1906;2015
8075;2015;1289;2015
2570;2015;1110;2015
8569;2015;1251;2015
4393;2015;6445;2015
1706;2015;7939;2015
7358;2015;13769;2015
6815;2015;2094;2015
1018;2015;5361;2015
7332;2015;553;2015
6801;2015;3840;2015
8574;2015;1397;2015
1204;2015;182;2015
7595;2015;8192;2015
0635;2015;3823;2015
9638;2015;4386;2015
1472;2015;1463;2015
2195;2015;10842;2015
8650;2015;1458;2015
1011;2015;5681;2015
2649;2015;694;2015
2237;2015;1999;2015
2214;2015;8040;2015
6815;2015;1073;2015
3021;2015;4593;2015
3442;2015;866;2015
7570;2015;255;2015
3279;2015;557;2015
4488;2015;3475;2015
4871;2015;1561;2015
0572;2015;362;2015
6641;2015;654;2015
7124;2015;884;2015
3380;2015;1812;2015
5000;2015;1033;2015
1426;2015;651;2015
6867;2015;6178;2015
8636;2015;2891;2015
8364;2015;2702;2015
8094;2015;1440;2015
1043;2015;431;2015
6391;2015;1011;2015
9286;2015;2653;2015
8363;2015;630;2015
1441;2015;598;2015
8137;2015;806;2015
6873;2015;3510;2015
8467;2015;9184;2015
9837;2015;120;2015
6864;2015;1016;2015
8967;2015;1536;2015
8094;2015;108;2015
8147;2015;1339;2015
7807;2015;1532;2015
6302;2015;454;2015
4774;2015;902;2015
8050;2015;2486;2015
7359;2015;8681;2015
7358;2015;6993;2015
2772;2015;718;2015
6617;2015;6746;2015
7724;2015;1029;2015
7444;2015;1203;2015
2141;2015;595;2015
2590;2015;6671;2015
1244;2015;238;2015
5977;2015;2173;2015
3786;2015;198;2015
5598;2015;736;2015
8579;2015;5405;2015
4109;2015;1202;2015
3884;2015;3940;2015
8757;2015;1353;2015
0511;2015;5519;2015
9551;2015;996;2015
8065;2015;1651;2015
3401;2015;1705;2015
8710;2015;811;2015
0907;2015;2184;2015
3728;2015;1044;2015
8242;2015;368;2015
6095;2015;353;2015
0854;2015;4873;2015
5665;2015;4611;2015
1708;2015;1189;2015
2478;2015;880;2015
8248;2015;402;2015
1753;2015;1209;2015
2313;2015;216;2015
7761;2015;226;2015
7030;2015;9957;2015
1760;2015;9700;2015
9957;2015;353;2015
4113;2015;1393;2015
7226;2015;5119;2015
6103;2015;3208;2015
4207;2015;197;2015
3439;2015;2705;2015
2160;2015;4548;2015
6414;2015;1496;2015
5872;2015;6233;2015
8206;2015;384;2015
3416;2015;1229;2015
1660;2015;2775;2015
7457;2015;122;2015
3585;2015;2205;2015
8204;2015;2410;2015
2532;2015;1721;2015
1177;2015;2442;2015
2895;2015;1686;2015
8944;2015;6635;2015
1384;2015;366;2015
0204;2015;1080;2015
0642;2015;492;2015
5106;2015;1440;2015
5559;2015;3907;2015
0651;2015;883;2015
7416;2015;1609;2015
4035;2015;518;2015
4046;2015;404;2015
9744;2015;298;2015
1925;2015;672;2015
4933;2015;1696;2015
2991;2015;636;2015
9694;2015;15228;2015
0764;2015;337;2015
3810;2015;732;2015
9101;2015;197;2015
9793;2015;1080;2015
8064;2015;1897;2015
1018;2015;322;2015
3012;2015;1927;2015
2453;2015;71106;2015
2007;2015;852;2015
1530;2015;871;2015
1059;2015;2055;2015
3963;2015;2634;2015
3078;2015;1699;2015
0903;2015;734;2015
9572;2015;801;2015
4798;2015;1523;2015
1597;2015;426;2015
4149;2015;1069;2015
6677;2015;1547;2015
9155;2015;5278;2015
5407;2015;5883;2015
9345;2015;565;2015
4966;2015;85;2015
7641;2015;231;2015
3647;2015;653;2015
7174;2015;692;2015
0510;2015;1570;2015
5525;2015;603;2015
4128;2015;898;2015
4541;2015;730;2015
5045;2015;502;2015
4309;2015;659;2015
2687;2015;3899;2015
4521;2015;1109;2015
2906;2015;6085;2015
3323;2015;5453;2015
4207;2015;1985;2015
5912;2015;1620;2015
5572;2015;964;2015
9011;2015;510;2015
4738;2015;2400;2015
4973;2015;812;2015
8927;2015;581;2015
5419;2015;1653;2015
5741;2015;931;2015
7208;2015;226;2015
6711;2015;674;2015
7879;2015;5968;2015
8724;2015;1141;2015
2314;2015;611;2015
8352;2015;11652;2015
8480;2015;631;2015
2281;2015;1684;2015
6600;2015;571;2015
4934;2015;958;2015
0091;2015;334;2015
4385;2015;2414;2015
5019;2015;3538;2015
6271;2015;845;2015
0449;2015;4441;2015
8312;2015;2135;2015
4982;2015;3824;2015
1549;2015;1047;2015
6826;2015;613;2015
8538;2015;225;2015
2357;2015;2204;2015
1611;2015;1498;2015
9834;2015;287;2015
6150;2015;3289;2015
1723;2015;94;2015
1961;2015;3253;2015
7086;2015;397;2015
4404;2015;1252;2015
1425;2015;6196;2015
3639;2015;62712;2015
8781;2015;78;2015
6085;2015;774;2015
7674;2015;3379;2015
4896;2015;1557;2015
4415;2015;39053;2015
7730;2015;137;2015
4013;2015;969;2015
5293;2015;1723;2015
5828;2015;1066;2015
4037;2015;473;2015
3614;2015;430;2015
1915;2015;1739;2015
7366;2015;3263;2015
8218;2015;858;2015
2161;2015;1184;2015
0775;2015;3867;2015
1983;2015;2038;2015
1210;2015;650;2015
3878;2015;4751;2015
9007;2015;1523;2015
1424;2015;602;2015
1071;2015;426;2015
6997;2015;1206;2015
9506;2015;1260;2015
6407;2015;672;2015
8381;2015;2148;2015
1471;2015;576;2015
1977;2015;452;2015
4543;2015;2352;2015
8750;2015;3855;2015
1935;2015;1902;2015
5180;2015;1197;2015
6570;2015;559;2015
4019;2015;1773;2015
5301;2015;15336;2015
2823;2015;1614;2015
7893;2015;584;2015
7876;2015;467;2015
0774;2015;9380;2015
8909;2015;5682;2015
7571;2015;334;2015
9178;2015;510;2015
1934;2015;2298;2015
9629;2015;980;2015
3599;2015;1270;2015
8526;2015;1081;2015
4080;2015;1414;2015
1284;2015;1620;2015
5182;2015;34170;2015
4916;2015;71050;2015
7577;2015;1774;2015
9377;2015;654;2015
7740;2015;444;2015
9906;2015;287;2015
6525;2015;3863;2015
7212;2015;560;2015
1938;2015;1231;2015
6430;2015;1050;2015
7072;2015;846;2015
1013;2015;1973;2015
5732;2015;1263;2015
7187;2015;1313;2015
2764;2015;627;2015
2582;2015;1441;2015
2897;2015;1784;2015
2261;2015;2748;2015
4655;2015;1157;2015
1916;2015;2007;2015
7616;2015;2918;2015
8226;2015;1719;2015
9198;2015;2033;2015
3428;2015;2284;2015
3943;2015;2532;2015
1532;2015;816;2015
4676;2015;913;2015
5835;2015;6002;2015
1541;2015;942;2015
4890;2015;2894;2015
9619;2015;1430;2015
8208;2015;3821;2015
2953;2015;8930;2015
6076;2015;3406;2015
5434;2015;1569;2015
0166;2015;641;2015
9694;2015;3530;2015
7631;2015;2536;2015
7288;2015;1154;2015
4371;2015;1305;2015
8500;2015;1566;2015
0610;2015;6528;2015
4015;2015;1496;2015
8622;2015;939;2015
5383;2015;1758;2015
9564;2015;1008;2015
7794;2015;3384;2015
9739;2015;531;2015
3332;2015;1988;2015
4011;2015;7984;2015
9631;2015;2382;2015
0470;2015;3032;2015
3647;2015;1163;2015
9264;2015;2172;2015
6817;2015;1377;2015
2144;2015;1900;2015
3799;2015;443;2015
0761;2015;1399;2015
7202;2015;564;2015
3092;2015;3571;2015
4937;2015;3219;2015
4254;2015;938;2015
3201;2015;7647;2015
5680;2015;8833;2015
9595;2015;3231;2015
2122;2015;1520;2015
1073;2015;616;2015
0196;2015;6879;2015
1949;2015;1560;2015
9819;2015;443;2015
7693;2015;472;2015
1654;2015;446;2015
1215;2015;1733;2015
2227;2015;618;2015
9179;2015;2873;2015
0610;2015;1749;2015
1516;2015;3737;2015
6926;2015;4588;2015
4365;2015;3873;2015
1205;2015;526;2015
2425;2015;377;2015
0142;2015;2949;2015
4814;2015;10118;2015
2032;2015;5881;2015
9955;2015;2086;2015
0666;2015;802;2015
8219;2015;4131;2015
8665;2015;4488;2015
4282;2015;1297;2015
6958;2015;2248;2015
8495;2015;2658;2015
0306;2015;1498;2015
3420;2015;3230;2015
5780;2015;4693;2015
4042;2015;12460;2015
3392;2015;5145;2015
0224;2015;22992;2015
9097;2015;3903;2015
3082;2015;2663;2015
6487;2015;1104;2015
4705;2015;14799;2015
5363;2015;3411;2015
7742;2015;1358;2015
0314;2015;3005;2015
4871;2015;2332;2015
2204;2015;10287;2015
8828;2015;9059;2015
3782;2015;6056;2015
2002;2015;1565;2015
8062;2015;47968;2015
7889;2015;6630;2015
9126;2015;743;2015
0156;2015;7773;2015
7286;2015;4070;2015
8488;2015;5525;2015
0185;2015;4823;2015
7898;2015;2625;2015
8312;2015;6789;2015
5686;2015;7130;2015
7324;2015;1034;2015
5877;2015;1694;2015
2867;2015;6513;2015
5587;2015;1673;2015
7200;2015;2344;2015
4430;2015;16308;2015
3788;2015;1192;2015
4336;2015;5583;2015
0358;2015;1303;2015
1481;2015;2504;2015
5452;2015;2542;2015
6105;2015;5328;2015
4333;2015;7105;2015
9802;2015;8442;2015
2701;2015;4239;2015
9405;2015;7184;2015
9779;2015;1643;2015
5304;2015;9431;2015
3962;2015;1243;2015
9393;2015;1752;2015
9551;2015;1193;2015
0541;2015;6115;2015
2024;2015;1522;2015
0834;2015;2634;2015
2721;2015;2103;2015
0987;2015;21128;2015
8408;2015;19542;2015
2882;2015;2021;2015
8432;2015;2172;2015
4845;2015;7346;2015
9866;2015;14377;2015
6899;2015;1685;2015
8912;2015;1030;2015
0641;2015;397;2015
4501;2015;14652;2015
3952;2015;775;2015
0703;2015;3513;2015
5112;2015;1681;2015
2910;2015;106201;2015
2130;2015;656;2015
2919;2015;2201;2015
6986;2015;21492;2015
5395;2015;2762;2015
9974;2015;16125;2015
6344;2015;398;2015
0442;2015;7892;2015
3854;2015;2661;2015
9801;2015;5340;2015
7910;2015;2314;2015
8970;2015;6827;2015
6239;2015;1535;2015
6801;2015;2783;2015
2890;2015;5080;2015
6107;2015;3400;2015
2676;2015;2217;2015
9990;2015;634;2015
8358;2015;1360;2015
6475;2015;2348;2015
3018;2015;3342;2015
5693;2015;5230;2015
1315;2015;2774;2015
9578;2015;3511;2015
7720;2015;998;2015
3811;2015;2623;2015
6146;2015;3204;2015
9136;2015;1694;2015
2189;2015;890;2015
7048;2015;5196;2015
6837;2015;5020;2015
5250;2015;2644;2015
1083;2015;17706;2015
1238;2015;11890;2015
2235;2015;3977;2015
8848;2015;346;2015
4127;2015;1500;2015
8641;2015;1277;2015
4250;2015;5124;2015
2279;2015;3004;2015
8631;2015;2632;2015
7992;2015;868;2015
9539;2015;1671;2015
3399;2015;39308;2015
4364;2015;2894;2015
5102;2015;1642;2015
5284;2015;2093;2015
2399;2015;1941;2015
1127;2015;5744;2015
9599;2015;3120;2015
0956;2015;1924;2015
4933;2015;3877;2015
7880;2015;3628;2015
1564;2015;4789;2015
3974;2015;3648;2015
3640;2015;1545;2015
8660;2015;720;2015
3282;2015;197;2015
6921;2015;1875;2015
0018;2015;3457;2015
3567;2015;572;2015
3685;2015;263;2015
2838;2015;4404;2015
5728;2015;2846;2015
3601;2015;7791;2015
9426;2015;1316;2015
8233;2015;3049;2015
6182;2015;1191;2015
1250;2015;3765;2015
8468;2015;3328;2015
8368;2015;3078;2015
0273;2015;3567;2015
4599;2015;3871;2015
9429;2015;1718;2015
9913;2015;3191;2015
1725;2015;1553;2015
9231;2015;1970;2015
2703;2015;7040;2015
1303;2015;2922;2015
7871;2015;1451;2015
2399;2015;2621;2015
8369;2015;1262;2015
4290;2015;1895;2015
1716;2015;5966;2015
7177;2015;1791;2015
6216;2015;1153;2015
1614;2015;1753;2015
5685;2015;4387;2015
4389;2015;3351;2015
1250;2015;1910;2015
1810;2015;987;2015
6182;2015;2460;2015
5608;2015;1030;2015
2665;2015;968;2015
1174;2015;2857;2015
7358;2015;1036;2015
0760;2015;3131;2015
1207;2015;2951;2015
8882;2015;5979;2015
1339;2015;2284;2015
8179;2015;3293;2015
3417;2015;4466;2015
0090;2015;939;2015
0325;2015;1561;2015
9501;2015;2003;2015
9648;2015;6874;2015
5844;2015;2796;2015
9177;2015;1384;2015
6313;2015;796;2015
8550;2015;8852;2015
9642;2015;1521;2015
9704;2015;3055;2015
8495;2015;213;2015
3783;2015;1081;2015
2175;2015;17544;2015
8883;2015;4139;2015
0709;2015;5039;2015
4595;2015;1485;2015
9369;2015;2659;2015
7110;2015;425;2015
6740;2015;1595;2015
4527;2015;391;2015
3152;2015;324;2015
6493;2015;695;2015
1849;2015;667;2015
3633;2015;6963;2015
7003;2015;842;2015
8896;2015;565;2015
7401;2015;4043;2015
0139;2015;257;2015
1671;2015;741;2015
4579;2015;139;2015
6070;2015;659;2015
4079;2015;341;2015
8754;2015;1544;2015
3945;2015;1404;2015
8086;2015;1110;2015
4132;2015;3656;2015
1988;2015;1837;2015
0233;2015;734;2015
0230;2015;1494;2015
6823;2015;1537;2015
0177;2015;1926;2015
8188;2015;597;2015
5701;2015;1103;2015
1224;2015;982;2015
8202;2015;516;2015
1004;2015;237;2015
8716;2015;624;2015
5589;2015;2280;2015
8343;2015;1218;2015
1441;2015;1047;2015
3757;2015;4114;2015
4842;2015;1071;2015
0280;2015;515;2015
2265;2015;2987;2015
3770;2015;253;2015
9628;2015;1773;2015
2251;2015;642;2015
5139;2015;401;2015
8070;2015;732;2015
2967;2015;367;2015
4976;2015;314;2015
6663;2015;3967;2015
1656;2015;6958;2015
2112;2015;705;2015
0249;2015;1008;2015
7405;2015;1491;2015
9892;2015;694;2015
5477;2015;616;2015
5107;2015;653;2015
1451;2015;436;2015
1571;2015;273;2015
6440;2015;1301;2015
7723;2015;1313;2015
1145;2015;312;2015
3367;2015;566;2015
9534;2015;4959;2015
6804;2015;613;2015
1293;2015;904;2015
4267;2015;868;2015
2822;2015;1127;2015
1495;2015;462;2015
9425;2015;471;2015
5766;2015;535;2015
6258;2015;3212;2015
6288;2015;1447;2015
2241;2015;1355;2015
6807;2015;340;2015
1251;2015;388;2015
8129;2015;2527;2015
3866;2015;754;2015
2578;2015;135;2015
3809;2015;2221;2015
7253;2015;447;2015
7294;2015;1167;2015
0920;2015;2752;2015
0786;2015;338;2015
4283;2015;228;2015
0549;2015;1362;2015
3125;2015;1148;2015
1781;2015;8936;2015
8282;2015;7931;2015
1428;2015;571;2015
2178;2015;871;2015
3726;2015;886;2015
1971;2015;280;2015
5277;2015;2190;2015
7284;2015;466;2015
0322;2015;130;2015
6281;2015;554;2015
3498;2015;903;2015
8455;2015;1624;2015
3530;2015;5466;2015
8790;2015;7047;2015
5944;2015;2703;2015
1156;2015;1140;2015
7605;2015;896;2015
2072;2015;234;2015
4833;2015;9669;2015
3842;2015;2850;2015
3042;2015;592;2015
8915;2015;1402;2015
6147;2015;2072;2015
4887;2015;1434;2015
9653;2015;1065;2015
7474;2015;813;2015
2486;2015;856;2015
6047;2015;802;2015
6481;2015;174;2015
2112;2015;835;2015
2084;2015;981;2015
3024;2015;1862;2015
3606;2015;806;2015
9782;2015;403;2015
3284;2015;21332;2015
8289;2015;1271;2015
2335;2015;677;2015
3210;2015;3133;2015
2285;2015;2450;2015
9722;2015;2300;2015
9648;2015;4534;2015
3732;2015;408;2015
8519;2015;196;2015
7874;2015;1376;2015
9063;2015;827;2015
3578;2015;1246;2015
7248;2015;17034;2015
4449;2015;626;2015
1279;2015;1390;2015
0833;2015;2848;2015
0030;2015;437;2015
7900;2015;1465;2015
2973;2015;430;2015
4144;2015;1639;2015
9842;2015;39237;2015
5800;2015;431;2015
8540;2015;818;2015
0617;2015;193;2015
9020;2015;552;2015
3158;2015;3040;2015
3639;2015;1113;2015
8749;2015;914;2015
1898;2015;763;2015
9965;2015;1422;2015
7121;2015;1502;2015
8085;2015;335;2015
9194;2015;1262;2015
7447;2015;718;2015
8220;2015;852;2015
2522;2015;577;2015
0600;2015;1254;2015
2000;2015;1285;2015
4709;2015;708;2015
1459;2015;1171;2015
9318;2015;4686;2015
3312;2015;551;2015
1754;2015;1442;2015
5406;2015;1901;2015
7474;2015;2026;2015
7162;2015;585;2015
1147;2015;1009;2015
3011;2015;2080;2015
0463;2015;2020;2015
5662;2015;721;2015
3449;2015;309;2015
5888;2015;642;2015
5452;2015;2919;2015
4464;2015;3616;2015
2845;2015;1349;2015
3986;2015;1514;2015
1927;2015;705;2015
6989;2015;1454;2015
5815;2015;2175;2015
8748;2015;117755;2015
2870;2015;2403;2015
1374;2015;206;2015
3284;2015;509;2015
8636;2015;1413;2015
0686;2015;854;2015
2836;2015;1193;2015
6345;2015;1881;2015
8037;2015;2252;2015
9514;2015;164;2015
8501;2015;1270;2015
8181;2015;2298;2015
5177;2015;504;2015
3140;2015;937;2015
1287;2015;3777;2015
0385;2015;1010;2015
7401;2015;3154;2015
6859;2015;1731;2015
7467;2015;1716;2015
3048;2015;379;2015
1133;2015;2955;2015
3723;2015;5433;2015
0485;2015;6683;2015
9123;2015;1606;2015
0828;2015;1213;2015
8814;2015;2335;2015
2532;2015;5200;2015
4706;2015;2225;2015
8657;2015;6152;2015
9382;2015;2640;2015
3221;2015;7022;2015
4474;2015;3124;2015
2007;2015;1752;2015
9947;2015;2008;2015
9664;2015;1427;2015
7987;2015;3582;2015
2729;2015;15862;2015
9838;2015;1386;2015
5829;2015;2446;2015
2258;2015;19835;2015
2692;2015;6978;2015
3727;2015;7775;2015
3173;2015;8368;2015
6028;2015;5774;2015
7978;2015;3783;2015
7241;2015;11750;2015
4290;2015;13081;2015
9092;2015;5794;2015
2708;2015;1529;2015
2947;2015;16555;2015
0567;2015;2446;2015
8339;2015;8658;2015
8968;2015;8535;2015
9136;2015;1066;2015
7441;2015;3690;2015
9499;2015;2588;2015
1025;2015;1838;2015
9690;2015;753;2015
8895;2015;218;2015
2113;2015;4095;2015
3691;2015;4068;2015
6542;2015;5381;2015
4866;2015;10673;2015
0029;2015;5221;2015
8295;2015;11520;2015
6774;2015;3260;2015
6372;2015;8359;2015
1465;2015;6864;2015
2725;2015;25024;2015
2779;2015;3730;2015
6220;2015;3181;2015
7080;2015;2532;2015
6505;2015;4589;2015
0625;2015;4310;2015
4705;2015;8804;2015
8517;2015;7456;2015
4219;2015;17051;2015
7778;2015;8550;2015
1355;2015;3635;2015
7257;2015;9834;2015
6103;2015;1256;2015
0015;2015;3136;2015
7259;2015;17040;2015
2606;2015;10428;2015
5283;2015;7090;2015
3894;2015;2504;2015
4271;2015;2195;2015
1485;2015;3799;2015
8144;2015;5980;2015
6466;2015;2759;2015
1597;2015;1583;2015
5476;2015;2127;2015
6954;2015;3784;2015
7920;2015;20958;2015
4033;2015;5090;2015
0108;2015;24804;2015
5055;2015;4084;2015
7507;2015;14927;2015
2398;2015;587;2015
1169;2015;3009;2015
2358;2015;12747;2015
4999;2015;11666;2015
4279;2015;2550;2015
2389;2015;1333;2015
3327;2015;930;2015
7206;2015;7062;2015
8265;2015;14758;2015
1449;2015;17573;2015
5347;2015;3031;2015
5271;2015;2207;2015
2913;2015;3008;2015
3481;2015;4921;2015
9416;2015;2742;2015
9590;2015;14998;2015
9017;2015;772;2015
9134;2015;257912;2015
8801;2015;4982;2015
1820;2015;2605;2015
7626;2015;9947;2015
9886;2015;5836;2015
3407;2015;33207;2015
8687;2015;14893;2015
0992;2015;4918;2015
6954;2015;1397;2015
2106;2015;2094;2015
1452;2015;1677;2015
7234;2015;12013;2015
0861;2015;2201;2015
5682;2015;7777;2015
3952;2015;3182;2015
1902;2015;25682;2015
9335;2015;6406;2015
0656;2015;842;2015
4513;2015;4579;2015
0617;2015;43135;2015
8367;2015;6533;2015
7608;2015;8687;2015
5675;2015;6651;2015
4405;2015;3157;2015
1551;2015;3945;2015
8845;2015;11260;2015
7111;2015;2551;2015
4722;2015;1324;2015
0209;2015;11104;2015
0401;2015;1710;2015
6523;2015;816;2015
7389;2015;3663;2015
3770;2015;3796;2015
7395;2015;14446;2015
6202;2015;2930;2015
4369;2015;6035;2015
6040;2015;12913;2015
7093;2015;2610;2015
7913;2015;906;2015
2167;2015;3233;2015
8538;2015;2170;2015
5599;2015;12064;2015
1320;2015;7408;2015
5285;2015;11260;2015
2015;2015;1319;2015
0095;2015;13902;2015
6032;2015;1694;2015
1748;2015;3781;2015
2089;2015;695;2015
8665;2015;2406;2015
9966;2015;3356;2015
9503;2015;845;2015
3690;2015;1854;2015
0202;2015;4267;2015
0136;2015;3744;2015
4789;2015;10199;2015
2370;2015;134;2015
7970;2015;213;2015
7741;2015;5668;2015
4205;2015;16152;2015
5640;2015;3690;2015
3374;2015;2674;2015
5281;2015;14789;2015
7254;2015;9483;2015
5289;2015;13985;2015
9571;2015;3497;2015
4433;2015;2583;2015
4752;2015;6517;2015
5401;2015;23284;2015
4203;2015;5036;2015
7485;2015;2889;2015
4127;2015;3365;2015
5735;2015;1802;2015
4385;2015;2825;2015
2417;2015;8979;2015
2946;2015;3138;2015
0344;2015;1782;2015
4308;2015;7628;2015
3508;2015;3101;2015
0933;2015;1168;2015
1511;2015;5033;2015
8794;2015;8934;2015
0844;2015;3054;2015
5920;2015;777;2015
0235;2015;2150;2015
9065;2015;8295;2015
6152;2015;4323;2015
6354;2015;564;2015
8406;2015;3070;2015
2548;2015;2752;2015
3964;2015;5742;2015
1484;2015;6449;2015
1257;2015;4342;2015
3495;2015;14482;2015
3153;2015;14311;2015
5966;2015;8090;2015
2505;2015;669;2015
1160;2015;1031;2015
9910;2015;8345;2015
4751;2015;1177;2015
1136;2015;1681;2015
1081;2015;1620;2015
2085;2015;5732;2015
1264;2015;3603;2015
8528;2015;5281;2015
9223;2015;6768;2015
0019;2015;2628;2015
2059;2015;39233;2015
8119;2015;1896;2015
8975;2015;4351;2015
6614;2015;7452;2015
9344;2015;12775;2015
7031;2015;24042;2015
9407;2015;525;2015
7397;2015;5868;2015
6733;2015;11754;2015
9571;2015;8727;2015
2157;2015;25914;2015
9487;2015;1287;2015
3448;2015;3230;2015
8110;2015;1782;2015
9041;2015;2400;2015
5798;2015;112096;2015
2250;2015;1914;2015
7881;2015;6120;2015
6450;2015;6654;2015
9709;2015;1400;2015
0441;2015;767;2015
7301;2015;6860;2015
7425;2015;4129;2015
5210;2015;2827;2015
7145;2015;1222;2015
7612;2015;2359;2015
5522;2015;3367;2015
2211;2015;35586;2015
7552;2015;791;2015
5069;2015;2074;2015
1305;2015;1297;2015
0893;2015;4006;2015
9711;2015;1392;2015
5866;2015;397;2015
3388;2015;360;2015
0918;2015;2225;2015
8033;2015;5884;2015
9544;2015;469;2015
3570;2015;2418;2015
7950;2015;1935;2015
2989;2015;2613;2015
7878;2015;20494;2015
6181;2015;3208;2015
9550;2015;1122;2015
8511;2015;2256;2015
4729;2015;645;2015
3520;2015;2907;2015
6721;2015;1112;2015
4870;2015;3000;2015
1203;2015;5211;2015
0052;2015;1320;2015
3486;2015;549;2015
4042;2015;1363;2015
2409;2015;5898;2015
7816;2015;290;2015
0553;2015;4481;2015
9431;2015;376;2015
0256;2015;1870;2015
1701;2015;3761;2015
1400;2015;8337;2015
0163;2015;2472;2015
3040;2015;636;2015
2883;2015;1256;2015
1176;2015;1623;2015
1594;2015;409;2015
1269;2015;1623;2015
9234;2015;6810;2015
1806;2015;651;2015
6204;2015;2603;2015
6156;2015;1861;2015
0628;2015;1322;2015
2029;2015;9993;2015
3266;2015;521;2015
5288;2015;2454;2015
8581;2015;3114;2015
7922;2015;388;2015
5416;2015;1439;2015
0587;2015;1760;2015
2770;2015;1385;2015
9637;2015;4842;2015
9989;2015;490;2015
6394;2015;1959;2015
0659;2015;1441;2015
8767;2015;850;2015
4694;2015;866;2015
8003;2015;900;2015
3319;2015;229;2015
9145;2015;3232;2015
3607;2015;5329;2015
9467;2015;6873;2015
2724;2015;4450;2015
3668;2015;9072;2015
1390;2015;5900;2015
7608;2015;7834;2015
0885;2015;7963;2015
0891;2015;4712;2015
8826;2015;11192;2015
9182;2015;12871;2015
4217;2015;11299;2015
7916;2015;2204;2015
6090;2015;33213;2015
1318;2015;7179;2015
9730;2015;2921;2015
1773;2015;3827;2015
9235;2015;3734;2015
8957;2015;3387;2015
8120;2015;2638;2015
7507;2015;5315;2015
5797;2015;5096;2015
3983;2015;34690;2015
2483;2015;7020;2015
5101;2015;6204;2015
8100;2015;4466;2015
5683;2015;6074;2015
3399;2015;8896;2015
0814;2015;3874;2015
3529;2015;5749;2015
5967;2015;5816;2015
7229;2015;3005;2015
7778;2015;6076;2015
1877;2015;5118;2015
3420;2015;6042;2015
0883;2015;4162;2015
4776;2015;9227;2015
2505;2015;9219;2015
0947;2015;4947;2015
7706;2015;9619;2015
8539;2015;5100;2015
7696;2015;9336;2015
3788;2015;2829;2015
8836;2015;3311;2015
2562;2015;27577;2015
2613;2015;4263;2015
4548;2015;1399;2015
0063;2015;31164;2015
7610;2015;4497;2015
7573;2015;2733;2015
7775;2015;10765;2015
9727;2015;6734;2015
3532;2015;20170;2015
8269;2015;4437;2015
7066;2015;3866;2015
5285;2015;2184;2015
0890;2015;21705;2015
3165;2015;7420;2015
0228;2015;12019;2015
4357;2015;8290;2015
2704;2015;12507;2015
0807;2015;759;2015
1102;2015;2145;2015
9146;2015;5200;2015
1084;2015;16756;2015
0403;2015;9775;2015
0349;2015;1746;2015
8911;2015;9510;2015
7927;2015;2210;2015
6437;2015;10981;2015
7762;2015;14332;2015
5510;2015;6684;2015
5044;2015;12871;2015
8168;2015;6958;2015
2525;2015;5292;2015
9825;2015;4806;2015
8098;2015;9079;2015
4963;2015;10051;2015
9661;2015;7291;2015
0133;2015;3053;2015
2274;2015;1898;2015
1512;2015;6187;2015
9531;2015;10066;2015
7247;2015;12087;2015
0980;2015;11751;2015
9059;2015;4370;2015
4946;2015;10734;2015
5781;2015;83706;2015
8942;2015;10378;2015
1591;2015;6960;2015
8489;2015;16702;2015
4259;2015;3754;2015
5337;2015;17839;2015
8023;2015;28050;2015
8222;2015;10137;2015
4961;2015;1781;2015
0637;2015;11226;2015
9339;2015;3945;2015
5910;2015;7156;2015
6146;2015;10541;2015
2990;2015;13203;2015
8340;2015;11683;2015
4375;2015;14110;2015
1039;2015;6139;2015
9113;2015;49284;2015
3196;2015;3230;2015
1112;2015;2986;2015
8349;2015;10334;2015
2840;2015;14828;2015
4535;2015;12400;2015
3104;2015;8080;2015
6402;2015;4108;2015
1041;2015;6070;2015
1823;2015;6993;2015
4881;2015;2830;2015
3967;2015;25776;2015
5472;2015;17336;2015
1706;2015;21478;2015
6120;2015;6426;2015
1344;2015;38500;2015
6303;2015;26918;2015
8684;2015;11449;2015
6898;2015;15934;2015
9961;2015;6956;2015
0674;2015;12262;2015
3109;2015;25010;2015
2151;2015;4609;2015
3286;2015;8147;2015
1836;2015;12760;2015
8769;2015;41773;2015
4092;2015;11919;2015
0510;2015;17612;2015
9666;2015;12866;2015
2872;2015;18754;2015
9588;2015;27526;2015
8154;2015;7637;2015
4427;2015;2301;2015
9981;2015;4756;2015
8927;2015;262102;2015
8657;2015;9963;2015
7138;2015;13487;2015
4081;2015;19653;2015
8041;2015;3389;2015
1553;2015;25278;2015
6650;2015;4453;2015
5158;2015;1880;2015
3439;2015;2170;2015
6428;2015;4745;2015
9770;2015;3600;2015
4195;2015;3135;2015
5865;2015;676;2015
2291;2015;3841;2015
6614;2015;2550;2015
3938;2015;8766;2015
7798;2015;3488;2015
5470;2015;7030;2015
9249;2015;16219;2015
7182;2015;14597;2015
2241;2015;2653;2015
1245;2015;12084;2015
1599;2015;5723;2015
2680;2015;2416;2015
8081;2015;1570;2015
6815;2015;7592;2015
2785;2015;4635;2015
3152;2015;4824;2015
5043;2015;5349;2015
1745;2015;1556;2015
7049;2015;5720;2015
7569;2015;2030;2015
6783;2015;20028;2015
0181;2015;6442;2015
2861;2015;10198;2015
3257;2015;5295;2015
7290;2015;7309;2015
8074;2015;16470;2015
6111;2015;8132;2015
9542;2015;7114;2015
2007;2015;4398;2015
7096;2015;4267;2015
1029;2015;4653;2015
4734;2015;2018;2015
9138;2015;8771;2015
1553;2015;7868;2015
1159;2015;7547;2015
0731;2015;3151;2015
5821;2015;9086;2015
7649;2015;1803;2015
2228;2015;6036;2015
7090;2015;1927;2015
2476;2015;1937;2015
3456;2015;2708;2015
2180;2015;11287;2015
5708;2015;17610;2015
0279;2015;9187;2015
3700;2015;11307;2015
0781;2015;11239;2015
4782;2015;5709;2015
0257;2015;209269;2015
1797;2015;3888;2015
4889;2015;1323;2015
9328;2015;11233;2015
6247;2015;9499;2015
7342;2015;19473;2015
8439;2015;3308;2015
8489;2015;2469;2015
8862;2015;3832;2015
5210;2015;13555;2015
4761;2015;3573;2015
6862;2015;4957;2015
5124;2015;16065;2015
7992;2015;4938;2015
7353;2015;2740;2015
8582;2015;10204;2015
3502;2015;6277;2015
1222;2015;13074;2015
9003;2015;4500;2015
3064;2015;3030;2015
9675;2015;7178;2015
7262;2015;2281;2015
9648;2015;7259;2015
9164;2015;2472;2015
9186;2015;2049;2015
5443;2015;10302;2015
5168;2015;22822;2015
1429;2015;7040;2015
8106;2015;4147;2015
2006;2015;9052;2015
8125;2015;2716;2015
0202;2015;8288;2015
8543;2015;6135;2015
6561;2015;12760;2015
2263;2015;4441;2015
0220;2015;2143;2015
4121;2015;4685;2015
2473;2015;1813;2015
0825;2015;926;2015
9160;2015;12988;2015
3229;2015;22646;2015
3484;2015;5465;2015
0063;2015;2197;2015
9549;2015;10211;2015
2262;2015;6160;2015
3663;2015;3383;2015
5644;2015;9043;2015
3883;2015;19621;2015
6097;2015;4324;2015
9278;2015;2763;2015
5341;2015;10385;2015
3580;2015;1294;2015
9675;2015;2562;2015
1227;2015;1467;2015
8475;2015;741;2015
6473;2015;2823;2015
3743;2015;952;2015
1291;2015;1554;2015
8404;2015;4209;2015
9133;2015;2758;2015
6176;2015;1704;2015
1699;2015;3623;2015
5470;2015;2425;2015
0651;2015;2644;2015
8550;2015;1854;2015
0738;2015;2418;2015
5396;2015;4106;2015
9767;2015;1437;2015
9677;2015;2705;2015
9896;2015;1065;2015
3701;2015;1527;2015
4203;2015;2153;2015
2052;2015;1139;2015
0601;2015;11834;2015
8436;2015;3505;2015
6764;2015;3521;2015
5809;2015;1807;2015
3261;2015;11831;2015
4869;2015;1540;2015
4544;2015;1609;2015
5061;2015;1165;2015
4116;2015;3991;2015
5313;2015;2231;2015
8764;2015;9858;2015
6930;2015;6478;2015
8039;2015;51016;2015
1558;2015;1163;2015
8257;2015;1116;2015
0456;2015;3962;2015
0221;2015;3248;2015
6785;2015;8305;2015
0778;2015;2800;2015
0740;2015;5093;2015
1513;2015;1194;2015
7258;2015;2027;2015
0497;2015;943;2015
7666;2015;14450;2015
3473;2015;2291;2015
2611;2015;826;2015
6275;2015;1008;2015
4382;2015;3353;2015
7698;2015;2167;2015
2209;2015;2858;2015
2372;2015;1802;2015
2330;2015;3528;2015
0285;2015;5365;2015
0510;2015;2463;2015
0085;2015;1891;2015
9043;2015;748;2015
5056;2015;6567;2015
7768;2015;4117;2015
3179;2015;1630;2015
9325;2015;7779;2015
2261;2015;2828;2015
6785;2015;2961;2015
8328;2015;3814;2015
4345;2015;1048;2015
7819;2015;675;2015
1668;2015;13729;2015
2086;2015;639;2015
1977;2015;680;2015
6458;2015;11299;2015
2188;2015;16110;2015
7505;2015;2233;2015
4140;2015;516;2015
6215;2015;3230;2015
7887;2015;2185;2015
6027;2015;2329;2015
3683;2015;174;2015
0083;2015;115;2015
7602;2015;1317;2015
7805;2015;2959;2015
1864;2015;6253;2015
2424;2015;4998;2015
3374;2015;1153;2015
7485;2015;587;2015
6557;2015;989;2015
5943;2015;599;2015
0573;2015;10970;2015
8169;2015;4782;2015
1058;2015;341;2015
7963;2015;13516;2015
7578;2015;732;2015
3389;2015;3811;2015
7064;2015;6886;2015
8449;2015;114;2015
0467;2015;648;2015
3404;2015;2349;2015
2752;2015;5926;2015
2110;2015;951;2015
0425;2015;6346;2015
8033;2015;1848;2015
6770;2015;6983;2015
2228;2015;2654;2015
4341;2015;1719;2015
7658;2015;1672;2015
5915;2015;536;2015
0528;2015;4973;2015
7760;2015;2461;2015
2909;2015;2507;2015
8948;2015;2743;2015
4040;2015;2924;2015
9039;2015;1926;2015
9331;2015;5031;2015
5500;2015;2952;2015
2965;2015;5417;2015
7487;2015;2220;2015
4140;2015;9459;2015
2423;2015;2639;2015
3360;2015;5601;2015
9831;2015;2540;2015
6625;2015;1432;2015
0541;2015;2618;2015
4131;2015;5451;2015
3697;2015;6933;2015
9086;2015;3588;2015
7207;2015;901;2015
2302;2015;1479;2015
8850;2015;4164;2015
4728;2015;247;2015
2345;2015;774;2015
6760;2015;954;2015
0271;2015;2902;2015
4796;2015;534;2015
5973;2015;463;2015
3320;2015;4979;2015
9872;2015;6227;2015
3121;2015;1032;2015
3611;2015;309;2015
7703;2015;448;2015
5658;2015;2434;2015
3968;2015;2061;2015
4635;2015;2936;2015
7795;2015;8017;2015
9373;2015;7591;2015
0645;2015;6163;2015
9138;2015;1136;2015
9685;2015;2177;2015
6031;2015;2322;2015
9224;2015;1258;2015
5705;2015;1679;2015
4911;2015;415;2015
1649;2015;409;2015
4625;2015;3888;2015
1145;2015;914;2015
6913;2015;358;2015
7456;2015;1324;2015
4414;2015;640;2015
0497;2015;4017;2015
4193;2015;8994;2015
3559;2015;4310;2015
3441;2015;14883;2015
3598;2015;2847;2015
6226;2015;10476;2015
9904;2015;2133;2015
6221;2015;2861;2015
8492;2015;2220;2015
7390;2015;617;2015
3221;2015;1698;2015
6830;2015;7546;2015
4599;2015;1614;2015
1924;2015;99644;2015
9183;2015;2814;2015
5509;2015;2072;2015
3306;2015;859;2015
9947;2015;2247;2015
5566;2015;1385;2015
5195;2015;786;2015
2113;2015;591;2015
9391;2015;1795;2015
0193;2015;1157;2015
7536;2015;6356;2015
3200;2015;1710;2015
0850;2015;7333;2015
0526;2015;1399;2015
8765;2015;369;2015
2510;2015;1736;2015
9241;2015;3023;2015
2626;2015;34471;2015
2200;2015;6471;2015
3235;2015;8208;2015
5915;2015;1537;2015
3593;2015;955;2015
7274;2015;27927;2015
5654;2015;771;2015
2051;2015;1586;2015
4983;2015;3700;2015
1084;2015;11916;2015
9395;2015;2178;2015
8903;2015;6165;2015
6311;2015;796;2015
4013;2015;1570;2015
0280;2015;2016;2015
9815;2015;1688;2015
6605;2015;7158;2015
1749;2015;2823;2015
0535;2015;1728;2015
3135;2015;8513;2015
6103;2015;887;2015
8518;2015;13042;2015
2218;2015;5784;2015
4024;2015;2048;2015
1039;2015;201554;2015
1450;2015;2097;2015
2695;2015;4690;2015
9471;2015;1001;2015
3705;2015;2797;2015
5214;2015;3557;2015
2167;2015;7821;2015
4792;2015;6088;2015
9357;2015;2516;2015
1702;2015;252;2015
9806;2015;4724;2015
0763;2015;7656;2015
7485;2015;4725;2015
0397;2015;13765;2015
0518;2015;5472;2015
8180;2015;127;2015
6896;2015;887;2015
3089;2015;582;2015
4718;2015;4605;2015
3548;2015;1303;2015
4949;2015;1306;2015
7690;2015;15093;2015
4768;2015;2067;2015
0994;2015;5658;2015
6120;2015;4524;2015
3300;2015;2268;2015
3974;2015;4100;2015
3298;2015;5271;2015
9336;2015;1031;2015
9205;2015;2158;2015
9494;2015;522;2015
7648;2015;729;2015
2281;2015;102178;2015
2849;2015;2191;2015
6068;2015;646;2015
3354;2015;9147;2015
9148;2015;4822;2015
8481;2015;6508;2015
8291;2015;6998;2015
1646;2015;12051;2015
1940;2015;5801;2015
3456;2015;881;2015
2585;2015;2890;2015
0121;2015;2088;2015
5658;2015;2106;2015
0366;2015;4299;2015
5647;2015;1818;2015
1270;2015;79;2015
7755;2015;2517;2015
1033;2015;2156;2015
8940;2015;2223;2015
5556;2015;3505;2015
7046;2015;2107;2015
0043;2015;746;2015
4879;2015;7012;2015
5911;2015;7050;2015
3542;2015;2094;2015
8310;2015;14384;2015
4061;2015;8913;2015
5320;2015;1125;2015
6975;2015;1925;2015
3458;2015;8826;2015
1166;2015;26644;2015
9754;2015;7005;2015
0045;2015;5518;2015
5224;2015;6077;2015
8424;2015;10247;2015
4850;2015;5029;2015
7682;2015;10861;2015
6387;2015;3248;2015
0416;2015;937;2015
2015;2015;10759;2015
9563;2015;3658;2015
1728;2015;12940;2015
8016;2015;1146;2015
5979;2015;192940;2015
0786;2015;1063;2015
8930;2015;1388;2015
4590;2015;3060;2015
7549;2015;5576;2015
4989;2015;19530;2015
7094;2015;5666;2015
1352;2015;1746;2015
3863;2015;4813;2015
3325;2015;9447;2015
6961;2015;1185;2015
3864;2015;2071;2015
4779;2015;1000;2015
1470;2015;7627;2015
8602;2015;9400;2015
6414;2015;544;2015
9214;2015;2687;2015
0644;2015;1232;2015
6108;2015;1818;2015
7144;2015;7836;2015
8883;2015;8867;2015
9392;2015;9672;2015
5530;2015;3301;2015
1622;2015;10214;2015
0943;2015;5187;2015
0376;2015;5610;2015
4065;2015;1250;2015
5957;2015;10541;2015
3929;2015;5581;2015
6234;2015;5094;2015
5670;2015;4066;2015
7068;2015;19242;2015
8037;2015;4507;2015
0580;2015;15100;2015
0143;2015;8458;2015
6802;2015;10441;2015
9945;2015;9813;2015
0823;2015;3849;2015
8176;2015;949;2015
5093;2015;25887;2015
6332;2015;6665;2015
1447;2015;5818;2015
6438;2015;6530;2015
9206;2015;15142;2015
6440;2015;826;2015
5245;2015;9224;2015
3868;2015;10541;2015
1064;2015;13564;2015
5507;2015;7189;2015
3056;2015;13214;2015
3044;2015;1280;2015
6623;2015;9109;2015
6805;2015;169363;2015
5618;2015;6202;2015
1703;2015;4083;2015
1941;2015;14848;2015
7176;2015;8031;2015
2932;2015;6085;2015
2331;2015;11162;2015
0478;2015;25398;2015
2538;2015;4460;2015
3728;2015;1871;2015
8178;2015;4268;2015
9712;2015;3382;2015
0773;2015;3759;2015
4662;2015;4157;2015
8735;2015;10074;2015
6891;2015;8771;2015
7072;2015;3174;2015
5407;2015;70914;2015
5111;2015;32495;2015
4407;2015;14840;2015
7830;2015;11144;2015
7719;2015;7023;2015
9448;2015;8526;2015
9056;2015;2988;2015
1257;2015;15638;2015
2317;2015;17167;2015
1349;2015;1278;2015
7584;2015;34235;2015
4568;2015;1933;2015
2960;2015;3931;2015
9070;2015;2732;2015
5808;2015;17249;2015
4654;2015;5051;2015
9959;2015;6275;2015
0459;2015;23774;2015
1730;2015;185399;2015
2213;2015;942;2015
2770;2015;2208;2015
0046;2015;3351;2015
3200;2015;15736;2015
8080;2015;10083;2015
4110;2015;2178;2015
7304;2015;17423;2015
5344;2015;2228;2015
7389;2015;1667;2015
6652;2015;3723;2015
5303;2015;6191;2015
9129;2015;709;2015
3097;2015;6408;2015
6636;2015;10888;2015
0582;2015;3567;2015
5570;2015;5827;2015
4032;2015;40344;2015
5540;2015;9200;2015
9602;2015;8237;2015
4711;2015;2489;2015
9283;2015;15448;2015
7918;2015;12512;2015
8613;2015;25304;2015
3646;2015;4735;2015
5961;2015;12230;2015
1033;2015;9849;2015
4839;2015;6899;2015
1055;2015;5484;2015
8566;2015;387025;2015
2729;2015;3267;2015
1849;2015;18240;2015
7517;2015;13216;2015
5976;2015;1876;2015
3334;2015;36010;2015
0283;2015;3419;2015
2605;2015;1909;2015
5914;2015;1259;2015
3257;2015;3460;2015
6088;2015;4423;2015
0706;2015;6519;2015
9004;2015;18216;2015
4147;2015;20695;2015
7333;2015;14933;2015
7611;2015;5664;2015
7526;2015;13353;2015
2317;2015;6628;2015
5572;2015;1920;2015
6697;2015;4828;2015
1536;2015;5431;2015
6962;2015;2203;2015
3693;2015;11887;2015
4024;2015;3894;2015
0213;2015;70001;2015
4470;2015;2200;2015
4056;2015;4264;2015
8163;2015;8903;2015
5263;2015;6725;2015
1056;2015;16685;2015
0663;2015;8808;2015
8402;2015;15830;2015
2812;2015;3720;2015
2554;2015;6018;2015
6857;2015;10988;2015
0081;2015;6279;2015
4513;2015;4755;2015
9471;2015;13693;2015
1290;2015;17391;2015
9368;2015;6969;2015
9262;2015;4769;2015
6367;2015;8355;2015
4675;2015;4325;2015
4326;2015;8585;2015
4106;2015;27849;2015
7241;2015;31931;2015
8561;2015;12178;2015
7917;2015;7293;2015
4485;2015;14680;2015
9401;2015;7562;2015
7472;2015;18805;2015
1313;2015;30724;2015
6630;2015;21571;2015
6292;2015;4841;2015
7530;2015;14670;2015
7415;2015;35506;2015
0084;2015;12044;2015
1224;2015;22421;2015
0042;2015;16417;2015
1396;2015;133365;2015
4345;2015;2781;2015
3382;2015;2967;2015
4368;2015;4890;2015
7071;2015;2346;2015
2986;2015;6966;2015
2452;2015;3251;2015
3408;2015;6173;2015
2322;2015;9799;2015
6429;2015;11844;2015
1926;2015;3252;2015
7894;2015;6784;2015
0182;2015;7667;2015
3268;2015;3795;2015
6241;2015;4484;2015
1713;2015;3784;2015
1817;2015;9086;2015
7905;2015;11977;2015
5793;2015;16786;2015
9578;2015;2436;2015
3190;2015;7592;2015
4135;2015;2630;2015
3734;2015;9529;2015
2725;2015;28752;2015
1994;2015;9872;2015
1390;2015;7437;2015
7569;2015;57983;2015
5496;2015;8227;2015
0548;2015;31986;2015
2479;2015;10548;2015
8119;2015;159088;2015
2582;2015;5692;2015
2594;2015;12131;2015
3707;2015;2850;2015
0383;2015;4480;2015
5005;2015;6040;2015
2533;2015;11009;2015
2325;2015;2821;2015
9501;2015;6411;2015
4614;2015;96482;2015
1634;2015;25889;2015
9290;2015;3766;2015
9702;2015;1647;2015
1972;2015;117752;2015
4588;2015;13270;2015
1294;2015;2480;2015
7713;2015;10451;2015
1380;2015;9132;2015
5760;2015;7108;2015
0775;2015;9927;2015
3304;2015;6880;2015
1628;2015;4534;2015
2571;2015;1728;2015
0511;2015;757;2015
3883;2015;6266;2015
5567;2015;809;2015
5580;2015;1897;2015
5260;2015;3402;2015
2873;2015;11652;2015
8602;2015;4134;2015
7182;2015;3464;2015
3027;2015;17712;2015
4291;2015;3167;2015
1988;2015;1222;2015
8823;2015;1908;2015
6846;2015;4371;2015
1077;2015;1872;2015
6385;2015;1557;2015
2566;2015;969;2015
2898;2015;772;2015
2216;2015;601;2015
4575;2015;8745;2015
2457;2015;2257;2015
9389;2015;1679;2015
2029;2015;7900;2015
3163;2015;61459;2015
7022;2015;8542;2015
8757;2015;9607;2015
6300;2015;974;2015
3673;2015;296;2015
0741;2015;1310;2015
9349;2015;5788;2015
5257;2015;4821;2015
3024;2015;584;2015
0143;2015;1514;2015
0743;2015;1981;2015
3532;2015;1374;2015
9454;2015;1090;2015
2059;2015;2156;2015
6355;2015;3835;2015
3417;2015;13211;2015
2470;2015;2720;2015
2355;2015;671;2015
0431;2015;1692;2015
8116;2015;1130;2015
0064;2015;2653;2015
9678;2015;1118;2015
5650;2015;6919;2015
3123;2015;2891;2015
2874;2015;2816;2015
7944;2015;2036;2015
3607;2015;692;2015
3954;2015;6343;2015
7685;2015;94239;2015
2713;2015;2806;2015
9153;2015;1020;2015
9011;2015;2162;2015
2885;2015;644;2015
1975;2015;2029;2015
9853;2015;6875;2015
8860;2015;4738;2015
3992;2015;1384;2015
7980;2015;3413;2015
3367;2015;4133;2015
8757;2015;1544;2015
9073;2015;3484;2015
0784;2015;1390;2015
8009;2015;1022;2015
8703;2015;2637;2015
4065;2015;858;2015
0639;2015;7992;2015
5329;2015;7076;2015
4923;2015;14910;2015
5691;2015;14901;2015
8901;2015;4885;2015
8683;2015;99747;2015
3310;2015;4587;2015
0386;2015;1360;2015
4501;2015;2229;2015
0041;2015;7378;2015
8916;2015;2563;2015
0471;2015;4942;2015
3901;2015;18553;2015
9198;2015;1679;2015
3181;2015;3606;2015
9129;2015;3744;2015
6020;2015;14856;2015
2789;2015;5012;2015
4029;2015;4754;2015
0776;2015;31390;2015
8158;2015;26383;2015
2015;2015;9508;2015
1543;2015;1814;2015
9032;2015;40148;2015
8954;2015;12900;2015
4923;2015;6210;2015
2775;2015;1038;2015
6644;2015;3442;2015
3854;2015;2003;2015
3095;2015;10021;2015
5694;2015;3052;2015
8135;2015;6893;2015
4605;2015;1896;2015
9349;2015;3763;2015
6305;2015;1929;2015
7377;2015;34900;2015
2517;2015;6859;2015
0164;2015;3329;2015
3629;2015;695;2015
9832;2015;4522;2015
4061;2015;1987;2015
7778;2015;2053;2015
1118;2015;932;2015
2869;2015;4181;2015
2273;2015;7305;2015
7689;2015;44763;2015
5430;2015;3725;2015
3330;2015;2850;2015
6769;2015;4026;2015
4964;2015;2237;2015
3019;2015;7685;2015
8109;2015;124;2015
7792;2015;2282;2015
6722;2015;4208;2015
0545;2015;1867;2015
8647;2015;143;2015
2218;2015;1817;2015
8821;2015;6986;2015
8058;2015;573;2015
8463;2015;4560;2015
6713;2015;289;2015
5803;2015;510;2015
1969;2015;10309;2015
0658;2015;41727;2015
1987;2015;1263;2015
9643;2015;15406;2015
9090;2015;2047;2015
6690;2015;566;2015
3981;2015;201;2015
2168;2015;1403;2015
0501;2015;631;2015
2234;2015;806;2015
5783;2015;2401;2015
5263;2015;42435;2015
1000;2015;9996;2015
2582;2015;4650;2015
3569;2015;7139;2015
5079;2015;147;2015
8779;2015;7082;2015
9412;2015;3521;2015
6715;2015;3583;2015
0369;2015;8101;2015
4669;2015;763;2015
5803;2015;10157;2015
9085;2015;920;2015
0835;2015;1097;2015
6459;2015;1984;2015
2146;2015;861;2015
7979;2015;1461;2015
4522;2015;1130;2015
0308;2015;253;2015
5473;2015;6650;2015
2489;2015;12163;2015
5522;2015;15892;2015
4588;2015;21214;2015
1694;2015;854;2015
0195;2015;3526;2015
2547;2015;12723;2015
3837;2015;1436;2015
1659;2015;3234;2015
5370;2015;415;2015
6468;2015;964;2015
9871;2015;1077;2015
1181;2015;19946;2015
5356;2015;9390;2015
8633;2015;2619;2015
2948;2015;447;2015
4148;2015;1108;2015
3914;2015;2935;2015
0624;2015;3829;2015
1943;2015;1776;2015
1821;2015;1187;2015
0203;2015;49158;2015
2382;2015;1106;2015
9762;2015;8659;2015
7952;2015;2803;2015
0833;2015;2416;2015
9390;2015;3690;2015
3954;2015;3164;2015
9507;2015;981;2015
3366;2015;5410;2015
8568;2015;9255;2015
3072;2015;1357;2015
9947;2015;15945;2015
1726;2015;2398;2015
3038;2015;1632;2015
4334;2015;4640;2015
9400;2015;2118;2015
9333;2015;488;2015
2074;2015;2118;2015
4639;2015;517;2015
7926;2015;616;2015
3736;2015;12680;2015
6025;2015;5044;2015
6977;2015;196;2015
2773;2015;4344;2015
6319;2015;2015;2015
4373;2015;914;2015
4053;2015;47386;2015
5824;2015;7214;2015
2096;2015;2079;2015
9874;2015;11146;2015
9351;2015;1888;2015
2778;2015;62794;2015
5412;2015;983;2015
8314;2015;717;2015
7783;2015;2313;2015
1155;2015;7982;2015
3949;2015;4870;2015
6777;2015;4918;2015
8397;2015;68875;2015
7091;2015;10336;2015
5051;2015;2404;2015
1035;2015;2170;2015
5158;2015;7390;2015
4507;2015;2047;2015
3197;2015;4755;2015
6187;2015;1101;2015
5991;2015;15482;2015
7064;2015;6186;2015
4641;2015;10022;2015
2028;2015;7045;2015
3877;2015;32252;2015
0912;2015;2162;2015
1777;2015;45793;2015
0810;2015;570;2015
4824;2015;5957;2015
5253;2015;1828;2015
9404;2015;5208;2015
8827;2015;7392;2015
8594;2015;596;2015
0403;2015;3814;2015
7334;2015;88259;2015
2379;2015;22165;2015
2823;2015;2114;2015
3297;2015;1046;2015
6300;2015;4446;2015
5479;2015;3515;2015
0295;2015;2385;2015
6686;2015;23774;2015
7546;2015;2418;2015
8894;2015;8790;2015
1567;2015;1420;2015
4678;2015;13057;2015
1265;2015;3174;2015
2192;2015;949;2015
5275;2015;61634;2015
5731;2015;1644;2015
7900;2015;1329;2015
5469;2015;781;2015
2949;2015;1090;2015
9968;2015;615;2015
6792;2015;17474;2015
0642;2015;8833;2015
9950;2015;1468;2015
2518;2015;7503;2015
9667;2015;6421;2015
0435;2015;3149;2015
0119;2015;7995;2015
6232;2015;21350;2015
1174;2015;10781;2015
6864;2015;19809;2015
1246;2015;19511;2015
6668;2015;9259;2015
3969;2015;89991;2015
9124;2015;1692;2015
5227;2015;8809;2015
9127;2015;26106;2015
2396;2015;1608;2015
8150;2015;6410;2015
0349;2015;11610;2015
8501;2015;5702;2015
2510;2015;4516;2015
0913;2015;25503;2015
2846;2015;10749;2015
9607;2015;4366;2015
3627;2015;18024;2015
9699;2015;17517;2015
7516;2015;45341;2015
9167;2015;7660;2015
3437;2015;17442;2015
3050;2015;10907;2015
2749;2015;16013;2015
6319;2015;5487;2015
4217;2015;48416;2015
1928;2015;13789;2015
3156;2015;377395;2015
9594;2015;4716;2015
1757;2015;23443;2015
2314;2015;4863;2015
3743;2015;13778;2015
7144;2015;14453;2015
8991;2015;19939;2015
2885;2015;1831;2015
0525;2015;3142;2015
7585;2015;3691;2015
6575;2015;14075;2015
8777;2015;13391;2015
1026;2015;1159;2015
5602;2015;7646;2015
3984;2015;20596;2015
6458;2015;16302;2015
1439;2015;8633;2015
8797;2015;7341;2015
8317;2015;16938;2015
1989;2015;1171;2015
6923;2015;50922;2015
8110;2015;48650;2015
8084;2015;18796;2015
0298;2015;7755;2015
9411;2015;5051;2015
8610;2015;7977;2015
1848;2015;14627;2015
9012;2015;23639;2015
8099;2015;12225;2015
6114;2015;3151;2015
2760;2015;13175;2015
7876;2015;4737;2015
5606;2015;4016;2015
3267;2015;411;2015
3149;2015;8838;2015
4945;2015;27879;2015
9895;2015;16743;2015
7138;2015;159151;2015
4509;2015;2170;2015
8590;2015;1960;2015
8069;2015;33925;2015
3301;2015;3814;2015
4808;2015;11924;2015
8950;2015;2155;2015
6232;2015;1149;2015
6514;2015;31180;2015
1539;2015;6890;2015
7469;2015;510;2015
3809;2015;3082;2015
4899;2015;8063;2015
0257;2015;5800;2015
1051;2015;6373;2015
8907;2015;12368;2015
7250;2015;6406;2015
3589;2015;1131;2015
6061;2015;45096;2015
2483;2015;13300;2015
5735;2015;2017;2015
0162;2015;2220;2015
9916;2015;1407;2015
4313;2015;3690;2015
6101;2015;1214;2015
6651;2015;1341;2015
9495;2015;1752;2015
1518;2015;2139;2015
0741;2015;766;2015
1734;2015;11175;2015
6218;2015;641;2015
6440;2015;4629;2015
5368;2015;4786;2015
0690;2015;89022;2015
8437;2015;5856;2015
8828;2015;15574;2015
0346;2015;28997;2015
9604;2015;1613;2015
9400;2015;31278;2015
5828;2015;27773;2015
7885;2015;14591;2015
6216;2015;1673;2015
0351;2015;13175;2015
2830;2015;4628;2015
5491;2015;12173;2015
8681;2015;8543;2015
6378;2015;10549;2015
3978;2015;12571;2015
4332;2015;5454;2015
9192;2015;5636;2015
7537;2015;99262;2015
7171;2015;1086;2015
5122;2015;12048;2015
6157;2015;10099;2015
5561;2015;5445;2015
5302;2015;1424;2015
6283;2015;3130;2015
2702;2015;2705;2015
4628;2015;2153;2015
4256;2015;13210;2015
8681;2015;9607;2015
8936;2015;897;2015
3216;2015;2023;2015
3260;2015;9112;2015
7316;2015;22329;2015
7826;2015;9448;2015
0377;2015;3474;2015
5219;2015;5813;2015
9309;2015;3572;2015
6944;2015;3480;2015
9430;2015;575;2015
4156;2015;1764;2015
8062;2015;8771;2015
6641;2015;24089;2015
3016;2015;882;2015
4980;2015;3163;2015
0867;2015;3166;2015
0817;2015;6127;2015
4497;2015;16997;2015
1928;2015;15715;2015
2296;2015;1346;2015
8418;2015;6304;2015
8867;2015;1048;2015
8786;2015;12313;2015
9910;2015;9707;2015
2261;2015;5841;2015
9933;2015;6441;2015
6315;2015;7057;2015
8436;2015;3196;2015
7041;2015;3874;2015
7990;2015;2827;2015
1077;2015;9014;2015
5389;2015;2348;2015
5433;2015;2752;2015
5614;2015;7066;2015
5667;2015;1887;2015
0687;2015;8672;2015
0349;2015;21543;2015
8832;2015;2747;2015
8918;2015;5090;2015
5399;2015;14055;2015
7309;2015;9852;2015
8556;2015;9025;2015
5005;2015;1557;2015
6246;2015;2387;2015
6264;2015;4210;2015
8667;2015;2114;2015
6019;2015;29037;2015
4148;2015;1614;2015
9750;2015;1119;2015
5264;2015;915;2015
0208;2015;5192;2015
1425;2015;1635;2015
5687;2015;7798;2015
5018;2015;848;2015
2351;2015;2662;2015
8432;2015;4697;2015
5306;2015;54002;2015
6758;2015;12787;2015
5768;2015;10063;2015
3390;2015;7356;2015
9492;2015;1240;2015
2541;2015;4296;2015
2885;2015;2403;2015
3488;2015;4046;2015
7697;2015;4666;2015
2308;2015;1480;2015
1009;2015;7233;2015
5518;2015;2594;2015
9001;2015;3087;2015
0491;2015;21821;2015
0818;2015;8578;2015
5252;2015;81747;2015
0114;2015;1427;2015
8568;2015;3614;2015
4982;2015;7371;2015
4428;2015;8378;2015
4004;2015;12391;2015
2049;2015;1205;2015
8069;2015;14867;2015
9591;2015;3833;2015
8586;2015;1052;2015
4636;2015;9175;2015
4512;2015;2615;2015
5600;2015;4438;2015
2265;2015;3841;2015
4287;2015;959;2015
5585;2015;3431;2015
6929;2015;1378;2015
6534;2015;1055;2015
1913;2015;27957;2015
6014;2015;21671;2015
0747;2015;4326;2015
2226;2015;5062;2015
7616;2015;2438;2015
8087;2015;4266;2015
8336;2015;3207;2015
4414;2015;3238;2015
2661;2015;15167;2015
7826;2015;1068;2015
5288;2015;3514;2015
9444;2015;7697;2015
3170;2015;39588;2015
6742;2015;3457;2015
7230;2015;21046;2015
0597;2015;1212;2015
5096;2015;9534;2015
6560;2015;56340;2015
3910;2015;2787;2015
4281;2015;1810;2015
4751;2015;3820;2015
6236;2015;6120;2015
2833;2015;15103;2015
7677;2015;32195;2015
1821;2015;607;2015
7327;2015;14835;2015
4887;2015;18690;2015
4082;2015;3747;2015
9491;2015;1561;2015
5123;2015;5649;2015
1650;2015;595;2015
5288;2015;1179;2015
0941;2015;1668;2015
1641;2015;5801;2015
5700;2015;4950;2015
9058;2015;981;2015
2582;2015;5659;2015
3321;2015;5651;2015
5012;2015;164633;2015
1737;2015;3638;2015
4153;2015;2090;2015
0939;2015;119;2015
0201;2015;715;2015
9788;2015;11185;2015
5485;2015;573;2015
1501;2015;1389;2015
8493;2015;465;2015
8384;2015;1080;2015
4743;2015;2408;2015
6445;2015;8634;2015
1366;2015;37996;2015
8556;2015;16401;2015
6581;2015;6634;2015
1853;2015;8419;2015
8849;2015;3787;2015
8295;2015;16538;2015
3024;2015;3353;2015
2211;2015;368;2015
5734;2015;1376;2015
6058;2015;4705;2015
6127;2015;1796;2015
8952;2015;1464;2015
4964;2015;11691;2015
0320;2015;2745;2015
5120;2015;2060;2015
5686;2015;2715;2015
7778;2015;1833;2015
1444;2015;2120;2015
2156;2015;2930;2015
5504;2015;2862;2015
5861;2015;1911;2015
6187;2015;1666;2015
0882;2015;1942;2015
3808;2015;1847;2015
8297;2015;1491;2015
4282;2015;4966;2015
2172;2015;1679;2015
0869;2015;1265;2015
0591;2015;1219;2015
0978;2015;1463;2015
9836;2015;19564;2015
2704;2015;20797;2015
5303;2015;1878;2015
0911;2015;530;2015
0033;2015;1099;2015
5678;2015;234;2015
6040;2015;1975;2015
8956;2015;4995;2015
4518;2015;2212;2015
1557;2015;4873;2015
4261;2015;111028;2015
3387;2015;2540;2015
6022;2015;5462;2015
8706;2015;859;2015
8081;2015;3611;2015
5635;2015;1059;2015
5457;2015;4937;2015
1676;2015;1313;2015
9142;2015;3247;2015
5714;2015;3972;2015
6448;2015;1763;2015
6322;2015;923;2015
8477;2015;3054;2015
0375;2015;5258;2015
2907;2015;1722;2015
9683;2015;6582;2015
5769;2015;5411;2015
4110;2015;1967;2015
9151;2015;2652;2015
8891;2015;2327;2015
8237;2015;1376;2015
1950;2015;1187;2015
2211;2015;15990;2015
9552;2015;1630;2015
0306;2015;3799;2015
7859;2015;8238;2015
6785;2015;2135;2015
3752;2015;1513;2015
1735;2015;2838;2015
8083;2015;1346;2015
1023;2015;2297;2015
4200;2015;2662;2015
9432;2015;2303;2015
4294;2015;832;2015
6891;2015;902;2015
5404;2015;3473;2015
6215;2015;8947;2015
9300;2015;13330;2015
1400;2015;2065;2015
6834;2015;4291;2015
7096;2015;9372;2015
5077;2015;995;2015
3110;2015;3763;2015
5589;2015;9121;2015
6051;2015;2090;2015
0138;2015;553;2015
5258;2015;8502;2015
2792;2015;1322;2015
7350;2015;2075;2015
5355;2015;8365;2015
9413;2015;6647;2015
3305;2015;16447;2015
7309;2015;340;2015
6910;2015;8294;2015
4947;2015;2840;2015
4516;2015;2592;2015
9623;2015;4053;2015
3071;2015;2250;2015
7710;2015;13658;2015
5289;2015;4649;2015
2267;2015;65250;2015
1430;2015;5231;2015
3430;2015;655;2015
3849;2015;2639;2015
9041;2015;2569;2015
9761;2015;234;2015
6446;2015;655;2015
9485;2015;621;2015
8039;2015;4502;2015
2929;2015;979;2015
6240;2015;2700;2015
6212;2015;1664;2015
5461;2015;725;2015
3087;2015;1231;2015
4912;2015;286;2015
8422;2015;1051;2015
2697;2015;1244;2015
2532;2015;6828;2015
6601;2015;486;2015
3698;2015;445;2015
3718;2015;382;2015
6126;2015;222;2015
9475;2015;1566;2015
7551;2015;532;2015
3896;2015;285;2015
9256;2015;631;2015
5447;2015;3705;2015
6915;2015;566;2015
9624;2015;13372;2015
6180;2015;1398;2015
6853;2015;3067;2015
3898;2015;734;2015
8535;2015;1543;2015
7424;2015;390;2015
0152;2015;2390;2015
3338;2015;599;2015
2262;2015;3748;2015
0838;2015;88;2015
8517;2015;122;2015
8922;2015;519;2015
7472;2015;382;2015
7264;2015;875;2015
0398;2015;1223;2015
5865;2015;300;2015
7570;2015;724;2015
9405;2015;4246;2015
7311;2015;376;2015
6446;2015;237;2015
6887;2015;411;2015
3138;2015;177;2015
7727;2015;2057;2015
9304;2015;1172;2015
3815;2015;2072;2015
9813;2015;1341;2015
3948;2015;6192;2015
9469;2015;2810;2015
4995;2015;2612;2015
6696;2015;595;2015
0132;2015;684;2015
9787;2015;363;2015
4550;2015;47295;2015
7897;2015;1250;2015
7231;2015;548;2015
5551;2015;804;2015
5958;2015;558;2015
3505;2015;3047;2015
7281;2015;1092;2015
3837;2015;2322;2015
9796;2015;1411;2015
3292;2015;1074;2015
7914;2015;1341;2015
3048;2015;1232;2015
5099;2015;235;2015
1848;2015;253;2015
7527;2015;185;2015
1123;2015;1540;2015
4997;2015;1784;2015
8082;2015;40553;2015
1659;2015;4019;2015
2338;2015;19112;2015
2155;2015;898;2015
6586;2015;51979;2015
3109;2015;1347;2015
5919;2015;18798;2015
1991;2015;1574;2015
7970;2015;14132;2015
7794;2015;2869;2015
0603;2015;19266;2015
4932;2015;435;2015
9371;2015;11342;2015
9174;2015;4214;2015
3730;2015;349;2015
5069;2015;10419;2015
3617;2015;343;2015
2892;2015;4495;2015
3793;2015;758;2015
1906;2015;8922;2015
8029;2015;7296;2015
5654;2015;8310;2015
2923;2015;903;2015
8793;2015;10907;2015
0754;2015;1107;2015
7432;2015;464;2015
3187;2015;36626;2015
8473;2015;1341;2015
3668;2015;589;2015
7376;2015;52224;2015
7493;2015;1986;2015
9893;2015;21351;2015
5491;2015;4191;2015
1862;2015;14976;2015
6584;2015;469;2015
1449;2015;12710;2015
4759;2015;21816;2015
6995;2015;6171;2015
0431;2015;1892;2015
0650;2015;5982;2015
9002;2015;23552;2015
1242;2015;1269;2015
1895;2015;720;2015
3960;2015;19860;2015
4718;2015;85208;2015
4509;2015;360;2015
7531;2015;6337;2015
7630;2015;13381;2015
9850;2015;1023;2015
5174;2015;1441;2015
7166;2015;890;2015
9991;2015;7615;2015
6536;2015;793;2015
3560;2015;7099;2015
1913;2015;42577;2015
0667;2015;3099;2015
2684;2015;22747;2015
5711;2015;11798;2015
8416;2015;1334;2015
1398;2015;2149;2015
4257;2015;5318;2015
1250;2015;8548;2015
9352;2015;40445;2015
3928;2015;1994;2015
5872;2015;2605;2015
0841;2015;8307;2015
3969;2015;1459;2015
3249;2015;1927;2015
0960;2015;1912;2015
6278;2015;47493;2015
1597;2015;6654;2015
0165;2015;21856;2015
8028;2015;12877;2015
7577;2015;258;2015
9200;2015;766;2015
7449;2015;2404;2015
5727;2015;61021;2015
5196;2015;1126;2015
4305;2015;10303;2015
5618;2015;10107;2015
3841;2015;784;2015
8371;2015;195;2015
0854;2015;375;2015
7161;2015;16574;2015
4072;2015;258;2015
2646;2015;11593;2015
5724;2015;955;2015
3501;2015;734;2015
3895;2015;2794353;2015
5016;2015;1346;2015
4283;2015;7264;2015
3046;2015;915;2015
4501;2015;1531;2015
5287;2015;2958;2015
9057;2015;18233;2015
3566;2015;4893;2015
8935;2015;3630;2015
6619;2015;3194;2015
1597;2015;181;2015
8581;2015;9162;2015
2313;2015;8884;2015
6440;2015;54636;2015
2671;2015;5121;2015
7793;2015;1071;2015
9862;2015;5602;2015
9396;2015;281;2015
7183;2015;278;2015
9131;2015;15368;2015
2667;2015;53282;2015
9435;2015;3961;2015
5375;2015;177;2015
0351;2015;17414;2015
4985;2015;13360;2015
9515;2015;39396;2015
0684;2015;47931;2015
9981;2015;37817;2015
6431;2015;14997;2015
8908;2015;75229;2015
9404;2015;31421;2015
1230;2015;71874;2015
4003;2015;1555;2015
3826;2015;605;2015
7046;2015;4459;2015
1568;2015;36211;2015
3114;2015;10976;2015
9130;2015;38834;2015
1642;2015;37505;2015
2033;2015;20691;2015
0970;2015;10432;2015
6174;2015;124252;2015
2423;2015;4146;2015
1331;2015;3032;2015
1345;2015;19826;2015
1013;2015;6235;2015
2214;2015;3902;2015
1023;2015;14725;2015
1563;2015;3252;2015
9808;2015;14149;2015
3662;2015;1190;2015
4927;2015;4629;2015
1656;2015;1149;2015
5035;2015;1141;2015
3721;2015;19637;2015
6307;2015;9418;2015
6104;2015;6831;2015
9962;2015;9762;2015
4710;2015;24140;2015
8186;2015;7433;2015
4897;2015;3332;2015
7401;2015;2957;2015
5876;2015;44640;2015
7454;2015;723;2015
3174;2015;256;2015
4662;2015;1924;2015
9573;2015;28418;2015
7134;2015;2681;2015
7258;2015;4339;2015
8135;2015;21406;2015
2368;2015;5250;2015
5217;2015;5737;2015
2884;2015;2288;2015
2398;2015;7208;2015
8889;2015;4325;2015
6376;2015;2587;2015
0535;2015;739;2015
1885;2015;8700;2015
7934;2015;2727;2015
4273;2015;1727;2015
3769;2015;553;2015
2708;2015;2700;2015
4187;2015;35299;2015
3207;2015;3448;2015
8819;2015;874;2015
9148;2015;3934;2015
4500;2015;4777;2015
0610;2015;23188;2015
0302;2015;8661;2015
4090;2015;7915;2015
5176;2015;1868;2015
6784;2015;961;2015
9886;2015;699;2015
3838;2015;1644;2015
5646;2015;3824;2015
7328;2015;553;2015
9996;2015;20736;2015
0689;2015;556;2015
9774;2015;10183;2015
1111;2015;2939;2015
1479;2015;1302;2015
8443;2015;45816;2015
8358;2015;2085;2015
7370;2015;1240;2015
5444;2015;2399;2015
3728;2015;1617;2015
0140;2015;11595;2015
7118;2015;12857;2015
5710;2015;3224;2015
6362;2015;8198;2015
1606;2015;1468;2015
3072;2015;3172;2015
8889;2015;1541;2015
1469;2015;1213;2015
9312;2015;2884;2015
3244;2015;6409;2015
3812;2015;4636;2015
4058;2015;2559;2015
6809;2015;4173;2015
8006;2015;13064;2015
8043;2015;1141;2015
6134;2015;5208;2015
5828;2015;958;2015
3317;2015;7249;2015
2138;2015;343;2015
6342;2015;2101;2015
7054;2015;3147;2015
7104;2015;3330;2015
0257;2015;967;2015
1068;2015;1484;2015
0186;2015;1891;2015
1030;2015;6153;2015
5978;2015;1357;2015
5042;2015;2583;2015
3938;2015;3063;2015
6770;2015;723;2015
2210;2015;2604;2015
1249;2015;25982;2015
5679;2015;2458;2015
5901;2015;4827;2015
6444;2015;419;2015
9926;2015;1361;2015
0598;2015;4661;2015
3218;2015;1798;2015
6404;2015;1692;2015
2762;2015;2630;2015
5375;2015;944;2015
6558;2015;1567;2015
6404;2015;20257;2015
2083;2015;777;2015
8421;2015;2206;2015
0226;2015;1223;2015
7672;2015;2626;2015
0989;2015;1709;2015
8595;2015;354;2015
0556;2015;1390;2015
3172;2015;7470;2015
1268;2015;4804;2015
0079;2015;5346;2015
8518;2015;52400;2015
4328;2015;2174;2015
7783;2015;6009;2015
6782;2015;1817;2015
0404;2015;5614;2015
9577;2015;5686;2015
0171;2015;1941;2015
3014;2015;5663;2015
4356;2015;10059;2015
3864;2015;1528;2015
6030;2015;18653;2015
3159;2015;7137;2015
2291;2015;7223;2015
3569;2015;13574;2015
5127;2015;21210;2015
5584;2015;10072;2015
9044;2015;8556;2015
0685;2015;75524;2015
4785;2015;1595;2015
3231;2015;1162;2015
7729;2015;1492;2015
3439;2015;3854;2015
9413;2015;24451;2015
2077;2015;4987;2015
7370;2015;8802;2015
6508;2015;418;2015
4670;2015;1246;2015
6894;2015;7059;2015
7843;2015;2089;2015
7113;2015;806;2015
6781;2015;1467;2015
9244;2015;4855;2015
8580;2015;8915;2015
1290;2015;601;2015
1131;2015;2141;2015
9275;2015;643;2015
4234;2015;3614;2015
0500;2015;7042;2015
9776;2015;11707;2015
5888;2015;704;2015
5891;2015;1161;2015
5573;2015;15298;2015
6330;2015;10549;2015
6723;2015;38772;2015
2360;2015;39518;2015
3040;2015;2200;2015
0952;2015;3217;2015
7257;2015;28282;2015
8339;2015;27180;2015
6084;2015;11396;2015
0206;2015;3070;2015
4954;2015;2359;2015
4291;2015;11220;2015
9339;2015;4668;2015
4929;2015;2984;2015
3783;2015;6024;2015
2451;2015;1687;2015
9126;2015;7710;2015
2092;2015;1492;2015
7444;2015;1555;2015
8895;2015;1777;2015
6402;2015;1298;2015
2195;2015;7782;2015
4795;2015;2302;2015
5320;2015;3265;2015
0384;2015;3493;2015
7120;2015;848;2015
0055;2015;464;2015
1506;2015;1784;2015
1901;2015;13530;2015
1790;2015;17430;2015
4989;2015;999;2015
6099;2015;14030;2015
7271;2015;22203;2015
7174;2015;924;2015
1312;2015;1953;2015
7852;2015;12278;2015
8351;2015;14149;2015
9201;2015;32576;2015
7297;2015;2719;2015
9668;2015;5665;2015
5227;2015;2241;2015
2007;2015;14305;2015
1870;2015;21675;2015
7652;2015;7421;2015
2119;2015;8450;2015
4301;2015;12404;2015
6991;2015;14158;2015
3939;2015;906;2015
6551;2015;18976;2015
5233;2015;6532;2015
4196;2015;881;2015
9014;2015;2748;2015
5469;2015;7144;2015
8249;2015;11834;2015
9698;2015;7478;2015
7200;2015;3652;2015
7814;2015;7801;2015
0481;2015;6921;2015
6867;2015;6585;2015
8972;2015;8202;2015
2218;2015;2790;2015
0381;2015;5661;2015
1195;2015;2635;2015
9610;2015;1997;2015
6568;2015;756;2015
8169;2015;2403;2015
8340;2015;59724;2015
4626;2015;1429;2015
9402;2015;2096;2015
0788;2015;1739;2015
3059;2015;2663;2015
5858;2015;1067;2015
8038;2015;1537;2015
3398;2015;1380;2015
3975;2015;919;2015
2547;2015;1477;2015
7795;2015;1251;2015
4357;2015;2602;2015
5730;2015;1238;2015
7176;2015;2049;2015
8035;2015;3404;2015
3530;2015;3930;2015
6637;2015;2387;2015
2750;2015;2400;2015
8586;2015;4093;2015
0522;2015;2770;2015
9049;2015;2199;2015
9892;2015;3628;2015
7656;2015;3386;2015
3090;2015;1415;2015
4545;2015;1227;2015
5738;2015;1052;2015
4921;2015;1842;2015
8164;2015;2301;2015
7871;2015;467;2015
0975;2015;5022;2015
3809;2015;4071;2015
5907;2015;1863;2015
2035;2015;4047;2015
1636;2015;1612;2015
9380;2015;1528;2015
5073;2015;13332;2015
3315;2015;4922;2015
2987;2015;3967;2015
7490;2015;2418;2015
7988;2015;2078;2015
0010;2015;2053;2015
8327;2015;1642;2015
1537;2015;1995;2015
8130;2015;543;2015
2535;2015;3090;2015
9153;2015;2546;2015
0289;2015;2171;2015
7611;2015;1354;2015
6384;2015;1210;2015
6623;2015;4856;2015
3386;2015;10011;2015
7653;2015;3003;2015
9590;2015;3073;2015
8833;2015;2244;2015
2955;2015;2145;2015
3043;2015;795;2015
1870;2015;3362;2015
1840;2015;1208;2015
0421;2015;879;2015
2242;2015;3731;2015
3108;2015;3983;2015
2410;2015;922;2015
3786;2015;11199;2015
0134;2015;4347;2015
2448;2015;620;2015
1266;2015;3808;2015
9987;2015;7551;2015
4911;2015;1512;2015
1549;2015;3406;2015
9905;2015;2961;2015
7986;2015;582;2015
7117;2015;58994;2015
9106;2015;63488;2015
8316;2015;7627;2015
4666;2015;6885;2015
7310;2015;34773;2015
4675;2015;26424;2015
9609;2015;10217;2015
3981;2015;27567;2015
5305;2015;10295;2015
6161;2015;16407;2015
2212;2015;37708;2015
9831;2015;12505;2015
3276;2015;5318;2015
0628;2015;7093;2015
6495;2015;2422;2015
1983;2015;22043;2015
8354;2015;49124;2015
3842;2015;3290;2015
8488;2015;8360;2015
1823;2015;14069;2015
5267;2015;18473;2015
5932;2015;3892;2015
1384;2015;76751;2015
8099;2015;65519;2015
9214;2015;7812;2015
2290;2015;18169;2015
3311;2015;12608;2015
7406;2015;7273;2015
4494;2015;1805;2015
2191;2015;12360;2015
0814;2015;17327;2015
3882;2015;29546;2015
0417;2015;16034;2015
6321;2015;118853;2015
6424;2015;29042;2015
8769;2015;17902;2015
1402;2015;19151;2015
0768;2015;4828;2015
0191;2015;6165;2015
7109;2015;1603;2015
6525;2015;58565;2015
2623;2015;7715;2015
5752;2015;29779;2015
8362;2015;14052;2015
7992;2015;36587;2015
2511;2015;7999;2015
7043;2015;12818;2015
2636;2015;34576;2015
9441;2015;961011;2015
1853;2015;33928;2015
0227;2015;23580;2015
6708;2015;15078;2015
3354;2015;13052;2015
5394;2015;5945;2015
2007;2015;21879;2015
0156;2015;13511;2015
7093;2015;39861;2015
4303;2015;25433;2015
6013;2015;54740;2015
4339;2015;80963;2015
2559;2015;10386;2015
4345;2015;25260;2015
1590;2015;39837;2015
8936;2015;53233;2015
3315;2015;7050;2015
0144;2015;11795;2015
1538;2015;44996;2015
1713;2015;29476;2015
9480;2015;3508;2015
6395;2015;9179;2015
1482;2015;9097;2015
7405;2015;27522;2015
9133;2015;33563;2015
9318;2015;19722;2015
3696;2015;6471;2015
8775;2015;15796;2015
4791;2015;5969;2015
4432;2015;3164;2015
6664;2015;34640;2015
9556;2015;16615;2015
6518;2015;8325;2015
4648;2015;18652;2015
5080;2015;42216;2015
6611;2015;84990;2015
2070;2015;3736;2015
3794;2015;20719;2015
8729;2015;30805;2015
9036;2015;4451;2015
2063;2015;23588;2015
9788;2015;11732;2015
2131;2015;9054;2015
0421;2015;5340;2015
8723;2015;3968;2015
0831;2015;4193;2015
6485;2015;1923;2015
1450;2015;1707;2015
7365;2015;22360;2015
5931;2015;10955;2015
3890;2015;7844;2015
5500;2015;54645;2015
8043;2015;3209;2015
2951;2015;4658;2015
1573;2015;3823;2015
7774;2015;2439;2015
8104;2015;332;2015
3340;2015;2385;2015
0517;2015;4650;2015
3488;2015;1146;2015
2828;2015;3492;2015
4879;2015;2388;2015
7239;2015;1415;2015
0937;2015;1801;2015
0746;2015;975;2015
3663;2015;1124;2015
6888;2015;2029;2015
1700;2015;1620;2015
3430;2015;9559;2015
7261;2015;2614;2015
6074;2015;476;2015
6024;2015;2266;2015
3106;2015;3038;2015
6343;2015;1367;2015
3990;2015;1831;2015
5501;2015;2886;2015
7042;2015;3166;2015
3896;2015;5391;2015
0394;2015;3774;2015
3349;2015;3529;2015
2633;2015;691;2015
1148;2015;8108;2015
1256;2015;1849;2015
8729;2015;1713;2015
0825;2015;2382;2015
2465;2015;1563;2015
2934;2015;3466;2015
5111;2015;6200;2015
0681;2015;1192;2015
7453;2015;3148;2015
7196;2015;1713;2015
6840;2015;1917;2015
9169;2015;12170;2015
9585;2015;7573;2015
3786;2015;420;2015
0056;2015;3730;2015
2940;2015;3331;2015
9575;2015;11662;2015
4461;2015;2284;2015
2382;2015;1335;2015
9536;2015;7731;2015
0089;2015;2842;2015
6348;2015;5309;2015
5660;2015;785;2015
4120;2015;1299;2015
4535;2015;1649;2015
2983;2015;5339;2015
6004;2015;4123;2015
6764;2015;2151;2015
6255;2015;1818;2015
2187;2015;659;2015
4254;2015;2385;2015
1398;2015;314;2015
2415;2015;2309;2015
7281;2015;1555;2015
9911;2015;2909;2015
8428;2015;3776;2015
9311;2015;1842;2015
9082;2015;1986;2015
4554;2015;2331;2015
4116;2015;849;2015
8084;2015;3588;2015
9594;2015;771;2015
5865;2015;1177;2015
9153;2015;4821;2015
4659;2015;2517;2015
8989;2015;778;2015
5378;2015;1561;2015
1929;2015;1642;2015
9333;2015;1397;2015
0432;2015;1529;2015
4602;2015;802;2015
7449;2015;732;2015
1046;2015;4201;2015
4343;2015;1286;2015
7802;2015;2181;2015
4722;2015;1142;2015
1053;2015;1228;2015
0250;2015;890;2015
4994;2015;7021;2015
1867;2015;2928;2015
2135;2015;12406;2015
1034;2015;580;2015
6968;2015;3671;2015
6733;2015;3040;2015
3678;2015;1592;2015
7662;2015;1548;2015
4115;2015;2372;2015
2061;2015;1521;2015
5685;2015;2137;2015
0416;2015;1341;2015
2199;2015;533;2015
0025;2015;989;2015
9641;2015;908;2015
9136;2015;2712;2015
1237;2015;1391;2015
1566;2015;2507;2015
0366;2015;972;2015
9992;2015;1686;2015
4183;2015;3431;2015
2142;2015;1087;2015
1409;2015;19370;2015
4968;2015;2757;2015
7665;2015;21441;2015
2302;2015;6488;2015
8222;2015;1004;2015
4817;2015;7016;2015
7001;2015;5112;2015
7655;2015;33559;2015
7339;2015;1534;2015
4528;2015;5726;2015
0072;2015;2314;2015
1206;2015;855;2015
6828;2015;2341;2015
9298;2015;16879;2015
8494;2015;50403;2015
7467;2015;798;2015
4087;2015;5513;2015
9179;2015;5052;2015
5398;2015;2537;2015
4297;2015;2782;2015
9092;2015;1510;2015
5768;2015;6912;2015
3035;2015;16524;2015
1530;2015;441;2015
7503;2015;1061;2015
0263;2015;23113;2015
8232;2015;1173;2015
5703;2015;1428;2015
7096;2015;5296;2015
5545;2015;1944;2015
6340;2015;1731;2015
4332;2015;8841;2015
0593;2015;2700;2015
0638;2015;607;2015
5851;2015;13504;2015
2937;2015;2449;2015
4074;2015;1388;2015
5311;2015;52578;2015
6166;2015;1921;2015
7508;2015;5129;2015
4579;2015;2398;2015
9681;2015;2159;2015
3734;2015;1207;2015
1580;2015;3620;2015
1281;2015;700;2015
7461;2015;847;2015
9342;2015;3363;2015
7318;2015;2546;2015
9663;2015;585;2015
6631;2015;580;2015
5727;2015;39586;2015
5341;2015;1282;2015
6874;2015;13752;2015
8817;2015;773;2015
8506;2015;1189;2015
0750;2015;5225;2015
6125;2015;11973;2015
9883;2015;1279;2015
7006;2015;1254;2015
3430;2015;1038;2015
7442;2015;1168;2015
4538;2015;1558;2015
2220;2015;789;2015
6766;2015;1438;2015
2415;2015;1078;2015
2957;2015;694;2015
6714;2015;5543;2015
3331;2015;22143;2015
6624;2015;2735;2015
1887;2015;1820;2015
4423;2015;2035;2015
2510;2015;2625;2015
8816;2015;10709;2015
1614;2015;12584;2015
1659;2015;564;2015
6911;2015;1545;2015
2217;2015;6707;2015
1938;2015;665;2015
9447;2015;45708;2015
6625;2015;24141;2015
7132;2015;2325;2015
2426;2015;2293;2015
7239;2015;6811;2015
6214;2015;3805;2015
1008;2015;1647;2015
5503;2015;1087;2015
6115;2015;645;2015
1141;2015;5311;2015
9763;2015;35397;2015
2980;2015;4000;2015
0374;2015;10818;2015
8138;2015;1774;2015
9994;2015;931;2015
1585;2015;694;2015
4697;2015;1156;2015
7654;2015;1308;2015
2380;2015;2635;2015
0811;2015;5232;2015
1653;2015;2372;2015
1891;2015;25961;2015
6531;2015;3942;2015
2433;2015;2156;2015
6706;2015;2056;2015
0409;2015;1035;2015
9350;2015;2504;2015
9286;2015;1153;2015
1579;2015;7212;2015
5575;2015;1704;2015
3133;2015;9097;2015
5882;2015;1561;2015
6700;2015;370;2015
1813;2015;801;2015
6883;2015;836;2015
6570;2015;493;2015
6928;2015;12455;2015
7851;2015;1947;2015
8517;2015;134338;2015
5976;2015;564;2015
3872;2015;6604;2015
9015;2015;3747;2015
0525;2015;4292;2015
0237;2015;2629;2015
1894;2015;10428;2015
2807;2015;908;2015
0544;2015;594;2015
5134;2015;1690;2015
9585;2015;1754;2015
3605;2015;3215;2015
6091;2015;646;2015
1435;2015;2819;2015
2451;2015;8857;2015
9193;2015;440;2015
1563;2015;10945;2015
7442;2015;2608;2015
2001;2015;6743;2015
0006;2015;31220;2015
7559;2015;5034;2015
8723;2015;50240;2015
8627;2015;1536;2015
2296;2015;330;2015
0330;2015;3992;2015
0424;2015;1343;2015
5692;2015;9963;2015
1133;2015;3457;2015
5173;2015;738;2015
2800;2015;874;2015
8655;2015;7939;2015
4617;2015;1861;2015
0132;2015;1260;2015
0329;2015;2131;2015
2173;2015;526;2015
8260;2015;4163;2015
4361;2015;1623;2015
6021;2015;252;2015
3214;2015;8515;2015
7850;2015;1654;2015
5428;2015;3260;2015
5175;2015;7850;2015
0220;2015;13457;2015
2232;2015;335;2015
5166;2015;1468;2015
9500;2015;902;2015
4329;2015;337;2015
9252;2015;1177;2015
0845;2015;42058;2015
8420;2015;3487;2015
5883;2015;751;2015
4864;2015;1841;2015
1069;2015;722;2015
5929;2015;218;2015
1210;2015;1118;2015
3144;2015;1361;2015
4433;2015;136;2015
9040;2015;816;2015
7245;2015;543;2015
9030;2015;989;2015
6995;2015;277;2015
6574;2015;877;2015
9626;2015;5235;2015
6391;2015;670;2015
6151;2015;234;2015
5707;2015;532;2015
7863;2015;90;2015
7935;2015;5422;2015
0313;2015;417;2015
8838;2015;300;2015
4298;2015;6507;2015
1005;2015;1115;2015
3194;2015;155;2015
2942;2015;986;2015
7991;2015;10928;2015
1647;2015;1654;2015
3454;2015;990;2015
4906;2015;304;2015
4518;2015;3263;2015
6044;2015;232;2015
9435;2015;896;2015
0194;2015;1233;2015
2092;2015;235;2015
9499;2015;1045;2015
6437;2015;418;2015
8595;2015;363;2015
7066;2015;722;2015
1490;2015;255;2015
4035;2015;1983;2015
2376;2015;580;2015
1068;2015;2120;2015
9064;2015;69954;2015
4694;2015;1680;2015
8647;2015;5992;2015
4425;2015;1006;2015
9185;2015;3685;2015
5331;2015;1469;2015
2078;2015;386;2015
4084;2015;2589;2015
2701;2015;1455;2015
0036;2015;575;2015
6036;2015;1174;2015
8978;2015;497;2015
9042;2015;417;2015
3576;2015;1257;2015
1661;2015;528;2015
9993;2015;1850;2015
3767;2015;1227;2015
5874;2015;1173;2015
1547;2015;680;2015
1585;2015;2193;2015
7943;2015;4089;2015
0623;2015;1160;2015
8484;2015;1368;2015
4355;2015;4193;2015
4565;2015;1122;2015
6544;2015;491;2015
6736;2015;7517;2015
5962;2015;941;2015
9925;2015;2808;2015
0009;2015;690;2015
3068;2015;674;2015
1067;2015;858;2015
6186;2015;516;2015
5452;2015;1530;2015
9610;2015;187;2015
9100;2015;1591;2015
7609;2015;3881;2015
0984;2015;110;2015
4918;2015;1825;2015
2122;2015;662;2015
8133;2015;1168;2015
9441;2015;394;2015
6988;2015;111;2015
0389;2015;2332;2015
6765;2015;1861;2015
3541;2015;575;2015
0036;2015;3723;2015
3815;2015;2830;2015
3410;2015;355;2015
9278;2015;24501;2015
4574;2015;6852;2015
6548;2015;313;2015
9607;2015;3147;2015
4430;2015;6255;2015
1994;2015;564;2015
9897;2015;125;2015
2153;2015;440;2015
7329;2015;932;2015
5246;2015;655;2015
1945;2015;881;2015
5964;2015;12266;2015
9192;2015;1847;2015
1360;2015;832;2015
1814;2015;10684;2015
8534;2015;2434;2015
0440;2015;7129;2015
8746;2015;1923;2015
4239;2015;7089;2015
7371;2015;1931;2015
1590;2015;507;2015
1757;2015;7474;2015
6808;2015;1152;2015
6851;2015;2315;2015
7942;2015;1527;2015
9394;2015;2472;2015
3628;2015;1663;2015
7369;2015;5078;2015
0131;2015;2181;2015
6331;2015;3709;2015
8145;2015;2414;2015
1135;2015;5017;2015
9429;2015;656;2015
3022;2015;1304;2015
7722;2015;291;2015
0024;2015;23577;2015
0450;2015;4738;2015
5937;2015;1040;2015
5649;2015;8212;2015
7269;2015;3669;2015
4475;2015;9252;2015
0112;2015;5188;2015
1502;2015;6752;2015
0982;2015;1657;2015
4851;2015;271;2015
1092;2015;14935;2015
7982;2015;531;2015
2664;2015;25350;2015
3618;2015;9890;2015
2024;2015;5184;2015
6259;2015;15522;2015
8396;2015;54939;2015
2171;2015;1612;2015
3803;2015;2653;2015
9731;2015;11346;2015
1359;2015;1404;2015
7532;2015;966;2015
6579;2015;15743;2015
4014;2015;396;2015
5275;2015;3478;2015
9583;2015;1087;2015
9862;2015;293;2015
9116;2015;2528;2015
4127;2015;4006;2015
9893;2015;1958;2015
0819;2015;663;2015
5745;2015;826;2015
0253;2015;1388;2015
8178;2015;10794;2015
0216;2015;14883;2015
8798;2015;1234;2015
0959;2015;1822;2015
9847;2015;5977;2015
7324;2015;259;2015
9615;2015;1498;2015
3097;2015;1709;2015
4721;2015;1518;2015
0704;2015;2942;2015
4993;2015;7453;2015
2626;2015;7014;2015
5012;2015;991;2015
5815;2015;52687;2015
2564;2015;3193;2015
7621;2015;1819;2015
1943;2015;12251;2015
3332;2015;121393;2015
3464;2015;515;2015
0484;2015;8588;2015
5580;2015;1348;2015
7710;2015;484;2015
0393;2015;5180;2015
0563;2015;956;2015
7943;2015;3932;2015
8034;2015;311;2015
4182;2015;270;2015
3973;2015;1927;2015
3407;2015;3750;2015
8874;2015;568;2015
0138;2015;19090;2015
6676;2015;2658;2015
9177;2015;3136;2015
1122;2015;864;2015
3297;2015;394;2015
1818;2015;679;2015
3302;2015;3011;2015
5443;2015;2212;2015
3915;2015;1132;2015
7167;2015;1135;2015
9761;2015;10631;2015
2605;2015;797;2015
5091;2015;356;2015
0774;2015;5267;2015
3819;2015;89;2015
9124;2015;1370;2015
8539;2015;613;2015
5642;2015;602;2015
5381;2015;1307;2015
6687;2015;923;2015
0149;2015;6155;2015
0004;2015;3099;2015
0350;2015;5657;2015
8861;2015;4317;2015
0721;2015;381;2015
9829;2015;1801;2015
6778;2015;921;2015
5668;2015;51623;2015
4613;2015;352;2015
7214;2015;840;2015
2952;2015;200;2015
0465;2015;510;2015
2341;2015;2894;2015
3922;2015;4830;2015
8476;2015;357;2015
9639;2015;1933;2015
6920;2015;1418;2015
5328;2015;976;2015
1407;2015;6210;2015
0895;2015;335;2015
1125;2015;24558;2015
1486;2015;961;2015
4882;2015;1757;2015
9896;2015;988;2015
5604;2015;321;2015
4701;2015;1476;2015
6462;2015;2824;2015
8874;2015;1235;2015
5009;2015;9043;2015
5631;2015;419;2015
3710;2015;1275;2015
9494;2015;35377;2015
6165;2015;690;2015
1285;2015;359;2015
1795;2015;718;2015
7343;2015;4866;2015
4634;2015;981;2015
2862;2015;133;2015
2680;2015;82;2015
9986;2015;687;2015
2122;2015;2477;2015
1032;2015;2411;2015
4460;2015;3941;2015
8737;2015;23129;2015
7797;2015;4370;2015
6299;2015;1387;2015
7780;2015;917;2015
1930;2015;1015;2015
0200;2015;276;2015
0312;2015;472;2015
4826;2015;1631;2015
9206;2015;1118;2015
9473;2015;873;2015
1680;2015;2277;2015
1259;2015;936;2015
4453;2015;820;2015
2985;2015;1321;2015
1629;2015;4036;2015
2198;2015;1708;2015
6995;2015;2329;2015
0060;2015;1231;2015
0066;2015;1344;2015
8107;2015;104;2015
2305;2015;235;2015
2693;2015;978;2015
6722;2015;188;2015
7311;2015;13848;2015
4080;2015;944;2015
6996;2015;19800;2015
7079;2015;1996;2015
8273;2015;2447;2015
0004;2015;5318;2015
2545;2015;3257;2015
5688;2015;866;2015
8984;2015;377;2015
9591;2015;4054;2015
1175;2015;3063;2015
5279;2015;1807;2015
2887;2015;820;2015
6762;2015;4192;2015
1143;2015;1352;2015
8695;2015;1623;2015
4377;2015;413;2015
2727;2015;1674;2015
3449;2015;40653;2015
1285;2015;951;2015
7324;2015;2363;2015
2298;2015;1327;2015
3672;2015;133;2015
0991;2015;141;2015
5993;2015;675;2015
9947;2015;2674;2015
6298;2015;7953;2015
2796;2015;1390;2015
8102;2015;1271;2015
1117;2015;48768;2015
7010;2015;645;2015
7217;2015;2569;2015
4253;2015;833;2015
6760;2015;7456;2015
2764;2015;2163;2015
0649;2015;567;2015
2235;2015;317;2015
5442;2015;541;2015
6196;2015;1497;2015
9572;2015;948;2015
9107;2015;3746;2015
7935;2015;685;2015
8933;2015;393;2015
6946;2015;794;2015
9050;2015;1916;2015
4681;2015;408;2015
7727;2015;3295;2015
3337;2015;1345;2015
6825;2015;1469;2015
7548;2015;807;2015
5261;2015;1041;2015
7156;2015;776;2015
9461;2015;5314;2015
7729;2015;1753;2015
7652;2015;6830;2015
2662;2015;765;2015
5628;2015;673;2015
8724;2015;503;2015
7323;2015;572;2015
5053;2015;1192;2015
4211;2015;1119;2015
4272;2015;2159;2015
1999;2015;167;2015
2140;2015;517;2015
6236;2015;1087;2015
9190;2015;1335;2015
5674;2015;1558;2015
7631;2015;364;2015
2928;2015;399;2015
3125;2015;6648;2015
6629;2015;439;2015
8400;2015;588;2015
8849;2015;1662;2015
8179;2015;1736;2015
4006;2015;3777;2015
5154;2015;1164;2015
2809;2015;1372;2015
0789;2015;217;2015
1136;2015;2526;2015
0324;2015;120;2015
0393;2015;5237;2015
9604;2015;511;2015
8270;2015;3155;2015
0439;2015;830;2015
7399;2015;1198;2015
2595;2015;680;2015
8460;2015;192;2015
3719;2015;633;2015
0822;2015;1392;2015
4484;2015;576;2015
0508;2015;1031;2015
0477;2015;1033;2015
6520;2015;4766;2015
3299;2015;875;2015
2841;2015;465;2015
3670;2015;4453;2015
8688;2015;345;2015
2452;2015;1804;2015
3707;2015;1951;2015
8338;2015;1328;2015
9697;2015;724;2015
6345;2015;33455;2015
7316;2015;802;2015
0582;2015;1403;2015
6983;2015;4684;2015
5163;2015;926;2015
6494;2015;2681;2015
4776;2015;3329;2015
7359;2015;2352;2015
7469;2015;984;2015
0140;2015;1292;2015
5024;2015;13235;2015
6715;2015;6212;2015
6444;2015;2788;2015
9297;2015;3282;2015
8365;2015;7251;2015
8096;2015;2709;2015
0017;2015;6572;2015
7114;2015;1001;2015
0494;2015;4196;2015
3611;2015;1562;2015
9321;2015;1868;2015
4736;2015;2103;2015
7854;2015;1303;2015
4861;2015;1443;2015
4171;2015;1601;2015
4132;2015;166;2015
9196;2015;57098;2015
5173;2015;1696;2015
8521;2015;3813;2015
0981;2015;627;2015
2545;2015;150981;2015
4608;2015;4377;2015
1780;2015;468;2015
1534;2015;6392;2015
7870;2015;33613;2015
5377;2015;56953;2015
4796;2015;6292;2015
4107;2015;1018;2015
1273;2015;12605;2015
9412;2015;730;2015
0056;2015;2745;2015
2381;2015;17655;2015
7043;2015;813;2015
3895;2015;4472;2015
6453;2015;2741;2015
8824;2015;2713;2015
3968;2015;2103;2015
4654;2015;1867;2015
4471;2015;3653;2015
0521;2015;1070;2015
8788;2015;27090;2015
1973;2015;13799;2015
6249;2015;1002;2015
3574;2015;15364;2015
1604;2015;5812;2015
3046;2015;52621;2015
1326;2015;1954;2015
3541;2015;3907;2015
8629;2015;5704;2015
8122;2015;5326;2015
0084;2015;17243;2015
2450;2015;7161;2015
0822;2015;7694;2015
1885;2015;13849;2015
9970;2015;432;2015
3471;2015;1731;2015
5651;2015;2835;2015
7458;2015;3355;2015
0242;2015;20634;2015
8139;2015;17235;2015
8232;2015;10751;2015
3700;2015;70051;2015
4097;2015;318234;2015
6537;2015;2233;2015
9452;2015;12041;2015
3365;2015;54451;2015
9815;2015;11350;2015
1052;2015;15612;2015
4318;2015;19698;2015
1974;2015;14713;2015
1282;2015;19496;2015
9108;2015;5812;2015
4204;2015;26038;2015
3426;2015;47997;2015
9351;2015;27601;2015
2824;2015;20088;2015
7214;2015;43515;2015
3018;2015;12832;2015
1791;2015;14106;2015
2364;2015;38282;2015
9399;2015;25607;2015
9733;2015;59214;2015
8253;2015;48768;2015
5967;2015;19090;2015
7925;2015;26092;2015
7126;2015;21568;2015
4436;2015;1420;2015
0865;2015;17879;2015
1539;2015;26627;2015
8522;2015;18597;2015
8254;2015;25448;2015
2339;2015;6523;2015
7931;2015;9837;2015
8521;2015;26569;2015
2294;2015;26861;2015
3502;2015;8600;2015
1386;2015;27100;2015
3998;2015;13174;2015
9786;2015;17955;2015
1707;2015;6740;2015
9347;2015;6985;2015
3148;2015;16929;2015
3004;2015;13691;2015
0642;2015;3533;2015
4128;2015;5261;2015
5030;2015;22386;2015
1219;2015;32021;2015
1716;2015;15240;2015
3135;2015;8046;2015
1769;2015;10092;2015
4069;2015;31182;2015
7194;2015;48936;2015
0687;2015;5400;2015
9935;2015;32633;2015
7460;2015;5635;2015
4326;2015;3938;2015
8486;2015;2426;2015
9603;2015;15915;2015
8616;2015;7781;2015
9641;2015;15998;2015
2690;2015;11342;2015
1453;2015;1822;2015
5598;2015;15248;2015
1944;2015;9241;2015
5686;2015;16060;2015
8582;2015;196713;2015
9252;2015;4219;2015
3200;2015;13897;2015
0135;2015;87719;2015
6192;2015;16528;2015
0201;2015;19953;2015
8384;2015;6632;2015
1688;2015;11580;2015
6284;2015;8734;2015
7854;2015;39291;2015
9378;2015;36420;2015
3820;2015;14560;2015
0505;2015;26854;2015
6667;2015;15262;2015
5577;2015;31410;2015
0443;2015;6737;2015
5343;2015;6341;2015
6779;2015;10042;2015
9393;2015;13858;2015
0790;2015;19163;2015
3366;2015;5442;2015
7645;2015;10536;2015
1455;2015;9250;2015
6990;2015;4736;2015
6923;2015;6423;2015
7894;2015;5667;2015
5298;2015;6688;2015
7116;2015;4843;2015
5803;2015;9475;2015
5612;2015;4109;2015
7446;2015;1828;2015
7498;2015;2799;2015
1807;2015;7126;2015
8786;2015;10349;2015
3484;2015;1719;2015
7074;2015;2468;2015
2405;2015;12044;2015
9866;2015;3814;2015
7274;2015;20266;2015
9451;2015;2916;2015
6246;2015;3892;2015
7689;2015;5325;2015
6543;2015;12800;2015
7891;2015;6109;2015
5317;2015;24240;2015
4134;2015;5805;2015
1202;2015;5527;2015
3571;2015;4167;2015
8074;2015;8992;2015
4238;2015;2970;2015
5981;2015;5166;2015
6466;2015;26745;2015
0682;2015;15481;2015
2188;2015;20736;2015
2665;2015;1218;2015
0433;2015;1965;2015
0291;2015;5792;2015
0291;2015;94996;2015
8041;2015;8587;2015
5030;2015;14251;2015
4162;2015;11708;2015
6639;2015;14316;2015
2478;2015;9128;2015
4921;2015;1655;2015
6286;2015;11477;2015
3099;2015;9887;2015
5488;2015;7105;2015
1026;2015;2217;2015
7990;2015;3546;2015
1285;2015;3649;2015
7428;2015;13939;2015
5283;2015;2654;2015
5676;2015;3345;2015
7671;2015;4961;2015
2643;2015;31329;2015
3019;2015;5375;2015
1267;2015;2310;2015
0457;2015;8069;2015
2252;2015;2294;2015
1936;2015;5701;2015
9724;2015;1517;2015
0919;2015;9149;2015
6891;2015;1678;2015
9594;2015;6106;2015
3605;2015;5383;2015
2878;2015;10951;2015
7265;2015;9715;2015
8721;2015;8347;2015
0704;2015;4585;2015
0223;2015;1472;2015
0889;2015;8238;2015
5772;2015;5696;2015
6390;2015;5881;2015
1977;2015;3540;2015
8239;2015;2992;2015
3303;2015;6968;2015
7759;2015;1865;2015
3306;2015;4100;2015
4551;2015;5514;2015
0953;2015;4774;2015
4246;2015;3733;2015
7842;2015;14061;2015
7645;2015;2319;2015
4054;2015;4469;2015
9883;2015;1638;2015
7829;2015;14925;2015
6797;2015;11841;2015
1311;2015;12141;2015
7107;2015;2823;2015
4330;2015;14498;2015
3296;2015;17483;2015
5014;2015;5219;2015
3960;2015;12380;2015
4580;2015;4421;2015
3085;2015;14128;2015
2746;2015;7167;2015
9545;2015;2005;2015
7747;2015;2033;2015
5637;2015;2413;2015
1153;2015;6082;2015
1894;2015;1498;2015
6422;2015;2401;2015
8735;2015;1420;2015
0954;2015;1698;2015
9765;2015;627;2015
4769;2015;3801;2015
4804;2015;11452;2015
1526;2015;1826;2015
0544;2015;1362;2015
6030;2015;2671;2015
1247;2015;2832;2015
7113;2015;5141;2015
9325;2015;4064;2015
8776;2015;900;2015
3938;2015;1936;2015
0061;2015;392;2015
4751;2015;808;2015
4985;2015;1310;2015
5290;2015;635;2015
2232;2015;294;2015
8983;2015;938;2015
9630;2015;2134;2015
9788;2015;816;2015
9081;2015;805;2015
7742;2015;1385;2015
4521;2015;1065;2015
7426;2015;653;2015
0175;2015;1962;2015
3392;2015;2497;2015
6440;2015;1431;2015
0762;2015;636;2015
8087;2015;2917;2015
3055;2015;2104;2015
8176;2015;4250;2015
6307;2015;860;2015
9252;2015;5733;2015
6494;2015;1694;2015
6795;2015;546;2015
0670;2015;5483;2015
6582;2015;4558;2015
7074;2015;1800;2015
6271;2015;12846;2015
6546;2015;13459;2015
8354;2015;5086;2015
9652;2015;4119;2015
0116;2015;5552;2015
8173;2015;1665;2015
2060;2015;17567;2015
3407;2015;565;2015
5528;2015;4052;2015
1330;2015;1613;2015
8705;2015;1239;2015
1840;2015;5422;2015
4925;2015;1492;2015
7094;2015;881;2015
8779;2015;3770;2015
9102;2015;4894;2015
8342;2015;1905;2015
5089;2015;5951;2015
0977;2015;4129;2015
7025;2015;1019;2015
2350;2015;6899;2015
4318;2015;66614;2015
8734;2015;4378;2015
5060;2015;982;2015
5181;2015;12989;2015
4848;2015;1793;2015
5848;2015;2764;2015
7351;2015;1527;2015
9226;2015;3475;2015
4508;2015;3570;2015
6210;2015;1078;2015
3938;2015;1369;2015
0711;2015;1089;2015
2479;2015;725;2015
6989;2015;2970;2015
3893;2015;796;2015
1583;2015;1555;2015
1067;2015;1410;2015
0963;2015;6561;2015
6860;2015;1402;2015
4313;2015;811;2015
9008;2015;2364;2015
8373;2015;1126;2015
3049;2015;7042;2015
1821;2015;1461;2015
2982;2015;617;2015
0690;2015;1196;2015
2665;2015;7295;2015
6832;2015;3238;2015
6436;2015;3087;2015
1885;2015;2293;2015
9965;2015;679;2015
3628;2015;2078;2015
3885;2015;11787;2015
2410;2015;2816;2015
8270;2015;3018;2015
6975;2015;3329;2015
3184;2015;744;2015
7355;2015;3366;2015
3668;2015;1864;2015
4081;2015;996;2015
1966;2015;12199;2015
6912;2015;778;2015
9042;2015;358;2015
6099;2015;1247;2015
0417;2015;724;2015
1083;2015;8755;2015
6109;2015;1072;2015
9256;2015;999;2015
6299;2015;5163;2015
1502;2015;2293;2015
4530;2015;4946;2015
0810;2015;60372;2015
8385;2015;2509;2015
9956;2015;7259;2015
7987;2015;9851;2015
7498;2015;6683;2015
1844;2015;452;2015
6684;2015;17336;2015
6564;2015;17115;2015
6666;2015;4137;2015
7161;2015;2645;2015
4371;2015;2826;2015
2579;2015;1217;2015
0579;2015;1528;2015
1428;2015;4343;2015
1606;2015;5344;2015
9300;2015;4995;2015
2192;2015;1538;2015
1780;2015;7489;2015
7052;2015;1112;2015
4536;2015;1879;2015
6273;2015;20809;2015
5059;2015;1708;2015
2952;2015;801;2015
6690;2015;1348;2015
1120;2015;456;2015
5604;2015;715;2015
7159;2015;4327;2015
4560;2015;13872;2015
9084;2015;2948;2015
4229;2015;2795;2015
9782;2015;1951;2015
5532;2015;929;2015
0850;2015;9278;2015
3199;2015;1288;2015
1967;2015;10149;2015
8185;2015;1289;2015
8466;2015;2819;2015
5945;2015;2248;2015
5740;2015;1325;2015
9642;2015;1252;2015
6457;2015;1806;2015
3671;2015;731;2015
8228;2015;8170;2015
4296;2015;3308;2015
2733;2015;249;2015
9445;2015;2567;2015
0676;2015;17515;2015
0869;2015;2851;2015
5571;2015;9802;2015
0574;2015;301;2015
6354;2015;22229;2015
7468;2015;2824;2015
8584;2015;502;2015
9632;2015;2387;2015
3177;2015;3175;2015
0861;2015;821;2015
8954;2015;1361;2015
1416;2015;10016;2015
6187;2015;901;2015
9840;2015;1281;2015
5793;2015;1241;2015
6399;2015;39758;2015
8605;2015;67047;2015
6973;2015;1070;2015
1022;2015;9652;2015
2068;2015;5224;2015
3725;2015;4388;2015
6617;2015;931;2015
6743;2015;3850;2015
2708;2015;1366;2015
1646;2015;1130;2015
7008;2015;2109;2015
0600;2015;2982;2015
0161;2015;2898;2015
1137;2015;2144;2015
7961;2015;8036;2015
7085;2015;1668;2015
7482;2015;2243;2015
4629;2015;1851;2015
9546;2015;2572;2015
0811;2015;1907;2015
3359;2015;837;2015
2096;2015;935;2015
9328;2015;3974;2015
2379;2015;2302;2015
2541;2015;3164;2015
6500;2015;2484;2015
6003;2015;9382;2015
7812;2015;1233;2015
9158;2015;777;2015
2373;2015;1794;2015
3158;2015;2831;2015
2730;2015;1869;2015
0425;2015;3521;2015
3222;2015;3169;2015
8110;2015;987;2015
6846;2015;9331;2015
1555;2015;1603;2015
6698;2015;19774;2015
8744;2015;1864;2015
2522;2015;4585;2015
8798;2015;3024;2015
5829;2015;1240;2015
0460;2015;401;2015
6014;2015;2222;2015
4127;2015;1261;2015
7394;2015;1059;2015
6663;2015;350;2015
8807;2015;15963;2015
2168;2015;728;2015
6176;2015;2181;2015
2016;2015;1367;2015
8673;2015;1901;2015
6546;2015;828;2015
3317;2015;1423;2015
2390;2015;1307;2015
8163;2015;1131;2015
4092;2015;744;2015
5918;2015;6665;2015
2809;2015;34881;2015
0290;2015;3279;2015
8772;2015;7092;2015
6841;2015;5639;2015
4913;2015;4324;2015
6600;2015;1925;2015
9125;2015;36217;2015
1240;2015;1145;2015
6823;2015;3132;2015
6715;2015;1065;2015
5715;2015;1544;2015
5719;2015;589;2015
8737;2015;3566;2015
3970;2015;1368;2015
9596;2015;2704;2015
5092;2015;1318;2015
6832;2015;1428;2015
5284;2015;17275;2015
6282;2015;639;2015
9284;2015;3361;2015
1183;2015;5852;2015
4949;2015;7325;2015
8985;2015;1080;2015
6934;2015;1870;2015
8441;2015;494;2015
3442;2015;3631;2015
5465;2015;2160;2015
3426;2015;1216;2015
1160;2015;1241;2015
6249;2015;1888;2015
4204;2015;4892;2015
2169;2015;2616;2015
5644;2015;1714;2015
4163;2015;2148;2015
1501;2015;3822;2015
4966;2015;1001;2015
5554;2015;10771;2015
4634;2015;1210;2015
5118;2015;477;2015
2734;2015;987;2015
2636;2015;6977;2015
2874;2015;4484;2015
2200;2015;2070;2015
2778;2015;2038;2015
4561;2015;4950;2015
1208;2015;805;2015
2216;2015;4547;2015
2150;2015;6088;2015
7168;2015;8984;2015
6494;2015;2594;2015
5337;2015;1119;2015
6418;2015;3040;2015
7330;2015;5319;2015
0838;2015;2549;2015
6368;2015;945;2015
8829;2015;1828;2015
9328;2015;819;2015
8675;2015;769;2015
8792;2015;521;2015
0665;2015;3068;2015
5570;2015;1341;2015
3744;2015;7457;2015
4779;2015;5143;2015
0502;2015;1871;2015
1190;2015;2169;2015
4125;2015;1504;2015
7223;2015;89216;2015
9153;2015;560;2015
9582;2015;397;2015
3688;2015;1207;2015
8247;2015;5703;2015
2845;2015;972;2015
3399;2015;1386;2015
0099;2015;2097;2015
8062;2015;4622;2015
5252;2015;6732;2015
0251;2015;5546;2015
8301;2015;3109;2015
0411;2015;3901;2015
3812;2015;2117;2015
8533;2015;593;2015
0372;2015;495;2015
7817;2015;2096;2015
5464;2015;3357;2015
0791;2015;5933;2015
1937;2015;4872;2015
2658;2015;4465;2015
5552;2015;1633;2015
2035;2015;621;2015
9401;2015;1250;2015
3341;2015;4478;2015
6834;2015;443;2015
9053;2015;2259;2015
8982;2015;868;2015
8432;2015;1107;2015
9398;2015;764;2015
7399;2015;1659;2015
8499;2015;5184;2015
2959;2015;847;2015
5793;2015;4684;2015
1687;2015;521;2015
3841;2015;1208;2015
3828;2015;2113;2015
8991;2015;1120;2015
7869;2015;2635;2015
6500;2015;2570;2015
8396;2015;2158;2015
3199;2015;714;2015
8918;2015;1550;2015
4530;2015;4166;2015
7227;2015;1695;2015
4844;2015;1363;2015
6942;2015;2157;2015
4332;2015;1934;2015
1712;2015;1802;2015
1558;2015;3422;2015
8090;2015;524;2015
4550;2015;7360;2015
6486;2015;3157;2015
2973;2015;4622;2015
3494;2015;3115;2015
7436;2015;4612;2015
2790;2015;804;2015
7924;2015;8915;2015
4957;2015;3063;2015
2796;2015;1560;2015
3260;2015;3552;2015
1084;2015;2389;2015
3058;2015;2701;2015
2624;2015;3852;2015
3698;2015;1025;2015
8782;2015;1743;2015
3295;2015;1641;2015
4255;2015;69555;2015
8961;2015;3058;2015
4872;2015;556;2015
1679;2015;2195;2015
9063;2015;1321;2015
7748;2015;4866;2015
0185;2015;1033;2015
8528;2015;10146;2015
7159;2015;2537;2015
9844;2015;4193;2015
3448;2015;1389;2015
9429;2015;462;2015
0561;2015;8822;2015
4995;2015;4240;2015
1371;2015;3527;2015
7427;2015;1110;2015
9648;2015;930;2015
4105;2015;767;2015
0092;2015;4469;2015
9521;2015;410;2015
2971;2015;742;2015
4621;2015;536;2015
2657;2015;1625;2015
1623;2015;2316;2015
5414;2015;751;2015
7562;2015;6989;2015
2342;2015;568;2015
9509;2015;6550;2015
9827;2015;10326;2015
2945;2015;5019;2015
3736;2015;861;2015
3800;2015;3333;2015
5555;2015;1682;2015
1061;2015;745;2015
5876;2015;1060;2015
3403;2015;1700;2015
9874;2015;2652;2015
7186;2015;1897;2015
8668;2015;19377;2015
0708;2015;7069;2015
9745;2015;3113;2015
1905;2015;411;2015
6906;2015;5111;2015
7538;2015;12411;2015
0708;2015;2871;2015
1551;2015;6524;2015
5190;2015;1532;2015
3362;2015;535;2015
4033;2015;936;2015
5328;2015;4998;2015
4083;2015;11172;2015
4469;2015;2552;2015
7333;2015;3418;2015
4508;2015;6067;2015
4757;2015;6093;2015
8739;2015;5291;2015
6163;2015;2428;2015
1210;2015;18665;2015
5690;2015;566;2015
5105;2015;1175;2015
8735;2015;3798;2015
7699;2015;10298;2015
9980;2015;1202;2015
0361;2015;179466;2015
2369;2015;2093;2015
2229;2015;7792;2015
8565;2015;473;2015
8198;2015;6420;2015
9207;2015;1073;2015
5572;2015;14451;2015
2181;2015;802;2015
4002;2015;3050;2015
5662;2015;472;2015
5201;2015;2561;2015
3446;2015;3826;2015
0777;2015;1149;2015
3583;2015;529;2015
6363;2015;1725;2015
4089;2015;929;2015
1995;2015;594;2015
9925;2015;331;2015
8795;2015;4100;2015
9996;2015;1364;2015
7968;2015;1268;2015
5297;2015;928;2015
1308;2015;4913;2015
8540;2015;2763;2015
0617;2015;852;2015
8595;2015;17311;2015
2146;2015;2079;2015
3085;2015;246;2015
7650;2015;1301;2015
1081;2015;2608;2015
5444;2015;15394;2015
1204;2015;523;2015
1240;2015;2160;2015
1747;2015;13592;2015
1980;2015;4393;2015
8932;2015;45292;2015
8093;2015;2938;2015
8616;2015;6750;2015
8321;2015;11723;2015
3202;2015;15174;2015
7569;2015;31614;2015
9007;2015;5538;2015
3374;2015;27754;2015
3149;2015;4206;2015
5738;2015;4125;2015
2581;2015;82089;2015
6328;2015;51049;2015
0074;2015;11403;2015
5311;2015;7591;2015
7263;2015;10600;2015
4571;2015;1501;2015
4154;2015;1702;2015
4210;2015;10616;2015
9436;2015;5018;2015
1187;2015;4603;2015
1336;2015;68081;2015
9625;2015;12040;2015
1029;2015;2059;2015
2764;2015;8050;2015
9748;2015;3635;2015
6975;2015;2035;2015
6806;2015;1228;2015
7839;2015;8135;2015
4356;2015;10212;2015
8358;2015;55103;2015
4298;2015;6356;2015
4710;2015;2001;2015
2934;2015;11223;2015
9696;2015;4591;2015
6253;2015;4132;2015
4101;2015;1399;2015
0237;2015;7430;2015
2312;2015;8207;2015
9459;2015;4010;2015
4560;2015;512;2015
5060;2015;7438;2015
6994;2015;1312;2015
7206;2015;3355;2015
1204;2015;11347;2015
5940;2015;37910;2015
7859;2015;8945;2015
9185;2015;11540;2015
1964;2015;3408;2015
0400;2015;3089;2015
0592;2015;1032;2015
2409;2015;14223;2015
8343;2015;5298;2015
5503;2015;2845;2015
4206;2015;3752;2015
1617;2015;12257;2015
1646;2015;4023;2015
4759;2015;1768;2015
4546;2015;11231;2015
5295;2015;12675;2015
4634;2015;6823;2015
3465;2015;1970;2015
8844;2015;2309;2015
1410;2015;1949;2015
9851;2015;1205;2015
1661;2015;963;2015
9969;2015;1550;2015
5663;2015;7296;2015
3266;2015;3571;2015
4318;2015;6777;2015
4268;2015;6573;2015
2666;2015;2926;2015
4886;2015;28732;2015
1798;2015;38304;2015
8912;2015;6250;2015
0755;2015;3359;2015
0959;2015;2147;2015
5878;2015;659196;2015
0579;2015;31764;2015
1025;2015;3361;2015
3440;2015;2811;2015
9165;2015;6268;2015
6583;2015;3402;2015
9291;2015;2979;2015
0363;2015;4835;2015
7170;2015;1507;2015
5663;2015;2534;2015
8522;2015;5377;2015
7814;2015;8571;2015
3653;2015;1697;2015
7414;2015;1014;2015
5987;2015;11226;2015
1931;2015;2749;2015
9024;2015;426;2015
6885;2015;26237;2015
8463;2015;12067;2015
5421;2015;4310;2015
0772;2015;10276;2015
1885;2015;3130;2015
2407;2015;1348;2015
7793;2015;3581;2015
9001;2015;1942;2015
0076;2015;2857;2015
7977;2015;20035;2015
6441;2015;3343;2015
6956;2015;614;2015
9813;2015;1018;2015
9346;2015;1986;2015
9386;2015;761;2015
2744;2015;2533;2015
6346;2015;920;2015
1418;2015;41309;2015
0685;2015;610;2015
6646;2015;5778;2015
1664;2015;3116;2015
4275;2015;13143;2015
7645;2015;4515;2015
2587;2015;3334;2015
6218;2015;847;2015
7781;2015;1274;2015
4282;2015;3116;2015
8280;2015;1085;2015
0694;2015;2491;2015
9304;2015;2388;2015
1324;2015;482;2015
3367;2015;2780;2015
6563;2015;1470;2015
6938;2015;1405;2015
3311;2015;481;2015
2116;2015;1017;2015
1890;2015;896;2015
7262;2015;3910;2015
9981;2015;707;2015
9132;2015;3362;2015
5543;2015;3774;2015
6505;2015;3254;2015
3108;2015;2632;2015
9083;2015;367;2015
2904;2015;9357;2015
4823;2015;7087;2015
0474;2015;1480;2015
3838;2015;1776;2015
9835;2015;1678;2015
7899;2015;694;2015
7241;2015;2835;2015
3863;2015;1663;2015
9924;2015;832;2015
7212;2015;12410;2015
1099;2015;1471;2015
7352;2015;975;2015
7094;2015;738;2015
8536;2015;603;2015
6942;2015;1521;2015
8503;2015;2330;2015
7621;2015;235948;2015
7022;2015;31205;2015
5356;2015;1314;2015
2692;2015;970;2015
4678;2015;4774;2015
5996;2015;707;2015
2599;2015;2761;2015
3623;2015;595;2015
3769;2015;1615;2015
8008;2015;2278;2015
3090;2015;835;2015
5764;2015;735;2015
7367;2015;3783;2015
4154;2015;3634;2015
1783;2015;1341;2015
4348;2015;2165;2015
1757;2015;6233;2015
4792;2015;1160;2015
0766;2015;13344;2015
6164;2015;1351;2015
9687;2015;3951;2015
2019;2015;1028;2015
1173;2015;805;2015
1681;2015;197;2015
9060;2015;4041;2015
1325;2015;1127;2015
1511;2015;671;2015
5448;2015;2030;2015
1231;2015;6627;2015
0502;2015;7047;2015
6292;2015;3695;2015
1407;2015;1995;2015
6798;2015;2832;2015
8183;2015;2900;2015
9963;2015;1311;2015
1634;2015;981;2015
9764;2015;12753;2015
1676;2015;1543;2015
6740;2015;4655;2015
7814;2015;905;2015
3859;2015;3094;2015
1175;2015;9241;2015
9740;2015;1413;2015
9173;2015;4577;2015
2623;2015;3961;2015
0755;2015;1712;2015
7618;2015;2142;2015
0270;2015;2692;2015
5246;2015;5009;2015
1331;2015;10812;2015
1260;2015;7377;2015
5008;2015;6435;2015
6669;2015;869;2015
0737;2015;2926;2015
2643;2015;1057;2015
6016;2015;1344;2015
5170;2015;3891;2015
2458;2015;8572;2015
2280;2015;7354;2015
9304;2015;5715;2015
9268;2015;4382;2015
3165;2015;59455;2015
2395;2015;2950;2015
7015;2015;9382;2015
5732;2015;3705;2015
2307;2015;2677;2015
8901;2015;1335;2015
0870;2015;3669;2015
3155;2015;2084;2015
4530;2015;6359;2015
3276;2015;10060;2015
8595;2015;35032;2015
9816;2015;8250;2015
0752;2015;2895;2015
1638;2015;3744;2015
0815;2015;3449;2015
8900;2015;957;2015
8750;2015;32407;2015
9760;2015;5713;2015
1421;2015;1249;2015
2217;2015;6461;2015
6783;2015;37498;2015
6320;2015;1809;2015
5780;2015;12517;2015
4124;2015;2508;2015
9092;2015;3006;2015
4873;2015;7773;2015
0626;2015;22829;2015
2257;2015;16985;2015
1009;2015;8391;2015
2987;2015;12785;2015
5006;2015;11711;2015
3693;2015;4492;2015
5210;2015;18966;2015
3715;2015;5854;2015
6663;2015;3291;2015
5594;2015;8030;2015
1674;2015;2501;2015
2752;2015;6328;2015
5212;2015;1380;2015
5183;2015;4655;2015
6678;2015;40382;2015
9909;2015;4436;2015
6292;2015;1415;2015
6333;2015;940;2015
9464;2015;548;2015
5438;2015;4710;2015
2465;2015;62249;2015
1130;2015;3081;2015
3988;2015;4247;2015
0669;2015;75438;2015
0705;2015;1902;2015
5893;2015;12047;2015
6266;2015;3026;2015
5331;2015;1597;2015
4247;2015;10738;2015
8171;2015;27201;2015
2733;2015;2034;2015
9953;2015;11471;2015
7746;2015;22551;2015
8139;2015;5359;2015
9382;2015;6075;2015
7565;2015;7021;2015
5836;2015;1415;2015
3738;2015;3460;2015
8177;2015;1639;2015
0807;2015;8274;2015
7759;2015;4828;2015
1499;2015;5169;2015
7120;2015;13154;2015
1179;2015;4485;2015
2247;2015;4842;2015
1946;2015;5436;2015
0465;2015;2009;2015
7437;2015;27688;2015
2367;2015;3576;2015
3917;2015;13411;2015
5057;2015;13900;2015
8245;2015;2986;2015
5376;2015;21487;2015
1099;2015;6971;2015
2924;2015;7215;2015
1390;2015;800;2015
2777;2015;9338;2015
4134;2015;7802;2015
8920;2015;4902;2015
7242;2015;3523;2015
7058;2015;18211;2015
5219;2015;28914;2015
4413;2015;52391;2015
3333;2015;17825;2015
2208;2015;35473;2015
3264;2015;27577;2015
2753;2015;23657;2015
8569;2015;19107;2015
4172;2015;5207;2015
3735;2015;38014;2015
5540;2015;4865;2015
2097;2015;4641;2015
9022;2015;3207;2015
8952;2015;298726;2015
1599;2015;9496;2015
3544;2015;27364;2015
0163;2015;13083;2015
1486;2015;26180;2015
4453;2015;3016;2015
2466;2015;5379;2015
9571;2015;3898;2015
8462;2015;14032;2015
3066;2015;31084;2015
4748;2015;7420;2015
6713;2015;1091;2015
3175;2015;5129;2015
3009;2015;4805;2015
6868;2015;49423;2015
6999;2015;12129;2015
6505;2015;7403;2015
7851;2015;16541;2015
6802;2015;47883;2015
2394;2015;14053;2015
5431;2015;4031;2015
3861;2015;3167;2015
4331;2015;10707;2015
6137;2015;10907;2015
2139;2015;14582;2015
6313;2015;2664;2015
8496;2015;22661;2015
6490;2015;11897;2015
8122;2015;3207;2015
2721;2015;7649;2015
1180;2015;9377;2015
8595;2015;1572;2015
2767;2015;7530;2015
0259;2015;8522;2015
3092;2015;16906;2015
1562;2015;10786;2015
4902;2015;20560;2015
5218;2015;7825;2015
0944;2015;8439;2015
7508;2015;6179;2015
8653;2015;9502;2015
7833;2015;4055;2015
7004;2015;3713;2015
5280;2015;3915;2015
4684;2015;10670;2015
3740;2015;8224;2015
4008;2015;30406;2015
6296;2015;3040;2015
7530;2015;15907;2015
3698;2015;54353;2015
5500;2015;3025;2015
3764;2015;19329;2015
6595;2015;72201;2015
0850;2015;10658;2015
7215;2015;26624;2015
4725;2015;62887;2015
1579;2015;35724;2015
5914;2015;31461;2015
8310;2015;1975;2015
0509;2015;1059;2015
0628;2015;7061;2015
9089;2015;17363;2015
6155;2015;819;2015
8976;2015;2511;2015
4772;2015;22184;2015
2007;2015;12711;2015
7816;2015;23599;2015
4172;2015;13536;2015
9841;2015;23625;2015
9828;2015;21722;2015
5343;2015;8786;2015
4685;2015;21241;2015
7754;2015;121691;2015
0204;2015;7968;2015
3295;2015;8683;2015
0908;2015;3834;2015
9227;2015;12064;2015
4113;2015;42228;2015
8902;2015;661;2015
1886;2015;778;2015
2509;2015;576;2015
4460;2015;1892;2015
7940;2015;414;2015
8441;2015;983;2015
5393;2015;3570;2015
7440;2015;3461;2015
7583;2015;290;2015
7144;2015;690;2015
8314;2015;967;2015
6697;2015;515;2015
0770;2015;943;2015
0464;2015;763;2015
3436;2015;5894;2015
2502;2015;439;2015
6116;2015;1668;2015
3907;2015;1328;2015
1704;2015;851;2015
4001;2015;398;2015
0608;2015;1532;2015
0662;2015;548;2015
1904;2015;884;2015
6867;2015;521;2015
4578;2015;8736;2015
8495;2015;929;2015
6434;2015;626;2015
9593;2015;527;2015
3858;2015;116;2015
8547;2015;1906;2015
2256;2015;833;2015
8938;2015;822;2015
9467;2015;1395;2015
3750;2015;2773;2015
4655;2015;4197;2015
0310;2015;3086;2015
0898;2015;5874;2015
1279;2015;10712;2015
3942;2015;635;2015
8777;2015;3134;2015
8803;2015;2376;2015
2684;2015;4567;2015
5108;2015;22294;2015
7714;2015;2650;2015
1002;2015;729;2015
5953;2015;553;2015
0333;2015;126529;2015
5057;2015;1361;2015
5828;2015;167;2015
3396;2015;7292;2015
4487;2015;881;2015
0106;2015;14537;2015
2444;2015;3025;2015
2376;2015;2365;2015
5029;2015;975;2015
1853;2015;1576;2015
8063;2015;2974;2015
7367;2015;4416;2015
6815;2015;2318;2015
9539;2015;4208;2015
4089;2015;1742;2015
8773;2015;588;2015
9701;2015;1410;2015
3115;2015;759;2015
0430;2015;1561;2015
5753;2015;1289;2015
9218;2015;1161;2015
8081;2015;826;2015
1022;2015;638;2015
3275;2015;539;2015
3679;2015;2888;2015
4346;2015;2655;2015
6755;2015;2160;2015
3270;2015;1338;2015
4978;2015;2395;2015
5328;2015;8526;2015
4099;2015;623;2015
2661;2015;3942;2015
4345;2015;820;2015
5300;2015;2456;2015
0587;2015;2682;2015
2988;2015;2335;2015
1146;2015;521;2015
1494;2015;518;2015
4437;2015;1734;2015
7146;2015;1412;2015
7633;2015;10204;2015
8294;2015;2551;2015
8037;2015;1832;2015
7317;2015;324;2015
0590;2015;36175;2015
7374;2015;7115;2015
2372;2015;1311;2015
8209;2015;871;2015
9700;2015;375;2015
1843;2015;751;2015
6734;2015;912;2015
4318;2015;2883;2015
5957;2015;4235;2015
9957;2015;6955;2015
1765;2015;2047;2015
8335;2015;1181;2015
4462;2015;2398;2015
6759;2015;257;2015
0708;2015;2327;2015
8474;2015;1609;2015
7669;2015;2933;2015
7148;2015;1704;2015
9345;2015;2187;2015
5657;2015;1734;2015
3784;2015;11530;2015
0512;2015;1699;2015
8006;2015;675;2015
3156;2015;501;2015
0143;2015;2005;2015
5027;2015;2841;2015
7001;2015;349;2015
7539;2015;481;2015
1723;2015;26295;2015
6242;2015;828;2015
2269;2015;1123;2015
8516;2015;2782;2015
5839;2015;151865;2015
4888;2015;23098;2015
7167;2015;8127;2015
7736;2015;4418;2015
3042;2015;9704;2015
1360;2015;1693;2015
3087;2015;2102;2015
6223;2015;844;2015
5982;2015;493;2015
8014;2015;995;2015
5101;2015;2672;2015
0144;2015;2183;2015
3687;2015;7792;2015
7868;2015;4575;2015
5065;2015;5220;2015
1794;2015;2571;2015
6259;2015;964;2015
9677;2015;1172;2015
9157;2015;7326;2015
4102;2015;69880;2015
1592;2015;1683;2015
6243;2015;1244;2015
5145;2015;782;2015
2413;2015;8285;2015
1629;2015;1799;2015
6382;2015;3692;2015
8293;2015;5208;2015
6857;2015;29203;2015
3934;2015;1378;2015
2889;2015;4853;2015
7060;2015;2663;2015
2851;2015;20628;2015
2940;2015;6686;2015
8443;2015;3880;2015
3587;2015;1203;2015
9080;2015;16934;2015
3871;2015;2015;2015
7937;2015;1946;2015
1982;2015;1122;2015
1839;2015;3638;2015
8211;2015;4171;2015
7065;2015;8538;2015
7509;2015;1940;2015
3074;2015;4812;2015
3596;2015;1048;2015
8870;2015;2099;2015
9708;2015;3634;2015
7935;2015;6869;2015
1937;2015;2513;2015
9315;2015;13122;2015
8877;2015;1654;2015
0545;2015;9297;2015
4217;2015;19913;2015
0356;2015;2193;2015
7598;2015;593;2015
7428;2015;672;2015
1778;2015;1228;2015
8361;2015;2718;2015
8991;2015;910;2015
7617;2015;1286;2015
6723;2015;2179;2015
5932;2015;2296;2015
6103;2015;957;2015
1826;2015;652;2015
7880;2015;849;2015
4494;2015;1100;2015
9502;2015;261;2015
3112;2015;1307;2015
3483;2015;8893;2015
3378;2015;15635;2015
4107;2015;254;2015
1193;2015;9254;2015
3582;2015;2556;2015
7946;2015;6455;2015
4660;2015;8568;2015
4812;2015;876;2015
5962;2015;1523;2015
4461;2015;5134;2015
8511;2015;397;2015
9013;2015;960;2015
3078;2015;386;2015
3393;2015;18018;2015
0182;2015;2770;2015
4192;2015;389;2015
2629;2015;1569;2015
7555;2015;11626;2015
4018;2015;12102;2015
9870;2015;620;2015
4596;2015;11616;2015
5906;2015;1564;2015
8802;2015;4414;2015
5331;2015;2831;2015
5945;2015;7620;2015
9508;2015;1525;2015
6887;2015;3140;2015
5333;2015;15226;2015
2114;2015;50950;2015
9602;2015;8429;2015
2091;2015;3396;2015
8565;2015;5961;2015
7407;2015;19681;2015
1525;2015;4592;2015
9790;2015;1469;2015
7586;2015;4351;2015
8809;2015;15082;2015
7045;2015;2201;2015
6729;2015;6324;2015
8756;2015;12035;2015
1433;2015;323;2015
5471;2015;391;2015
3790;2015;1773;2015
7145;2015;771;2015
6768;2015;1342;2015
5349;2015;8499;2015
5859;2015;1702;2015
6750;2015;3994;2015
5139;2015;423;2015
8489;2015;5187;2015
8009;2015;730;2015
3167;2015;759;2015
6380;2015;737;2015
5447;2015;908;2015
5624;2015;1360;2015
4292;2015;1166;2015
8083;2015;363;2015
7064;2015;1684;2015
3894;2015;153;2015
9784;2015;524;2015
1987;2015;117;2015
7896;2015;1280;2015
8538;2015;234;2015
4723;2015;947;2015
2497;2015;1350;2015
4296;2015;199;2015
8761;2015;643;2015
5616;2015;674;2015
1728;2015;1900;2015
8862;2015;3172;2015
1501;2015;21615;2015
3726;2015;683;2015
7115;2015;1030;2015
3511;2015;1839;2015
1461;2015;1031;2015
4490;2015;2456;2015
0189;2015;539;2015
2123;2015;2255;2015
9625;2015;1621;2015
7337;2015;854;2015
8320;2015;290;2015
5840;2015;467;2015
4436;2015;755;2015
4825;2015;338;2015
7364;2015;702;2015
6597;2015;2348;2015
2126;2015;1118;2015
6623;2015;936;2015
6049;2015;549;2015
3409;2015;1124;2015
9457;2015;504;2015
9289;2015;1484;2015
1965;2015;653;2015
5895;2015;367;2015
0760;2015;277;2015
9353;2015;678;2015
3179;2015;731;2015
3166;2015;2420;2015
7037;2015;707;2015
4518;2015;11188;2015
8469;2015;2714;2015
2051;2015;460;2015
8673;2015;265;2015
4520;2015;1454;2015
3604;2015;354;2015
9623;2015;3976;2015
5295;2015;874;2015
3723;2015;391;2015
3433;2015;347;2015
5735;2015;84;2015
0966;2015;1323;2015
5116;2015;669;2015
2197;2015;697;2015
7239;2015;148;2015
4117;2015;1601;2015
5886;2015;156;2015
0266;2015;1318;2015
2534;2015;9197;2015
5970;2015;2691;2015
4817;2015;903;2015
4597;2015;4476;2015
8205;2015;490;2015
4582;2015;762;2015
6423;2015;924;2015
2346;2015;4863;2015
6808;2015;1080;2015
6691;2015;1593;2015
0619;2015;444;2015
9861;2015;4167;2015
1972;2015;733;2015
5004;2015;1784;2015
0142;2015;681;2015
1807;2015;1218;2015
5715;2015;491;2015
9653;2015;1783;2015
8665;2015;362;2015
4698;2015;1247;2015
5723;2015;31041;2015
3276;2015;1496;2015
8160;2015;310;2015
8471;2015;2264;2015
3157;2015;258;2015
1091;2015;2132;2015
4581;2015;663;2015
2826;2015;3088;2015
3569;2015;2670;2015
2151;2015;4794;2015
0500;2015;354;2015
7954;2015;2392;2015
4749;2015;2531;2015
4676;2015;1524;2015
4524;2015;2144;2015
8527;2015;1764;2015
0628;2015;453;2015
6128;2015;183;2015
1726;2015;950;2015
3563;2015;839;2015
3786;2015;331;2015
8199;2015;2258;2015
7514;2015;528;2015
0044;2015;219;2015
8589;2015;2407;2015
3402;2015;381;2015
0943;2015;155;2015
8006;2015;10238;2015
7998;2015;974;2015
5843;2015;1179;2015
8464;2015;565;2015
2388;2015;2887;2015
0735;2015;786;2015
6098;2015;304;2015
7001;2015;1650;2015
6511;2015;323;2015
8094;2015;1147;2015
5607;2015;1077;2015
9310;2015;364;2015
1807;2015;314;2015
2425;2015;116;2015
0155;2015;7917;2015
8744;2015;461;2015
7929;2015;835;2015
7513;2015;1906;2015
0198;2015;634;2015
4744;2015;170;2015
1594;2015;510;2015
7228;2015;198;2015
4624;2015;1121;2015
8487;2015;257;2015
7826;2015;341;2015
8868;2015;3241;2015
3890;2015;1172;2015
6883;2015;44631;2015
8452;2015;937;2015
3451;2015;898;2015
4533;2015;2039;2015
5573;2015;133;2015
2001;2015;365;2015
8025;2015;1163;2015
5139;2015;154;2015
1210;2015;7651;2015
5955;2015;190;2015
8608;2015;431;2015
9021;2015;814;2015
6248;2015;3543;2015
5718;2015;645;2015
9876;2015;2911;2015
7819;2015;1863;2015
7338;2015;14679;2015
6006;2015;1538;2015
0096;2015;304;2015
6492;2015;467;2015
0694;2015;697;2015
7415;2015;516;2015
4984;2015;3819;2015
2559;2015;130;2015
1389;2015;1565;2015
7653;2015;2439;2015
5560;2015;412;2015
6095;2015;548;2015
0732;2015;2105;2015
3092;2015;517;2015
6678;2015;624;2015
5025;2015;3826;2015
3909;2015;1438;2015
0973;2015;614;2015
5683;2015;1008;2015
0645;2015;3992;2015
1503;2015;2797;2015
1575;2015;1444;2015
5913;2015;507;2015
7505;2015;192;2015
2169;2015;2108;2015
0519;2015;3835;2015
3050;2015;1290;2015
2497;2015;2493;2015
1846;2015;2146;2015
8442;2015;1422;2015
0284;2015;226;2015
8493;2015;1520;2015
6512;2015;901;2015
0230;2015;110;2015
6112;2015;1638;2015
0298;2015;583;2015
5152;2015;2000;2015
2224;2015;2712;2015
6629;2015;129;2015
1400;2015;94;2015
3313;2015;724;2015
7379;2015;1380;2015
0670;2015;774;2015
7187;2015;1082;2015
2354;2015;943;2015
9799;2015;292;2015
3143;2015;2537;2015
7712;2015;215;2015
4709;2015;5734;2015
6768;2015;2449;2015
6653;2015;225;2015
1045;2015;3391;2015
2572;2015;1023;2015
4058;2015;503;2015
5859;2015;1264;2015
3978;2015;7877;2015
6991;2015;373;2015
8731;2015;191;2015
2610;2015;1417;2015
9495;2015;410;2015
4736;2015;1213;2015
6137;2015;1068;2015
2316;2015;1529;2015
6724;2015;3194;2015
2859;2015;2848;2015
9795;2015;2326;2015
0377;2015;4077;2015
5617;2015;2428;2015
6195;2015;5134;2015
3496;2015;1324;2015
2278;2015;3267;2015
8240;2015;3460;2015
9534;2015;4614;2015
1176;2015;2867;2015
5889;2015;5277;2015
1002;2015;13938;2015
7853;2015;1459;2015
7127;2015;832;2015
6640;2015;12808;2015
5476;2015;4370;2015
7243;2015;484;2015
5941;2015;2588;2015
7419;2015;3873;2015
6953;2015;2354;2015
2704;2015;3913;2015
0639;2015;7690;2015
3179;2015;1707;2015
7688;2015;1191;2015
6179;2015;4835;2015
8068;2015;251;2015
8932;2015;1739;2015
1833;2015;1496;2015
6954;2015;2661;2015
2583;2015;2460;2015
6556;2015;326;2015
4193;2015;1231;2015
2005;2015;725;2015
0526;2015;756;2015
6446;2015;8512;2015
4965;2015;2439;2015
3023;2015;2733;2015
1445;2015;2381;2015
0331;2015;1990;2015
6052;2015;122;2015
1348;2015;47880;2015
2384;2015;2133;2015
9135;2015;4916;2015
8954;2015;4187;2015
3309;2015;10415;2015
5859;2015;386;2015
0634;2015;14535;2015
5189;2015;8664;2015
4294;2015;466;2015
1193;2015;3579;2015
0584;2015;1952;2015
7993;2015;2615;2015
6072;2015;4165;2015
7102;2015;36;2015
5135;2015;3684;2015
9575;2015;8775;2015
0910;2015;6341;2015
0004;2015;7026;2015
6963;2015;1219;2015
4936;2015;4785;2015
5630;2015;3914;2015
1968;2015;364;2015
9972;2015;143;2015
7839;2015;1975;2015
6837;2015;969;2015
1001;2015;2165;2015
6353;2015;2278;2015
4254;2015;2247;2015
7003;2015;6278;2015
8248;2015;3177;2015
8344;2015;2211;2015
2057;2015;2397;2015
2907;2015;2803;2015
1084;2015;148;2015
6290;2015;1780;2015
7516;2015;539;2015
9668;2015;2059;2015
7081;2015;169;2015
2463;2015;3464;2015
5992;2015;11630;2015
5679;2015;804;2015
7993;2015;309;2015
1157;2015;2827;2015
6085;2015;304;2015
6049;2015;2105;2015
4653;2015;5717;2015
7846;2015;4656;2015
1986;2015;293;2015
8317;2015;1140;2015
1303;2015;1750;2015
6411;2015;4419;2015
5038;2015;2387;2015
0835;2015;2637;2015
7726;2015;681;2015
7506;2015;3003;2015
7138;2015;3144;2015
6122;2015;15123;2015
0043;2015;1570;2015
6782;2015;3061;2015
3232;2015;1625;2015
9782;2015;4646;2015
0381;2015;2674;2015
0970;2015;813;2015
0980;2015;2233;2015
0688;2015;2182;2015
8695;2015;15522;2015
8023;2015;2198;2015
6998;2015;2911;2015
9361;2015;1175;2015
5317;2015;211;2015
6782;2015;1552;2015
0319;2015;2247;2015
3971;2015;2331;2015
0109;2015;1240;2015
9213;2015;2652;2015
4374;2015;2693;2015
3711;2015;2538;2015
3786;2015;44077;2015
4503;2015;7480;2015
7452;2015;68;2015
2472;2015;1425;2015
8334;2015;3149;2015
2024;2015;1669;2015
4767;2015;4439;2015
3856;2015;461;2015
7302;2015;1765;2015
5212;2015;2301;2015
5790;2015;5737;2015
7830;2015;2086;2015
4968;2015;1852;2015
5250;2015;1401;2015
2653;2015;1747;2015
3749;2015;2599;2015
9657;2015;1826;2015
1484;2015;3617;2015
5620;2015;3517;2015
0529;2015;13079;2015
5321;2015;1926;2015
7459;2015;2008;2015
0154;2015;1890;2015
8190;2015;3781;2015
8206;2015;3326;2015
0684;2015;6010;2015
2567;2015;889;2015
3773;2015;1551;2015
0146;2015;1682;2015
4986;2015;1798;2015
8824;2015;7192;2015
1698;2015;19295;2015
1953;2015;17058;2015
7666;2015;10435;2015
8499;2015;1160;2015
3450;2015;12997;2015
8400;2015;1390;2015
0985;2015;3460;2015
3216;2015;2257;2015
9373;2015;1007;2015
2495;2015;3316;2015
4400;2015;6981;2015
5208;2015;34870;2015
7915;2015;146178;2015
2646;2015;3100;2015
6958;2015;5545;2015
3734;2015;9447;2015
0587;2015;21923;2015
3019;2015;10024;2015
6767;2015;409;2015
2755;2015;850;2015
8381;2015;7157;2015
8034;2015;2871;2015
1360;2015;2960;2015
7408;2015;2150;2015
5887;2015;1107;2015
7351;2015;5109;2015
6654;2015;3102;2015
4275;2015;14444;2015
7758;2015;18280;2015
9995;2015;9883;2015
3521;2015;191844;2015
1066;2015;9842;2015
3768;2015;6005;2015
3109;2015;2238;2015
3762;2015;1659;2015
7254;2015;653;2015
6721;2015;2708;2015
0630;2015;1001;2015
9655;2015;1127;2015
0449;2015;2859;2015
6808;2015;14822;2015
2012;2015;5462;2015
9947;2015;60435;2015
4250;2015;3104;2015
6858;2015;10438;2015
6438;2015;17470;2015
6315;2015;3473;2015
7896;2015;6498;2015
4826;2015;1219;2015
3481;2015;9140;2015
8880;2015;3319;2015
9243;2015;5615;2015
9108;2015;2149;2015
8517;2015;837;2015
3117;2015;2130;2015
9212;2015;1259;2015
2595;2015;3128;2015
5577;2015;6535;2015
3549;2015;857;2015
6322;2015;1850;2015
2495;2015;2363;2015
3219;2015;1443;2015
9223;2015;3973;2015
6890;2015;748;2015
1225;2015;1010;2015
9691;2015;3232;2015
4627;2015;1215;2015
4447;2015;2148;2015
5938;2015;2068;2015
0030;2015;2182;2015
5038;2015;5385;2015
8395;2015;1840;2015
8975;2015;1414;2015
6319;2015;1908;2015
7009;2015;1642;2015
2254;2015;2231;2015
8113;2015;4245;2015
6692;2015;1879;2015
1519;2015;3547;2015
9325;2015;2153;2015
6532;2015;6694;2015
4089;2015;737;2015
3653;2015;1715;2015
3029;2015;1296;2015
2468;2015;6213;2015
9491;2015;1293;2015
8879;2015;9106;2015
7004;2015;1139;2015
5057;2015;1031;2015
5378;2015;4823;2015
8427;2015;4559;2015
3367;2015;4276;2015
7892;2015;2203;2015
5345;2015;2491;2015
3959;2015;1312;2015
6586;2015;2997;2015
5725;2015;6722;2015
8328;2015;973;2015
5926;2015;1174;2015
4369;2015;2391;2015
6462;2015;816;2015
4235;2015;1448;2015
1798;2015;2520;2015
6604;2015;6354;2015
6406;2015;706;2015
2027;2015;1057;2015
5709;2015;32673;2015
3751;2015;757;2015
7735;2015;1748;2015
4549;2015;1974;2015
1815;2015;431;2015
6569;2015;426;2015
5995;2015;1991;2015
6126;2015;245;2015
1563;2015;113;2015
2735;2015;915;2015
4656;2015;462;2015
1002;2015;4924;2015
5046;2015;726;2015
1292;2015;542;2015
5514;2015;1495;2015
9948;2015;221;2015
2233;2015;701;2015
0676;2015;656;2015
9645;2015;1664;2015
4193;2015;967;2015
5335;2015;5160;2015
2565;2015;181;2015
5227;2015;3464;2015
0681;2015;267;2015
1858;2015;322;2015
6545;2015;612;2015
2573;2015;646;2015
2167;2015;742;2015
8738;2015;4632;2015
5753;2015;1394;2015
7884;2015;97;2015
8911;2015;18111;2015
6091;2015;1022;2015
3176;2015;137;2015
6467;2015;445;2015
8976;2015;195;2015
6546;2015;2413;2015
5784;2015;951;2015
2127;2015;7756;2015
2848;2015;221;2015
9219;2015;103;2015
1531;2015;242;2015
5680;2015;566;2015
4114;2015;404;2015
1763;2015;1431;2015
3537;2015;1532;2015
0549;2015;126;2015
9947;2015;2191;2015
1750;2015;358;2015
1483;2015;1266;2015
1708;2015;410;2015
7997;2015;875;2015
4390;2015;856;2015
3719;2015;15159;2015
9194;2015;3429;2015
3658;2015;1129;2015
5656;2015;1512;2015
6720;2015;2593;2015
8796;2015;749;2015
9024;2015;564;2015
1628;2015;2048;2015
3948;2015;263;2015
3739;2015;382;2015
1522;2015;765;2015
6756;2015;1325;2015
7054;2015;1258;2015
4181;2015;112;2015
3592;2015;4851;2015
7687;2015;761;2015
9006;2015;399;2015
6013;2015;194;2015
7344;2015;1666;2015
8893;2015;1255;2015
7344;2015;409;2015
7665;2015;2043;2015
4934;2015;30803;2015
6649;2015;203;2015
3806;2015;1209;2015
7332;2015;6615;2015
3834;2015;260;2015
6245;2015;1729;2015
3046;2015;1533;2015
1899;2015;1191;2015
9892;2015;1879;2015
8505;2015;12985;2015
3026;2015;1839;2015
8768;2015;2793;2015
8973;2015;778;2015
8381;2015;3889;2015
2785;2015;5104;2015
8371;2015;4172;2015
4285;2015;2416;2015
0129;2015;11089;2015
5196;2015;3396;2015
0697;2015;1894;2015
5852;2015;2590;2015
8220;2015;2436;2015
6361;2015;58249;2015
6111;2015;3339;2015
9960;2015;2135;2015
4411;2015;4147;2015
6928;2015;1524;2015
2847;2015;5148;2015
5989;2015;4846;2015
2468;2015;2278;2015
8176;2015;14090;2015
0008;2015;2216;2015
4860;2015;2480;2015
4258;2015;3968;2015
8973;2015;3647;2015
3890;2015;1880;2015
6497;2015;561;2015
4900;2015;1456;2015
1613;2015;1278;2015
1320;2015;2171;2015
4051;2015;3183;2015
1687;2015;5385;2015
3735;2015;1277;2015
8669;2015;2212;2015
8140;2015;799;2015
7449;2015;1939;2015
2049;2015;1320;2015
6731;2015;1048;2015
6501;2015;3861;2015
2850;2015;10858;2015
9802;2015;1125;2015
4109;2015;1466;2015
6349;2015;1261;2015
3230;2015;573;2015
3510;2015;3287;2015
1174;2015;6352;2015
3994;2015;1292;2015
8264;2015;856;2015
1114;2015;1649;2015
5149;2015;342;2015
8295;2015;1245;2015
1869;2015;6610;2015
6654;2015;11974;2015
0416;2015;241;2015
5853;2015;1730;2015
4236;2015;2801;2015
1381;2015;635;2015
0434;2015;5135;2015
3983;2015;8681;2015
2252;2015;8499;2015
2294;2015;4082;2015
6918;2015;1207;2015
8383;2015;9112;2015
7842;2015;4900;2015
7682;2015;156;2015
0203;2015;650;2015
5857;2015;1017;2015
6009;2015;432;2015
7603;2015;545;2015
4750;2015;13894;2015
5293;2015;2736;2015
9328;2015;637;2015
5900;2015;1365;2015
3317;2015;1066;2015
0599;2015;2902;2015
5415;2015;28132;2015
1010;2015;6097;2015
5920;2015;6264;2015
1820;2015;2908;2015
4364;2015;2067;2015
0554;2015;4988;2015
2299;2015;26921;2015
6861;2015;1313;2015
2739;2015;1535;2015
8744;2015;3255;2015
5918;2015;1590;2015
4953;2015;1459;2015
8946;2015;865;2015
0899;2015;5168;2015
3709;2015;6037;2015
4841;2015;3458;2015
6787;2015;2748;2015
8946;2015;11217;2015
0024;2015;1083;2015
3876;2015;3621;2015
4283;2015;1085;2015
2176;2015;15154;2015
4676;2015;2092;2015
8631;2015;6213;2015
2455;2015;17761;2015
7560;2015;6875;2015
5372;2015;7293;2015
9338;2015;10851;2015
7578;2015;15348;2015
8948;2015;11991;2015
9323;2015;16835;2015
6128;2015;5992;2015
4121;2015;33954;2015
4317;2015;4259;2015
6337;2015;2050;2015
9166;2015;17604;2015
4702;2015;7278;2015
3932;2015;7280;2015
0780;2015;6534;2015
5157;2015;37652;2015
9549;2015;8495;2015
5081;2015;15549;2015
5060;2015;2895;2015
7540;2015;41614;2015
2805;2015;25497;2015
3149;2015;7773;2015
1171;2015;8505;2015
2860;2015;34917;2015
2958;2015;45213;2015
1826;2015;7364;2015
3083;2015;22986;2015
3185;2015;4359;2015
1093;2015;5440;2015
0867;2015;122951;2015
4764;2015;23372;2015
8456;2015;22908;2015
8844;2015;4898;2015
8878;2015;4107;2015
9685;2015;3420;2015
0449;2015;44629;2015
4024;2015;23055;2015
2630;2015;8359;2015
2018;2015;4160;2015
3378;2015;8822;2015
7508;2015;10182;2015
8480;2015;13192;2015
9793;2015;7476;2015
5554;2015;4416;2015
5184;2015;9152;2015
8648;2015;13851;2015
7181;2015;25788;2015
7763;2015;6735;2015
0384;2015;5218;2015
8153;2015;10595;2015
9772;2015;15799;2015
1611;2015;4414;2015
9725;2015;3367;2015
4940;2015;3600;2015
5319;2015;651;2015
2112;2015;1907;2015
6124;2015;3342;2015
5320;2015;37425;2015
2041;2015;966;2015
2618;2015;3390;2015
9249;2015;1166;2015
9294;2015;1448;2015
7274;2015;964;2015
7625;2015;658;2015
4054;2015;1674;2015
9920;2015;427;2015
6156;2015;1184;2015
5337;2015;811;2015
4458;2015;6855;2015
4183;2015;12930;2015
2142;2015;390;2015
6262;2015;779;2015
9216;2015;380;2015
2351;2015;2246;2015
4509;2015;2465;2015
7156;2015;8313;2015
1670;2015;430;2015
9490;2015;732;2015
3789;2015;985;2015
3504;2015;596;2015
0749;2015;776;2015
8470;2015;2773;2015
0023;2015;2337;2015
2677;2015;1674;2015
7932;2015;16055;2015
1256;2015;25694;2015
6456;2015;2143;2015
1790;2015;1338;2015
5172;2015;17152;2015
4918;2015;2343;2015
2924;2015;363;2015
9329;2015;2049;2015
8821;2015;99987;2015
3513;2015;94219;2015
2439;2015;54982;2015
9317;2015;30237;2015
6977;2015;11855;2015
4065;2015;9037;2015
2298;2015;14473;2015
0052;2015;6594;2015
4118;2015;56093;2015
7657;2015;14694;2015
