Codice Ripartizione geografica;Codice Regione;Codice Provincia (Storico);Codice Provincia/Uts;Codice Comune (alfanumerico);Codice Comune (numerico);Comune;Comune (dizione straniera);Sigla automobilistica;Capoluogo di Provincia/Uts;Capoluogo di Regione;Popolazione legale;Anno Censimento;Superficie (Kmq);Anno (Superficie);Popolazione residente;Anno (Popolazione residente)
1463;2021;2562;2021
7393;2021;3660;2021
3316;2021;467;2021
7397;2021;1637;2021
8741;2021;6331;2021
6311;2021;240;2021
9193;2021;16501;2021
4859;2021;2036;2021
3090;2021;474;2021
8781;2021;827;2021
1666;2021;1072;2021
2173;2021;12350;2021
9528;2021;1240;2021
0859;2021;790;2021
0065;2021;3064;2021
5064;2021;530;2021
4046;2021;3755;2021
7105;2021;105;2021
0289;2021;3085;2021
8027;2021;1570;2021
2030;2021;3044;2021
9864;2021;556;2021
7366;2021;17464;2021
5987;2021;3378;2021
0820;2021;539;2021
2237;2021;2098;2021
1093;2021;11827;2021
9647;2021;582;2021
4190;2021;3555;2021
3713;2021;773;2021
9616;2021;2151;2021
9191;2021;3066;2021
3900;2021;8701;2021
7583;2021;4616;2021
1350;2021;394;2021
9471;2021;454;2021
5702;2021;8489;2021
3591;2021;1490;2021
5597;2021;1492;2021
6868;2021;1337;2021
4760;2021;1105;2021
0591;2021;1622;2021
0661;2021;5652;2021
0973;2021;6304;2021
2313;2021;3310;2021
4924;2021;7388;2021
1313;2021;5900;2021
0864;2021;1330;2021
1318;2021;1209;2021
8499;2021;5610;2021
9504;2021;286;2021
1953;2021;2602;2021
0319;2021;596;2021
4077;2021;2060;2021
5370;2021;901;2021
2591;2021;739;2021
6791;2021;9052;2021
7163;2021;28313;2021
1238;2021;1855;2021
1726;2021;1524;2021
3141;2021;3034;2021
5512;2021;13834;2021
5245;2021;1763;2021
2795;2021;2179;2021
7063;2021;9695;2021
3756;2021;401;2021
1346;2021;6469;2021
3286;2021;2226;2021
9599;2021;5374;2021
1596;2021;1782;2021
0516;2021;1017;2021
8164;2021;159;2021
7006;2021;913;2021
4479;2021;344;2021
6132;2021;1552;2021
0224;2021;1985;2021
1967;2021;35916;2021
1187;2021;231;2021
7550;2021;870;2021
9167;2021;1556;2021
2027;2021;26275;2021
1638;2021;364;2021
9344;2021;240;2021
1965;2021;323;2021
7329;2021;18212;2021
6871;2021;204;2021
8788;2021;1444;2021
5724;2021;3218;2021
1075;2021;48574;2021
3321;2021;312;2021
5895;2021;596;2021
1129;2021;4437;2021
4917;2021;3048;2021
2387;2021;440;2021
8709;2021;930;2021
7335;2021;7821;2021
3083;2021;9411;2021
5394;2021;8973;2021
5473;2021;241;2021
8499;2021;5115;2021
8931;2021;2190;2021
4091;2021;481;2021
0396;2021;2679;2021
3457;2021;735;2021
6429;2021;2265;2021
5002;2021;3230;2021
8186;2021;279;2021
9482;2021;1613;2021
1488;2021;2799;2021
4018;2021;530;2021
5108;2021;9361;2021
4442;2021;1120;2021
3830;2021;592;2021
7379;2021;16214;2021
8199;2021;4095;2021
9872;2021;666;2021
0935;2021;191;2021
3296;2021;987;2021
1375;2021;37090;2021
7505;2021;42;2021
0293;2021;697;2021
7718;2021;375;2021
5042;2021;409;2021
1076;2021;22604;2021
0354;2021;1773;2021
7929;2021;8779;2021
2876;2021;4893;2021
2901;2021;1401;2021
9192;2021;16321;2021
6752;2021;185;2021
9365;2021;1777;2021
3912;2021;443;2021
5175;2021;1339;2021
7157;2021;1670;2021
2095;2021;1090;2021
1914;2021;1149;2021
7414;2021;7162;2021
0398;2021;480;2021
2585;2021;541;2021
1404;2021;1155;2021
3132;2021;419;2021
2599;2021;1300;2021
2587;2021;57;2021
0703;2021;3777;2021
6942;2021;658;2021
3281;2021;4181;2021
5438;2021;805;2021
6384;2021;1291;2021
0872;2021;736;2021
0825;2021;387;2021
3331;2021;642;2021
6554;2021;328;2021
5444;2021;56193;2021
5006;2021;41;2021
6568;2021;736;2021
4681;2021;970;2021
3567;2021;3304;2021
9036;2021;5118;2021
3897;2021;858;2021
4898;2021;853;2021
6222;2021;46458;2021
0484;2021;107;2021
3530;2021;6803;2021
0743;2021;283;2021
6422;2021;7830;2021
5543;2021;516;2021
3030;2021;1455;2021
2081;2021;23044;2021
1541;2021;756;2021
4886;2021;1153;2021
5771;2021;936;2021
7859;2021;3293;2021
4058;2021;1176;2021
0819;2021;839;2021
8885;2021;1992;2021
6886;2021;412;2021
4056;2021;1148;2021
5399;2021;3635;2021
1482;2021;4046;2021
0905;2021;3094;2021
7080;2021;525;2021
3937;2021;583;2021
0041;2021;752;2021
3498;2021;608;2021
4634;2021;15449;2021
7185;2021;2853;2021
3375;2021;35440;2021
8153;2021;8333;2021
6488;2021;3818;2021
1458;2021;18087;2021
9033;2021;3319;2021
0347;2021;1302;2021
6190;2021;10179;2021
5611;2021;971;2021
0611;2021;3087;2021
4477;2021;1079;2021
2018;2021;735;2021
6097;2021;249;2021
8460;2021;1899;2021
4785;2021;222;2021
5051;2021;1255;2021
2419;2021;726;2021
8802;2021;458;2021
0379;2021;333;2021
9560;2021;339;2021
7884;2021;992;2021
6657;2021;1753;2021
6001;2021;49;2021
8333;2021;1158;2021
1076;2021;20172;2021
8330;2021;4750;2021
5839;2021;2496;2021
2460;2021;12280;2021
8733;2021;1548;2021
5000;2021;47481;2021
5773;2021;3052;2021
1910;2021;1667;2021
7040;2021;1988;2021
2106;2021;2642;2021
2688;2021;293;2021
6878;2021;1849;2021
4078;2021;227;2021
3733;2021;765;2021
0649;2021;5056;2021
9371;2021;2391;2021
1003;2021;788;2021
9520;2021;1792;2021
3197;2021;605;2021
1034;2021;458;2021
6752;2021;74;2021
4329;2021;1468;2021
2315;2021;5999;2021
9068;2021;4010;2021
3808;2021;358;2021
3037;2021;516;2021
9795;2021;4847;2021
6512;2021;3686;2021
8619;2021;1691;2021
8867;2021;3217;2021
4051;2021;2534;2021
7367;2021;987;2021
6130;2021;3261;2021
7933;2021;811;2021
3443;2021;10228;2021
5489;2021;18635;2021
4441;2021;1457;2021
1243;2021;248;2021
1226;2021;3146;2021
5783;2021;1861;2021
5720;2021;3597;2021
3684;2021;4597;2021
7947;2021;4064;2021
1984;2021;10531;2021
2773;2021;251;2021
3112;2021;1043;2021
6768;2021;3244;2021
0309;2021;802;2021
3557;2021;1463;2021
9159;2021;919;2021
0579;2021;473;2021
3902;2021;46056;2021
2614;2021;1491;2021
6786;2021;928;2021
2140;2021;260;2021
4686;2021;6080;2021
9880;2021;5940;2021
6750;2021;745;2021
0547;2021;848748;2021
8239;2021;3000;2021
4545;2021;620;2021
0981;2021;4591;2021
4058;2021;3813;2021
3600;2021;319;2021
4544;2021;486;2021
3476;2021;10580;2021
9669;2021;178;2021
5378;2021;195;2021
2293;2021;1389;2021
5262;2021;3982;2021
1197;2021;976;2021
0792;2021;780;2021
9095;2021;2974;2021
8553;2021;90;2021
5578;2021;850;2021
0929;2021;1435;2021
1436;2021;871;2021
4469;2021;32462;2021
4607;2021;4782;2021
9434;2021;1341;2021
0691;2021;753;2021
6453;2021;257;2021
9677;2021;482;2021
1543;2021;5086;2021
7862;2021;4562;2021
0307;2021;1205;2021
4088;2021;3500;2021
7067;2021;2795;2021
4096;2021;996;2021
6867;2021;1955;2021
2930;2021;1047;2021
4231;2021;3898;2021
8766;2021;4472;2021
6327;2021;15154;2021
0573;2021;1153;2021
0748;2021;1196;2021
6818;2021;506;2021
1122;2021;1023;2021
4806;2021;15199;2021
9827;2021;8521;2021
7614;2021;7369;2021
8310;2021;1235;2021
6268;2021;1003;2021
1714;2021;730;2021
7809;2021;310;2021
5650;2021;2503;2021
3102;2021;830;2021
3155;2021;1382;2021
7885;2021;110;2021
8080;2021;217;2021
8059;2021;1841;2021
8706;2021;163;2021
5697;2021;2223;2021
0898;2021;12189;2021
2954;2021;2260;2021
0767;2021;851;2021
1364;2021;221;2021
8002;2021;72;2021
1088;2021;1057;2021
0218;2021;1088;2021
1058;2021;772;2021
2050;2021;222;2021
6044;2021;277;2021
5379;2021;50;2021
3436;2021;4295;2021
3882;2021;234;2021
2231;2021;86;2021
9678;2021;761;2021
8563;2021;268;2021
2234;2021;7636;2021
0163;2021;372;2021
4768;2021;1063;2021
1401;2021;186;2021
2425;2021;1053;2021
7627;2021;497;2021
6666;2021;7611;2021
5030;2021;816;2021
8819;2021;328;2021
0876;2021;334;2021
6440;2021;506;2021
9703;2021;795;2021
5740;2021;529;2021
9917;2021;4180;2021
6670;2021;797;2021
9178;2021;93;2021
1818;2021;1376;2021
7159;2021;741;2021
4959;2021;787;2021
5271;2021;217;2021
9396;2021;1105;2021
2949;2021;305;2021
3518;2021;1271;2021
6903;2021;144;2021
5977;2021;188;2021
1781;2021;561;2021
5389;2021;708;2021
1560;2021;3804;2021
9026;2021;391;2021
2703;2021;62;2021
2705;2021;133;2021
4090;2021;424;2021
9151;2021;2250;2021
4754;2021;543;2021
8379;2021;175;2021
2677;2021;912;2021
1875;2021;207;2021
7766;2021;99;2021
5980;2021;3777;2021
6403;2021;1473;2021
1290;2021;8109;2021
5335;2021;373;2021
2547;2021;372;2021
9050;2021;4751;2021
3141;2021;1172;2021
2491;2021;680;2021
6058;2021;6692;2021
7509;2021;3318;2021
4267;2021;1875;2021
9738;2021;6926;2021
7747;2021;45176;2021
5109;2021;386;2021
5825;2021;1550;2021
2573;2021;157;2021
3257;2021;145;2021
2796;2021;940;2021
5362;2021;1520;2021
9965;2021;850;2021
5153;2021;2110;2021
1698;2021;13675;2021
4928;2021;730;2021
1788;2021;9444;2021
4537;2021;1307;2021
6080;2021;1131;2021
4826;2021;1297;2021
3043;2021;1149;2021
0915;2021;1956;2021
2544;2021;21277;2021
3812;2021;5174;2021
7479;2021;2763;2021
7563;2021;1105;2021
3213;2021;2504;2021
9852;2021;10660;2021
6556;2021;2470;2021
0407;2021;991;2021
5310;2021;905;2021
4893;2021;1523;2021
4845;2021;875;2021
7917;2021;316;2021
6413;2021;9826;2021
4854;2021;381;2021
8334;2021;1165;2021
3261;2021;1307;2021
6335;2021;6712;2021
1617;2021;530;2021
4493;2021;1209;2021
1035;2021;1604;2021
5067;2021;2576;2021
9346;2021;1433;2021
2522;2021;2561;2021
2145;2021;2007;2021
1702;2021;2592;2021
3663;2021;15551;2021
0494;2021;1405;2021
7697;2021;1764;2021
6439;2021;3386;2021
5821;2021;5487;2021
5209;2021;1332;2021
3336;2021;4345;2021
3717;2021;4308;2021
2833;2021;537;2021
5807;2021;2152;2021
6586;2021;1609;2021
8541;2021;228;2021
7880;2021;1568;2021
8639;2021;1124;2021
5353;2021;2372;2021
7187;2021;1203;2021
5209;2021;811;2021
5907;2021;2393;2021
2650;2021;1788;2021
3421;2021;825;2021
0499;2021;101367;2021
7945;2021;14204;2021
9352;2021;2203;2021
6500;2021;1131;2021
2272;2021;2143;2021
1338;2021;894;2021
0708;2021;1341;2021
7659;2021;779;2021
8648;2021;1350;2021
2967;2021;2118;2021
1259;2021;1849;2021
8525;2021;956;2021
9757;2021;3677;2021
6907;2021;5625;2021
5098;2021;2994;2021
4507;2021;731;2021
8993;2021;1971;2021
5352;2021;556;2021
7544;2021;1360;2021
3718;2021;719;2021
9144;2021;1088;2021
3270;2021;2706;2021
4632;2021;459;2021
2410;2021;875;2021
2225;2021;20496;2021
0122;2021;967;2021
7680;2021;4946;2021
7798;2021;2015;2021
2938;2021;826;2021
4635;2021;523;2021
1871;2021;5224;2021
5278;2021;157;2021
9173;2021;205;2021
5852;2021;31095;2021
5899;2021;221;2021
4616;2021;142;2021
2592;2021;78;2021
9174;2021;199;2021
9491;2021;973;2021
2494;2021;5817;2021
3263;2021;1048;2021
7636;2021;609;2021
9913;2021;7430;2021
7095;2021;660;2021
0007;2021;628;2021
1195;2021;211;2021
6863;2021;3441;2021
0700;2021;95;2021
0030;2021;337;2021
9673;2021;3643;2021
4389;2021;467;2021
1118;2021;55;2021
8633;2021;4219;2021
2409;2021;100;2021
4778;2021;386;2021
3398;2021;12477;2021
5405;2021;170;2021
5453;2021;639;2021
9483;2021;9641;2021
5299;2021;29536;2021
2376;2021;305;2021
1796;2021;40;2021
1240;2021;261;2021
0638;2021;1005;2021
7645;2021;10127;2021
6377;2021;575;2021
8653;2021;5514;2021
4476;2021;79;2021
5018;2021;96;2021
6760;2021;6755;2021
3283;2021;3072;2021
3043;2021;1143;2021
8380;2021;4382;2021
4192;2021;175;2021
8063;2021;1412;2021
1148;2021;2184;2021
9514;2021;143;2021
1301;2021;1349;2021
8586;2021;310;2021
8029;2021;915;2021
5394;2021;281;2021
3070;2021;53;2021
2621;2021;102;2021
7202;2021;690;2021
6340;2021;811;2021
5228;2021;458;2021
4378;2021;673;2021
5948;2021;5333;2021
1053;2021;84;2021
4850;2021;6875;2021
0487;2021;2006;2021
1423;2021;402;2021
2230;2021;5148;2021
5960;2021;2255;2021
1656;2021;5641;2021
5352;2021;9447;2021
0188;2021;3548;2021
1219;2021;183;2021
9034;2021;80;2021
1509;2021;799;2021
0872;2021;2142;2021
9875;2021;2188;2021
5401;2021;901;2021
3423;2021;3295;2021
1183;2021;377;2021
0529;2021;156;2021
6690;2021;55557;2021
3063;2021;1853;2021
5432;2021;3622;2021
6828;2021;4553;2021
9575;2021;6902;2021
2196;2021;82;2021
7314;2021;770;2021
9305;2021;1954;2021
4417;2021;1698;2021
0298;2021;464;2021
6666;2021;295;2021
1431;2021;24242;2021
1437;2021;719;2021
6433;2021;1604;2021
0106;2021;262;2021
9691;2021;574;2021
7412;2021;347;2021
2811;2021;2881;2021
7225;2021;2587;2021
9699;2021;255;2021
6769;2021;130;2021
9106;2021;2255;2021
8082;2021;1987;2021
4460;2021;3513;2021
4042;2021;67;2021
0784;2021;72;2021
7123;2021;1395;2021
1658;2021;2675;2021
8291;2021;432;2021
2005;2021;752;2021
2197;2021;788;2021
7390;2021;204;2021
8103;2021;1402;2021
2287;2021;191;2021
6562;2021;43;2021
5002;2021;2173;2021
2204;2021;2130;2021
0309;2021;1253;2021
7345;2021;3765;2021
9870;2021;3269;2021
3762;2021;1429;2021
1258;2021;54;2021
0258;2021;214;2021
2806;2021;752;2021
9057;2021;298;2021
0682;2021;218;2021
5111;2021;250;2021
3495;2021;617;2021
4382;2021;1259;2021
6797;2021;80;2021
9114;2021;1335;2021
9903;2021;585;2021
0516;2021;22015;2021
9330;2021;595;2021
2744;2021;1954;2021
8196;2021;4684;2021
5797;2021;530;2021
8402;2021;862;2021
6271;2021;714;2021
4303;2021;480;2021
1041;2021;214;2021
2210;2021;514;2021
6997;2021;1634;2021
9363;2021;225;2021
2359;2021;2351;2021
9929;2021;4078;2021
1919;2021;2000;2021
6758;2021;830;2021
3282;2021;937;2021
1824;2021;3493;2021
3027;2021;3328;2021
9261;2021;367;2021
5183;2021;347;2021
7070;2021;956;2021
6853;2021;960;2021
8083;2021;393;2021
3588;2021;87;2021
4931;2021;1477;2021
0874;2021;85;2021
2695;2021;2637;2021
6798;2021;584;2021
5116;2021;270;2021
4249;2021;195;2021
8934;2021;260;2021
2156;2021;108;2021
9187;2021;5494;2021
5694;2021;310;2021
3102;2021;2100;2021
6214;2021;2696;2021
1857;2021;73;2021
0348;2021;1403;2021
3043;2021;984;2021
4774;2021;3287;2021
3146;2021;1112;2021
9229;2021;187;2021
2934;2021;241;2021
3851;2021;177;2021
8132;2021;525;2021
0304;2021;2025;2021
3754;2021;658;2021
3615;2021;409;2021
0558;2021;9622;2021
4701;2021;4193;2021
8436;2021;1050;2021
3520;2021;109;2021
8367;2021;95;2021
4212;2021;91;2021
0038;2021;2147;2021
8104;2021;476;2021
2988;2021;1531;2021
0151;2021;125;2021
4023;2021;1565;2021
6107;2021;2056;2021
2406;2021;743;2021
1492;2021;2636;2021
5077;2021;155;2021
3529;2021;1572;2021
5849;2021;409;2021
9004;2021;963;2021
9166;2021;820;2021
5091;2021;364;2021
7295;2021;472;2021
0460;2021;154;2021
3255;2021;1184;2021
6961;2021;716;2021
9307;2021;17433;2021
1391;2021;86;2021
9068;2021;988;2021
8454;2021;151;2021
2617;2021;414;2021
5040;2021;3050;2021
7089;2021;2289;2021
1120;2021;1810;2021
4543;2021;2357;2021
0759;2021;2874;2021
1837;2021;3823;2021
1141;2021;1325;2021
7878;2021;21453;2021
3878;2021;174;2021
4980;2021;2149;2021
3908;2021;554;2021
8995;2021;300;2021
6011;2021;478;2021
6849;2021;310;2021
4153;2021;6271;2021
0936;2021;2694;2021
0957;2021;96;2021
2017;2021;2166;2021
1828;2021;162;2021
5376;2021;489;2021
3900;2021;744;2021
8226;2021;48;2021
5956;2021;761;2021
5253;2021;303;2021
3367;2021;2231;2021
3126;2021;912;2021
1017;2021;808;2021
9560;2021;99;2021
3938;2021;1348;2021
1571;2021;562;2021
0563;2021;1104;2021
1320;2021;6417;2021
0688;2021;2352;2021
7363;2021;3168;2021
9416;2021;2643;2021
7322;2021;2859;2021
2878;2021;5819;2021
7885;2021;735;2021
4958;2021;1541;2021
1693;2021;599;2021
0671;2021;359;2021
0901;2021;497;2021
4485;2021;1526;2021
5399;2021;498;2021
8608;2021;949;2021
4123;2021;565;2021
3147;2021;73723;2021
4341;2021;384;2021
0628;2021;1090;2021
2796;2021;314;2021
3426;2021;397;2021
9007;2021;297;2021
7622;2021;802;2021
1603;2021;2496;2021
7887;2021;1661;2021
2930;2021;1209;2021
7151;2021;1146;2021
8876;2021;407;2021
4325;2021;10181;2021
7297;2021;987;2021
0565;2021;306;2021
6482;2021;610;2021
8390;2021;542;2021
5649;2021;3648;2021
3373;2021;1152;2021
8616;2021;572;2021
0884;2021;2637;2021
2882;2021;291;2021
0656;2021;143;2021
1639;2021;1809;2021
5499;2021;805;2021
2040;2021;692;2021
6065;2021;3109;2021
6277;2021;389;2021
8477;2021;710;2021
5928;2021;452;2021
9385;2021;222;2021
6674;2021;588;2021
7778;2021;362;2021
4171;2021;250;2021
5045;2021;423;2021
7326;2021;1224;2021
0491;2021;293;2021
5225;2021;1406;2021
0824;2021;192;2021
0231;2021;311;2021
4766;2021;265;2021
3220;2021;588;2021
4253;2021;536;2021
3987;2021;518;2021
9431;2021;5679;2021
7531;2021;437;2021
9251;2021;1088;2021
9271;2021;1499;2021
1176;2021;493;2021
2168;2021;762;2021
8883;2021;523;2021
4722;2021;577;2021
7037;2021;2028;2021
5026;2021;1964;2021
8216;2021;296;2021
3423;2021;230;2021
9286;2021;380;2021
1551;2021;514;2021
9591;2021;193;2021
4302;2021;986;2021
2321;2021;2109;2021
1104;2021;984;2021
2062;2021;872;2021
4206;2021;2745;2021
3288;2021;883;2021
8551;2021;863;2021
5377;2021;311;2021
4970;2021;927;2021
6348;2021;699;2021
1408;2021;1206;2021
4191;2021;2290;2021
0975;2021;1053;2021
4053;2021;186;2021
3635;2021;10094;2021
6168;2021;70;2021
0261;2021;432;2021
5629;2021;445;2021
0013;2021;522;2021
0821;2021;205;2021
0243;2021;581;2021
9995;2021;1926;2021
8707;2021;150;2021
2054;2021;1579;2021
8350;2021;729;2021
4135;2021;368;2021
1823;2021;437;2021
5632;2021;909;2021
9829;2021;368;2021
8379;2021;342;2021
9110;2021;1367;2021
8661;2021;8075;2021
1477;2021;97;2021
2095;2021;660;2021
6838;2021;989;2021
8690;2021;1160;2021
3426;2021;516;2021
3286;2021;102;2021
4474;2021;239;2021
6806;2021;559;2021
2847;2021;135;2021
1208;2021;1703;2021
7831;2021;774;2021
5950;2021;211;2021
7598;2021;276;2021
0381;2021;2416;2021
1652;2021;592;2021
9865;2021;250;2021
6222;2021;868;2021
6529;2021;816;2021
8715;2021;2930;2021
9470;2021;5497;2021
1268;2021;379;2021
2863;2021;548;2021
8627;2021;1516;2021
2966;2021;19043;2021
2298;2021;314;2021
7210;2021;90825;2021
1593;2021;727;2021
2127;2021;713;2021
3278;2021;399;2021
1270;2021;348;2021
2435;2021;6236;2021
2375;2021;253;2021
6194;2021;1261;2021
0526;2021;2001;2021
7123;2021;1556;2021
3258;2021;499;2021
4394;2021;709;2021
8874;2021;157;2021
5930;2021;1765;2021
3975;2021;1924;2021
6034;2021;536;2021
7357;2021;1343;2021
5880;2021;2241;2021
6141;2021;1062;2021
0237;2021;311;2021
5285;2021;426;2021
6333;2021;468;2021
2494;2021;468;2021
4375;2021;736;2021
0617;2021;454;2021
4663;2021;1777;2021
0525;2021;1104;2021
7893;2021;321;2021
4834;2021;426;2021
3393;2021;911;2021
2555;2021;88;2021
9234;2021;494;2021
3413;2021;720;2021
9646;2021;1182;2021
0105;2021;370;2021
2099;2021;32399;2021
9868;2021;969;2021
0373;2021;121;2021
0924;2021;2821;2021
7720;2021;852;2021
2090;2021;88;2021
4829;2021;398;2021
1281;2021;4435;2021
6600;2021;135;2021
9770;2021;1855;2021
5910;2021;452;2021
5776;2021;1443;2021
1106;2021;612;2021
4215;2021;4874;2021
4872;2021;392;2021
4466;2021;261;2021
5526;2021;467;2021
4427;2021;396;2021
7470;2021;302;2021
3008;2021;1309;2021
2961;2021;445;2021
6115;2021;951;2021
8996;2021;316;2021
3874;2021;1012;2021
4620;2021;171;2021
2764;2021;180;2021
8486;2021;586;2021
0136;2021;2131;2021
6162;2021;303;2021
7515;2021;506;2021
2861;2021;449;2021
4310;2021;470;2021
4598;2021;1362;2021
9336;2021;623;2021
0431;2021;1893;2021
5337;2021;1577;2021
7683;2021;1022;2021
1544;2021;817;2021
7166;2021;615;2021
0432;2021;4444;2021
4494;2021;671;2021
3843;2021;292;2021
0802;2021;221;2021
9430;2021;476;2021
8022;2021;292;2021
5481;2021;644;2021
5357;2021;801;2021
0350;2021;79;2021
2320;2021;1278;2021
7374;2021;1258;2021
1997;2021;185;2021
2358;2021;1211;2021
5044;2021;2013;2021
7529;2021;565;2021
6940;2021;925;2021
5400;2021;195;2021
5183;2021;196;2021
0329;2021;154;2021
6176;2021;553;2021
7473;2021;251;2021
3757;2021;232;2021
7240;2021;608;2021
4868;2021;290;2021
5981;2021;501;2021
4513;2021;284;2021
8515;2021;311;2021
7090;2021;1319;2021
9524;2021;389;2021
2196;2021;710;2021
2943;2021;606;2021
3099;2021;1291;2021
1949;2021;27449;2021
4629;2021;1242;2021
5460;2021;407;2021
5707;2021;239;2021
6908;2021;114;2021
0996;2021;400;2021
5434;2021;594;2021
3721;2021;10873;2021
3668;2021;1196;2021
1836;2021;1366;2021
4198;2021;198;2021
7377;2021;517;2021
5365;2021;614;2021
2811;2021;1286;2021
3546;2021;1166;2021
9973;2021;867;2021
4426;2021;313;2021
7043;2021;3427;2021
9178;2021;1312;2021
9675;2021;544;2021
6498;2021;315;2021
0285;2021;999;2021
0867;2021;296;2021
1764;2021;4513;2021
9723;2021;479;2021
0071;2021;1895;2021
1646;2021;1347;2021
7334;2021;1497;2021
5150;2021;612;2021
0518;2021;1394;2021
0734;2021;393;2021
5892;2021;123;2021
4613;2021;1430;2021
1543;2021;218;2021
2796;2021;1458;2021
5754;2021;340;2021
9150;2021;3916;2021
5707;2021;542;2021
1153;2021;1201;2021
6916;2021;4045;2021
8925;2021;525;2021
7063;2021;367;2021
7430;2021;386;2021
8531;2021;1124;2021
8425;2021;509;2021
9473;2021;5878;2021
3196;2021;1174;2021
1680;2021;1914;2021
5538;2021;1565;2021
9533;2021;195;2021
8539;2021;923;2021
9541;2021;367;2021
9146;2021;2337;2021
2889;2021;1896;2021
2113;2021;1503;2021
0350;2021;599;2021
2660;2021;912;2021
7959;2021;838;2021
1813;2021;1307;2021
8665;2021;26461;2021
6032;2021;258;2021
2193;2021;667;2021
4945;2021;18090;2021
2936;2021;966;2021
7257;2021;943;2021
6455;2021;2022;2021
3072;2021;3054;2021
4926;2021;481;2021
4416;2021;876;2021
8686;2021;299;2021
5563;2021;1748;2021
0672;2021;653;2021
5616;2021;1138;2021
4833;2021;1157;2021
2458;2021;134;2021
1828;2021;667;2021
1590;2021;1825;2021
7844;2021;1616;2021
0951;2021;1330;2021
9640;2021;211;2021
8126;2021;542;2021
3922;2021;33223;2021
8405;2021;1249;2021
3596;2021;833;2021
6166;2021;299;2021
4208;2021;1359;2021
2435;2021;2114;2021
0315;2021;108;2021
0904;2021;218;2021
5436;2021;948;2021
2569;2021;861;2021
9864;2021;742;2021
1589;2021;547;2021
5416;2021;886;2021
5283;2021;109;2021
7924;2021;717;2021
4323;2021;374;2021
8619;2021;2367;2021
6811;2021;4402;2021
0366;2021;1315;2021
6058;2021;2615;2021
9756;2021;2389;2021
2542;2021;502;2021
2330;2021;220;2021
5692;2021;472;2021
1198;2021;1788;2021
7086;2021;425;2021
8795;2021;424;2021
9833;2021;1699;2021
2939;2021;3390;2021
5155;2021;332;2021
6469;2021;799;2021
6384;2021;1148;2021
0381;2021;642;2021
6742;2021;378;2021
5840;2021;1323;2021
0120;2021;716;2021
9366;2021;108;2021
9427;2021;2021;2021
6666;2021;816;2021
5455;2021;432;2021
7597;2021;1766;2021
6277;2021;2058;2021
3588;2021;2988;2021
4824;2021;158;2021
5598;2021;209;2021
2661;2021;458;2021
3265;2021;1507;2021
5584;2021;171;2021
7533;2021;795;2021
9217;2021;3553;2021
4019;2021;977;2021
0249;2021;4089;2021
8333;2021;81;2021
3385;2021;167;2021
6410;2021;1005;2021
7362;2021;3484;2021
3871;2021;371;2021
3775;2021;1312;2021
4576;2021;321;2021
4206;2021;198;2021
1772;2021;3240;2021
8770;2021;330;2021
5722;2021;4451;2021
2904;2021;4755;2021
4583;2021;556;2021
4757;2021;192;2021
4468;2021;591;2021
2072;2021;166;2021
1501;2021;2198;2021
3547;2021;1294;2021
3870;2021;2578;2021
7979;2021;1278;2021
6268;2021;363;2021
9364;2021;628;2021
0601;2021;147;2021
0925;2021;118;2021
1429;2021;337;2021
1378;2021;1068;2021
3196;2021;372;2021
6993;2021;10130;2021
9386;2021;408;2021
4357;2021;827;2021
9485;2021;5577;2021
4708;2021;262;2021
8606;2021;1267;2021
9282;2021;261;2021
7925;2021;1099;2021
5948;2021;1118;2021
8570;2021;273;2021
5069;2021;593;2021
0917;2021;513;2021
3931;2021;1181;2021
8800;2021;628;2021
5547;2021;175;2021
5196;2021;777;2021
3343;2021;685;2021
1124;2021;2260;2021
6615;2021;5628;2021
9131;2021;1098;2021
2846;2021;2145;2021
7953;2021;1273;2021
4686;2021;41960;2021
3465;2021;677;2021
8969;2021;293;2021
6911;2021;162;2021
0473;2021;622;2021
0261;2021;120;2021
8375;2021;201;2021
4996;2021;3168;2021
2994;2021;845;2021
2246;2021;453;2021
5053;2021;1322;2021
2305;2021;763;2021
3803;2021;852;2021
3126;2021;2341;2021
2113;2021;656;2021
8027;2021;482;2021
8563;2021;558;2021
3675;2021;312;2021
0729;2021;2812;2021
2848;2021;293;2021
8800;2021;2943;2021
3071;2021;1246;2021
3475;2021;1226;2021
0067;2021;52918;2021
7084;2021;2031;2021
8705;2021;281;2021
4660;2021;996;2021
3633;2021;13766;2021
9254;2021;235;2021
6059;2021;360;2021
8807;2021;1257;2021
7219;2021;6727;2021
1512;2021;366;2021
8308;2021;23018;2021
4645;2021;247;2021
5156;2021;448;2021
9658;2021;502;2021
2553;2021;10168;2021
5893;2021;23435;2021
2457;2021;5259;2021
6771;2021;9644;2021
2964;2021;1932;2021
8219;2021;7261;2021
0930;2021;573;2021
2733;2021;525;2021
7933;2021;748;2021
6898;2021;1068;2021
3521;2021;2527;2021
4033;2021;4612;2021
7664;2021;2086;2021
4709;2021;343;2021
4025;2021;12648;2021
6033;2021;1692;2021
7437;2021;1423;2021
4004;2021;5254;2021
2297;2021;737;2021
7043;2021;316;2021
1434;2021;133;2021
5613;2021;4910;2021
9616;2021;3293;2021
1526;2021;5365;2021
2726;2021;2122;2021
4066;2021;1053;2021
8144;2021;1856;2021
7297;2021;215;2021
5308;2021;11157;2021
0552;2021;1348;2021
2237;2021;993;2021
7021;2021;401;2021
7741;2021;1696;2021
5303;2021;10788;2021
5718;2021;933;2021
7301;2021;1061;2021
8506;2021;97;2021
9576;2021;3212;2021
2984;2021;490;2021
2211;2021;773;2021
1768;2021;174;2021
6682;2021;2442;2021
2263;2021;219;2021
3130;2021;919;2021
6586;2021;1599;2021
1736;2021;443;2021
3321;2021;900;2021
4449;2021;760;2021
8442;2021;8326;2021
6454;2021;622;2021
9456;2021;820;2021
9355;2021;6902;2021
5972;2021;546;2021
7066;2021;741;2021
6552;2021;1747;2021
3740;2021;58534;2021
0195;2021;3498;2021
6807;2021;2937;2021
7756;2021;852;2021
2868;2021;177;2021
9652;2021;2640;2021
4467;2021;2504;2021
1688;2021;653;2021
8939;2021;8105;2021
0095;2021;12620;2021
9150;2021;366;2021
7619;2021;795;2021
8677;2021;2764;2021
8070;2021;286;2021
3050;2021;11163;2021
9316;2021;2519;2021
2765;2021;2558;2021
4232;2021;4379;2021
5133;2021;1834;2021
1058;2021;5168;2021
0076;2021;5022;2021
7401;2021;2790;2021
9074;2021;6482;2021
4612;2021;3770;2021
8218;2021;6729;2021
0657;2021;3125;2021
7496;2021;1580;2021
6931;2021;3637;2021
2802;2021;27228;2021
2878;2021;2250;2021
7230;2021;8603;2021
0873;2021;5724;2021
0024;2021;267;2021
7248;2021;522;2021
5251;2021;1857;2021
2541;2021;73;2021
6164;2021;433;2021
1628;2021;244;2021
6542;2021;561203;2021
8758;2021;94;2021
9667;2021;1392;2021
8679;2021;12315;2021
7098;2021;2404;2021
7183;2021;412;2021
5078;2021;1433;2021
4412;2021;3443;2021
9336;2021;2592;2021
6496;2021;1483;2021
2723;2021;3495;2021
3085;2021;2437;2021
6111;2021;2589;2021
6787;2021;207;2021
7246;2021;2008;2021
5213;2021;2130;2021
2561;2021;843;2021
9885;2021;503;2021
5565;2021;2429;2021
5310;2021;369;2021
9310;2021;113;2021
6304;2021;29107;2021
7864;2021;9464;2021
7191;2021;875;2021
1114;2021;4179;2021
8079;2021;60;2021
5928;2021;2560;2021
0858;2021;492;2021
5747;2021;2563;2021
0549;2021;8575;2021
9016;2021;5601;2021
7734;2021;991;2021
7000;2021;3038;2021
2065;2021;7615;2021
6243;2021;17607;2021
0661;2021;4018;2021
5370;2021;476;2021
0146;2021;2195;2021
0783;2021;566;2021
6332;2021;2141;2021
6707;2021;757;2021
4256;2021;365;2021
7878;2021;2306;2021
1935;2021;4318;2021
5379;2021;10183;2021
9449;2021;2264;2021
5663;2021;7451;2021
1896;2021;816;2021
3369;2021;878;2021
9013;2021;1284;2021
7544;2021;1053;2021
7917;2021;514;2021
8631;2021;477;2021
0171;2021;8361;2021
0857;2021;1292;2021
2704;2021;6133;2021
2600;2021;599;2021
5856;2021;92169;2021
0126;2021;9497;2021
8144;2021;5218;2021
4275;2021;583;2021
9434;2021;1371;2021
8558;2021;8208;2021
7462;2021;519;2021
6576;2021;3310;2021
7634;2021;3615;2021
2920;2021;1353;2021
6636;2021;674;2021
8525;2021;9837;2021
5435;2021;21610;2021
7758;2021;1273;2021
5883;2021;1811;2021
3024;2021;759;2021
3679;2021;7212;2021
7008;2021;475;2021
8282;2021;407;2021
8863;2021;5195;2021
7259;2021;5396;2021
1265;2021;9915;2021
5059;2021;4785;2021
5062;2021;4621;2021
1722;2021;755;2021
9405;2021;1620;2021
5157;2021;1598;2021
5636;2021;665;2021
4320;2021;2509;2021
4769;2021;5475;2021
9453;2021;8756;2021
5211;2021;3167;2021
0299;2021;4250;2021
0385;2021;2231;2021
8685;2021;3155;2021
2924;2021;821;2021
1820;2021;1735;2021
9484;2021;1246;2021
3964;2021;773;2021
0848;2021;1245;2021
6200;2021;929;2021
9058;2021;1170;2021
5046;2021;3075;2021
6597;2021;82754;2021
2718;2021;2131;2021
2636;2021;7729;2021
1334;2021;4726;2021
1274;2021;2551;2021
4198;2021;14728;2021
2222;2021;6600;2021
5453;2021;18116;2021
7494;2021;4786;2021
5879;2021;2729;2021
3257;2021;1362;2021
0454;2021;3617;2021
9090;2021;5671;2021
3236;2021;21362;2021
9999;2021;670;2021
9206;2021;14077;2021
9824;2021;558;2021
7509;2021;1309;2021
8104;2021;1867;2021
9003;2021;7582;2021
7590;2021;5039;2021
3195;2021;5638;2021
0039;2021;802;2021
1335;2021;10413;2021
1074;2021;3807;2021
9838;2021;1938;2021
8056;2021;4623;2021
6874;2021;1221;2021
5386;2021;2835;2021
5510;2021;775;2021
4407;2021;601;2021
1837;2021;3574;2021
5438;2021;3070;2021
0591;2021;2885;2021
8542;2021;156;2021
4882;2021;3246;2021
9589;2021;1631;2021
0249;2021;3085;2021
4152;2021;1461;2021
4939;2021;144;2021
6812;2021;12433;2021
6342;2021;6685;2021
5059;2021;700;2021
9848;2021;52452;2021
2748;2021;989;2021
0021;2021;9136;2021
8412;2021;4559;2021
6742;2021;2847;2021
7868;2021;10751;2021
6820;2021;3743;2021
4363;2021;2654;2021
1580;2021;4872;2021
4805;2021;8094;2021
6957;2021;2179;2021
0205;2021;1237;2021
4339;2021;1061;2021
3656;2021;10278;2021
9091;2021;5297;2021
8742;2021;5273;2021
4421;2021;5631;2021
5300;2021;8324;2021
1891;2021;3618;2021
8299;2021;5033;2021
2578;2021;11366;2021
7099;2021;1203;2021
9338;2021;14128;2021
0713;2021;1310;2021
7726;2021;1215;2021
0011;2021;16347;2021
4904;2021;3512;2021
8464;2021;8032;2021
8580;2021;310;2021
8082;2021;303;2021
4817;2021;1797;2021
9560;2021;1656;2021
0593;2021;1491;2021
5407;2021;1939;2021
6024;2021;4278;2021
2357;2021;4926;2021
7614;2021;4319;2021
2066;2021;12599;2021
9148;2021;7939;2021
7246;2021;819;2021
3374;2021;2838;2021
3581;2021;2266;2021
4844;2021;906;2021
7630;2021;1251;2021
4390;2021;2987;2021
0203;2021;16037;2021
0575;2021;38582;2021
0378;2021;10969;2021
0257;2021;4021;2021
9314;2021;5359;2021
5050;2021;17749;2021
7456;2021;5974;2021
6311;2021;3621;2021
6947;2021;2485;2021
4984;2021;18834;2021
5967;2021;3949;2021
0613;2021;225;2021
7362;2021;10719;2021
4185;2021;1595;2021
3172;2021;2455;2021
8393;2021;78740;2021
0849;2021;7281;2021
8788;2021;5952;2021
7338;2021;7257;2021
7832;2021;8652;2021
2626;2021;5167;2021
6057;2021;586;2021
2207;2021;1459;2021
9564;2021;2403;2021
2455;2021;2651;2021
3792;2021;6360;2021
9506;2021;4189;2021
8386;2021;2725;2021
9921;2021;1303;2021
5833;2021;4842;2021
2450;2021;1755;2021
7689;2021;7685;2021
1121;2021;679;2021
6314;2021;5114;2021
5106;2021;3528;2021
7157;2021;559;2021
5854;2021;330;2021
8086;2021;2794;2021
1195;2021;4824;2021
6704;2021;1725;2021
5601;2021;290;2021
4718;2021;1091;2021
1608;2021;6384;2021
8501;2021;2177;2021
9720;2021;335;2021
0345;2021;1623;2021
7733;2021;4002;2021
1783;2021;7405;2021
1486;2021;7931;2021
5169;2021;475;2021
6757;2021;1748;2021
2534;2021;39382;2021
1053;2021;5111;2021
7174;2021;5474;2021
9442;2021;1101;2021
9866;2021;2896;2021
1718;2021;4429;2021
7329;2021;3144;2021
2069;2021;6569;2021
8896;2021;1644;2021
2299;2021;5011;2021
5074;2021;3294;2021
9722;2021;1265;2021
6220;2021;903;2021
9748;2021;189;2021
5479;2021;572;2021
1833;2021;9274;2021
2813;2021;6402;2021
6263;2021;2121;2021
9034;2021;539;2021
6119;2021;447;2021
1193;2021;83361;2021
1917;2021;847;2021
1382;2021;691;2021
9305;2021;3442;2021
6466;2021;218;2021
6082;2021;636;2021
2764;2021;1451;2021
0436;2021;3233;2021
4878;2021;236;2021
8017;2021;16091;2021
9373;2021;2575;2021
5230;2021;1148;2021
1414;2021;4831;2021
3603;2021;3230;2021
9561;2021;4968;2021
2966;2021;9829;2021
7378;2021;676;2021
1790;2021;1054;2021
8171;2021;2814;2021
8991;2021;1317;2021
5458;2021;591;2021
9053;2021;5795;2021
9235;2021;9117;2021
1961;2021;899;2021
6825;2021;544;2021
8412;2021;2523;2021
5255;2021;456;2021
7039;2021;1962;2021
5636;2021;3864;2021
3036;2021;5985;2021
1337;2021;165;2021
0129;2021;4303;2021
4770;2021;9944;2021
6045;2021;1947;2021
1614;2021;2730;2021
6778;2021;5405;2021
8489;2021;2553;2021
9357;2021;9708;2021
0815;2021;687;2021
8027;2021;25182;2021
2884;2021;3131;2021
7701;2021;3035;2021
2814;2021;4058;2021
8973;2021;1544;2021
7270;2021;2367;2021
2232;2021;5340;2021
0152;2021;220;2021
5169;2021;2516;2021
7031;2021;8677;2021
7055;2021;934;2021
0301;2021;1163;2021
9210;2021;2880;2021
9517;2021;11780;2021
6968;2021;2373;2021
4607;2021;2649;2021
5747;2021;189;2021
7955;2021;1047;2021
5334;2021;248;2021
9040;2021;817;2021
0749;2021;667;2021
8112;2021;230;2021
3802;2021;4242;2021
6399;2021;4820;2021
2991;2021;940;2021
2026;2021;1334;2021
0752;2021;308;2021
5209;2021;1259;2021
0864;2021;1630;2021
5679;2021;7923;2021
5316;2021;6209;2021
7337;2021;481;2021
5076;2021;967;2021
7797;2021;7799;2021
9930;2021;278;2021
1171;2021;884;2021
7869;2021;3161;2021
4371;2021;1246;2021
7425;2021;643;2021
2943;2021;613;2021
8880;2021;5700;2021
5288;2021;1106;2021
9091;2021;237;2021
2823;2021;9555;2021
7844;2021;5037;2021
6474;2021;2625;2021
1320;2021;2583;2021
6115;2021;162;2021
7405;2021;1426;2021
8606;2021;203;2021
1517;2021;3078;2021
0078;2021;743;2021
7470;2021;4118;2021
8577;2021;7877;2021
5952;2021;182;2021
7866;2021;1693;2021
8689;2021;4085;2021
0589;2021;3577;2021
5814;2021;5451;2021
4154;2021;5027;2021
9508;2021;3022;2021
6566;2021;3573;2021
6232;2021;4631;2021
9606;2021;291;2021
3463;2021;3011;2021
7750;2021;597;2021
3652;2021;1495;2021
1438;2021;3222;2021
2216;2021;117;2021
5949;2021;4078;2021
1064;2021;1262;2021
4363;2021;3990;2021
7158;2021;1967;2021
9724;2021;1048;2021
4884;2021;928;2021
2724;2021;1342;2021
0700;2021;615;2021
0381;2021;1533;2021
4206;2021;422;2021
6946;2021;782;2021
7744;2021;7235;2021
5976;2021;2350;2021
7567;2021;2426;2021
0707;2021;333;2021
1360;2021;1118;2021
7887;2021;1390;2021
9900;2021;5482;2021
7335;2021;482;2021
4380;2021;3331;2021
2392;2021;3752;2021
7990;2021;503;2021
8986;2021;765;2021
6407;2021;553;2021
4264;2021;161;2021
7929;2021;1936;2021
9155;2021;4371;2021
1235;2021;1637;2021
6543;2021;530;2021
1649;2021;1256;2021
2928;2021;6811;2021
4605;2021;627;2021
7844;2021;753;2021
3245;2021;1028;2021
4294;2021;928;2021
1453;2021;1824;2021
9710;2021;2963;2021
8161;2021;12227;2021
7438;2021;1883;2021
2997;2021;35;2021
8048;2021;1415;2021
7998;2021;2073;2021
2533;2021;1901;2021
8988;2021;1819;2021
7264;2021;2255;2021
5842;2021;659;2021
9381;2021;2918;2021
0003;2021;291;2021
8249;2021;561;2021
7953;2021;2886;2021
8502;2021;369;2021
5234;2021;475;2021
4525;2021;3930;2021
8693;2021;21192;2021
6849;2021;79;2021
0508;2021;4623;2021
2651;2021;196;2021
3175;2021;4410;2021
3744;2021;8823;2021
2796;2021;745;2021
1463;2021;626;2021
3666;2021;2842;2021
0135;2021;2011;2021
7228;2021;4134;2021
5707;2021;3594;2021
9883;2021;2498;2021
7085;2021;841;2021
3775;2021;1063;2021
4054;2021;202;2021
5223;2021;967;2021
7393;2021;2996;2021
7777;2021;32383;2021
9818;2021;4713;2021
4210;2021;6758;2021
5849;2021;19551;2021
3585;2021;12275;2021
0521;2021;9140;2021
3841;2021;17174;2021
5915;2021;3654;2021
4923;2021;8040;2021
5901;2021;3809;2021
1619;2021;2976;2021
7424;2021;2028;2021
8715;2021;7086;2021
6535;2021;4110;2021
0991;2021;36166;2021
3825;2021;26081;2021
9348;2021;2460;2021
0057;2021;26912;2021
8321;2021;4633;2021
5751;2021;8341;2021
9872;2021;14043;2021
8772;2021;1222;2021
2274;2021;7118;2021
2538;2021;12499;2021
2435;2021;4150;2021
3712;2021;15664;2021
3248;2021;4020;2021
5951;2021;5535;2021
5697;2021;19194;2021
1469;2021;13941;2021
3175;2021;1906;2021
1728;2021;10862;2021
3101;2021;34969;2021
9632;2021;5090;2021
1211;2021;14984;2021
9495;2021;23520;2021
7681;2021;14218;2021
7240;2021;74391;2021
6765;2021;5031;2021
4029;2021;46633;2021
1644;2021;2041;2021
6867;2021;18763;2021
4733;2021;20327;2021
0674;2021;20576;2021
3660;2021;34438;2021
9253;2021;8138;2021
4585;2021;4402;2021
0817;2021;18869;2021
6355;2021;6372;2021
4790;2021;3035;2021
2650;2021;9218;2021
9162;2021;26792;2021
7542;2021;8791;2021
5799;2021;20949;2021
4633;2021;3071;2021
1012;2021;1634;2021
1348;2021;8487;2021
1607;2021;11245;2021
0401;2021;9060;2021
8710;2021;26126;2021
6972;2021;59955;2021
4067;2021;4009;2021
6104;2021;10264;2021
9919;2021;24130;2021
2300;2021;9336;2021
2082;2021;6186;2021
3866;2021;3671;2021
9542;2021;12293;2021
9986;2021;17972;2021
8205;2021;18503;2021
6399;2021;4191;2021
8450;2021;1349930;2021
0234;2021;1024;2021
5128;2021;8120;2021
2430;2021;16928;2021
8762;2021;636;2021
4619;2021;19877;2021
7629;2021;4528;2021
6168;2021;14152;2021
9834;2021;4343;2021
9510;2021;1405;2021
1139;2021;47090;2021
6924;2021;5796;2021
3077;2021;27859;2021
8211;2021;11108;2021
0025;2021;11477;2021
2213;2021;24084;2021
6627;2021;8983;2021
9138;2021;15671;2021
0918;2021;36202;2021
7850;2021;8393;2021
2940;2021;6472;2021
1394;2021;8543;2021
0744;2021;7286;2021
0299;2021;14129;2021
2410;2021;50618;2021
9280;2021;4767;2021
7849;2021;6745;2021
0731;2021;4627;2021
7627;2021;5758;2021
2435;2021;41435;2021
5504;2021;7239;2021
8132;2021;32008;2021
1680;2021;6697;2021
9043;2021;39253;2021
9663;2021;4932;2021
4807;2021;8259;2021
2358;2021;4489;2021
7527;2021;12551;2021
3217;2021;36591;2021
5991;2021;21360;2021
6989;2021;79442;2021
4237;2021;7267;2021
7192;2021;20062;2021
6760;2021;13924;2021
4271;2021;5374;2021
7661;2021;21460;2021
0531;2021;11930;2021
9957;2021;3672;2021
9836;2021;5844;2021
5192;2021;7046;2021
0535;2021;9327;2021
0632;2021;9462;2021
5438;2021;3332;2021
5527;2021;9253;2021
7420;2021;16753;2021
1334;2021;9274;2021
6502;2021;3852;2021
6048;2021;6837;2021
5480;2021;6175;2021
5630;2021;5262;2021
7721;2021;11762;2021
7367;2021;5831;2021
6054;2021;2172;2021
2249;2021;807;2021
3529;2021;8274;2021
8066;2021;17492;2021
0002;2021;5507;2021
6065;2021;6504;2021
7304;2021;5536;2021
6844;2021;13424;2021
2753;2021;2366;2021
7269;2021;3227;2021
3472;2021;4815;2021
4366;2021;3344;2021
3077;2021;2744;2021
6932;2021;173;2021
4839;2021;575;2021
2922;2021;7596;2021
2893;2021;372;2021
5492;2021;4439;2021
9806;2021;687;2021
0711;2021;4252;2021
0744;2021;2004;2021
2679;2021;705;2021
1447;2021;2431;2021
2430;2021;119476;2021
8641;2021;1428;2021
6704;2021;602;2021
2008;2021;72;2021
5909;2021;6521;2021
2082;2021;6210;2021
1510;2021;10242;2021
4677;2021;6629;2021
8306;2021;1147;2021
1050;2021;976;2021
7728;2021;5040;2021
4652;2021;724;2021
1865;2021;667;2021
5325;2021;8513;2021
1391;2021;7920;2021
1106;2021;6098;2021
2180;2021;122;2021
9946;2021;5632;2021
0832;2021;6089;2021
6685;2021;5386;2021
3335;2021;8231;2021
7241;2021;4279;2021
9439;2021;558;2021
2052;2021;4235;2021
6788;2021;1206;2021
7848;2021;8190;2021
7837;2021;3039;2021
3882;2021;16109;2021
8209;2021;4811;2021
1535;2021;286;2021
5891;2021;4646;2021
1132;2021;3838;2021
1745;2021;4069;2021
6219;2021;3075;2021
6773;2021;111;2021
1527;2021;10398;2021
7066;2021;2773;2021
5000;2021;3353;2021
5891;2021;1232;2021
6516;2021;2720;2021
0244;2021;1640;2021
9726;2021;2515;2021
6165;2021;3928;2021
5990;2021;4095;2021
0467;2021;1597;2021
5455;2021;3364;2021
8848;2021;6067;2021
8160;2021;6158;2021
3074;2021;5484;2021
7279;2021;5036;2021
1901;2021;8510;2021
6270;2021;1108;2021
5186;2021;11065;2021
7483;2021;1620;2021
4452;2021;4371;2021
5017;2021;931;2021
3489;2021;1953;2021
2228;2021;3317;2021
2120;2021;547;2021
6664;2021;8922;2021
9435;2021;4218;2021
4135;2021;3556;2021
6874;2021;7453;2021
4071;2021;210;2021
8076;2021;23241;2021
5581;2021;882;2021
0666;2021;3379;2021
1452;2021;1992;2021
7927;2021;7977;2021
0407;2021;1312;2021
4232;2021;3108;2021
2877;2021;1155;2021
0593;2021;2961;2021
7970;2021;4722;2021
9291;2021;567;2021
1427;2021;168;2021
8683;2021;3053;2021
0447;2021;3386;2021
2798;2021;208;2021
1344;2021;965;2021
0232;2021;5174;2021
1267;2021;1445;2021
1961;2021;868;2021
4229;2021;4928;2021
5881;2021;6157;2021
6975;2021;5119;2021
4980;2021;6573;2021
0000;2021;1498;2021
7411;2021;6436;2021
0720;2021;1134;2021
7773;2021;865;2021
9409;2021;7392;2021
8327;2021;171;2021
0586;2021;622;2021
1560;2021;4119;2021
6909;2021;4308;2021
7382;2021;554;2021
5315;2021;3720;2021
7894;2021;823;2021
9248;2021;5001;2021
0469;2021;2811;2021
4846;2021;881;2021
0689;2021;4025;2021
6576;2021;6878;2021
0512;2021;10733;2021
8382;2021;164;2021
1053;2021;2944;2021
3564;2021;195;2021
7535;2021;1141;2021
8156;2021;3176;2021
5662;2021;2488;2021
9227;2021;2914;2021
4645;2021;4349;2021
6470;2021;7311;2021
2349;2021;11222;2021
9033;2021;486;2021
8917;2021;980;2021
3238;2021;144;2021
6637;2021;571;2021
7820;2021;920;2021
0406;2021;1667;2021
0963;2021;145;2021
1822;2021;5211;2021
5856;2021;12487;2021
2349;2021;2098;2021
0866;2021;3976;2021
9601;2021;4492;2021
7933;2021;5747;2021
2794;2021;2698;2021
8186;2021;345;2021
6000;2021;5883;2021
4798;2021;1720;2021
7381;2021;1436;2021
5451;2021;1006;2021
7653;2021;1195;2021
2379;2021;389;2021
1521;2021;87;2021
2861;2021;1560;2021
5898;2021;1719;2021
4455;2021;6682;2021
5806;2021;11481;2021
3774;2021;3276;2021
0976;2021;4946;2021
1982;2021;4518;2021
9555;2021;1846;2021
6248;2021;1061;2021
2819;2021;4802;2021
1143;2021;1679;2021
0614;2021;5879;2021
2137;2021;1239;2021
5213;2021;881;2021
8103;2021;3874;2021
3832;2021;20613;2021
3866;2021;420;2021
0676;2021;869;2021
0303;2021;895;2021
5338;2021;4110;2021
0263;2021;4625;2021
2466;2021;5802;2021
9535;2021;4704;2021
8036;2021;523;2021
6625;2021;6731;2021
6892;2021;9881;2021
9692;2021;1140;2021
8461;2021;2438;2021
5279;2021;2000;2021
5534;2021;25169;2021
3384;2021;2051;2021
7680;2021;1779;2021
9446;2021;696;2021
2463;2021;8901;2021
0234;2021;4401;2021
9977;2021;5229;2021
9736;2021;965;2021
6107;2021;5609;2021
3738;2021;13339;2021
8250;2021;1077;2021
5411;2021;3774;2021
1255;2021;539;2021
1707;2021;1961;2021
3026;2021;4978;2021
1331;2021;8016;2021
4787;2021;8620;2021
9668;2021;2183;2021
6902;2021;2526;2021
6241;2021;1127;2021
5138;2021;9711;2021
2199;2021;30567;2021
4155;2021;10857;2021
3454;2021;1353;2021
7781;2021;9821;2021
8895;2021;968;2021
8404;2021;4352;2021
8905;2021;585;2021
7641;2021;127;2021
2302;2021;215;2021
8976;2021;249;2021
2918;2021;187;2021
8162;2021;7509;2021
3495;2021;8118;2021
6945;2021;4443;2021
4483;2021;1123;2021
7562;2021;1322;2021
3098;2021;577;2021
9824;2021;4575;2021
4861;2021;6573;2021
6029;2021;6630;2021
1594;2021;1782;2021
0421;2021;8027;2021
0008;2021;1441;2021
4317;2021;2666;2021
9523;2021;8671;2021
2123;2021;8585;2021
2969;2021;866;2021
3232;2021;656;2021
2505;2021;297;2021
7996;2021;2345;2021
2277;2021;1985;2021
4334;2021;3862;2021
4375;2021;4156;2021
5463;2021;1518;2021
2895;2021;7171;2021
5546;2021;1622;2021
7168;2021;2372;2021
8313;2021;450;2021
5601;2021;2309;2021
0192;2021;3567;2021
5696;2021;3398;2021
3456;2021;12494;2021
1984;2021;3755;2021
3363;2021;2317;2021
4918;2021;1138;2021
4204;2021;2333;2021
4435;2021;12278;2021
5925;2021;2752;2021
4633;2021;1525;2021
9148;2021;2447;2021
8064;2021;3760;2021
2870;2021;1311;2021
5298;2021;5388;2021
4198;2021;9061;2021
4960;2021;2479;2021
4824;2021;10706;2021
9887;2021;2025;2021
4114;2021;7356;2021
3802;2021;1744;2021
3568;2021;682;2021
9346;2021;4632;2021
3504;2021;195906;2021
8968;2021;737;2021
3081;2021;2136;2021
2958;2021;12890;2021
7369;2021;3644;2021
8271;2021;8375;2021
1075;2021;2327;2021
9465;2021;345;2021
9676;2021;4633;2021
6009;2021;9431;2021
8419;2021;12977;2021
2047;2021;8327;2021
1396;2021;6785;2021
5282;2021;10993;2021
1950;2021;11553;2021
3362;2021;1625;2021
6321;2021;7494;2021
3414;2021;10749;2021
0830;2021;1098;2021
5461;2021;4862;2021
5525;2021;657;2021
3012;2021;1788;2021
4688;2021;820;2021
9591;2021;19131;2021
9310;2021;1441;2021
7129;2021;543;2021
3067;2021;2655;2021
0465;2021;8728;2021
2701;2021;4479;2021
4749;2021;2041;2021
7876;2021;7562;2021
4369;2021;4029;2021
0745;2021;15623;2021
9733;2021;7147;2021
6046;2021;1922;2021
2959;2021;1419;2021
0712;2021;15546;2021
3209;2021;5578;2021
2622;2021;29093;2021
9029;2021;4411;2021
2398;2021;8668;2021
3061;2021;5118;2021
0159;2021;2003;2021
8367;2021;8808;2021
5862;2021;4549;2021
3932;2021;2608;2021
6562;2021;11352;2021
7514;2021;2731;2021
7959;2021;12198;2021
8400;2021;18518;2021
3812;2021;2121;2021
2837;2021;4957;2021
0890;2021;16439;2021
8902;2021;1873;2021
6657;2021;345;2021
9347;2021;136;2021
4195;2021;8924;2021
3283;2021;4064;2021
8235;2021;486;2021
4516;2021;14243;2021
0261;2021;1141;2021
4987;2021;1624;2021
4335;2021;3804;2021
1952;2021;16827;2021
4707;2021;560;2021
2553;2021;625;2021
7425;2021;353;2021
7179;2021;21410;2021
0958;2021;1483;2021
1108;2021;107;2021
5281;2021;3492;2021
8941;2021;1960;2021
4568;2021;3030;2021
6294;2021;5415;2021
8838;2021;13163;2021
7392;2021;4196;2021
0348;2021;665;2021
9308;2021;3114;2021
7266;2021;12519;2021
4914;2021;1723;2021
6530;2021;2603;2021
0259;2021;515;2021
6051;2021;1628;2021
8908;2021;4568;2021
6612;2021;26088;2021
5181;2021;5064;2021
5067;2021;774;2021
0779;2021;2680;2021
2115;2021;10640;2021
1574;2021;1968;2021
4576;2021;3865;2021
3116;2021;4695;2021
5439;2021;1927;2021
0333;2021;4117;2021
8482;2021;3152;2021
7797;2021;965;2021
8683;2021;12372;2021
9376;2021;2430;2021
2899;2021;14663;2021
8578;2021;1452;2021
8091;2021;4773;2021
6080;2021;3637;2021
8656;2021;176;2021
0034;2021;2170;2021
0394;2021;19937;2021
1812;2021;4884;2021
1537;2021;579;2021
3910;2021;6914;2021
6135;2021;2706;2021
8176;2021;4417;2021
9152;2021;557;2021
1258;2021;576;2021
4893;2021;1448;2021
9448;2021;4733;2021
2274;2021;7803;2021
2010;2021;2464;2021
1195;2021;2705;2021
2734;2021;3744;2021
6432;2021;5161;2021
4261;2021;1747;2021
2070;2021;6991;2021
0862;2021;6902;2021
3264;2021;3556;2021
1623;2021;2803;2021
4524;2021;1465;2021
9892;2021;6815;2021
1597;2021;7161;2021
8506;2021;884;2021
9716;2021;3464;2021
4528;2021;6177;2021
4624;2021;3346;2021
2064;2021;13345;2021
1323;2021;4835;2021
8594;2021;9797;2021
8208;2021;4366;2021
3738;2021;9282;2021
0941;2021;19198;2021
8455;2021;5857;2021
4472;2021;3932;2021
5868;2021;3290;2021
3048;2021;10448;2021
2166;2021;3465;2021
5358;2021;2685;2021
2532;2021;4704;2021
6791;2021;13132;2021
2678;2021;802;2021
4711;2021;1400;2021
5718;2021;1427;2021
4273;2021;3060;2021
2480;2021;8257;2021
7734;2021;1949;2021
8920;2021;1211;2021
4397;2021;1944;2021
8075;2021;1219;2021
2570;2021;1105;2021
8569;2021;1158;2021
4392;2021;6401;2021
1704;2021;7550;2021
7360;2021;13725;2021
6815;2021;2046;2021
1018;2021;5470;2021
7332;2021;507;2021
6802;2021;3733;2021
8575;2021;1410;2021
1205;2021;173;2021
7595;2021;8018;2021
0634;2021;3754;2021
9639;2021;4181;2021
1472;2021;1473;2021
2195;2021;10694;2021
8650;2021;1360;2021
1012;2021;5834;2021
2649;2021;627;2021
2237;2021;1992;2021
2213;2021;8257;2021
6813;2021;1039;2021
3021;2021;4742;2021
3442;2021;799;2021
7568;2021;225;2021
3279;2021;533;2021
4488;2021;3574;2021
4869;2021;1522;2021
0572;2021;394;2021
6641;2021;632;2021
7124;2021;874;2021
3380;2021;1779;2021
4999;2021;983;2021
1427;2021;683;2021
6868;2021;6301;2021
8581;2021;2861;2021
8813;2021;2662;2021
8095;2021;1319;2021
1044;2021;417;2021
6391;2021;953;2021
9287;2021;2671;2021
8363;2021;636;2021
1444;2021;514;2021
8103;2021;715;2021
6947;2021;3443;2021
8467;2021;9585;2021
9838;2021;106;2021
6864;2021;1091;2021
9194;2021;1445;2021
8147;2021;1306;2021
7807;2021;1428;2021
6302;2021;453;2021
4950;2021;866;2021
8047;2021;2379;2021
6885;2021;8766;2021
7354;2021;6762;2021
2772;2021;710;2021
6618;2021;6490;2021
7910;2021;989;2021
7445;2021;1072;2021
2142;2021;525;2021
2590;2021;6649;2021
1244;2021;244;2021
5978;2021;2283;2021
3786;2021;178;2021
5598;2021;681;2021
8048;2021;5455;2021
4109;2021;1133;2021
3883;2021;3932;2021
8758;2021;1312;2021
0509;2021;5308;2021
9551;2021;942;2021
8061;2021;1545;2021
3400;2021;1708;2021
8709;2021;765;2021
3727;2021;972;2021
8242;2021;380;2021
5863;2021;355;2021
9949;2021;4915;2021
5666;2021;4528;2021
1708;2021;1065;2021
2479;2021;815;2021
8247;2021;348;2021
1754;2021;1088;2021
2313;2021;171;2021
7762;2021;200;2021
7031;2021;9697;2021
1759;2021;9456;2021
4113;2021;1424;2021
7225;2021;5245;2021
6103;2021;3192;2021
4207;2021;175;2021
3437;2021;2711;2021
2159;2021;4242;2021
6414;2021;1452;2021
5871;2021;6446;2021
8199;2021;382;2021
3416;2021;1138;2021
1660;2021;2810;2021
7457;2021;134;2021
3587;2021;2022;2021
8206;2021;2457;2021
2531;2021;1754;2021
1758;2021;2426;2021
2895;2021;1684;2021
8941;2021;6211;2021
1383;2021;352;2021
0204;2021;1051;2021
0643;2021;467;2021
5105;2021;1320;2021
5559;2021;3677;2021
0650;2021;860;2021
7412;2021;1467;2021
4035;2021;516;2021
4046;2021;416;2021
9744;2021;263;2021
1925;2021;631;2021
4934;2021;1618;2021
2990;2021;590;2021
9695;2021;15300;2021
0763;2021;277;2021
3810;2021;723;2021
9101;2021;170;2021
9793;2021;1073;2021
8063;2021;1785;2021
1018;2021;315;2021
3012;2021;1849;2021
2096;2021;70380;2021
2008;2021;755;2021
1529;2021;836;2021
1058;2021;1761;2021
3964;2021;2568;2021
3069;2021;1688;2021
0903;2021;691;2021
9573;2021;772;2021
4798;2021;1449;2021
1597;2021;389;2021
4149;2021;1064;2021
6676;2021;1530;2021
9155;2021;5139;2021
5407;2021;5767;2021
8918;2021;518;2021
4965;2021;60;2021
7642;2021;228;2021
3646;2021;660;2021
7174;2021;580;2021
0510;2021;1555;2021
5524;2021;546;2021
4128;2021;845;2021
5044;2021;465;2021
4309;2021;629;2021
2686;2021;4010;2021
4522;2021;1013;2021
2907;2021;6326;2021
3323;2021;5098;2021
4208;2021;1873;2021
5911;2021;1563;2021
5572;2021;1017;2021
9010;2021;448;2021
4738;2021;2242;2021
4973;2021;817;2021
8928;2021;540;2021
5420;2021;1457;2021
5740;2021;852;2021
7208;2021;197;2021
6713;2021;632;2021
7879;2021;6451;2021
8725;2021;1145;2021
2314;2021;554;2021
8350;2021;11406;2021
8480;2021;588;2021
2281;2021;1569;2021
6598;2021;507;2021
4933;2021;929;2021
0091;2021;313;2021
4628;2021;2387;2021
5018;2021;3480;2021
6271;2021;816;2021
0775;2021;4402;2021
8312;2021;2364;2021
4982;2021;3647;2021
1549;2021;1017;2021
6827;2021;579;2021
8539;2021;195;2021
2356;2021;2066;2021
1863;2021;1451;2021
6149;2021;3013;2021
1722;2021;96;2021
1961;2021;3344;2021
7086;2021;377;2021
4403;2021;1187;2021
1425;2021;6555;2021
3639;2021;62201;2021
8781;2021;61;2021
6086;2021;770;2021
7675;2021;3324;2021
4894;2021;1518;2021
4413;2021;38316;2021
7731;2021;124;2021
4013;2021;925;2021
5292;2021;1696;2021
5828;2021;996;2021
4037;2021;476;2021
3614;2021;396;2021
1914;2021;1645;2021
7365;2021;3075;2021
8217;2021;820;2021
0865;2021;2534;2021
2468;2021;1018;2021
2160;2021;1123;2021
0775;2021;3842;2021
1983;2021;1983;2021
1210;2021;615;2021
3878;2021;4931;2021
9007;2021;1464;2021
1424;2021;563;2021
6995;2021;1174;2021
9506;2021;1237;2021
6407;2021;662;2021
8362;2021;2148;2021
1471;2021;543;2021
1977;2021;416;2021
4543;2021;2267;2021
8750;2021;3652;2021
1934;2021;1829;2021
5180;2021;1151;2021
6570;2021;515;2021
4019;2021;1771;2021
5302;2021;14974;2021
2823;2021;1621;2021
7894;2021;569;2021
7877;2021;458;2021
0773;2021;9270;2021
8908;2021;5549;2021
7572;2021;295;2021
9178;2021;486;2021
1934;2021;2235;2021
9628;2021;915;2021
3599;2021;1149;2021
8527;2021;1061;2021
1755;2021;1311;2021
1284;2021;1551;2021
5100;2021;33970;2021
4899;2021;70841;2021
7578;2021;1725;2021
9377;2021;620;2021
7740;2021;408;2021
9906;2021;286;2021
5924;2021;3762;2021
1938;2021;1200;2021
6429;2021;1001;2021
7074;2021;859;2021
1013;2021;1889;2021
5732;2021;1127;2021
7203;2021;1306;2021
2763;2021;617;2021
2582;2021;1489;2021
2896;2021;1692;2021
2261;2021;2610;2021
4655;2021;1091;2021
1916;2021;1949;2021
7617;2021;2760;2021
8226;2021;1719;2021
9199;2021;2045;2021
3428;2021;2241;2021
3942;2021;2441;2021
1531;2021;714;2021
4676;2021;796;2021
5835;2021;5927;2021
1537;2021;905;2021
4887;2021;2699;2021
9619;2021;1345;2021
8208;2021;3777;2021
2953;2021;8908;2021
6370;2021;3279;2021
5434;2021;1516;2021
0167;2021;573;2021
7631;2021;2528;2021
7288;2021;1120;2021
4372;2021;1233;2021
8500;2021;1585;2021
0610;2021;6273;2021
5737;2021;1443;2021
8622;2021;894;2021
5485;2021;1738;2021
9564;2021;1001;2021
7793;2021;3414;2021
9739;2021;532;2021
3332;2021;1824;2021
4013;2021;8137;2021
9942;2021;2249;2021
0470;2021;3190;2021
3647;2021;1162;2021
9264;2021;2105;2021
6817;2021;1291;2021
2144;2021;1889;2021
3799;2021;397;2021
0761;2021;1297;2021
7202;2021;532;2021
3093;2021;3505;2021
4938;2021;3185;2021
4254;2021;900;2021
3202;2021;7507;2021
5681;2021;8744;2021
9595;2021;3050;2021
2121;2021;1476;2021
1073;2021;600;2021
0195;2021;6846;2021
1949;2021;1429;2021
9819;2021;417;2021
7692;2021;480;2021
1654;2021;426;2021
2287;2021;2103;2021
2227;2021;574;2021
9179;2021;2794;2021
0610;2021;1638;2021
1516;2021;3554;2021
6926;2021;4600;2021
4366;2021;3817;2021
1205;2021;463;2021
2425;2021;328;2021
6906;2021;3967;2021
0145;2021;2736;2021
4815;2021;9912;2021
2030;2021;5850;2021
8219;2021;4054;2021
8747;2021;4237;2021
6957;2021;2208;2021
8495;2021;2654;2021
0225;2021;1483;2021
3420;2021;3231;2021
5692;2021;4594;2021
4042;2021;12548;2021
3394;2021;5198;2021
0226;2021;23313;2021
8740;2021;3747;2021
6112;2021;2554;2021
6487;2021;1090;2021
4705;2021;14711;2021
5407;2021;3263;2021
9992;2021;3007;2021
4870;2021;2087;2021
8766;2021;10063;2021
8827;2021;8663;2021
4138;2021;5971;2021
2002;2021;1428;2021
8077;2021;48441;2021
7890;2021;6363;2021
9126;2021;804;2021
0330;2021;7625;2021
7287;2021;4096;2021
8487;2021;5353;2021
0189;2021;4859;2021
7894;2021;2458;2021
8313;2021;6583;2021
5686;2021;6888;2021
6013;2021;1711;2021
2865;2021;6478;2021
5585;2021;1671;2021
7194;2021;2275;2021
4412;2021;16498;2021
3786;2021;1058;2021
4333;2021;5320;2021
0927;2021;1214;2021
5452;2021;2415;2021
6868;2021;5153;2021
4333;2021;6802;2021
9799;2021;8670;2021
2700;2021;4100;2021
9406;2021;6716;2021
9778;2021;1462;2021
5351;2021;11812;2021
3957;2021;1245;2021
9392;2021;1598;2021
9551;2021;1090;2021
8282;2021;7112;2021
2023;2021;1441;2021
0833;2021;2621;2021
2723;2021;2023;2021
0989;2021;20842;2021
8407;2021;19781;2021
8432;2021;2093;2021
3933;2021;7205;2021
9869;2021;14778;2021
1686;2021;5319;2021
4948;2021;1901;2021
6883;2021;1631;2021
8912;2021;1012;2021
0640;2021;399;2021
4501;2021;14741;2021
3952;2021;811;2021
0705;2021;3533;2021
5112;2021;1725;2021
2909;2021;106601;2021
2214;2021;691;2021
2918;2021;2308;2021
6986;2021;22728;2021
5395;2021;2758;2021
9974;2021;16995;2021
6344;2021;388;2021
1303;2021;8107;2021
3857;2021;2679;2021
9799;2021;5685;2021
7910;2021;2309;2021
9499;2021;6891;2021
6240;2021;1564;2021
6801;2021;2986;2021
2891;2021;5218;2021
6107;2021;3433;2021
2677;2021;2184;2021
9990;2021;661;2021
8358;2021;1392;2021
6474;2021;2372;2021
2803;2021;3355;2021
5693;2021;5433;2021
1315;2021;2977;2021
9434;2021;3627;2021
7720;2021;1061;2021
3811;2021;2545;2021
6146;2021;3230;2021
9137;2021;1811;2021
2188;2021;924;2021
7063;2021;5202;2021
6721;2021;5050;2021
4720;2021;2743;2021
1083;2021;18183;2021
1238;2021;12415;2021
2234;2021;4078;2021
8849;2021;325;2021
4127;2021;1546;2021
8641;2021;1292;2021
4250;2021;5233;2021
2264;2021;3159;2021
8631;2021;2838;2021
7956;2021;828;2021
9538;2021;1705;2021
3397;2021;40759;2021
4363;2021;2880;2021
5102;2021;1690;2021
5283;2021;2046;2021
2398;2021;2075;2021
1127;2021;6015;2021
9599;2021;3281;2021
0956;2021;2023;2021
4934;2021;4016;2021
7880;2021;3859;2021
1564;2021;4833;2021
4090;2021;3887;2021
3499;2021;1656;2021
8660;2021;740;2021
3282;2021;202;2021
6921;2021;1964;2021
0018;2021;3734;2021
3565;2021;528;2021
3685;2021;258;2021
2837;2021;4580;2021
6035;2021;2911;2021
3603;2021;8062;2021
9426;2021;1370;2021
8232;2021;3142;2021
6182;2021;1253;2021
1250;2021;3768;2021
8468;2021;3405;2021
8369;2021;3048;2021
7802;2021;3615;2021
4600;2021;3845;2021
9429;2021;1761;2021
2383;2021;3235;2021
1725;2021;1517;2021
9231;2021;2001;2021
2703;2021;7190;2021
1304;2021;2980;2021
7870;2021;1399;2021
2399;2021;2592;2021
8367;2021;1261;2021
4314;2021;1846;2021
1716;2021;6290;2021
7177;2021;1834;2021
6215;2021;1139;2021
1613;2021;1779;2021
5686;2021;4749;2021
4242;2021;3396;2021
1250;2021;1980;2021
1955;2021;999;2021
6182;2021;2462;2021
5625;2021;1045;2021
2665;2021;962;2021
1175;2021;2897;2021
6638;2021;1076;2021
0593;2021;3166;2021
1206;2021;3065;2021
8880;2021;5989;2021
1340;2021;2339;2021
8180;2021;3308;2021
3417;2021;4894;2021
0089;2021;985;2021
0325;2021;1581;2021
9500;2021;1892;2021
9647;2021;6968;2021
5844;2021;3049;2021
9177;2021;1402;2021
6313;2021;781;2021
8549;2021;8801;2021
9373;2021;1494;2021
9749;2021;3188;2021
3783;2021;1145;2021
2175;2021;17691;2021
8884;2021;4108;2021
0711;2021;5098;2021
4595;2021;1472;2021
9118;2021;2754;2021
7109;2021;450;2021
6741;2021;1534;2021
4527;2021;400;2021
1849;2021;643;2021
3634;2021;6978;2021
7400;2021;4042;2021
0139;2021;250;2021
6070;2021;700;2021
3946;2021;1386;2021
8086;2021;1087;2021
4130;2021;3900;2021
1988;2021;2020;2021
0233;2021;707;2021
0231;2021;1512;2021
6823;2021;1472;2021
0175;2021;1878;2021
8188;2021;588;2021
1224;2021;948;2021
8202;2021;518;2021
1005;2021;224;2021
5591;2021;2319;2021
8342;2021;1155;2021
1442;2021;1078;2021
3755;2021;4039;2021
4848;2021;1138;2021
0280;2021;563;2021
2299;2021;3025;2021
3771;2021;247;2021
7972;2021;722;2021
2966;2021;338;2021
4975;2021;304;2021
5719;2021;4092;2021
1656;2021;7153;2021
0249;2021;1008;2021
9893;2021;691;2021
1451;2021;416;2021
6440;2021;1212;2021
3367;2021;587;2021
9535;2021;5030;2021
1295;2021;905;2021
2822;2021;1068;2021
9427;2021;470;2021
6255;2021;3147;2021
2241;2021;1313;2021
6807;2021;338;2021
0977;2021;391;2021
8137;2021;2520;2021
3865;2021;741;2021
3811;2021;2030;2021
7294;2021;1171;2021
0919;2021;2776;2021
3124;2021;1187;2021
4362;2021;9126;2021
8282;2021;8134;2021
2178;2021;781;2021
3727;2021;873;2021
1971;2021;270;2021
5277;2021;2265;2021
0322;2021;144;2021
6281;2021;588;2021
3497;2021;882;2021
8455;2021;1596;2021
3529;2021;5508;2021
8790;2021;7445;2021
5944;2021;2589;2021
1158;2021;1097;2021
4832;2021;10048;2021
3845;2021;2822;2021
6147;2021;2055;2021
4887;2021;1302;2021
9654;2021;1101;2021
7474;2021;785;2021
2486;2021;822;2021
6480;2021;167;2021
2114;2021;809;2021
2085;2021;992;2021
3021;2021;1820;2021
3606;2021;772;2021
9782;2021;396;2021
3035;2021;21483;2021
2336;2021;652;2021
3210;2021;3061;2021
2286;2021;2456;2021
9648;2021;4502;2021
7873;2021;1345;2021
7247;2021;17742;2021
1278;2021;1397;2021
0832;2021;2914;2021
0031;2021;454;2021
2973;2021;459;2021
4145;2021;1638;2021
9842;2021;39766;2021
5801;2021;427;2021
8539;2021;798;2021
0617;2021;178;2021
9020;2021;544;2021
9962;2021;4010;2021
3639;2021;1106;2021
8749;2021;919;2021
1898;2021;795;2021
9966;2021;1334;2021
7120;2021;1388;2021
8086;2021;370;2021
7446;2021;695;2021
8221;2021;773;2021
0599;2021;1246;2021
2001;2021;1270;2021
4708;2021;704;2021
1457;2021;1158;2021
9317;2021;4523;2021
3313;2021;601;2021
7472;2021;1886;2021
7162;2021;598;2021
1146;2021;1048;2021
3010;2021;1984;2021
5662;2021;705;2021
5888;2021;636;2021
5452;2021;2937;2021
4463;2021;3652;2021
2845;2021;1312;2021
1927;2021;684;2021
6988;2021;1467;2021
8398;2021;117847;2021
3283;2021;474;2021
8635;2021;1383;2021
6344;2021;1795;2021
9514;2021;181;2021
1287;2021;3881;2021
7401;2021;3063;2021
7466;2021;1758;2021
1134;2021;2913;2021
3723;2021;5273;2021
0483;2021;6815;2021
9123;2021;1572;2021
0826;2021;1149;2021
5329;2021;2081;2021
6809;2021;1428;2021
5471;2021;1629;2021
0028;2021;5140;2021
9642;2021;547;2021
7122;2021;1954;2021
6200;2021;720;2021
8202;2021;3260;2021
1055;2021;2296;2021
4691;2021;1401;2021
9404;2021;2963;2021
7133;2021;1782;2021
0490;2021;5182;2021
7573;2021;2892;2021
4868;2021;1365;2021
4462;2021;5176;2021
1318;2021;4729;2021
8222;2021;3576;2021
5772;2021;3043;2021
2288;2021;2504;2021
5887;2021;3581;2021
1494;2021;2637;2021
8814;2021;2387;2021
2533;2021;5272;2021
4706;2021;2448;2021
8657;2021;6329;2021
9382;2021;2581;2021
3219;2021;7003;2021
4475;2021;3271;2021
2007;2021;1771;2021
9947;2021;2010;2021
9664;2021;1361;2021
7986;2021;3560;2021
2728;2021;16031;2021
9839;2021;1350;2021
5828;2021;2456;2021
2257;2021;20663;2021
2693;2021;6987;2021
3785;2021;7896;2021
3173;2021;8604;2021
6028;2021;5551;2021
7993;2021;3587;2021
7317;2021;12053;2021
4299;2021;13370;2021
9091;2021;6067;2021
2707;2021;1508;2021
2946;2021;16751;2021
0569;2021;2581;2021
8338;2021;8423;2021
8966;2021;8770;2021
9137;2021;1074;2021
7440;2021;3933;2021
9499;2021;2502;2021
0985;2021;1886;2021
9689;2021;797;2021
8896;2021;259;2021
2113;2021;4106;2021
3692;2021;4142;2021
6541;2021;5178;2021
4895;2021;10717;2021
0030;2021;5156;2021
8295;2021;11528;2021
6775;2021;3230;2021
6510;2021;8546;2021
1465;2021;6849;2021
2725;2021;25313;2021
2777;2021;3596;2021
6221;2021;3115;2021
7079;2021;2541;2021
6504;2021;4534;2021
0626;2021;4218;2021
4704;2021;9006;2021
8517;2021;8045;2021
4501;2021;16651;2021
7780;2021;8343;2021
1355;2021;3835;2021
7256;2021;10202;2021
6104;2021;1216;2021
0015;2021;3088;2021
7213;2021;17426;2021
2598;2021;10911;2021
5282;2021;7330;2021
3894;2021;2510;2021
4272;2021;2175;2021
1485;2021;3752;2021
8144;2021;5946;2021
6464;2021;2582;2021
1596;2021;1618;2021
5736;2021;2094;2021
6952;2021;3759;2021
7920;2021;21354;2021
4033;2021;4898;2021
0111;2021;25334;2021
5055;2021;4069;2021
7085;2021;16021;2021
2375;2021;580;2021
1170;2021;3054;2021
2310;2021;12888;2021
4999;2021;11923;2021
4277;2021;2540;2021
2390;2021;1440;2021
3327;2021;884;2021
7207;2021;7156;2021
8235;2021;14572;2021
1199;2021;17585;2021
5346;2021;2930;2021
5271;2021;2140;2021
2913;2021;2967;2021
3646;2021;4969;2021
9456;2021;2757;2021
9591;2021;15857;2021
9017;2021;771;2021
8971;2021;255985;2021
8799;2021;5140;2021
1820;2021;2498;2021
7626;2021;10220;2021
9869;2021;5782;2021
3351;2021;33044;2021
8718;2021;15492;2021
0994;2021;4824;2021
6955;2021;1414;2021
2108;2021;1982;2021
1423;2021;1593;2021
7237;2021;11820;2021
0861;2021;2152;2021
5485;2021;7717;2021
3951;2021;3021;2021
1902;2021;25094;2021
9160;2021;6361;2021
0656;2021;844;2021
0587;2021;42334;2021
8421;2021;6504;2021
7609;2021;8381;2021
5675;2021;6639;2021
4405;2021;3167;2021
1551;2021;4015;2021
8631;2021;11321;2021
6570;2021;2527;2021
4782;2021;1289;2021
0208;2021;11165;2021
0400;2021;1669;2021
7388;2021;3500;2021
3771;2021;3711;2021
7230;2021;15090;2021
6202;2021;2849;2021
4370;2021;6132;2021
6041;2021;12534;2021
7113;2021;2496;2021
2634;2021;3156;2021
5599;2021;11708;2021
1320;2021;7656;2021
5283;2021;11227;2021
2014;2021;1289;2021
0176;2021;13714;2021
6032;2021;1554;2021
1747;2021;3721;2021
2088;2021;661;2021
8664;2021;2342;2021
9965;2021;3399;2021
9502;2021;829;2021
0202;2021;4277;2021
0136;2021;3808;2021
4790;2021;10268;2021
2372;2021;120;2021
7971;2021;189;2021
7740;2021;5523;2021
4233;2021;15746;2021
5639;2021;3562;2021
5281;2021;14682;2021
7254;2021;9351;2021
5245;2021;13966;2021
4751;2021;6319;2021
5401;2021;23216;2021
4203;2021;4907;2021
7485;2021;2797;2021
4127;2021;3376;2021
5736;2021;1785;2021
4385;2021;2801;2021
2415;2021;8983;2021
2945;2021;3031;2021
4309;2021;7634;2021
3508;2021;3105;2021
0933;2021;1219;2021
1511;2021;4894;2021
8794;2021;8929;2021
0845;2021;3012;2021
5922;2021;700;2021
0133;2021;2163;2021
9030;2021;8160;2021
6152;2021;4271;2021
6354;2021;558;2021
8406;2021;3160;2021
2718;2021;2773;2021
4874;2021;5868;2021
1484;2021;6076;2021
1458;2021;4161;2021
3597;2021;14150;2021
3246;2021;14649;2021
5956;2021;8183;2021
2505;2021;641;2021
1161;2021;1024;2021
9909;2021;8221;2021
1080;2021;1544;2021
2085;2021;5530;2021
1264;2021;3571;2021
8528;2021;5337;2021
9223;2021;6709;2021
0124;2021;2603;2021
2059;2021;38533;2021
8119;2021;1807;2021
8979;2021;4185;2021
6614;2021;7454;2021
9505;2021;12891;2021
7034;2021;23945;2021
9407;2021;501;2021
7397;2021;5817;2021
6733;2021;11738;2021
9571;2021;8638;2021
2157;2021;25697;2021
9487;2021;1175;2021
3449;2021;3064;2021
9041;2021;2244;2021
5165;2021;110293;2021
2246;2021;1872;2021
7880;2021;6047;2021
6449;2021;6587;2021
9709;2021;1347;2021
0440;2021;798;2021
7300;2021;6783;2021
8442;2021;3060;2021
4855;2021;6200;2021
3682;2021;4870;2021
4044;2021;5911;2021
1913;2021;4553;2021
7425;2021;4085;2021
5210;2021;2665;2021
7144;2021;1110;2021
7611;2021;2203;2021
5582;2021;3110;2021
2211;2021;35395;2021
7552;2021;826;2021
5070;2021;1857;2021
1305;2021;1243;2021
0892;2021;3919;2021
9711;2021;1256;2021
5866;2021;350;2021
3388;2021;353;2021
0911;2021;2089;2021
8102;2021;5627;2021
9544;2021;438;2021
3574;2021;2258;2021
7950;2021;1824;2021
7877;2021;20451;2021
6181;2021;3053;2021
9549;2021;1069;2021
4732;2021;539;2021
3521;2021;2666;2021
6722;2021;1060;2021
1203;2021;5340;2021
0053;2021;1263;2021
3488;2021;575;2021
4043;2021;1272;2021
7824;2021;267;2021
0553;2021;4328;2021
9440;2021;373;2021
1711;2021;3681;2021
1404;2021;7930;2021
3037;2021;627;2021
2883;2021;1146;2021
1176;2021;1552;2021
1594;2021;377;2021
1270;2021;1542;2021
9234;2021;6634;2021
1807;2021;608;2021
6203;2021;2405;2021
6156;2021;1935;2021
2029;2021;10161;2021
3267;2021;493;2021
5288;2021;2375;2021
8581;2021;3053;2021
7922;2021;364;2021
5415;2021;1311;2021
0588;2021;1720;2021
2774;2021;1285;2021
9989;2021;466;2021
6394;2021;1862;2021
0661;2021;1358;2021
8766;2021;822;2021
4693;2021;829;2021
3319;2021;191;2021
9144;2021;3116;2021
3615;2021;5078;2021
3405;2021;6617;2021
6512;2021;2817;2021
6917;2021;13457;2021
9388;2021;7015;2021
2981;2021;4504;2021
3668;2021;8960;2021
1389;2021;5878;2021
7782;2021;7659;2021
1117;2021;7849;2021
1011;2021;4657;2021
8602;2021;11277;2021
9182;2021;13160;2021
4065;2021;11356;2021
7916;2021;2299;2021
6090;2021;33056;2021
1318;2021;7112;2021
9731;2021;2872;2021
1776;2021;3776;2021
9234;2021;3665;2021
8997;2021;3343;2021
8120;2021;2540;2021
7507;2021;5225;2021
5678;2021;5071;2021
3933;2021;34274;2021
2491;2021;6900;2021
5268;2021;6286;2021
5509;2021;6057;2021
3322;2021;8508;2021
0814;2021;3634;2021
3528;2021;5657;2021
5967;2021;6066;2021
7230;2021;2815;2021
7773;2021;6025;2021
1877;2021;5165;2021
3420;2021;5942;2021
0881;2021;4013;2021
4776;2021;9088;2021
2503;2021;9313;2021
0942;2021;4967;2021
7180;2021;9548;2021
8571;2021;5125;2021
7522;2021;9225;2021
3791;2021;2947;2021
8836;2021;3144;2021
2565;2021;27626;2021
2613;2021;4429;2021
4547;2021;1315;2021
9883;2021;31062;2021
7611;2021;4428;2021
7573;2021;2783;2021
7773;2021;10661;2021
9728;2021;6543;2021
3532;2021;20042;2021
8230;2021;4515;2021
7065;2021;3850;2021
0826;2021;22012;2021
3164;2021;7280;2021
0375;2021;11680;2021
4359;2021;8286;2021
2843;2021;12981;2021
0803;2021;736;2021
1102;2021;2224;2021
9266;2021;5104;2021
0246;2021;16799;2021
0993;2021;9945;2021
0350;2021;1728;2021
8911;2021;9380;2021
7927;2021;2103;2021
6437;2021;10901;2021
7761;2021;14680;2021
5509;2021;6567;2021
5044;2021;12761;2021
8168;2021;6843;2021
2636;2021;5141;2021
9825;2021;4914;2021
9207;2021;9127;2021
4882;2021;9884;2021
9661;2021;7282;2021
0133;2021;2951;2021
2275;2021;1823;2021
1442;2021;6086;2021
9333;2021;10219;2021
6847;2021;12298;2021
0817;2021;11740;2021
9060;2021;4226;2021
4946;2021;10722;2021
5281;2021;84452;2021
8941;2021;10002;2021
1591;2021;6746;2021
8489;2021;16554;2021
4260;2021;3690;2021
6239;2021;17603;2021
8021;2021;27310;2021
8220;2021;10062;2021
4961;2021;1741;2021
0604;2021;11488;2021
3384;2021;6592;2021
9339;2021;3814;2021
5908;2021;7128;2021
6148;2021;10725;2021
2991;2021;13005;2021
7905;2021;11155;2021
4374;2021;12962;2021
1039;2021;6146;2021
4467;2021;47903;2021
3198;2021;3114;2021
1113;2021;2788;2021
8348;2021;10224;2021
2839;2021;14941;2021
3753;2021;12006;2021
3103;2021;8422;2021
6401;2021;4147;2021
1041;2021;5792;2021
1822;2021;7051;2021
4882;2021;2741;2021
9423;2021;26556;2021
5477;2021;17558;2021
1697;2021;21279;2021
6120;2021;6229;2021
1083;2021;37576;2021
6766;2021;27183;2021
9537;2021;11326;2021
6976;2021;16128;2021
9960;2021;6952;2021
0735;2021;12237;2021
3110;2021;24488;2021
2150;2021;4721;2021
3290;2021;8000;2021
1835;2021;12802;2021
9025;2021;41664;2021
0050;2021;11431;2021
9683;2021;17449;2021
9667;2021;12720;2021
2873;2021;18965;2021
9761;2021;27749;2021
8155;2021;7599;2021
4429;2021;2256;2021
9979;2021;4766;2021
3949;2021;251944;2021
8658;2021;9890;2021
1263;2021;13384;2021
4081;2021;20123;2021
8041;2021;3152;2021
1552;2021;26642;2021
6650;2021;4156;2021
5158;2021;1817;2021
3439;2021;2097;2021
6454;2021;4800;2021
9770;2021;3386;2021
4194;2021;3067;2021
5865;2021;608;2021
2291;2021;3782;2021
6614;2021;2393;2021
3924;2021;8906;2021
7798;2021;3449;2021
5471;2021;7147;2021
9250;2021;15773;2021
7182;2021;14943;2021
2242;2021;2616;2021
1246;2021;11867;2021
1597;2021;5652;2021
2681;2021;2214;2021
8081;2021;1492;2021
6829;2021;7478;2021
2785;2021;4582;2021
3152;2021;4701;2021
5042;2021;5390;2021
1745;2021;1430;2021
7048;2021;5652;2021
7568;2021;1928;2021
6612;2021;20076;2021
0799;2021;6336;2021
2862;2021;10011;2021
3258;2021;5055;2021
7290;2021;7138;2021
8074;2021;15975;2021
5888;2021;7965;2021
9540;2021;7105;2021
2006;2021;4301;2021
7097;2021;4291;2021
1030;2021;4511;2021
4733;2021;1948;2021
9137;2021;9353;2021
1553;2021;8097;2021
1158;2021;7659;2021
0732;2021;2981;2021
5822;2021;9092;2021
7649;2021;1780;2021
2509;2021;6043;2021
2476;2021;1819;2021
3457;2021;2522;2021
2180;2021;11655;2021
5709;2021;17242;2021
0279;2021;8898;2021
3701;2021;11362;2021
0779;2021;11524;2021
4782;2021;5543;2021
0257;2021;206651;2021
1797;2021;3766;2021
4889;2021;1231;2021
9329;2021;11093;2021
6247;2021;9480;2021
7250;2021;20138;2021
8440;2021;3373;2021
8488;2021;2397;2021
8729;2021;3641;2021
5210;2021;13307;2021
4761;2021;3482;2021
6862;2021;4878;2021
5126;2021;16794;2021
7990;2021;4900;2021
8580;2021;10130;2021
3460;2021;6389;2021
1222;2021;13184;2021
9003;2021;4257;2021
3063;2021;3048;2021
9677;2021;7156;2021
9648;2021;7289;2021
9164;2021;2530;2021
9186;2021;1903;2021
5443;2021;10476;2021
5169;2021;22961;2021
1428;2021;6810;2021
8106;2021;4138;2021
2007;2021;8867;2021
8125;2021;2677;2021
0306;2021;8240;2021
8542;2021;6110;2021
6561;2021;12889;2021
2264;2021;4247;2021
0220;2021;2044;2021
4120;2021;4802;2021
2474;2021;1720;2021
0825;2021;897;2021
9160;2021;13104;2021
3229;2021;23082;2021
3484;2021;5562;2021
0063;2021;2105;2021
9549;2021;10515;2021
2329;2021;6111;2021
3663;2021;3283;2021
5645;2021;8963;2021
1706;2021;7053;2021
3885;2021;18781;2021
3418;2021;4000;2021
9278;2021;2616;2021
5342;2021;10020;2021
3581;2021;1235;2021
9675;2021;2422;2021
1227;2021;1451;2021
8474;2021;659;2021
6472;2021;2599;2021
3743;2021;855;2021
1292;2021;1514;2021
8405;2021;3997;2021
9133;2021;2639;2021
6176;2021;1552;2021
1697;2021;3440;2021
5469;2021;2171;2021
0651;2021;2448;2021
8550;2021;1733;2021
0737;2021;2190;2021
5396;2021;3869;2021
9766;2021;1344;2021
9626;2021;2501;2021
9896;2021;970;2021
3701;2021;1451;2021
4205;2021;2043;2021
2053;2021;1102;2021
0548;2021;11457;2021
8435;2021;3275;2021
6875;2021;3323;2021
5809;2021;1702;2021
3261;2021;12002;2021
4869;2021;1355;2021
4543;2021;1483;2021
5061;2021;1095;2021
4117;2021;3740;2021
5312;2021;2214;2021
7808;2021;9135;2021
4409;2021;6221;2021
7778;2021;50190;2021
1558;2021;1053;2021
8258;2021;1035;2021
0456;2021;3758;2021
0220;2021;3113;2021
6784;2021;7970;2021
0778;2021;2591;2021
0740;2021;4796;2021
1512;2021;1148;2021
7513;2021;1983;2021
0499;2021;879;2021
1786;2021;13782;2021
3473;2021;2174;2021
2610;2021;844;2021
6274;2021;920;2021
4395;2021;3148;2021
7697;2021;2056;2021
2209;2021;2882;2021
2372;2021;1683;2021
2331;2021;3453;2021
0277;2021;5233;2021
0520;2021;2376;2021
0085;2021;1811;2021
9043;2021;710;2021
5057;2021;6337;2021
7768;2021;3878;2021
3179;2021;1544;2021
9324;2021;7857;2021
2260;2021;2702;2021
6784;2021;2807;2021
8328;2021;3694;2021
4345;2021;937;2021
7819;2021;652;2021
1667;2021;13546;2021
2128;2021;682;2021
1976;2021;614;2021
6356;2021;10875;2021
2019;2021;15877;2021
7506;2021;2192;2021
4141;2021;442;2021
6215;2021;3118;2021
6983;2021;2045;2021
6031;2021;2262;2021
3682;2021;154;2021
0083;2021;99;2021
7602;2021;1280;2021
7805;2021;2775;2021
1865;2021;6010;2021
3419;2021;1095;2021
7484;2021;515;2021
6555;2021;923;2021
5942;2021;548;2021
0573;2021;10544;2021
8169;2021;4554;2021
1058;2021;293;2021
7996;2021;13201;2021
7577;2021;663;2021
3380;2021;3677;2021
7131;2021;6833;2021
0467;2021;585;2021
3400;2021;2273;2021
2752;2021;5834;2021
2094;2021;910;2021
0426;2021;6238;2021
8428;2021;1756;2021
6770;2021;6847;2021
3672;2021;2530;2021
4340;2021;1621;2021
7659;2021;1632;2021
5915;2021;483;2021
0529;2021;4814;2021
7760;2021;2452;2021
2909;2021;2360;2021
8947;2021;2558;2021
4039;2021;2826;2021
9040;2021;1752;2021
9332;2021;5112;2021
5500;2021;2891;2021
2769;2021;5288;2021
7487;2021;1995;2021
4141;2021;9265;2021
2410;2021;2373;2021
3360;2021;5514;2021
9831;2021;2363;2021
6592;2021;1322;2021
0541;2021;2475;2021
4131;2021;5410;2021
3697;2021;6906;2021
9085;2021;3522;2021
7205;2021;853;2021
2275;2021;1433;2021
8849;2021;3973;2021
4727;2021;252;2021
2339;2021;713;2021
6760;2021;855;2021
0272;2021;2812;2021
4796;2021;494;2021
5974;2021;444;2021
3320;2021;4737;2021
9873;2021;6064;2021
3121;2021;933;2021
3611;2021;259;2021
7702;2021;369;2021
5657;2021;2358;2021
3966;2021;1942;2021
4634;2021;2790;2021
7795;2021;7914;2021
9372;2021;7280;2021
0602;2021;6052;2021
9138;2021;1045;2021
9787;2021;2086;2021
6031;2021;2313;2021
9224;2021;1202;2021
5704;2021;1679;2021
4911;2021;390;2021
1649;2021;351;2021
4216;2021;3704;2021
1146;2021;860;2021
6913;2021;304;2021
7456;2021;1239;2021
4413;2021;565;2021
0497;2021;3878;2021
4196;2021;8835;2021
3540;2021;3997;2021
3442;2021;14730;2021
3598;2021;2729;2021
6225;2021;9891;2021
9904;2021;2068;2021
6220;2021;2648;2021
8493;2021;2099;2021
3221;2021;1699;2021
6830;2021;7596;2021
4600;2021;1564;2021
1924;2021;97736;2021
9185;2021;2642;2021
5509;2021;1953;2021
3306;2021;838;2021
9946;2021;2170;2021
5391;2021;816;2021
2113;2021;552;2021
9390;2021;1708;2021
0193;2021;1132;2021
7536;2021;6185;2021
0629;2021;1308;2021
7991;2021;6299;2021
5839;2021;682;2021
3201;2021;1617;2021
0849;2021;7198;2021
0519;2021;1350;2021
8765;2021;317;2021
2510;2021;1671;2021
9241;2021;2992;2021
2683;2021;33615;2021
2200;2021;6370;2021
2022;2021;7789;2021
5914;2021;1464;2021
3594;2021;949;2021
6567;2021;29072;2021
5654;2021;695;2021
2050;2021;1522;2021
4985;2021;3636;2021
1085;2021;11807;2021
9395;2021;2168;2021
8968;2021;6040;2021
6308;2021;742;2021
4013;2021;1506;2021
0280;2021;1993;2021
9760;2021;1694;2021
8163;2021;7246;2021
1749;2021;2806;2021
0533;2021;1640;2021
3380;2021;8353;2021
6096;2021;857;2021
9145;2021;12916;2021
2205;2021;5693;2021
4031;2021;1999;2021
0934;2021;199015;2021
1450;2021;1975;2021
2693;2021;4672;2021
9470;2021;938;2021
3707;2021;2608;2021
5215;2021;3417;2021
2165;2021;8026;2021
4791;2021;5983;2021
9357;2021;2397;2021
9805;2021;4701;2021
0763;2021;7649;2021
7482;2021;4577;2021
0397;2021;13981;2021
0518;2021;5242;2021
8180;2021;117;2021
6896;2021;832;2021
3088;2021;535;2021
4719;2021;4610;2021
3548;2021;1078;2021
4950;2021;1116;2021
7690;2021;14858;2021
4766;2021;2096;2021
0994;2021;5711;2021
6030;2021;4538;2021
3301;2021;2127;2021
3976;2021;3880;2021
3300;2021;5106;2021
9337;2021;888;2021
9494;2021;444;2021
2281;2021;102364;2021
2762;2021;2183;2021
6069;2021;580;2021
3354;2021;9025;2021
9148;2021;4614;2021
8482;2021;6511;2021
8291;2021;7023;2021
1736;2021;12200;2021
1939;2021;5605;2021
3456;2021;794;2021
2585;2021;2950;2021
0123;2021;2165;2021
5661;2021;2000;2021
0366;2021;4218;2021
5646;2021;1684;2021
1270;2021;70;2021
7755;2021;2441;2021
8644;2021;2906;2021
1035;2021;2072;2021
8940;2021;2043;2021
5557;2021;3150;2021
7045;2021;1996;2021
0043;2021;676;2021
4879;2021;6723;2021
5911;2021;6767;2021
3543;2021;2060;2021
8310;2021;14556;2021
4061;2021;8958;2021
5319;2021;1067;2021
6975;2021;1740;2021
3458;2021;9150;2021
1168;2021;26981;2021
9753;2021;7005;2021
0046;2021;5577;2021
5225;2021;5863;2021
8424;2021;10661;2021
4851;2021;5054;2021
7682;2021;10693;2021
0417;2021;837;2021
2016;2021;11154;2021
9563;2021;3428;2021
1728;2021;13115;2021
8014;2021;1051;2021
5978;2021;195436;2021
0786;2021;962;2021
4590;2021;2887;2021
7549;2021;5802;2021
4988;2021;19906;2021
7094;2021;5816;2021
1352;2021;1701;2021
3862;2021;4778;2021
6961;2021;1162;2021
3865;2021;2120;2021
4780;2021;915;2021
1470;2021;7686;2021
8600;2021;9454;2021
6414;2021;530;2021
9214;2021;2592;2021
0644;2021;1138;2021
7144;2021;7842;2021
5038;2021;3093;2021
9713;2021;12719;2021
8885;2021;8788;2021
9393;2021;9540;2021
5530;2021;3218;2021
1621;2021;10183;2021
0943;2021;5252;2021
0376;2021;5623;2021
5956;2021;10638;2021
3928;2021;5500;2021
6234;2021;5292;2021
5670;2021;3884;2021
7066;2021;18857;2021
8037;2021;4510;2021
0581;2021;15319;2021
0143;2021;8385;2021
6802;2021;10309;2021
9944;2021;9835;2021
0823;2021;3708;2021
5095;2021;25008;2021
6332;2021;6610;2021
1447;2021;5712;2021
6439;2021;6262;2021
9209;2021;14661;2021
5198;2021;8402;2021
3868;2021;10384;2021
1064;2021;13337;2021
5507;2021;7096;2021
3057;2021;13123;2021
6627;2021;9123;2021
6804;2021;169908;2021
5617;2021;6002;2021
1703;2021;4016;2021
1943;2021;14765;2021
7172;2021;8194;2021
2935;2021;6146;2021
2332;2021;11205;2021
0477;2021;25767;2021
2538;2021;4123;2021
3728;2021;1784;2021
8178;2021;4298;2021
9714;2021;3338;2021
0776;2021;3517;2021
1728;2021;3964;2021
4662;2021;4126;2021
8736;2021;10144;2021
6891;2021;8578;2021
7072;2021;3261;2021
5385;2021;71402;2021
5599;2021;33061;2021
4404;2021;15040;2021
7830;2021;11158;2021
7720;2021;6997;2021
9448;2021;8172;2021
9058;2021;2941;2021
1255;2021;14978;2021
2318;2021;16870;2021
1349;2021;1180;2021
7584;2021;34494;2021
4569;2021;1754;2021
2961;2021;4049;2021
9071;2021;2667;2021
5809;2021;17270;2021
4191;2021;5323;2021
9960;2021;6352;2021
0466;2021;24135;2021
1730;2021;184971;2021
2214;2021;919;2021
2769;2021;2085;2021
0046;2021;3222;2021
3198;2021;16022;2021
8102;2021;10001;2021
4110;2021;2059;2021
7303;2021;18042;2021
5345;2021;2142;2021
7389;2021;1582;2021
6652;2021;3763;2021
5303;2021;6214;2021
9129;2021;662;2021
3099;2021;6574;2021
6637;2021;10679;2021
0583;2021;3451;2021
5570;2021;6020;2021
4033;2021;40469;2021
5782;2021;9415;2021
9603;2021;8516;2021
4710;2021;2443;2021
9282;2021;15425;2021
7916;2021;12865;2021
8614;2021;25686;2021
3646;2021;4572;2021
5868;2021;12313;2021
1032;2021;9693;2021
4839;2021;7021;2021
1052;2021;5700;2021
8561;2021;387842;2021
2729;2021;3240;2021
1845;2021;18294;2021
7517;2021;13434;2021
5978;2021;1804;2021
3334;2021;35784;2021
0288;2021;3367;2021
2605;2021;1886;2021
5915;2021;1186;2021
3257;2021;3309;2021
6086;2021;4516;2021
0705;2021;6565;2021
9007;2021;18500;2021
4146;2021;20666;2021
7332;2021;15895;2021
7610;2021;5363;2021
7525;2021;13598;2021
2317;2021;6533;2021
5573;2021;1931;2021
6697;2021;4797;2021
1539;2021;5529;2021
3693;2021;12578;2021
4023;2021;3883;2021
0201;2021;69551;2021
4469;2021;2172;2021
4056;2021;4369;2021
8156;2021;9045;2021
5261;2021;6806;2021
1058;2021;16646;2021
0666;2021;8854;2021
8402;2021;15630;2021
2812;2021;3751;2021
2554;2021;6161;2021
6852;2021;10764;2021
0081;2021;6358;2021
4524;2021;4591;2021
9470;2021;13922;2021
1290;2021;17586;2021
9368;2021;7153;2021
6368;2021;8462;2021
4677;2021;4202;2021
4331;2021;9163;2021
4108;2021;27869;2021
7242;2021;32606;2021
8564;2021;12661;2021
7916;2021;7335;2021
4489;2021;14798;2021
9400;2021;7521;2021
7471;2021;19117;2021
1144;2021;31605;2021
6227;2021;6887;2021
5436;2021;20995;2021
7529;2021;13872;2021
7415;2021;35228;2021
2746;2021;11179;2021
7434;2021;21989;2021
0042;2021;15753;2021
5220;2021;129872;2021
3382;2021;2638;2021
4368;2021;4730;2021
7071;2021;2291;2021
2985;2021;6511;2021
3408;2021;5719;2021
7201;2021;9750;2021
6429;2021;11584;2021
1214;2021;7571;2021
0638;2021;3633;2021
8514;2021;3533;2021
1817;2021;8385;2021
4436;2021;9878;2021
8218;2021;7511;2021
0586;2021;6951;2021
7901;2021;11506;2021
5792;2021;16398;2021
9578;2021;2405;2021
3189;2021;7189;2021
4136;2021;2541;2021
3735;2021;9535;2021
3397;2021;28758;2021
2475;2021;9491;2021
1391;2021;7353;2021
7571;2021;58899;2021
5496;2021;8075;2021
0120;2021;31919;2021
2143;2021;10590;2021
6748;2021;155836;2021
2583;2021;5767;2021
2592;2021;12107;2021
3992;2021;2869;2021
0382;2021;4393;2021
4993;2021;5618;2021
2533;2021;10984;2021
2328;2021;2882;2021
9503;2021;6272;2021
4613;2021;96168;2021
2471;2021;25958;2021
9290;2021;3642;2021
9703;2021;1563;2021
1968;2021;116558;2021
4589;2021;13113;2021
1287;2021;2438;2021
7714;2021;10659;2021
1262;2021;9320;2021
5760;2021;7225;2021
0775;2021;9881;2021
3304;2021;6812;2021
1628;2021;4326;2021
2571;2021;1683;2021
0512;2021;735;2021
3884;2021;6237;2021
5565;2021;708;2021
5580;2021;1791;2021
5261;2021;3379;2021
3269;2021;12192;2021
8627;2021;4018;2021
7182;2021;3303;2021
2773;2021;17797;2021
4291;2021;3147;2021
1989;2021;1121;2021
8824;2021;1763;2021
6846;2021;4182;2021
1087;2021;1735;2021
2897;2021;749;2021
2215;2021;532;2021
4576;2021;8068;2021
2457;2021;2026;2021
9389;2021;1634;2021
2029;2021;7966;2021
3081;2021;59926;2021
7022;2021;8239;2021
8771;2021;9096;2021
6300;2021;859;2021
3673;2021;285;2021
0741;2021;1204;2021
9675;2021;5540;2021
5257;2021;4919;2021
3024;2021;556;2021
0143;2021;1434;2021
0743;2021;1915;2021
3533;2021;1317;2021
9455;2021;1005;2021
2059;2021;2063;2021
6353;2021;3658;2021
4475;2021;14338;2021
2469;2021;2698;2021
2355;2021;620;2021
0064;2021;2509;2021
9678;2021;1066;2021
5829;2021;7006;2021
3340;2021;2752;2021
3607;2021;651;2021
3954;2021;5830;2021
0061;2021;95670;2021
2713;2021;2726;2021
9011;2021;2061;2021
2885;2021;602;2021
1975;2021;1798;2021
8860;2021;4554;2021
7980;2021;3201;2021
3367;2021;3907;2021
8743;2021;1459;2021
8010;2021;919;2021
4065;2021;831;2021
0639;2021;7883;2021
5329;2021;6888;2021
4901;2021;13772;2021
5512;2021;14917;2021
1678;2021;12235;2021
3655;2021;5147;2021
5480;2021;4870;2021
8901;2021;4682;2021
1260;2021;98402;2021
3311;2021;4286;2021
0386;2021;1280;2021
4501;2021;2096;2021
0041;2021;7107;2021
8916;2021;2506;2021
0264;2021;4928;2021
4065;2021;18468;2021
9198;2021;1568;2021
3181;2021;3515;2021
9129;2021;3415;2021
6020;2021;14306;2021
2787;2021;4797;2021
4029;2021;4420;2021
0792;2021;29070;2021
9277;2021;25576;2021
2015;2021;8986;2021
1543;2021;1664;2021
9032;2021;39217;2021
8954;2021;12843;2021
4922;2021;6097;2021
2775;2021;1001;2021
6644;2021;3310;2021
3854;2021;1860;2021
3106;2021;9754;2021
5901;2021;3018;2021
8136;2021;6728;2021
4605;2021;1803;2021
9595;2021;3757;2021
6305;2021;2037;2021
7377;2021;34792;2021
2517;2021;6398;2021
0164;2021;3141;2021
3629;2021;654;2021
9832;2021;4601;2021
4061;2021;1858;2021
7778;2021;2026;2021
1118;2021;885;2021
2869;2021;3980;2021
2275;2021;6875;2021
9945;2021;44245;2021
5430;2021;3558;2021
3330;2021;2552;2021
6924;2021;4096;2021
4964;2021;2087;2021
2557;2021;7442;2021
7792;2021;2050;2021
6722;2021;4030;2021
0545;2021;1826;2021
8647;2021;145;2021
2218;2021;1639;2021
8821;2021;6268;2021
8058;2021;501;2021
8463;2021;4368;2021
6731;2021;232;2021
5803;2021;439;2021
1969;2021;9679;2021
1219;2021;41768;2021
1987;2021;1185;2021
9643;2021;14821;2021
9090;2021;1916;2021
4799;2021;621;2021
2169;2021;1275;2021
0501;2021;523;2021
2234;2021;721;2021
5783;2021;2181;2021
5263;2021;40503;2021
1000;2021;9290;2021
2582;2021;4372;2021
3569;2021;6878;2021
5079;2021;104;2021
8779;2021;7303;2021
9412;2021;3302;2021
6715;2021;3392;2021
0369;2021;7530;2021
4669;2021;709;2021
5803;2021;9882;2021
9085;2021;823;2021
0835;2021;971;2021
6459;2021;1843;2021
7979;2021;1268;2021
4522;2021;992;2021
0308;2021;225;2021
5473;2021;6307;2021
3020;2021;12324;2021
5947;2021;15515;2021
4424;2021;20697;2021
1694;2021;818;2021
0195;2021;3114;2021
2547;2021;11985;2021
3837;2021;1244;2021
1659;2021;3069;2021
5370;2021;418;2021
6468;2021;896;2021
9874;2021;1055;2021
1181;2021;18142;2021
5356;2021;9093;2021
8633;2021;2439;2021
2948;2021;378;2021
4154;2021;996;2021
6127;2021;921;2021
3914;2021;2531;2021
0458;2021;3692;2021
1943;2021;1693;2021
1833;2021;1013;2021
0203;2021;46085;2021
2382;2021;981;2021
9762;2021;8414;2021
7952;2021;2582;2021
0833;2021;2251;2021
9391;2021;3624;2021
3954;2021;2943;2021
1061;2021;861;2021
4326;2021;5402;2021
8569;2021;8872;2021
3072;2021;1159;2021
0970;2021;15925;2021
1726;2021;2259;2021
3195;2021;1635;2021
4334;2021;4449;2021
9518;2021;1939;2021
9333;2021;472;2021
2074;2021;1980;2021
4639;2021;448;2021
7925;2021;528;2021
3745;2021;12869;2021
4354;2021;4702;2021
6977;2021;163;2021
2773;2021;4042;2021
6319;2021;1903;2021
4373;2021;815;2021
4718;2021;47000;2021
5824;2021;7219;2021
2096;2021;1914;2021
9874;2021;10719;2021
9351;2021;1722;2021
3427;2021;60185;2021
5421;2021;969;2021
8313;2021;662;2021
7784;2021;2210;2021
1126;2021;7190;2021
3948;2021;4597;2021
6777;2021;4739;2021
8248;2021;66498;2021
7091;2021;10122;2021
5051;2021;2288;2021
1036;2021;2118;2021
5158;2021;6931;2021
4507;2021;1952;2021
3196;2021;4611;2021
6188;2021;970;2021
5992;2021;15726;2021
7065;2021;5593;2021
4641;2021;9491;2021
2028;2021;6667;2021
6917;2021;31821;2021
0914;2021;2041;2021
1777;2021;46390;2021
0810;2021;509;2021
4825;2021;5650;2021
5253;2021;1707;2021
9404;2021;5096;2021
1867;2021;6943;2021
8593;2021;559;2021
0402;2021;3613;2021
7593;2021;89078;2021
2456;2021;21823;2021
2846;2021;1826;2021
3297;2021;1010;2021
6300;2021;4366;2021
5448;2021;3306;2021
0296;2021;2144;2021
2685;2021;23066;2021
7545;2021;2263;2021
8894;2021;8789;2021
1567;2021;1352;2021
4677;2021;12441;2021
6398;2021;2890;2021
2192;2021;839;2021
7261;2021;61045;2021
5731;2021;1491;2021
7899;2021;1215;2021
5469;2021;715;2021
2943;2021;999;2021
6951;2021;17950;2021
0642;2021;8746;2021
2497;2021;7398;2021
9688;2021;6312;2021
0324;2021;3149;2021
0119;2021;7698;2021
6013;2021;20821;2021
1173;2021;10608;2021
6865;2021;20468;2021
1247;2021;19223;2021
6668;2021;9120;2021
5022;2021;89493;2021
5225;2021;8795;2021
9465;2021;26795;2021
2393;2021;1446;2021
9900;2021;11742;2021
8500;2021;5609;2021
2511;2021;4468;2021
9918;2021;1902;2021
7256;2021;7671;2021
0991;2021;25314;2021
3250;2021;10884;2021
3627;2021;18184;2021
8222;2021;18041;2021
7407;2021;47541;2021
9167;2021;7881;2021
3438;2021;17364;2021
3049;2021;10794;2021
2749;2021;15483;2021
6319;2021;5443;2021
4216;2021;48397;2021
1928;2021;13727;2021
3077;2021;361619;2021
9593;2021;4436;2021
1763;2021;22764;2021
2314;2021;4791;2021
3743;2021;13327;2021
7145;2021;14477;2021
8990;2021;19674;2021
2885;2021;1824;2021
0525;2021;2891;2021
7585;2021;3499;2021
6576;2021;14226;2021
8817;2021;13236;2021
1027;2021;1111;2021
5604;2021;7760;2021
3984;2021;20304;2021
6457;2021;16529;2021
1439;2021;8566;2021
8796;2021;7118;2021
8277;2021;16643;2021
1988;2021;1060;2021
6923;2021;49659;2021
8110;2021;48782;2021
7991;2021;18964;2021
9411;2021;5208;2021
8611;2021;8022;2021
1848;2021;14574;2021
9011;2021;23219;2021
8099;2021;12018;2021
9906;2021;11906;2021
6136;2021;3172;2021
2763;2021;12538;2021
7874;2021;4706;2021
5608;2021;3878;2021
3647;2021;378;2021
3150;2021;8785;2021
6364;2021;27898;2021
9895;2021;16370;2021
0718;2021;154483;2021
4509;2021;2030;2021
8582;2021;1876;2021
7445;2021;32304;2021
3389;2021;3640;2021
2796;2021;11864;2021
8274;2021;30072;2021
2756;2021;6498;2021
7469;2021;475;2021
3810;2021;2980;2021
5304;2021;3315;2021
4899;2021;8553;2021
0256;2021;5575;2021
1051;2021;6293;2021
8907;2021;12711;2021
7250;2021;6430;2021
3589;2021;1076;2021
6061;2021;44865;2021
2476;2021;13460;2021
5736;2021;1835;2021
0166;2021;2094;2021
9917;2021;1315;2021
4247;2021;3674;2021
6101;2021;1161;2021
6648;2021;1282;2021
9497;2021;1669;2021
1517;2021;2167;2021
0741;2021;753;2021
1735;2021;11109;2021
6218;2021;633;2021
6440;2021;4535;2021
5368;2021;4666;2021
1558;2021;89002;2021
8434;2021;5390;2021
8828;2021;15577;2021
0346;2021;29284;2021
9606;2021;1572;2021
9402;2021;30836;2021
5825;2021;27767;2021
7885;2021;14608;2021
6217;2021;1637;2021
0351;2021;13307;2021
2831;2021;4460;2021
7196;2021;11910;2021
8682;2021;8553;2021
6378;2021;9696;2021
3978;2021;12160;2021
4399;2021;5426;2021
9192;2021;5385;2021
7538;2021;96717;2021
7166;2021;971;2021
5123;2021;11806;2021
6464;2021;9910;2021
5561;2021;5244;2021
5302;2021;1355;2021
6284;2021;2963;2021
2701;2021;2517;2021
4628;2021;2103;2021
4255;2021;13052;2021
8681;2021;9462;2021
8936;2021;866;2021
3214;2021;1889;2021
3260;2021;8814;2021
7358;2021;21324;2021
7826;2021;9183;2021
8694;2021;5854;2021
9309;2021;3396;2021
6945;2021;3458;2021
9430;2021;523;2021
4158;2021;1708;2021
8061;2021;8615;2021
6334;2021;24047;2021
3016;2021;852;2021
0867;2021;2994;2021
0817;2021;5879;2021
4497;2021;16644;2021
1930;2021;15227;2021
2297;2021;1218;2021
8418;2021;6274;2021
8868;2021;975;2021
5312;2021;11983;2021
9910;2021;9832;2021
2260;2021;5439;2021
5358;2021;6447;2021
9933;2021;6023;2021
6437;2021;6812;2021
8436;2021;3004;2021
7041;2021;3716;2021
7346;2021;2677;2021
1072;2021;8970;2021
5388;2021;2148;2021
5447;2021;2516;2021
5614;2021;6848;2021
5667;2021;1767;2021
0704;2021;8051;2021
0350;2021;21677;2021
8832;2021;2584;2021
5402;2021;13386;2021
8139;2021;9993;2021
8566;2021;8984;2021
5004;2021;1534;2021
6247;2021;2408;2021
6263;2021;3968;2021
8668;2021;2007;2021
5922;2021;28576;2021
4149;2021;1470;2021
9750;2021;1065;2021
5264;2021;925;2021
0208;2021;5030;2021
1434;2021;1516;2021
5686;2021;7487;2021
2351;2021;2610;2021
8432;2021;4476;2021
5061;2021;53062;2021
6758;2021;12128;2021
5794;2021;9906;2021
3390;2021;7014;2021
9492;2021;1195;2021
3936;2021;5676;2021
2541;2021;4226;2021
2520;2021;2335;2021
3488;2021;3887;2021
7697;2021;4808;2021
2308;2021;1311;2021
2777;2021;7098;2021
5519;2021;2390;2021
9000;2021;2989;2021
1606;2021;20607;2021
0818;2021;8192;2021
4591;2021;81503;2021
8934;2021;1344;2021
8853;2021;3316;2021
4983;2021;7113;2021
4428;2021;8124;2021
4768;2021;12040;2021
2049;2021;1173;2021
8751;2021;14352;2021
9592;2021;3608;2021
8586;2021;923;2021
4635;2021;8761;2021
4512;2021;2485;2021
5602;2021;4263;2021
3210;2021;3814;2021
4286;2021;983;2021
5585;2021;3097;2021
6925;2021;1283;2021
6533;2021;984;2021
1954;2021;27880;2021
5988;2021;21256;2021
0747;2021;4288;2021
2220;2021;4777;2021
7616;2021;2347;2021
8093;2021;4198;2021
8333;2021;2979;2021
4414;2021;3048;2021
2651;2021;15193;2021
7826;2021;985;2021
5286;2021;3428;2021
9422;2021;7512;2021
3122;2021;38505;2021
5633;2021;3365;2021
7240;2021;21429;2021
0597;2021;1110;2021
5594;2021;9444;2021
6556;2021;55503;2021
3901;2021;2652;2021
4281;2021;1845;2021
4751;2021;3654;2021
6236;2021;5691;2021
2828;2021;14313;2021
7677;2021;30650;2021
1819;2021;596;2021
7334;2021;14602;2021
5282;2021;18038;2021
4082;2021;3641;2021
9491;2021;1450;2021
5123;2021;5421;2021
1649;2021;567;2021
5284;2021;1112;2021
0942;2021;1579;2021
1640;2021;5584;2021
5670;2021;4556;2021
9058;2021;952;2021
2571;2021;5332;2021
3320;2021;5662;2021
6326;2021;162362;2021
0721;2021;3389;2021
4151;2021;1990;2021
0939;2021;99;2021
0198;2021;683;2021
9787;2021;10956;2021
5485;2021;526;2021
1498;2021;1280;2021
8493;2021;451;2021
8382;2021;1002;2021
4742;2021;2305;2021
6443;2021;8314;2021
1366;2021;36467;2021
8556;2021;15789;2021
6463;2021;6640;2021
1852;2021;8127;2021
8847;2021;3743;2021
8311;2021;16358;2021
3024;2021;3246;2021
2211;2021;340;2021
5735;2021;1271;2021
6057;2021;4436;2021
6124;2021;1685;2021
8952;2021;1396;2021
4965;2021;11607;2021
0320;2021;2561;2021
5120;2021;1969;2021
5685;2021;2590;2021
0060;2021;1697;2021
1436;2021;2034;2021
2156;2021;2731;2021
5501;2021;2626;2021
5861;2021;1822;2021
6187;2021;1584;2021
0881;2021;1846;2021
3808;2021;1750;2021
8297;2021;1431;2021
4281;2021;4820;2021
2172;2021;1559;2021
0869;2021;1263;2021
0590;2021;1120;2021
0978;2021;1369;2021
9832;2021;18258;2021
2685;2021;19689;2021
4115;2021;1724;2021
0911;2021;485;2021
0033;2021;1029;2021
5678;2021;207;2021
6035;2021;1904;2021
8956;2021;4769;2021
4519;2021;2182;2021
1554;2021;4638;2021
4261;2021;107165;2021
3386;2021;2384;2021
6022;2021;5304;2021
8706;2021;827;2021
8084;2021;3482;2021
5635;2021;990;2021
5458;2021;4627;2021
1676;2021;1251;2021
9141;2021;3003;2021
5723;2021;3739;2021
6448;2021;1692;2021
6323;2021;915;2021
8478;2021;2913;2021
0376;2021;5089;2021
2907;2021;1655;2021
9683;2021;6377;2021
5769;2021;5218;2021
4109;2021;1934;2021
9151;2021;2471;2021
8891;2021;2281;2021
8238;2021;1322;2021
1949;2021;1075;2021
2210;2021;15416;2021
9554;2021;1493;2021
0307;2021;3594;2021
7860;2021;8133;2021
6785;2021;1997;2021
3751;2021;1382;2021
1734;2021;2623;2021
8083;2021;1280;2021
1023;2021;2120;2021
4200;2021;2442;2021
9434;2021;2188;2021
4295;2021;777;2021
6905;2021;888;2021
5405;2021;3271;2021
0462;2021;8795;2021
9301;2021;13020;2021
2375;2021;1915;2021
6835;2021;4775;2021
7096;2021;9318;2021
5076;2021;912;2021
3109;2021;3728;2021
5590;2021;9055;2021
6050;2021;1886;2021
0138;2021;528;2021
5258;2021;8417;2021
2792;2021;1202;2021
7350;2021;1994;2021
5355;2021;8021;2021
9412;2021;6597;2021
6282;2021;16075;2021
7310;2021;288;2021
6814;2021;8242;2021
4947;2021;2762;2021
4534;2021;2442;2021
9622;2021;3979;2021
3071;2021;2154;2021
7711;2021;13384;2021
5272;2021;4299;2021
2267;2021;65931;2021
1430;2021;5249;2021
3429;2021;547;2021
3849;2021;2293;2021
9043;2021;2356;2021
9761;2021;215;2021
6446;2021;645;2021
9481;2021;589;2021
8042;2021;4247;2021
2929;2021;940;2021
6240;2021;2457;2021
6212;2021;1642;2021
5461;2021;691;2021
3087;2021;1199;2021
4912;2021;268;2021
8422;2021;1020;2021
2697;2021;1195;2021
2532;2021;6447;2021
6602;2021;413;2021
3697;2021;390;2021
3718;2021;362;2021
6126;2021;130;2021
9475;2021;1548;2021
7551;2021;458;2021
3896;2021;278;2021
9260;2021;586;2021
5447;2021;3689;2021
6914;2021;530;2021
9624;2021;13848;2021
6180;2021;1205;2021
6853;2021;3078;2021
3898;2021;736;2021
8535;2021;1514;2021
7424;2021;372;2021
0155;2021;2149;2021
3338;2021;541;2021
1623;2021;3483;2021
0838;2021;69;2021
8517;2021;115;2021
8922;2021;504;2021
7472;2021;404;2021
6814;2021;835;2021
0398;2021;1197;2021
5865;2021;280;2021
7570;2021;655;2021
9405;2021;4103;2021
7311;2021;328;2021
6446;2021;191;2021
6887;2021;398;2021
3138;2021;148;2021
7728;2021;1928;2021
9304;2021;1036;2021
3815;2021;1975;2021
9813;2021;1241;2021
3948;2021;6145;2021
9469;2021;2818;2021
4555;2021;2569;2021
6696;2021;545;2021
0132;2021;566;2021
9787;2021;308;2021
4550;2021;45557;2021
7898;2021;1150;2021
7231;2021;548;2021
5551;2021;790;2021
5958;2021;498;2021
3944;2021;3232;2021
7281;2021;1112;2021
3838;2021;2203;2021
9797;2021;1377;2021
3292;2021;1089;2021
7914;2021;1333;2021
3048;2021;1221;2021
5099;2021;223;2021
1849;2021;226;2021
7527;2021;165;2021
1123;2021;1433;2021
4997;2021;1704;2021
8183;2021;39674;2021
1596;2021;3778;2021
2726;2021;19167;2021
2155;2021;837;2021
8596;2021;58593;2021
3109;2021;1236;2021
5904;2021;18117;2021
1991;2021;1387;2021
8063;2021;13666;2021
7795;2021;2707;2021
0603;2021;18543;2021
4932;2021;410;2021
9379;2021;11092;2021
9173;2021;4156;2021
3730;2021;356;2021
5070;2021;10733;2021
3617;2021;309;2021
2892;2021;4094;2021
3793;2021;643;2021
1853;2021;8652;2021
8029;2021;7107;2021
5654;2021;8587;2021
2891;2021;841;2021
8792;2021;10781;2021
0754;2021;1104;2021
7431;2021;441;2021
5096;2021;37741;2021
8473;2021;1255;2021
3668;2021;575;2021
4949;2021;51880;2021
7493;2021;1989;2021
9893;2021;20664;2021
5485;2021;4231;2021
1860;2021;16027;2021
6583;2021;472;2021
3340;2021;13481;2021
4881;2021;22705;2021
8776;2021;6500;2021
0431;2021;1928;2021
0650;2021;5611;2021
9012;2021;23058;2021
1242;2021;1157;2021
1895;2021;689;2021
4007;2021;20455;2021
8452;2021;88642;2021
4509;2021;336;2021
7531;2021;6449;2021
8039;2021;12936;2021
9849;2021;891;2021
5174;2021;1415;2021
7166;2021;906;2021
9991;2021;7735;2021
6536;2021;784;2021
3793;2021;7090;2021
1809;2021;46048;2021
0667;2021;2969;2021
2684;2021;22643;2021
5552;2021;11899;2021
8416;2021;1195;2021
1398;2021;2066;2021
4257;2021;5140;2021
1246;2021;8584;2021
7720;2021;41060;2021
3929;2021;1939;2021
5872;2021;2469;2021
0842;2021;8488;2021
3971;2021;1367;2021
3250;2021;1890;2021
0959;2021;1897;2021
9235;2021;48159;2021
1597;2021;6404;2021
0154;2021;22082;2021
8028;2021;12882;2021
7577;2021;215;2021
9200;2021;741;2021
7591;2021;2260;2021
5174;2021;64005;2021
5197;2021;1161;2021
5123;2021;10271;2021
5387;2021;10105;2021
3842;2021;739;2021
8371;2021;182;2021
0854;2021;349;2021
7158;2021;17390;2021
4072;2021;259;2021
2646;2021;12076;2021
5724;2021;934;2021
3501;2021;649;2021
1875;2021;2749031;2021
5015;2021;1256;2021
4271;2021;7403;2021
3046;2021;839;2021
4660;2021;1457;2021
5287;2021;2789;2021
1885;2021;18531;2021
3566;2021;4945;2021
9166;2021;3504;2021
6619;2021;3075;2021
1597;2021;166;2021
8581;2021;8983;2021
2314;2021;8538;2021
2069;2021;55176;2021
2752;2021;4789;2021
7793;2021;1079;2021
9953;2021;5832;2021
9396;2021;248;2021
7182;2021;298;2021
9132;2021;15698;2021
2664;2021;52472;2021
9435;2021;3624;2021
5375;2021;165;2021
0274;2021;18344;2021
4892;2021;13200;2021
1791;2021;40593;2021
1308;2021;48864;2021
0045;2021;38519;2021
6431;2021;15960;2021
0926;2021;80738;2021
9273;2021;32491;2021
0823;2021;74119;2021
4002;2021;1461;2021
3827;2021;561;2021
7045;2021;4160;2021
1570;2021;36536;2021
3113;2021;10456;2021
0776;2021;39507;2021
4278;2021;37278;2021
5578;2021;19598;2021
1194;2021;10371;2021
0155;2021;127861;2021
2423;2021;4072;2021
1331;2021;2977;2021
3073;2021;20215;2021
2194;2021;6104;2021
2215;2021;3675;2021
1024;2021;14913;2021
2399;2021;3305;2021
9807;2021;13792;2021
3661;2021;1171;2021
4927;2021;4202;2021
1656;2021;1080;2021
5035;2021;1050;2021
8065;2021;19666;2021
7296;2021;10100;2021
6104;2021;6854;2021
9962;2021;10044;2021
4711;2021;23726;2021
8187;2021;7440;2021
5040;2021;3081;2021
7401;2021;2856;2021
9161;2021;44504;2021
8307;2021;704;2021
3174;2021;276;2021
4662;2021;1875;2021
9574;2021;27860;2021
7134;2021;2511;2021
7258;2021;4095;2021
8136;2021;20792;2021
2368;2021;4999;2021
5217;2021;5430;2021
2884;2021;2199;2021
2121;2021;6799;2021
8754;2021;4129;2021
6376;2021;2431;2021
0535;2021;693;2021
1727;2021;8423;2021
7935;2021;2684;2021
4272;2021;1610;2021
3769;2021;544;2021
2708;2021;2438;2021
4151;2021;35235;2021
3207;2021;3202;2021
8819;2021;858;2021
9047;2021;3848;2021
4500;2021;4519;2021
0387;2021;22501;2021
0302;2021;8260;2021
4090;2021;7812;2021
5176;2021;1813;2021
6785;2021;891;2021
9886;2021;636;2021
3838;2021;1545;2021
5646;2021;3577;2021
7328;2021;516;2021
9996;2021;20162;2021
0688;2021;517;2021
9774;2021;10120;2021
1086;2021;2752;2021
1479;2021;1256;2021
8442;2021;43830;2021
8358;2021;1997;2021
7389;2021;1220;2021
5120;2021;2348;2021
3729;2021;1505;2021
9877;2021;10854;2021
7143;2021;12139;2021
5609;2021;3182;2021
6363;2021;7951;2021
1606;2021;1284;2021
3618;2021;3071;2021
8889;2021;1462;2021
1468;2021;1130;2021
9312;2021;2650;2021
3345;2021;6310;2021
3811;2021;4382;2021
4095;2021;2447;2021
6809;2021;3972;2021
8006;2021;12438;2021
8043;2021;1060;2021
6133;2021;5059;2021
5828;2021;911;2021
3317;2021;6975;2021
2138;2021;313;2021
6342;2021;1897;2021
7054;2021;3043;2021
7104;2021;3094;2021
0256;2021;879;2021
1068;2021;1311;2021
0186;2021;1842;2021
1030;2021;5732;2021
5977;2021;1215;2021
5043;2021;2474;2021
3937;2021;3016;2021
6770;2021;709;2021
2311;2021;2389;2021
1788;2021;25059;2021
5678;2021;2278;2021
5901;2021;4665;2021
6444;2021;312;2021
9925;2021;1315;2021
0598;2021;4733;2021
3217;2021;1749;2021
6404;2021;1631;2021
2762;2021;2438;2021
5375;2021;892;2021
6558;2021;1414;2021
6562;2021;19849;2021
2083;2021;743;2021
8420;2021;2072;2021
0343;2021;1156;2021
7672;2021;2529;2021
0988;2021;1651;2021
8595;2021;304;2021
0556;2021;1225;2021
3171;2021;7390;2021
1268;2021;4564;2021
0079;2021;5290;2021
8517;2021;50194;2021
4331;2021;2036;2021
7783;2021;6039;2021
6782;2021;1761;2021
0404;2021;5224;2021
9577;2021;5518;2021
0171;2021;1993;2021
3014;2021;5511;2021
4364;2021;10065;2021
3862;2021;1469;2021
6030;2021;17645;2021
3159;2021;7121;2021
2291;2021;7216;2021
3569;2021;13116;2021
5127;2021;21244;2021
5584;2021;9543;2021
9225;2021;8374;2021
0689;2021;73037;2021
4785;2021;1473;2021
4013;2021;1076;2021
7728;2021;1410;2021
3439;2021;3627;2021
8506;2021;27804;2021
2077;2021;4805;2021
7370;2021;9444;2021
6509;2021;372;2021
4670;2021;1165;2021
6894;2021;6698;2021
7840;2021;1987;2021
7114;2021;760;2021
6742;2021;1405;2021
9244;2021;4623;2021
8580;2021;9010;2021
1289;2021;494;2021
1132;2021;2041;2021
9275;2021;655;2021
4234;2021;3357;2021
0500;2021;6741;2021
9776;2021;12628;2021
5889;2021;640;2021
5891;2021;1087;2021
5573;2021;15842;2021
6148;2021;10048;2021
6723;2021;37146;2021
2352;2021;38523;2021
3040;2021;2013;2021
0952;2021;2999;2021
1040;2021;28474;2021
8339;2021;27118;2021
6084;2021;12192;2021
0206;2021;2899;2021
4954;2021;2095;2021
4292;2021;10308;2021
9339;2021;4515;2021
4929;2021;2833;2021
3783;2021;5761;2021
1708;2021;1543;2021
9126;2021;7768;2021
2092;2021;1394;2021
7444;2021;1457;2021
8895;2021;1658;2021
6402;2021;1184;2021
2196;2021;7647;2021
4796;2021;2245;2021
5317;2021;3042;2021
0384;2021;3206;2021
7121;2021;839;2021
0055;2021;451;2021
1506;2021;1716;2021
1902;2021;13130;2021
1790;2021;16963;2021
4990;2021;888;2021
6099;2021;14643;2021
7267;2021;22232;2021
7173;2021;859;2021
1312;2021;1961;2021
7852;2021;12114;2021
8350;2021;14249;2021
9201;2021;31934;2021
7297;2021;2559;2021
9668;2021;5714;2021
5226;2021;2089;2021
2007;2021;14910;2021
1950;2021;20366;2021
7652;2021;7220;2021
2119;2021;8705;2021
4301;2021;11448;2021
6991;2021;14651;2021
3939;2021;792;2021
6551;2021;20137;2021
5233;2021;6307;2021
4196;2021;766;2021
9013;2021;2643;2021
5471;2021;7308;2021
8249;2021;12331;2021
9697;2021;7560;2021
7200;2021;3362;2021
7931;2021;8086;2021
0480;2021;6869;2021
6866;2021;6456;2021
9202;2021;8134;2021
2218;2021;2641;2021
0380;2021;5349;2021
1195;2021;2485;2021
9610;2021;1981;2021
6568;2021;727;2021
8169;2021;2121;2021
8725;2021;56916;2021
4626;2021;1383;2021
9401;2021;2000;2021
0788;2021;1562;2021
3060;2021;2515;2021
5858;2021;972;2021
8038;2021;1594;2021
3397;2021;1238;2021
3975;2021;819;2021
2546;2021;1350;2021
7794;2021;1114;2021
4357;2021;2426;2021
5729;2021;1027;2021
7176;2021;1950;2021
8035;2021;3231;2021
3530;2021;3630;2021
6637;2021;2183;2021
2750;2021;2209;2021
8585;2021;3822;2021
0522;2021;2634;2021
9049;2021;2132;2021
9892;2021;3370;2021
7656;2021;3184;2021
3090;2021;1336;2021
4545;2021;1200;2021
5737;2021;983;2021
4921;2021;1689;2021
8164;2021;2047;2021
7870;2021;417;2021
0975;2021;4638;2021
3810;2021;4151;2021
5907;2021;1712;2021
2035;2021;4052;2021
1637;2021;1471;2021
9381;2021;1335;2021
5073;2021;13001;2021
3315;2021;4548;2021
2987;2021;3651;2021
7490;2021;2304;2021
7989;2021;1989;2021
9780;2021;2007;2021
8328;2021;1432;2021
1537;2021;1869;2021
8130;2021;512;2021
2535;2021;2897;2021
9153;2021;2438;2021
0289;2021;2021;2021
7611;2021;1304;2021
6384;2021;1112;2021
6632;2021;4417;2021
3387;2021;9815;2021
7653;2021;2821;2021
9464;2021;2949;2021
8833;2021;2125;2021
2955;2021;1918;2021
3043;2021;723;2021
1870;2021;3014;2021
1839;2021;1158;2021
0421;2021;862;2021
2020;2021;3524;2021
3108;2021;3842;2021
2410;2021;858;2021
3786;2021;10388;2021
0097;2021;4117;2021
2448;2021;633;2021
1266;2021;3517;2021
9987;2021;7645;2021
4911;2021;1440;2021
1549;2021;3260;2021
9905;2021;2734;2021
7986;2021;480;2021
7117;2021;58494;2021
9149;2021;62198;2021
8316;2021;7666;2021
3581;2021;6882;2021
7535;2021;32465;2021
5169;2021;25410;2021
9793;2021;9975;2021
3999;2021;26317;2021
4897;2021;9897;2021
6161;2021;15889;2021
2212;2021;36048;2021
9831;2021;12397;2021
3276;2021;5102;2021
0631;2021;6827;2021
6107;2021;2482;2021
1983;2021;21599;2021
8354;2021;47428;2021
3842;2021;3048;2021
8550;2021;7715;2021
2108;2021;13363;2021
6091;2021;18282;2021
5932;2021;3663;2021
0996;2021;74394;2021
9852;2021;63330;2021
9214;2021;7815;2021
2278;2021;17124;2021
3311;2021;12311;2021
7406;2021;6940;2021
4494;2021;1698;2021
2191;2021;11884;2021
0712;2021;17456;2021
3882;2021;28721;2021
0417;2021;15580;2021
7069;2021;123758;2021
6424;2021;28167;2021
8769;2021;17203;2021
1376;2021;19542;2021
0837;2021;4642;2021
0191;2021;6073;2021
7109;2021;1504;2021
6058;2021;58042;2021
2623;2021;7832;2021
5752;2021;29166;2021
0450;2021;14146;2021
7798;2021;36456;2021
2512;2021;7862;2021
7043;2021;11929;2021
2446;2021;34578;2021
2423;2021;921142;2021
1855;2021;33619;2021
0227;2021;23064;2021
6708;2021;16223;2021
3471;2021;12486;2021
5394;2021;5868;2021
2007;2021;22011;2021
0156;2021;12976;2021
7093;2021;39762;2021
4308;2021;24098;2021
6361;2021;52500;2021
8367;2021;76952;2021
2597;2021;10160;2021
4345;2021;24723;2021
1586;2021;41290;2021
9170;2021;50580;2021
3315;2021;6623;2021
0143;2021;12031;2021
0748;2021;43057;2021
1713;2021;30045;2021
9480;2021;3370;2021
6365;2021;8721;2021
1492;2021;8729;2021
7405;2021;26460;2021
9134;2021;32576;2021
9318;2021;19169;2021
3696;2021;6421;2021
8775;2021;15933;2021
4791;2021;6150;2021
4499;2021;3044;2021
6664;2021;33935;2021
9955;2021;15600;2021
6518;2021;8709;2021
4648;2021;17256;2021
5892;2021;40523;2021
6675;2021;81289;2021
2070;2021;3427;2021
3662;2021;20363;2021
8730;2021;31284;2021
9035;2021;4199;2021
2162;2021;25369;2021
9788;2021;11689;2021
2619;2021;8594;2021
0420;2021;5056;2021
8723;2021;4007;2021
0831;2021;4004;2021
6485;2021;1688;2021
1439;2021;1507;2021
7365;2021;21240;2021
5679;2021;10455;2021
3890;2021;7606;2021
5611;2021;52498;2021
8043;2021;3029;2021
2951;2021;4515;2021
1573;2021;3554;2021
7774;2021;2242;2021
8104;2021;275;2021
3340;2021;2185;2021
0503;2021;4278;2021
3488;2021;1104;2021
2827;2021;3271;2021
4916;2021;2263;2021
7239;2021;1289;2021
0937;2021;1608;2021
0746;2021;930;2021
3663;2021;1069;2021
6888;2021;1821;2021
1700;2021;1511;2021
3430;2021;8796;2021
7261;2021;2565;2021
6074;2021;468;2021
6023;2021;2110;2021
3106;2021;2961;2021
6339;2021;1286;2021
4378;2021;1838;2021
5501;2021;2527;2021
7042;2021;2886;2021
3896;2021;5177;2021
0394;2021;3461;2021
3349;2021;3274;2021
2576;2021;591;2021
1147;2021;7733;2021
1256;2021;1816;2021
8730;2021;1526;2021
0823;2021;2064;2021
2465;2021;1446;2021
2944;2021;3330;2021
5111;2021;6016;2021
0681;2021;1097;2021
7453;2021;3051;2021
7195;2021;1624;2021
6840;2021;1797;2021
9159;2021;11635;2021
9585;2021;6732;2021
3787;2021;350;2021
0056;2021;3380;2021
2940;2021;3141;2021
9575;2021;11428;2021
4461;2021;2134;2021
2383;2021;1212;2021
9536;2021;7367;2021
0089;2021;2636;2021
6348;2021;5067;2021
5637;2021;714;2021
4121;2021;1133;2021
4535;2021;1553;2021
2983;2021;5145;2021
6004;2021;3918;2021
6879;2021;2063;2021
6255;2021;1741;2021
2188;2021;638;2021
4254;2021;2158;2021
1398;2021;298;2021
2415;2021;1965;2021
7281;2021;1455;2021
9910;2021;2781;2021
8428;2021;3643;2021
9311;2021;1802;2021
9083;2021;1825;2021
4553;2021;2319;2021
4116;2021;797;2021
8084;2021;3424;2021
9594;2021;723;2021
5865;2021;1094;2021
9153;2021;4805;2021
4659;2021;2435;2021
8989;2021;757;2021
5377;2021;1477;2021
1929;2021;1523;2021
9333;2021;1405;2021
0424;2021;1368;2021
4602;2021;747;2021
7449;2021;702;2021
1046;2021;3913;2021
4343;2021;1175;2021
7802;2021;2076;2021
4780;2021;1026;2021
1053;2021;1049;2021
0250;2021;751;2021
4994;2021;6769;2021
1867;2021;2831;2021
2136;2021;12163;2021
1035;2021;534;2021
6968;2021;3660;2021
6733;2021;2817;2021
3678;2021;1512;2021
7651;2021;1486;2021
4115;2021;2191;2021
2062;2021;1463;2021
5685;2021;1970;2021
0415;2021;1202;2021
2199;2021;456;2021
4209;2021;867;2021
9642;2021;795;2021
9136;2021;2540;2021
7054;2021;1250;2021
1566;2021;2289;2021
0366;2021;916;2021
9992;2021;1478;2021
4183;2021;3021;2021
2142;2021;976;2021
1410;2021;19396;2021
4968;2021;2500;2021
7893;2021;21173;2021
2303;2021;6273;2021
8222;2021;964;2021
4816;2021;6962;2021
7142;2021;4830;2021
7655;2021;33963;2021
7339;2021;1362;2021
4464;2021;5808;2021
0053;2021;2396;2021
1222;2021;802;2021
6828;2021;2150;2021
9298;2021;16798;2021
8588;2021;49655;2021
7466;2021;705;2021
4087;2021;5336;2021
9180;2021;4661;2021
5398;2021;2416;2021
4305;2021;2548;2021
9092;2021;1397;2021
0078;2021;6882;2021
3034;2021;16562;2021
1530;2021;325;2021
7503;2021;981;2021
5471;2021;22331;2021
8235;2021;1065;2021
5704;2021;1303;2021
7270;2021;5343;2021
5545;2021;1864;2021
6341;2021;1470;2021
4484;2021;8658;2021
0592;2021;2802;2021
0636;2021;595;2021
5850;2021;13655;2021
2937;2021;2246;2021
4074;2021;1310;2021
5311;2021;51067;2021
6165;2021;1773;2021
8519;2021;5020;2021
4579;2021;2268;2021
9973;2021;1997;2021
3734;2021;1169;2021
1580;2021;3455;2021
1743;2021;674;2021
7461;2021;791;2021
9342;2021;3255;2021
7318;2021;2509;2021
9663;2021;523;2021
6631;2021;538;2021
5826;2021;37594;2021
5340;2021;1163;2021
6875;2021;13859;2021
8934;2021;700;2021
8506;2021;1100;2021
0750;2021;4987;2021
6124;2021;11602;2021
9883;2021;1127;2021
7006;2021;1300;2021
3653;2021;988;2021
7442;2021;1225;2021
4538;2021;1309;2021
2220;2021;712;2021
6765;2021;1338;2021
2416;2021;994;2021
2958;2021;606;2021
7074;2021;5397;2021
3331;2021;21679;2021
6669;2021;2596;2021
1887;2021;1802;2021
4423;2021;1731;2021
2997;2021;2553;2021
8816;2021;11108;2021
1614;2021;12318;2021
1659;2021;539;2021
6911;2021;1436;2021
2218;2021;6275;2021
1939;2021;610;2021
9446;2021;44331;2021
6625;2021;23842;2021
7132;2021;2312;2021
2425;2021;2263;2021
7239;2021;6536;2021
6215;2021;3650;2021
1007;2021;1632;2021
5503;2021;993;2021
6115;2021;631;2021
1136;2021;4936;2021
9764;2021;34472;2021
2981;2021;3754;2021
0374;2021;10951;2021
8138;2021;1758;2021
9994;2021;829;2021
1585;2021;652;2021
4697;2021;1037;2021
7653;2021;1180;2021
4195;2021;2447;2021
0821;2021;5174;2021
3233;2021;2178;2021
1890;2021;25839;2021
7015;2021;3772;2021
2432;2021;1998;2021
7360;2021;2009;2021
0409;2021;1070;2021
9350;2021;2395;2021
9303;2021;1073;2021
1579;2021;6971;2021
5566;2021;1563;2021
3133;2021;8718;2021
5882;2021;1293;2021
6697;2021;375;2021
1813;2021;662;2021
6883;2021;765;2021
6570;2021;443;2021
6932;2021;12258;2021
7850;2021;1802;2021
1191;2021;128136;2021
5966;2021;496;2021
3872;2021;6516;2021
1221;2021;3648;2021
0526;2021;3990;2021
0237;2021;2610;2021
1894;2021;10325;2021
2868;2021;863;2021
0544;2021;542;2021
5134;2021;1659;2021
9586;2021;1637;2021
4643;2021;3198;2021
6091;2021;514;2021
1435;2021;2685;2021
2451;2021;8857;2021
9191;2021;401;2021
1563;2021;10844;2021
7443;2021;2372;2021
2947;2021;6401;2021
0006;2021;30652;2021
7561;2021;4634;2021
8701;2021;48421;2021
8627;2021;1504;2021
2295;2021;290;2021
0330;2021;3701;2021
0424;2021;1200;2021
5692;2021;9496;2021
1133;2021;3101;2021
5173;2021;685;2021
2800;2021;776;2021
8655;2021;7186;2021
4617;2021;1824;2021
0131;2021;1185;2021
0338;2021;1982;2021
2177;2021;473;2021
8259;2021;4092;2021
4361;2021;1572;2021
6021;2021;220;2021
3214;2021;8084;2021
7850;2021;1551;2021
5828;2021;3215;2021
5252;2021;7318;2021
0220;2021;13295;2021
2232;2021;282;2021
5165;2021;1423;2021
9501;2021;925;2021
4329;2021;303;2021
9252;2021;1093;2021
0845;2021;41026;2021
8419;2021;3262;2021
5883;2021;617;2021
4864;2021;1669;2021
1068;2021;718;2021
5929;2021;207;2021
1210;2021;1034;2021
3147;2021;1152;2021
4433;2021;133;2021
9040;2021;750;2021
7244;2021;473;2021
9029;2021;911;2021
6995;2021;205;2021
6574;2021;840;2021
9627;2021;4875;2021
6391;2021;619;2021
6151;2021;206;2021
5707;2021;563;2021
7863;2021;78;2021
7951;2021;5067;2021
0313;2021;456;2021
8838;2021;296;2021
4297;2021;6543;2021
1003;2021;1044;2021
3195;2021;124;2021
2942;2021;845;2021
7991;2021;10379;2021
1648;2021;1569;2021
3455;2021;918;2021
4906;2021;287;2021
4520;2021;3069;2021
6044;2021;213;2021
9435;2021;814;2021
0193;2021;1122;2021
2092;2021;200;2021
9499;2021;979;2021
6438;2021;375;2021
8595;2021;289;2021
7053;2021;698;2021
1491;2021;236;2021
4037;2021;1705;2021
2377;2021;510;2021
1068;2021;1973;2021
9067;2021;69210;2021
4693;2021;1543;2021
8647;2021;5996;2021
4420;2021;872;2021
9177;2021;3525;2021
5332;2021;1365;2021
2078;2021;354;2021
4085;2021;2200;2021
2700;2021;1316;2021
0036;2021;499;2021
6037;2021;1099;2021
8978;2021;428;2021
9041;2021;374;2021
3563;2021;1251;2021
1660;2021;434;2021
9991;2021;1774;2021
3767;2021;1158;2021
5874;2021;1105;2021
1547;2021;638;2021
1585;2021;2076;2021
7943;2021;3762;2021
0623;2021;1091;2021
8485;2021;1324;2021
4355;2021;4298;2021
4578;2021;1036;2021
6543;2021;453;2021
6736;2021;7132;2021
5962;2021;886;2021
9925;2021;2631;2021
0009;2021;674;2021
3069;2021;598;2021
1068;2021;856;2021
6186;2021;490;2021
5451;2021;1348;2021
9609;2021;178;2021
9100;2021;1507;2021
7609;2021;3746;2021
0984;2021;98;2021
4918;2021;1902;2021
2122;2021;666;2021
8131;2021;1099;2021
9441;2021;359;2021
6988;2021;115;2021
0391;2021;2115;2021
6767;2021;1723;2021
3541;2021;555;2021
0036;2021;3762;2021
3822;2021;2698;2021
3409;2021;321;2021
9277;2021;22438;2021
4574;2021;6449;2021
6548;2021;267;2021
9606;2021;2847;2021
4430;2021;5897;2021
1994;2021;520;2021
9897;2021;91;2021
2153;2021;485;2021
7330;2021;836;2021
5246;2021;589;2021
1944;2021;822;2021
5364;2021;12741;2021
9192;2021;1811;2021
1360;2021;756;2021
1814;2021;10064;2021
8534;2021;2349;2021
0441;2021;6846;2021
8746;2021;1696;2021
4239;2021;6630;2021
7371;2021;1794;2021
1590;2021;451;2021
1757;2021;7338;2021
6808;2021;997;2021
6850;2021;2052;2021
7941;2021;1373;2021
9395;2021;2274;2021
3628;2021;1459;2021
7369;2021;4601;2021
0130;2021;2097;2021
6330;2021;3627;2021
8144;2021;2236;2021
1135;2021;5108;2021
9439;2021;601;2021
3021;2021;1119;2021
7723;2021;257;2021
0793;2021;23442;2021
0449;2021;4472;2021
5937;2021;967;2021
5649;2021;7528;2021
7269;2021;3560;2021
4474;2021;9088;2021
0112;2021;5274;2021
1502;2021;6387;2021
0982;2021;1635;2021
4851;2021;222;2021
1126;2021;14538;2021
7982;2021;477;2021
2598;2021;25473;2021
3617;2021;9804;2021
2025;2021;5112;2021
5962;2021;15388;2021
8387;2021;51849;2021
2172;2021;1490;2021
3802;2021;2460;2021
0202;2021;11846;2021
1359;2021;1258;2021
7532;2021;880;2021
6267;2021;16219;2021
4014;2021;363;2021
5275;2021;3390;2021
9583;2021;1024;2021
9862;2021;266;2021
9117;2021;2296;2021
4127;2021;4017;2021
9893;2021;1796;2021
0818;2021;556;2021
5744;2021;734;2021
0254;2021;1236;2021
8177;2021;10960;2021
9994;2021;14799;2021
8798;2021;1169;2021
0960;2021;1605;2021
9847;2021;5961;2021
7324;2021;206;2021
9615;2021;1350;2021
3097;2021;1639;2021
4720;2021;1357;2021
0704;2021;2713;2021
4993;2021;7156;2021
2626;2021;6771;2021
5012;2021;883;2021
6647;2021;53402;2021
2565;2021;3092;2021
7621;2021;1725;2021
1943;2021;11368;2021
4163;2021;118992;2021
3464;2021;471;2021
0484;2021;8524;2021
5580;2021;1287;2021
7710;2021;435;2021
0394;2021;4757;2021
0563;2021;894;2021
7943;2021;4038;2021
8033;2021;270;2021
4183;2021;265;2021
3972;2021;1858;2021
3407;2021;3508;2021
8863;2021;531;2021
0138;2021;18935;2021
6677;2021;2422;2021
9177;2021;2883;2021
1122;2021;790;2021
3297;2021;381;2021
1817;2021;556;2021
3301;2021;3075;2021
5442;2021;2032;2021
3916;2021;1068;2021
7152;2021;1081;2021
9762;2021;10441;2021
2605;2021;727;2021
5091;2021;306;2021
0774;2021;4980;2021
3819;2021;74;2021
9124;2021;1288;2021
8539;2021;530;2021
5676;2021;579;2021
5381;2021;1170;2021
6687;2021;837;2021
0034;2021;5830;2021
0004;2021;3011;2021
0349;2021;5230;2021
8862;2021;4262;2021
0721;2021;304;2021
9829;2021;1545;2021
6763;2021;802;2021
5670;2021;48666;2021
4613;2021;292;2021
7214;2021;790;2021
2953;2021;161;2021
0465;2021;439;2021
2341;2021;2628;2021
3922;2021;4748;2021
8476;2021;311;2021
9623;2021;1971;2021
6920;2021;1294;2021
5327;2021;878;2021
1196;2021;6244;2021
0895;2021;274;2021
1305;2021;25723;2021
1486;2021;899;2021
4882;2021;1626;2021
9897;2021;820;2021
5604;2021;281;2021
4701;2021;1234;2021
6462;2021;2517;2021
8874;2021;1135;2021
5006;2021;8548;2021
5631;2021;404;2021
3710;2021;1087;2021
9603;2021;34201;2021
6164;2021;649;2021
1285;2021;320;2021
1795;2021;648;2021
7343;2021;4640;2021
4634;2021;859;2021
2862;2021;111;2021
2680;2021;77;2021
9986;2021;604;2021
2122;2021;2348;2021
1033;2021;2426;2021
4460;2021;3653;2021
9714;2021;22305;2021
7798;2021;4154;2021
6299;2021;1251;2021
7760;2021;804;2021
1930;2021;961;2021
0200;2021;218;2021
0312;2021;425;2021
4826;2021;1518;2021
9207;2021;978;2021
9487;2021;827;2021
1680;2021;2057;2021
1232;2021;865;2021
4453;2021;717;2021
3124;2021;1202;2021
1629;2021;3981;2021
2116;2021;1572;2021
6962;2021;2281;2021
0060;2021;1057;2021
0066;2021;1195;2021
8107;2021;98;2021
2305;2021;186;2021
2693;2021;869;2021
6722;2021;139;2021
7311;2021;14258;2021
4080;2021;832;2021
6889;2021;19555;2021
7078;2021;2020;2021
8274;2021;2279;2021
9959;2021;5175;2021
2545;2021;3020;2021
5688;2021;679;2021
8984;2021;329;2021
9591;2021;3928;2021
1052;2021;2945;2021
5279;2021;1663;2021
2887;2021;717;2021
6762;2021;4206;2021
1143;2021;1152;2021
8588;2021;1730;2021
4377;2021;357;2021
2726;2021;1526;2021
3679;2021;40565;2021
1284;2021;897;2021
7324;2021;2172;2021
2299;2021;1120;2021
3671;2021;130;2021
0991;2021;124;2021
5993;2021;585;2021
9947;2021;2496;2021
6298;2021;7502;2021
2796;2021;1214;2021
8102;2021;1170;2021
1111;2021;47587;2021
7010;2021;595;2021
7217;2021;2435;2021
4253;2021;800;2021
5639;2021;7648;2021
2764;2021;1880;2021
0649;2021;470;2021
2235;2021;251;2021
5442;2021;444;2021
6196;2021;1227;2021
9572;2021;874;2021
9107;2021;3594;2021
7935;2021;610;2021
8933;2021;314;2021
6946;2021;731;2021
9051;2021;1692;2021
4681;2021;397;2021
7727;2021;3197;2021
3337;2021;1178;2021
6825;2021;1283;2021
7548;2021;755;2021
5261;2021;956;2021
7156;2021;715;2021
9461;2021;4926;2021
7729;2021;1638;2021
7653;2021;6409;2021
2662;2021;699;2021
5628;2021;630;2021
8724;2021;415;2021
7322;2021;490;2021
5053;2021;1092;2021
4211;2021;1056;2021
4272;2021;2037;2021
2000;2021;158;2021
2140;2021;479;2021
6236;2021;1008;2021
9190;2021;1204;2021
5674;2021;1399;2021
7631;2021;315;2021
2928;2021;299;2021
2217;2021;6191;2021
6629;2021;366;2021
8400;2021;533;2021
8848;2021;1625;2021
8179;2021;1575;2021
4504;2021;3494;2021
5154;2021;1044;2021
2809;2021;1249;2021
0789;2021;207;2021
1136;2021;2339;2021
0324;2021;107;2021
0393;2021;4901;2021
9604;2021;456;2021
8276;2021;3036;2021
0440;2021;641;2021
7400;2021;1122;2021
2595;2021;631;2021
8460;2021;134;2021
3719;2021;560;2021
0533;2021;1392;2021
4484;2021;537;2021
0508;2021;958;2021
0477;2021;989;2021
6521;2021;4531;2021
3299;2021;802;2021
2841;2021;476;2021
3671;2021;4012;2021
8688;2021;317;2021
2451;2021;1585;2021
3707;2021;1795;2021
8338;2021;1186;2021
9697;2021;602;2021
9425;2021;32391;2021
7317;2021;704;2021
0581;2021;1243;2021
6983;2021;4437;2021
5162;2021;798;2021
6494;2021;2470;2021
4776;2021;3296;2021
7358;2021;2182;2021
7468;2021;849;2021
0140;2021;1103;2021
5021;2021;12617;2021
6700;2021;5925;2021
6446;2021;2640;2021
9297;2021;2998;2021
8179;2021;6648;2021
8083;2021;2540;2021
0021;2021;6782;2021
7114;2021;826;2021
0492;2021;3881;2021
3610;2021;1379;2021
9322;2021;1704;2021
4736;2021;2038;2021
7854;2021;1226;2021
4860;2021;1292;2021
4172;2021;1403;2021
4130;2021;147;2021
9176;2021;57127;2021
5172;2021;1563;2021
8520;2021;3563;2021
0981;2021;606;2021
2543;2021;146803;2021
4745;2021;4155;2021
1943;2021;464;2021
2258;2021;6220;2021
7869;2021;31458;2021
7950;2021;54342;2021
4861;2021;6031;2021
4104;2021;959;2021
1492;2021;11508;2021
9411;2021;655;2021
0055;2021;2521;2021
2375;2021;16869;2021
7042;2021;714;2021
3846;2021;4305;2021
6453;2021;2511;2021
8825;2021;2511;2021
3967;2021;1847;2021
4650;2021;1683;2021
5157;2021;3350;2021
0513;2021;986;2021
9689;2021;26382;2021
1972;2021;12789;2021
6248;2021;890;2021
3573;2021;13986;2021
1609;2021;5563;2021
3048;2021;49843;2021
1328;2021;1831;2021
3327;2021;3704;2021
8637;2021;5707;2021
8121;2021;5228;2021
0083;2021;16567;2021
2451;2021;6771;2021
0362;2021;7353;2021
2698;2021;13434;2021
9970;2021;391;2021
3471;2021;1554;2021
5653;2021;2820;2021
7454;2021;3284;2021
0244;2021;20087;2021
8140;2021;16554;2021
8230;2021;10331;2021
3698;2021;69855;2021
5569;2021;315948;2021
6537;2021;2138;2021
9452;2021;11794;2021
3367;2021;53396;2021
9815;2021;11287;2021
1051;2021;15275;2021
4318;2021;19404;2021
1971;2021;14970;2021
1287;2021;19401;2021
9107;2021;5798;2021
4208;2021;25784;2021
2780;2021;47117;2021
9351;2021;26731;2021
2848;2021;19485;2021
7183;2021;42915;2021
3013;2021;12284;2021
1788;2021;13978;2021
2363;2021;36539;2021
9421;2021;24625;2021
1111;2021;57645;2021
8626;2021;48078;2021
5967;2021;18444;2021
7926;2021;26016;2021
7123;2021;20761;2021
4435;2021;1291;2021
0967;2021;17680;2021
1540;2021;26087;2021
8522;2021;18262;2021
8251;2021;24520;2021
2339;2021;6074;2021
7931;2021;9592;2021
8516;2021;25870;2021
2295;2021;26209;2021
3507;2021;8061;2021
1384;2021;26113;2021
3995;2021;12928;2021
9787;2021;17457;2021
1708;2021;6311;2021
9347;2021;6663;2021
3890;2021;16343;2021
3006;2021;13231;2021
0646;2021;3423;2021
4128;2021;4999;2021
5984;2021;21869;2021
1223;2021;30869;2021
1732;2021;14906;2021
3299;2021;8187;2021
1780;2021;9628;2021
4419;2021;30117;2021
7193;2021;47301;2021
0754;2021;5288;2021
9938;2021;32116;2021
7461;2021;5377;2021
4329;2021;3608;2021
8487;2021;2315;2021
9608;2021;15419;2021
8616;2021;7627;2021
9867;2021;15788;2021
2709;2021;11204;2021
1454;2021;1800;2021
5597;2021;14355;2021
1944;2021;8963;2021
5686;2021;15423;2021
9822;2021;189461;2021
9321;2021;4165;2021
3201;2021;13136;2021
3038;2021;83317;2021
6405;2021;16925;2021
0198;2021;18880;2021
8386;2021;6170;2021
1686;2021;11231;2021
6284;2021;8286;2021
8010;2021;38943;2021
9372;2021;35246;2021
3819;2021;13660;2021
0503;2021;26114;2021
6671;2021;14569;2021
5602;2021;30302;2021
0442;2021;6216;2021
5342;2021;6134;2021
6776;2021;9386;2021
9740;2021;13156;2021
0762;2021;18267;2021
4555;2021;5241;2021
7649;2021;10151;2021
1455;2021;9079;2021
6929;2021;6080;2021
7893;2021;5629;2021
5298;2021;6481;2021
7130;2021;4609;2021
5803;2021;8928;2021
5439;2021;3946;2021
7447;2021;1767;2021
7501;2021;2613;2021
1808;2021;6777;2021
8789;2021;9885;2021
3481;2021;1631;2021
7072;2021;2322;2021
2401;2021;11720;2021
9858;2021;3678;2021
7273;2021;19372;2021
9451;2021;2789;2021
6246;2021;3727;2021
7775;2021;5143;2021
6543;2021;12839;2021
7891;2021;5685;2021
5316;2021;23159;2021
4134;2021;5697;2021
1123;2021;5199;2021
3579;2021;3891;2021
8072;2021;8721;2021
4238;2021;2852;2021
6150;2021;4894;2021
6465;2021;25885;2021
0701;2021;15095;2021
2324;2021;19561;2021
2665;2021;1141;2021
0433;2021;1946;2021
0295;2021;5486;2021
5758;2021;94783;2021
7040;2021;8688;2021
5031;2021;13763;2021
4163;2021;11840;2021
6630;2021;13619;2021
2472;2021;8620;2021
4923;2021;1586;2021
6287;2021;10993;2021
3337;2021;9996;2021
5487;2021;6771;2021
1038;2021;2126;2021
7989;2021;3296;2021
1285;2021;3500;2021
7102;2021;13425;2021
5283;2021;2599;2021
5715;2021;3049;2021
7675;2021;4765;2021
2740;2021;30790;2021
3020;2021;4954;2021
1262;2021;2159;2021
0405;2021;7639;2021
2252;2021;2234;2021
1974;2021;5715;2021
9723;2021;1403;2021
0919;2021;8741;2021
6901;2021;1688;2021
9584;2021;5854;2021
2907;2021;10743;2021
7266;2021;9353;2021
8722;2021;7838;2021
0792;2021;4485;2021
0222;2021;1469;2021
0888;2021;7912;2021
5772;2021;5484;2021
6393;2021;5702;2021
1977;2021;3390;2021
8398;2021;2847;2021
3304;2021;6726;2021
7760;2021;1820;2021
3306;2021;3932;2021
4552;2021;5236;2021
0953;2021;4602;2021
4246;2021;3490;2021
1621;2021;13482;2021
7645;2021;2179;2021
4055;2021;4181;2021
9883;2021;1542;2021
6574;2021;14695;2021
6797;2021;11345;2021
1319;2021;11551;2021
7103;2021;2753;2021
7435;2021;14099;2021
3294;2021;17142;2021
5013;2021;5067;2021
4105;2021;12075;2021
4580;2021;4347;2021
3081;2021;13421;2021
1948;2021;6774;2021
9545;2021;1892;2021
7757;2021;1963;2021
5708;2021;2365;2021
1612;2021;6300;2021
0594;2021;9402;2021
1894;2021;1317;2021
6422;2021;2130;2021
8747;2021;1362;2021
0954;2021;1553;2021
9765;2021;579;2021
4620;2021;3681;2021
4804;2021;10716;2021
1516;2021;1742;2021
0546;2021;1195;2021
6030;2021;2534;2021
7494;2021;2621;2021
7262;2021;4727;2021
9331;2021;3855;2021
8776;2021;811;2021
3938;2021;1764;2021
0061;2021;358;2021
4740;2021;730;2021
4985;2021;1167;2021
5290;2021;541;2021
2235;2021;220;2021
8984;2021;825;2021
9630;2021;1947;2021
9786;2021;731;2021
9081;2021;727;2021
7742;2021;1197;2021
4521;2021;929;2021
7438;2021;541;2021
0174;2021;1765;2021
3392;2021;2328;2021
6440;2021;1280;2021
0762;2021;575;2021
8087;2021;2768;2021
3055;2021;1875;2021
8176;2021;3985;2021
6307;2021;813;2021
9252;2021;5303;2021
6494;2021;1568;2021
6795;2021;520;2021
0661;2021;5138;2021
6582;2021;4129;2021
7074;2021;1625;2021
6270;2021;12017;2021
6568;2021;13028;2021
8430;2021;4817;2021
9654;2021;3870;2021
0116;2021;5556;2021
8173;2021;1506;2021
1825;2021;17109;2021
3407;2021;483;2021
5525;2021;3631;2021
1334;2021;1402;2021
8705;2021;1120;2021
1831;2021;4960;2021
4925;2021;1404;2021
7094;2021;766;2021
8779;2021;3616;2021
9102;2021;4511;2021
8358;2021;1702;2021
5089;2021;5664;2021
0977;2021;3863;2021
7025;2021;924;2021
2350;2021;6783;2021
4318;2021;64850;2021
2771;2021;4191;2021
5067;2021;885;2021
5194;2021;12636;2021
4848;2021;1594;2021
5846;2021;2542;2021
7351;2021;1313;2021
9216;2021;3225;2021
4508;2021;3345;2021
6216;2021;1001;2021
3938;2021;1206;2021
0711;2021;953;2021
2479;2021;624;2021
6989;2021;2655;2021
3893;2021;688;2021
1583;2021;1404;2021
1051;2021;1314;2021
0963;2021;6032;2021
6860;2021;1406;2021
4313;2021;751;2021
9008;2021;2249;2021
8371;2021;1020;2021
3049;2021;6635;2021
1821;2021;1355;2021
2982;2021;533;2021
0697;2021;1039;2021
2665;2021;7147;2021
6832;2021;2990;2021
6443;2021;2941;2021
1889;2021;2182;2021
9965;2021;588;2021
3628;2021;1880;2021
3885;2021;11035;2021
2428;2021;2683;2021
8269;2021;2758;2021
6975;2021;3284;2021
3184;2021;709;2021
7358;2021;3069;2021
3667;2021;1648;2021
4081;2021;893;2021
2369;2021;11964;2021
6912;2021;667;2021
9042;2021;290;2021
6307;2021;1070;2021
0417;2021;644;2021
1083;2021;8089;2021
6109;2021;994;2021
9256;2021;870;2021
6299;2021;4788;2021
1504;2021;2063;2021
4550;2021;4441;2021
0808;2021;59748;2021
8385;2021;2350;2021
9955;2021;6796;2021
7967;2021;9247;2021
7400;2021;6708;2021
1845;2021;366;2021
9225;2021;16836;2021
6487;2021;17685;2021
6666;2021;3832;2021
5377;2021;2448;2021
4371;2021;2575;2021
2579;2021;1078;2021
0579;2021;1287;2021
1428;2021;3667;2021
1606;2021;4857;2021
9301;2021;4753;2021
1984;2021;1373;2021
1265;2021;7525;2021
7052;2021;1001;2021
3815;2021;1743;2021
6272;2021;19127;2021
5058;2021;1435;2021
2952;2021;765;2021
6686;2021;1184;2021
1110;2021;362;2021
5603;2021;673;2021
7069;2021;4074;2021
3551;2021;13889;2021
9177;2021;2760;2021
4229;2021;2384;2021
9720;2021;1780;2021
5533;2021;892;2021
0738;2021;8903;2021
3198;2021;1210;2021
2241;2021;9614;2021
8188;2021;1091;2021
7879;2021;2624;2021
5944;2021;2048;2021
5739;2021;1301;2021
9643;2021;1131;2021
6457;2021;1509;2021
3673;2021;649;2021
7969;2021;7476;2021
4296;2021;3155;2021
2731;2021;210;2021
0818;2021;16579;2021
0868;2021;2652;2021
5571;2021;9296;2021
0563;2021;239;2021
6318;2021;20932;2021
7467;2021;2534;2021
8584;2021;480;2021
9628;2021;2184;2021
3177;2021;2939;2021
0861;2021;786;2021
8954;2021;1228;2021
1398;2021;9496;2021
6188;2021;822;2021
9838;2021;1194;2021
5789;2021;1158;2021
8606;2021;64073;2021
6973;2021;1017;2021
0760;2021;9630;2021
1919;2021;5084;2021
3725;2021;4122;2021
6618;2021;904;2021
6744;2021;3473;2021
2516;2021;1427;2021
1646;2021;1113;2021
7008;2021;1880;2021
0382;2021;2799;2021
0158;2021;2778;2021
1135;2021;1927;2021
6862;2021;7827;2021
7085;2021;1536;2021
7503;2021;2229;2021
4029;2021;1726;2021
9545;2021;2303;2021
0811;2021;1737;2021
3365;2021;789;2021
2095;2021;884;2021
9328;2021;3774;2021
2096;2021;2326;2021
2541;2021;2700;2021
6500;2021;2227;2021
6003;2021;8796;2021
7814;2021;1139;2021
9158;2021;747;2021
2375;2021;1661;2021
3121;2021;2455;2021
2730;2021;1885;2021
0425;2021;3333;2021
3220;2021;3063;2021
8104;2021;964;2021
6848;2021;9208;2021
1556;2021;1479;2021
6698;2021;20159;2021
9137;2021;1595;2021
2519;2021;3944;2021
8806;2021;2671;2021
5827;2021;1094;2021
0461;2021;325;2021
6014;2021;1885;2021
4127;2021;1140;2021
7393;2021;1014;2021
6664;2021;316;2021
9131;2021;14827;2021
2168;2021;634;2021
6170;2021;2031;2021
2015;2021;1350;2021
6552;2021;744;2021
3317;2021;1378;2021
2391;2021;1166;2021
8071;2021;1021;2021
4098;2021;675;2021
5949;2021;6418;2021
2810;2021;36123;2021
1612;2021;3226;2021
8773;2021;6820;2021
6841;2021;5399;2021
4913;2021;4164;2021
6769;2021;1859;2021
1240;2021;1011;2021
6823;2021;3025;2021
6715;2021;954;2021
5715;2021;1390;2021
5718;2021;578;2021
8737;2021;3122;2021
3969;2021;1131;2021
9596;2021;2531;2021
5054;2021;1244;2021
6833;2021;1336;2021
5285;2021;16106;2021
6282;2021;551;2021
9373;2021;3098;2021
0439;2021;6005;2021
4949;2021;6942;2021
8985;2021;968;2021
6941;2021;1949;2021
8441;2021;481;2021
3442;2021;3434;2021
5465;2021;1879;2021
3426;2021;1128;2021
1160;2021;1140;2021
6248;2021;1715;2021
4117;2021;4949;2021
2170;2021;2205;2021
5644;2021;1704;2021
4163;2021;2022;2021
1544;2021;3451;2021
4966;2021;828;2021
5441;2021;11076;2021
4634;2021;1116;2021
5118;2021;514;2021
2633;2021;6636;2021
2874;2021;4283;2021
2778;2021;1878;2021
4562;2021;4622;2021
1208;2021;610;2021
1941;2021;4343;2021
2055;2021;5949;2021
7681;2021;8593;2021
5337;2021;1029;2021
6418;2021;2674;2021
8819;2021;5439;2021
0838;2021;2633;2021
9546;2021;9596;2021
6165;2021;74173;2021
6366;2021;830;2021
8830;2021;1680;2021
9327;2021;787;2021
8679;2021;662;2021
8789;2021;458;2021
2608;2021;2831;2021
2193;2021;1227;2021
3904;2021;7218;2021
5057;2021;5026;2021
0500;2021;1739;2021
1189;2021;1856;2021
4125;2021;1406;2021
7825;2021;85609;2021
9153;2021;507;2021
9582;2021;340;2021
3687;2021;1106;2021
8314;2021;5138;2021
2845;2021;893;2021
3399;2021;1295;2021
0099;2021;1889;2021
8203;2021;4657;2021
6474;2021;6520;2021
0326;2021;5481;2021
8302;2021;2920;2021
2963;2021;3759;2021
3812;2021;1990;2021
8532;2021;574;2021
0371;2021;440;2021
7817;2021;1908;2021
5464;2021;3035;2021
0790;2021;5623;2021
1457;2021;4997;2021
2518;2021;4173;2021
5032;2021;1491;2021
2035;2021;562;2021
9401;2021;1111;2021
3343;2021;4428;2021
6831;2021;395;2021
9053;2021;2182;2021
8983;2021;854;2021
8431;2021;980;2021
9398;2021;731;2021
7498;2021;1771;2021
8392;2021;5614;2021
2960;2021;789;2021
2253;2021;4719;2021
1687;2021;482;2021
3840;2021;1075;2021
3827;2021;1934;2021
8991;2021;1028;2021
1276;2021;2404;2021
6499;2021;2539;2021
8398;2021;1948;2021
3199;2021;689;2021
8919;2021;1440;2021
4529;2021;3812;2021
7228;2021;1561;2021
4907;2021;1414;2021
6992;2021;1940;2021
4154;2021;1759;2021
1646;2021;1629;2021
1744;2021;3360;2021
8091;2021;494;2021
4483;2021;7579;2021
6487;2021;2945;2021
2972;2021;4291;2021
3494;2021;3204;2021
7354;2021;4748;2021
2790;2021;773;2021
8377;2021;8683;2021
4964;2021;2903;2021
2796;2021;1461;2021
2969;2021;3543;2021
1255;2021;2320;2021
3056;2021;2529;2021
2624;2021;3605;2021
3698;2021;961;2021
8782;2021;1531;2021
3295;2021;1475;2021
3773;2021;67413;2021
8784;2021;2783;2021
4873;2021;466;2021
1676;2021;2048;2021
9064;2021;1191;2021
8306;2021;4780;2021
0186;2021;953;2021
8213;2021;9373;2021
7159;2021;2478;2021
0775;2021;4188;2021
3447;2021;1163;2021
9429;2021;400;2021
0991;2021;8672;2021
4243;2021;4080;2021
0492;2021;3282;2021
7073;2021;1056;2021
9648;2021;782;2021
4288;2021;808;2021
0091;2021;4449;2021
9518;2021;418;2021
2971;2021;703;2021
4622;2021;463;2021
2657;2021;1361;2021
1625;2021;2135;2021
5450;2021;707;2021
7624;2021;6739;2021
2344;2021;530;2021
9508;2021;6269;2021
9828;2021;9829;2021
2846;2021;4677;2021
3736;2021;795;2021
3800;2021;3125;2021
5555;2021;1520;2021
1425;2021;776;2021
5876;2021;849;2021
3402;2021;1453;2021
9871;2021;2399;2021
7187;2021;1615;2021
1055;2021;19254;2021
0707;2021;6865;2021
9745;2021;2881;2021
1905;2021;352;2021
6905;2021;4699;2021
7745;2021;11922;2021
0708;2021;2498;2021
1840;2021;6304;2021
5190;2021;1385;2021
3363;2021;503;2021
4033;2021;854;2021
5330;2021;4889;2021
4037;2021;10577;2021
4469;2021;2262;2021
8039;2021;3311;2021
4504;2021;5721;2021
4121;2021;5672;2021
8739;2021;4859;2021
6406;2021;1993;2021
0527;2021;17868;2021
5690;2021;498;2021
5104;2021;1043;2021
8735;2021;3736;2021
7700;2021;9960;2021
9980;2021;1091;2021
9578;2021;172479;2021
3070;2021;1813;2021
2227;2021;7711;2021
8564;2021;367;2021
9406;2021;6180;2021
9207;2021;971;2021
5573;2021;14639;2021
2183;2021;737;2021
4003;2021;2965;2021
5661;2021;419;2021
5001;2021;2271;2021
3444;2021;3482;2021
0778;2021;1022;2021
3582;2021;495;2021
6366;2021;1551;2021
4089;2021;774;2021
1995;2021;591;2021
9924;2021;331;2021
8794;2021;3740;2021
9978;2021;1348;2021
7967;2021;1091;2021
5296;2021;841;2021
0698;2021;4576;2021
8458;2021;2488;2021
0609;2021;796;2021
8883;2021;17610;2021
2146;2021;1891;2021
3086;2021;189;2021
7785;2021;1231;2021
1080;2021;2404;2021
5446;2021;14947;2021
1204;2021;460;2021
1240;2021;1997;2021
1054;2021;12920;2021
0574;2021;4488;2021
8931;2021;44719;2021
8092;2021;2805;2021
8615;2021;6243;2021
8349;2021;11463;2021
3490;2021;14636;2021
7014;2021;29592;2021
9122;2021;5306;2021
3371;2021;26435;2021
3472;2021;4468;2021
5737;2021;3801;2021
5120;2021;80474;2021
7563;2021;50312;2021
0023;2021;10896;2021
2435;2021;7407;2021
7261;2021;9932;2021
4570;2021;1353;2021
4156;2021;1595;2021
4204;2021;10082;2021
9762;2021;4838;2021
1263;2021;4820;2021
6116;2021;56293;2021
9642;2021;11551;2021
1030;2021;1822;2021
2786;2021;7962;2021
5346;2021;8415;2021
9748;2021;3367;2021
6975;2021;1773;2021
6806;2021;1089;2021
7716;2021;8500;2021
4356;2021;9903;2021
8356;2021;53221;2021
4992;2021;6239;2021
4710;2021;1875;2021
2934;2021;10948;2021
9696;2021;4190;2021
6251;2021;4097;2021
4102;2021;1224;2021
0240;2021;7134;2021
2310;2021;7747;2021
9460;2021;3612;2021
4561;2021;467;2021
5115;2021;7605;2021
6993;2021;1179;2021
7206;2021;3015;2021
1204;2021;11333;2021
5877;2021;39275;2021
7859;2021;8219;2021
9185;2021;11643;2021
1963;2021;3089;2021
0401;2021;2865;2021
0593;2021;987;2021
2827;2021;13958;2021
8343;2021;4942;2021
5502;2021;2577;2021
4206;2021;3466;2021
1606;2021;11941;2021
1648;2021;3691;2021
4759;2021;1529;2021
4546;2021;10493;2021
5295;2021;12899;2021
4635;2021;6179;2021
3464;2021;1720;2021
8842;2021;2293;2021
1411;2021;1731;2021
2019;2021;1063;2021
1661;2021;873;2021
9969;2021;1334;2021
5681;2021;7084;2021
3265;2021;3674;2021
4914;2021;6329;2021
2221;2021;6214;2021
2542;2021;2682;2021
4887;2021;28894;2021
1799;2021;38665;2021
8912;2021;5857;2021
0755;2021;2990;2021
0957;2021;1849;2021
6676;2021;635439;2021
0578;2021;30844;2021
1025;2021;2992;2021
3441;2021;2492;2021
9167;2021;5703;2021
6583;2021;2975;2021
9571;2021;2854;2021
0362;2021;4264;2021
7171;2021;1394;2021
5665;2021;2264;2021
8520;2021;4998;2021
7815;2021;8204;2021
3652;2021;1384;2021
7414;2021;990;2021
5993;2021;10999;2021
1930;2021;2569;2021
9021;2021;387;2021
7619;2021;25082;2021
8453;2021;12706;2021
5422;2021;4201;2021
1261;2021;10505;2021
1958;2021;3055;2021
2123;2021;1307;2021
7793;2021;3227;2021
9003;2021;1851;2021
9479;2021;2461;2021
7976;2021;19731;2021
6441;2021;3083;2021
6956;2021;614;2021
9813;2021;893;2021
9345;2021;1742;2021
9386;2021;685;2021
2744;2021;2369;2021
6345;2021;840;2021
1442;2021;40029;2021
0686;2021;532;2021
6900;2021;5753;2021
1665;2021;2888;2021
6025;2021;13102;2021
7644;2021;4354;2021
2808;2021;3093;2021
6218;2021;735;2021
7780;2021;1184;2021
4281;2021;2878;2021
8280;2021;1062;2021
0695;2021;2244;2021
9304;2021;2204;2021
2787;2021;464;2021
3460;2021;2785;2021
6565;2021;1316;2021
6937;2021;1288;2021
3312;2021;470;2021
2116;2021;943;2021
1889;2021;848;2021
7263;2021;3591;2021
9981;2021;594;2021
9133;2021;3221;2021
5543;2021;3851;2021
6504;2021;3116;2021
3108;2021;2328;2021
9083;2021;336;2021
3606;2021;9148;2021
4917;2021;6737;2021
0475;2021;1449;2021
3838;2021;1591;2021
9835;2021;1495;2021
7941;2021;681;2021
7241;2021;2808;2021
3863;2021;1584;2021
9925;2021;738;2021
1281;2021;12508;2021
1098;2021;1350;2021
7444;2021;978;2021
7094;2021;639;2021
8536;2021;531;2021
6942;2021;1400;2021
8504;2021;2322;2021
1243;2021;221246;2021
8562;2021;30397;2021
5355;2021;1174;2021
2691;2021;906;2021
4678;2021;4388;2021
5996;2021;685;2021
2609;2021;2547;2021
3624;2021;537;2021
3768;2021;1419;2021
8009;2021;2021;2021
3089;2021;811;2021
5768;2021;672;2021
7385;2021;3513;2021
4154;2021;3543;2021
1782;2021;1186;2021
4349;2021;2048;2021
2454;2021;6011;2021
4793;2021;1135;2021
1180;2021;12802;2021
6165;2021;1235;2021
9823;2021;3798;2021
2017;2021;889;2021
1165;2021;733;2021
1681;2021;182;2021
9059;2021;3914;2021
1324;2021;1006;2021
1510;2021;567;2021
5448;2021;1947;2021
1449;2021;6529;2021
8472;2021;6791;2021
6292;2021;3323;2021
1407;2021;1812;2021
6951;2021;2632;2021
8183;2021;2612;2021
9964;2021;1150;2021
1635;2021;873;2021
2327;2021;11950;2021
1691;2021;1527;2021
6739;2021;4428;2021
8018;2021;854;2021
3860;2021;2806;2021
1175;2021;9337;2021
9741;2021;1244;2021
9182;2021;4415;2021
2614;2021;3704;2021
0754;2021;1697;2021
7618;2021;1871;2021
0268;2021;2498;2021
5286;2021;4682;2021
1350;2021;10473;2021
1289;2021;7268;2021
5007;2021;5792;2021
6669;2021;755;2021
0826;2021;2638;2021
2644;2021;924;2021
6032;2021;1268;2021
5170;2021;3918;2021
2642;2021;8148;2021
2666;2021;7216;2021
9641;2021;5494;2021
9916;2021;4484;2021
5678;2021;55849;2021
2427;2021;2521;2021
7673;2021;8860;2021
5723;2021;3257;2021
2308;2021;2509;2021
8900;2021;1184;2021
0869;2021;3238;2021
3153;2021;1947;2021
4520;2021;5920;2021
3275;2021;9175;2021
8597;2021;34588;2021
9810;2021;7384;2021
0751;2021;2645;2021
0507;2021;3325;2021
0817;2021;3159;2021
8896;2021;896;2021
6216;2021;31913;2021
9759;2021;5298;2021
1419;2021;1084;2021
0976;2021;6462;2021
8890;2021;34619;2021
6322;2021;1733;2021
5493;2021;11929;2021
4066;2021;2394;2021
9092;2021;2743;2021
4874;2021;7051;2021
0699;2021;21509;2021
3826;2021;15661;2021
1004;2021;7645;2021
2993;2021;12184;2021
5006;2021;10500;2021
3692;2021;4384;2021
4633;2021;17986;2021
3716;2021;5418;2021
6679;2021;2919;2021
5595;2021;7604;2021
1674;2021;2172;2021
2751;2021;6097;2021
5211;2021;1182;2021
5156;2021;4159;2021
7163;2021;39263;2021
0958;2021;4176;2021
6290;2021;1345;2021
6335;2021;891;2021
9464;2021;513;2021
4693;2021;4199;2021
2466;2021;59245;2021
1130;2021;2716;2021
3987;2021;3903;2021
1337;2021;71937;2021
0703;2021;1642;2021
5891;2021;11086;2021
6267;2021;2731;2021
5332;2021;1419;2021
4248;2021;10011;2021
8172;2021;25179;2021
2733;2021;1767;2021
9951;2021;10631;2021
7745;2021;21212;2021
8140;2021;4785;2021
9381;2021;5588;2021
7566;2021;6441;2021
5836;2021;1209;2021
3739;2021;3164;2021
8179;2021;1446;2021
0806;2021;7726;2021
7760;2021;4284;2021
1497;2021;4868;2021
7119;2021;12000;2021
1181;2021;4166;2021
2249;2021;4546;2021
1942;2021;5129;2021
0460;2021;1867;2021
7427;2021;25815;2021
2368;2021;3344;2021
3928;2021;12513;2021
5060;2021;12877;2021
8245;2021;2861;2021
5375;2021;20733;2021
1098;2021;6387;2021
2926;2021;6743;2021
1390;2021;697;2021
2777;2021;8642;2021
4134;2021;7082;2021
8919;2021;4450;2021
7242;2021;3525;2021
7542;2021;17975;2021
5078;2021;28124;2021
4502;2021;50735;2021
3334;2021;18058;2021
2209;2021;34110;2021
3266;2021;27851;2021
2752;2021;23031;2021
8570;2021;18307;2021
4414;2021;5167;2021
3734;2021;36058;2021
5540;2021;5213;2021
2096;2021;4309;2021
9020;2021;2930;2021
8180;2021;301104;2021
1635;2021;9128;2021
3544;2021;26685;2021
0662;2021;12566;2021
1355;2021;25156;2021
4452;2021;2762;2021
2466;2021;4995;2021
9571;2021;3598;2021
8460;2021;14287;2021
3060;2021;31998;2021
4747;2021;6796;2021
6714;2021;1038;2021
2675;2021;4607;2021
3010;2021;4280;2021
6705;2021;49294;2021
6999;2021;12054;2021
6505;2021;7596;2021
7851;2021;15802;2021
6803;2021;45539;2021
2393;2021;14915;2021
5433;2021;3926;2021
3860;2021;2848;2021
4331;2021;10344;2021
6135;2021;10313;2021
2561;2021;14078;2021
6313;2021;2440;2021
8497;2021;23649;2021
6193;2021;11487;2021
8123;2021;2922;2021
2727;2021;8229;2021
1191;2021;9338;2021
8594;2021;1518;2021
2767;2021;7453;2021
0259;2021;8421;2021
3093;2021;16211;2021
1561;2021;11230;2021
4903;2021;19851;2021
5142;2021;7838;2021
0944;2021;8789;2021
7509;2021;5747;2021
8651;2021;9383;2021
7834;2021;3955;2021
7007;2021;3768;2021
5279;2021;4184;2021
4682;2021;10581;2021
3741;2021;8024;2021
4008;2021;30073;2021
6293;2021;2803;2021
6602;2021;16187;2021
3770;2021;53554;2021
5504;2021;2821;2021
4176;2021;18997;2021
7060;2021;72779;2021
0887;2021;10912;2021
7257;2021;26878;2021
4933;2021;62533;2021
4896;2021;34715;2021
5923;2021;30474;2021
8310;2021;1765;2021
0510;2021;968;2021
0629;2021;6619;2021
9118;2021;17160;2021
6155;2021;725;2021
8976;2021;2325;2021
4775;2021;21471;2021
2007;2021;11888;2021
7790;2021;21926;2021
4816;2021;13227;2021
2175;2021;23905;2021
9825;2021;21678;2021
5340;2021;8233;2021
4685;2021;20639;2021
8378;2021;117055;2021
0203;2021;7578;2021
3296;2021;8298;2021
0988;2021;3798;2021
9533;2021;11453;2021
3045;2021;1405;2021
9891;2021;1789;2021
9134;2021;42458;2021
8902;2021;588;2021
1886;2021;736;2021
9678;2021;13328;2021
2510;2021;535;2021
4461;2021;1726;2021
8770;2021;2634;2021
7940;2021;391;2021
8442;2021;930;2021
4624;2021;3356;2021
7202;2021;3231;2021
8973;2021;729;2021
7583;2021;260;2021
7156;2021;651;2021
8380;2021;3659;2021
8314;2021;841;2021
6697;2021;470;2021
1572;2021;856;2021
8371;2021;3853;2021
0464;2021;593;2021
3433;2021;5711;2021
2462;2021;402;2021
6119;2021;1525;2021
3907;2021;1283;2021
1704;2021;765;2021
4031;2021;382;2021
0607;2021;1446;2021
0662;2021;494;2021
2067;2021;763;2021
6868;2021;481;2021
4580;2021;8097;2021
8494;2021;859;2021
7393;2021;10687;2021
0695;2021;1818;2021
5852;2021;2429;2021
6433;2021;526;2021
9592;2021;470;2021
3859;2021;111;2021
5859;2021;2348;2021
8547;2021;1758;2021
2256;2021;830;2021
8937;2021;763;2021
9465;2021;1293;2021
3751;2021;2648;2021
4091;2021;60711;2021
4653;2021;4134;2021
6110;2021;3051;2021
0310;2021;2834;2021
0898;2021;5513;2021
1278;2021;9935;2021
3942;2021;605;2021
5855;2021;4106;2021
8780;2021;2892;2021
8804;2021;2272;2021
2683;2021;4350;2021
7024;2021;21330;2021
7714;2021;2416;2021
1003;2021;691;2021
5952;2021;497;2021
3216;2021;1168;2021
5900;2021;5006;2021
0768;2021;122159;2021
5059;2021;1256;2021
5827;2021;141;2021
3396;2021;6935;2021
4486;2021;812;2021
0106;2021;14501;2021
8172;2021;13329;2021
2445;2021;2814;2021
2377;2021;2361;2021
5067;2021;904;2021
1298;2021;2239;2021
1853;2021;1466;2021
8063;2021;2856;2021
7366;2021;4237;2021
6814;2021;2124;2021
4479;2021;4264;2021
4298;2021;2236;2021
3308;2021;1838;2021
4089;2021;1623;2021
6439;2021;2376;2021
4386;2021;3659;2021
6931;2021;1443;2021
8772;2021;606;2021
4588;2021;1309;2021
3113;2021;691;2021
0727;2021;1538;2021
9873;2021;2055;2021
3266;2021;5333;2021
1263;2021;4992;2021
5753;2021;1237;2021
8809;2021;2259;2021
9218;2021;1026;2021
8084;2021;772;2021
6535;2021;3861;2021
8975;2021;3480;2021
1021;2021;560;2021
3276;2021;499;2021
2819;2021;2610;2021
4345;2021;2419;2021
6754;2021;1994;2021
3271;2021;1205;2021
4979;2021;2149;2021
5840;2021;8368;2021
4099;2021;576;2021
7345;2021;559;2021
2662;2021;3692;2021
4343;2021;703;2021
5442;2021;1304;2021
5299;2021;2384;2021
0588;2021;2497;2021
1612;2021;1335;2021
9928;2021;2004;2021
2988;2021;2232;2021
3988;2021;3054;2021
2570;2021;5091;2021
1145;2021;470;2021
3857;2021;1279;2021
1496;2021;508;2021
1061;2021;1529;2021
9268;2021;2116;2021
7146;2021;1266;2021
7635;2021;9444;2021
8294;2021;2426;2021
8038;2021;1624;2021
7315;2021;286;2021
0589;2021;34183;2021
7372;2021;6657;2021
2372;2021;1202;2021
8209;2021;774;2021
9997;2021;373;2021
1842;2021;697;2021
6735;2021;873;2021
4318;2021;2723;2021
5958;2021;3971;2021
9767;2021;6833;2021
1765;2021;1905;2021
8335;2021;1049;2021
4462;2021;2177;2021
6759;2021;219;2021
8137;2021;727;2021
0707;2021;2199;2021
8471;2021;1536;2021
7448;2021;1763;2021
0651;2021;3020;2021
7148;2021;1564;2021
9347;2021;2018;2021
5657;2021;1609;2021
6394;2021;11245;2021
0512;2021;1529;2021
6728;2021;964;2021
6756;2021;3855;2021
8005;2021;610;2021
3157;2021;444;2021
0143;2021;1812;2021
2608;2021;2720;2021
3651;2021;11024;2021
9805;2021;1071;2021
4172;2021;1369;2021
6350;2021;1125;2021
3230;2021;473;2021
3508;2021;3011;2021
5612;2021;1927;2021
7001;2021;307;2021
1730;2021;26159;2021
8236;2021;149092;2021
5348;2021;23235;2021
7153;2021;8336;2021
3685;2021;7909;2021
0695;2021;7106;2021
5263;2021;68853;2021
9203;2021;5057;2021
7060;2021;28648;2021
2630;2021;20800;2021
2950;2021;6882;2021
9254;2021;17323;2021
7061;2021;8671;2021
8846;2021;2165;2021
9312;2021;12910;2021
0543;2021;9424;2021
4300;2021;19118;2021
9502;2021;246;2021
3112;2021;1274;2021
2794;2021;8866;2021
3374;2021;15660;2021
4106;2021;226;2021
1198;2021;9268;2021
3583;2021;2492;2021
7936;2021;6254;2021
4657;2021;8240;2021
4811;2021;831;2021
5962;2021;1501;2021
4463;2021;5100;2021
8491;2021;343;2021
9013;2021;883;2021
3079;2021;372;2021
3377;2021;17886;2021
0179;2021;2726;2021
4172;2021;373;2021
2629;2021;1480;2021
7653;2021;11739;2021
4017;2021;12762;2021
9871;2021;559;2021
4596;2021;11555;2021
5906;2021;1504;2021
8804;2021;4267;2021
5330;2021;2680;2021
5945;2021;7760;2021
9508;2021;1498;2021
6883;2021;3123;2021
5339;2021;14985;2021
2130;2021;51617;2021
9612;2021;8350;2021
2091;2021;3410;2021
9257;2021;5860;2021
7407;2021;19877;2021
1525;2021;4531;2021
9790;2021;1453;2021
7577;2021;4191;2021
8716;2021;15097;2021
7045;2021;2170;2021
6726;2021;6301;2021
8756;2021;11826;2021
1432;2021;271;2021
5471;2021;339;2021
3791;2021;1783;2021
7144;2021;720;2021
6768;2021;1292;2021
5352;2021;8346;2021
5858;2021;1669;2021
6750;2021;3917;2021
5139;2021;377;2021
8489;2021;4703;2021
8009;2021;649;2021
3167;2021;646;2021
6380;2021;725;2021
5447;2021;815;2021
5626;2021;1273;2021
4292;2021;1042;2021
8083;2021;322;2021
7064;2021;1565;2021
3894;2021;139;2021
9784;2021;461;2021
1987;2021;100;2021
7896;2021;1155;2021
8538;2021;206;2021
4723;2021;890;2021
2496;2021;1271;2021
4295;2021;175;2021
8761;2021;586;2021
5615;2021;633;2021
1728;2021;1791;2021
8862;2021;2889;2021
1501;2021;20748;2021
3727;2021;637;2021
7115;2021;1030;2021
3511;2021;1655;2021
1461;2021;957;2021
4490;2021;2303;2021
0188;2021;503;2021
2123;2021;2037;2021
9625;2021;1517;2021
7337;2021;810;2021
8320;2021;233;2021
5840;2021;449;2021
4436;2021;635;2021
4825;2021;315;2021
7363;2021;584;2021
6596;2021;2174;2021
2126;2021;998;2021
6624;2021;857;2021
6049;2021;492;2021
3408;2021;1074;2021
9456;2021;439;2021
9289;2021;1411;2021
1965;2021;664;2021
5896;2021;325;2021
0760;2021;270;2021
9353;2021;591;2021
3179;2021;663;2021
3823;2021;2140;2021
7034;2021;634;2021
3861;2021;11006;2021
8467;2021;2594;2021
2049;2021;398;2021
8828;2021;246;2021
4525;2021;1293;2021
3603;2021;358;2021
8353;2021;3777;2021
5296;2021;780;2021
3626;2021;348;2021
3435;2021;311;2021
5741;2021;76;2021
0967;2021;1211;2021
5115;2021;568;2021
2197;2021;647;2021
7239;2021;128;2021
4118;2021;1519;2021
5887;2021;154;2021
0266;2021;1172;2021
4022;2021;8809;2021
6696;2021;2487;2021
4817;2021;850;2021
4598;2021;4241;2021
8205;2021;436;2021
4583;2021;712;2021
6423;2021;809;2021
2348;2021;4643;2021
6805;2021;1012;2021
6689;2021;1433;2021
0637;2021;412;2021
9856;2021;3959;2021
1966;2021;661;2021
5455;2021;1692;2021
0138;2021;622;2021
1808;2021;1141;2021
5716;2021;441;2021
9654;2021;1692;2021
8763;2021;320;2021
4698;2021;1144;2021
7060;2021;30653;2021
3276;2021;1475;2021
8159;2021;276;2021
8471;2021;2096;2021
3156;2021;215;2021
1088;2021;2060;2021
4582;2021;621;2021
2826;2021;2796;2021
3573;2021;2526;2021
2878;2021;4646;2021
0563;2021;333;2021
7954;2021;2229;2021
4951;2021;2434;2021
4943;2021;1417;2021
4525;2021;1995;2021
7978;2021;1682;2021
0629;2021;424;2021
6305;2021;155;2021
1728;2021;884;2021
3564;2021;773;2021
3786;2021;284;2021
8198;2021;2146;2021
7507;2021;485;2021
0046;2021;223;2021
8588;2021;2291;2021
3403;2021;349;2021
0942;2021;141;2021
9697;2021;9792;2021
7998;2021;937;2021
4949;2021;1051;2021
8464;2021;475;2021
2389;2021;2697;2021
0595;2021;727;2021
6096;2021;293;2021
6996;2021;1490;2021
6512;2021;288;2021
8091;2021;1131;2021
5608;2021;1017;2021
9312;2021;344;2021
1806;2021;311;2021
2425;2021;120;2021
5458;2021;7539;2021
8743;2021;426;2021
7511;2021;1685;2021
0740;2021;604;2021
4744;2021;155;2021
1596;2021;440;2021
7227;2021;195;2021
4625;2021;994;2021
8487;2021;239;2021
7830;2021;314;2021
8870;2021;3043;2021
3752;2021;1146;2021
6885;2021;42783;2021
8452;2021;905;2021
3450;2021;861;2021
4543;2021;1975;2021
5574;2021;147;2021
2001;2021;311;2021
8025;2021;1120;2021
1210;2021;7271;2021
5954;2021;196;2021
8609;2021;397;2021
9024;2021;796;2021
6252;2021;3546;2021
9873;2021;2810;2021
7819;2021;1651;2021
7337;2021;14015;2021
6006;2021;1390;2021
6494;2021;463;2021
0686;2021;710;2021
7415;2021;528;2021
5050;2021;3741;2021
2560;2021;104;2021
1389;2021;1466;2021
5558;2021;366;2021
6095;2021;569;2021
0730;2021;1916;2021
3092;2021;495;2021
6678;2021;548;2021
5026;2021;3667;2021
3910;2021;1332;2021
0973;2021;578;2021
5683;2021;939;2021
0645;2021;3753;2021
1504;2021;2638;2021
2973;2021;1470;2021
5912;2021;478;2021
7505;2021;174;2021
2170;2021;2033;2021
0519;2021;3740;2021
3050;2021;1133;2021
2497;2021;2290;2021
1846;2021;2008;2021
8492;2021;1432;2021
6510;2021;861;2021
0230;2021;104;2021
6114;2021;1540;2021
0298;2021;571;2021
5155;2021;1868;2021
2158;2021;2570;2021
7379;2021;1299;2021
0676;2021;740;2021
7187;2021;967;2021
2354;2021;937;2021
9799;2021;260;2021
3144;2021;2383;2021
7708;2021;205;2021
6769;2021;2396;2021
6654;2021;206;2021
2574;2021;881;2021
4058;2021;454;2021
5998;2021;1177;2021
3977;2021;7596;2021
6991;2021;316;2021
8734;2021;182;2021
2602;2021;1353;2021
9495;2021;392;2021
4739;2021;1117;2021
6136;2021;983;2021
7753;2021;2634;2021
2052;2021;521;2021
4159;2021;2031;2021
1378;2021;10235;2021
5965;2021;3202;2021
2860;2021;2832;2021
9795;2021;2285;2021
9990;2021;4150;2021
5630;2021;2406;2021
6195;2021;4993;2021
3496;2021;1260;2021
0271;2021;3415;2021
8240;2021;3312;2021
9537;2021;4459;2021
1213;2021;2866;2021
5889;2021;5333;2021
1002;2021;13507;2021
7853;2021;1382;2021
7127;2021;837;2021
6588;2021;13183;2021
5476;2021;4370;2021
7243;2021;529;2021
5941;2021;2602;2021
7537;2021;3808;2021
6953;2021;2384;2021
2768;2021;3713;2021
0640;2021;7994;2021
3179;2021;1773;2021
7688;2021;1147;2021
5861;2021;4758;2021
8068;2021;269;2021
8932;2021;1679;2021
1833;2021;1671;2021
6954;2021;2586;2021
2583;2021;2518;2021
6556;2021;321;2021
4193;2021;1207;2021
1717;2021;686;2021
0526;2021;762;2021
6478;2021;8458;2021
4701;2021;2533;2021
4578;2021;2666;2021
1445;2021;2480;2021
0331;2021;1919;2021
2832;2021;46831;2021
2384;2021;2167;2021
9135;2021;5026;2021
8564;2021;4296;2021
3310;2021;10014;2021
5859;2021;375;2021
0564;2021;14661;2021
4914;2021;8767;2021
4294;2021;473;2021
1235;2021;3534;2021
0584;2021;1868;2021
7993;2021;2677;2021
6539;2021;4153;2021
6172;2021;31;2021
5035;2021;3600;2021
9487;2021;9043;2021
0908;2021;6346;2021
0003;2021;6938;2021
6963;2021;1199;2021
4888;2021;4742;2021
5631;2021;3846;2021
1968;2021;328;2021
9972;2021;136;2021
7839;2021;1933;2021
6837;2021;864;2021
0927;2021;2149;2021
6354;2021;2178;2021
4254;2021;2246;2021
7004;2021;6262;2021
8920;2021;3058;2021
8344;2021;2130;2021
2060;2021;2305;2021
2846;2021;2777;2021
1084;2021;141;2021
6338;2021;1765;2021
7516;2021;539;2021
2463;2021;3405;2021
4959;2021;11161;2021
5679;2021;725;2021
1064;2021;2734;2021
5971;2021;2093;2021
4652;2021;5508;2021
7847;2021;4670;2021
9218;2021;508;2021
1986;2021;275;2021
8317;2021;1071;2021
1347;2021;1731;2021
6411;2021;4288;2021
5034;2021;2435;2021
0835;2021;2692;2021
7504;2021;2959;2021
7138;2021;3208;2021
6088;2021;15399;2021
0042;2021;1497;2021
6783;2021;3038;2021
3232;2021;1542;2021
9782;2021;4495;2021
0384;2021;2952;2021
0980;2021;2098;2021
0688;2021;2184;2021
8697;2021;15490;2021
8023;2021;2259;2021
7000;2021;2834;2021
9387;2021;1139;2021
5317;2021;207;2021
6788;2021;1529;2021
0319;2021;2192;2021
3971;2021;2239;2021
0109;2021;1310;2021
9211;2021;2578;2021
4374;2021;2634;2021
3712;2021;2423;2021
4211;2021;44716;2021
4167;2021;7485;2021
7451;2021;63;2021
2473;2021;1385;2021
8333;2021;3017;2021
2142;2021;1769;2021
4767;2021;4379;2021
3856;2021;445;2021
7302;2021;1726;2021
6043;2021;2234;2021
5790;2021;5834;2021
7831;2021;2004;2021
4968;2021;1953;2021
5250;2021;1415;2021
2652;2021;1757;2021
3750;2021;2602;2021
9656;2021;1851;2021
1109;2021;3710;2021
5620;2021;3347;2021
0412;2021;13346;2021
5296;2021;1849;2021
7459;2021;1945;2021
0155;2021;1764;2021
8222;2021;3839;2021
8206;2021;3387;2021
0686;2021;5897;2021
2568;2021;931;2021
3773;2021;1500;2021
0146;2021;1730;2021
4986;2021;1850;2021
8825;2021;7418;2021
8696;2021;1481;2021
2355;2021;19495;2021
2313;2021;16569;2021
7666;2021;10441;2021
8499;2021;1121;2021
3449;2021;13913;2021
8402;2021;1319;2021
3217;2021;2237;2021
9373;2021;991;2021
4400;2021;7139;2021
5207;2021;34603;2021
8217;2021;149169;2021
2645;2021;3048;2021
6959;2021;5671;2021
3734;2021;9451;2021
0584;2021;22184;2021
3020;2021;10045;2021
6771;2021;370;2021
2754;2021;785;2021
8382;2021;6962;2021
8034;2021;2629;2021
1360;2021;2818;2021
7409;2021;1998;2021
5887;2021;1067;2021
7351;2021;5161;2021
3481;2021;6782;2021
8116;2021;1035;2021
0784;2021;1366;2021
6225;2021;3092;2021
4289;2021;14753;2021
6959;2021;19100;2021
9936;2021;9956;2021
6019;2021;195213;2021
0367;2021;9943;2021
3767;2021;6066;2021
3108;2021;1973;2021
3762;2021;1553;2021
7253;2021;524;2021
6721;2021;2377;2021
0631;2021;900;2021
9654;2021;1035;2021
0205;2021;2534;2021
7534;2021;14002;2021
2011;2021;5261;2021
8574;2021;59359;2021
3814;2021;2781;2021
6986;2021;9478;2021
6561;2021;17281;2021
6570;2021;3274;2021
7897;2021;5908;2021
4827;2021;1019;2021
3482;2021;8714;2021
8878;2021;3167;2021
9244;2021;5343;2021
9108;2021;1952;2021
8518;2021;721;2021
3116;2021;1929;2021
9214;2021;1045;2021
2595;2021;2889;2021
5786;2021;6163;2021
3549;2021;755;2021
6322;2021;1616;2021
2495;2021;1891;2021
3219;2021;1253;2021
9060;2021;3781;2021
6895;2021;668;2021
1225;2021;980;2021
9692;2021;2999;2021
4627;2021;1113;2021
4721;2021;1828;2021
5935;2021;2062;2021
0032;2021;2003;2021
5039;2021;4948;2021
8392;2021;1771;2021
8975;2021;1337;2021
6320;2021;1807;2021
7009;2021;1578;2021
2255;2021;1936;2021
8113;2021;4502;2021
6697;2021;1671;2021
1520;2021;3267;2021
9325;2021;2056;2021
6265;2021;6415;2021
4087;2021;650;2021
3652;2021;1548;2021
3028;2021;1115;2021
1617;2021;5835;2021
9290;2021;1261;2021
7586;2021;8878;2021
7002;2021;1000;2021
5057;2021;840;2021
5117;2021;4959;2021
8427;2021;4354;2021
3368;2021;3942;2021
7892;2021;2089;2021
5346;2021;2521;2021
3959;2021;1244;2021
6586;2021;2872;2021
5729;2021;6355;2021
8330;2021;923;2021
5926;2021;1098;2021
4369;2021;2306;2021
6458;2021;799;2021
4238;2021;1345;2021
1799;2021;2345;2021
6323;2021;5911;2021
6403;2021;719;2021
2029;2021;964;2021
5301;2021;31480;2021
3751;2021;673;2021
7157;2021;1784;2021
4549;2021;1882;2021
1815;2021;400;2021
6568;2021;381;2021
5995;2021;1941;2021
6124;2021;241;2021
1563;2021;103;2021
2736;2021;869;2021
4660;2021;476;2021
1004;2021;4742;2021
5046;2021;758;2021
1292;2021;498;2021
5514;2021;1437;2021
9947;2021;191;2021
2235;2021;774;2021
0675;2021;567;2021
9645;2021;1568;2021
4202;2021;910;2021
5341;2021;5000;2021
2566;2021;171;2021
5227;2021;3385;2021
1858;2021;301;2021
6548;2021;597;2021
2572;2021;668;2021
2171;2021;758;2021
7743;2021;4510;2021
6747;2021;1419;2021
8912;2021;17684;2021
6083;2021;1050;2021
6476;2021;442;2021
8972;2021;181;2021
6209;2021;2294;2021
5781;2021;1055;2021
2126;2021;7671;2021
2846;2021;190;2021
9219;2021;100;2021
1532;2021;217;2021
5683;2021;526;2021
4115;2021;371;2021
1763;2021;1360;2021
3539;2021;1476;2021
0549;2021;117;2021
9952;2021;2156;2021
1749;2021;368;2021
1491;2021;1273;2021
1708;2021;380;2021
8004;2021;844;2021
4390;2021;854;2021
3724;2021;14503;2021
9196;2021;3354;2021
3658;2021;1102;2021
5655;2021;1465;2021
6722;2021;2453;2021
9133;2021;764;2021
9026;2021;544;2021
1629;2021;1838;2021
3948;2021;252;2021
3736;2021;365;2021
1530;2021;698;2021
6751;2021;1256;2021
7051;2021;1290;2021
3594;2021;4627;2021
7687;2021;727;2021
9006;2021;409;2021
6010;2021;182;2021
7352;2021;1632;2021
8886;2021;1163;2021
7343;2021;390;2021
7666;2021;1940;2021
4932;2021;29856;2021
3805;2021;1195;2021
7333;2021;6233;2021
3834;2021;273;2021
6245;2021;1707;2021
0832;2021;292;2021
1742;2021;465;2021
2176;2021;15505;2021
4677;2021;2071;2021
8631;2021;6574;2021
2455;2021;17828;2021
7560;2021;6873;2021
5372;2021;7370;2021
9345;2021;11385;2021
7574;2021;15442;2021
8949;2021;12217;2021
9447;2021;16756;2021
6127;2021;6091;2021
4119;2021;34870;2021
4318;2021;4206;2021
6337;2021;2156;2021
9166;2021;17788;2021
4703;2021;7594;2021
3928;2021;7400;2021
0781;2021;6645;2021
4892;2021;39042;2021
9549;2021;8459;2021
5081;2021;15763;2021
5060;2021;3114;2021
7673;2021;41668;2021
2807;2021;26015;2021
3139;2021;7699;2021
1171;2021;8419;2021
2859;2021;34809;2021
2957;2021;46191;2021
1828;2021;7449;2021
3083;2021;23350;2021
3184;2021;4470;2021
1093;2021;5664;2021
0874;2021;121984;2021
4761;2021;23513;2021
8455;2021;23070;2021
8753;2021;5255;2021
8877;2021;3991;2021
9685;2021;3581;2021
0462;2021;44825;2021
4021;2021;23804;2021
2628;2021;8314;2021
2016;2021;4417;2021
3379;2021;8668;2021
7507;2021;10483;2021
8480;2021;13619;2021
9794;2021;7504;2021
5553;2021;4216;2021
5185;2021;9171;2021
8648;2021;14068;2021
7175;2021;25783;2021
8186;2021;6764;2021
0384;2021;5123;2021
8153;2021;10784;2021
9779;2021;15802;2021
1222;2021;4785;2021
0288;2021;3507;2021
4940;2021;3303;2021
5319;2021;586;2021
2310;2021;1910;2021
6124;2021;3142;2021
6982;2021;35923;2021
2041;2021;936;2021
2618;2021;3214;2021
9249;2021;1159;2021
9294;2021;1432;2021
7793;2021;878;2021
7625;2021;621;2021
3534;2021;1584;2021
9920;2021;375;2021
6156;2021;1077;2021
5337;2021;738;2021
4458;2021;6407;2021
4182;2021;12497;2021
2142;2021;357;2021
6262;2021;713;2021
9216;2021;324;2021
2352;2021;2041;2021
4509;2021;2293;2021
7181;2021;7887;2021
1669;2021;400;2021
9490;2021;683;2021
3789;2021;878;2021
3504;2021;524;2021
0749;2021;745;2021
8664;2021;2811;2021
0023;2021;2156;2021
2637;2021;1641;2021
8509;2021;15699;2021
1489;2021;25757;2021
6456;2021;1927;2021
1790;2021;1227;2021
5171;2021;16543;2021
4918;2021;2179;2021
2924;2021;336;2021
9329;2021;1884;2021
8825;2021;97588;2021
4477;2021;92798;2021
2714;2021;53738;2021
9318;2021;28187;2021
8948;2021;11262;2021
4059;2021;8298;2021
2303;2021;13713;2021
0045;2021;6027;2021
5067;2021;55035;2021
7656;2021;13970;2021
4373;2021;5843;2021
7539;2021;428;2021
6243;2021;731;2021
2269;2021;1095;2021
4781;2021;1176;2021
3569;2021;1053;2021
8513;2021;2666;2021
1503;2021;2802;2021
5410;2021;26565;2021
1587;2021;5983;2021
9298;2021;1661;2021
8265;2021;781;2021
7744;2021;4205;2021
3039;2021;9496;2021
2736;2021;1628;2021
5918;2021;5922;2021
3083;2021;1976;2021
0354;2021;2092;2021
7599;2021;543;2021
7430;2021;565;2021
2007;2021;2681;2021
1109;2021;1525;2021
8706;2021;771;2021
5157;2021;314;2021
1776;2021;1137;2021
6224;2021;771;2021
8284;2021;1164;2021
4368;2021;1919;2021
5982;2021;455;2021
0535;2021;4697;2021
1874;2021;6243;2021
8013;2021;919;2021
5101;2021;2509;2021
6685;2021;11134;2021
2296;2021;25382;2021
8364;2021;2503;2021
0430;2021;215;2021
5859;2021;1649;2021
0144;2021;2028;2021
6861;2021;1227;2021
7866;2021;4469;2021
6580;2021;5171;2021
2740;2021;1512;2021
8743;2021;3105;2021
8108;2021;842;2021
7616;2021;1178;2021
1794;2021;2339;2021
6720;2021;2034;2021
5921;2021;1455;2021
5934;2021;2017;2021
6260;2021;883;2021
4253;2021;2540;2021
1390;2021;564;2021
4952;2021;1326;2021
9677;2021;1131;2021
8945;2021;816;2021
6224;2021;4869;2021
6102;2021;873;2021
0391;2021;4836;2021
1592;2021;1558;2021
8218;2021;1150;2021
3963;2021;8160;2021
4258;2021;5689;2021
3169;2021;718;2021
2204;2021;8398;2021
6384;2021;3488;2021
2288;2021;8170;2021
4834;2021;3194;2021
1631;2021;1717;2021
6996;2021;2663;2021
0162;2021;10756;2021
2268;2021;3842;2021
6919;2021;1112;2021
3934;2021;1306;2021
2888;2021;4762;2021
7278;2021;2665;2021
8411;2021;8640;2021
7817;2021;4581;2021
1827;2021;629;2021
8041;2021;133;2021
2050;2021;1178;2021
7880;2021;795;2021
0196;2021;595;2021
8446;2021;3614;2021
3586;2021;1064;2021
3870;2021;1848;2021
7943;2021;1854;2021
1982;2021;1082;2021
6205;2021;3300;2021
0025;2021;1020;2021
5701;2021;948;2021
6021;2021;391;2021
8212;2021;4023;2021
7613;2021;492;2021
7511;2021;1810;2021
4761;2021;13317;2021
5295;2021;2472;2021
3873;2021;3440;2021
4495;2021;1019;2021
9327;2021;622;2021
4872;2021;1201;2021
4281;2021;1010;2021
3947;2021;4509;2021
3596;2021;989;2021
1781;2021;3705;2021
8137;2021;6599;2021
1943;2021;2536;2021
